设备状态统计_历史状态明细,Unnamed: 1,Unnamed: 2,Unnamed: 3,Unnamed: 4,Unnamed: 5,Unnamed: 6,Unnamed: 7,Unnamed: 8,Unnamed: 9
  电场:[三峡阳江海路海风场];  设备类型:风机;  设备:[#12];  查询方式:详情;  开始时间:2025-01-01;  结束时间:2025-12-01,,,,,,,,,
序号,馈线名称,设备名称,型号名称,状态,状态码,开始时间,结束时间,持续时间(s),时长描述(h)
1,L06,#12,GW252/13600,(5)发电状态,5,2025-12-01 16:13:35,--,27984,7.77
2,L06,#12,GW252/13600,(4)启机状态,4,2025-12-01 16:12:40,2025-12-01 16:13:35,55,0.02
3,L06,#12,GW252/13600,(3)待机状态,3,2025-12-01 16:12:00,2025-12-01 16:12:40,40,0.01
4,L06,#12,GW252/13600,(2)停机状态,2,2025-12-01 15:35:19,2025-12-01 16:12:00,2201,0.61
5,L06,#12,GW252/13600,(1)停机过程,1,2025-12-01 15:34:25,2025-12-01 15:35:19,54,0.02
6,L06,#12,GW252/13600,(5)发电状态,5,2025-11-28 12:58:03,2025-12-01 15:34:25,268582,74.61
7,L06,#12,GW252/13600,(4)启机状态,4,2025-11-28 12:57:20,2025-11-28 12:58:03,43,0.01
8,L06,#12,GW252/13600,(3)待机状态,3,2025-11-28 12:56:49,2025-11-28 12:57:20,31,0.01
9,L06,#12,GW252/13600,(2)停机状态,2,2025-11-28 12:25:11,2025-11-28 12:56:49,1898,0.53
10,L06,#12,GW252/13600,(1)停机过程,1,2025-11-28 12:24:18,2025-11-28 12:25:11,53,0.01
11,L06,#12,GW252/13600,(5)发电状态,5,2025-11-26 14:16:37,2025-11-28 12:24:18,166061,46.13
12,L06,#12,GW252/13600,(4)启机状态,4,2025-11-26 14:15:47,2025-11-26 14:16:37,50,0.01
13,L06,#12,GW252/13600,(3)待机状态,3,2025-11-26 14:15:07,2025-11-26 14:15:47,40,0.01
14,L06,#12,GW252/13600,(2)停机状态,2,2025-11-26 14:05:26,2025-11-26 14:15:07,581,0.16
15,L06,#12,GW252/13600,(1)停机过程,1,2025-11-26 14:04:28,2025-11-26 14:05:26,58,0.02
16,L06,#12,GW252/13600,(5)发电状态,5,2025-11-26 13:35:06,2025-11-26 14:04:28,1762,0.49
17,L06,#12,GW252/13600,(4)启机状态,4,2025-11-26 13:34:20,2025-11-26 13:35:06,46,0.01
18,L06,#12,GW252/13600,(3)待机状态,3,2025-11-26 13:33:40,2025-11-26 13:34:20,40,0.01
19,L06,#12,GW252/13600,(2)停机状态,2,2025-11-26 13:25:39,2025-11-26 13:33:40,481,0.13
20,L06,#12,GW252/13600,(1)停机过程,1,2025-11-26 13:24:36,2025-11-26 13:25:39,63,0.02
21,L06,#12,GW252/13600,(5)发电状态,5,2025-11-26 12:50:11,2025-11-26 13:24:36,2065,0.57
22,L06,#12,GW252/13600,(4)启机状态,4,2025-11-26 12:49:26,2025-11-26 12:50:11,45,0.01
23,L06,#12,GW252/13600,(3)待机状态,3,2025-11-26 12:48:46,2025-11-26 12:49:26,40,0.01
24,L06,#12,GW252/13600,(2)停机状态,2,2025-11-26 11:39:59,2025-11-26 12:48:46,4127,1.15
25,L06,#12,GW252/13600,(1)停机过程,1,2025-11-26 11:39:04,2025-11-26 11:39:59,55,0.02
26,L06,#12,GW252/13600,(5)发电状态,5,2025-11-25 17:14:34,2025-11-26 11:39:04,66270,18.41
27,L06,#12,GW252/13600,(4)启机状态,4,2025-11-25 17:13:47,2025-11-25 17:14:34,47,0.01
28,L06,#12,GW252/13600,(3)待机状态,3,2025-11-25 17:13:10,2025-11-25 17:13:47,37,0.01
29,L06,#12,GW252/13600,(2)停机状态,2,2025-11-25 17:04:03,2025-11-25 17:13:10,547,0.15
30,L06,#12,GW252/13600,(1)停机过程,1,2025-11-25 17:03:00,2025-11-25 17:04:03,63,0.02
31,L06,#12,GW252/13600,(5)发电状态,5,2025-11-25 06:59:29,2025-11-25 17:03:00,36211,10.06
32,L06,#12,GW252/13600,(4)启机状态,4,2025-11-25 06:58:59,2025-11-25 06:59:29,30,0.01
33,L06,#12,GW252/13600,(3)待机状态,3,2025-11-25 06:58:25,2025-11-25 06:58:59,34,0.01
34,L06,#12,GW252/13600,(2)停机状态,2,2025-11-25 06:04:40,2025-11-25 06:58:25,3225,0.9
35,L06,#12,GW252/13600,(1)停机过程,1,2025-11-25 06:03:47,2025-11-25 06:04:40,53,0.01
36,L06,#12,GW252/13600,(5)发电状态,5,2025-11-25 00:01:35,2025-11-25 06:03:47,21732,6.04
37,L06,#12,GW252/13600,(4)启机状态,4,2025-11-25 00:00:20,2025-11-25 00:01:35,75,0.02
38,L06,#12,GW252/13600,(3)待机状态,3,2025-11-24 23:59:33,2025-11-25 00:00:20,47,0.01
39,L06,#12,GW252/13600,(2)停机状态,2,2025-11-24 23:49:54,2025-11-24 23:59:33,579,0.16
40,L06,#12,GW252/13600,(1)停机过程,1,2025-11-24 23:48:50,2025-11-24 23:49:54,64,0.02
41,L06,#12,GW252/13600,(5)发电状态,5,2025-11-24 14:15:33,2025-11-24 23:48:50,34397,9.55
42,L06,#12,GW252/13600,(4)启机状态,4,2025-11-24 14:14:15,2025-11-24 14:15:33,78,0.02
43,L06,#12,GW252/13600,(3)待机状态,3,2025-11-24 14:13:23,2025-11-24 14:14:15,52,0.01
44,L06,#12,GW252/13600,(2)停机状态,2,2025-11-24 13:58:04,2025-11-24 14:13:23,919,0.26
45,L06,#12,GW252/13600,(1)停机过程,1,2025-11-24 13:56:52,2025-11-24 13:58:04,72,0.02
46,L06,#12,GW252/13600,(5)发电状态,5,2025-11-24 13:39:17,2025-11-24 13:56:52,1055,0.29
47,L06,#12,GW252/13600,(4)启机状态,4,2025-11-24 13:38:00,2025-11-24 13:39:17,77,0.02
48,L06,#12,GW252/13600,(3)待机状态,3,2025-11-24 13:36:53,2025-11-24 13:38:00,67,0.02
49,L06,#12,GW252/13600,(2)停机状态,2,2025-11-24 13:23:27,2025-11-24 13:36:53,806,0.22
50,L06,#12,GW252/13600,(1)停机过程,1,2025-11-24 13:22:29,2025-11-24 13:23:27,58,0.02
51,L06,#12,GW252/13600,(5)发电状态,5,2025-11-24 13:19:10,2025-11-24 13:22:29,199,0.06
52,L06,#12,GW252/13600,(4)启机状态,4,2025-11-24 13:18:05,2025-11-24 13:19:10,65,0.02
53,L06,#12,GW252/13600,(3)待机状态,3,2025-11-24 13:17:21,2025-11-24 13:18:05,44,0.01
54,L06,#12,GW252/13600,(2)停机状态,2,2025-11-24 12:37:36,2025-11-24 13:17:21,2385,0.66
55,L06,#12,GW252/13600,(1)停机过程,1,2025-11-24 12:36:37,2025-11-24 12:37:36,59,0.02
56,L06,#12,GW252/13600,(5)发电状态,5,2025-11-24 12:28:36,2025-11-24 12:36:37,481,0.13
57,L06,#12,GW252/13600,(4)启机状态,4,2025-11-24 12:27:34,2025-11-24 12:28:36,62,0.02
58,L06,#12,GW252/13600,(3)待机状态,3,2025-11-24 12:26:50,2025-11-24 12:27:34,44,0.01
59,L06,#12,GW252/13600,(2)停机状态,2,2025-11-24 12:22:19,2025-11-24 12:26:50,271,0.08
60,L06,#12,GW252/13600,(1)停机过程,1,2025-11-24 12:21:16,2025-11-24 12:22:19,63,0.02
61,L06,#12,GW252/13600,(5)发电状态,5,2025-11-23 22:16:25,2025-11-24 12:21:16,50691,14.08
62,L06,#12,GW252/13600,(4)启机状态,4,2025-11-23 22:13:46,2025-11-23 22:16:25,159,0.04
63,L06,#12,GW252/13600,(3)待机状态,3,2025-11-23 20:13:15,2025-11-23 22:13:46,7231,2.01
64,L06,#12,GW252/13600,(2)停机状态,2,2025-11-23 19:36:34,2025-11-23 20:13:15,2201,0.61
65,L06,#12,GW252/13600,(1)停机过程,1,2025-11-23 19:35:38,2025-11-23 19:36:34,56,0.02
66,L06,#12,GW252/13600,(5)发电状态,5,2025-11-23 13:03:28,2025-11-23 19:35:38,23530,6.54
67,L06,#12,GW252/13600,(4)启机状态,4,2025-11-23 13:02:35,2025-11-23 13:03:28,53,0.01
68,L06,#12,GW252/13600,(3)待机状态,3,2025-11-23 13:01:53,2025-11-23 13:02:35,42,0.01
69,L06,#12,GW252/13600,(2)停机状态,2,2025-11-23 12:58:07,2025-11-23 13:01:53,226,0.06
70,L06,#12,GW252/13600,(1)停机过程,1,2025-11-23 12:57:08,2025-11-23 12:58:07,59,0.02
71,L06,#12,GW252/13600,(5)发电状态,5,2025-11-23 12:53:39,2025-11-23 12:57:08,209,0.06
72,L06,#12,GW252/13600,(4)启机状态,4,2025-11-23 12:52:41,2025-11-23 12:53:39,58,0.02
73,L06,#12,GW252/13600,(3)待机状态,3,2025-11-23 12:52:00,2025-11-23 12:52:41,41,0.01
74,L06,#12,GW252/13600,(2)停机状态,2,2025-11-23 12:48:30,2025-11-23 12:52:00,210,0.06
75,L06,#12,GW252/13600,(1)停机过程,1,2025-11-23 12:47:27,2025-11-23 12:48:30,63,0.02
76,L06,#12,GW252/13600,(5)发电状态,5,2025-11-23 11:38:31,2025-11-23 12:47:27,4136,1.15
77,L06,#12,GW252/13600,(4)启机状态,4,2025-11-23 11:37:39,2025-11-23 11:38:31,52,0.01
78,L06,#12,GW252/13600,(3)待机状态,3,2025-11-23 11:37:01,2025-11-23 11:37:39,38,0.01
79,L06,#12,GW252/13600,(2)停机状态,2,2025-11-23 11:37:00,2025-11-23 11:37:01,1,0
80,L06,#12,GW252/13600,(1)停机过程,1,2025-11-23 11:36:03,2025-11-23 11:37:00,57,0.02
81,L06,#12,GW252/13600,(5)发电状态,5,2025-11-22 13:22:57,2025-11-23 11:36:03,79986,22.22
82,L06,#12,GW252/13600,(4)启机状态,4,2025-11-22 13:22:15,2025-11-22 13:22:57,42,0.01
83,L06,#12,GW252/13600,(3)待机状态,3,2025-11-22 13:21:41,2025-11-22 13:22:15,34,0.01
84,L06,#12,GW252/13600,(2)停机状态,2,2025-11-22 11:59:19,2025-11-22 13:21:41,4942,1.37
85,L06,#12,GW252/13600,(1)停机过程,1,2025-11-22 11:58:24,2025-11-22 11:59:19,55,0.02
86,L06,#12,GW252/13600,(5)发电状态,5,2025-11-22 11:50:42,2025-11-22 11:58:24,462,0.13
87,L06,#12,GW252/13600,(4)启机状态,4,2025-11-22 11:49:58,2025-11-22 11:50:42,44,0.01
88,L06,#12,GW252/13600,(3)待机状态,3,2025-11-22 11:49:22,2025-11-22 11:49:58,36,0.01
89,L06,#12,GW252/13600,(2)停机状态,2,2025-11-22 11:14:13,2025-11-22 11:49:22,2109,0.59
90,L06,#12,GW252/13600,(1)停机过程,1,2025-11-22 11:13:11,2025-11-22 11:14:13,62,0.02
91,L06,#12,GW252/13600,(5)发电状态,5,2025-11-22 10:28:01,2025-11-22 11:13:11,2710,0.75
92,L06,#12,GW252/13600,(4)启机状态,4,2025-11-22 10:27:16,2025-11-22 10:28:01,45,0.01
93,L06,#12,GW252/13600,(3)待机状态,3,2025-11-22 10:26:37,2025-11-22 10:27:16,39,0.01
94,L06,#12,GW252/13600,(2)停机状态,2,2025-11-22 10:02:05,2025-11-22 10:26:37,1472,0.41
95,L06,#12,GW252/13600,(1)停机过程,1,2025-11-22 10:01:11,2025-11-22 10:02:05,54,0.02
96,L06,#12,GW252/13600,(5)发电状态,5,2025-11-17 20:27:14,2025-11-22 10:01:11,394437,109.57
97,L06,#12,GW252/13600,(4)启机状态,4,2025-11-17 20:25:59,2025-11-17 20:27:14,75,0.02
98,L06,#12,GW252/13600,(3)待机状态,3,2025-11-17 20:25:09,2025-11-17 20:25:59,50,0.01
99,L06,#12,GW252/13600,(2)停机状态,2,2025-11-17 20:02:09,2025-11-17 20:25:09,1380,0.38
100,L06,#12,GW252/13600,(1)停机过程,1,2025-11-17 20:01:10,2025-11-17 20:02:09,59,0.02
101,L06,#12,GW252/13600,(5)发电状态,5,2025-11-16 14:27:54,2025-11-17 20:01:10,106396,29.55
102,L06,#12,GW252/13600,(4)启机状态,4,2025-11-16 14:27:13,2025-11-16 14:27:54,41,0.01
103,L06,#12,GW252/13600,(3)待机状态,3,2025-11-16 14:26:38,2025-11-16 14:27:13,35,0.01
104,L06,#12,GW252/13600,(2)停机状态,2,2025-11-16 13:45:55,2025-11-16 14:26:38,2443,0.68
105,L06,#12,GW252/13600,(1)停机过程,1,2025-11-16 13:45:00,2025-11-16 13:45:55,55,0.02
106,L06,#12,GW252/13600,(5)发电状态,5,2025-11-16 13:04:35,2025-11-16 13:45:00,2425,0.67
107,L06,#12,GW252/13600,(4)启机状态,4,2025-11-16 13:03:52,2025-11-16 13:04:35,43,0.01
108,L06,#12,GW252/13600,(3)待机状态,3,2025-11-16 13:03:16,2025-11-16 13:03:52,36,0.01
109,L06,#12,GW252/13600,(2)停机状态,2,2025-11-16 12:43:15,2025-11-16 13:03:16,1201,0.33
110,L06,#12,GW252/13600,(1)停机过程,1,2025-11-16 12:42:21,2025-11-16 12:43:15,54,0.02
111,L06,#12,GW252/13600,(5)发电状态,5,2025-11-15 13:21:45,2025-11-16 12:42:21,84036,23.34
112,L06,#12,GW252/13600,(4)启机状态,4,2025-11-15 13:21:07,2025-11-15 13:21:45,38,0.01
113,L06,#12,GW252/13600,(3)待机状态,3,2025-11-15 13:20:30,2025-11-15 13:21:07,37,0.01
114,L06,#12,GW252/13600,(2)停机状态,2,2025-11-15 11:36:59,2025-11-15 13:20:30,6211,1.73
115,L06,#12,GW252/13600,(1)停机过程,1,2025-11-15 11:36:03,2025-11-15 11:36:59,56,0.02
116,L06,#12,GW252/13600,(5)发电状态,5,2025-11-14 11:06:05,2025-11-15 11:36:03,88198,24.5
117,L06,#12,GW252/13600,(4)启机状态,4,2025-11-14 11:05:21,2025-11-14 11:06:05,44,0.01
118,L06,#12,GW252/13600,(3)待机状态,3,2025-11-14 11:04:45,2025-11-14 11:05:21,36,0.01
119,L06,#12,GW252/13600,(2)停机状态,2,2025-11-14 10:58:47,2025-11-14 11:04:45,358,0.1
120,L06,#12,GW252/13600,(1)停机过程,1,2025-11-14 10:58:37,2025-11-14 10:58:47,10,0
121,L06,#12,GW252/13600,(9)维护状态,9,2025-11-14 07:46:46,2025-11-14 10:58:37,11511,3.2
122,L06,#12,GW252/13600,(2)停机状态,2,2025-11-14 00:05:34,2025-11-14 07:46:46,27672,7.69
123,L06,#12,GW252/13600,(1)停机过程,1,2025-11-14 00:05:25,2025-11-14 00:05:34,9,0
124,L06,#12,GW252/13600,(9)维护状态,9,2025-11-12 17:24:34,2025-11-14 00:05:25,110451,30.68
125,L06,#12,GW252/13600,(2)停机状态,2,2025-11-12 16:54:01,2025-11-12 17:24:34,1833,0.51
126,L06,#12,GW252/13600,(1)停机过程,1,2025-11-12 16:53:30,2025-11-12 16:54:01,31,0.01
127,L06,#12,GW252/13600,(3)待机状态,3,2025-11-12 14:19:20,2025-11-12 16:53:30,9250,2.57
128,L06,#12,GW252/13600,(2)停机状态,2,2025-11-12 13:42:33,2025-11-12 14:19:20,2207,0.61
129,L06,#12,GW252/13600,(1)停机过程,1,2025-11-12 13:41:39,2025-11-12 13:42:33,54,0.02
130,L06,#12,GW252/13600,(5)发电状态,5,2025-11-11 19:44:22,2025-11-12 13:41:39,64637,17.95
131,L06,#12,GW252/13600,(4)启机状态,4,2025-11-11 19:43:27,2025-11-11 19:44:22,55,0.02
132,L06,#12,GW252/13600,(3)待机状态,3,2025-11-11 19:42:43,2025-11-11 19:43:27,44,0.01
133,L06,#12,GW252/13600,(2)停机状态,2,2025-11-11 19:00:48,2025-11-11 19:42:43,2515,0.7
134,L06,#12,GW252/13600,(1)停机过程,1,2025-11-11 18:59:51,2025-11-11 19:00:48,57,0.02
135,L06,#12,GW252/13600,(5)发电状态,5,2025-11-11 15:33:24,2025-11-11 18:59:51,12387,3.44
136,L06,#12,GW252/13600,(4)启机状态,4,2025-11-11 15:32:14,2025-11-11 15:33:24,70,0.02
137,L06,#12,GW252/13600,(3)待机状态,3,2025-11-11 15:31:29,2025-11-11 15:32:14,45,0.01
138,L06,#12,GW252/13600,(2)停机状态,2,2025-11-11 15:03:45,2025-11-11 15:31:29,1664,0.46
139,L06,#12,GW252/13600,(1)停机过程,1,2025-11-11 15:02:41,2025-11-11 15:03:45,64,0.02
140,L06,#12,GW252/13600,(5)发电状态,5,2025-11-10 19:28:20,2025-11-11 15:02:41,70461,19.57
141,L06,#12,GW252/13600,(4)启机状态,4,2025-11-10 19:26:47,2025-11-10 19:28:20,93,0.03
142,L06,#12,GW252/13600,(3)待机状态,3,2025-11-10 19:25:52,2025-11-10 19:26:47,55,0.02
143,L06,#12,GW252/13600,(2)停机状态,2,2025-11-10 19:23:26,2025-11-10 19:25:52,146,0.04
144,L06,#12,GW252/13600,(1)停机过程,1,2025-11-10 19:22:23,2025-11-10 19:23:26,63,0.02
145,L06,#12,GW252/13600,(5)发电状态,5,2025-11-10 19:20:51,2025-11-10 19:22:23,92,0.03
146,L06,#12,GW252/13600,(4)启机状态,4,2025-11-10 19:19:23,2025-11-10 19:20:51,88,0.02
147,L06,#12,GW252/13600,(3)待机状态,3,2025-11-10 19:18:31,2025-11-10 19:19:23,52,0.01
148,L06,#12,GW252/13600,(2)停机状态,2,2025-11-10 18:47:47,2025-11-10 19:18:31,1844,0.51
149,L06,#12,GW252/13600,(1)停机过程,1,2025-11-10 18:46:46,2025-11-10 18:47:47,61,0.02
150,L06,#12,GW252/13600,(5)发电状态,5,2025-11-10 18:33:25,2025-11-10 18:46:46,801,0.22
151,L06,#12,GW252/13600,(4)启机状态,4,2025-11-10 18:31:28,2025-11-10 18:33:25,117,0.03
152,L06,#12,GW252/13600,(3)待机状态,3,2025-11-10 18:30:02,2025-11-10 18:31:28,86,0.02
153,L06,#12,GW252/13600,(2)停机状态,2,2025-11-10 18:22:10,2025-11-10 18:30:02,472,0.13
154,L06,#12,GW252/13600,(1)停机过程,1,2025-11-10 18:21:06,2025-11-10 18:22:10,64,0.02
155,L06,#12,GW252/13600,(5)发电状态,5,2025-11-09 22:14:13,2025-11-10 18:21:06,72413,20.11
156,L06,#12,GW252/13600,(4)启机状态,4,2025-11-09 22:12:36,2025-11-09 22:14:13,97,0.03
157,L06,#12,GW252/13600,(3)待机状态,3,2025-11-09 16:53:10,2025-11-09 22:12:36,19166,5.32
158,L06,#12,GW252/13600,(2)停机状态,2,2025-11-09 16:15:29,2025-11-09 16:53:10,2261,0.63
159,L06,#12,GW252/13600,(1)停机过程,1,2025-11-09 16:14:32,2025-11-09 16:15:29,57,0.02
160,L06,#12,GW252/13600,(5)发电状态,5,2025-11-09 11:48:16,2025-11-09 16:14:32,15976,4.44
161,L06,#12,GW252/13600,(4)启机状态,4,2025-11-09 11:46:57,2025-11-09 11:48:16,79,0.02
162,L06,#12,GW252/13600,(3)待机状态,3,2025-11-09 11:46:03,2025-11-09 11:46:57,54,0.02
163,L06,#12,GW252/13600,(2)停机状态,2,2025-11-09 10:48:30,2025-11-09 11:46:03,3453,0.96
164,L06,#12,GW252/13600,(1)停机过程,1,2025-11-09 10:47:32,2025-11-09 10:48:30,58,0.02
165,L06,#12,GW252/13600,(5)发电状态,5,2025-11-09 10:02:09,2025-11-09 10:47:32,2723,0.76
166,L06,#12,GW252/13600,(4)启机状态,4,2025-11-09 10:00:27,2025-11-09 10:02:09,102,0.03
167,L06,#12,GW252/13600,(3)待机状态,3,2025-11-09 09:58:16,2025-11-09 10:00:27,131,0.04
168,L06,#12,GW252/13600,(2)停机状态,2,2025-11-09 09:45:33,2025-11-09 09:58:16,763,0.21
169,L06,#12,GW252/13600,(1)停机过程,1,2025-11-09 09:44:30,2025-11-09 09:45:33,63,0.02
170,L06,#12,GW252/13600,(5)发电状态,5,2025-11-08 03:15:46,2025-11-09 09:44:30,109724,30.48
171,L06,#12,GW252/13600,(4)启机状态,4,2025-11-08 03:14:25,2025-11-08 03:15:46,81,0.02
172,L06,#12,GW252/13600,(3)待机状态,3,2025-11-08 03:13:34,2025-11-08 03:14:25,51,0.01
173,L06,#12,GW252/13600,(2)停机状态,2,2025-11-08 02:04:00,2025-11-08 03:13:34,4174,1.16
174,L06,#12,GW252/13600,(1)停机过程,1,2025-11-08 02:02:59,2025-11-08 02:04:00,61,0.02
175,L06,#12,GW252/13600,(5)发电状态,5,2025-11-06 20:54:06,2025-11-08 02:02:59,104933,29.15
176,L06,#12,GW252/13600,(4)启机状态,4,2025-11-06 20:53:31,2025-11-06 20:54:06,35,0.01
177,L06,#12,GW252/13600,(3)待机状态,3,2025-11-06 20:52:59,2025-11-06 20:53:31,32,0.01
178,L06,#12,GW252/13600,(2)停机状态,2,2025-11-06 20:37:19,2025-11-06 20:52:59,940,0.26
179,L06,#12,GW252/13600,(1)停机过程,1,2025-11-06 20:37:09,2025-11-06 20:37:19,10,0
180,L06,#12,GW252/13600,(9)维护状态,9,2025-11-06 11:08:03,2025-11-06 20:37:09,34146,9.49
181,L06,#12,GW252/13600,(2)停机状态,2,2025-10-20 12:32:00,2025-11-06 11:08:03,1463763,406.6
182,L06,#12,GW252/13600,(1)停机过程,1,2025-10-20 12:31:51,2025-10-20 12:32:00,9,0
183,L06,#12,GW252/13600,(9)维护状态,9,2025-10-20 12:31:32,2025-10-20 12:31:51,19,0.01
184,L06,#12,GW252/13600,(2)停机状态,2,2025-10-20 12:28:15,2025-10-20 12:31:32,197,0.05
185,L06,#12,GW252/13600,(1)停机过程,1,2025-10-20 12:28:10,2025-10-20 12:28:15,5,0
186,L06,#12,GW252/13600,(9)维护状态,9,2025-10-20 12:24:26,2025-10-20 12:28:10,224,0.06
187,L06,#12,GW252/13600,(2)停机状态,2,2025-10-13 20:54:59,2025-10-20 12:24:26,574167,159.49
188,L06,#12,GW252/13600,(1)停机过程,1,2025-10-13 20:54:49,2025-10-13 20:54:59,10,0
189,L06,#12,GW252/13600,(9)维护状态,9,2025-10-13 19:12:48,2025-10-13 20:54:49,6121,1.7
190,L06,#12,GW252/13600,(2)停机状态,2,2025-10-13 19:09:53,2025-10-13 19:12:48,175,0.05
191,L06,#12,GW252/13600,(1)停机过程,1,2025-10-13 19:09:43,2025-10-13 19:09:53,10,0
192,L06,#12,GW252/13600,(9)维护状态,9,2025-10-13 12:25:01,2025-10-13 19:09:43,24282,6.75
193,L06,#12,GW252/13600,(2)停机状态,2,2025-10-09 16:54:49,2025-10-13 12:25:01,329412,91.5
194,L06,#12,GW252/13600,(1)停机过程,1,2025-10-09 16:54:39,2025-10-09 16:54:49,10,0
195,L06,#12,GW252/13600,(9)维护状态,9,2025-10-08 17:54:03,2025-10-09 16:54:39,82836,23.01
196,L06,#12,GW252/13600,(2)停机状态,2,2025-10-06 18:51:46,2025-10-08 17:54:03,169337,47.04
197,L06,#12,GW252/13600,(1)停机过程,1,2025-10-06 18:51:36,2025-10-06 18:51:46,10,0
198,L06,#12,GW252/13600,(9)维护状态,9,2025-10-06 18:41:28,2025-10-06 18:51:36,608,0.17
199,L06,#12,GW252/13600,(2)停机状态,2,2025-10-05 02:11:07,2025-10-06 18:41:28,145821,40.51
200,L06,#12,GW252/13600,(1)停机过程,1,2025-10-05 02:09:44,2025-10-05 02:11:07,83,0.02
201,L06,#12,GW252/13600,(5)发电状态,5,2025-10-05 01:57:15,2025-10-05 02:09:44,749,0.21
202,L06,#12,GW252/13600,(4)启机状态,4,2025-10-05 01:56:42,2025-10-05 01:57:15,33,0.01
203,L06,#12,GW252/13600,(3)待机状态,3,2025-10-05 01:56:10,2025-10-05 01:56:42,32,0.01
204,L06,#12,GW252/13600,(2)停机状态,2,2025-10-05 01:49:36,2025-10-05 01:56:10,394,0.11
205,L06,#12,GW252/13600,(1)停机过程,1,2025-10-05 01:48:24,2025-10-05 01:49:36,72,0.02
206,L06,#12,GW252/13600,(5)发电状态,5,2025-10-04 18:37:53,2025-10-05 01:48:24,25831,7.18
207,L06,#12,GW252/13600,(4)启机状态,4,2025-10-04 18:37:13,2025-10-04 18:37:53,40,0.01
208,L06,#12,GW252/13600,(3)待机状态,3,2025-10-04 18:36:36,2025-10-04 18:37:13,37,0.01
209,L06,#12,GW252/13600,(2)停机状态,2,2025-10-04 18:12:29,2025-10-04 18:36:36,1447,0.4
210,L06,#12,GW252/13600,(1)停机过程,1,2025-10-04 18:10:52,2025-10-04 18:12:29,97,0.03
211,L06,#12,GW252/13600,(5)发电状态,5,2025-10-04 18:02:49,2025-10-04 18:10:52,483,0.13
212,L06,#12,GW252/13600,(4)启机状态,4,2025-10-04 18:02:14,2025-10-04 18:02:49,35,0.01
213,L06,#12,GW252/13600,(3)待机状态,3,2025-10-04 18:00:19,2025-10-04 18:02:14,115,0.03
214,L06,#12,GW252/13600,(2)停机状态,2,2025-10-04 17:57:34,2025-10-04 18:00:19,165,0.05
215,L06,#12,GW252/13600,(1)停机过程,1,2025-10-04 17:57:03,2025-10-04 17:57:34,31,0.01
216,L06,#12,GW252/13600,(3)待机状态,3,2025-10-04 17:56:42,2025-10-04 17:57:03,21,0.01
217,L06,#12,GW252/13600,(2)停机状态,2,2025-10-04 17:56:41,2025-10-04 17:56:42,1,0
218,L06,#12,GW252/13600,(1)停机过程,1,2025-10-04 17:56:11,2025-10-04 17:56:41,30,0.01
219,L06,#12,GW252/13600,(3)待机状态,3,2025-10-04 17:55:49,2025-10-04 17:56:11,22,0.01
220,L06,#12,GW252/13600,(2)停机状态,2,2025-10-04 17:55:48,2025-10-04 17:55:49,1,0
221,L06,#12,GW252/13600,(1)停机过程,1,2025-10-04 17:55:19,2025-10-04 17:55:48,29,0.01
222,L06,#12,GW252/13600,(3)待机状态,3,2025-10-04 17:54:55,2025-10-04 17:55:19,24,0.01
223,L06,#12,GW252/13600,(2)停机状态,2,2025-10-04 17:52:21,2025-10-04 17:54:55,154,0.04
224,L06,#12,GW252/13600,(1)停机过程,1,2025-10-04 17:51:26,2025-10-04 17:52:21,55,0.02
225,L06,#12,GW252/13600,(5)发电状态,5,2025-10-04 15:26:03,2025-10-04 17:51:26,8723,2.42
226,L06,#12,GW252/13600,(4)启机状态,4,2025-10-04 15:23:27,2025-10-04 15:26:03,156,0.04
227,L06,#12,GW252/13600,(3)待机状态,3,2025-10-04 15:04:03,2025-10-04 15:23:27,1164,0.32
228,L06,#12,GW252/13600,(2)停机状态,2,2025-10-04 15:01:34,2025-10-04 15:04:03,149,0.04
229,L06,#12,GW252/13600,(1)停机过程,1,2025-10-04 15:00:38,2025-10-04 15:01:34,56,0.02
230,L06,#12,GW252/13600,(5)发电状态,5,2025-10-04 07:48:08,2025-10-04 15:00:38,25950,7.21
231,L06,#12,GW252/13600,(4)启机状态,4,2025-10-04 07:46:26,2025-10-04 07:48:08,102,0.03
232,L06,#12,GW252/13600,(3)待机状态,3,2025-10-04 00:28:12,2025-10-04 07:46:26,26294,7.3
233,L06,#12,GW252/13600,(2)停机状态,2,2025-10-04 00:27:44,2025-10-04 00:28:12,28,0.01
234,L06,#12,GW252/13600,(1)停机过程,1,2025-10-04 00:26:49,2025-10-04 00:27:44,55,0.02
235,L06,#12,GW252/13600,(5)发电状态,5,2025-10-04 00:17:21,2025-10-04 00:26:49,568,0.16
236,L06,#12,GW252/13600,(4)启机状态,4,2025-10-04 00:14:41,2025-10-04 00:17:21,160,0.04
237,L06,#12,GW252/13600,(3)待机状态,3,2025-10-03 23:45:58,2025-10-04 00:14:41,1723,0.48
238,L06,#12,GW252/13600,(2)停机状态,2,2025-10-03 23:42:48,2025-10-03 23:45:58,190,0.05
239,L06,#12,GW252/13600,(1)停机过程,1,2025-10-03 23:41:52,2025-10-03 23:42:48,56,0.02
240,L06,#12,GW252/13600,(5)发电状态,5,2025-10-03 14:03:31,2025-10-03 23:41:52,34701,9.64
241,L06,#12,GW252/13600,(4)启机状态,4,2025-10-03 14:02:18,2025-10-03 14:03:31,73,0.02
242,L06,#12,GW252/13600,(3)待机状态,3,2025-10-03 14:01:20,2025-10-03 14:02:18,58,0.02
243,L06,#12,GW252/13600,(2)停机状态,2,2025-10-03 11:42:25,2025-10-03 14:01:20,8335,2.32
244,L06,#12,GW252/13600,(1)停机过程,1,2025-10-03 11:41:23,2025-10-03 11:42:25,62,0.02
245,L06,#12,GW252/13600,(5)发电状态,5,2025-10-03 10:03:22,2025-10-03 11:41:23,5881,1.63
246,L06,#12,GW252/13600,(4)启机状态,4,2025-10-03 10:02:15,2025-10-03 10:03:22,67,0.02
247,L06,#12,GW252/13600,(3)待机状态,3,2025-10-03 10:01:27,2025-10-03 10:02:15,48,0.01
248,L06,#12,GW252/13600,(2)停机状态,2,2025-10-03 09:53:27,2025-10-03 10:01:27,480,0.13
249,L06,#12,GW252/13600,(1)停机过程,1,2025-10-03 09:52:25,2025-10-03 09:53:27,62,0.02
250,L06,#12,GW252/13600,(5)发电状态,5,2025-10-03 06:33:44,2025-10-03 09:52:25,11921,3.31
251,L06,#12,GW252/13600,(4)启机状态,4,2025-10-03 06:32:35,2025-10-03 06:33:44,69,0.02
252,L06,#12,GW252/13600,(3)待机状态,3,2025-10-03 06:31:48,2025-10-03 06:32:35,47,0.01
253,L06,#12,GW252/13600,(2)停机状态,2,2025-10-03 05:01:05,2025-10-03 06:31:48,5443,1.51
254,L06,#12,GW252/13600,(1)停机过程,1,2025-10-03 05:00:04,2025-10-03 05:01:05,61,0.02
255,L06,#12,GW252/13600,(5)发电状态,5,2025-10-03 01:09:06,2025-10-03 05:00:04,13858,3.85
256,L06,#12,GW252/13600,(4)启机状态,4,2025-10-03 01:07:40,2025-10-03 01:09:06,86,0.02
257,L06,#12,GW252/13600,(3)待机状态,3,2025-10-03 01:06:45,2025-10-03 01:07:40,55,0.02
258,L06,#12,GW252/13600,(2)停机状态,2,2025-10-03 00:28:51,2025-10-03 01:06:45,2274,0.63
259,L06,#12,GW252/13600,(1)停机过程,1,2025-10-03 00:27:49,2025-10-03 00:28:51,62,0.02
260,L06,#12,GW252/13600,(5)发电状态,5,2025-10-02 20:22:11,2025-10-03 00:27:49,14738,4.09
261,L06,#12,GW252/13600,(4)启机状态,4,2025-10-02 20:21:14,2025-10-02 20:22:11,57,0.02
262,L06,#12,GW252/13600,(3)待机状态,3,2025-10-02 20:20:28,2025-10-02 20:21:14,46,0.01
263,L06,#12,GW252/13600,(2)停机状态,2,2025-10-02 14:47:19,2025-10-02 20:20:28,19989,5.55
264,L06,#12,GW252/13600,(2)停机状态,2,2025-10-01 14:55:03,2025-10-02 14:47:19,85936,23.87
265,L06,#12,GW252/13600,(1)停机过程,1,2025-10-01 14:54:53,2025-10-01 14:55:03,10,0
266,L06,#12,GW252/13600,(9)维护状态,9,2025-10-01 09:12:23,2025-10-01 14:54:53,20550,5.71
267,L06,#12,GW252/13600,(2)停机状态,2,2025-10-01 08:19:03,2025-10-01 09:12:23,3200,0.89
268,L06,#12,GW252/13600,(1)停机过程,1,2025-10-01 08:18:32,2025-10-01 08:19:03,31,0.01
269,L06,#12,GW252/13600,(3)待机状态,3,2025-09-30 10:54:35,2025-10-01 08:18:32,77037,21.4
270,L06,#12,GW252/13600,(2)停机状态,2,2025-09-30 10:16:56,2025-09-30 10:54:35,2259,0.63
271,L06,#12,GW252/13600,(1)停机过程,1,2025-09-30 10:16:01,2025-09-30 10:16:56,55,0.02
272,L06,#12,GW252/13600,(5)发电状态,5,2025-09-30 08:44:25,2025-09-30 10:16:01,5496,1.53
273,L06,#12,GW252/13600,(4)启机状态,4,2025-09-30 08:43:00,2025-09-30 08:44:25,85,0.02
274,L06,#12,GW252/13600,(3)待机状态,3,2025-09-30 08:41:45,2025-09-30 08:43:00,75,0.02
275,L06,#12,GW252/13600,(2)停机状态,2,2025-09-30 06:54:43,2025-09-30 08:41:45,6422,1.78
276,L06,#12,GW252/13600,(1)停机过程,1,2025-09-30 06:53:44,2025-09-30 06:54:43,59,0.02
277,L06,#12,GW252/13600,(5)发电状态,5,2025-09-28 16:26:32,2025-09-30 06:53:44,138432,38.45
278,L06,#12,GW252/13600,(4)启机状态,4,2025-09-28 16:25:45,2025-09-28 16:26:32,47,0.01
279,L06,#12,GW252/13600,(3)待机状态,3,2025-09-28 16:24:15,2025-09-28 16:25:45,90,0.03
280,L06,#12,GW252/13600,(2)停机状态,2,2025-09-28 16:22:10,2025-09-28 16:24:15,125,0.03
281,L06,#12,GW252/13600,(1)停机过程,1,2025-09-28 16:21:13,2025-09-28 16:22:10,57,0.02
282,L06,#12,GW252/13600,(5)发电状态,5,2025-09-28 09:40:27,2025-09-28 16:21:13,24046,6.68
283,L06,#12,GW252/13600,(4)启机状态,4,2025-09-28 09:39:53,2025-09-28 09:40:27,34,0.01
284,L06,#12,GW252/13600,(3)待机状态,3,2025-09-28 09:39:26,2025-09-28 09:39:53,27,0.01
285,L06,#12,GW252/13600,(2)停机状态,2,2025-09-28 09:20:35,2025-09-28 09:39:26,1131,0.31
286,L06,#12,GW252/13600,(1)停机过程,1,2025-09-28 09:19:23,2025-09-28 09:20:35,72,0.02
287,L06,#12,GW252/13600,(5)发电状态,5,2025-09-25 15:52:25,2025-09-28 09:19:23,235618,65.45
288,L06,#12,GW252/13600,(4)启机状态,4,2025-09-25 15:51:35,2025-09-25 15:52:25,50,0.01
289,L06,#12,GW252/13600,(3)待机状态,3,2025-09-25 15:50:13,2025-09-25 15:51:35,82,0.02
290,L06,#12,GW252/13600,(2)停机状态,2,2025-09-25 15:50:12,2025-09-25 15:50:13,1,0
291,L06,#12,GW252/13600,(1)停机过程,1,2025-09-25 15:50:02,2025-09-25 15:50:12,10,0
292,L06,#12,GW252/13600,(9)维护状态,9,2025-09-25 14:17:06,2025-09-25 15:50:02,5576,1.55
293,L06,#12,GW252/13600,(2)停机状态,2,2025-09-25 11:02:12,2025-09-25 14:17:06,11694,3.25
294,L06,#12,GW252/13600,(1)停机过程,1,2025-09-25 11:02:02,2025-09-25 11:02:12,10,0
295,L06,#12,GW252/13600,(9)维护状态,9,2025-09-25 11:01:07,2025-09-25 11:02:02,55,0.02
296,L06,#12,GW252/13600,(2)停机状态,2,2025-09-25 10:57:57,2025-09-25 11:01:07,190,0.05
297,L06,#12,GW252/13600,(1)停机过程,1,2025-09-25 10:57:52,2025-09-25 10:57:57,5,0
298,L06,#12,GW252/13600,(9)维护状态,9,2025-09-25 10:48:06,2025-09-25 10:57:52,586,0.16
299,L06,#12,GW252/13600,(2)停机状态,2,2025-09-25 09:41:33,2025-09-25 10:48:06,3993,1.11
300,L06,#12,GW252/13600,(1)停机过程,1,2025-09-25 09:41:23,2025-09-25 09:41:33,10,0
301,L06,#12,GW252/13600,(9)维护状态,9,2025-09-25 09:36:18,2025-09-25 09:41:23,305,0.08
302,L06,#12,GW252/13600,(2)停机状态,2,2025-09-23 16:51:46,2025-09-25 09:36:18,146672,40.74
303,L06,#12,GW252/13600,(1)停机过程,1,2025-09-23 16:50:43,2025-09-23 16:51:46,63,0.02
304,L06,#12,GW252/13600,(5)发电状态,5,2025-09-22 23:23:50,2025-09-23 16:50:43,62813,17.45
305,L06,#12,GW252/13600,(4)启机状态,4,2025-09-22 23:21:53,2025-09-22 23:23:50,117,0.03
306,L06,#12,GW252/13600,(3)待机状态,3,2025-09-22 19:23:32,2025-09-22 23:21:53,14301,3.97
307,L06,#12,GW252/13600,(2)停机状态,2,2025-09-22 19:14:10,2025-09-22 19:23:32,562,0.16
308,L06,#12,GW252/13600,(1)停机过程,1,2025-09-22 19:14:01,2025-09-22 19:14:10,9,0
309,L06,#12,GW252/13600,(9)维护状态,9,2025-09-22 18:27:07,2025-09-22 19:14:01,2814,0.78
310,L06,#12,GW252/13600,(2)停机状态,2,2025-09-22 18:23:06,2025-09-22 18:27:07,241,0.07
311,L06,#12,GW252/13600,(1)停机过程,1,2025-09-22 18:22:33,2025-09-22 18:23:06,33,0.01
312,L06,#12,GW252/13600,(3)待机状态,3,2025-09-22 17:58:04,2025-09-22 18:22:33,1469,0.41
313,L06,#12,GW252/13600,(2)停机状态,2,2025-09-22 17:56:58,2025-09-22 17:58:04,66,0.02
314,L06,#12,GW252/13600,(1)停机过程,1,2025-09-22 17:56:01,2025-09-22 17:56:58,57,0.02
315,L06,#12,GW252/13600,(5)发电状态,5,2025-09-22 14:49:21,2025-09-22 17:56:01,11200,3.11
316,L06,#12,GW252/13600,(4)启机状态,4,2025-09-22 14:48:04,2025-09-22 14:49:21,77,0.02
317,L06,#12,GW252/13600,(3)待机状态,3,2025-09-22 14:47:09,2025-09-22 14:48:04,55,0.02
318,L06,#12,GW252/13600,(2)停机状态,2,2025-09-22 14:10:27,2025-09-22 14:47:09,2202,0.61
319,L06,#12,GW252/13600,(1)停机过程,1,2025-09-22 14:09:31,2025-09-22 14:10:27,56,0.02
320,L06,#12,GW252/13600,(5)发电状态,5,2025-09-21 10:11:24,2025-09-22 14:09:31,100687,27.97
321,L06,#12,GW252/13600,(4)启机状态,4,2025-09-21 10:10:08,2025-09-21 10:11:24,76,0.02
322,L06,#12,GW252/13600,(3)待机状态,3,2025-09-21 10:02:20,2025-09-21 10:10:08,468,0.13
323,L06,#12,GW252/13600,(2)停机状态,2,2025-09-21 10:02:18,2025-09-21 10:02:20,2,0
324,L06,#12,GW252/13600,(1)停机过程,1,2025-09-21 10:01:46,2025-09-21 10:02:18,32,0.01
325,L06,#12,GW252/13600,(3)待机状态,3,2025-09-21 10:00:44,2025-09-21 10:01:46,62,0.02
326,L06,#12,GW252/13600,(2)停机状态,2,2025-09-21 10:00:43,2025-09-21 10:00:44,1,0
327,L06,#12,GW252/13600,(1)停机过程,1,2025-09-21 10:00:13,2025-09-21 10:00:43,30,0.01
328,L06,#12,GW252/13600,(3)待机状态,3,2025-09-21 09:59:51,2025-09-21 10:00:13,22,0.01
329,L06,#12,GW252/13600,(2)停机状态,2,2025-09-21 09:59:50,2025-09-21 09:59:51,1,0
330,L06,#12,GW252/13600,(1)停机过程,1,2025-09-21 09:59:19,2025-09-21 09:59:50,31,0.01
331,L06,#12,GW252/13600,(3)待机状态,3,2025-09-21 09:56:04,2025-09-21 09:59:19,195,0.05
332,L06,#12,GW252/13600,(2)停机状态,2,2025-09-21 09:53:37,2025-09-21 09:56:04,147,0.04
333,L06,#12,GW252/13600,(1)停机过程,1,2025-09-21 09:52:41,2025-09-21 09:53:37,56,0.02
334,L06,#12,GW252/13600,(5)发电状态,5,2025-09-21 07:28:58,2025-09-21 09:52:41,8623,2.4
335,L06,#12,GW252/13600,(4)启机状态,4,2025-09-21 07:26:13,2025-09-21 07:28:58,165,0.05
336,L06,#12,GW252/13600,(3)待机状态,3,2025-09-21 07:17:58,2025-09-21 07:26:13,495,0.14
337,L06,#12,GW252/13600,(2)停机状态,2,2025-09-21 07:15:47,2025-09-21 07:17:58,131,0.04
338,L06,#12,GW252/13600,(1)停机过程,1,2025-09-21 07:14:52,2025-09-21 07:15:47,55,0.02
339,L06,#12,GW252/13600,(5)发电状态,5,2025-09-21 05:52:08,2025-09-21 07:14:52,4964,1.38
340,L06,#12,GW252/13600,(4)启机状态,4,2025-09-21 05:50:08,2025-09-21 05:52:08,120,0.03
341,L06,#12,GW252/13600,(3)待机状态,3,2025-09-21 03:41:22,2025-09-21 05:50:08,7726,2.15
342,L06,#12,GW252/13600,(2)停机状态,2,2025-09-21 03:40:22,2025-09-21 03:41:22,60,0.02
343,L06,#12,GW252/13600,(1)停机过程,1,2025-09-21 03:39:26,2025-09-21 03:40:22,56,0.02
344,L06,#12,GW252/13600,(5)发电状态,5,2025-09-21 01:33:40,2025-09-21 03:39:26,7546,2.1
345,L06,#12,GW252/13600,(4)启机状态,4,2025-09-21 01:32:28,2025-09-21 01:33:40,72,0.02
346,L06,#12,GW252/13600,(3)待机状态,3,2025-09-21 01:26:15,2025-09-21 01:32:28,373,0.1
347,L06,#12,GW252/13600,(2)停机状态,2,2025-09-21 01:24:58,2025-09-21 01:26:15,77,0.02
348,L06,#12,GW252/13600,(1)停机过程,1,2025-09-21 01:24:02,2025-09-21 01:24:58,56,0.02
349,L06,#12,GW252/13600,(5)发电状态,5,2025-09-21 00:36:03,2025-09-21 01:24:02,2879,0.8
350,L06,#12,GW252/13600,(4)启机状态,4,2025-09-21 00:34:04,2025-09-21 00:36:03,119,0.03
351,L06,#12,GW252/13600,(3)待机状态,3,2025-09-20 22:04:16,2025-09-21 00:34:04,8988,2.5
352,L06,#12,GW252/13600,(1)停机过程,1,2025-09-20 22:03:20,2025-09-20 22:04:16,56,0.02
353,L06,#12,GW252/13600,(5)发电状态,5,2025-09-20 21:34:48,2025-09-20 22:03:20,1712,0.48
354,L06,#12,GW252/13600,(4)启机状态,4,2025-09-20 21:32:55,2025-09-20 21:34:48,113,0.03
355,L06,#12,GW252/13600,(3)待机状态,3,2025-09-20 20:44:14,2025-09-20 21:32:55,2921,0.81
356,L06,#12,GW252/13600,(2)停机状态,2,2025-09-20 20:40:02,2025-09-20 20:44:14,252,0.07
357,L06,#12,GW252/13600,(1)停机过程,1,2025-09-20 20:39:06,2025-09-20 20:40:02,56,0.02
358,L06,#12,GW252/13600,(5)发电状态,5,2025-09-20 20:06:37,2025-09-20 20:39:06,1949,0.54
359,L06,#12,GW252/13600,(4)启机状态,4,2025-09-20 20:05:35,2025-09-20 20:06:37,62,0.02
360,L06,#12,GW252/13600,(3)待机状态,3,2025-09-20 19:49:18,2025-09-20 20:05:35,977,0.27
361,L06,#12,GW252/13600,(2)停机状态,2,2025-09-20 19:49:16,2025-09-20 19:49:18,2,0
362,L06,#12,GW252/13600,(1)停机过程,1,2025-09-20 19:48:46,2025-09-20 19:49:16,30,0.01
363,L06,#12,GW252/13600,(3)待机状态,3,2025-09-20 19:48:24,2025-09-20 19:48:46,22,0.01
364,L06,#12,GW252/13600,(2)停机状态,2,2025-09-20 19:48:22,2025-09-20 19:48:24,2,0
365,L06,#12,GW252/13600,(1)停机过程,1,2025-09-20 19:47:52,2025-09-20 19:48:22,30,0.01
366,L06,#12,GW252/13600,(3)待机状态,3,2025-09-20 19:47:30,2025-09-20 19:47:52,22,0.01
367,L06,#12,GW252/13600,(2)停机状态,2,2025-09-20 19:47:29,2025-09-20 19:47:30,1,0
368,L06,#12,GW252/13600,(1)停机过程,1,2025-09-20 19:46:57,2025-09-20 19:47:29,32,0.01
369,L06,#12,GW252/13600,(3)待机状态,3,2025-09-20 19:05:56,2025-09-20 19:46:57,2461,0.68
370,L06,#12,GW252/13600,(2)停机状态,2,2025-09-20 19:00:18,2025-09-20 19:05:56,338,0.09
371,L06,#12,GW252/13600,(1)停机过程,1,2025-09-20 18:59:22,2025-09-20 19:00:18,56,0.02
372,L06,#12,GW252/13600,(5)发电状态,5,2025-09-19 21:44:13,2025-09-20 18:59:22,76509,21.25
373,L06,#12,GW252/13600,(4)启机状态,4,2025-09-19 21:42:28,2025-09-19 21:44:13,105,0.03
374,L06,#12,GW252/13600,(3)待机状态,3,2025-09-19 10:43:07,2025-09-19 21:42:28,39561,10.99
375,L06,#12,GW252/13600,(2)停机状态,2,2025-09-19 10:37:30,2025-09-19 10:43:07,337,0.09
376,L06,#12,GW252/13600,(1)停机过程,1,2025-09-19 10:36:36,2025-09-19 10:37:30,54,0.02
377,L06,#12,GW252/13600,(5)发电状态,5,2025-09-19 09:38:32,2025-09-19 10:36:36,3484,0.97
378,L06,#12,GW252/13600,(4)启机状态,4,2025-09-19 09:36:55,2025-09-19 09:38:32,97,0.03
379,L06,#12,GW252/13600,(3)待机状态,3,2025-09-19 08:33:15,2025-09-19 09:36:55,3820,1.06
380,L06,#12,GW252/13600,(2)停机状态,2,2025-09-19 08:29:55,2025-09-19 08:33:15,200,0.06
381,L06,#12,GW252/13600,(1)停机过程,1,2025-09-19 08:29:01,2025-09-19 08:29:55,54,0.02
382,L06,#12,GW252/13600,(5)发电状态,5,2025-09-19 07:46:28,2025-09-19 08:29:01,2553,0.71
383,L06,#12,GW252/13600,(4)启机状态,4,2025-09-19 07:44:59,2025-09-19 07:46:28,89,0.02
384,L06,#12,GW252/13600,(3)待机状态,3,2025-09-19 07:43:57,2025-09-19 07:44:59,62,0.02
385,L06,#12,GW252/13600,(2)停机状态,2,2025-09-19 07:43:55,2025-09-19 07:43:57,2,0
386,L06,#12,GW252/13600,(1)停机过程,1,2025-09-19 07:42:59,2025-09-19 07:43:55,56,0.02
387,L06,#12,GW252/13600,(4)启机状态,4,2025-09-19 07:37:59,2025-09-19 07:42:59,300,0.08
388,L06,#12,GW252/13600,(3)待机状态,3,2025-09-19 07:36:54,2025-09-19 07:37:59,65,0.02
389,L06,#12,GW252/13600,(2)停机状态,2,2025-09-19 07:36:53,2025-09-19 07:36:54,1,0
390,L06,#12,GW252/13600,(1)停机过程,1,2025-09-19 07:35:59,2025-09-19 07:36:53,54,0.02
391,L06,#12,GW252/13600,(5)发电状态,5,2025-09-19 02:01:53,2025-09-19 07:35:59,20046,5.57
392,L06,#12,GW252/13600,(4)启机状态,4,2025-09-19 02:00:30,2025-09-19 02:01:53,83,0.02
393,L06,#12,GW252/13600,(3)待机状态,3,2025-09-19 01:58:31,2025-09-19 02:00:30,119,0.03
394,L06,#12,GW252/13600,(1)停机过程,1,2025-09-19 01:57:38,2025-09-19 01:58:31,53,0.01
395,L06,#12,GW252/13600,(5)发电状态,5,2025-09-16 22:08:20,2025-09-19 01:57:38,186558,51.82
396,L06,#12,GW252/13600,(4)启机状态,4,2025-09-16 22:07:47,2025-09-16 22:08:20,33,0.01
397,L06,#12,GW252/13600,(3)待机状态,3,2025-09-16 22:05:55,2025-09-16 22:07:47,112,0.03
398,L06,#12,GW252/13600,(2)停机状态,2,2025-09-16 22:05:53,2025-09-16 22:05:55,2,0
399,L06,#12,GW252/13600,(1)停机过程,1,2025-09-16 22:05:03,2025-09-16 22:05:53,50,0.01
400,L06,#12,GW252/13600,(5)发电状态,5,2025-09-16 18:59:56,2025-09-16 22:05:03,11107,3.09
401,L06,#12,GW252/13600,(4)启机状态,4,2025-09-16 18:58:08,2025-09-16 18:59:56,108,0.03
402,L06,#12,GW252/13600,(3)待机状态,3,2025-09-16 18:49:58,2025-09-16 18:58:08,490,0.14
403,L06,#12,GW252/13600,(2)停机状态,2,2025-09-16 18:45:50,2025-09-16 18:49:58,248,0.07
404,L06,#12,GW252/13600,(1)停机过程,1,2025-09-16 18:44:53,2025-09-16 18:45:50,57,0.02
405,L06,#12,GW252/13600,(5)发电状态,5,2025-09-16 17:25:22,2025-09-16 18:44:53,4771,1.33
406,L06,#12,GW252/13600,(4)启机状态,4,2025-09-16 17:24:27,2025-09-16 17:25:22,55,0.02
407,L06,#12,GW252/13600,(3)待机状态,3,2025-09-16 17:21:24,2025-09-16 17:24:27,183,0.05
408,L06,#12,GW252/13600,(2)停机状态,2,2025-09-16 17:21:22,2025-09-16 17:21:24,2,0
409,L06,#12,GW252/13600,(1)停机过程,1,2025-09-16 17:20:52,2025-09-16 17:21:22,30,0.01
410,L06,#12,GW252/13600,(3)待机状态,3,2025-09-16 17:20:29,2025-09-16 17:20:52,23,0.01
411,L06,#12,GW252/13600,(1)停机过程,1,2025-09-16 17:20:00,2025-09-16 17:20:29,29,0.01
412,L06,#12,GW252/13600,(3)待机状态,3,2025-09-16 17:19:38,2025-09-16 17:20:00,22,0.01
413,L06,#12,GW252/13600,(2)停机状态,2,2025-09-16 17:19:36,2025-09-16 17:19:38,2,0
414,L06,#12,GW252/13600,(1)停机过程,1,2025-09-16 17:19:06,2025-09-16 17:19:36,30,0.01
415,L06,#12,GW252/13600,(3)待机状态,3,2025-09-16 17:18:44,2025-09-16 17:19:06,22,0.01
416,L06,#12,GW252/13600,(2)停机状态,2,2025-09-16 17:18:40,2025-09-16 17:18:44,4,0
417,L06,#12,GW252/13600,(1)停机过程,1,2025-09-16 17:18:10,2025-09-16 17:18:40,30,0.01
418,L06,#12,GW252/13600,(3)待机状态,3,2025-09-16 17:17:48,2025-09-16 17:18:10,22,0.01
419,L06,#12,GW252/13600,(2)停机状态,2,2025-09-16 17:17:47,2025-09-16 17:17:48,1,0
420,L06,#12,GW252/13600,(1)停机过程,1,2025-09-16 17:17:17,2025-09-16 17:17:47,30,0.01
421,L06,#12,GW252/13600,(3)待机状态,3,2025-09-16 17:16:55,2025-09-16 17:17:17,22,0.01
422,L06,#12,GW252/13600,(2)停机状态,2,2025-09-16 17:16:53,2025-09-16 17:16:55,2,0
423,L06,#12,GW252/13600,(1)停机过程,1,2025-09-16 17:16:23,2025-09-16 17:16:53,30,0.01
424,L06,#12,GW252/13600,(3)待机状态,3,2025-09-16 17:16:01,2025-09-16 17:16:23,22,0.01
425,L06,#12,GW252/13600,(2)停机状态,2,2025-09-16 17:15:59,2025-09-16 17:16:01,2,0
426,L06,#12,GW252/13600,(1)停机过程,1,2025-09-16 17:15:05,2025-09-16 17:15:59,54,0.02
427,L06,#12,GW252/13600,(4)启机状态,4,2025-09-16 17:10:48,2025-09-16 17:15:05,257,0.07
428,L06,#12,GW252/13600,(3)待机状态,3,2025-09-16 17:09:01,2025-09-16 17:10:48,107,0.03
429,L06,#12,GW252/13600,(2)停机状态,2,2025-09-16 17:06:25,2025-09-16 17:09:01,156,0.04
430,L06,#12,GW252/13600,(1)停机过程,1,2025-09-16 17:05:29,2025-09-16 17:06:25,56,0.02
431,L06,#12,GW252/13600,(5)发电状态,5,2025-09-16 15:16:51,2025-09-16 17:05:29,6518,1.81
432,L06,#12,GW252/13600,(4)启机状态,4,2025-09-16 15:15:00,2025-09-16 15:16:51,111,0.03
433,L06,#12,GW252/13600,(3)待机状态,3,2025-09-16 15:13:28,2025-09-16 15:15:00,92,0.03
434,L06,#12,GW252/13600,(2)停机状态,2,2025-09-16 15:08:40,2025-09-16 15:13:28,288,0.08
435,L06,#12,GW252/13600,(1)停机过程,1,2025-09-16 15:07:44,2025-09-16 15:08:40,56,0.02
436,L06,#12,GW252/13600,(5)发电状态,5,2025-09-16 14:15:57,2025-09-16 15:07:44,3107,0.86
437,L06,#12,GW252/13600,(4)启机状态,4,2025-09-16 14:14:57,2025-09-16 14:15:57,60,0.02
438,L06,#12,GW252/13600,(3)待机状态,3,2025-09-16 14:07:26,2025-09-16 14:14:57,451,0.13
439,L06,#12,GW252/13600,(2)停机状态,2,2025-09-16 14:07:24,2025-09-16 14:07:26,2,0
440,L06,#12,GW252/13600,(1)停机过程,1,2025-09-16 14:06:28,2025-09-16 14:07:24,56,0.02
441,L06,#12,GW252/13600,(5)发电状态,5,2025-09-16 13:21:44,2025-09-16 14:06:28,2684,0.75
442,L06,#12,GW252/13600,(4)启机状态,4,2025-09-16 13:19:59,2025-09-16 13:21:44,105,0.03
443,L06,#12,GW252/13600,(3)待机状态,3,2025-09-16 13:04:34,2025-09-16 13:19:59,925,0.26
444,L06,#12,GW252/13600,(2)停机状态,2,2025-09-16 13:03:17,2025-09-16 13:04:34,77,0.02
445,L06,#12,GW252/13600,(1)停机过程,1,2025-09-16 13:02:23,2025-09-16 13:03:17,54,0.02
446,L06,#12,GW252/13600,(5)发电状态,5,2025-09-15 14:13:58,2025-09-16 13:02:23,82105,22.81
447,L06,#12,GW252/13600,(4)启机状态,4,2025-09-15 14:11:35,2025-09-15 14:13:58,143,0.04
448,L06,#12,GW252/13600,(3)待机状态,3,2025-09-15 13:43:11,2025-09-15 14:11:35,1704,0.47
449,L06,#12,GW252/13600,(2)停机状态,2,2025-09-15 13:43:09,2025-09-15 13:43:11,2,0
450,L06,#12,GW252/13600,(1)停机过程,1,2025-09-15 13:42:14,2025-09-15 13:43:09,55,0.02
451,L06,#12,GW252/13600,(5)发电状态,5,2025-09-15 09:40:27,2025-09-15 13:42:14,14507,4.03
452,L06,#12,GW252/13600,(4)启机状态,4,2025-09-15 09:38:51,2025-09-15 09:40:27,96,0.03
453,L06,#12,GW252/13600,(3)待机状态,3,2025-09-15 01:17:36,2025-09-15 09:38:51,30075,8.35
454,L06,#12,GW252/13600,(2)停机状态,2,2025-09-15 01:15:04,2025-09-15 01:17:36,152,0.04
455,L06,#12,GW252/13600,(1)停机过程,1,2025-09-15 01:14:08,2025-09-15 01:15:04,56,0.02
456,L06,#12,GW252/13600,(5)发电状态,5,2025-09-14 16:46:37,2025-09-15 01:14:08,30451,8.46
457,L06,#12,GW252/13600,(4)启机状态,4,2025-09-14 16:44:44,2025-09-14 16:46:37,113,0.03
458,L06,#12,GW252/13600,(3)待机状态,3,2025-09-14 14:41:20,2025-09-14 16:44:44,7404,2.06
459,L06,#12,GW252/13600,(2)停机状态,2,2025-09-14 14:39:59,2025-09-14 14:41:20,81,0.02
460,L06,#12,GW252/13600,(1)停机过程,1,2025-09-14 14:39:03,2025-09-14 14:39:59,56,0.02
461,L06,#12,GW252/13600,(5)发电状态,5,2025-09-14 07:05:12,2025-09-14 14:39:03,27231,7.56
462,L06,#12,GW252/13600,(4)启机状态,4,2025-09-14 07:03:16,2025-09-14 07:05:12,116,0.03
463,L06,#12,GW252/13600,(3)待机状态,3,2025-09-14 06:14:50,2025-09-14 07:03:16,2906,0.81
464,L06,#12,GW252/13600,(2)停机状态,2,2025-09-14 05:38:08,2025-09-14 06:14:50,2202,0.61
465,L06,#12,GW252/13600,(1)停机过程,1,2025-09-14 05:37:11,2025-09-14 05:38:08,57,0.02
466,L06,#12,GW252/13600,(5)发电状态,5,2025-09-13 14:26:15,2025-09-14 05:37:11,54656,15.18
467,L06,#12,GW252/13600,(4)启机状态,4,2025-09-13 14:24:47,2025-09-13 14:26:15,88,0.02
468,L06,#12,GW252/13600,(3)待机状态,3,2025-09-13 14:23:01,2025-09-13 14:24:47,106,0.03
469,L06,#12,GW252/13600,(2)停机状态,2,2025-09-13 14:22:59,2025-09-13 14:23:01,2,0
470,L06,#12,GW252/13600,(1)停机过程,1,2025-09-13 14:22:02,2025-09-13 14:22:59,57,0.02
471,L06,#12,GW252/13600,(5)发电状态,5,2025-09-13 11:19:18,2025-09-13 14:22:02,10964,3.05
472,L06,#12,GW252/13600,(4)启机状态,4,2025-09-13 11:17:29,2025-09-13 11:19:18,109,0.03
473,L06,#12,GW252/13600,(3)待机状态,3,2025-09-13 10:37:19,2025-09-13 11:17:29,2410,0.67
474,L06,#12,GW252/13600,(2)停机状态,2,2025-09-13 10:34:16,2025-09-13 10:37:19,183,0.05
475,L06,#12,GW252/13600,(1)停机过程,1,2025-09-13 10:33:21,2025-09-13 10:34:16,55,0.02
476,L06,#12,GW252/13600,(5)发电状态,5,2025-09-12 13:40:34,2025-09-13 10:33:21,75167,20.88
477,L06,#12,GW252/13600,(4)启机状态,4,2025-09-12 13:38:00,2025-09-12 13:40:34,154,0.04
478,L06,#12,GW252/13600,(3)待机状态,3,2025-09-12 05:42:44,2025-09-12 13:38:00,28516,7.92
479,L06,#12,GW252/13600,(2)停机状态,2,2025-09-12 05:42:43,2025-09-12 05:42:44,1,0
480,L06,#12,GW252/13600,(1)停机过程,1,2025-09-12 05:41:52,2025-09-12 05:42:43,51,0.01
481,L06,#12,GW252/13600,(5)发电状态,5,2025-09-11 05:41:17,2025-09-12 05:41:52,86435,24.01
482,L06,#12,GW252/13600,(4)启机状态,4,2025-09-11 05:40:08,2025-09-11 05:41:17,69,0.02
483,L06,#12,GW252/13600,(3)待机状态,3,2025-09-11 04:24:16,2025-09-11 05:40:08,4552,1.26
484,L06,#12,GW252/13600,(2)停机状态,2,2025-09-11 04:18:51,2025-09-11 04:24:16,325,0.09
485,L06,#12,GW252/13600,(1)停机过程,1,2025-09-11 04:17:55,2025-09-11 04:18:51,56,0.02
486,L06,#12,GW252/13600,(5)发电状态,5,2025-09-11 01:29:05,2025-09-11 04:17:55,10130,2.81
487,L06,#12,GW252/13600,(4)启机状态,4,2025-09-11 01:27:16,2025-09-11 01:29:05,109,0.03
488,L06,#12,GW252/13600,(3)待机状态,3,2025-09-10 20:55:24,2025-09-11 01:27:16,16312,4.53
489,L06,#12,GW252/13600,(2)停机状态,2,2025-09-10 20:18:42,2025-09-10 20:55:24,2202,0.61
490,L06,#12,GW252/13600,(1)停机过程,1,2025-09-10 20:17:47,2025-09-10 20:18:42,55,0.02
491,L06,#12,GW252/13600,(5)发电状态,5,2025-09-07 04:17:46,2025-09-10 20:17:47,316801,88
492,L06,#12,GW252/13600,(4)启机状态,4,2025-09-07 04:15:10,2025-09-07 04:17:46,156,0.04
493,L06,#12,GW252/13600,(3)待机状态,3,2025-09-06 04:37:53,2025-09-07 04:15:10,85037,23.62
494,L06,#12,GW252/13600,(2)停机状态,2,2025-09-06 04:34:56,2025-09-06 04:37:53,177,0.05
495,L06,#12,GW252/13600,(1)停机过程,1,2025-09-06 04:34:00,2025-09-06 04:34:56,56,0.02
496,L06,#12,GW252/13600,(5)发电状态,5,2025-09-05 17:27:42,2025-09-06 04:34:00,39978,11.11
497,L06,#12,GW252/13600,(4)启机状态,4,2025-09-05 17:25:49,2025-09-05 17:27:42,113,0.03
498,L06,#12,GW252/13600,(3)待机状态,3,2025-09-05 04:29:54,2025-09-05 17:25:49,46555,12.93
499,L06,#12,GW252/13600,(2)停机状态,2,2025-09-05 04:24:17,2025-09-05 04:29:54,337,0.09
500,L06,#12,GW252/13600,(1)停机过程,1,2025-09-05 04:23:21,2025-09-05 04:24:17,56,0.02
501,L06,#12,GW252/13600,(5)发电状态,5,2025-09-04 18:38:17,2025-09-05 04:23:21,35104,9.75
502,L06,#12,GW252/13600,(4)启机状态,4,2025-09-04 18:36:28,2025-09-04 18:38:17,109,0.03
503,L06,#12,GW252/13600,(3)待机状态,3,2025-09-04 15:20:08,2025-09-04 18:36:28,11780,3.27
504,L06,#12,GW252/13600,(2)停机状态,2,2025-09-04 15:16:47,2025-09-04 15:20:08,201,0.06
505,L06,#12,GW252/13600,(1)停机过程,1,2025-09-04 15:15:52,2025-09-04 15:16:47,55,0.02
506,L06,#12,GW252/13600,(5)发电状态,5,2025-09-04 14:55:00,2025-09-04 15:15:52,1252,0.35
507,L06,#12,GW252/13600,(4)启机状态,4,2025-09-04 14:53:09,2025-09-04 14:55:00,111,0.03
508,L06,#12,GW252/13600,(3)待机状态,3,2025-09-04 11:50:22,2025-09-04 14:53:09,10967,3.05
509,L06,#12,GW252/13600,(2)停机状态,2,2025-09-04 11:48:59,2025-09-04 11:50:22,83,0.02
510,L06,#12,GW252/13600,(1)停机过程,1,2025-09-04 11:48:03,2025-09-04 11:48:59,56,0.02
511,L06,#12,GW252/13600,(5)发电状态,5,2025-09-04 10:09:04,2025-09-04 11:48:03,5939,1.65
512,L06,#12,GW252/13600,(4)启机状态,4,2025-09-04 10:07:12,2025-09-04 10:09:04,112,0.03
513,L06,#12,GW252/13600,(3)待机状态,3,2025-09-04 04:10:34,2025-09-04 10:07:12,21398,5.94
514,L06,#12,GW252/13600,(2)停机状态,2,2025-09-04 04:04:57,2025-09-04 04:10:34,337,0.09
515,L06,#12,GW252/13600,(1)停机过程,1,2025-09-04 04:04:00,2025-09-04 04:04:57,57,0.02
516,L06,#12,GW252/13600,(5)发电状态,5,2025-09-03 21:02:00,2025-09-04 04:04:00,25320,7.03
517,L06,#12,GW252/13600,(4)启机状态,4,2025-09-03 21:00:08,2025-09-03 21:02:00,112,0.03
518,L06,#12,GW252/13600,(3)待机状态,3,2025-09-03 06:16:56,2025-09-03 21:00:08,52992,14.72
519,L06,#12,GW252/13600,(2)停机状态,2,2025-09-03 06:14:13,2025-09-03 06:16:56,163,0.05
520,L06,#12,GW252/13600,(1)停机过程,1,2025-09-03 06:13:17,2025-09-03 06:14:13,56,0.02
521,L06,#12,GW252/13600,(5)发电状态,5,2025-09-02 16:33:13,2025-09-03 06:13:17,49204,13.67
522,L06,#12,GW252/13600,(4)启机状态,4,2025-09-02 16:31:23,2025-09-02 16:33:13,110,0.03
523,L06,#12,GW252/13600,(3)待机状态,3,2025-09-02 14:23:02,2025-09-02 16:31:23,7701,2.14
524,L06,#12,GW252/13600,(2)停机状态,2,2025-09-02 14:22:53,2025-09-02 14:23:02,9,0
525,L06,#12,GW252/13600,(1)停机过程,1,2025-09-02 14:21:57,2025-09-02 14:22:53,56,0.02
526,L06,#12,GW252/13600,(5)发电状态,5,2025-09-02 12:48:34,2025-09-02 14:21:57,5603,1.56
527,L06,#12,GW252/13600,(4)启机状态,4,2025-09-02 12:46:57,2025-09-02 12:48:34,97,0.03
528,L06,#12,GW252/13600,(3)待机状态,3,2025-09-02 12:22:17,2025-09-02 12:46:57,1480,0.41
529,L06,#12,GW252/13600,(2)停机状态,2,2025-09-02 12:22:11,2025-09-02 12:22:17,6,0
530,L06,#12,GW252/13600,(1)停机过程,1,2025-09-02 12:21:15,2025-09-02 12:22:11,56,0.02
531,L06,#12,GW252/13600,(5)发电状态,5,2025-09-02 11:53:50,2025-09-02 12:21:15,1645,0.46
532,L06,#12,GW252/13600,(4)启机状态,4,2025-09-02 11:51:28,2025-09-02 11:53:50,142,0.04
533,L06,#12,GW252/13600,(3)待机状态,3,2025-09-02 10:37:21,2025-09-02 11:51:28,4447,1.24
534,L06,#12,GW252/13600,(2)停机状态,2,2025-09-02 10:31:43,2025-09-02 10:37:21,338,0.09
535,L06,#12,GW252/13600,(1)停机过程,1,2025-09-02 10:30:49,2025-09-02 10:31:43,54,0.02
536,L06,#12,GW252/13600,(5)发电状态,5,2025-09-02 09:48:47,2025-09-02 10:30:49,2522,0.7
537,L06,#12,GW252/13600,(4)启机状态,4,2025-09-02 09:46:49,2025-09-02 09:48:47,118,0.03
538,L06,#12,GW252/13600,(3)待机状态,3,2025-09-02 06:35:21,2025-09-02 09:46:49,11488,3.19
539,L06,#12,GW252/13600,(2)停机状态,2,2025-09-02 06:35:20,2025-09-02 06:35:21,1,0
540,L06,#12,GW252/13600,(1)停机过程,1,2025-09-02 06:34:25,2025-09-02 06:35:20,55,0.02
541,L06,#12,GW252/13600,(5)发电状态,5,2025-09-02 06:20:43,2025-09-02 06:34:25,822,0.23
542,L06,#12,GW252/13600,(4)启机状态,4,2025-09-02 06:19:38,2025-09-02 06:20:43,65,0.02
543,L06,#12,GW252/13600,(3)待机状态,3,2025-09-02 04:53:15,2025-09-02 06:19:38,5183,1.44
544,L06,#12,GW252/13600,(2)停机状态,2,2025-09-02 04:50:53,2025-09-02 04:53:15,142,0.04
545,L06,#12,GW252/13600,(1)停机过程,1,2025-09-02 04:49:58,2025-09-02 04:50:53,55,0.02
546,L06,#12,GW252/13600,(5)发电状态,5,2025-09-01 07:01:12,2025-09-02 04:49:58,78526,21.81
547,L06,#12,GW252/13600,(4)启机状态,4,2025-09-01 06:59:14,2025-09-01 07:01:12,118,0.03
548,L06,#12,GW252/13600,(3)待机状态,3,2025-09-01 06:18:48,2025-09-01 06:59:14,2426,0.67
549,L06,#12,GW252/13600,(2)停机状态,2,2025-09-01 05:42:07,2025-09-01 06:18:48,2201,0.61
550,L06,#12,GW252/13600,(1)停机过程,1,2025-09-01 05:41:11,2025-09-01 05:42:07,56,0.02
551,L06,#12,GW252/13600,(5)发电状态,5,2025-08-31 01:32:34,2025-09-01 05:41:11,101317,28.14
552,L06,#12,GW252/13600,(4)启机状态,4,2025-08-31 01:31:45,2025-08-31 01:32:34,49,0.01
553,L06,#12,GW252/13600,(3)待机状态,3,2025-08-31 01:31:05,2025-08-31 01:31:45,40,0.01
554,L06,#12,GW252/13600,(2)停机状态,2,2025-08-31 01:31:04,2025-08-31 01:31:05,1,0
555,L06,#12,GW252/13600,(1)停机过程,1,2025-08-31 01:30:55,2025-08-31 01:31:04,9,0
556,L06,#12,GW252/13600,(9)维护状态,9,2025-08-31 01:30:28,2025-08-31 01:30:55,27,0.01
557,L06,#12,GW252/13600,(2)停机状态,2,2025-08-31 01:26:17,2025-08-31 01:30:28,251,0.07
558,L06,#12,GW252/13600,(1)停机过程,1,2025-08-31 01:26:11,2025-08-31 01:26:17,6,0
559,L06,#12,GW252/13600,(9)维护状态,9,2025-08-31 01:22:28,2025-08-31 01:26:11,223,0.06
560,L06,#12,GW252/13600,(1)停机过程,1,2025-08-31 01:21:09,2025-08-31 01:22:28,79,0.02
561,L06,#12,GW252/13600,(5)发电状态,5,2025-08-27 19:38:23,2025-08-31 01:21:09,279766,77.71
562,L06,#12,GW252/13600,(4)启机状态,4,2025-08-27 19:36:09,2025-08-27 19:38:23,134,0.04
563,L06,#12,GW252/13600,(3)待机状态,3,2025-08-27 19:03:53,2025-08-27 19:36:09,1936,0.54
564,L06,#12,GW252/13600,(2)停机状态,2,2025-08-27 18:51:24,2025-08-27 19:03:53,749,0.21
565,L06,#12,GW252/13600,(1)停机过程,1,2025-08-27 18:50:52,2025-08-27 18:51:24,32,0.01
566,L06,#12,GW252/13600,(3)待机状态,3,2025-08-27 11:22:20,2025-08-27 18:50:52,26912,7.48
567,L06,#12,GW252/13600,(2)停机状态,2,2025-08-27 11:20:05,2025-08-27 11:22:20,135,0.04
568,L06,#12,GW252/13600,(1)停机过程,1,2025-08-27 11:19:09,2025-08-27 11:20:05,56,0.02
569,L06,#12,GW252/13600,(5)发电状态,5,2025-08-27 10:26:50,2025-08-27 11:19:09,3139,0.87
570,L06,#12,GW252/13600,(4)启机状态,4,2025-08-27 10:24:59,2025-08-27 10:26:50,111,0.03
571,L06,#12,GW252/13600,(3)待机状态,3,2025-08-27 02:40:13,2025-08-27 10:24:59,27886,7.75
572,L06,#12,GW252/13600,(2)停机状态,2,2025-08-27 02:39:46,2025-08-27 02:40:13,27,0.01
573,L06,#12,GW252/13600,(1)停机过程,1,2025-08-27 02:38:51,2025-08-27 02:39:46,55,0.02
574,L06,#12,GW252/13600,(5)发电状态,5,2025-08-27 02:00:51,2025-08-27 02:38:51,2280,0.63
575,L06,#12,GW252/13600,(4)启机状态,4,2025-08-27 01:58:28,2025-08-27 02:00:51,143,0.04
576,L06,#12,GW252/13600,(3)待机状态,3,2025-08-27 01:31:16,2025-08-27 01:58:28,1632,0.45
577,L06,#12,GW252/13600,(2)停机状态,2,2025-08-27 01:30:49,2025-08-27 01:31:16,27,0.01
578,L06,#12,GW252/13600,(1)停机过程,1,2025-08-27 01:29:54,2025-08-27 01:30:49,55,0.02
579,L06,#12,GW252/13600,(5)发电状态,5,2025-08-26 12:13:37,2025-08-27 01:29:54,47777,13.27
580,L06,#12,GW252/13600,(4)启机状态,4,2025-08-26 12:10:53,2025-08-26 12:13:37,164,0.05
581,L06,#12,GW252/13600,(3)待机状态,3,2025-08-26 12:09:40,2025-08-26 12:10:53,73,0.02
582,L06,#12,GW252/13600,(2)停机状态,2,2025-08-26 12:08:09,2025-08-26 12:09:40,91,0.03
583,L06,#12,GW252/13600,(1)停机过程,1,2025-08-26 12:07:14,2025-08-26 12:08:09,55,0.02
584,L06,#12,GW252/13600,(5)发电状态,5,2025-08-23 09:23:21,2025-08-26 12:07:14,269033,74.73
585,L06,#12,GW252/13600,(4)启机状态,4,2025-08-23 09:21:40,2025-08-23 09:23:21,101,0.03
586,L06,#12,GW252/13600,(3)待机状态,3,2025-08-23 01:30:16,2025-08-23 09:21:40,28284,7.86
587,L06,#12,GW252/13600,(2)停机状态,2,2025-08-23 01:30:12,2025-08-23 01:30:16,4,0
588,L06,#12,GW252/13600,(1)停机过程,1,2025-08-23 01:30:02,2025-08-23 01:30:12,10,0
589,L06,#12,GW252/13600,(9)维护状态,9,2025-08-23 01:29:27,2025-08-23 01:30:02,35,0.01
590,L06,#12,GW252/13600,(2)停机状态,2,2025-08-23 01:26:49,2025-08-23 01:29:27,158,0.04
591,L06,#12,GW252/13600,(1)停机过程,1,2025-08-23 01:26:45,2025-08-23 01:26:49,4,0
592,L06,#12,GW252/13600,(9)维护状态,9,2025-08-23 01:22:58,2025-08-23 01:26:45,227,0.06
593,L06,#12,GW252/13600,(1)停机过程,1,2025-08-23 01:22:27,2025-08-23 01:22:58,31,0.01
594,L06,#12,GW252/13600,(3)待机状态,3,2025-08-23 00:30:03,2025-08-23 01:22:27,3144,0.87
595,L06,#12,GW252/13600,(2)停机状态,2,2025-08-23 00:30:02,2025-08-23 00:30:03,1,0
596,L06,#12,GW252/13600,(1)停机过程,1,2025-08-23 00:29:29,2025-08-23 00:30:02,33,0.01
597,L06,#12,GW252/13600,(4)启机状态,4,2025-08-23 00:24:29,2025-08-23 00:29:29,300,0.08
598,L06,#12,GW252/13600,(3)待机状态,3,2025-08-23 00:23:04,2025-08-23 00:24:29,85,0.02
599,L06,#12,GW252/13600,(2)停机状态,2,2025-08-23 00:23:02,2025-08-23 00:23:04,2,0
600,L06,#12,GW252/13600,(1)停机过程,1,2025-08-23 00:22:31,2025-08-23 00:23:02,31,0.01
601,L06,#12,GW252/13600,(4)启机状态,4,2025-08-23 00:17:31,2025-08-23 00:22:31,300,0.08
602,L06,#12,GW252/13600,(3)待机状态,3,2025-08-23 00:16:00,2025-08-23 00:17:31,91,0.03
603,L06,#12,GW252/13600,(2)停机状态,2,2025-08-23 00:15:58,2025-08-23 00:16:00,2,0
604,L06,#12,GW252/13600,(1)停机过程,1,2025-08-23 00:15:28,2025-08-23 00:15:58,30,0.01
605,L06,#12,GW252/13600,(4)启机状态,4,2025-08-23 00:10:27,2025-08-23 00:15:28,301,0.08
606,L06,#12,GW252/13600,(3)待机状态,3,2025-08-23 00:08:40,2025-08-23 00:10:27,107,0.03
607,L06,#12,GW252/13600,(1)停机过程,1,2025-08-23 00:08:10,2025-08-23 00:08:40,30,0.01
608,L06,#12,GW252/13600,(4)启机状态,4,2025-08-23 00:03:09,2025-08-23 00:08:10,301,0.08
609,L06,#12,GW252/13600,(3)待机状态,3,2025-08-22 23:52:46,2025-08-23 00:03:09,623,0.17
610,L06,#12,GW252/13600,(2)停机状态,2,2025-08-22 23:52:44,2025-08-22 23:52:46,2,0
611,L06,#12,GW252/13600,(1)停机过程,1,2025-08-22 23:52:13,2025-08-22 23:52:44,31,0.01
612,L06,#12,GW252/13600,(4)启机状态,4,2025-08-22 23:47:13,2025-08-22 23:52:13,300,0.08
613,L06,#12,GW252/13600,(3)待机状态,3,2025-08-22 23:06:20,2025-08-22 23:47:13,2453,0.68
614,L06,#12,GW252/13600,(2)停机状态,2,2025-08-22 23:04:09,2025-08-22 23:06:20,131,0.04
615,L06,#12,GW252/13600,(1)停机过程,1,2025-08-22 23:03:11,2025-08-22 23:04:09,58,0.02
616,L06,#12,GW252/13600,(5)发电状态,5,2025-08-22 19:27:43,2025-08-22 23:03:11,12928,3.59
617,L06,#12,GW252/13600,(4)启机状态,4,2025-08-22 19:26:14,2025-08-22 19:27:43,89,0.02
618,L06,#12,GW252/13600,(3)待机状态,3,2025-08-22 19:25:21,2025-08-22 19:26:14,53,0.01
619,L06,#12,GW252/13600,(2)停机状态,2,2025-08-22 19:25:19,2025-08-22 19:25:21,2,0
620,L06,#12,GW252/13600,(1)停机过程,1,2025-08-22 19:24:23,2025-08-22 19:25:19,56,0.02
621,L06,#12,GW252/13600,(4)启机状态,4,2025-08-22 19:19:22,2025-08-22 19:24:23,301,0.08
622,L06,#12,GW252/13600,(3)待机状态,3,2025-08-22 19:18:15,2025-08-22 19:19:22,67,0.02
623,L06,#12,GW252/13600,(2)停机状态,2,2025-08-22 19:18:14,2025-08-22 19:18:15,1,0
624,L06,#12,GW252/13600,(1)停机过程,1,2025-08-22 19:17:42,2025-08-22 19:18:14,32,0.01
625,L06,#12,GW252/13600,(4)启机状态,4,2025-08-22 19:12:42,2025-08-22 19:17:42,300,0.08
626,L06,#12,GW252/13600,(3)待机状态,3,2025-08-22 19:08:10,2025-08-22 19:12:42,272,0.08
627,L06,#12,GW252/13600,(2)停机状态,2,2025-08-22 19:08:08,2025-08-22 19:08:10,2,0
628,L06,#12,GW252/13600,(1)停机过程,1,2025-08-22 19:07:37,2025-08-22 19:08:08,31,0.01
629,L06,#12,GW252/13600,(4)启机状态,4,2025-08-22 19:02:37,2025-08-22 19:07:37,300,0.08
630,L06,#12,GW252/13600,(3)待机状态,3,2025-08-22 19:00:58,2025-08-22 19:02:37,99,0.03
631,L06,#12,GW252/13600,(2)停机状态,2,2025-08-22 19:00:56,2025-08-22 19:00:58,2,0
632,L06,#12,GW252/13600,(1)停机过程,1,2025-08-22 19:00:26,2025-08-22 19:00:56,30,0.01
633,L06,#12,GW252/13600,(4)启机状态,4,2025-08-22 18:55:26,2025-08-22 19:00:26,300,0.08
634,L06,#12,GW252/13600,(3)待机状态,3,2025-08-22 18:48:33,2025-08-22 18:55:26,413,0.11
635,L06,#12,GW252/13600,(2)停机状态,2,2025-08-22 18:48:31,2025-08-22 18:48:33,2,0
636,L06,#12,GW252/13600,(1)停机过程,1,2025-08-22 18:48:01,2025-08-22 18:48:31,30,0.01
637,L06,#12,GW252/13600,(4)启机状态,4,2025-08-22 18:43:00,2025-08-22 18:48:01,301,0.08
638,L06,#12,GW252/13600,(3)待机状态,3,2025-08-22 18:41:36,2025-08-22 18:43:00,84,0.02
639,L06,#12,GW252/13600,(1)停机过程,1,2025-08-22 18:41:05,2025-08-22 18:41:36,31,0.01
640,L06,#12,GW252/13600,(4)启机状态,4,2025-08-22 18:36:05,2025-08-22 18:41:05,300,0.08
641,L06,#12,GW252/13600,(3)待机状态,3,2025-08-22 18:34:59,2025-08-22 18:36:05,66,0.02
642,L06,#12,GW252/13600,(2)停机状态,2,2025-08-22 18:34:58,2025-08-22 18:34:59,1,0
643,L06,#12,GW252/13600,(1)停机过程,1,2025-08-22 18:34:25,2025-08-22 18:34:58,33,0.01
644,L06,#12,GW252/13600,(4)启机状态,4,2025-08-22 18:29:25,2025-08-22 18:34:25,300,0.08
645,L06,#12,GW252/13600,(3)待机状态,3,2025-08-22 18:28:11,2025-08-22 18:29:25,74,0.02
646,L06,#12,GW252/13600,(2)停机状态,2,2025-08-22 18:28:10,2025-08-22 18:28:11,1,0
647,L06,#12,GW252/13600,(1)停机过程,1,2025-08-22 18:27:40,2025-08-22 18:28:10,30,0.01
648,L06,#12,GW252/13600,(4)启机状态,4,2025-08-22 18:22:39,2025-08-22 18:27:40,301,0.08
649,L06,#12,GW252/13600,(3)待机状态,3,2025-08-22 18:18:45,2025-08-22 18:22:39,234,0.07
650,L06,#12,GW252/13600,(2)停机状态,2,2025-08-22 18:18:43,2025-08-22 18:18:45,2,0
651,L06,#12,GW252/13600,(1)停机过程,1,2025-08-22 18:18:12,2025-08-22 18:18:43,31,0.01
652,L06,#12,GW252/13600,(4)启机状态,4,2025-08-22 18:13:12,2025-08-22 18:18:12,300,0.08
653,L06,#12,GW252/13600,(3)待机状态,3,2025-08-22 18:09:06,2025-08-22 18:13:12,246,0.07
654,L06,#12,GW252/13600,(2)停机状态,2,2025-08-22 18:09:04,2025-08-22 18:09:06,2,0
655,L06,#12,GW252/13600,(1)停机过程,1,2025-08-22 18:08:33,2025-08-22 18:09:04,31,0.01
656,L06,#12,GW252/13600,(4)启机状态,4,2025-08-22 18:03:33,2025-08-22 18:08:33,300,0.08
657,L06,#12,GW252/13600,(3)待机状态,3,2025-08-22 17:58:18,2025-08-22 18:03:33,315,0.09
658,L06,#12,GW252/13600,(2)停机状态,2,2025-08-22 17:58:13,2025-08-22 17:58:18,5,0
659,L06,#12,GW252/13600,(1)停机过程,1,2025-08-22 17:57:42,2025-08-22 17:58:13,31,0.01
660,L06,#12,GW252/13600,(4)启机状态,4,2025-08-22 17:52:43,2025-08-22 17:57:42,299,0.08
661,L06,#12,GW252/13600,(3)待机状态,3,2025-08-22 17:51:33,2025-08-22 17:52:43,70,0.02
662,L06,#12,GW252/13600,(2)停机状态,2,2025-08-22 17:51:32,2025-08-22 17:51:33,1,0
663,L06,#12,GW252/13600,(1)停机过程,1,2025-08-22 17:50:59,2025-08-22 17:51:32,33,0.01
664,L06,#12,GW252/13600,(4)启机状态,4,2025-08-22 17:45:59,2025-08-22 17:50:59,300,0.08
665,L06,#12,GW252/13600,(3)待机状态,3,2025-08-22 17:44:59,2025-08-22 17:45:59,60,0.02
666,L06,#12,GW252/13600,(2)停机状态,2,2025-08-22 17:44:58,2025-08-22 17:44:59,1,0
667,L06,#12,GW252/13600,(1)停机过程,1,2025-08-22 17:44:26,2025-08-22 17:44:58,32,0.01
668,L06,#12,GW252/13600,(4)启机状态,4,2025-08-22 17:39:26,2025-08-22 17:44:26,300,0.08
669,L06,#12,GW252/13600,(3)待机状态,3,2025-08-22 17:38:00,2025-08-22 17:39:26,86,0.02
670,L06,#12,GW252/13600,(2)停机状态,2,2025-08-22 17:37:57,2025-08-22 17:38:00,3,0
671,L06,#12,GW252/13600,(1)停机过程,1,2025-08-22 17:37:25,2025-08-22 17:37:57,32,0.01
672,L06,#12,GW252/13600,(4)启机状态,4,2025-08-22 17:32:25,2025-08-22 17:37:25,300,0.08
673,L06,#12,GW252/13600,(3)待机状态,3,2025-08-22 17:27:44,2025-08-22 17:32:25,281,0.08
674,L06,#12,GW252/13600,(2)停机状态,2,2025-08-22 17:27:42,2025-08-22 17:27:44,2,0
675,L06,#12,GW252/13600,(1)停机过程,1,2025-08-22 17:27:12,2025-08-22 17:27:42,30,0.01
676,L06,#12,GW252/13600,(4)启机状态,4,2025-08-22 17:22:12,2025-08-22 17:27:12,300,0.08
677,L06,#12,GW252/13600,(3)待机状态,3,2025-08-22 17:11:39,2025-08-22 17:22:12,633,0.18
678,L06,#12,GW252/13600,(2)停机状态,2,2025-08-22 17:11:38,2025-08-22 17:11:39,1,0
679,L06,#12,GW252/13600,(1)停机过程,1,2025-08-22 17:11:06,2025-08-22 17:11:38,32,0.01
680,L06,#12,GW252/13600,(4)启机状态,4,2025-08-22 17:06:05,2025-08-22 17:11:06,301,0.08
681,L06,#12,GW252/13600,(3)待机状态,3,2025-08-22 17:01:32,2025-08-22 17:06:05,273,0.08
682,L06,#12,GW252/13600,(2)停机状态,2,2025-08-22 17:01:06,2025-08-22 17:01:32,26,0.01
683,L06,#12,GW252/13600,(1)停机过程,1,2025-08-22 17:00:35,2025-08-22 17:01:06,31,0.01
684,L06,#12,GW252/13600,(4)启机状态,4,2025-08-22 16:55:35,2025-08-22 17:00:35,300,0.08
685,L06,#12,GW252/13600,(3)待机状态,3,2025-08-22 12:57:45,2025-08-22 16:55:35,14270,3.96
686,L06,#12,GW252/13600,(2)停机状态,2,2025-08-22 12:57:39,2025-08-22 12:57:45,6,0
687,L06,#12,GW252/13600,(1)停机过程,1,2025-08-22 12:57:06,2025-08-22 12:57:39,33,0.01
688,L06,#12,GW252/13600,(4)启机状态,4,2025-08-22 12:52:07,2025-08-22 12:57:06,299,0.08
689,L06,#12,GW252/13600,(3)待机状态,3,2025-08-22 09:52:26,2025-08-22 12:52:07,10781,2.99
690,L06,#12,GW252/13600,(1)停机过程,1,2025-08-22 09:51:54,2025-08-22 09:52:26,32,0.01
691,L06,#12,GW252/13600,(4)启机状态,4,2025-08-22 09:46:54,2025-08-22 09:51:54,300,0.08
692,L06,#12,GW252/13600,(3)待机状态,3,2025-08-22 09:45:23,2025-08-22 09:46:54,91,0.03
693,L06,#12,GW252/13600,(2)停机状态,2,2025-08-22 09:45:21,2025-08-22 09:45:23,2,0
694,L06,#12,GW252/13600,(1)停机过程,1,2025-08-22 09:44:50,2025-08-22 09:45:21,31,0.01
695,L06,#12,GW252/13600,(4)启机状态,4,2025-08-22 09:39:50,2025-08-22 09:44:50,300,0.08
696,L06,#12,GW252/13600,(3)待机状态,3,2025-08-22 09:37:13,2025-08-22 09:39:50,157,0.04
697,L06,#12,GW252/13600,(2)停机状态,2,2025-08-22 09:37:12,2025-08-22 09:37:13,1,0
698,L06,#12,GW252/13600,(1)停机过程,1,2025-08-22 09:36:41,2025-08-22 09:37:12,31,0.01
699,L06,#12,GW252/13600,(4)启机状态,4,2025-08-22 09:31:42,2025-08-22 09:36:41,299,0.08
700,L06,#12,GW252/13600,(3)待机状态,3,2025-08-22 09:30:21,2025-08-22 09:31:42,81,0.02
701,L06,#12,GW252/13600,(2)停机状态,2,2025-08-22 09:30:19,2025-08-22 09:30:21,2,0
702,L06,#12,GW252/13600,(1)停机过程,1,2025-08-22 09:29:47,2025-08-22 09:30:19,32,0.01
703,L06,#12,GW252/13600,(4)启机状态,4,2025-08-22 09:24:47,2025-08-22 09:29:47,300,0.08
704,L06,#12,GW252/13600,(3)待机状态,3,2025-08-22 09:15:08,2025-08-22 09:24:47,579,0.16
705,L06,#12,GW252/13600,(2)停机状态,2,2025-08-22 08:38:33,2025-08-22 09:15:08,2195,0.61
706,L06,#12,GW252/13600,(1)停机过程,1,2025-08-22 08:37:36,2025-08-22 08:38:33,57,0.02
707,L06,#12,GW252/13600,(5)发电状态,5,2025-08-15 14:56:11,2025-08-22 08:37:36,582085,161.69
708,L06,#12,GW252/13600,(4)启机状态,4,2025-08-15 14:54:00,2025-08-15 14:56:11,131,0.04
709,L06,#12,GW252/13600,(3)待机状态,3,2025-08-15 14:53:03,2025-08-15 14:54:00,57,0.02
710,L06,#12,GW252/13600,(2)停机状态,2,2025-08-15 14:53:00,2025-08-15 14:53:03,3,0
711,L06,#12,GW252/13600,(1)停机过程,1,2025-08-15 14:52:29,2025-08-15 14:53:00,31,0.01
712,L06,#12,GW252/13600,(4)启机状态,4,2025-08-15 14:47:28,2025-08-15 14:52:29,301,0.08
713,L06,#12,GW252/13600,(3)待机状态,3,2025-08-15 14:46:20,2025-08-15 14:47:28,68,0.02
714,L06,#12,GW252/13600,(2)停机状态,2,2025-08-15 14:46:18,2025-08-15 14:46:20,2,0
715,L06,#12,GW252/13600,(1)停机过程,1,2025-08-15 14:45:47,2025-08-15 14:46:18,31,0.01
716,L06,#12,GW252/13600,(4)启机状态,4,2025-08-15 14:40:47,2025-08-15 14:45:47,300,0.08
717,L06,#12,GW252/13600,(3)待机状态,3,2025-08-15 13:42:27,2025-08-15 14:40:47,3500,0.97
718,L06,#12,GW252/13600,(2)停机状态,2,2025-08-15 13:41:10,2025-08-15 13:42:27,77,0.02
719,L06,#12,GW252/13600,(1)停机过程,1,2025-08-15 13:40:13,2025-08-15 13:41:10,57,0.02
720,L06,#12,GW252/13600,(5)发电状态,5,2025-08-15 13:36:13,2025-08-15 13:40:13,240,0.07
721,L06,#12,GW252/13600,(4)启机状态,4,2025-08-15 13:35:09,2025-08-15 13:36:13,64,0.02
722,L06,#12,GW252/13600,(3)待机状态,3,2025-08-15 13:34:24,2025-08-15 13:35:09,45,0.01
723,L06,#12,GW252/13600,(1)停机过程,1,2025-08-15 13:33:46,2025-08-15 13:34:24,38,0.01
724,L06,#12,GW252/13600,(4)启机状态,4,2025-08-15 13:28:47,2025-08-15 13:33:46,299,0.08
725,L06,#12,GW252/13600,(3)待机状态,3,2025-08-15 13:26:34,2025-08-15 13:28:47,133,0.04
726,L06,#12,GW252/13600,(2)停机状态,2,2025-08-15 13:23:07,2025-08-15 13:26:34,207,0.06
727,L06,#12,GW252/13600,(1)停机过程,1,2025-08-15 13:22:10,2025-08-15 13:23:07,57,0.02
728,L06,#12,GW252/13600,(5)发电状态,5,2025-08-15 07:45:32,2025-08-15 13:22:10,20198,5.61
729,L06,#12,GW252/13600,(4)启机状态,4,2025-08-15 07:43:33,2025-08-15 07:45:32,119,0.03
730,L06,#12,GW252/13600,(3)待机状态,3,2025-08-15 07:28:09,2025-08-15 07:43:33,924,0.26
731,L06,#12,GW252/13600,(2)停机状态,2,2025-08-15 07:22:32,2025-08-15 07:28:09,337,0.09
732,L06,#12,GW252/13600,(1)停机过程,1,2025-08-15 07:21:36,2025-08-15 07:22:32,56,0.02
733,L06,#12,GW252/13600,(5)发电状态,5,2025-08-15 06:10:22,2025-08-15 07:21:36,4274,1.19
734,L06,#12,GW252/13600,(4)启机状态,4,2025-08-15 06:06:44,2025-08-15 06:10:22,218,0.06
735,L06,#12,GW252/13600,(3)待机状态,3,2025-08-15 06:04:02,2025-08-15 06:06:44,162,0.05
736,L06,#12,GW252/13600,(2)停机状态,2,2025-08-15 06:04:01,2025-08-15 06:04:02,1,0
737,L06,#12,GW252/13600,(1)停机过程,1,2025-08-15 06:03:03,2025-08-15 06:04:01,58,0.02
738,L06,#12,GW252/13600,(5)发电状态,5,2025-08-15 05:55:51,2025-08-15 06:03:03,432,0.12
739,L06,#12,GW252/13600,(4)启机状态,4,2025-08-15 05:54:19,2025-08-15 05:55:51,92,0.03
740,L06,#12,GW252/13600,(3)待机状态,3,2025-08-15 05:47:17,2025-08-15 05:54:19,422,0.12
741,L06,#12,GW252/13600,(2)停机状态,2,2025-08-15 05:47:16,2025-08-15 05:47:17,1,0
742,L06,#12,GW252/13600,(1)停机过程,1,2025-08-15 05:46:44,2025-08-15 05:47:16,32,0.01
743,L06,#12,GW252/13600,(3)待机状态,3,2025-08-15 05:46:23,2025-08-15 05:46:44,21,0.01
744,L06,#12,GW252/13600,(2)停机状态,2,2025-08-15 05:46:22,2025-08-15 05:46:23,1,0
745,L06,#12,GW252/13600,(1)停机过程,1,2025-08-15 05:45:53,2025-08-15 05:46:22,29,0.01
746,L06,#12,GW252/13600,(3)待机状态,3,2025-08-15 05:45:29,2025-08-15 05:45:53,24,0.01
747,L06,#12,GW252/13600,(1)停机过程,1,2025-08-15 05:44:59,2025-08-15 05:45:29,30,0.01
748,L06,#12,GW252/13600,(3)待机状态,3,2025-08-15 05:44:37,2025-08-15 05:44:59,22,0.01
749,L06,#12,GW252/13600,(1)停机过程,1,2025-08-15 05:44:04,2025-08-15 05:44:37,33,0.01
750,L06,#12,GW252/13600,(3)待机状态,3,2025-08-15 05:20:34,2025-08-15 05:44:04,1410,0.39
751,L06,#12,GW252/13600,(2)停机状态,2,2025-08-15 05:14:57,2025-08-15 05:20:34,337,0.09
752,L06,#12,GW252/13600,(1)停机过程,1,2025-08-15 05:13:59,2025-08-15 05:14:57,58,0.02
753,L06,#12,GW252/13600,(5)发电状态,5,2025-08-14 17:16:21,2025-08-15 05:13:59,43058,11.96
754,L06,#12,GW252/13600,(4)启机状态,4,2025-08-14 17:13:23,2025-08-14 17:16:21,178,0.05
755,L06,#12,GW252/13600,(3)待机状态,3,2025-08-14 17:11:26,2025-08-14 17:13:23,117,0.03
756,L06,#12,GW252/13600,(2)停机状态,2,2025-08-14 16:34:53,2025-08-14 17:11:26,2193,0.61
757,L06,#12,GW252/13600,(1)停机过程,1,2025-08-14 16:33:57,2025-08-14 16:34:53,56,0.02
758,L06,#12,GW252/13600,(5)发电状态,5,2025-08-14 01:14:38,2025-08-14 16:33:57,55159,15.32
759,L06,#12,GW252/13600,(4)启机状态,4,2025-08-14 01:10:31,2025-08-14 01:14:38,247,0.07
760,L06,#12,GW252/13600,(3)待机状态,3,2025-08-14 01:09:24,2025-08-14 01:10:31,67,0.02
761,L06,#12,GW252/13600,(2)停机状态,2,2025-08-14 01:09:23,2025-08-14 01:09:24,1,0
762,L06,#12,GW252/13600,(1)停机过程,1,2025-08-14 01:08:52,2025-08-14 01:09:23,31,0.01
763,L06,#12,GW252/13600,(4)启机状态,4,2025-08-14 01:03:50,2025-08-14 01:08:52,302,0.08
764,L06,#12,GW252/13600,(3)待机状态,3,2025-08-14 01:02:45,2025-08-14 01:03:50,65,0.02
765,L06,#12,GW252/13600,(2)停机状态,2,2025-08-14 01:02:44,2025-08-14 01:02:45,1,0
766,L06,#12,GW252/13600,(1)停机过程,1,2025-08-14 01:02:11,2025-08-14 01:02:44,33,0.01
767,L06,#12,GW252/13600,(4)启机状态,4,2025-08-14 00:57:12,2025-08-14 01:02:11,299,0.08
768,L06,#12,GW252/13600,(3)待机状态,3,2025-08-14 00:56:02,2025-08-14 00:57:12,70,0.02
769,L06,#12,GW252/13600,(2)停机状态,2,2025-08-14 00:56:01,2025-08-14 00:56:02,1,0
770,L06,#12,GW252/13600,(1)停机过程,1,2025-08-14 00:55:29,2025-08-14 00:56:01,32,0.01
771,L06,#12,GW252/13600,(4)启机状态,4,2025-08-14 00:50:28,2025-08-14 00:55:29,301,0.08
772,L06,#12,GW252/13600,(3)待机状态,3,2025-08-13 22:15:21,2025-08-14 00:50:28,9307,2.59
773,L06,#12,GW252/13600,(2)停机状态,2,2025-08-13 22:09:44,2025-08-13 22:15:21,337,0.09
774,L06,#12,GW252/13600,(1)停机过程,1,2025-08-13 22:08:47,2025-08-13 22:09:44,57,0.02
775,L06,#12,GW252/13600,(5)发电状态,5,2025-08-13 17:32:40,2025-08-13 22:08:47,16567,4.6
776,L06,#12,GW252/13600,(4)启机状态,4,2025-08-13 17:31:00,2025-08-13 17:32:40,100,0.03
777,L06,#12,GW252/13600,(3)待机状态,3,2025-08-13 17:30:02,2025-08-13 17:31:00,58,0.02
778,L06,#12,GW252/13600,(2)停机状态,2,2025-08-13 17:30:01,2025-08-13 17:30:02,1,0
779,L06,#12,GW252/13600,(1)停机过程,1,2025-08-13 17:29:08,2025-08-13 17:30:01,53,0.01
780,L06,#12,GW252/13600,(4)启机状态,4,2025-08-13 17:24:08,2025-08-13 17:29:08,300,0.08
781,L06,#12,GW252/13600,(3)待机状态,3,2025-08-13 17:23:00,2025-08-13 17:24:08,68,0.02
782,L06,#12,GW252/13600,(2)停机状态,2,2025-08-13 17:22:59,2025-08-13 17:23:00,1,0
783,L06,#12,GW252/13600,(1)停机过程,1,2025-08-13 17:22:28,2025-08-13 17:22:59,31,0.01
784,L06,#12,GW252/13600,(4)启机状态,4,2025-08-13 17:17:28,2025-08-13 17:22:28,300,0.08
785,L06,#12,GW252/13600,(3)待机状态,3,2025-08-13 17:16:15,2025-08-13 17:17:28,73,0.02
786,L06,#12,GW252/13600,(2)停机状态,2,2025-08-13 17:16:14,2025-08-13 17:16:15,1,0
787,L06,#12,GW252/13600,(1)停机过程,1,2025-08-13 17:15:43,2025-08-13 17:16:14,31,0.01
788,L06,#12,GW252/13600,(4)启机状态,4,2025-08-13 17:10:43,2025-08-13 17:15:43,300,0.08
789,L06,#12,GW252/13600,(3)待机状态,3,2025-08-13 17:09:38,2025-08-13 17:10:43,65,0.02
790,L06,#12,GW252/13600,(2)停机状态,2,2025-08-13 17:09:36,2025-08-13 17:09:38,2,0
791,L06,#12,GW252/13600,(1)停机过程,1,2025-08-13 17:09:05,2025-08-13 17:09:36,31,0.01
792,L06,#12,GW252/13600,(4)启机状态,4,2025-08-13 17:04:04,2025-08-13 17:09:05,301,0.08
793,L06,#12,GW252/13600,(3)待机状态,3,2025-08-13 17:02:55,2025-08-13 17:04:04,69,0.02
794,L06,#12,GW252/13600,(2)停机状态,2,2025-08-13 17:02:52,2025-08-13 17:02:55,3,0
795,L06,#12,GW252/13600,(1)停机过程,1,2025-08-13 17:02:20,2025-08-13 17:02:52,32,0.01
796,L06,#12,GW252/13600,(4)启机状态,4,2025-08-13 16:57:20,2025-08-13 17:02:20,300,0.08
797,L06,#12,GW252/13600,(3)待机状态,3,2025-08-13 16:56:12,2025-08-13 16:57:20,68,0.02
798,L06,#12,GW252/13600,(2)停机状态,2,2025-08-13 16:56:11,2025-08-13 16:56:12,1,0
799,L06,#12,GW252/13600,(1)停机过程,1,2025-08-13 16:55:39,2025-08-13 16:56:11,32,0.01
800,L06,#12,GW252/13600,(4)启机状态,4,2025-08-13 16:50:40,2025-08-13 16:55:39,299,0.08
801,L06,#12,GW252/13600,(3)待机状态,3,2025-08-13 16:36:36,2025-08-13 16:50:40,844,0.23
802,L06,#12,GW252/13600,(2)停机状态,2,2025-08-13 16:36:11,2025-08-13 16:36:36,25,0.01
803,L06,#12,GW252/13600,(1)停机过程,1,2025-08-13 16:35:39,2025-08-13 16:36:11,32,0.01
804,L06,#12,GW252/13600,(4)启机状态,4,2025-08-13 16:30:39,2025-08-13 16:35:39,300,0.08
805,L06,#12,GW252/13600,(3)待机状态,3,2025-08-13 16:29:24,2025-08-13 16:30:39,75,0.02
806,L06,#12,GW252/13600,(2)停机状态,2,2025-08-13 16:29:23,2025-08-13 16:29:24,1,0
807,L06,#12,GW252/13600,(1)停机过程,1,2025-08-13 16:28:52,2025-08-13 16:29:23,31,0.01
808,L06,#12,GW252/13600,(4)启机状态,4,2025-08-13 16:23:52,2025-08-13 16:28:52,300,0.08
809,L06,#12,GW252/13600,(3)待机状态,3,2025-08-13 14:30:38,2025-08-13 16:23:52,6794,1.89
810,L06,#12,GW252/13600,(2)停机状态,2,2025-08-13 14:30:36,2025-08-13 14:30:38,2,0
811,L06,#12,GW252/13600,(1)停机过程,1,2025-08-13 14:30:05,2025-08-13 14:30:36,31,0.01
812,L06,#12,GW252/13600,(4)启机状态,4,2025-08-13 14:25:04,2025-08-13 14:30:05,301,0.08
813,L06,#12,GW252/13600,(3)待机状态,3,2025-08-13 13:57:03,2025-08-13 14:25:04,1681,0.47
814,L06,#12,GW252/13600,(2)停机状态,2,2025-08-13 13:52:31,2025-08-13 13:57:03,272,0.08
815,L06,#12,GW252/13600,(1)停机过程,1,2025-08-13 13:51:33,2025-08-13 13:52:31,58,0.02
816,L06,#12,GW252/13600,(5)发电状态,5,2025-08-13 11:42:15,2025-08-13 13:51:33,7758,2.16
817,L06,#12,GW252/13600,(4)启机状态,4,2025-08-13 11:38:39,2025-08-13 11:42:15,216,0.06
818,L06,#12,GW252/13600,(3)待机状态,3,2025-08-13 11:37:26,2025-08-13 11:38:39,73,0.02
819,L06,#12,GW252/13600,(2)停机状态,2,2025-08-13 11:37:25,2025-08-13 11:37:26,1,0
820,L06,#12,GW252/13600,(1)停机过程,1,2025-08-13 11:36:54,2025-08-13 11:37:25,31,0.01
821,L06,#12,GW252/13600,(4)启机状态,4,2025-08-13 11:31:54,2025-08-13 11:36:54,300,0.08
822,L06,#12,GW252/13600,(3)待机状态,3,2025-08-13 11:24:37,2025-08-13 11:31:54,437,0.12
823,L06,#12,GW252/13600,(2)停机状态,2,2025-08-13 11:24:36,2025-08-13 11:24:37,1,0
824,L06,#12,GW252/13600,(1)停机过程,1,2025-08-13 11:24:04,2025-08-13 11:24:36,32,0.01
825,L06,#12,GW252/13600,(4)启机状态,4,2025-08-13 11:19:04,2025-08-13 11:24:04,300,0.08
826,L06,#12,GW252/13600,(3)待机状态,3,2025-08-13 10:32:22,2025-08-13 11:19:04,2802,0.78
827,L06,#12,GW252/13600,(2)停机状态,2,2025-08-13 10:28:54,2025-08-13 10:32:22,208,0.06
828,L06,#12,GW252/13600,(1)停机过程,1,2025-08-13 10:27:57,2025-08-13 10:28:54,57,0.02
829,L06,#12,GW252/13600,(5)发电状态,5,2025-08-13 07:47:49,2025-08-13 10:27:57,9608,2.67
830,L06,#12,GW252/13600,(4)启机状态,4,2025-08-13 07:45:52,2025-08-13 07:47:49,117,0.03
831,L06,#12,GW252/13600,(3)待机状态,3,2025-08-13 07:44:56,2025-08-13 07:45:52,56,0.02
832,L06,#12,GW252/13600,(2)停机状态,2,2025-08-13 07:44:54,2025-08-13 07:44:56,2,0
833,L06,#12,GW252/13600,(1)停机过程,1,2025-08-13 07:44:23,2025-08-13 07:44:54,31,0.01
834,L06,#12,GW252/13600,(4)启机状态,4,2025-08-13 07:39:23,2025-08-13 07:44:23,300,0.08
835,L06,#12,GW252/13600,(3)待机状态,3,2025-08-13 07:31:43,2025-08-13 07:39:23,460,0.13
836,L06,#12,GW252/13600,(2)停机状态,2,2025-08-13 07:31:42,2025-08-13 07:31:43,1,0
837,L06,#12,GW252/13600,(1)停机过程,1,2025-08-13 07:31:11,2025-08-13 07:31:42,31,0.01
838,L06,#12,GW252/13600,(4)启机状态,4,2025-08-13 07:26:10,2025-08-13 07:31:11,301,0.08
839,L06,#12,GW252/13600,(3)待机状态,3,2025-08-13 07:24:59,2025-08-13 07:26:10,71,0.02
840,L06,#12,GW252/13600,(2)停机状态,2,2025-08-13 07:24:57,2025-08-13 07:24:59,2,0
841,L06,#12,GW252/13600,(1)停机过程,1,2025-08-13 07:24:26,2025-08-13 07:24:57,31,0.01
842,L06,#12,GW252/13600,(4)启机状态,4,2025-08-13 07:19:25,2025-08-13 07:24:26,301,0.08
843,L06,#12,GW252/13600,(3)待机状态,3,2025-08-13 07:17:18,2025-08-13 07:19:25,127,0.04
844,L06,#12,GW252/13600,(2)停机状态,2,2025-08-13 07:16:52,2025-08-13 07:17:18,26,0.01
845,L06,#12,GW252/13600,(1)停机过程,1,2025-08-13 07:15:56,2025-08-13 07:16:52,56,0.02
846,L06,#12,GW252/13600,(5)发电状态,5,2025-08-12 16:10:31,2025-08-13 07:15:56,54325,15.09
847,L06,#12,GW252/13600,(4)启机状态,4,2025-08-12 16:06:27,2025-08-12 16:10:31,244,0.07
848,L06,#12,GW252/13600,(3)待机状态,3,2025-08-12 16:05:03,2025-08-12 16:06:27,84,0.02
849,L06,#12,GW252/13600,(2)停机状态,2,2025-08-12 16:05:01,2025-08-12 16:05:03,2,0
850,L06,#12,GW252/13600,(1)停机过程,1,2025-08-12 16:04:30,2025-08-12 16:05:01,31,0.01
851,L06,#12,GW252/13600,(4)启机状态,4,2025-08-12 15:59:31,2025-08-12 16:04:30,299,0.08
852,L06,#12,GW252/13600,(3)待机状态,3,2025-08-12 15:58:33,2025-08-12 15:59:31,58,0.02
853,L06,#12,GW252/13600,(2)停机状态,2,2025-08-12 15:58:32,2025-08-12 15:58:33,1,0
854,L06,#12,GW252/13600,(1)停机过程,1,2025-08-12 15:58:01,2025-08-12 15:58:32,31,0.01
855,L06,#12,GW252/13600,(4)启机状态,4,2025-08-12 15:53:00,2025-08-12 15:58:01,301,0.08
856,L06,#12,GW252/13600,(3)待机状态,3,2025-08-12 15:49:24,2025-08-12 15:53:00,216,0.06
857,L06,#12,GW252/13600,(2)停机状态,2,2025-08-12 15:49:22,2025-08-12 15:49:24,2,0
858,L06,#12,GW252/13600,(1)停机过程,1,2025-08-12 15:48:50,2025-08-12 15:49:22,32,0.01
859,L06,#12,GW252/13600,(4)启机状态,4,2025-08-12 15:43:51,2025-08-12 15:48:50,299,0.08
860,L06,#12,GW252/13600,(3)待机状态,3,2025-08-12 15:42:19,2025-08-12 15:43:51,92,0.03
861,L06,#12,GW252/13600,(2)停机状态,2,2025-08-12 15:42:18,2025-08-12 15:42:19,1,0
862,L06,#12,GW252/13600,(1)停机过程,1,2025-08-12 15:41:45,2025-08-12 15:42:18,33,0.01
863,L06,#12,GW252/13600,(4)启机状态,4,2025-08-12 15:36:45,2025-08-12 15:41:45,300,0.08
864,L06,#12,GW252/13600,(3)待机状态,3,2025-08-12 15:35:42,2025-08-12 15:36:45,63,0.02
865,L06,#12,GW252/13600,(1)停机过程,1,2025-08-12 15:35:11,2025-08-12 15:35:42,31,0.01
866,L06,#12,GW252/13600,(4)启机状态,4,2025-08-12 15:30:11,2025-08-12 15:35:11,300,0.08
867,L06,#12,GW252/13600,(3)待机状态,3,2025-08-12 15:27:15,2025-08-12 15:30:11,176,0.05
868,L06,#12,GW252/13600,(2)停机状态,2,2025-08-12 15:27:13,2025-08-12 15:27:15,2,0
869,L06,#12,GW252/13600,(1)停机过程,1,2025-08-12 15:26:43,2025-08-12 15:27:13,30,0.01
870,L06,#12,GW252/13600,(4)启机状态,4,2025-08-12 15:21:43,2025-08-12 15:26:43,300,0.08
871,L06,#12,GW252/13600,(3)待机状态,3,2025-08-12 15:20:18,2025-08-12 15:21:43,85,0.02
872,L06,#12,GW252/13600,(2)停机状态,2,2025-08-12 15:20:16,2025-08-12 15:20:18,2,0
873,L06,#12,GW252/13600,(1)停机过程,1,2025-08-12 15:19:44,2025-08-12 15:20:16,32,0.01
874,L06,#12,GW252/13600,(4)启机状态,4,2025-08-12 15:14:45,2025-08-12 15:19:44,299,0.08
875,L06,#12,GW252/13600,(3)待机状态,3,2025-08-12 15:13:30,2025-08-12 15:14:45,75,0.02
876,L06,#12,GW252/13600,(2)停机状态,2,2025-08-12 15:13:29,2025-08-12 15:13:30,1,0
877,L06,#12,GW252/13600,(1)停机过程,1,2025-08-12 15:12:56,2025-08-12 15:13:29,33,0.01
878,L06,#12,GW252/13600,(4)启机状态,4,2025-08-12 15:07:56,2025-08-12 15:12:56,300,0.08
879,L06,#12,GW252/13600,(3)待机状态,3,2025-08-12 15:06:55,2025-08-12 15:07:56,61,0.02
880,L06,#12,GW252/13600,(2)停机状态,2,2025-08-12 15:06:54,2025-08-12 15:06:55,1,0
881,L06,#12,GW252/13600,(1)停机过程,1,2025-08-12 15:06:23,2025-08-12 15:06:54,31,0.01
882,L06,#12,GW252/13600,(4)启机状态,4,2025-08-12 15:01:23,2025-08-12 15:06:23,300,0.08
883,L06,#12,GW252/13600,(3)待机状态,3,2025-08-12 14:59:38,2025-08-12 15:01:23,105,0.03
884,L06,#12,GW252/13600,(2)停机状态,2,2025-08-12 14:59:37,2025-08-12 14:59:38,1,0
885,L06,#12,GW252/13600,(1)停机过程,1,2025-08-12 14:59:06,2025-08-12 14:59:37,31,0.01
886,L06,#12,GW252/13600,(4)启机状态,4,2025-08-12 14:54:06,2025-08-12 14:59:06,300,0.08
887,L06,#12,GW252/13600,(3)待机状态,3,2025-08-12 14:53:02,2025-08-12 14:54:06,64,0.02
888,L06,#12,GW252/13600,(1)停机过程,1,2025-08-12 14:52:29,2025-08-12 14:53:02,33,0.01
889,L06,#12,GW252/13600,(4)启机状态,4,2025-08-12 14:47:29,2025-08-12 14:52:29,300,0.08
890,L06,#12,GW252/13600,(3)待机状态,3,2025-08-12 14:39:55,2025-08-12 14:47:29,454,0.13
891,L06,#12,GW252/13600,(2)停机状态,2,2025-08-12 14:39:54,2025-08-12 14:39:55,1,0
892,L06,#12,GW252/13600,(1)停机过程,1,2025-08-12 14:39:23,2025-08-12 14:39:54,31,0.01
893,L06,#12,GW252/13600,(4)启机状态,4,2025-08-12 14:34:23,2025-08-12 14:39:23,300,0.08
894,L06,#12,GW252/13600,(3)待机状态,3,2025-08-12 12:50:09,2025-08-12 14:34:23,6254,1.74
895,L06,#12,GW252/13600,(2)停机状态,2,2025-08-12 12:44:32,2025-08-12 12:50:09,337,0.09
896,L06,#12,GW252/13600,(1)停机过程,1,2025-08-12 12:43:35,2025-08-12 12:44:32,57,0.02
897,L06,#12,GW252/13600,(5)发电状态,5,2025-08-11 17:09:27,2025-08-12 12:43:35,70448,19.57
898,L06,#12,GW252/13600,(4)启机状态,4,2025-08-11 17:07:51,2025-08-11 17:09:27,96,0.03
899,L06,#12,GW252/13600,(3)待机状态,3,2025-08-11 17:06:53,2025-08-11 17:07:51,58,0.02
900,L06,#12,GW252/13600,(2)停机状态,2,2025-08-11 17:06:51,2025-08-11 17:06:53,2,0
901,L06,#12,GW252/13600,(1)停机过程,1,2025-08-11 17:06:20,2025-08-11 17:06:51,31,0.01
902,L06,#12,GW252/13600,(4)启机状态,4,2025-08-11 17:01:20,2025-08-11 17:06:20,300,0.08
903,L06,#12,GW252/13600,(3)待机状态,3,2025-08-11 17:00:15,2025-08-11 17:01:20,65,0.02
904,L06,#12,GW252/13600,(2)停机状态,2,2025-08-11 17:00:14,2025-08-11 17:00:15,1,0
905,L06,#12,GW252/13600,(1)停机过程,1,2025-08-11 16:59:42,2025-08-11 17:00:14,32,0.01
906,L06,#12,GW252/13600,(4)启机状态,4,2025-08-11 16:54:42,2025-08-11 16:59:42,300,0.08
907,L06,#12,GW252/13600,(3)待机状态,3,2025-08-11 16:53:29,2025-08-11 16:54:42,73,0.02
908,L06,#12,GW252/13600,(2)停机状态,2,2025-08-11 16:53:27,2025-08-11 16:53:29,2,0
909,L06,#12,GW252/13600,(1)停机过程,1,2025-08-11 16:52:56,2025-08-11 16:53:27,31,0.01
910,L06,#12,GW252/13600,(4)启机状态,4,2025-08-11 16:47:56,2025-08-11 16:52:56,300,0.08
911,L06,#12,GW252/13600,(3)待机状态,3,2025-08-11 16:46:53,2025-08-11 16:47:56,63,0.02
912,L06,#12,GW252/13600,(2)停机状态,2,2025-08-11 16:46:51,2025-08-11 16:46:53,2,0
913,L06,#12,GW252/13600,(1)停机过程,1,2025-08-11 16:46:19,2025-08-11 16:46:51,32,0.01
914,L06,#12,GW252/13600,(4)启机状态,4,2025-08-11 16:41:20,2025-08-11 16:46:19,299,0.08
915,L06,#12,GW252/13600,(3)待机状态,3,2025-08-11 16:40:15,2025-08-11 16:41:20,65,0.02
916,L06,#12,GW252/13600,(2)停机状态,2,2025-08-11 16:40:14,2025-08-11 16:40:15,1,0
917,L06,#12,GW252/13600,(1)停机过程,1,2025-08-11 16:39:43,2025-08-11 16:40:14,31,0.01
918,L06,#12,GW252/13600,(4)启机状态,4,2025-08-11 16:34:43,2025-08-11 16:39:43,300,0.08
919,L06,#12,GW252/13600,(3)待机状态,3,2025-08-11 16:31:13,2025-08-11 16:34:43,210,0.06
920,L06,#12,GW252/13600,(2)停机状态,2,2025-08-11 16:31:12,2025-08-11 16:31:13,1,0
921,L06,#12,GW252/13600,(3)待机状态,3,2025-08-11 16:31:11,2025-08-11 16:31:12,1,0
922,L06,#12,GW252/13600,(1)停机过程,1,2025-08-11 16:30:40,2025-08-11 16:31:11,31,0.01
923,L06,#12,GW252/13600,(4)启机状态,4,2025-08-11 16:25:41,2025-08-11 16:30:40,299,0.08
924,L06,#12,GW252/13600,(3)待机状态,3,2025-08-11 16:22:20,2025-08-11 16:25:41,201,0.06
925,L06,#12,GW252/13600,(2)停机状态,2,2025-08-11 16:22:19,2025-08-11 16:22:20,1,0
926,L06,#12,GW252/13600,(1)停机过程,1,2025-08-11 16:21:47,2025-08-11 16:22:19,32,0.01
927,L06,#12,GW252/13600,(4)启机状态,4,2025-08-11 16:16:47,2025-08-11 16:21:47,300,0.08
928,L06,#12,GW252/13600,(3)待机状态,3,2025-08-11 10:28:24,2025-08-11 16:16:47,20903,5.81
929,L06,#12,GW252/13600,(2)停机状态,2,2025-08-11 10:22:47,2025-08-11 10:28:24,337,0.09
930,L06,#12,GW252/13600,(1)停机过程,1,2025-08-11 10:21:51,2025-08-11 10:22:47,56,0.02
931,L06,#12,GW252/13600,(5)发电状态,5,2025-08-11 09:40:28,2025-08-11 10:21:51,2483,0.69
932,L06,#12,GW252/13600,(4)启机状态,4,2025-08-11 09:35:42,2025-08-11 09:40:28,286,0.08
933,L06,#12,GW252/13600,(3)待机状态,3,2025-08-11 09:34:31,2025-08-11 09:35:42,71,0.02
934,L06,#12,GW252/13600,(2)停机状态,2,2025-08-11 09:34:29,2025-08-11 09:34:31,2,0
935,L06,#12,GW252/13600,(1)停机过程,1,2025-08-11 09:33:57,2025-08-11 09:34:29,32,0.01
936,L06,#12,GW252/13600,(4)启机状态,4,2025-08-11 09:28:58,2025-08-11 09:33:57,299,0.08
937,L06,#12,GW252/13600,(3)待机状态,3,2025-08-11 09:27:54,2025-08-11 09:28:58,64,0.02
938,L06,#12,GW252/13600,(2)停机状态,2,2025-08-11 09:27:53,2025-08-11 09:27:54,1,0
939,L06,#12,GW252/13600,(1)停机过程,1,2025-08-11 09:27:21,2025-08-11 09:27:53,32,0.01
940,L06,#12,GW252/13600,(4)启机状态,4,2025-08-11 09:22:20,2025-08-11 09:27:21,301,0.08
941,L06,#12,GW252/13600,(3)待机状态,3,2025-08-11 09:21:20,2025-08-11 09:22:20,60,0.02
942,L06,#12,GW252/13600,(2)停机状态,2,2025-08-11 09:21:18,2025-08-11 09:21:20,2,0
943,L06,#12,GW252/13600,(1)停机过程,1,2025-08-11 09:20:45,2025-08-11 09:21:18,33,0.01
944,L06,#12,GW252/13600,(4)启机状态,4,2025-08-11 09:15:46,2025-08-11 09:20:45,299,0.08
945,L06,#12,GW252/13600,(3)待机状态,3,2025-08-11 09:14:39,2025-08-11 09:15:46,67,0.02
946,L06,#12,GW252/13600,(2)停机状态,2,2025-08-11 09:14:37,2025-08-11 09:14:39,2,0
947,L06,#12,GW252/13600,(1)停机过程,1,2025-08-11 09:14:06,2025-08-11 09:14:37,31,0.01
948,L06,#12,GW252/13600,(4)启机状态,4,2025-08-11 09:09:06,2025-08-11 09:14:06,300,0.08
949,L06,#12,GW252/13600,(3)待机状态,3,2025-08-11 09:06:09,2025-08-11 09:09:06,177,0.05
950,L06,#12,GW252/13600,(2)停机状态,2,2025-08-11 09:06:08,2025-08-11 09:06:09,1,0
951,L06,#12,GW252/13600,(1)停机过程,1,2025-08-11 09:05:37,2025-08-11 09:06:08,31,0.01
952,L06,#12,GW252/13600,(4)启机状态,4,2025-08-11 09:00:37,2025-08-11 09:05:37,300,0.08
953,L06,#12,GW252/13600,(3)待机状态,3,2025-08-11 07:07:26,2025-08-11 09:00:37,6791,1.89
954,L06,#12,GW252/13600,(2)停机状态,2,2025-08-11 07:05:43,2025-08-11 07:07:26,103,0.03
955,L06,#12,GW252/13600,(1)停机过程,1,2025-08-11 07:05:12,2025-08-11 07:05:43,31,0.01
956,L06,#12,GW252/13600,(4)启机状态,4,2025-08-11 07:00:12,2025-08-11 07:05:12,300,0.08
957,L06,#12,GW252/13600,(3)待机状态,3,2025-08-11 06:58:20,2025-08-11 07:00:12,112,0.03
958,L06,#12,GW252/13600,(2)停机状态,2,2025-08-11 06:58:19,2025-08-11 06:58:20,1,0
959,L06,#12,GW252/13600,(1)停机过程,1,2025-08-11 06:57:46,2025-08-11 06:58:19,33,0.01
960,L06,#12,GW252/13600,(4)启机状态,4,2025-08-11 06:52:46,2025-08-11 06:57:46,300,0.08
961,L06,#12,GW252/13600,(3)待机状态,3,2025-08-11 06:50:28,2025-08-11 06:52:46,138,0.04
962,L06,#12,GW252/13600,(2)停机状态,2,2025-08-11 06:49:38,2025-08-11 06:50:28,50,0.01
963,L06,#12,GW252/13600,(1)停机过程,1,2025-08-11 06:48:41,2025-08-11 06:49:38,57,0.02
964,L06,#12,GW252/13600,(5)发电状态,5,2025-08-10 18:16:21,2025-08-11 06:48:41,45140,12.54
965,L06,#12,GW252/13600,(4)启机状态,4,2025-08-10 18:14:25,2025-08-10 18:16:21,116,0.03
966,L06,#12,GW252/13600,(3)待机状态,3,2025-08-10 18:13:30,2025-08-10 18:14:25,55,0.02
967,L06,#12,GW252/13600,(2)停机状态,2,2025-08-10 18:13:29,2025-08-10 18:13:30,1,0
968,L06,#12,GW252/13600,(1)停机过程,1,2025-08-10 18:12:33,2025-08-10 18:13:29,56,0.02
969,L06,#12,GW252/13600,(4)启机状态,4,2025-08-10 18:07:33,2025-08-10 18:12:33,300,0.08
970,L06,#12,GW252/13600,(3)待机状态,3,2025-08-10 18:06:29,2025-08-10 18:07:33,64,0.02
971,L06,#12,GW252/13600,(2)停机状态,2,2025-08-10 18:06:28,2025-08-10 18:06:29,1,0
972,L06,#12,GW252/13600,(1)停机过程,1,2025-08-10 18:05:56,2025-08-10 18:06:28,32,0.01
973,L06,#12,GW252/13600,(4)启机状态,4,2025-08-10 18:00:55,2025-08-10 18:05:56,301,0.08
974,L06,#12,GW252/13600,(3)待机状态,3,2025-08-10 17:59:20,2025-08-10 18:00:55,95,0.03
975,L06,#12,GW252/13600,(2)停机状态,2,2025-08-10 17:59:18,2025-08-10 17:59:20,2,0
976,L06,#12,GW252/13600,(1)停机过程,1,2025-08-10 17:58:46,2025-08-10 17:59:18,32,0.01
977,L06,#12,GW252/13600,(4)启机状态,4,2025-08-10 17:53:46,2025-08-10 17:58:46,300,0.08
978,L06,#12,GW252/13600,(3)待机状态,3,2025-08-10 17:52:37,2025-08-10 17:53:46,69,0.02
979,L06,#12,GW252/13600,(2)停机状态,2,2025-08-10 17:52:36,2025-08-10 17:52:37,1,0
980,L06,#12,GW252/13600,(1)停机过程,1,2025-08-10 17:52:04,2025-08-10 17:52:36,32,0.01
981,L06,#12,GW252/13600,(4)启机状态,4,2025-08-10 17:47:04,2025-08-10 17:52:04,300,0.08
982,L06,#12,GW252/13600,(3)待机状态,3,2025-08-10 17:44:53,2025-08-10 17:47:04,131,0.04
983,L06,#12,GW252/13600,(2)停机状态,2,2025-08-10 17:44:51,2025-08-10 17:44:53,2,0
984,L06,#12,GW252/13600,(1)停机过程,1,2025-08-10 17:44:19,2025-08-10 17:44:51,32,0.01
985,L06,#12,GW252/13600,(4)启机状态,4,2025-08-10 17:39:19,2025-08-10 17:44:19,300,0.08
986,L06,#12,GW252/13600,(3)待机状态,3,2025-08-10 17:38:02,2025-08-10 17:39:19,77,0.02
987,L06,#12,GW252/13600,(2)停机状态,2,2025-08-10 17:38:01,2025-08-10 17:38:02,1,0
988,L06,#12,GW252/13600,(1)停机过程,1,2025-08-10 17:37:29,2025-08-10 17:38:01,32,0.01
989,L06,#12,GW252/13600,(4)启机状态,4,2025-08-10 17:32:29,2025-08-10 17:37:29,300,0.08
990,L06,#12,GW252/13600,(3)待机状态,3,2025-08-10 16:52:57,2025-08-10 17:32:29,2372,0.66
991,L06,#12,GW252/13600,(2)停机状态,2,2025-08-10 16:52:56,2025-08-10 16:52:57,1,0
992,L06,#12,GW252/13600,(1)停机过程,1,2025-08-10 16:52:24,2025-08-10 16:52:56,32,0.01
993,L06,#12,GW252/13600,(4)启机状态,4,2025-08-10 16:47:24,2025-08-10 16:52:24,300,0.08
994,L06,#12,GW252/13600,(3)待机状态,3,2025-08-10 16:45:47,2025-08-10 16:47:24,97,0.03
995,L06,#12,GW252/13600,(2)停机状态,2,2025-08-10 16:45:45,2025-08-10 16:45:47,2,0
996,L06,#12,GW252/13600,(1)停机过程,1,2025-08-10 16:45:14,2025-08-10 16:45:45,31,0.01
997,L06,#12,GW252/13600,(4)启机状态,4,2025-08-10 16:40:14,2025-08-10 16:45:14,300,0.08
998,L06,#12,GW252/13600,(3)待机状态,3,2025-08-10 16:38:51,2025-08-10 16:40:14,83,0.02
999,L06,#12,GW252/13600,(2)停机状态,2,2025-08-10 16:38:49,2025-08-10 16:38:51,2,0
1000,L06,#12,GW252/13600,(1)停机过程,1,2025-08-10 16:38:18,2025-08-10 16:38:49,31,0.01
1001,L06,#12,GW252/13600,(4)启机状态,4,2025-08-10 16:33:18,2025-08-10 16:38:18,300,0.08
1002,L06,#12,GW252/13600,(3)待机状态,3,2025-08-10 16:32:09,2025-08-10 16:33:18,69,0.02
1003,L06,#12,GW252/13600,(2)停机状态,2,2025-08-10 16:32:07,2025-08-10 16:32:09,2,0
1004,L06,#12,GW252/13600,(1)停机过程,1,2025-08-10 16:31:36,2025-08-10 16:32:07,31,0.01
1005,L06,#12,GW252/13600,(4)启机状态,4,2025-08-10 16:26:36,2025-08-10 16:31:36,300,0.08
1006,L06,#12,GW252/13600,(3)待机状态,3,2025-08-10 16:25:09,2025-08-10 16:26:36,87,0.02
1007,L06,#12,GW252/13600,(2)停机状态,2,2025-08-10 16:25:08,2025-08-10 16:25:09,1,0
1008,L06,#12,GW252/13600,(1)停机过程,1,2025-08-10 16:24:36,2025-08-10 16:25:08,32,0.01
1009,L06,#12,GW252/13600,(4)启机状态,4,2025-08-10 16:19:36,2025-08-10 16:24:36,300,0.08
1010,L06,#12,GW252/13600,(3)待机状态,3,2025-08-10 11:57:34,2025-08-10 16:19:36,15722,4.37
1011,L06,#12,GW252/13600,(2)停机状态,2,2025-08-10 11:57:04,2025-08-10 11:57:34,30,0.01
1012,L06,#12,GW252/13600,(1)停机过程,1,2025-08-10 11:56:32,2025-08-10 11:57:04,32,0.01
1013,L06,#12,GW252/13600,(4)启机状态,4,2025-08-10 11:51:32,2025-08-10 11:56:32,300,0.08
1014,L06,#12,GW252/13600,(3)待机状态,3,2025-08-10 06:45:59,2025-08-10 11:51:32,18333,5.09
1015,L06,#12,GW252/13600,(2)停机状态,2,2025-08-10 06:44:04,2025-08-10 06:45:59,115,0.03
1016,L06,#12,GW252/13600,(1)停机过程,1,2025-08-10 06:43:32,2025-08-10 06:44:04,32,0.01
1017,L06,#12,GW252/13600,(4)启机状态,4,2025-08-10 06:38:32,2025-08-10 06:43:32,300,0.08
1018,L06,#12,GW252/13600,(3)待机状态,3,2025-08-10 06:20:54,2025-08-10 06:38:32,1058,0.29
1019,L06,#12,GW252/13600,(2)停机状态,2,2025-08-10 06:18:17,2025-08-10 06:20:54,157,0.04
1020,L06,#12,GW252/13600,(1)停机过程,1,2025-08-10 06:17:19,2025-08-10 06:18:17,58,0.02
1021,L06,#12,GW252/13600,(5)发电状态,5,2025-08-09 16:25:01,2025-08-10 06:17:19,49938,13.87
1022,L06,#12,GW252/13600,(4)启机状态,4,2025-08-09 16:22:04,2025-08-09 16:25:01,177,0.05
1023,L06,#12,GW252/13600,(3)待机状态,3,2025-08-09 16:21:08,2025-08-09 16:22:04,56,0.02
1024,L06,#12,GW252/13600,(2)停机状态,2,2025-08-09 16:21:07,2025-08-09 16:21:08,1,0
1025,L06,#12,GW252/13600,(1)停机过程,1,2025-08-09 16:20:36,2025-08-09 16:21:07,31,0.01
1026,L06,#12,GW252/13600,(4)启机状态,4,2025-08-09 16:15:36,2025-08-09 16:20:36,300,0.08
1027,L06,#12,GW252/13600,(3)待机状态,3,2025-08-09 16:14:29,2025-08-09 16:15:36,67,0.02
1028,L06,#12,GW252/13600,(2)停机状态,2,2025-08-09 16:14:28,2025-08-09 16:14:29,1,0
1029,L06,#12,GW252/13600,(1)停机过程,1,2025-08-09 16:13:55,2025-08-09 16:14:28,33,0.01
1030,L06,#12,GW252/13600,(4)启机状态,4,2025-08-09 16:08:56,2025-08-09 16:13:55,299,0.08
1031,L06,#12,GW252/13600,(3)待机状态,3,2025-08-09 16:07:41,2025-08-09 16:08:56,75,0.02
1032,L06,#12,GW252/13600,(2)停机状态,2,2025-08-09 16:07:40,2025-08-09 16:07:41,1,0
1033,L06,#12,GW252/13600,(1)停机过程,1,2025-08-09 16:07:08,2025-08-09 16:07:40,32,0.01
1034,L06,#12,GW252/13600,(4)启机状态,4,2025-08-09 16:02:08,2025-08-09 16:07:08,300,0.08
1035,L06,#12,GW252/13600,(3)待机状态,3,2025-08-09 15:56:23,2025-08-09 16:02:08,345,0.1
1036,L06,#12,GW252/13600,(2)停机状态,2,2025-08-09 15:56:22,2025-08-09 15:56:23,1,0
1037,L06,#12,GW252/13600,(1)停机过程,1,2025-08-09 15:55:50,2025-08-09 15:56:22,32,0.01
1038,L06,#12,GW252/13600,(4)启机状态,4,2025-08-09 15:50:50,2025-08-09 15:55:50,300,0.08
1039,L06,#12,GW252/13600,(3)待机状态,3,2025-08-09 15:49:32,2025-08-09 15:50:50,78,0.02
1040,L06,#12,GW252/13600,(2)停机状态,2,2025-08-09 15:48:20,2025-08-09 15:49:32,72,0.02
1041,L06,#12,GW252/13600,(1)停机过程,1,2025-08-09 15:47:48,2025-08-09 15:48:20,32,0.01
1042,L06,#12,GW252/13600,(4)启机状态,4,2025-08-09 15:42:48,2025-08-09 15:47:48,300,0.08
1043,L06,#12,GW252/13600,(3)待机状态,3,2025-08-09 10:26:02,2025-08-09 15:42:48,19006,5.28
1044,L06,#12,GW252/13600,(2)停机状态,2,2025-08-09 10:24:59,2025-08-09 10:26:02,63,0.02
1045,L06,#12,GW252/13600,(1)停机过程,1,2025-08-09 10:24:28,2025-08-09 10:24:59,31,0.01
1046,L06,#12,GW252/13600,(4)启机状态,4,2025-08-09 10:19:28,2025-08-09 10:24:28,300,0.08
1047,L06,#12,GW252/13600,(3)待机状态,3,2025-08-09 10:18:10,2025-08-09 10:19:28,78,0.02
1048,L06,#12,GW252/13600,(2)停机状态,2,2025-08-09 10:18:08,2025-08-09 10:18:10,2,0
1049,L06,#12,GW252/13600,(1)停机过程,1,2025-08-09 10:17:38,2025-08-09 10:18:08,30,0.01
1050,L06,#12,GW252/13600,(4)启机状态,4,2025-08-09 10:12:37,2025-08-09 10:17:38,301,0.08
1051,L06,#12,GW252/13600,(3)待机状态,3,2025-08-09 10:08:17,2025-08-09 10:12:37,260,0.07
1052,L06,#12,GW252/13600,(2)停机状态,2,2025-08-09 10:05:30,2025-08-09 10:08:17,167,0.05
1053,L06,#12,GW252/13600,(1)停机过程,1,2025-08-09 10:04:32,2025-08-09 10:05:30,58,0.02
1054,L06,#12,GW252/13600,(5)发电状态,5,2025-08-09 07:21:21,2025-08-09 10:04:32,9791,2.72
1055,L06,#12,GW252/13600,(4)启机状态,4,2025-08-09 07:19:08,2025-08-09 07:21:21,133,0.04
1056,L06,#12,GW252/13600,(3)待机状态,3,2025-08-09 07:18:10,2025-08-09 07:19:08,58,0.02
1057,L06,#12,GW252/13600,(2)停机状态,2,2025-08-09 07:18:08,2025-08-09 07:18:10,2,0
1058,L06,#12,GW252/13600,(1)停机过程,1,2025-08-09 07:17:37,2025-08-09 07:18:08,31,0.01
1059,L06,#12,GW252/13600,(4)启机状态,4,2025-08-09 07:12:37,2025-08-09 07:17:37,300,0.08
1060,L06,#12,GW252/13600,(3)待机状态,3,2025-08-09 07:11:28,2025-08-09 07:12:37,69,0.02
1061,L06,#12,GW252/13600,(2)停机状态,2,2025-08-09 07:11:26,2025-08-09 07:11:28,2,0
1062,L06,#12,GW252/13600,(1)停机过程,1,2025-08-09 07:10:54,2025-08-09 07:11:26,32,0.01
1063,L06,#12,GW252/13600,(4)启机状态,4,2025-08-09 07:05:53,2025-08-09 07:10:54,301,0.08
1064,L06,#12,GW252/13600,(3)待机状态,3,2025-08-09 07:04:46,2025-08-09 07:05:53,67,0.02
1065,L06,#12,GW252/13600,(2)停机状态,2,2025-08-09 07:04:44,2025-08-09 07:04:46,2,0
1066,L06,#12,GW252/13600,(1)停机过程,1,2025-08-09 07:04:13,2025-08-09 07:04:44,31,0.01
1067,L06,#12,GW252/13600,(4)启机状态,4,2025-08-09 06:59:13,2025-08-09 07:04:13,300,0.08
1068,L06,#12,GW252/13600,(3)待机状态,3,2025-08-09 06:58:11,2025-08-09 06:59:13,62,0.02
1069,L06,#12,GW252/13600,(2)停机状态,2,2025-08-09 06:58:10,2025-08-09 06:58:11,1,0
1070,L06,#12,GW252/13600,(1)停机过程,1,2025-08-09 06:57:38,2025-08-09 06:58:10,32,0.01
1071,L06,#12,GW252/13600,(4)启机状态,4,2025-08-09 06:52:37,2025-08-09 06:57:38,301,0.08
1072,L06,#12,GW252/13600,(3)待机状态,3,2025-08-09 06:50:50,2025-08-09 06:52:37,107,0.03
1073,L06,#12,GW252/13600,(2)停机状态,2,2025-08-09 06:50:44,2025-08-09 06:50:50,6,0
1074,L06,#12,GW252/13600,(1)停机过程,1,2025-08-09 06:50:12,2025-08-09 06:50:44,32,0.01
1075,L06,#12,GW252/13600,(4)启机状态,4,2025-08-09 06:45:12,2025-08-09 06:50:12,300,0.08
1076,L06,#12,GW252/13600,(3)待机状态,3,2025-08-09 03:09:33,2025-08-09 06:45:12,12939,3.59
1077,L06,#12,GW252/13600,(2)停机状态,2,2025-08-09 03:05:23,2025-08-09 03:09:33,250,0.07
1078,L06,#12,GW252/13600,(1)停机过程,1,2025-08-09 03:04:25,2025-08-09 03:05:23,58,0.02
1079,L06,#12,GW252/13600,(5)发电状态,5,2025-08-08 17:16:05,2025-08-09 03:04:25,35300,9.81
1080,L06,#12,GW252/13600,(4)启机状态,4,2025-08-08 17:13:44,2025-08-08 17:16:05,141,0.04
1081,L06,#12,GW252/13600,(3)待机状态,3,2025-08-08 17:12:42,2025-08-08 17:13:44,62,0.02
1082,L06,#12,GW252/13600,(2)停机状态,2,2025-08-08 17:12:40,2025-08-08 17:12:42,2,0
1083,L06,#12,GW252/13600,(1)停机过程,1,2025-08-08 17:12:10,2025-08-08 17:12:40,30,0.01
1084,L06,#12,GW252/13600,(4)启机状态,4,2025-08-08 17:07:10,2025-08-08 17:12:10,300,0.08
1085,L06,#12,GW252/13600,(3)待机状态,3,2025-08-08 17:05:58,2025-08-08 17:07:10,72,0.02
1086,L06,#12,GW252/13600,(2)停机状态,2,2025-08-08 17:05:56,2025-08-08 17:05:58,2,0
1087,L06,#12,GW252/13600,(1)停机过程,1,2025-08-08 17:05:23,2025-08-08 17:05:56,33,0.01
1088,L06,#12,GW252/13600,(4)启机状态,4,2025-08-08 17:00:24,2025-08-08 17:05:23,299,0.08
1089,L06,#12,GW252/13600,(3)待机状态,3,2025-08-08 16:59:20,2025-08-08 17:00:24,64,0.02
1090,L06,#12,GW252/13600,(2)停机状态,2,2025-08-08 16:59:18,2025-08-08 16:59:20,2,0
1091,L06,#12,GW252/13600,(1)停机过程,1,2025-08-08 16:58:47,2025-08-08 16:59:18,31,0.01
1092,L06,#12,GW252/13600,(4)启机状态,4,2025-08-08 16:53:47,2025-08-08 16:58:47,300,0.08
1093,L06,#12,GW252/13600,(3)待机状态,3,2025-08-08 16:49:18,2025-08-08 16:53:47,269,0.07
1094,L06,#12,GW252/13600,(2)停机状态,2,2025-08-08 16:49:17,2025-08-08 16:49:18,1,0
1095,L06,#12,GW252/13600,(1)停机过程,1,2025-08-08 16:48:45,2025-08-08 16:49:17,32,0.01
1096,L06,#12,GW252/13600,(4)启机状态,4,2025-08-08 16:43:45,2025-08-08 16:48:45,300,0.08
1097,L06,#12,GW252/13600,(3)待机状态,3,2025-08-08 16:42:28,2025-08-08 16:43:45,77,0.02
1098,L06,#12,GW252/13600,(2)停机状态,2,2025-08-08 16:42:27,2025-08-08 16:42:28,1,0
1099,L06,#12,GW252/13600,(1)停机过程,1,2025-08-08 16:41:56,2025-08-08 16:42:27,31,0.01
1100,L06,#12,GW252/13600,(4)启机状态,4,2025-08-08 16:36:56,2025-08-08 16:41:56,300,0.08
1101,L06,#12,GW252/13600,(3)待机状态,3,2025-08-08 16:35:43,2025-08-08 16:36:56,73,0.02
1102,L06,#12,GW252/13600,(2)停机状态,2,2025-08-08 16:35:42,2025-08-08 16:35:43,1,0
1103,L06,#12,GW252/13600,(1)停机过程,1,2025-08-08 16:35:10,2025-08-08 16:35:42,32,0.01
1104,L06,#12,GW252/13600,(4)启机状态,4,2025-08-08 16:30:10,2025-08-08 16:35:10,300,0.08
1105,L06,#12,GW252/13600,(3)待机状态,3,2025-08-08 16:29:00,2025-08-08 16:30:10,70,0.02
1106,L06,#12,GW252/13600,(1)停机过程,1,2025-08-08 16:28:28,2025-08-08 16:29:00,32,0.01
1107,L06,#12,GW252/13600,(4)启机状态,4,2025-08-08 16:23:28,2025-08-08 16:28:28,300,0.08
1108,L06,#12,GW252/13600,(3)待机状态,3,2025-08-08 16:21:10,2025-08-08 16:23:28,138,0.04
1109,L06,#12,GW252/13600,(2)停机状态,2,2025-08-08 16:21:08,2025-08-08 16:21:10,2,0
1110,L06,#12,GW252/13600,(1)停机过程,1,2025-08-08 16:20:35,2025-08-08 16:21:08,33,0.01
1111,L06,#12,GW252/13600,(4)启机状态,4,2025-08-08 16:15:37,2025-08-08 16:20:35,298,0.08
1112,L06,#12,GW252/13600,(3)待机状态,3,2025-08-08 16:14:23,2025-08-08 16:15:37,74,0.02
1113,L06,#12,GW252/13600,(2)停机状态,2,2025-08-08 16:14:21,2025-08-08 16:14:23,2,0
1114,L06,#12,GW252/13600,(1)停机过程,1,2025-08-08 16:13:50,2025-08-08 16:14:21,31,0.01
1115,L06,#12,GW252/13600,(4)启机状态,4,2025-08-08 16:08:48,2025-08-08 16:13:50,302,0.08
1116,L06,#12,GW252/13600,(3)待机状态,3,2025-08-08 16:06:58,2025-08-08 16:08:48,110,0.03
1117,L06,#12,GW252/13600,(2)停机状态,2,2025-08-08 16:01:47,2025-08-08 16:06:58,311,0.09
1118,L06,#12,GW252/13600,(1)停机过程,1,2025-08-08 16:00:50,2025-08-08 16:01:47,57,0.02
1119,L06,#12,GW252/13600,(5)发电状态,5,2025-08-06 13:26:34,2025-08-08 16:00:50,182056,50.57
1120,L06,#12,GW252/13600,(4)启机状态,4,2025-08-06 13:24:32,2025-08-06 13:26:34,122,0.03
1121,L06,#12,GW252/13600,(3)待机状态,3,2025-08-06 13:23:32,2025-08-06 13:24:32,60,0.02
1122,L06,#12,GW252/13600,(2)停机状态,2,2025-08-06 12:46:56,2025-08-06 13:23:32,2196,0.61
1123,L06,#12,GW252/13600,(1)停机过程,1,2025-08-06 12:46:11,2025-08-06 12:46:56,45,0.01
1124,L06,#12,GW252/13600,(4)启机状态,4,2025-08-06 12:41:12,2025-08-06 12:46:11,299,0.08
1125,L06,#12,GW252/13600,(3)待机状态,3,2025-08-06 12:39:54,2025-08-06 12:41:12,78,0.02
1126,L06,#12,GW252/13600,(2)停机状态,2,2025-08-06 12:37:45,2025-08-06 12:39:54,129,0.04
1127,L06,#12,GW252/13600,(1)停机过程,1,2025-08-06 12:37:15,2025-08-06 12:37:45,30,0.01
1128,L06,#12,GW252/13600,(4)启机状态,4,2025-08-06 12:32:14,2025-08-06 12:37:15,301,0.08
1129,L06,#12,GW252/13600,(3)待机状态,3,2025-08-06 10:49:01,2025-08-06 12:32:14,6193,1.72
1130,L06,#12,GW252/13600,(2)停机状态,2,2025-08-06 10:43:33,2025-08-06 10:49:01,328,0.09
1131,L06,#12,GW252/13600,(1)停机过程,1,2025-08-06 10:42:36,2025-08-06 10:43:33,57,0.02
1132,L06,#12,GW252/13600,(5)发电状态,5,2025-08-06 08:24:40,2025-08-06 10:42:36,8276,2.3
1133,L06,#12,GW252/13600,(4)启机状态,4,2025-08-06 08:24:04,2025-08-06 08:24:40,36,0.01
1134,L06,#12,GW252/13600,(3)待机状态,3,2025-08-06 08:20:03,2025-08-06 08:24:04,241,0.07
1135,L06,#12,GW252/13600,(2)停机状态,2,2025-08-06 08:20:02,2025-08-06 08:20:03,1,0
1136,L06,#12,GW252/13600,(1)停机过程,1,2025-08-06 08:19:31,2025-08-06 08:20:02,31,0.01
1137,L06,#12,GW252/13600,(3)待机状态,3,2025-08-06 08:18:37,2025-08-06 08:19:31,54,0.02
1138,L06,#12,GW252/13600,(2)停机状态,2,2025-08-06 08:18:36,2025-08-06 08:18:37,1,0
1139,L06,#12,GW252/13600,(1)停机过程,1,2025-08-06 08:17:43,2025-08-06 08:18:36,53,0.01
1140,L06,#12,GW252/13600,(5)发电状态,5,2025-08-03 15:04:42,2025-08-06 08:17:43,234781,65.22
1141,L06,#12,GW252/13600,(4)启机状态,4,2025-08-03 15:03:54,2025-08-03 15:04:42,48,0.01
1142,L06,#12,GW252/13600,(3)待机状态,3,2025-08-03 15:03:16,2025-08-03 15:03:54,38,0.01
1143,L06,#12,GW252/13600,(2)停机状态,2,2025-08-03 14:40:35,2025-08-03 15:03:16,1361,0.38
1144,L06,#12,GW252/13600,(1)停机过程,1,2025-08-03 14:40:26,2025-08-03 14:40:35,9,0
1145,L06,#12,GW252/13600,(9)维护状态,9,2025-08-03 14:39:12,2025-08-03 14:40:26,74,0.02
1146,L06,#12,GW252/13600,(2)停机状态,2,2025-08-03 14:34:25,2025-08-03 14:39:12,287,0.08
1147,L06,#12,GW252/13600,(1)停机过程,1,2025-08-03 14:34:20,2025-08-03 14:34:25,5,0
1148,L06,#12,GW252/13600,(9)维护状态,9,2025-08-03 14:15:07,2025-08-03 14:34:20,1153,0.32
1149,L06,#12,GW252/13600,(2)停机状态,2,2025-08-03 13:18:18,2025-08-03 14:15:07,3409,0.95
1150,L06,#12,GW252/13600,(1)停机过程,1,2025-08-03 13:18:07,2025-08-03 13:18:18,11,0
1151,L06,#12,GW252/13600,(9)维护状态,9,2025-08-03 05:12:07,2025-08-03 13:18:07,29160,8.1
1152,L06,#12,GW252/13600,(2)停机状态,2,2025-08-03 05:01:31,2025-08-03 05:12:07,636,0.18
1153,L06,#12,GW252/13600,(9)维护状态,9,2025-07-25 10:26:32,2025-08-03 05:01:31,758099,210.58
1154,L06,#12,GW252/13600,(2)停机状态,2,2025-07-25 10:24:02,2025-07-25 10:26:32,150,0.04
1155,L06,#12,GW252/13600,(1)停机过程,1,2025-07-25 10:23:00,2025-07-25 10:24:02,62,0.02
1156,L06,#12,GW252/13600,(5)发电状态,5,2025-07-25 09:49:12,2025-07-25 10:23:00,2028,0.56
1157,L06,#12,GW252/13600,(4)启机状态,4,2025-07-25 09:46:50,2025-07-25 09:49:12,142,0.04
1158,L06,#12,GW252/13600,(3)待机状态,3,2025-07-25 09:44:01,2025-07-25 09:46:50,169,0.05
1159,L06,#12,GW252/13600,(2)停机状态,2,2025-07-25 09:43:59,2025-07-25 09:44:01,2,0
1160,L06,#12,GW252/13600,(1)停机过程,1,2025-07-25 09:43:27,2025-07-25 09:43:59,32,0.01
1161,L06,#12,GW252/13600,(4)启机状态,4,2025-07-25 09:38:27,2025-07-25 09:43:27,300,0.08
1162,L06,#12,GW252/13600,(3)待机状态,3,2025-07-25 09:36:22,2025-07-25 09:38:27,125,0.03
1163,L06,#12,GW252/13600,(2)停机状态,2,2025-07-25 09:33:55,2025-07-25 09:36:22,147,0.04
1164,L06,#12,GW252/13600,(1)停机过程,1,2025-07-25 09:32:58,2025-07-25 09:33:55,57,0.02
1165,L06,#12,GW252/13600,(5)发电状态,5,2025-07-25 06:29:18,2025-07-25 09:32:58,11020,3.06
1166,L06,#12,GW252/13600,(4)启机状态,4,2025-07-25 06:25:28,2025-07-25 06:29:18,230,0.06
1167,L06,#12,GW252/13600,(3)待机状态,3,2025-07-25 06:24:24,2025-07-25 06:25:28,64,0.02
1168,L06,#12,GW252/13600,(1)停机过程,1,2025-07-25 06:23:51,2025-07-25 06:24:24,33,0.01
1169,L06,#12,GW252/13600,(4)启机状态,4,2025-07-25 06:18:52,2025-07-25 06:23:51,299,0.08
1170,L06,#12,GW252/13600,(3)待机状态,3,2025-07-25 06:17:49,2025-07-25 06:18:52,63,0.02
1171,L06,#12,GW252/13600,(2)停机状态,2,2025-07-25 06:17:48,2025-07-25 06:17:49,1,0
1172,L06,#12,GW252/13600,(1)停机过程,1,2025-07-25 06:17:18,2025-07-25 06:17:48,30,0.01
1173,L06,#12,GW252/13600,(4)启机状态,4,2025-07-25 06:12:18,2025-07-25 06:17:18,300,0.08
1174,L06,#12,GW252/13600,(3)待机状态,3,2025-07-25 06:11:07,2025-07-25 06:12:18,71,0.02
1175,L06,#12,GW252/13600,(2)停机状态,2,2025-07-25 06:11:05,2025-07-25 06:11:07,2,0
1176,L06,#12,GW252/13600,(1)停机过程,1,2025-07-25 06:10:33,2025-07-25 06:11:05,32,0.01
1177,L06,#12,GW252/13600,(4)启机状态,4,2025-07-25 06:05:33,2025-07-25 06:10:33,300,0.08
1178,L06,#12,GW252/13600,(3)待机状态,3,2025-07-25 05:58:37,2025-07-25 06:05:33,416,0.12
1179,L06,#12,GW252/13600,(2)停机状态,2,2025-07-25 05:58:35,2025-07-25 05:58:37,2,0
1180,L06,#12,GW252/13600,(1)停机过程,1,2025-07-25 05:58:03,2025-07-25 05:58:35,32,0.01
1181,L06,#12,GW252/13600,(4)启机状态,4,2025-07-25 05:53:03,2025-07-25 05:58:03,300,0.08
1182,L06,#12,GW252/13600,(3)待机状态,3,2025-07-25 05:51:42,2025-07-25 05:53:03,81,0.02
1183,L06,#12,GW252/13600,(2)停机状态,2,2025-07-25 05:51:41,2025-07-25 05:51:42,1,0
1184,L06,#12,GW252/13600,(1)停机过程,1,2025-07-25 05:51:09,2025-07-25 05:51:41,32,0.01
1185,L06,#12,GW252/13600,(4)启机状态,4,2025-07-25 05:46:09,2025-07-25 05:51:09,300,0.08
1186,L06,#12,GW252/13600,(3)待机状态,3,2025-07-25 05:44:50,2025-07-25 05:46:09,79,0.02
1187,L06,#12,GW252/13600,(2)停机状态,2,2025-07-25 05:44:48,2025-07-25 05:44:50,2,0
1188,L06,#12,GW252/13600,(1)停机过程,1,2025-07-25 05:44:17,2025-07-25 05:44:48,31,0.01
1189,L06,#12,GW252/13600,(4)启机状态,4,2025-07-25 05:39:17,2025-07-25 05:44:17,300,0.08
1190,L06,#12,GW252/13600,(3)待机状态,3,2025-07-25 05:37:57,2025-07-25 05:39:17,80,0.02
1191,L06,#12,GW252/13600,(1)停机过程,1,2025-07-25 05:37:25,2025-07-25 05:37:57,32,0.01
1192,L06,#12,GW252/13600,(4)启机状态,4,2025-07-25 05:32:25,2025-07-25 05:37:25,300,0.08
1193,L06,#12,GW252/13600,(3)待机状态,3,2025-07-25 05:31:13,2025-07-25 05:32:25,72,0.02
1194,L06,#12,GW252/13600,(2)停机状态,2,2025-07-25 05:31:12,2025-07-25 05:31:13,1,0
1195,L06,#12,GW252/13600,(1)停机过程,1,2025-07-25 05:30:41,2025-07-25 05:31:12,31,0.01
1196,L06,#12,GW252/13600,(4)启机状态,4,2025-07-25 05:25:40,2025-07-25 05:30:41,301,0.08
1197,L06,#12,GW252/13600,(3)待机状态,3,2025-07-24 17:34:24,2025-07-25 05:25:40,42676,11.85
1198,L06,#12,GW252/13600,(2)停机状态,2,2025-07-24 17:33:23,2025-07-24 17:34:24,61,0.02
1199,L06,#12,GW252/13600,(1)停机过程,1,2025-07-24 17:32:51,2025-07-24 17:33:23,32,0.01
1200,L06,#12,GW252/13600,(4)启机状态,4,2025-07-24 17:27:51,2025-07-24 17:32:51,300,0.08
1201,L06,#12,GW252/13600,(3)待机状态,3,2025-07-24 17:19:16,2025-07-24 17:27:51,515,0.14
1202,L06,#12,GW252/13600,(2)停机状态,2,2025-07-24 17:19:14,2025-07-24 17:19:16,2,0
1203,L06,#12,GW252/13600,(1)停机过程,1,2025-07-24 17:18:43,2025-07-24 17:19:14,31,0.01
1204,L06,#12,GW252/13600,(4)启机状态,4,2025-07-24 17:13:43,2025-07-24 17:18:43,300,0.08
1205,L06,#12,GW252/13600,(3)待机状态,3,2025-07-24 17:12:24,2025-07-24 17:13:43,79,0.02
1206,L06,#12,GW252/13600,(2)停机状态,2,2025-07-24 17:12:23,2025-07-24 17:12:24,1,0
1207,L06,#12,GW252/13600,(1)停机过程,1,2025-07-24 17:11:50,2025-07-24 17:12:23,33,0.01
1208,L06,#12,GW252/13600,(4)启机状态,4,2025-07-24 17:06:51,2025-07-24 17:11:50,299,0.08
1209,L06,#12,GW252/13600,(3)待机状态,3,2025-07-24 16:36:43,2025-07-24 17:06:51,1808,0.5
1210,L06,#12,GW252/13600,(2)停机状态,2,2025-07-24 16:35:27,2025-07-24 16:36:43,76,0.02
1211,L06,#12,GW252/13600,(1)停机过程,1,2025-07-24 16:34:56,2025-07-24 16:35:27,31,0.01
1212,L06,#12,GW252/13600,(4)启机状态,4,2025-07-24 16:29:56,2025-07-24 16:34:56,300,0.08
1213,L06,#12,GW252/13600,(3)待机状态,3,2025-07-24 16:28:37,2025-07-24 16:29:56,79,0.02
1214,L06,#12,GW252/13600,(2)停机状态,2,2025-07-24 16:28:35,2025-07-24 16:28:37,2,0
1215,L06,#12,GW252/13600,(1)停机过程,1,2025-07-24 16:28:04,2025-07-24 16:28:35,31,0.01
1216,L06,#12,GW252/13600,(4)启机状态,4,2025-07-24 16:23:04,2025-07-24 16:28:04,300,0.08
1217,L06,#12,GW252/13600,(3)待机状态,3,2025-07-24 16:21:53,2025-07-24 16:23:04,71,0.02
1218,L06,#12,GW252/13600,(2)停机状态,2,2025-07-24 16:21:52,2025-07-24 16:21:53,1,0
1219,L06,#12,GW252/13600,(1)停机过程,1,2025-07-24 16:21:20,2025-07-24 16:21:52,32,0.01
1220,L06,#12,GW252/13600,(4)启机状态,4,2025-07-24 16:16:20,2025-07-24 16:21:20,300,0.08
1221,L06,#12,GW252/13600,(3)待机状态,3,2025-07-24 16:15:15,2025-07-24 16:16:20,65,0.02
1222,L06,#12,GW252/13600,(2)停机状态,2,2025-07-24 16:15:14,2025-07-24 16:15:15,1,0
1223,L06,#12,GW252/13600,(1)停机过程,1,2025-07-24 16:14:42,2025-07-24 16:15:14,32,0.01
1224,L06,#12,GW252/13600,(4)启机状态,4,2025-07-24 16:09:42,2025-07-24 16:14:42,300,0.08
1225,L06,#12,GW252/13600,(3)待机状态,3,2025-07-24 15:36:44,2025-07-24 16:09:42,1978,0.55
1226,L06,#12,GW252/13600,(2)停机状态,2,2025-07-24 15:36:43,2025-07-24 15:36:44,1,0
1227,L06,#12,GW252/13600,(1)停机过程,1,2025-07-24 15:36:12,2025-07-24 15:36:43,31,0.01
1228,L06,#12,GW252/13600,(4)启机状态,4,2025-07-24 15:31:11,2025-07-24 15:36:12,301,0.08
1229,L06,#12,GW252/13600,(3)待机状态,3,2025-07-24 15:18:09,2025-07-24 15:31:11,782,0.22
1230,L06,#12,GW252/13600,(2)停机状态,2,2025-07-24 15:18:08,2025-07-24 15:18:09,1,0
1231,L06,#12,GW252/13600,(1)停机过程,1,2025-07-24 15:17:36,2025-07-24 15:18:08,32,0.01
1232,L06,#12,GW252/13600,(4)启机状态,4,2025-07-24 15:12:36,2025-07-24 15:17:36,300,0.08
1233,L06,#12,GW252/13600,(3)待机状态,3,2025-07-24 15:11:32,2025-07-24 15:12:36,64,0.02
1234,L06,#12,GW252/13600,(2)停机状态,2,2025-07-24 15:11:30,2025-07-24 15:11:32,2,0
1235,L06,#12,GW252/13600,(1)停机过程,1,2025-07-24 15:10:58,2025-07-24 15:11:30,32,0.01
1236,L06,#12,GW252/13600,(4)启机状态,4,2025-07-24 15:05:58,2025-07-24 15:10:58,300,0.08
1237,L06,#12,GW252/13600,(3)待机状态,3,2025-07-24 15:04:44,2025-07-24 15:05:58,74,0.02
1238,L06,#12,GW252/13600,(2)停机状态,2,2025-07-24 15:04:43,2025-07-24 15:04:44,1,0
1239,L06,#12,GW252/13600,(1)停机过程,1,2025-07-24 15:04:11,2025-07-24 15:04:43,32,0.01
1240,L06,#12,GW252/13600,(4)启机状态,4,2025-07-24 14:59:11,2025-07-24 15:04:11,300,0.08
1241,L06,#12,GW252/13600,(3)待机状态,3,2025-07-24 14:58:04,2025-07-24 14:59:11,67,0.02
1242,L06,#12,GW252/13600,(1)停机过程,1,2025-07-24 14:57:34,2025-07-24 14:58:04,30,0.01
1243,L06,#12,GW252/13600,(4)启机状态,4,2025-07-24 14:52:32,2025-07-24 14:57:34,302,0.08
1244,L06,#12,GW252/13600,(3)待机状态,3,2025-07-24 14:51:25,2025-07-24 14:52:32,67,0.02
1245,L06,#12,GW252/13600,(1)停机过程,1,2025-07-24 14:50:53,2025-07-24 14:51:25,32,0.01
1246,L06,#12,GW252/13600,(4)启机状态,4,2025-07-24 14:45:53,2025-07-24 14:50:53,300,0.08
1247,L06,#12,GW252/13600,(3)待机状态,3,2025-07-24 13:48:37,2025-07-24 14:45:53,3436,0.95
1248,L06,#12,GW252/13600,(1)停机过程,1,2025-07-24 13:48:04,2025-07-24 13:48:37,33,0.01
1249,L06,#12,GW252/13600,(4)启机状态,4,2025-07-24 13:43:04,2025-07-24 13:48:04,300,0.08
1250,L06,#12,GW252/13600,(3)待机状态,3,2025-07-24 13:11:26,2025-07-24 13:43:04,1898,0.53
1251,L06,#12,GW252/13600,(2)停机状态,2,2025-07-24 13:08:43,2025-07-24 13:11:26,163,0.05
1252,L06,#12,GW252/13600,(1)停机过程,1,2025-07-24 13:07:45,2025-07-24 13:08:43,58,0.02
1253,L06,#12,GW252/13600,(5)发电状态,5,2025-07-24 09:05:55,2025-07-24 13:07:45,14510,4.03
1254,L06,#12,GW252/13600,(4)启机状态,4,2025-07-24 09:05:06,2025-07-24 09:05:55,49,0.01
1255,L06,#12,GW252/13600,(3)待机状态,3,2025-07-24 09:02:57,2025-07-24 09:05:06,129,0.04
1256,L06,#12,GW252/13600,(1)停机过程,1,2025-07-24 09:02:27,2025-07-24 09:02:57,30,0.01
1257,L06,#12,GW252/13600,(3)待机状态,3,2025-07-24 09:01:21,2025-07-24 09:02:27,66,0.02
1258,L06,#12,GW252/13600,(2)停机状态,2,2025-07-24 09:01:19,2025-07-24 09:01:21,2,0
1259,L06,#12,GW252/13600,(1)停机过程,1,2025-07-24 09:00:49,2025-07-24 09:01:19,30,0.01
1260,L06,#12,GW252/13600,(3)待机状态,3,2025-07-24 09:00:26,2025-07-24 09:00:49,23,0.01
1261,L06,#12,GW252/13600,(2)停机状态,2,2025-07-24 09:00:24,2025-07-24 09:00:26,2,0
1262,L06,#12,GW252/13600,(1)停机过程,1,2025-07-24 08:59:56,2025-07-24 09:00:24,28,0.01
1263,L06,#12,GW252/13600,(3)待机状态,3,2025-07-24 08:59:33,2025-07-24 08:59:56,23,0.01
1264,L06,#12,GW252/13600,(2)停机状态,2,2025-07-24 08:59:31,2025-07-24 08:59:33,2,0
1265,L06,#12,GW252/13600,(1)停机过程,1,2025-07-24 08:59:02,2025-07-24 08:59:31,29,0.01
1266,L06,#12,GW252/13600,(3)待机状态,3,2025-07-24 08:58:40,2025-07-24 08:59:02,22,0.01
1267,L06,#12,GW252/13600,(2)停机状态,2,2025-07-24 08:58:38,2025-07-24 08:58:40,2,0
1268,L06,#12,GW252/13600,(1)停机过程,1,2025-07-24 08:57:45,2025-07-24 08:58:38,53,0.01
1269,L06,#12,GW252/13600,(5)发电状态,5,2025-07-24 05:29:40,2025-07-24 08:57:45,12485,3.47
1270,L06,#12,GW252/13600,(4)启机状态,4,2025-07-24 05:25:06,2025-07-24 05:29:40,274,0.08
1271,L06,#12,GW252/13600,(3)待机状态,3,2025-07-24 05:24:09,2025-07-24 05:25:06,57,0.02
1272,L06,#12,GW252/13600,(1)停机过程,1,2025-07-24 05:23:19,2025-07-24 05:24:09,50,0.01
1273,L06,#12,GW252/13600,(4)启机状态,4,2025-07-24 05:18:19,2025-07-24 05:23:19,300,0.08
1274,L06,#12,GW252/13600,(3)待机状态,3,2025-07-24 05:17:14,2025-07-24 05:18:19,65,0.02
1275,L06,#12,GW252/13600,(2)停机状态,2,2025-07-24 05:17:13,2025-07-24 05:17:14,1,0
1276,L06,#12,GW252/13600,(1)停机过程,1,2025-07-24 05:16:42,2025-07-24 05:17:13,31,0.01
1277,L06,#12,GW252/13600,(4)启机状态,4,2025-07-24 05:11:42,2025-07-24 05:16:42,300,0.08
1278,L06,#12,GW252/13600,(3)待机状态,3,2025-07-24 05:10:33,2025-07-24 05:11:42,69,0.02
1279,L06,#12,GW252/13600,(2)停机状态,2,2025-07-24 05:10:32,2025-07-24 05:10:33,1,0
1280,L06,#12,GW252/13600,(1)停机过程,1,2025-07-24 05:10:00,2025-07-24 05:10:32,32,0.01
1281,L06,#12,GW252/13600,(4)启机状态,4,2025-07-24 05:05:00,2025-07-24 05:10:00,300,0.08
1282,L06,#12,GW252/13600,(3)待机状态,3,2025-07-24 05:04:03,2025-07-24 05:05:00,57,0.02
1283,L06,#12,GW252/13600,(2)停机状态,2,2025-07-24 05:04:02,2025-07-24 05:04:03,1,0
1284,L06,#12,GW252/13600,(1)停机过程,1,2025-07-24 05:03:31,2025-07-24 05:04:02,31,0.01
1285,L06,#12,GW252/13600,(4)启机状态,4,2025-07-24 04:58:31,2025-07-24 05:03:31,300,0.08
1286,L06,#12,GW252/13600,(3)待机状态,3,2025-07-24 04:57:07,2025-07-24 04:58:31,84,0.02
1287,L06,#12,GW252/13600,(2)停机状态,2,2025-07-24 04:57:04,2025-07-24 04:57:07,3,0
1288,L06,#12,GW252/13600,(1)停机过程,1,2025-07-24 04:56:33,2025-07-24 04:57:04,31,0.01
1289,L06,#12,GW252/13600,(4)启机状态,4,2025-07-24 04:51:33,2025-07-24 04:56:33,300,0.08
1290,L06,#12,GW252/13600,(3)待机状态,3,2025-07-24 04:49:56,2025-07-24 04:51:33,97,0.03
1291,L06,#12,GW252/13600,(2)停机状态,2,2025-07-24 04:49:55,2025-07-24 04:49:56,1,0
1292,L06,#12,GW252/13600,(1)停机过程,1,2025-07-24 04:49:22,2025-07-24 04:49:55,33,0.01
1293,L06,#12,GW252/13600,(4)启机状态,4,2025-07-24 04:44:22,2025-07-24 04:49:22,300,0.08
1294,L06,#12,GW252/13600,(3)待机状态,3,2025-07-24 04:43:06,2025-07-24 04:44:22,76,0.02
1295,L06,#12,GW252/13600,(2)停机状态,2,2025-07-24 04:43:00,2025-07-24 04:43:06,6,0
1296,L06,#12,GW252/13600,(1)停机过程,1,2025-07-24 04:42:28,2025-07-24 04:43:00,32,0.01
1297,L06,#12,GW252/13600,(4)启机状态,4,2025-07-24 04:37:28,2025-07-24 04:42:28,300,0.08
1298,L06,#12,GW252/13600,(3)待机状态,3,2025-07-24 04:36:19,2025-07-24 04:37:28,69,0.02
1299,L06,#12,GW252/13600,(2)停机状态,2,2025-07-24 04:36:18,2025-07-24 04:36:19,1,0
1300,L06,#12,GW252/13600,(1)停机过程,1,2025-07-24 04:35:48,2025-07-24 04:36:18,30,0.01
1301,L06,#12,GW252/13600,(4)启机状态,4,2025-07-24 04:30:48,2025-07-24 04:35:48,300,0.08
1302,L06,#12,GW252/13600,(3)待机状态,3,2025-07-24 04:29:43,2025-07-24 04:30:48,65,0.02
1303,L06,#12,GW252/13600,(2)停机状态,2,2025-07-24 04:29:42,2025-07-24 04:29:43,1,0
1304,L06,#12,GW252/13600,(1)停机过程,1,2025-07-24 04:29:10,2025-07-24 04:29:42,32,0.01
1305,L06,#12,GW252/13600,(4)启机状态,4,2025-07-24 04:24:10,2025-07-24 04:29:10,300,0.08
1306,L06,#12,GW252/13600,(3)待机状态,3,2025-07-24 04:23:07,2025-07-24 04:24:10,63,0.02
1307,L06,#12,GW252/13600,(2)停机状态,2,2025-07-24 04:23:06,2025-07-24 04:23:07,1,0
1308,L06,#12,GW252/13600,(1)停机过程,1,2025-07-24 04:22:35,2025-07-24 04:23:06,31,0.01
1309,L06,#12,GW252/13600,(4)启机状态,4,2025-07-24 04:17:35,2025-07-24 04:22:35,300,0.08
1310,L06,#12,GW252/13600,(3)待机状态,3,2025-07-24 04:16:30,2025-07-24 04:17:35,65,0.02
1311,L06,#12,GW252/13600,(2)停机状态,2,2025-07-24 04:16:29,2025-07-24 04:16:30,1,0
1312,L06,#12,GW252/13600,(1)停机过程,1,2025-07-24 04:15:57,2025-07-24 04:16:29,32,0.01
1313,L06,#12,GW252/13600,(4)启机状态,4,2025-07-24 04:10:56,2025-07-24 04:15:57,301,0.08
1314,L06,#12,GW252/13600,(3)待机状态,3,2025-07-24 04:09:46,2025-07-24 04:10:56,70,0.02
1315,L06,#12,GW252/13600,(2)停机状态,2,2025-07-24 04:09:44,2025-07-24 04:09:46,2,0
1316,L06,#12,GW252/13600,(1)停机过程,1,2025-07-24 04:09:14,2025-07-24 04:09:44,30,0.01
1317,L06,#12,GW252/13600,(4)启机状态,4,2025-07-24 04:04:14,2025-07-24 04:09:14,300,0.08
1318,L06,#12,GW252/13600,(3)待机状态,3,2025-07-24 04:02:51,2025-07-24 04:04:14,83,0.02
1319,L06,#12,GW252/13600,(2)停机状态,2,2025-07-24 04:02:49,2025-07-24 04:02:51,2,0
1320,L06,#12,GW252/13600,(1)停机过程,1,2025-07-24 04:02:16,2025-07-24 04:02:49,33,0.01
1321,L06,#12,GW252/13600,(4)启机状态,4,2025-07-24 03:57:16,2025-07-24 04:02:16,300,0.08
1322,L06,#12,GW252/13600,(3)待机状态,3,2025-07-24 03:56:01,2025-07-24 03:57:16,75,0.02
1323,L06,#12,GW252/13600,(2)停机状态,2,2025-07-24 03:56:00,2025-07-24 03:56:01,1,0
1324,L06,#12,GW252/13600,(1)停机过程,1,2025-07-24 03:55:29,2025-07-24 03:56:00,31,0.01
1325,L06,#12,GW252/13600,(4)启机状态,4,2025-07-24 03:50:29,2025-07-24 03:55:29,300,0.08
1326,L06,#12,GW252/13600,(3)待机状态,3,2025-07-24 03:49:19,2025-07-24 03:50:29,70,0.02
1327,L06,#12,GW252/13600,(1)停机过程,1,2025-07-24 03:48:46,2025-07-24 03:49:19,33,0.01
1328,L06,#12,GW252/13600,(4)启机状态,4,2025-07-24 03:43:47,2025-07-24 03:48:46,299,0.08
1329,L06,#12,GW252/13600,(3)待机状态,3,2025-07-24 03:42:36,2025-07-24 03:43:47,71,0.02
1330,L06,#12,GW252/13600,(2)停机状态,2,2025-07-24 03:05:59,2025-07-24 03:42:36,2197,0.61
1331,L06,#12,GW252/13600,(1)停机过程,1,2025-07-24 03:05:27,2025-07-24 03:05:59,32,0.01
1332,L06,#12,GW252/13600,(4)启机状态,4,2025-07-24 03:00:27,2025-07-24 03:05:27,300,0.08
1333,L06,#12,GW252/13600,(3)待机状态,3,2025-07-24 02:52:16,2025-07-24 03:00:27,491,0.14
1334,L06,#12,GW252/13600,(2)停机状态,2,2025-07-24 02:49:26,2025-07-24 02:52:16,170,0.05
1335,L06,#12,GW252/13600,(1)停机过程,1,2025-07-24 02:48:28,2025-07-24 02:49:26,58,0.02
1336,L06,#12,GW252/13600,(5)发电状态,5,2025-07-21 21:10:59,2025-07-24 02:48:28,193049,53.62
1337,L06,#12,GW252/13600,(4)启机状态,4,2025-07-21 21:10:14,2025-07-21 21:10:59,45,0.01
1338,L06,#12,GW252/13600,(3)待机状态,3,2025-07-21 21:09:36,2025-07-21 21:10:14,38,0.01
1339,L06,#12,GW252/13600,(2)停机状态,2,2025-07-21 21:06:24,2025-07-21 21:09:36,192,0.05
1340,L06,#12,GW252/13600,(1)停机过程,1,2025-07-21 21:06:14,2025-07-21 21:06:24,10,0
1341,L06,#12,GW252/13600,(9)维护状态,9,2025-07-21 21:06:00,2025-07-21 21:06:14,14,0
1342,L06,#12,GW252/13600,(2)停机状态,2,2025-07-21 20:48:50,2025-07-21 21:06:00,1030,0.29
1343,L06,#12,GW252/13600,(1)停机过程,1,2025-07-21 20:47:31,2025-07-21 20:48:50,79,0.02
1344,L06,#12,GW252/13600,(5)发电状态,5,2025-07-21 07:07:15,2025-07-21 20:47:31,49216,13.67
1345,L06,#12,GW252/13600,(4)启机状态,4,2025-07-21 07:06:45,2025-07-21 07:07:15,30,0.01
1346,L06,#12,GW252/13600,(3)待机状态,3,2025-07-21 07:06:11,2025-07-21 07:06:45,34,0.01
1347,L06,#12,GW252/13600,(2)停机状态,2,2025-07-21 02:41:34,2025-07-21 07:06:11,15877,4.41
1348,L06,#12,GW252/13600,(1)停机过程,1,2025-07-21 02:40:39,2025-07-21 02:41:34,55,0.02
1349,L06,#12,GW252/13600,(5)发电状态,5,2025-07-21 02:40:16,2025-07-21 02:40:39,23,0.01
1350,L06,#12,GW252/13600,(4)启机状态,4,2025-07-21 02:39:40,2025-07-21 02:40:16,36,0.01
1351,L06,#12,GW252/13600,(3)待机状态,3,2025-07-21 02:39:12,2025-07-21 02:39:40,28,0.01
1352,L06,#12,GW252/13600,(2)停机状态,2,2025-07-20 18:59:12,2025-07-21 02:39:12,27600,7.67
1353,L06,#12,GW252/13600,(1)停机过程,1,2025-07-20 18:57:50,2025-07-20 18:59:12,82,0.02
1354,L06,#12,GW252/13600,(5)发电状态,5,2025-07-19 07:17:54,2025-07-20 18:57:50,128396,35.67
1355,L06,#12,GW252/13600,(4)启机状态,4,2025-07-19 07:13:54,2025-07-19 07:17:54,240,0.07
1356,L06,#12,GW252/13600,(3)待机状态,3,2025-07-19 07:12:42,2025-07-19 07:13:54,72,0.02
1357,L06,#12,GW252/13600,(2)停机状态,2,2025-07-19 07:08:56,2025-07-19 07:12:42,226,0.06
1358,L06,#12,GW252/13600,(1)停机过程,1,2025-07-19 07:07:59,2025-07-19 07:08:56,57,0.02
1359,L06,#12,GW252/13600,(5)发电状态,5,2025-07-19 05:43:12,2025-07-19 07:07:59,5087,1.41
1360,L06,#12,GW252/13600,(4)启机状态,4,2025-07-19 05:38:43,2025-07-19 05:43:12,269,0.07
1361,L06,#12,GW252/13600,(3)待机状态,3,2025-07-19 05:21:13,2025-07-19 05:38:43,1050,0.29
1362,L06,#12,GW252/13600,(2)停机状态,2,2025-07-19 05:17:59,2025-07-19 05:21:13,194,0.05
1363,L06,#12,GW252/13600,(1)停机过程,1,2025-07-19 05:17:02,2025-07-19 05:17:59,57,0.02
1364,L06,#12,GW252/13600,(5)发电状态,5,2025-07-19 04:55:17,2025-07-19 05:17:02,1305,0.36
1365,L06,#12,GW252/13600,(4)启机状态,4,2025-07-19 04:53:18,2025-07-19 04:55:17,119,0.03
1366,L06,#12,GW252/13600,(3)待机状态,3,2025-07-19 04:45:45,2025-07-19 04:53:18,453,0.13
1367,L06,#12,GW252/13600,(2)停机状态,2,2025-07-19 04:45:38,2025-07-19 04:45:45,7,0
1368,L06,#12,GW252/13600,(1)停机过程,1,2025-07-19 04:44:40,2025-07-19 04:45:38,58,0.02
1369,L06,#12,GW252/13600,(5)发电状态,5,2025-07-18 21:13:28,2025-07-19 04:44:40,27072,7.52
1370,L06,#12,GW252/13600,(4)启机状态,4,2025-07-18 21:09:36,2025-07-18 21:13:28,232,0.06
1371,L06,#12,GW252/13600,(3)待机状态,3,2025-07-18 21:08:37,2025-07-18 21:09:36,59,0.02
1372,L06,#12,GW252/13600,(2)停机状态,2,2025-07-18 21:08:35,2025-07-18 21:08:37,2,0
1373,L06,#12,GW252/13600,(1)停机过程,1,2025-07-18 21:07:43,2025-07-18 21:08:35,52,0.01
1374,L06,#12,GW252/13600,(4)启机状态,4,2025-07-18 21:02:43,2025-07-18 21:07:43,300,0.08
1375,L06,#12,GW252/13600,(3)待机状态,3,2025-07-18 21:01:35,2025-07-18 21:02:43,68,0.02
1376,L06,#12,GW252/13600,(2)停机状态,2,2025-07-18 21:01:33,2025-07-18 21:01:35,2,0
1377,L06,#12,GW252/13600,(1)停机过程,1,2025-07-18 21:01:01,2025-07-18 21:01:33,32,0.01
1378,L06,#12,GW252/13600,(4)启机状态,4,2025-07-18 20:56:01,2025-07-18 21:01:01,300,0.08
1379,L06,#12,GW252/13600,(3)待机状态,3,2025-07-18 20:46:00,2025-07-18 20:56:01,601,0.17
1380,L06,#12,GW252/13600,(2)停机状态,2,2025-07-18 20:40:23,2025-07-18 20:46:00,337,0.09
1381,L06,#12,GW252/13600,(1)停机过程,1,2025-07-18 20:39:26,2025-07-18 20:40:23,57,0.02
1382,L06,#12,GW252/13600,(5)发电状态,5,2025-07-18 18:21:34,2025-07-18 20:39:26,8272,2.3
1383,L06,#12,GW252/13600,(4)启机状态,4,2025-07-18 18:17:52,2025-07-18 18:21:34,222,0.06
1384,L06,#12,GW252/13600,(3)待机状态,3,2025-07-18 18:16:48,2025-07-18 18:17:52,64,0.02
1385,L06,#12,GW252/13600,(2)停机状态,2,2025-07-18 18:16:46,2025-07-18 18:16:48,2,0
1386,L06,#12,GW252/13600,(1)停机过程,1,2025-07-18 18:16:15,2025-07-18 18:16:46,31,0.01
1387,L06,#12,GW252/13600,(4)启机状态,4,2025-07-18 18:11:15,2025-07-18 18:16:15,300,0.08
1388,L06,#12,GW252/13600,(3)待机状态,3,2025-07-18 18:09:21,2025-07-18 18:11:15,114,0.03
1389,L06,#12,GW252/13600,(2)停机状态,2,2025-07-18 18:03:45,2025-07-18 18:09:21,336,0.09
1390,L06,#12,GW252/13600,(1)停机过程,1,2025-07-18 18:03:13,2025-07-18 18:03:45,32,0.01
1391,L06,#12,GW252/13600,(4)启机状态,4,2025-07-18 17:58:13,2025-07-18 18:03:13,300,0.08
1392,L06,#12,GW252/13600,(3)待机状态,3,2025-07-18 17:45:31,2025-07-18 17:58:13,762,0.21
1393,L06,#12,GW252/13600,(2)停机状态,2,2025-07-18 17:45:30,2025-07-18 17:45:31,1,0
1394,L06,#12,GW252/13600,(1)停机过程,1,2025-07-18 17:44:58,2025-07-18 17:45:30,32,0.01
1395,L06,#12,GW252/13600,(4)启机状态,4,2025-07-18 17:39:58,2025-07-18 17:44:58,300,0.08
1396,L06,#12,GW252/13600,(3)待机状态,3,2025-07-18 17:38:12,2025-07-18 17:39:58,106,0.03
1397,L06,#12,GW252/13600,(2)停机状态,2,2025-07-18 17:36:39,2025-07-18 17:38:12,93,0.03
1398,L06,#12,GW252/13600,(1)停机过程,1,2025-07-18 17:36:07,2025-07-18 17:36:39,32,0.01
1399,L06,#12,GW252/13600,(4)启机状态,4,2025-07-18 17:31:07,2025-07-18 17:36:07,300,0.08
1400,L06,#12,GW252/13600,(3)待机状态,3,2025-07-18 17:29:51,2025-07-18 17:31:07,76,0.02
1401,L06,#12,GW252/13600,(2)停机状态,2,2025-07-18 17:29:21,2025-07-18 17:29:51,30,0.01
1402,L06,#12,GW252/13600,(1)停机过程,1,2025-07-18 17:28:50,2025-07-18 17:29:21,31,0.01
1403,L06,#12,GW252/13600,(4)启机状态,4,2025-07-18 17:23:49,2025-07-18 17:28:50,301,0.08
1404,L06,#12,GW252/13600,(3)待机状态,3,2025-07-18 17:22:14,2025-07-18 17:23:49,95,0.03
1405,L06,#12,GW252/13600,(2)停机状态,2,2025-07-18 17:22:12,2025-07-18 17:22:14,2,0
1406,L06,#12,GW252/13600,(1)停机过程,1,2025-07-18 17:21:41,2025-07-18 17:22:12,31,0.01
1407,L06,#12,GW252/13600,(4)启机状态,4,2025-07-18 17:16:40,2025-07-18 17:21:41,301,0.08
1408,L06,#12,GW252/13600,(3)待机状态,3,2025-07-18 17:15:28,2025-07-18 17:16:40,72,0.02
1409,L06,#12,GW252/13600,(2)停机状态,2,2025-07-18 17:15:26,2025-07-18 17:15:28,2,0
1410,L06,#12,GW252/13600,(1)停机过程,1,2025-07-18 17:14:30,2025-07-18 17:15:26,56,0.02
1411,L06,#12,GW252/13600,(5)发电状态,5,2025-07-17 17:13:53,2025-07-18 17:14:30,86437,24.01
1412,L06,#12,GW252/13600,(4)启机状态,4,2025-07-17 17:09:45,2025-07-17 17:13:53,248,0.07
1413,L06,#12,GW252/13600,(3)待机状态,3,2025-07-17 17:08:39,2025-07-17 17:09:45,66,0.02
1414,L06,#12,GW252/13600,(2)停机状态,2,2025-07-17 17:08:38,2025-07-17 17:08:39,1,0
1415,L06,#12,GW252/13600,(1)停机过程,1,2025-07-17 17:07:51,2025-07-17 17:08:38,47,0.01
1416,L06,#12,GW252/13600,(4)启机状态,4,2025-07-17 17:02:51,2025-07-17 17:07:51,300,0.08
1417,L06,#12,GW252/13600,(3)待机状态,3,2025-07-17 17:01:26,2025-07-17 17:02:51,85,0.02
1418,L06,#12,GW252/13600,(2)停机状态,2,2025-07-17 17:01:24,2025-07-17 17:01:26,2,0
1419,L06,#12,GW252/13600,(1)停机过程,1,2025-07-17 17:00:53,2025-07-17 17:01:24,31,0.01
1420,L06,#12,GW252/13600,(4)启机状态,4,2025-07-17 16:55:52,2025-07-17 17:00:53,301,0.08
1421,L06,#12,GW252/13600,(3)待机状态,3,2025-07-17 09:59:46,2025-07-17 16:55:52,24966,6.94
1422,L06,#12,GW252/13600,(2)停机状态,2,2025-07-17 09:59:37,2025-07-17 09:59:46,9,0
1423,L06,#12,GW252/13600,(1)停机过程,1,2025-07-17 09:59:05,2025-07-17 09:59:37,32,0.01
1424,L06,#12,GW252/13600,(4)启机状态,4,2025-07-17 09:54:05,2025-07-17 09:59:05,300,0.08
1425,L06,#12,GW252/13600,(3)待机状态,3,2025-07-17 09:50:37,2025-07-17 09:54:05,208,0.06
1426,L06,#12,GW252/13600,(2)停机状态,2,2025-07-17 09:50:36,2025-07-17 09:50:37,1,0
1427,L06,#12,GW252/13600,(1)停机过程,1,2025-07-17 09:50:04,2025-07-17 09:50:36,32,0.01
1428,L06,#12,GW252/13600,(4)启机状态,4,2025-07-17 09:45:04,2025-07-17 09:50:04,300,0.08
1429,L06,#12,GW252/13600,(3)待机状态,3,2025-07-17 08:32:43,2025-07-17 09:45:04,4341,1.21
1430,L06,#12,GW252/13600,(2)停机状态,2,2025-07-17 08:28:16,2025-07-17 08:32:43,267,0.07
1431,L06,#12,GW252/13600,(1)停机过程,1,2025-07-17 08:27:19,2025-07-17 08:28:16,57,0.02
1432,L06,#12,GW252/13600,(5)发电状态,5,2025-07-16 19:33:37,2025-07-17 08:27:19,46422,12.9
1433,L06,#12,GW252/13600,(4)启机状态,4,2025-07-16 19:31:42,2025-07-16 19:33:37,115,0.03
1434,L06,#12,GW252/13600,(3)待机状态,3,2025-07-16 19:30:45,2025-07-16 19:31:42,57,0.02
1435,L06,#12,GW252/13600,(2)停机状态,2,2025-07-16 19:30:43,2025-07-16 19:30:45,2,0
1436,L06,#12,GW252/13600,(1)停机过程,1,2025-07-16 19:29:48,2025-07-16 19:30:43,55,0.02
1437,L06,#12,GW252/13600,(4)启机状态,4,2025-07-16 19:24:48,2025-07-16 19:29:48,300,0.08
1438,L06,#12,GW252/13600,(3)待机状态,3,2025-07-16 19:23:42,2025-07-16 19:24:48,66,0.02
1439,L06,#12,GW252/13600,(2)停机状态,2,2025-07-16 19:23:41,2025-07-16 19:23:42,1,0
1440,L06,#12,GW252/13600,(1)停机过程,1,2025-07-16 19:23:09,2025-07-16 19:23:41,32,0.01
1441,L06,#12,GW252/13600,(4)启机状态,4,2025-07-16 19:18:09,2025-07-16 19:23:09,300,0.08
1442,L06,#12,GW252/13600,(3)待机状态,3,2025-07-16 19:15:54,2025-07-16 19:18:09,135,0.04
1443,L06,#12,GW252/13600,(2)停机状态,2,2025-07-16 19:15:48,2025-07-16 19:15:54,6,0
1444,L06,#12,GW252/13600,(1)停机过程,1,2025-07-16 19:15:16,2025-07-16 19:15:48,32,0.01
1445,L06,#12,GW252/13600,(4)启机状态,4,2025-07-16 19:10:16,2025-07-16 19:15:16,300,0.08
1446,L06,#12,GW252/13600,(3)待机状态,3,2025-07-16 19:09:00,2025-07-16 19:10:16,76,0.02
1447,L06,#12,GW252/13600,(2)停机状态,2,2025-07-16 19:08:58,2025-07-16 19:09:00,2,0
1448,L06,#12,GW252/13600,(1)停机过程,1,2025-07-16 19:08:26,2025-07-16 19:08:58,32,0.01
1449,L06,#12,GW252/13600,(4)启机状态,4,2025-07-16 19:03:26,2025-07-16 19:08:26,300,0.08
1450,L06,#12,GW252/13600,(3)待机状态,3,2025-07-16 19:02:23,2025-07-16 19:03:26,63,0.02
1451,L06,#12,GW252/13600,(2)停机状态,2,2025-07-16 19:02:22,2025-07-16 19:02:23,1,0
1452,L06,#12,GW252/13600,(3)待机状态,3,2025-07-16 19:02:21,2025-07-16 19:02:22,1,0
1453,L06,#12,GW252/13600,(1)停机过程,1,2025-07-16 19:01:51,2025-07-16 19:02:21,30,0.01
1454,L06,#12,GW252/13600,(4)启机状态,4,2025-07-16 18:56:50,2025-07-16 19:01:51,301,0.08
1455,L06,#12,GW252/13600,(3)待机状态,3,2025-07-16 18:55:22,2025-07-16 18:56:50,88,0.02
1456,L06,#12,GW252/13600,(2)停机状态,2,2025-07-16 18:55:20,2025-07-16 18:55:22,2,0
1457,L06,#12,GW252/13600,(1)停机过程,1,2025-07-16 18:54:48,2025-07-16 18:55:20,32,0.01
1458,L06,#12,GW252/13600,(4)启机状态,4,2025-07-16 18:49:48,2025-07-16 18:54:48,300,0.08
1459,L06,#12,GW252/13600,(3)待机状态,3,2025-07-16 18:48:20,2025-07-16 18:49:48,88,0.02
1460,L06,#12,GW252/13600,(1)停机过程,1,2025-07-16 18:47:48,2025-07-16 18:48:20,32,0.01
1461,L06,#12,GW252/13600,(4)启机状态,4,2025-07-16 18:42:49,2025-07-16 18:47:48,299,0.08
1462,L06,#12,GW252/13600,(3)待机状态,3,2025-07-16 18:41:23,2025-07-16 18:42:49,86,0.02
1463,L06,#12,GW252/13600,(2)停机状态,2,2025-07-16 18:41:20,2025-07-16 18:41:23,3,0
1464,L06,#12,GW252/13600,(1)停机过程,1,2025-07-16 18:40:50,2025-07-16 18:41:20,30,0.01
1465,L06,#12,GW252/13600,(4)启机状态,4,2025-07-16 18:35:49,2025-07-16 18:40:50,301,0.08
1466,L06,#12,GW252/13600,(3)待机状态,3,2025-07-16 18:34:35,2025-07-16 18:35:49,74,0.02
1467,L06,#12,GW252/13600,(2)停机状态,2,2025-07-16 18:34:33,2025-07-16 18:34:35,2,0
1468,L06,#12,GW252/13600,(1)停机过程,1,2025-07-16 18:34:01,2025-07-16 18:34:33,32,0.01
1469,L06,#12,GW252/13600,(4)启机状态,4,2025-07-16 18:29:01,2025-07-16 18:34:01,300,0.08
1470,L06,#12,GW252/13600,(3)待机状态,3,2025-07-16 18:25:37,2025-07-16 18:29:01,204,0.06
1471,L06,#12,GW252/13600,(2)停机状态,2,2025-07-16 18:24:36,2025-07-16 18:25:37,61,0.02
1472,L06,#12,GW252/13600,(1)停机过程,1,2025-07-16 18:24:06,2025-07-16 18:24:36,30,0.01
1473,L06,#12,GW252/13600,(4)启机状态,4,2025-07-16 18:19:06,2025-07-16 18:24:06,300,0.08
1474,L06,#12,GW252/13600,(3)待机状态,3,2025-07-16 18:15:35,2025-07-16 18:19:06,211,0.06
1475,L06,#12,GW252/13600,(2)停机状态,2,2025-07-16 18:13:32,2025-07-16 18:15:35,123,0.03
1476,L06,#12,GW252/13600,(1)停机过程,1,2025-07-16 18:12:35,2025-07-16 18:13:32,57,0.02
1477,L06,#12,GW252/13600,(5)发电状态,5,2025-07-16 17:46:54,2025-07-16 18:12:35,1541,0.43
1478,L06,#12,GW252/13600,(4)启机状态,4,2025-07-16 17:43:14,2025-07-16 17:46:54,220,0.06
1479,L06,#12,GW252/13600,(3)待机状态,3,2025-07-16 17:42:13,2025-07-16 17:43:14,61,0.02
1480,L06,#12,GW252/13600,(2)停机状态,2,2025-07-16 17:42:11,2025-07-16 17:42:13,2,0
1481,L06,#12,GW252/13600,(1)停机过程,1,2025-07-16 17:41:40,2025-07-16 17:42:11,31,0.01
1482,L06,#12,GW252/13600,(4)启机状态,4,2025-07-16 17:36:40,2025-07-16 17:41:40,300,0.08
1483,L06,#12,GW252/13600,(3)待机状态,3,2025-07-16 17:35:35,2025-07-16 17:36:40,65,0.02
1484,L06,#12,GW252/13600,(2)停机状态,2,2025-07-16 17:35:33,2025-07-16 17:35:35,2,0
1485,L06,#12,GW252/13600,(1)停机过程,1,2025-07-16 17:35:01,2025-07-16 17:35:33,32,0.01
1486,L06,#12,GW252/13600,(4)启机状态,4,2025-07-16 17:30:01,2025-07-16 17:35:01,300,0.08
1487,L06,#12,GW252/13600,(3)待机状态,3,2025-07-16 17:28:54,2025-07-16 17:30:01,67,0.02
1488,L06,#12,GW252/13600,(2)停机状态,2,2025-07-16 17:28:52,2025-07-16 17:28:54,2,0
1489,L06,#12,GW252/13600,(1)停机过程,1,2025-07-16 17:28:21,2025-07-16 17:28:52,31,0.01
1490,L06,#12,GW252/13600,(4)启机状态,4,2025-07-16 17:23:21,2025-07-16 17:28:21,300,0.08
1491,L06,#12,GW252/13600,(3)待机状态,3,2025-07-16 17:16:33,2025-07-16 17:23:21,408,0.11
1492,L06,#12,GW252/13600,(2)停机状态,2,2025-07-16 17:16:32,2025-07-16 17:16:33,1,0
1493,L06,#12,GW252/13600,(1)停机过程,1,2025-07-16 17:16:01,2025-07-16 17:16:32,31,0.01
1494,L06,#12,GW252/13600,(4)启机状态,4,2025-07-16 17:11:00,2025-07-16 17:16:01,301,0.08
1495,L06,#12,GW252/13600,(3)待机状态,3,2025-07-16 16:39:29,2025-07-16 17:11:00,1891,0.53
1496,L06,#12,GW252/13600,(2)停机状态,2,2025-07-16 16:39:28,2025-07-16 16:39:29,1,0
1497,L06,#12,GW252/13600,(1)停机过程,1,2025-07-16 16:38:57,2025-07-16 16:39:28,31,0.01
1498,L06,#12,GW252/13600,(4)启机状态,4,2025-07-16 16:33:57,2025-07-16 16:38:57,300,0.08
1499,L06,#12,GW252/13600,(3)待机状态,3,2025-07-16 16:30:11,2025-07-16 16:33:57,226,0.06
1500,L06,#12,GW252/13600,(2)停机状态,2,2025-07-16 16:30:10,2025-07-16 16:30:11,1,0
1501,L06,#12,GW252/13600,(1)停机过程,1,2025-07-16 16:29:37,2025-07-16 16:30:10,33,0.01
1502,L06,#12,GW252/13600,(4)启机状态,4,2025-07-16 16:24:37,2025-07-16 16:29:37,300,0.08
1503,L06,#12,GW252/13600,(3)待机状态,3,2025-07-16 16:22:58,2025-07-16 16:24:37,99,0.03
1504,L06,#12,GW252/13600,(2)停机状态,2,2025-07-16 16:22:55,2025-07-16 16:22:58,3,0
1505,L06,#12,GW252/13600,(1)停机过程,1,2025-07-16 16:22:23,2025-07-16 16:22:55,32,0.01
1506,L06,#12,GW252/13600,(4)启机状态,4,2025-07-16 16:17:23,2025-07-16 16:22:23,300,0.08
1507,L06,#12,GW252/13600,(3)待机状态,3,2025-07-16 16:16:21,2025-07-16 16:17:23,62,0.02
1508,L06,#12,GW252/13600,(2)停机状态,2,2025-07-16 16:16:20,2025-07-16 16:16:21,1,0
1509,L06,#12,GW252/13600,(1)停机过程,1,2025-07-16 16:15:50,2025-07-16 16:16:20,30,0.01
1510,L06,#12,GW252/13600,(4)启机状态,4,2025-07-16 16:10:49,2025-07-16 16:15:50,301,0.08
1511,L06,#12,GW252/13600,(3)待机状态,3,2025-07-16 16:09:43,2025-07-16 16:10:49,66,0.02
1512,L06,#12,GW252/13600,(2)停机状态,2,2025-07-16 16:09:41,2025-07-16 16:09:43,2,0
1513,L06,#12,GW252/13600,(1)停机过程,1,2025-07-16 16:09:09,2025-07-16 16:09:41,32,0.01
1514,L06,#12,GW252/13600,(4)启机状态,4,2025-07-16 16:04:09,2025-07-16 16:09:09,300,0.08
1515,L06,#12,GW252/13600,(3)待机状态,3,2025-07-16 16:03:00,2025-07-16 16:04:09,69,0.02
1516,L06,#12,GW252/13600,(2)停机状态,2,2025-07-16 16:02:57,2025-07-16 16:03:00,3,0
1517,L06,#12,GW252/13600,(1)停机过程,1,2025-07-16 16:02:27,2025-07-16 16:02:57,30,0.01
1518,L06,#12,GW252/13600,(4)启机状态,4,2025-07-16 15:57:27,2025-07-16 16:02:27,300,0.08
1519,L06,#12,GW252/13600,(3)待机状态,3,2025-07-16 15:56:25,2025-07-16 15:57:27,62,0.02
1520,L06,#12,GW252/13600,(1)停机过程,1,2025-07-16 15:55:52,2025-07-16 15:56:25,33,0.01
1521,L06,#12,GW252/13600,(4)启机状态,4,2025-07-16 15:50:52,2025-07-16 15:55:52,300,0.08
1522,L06,#12,GW252/13600,(3)待机状态,3,2025-07-16 15:49:37,2025-07-16 15:50:52,75,0.02
1523,L06,#12,GW252/13600,(2)停机状态,2,2025-07-16 15:49:36,2025-07-16 15:49:37,1,0
1524,L06,#12,GW252/13600,(1)停机过程,1,2025-07-16 15:49:06,2025-07-16 15:49:36,30,0.01
1525,L06,#12,GW252/13600,(4)启机状态,4,2025-07-16 15:44:06,2025-07-16 15:49:06,300,0.08
1526,L06,#12,GW252/13600,(3)待机状态,3,2025-07-16 15:42:46,2025-07-16 15:44:06,80,0.02
1527,L06,#12,GW252/13600,(2)停机状态,2,2025-07-16 15:42:45,2025-07-16 15:42:46,1,0
1528,L06,#12,GW252/13600,(1)停机过程,1,2025-07-16 15:42:13,2025-07-16 15:42:45,32,0.01
1529,L06,#12,GW252/13600,(4)启机状态,4,2025-07-16 15:37:13,2025-07-16 15:42:13,300,0.08
1530,L06,#12,GW252/13600,(3)待机状态,3,2025-07-16 15:35:58,2025-07-16 15:37:13,75,0.02
1531,L06,#12,GW252/13600,(1)停机过程,1,2025-07-16 15:35:26,2025-07-16 15:35:58,32,0.01
1532,L06,#12,GW252/13600,(4)启机状态,4,2025-07-16 15:30:25,2025-07-16 15:35:26,301,0.08
1533,L06,#12,GW252/13600,(3)待机状态,3,2025-07-16 15:29:16,2025-07-16 15:30:25,69,0.02
1534,L06,#12,GW252/13600,(1)停机过程,1,2025-07-16 15:28:46,2025-07-16 15:29:16,30,0.01
1535,L06,#12,GW252/13600,(4)启机状态,4,2025-07-16 15:23:46,2025-07-16 15:28:46,300,0.08
1536,L06,#12,GW252/13600,(3)待机状态,3,2025-07-16 15:22:25,2025-07-16 15:23:46,81,0.02
1537,L06,#12,GW252/13600,(2)停机状态,2,2025-07-16 15:22:24,2025-07-16 15:22:25,1,0
1538,L06,#12,GW252/13600,(1)停机过程,1,2025-07-16 15:21:51,2025-07-16 15:22:24,33,0.01
1539,L06,#12,GW252/13600,(4)启机状态,4,2025-07-16 15:16:52,2025-07-16 15:21:51,299,0.08
1540,L06,#12,GW252/13600,(3)待机状态,3,2025-07-16 15:15:37,2025-07-16 15:16:52,75,0.02
1541,L06,#12,GW252/13600,(2)停机状态,2,2025-07-16 15:15:35,2025-07-16 15:15:37,2,0
1542,L06,#12,GW252/13600,(1)停机过程,1,2025-07-16 15:15:04,2025-07-16 15:15:35,31,0.01
1543,L06,#12,GW252/13600,(4)启机状态,4,2025-07-16 15:10:04,2025-07-16 15:15:04,300,0.08
1544,L06,#12,GW252/13600,(3)待机状态,3,2025-07-16 15:08:54,2025-07-16 15:10:04,70,0.02
1545,L06,#12,GW252/13600,(2)停机状态,2,2025-07-16 15:08:28,2025-07-16 15:08:54,26,0.01
1546,L06,#12,GW252/13600,(1)停机过程,1,2025-07-16 15:07:57,2025-07-16 15:08:28,31,0.01
1547,L06,#12,GW252/13600,(4)启机状态,4,2025-07-16 15:02:56,2025-07-16 15:07:57,301,0.08
1548,L06,#12,GW252/13600,(3)待机状态,3,2025-07-16 15:01:15,2025-07-16 15:02:56,101,0.03
1549,L06,#12,GW252/13600,(2)停机状态,2,2025-07-16 15:01:14,2025-07-16 15:01:15,1,0
1550,L06,#12,GW252/13600,(1)停机过程,1,2025-07-16 15:00:42,2025-07-16 15:01:14,32,0.01
1551,L06,#12,GW252/13600,(4)启机状态,4,2025-07-16 14:55:42,2025-07-16 15:00:42,300,0.08
1552,L06,#12,GW252/13600,(3)待机状态,3,2025-07-16 14:52:56,2025-07-16 14:55:42,166,0.05
1553,L06,#12,GW252/13600,(2)停机状态,2,2025-07-16 14:52:54,2025-07-16 14:52:56,2,0
1554,L06,#12,GW252/13600,(1)停机过程,1,2025-07-16 14:52:24,2025-07-16 14:52:54,30,0.01
1555,L06,#12,GW252/13600,(4)启机状态,4,2025-07-16 14:47:24,2025-07-16 14:52:24,300,0.08
1556,L06,#12,GW252/13600,(3)待机状态,3,2025-07-16 14:17:04,2025-07-16 14:47:24,1820,0.51
1557,L06,#12,GW252/13600,(2)停机状态,2,2025-07-16 14:13:41,2025-07-16 14:17:04,203,0.06
1558,L06,#12,GW252/13600,(1)停机过程,1,2025-07-16 14:12:44,2025-07-16 14:13:41,57,0.02
1559,L06,#12,GW252/13600,(5)发电状态,5,2025-07-15 15:09:58,2025-07-16 14:12:44,82966,23.05
1560,L06,#12,GW252/13600,(4)启机状态,4,2025-07-15 15:07:18,2025-07-15 15:09:58,160,0.04
1561,L06,#12,GW252/13600,(3)待机状态,3,2025-07-15 15:06:15,2025-07-15 15:07:18,63,0.02
1562,L06,#12,GW252/13600,(2)停机状态,2,2025-07-15 15:06:14,2025-07-15 15:06:15,1,0
1563,L06,#12,GW252/13600,(1)停机过程,1,2025-07-15 15:05:42,2025-07-15 15:06:14,32,0.01
1564,L06,#12,GW252/13600,(4)启机状态,4,2025-07-15 15:00:42,2025-07-15 15:05:42,300,0.08
1565,L06,#12,GW252/13600,(3)待机状态,3,2025-07-15 14:59:36,2025-07-15 15:00:42,66,0.02
1566,L06,#12,GW252/13600,(1)停机过程,1,2025-07-15 14:59:04,2025-07-15 14:59:36,32,0.01
1567,L06,#12,GW252/13600,(4)启机状态,4,2025-07-15 14:54:04,2025-07-15 14:59:04,300,0.08
1568,L06,#12,GW252/13600,(3)待机状态,3,2025-07-15 14:51:00,2025-07-15 14:54:04,184,0.05
1569,L06,#12,GW252/13600,(2)停机状态,2,2025-07-15 14:50:58,2025-07-15 14:51:00,2,0
1570,L06,#12,GW252/13600,(1)停机过程,1,2025-07-15 14:50:27,2025-07-15 14:50:58,31,0.01
1571,L06,#12,GW252/13600,(4)启机状态,4,2025-07-15 14:45:27,2025-07-15 14:50:27,300,0.08
1572,L06,#12,GW252/13600,(3)待机状态,3,2025-07-15 14:44:14,2025-07-15 14:45:27,73,0.02
1573,L06,#12,GW252/13600,(2)停机状态,2,2025-07-15 14:44:12,2025-07-15 14:44:14,2,0
1574,L06,#12,GW252/13600,(1)停机过程,1,2025-07-15 14:43:41,2025-07-15 14:44:12,31,0.01
1575,L06,#12,GW252/13600,(4)启机状态,4,2025-07-15 14:38:41,2025-07-15 14:43:41,300,0.08
1576,L06,#12,GW252/13600,(3)待机状态,3,2025-07-15 14:36:12,2025-07-15 14:38:41,149,0.04
1577,L06,#12,GW252/13600,(2)停机状态,2,2025-07-15 14:36:06,2025-07-15 14:36:12,6,0
1578,L06,#12,GW252/13600,(1)停机过程,1,2025-07-15 14:35:34,2025-07-15 14:36:06,32,0.01
1579,L06,#12,GW252/13600,(4)启机状态,4,2025-07-15 14:30:35,2025-07-15 14:35:34,299,0.08
1580,L06,#12,GW252/13600,(3)待机状态,3,2025-07-15 14:29:25,2025-07-15 14:30:35,70,0.02
1581,L06,#12,GW252/13600,(2)停机状态,2,2025-07-15 14:29:24,2025-07-15 14:29:25,1,0
1582,L06,#12,GW252/13600,(1)停机过程,1,2025-07-15 14:28:51,2025-07-15 14:29:24,33,0.01
1583,L06,#12,GW252/13600,(4)启机状态,4,2025-07-15 14:23:51,2025-07-15 14:28:51,300,0.08
1584,L06,#12,GW252/13600,(3)待机状态,3,2025-07-15 14:20:57,2025-07-15 14:23:51,174,0.05
1585,L06,#12,GW252/13600,(2)停机状态,2,2025-07-15 14:20:55,2025-07-15 14:20:57,2,0
1586,L06,#12,GW252/13600,(1)停机过程,1,2025-07-15 14:20:22,2025-07-15 14:20:55,33,0.01
1587,L06,#12,GW252/13600,(4)启机状态,4,2025-07-15 14:15:22,2025-07-15 14:20:22,300,0.08
1588,L06,#12,GW252/13600,(3)待机状态,3,2025-07-15 14:13:43,2025-07-15 14:15:22,99,0.03
1589,L06,#12,GW252/13600,(2)停机状态,2,2025-07-15 14:13:42,2025-07-15 14:13:43,1,0
1590,L06,#12,GW252/13600,(1)停机过程,1,2025-07-15 14:13:10,2025-07-15 14:13:42,32,0.01
1591,L06,#12,GW252/13600,(4)启机状态,4,2025-07-15 14:08:10,2025-07-15 14:13:10,300,0.08
1592,L06,#12,GW252/13600,(3)待机状态,3,2025-07-15 13:56:07,2025-07-15 14:08:10,723,0.2
1593,L06,#12,GW252/13600,(2)停机状态,2,2025-07-15 13:56:05,2025-07-15 13:56:07,2,0
1594,L06,#12,GW252/13600,(1)停机过程,1,2025-07-15 13:55:34,2025-07-15 13:56:05,31,0.01
1595,L06,#12,GW252/13600,(4)启机状态,4,2025-07-15 13:50:34,2025-07-15 13:55:34,300,0.08
1596,L06,#12,GW252/13600,(3)待机状态,3,2025-07-15 13:47:23,2025-07-15 13:50:34,191,0.05
1597,L06,#12,GW252/13600,(1)停机过程,1,2025-07-15 13:46:52,2025-07-15 13:47:23,31,0.01
1598,L06,#12,GW252/13600,(4)启机状态,4,2025-07-15 13:41:51,2025-07-15 13:46:52,301,0.08
1599,L06,#12,GW252/13600,(3)待机状态,3,2025-07-15 13:36:25,2025-07-15 13:41:51,326,0.09
1600,L06,#12,GW252/13600,(2)停机状态,2,2025-07-15 13:36:23,2025-07-15 13:36:25,2,0
1601,L06,#12,GW252/13600,(1)停机过程,1,2025-07-15 13:35:51,2025-07-15 13:36:23,32,0.01
1602,L06,#12,GW252/13600,(4)启机状态,4,2025-07-15 13:30:51,2025-07-15 13:35:51,300,0.08
1603,L06,#12,GW252/13600,(3)待机状态,3,2025-07-15 13:26:02,2025-07-15 13:30:51,289,0.08
1604,L06,#12,GW252/13600,(2)停机状态,2,2025-07-15 13:26:00,2025-07-15 13:26:02,2,0
1605,L06,#12,GW252/13600,(1)停机过程,1,2025-07-15 13:25:29,2025-07-15 13:26:00,31,0.01
1606,L06,#12,GW252/13600,(4)启机状态,4,2025-07-15 13:20:30,2025-07-15 13:25:29,299,0.08
1607,L06,#12,GW252/13600,(3)待机状态,3,2025-07-15 13:11:46,2025-07-15 13:20:30,524,0.15
1608,L06,#12,GW252/13600,(2)停机状态,2,2025-07-15 13:10:13,2025-07-15 13:11:46,93,0.03
1609,L06,#12,GW252/13600,(1)停机过程,1,2025-07-15 13:09:16,2025-07-15 13:10:13,57,0.02
1610,L06,#12,GW252/13600,(5)发电状态,5,2025-07-15 09:35:39,2025-07-15 13:09:16,12817,3.56
1611,L06,#12,GW252/13600,(4)启机状态,4,2025-07-15 09:34:50,2025-07-15 09:35:39,49,0.01
1612,L06,#12,GW252/13600,(3)待机状态,3,2025-07-15 09:34:09,2025-07-15 09:34:50,41,0.01
1613,L06,#12,GW252/13600,(2)停机状态,2,2025-07-15 09:26:14,2025-07-15 09:34:09,475,0.13
1614,L06,#12,GW252/13600,(1)停机过程,1,2025-07-15 09:26:04,2025-07-15 09:26:14,10,0
1615,L06,#12,GW252/13600,(9)维护状态,9,2025-07-15 08:25:19,2025-07-15 09:26:04,3645,1.01
1616,L06,#12,GW252/13600,(2)停机状态,2,2025-07-14 22:17:07,2025-07-15 08:25:19,36492,10.14
1617,L06,#12,GW252/13600,(1)停机过程,1,2025-07-14 22:16:56,2025-07-14 22:17:07,11,0
1618,L06,#12,GW252/13600,(3)待机状态,3,2025-07-14 22:16:52,2025-07-14 22:16:56,4,0
1619,L06,#12,GW252/13600,(2)停机状态,2,2025-07-14 22:14:31,2025-07-14 22:16:52,141,0.04
1620,L06,#12,GW252/13600,(1)停机过程,1,2025-07-14 22:13:36,2025-07-14 22:14:31,55,0.02
1621,L06,#12,GW252/13600,(4)启机状态,4,2025-07-14 22:12:38,2025-07-14 22:13:36,58,0.02
1622,L06,#12,GW252/13600,(3)待机状态,3,2025-07-14 22:11:50,2025-07-14 22:12:38,48,0.01
1623,L06,#12,GW252/13600,(2)停机状态,2,2025-07-14 22:09:29,2025-07-14 22:11:50,141,0.04
1624,L06,#12,GW252/13600,(1)停机过程,1,2025-07-14 22:08:33,2025-07-14 22:09:29,56,0.02
1625,L06,#12,GW252/13600,(4)启机状态,4,2025-07-14 22:07:26,2025-07-14 22:08:33,67,0.02
1626,L06,#12,GW252/13600,(3)待机状态,3,2025-07-14 22:06:35,2025-07-14 22:07:26,51,0.01
1627,L06,#12,GW252/13600,(2)停机状态,2,2025-07-14 21:30:33,2025-07-14 22:06:35,2162,0.6
1628,L06,#12,GW252/13600,(1)停机过程,1,2025-07-14 21:30:02,2025-07-14 21:30:33,31,0.01
1629,L06,#12,GW252/13600,(4)启机状态,4,2025-07-14 21:25:02,2025-07-14 21:30:02,300,0.08
1630,L06,#12,GW252/13600,(3)待机状态,3,2025-07-14 21:24:02,2025-07-14 21:25:02,60,0.02
1631,L06,#12,GW252/13600,(2)停机状态,2,2025-07-14 21:23:57,2025-07-14 21:24:02,5,0
1632,L06,#12,GW252/13600,(1)停机过程,1,2025-07-14 21:23:47,2025-07-14 21:23:57,10,0
1633,L06,#12,GW252/13600,(9)维护状态,9,2025-07-14 21:23:38,2025-07-14 21:23:47,9,0
1634,L06,#12,GW252/13600,(2)停机状态,2,2025-07-14 21:22:58,2025-07-14 21:23:38,40,0.01
1635,L06,#12,GW252/13600,(1)停机过程,1,2025-07-14 21:22:01,2025-07-14 21:22:58,57,0.02
1636,L06,#12,GW252/13600,(4)启机状态,4,2025-07-14 21:18:42,2025-07-14 21:22:01,199,0.06
1637,L06,#12,GW252/13600,(3)待机状态,3,2025-07-14 21:11:41,2025-07-14 21:18:42,421,0.12
1638,L06,#12,GW252/13600,(2)停机状态,2,2025-07-14 21:11:39,2025-07-14 21:11:41,2,0
1639,L06,#12,GW252/13600,(1)停机过程,1,2025-07-14 21:11:08,2025-07-14 21:11:39,31,0.01
1640,L06,#12,GW252/13600,(3)待机状态,3,2025-07-14 21:06:57,2025-07-14 21:11:08,251,0.07
1641,L06,#12,GW252/13600,(2)停机状态,2,2025-07-14 21:06:56,2025-07-14 21:06:57,1,0
1642,L06,#12,GW252/13600,(1)停机过程,1,2025-07-14 21:06:24,2025-07-14 21:06:56,32,0.01
1643,L06,#12,GW252/13600,(3)待机状态,3,2025-07-14 21:05:14,2025-07-14 21:06:24,70,0.02
1644,L06,#12,GW252/13600,(2)停机状态,2,2025-07-14 21:04:19,2025-07-14 21:05:14,55,0.02
1645,L06,#12,GW252/13600,(1)停机过程,1,2025-07-14 21:04:09,2025-07-14 21:04:19,10,0
1646,L06,#12,GW252/13600,(9)维护状态,9,2025-07-10 09:27:42,2025-07-14 21:04:09,387387,107.61
1647,L06,#12,GW252/13600,(2)停机状态,2,2025-07-10 08:18:48,2025-07-10 09:27:42,4134,1.15
1648,L06,#12,GW252/13600,(1)停机过程,1,2025-07-10 08:17:31,2025-07-10 08:18:48,77,0.02
1649,L06,#12,GW252/13600,(5)发电状态,5,2025-07-09 18:36:39,2025-07-10 08:17:31,49252,13.68
1650,L06,#12,GW252/13600,(4)启机状态,4,2025-07-09 18:35:46,2025-07-09 18:36:39,53,0.01
1651,L06,#12,GW252/13600,(3)待机状态,3,2025-07-09 18:35:05,2025-07-09 18:35:46,41,0.01
1652,L06,#12,GW252/13600,(2)停机状态,2,2025-07-09 17:34:47,2025-07-09 18:35:05,3618,1.01
1653,L06,#12,GW252/13600,(1)停机过程,1,2025-07-09 17:34:07,2025-07-09 17:34:47,40,0.01
1654,L06,#12,GW252/13600,(4)启机状态,4,2025-07-09 17:33:55,2025-07-09 17:34:07,12,0
1655,L06,#12,GW252/13600,(3)待机状态,3,2025-07-09 17:33:16,2025-07-09 17:33:55,39,0.01
1656,L06,#12,GW252/13600,(2)停机状态,2,2025-07-09 17:20:35,2025-07-09 17:33:16,761,0.21
1657,L06,#12,GW252/13600,(1)停机过程,1,2025-07-09 17:19:23,2025-07-09 17:20:35,72,0.02
1658,L06,#12,GW252/13600,(5)发电状态,5,2025-07-09 16:25:42,2025-07-09 17:19:23,3221,0.89
1659,L06,#12,GW252/13600,(4)启机状态,4,2025-07-09 16:24:35,2025-07-09 16:25:42,67,0.02
1660,L06,#12,GW252/13600,(3)待机状态,3,2025-07-09 16:23:40,2025-07-09 16:24:35,55,0.02
1661,L06,#12,GW252/13600,(2)停机状态,2,2025-07-09 16:20:51,2025-07-09 16:23:40,169,0.05
1662,L06,#12,GW252/13600,(1)停机过程,1,2025-07-09 16:19:49,2025-07-09 16:20:51,62,0.02
1663,L06,#12,GW252/13600,(5)发电状态,5,2025-07-09 15:46:43,2025-07-09 16:19:49,1986,0.55
1664,L06,#12,GW252/13600,(4)启机状态,4,2025-07-09 15:45:43,2025-07-09 15:46:43,60,0.02
1665,L06,#12,GW252/13600,(3)待机状态,3,2025-07-09 15:40:11,2025-07-09 15:45:43,332,0.09
1666,L06,#12,GW252/13600,(1)停机过程,1,2025-07-09 15:39:41,2025-07-09 15:40:11,30,0.01
1667,L06,#12,GW252/13600,(3)待机状态,3,2025-07-09 15:39:19,2025-07-09 15:39:41,22,0.01
1668,L06,#12,GW252/13600,(2)停机状态,2,2025-07-09 11:44:57,2025-07-09 15:39:19,14062,3.91
1669,L06,#12,GW252/13600,(1)停机过程,1,2025-07-09 11:44:26,2025-07-09 11:44:57,31,0.01
1670,L06,#12,GW252/13600,(3)待机状态,3,2025-07-09 11:25:58,2025-07-09 11:44:26,1108,0.31
1671,L06,#12,GW252/13600,(2)停机状态,2,2025-07-09 11:22:43,2025-07-09 11:25:58,195,0.05
1672,L06,#12,GW252/13600,(1)停机过程,1,2025-07-09 11:21:46,2025-07-09 11:22:43,57,0.02
1673,L06,#12,GW252/13600,(5)发电状态,5,2025-07-09 03:58:01,2025-07-09 11:21:46,26625,7.4
1674,L06,#12,GW252/13600,(4)启机状态,4,2025-07-09 03:53:33,2025-07-09 03:58:01,268,0.07
1675,L06,#12,GW252/13600,(3)待机状态,3,2025-07-09 03:52:23,2025-07-09 03:53:33,70,0.02
1676,L06,#12,GW252/13600,(2)停机状态,2,2025-07-09 03:52:19,2025-07-09 03:52:23,4,0
1677,L06,#12,GW252/13600,(1)停机过程,1,2025-07-09 03:51:47,2025-07-09 03:52:19,32,0.01
1678,L06,#12,GW252/13600,(4)启机状态,4,2025-07-09 03:46:47,2025-07-09 03:51:47,300,0.08
1679,L06,#12,GW252/13600,(3)待机状态,3,2025-07-09 03:26:35,2025-07-09 03:46:47,1212,0.34
1680,L06,#12,GW252/13600,(2)停机状态,2,2025-07-09 03:24:46,2025-07-09 03:26:35,109,0.03
1681,L06,#12,GW252/13600,(1)停机过程,1,2025-07-09 03:23:48,2025-07-09 03:24:46,58,0.02
1682,L06,#12,GW252/13600,(5)发电状态,5,2025-07-09 02:20:40,2025-07-09 03:23:48,3788,1.05
1683,L06,#12,GW252/13600,(4)启机状态,4,2025-07-09 02:18:49,2025-07-09 02:20:40,111,0.03
1684,L06,#12,GW252/13600,(3)待机状态,3,2025-07-09 02:17:48,2025-07-09 02:18:49,61,0.02
1685,L06,#12,GW252/13600,(1)停机过程,1,2025-07-09 02:17:16,2025-07-09 02:17:48,32,0.01
1686,L06,#12,GW252/13600,(4)启机状态,4,2025-07-09 02:12:16,2025-07-09 02:17:16,300,0.08
1687,L06,#12,GW252/13600,(3)待机状态,3,2025-07-09 02:11:13,2025-07-09 02:12:16,63,0.02
1688,L06,#12,GW252/13600,(2)停机状态,2,2025-07-09 02:11:12,2025-07-09 02:11:13,1,0
1689,L06,#12,GW252/13600,(1)停机过程,1,2025-07-09 02:10:41,2025-07-09 02:11:12,31,0.01
1690,L06,#12,GW252/13600,(4)启机状态,4,2025-07-09 02:05:40,2025-07-09 02:10:41,301,0.08
1691,L06,#12,GW252/13600,(3)待机状态,3,2025-07-09 01:44:21,2025-07-09 02:05:40,1279,0.36
1692,L06,#12,GW252/13600,(2)停机状态,2,2025-07-09 01:40:29,2025-07-09 01:44:21,232,0.06
1693,L06,#12,GW252/13600,(1)停机过程,1,2025-07-09 01:39:32,2025-07-09 01:40:29,57,0.02
1694,L06,#12,GW252/13600,(5)发电状态,5,2025-07-08 10:12:53,2025-07-09 01:39:32,55599,15.44
1695,L06,#12,GW252/13600,(4)启机状态,4,2025-07-08 10:10:28,2025-07-08 10:12:53,145,0.04
1696,L06,#12,GW252/13600,(3)待机状态,3,2025-07-08 10:09:29,2025-07-08 10:10:28,59,0.02
1697,L06,#12,GW252/13600,(2)停机状态,2,2025-07-08 10:09:28,2025-07-08 10:09:29,1,0
1698,L06,#12,GW252/13600,(1)停机过程,1,2025-07-08 10:08:57,2025-07-08 10:09:28,31,0.01
1699,L06,#12,GW252/13600,(4)启机状态,4,2025-07-08 10:03:57,2025-07-08 10:08:57,300,0.08
1700,L06,#12,GW252/13600,(3)待机状态,3,2025-07-08 10:02:52,2025-07-08 10:03:57,65,0.02
1701,L06,#12,GW252/13600,(1)停机过程,1,2025-07-08 10:02:19,2025-07-08 10:02:52,33,0.01
1702,L06,#12,GW252/13600,(4)启机状态,4,2025-07-08 09:57:19,2025-07-08 10:02:19,300,0.08
1703,L06,#12,GW252/13600,(3)待机状态,3,2025-07-08 09:56:10,2025-07-08 09:57:19,69,0.02
1704,L06,#12,GW252/13600,(1)停机过程,1,2025-07-08 09:55:39,2025-07-08 09:56:10,31,0.01
1705,L06,#12,GW252/13600,(4)启机状态,4,2025-07-08 09:50:39,2025-07-08 09:55:39,300,0.08
1706,L06,#12,GW252/13600,(3)待机状态,3,2025-07-08 09:49:27,2025-07-08 09:50:39,72,0.02
1707,L06,#12,GW252/13600,(1)停机过程,1,2025-07-08 09:48:54,2025-07-08 09:49:27,33,0.01
1708,L06,#12,GW252/13600,(4)启机状态,4,2025-07-08 09:43:54,2025-07-08 09:48:54,300,0.08
1709,L06,#12,GW252/13600,(3)待机状态,3,2025-07-08 09:42:40,2025-07-08 09:43:54,74,0.02
1710,L06,#12,GW252/13600,(2)停机状态,2,2025-07-08 09:42:38,2025-07-08 09:42:40,2,0
1711,L06,#12,GW252/13600,(1)停机过程,1,2025-07-08 09:42:07,2025-07-08 09:42:38,31,0.01
1712,L06,#12,GW252/13600,(4)启机状态,4,2025-07-08 09:37:07,2025-07-08 09:42:07,300,0.08
1713,L06,#12,GW252/13600,(3)待机状态,3,2025-07-08 09:35:58,2025-07-08 09:37:07,69,0.02
1714,L06,#12,GW252/13600,(2)停机状态,2,2025-07-08 09:35:49,2025-07-08 09:35:58,9,0
1715,L06,#12,GW252/13600,(1)停机过程,1,2025-07-08 09:35:18,2025-07-08 09:35:49,31,0.01
1716,L06,#12,GW252/13600,(4)启机状态,4,2025-07-08 09:30:19,2025-07-08 09:35:18,299,0.08
1717,L06,#12,GW252/13600,(3)待机状态,3,2025-07-08 09:29:14,2025-07-08 09:30:19,65,0.02
1718,L06,#12,GW252/13600,(2)停机状态,2,2025-07-08 09:29:12,2025-07-08 09:29:14,2,0
1719,L06,#12,GW252/13600,(1)停机过程,1,2025-07-08 09:28:41,2025-07-08 09:29:12,31,0.01
1720,L06,#12,GW252/13600,(4)启机状态,4,2025-07-08 09:23:40,2025-07-08 09:28:41,301,0.08
1721,L06,#12,GW252/13600,(3)待机状态,3,2025-07-08 09:18:16,2025-07-08 09:23:40,324,0.09
1722,L06,#12,GW252/13600,(2)停机状态,2,2025-07-08 09:16:32,2025-07-08 09:18:16,104,0.03
1723,L06,#12,GW252/13600,(1)停机过程,1,2025-07-08 09:15:35,2025-07-08 09:16:32,57,0.02
1724,L06,#12,GW252/13600,(5)发电状态,5,2025-07-07 16:06:40,2025-07-08 09:15:35,61735,17.15
1725,L06,#12,GW252/13600,(4)启机状态,4,2025-07-07 16:04:27,2025-07-07 16:06:40,133,0.04
1726,L06,#12,GW252/13600,(3)待机状态,3,2025-07-07 16:03:23,2025-07-07 16:04:27,64,0.02
1727,L06,#12,GW252/13600,(2)停机状态,2,2025-07-07 16:03:22,2025-07-07 16:03:23,1,0
1728,L06,#12,GW252/13600,(1)停机过程,1,2025-07-07 16:02:50,2025-07-07 16:03:22,32,0.01
1729,L06,#12,GW252/13600,(4)启机状态,4,2025-07-07 15:57:49,2025-07-07 16:02:50,301,0.08
1730,L06,#12,GW252/13600,(3)待机状态,3,2025-07-07 15:56:30,2025-07-07 15:57:49,79,0.02
1731,L06,#12,GW252/13600,(2)停机状态,2,2025-07-07 15:56:29,2025-07-07 15:56:30,1,0
1732,L06,#12,GW252/13600,(1)停机过程,1,2025-07-07 15:55:59,2025-07-07 15:56:29,30,0.01
1733,L06,#12,GW252/13600,(4)启机状态,4,2025-07-07 15:50:59,2025-07-07 15:55:59,300,0.08
1734,L06,#12,GW252/13600,(3)待机状态,3,2025-07-07 15:49:30,2025-07-07 15:50:59,89,0.02
1735,L06,#12,GW252/13600,(2)停机状态,2,2025-07-07 15:49:27,2025-07-07 15:49:30,3,0
1736,L06,#12,GW252/13600,(1)停机过程,1,2025-07-07 15:48:56,2025-07-07 15:49:27,31,0.01
1737,L06,#12,GW252/13600,(4)启机状态,4,2025-07-07 15:43:56,2025-07-07 15:48:56,300,0.08
1738,L06,#12,GW252/13600,(3)待机状态,3,2025-07-07 15:42:29,2025-07-07 15:43:56,87,0.02
1739,L06,#12,GW252/13600,(2)停机状态,2,2025-07-07 15:42:28,2025-07-07 15:42:29,1,0
1740,L06,#12,GW252/13600,(1)停机过程,1,2025-07-07 15:41:55,2025-07-07 15:42:28,33,0.01
1741,L06,#12,GW252/13600,(4)启机状态,4,2025-07-07 15:36:56,2025-07-07 15:41:55,299,0.08
1742,L06,#12,GW252/13600,(3)待机状态,3,2025-07-07 15:33:46,2025-07-07 15:36:56,190,0.05
1743,L06,#12,GW252/13600,(1)停机过程,1,2025-07-07 15:33:14,2025-07-07 15:33:46,32,0.01
1744,L06,#12,GW252/13600,(4)启机状态,4,2025-07-07 15:28:14,2025-07-07 15:33:14,300,0.08
1745,L06,#12,GW252/13600,(3)待机状态,3,2025-07-07 15:27:04,2025-07-07 15:28:14,70,0.02
1746,L06,#12,GW252/13600,(1)停机过程,1,2025-07-07 15:26:32,2025-07-07 15:27:04,32,0.01
1747,L06,#12,GW252/13600,(4)启机状态,4,2025-07-07 15:21:31,2025-07-07 15:26:32,301,0.08
1748,L06,#12,GW252/13600,(3)待机状态,3,2025-07-07 15:20:29,2025-07-07 15:21:31,62,0.02
1749,L06,#12,GW252/13600,(2)停机状态,2,2025-07-07 15:20:27,2025-07-07 15:20:29,2,0
1750,L06,#12,GW252/13600,(1)停机过程,1,2025-07-07 15:19:56,2025-07-07 15:20:27,31,0.01
1751,L06,#12,GW252/13600,(4)启机状态,4,2025-07-07 15:14:56,2025-07-07 15:19:56,300,0.08
1752,L06,#12,GW252/13600,(3)待机状态,3,2025-07-07 15:11:02,2025-07-07 15:14:56,234,0.07
1753,L06,#12,GW252/13600,(2)停机状态,2,2025-07-07 15:11:01,2025-07-07 15:11:02,1,0
1754,L06,#12,GW252/13600,(1)停机过程,1,2025-07-07 15:10:28,2025-07-07 15:11:01,33,0.01
1755,L06,#12,GW252/13600,(4)启机状态,4,2025-07-07 15:05:29,2025-07-07 15:10:28,299,0.08
1756,L06,#12,GW252/13600,(3)待机状态,3,2025-07-07 15:03:30,2025-07-07 15:05:29,119,0.03
1757,L06,#12,GW252/13600,(2)停机状态,2,2025-07-07 15:03:28,2025-07-07 15:03:30,2,0
1758,L06,#12,GW252/13600,(1)停机过程,1,2025-07-07 15:02:56,2025-07-07 15:03:28,32,0.01
1759,L06,#12,GW252/13600,(4)启机状态,4,2025-07-07 14:57:56,2025-07-07 15:02:56,300,0.08
1760,L06,#12,GW252/13600,(3)待机状态,3,2025-07-07 14:56:39,2025-07-07 14:57:56,77,0.02
1761,L06,#12,GW252/13600,(2)停机状态,2,2025-07-07 14:56:36,2025-07-07 14:56:39,3,0
1762,L06,#12,GW252/13600,(1)停机过程,1,2025-07-07 14:56:04,2025-07-07 14:56:36,32,0.01
1763,L06,#12,GW252/13600,(4)启机状态,4,2025-07-07 14:51:04,2025-07-07 14:56:04,300,0.08
1764,L06,#12,GW252/13600,(3)待机状态,3,2025-07-07 14:49:15,2025-07-07 14:51:04,109,0.03
1765,L06,#12,GW252/13600,(2)停机状态,2,2025-07-07 14:49:13,2025-07-07 14:49:15,2,0
1766,L06,#12,GW252/13600,(1)停机过程,1,2025-07-07 14:48:40,2025-07-07 14:49:13,33,0.01
1767,L06,#12,GW252/13600,(4)启机状态,4,2025-07-07 14:43:41,2025-07-07 14:48:40,299,0.08
1768,L06,#12,GW252/13600,(3)待机状态,3,2025-07-07 14:42:17,2025-07-07 14:43:41,84,0.02
1769,L06,#12,GW252/13600,(2)停机状态,2,2025-07-07 14:42:15,2025-07-07 14:42:17,2,0
1770,L06,#12,GW252/13600,(1)停机过程,1,2025-07-07 14:41:44,2025-07-07 14:42:15,31,0.01
1771,L06,#12,GW252/13600,(4)启机状态,4,2025-07-07 14:36:41,2025-07-07 14:41:44,303,0.08
1772,L06,#12,GW252/13600,(3)待机状态,3,2025-07-07 14:35:18,2025-07-07 14:36:41,83,0.02
1773,L06,#12,GW252/13600,(1)停机过程,1,2025-07-07 14:34:45,2025-07-07 14:35:18,33,0.01
1774,L06,#12,GW252/13600,(4)启机状态,4,2025-07-07 14:29:45,2025-07-07 14:34:45,300,0.08
1775,L06,#12,GW252/13600,(3)待机状态,3,2025-07-07 14:27:54,2025-07-07 14:29:45,111,0.03
1776,L06,#12,GW252/13600,(2)停机状态,2,2025-07-07 14:27:52,2025-07-07 14:27:54,2,0
1777,L06,#12,GW252/13600,(1)停机过程,1,2025-07-07 14:27:21,2025-07-07 14:27:52,31,0.01
1778,L06,#12,GW252/13600,(4)启机状态,4,2025-07-07 14:22:20,2025-07-07 14:27:21,301,0.08
1779,L06,#12,GW252/13600,(3)待机状态,3,2025-07-07 12:14:59,2025-07-07 14:22:20,7641,2.12
1780,L06,#12,GW252/13600,(2)停机状态,2,2025-07-07 12:13:18,2025-07-07 12:14:59,101,0.03
1781,L06,#12,GW252/13600,(1)停机过程,1,2025-07-07 12:12:21,2025-07-07 12:13:18,57,0.02
1782,L06,#12,GW252/13600,(5)发电状态,5,2025-07-07 09:47:05,2025-07-07 12:12:21,8716,2.42
1783,L06,#12,GW252/13600,(4)启机状态,4,2025-07-07 09:45:24,2025-07-07 09:47:05,101,0.03
1784,L06,#12,GW252/13600,(3)待机状态,3,2025-07-07 09:44:30,2025-07-07 09:45:24,54,0.02
1785,L06,#12,GW252/13600,(2)停机状态,2,2025-07-07 09:44:29,2025-07-07 09:44:30,1,0
1786,L06,#12,GW252/13600,(1)停机过程,1,2025-07-07 09:43:34,2025-07-07 09:44:29,55,0.02
1787,L06,#12,GW252/13600,(4)启机状态,4,2025-07-07 09:38:33,2025-07-07 09:43:34,301,0.08
1788,L06,#12,GW252/13600,(3)待机状态,3,2025-07-07 09:36:33,2025-07-07 09:38:33,120,0.03
1789,L06,#12,GW252/13600,(2)停机状态,2,2025-07-07 09:36:31,2025-07-07 09:36:33,2,0
1790,L06,#12,GW252/13600,(1)停机过程,1,2025-07-07 09:35:58,2025-07-07 09:36:31,33,0.01
1791,L06,#12,GW252/13600,(4)启机状态,4,2025-07-07 09:30:59,2025-07-07 09:35:58,299,0.08
1792,L06,#12,GW252/13600,(3)待机状态,3,2025-07-07 09:29:47,2025-07-07 09:30:59,72,0.02
1793,L06,#12,GW252/13600,(1)停机过程,1,2025-07-07 09:29:15,2025-07-07 09:29:47,32,0.01
1794,L06,#12,GW252/13600,(4)启机状态,4,2025-07-07 09:24:15,2025-07-07 09:29:15,300,0.08
1795,L06,#12,GW252/13600,(3)待机状态,3,2025-07-07 09:21:55,2025-07-07 09:24:15,140,0.04
1796,L06,#12,GW252/13600,(2)停机状态,2,2025-07-07 09:21:54,2025-07-07 09:21:55,1,0
1797,L06,#12,GW252/13600,(1)停机过程,1,2025-07-07 09:21:23,2025-07-07 09:21:54,31,0.01
1798,L06,#12,GW252/13600,(4)启机状态,4,2025-07-07 09:16:22,2025-07-07 09:21:23,301,0.08
1799,L06,#12,GW252/13600,(3)待机状态,3,2025-07-07 09:11:09,2025-07-07 09:16:22,313,0.09
1800,L06,#12,GW252/13600,(2)停机状态,2,2025-07-07 09:10:59,2025-07-07 09:11:09,10,0
1801,L06,#12,GW252/13600,(1)停机过程,1,2025-07-07 09:10:27,2025-07-07 09:10:59,32,0.01
1802,L06,#12,GW252/13600,(4)启机状态,4,2025-07-07 09:05:27,2025-07-07 09:10:27,300,0.08
1803,L06,#12,GW252/13600,(3)待机状态,3,2025-07-07 08:38:13,2025-07-07 09:05:27,1634,0.45
1804,L06,#12,GW252/13600,(2)停机状态,2,2025-07-07 08:36:51,2025-07-07 08:38:13,82,0.02
1805,L06,#12,GW252/13600,(1)停机过程,1,2025-07-07 08:36:20,2025-07-07 08:36:51,31,0.01
1806,L06,#12,GW252/13600,(4)启机状态,4,2025-07-07 08:31:20,2025-07-07 08:36:20,300,0.08
1807,L06,#12,GW252/13600,(3)待机状态,3,2025-07-07 07:07:20,2025-07-07 08:31:20,5040,1.4
1808,L06,#12,GW252/13600,(2)停机状态,2,2025-07-07 07:05:15,2025-07-07 07:07:20,125,0.03
1809,L06,#12,GW252/13600,(1)停机过程,1,2025-07-07 07:04:18,2025-07-07 07:05:15,57,0.02
1810,L06,#12,GW252/13600,(5)发电状态,5,2025-07-06 21:42:19,2025-07-07 07:04:18,33719,9.37
1811,L06,#12,GW252/13600,(4)启机状态,4,2025-07-06 21:40:56,2025-07-06 21:42:19,83,0.02
1812,L06,#12,GW252/13600,(3)待机状态,3,2025-07-06 21:40:02,2025-07-06 21:40:56,54,0.02
1813,L06,#12,GW252/13600,(2)停机状态,2,2025-07-06 21:40:01,2025-07-06 21:40:02,1,0
1814,L06,#12,GW252/13600,(1)停机过程,1,2025-07-06 21:39:07,2025-07-06 21:40:01,54,0.02
1815,L06,#12,GW252/13600,(4)启机状态,4,2025-07-06 21:34:07,2025-07-06 21:39:07,300,0.08
1816,L06,#12,GW252/13600,(3)待机状态,3,2025-07-06 21:33:06,2025-07-06 21:34:07,61,0.02
1817,L06,#12,GW252/13600,(2)停机状态,2,2025-07-06 21:33:05,2025-07-06 21:33:06,1,0
1818,L06,#12,GW252/13600,(1)停机过程,1,2025-07-06 21:32:32,2025-07-06 21:33:05,33,0.01
1819,L06,#12,GW252/13600,(4)启机状态,4,2025-07-06 21:27:32,2025-07-06 21:32:32,300,0.08
1820,L06,#12,GW252/13600,(3)待机状态,3,2025-07-06 21:24:16,2025-07-06 21:27:32,196,0.05
1821,L06,#12,GW252/13600,(1)停机过程,1,2025-07-06 21:23:45,2025-07-06 21:24:16,31,0.01
1822,L06,#12,GW252/13600,(4)启机状态,4,2025-07-06 21:18:45,2025-07-06 21:23:45,300,0.08
1823,L06,#12,GW252/13600,(3)待机状态,3,2025-07-06 20:46:25,2025-07-06 21:18:45,1940,0.54
1824,L06,#12,GW252/13600,(2)停机状态,2,2025-07-06 20:46:23,2025-07-06 20:46:25,2,0
1825,L06,#12,GW252/13600,(1)停机过程,1,2025-07-06 20:45:51,2025-07-06 20:46:23,32,0.01
1826,L06,#12,GW252/13600,(4)启机状态,4,2025-07-06 20:40:51,2025-07-06 20:45:51,300,0.08
1827,L06,#12,GW252/13600,(3)待机状态,3,2025-07-06 20:32:06,2025-07-06 20:40:51,525,0.15
1828,L06,#12,GW252/13600,(2)停机状态,2,2025-07-06 20:31:00,2025-07-06 20:32:06,66,0.02
1829,L06,#12,GW252/13600,(1)停机过程,1,2025-07-06 20:30:03,2025-07-06 20:31:00,57,0.02
1830,L06,#12,GW252/13600,(5)发电状态,5,2025-07-06 18:33:23,2025-07-06 20:30:03,7000,1.94
1831,L06,#12,GW252/13600,(4)启机状态,4,2025-07-06 18:31:46,2025-07-06 18:33:23,97,0.03
1832,L06,#12,GW252/13600,(3)待机状态,3,2025-07-06 18:30:50,2025-07-06 18:31:46,56,0.02
1833,L06,#12,GW252/13600,(2)停机状态,2,2025-07-06 18:30:49,2025-07-06 18:30:50,1,0
1834,L06,#12,GW252/13600,(1)停机过程,1,2025-07-06 18:30:18,2025-07-06 18:30:49,31,0.01
1835,L06,#12,GW252/13600,(4)启机状态,4,2025-07-06 18:25:17,2025-07-06 18:30:18,301,0.08
1836,L06,#12,GW252/13600,(3)待机状态,3,2025-07-06 15:39:57,2025-07-06 18:25:17,9920,2.76
1837,L06,#12,GW252/13600,(2)停机状态,2,2025-07-06 15:36:51,2025-07-06 15:39:57,186,0.05
1838,L06,#12,GW252/13600,(1)停机过程,1,2025-07-06 15:36:19,2025-07-06 15:36:51,32,0.01
1839,L06,#12,GW252/13600,(4)启机状态,4,2025-07-06 15:31:19,2025-07-06 15:36:19,300,0.08
1840,L06,#12,GW252/13600,(3)待机状态,3,2025-07-06 15:29:26,2025-07-06 15:31:19,113,0.03
1841,L06,#12,GW252/13600,(2)停机状态,2,2025-07-06 15:29:24,2025-07-06 15:29:26,2,0
1842,L06,#12,GW252/13600,(1)停机过程,1,2025-07-06 15:28:53,2025-07-06 15:29:24,31,0.01
1843,L06,#12,GW252/13600,(4)启机状态,4,2025-07-06 15:23:53,2025-07-06 15:28:53,300,0.08
1844,L06,#12,GW252/13600,(3)待机状态,3,2025-07-06 15:22:42,2025-07-06 15:23:53,71,0.02
1845,L06,#12,GW252/13600,(2)停机状态,2,2025-07-06 15:22:40,2025-07-06 15:22:42,2,0
1846,L06,#12,GW252/13600,(1)停机过程,1,2025-07-06 15:22:08,2025-07-06 15:22:40,32,0.01
1847,L06,#12,GW252/13600,(4)启机状态,4,2025-07-06 15:17:08,2025-07-06 15:22:08,300,0.08
1848,L06,#12,GW252/13600,(3)待机状态,3,2025-07-06 15:16:00,2025-07-06 15:17:08,68,0.02
1849,L06,#12,GW252/13600,(2)停机状态,2,2025-07-06 15:15:57,2025-07-06 15:16:00,3,0
1850,L06,#12,GW252/13600,(1)停机过程,1,2025-07-06 15:15:27,2025-07-06 15:15:57,30,0.01
1851,L06,#12,GW252/13600,(4)启机状态,4,2025-07-06 15:10:27,2025-07-06 15:15:27,300,0.08
1852,L06,#12,GW252/13600,(3)待机状态,3,2025-07-06 15:09:22,2025-07-06 15:10:27,65,0.02
1853,L06,#12,GW252/13600,(2)停机状态,2,2025-07-06 15:09:20,2025-07-06 15:09:22,2,0
1854,L06,#12,GW252/13600,(1)停机过程,1,2025-07-06 15:08:48,2025-07-06 15:09:20,32,0.01
1855,L06,#12,GW252/13600,(4)启机状态,4,2025-07-06 15:03:48,2025-07-06 15:08:48,300,0.08
1856,L06,#12,GW252/13600,(3)待机状态,3,2025-07-06 15:01:44,2025-07-06 15:03:48,124,0.03
1857,L06,#12,GW252/13600,(1)停机过程,1,2025-07-06 15:01:12,2025-07-06 15:01:44,32,0.01
1858,L06,#12,GW252/13600,(4)启机状态,4,2025-07-06 14:56:11,2025-07-06 15:01:12,301,0.08
1859,L06,#12,GW252/13600,(3)待机状态,3,2025-07-06 14:55:08,2025-07-06 14:56:11,63,0.02
1860,L06,#12,GW252/13600,(2)停机状态,2,2025-07-06 14:55:06,2025-07-06 14:55:08,2,0
1861,L06,#12,GW252/13600,(1)停机过程,1,2025-07-06 14:54:34,2025-07-06 14:55:06,32,0.01
1862,L06,#12,GW252/13600,(4)启机状态,4,2025-07-06 14:49:33,2025-07-06 14:54:34,301,0.08
1863,L06,#12,GW252/13600,(3)待机状态,3,2025-07-06 14:48:02,2025-07-06 14:49:33,91,0.03
1864,L06,#12,GW252/13600,(2)停机状态,2,2025-07-06 14:48:00,2025-07-06 14:48:02,2,0
1865,L06,#12,GW252/13600,(1)停机过程,1,2025-07-06 14:47:29,2025-07-06 14:48:00,31,0.01
1866,L06,#12,GW252/13600,(4)启机状态,4,2025-07-06 14:42:28,2025-07-06 14:47:29,301,0.08
1867,L06,#12,GW252/13600,(3)待机状态,3,2025-07-06 14:41:22,2025-07-06 14:42:28,66,0.02
1868,L06,#12,GW252/13600,(2)停机状态,2,2025-07-06 14:41:21,2025-07-06 14:41:22,1,0
1869,L06,#12,GW252/13600,(1)停机过程,1,2025-07-06 14:40:50,2025-07-06 14:41:21,31,0.01
1870,L06,#12,GW252/13600,(4)启机状态,4,2025-07-06 14:35:49,2025-07-06 14:40:50,301,0.08
1871,L06,#12,GW252/13600,(3)待机状态,3,2025-07-06 14:34:43,2025-07-06 14:35:49,66,0.02
1872,L06,#12,GW252/13600,(2)停机状态,2,2025-07-06 14:34:41,2025-07-06 14:34:43,2,0
1873,L06,#12,GW252/13600,(1)停机过程,1,2025-07-06 14:34:09,2025-07-06 14:34:41,32,0.01
1874,L06,#12,GW252/13600,(4)启机状态,4,2025-07-06 14:29:09,2025-07-06 14:34:09,300,0.08
1875,L06,#12,GW252/13600,(3)待机状态,3,2025-07-06 14:27:56,2025-07-06 14:29:09,73,0.02
1876,L06,#12,GW252/13600,(2)停机状态,2,2025-07-06 14:27:54,2025-07-06 14:27:56,2,0
1877,L06,#12,GW252/13600,(1)停机过程,1,2025-07-06 14:27:22,2025-07-06 14:27:54,32,0.01
1878,L06,#12,GW252/13600,(4)启机状态,4,2025-07-06 14:22:22,2025-07-06 14:27:22,300,0.08
1879,L06,#12,GW252/13600,(3)待机状态,3,2025-07-06 14:21:04,2025-07-06 14:22:22,78,0.02
1880,L06,#12,GW252/13600,(2)停机状态,2,2025-07-06 14:21:03,2025-07-06 14:21:04,1,0
1881,L06,#12,GW252/13600,(1)停机过程,1,2025-07-06 14:20:31,2025-07-06 14:21:03,32,0.01
1882,L06,#12,GW252/13600,(4)启机状态,4,2025-07-06 14:15:32,2025-07-06 14:20:31,299,0.08
1883,L06,#12,GW252/13600,(3)待机状态,3,2025-07-06 14:13:48,2025-07-06 14:15:32,104,0.03
1884,L06,#12,GW252/13600,(1)停机过程,1,2025-07-06 14:13:16,2025-07-06 14:13:48,32,0.01
1885,L06,#12,GW252/13600,(4)启机状态,4,2025-07-06 14:08:17,2025-07-06 14:13:16,299,0.08
1886,L06,#12,GW252/13600,(3)待机状态,3,2025-07-06 14:06:11,2025-07-06 14:08:17,126,0.04
1887,L06,#12,GW252/13600,(2)停机状态,2,2025-07-06 14:06:10,2025-07-06 14:06:11,1,0
1888,L06,#12,GW252/13600,(1)停机过程,1,2025-07-06 14:05:38,2025-07-06 14:06:10,32,0.01
1889,L06,#12,GW252/13600,(4)启机状态,4,2025-07-06 14:00:38,2025-07-06 14:05:38,300,0.08
1890,L06,#12,GW252/13600,(3)待机状态,3,2025-07-06 13:40:38,2025-07-06 14:00:38,1200,0.33
1891,L06,#12,GW252/13600,(2)停机状态,2,2025-07-06 13:40:35,2025-07-06 13:40:38,3,0
1892,L06,#12,GW252/13600,(1)停机过程,1,2025-07-06 13:40:03,2025-07-06 13:40:35,32,0.01
1893,L06,#12,GW252/13600,(4)启机状态,4,2025-07-06 13:35:03,2025-07-06 13:40:03,300,0.08
1894,L06,#12,GW252/13600,(3)待机状态,3,2025-07-06 13:33:45,2025-07-06 13:35:03,78,0.02
1895,L06,#12,GW252/13600,(2)停机状态,2,2025-07-06 13:33:44,2025-07-06 13:33:45,1,0
1896,L06,#12,GW252/13600,(1)停机过程,1,2025-07-06 13:33:13,2025-07-06 13:33:44,31,0.01
1897,L06,#12,GW252/13600,(4)启机状态,4,2025-07-06 13:28:12,2025-07-06 13:33:13,301,0.08
1898,L06,#12,GW252/13600,(3)待机状态,3,2025-07-06 13:27:01,2025-07-06 13:28:12,71,0.02
1899,L06,#12,GW252/13600,(2)停机状态,2,2025-07-06 13:26:59,2025-07-06 13:27:01,2,0
1900,L06,#12,GW252/13600,(1)停机过程,1,2025-07-06 13:26:27,2025-07-06 13:26:59,32,0.01
1901,L06,#12,GW252/13600,(4)启机状态,4,2025-07-06 13:21:27,2025-07-06 13:26:27,300,0.08
1902,L06,#12,GW252/13600,(3)待机状态,3,2025-07-06 13:18:50,2025-07-06 13:21:27,157,0.04
1903,L06,#12,GW252/13600,(2)停机状态,2,2025-07-06 13:18:49,2025-07-06 13:18:50,1,0
1904,L06,#12,GW252/13600,(1)停机过程,1,2025-07-06 13:18:17,2025-07-06 13:18:49,32,0.01
1905,L06,#12,GW252/13600,(4)启机状态,4,2025-07-06 13:13:16,2025-07-06 13:18:17,301,0.08
1906,L06,#12,GW252/13600,(3)待机状态,3,2025-07-06 13:12:11,2025-07-06 13:13:16,65,0.02
1907,L06,#12,GW252/13600,(2)停机状态,2,2025-07-06 13:12:09,2025-07-06 13:12:11,2,0
1908,L06,#12,GW252/13600,(1)停机过程,1,2025-07-06 13:11:38,2025-07-06 13:12:09,31,0.01
1909,L06,#12,GW252/13600,(4)启机状态,4,2025-07-06 13:06:39,2025-07-06 13:11:38,299,0.08
1910,L06,#12,GW252/13600,(3)待机状态,3,2025-07-06 08:59:31,2025-07-06 13:06:39,14828,4.12
1911,L06,#12,GW252/13600,(2)停机状态,2,2025-07-06 08:59:30,2025-07-06 08:59:31,1,0
1912,L06,#12,GW252/13600,(1)停机过程,1,2025-07-06 08:58:58,2025-07-06 08:59:30,32,0.01
1913,L06,#12,GW252/13600,(4)启机状态,4,2025-07-06 08:53:58,2025-07-06 08:58:58,300,0.08
1914,L06,#12,GW252/13600,(3)待机状态,3,2025-07-06 08:52:41,2025-07-06 08:53:58,77,0.02
1915,L06,#12,GW252/13600,(1)停机过程,1,2025-07-06 08:52:09,2025-07-06 08:52:41,32,0.01
1916,L06,#12,GW252/13600,(4)启机状态,4,2025-07-06 08:47:10,2025-07-06 08:52:09,299,0.08
1917,L06,#12,GW252/13600,(3)待机状态,3,2025-07-06 08:41:11,2025-07-06 08:47:10,359,0.1
1918,L06,#12,GW252/13600,(2)停机状态,2,2025-07-06 08:38:13,2025-07-06 08:41:11,178,0.05
1919,L06,#12,GW252/13600,(1)停机过程,1,2025-07-06 08:37:16,2025-07-06 08:38:13,57,0.02
1920,L06,#12,GW252/13600,(5)发电状态,5,2025-07-06 08:20:36,2025-07-06 08:37:16,1000,0.28
1921,L06,#12,GW252/13600,(4)启机状态,4,2025-07-06 08:17:16,2025-07-06 08:20:36,200,0.06
1922,L06,#12,GW252/13600,(3)待机状态,3,2025-07-06 07:55:08,2025-07-06 08:17:16,1328,0.37
1923,L06,#12,GW252/13600,(1)停机过程,1,2025-07-06 07:54:35,2025-07-06 07:55:08,33,0.01
1924,L06,#12,GW252/13600,(4)启机状态,4,2025-07-06 07:49:35,2025-07-06 07:54:35,300,0.08
1925,L06,#12,GW252/13600,(3)待机状态,3,2025-07-06 07:48:38,2025-07-06 07:49:35,57,0.02
1926,L06,#12,GW252/13600,(1)停机过程,1,2025-07-06 07:48:06,2025-07-06 07:48:38,32,0.01
1927,L06,#12,GW252/13600,(4)启机状态,4,2025-07-06 07:43:07,2025-07-06 07:48:06,299,0.08
1928,L06,#12,GW252/13600,(3)待机状态,3,2025-07-06 07:40:19,2025-07-06 07:43:07,168,0.05
1929,L06,#12,GW252/13600,(2)停机状态,2,2025-07-06 07:40:15,2025-07-06 07:40:19,4,0
1930,L06,#12,GW252/13600,(1)停机过程,1,2025-07-06 07:39:43,2025-07-06 07:40:15,32,0.01
1931,L06,#12,GW252/13600,(4)启机状态,4,2025-07-06 07:34:43,2025-07-06 07:39:43,300,0.08
1932,L06,#12,GW252/13600,(3)待机状态,3,2025-07-06 07:28:41,2025-07-06 07:34:43,362,0.1
1933,L06,#12,GW252/13600,(1)停机过程,1,2025-07-06 07:27:43,2025-07-06 07:28:41,58,0.02
1934,L06,#12,GW252/13600,(5)发电状态,5,2025-07-06 06:57:52,2025-07-06 07:27:43,1791,0.5
1935,L06,#12,GW252/13600,(4)启机状态,4,2025-07-06 06:56:17,2025-07-06 06:57:52,95,0.03
1936,L06,#12,GW252/13600,(3)待机状态,3,2025-07-06 06:44:12,2025-07-06 06:56:17,725,0.2
1937,L06,#12,GW252/13600,(1)停机过程,1,2025-07-06 06:43:41,2025-07-06 06:44:12,31,0.01
1938,L06,#12,GW252/13600,(4)启机状态,4,2025-07-06 06:38:41,2025-07-06 06:43:41,300,0.08
1939,L06,#12,GW252/13600,(3)待机状态,3,2025-07-06 06:14:37,2025-07-06 06:38:41,1444,0.4
1940,L06,#12,GW252/13600,(2)停机状态,2,2025-07-06 06:14:36,2025-07-06 06:14:37,1,0
1941,L06,#12,GW252/13600,(1)停机过程,1,2025-07-06 06:14:03,2025-07-06 06:14:36,33,0.01
1942,L06,#12,GW252/13600,(4)启机状态,4,2025-07-06 06:09:03,2025-07-06 06:14:03,300,0.08
1943,L06,#12,GW252/13600,(3)待机状态,3,2025-07-06 03:25:21,2025-07-06 06:09:03,9822,2.73
1944,L06,#12,GW252/13600,(2)停机状态,2,2025-07-06 03:23:32,2025-07-06 03:25:21,109,0.03
1945,L06,#12,GW252/13600,(1)停机过程,1,2025-07-06 03:23:00,2025-07-06 03:23:32,32,0.01
1946,L06,#12,GW252/13600,(4)启机状态,4,2025-07-06 03:18:00,2025-07-06 03:23:00,300,0.08
1947,L06,#12,GW252/13600,(3)待机状态,3,2025-07-06 03:08:47,2025-07-06 03:18:00,553,0.15
1948,L06,#12,GW252/13600,(2)停机状态,2,2025-07-06 03:03:47,2025-07-06 03:08:47,300,0.08
1949,L06,#12,GW252/13600,(1)停机过程,1,2025-07-06 03:02:50,2025-07-06 03:03:47,57,0.02
1950,L06,#12,GW252/13600,(5)发电状态,5,2025-07-05 20:13:29,2025-07-06 03:02:50,24561,6.82
1951,L06,#12,GW252/13600,(4)启机状态,4,2025-07-05 20:09:53,2025-07-05 20:13:29,216,0.06
1952,L06,#12,GW252/13600,(3)待机状态,3,2025-07-05 20:08:47,2025-07-05 20:09:53,66,0.02
1953,L06,#12,GW252/13600,(2)停机状态,2,2025-07-05 20:08:46,2025-07-05 20:08:47,1,0
1954,L06,#12,GW252/13600,(1)停机过程,1,2025-07-05 20:08:13,2025-07-05 20:08:46,33,0.01
1955,L06,#12,GW252/13600,(4)启机状态,4,2025-07-05 20:03:13,2025-07-05 20:08:13,300,0.08
1956,L06,#12,GW252/13600,(3)待机状态,3,2025-07-05 20:02:02,2025-07-05 20:03:13,71,0.02
1957,L06,#12,GW252/13600,(2)停机状态,2,2025-07-05 20:02:01,2025-07-05 20:02:02,1,0
1958,L06,#12,GW252/13600,(1)停机过程,1,2025-07-05 20:01:30,2025-07-05 20:02:01,31,0.01
1959,L06,#12,GW252/13600,(4)启机状态,4,2025-07-05 19:56:30,2025-07-05 20:01:30,300,0.08
1960,L06,#12,GW252/13600,(3)待机状态,3,2025-07-05 19:51:19,2025-07-05 19:56:30,311,0.09
1961,L06,#12,GW252/13600,(2)停机状态,2,2025-07-05 19:51:18,2025-07-05 19:51:19,1,0
1962,L06,#12,GW252/13600,(1)停机过程,1,2025-07-05 19:50:47,2025-07-05 19:51:18,31,0.01
1963,L06,#12,GW252/13600,(4)启机状态,4,2025-07-05 19:45:47,2025-07-05 19:50:47,300,0.08
1964,L06,#12,GW252/13600,(3)待机状态,3,2025-07-05 19:44:05,2025-07-05 19:45:47,102,0.03
1965,L06,#12,GW252/13600,(2)停机状态,2,2025-07-05 19:44:04,2025-07-05 19:44:05,1,0
1966,L06,#12,GW252/13600,(1)停机过程,1,2025-07-05 19:43:33,2025-07-05 19:44:04,31,0.01
1967,L06,#12,GW252/13600,(4)启机状态,4,2025-07-05 19:38:33,2025-07-05 19:43:33,300,0.08
1968,L06,#12,GW252/13600,(3)待机状态,3,2025-07-05 19:37:08,2025-07-05 19:38:33,85,0.02
1969,L06,#12,GW252/13600,(2)停机状态,2,2025-07-05 19:01:09,2025-07-05 19:37:08,2159,0.6
1970,L06,#12,GW252/13600,(1)停机过程,1,2025-07-05 19:00:37,2025-07-05 19:01:09,32,0.01
1971,L06,#12,GW252/13600,(4)启机状态,4,2025-07-05 18:55:36,2025-07-05 19:00:37,301,0.08
1972,L06,#12,GW252/13600,(3)待机状态,3,2025-07-05 10:53:41,2025-07-05 18:55:36,28915,8.03
1973,L06,#12,GW252/13600,(2)停机状态,2,2025-07-05 10:53:40,2025-07-05 10:53:41,1,0
1974,L06,#12,GW252/13600,(1)停机过程,1,2025-07-05 10:53:10,2025-07-05 10:53:40,30,0.01
1975,L06,#12,GW252/13600,(4)启机状态,4,2025-07-05 10:48:09,2025-07-05 10:53:10,301,0.08
1976,L06,#12,GW252/13600,(3)待机状态,3,2025-07-05 10:22:19,2025-07-05 10:48:09,1550,0.43
1977,L06,#12,GW252/13600,(2)停机状态,2,2025-07-05 10:17:54,2025-07-05 10:22:19,265,0.07
1978,L06,#12,GW252/13600,(1)停机过程,1,2025-07-05 10:16:58,2025-07-05 10:17:54,56,0.02
1979,L06,#12,GW252/13600,(5)发电状态,5,2025-07-05 07:53:04,2025-07-05 10:16:58,8634,2.4
1980,L06,#12,GW252/13600,(4)启机状态,4,2025-07-05 07:50:00,2025-07-05 07:53:04,184,0.05
1981,L06,#12,GW252/13600,(3)待机状态,3,2025-07-05 07:49:02,2025-07-05 07:50:00,58,0.02
1982,L06,#12,GW252/13600,(2)停机状态,2,2025-07-05 07:49:00,2025-07-05 07:49:02,2,0
1983,L06,#12,GW252/13600,(1)停机过程,1,2025-07-05 07:48:28,2025-07-05 07:49:00,32,0.01
1984,L06,#12,GW252/13600,(4)启机状态,4,2025-07-05 07:43:28,2025-07-05 07:48:28,300,0.08
1985,L06,#12,GW252/13600,(3)待机状态,3,2025-07-05 07:42:26,2025-07-05 07:43:28,62,0.02
1986,L06,#12,GW252/13600,(2)停机状态,2,2025-07-05 07:42:24,2025-07-05 07:42:26,2,0
1987,L06,#12,GW252/13600,(1)停机过程,1,2025-07-05 07:41:53,2025-07-05 07:42:24,31,0.01
1988,L06,#12,GW252/13600,(4)启机状态,4,2025-07-05 07:36:53,2025-07-05 07:41:53,300,0.08
1989,L06,#12,GW252/13600,(3)待机状态,3,2025-07-05 07:34:01,2025-07-05 07:36:53,172,0.05
1990,L06,#12,GW252/13600,(2)停机状态,2,2025-07-05 07:33:59,2025-07-05 07:34:01,2,0
1991,L06,#12,GW252/13600,(1)停机过程,1,2025-07-05 07:33:27,2025-07-05 07:33:59,32,0.01
1992,L06,#12,GW252/13600,(4)启机状态,4,2025-07-05 07:28:27,2025-07-05 07:33:27,300,0.08
1993,L06,#12,GW252/13600,(3)待机状态,3,2025-07-05 07:26:38,2025-07-05 07:28:27,109,0.03
1994,L06,#12,GW252/13600,(2)停机状态,2,2025-07-05 07:26:36,2025-07-05 07:26:38,2,0
1995,L06,#12,GW252/13600,(1)停机过程,1,2025-07-05 07:26:04,2025-07-05 07:26:36,32,0.01
1996,L06,#12,GW252/13600,(4)启机状态,4,2025-07-05 07:21:03,2025-07-05 07:26:04,301,0.08
1997,L06,#12,GW252/13600,(3)待机状态,3,2025-07-05 07:17:05,2025-07-05 07:21:03,238,0.07
1998,L06,#12,GW252/13600,(2)停机状态,2,2025-07-05 07:17:04,2025-07-05 07:17:05,1,0
1999,L06,#12,GW252/13600,(1)停机过程,1,2025-07-05 07:16:32,2025-07-05 07:17:04,32,0.01
2000,L06,#12,GW252/13600,(4)启机状态,4,2025-07-05 07:11:32,2025-07-05 07:16:32,300,0.08
2001,L06,#12,GW252/13600,(3)待机状态,3,2025-07-05 07:05:36,2025-07-05 07:11:32,356,0.1
2002,L06,#12,GW252/13600,(2)停机状态,2,2025-07-05 07:05:34,2025-07-05 07:05:36,2,0
2003,L06,#12,GW252/13600,(1)停机过程,1,2025-07-05 07:05:02,2025-07-05 07:05:34,32,0.01
2004,L06,#12,GW252/13600,(4)启机状态,4,2025-07-05 07:00:02,2025-07-05 07:05:02,300,0.08
2005,L06,#12,GW252/13600,(3)待机状态,3,2025-07-05 06:57:45,2025-07-05 07:00:02,137,0.04
2006,L06,#12,GW252/13600,(1)停机过程,1,2025-07-05 06:57:13,2025-07-05 06:57:45,32,0.01
2007,L06,#12,GW252/13600,(4)启机状态,4,2025-07-05 06:52:13,2025-07-05 06:57:13,300,0.08
2008,L06,#12,GW252/13600,(3)待机状态,3,2025-07-05 06:50:42,2025-07-05 06:52:13,91,0.03
2009,L06,#12,GW252/13600,(2)停机状态,2,2025-07-05 06:50:40,2025-07-05 06:50:42,2,0
2010,L06,#12,GW252/13600,(1)停机过程,1,2025-07-05 06:50:08,2025-07-05 06:50:40,32,0.01
2011,L06,#12,GW252/13600,(4)启机状态,4,2025-07-05 06:45:08,2025-07-05 06:50:08,300,0.08
2012,L06,#12,GW252/13600,(3)待机状态,3,2025-07-05 00:55:19,2025-07-05 06:45:08,20989,5.83
2013,L06,#12,GW252/13600,(2)停机状态,2,2025-07-05 00:55:17,2025-07-05 00:55:19,2,0
2014,L06,#12,GW252/13600,(1)停机过程,1,2025-07-05 00:54:21,2025-07-05 00:55:17,56,0.02
2015,L06,#12,GW252/13600,(5)发电状态,5,2025-07-04 22:26:58,2025-07-05 00:54:21,8843,2.46
2016,L06,#12,GW252/13600,(4)启机状态,4,2025-07-04 22:24:23,2025-07-04 22:26:58,155,0.04
2017,L06,#12,GW252/13600,(3)待机状态,3,2025-07-04 22:23:19,2025-07-04 22:24:23,64,0.02
2018,L06,#12,GW252/13600,(2)停机状态,2,2025-07-04 22:23:18,2025-07-04 22:23:19,1,0
2019,L06,#12,GW252/13600,(1)停机过程,1,2025-07-04 22:22:45,2025-07-04 22:23:18,33,0.01
2020,L06,#12,GW252/13600,(4)启机状态,4,2025-07-04 22:17:45,2025-07-04 22:22:45,300,0.08
2021,L06,#12,GW252/13600,(3)待机状态,3,2025-07-04 21:30:49,2025-07-04 22:17:45,2816,0.78
2022,L06,#12,GW252/13600,(2)停机状态,2,2025-07-04 21:30:47,2025-07-04 21:30:49,2,0
2023,L06,#12,GW252/13600,(1)停机过程,1,2025-07-04 21:30:16,2025-07-04 21:30:47,31,0.01
2024,L06,#12,GW252/13600,(4)启机状态,4,2025-07-04 21:25:16,2025-07-04 21:30:16,300,0.08
2025,L06,#12,GW252/13600,(3)待机状态,3,2025-07-04 21:23:52,2025-07-04 21:25:16,84,0.02
2026,L06,#12,GW252/13600,(2)停机状态,2,2025-07-04 21:23:50,2025-07-04 21:23:52,2,0
2027,L06,#12,GW252/13600,(1)停机过程,1,2025-07-04 21:23:19,2025-07-04 21:23:50,31,0.01
2028,L06,#12,GW252/13600,(4)启机状态,4,2025-07-04 21:18:19,2025-07-04 21:23:19,300,0.08
2029,L06,#12,GW252/13600,(3)待机状态,3,2025-07-04 21:17:05,2025-07-04 21:18:19,74,0.02
2030,L06,#12,GW252/13600,(2)停机状态,2,2025-07-04 21:17:04,2025-07-04 21:17:05,1,0
2031,L06,#12,GW252/13600,(1)停机过程,1,2025-07-04 21:16:33,2025-07-04 21:17:04,31,0.01
2032,L06,#12,GW252/13600,(4)启机状态,4,2025-07-04 21:11:32,2025-07-04 21:16:33,301,0.08
2033,L06,#12,GW252/13600,(3)待机状态,3,2025-07-04 21:10:23,2025-07-04 21:11:32,69,0.02
2034,L06,#12,GW252/13600,(2)停机状态,2,2025-07-04 21:10:21,2025-07-04 21:10:23,2,0
2035,L06,#12,GW252/13600,(1)停机过程,1,2025-07-04 21:09:49,2025-07-04 21:10:21,32,0.01
2036,L06,#12,GW252/13600,(4)启机状态,4,2025-07-04 21:04:49,2025-07-04 21:09:49,300,0.08
2037,L06,#12,GW252/13600,(3)待机状态,3,2025-07-04 20:57:55,2025-07-04 21:04:49,414,0.12
2038,L06,#12,GW252/13600,(2)停机状态,2,2025-07-04 20:57:34,2025-07-04 20:57:55,21,0.01
2039,L06,#12,GW252/13600,(1)停机过程,1,2025-07-04 20:56:37,2025-07-04 20:57:34,57,0.02
2040,L06,#12,GW252/13600,(5)发电状态,5,2025-07-04 07:11:26,2025-07-04 20:56:37,49511,13.75
2041,L06,#12,GW252/13600,(4)启机状态,4,2025-07-04 07:07:06,2025-07-04 07:11:26,260,0.07
2042,L06,#12,GW252/13600,(3)待机状态,3,2025-07-04 07:05:59,2025-07-04 07:07:06,67,0.02
2043,L06,#12,GW252/13600,(2)停机状态,2,2025-07-04 07:05:58,2025-07-04 07:05:59,1,0
2044,L06,#12,GW252/13600,(1)停机过程,1,2025-07-04 07:05:26,2025-07-04 07:05:58,32,0.01
2045,L06,#12,GW252/13600,(4)启机状态,4,2025-07-04 07:00:25,2025-07-04 07:05:26,301,0.08
2046,L06,#12,GW252/13600,(3)待机状态,3,2025-07-04 06:49:06,2025-07-04 07:00:25,679,0.19
2047,L06,#12,GW252/13600,(2)停机状态,2,2025-07-04 06:49:04,2025-07-04 06:49:06,2,0
2048,L06,#12,GW252/13600,(1)停机过程,1,2025-07-04 06:48:06,2025-07-04 06:49:04,58,0.02
2049,L06,#12,GW252/13600,(5)发电状态,5,2025-07-01 05:03:51,2025-07-04 06:48:06,265455,73.74
2050,L06,#12,GW252/13600,(4)启机状态,4,2025-07-01 05:00:45,2025-07-01 05:03:51,186,0.05
2051,L06,#12,GW252/13600,(3)待机状态,3,2025-07-01 04:55:43,2025-07-01 05:00:45,302,0.08
2052,L06,#12,GW252/13600,(2)停机状态,2,2025-07-01 04:54:27,2025-07-01 04:55:43,76,0.02
2053,L06,#12,GW252/13600,(1)停机过程,1,2025-07-01 04:53:56,2025-07-01 04:54:27,31,0.01
2054,L06,#12,GW252/13600,(4)启机状态,4,2025-07-01 04:48:56,2025-07-01 04:53:56,300,0.08
2055,L06,#12,GW252/13600,(3)待机状态,3,2025-07-01 04:47:37,2025-07-01 04:48:56,79,0.02
2056,L06,#12,GW252/13600,(2)停机状态,2,2025-07-01 04:44:37,2025-07-01 04:47:37,180,0.05
2057,L06,#12,GW252/13600,(1)停机过程,1,2025-07-01 04:43:40,2025-07-01 04:44:37,57,0.02
2058,L06,#12,GW252/13600,(5)发电状态,5,2025-07-01 04:12:09,2025-07-01 04:43:40,1891,0.53
2059,L06,#12,GW252/13600,(4)启机状态,4,2025-07-01 04:07:32,2025-07-01 04:12:09,277,0.08
2060,L06,#12,GW252/13600,(3)待机状态,3,2025-07-01 04:05:54,2025-07-01 04:07:32,98,0.03
2061,L06,#12,GW252/13600,(2)停机状态,2,2025-07-01 04:05:04,2025-07-01 04:05:54,50,0.01
2062,L06,#12,GW252/13600,(1)停机过程,1,2025-07-01 04:04:07,2025-07-01 04:05:04,57,0.02
2063,L06,#12,GW252/13600,(5)发电状态,5,2025-06-30 17:50:45,2025-07-01 04:04:07,36802,10.22
2064,L06,#12,GW252/13600,(4)启机状态,4,2025-06-30 17:48:58,2025-06-30 17:50:45,107,0.03
2065,L06,#12,GW252/13600,(3)待机状态,3,2025-06-30 17:43:21,2025-06-30 17:48:58,337,0.09
2066,L06,#12,GW252/13600,(2)停机状态,2,2025-06-30 17:43:20,2025-06-30 17:43:21,1,0
2067,L06,#12,GW252/13600,(1)停机过程,1,2025-06-30 17:42:23,2025-06-30 17:43:20,57,0.02
2068,L06,#12,GW252/13600,(5)发电状态,5,2025-06-30 14:49:20,2025-06-30 17:42:23,10383,2.88
2069,L06,#12,GW252/13600,(4)启机状态,4,2025-06-30 14:46:08,2025-06-30 14:49:20,192,0.05
2070,L06,#12,GW252/13600,(3)待机状态,3,2025-06-30 14:45:11,2025-06-30 14:46:08,57,0.02
2071,L06,#12,GW252/13600,(1)停机过程,1,2025-06-30 14:44:39,2025-06-30 14:45:11,32,0.01
2072,L06,#12,GW252/13600,(4)启机状态,4,2025-06-30 14:39:38,2025-06-30 14:44:39,301,0.08
2073,L06,#12,GW252/13600,(3)待机状态,3,2025-06-30 14:38:29,2025-06-30 14:39:38,69,0.02
2074,L06,#12,GW252/13600,(1)停机过程,1,2025-06-30 14:37:58,2025-06-30 14:38:29,31,0.01
2075,L06,#12,GW252/13600,(4)启机状态,4,2025-06-30 14:32:58,2025-06-30 14:37:58,300,0.08
2076,L06,#12,GW252/13600,(3)待机状态,3,2025-06-30 14:31:54,2025-06-30 14:32:58,64,0.02
2077,L06,#12,GW252/13600,(2)停机状态,2,2025-06-30 14:31:41,2025-06-30 14:31:54,13,0
2078,L06,#12,GW252/13600,(1)停机过程,1,2025-06-30 14:31:09,2025-06-30 14:31:41,32,0.01
2079,L06,#12,GW252/13600,(4)启机状态,4,2025-06-30 14:26:09,2025-06-30 14:31:09,300,0.08
2080,L06,#12,GW252/13600,(3)待机状态,3,2025-06-30 14:24:53,2025-06-30 14:26:09,76,0.02
2081,L06,#12,GW252/13600,(2)停机状态,2,2025-06-30 14:24:52,2025-06-30 14:24:53,1,0
2082,L06,#12,GW252/13600,(1)停机过程,1,2025-06-30 14:24:20,2025-06-30 14:24:52,32,0.01
2083,L06,#12,GW252/13600,(4)启机状态,4,2025-06-30 14:19:20,2025-06-30 14:24:20,300,0.08
2084,L06,#12,GW252/13600,(3)待机状态,3,2025-06-30 14:18:15,2025-06-30 14:19:20,65,0.02
2085,L06,#12,GW252/13600,(2)停机状态,2,2025-06-30 14:18:14,2025-06-30 14:18:15,1,0
2086,L06,#12,GW252/13600,(1)停机过程,1,2025-06-30 14:17:42,2025-06-30 14:18:14,32,0.01
2087,L06,#12,GW252/13600,(4)启机状态,4,2025-06-30 14:12:43,2025-06-30 14:17:42,299,0.08
2088,L06,#12,GW252/13600,(3)待机状态,3,2025-06-30 14:11:21,2025-06-30 14:12:43,82,0.02
2089,L06,#12,GW252/13600,(2)停机状态,2,2025-06-30 14:11:20,2025-06-30 14:11:21,1,0
2090,L06,#12,GW252/13600,(1)停机过程,1,2025-06-30 14:10:48,2025-06-30 14:11:20,32,0.01
2091,L06,#12,GW252/13600,(4)启机状态,4,2025-06-30 14:05:47,2025-06-30 14:10:48,301,0.08
2092,L06,#12,GW252/13600,(3)待机状态,3,2025-06-30 14:04:30,2025-06-30 14:05:47,77,0.02
2093,L06,#12,GW252/13600,(1)停机过程,1,2025-06-30 14:03:59,2025-06-30 14:04:30,31,0.01
2094,L06,#12,GW252/13600,(4)启机状态,4,2025-06-30 13:58:59,2025-06-30 14:03:59,300,0.08
2095,L06,#12,GW252/13600,(3)待机状态,3,2025-06-30 13:51:43,2025-06-30 13:58:59,436,0.12
2096,L06,#12,GW252/13600,(2)停机状态,2,2025-06-30 13:49:48,2025-06-30 13:51:43,115,0.03
2097,L06,#12,GW252/13600,(1)停机过程,1,2025-06-30 13:49:17,2025-06-30 13:49:48,31,0.01
2098,L06,#12,GW252/13600,(4)启机状态,4,2025-06-30 13:44:15,2025-06-30 13:49:17,302,0.08
2099,L06,#12,GW252/13600,(3)待机状态,3,2025-06-30 13:35:26,2025-06-30 13:44:15,529,0.15
2100,L06,#12,GW252/13600,(2)停机状态,2,2025-06-30 13:30:27,2025-06-30 13:35:26,299,0.08
2101,L06,#12,GW252/13600,(1)停机过程,1,2025-06-30 13:29:30,2025-06-30 13:30:27,57,0.02
2102,L06,#12,GW252/13600,(5)发电状态,5,2025-06-29 18:41:23,2025-06-30 13:29:30,67687,18.8
2103,L06,#12,GW252/13600,(4)启机状态,4,2025-06-29 18:39:36,2025-06-29 18:41:23,107,0.03
2104,L06,#12,GW252/13600,(3)待机状态,3,2025-06-29 18:38:42,2025-06-29 18:39:36,54,0.02
2105,L06,#12,GW252/13600,(2)停机状态,2,2025-06-29 18:38:40,2025-06-29 18:38:42,2,0
2106,L06,#12,GW252/13600,(1)停机过程,1,2025-06-29 18:38:09,2025-06-29 18:38:40,31,0.01
2107,L06,#12,GW252/13600,(4)启机状态,4,2025-06-29 18:33:10,2025-06-29 18:38:09,299,0.08
2108,L06,#12,GW252/13600,(3)待机状态,3,2025-06-29 18:32:02,2025-06-29 18:33:10,68,0.02
2109,L06,#12,GW252/13600,(1)停机过程,1,2025-06-29 18:31:30,2025-06-29 18:32:02,32,0.01
2110,L06,#12,GW252/13600,(4)启机状态,4,2025-06-29 18:26:30,2025-06-29 18:31:30,300,0.08
2111,L06,#12,GW252/13600,(3)待机状态,3,2025-06-29 18:06:43,2025-06-29 18:26:30,1187,0.33
2112,L06,#12,GW252/13600,(2)停机状态,2,2025-06-29 18:01:44,2025-06-29 18:06:43,299,0.08
2113,L06,#12,GW252/13600,(1)停机过程,1,2025-06-29 18:00:45,2025-06-29 18:01:44,59,0.02
2114,L06,#12,GW252/13600,(5)发电状态,5,2025-06-28 15:14:20,2025-06-29 18:00:45,96385,26.77
2115,L06,#12,GW252/13600,(4)启机状态,4,2025-06-28 15:09:47,2025-06-28 15:14:20,273,0.08
2116,L06,#12,GW252/13600,(3)待机状态,3,2025-06-28 14:54:08,2025-06-28 15:09:47,939,0.26
2117,L06,#12,GW252/13600,(2)停机状态,2,2025-06-28 14:53:50,2025-06-28 14:54:08,18,0.01
2118,L06,#12,GW252/13600,(1)停机过程,1,2025-06-28 14:52:54,2025-06-28 14:53:50,56,0.02
2119,L06,#12,GW252/13600,(5)发电状态,5,2025-06-28 13:21:15,2025-06-28 14:52:54,5499,1.53
2120,L06,#12,GW252/13600,(4)启机状态,4,2025-06-28 13:16:27,2025-06-28 13:21:15,288,0.08
2121,L06,#12,GW252/13600,(3)待机状态,3,2025-06-28 12:27:44,2025-06-28 13:16:27,2923,0.81
2122,L06,#12,GW252/13600,(2)停机状态,2,2025-06-28 12:25:14,2025-06-28 12:27:44,150,0.04
2123,L06,#12,GW252/13600,(1)停机过程,1,2025-06-28 12:24:41,2025-06-28 12:25:14,33,0.01
2124,L06,#12,GW252/13600,(4)启机状态,4,2025-06-28 12:19:41,2025-06-28 12:24:41,300,0.08
2125,L06,#12,GW252/13600,(3)待机状态,3,2025-06-28 12:18:15,2025-06-28 12:19:41,86,0.02
2126,L06,#12,GW252/13600,(2)停机状态,2,2025-06-28 12:18:14,2025-06-28 12:18:15,1,0
2127,L06,#12,GW252/13600,(1)停机过程,1,2025-06-28 12:17:42,2025-06-28 12:18:14,32,0.01
2128,L06,#12,GW252/13600,(4)启机状态,4,2025-06-28 12:12:41,2025-06-28 12:17:42,301,0.08
2129,L06,#12,GW252/13600,(3)待机状态,3,2025-06-28 12:09:02,2025-06-28 12:12:41,219,0.06
2130,L06,#12,GW252/13600,(2)停机状态,2,2025-06-28 12:09:00,2025-06-28 12:09:02,2,0
2131,L06,#12,GW252/13600,(1)停机过程,1,2025-06-28 12:08:30,2025-06-28 12:09:00,30,0.01
2132,L06,#12,GW252/13600,(4)启机状态,4,2025-06-28 12:03:30,2025-06-28 12:08:30,300,0.08
2133,L06,#12,GW252/13600,(3)待机状态,3,2025-06-28 12:00:14,2025-06-28 12:03:30,196,0.05
2134,L06,#12,GW252/13600,(2)停机状态,2,2025-06-28 12:00:12,2025-06-28 12:00:14,2,0
2135,L06,#12,GW252/13600,(1)停机过程,1,2025-06-28 11:59:41,2025-06-28 12:00:12,31,0.01
2136,L06,#12,GW252/13600,(4)启机状态,4,2025-06-28 11:54:41,2025-06-28 11:59:41,300,0.08
2137,L06,#12,GW252/13600,(3)待机状态,3,2025-06-28 11:44:05,2025-06-28 11:54:41,636,0.18
2138,L06,#12,GW252/13600,(2)停机状态,2,2025-06-28 11:44:04,2025-06-28 11:44:05,1,0
2139,L06,#12,GW252/13600,(1)停机过程,1,2025-06-28 11:43:32,2025-06-28 11:44:04,32,0.01
2140,L06,#12,GW252/13600,(4)启机状态,4,2025-06-28 11:38:33,2025-06-28 11:43:32,299,0.08
2141,L06,#12,GW252/13600,(3)待机状态,3,2025-06-28 11:37:22,2025-06-28 11:38:33,71,0.02
2142,L06,#12,GW252/13600,(2)停机状态,2,2025-06-28 11:37:21,2025-06-28 11:37:22,1,0
2143,L06,#12,GW252/13600,(1)停机过程,1,2025-06-28 11:36:49,2025-06-28 11:37:21,32,0.01
2144,L06,#12,GW252/13600,(4)启机状态,4,2025-06-28 11:31:49,2025-06-28 11:36:49,300,0.08
2145,L06,#12,GW252/13600,(3)待机状态,3,2025-06-28 11:30:10,2025-06-28 11:31:49,99,0.03
2146,L06,#12,GW252/13600,(2)停机状态,2,2025-06-28 11:30:08,2025-06-28 11:30:10,2,0
2147,L06,#12,GW252/13600,(1)停机过程,1,2025-06-28 11:29:37,2025-06-28 11:30:08,31,0.01
2148,L06,#12,GW252/13600,(4)启机状态,4,2025-06-28 11:24:37,2025-06-28 11:29:37,300,0.08
2149,L06,#12,GW252/13600,(3)待机状态,3,2025-06-28 11:23:23,2025-06-28 11:24:37,74,0.02
2150,L06,#12,GW252/13600,(2)停机状态,2,2025-06-28 11:23:21,2025-06-28 11:23:23,2,0
2151,L06,#12,GW252/13600,(1)停机过程,1,2025-06-28 11:22:49,2025-06-28 11:23:21,32,0.01
2152,L06,#12,GW252/13600,(4)启机状态,4,2025-06-28 11:17:49,2025-06-28 11:22:49,300,0.08
2153,L06,#12,GW252/13600,(3)待机状态,3,2025-06-28 11:16:15,2025-06-28 11:17:49,94,0.03
2154,L06,#12,GW252/13600,(2)停机状态,2,2025-06-28 11:16:14,2025-06-28 11:16:15,1,0
2155,L06,#12,GW252/13600,(1)停机过程,1,2025-06-28 11:15:42,2025-06-28 11:16:14,32,0.01
2156,L06,#12,GW252/13600,(4)启机状态,4,2025-06-28 11:10:43,2025-06-28 11:15:42,299,0.08
2157,L06,#12,GW252/13600,(3)待机状态,3,2025-06-28 11:08:52,2025-06-28 11:10:43,111,0.03
2158,L06,#12,GW252/13600,(2)停机状态,2,2025-06-28 11:08:50,2025-06-28 11:08:52,2,0
2159,L06,#12,GW252/13600,(1)停机过程,1,2025-06-28 11:08:19,2025-06-28 11:08:50,31,0.01
2160,L06,#12,GW252/13600,(4)启机状态,4,2025-06-28 11:03:19,2025-06-28 11:08:19,300,0.08
2161,L06,#12,GW252/13600,(3)待机状态,3,2025-06-28 11:02:17,2025-06-28 11:03:19,62,0.02
2162,L06,#12,GW252/13600,(2)停机状态,2,2025-06-28 11:02:15,2025-06-28 11:02:17,2,0
2163,L06,#12,GW252/13600,(1)停机过程,1,2025-06-28 11:01:43,2025-06-28 11:02:15,32,0.01
2164,L06,#12,GW252/13600,(4)启机状态,4,2025-06-28 10:56:43,2025-06-28 11:01:43,300,0.08
2165,L06,#12,GW252/13600,(3)待机状态,3,2025-06-28 10:54:38,2025-06-28 10:56:43,125,0.03
2166,L06,#12,GW252/13600,(2)停机状态,2,2025-06-28 10:54:37,2025-06-28 10:54:38,1,0
2167,L06,#12,GW252/13600,(1)停机过程,1,2025-06-28 10:54:05,2025-06-28 10:54:37,32,0.01
2168,L06,#12,GW252/13600,(4)启机状态,4,2025-06-28 10:49:05,2025-06-28 10:54:05,300,0.08
2169,L06,#12,GW252/13600,(3)待机状态,3,2025-06-28 10:47:55,2025-06-28 10:49:05,70,0.02
2170,L06,#12,GW252/13600,(2)停机状态,2,2025-06-28 10:47:53,2025-06-28 10:47:55,2,0
2171,L06,#12,GW252/13600,(1)停机过程,1,2025-06-28 10:47:22,2025-06-28 10:47:53,31,0.01
2172,L06,#12,GW252/13600,(4)启机状态,4,2025-06-28 10:42:22,2025-06-28 10:47:22,300,0.08
2173,L06,#12,GW252/13600,(3)待机状态,3,2025-06-28 10:40:38,2025-06-28 10:42:22,104,0.03
2174,L06,#12,GW252/13600,(2)停机状态,2,2025-06-28 10:40:37,2025-06-28 10:40:38,1,0
2175,L06,#12,GW252/13600,(1)停机过程,1,2025-06-28 10:40:04,2025-06-28 10:40:37,33,0.01
2176,L06,#12,GW252/13600,(4)启机状态,4,2025-06-28 10:35:04,2025-06-28 10:40:04,300,0.08
2177,L06,#12,GW252/13600,(3)待机状态,3,2025-06-28 09:30:37,2025-06-28 10:35:04,3867,1.07
2178,L06,#12,GW252/13600,(2)停机状态,2,2025-06-28 09:30:36,2025-06-28 09:30:37,1,0
2179,L06,#12,GW252/13600,(1)停机过程,1,2025-06-28 09:30:04,2025-06-28 09:30:36,32,0.01
2180,L06,#12,GW252/13600,(4)启机状态,4,2025-06-28 09:25:04,2025-06-28 09:30:04,300,0.08
2181,L06,#12,GW252/13600,(3)待机状态,3,2025-06-28 09:23:39,2025-06-28 09:25:04,85,0.02
2182,L06,#12,GW252/13600,(2)停机状态,2,2025-06-28 09:23:37,2025-06-28 09:23:39,2,0
2183,L06,#12,GW252/13600,(1)停机过程,1,2025-06-28 09:23:07,2025-06-28 09:23:37,30,0.01
2184,L06,#12,GW252/13600,(4)启机状态,4,2025-06-28 09:18:06,2025-06-28 09:23:07,301,0.08
2185,L06,#12,GW252/13600,(3)待机状态,3,2025-06-28 09:17:04,2025-06-28 09:18:06,62,0.02
2186,L06,#12,GW252/13600,(2)停机状态,2,2025-06-28 09:17:02,2025-06-28 09:17:04,2,0
2187,L06,#12,GW252/13600,(1)停机过程,1,2025-06-28 09:16:29,2025-06-28 09:17:02,33,0.01
2188,L06,#12,GW252/13600,(4)启机状态,4,2025-06-28 09:11:29,2025-06-28 09:16:29,300,0.08
2189,L06,#12,GW252/13600,(3)待机状态,3,2025-06-28 09:07:44,2025-06-28 09:11:29,225,0.06
2190,L06,#12,GW252/13600,(2)停机状态,2,2025-06-28 09:07:42,2025-06-28 09:07:44,2,0
2191,L06,#12,GW252/13600,(1)停机过程,1,2025-06-28 09:07:10,2025-06-28 09:07:42,32,0.01
2192,L06,#12,GW252/13600,(4)启机状态,4,2025-06-28 09:02:10,2025-06-28 09:07:10,300,0.08
2193,L06,#12,GW252/13600,(3)待机状态,3,2025-06-28 08:57:11,2025-06-28 09:02:10,299,0.08
2194,L06,#12,GW252/13600,(1)停机过程,1,2025-06-28 08:56:40,2025-06-28 08:57:11,31,0.01
2195,L06,#12,GW252/13600,(4)启机状态,4,2025-06-28 08:51:40,2025-06-28 08:56:40,300,0.08
2196,L06,#12,GW252/13600,(3)待机状态,3,2025-06-28 08:47:04,2025-06-28 08:51:40,276,0.08
2197,L06,#12,GW252/13600,(2)停机状态,2,2025-06-28 08:46:25,2025-06-28 08:47:04,39,0.01
2198,L06,#12,GW252/13600,(1)停机过程,1,2025-06-28 08:45:29,2025-06-28 08:46:25,56,0.02
2199,L06,#12,GW252/13600,(5)发电状态,5,2025-06-28 04:32:06,2025-06-28 08:45:29,15203,4.22
2200,L06,#12,GW252/13600,(4)启机状态,4,2025-06-28 04:29:53,2025-06-28 04:32:06,133,0.04
2201,L06,#12,GW252/13600,(3)待机状态,3,2025-06-28 04:28:56,2025-06-28 04:29:53,57,0.02
2202,L06,#12,GW252/13600,(2)停机状态,2,2025-06-28 04:28:55,2025-06-28 04:28:56,1,0
2203,L06,#12,GW252/13600,(1)停机过程,1,2025-06-28 04:27:58,2025-06-28 04:28:55,57,0.02
2204,L06,#12,GW252/13600,(4)启机状态,4,2025-06-28 04:22:58,2025-06-28 04:27:58,300,0.08
2205,L06,#12,GW252/13600,(3)待机状态,3,2025-06-28 04:21:55,2025-06-28 04:22:58,63,0.02
2206,L06,#12,GW252/13600,(2)停机状态,2,2025-06-28 04:21:54,2025-06-28 04:21:55,1,0
2207,L06,#12,GW252/13600,(1)停机过程,1,2025-06-28 04:21:23,2025-06-28 04:21:54,31,0.01
2208,L06,#12,GW252/13600,(4)启机状态,4,2025-06-28 04:16:23,2025-06-28 04:21:23,300,0.08
2209,L06,#12,GW252/13600,(3)待机状态,3,2025-06-28 04:15:14,2025-06-28 04:16:23,69,0.02
2210,L06,#12,GW252/13600,(2)停机状态,2,2025-06-28 04:15:13,2025-06-28 04:15:14,1,0
2211,L06,#12,GW252/13600,(1)停机过程,1,2025-06-28 04:14:41,2025-06-28 04:15:13,32,0.01
2212,L06,#12,GW252/13600,(4)启机状态,4,2025-06-28 04:09:40,2025-06-28 04:14:41,301,0.08
2213,L06,#12,GW252/13600,(3)待机状态,3,2025-06-28 04:08:31,2025-06-28 04:09:40,69,0.02
2214,L06,#12,GW252/13600,(1)停机过程,1,2025-06-28 04:08:00,2025-06-28 04:08:31,31,0.01
2215,L06,#12,GW252/13600,(4)启机状态,4,2025-06-28 04:03:00,2025-06-28 04:08:00,300,0.08
2216,L06,#12,GW252/13600,(3)待机状态,3,2025-06-28 04:00:48,2025-06-28 04:03:00,132,0.04
2217,L06,#12,GW252/13600,(1)停机过程,1,2025-06-28 04:00:15,2025-06-28 04:00:48,33,0.01
2218,L06,#12,GW252/13600,(4)启机状态,4,2025-06-28 03:55:15,2025-06-28 04:00:15,300,0.08
2219,L06,#12,GW252/13600,(3)待机状态,3,2025-06-28 03:49:32,2025-06-28 03:55:15,343,0.1
2220,L06,#12,GW252/13600,(2)停机状态,2,2025-06-28 03:44:31,2025-06-28 03:49:32,301,0.08
2221,L06,#12,GW252/13600,(1)停机过程,1,2025-06-28 03:43:35,2025-06-28 03:44:31,56,0.02
2222,L06,#12,GW252/13600,(5)发电状态,5,2025-06-28 02:15:39,2025-06-28 03:43:35,5276,1.47
2223,L06,#12,GW252/13600,(4)启机状态,4,2025-06-28 02:11:45,2025-06-28 02:15:39,234,0.07
2224,L06,#12,GW252/13600,(3)待机状态,3,2025-06-28 02:10:23,2025-06-28 02:11:45,82,0.02
2225,L06,#12,GW252/13600,(2)停机状态,2,2025-06-28 02:10:22,2025-06-28 02:10:23,1,0
2226,L06,#12,GW252/13600,(1)停机过程,1,2025-06-28 02:09:50,2025-06-28 02:10:22,32,0.01
2227,L06,#12,GW252/13600,(4)启机状态,4,2025-06-28 02:04:49,2025-06-28 02:09:50,301,0.08
2228,L06,#12,GW252/13600,(3)待机状态,3,2025-06-28 02:01:36,2025-06-28 02:04:49,193,0.05
2229,L06,#12,GW252/13600,(2)停机状态,2,2025-06-28 02:01:34,2025-06-28 02:01:36,2,0
2230,L06,#12,GW252/13600,(1)停机过程,1,2025-06-28 02:01:02,2025-06-28 02:01:34,32,0.01
2231,L06,#12,GW252/13600,(4)启机状态,4,2025-06-28 01:56:02,2025-06-28 02:01:02,300,0.08
2232,L06,#12,GW252/13600,(3)待机状态,3,2025-06-28 01:54:51,2025-06-28 01:56:02,71,0.02
2233,L06,#12,GW252/13600,(2)停机状态,2,2025-06-28 01:54:49,2025-06-28 01:54:51,2,0
2234,L06,#12,GW252/13600,(1)停机过程,1,2025-06-28 01:54:17,2025-06-28 01:54:49,32,0.01
2235,L06,#12,GW252/13600,(4)启机状态,4,2025-06-28 01:49:17,2025-06-28 01:54:17,300,0.08
2236,L06,#12,GW252/13600,(3)待机状态,3,2025-06-28 01:48:09,2025-06-28 01:49:17,68,0.02
2237,L06,#12,GW252/13600,(2)停机状态,2,2025-06-28 01:48:08,2025-06-28 01:48:09,1,0
2238,L06,#12,GW252/13600,(1)停机过程,1,2025-06-28 01:47:38,2025-06-28 01:48:08,30,0.01
2239,L06,#12,GW252/13600,(4)启机状态,4,2025-06-28 01:42:38,2025-06-28 01:47:38,300,0.08
2240,L06,#12,GW252/13600,(3)待机状态,3,2025-06-28 01:41:25,2025-06-28 01:42:38,73,0.02
2241,L06,#12,GW252/13600,(2)停机状态,2,2025-06-28 01:40:37,2025-06-28 01:41:25,48,0.01
2242,L06,#12,GW252/13600,(1)停机过程,1,2025-06-28 01:40:05,2025-06-28 01:40:37,32,0.01
2243,L06,#12,GW252/13600,(4)启机状态,4,2025-06-28 01:35:05,2025-06-28 01:40:05,300,0.08
2244,L06,#12,GW252/13600,(3)待机状态,3,2025-06-28 01:33:25,2025-06-28 01:35:05,100,0.03
2245,L06,#12,GW252/13600,(2)停机状态,2,2025-06-28 01:33:24,2025-06-28 01:33:25,1,0
2246,L06,#12,GW252/13600,(1)停机过程,1,2025-06-28 01:32:52,2025-06-28 01:33:24,32,0.01
2247,L06,#12,GW252/13600,(4)启机状态,4,2025-06-28 01:27:52,2025-06-28 01:32:52,300,0.08
2248,L06,#12,GW252/13600,(3)待机状态,3,2025-06-28 01:20:26,2025-06-28 01:27:52,446,0.12
2249,L06,#12,GW252/13600,(2)停机状态,2,2025-06-28 00:43:55,2025-06-28 01:20:26,2191,0.61
2250,L06,#12,GW252/13600,(1)停机过程,1,2025-06-28 00:42:58,2025-06-28 00:43:55,57,0.02
2251,L06,#12,GW252/13600,(5)发电状态,5,2025-06-25 16:52:04,2025-06-28 00:42:58,201054,55.85
2252,L06,#12,GW252/13600,(5)发电状态,5,2025-06-25 11:37:07,2025-06-25 16:52:04,18897,5.25
2253,L06,#12,GW252/13600,(4)启机状态,4,2025-06-25 11:34:31,2025-06-25 11:37:07,156,0.04
2254,L06,#12,GW252/13600,(3)待机状态,3,2025-06-25 11:33:26,2025-06-25 11:34:31,65,0.02
2255,L06,#12,GW252/13600,(2)停机状态,2,2025-06-25 11:33:25,2025-06-25 11:33:26,1,0
2256,L06,#12,GW252/13600,(1)停机过程,1,2025-06-25 11:32:52,2025-06-25 11:33:25,33,0.01
2257,L06,#12,GW252/13600,(4)启机状态,4,2025-06-25 11:27:52,2025-06-25 11:32:52,300,0.08
2258,L06,#12,GW252/13600,(3)待机状态,3,2025-06-25 11:26:33,2025-06-25 11:27:52,79,0.02
2259,L06,#12,GW252/13600,(2)停机状态,2,2025-06-25 11:26:32,2025-06-25 11:26:33,1,0
2260,L06,#12,GW252/13600,(1)停机过程,1,2025-06-25 11:26:02,2025-06-25 11:26:32,30,0.01
2261,L06,#12,GW252/13600,(4)启机状态,4,2025-06-25 11:21:01,2025-06-25 11:26:02,301,0.08
2262,L06,#12,GW252/13600,(3)待机状态,3,2025-06-25 11:11:24,2025-06-25 11:21:01,577,0.16
2263,L06,#12,GW252/13600,(2)停机状态,2,2025-06-25 11:11:22,2025-06-25 11:11:24,2,0
2264,L06,#12,GW252/13600,(1)停机过程,1,2025-06-25 11:10:50,2025-06-25 11:11:22,32,0.01
2265,L06,#12,GW252/13600,(4)启机状态,4,2025-06-25 11:05:50,2025-06-25 11:10:50,300,0.08
2266,L06,#12,GW252/13600,(3)待机状态,3,2025-06-25 11:04:39,2025-06-25 11:05:50,71,0.02
2267,L06,#12,GW252/13600,(1)停机过程,1,2025-06-25 11:04:07,2025-06-25 11:04:39,32,0.01
2268,L06,#12,GW252/13600,(4)启机状态,4,2025-06-25 10:59:07,2025-06-25 11:04:07,300,0.08
2269,L06,#12,GW252/13600,(3)待机状态,3,2025-06-25 10:58:00,2025-06-25 10:59:07,67,0.02
2270,L06,#12,GW252/13600,(2)停机状态,2,2025-06-25 10:57:58,2025-06-25 10:58:00,2,0
2271,L06,#12,GW252/13600,(1)停机过程,1,2025-06-25 10:57:26,2025-06-25 10:57:58,32,0.01
2272,L06,#12,GW252/13600,(4)启机状态,4,2025-06-25 10:52:27,2025-06-25 10:57:26,299,0.08
2273,L06,#12,GW252/13600,(3)待机状态,3,2025-06-25 10:51:19,2025-06-25 10:52:27,68,0.02
2274,L06,#12,GW252/13600,(1)停机过程,1,2025-06-25 10:50:47,2025-06-25 10:51:19,32,0.01
2275,L06,#12,GW252/13600,(4)启机状态,4,2025-06-25 10:45:46,2025-06-25 10:50:47,301,0.08
2276,L06,#12,GW252/13600,(3)待机状态,3,2025-06-25 10:44:07,2025-06-25 10:45:46,99,0.03
2277,L06,#12,GW252/13600,(2)停机状态,2,2025-06-25 10:44:05,2025-06-25 10:44:07,2,0
2278,L06,#12,GW252/13600,(1)停机过程,1,2025-06-25 10:43:35,2025-06-25 10:44:05,30,0.01
2279,L06,#12,GW252/13600,(4)启机状态,4,2025-06-25 10:38:34,2025-06-25 10:43:35,301,0.08
2280,L06,#12,GW252/13600,(3)待机状态,3,2025-06-25 10:37:17,2025-06-25 10:38:34,77,0.02
2281,L06,#12,GW252/13600,(2)停机状态,2,2025-06-25 10:37:16,2025-06-25 10:37:17,1,0
2282,L06,#12,GW252/13600,(1)停机过程,1,2025-06-25 10:36:45,2025-06-25 10:37:16,31,0.01
2283,L06,#12,GW252/13600,(4)启机状态,4,2025-06-25 10:31:45,2025-06-25 10:36:45,300,0.08
2284,L06,#12,GW252/13600,(3)待机状态,3,2025-06-25 10:30:20,2025-06-25 10:31:45,85,0.02
2285,L06,#12,GW252/13600,(2)停机状态,2,2025-06-25 10:30:18,2025-06-25 10:30:20,2,0
2286,L06,#12,GW252/13600,(1)停机过程,1,2025-06-25 10:29:45,2025-06-25 10:30:18,33,0.01
2287,L06,#12,GW252/13600,(4)启机状态,4,2025-06-25 10:24:46,2025-06-25 10:29:45,299,0.08
2288,L06,#12,GW252/13600,(3)待机状态,3,2025-06-25 10:23:40,2025-06-25 10:24:46,66,0.02
2289,L06,#12,GW252/13600,(2)停机状态,2,2025-06-25 10:23:39,2025-06-25 10:23:40,1,0
2290,L06,#12,GW252/13600,(1)停机过程,1,2025-06-25 10:23:08,2025-06-25 10:23:39,31,0.01
2291,L06,#12,GW252/13600,(4)启机状态,4,2025-06-25 10:18:08,2025-06-25 10:23:08,300,0.08
2292,L06,#12,GW252/13600,(3)待机状态,3,2025-06-25 10:17:04,2025-06-25 10:18:08,64,0.02
2293,L06,#12,GW252/13600,(2)停机状态,2,2025-06-25 10:17:02,2025-06-25 10:17:04,2,0
2294,L06,#12,GW252/13600,(1)停机过程,1,2025-06-25 10:16:29,2025-06-25 10:17:02,33,0.01
2295,L06,#12,GW252/13600,(4)启机状态,4,2025-06-25 10:11:29,2025-06-25 10:16:29,300,0.08
2296,L06,#12,GW252/13600,(3)待机状态,3,2025-06-25 10:03:19,2025-06-25 10:11:29,490,0.14
2297,L06,#12,GW252/13600,(2)停机状态,2,2025-06-25 10:03:17,2025-06-25 10:03:19,2,0
2298,L06,#12,GW252/13600,(1)停机过程,1,2025-06-25 10:02:47,2025-06-25 10:03:17,30,0.01
2299,L06,#12,GW252/13600,(4)启机状态,4,2025-06-25 09:57:46,2025-06-25 10:02:47,301,0.08
2300,L06,#12,GW252/13600,(3)待机状态,3,2025-06-25 09:47:21,2025-06-25 09:57:46,625,0.17
2301,L06,#12,GW252/13600,(2)停机状态,2,2025-06-25 09:47:20,2025-06-25 09:47:21,1,0
2302,L06,#12,GW252/13600,(1)停机过程,1,2025-06-25 09:46:49,2025-06-25 09:47:20,31,0.01
2303,L06,#12,GW252/13600,(4)启机状态,4,2025-06-25 09:41:49,2025-06-25 09:46:49,300,0.08
2304,L06,#12,GW252/13600,(3)待机状态,3,2025-06-25 09:40:07,2025-06-25 09:41:49,102,0.03
2305,L06,#12,GW252/13600,(2)停机状态,2,2025-06-25 09:40:06,2025-06-25 09:40:07,1,0
2306,L06,#12,GW252/13600,(1)停机过程,1,2025-06-25 09:39:36,2025-06-25 09:40:06,30,0.01
2307,L06,#12,GW252/13600,(4)启机状态,4,2025-06-25 09:34:36,2025-06-25 09:39:36,300,0.08
2308,L06,#12,GW252/13600,(3)待机状态,3,2025-06-25 09:14:53,2025-06-25 09:34:36,1183,0.33
2309,L06,#12,GW252/13600,(2)停机状态,2,2025-06-25 09:14:52,2025-06-25 09:14:53,1,0
2310,L06,#12,GW252/13600,(1)停机过程,1,2025-06-25 09:14:21,2025-06-25 09:14:52,31,0.01
2311,L06,#12,GW252/13600,(4)启机状态,4,2025-06-25 09:09:21,2025-06-25 09:14:21,300,0.08
2312,L06,#12,GW252/13600,(3)待机状态,3,2025-06-25 08:32:28,2025-06-25 09:09:21,2213,0.61
2313,L06,#12,GW252/13600,(2)停机状态,2,2025-06-25 08:32:27,2025-06-25 08:32:28,1,0
2314,L06,#12,GW252/13600,(1)停机过程,1,2025-06-25 08:31:55,2025-06-25 08:32:27,32,0.01
2315,L06,#12,GW252/13600,(4)启机状态,4,2025-06-25 08:26:55,2025-06-25 08:31:55,300,0.08
2316,L06,#12,GW252/13600,(3)待机状态,3,2025-06-25 08:20:19,2025-06-25 08:26:55,396,0.11
2317,L06,#12,GW252/13600,(2)停机状态,2,2025-06-25 08:19:57,2025-06-25 08:20:19,22,0.01
2318,L06,#12,GW252/13600,(1)停机过程,1,2025-06-25 08:19:25,2025-06-25 08:19:57,32,0.01
2319,L06,#12,GW252/13600,(4)启机状态,4,2025-06-25 08:14:25,2025-06-25 08:19:25,300,0.08
2320,L06,#12,GW252/13600,(3)待机状态,3,2025-06-25 08:01:36,2025-06-25 08:14:25,769,0.21
2321,L06,#12,GW252/13600,(2)停机状态,2,2025-06-25 08:01:33,2025-06-25 08:01:36,3,0
2322,L06,#12,GW252/13600,(1)停机过程,1,2025-06-25 08:01:02,2025-06-25 08:01:33,31,0.01
2323,L06,#12,GW252/13600,(4)启机状态,4,2025-06-25 07:56:02,2025-06-25 08:01:02,300,0.08
2324,L06,#12,GW252/13600,(3)待机状态,3,2025-06-25 07:40:59,2025-06-25 07:56:02,903,0.25
2325,L06,#12,GW252/13600,(2)停机状态,2,2025-06-25 07:40:58,2025-06-25 07:40:59,1,0
2326,L06,#12,GW252/13600,(1)停机过程,1,2025-06-25 07:40:28,2025-06-25 07:40:58,30,0.01
2327,L06,#12,GW252/13600,(4)启机状态,4,2025-06-25 07:35:27,2025-06-25 07:40:28,301,0.08
2328,L06,#12,GW252/13600,(3)待机状态,3,2025-06-25 03:37:14,2025-06-25 07:35:27,14293,3.97
2329,L06,#12,GW252/13600,(2)停机状态,2,2025-06-25 03:32:13,2025-06-25 03:37:14,301,0.08
2330,L06,#12,GW252/13600,(1)停机过程,1,2025-06-25 03:31:16,2025-06-25 03:32:13,57,0.02
2331,L06,#12,GW252/13600,(5)发电状态,5,2025-06-24 16:22:55,2025-06-25 03:31:16,40101,11.14
2332,L06,#12,GW252/13600,(4)启机状态,4,2025-06-24 16:21:46,2025-06-24 16:22:55,69,0.02
2333,L06,#12,GW252/13600,(3)待机状态,3,2025-06-24 16:21:00,2025-06-24 16:21:46,46,0.01
2334,L06,#12,GW252/13600,(2)停机状态,2,2025-06-24 15:45:01,2025-06-24 16:21:00,2159,0.6
2335,L06,#12,GW252/13600,(1)停机过程,1,2025-06-24 15:44:04,2025-06-24 15:45:01,57,0.02
2336,L06,#12,GW252/13600,(4)启机状态,4,2025-06-24 15:39:04,2025-06-24 15:44:04,300,0.08
2337,L06,#12,GW252/13600,(3)待机状态,3,2025-06-24 15:38:05,2025-06-24 15:39:04,59,0.02
2338,L06,#12,GW252/13600,(2)停机状态,2,2025-06-24 15:38:03,2025-06-24 15:38:05,2,0
2339,L06,#12,GW252/13600,(1)停机过程,1,2025-06-24 15:37:30,2025-06-24 15:38:03,33,0.01
2340,L06,#12,GW252/13600,(4)启机状态,4,2025-06-24 15:32:30,2025-06-24 15:37:30,300,0.08
2341,L06,#12,GW252/13600,(3)待机状态,3,2025-06-24 15:31:27,2025-06-24 15:32:30,63,0.02
2342,L06,#12,GW252/13600,(2)停机状态,2,2025-06-24 15:31:24,2025-06-24 15:31:27,3,0
2343,L06,#12,GW252/13600,(1)停机过程,1,2025-06-24 15:30:53,2025-06-24 15:31:24,31,0.01
2344,L06,#12,GW252/13600,(4)启机状态,4,2025-06-24 15:25:53,2025-06-24 15:30:53,300,0.08
2345,L06,#12,GW252/13600,(3)待机状态,3,2025-06-24 15:24:36,2025-06-24 15:25:53,77,0.02
2346,L06,#12,GW252/13600,(1)停机过程,1,2025-06-24 15:24:03,2025-06-24 15:24:36,33,0.01
2347,L06,#12,GW252/13600,(4)启机状态,4,2025-06-24 15:19:03,2025-06-24 15:24:03,300,0.08
2348,L06,#12,GW252/13600,(3)待机状态,3,2025-06-24 15:17:17,2025-06-24 15:19:03,106,0.03
2349,L06,#12,GW252/13600,(2)停机状态,2,2025-06-24 15:17:13,2025-06-24 15:17:17,4,0
2350,L06,#12,GW252/13600,(1)停机过程,1,2025-06-24 15:16:41,2025-06-24 15:17:13,32,0.01
2351,L06,#12,GW252/13600,(4)启机状态,4,2025-06-24 15:11:41,2025-06-24 15:16:41,300,0.08
2352,L06,#12,GW252/13600,(3)待机状态,3,2025-06-24 15:10:07,2025-06-24 15:11:41,94,0.03
2353,L06,#12,GW252/13600,(2)停机状态,2,2025-06-24 15:10:06,2025-06-24 15:10:07,1,0
2354,L06,#12,GW252/13600,(1)停机过程,1,2025-06-24 15:09:34,2025-06-24 15:10:06,32,0.01
2355,L06,#12,GW252/13600,(4)启机状态,4,2025-06-24 15:04:33,2025-06-24 15:09:34,301,0.08
2356,L06,#12,GW252/13600,(3)待机状态,3,2025-06-24 14:58:53,2025-06-24 15:04:33,340,0.09
2357,L06,#12,GW252/13600,(2)停机状态,2,2025-06-24 14:58:52,2025-06-24 14:58:53,1,0
2358,L06,#12,GW252/13600,(1)停机过程,1,2025-06-24 14:58:21,2025-06-24 14:58:52,31,0.01
2359,L06,#12,GW252/13600,(4)启机状态,4,2025-06-24 14:53:19,2025-06-24 14:58:21,302,0.08
2360,L06,#12,GW252/13600,(3)待机状态,3,2025-06-24 14:40:10,2025-06-24 14:53:19,789,0.22
2361,L06,#12,GW252/13600,(2)停机状态,2,2025-06-24 14:39:58,2025-06-24 14:40:10,12,0
2362,L06,#12,GW252/13600,(1)停机过程,1,2025-06-24 14:39:26,2025-06-24 14:39:58,32,0.01
2363,L06,#12,GW252/13600,(4)启机状态,4,2025-06-24 14:34:25,2025-06-24 14:39:26,301,0.08
2364,L06,#12,GW252/13600,(3)待机状态,3,2025-06-24 13:47:55,2025-06-24 14:34:25,2790,0.78
2365,L06,#12,GW252/13600,(1)停机过程,1,2025-06-24 13:47:23,2025-06-24 13:47:55,32,0.01
2366,L06,#12,GW252/13600,(4)启机状态,4,2025-06-24 13:42:23,2025-06-24 13:47:23,300,0.08
2367,L06,#12,GW252/13600,(3)待机状态,3,2025-06-24 13:41:12,2025-06-24 13:42:23,71,0.02
2368,L06,#12,GW252/13600,(2)停机状态,2,2025-06-24 13:05:13,2025-06-24 13:41:12,2159,0.6
2369,L06,#12,GW252/13600,(1)停机过程,1,2025-06-24 13:04:15,2025-06-24 13:05:13,58,0.02
2370,L06,#12,GW252/13600,(5)发电状态,5,2025-06-22 21:43:57,2025-06-24 13:04:15,141618,39.34
2371,L06,#12,GW252/13600,(9)维护状态,9,2025-06-20 20:42:53,2025-06-22 21:43:57,176464,49.02
2372,L06,#12,GW252/13600,(2)停机状态,2,2025-06-20 20:12:03,2025-06-20 20:42:53,1850,0.51
2373,L06,#12,GW252/13600,(1)停机过程,1,2025-06-20 20:11:15,2025-06-20 20:12:03,48,0.01
2374,L06,#12,GW252/13600,(5)发电状态,5,2025-06-20 19:02:40,2025-06-20 20:11:15,4115,1.14
2375,L06,#12,GW252/13600,(4)启机状态,4,2025-06-20 19:01:58,2025-06-20 19:02:40,42,0.01
2376,L06,#12,GW252/13600,(3)待机状态,3,2025-06-20 19:01:22,2025-06-20 19:01:58,36,0.01
2377,L06,#12,GW252/13600,(2)停机状态,2,2025-06-20 18:59:18,2025-06-20 19:01:22,124,0.03
2378,L06,#12,GW252/13600,(1)停机过程,1,2025-06-20 18:59:08,2025-06-20 18:59:18,10,0
2379,L06,#12,GW252/13600,(9)维护状态,9,2025-06-20 18:58:32,2025-06-20 18:59:08,36,0.01
2380,L06,#12,GW252/13600,(2)停机状态,2,2025-06-20 17:53:37,2025-06-20 18:58:32,3895,1.08
2381,L06,#12,GW252/13600,(1)停机过程,1,2025-06-20 17:52:48,2025-06-20 17:53:37,49,0.01
2382,L06,#12,GW252/13600,(5)发电状态,5,2025-06-18 10:30:14,2025-06-20 17:52:48,199354,55.38
2383,L06,#12,GW252/13600,(4)启机状态,4,2025-06-18 10:29:36,2025-06-18 10:30:14,38,0.01
2384,L06,#12,GW252/13600,(3)待机状态,3,2025-06-18 10:29:02,2025-06-18 10:29:36,34,0.01
2385,L06,#12,GW252/13600,(2)停机状态,2,2025-06-18 10:27:43,2025-06-18 10:29:02,79,0.02
2386,L06,#12,GW252/13600,(1)停机过程,1,2025-06-18 10:27:33,2025-06-18 10:27:43,10,0
2387,L06,#12,GW252/13600,(9)维护状态,9,2025-06-18 10:26:55,2025-06-18 10:27:33,38,0.01
2388,L06,#12,GW252/13600,(2)停机状态,2,2025-06-18 10:14:36,2025-06-18 10:26:55,739,0.21
2389,L06,#12,GW252/13600,(1)停机过程,1,2025-06-18 10:13:52,2025-06-18 10:14:36,44,0.01
2390,L06,#12,GW252/13600,(5)发电状态,5,2025-06-18 00:14:34,2025-06-18 10:13:52,35958,9.99
2391,L06,#12,GW252/13600,(4)启机状态,4,2025-06-18 00:13:50,2025-06-18 00:14:34,44,0.01
2392,L06,#12,GW252/13600,(3)待机状态,3,2025-06-18 00:13:11,2025-06-18 00:13:50,39,0.01
2393,L06,#12,GW252/13600,(2)停机状态,2,2025-06-18 00:13:10,2025-06-18 00:13:11,1,0
2394,L06,#12,GW252/13600,(1)停机过程,1,2025-06-18 00:13:00,2025-06-18 00:13:10,10,0
2395,L06,#12,GW252/13600,(9)维护状态,9,2025-06-18 00:05:06,2025-06-18 00:13:00,474,0.13
2396,L06,#12,GW252/13600,(2)停机状态,2,2025-06-18 00:03:38,2025-06-18 00:05:06,88,0.02
2397,L06,#12,GW252/13600,(1)停机过程,1,2025-06-18 00:02:51,2025-06-18 00:03:38,47,0.01
2398,L06,#12,GW252/13600,(5)发电状态,5,2025-06-15 11:34:09,2025-06-18 00:02:51,217722,60.48
2399,L06,#12,GW252/13600,(4)启机状态,4,2025-06-15 11:33:31,2025-06-15 11:34:09,38,0.01
2400,L06,#12,GW252/13600,(3)待机状态,3,2025-06-15 11:32:54,2025-06-15 11:33:31,37,0.01
2401,L06,#12,GW252/13600,(2)停机状态,2,2025-06-15 11:32:52,2025-06-15 11:32:54,2,0
2402,L06,#12,GW252/13600,(1)停机过程,1,2025-06-15 11:32:42,2025-06-15 11:32:52,10,0
2403,L06,#12,GW252/13600,(9)维护状态,9,2025-06-15 11:31:19,2025-06-15 11:32:42,83,0.02
2404,L06,#12,GW252/13600,(2)停机状态,2,2025-06-15 11:30:11,2025-06-15 11:31:19,68,0.02
2405,L06,#12,GW252/13600,(1)停机过程,1,2025-06-15 11:28:33,2025-06-15 11:30:11,98,0.03
2406,L06,#12,GW252/13600,(5)发电状态,5,2025-06-15 02:57:20,2025-06-15 11:28:33,30673,8.52
2407,L06,#12,GW252/13600,(4)启机状态,4,2025-06-15 02:56:46,2025-06-15 02:57:20,34,0.01
2408,L06,#12,GW252/13600,(3)待机状态,3,2025-06-15 02:56:14,2025-06-15 02:56:46,32,0.01
2409,L06,#12,GW252/13600,(2)停机状态,2,2025-06-15 02:46:45,2025-06-15 02:56:14,569,0.16
2410,L06,#12,GW252/13600,(1)停机过程,1,2025-06-15 02:46:35,2025-06-15 02:46:45,10,0
2411,L06,#12,GW252/13600,(9)维护状态,9,2025-06-15 02:43:44,2025-06-15 02:46:35,171,0.05
2412,L06,#12,GW252/13600,(2)停机状态,2,2025-06-15 02:39:25,2025-06-15 02:43:44,259,0.07
2413,L06,#12,GW252/13600,(1)停机过程,1,2025-06-15 02:39:15,2025-06-15 02:39:25,10,0
2414,L06,#12,GW252/13600,(9)维护状态,9,2025-06-15 02:30:02,2025-06-15 02:39:15,553,0.15
2415,L06,#12,GW252/13600,(2)停机状态,2,2025-06-15 01:48:45,2025-06-15 02:30:02,2477,0.69
2416,L06,#12,GW252/13600,(1)停机过程,1,2025-06-15 01:47:27,2025-06-15 01:48:45,78,0.02
2417,L06,#12,GW252/13600,(5)发电状态,5,2025-06-15 01:10:57,2025-06-15 01:47:27,2190,0.61
2418,L06,#12,GW252/13600,(4)启机状态,4,2025-06-15 01:10:25,2025-06-15 01:10:57,32,0.01
2419,L06,#12,GW252/13600,(3)待机状态,3,2025-06-15 01:09:52,2025-06-15 01:10:25,33,0.01
2420,L06,#12,GW252/13600,(2)停机状态,2,2025-06-15 01:08:13,2025-06-15 01:09:52,99,0.03
2421,L06,#12,GW252/13600,(1)停机过程,1,2025-06-15 01:08:03,2025-06-15 01:08:13,10,0
2422,L06,#12,GW252/13600,(9)维护状态,9,2025-06-15 01:06:28,2025-06-15 01:08:03,95,0.03
2423,L06,#12,GW252/13600,(2)停机状态,2,2025-06-15 01:05:39,2025-06-15 01:06:28,49,0.01
2424,L06,#12,GW252/13600,(1)停机过程,1,2025-06-15 01:05:29,2025-06-15 01:05:39,10,0
2425,L06,#12,GW252/13600,(3)待机状态,3,2025-06-15 01:05:28,2025-06-15 01:05:29,1,0
2426,L06,#12,GW252/13600,(2)停机状态,2,2025-06-15 01:04:38,2025-06-15 01:05:28,50,0.01
2427,L06,#12,GW252/13600,(1)停机过程,1,2025-06-15 01:04:28,2025-06-15 01:04:38,10,0
2428,L06,#12,GW252/13600,(9)维护状态,9,2025-06-15 00:30:02,2025-06-15 01:04:28,2066,0.57
2429,L06,#12,GW252/13600,(2)停机状态,2,2025-06-15 00:27:24,2025-06-15 00:30:02,158,0.04
2430,L06,#12,GW252/13600,(1)停机过程,1,2025-06-15 00:25:50,2025-06-15 00:27:24,94,0.03
2431,L06,#12,GW252/13600,(5)发电状态,5,2025-06-14 23:54:24,2025-06-15 00:25:50,1886,0.52
2432,L06,#12,GW252/13600,(4)启机状态,4,2025-06-14 23:53:51,2025-06-14 23:54:24,33,0.01
2433,L06,#12,GW252/13600,(3)待机状态,3,2025-06-14 23:53:19,2025-06-14 23:53:51,32,0.01
2434,L06,#12,GW252/13600,(2)停机状态,2,2025-06-14 23:51:05,2025-06-14 23:53:19,134,0.04
2435,L06,#12,GW252/13600,(1)停机过程,1,2025-06-14 23:50:55,2025-06-14 23:51:05,10,0
2436,L06,#12,GW252/13600,(9)维护状态,9,2025-06-14 23:36:41,2025-06-14 23:50:55,854,0.24
2437,L06,#12,GW252/13600,(2)停机状态,2,2025-06-14 22:28:25,2025-06-14 23:36:41,4096,1.14
2438,L06,#12,GW252/13600,(1)停机过程,1,2025-06-14 22:26:45,2025-06-14 22:28:25,100,0.03
2439,L06,#12,GW252/13600,(5)发电状态,5,2025-06-14 22:02:55,2025-06-14 22:26:45,1430,0.4
2440,L06,#12,GW252/13600,(4)启机状态,4,2025-06-14 22:02:23,2025-06-14 22:02:55,32,0.01
2441,L06,#12,GW252/13600,(3)待机状态,3,2025-06-14 22:01:51,2025-06-14 22:02:23,32,0.01
2442,L06,#12,GW252/13600,(2)停机状态,2,2025-06-14 22:01:47,2025-06-14 22:01:51,4,0
2443,L06,#12,GW252/13600,(1)停机过程,1,2025-06-14 22:01:37,2025-06-14 22:01:47,10,0
2444,L06,#12,GW252/13600,(9)维护状态,9,2025-06-14 22:00:50,2025-06-14 22:01:37,47,0.01
2445,L06,#12,GW252/13600,(2)停机状态,2,2025-06-14 12:48:51,2025-06-14 22:00:50,33119,9.2
2446,L06,#12,GW252/13600,(1)停机过程,1,2025-06-14 12:47:39,2025-06-14 12:48:51,72,0.02
2447,L06,#12,GW252/13600,(5)发电状态,5,2025-06-14 09:32:18,2025-06-14 12:47:39,11721,3.26
2448,L06,#12,GW252/13600,(4)启机状态,4,2025-06-14 09:31:47,2025-06-14 09:32:18,31,0.01
2449,L06,#12,GW252/13600,(3)待机状态,3,2025-06-14 09:31:16,2025-06-14 09:31:47,31,0.01
2450,L06,#12,GW252/13600,(2)停机状态,2,2025-06-14 09:06:55,2025-06-14 09:31:16,1461,0.41
2451,L06,#12,GW252/13600,(1)停机过程,1,2025-06-14 09:05:39,2025-06-14 09:06:55,76,0.02
2452,L06,#12,GW252/13600,(5)发电状态,5,2025-06-14 08:19:02,2025-06-14 09:05:39,2797,0.78
2453,L06,#12,GW252/13600,(4)启机状态,4,2025-06-14 08:18:34,2025-06-14 08:19:02,28,0.01
2454,L06,#12,GW252/13600,(3)待机状态,3,2025-06-14 08:18:03,2025-06-14 08:18:34,31,0.01
2455,L06,#12,GW252/13600,(2)停机状态,2,2025-06-14 07:45:53,2025-06-14 08:18:03,1930,0.54
2456,L06,#12,GW252/13600,(1)停机过程,1,2025-06-14 07:44:31,2025-06-14 07:45:53,82,0.02
2457,L06,#12,GW252/13600,(5)发电状态,5,2025-06-10 07:33:51,2025-06-14 07:44:31,346240,96.18
2458,L06,#12,GW252/13600,(4)启机状态,4,2025-06-10 07:31:25,2025-06-10 07:33:51,146,0.04
2459,L06,#12,GW252/13600,(3)待机状态,3,2025-06-10 07:30:22,2025-06-10 07:31:25,63,0.02
2460,L06,#12,GW252/13600,(2)停机状态,2,2025-06-10 07:30:19,2025-06-10 07:30:22,3,0
2461,L06,#12,GW252/13600,(1)停机过程,1,2025-06-10 07:29:49,2025-06-10 07:30:19,30,0.01
2462,L06,#12,GW252/13600,(4)启机状态,4,2025-06-10 07:24:49,2025-06-10 07:29:49,300,0.08
2463,L06,#12,GW252/13600,(3)待机状态,3,2025-06-10 07:23:48,2025-06-10 07:24:49,61,0.02
2464,L06,#12,GW252/13600,(2)停机状态,2,2025-06-10 07:23:47,2025-06-10 07:23:48,1,0
2465,L06,#12,GW252/13600,(1)停机过程,1,2025-06-10 07:23:15,2025-06-10 07:23:47,32,0.01
2466,L06,#12,GW252/13600,(4)启机状态,4,2025-06-10 07:18:15,2025-06-10 07:23:15,300,0.08
2467,L06,#12,GW252/13600,(3)待机状态,3,2025-06-10 07:16:22,2025-06-10 07:18:15,113,0.03
2468,L06,#12,GW252/13600,(1)停机过程,1,2025-06-10 07:15:49,2025-06-10 07:16:22,33,0.01
2469,L06,#12,GW252/13600,(4)启机状态,4,2025-06-10 07:10:50,2025-06-10 07:15:49,299,0.08
2470,L06,#12,GW252/13600,(3)待机状态,3,2025-06-10 07:09:03,2025-06-10 07:10:50,107,0.03
2471,L06,#12,GW252/13600,(2)停机状态,2,2025-06-10 07:09:02,2025-06-10 07:09:03,1,0
2472,L06,#12,GW252/13600,(1)停机过程,1,2025-06-10 07:08:30,2025-06-10 07:09:02,32,0.01
2473,L06,#12,GW252/13600,(4)启机状态,4,2025-06-10 07:03:31,2025-06-10 07:08:30,299,0.08
2474,L06,#12,GW252/13600,(3)待机状态,3,2025-06-09 22:12:36,2025-06-10 07:03:31,31855,8.85
2475,L06,#12,GW252/13600,(2)停机状态,2,2025-06-09 22:06:59,2025-06-09 22:12:36,337,0.09
2476,L06,#12,GW252/13600,(1)停机过程,1,2025-06-09 22:06:03,2025-06-09 22:06:59,56,0.02
2477,L06,#12,GW252/13600,(5)发电状态,5,2025-06-09 21:53:44,2025-06-09 22:06:03,739,0.21
2478,L06,#12,GW252/13600,(4)启机状态,4,2025-06-09 21:49:06,2025-06-09 21:53:44,278,0.08
2479,L06,#12,GW252/13600,(3)待机状态,3,2025-06-09 21:48:08,2025-06-09 21:49:06,58,0.02
2480,L06,#12,GW252/13600,(2)停机状态,2,2025-06-09 21:48:07,2025-06-09 21:48:08,1,0
2481,L06,#12,GW252/13600,(1)停机过程,1,2025-06-09 21:47:34,2025-06-09 21:48:07,33,0.01
2482,L06,#12,GW252/13600,(4)启机状态,4,2025-06-09 21:42:34,2025-06-09 21:47:34,300,0.08
2483,L06,#12,GW252/13600,(3)待机状态,3,2025-06-09 21:41:25,2025-06-09 21:42:34,69,0.02
2484,L06,#12,GW252/13600,(2)停机状态,2,2025-06-09 21:41:23,2025-06-09 21:41:25,2,0
2485,L06,#12,GW252/13600,(1)停机过程,1,2025-06-09 21:40:52,2025-06-09 21:41:23,31,0.01
2486,L06,#12,GW252/13600,(4)启机状态,4,2025-06-09 21:35:52,2025-06-09 21:40:52,300,0.08
2487,L06,#12,GW252/13600,(3)待机状态,3,2025-06-09 21:33:29,2025-06-09 21:35:52,143,0.04
2488,L06,#12,GW252/13600,(2)停机状态,2,2025-06-09 21:33:28,2025-06-09 21:33:29,1,0
2489,L06,#12,GW252/13600,(1)停机过程,1,2025-06-09 21:32:55,2025-06-09 21:33:28,33,0.01
2490,L06,#12,GW252/13600,(4)启机状态,4,2025-06-09 21:27:55,2025-06-09 21:32:55,300,0.08
2491,L06,#12,GW252/13600,(3)待机状态,3,2025-06-09 21:26:36,2025-06-09 21:27:55,79,0.02
2492,L06,#12,GW252/13600,(1)停机过程,1,2025-06-09 21:26:05,2025-06-09 21:26:36,31,0.01
2493,L06,#12,GW252/13600,(4)启机状态,4,2025-06-09 21:21:04,2025-06-09 21:26:05,301,0.08
2494,L06,#12,GW252/13600,(3)待机状态,3,2025-06-09 20:46:01,2025-06-09 21:21:04,2103,0.58
2495,L06,#12,GW252/13600,(2)停机状态,2,2025-06-09 20:45:59,2025-06-09 20:46:01,2,0
2496,L06,#12,GW252/13600,(1)停机过程,1,2025-06-09 20:45:27,2025-06-09 20:45:59,32,0.01
2497,L06,#12,GW252/13600,(4)启机状态,4,2025-06-09 20:40:28,2025-06-09 20:45:27,299,0.08
2498,L06,#12,GW252/13600,(3)待机状态,3,2025-06-09 20:32:23,2025-06-09 20:40:28,485,0.13
2499,L06,#12,GW252/13600,(2)停机状态,2,2025-06-09 20:28:01,2025-06-09 20:32:23,262,0.07
2500,L06,#12,GW252/13600,(1)停机过程,1,2025-06-09 20:27:04,2025-06-09 20:28:01,57,0.02
2501,L06,#12,GW252/13600,(5)发电状态,5,2025-06-09 19:22:05,2025-06-09 20:27:04,3899,1.08
2502,L06,#12,GW252/13600,(4)启机状态,4,2025-06-09 19:18:08,2025-06-09 19:22:05,237,0.07
2503,L06,#12,GW252/13600,(3)待机状态,3,2025-06-09 19:17:08,2025-06-09 19:18:08,60,0.02
2504,L06,#12,GW252/13600,(2)停机状态,2,2025-06-09 19:17:07,2025-06-09 19:17:08,1,0
2505,L06,#12,GW252/13600,(1)停机过程,1,2025-06-09 19:16:36,2025-06-09 19:17:07,31,0.01
2506,L06,#12,GW252/13600,(4)启机状态,4,2025-06-09 19:11:35,2025-06-09 19:16:36,301,0.08
2507,L06,#12,GW252/13600,(3)待机状态,3,2025-06-09 19:10:29,2025-06-09 19:11:35,66,0.02
2508,L06,#12,GW252/13600,(1)停机过程,1,2025-06-09 19:09:57,2025-06-09 19:10:29,32,0.01
2509,L06,#12,GW252/13600,(4)启机状态,4,2025-06-09 19:04:57,2025-06-09 19:09:57,300,0.08
2510,L06,#12,GW252/13600,(3)待机状态,3,2025-06-09 19:03:55,2025-06-09 19:04:57,62,0.02
2511,L06,#12,GW252/13600,(2)停机状态,2,2025-06-09 19:03:54,2025-06-09 19:03:55,1,0
2512,L06,#12,GW252/13600,(1)停机过程,1,2025-06-09 19:03:22,2025-06-09 19:03:54,32,0.01
2513,L06,#12,GW252/13600,(4)启机状态,4,2025-06-09 18:58:22,2025-06-09 19:03:22,300,0.08
2514,L06,#12,GW252/13600,(3)待机状态,3,2025-06-09 18:51:46,2025-06-09 18:58:22,396,0.11
2515,L06,#12,GW252/13600,(2)停机状态,2,2025-06-09 18:51:40,2025-06-09 18:51:46,6,0
2516,L06,#12,GW252/13600,(1)停机过程,1,2025-06-09 18:51:08,2025-06-09 18:51:40,32,0.01
2517,L06,#12,GW252/13600,(4)启机状态,4,2025-06-09 18:46:08,2025-06-09 18:51:08,300,0.08
2518,L06,#12,GW252/13600,(3)待机状态,3,2025-06-09 18:22:15,2025-06-09 18:46:08,1433,0.4
2519,L06,#12,GW252/13600,(2)停机状态,2,2025-06-09 18:22:14,2025-06-09 18:22:15,1,0
2520,L06,#12,GW252/13600,(1)停机过程,1,2025-06-09 18:21:42,2025-06-09 18:22:14,32,0.01
2521,L06,#12,GW252/13600,(4)启机状态,4,2025-06-09 18:16:43,2025-06-09 18:21:42,299,0.08
2522,L06,#12,GW252/13600,(3)待机状态,3,2025-06-09 16:45:23,2025-06-09 18:16:43,5480,1.52
2523,L06,#12,GW252/13600,(2)停机状态,2,2025-06-09 16:45:15,2025-06-09 16:45:23,8,0
2524,L06,#12,GW252/13600,(1)停机过程,1,2025-06-09 16:44:43,2025-06-09 16:45:15,32,0.01
2525,L06,#12,GW252/13600,(4)启机状态,4,2025-06-09 16:39:43,2025-06-09 16:44:43,300,0.08
2526,L06,#12,GW252/13600,(3)待机状态,3,2025-06-09 15:46:28,2025-06-09 16:39:43,3195,0.89
2527,L06,#12,GW252/13600,(2)停机状态,2,2025-06-09 15:40:52,2025-06-09 15:46:28,336,0.09
2528,L06,#12,GW252/13600,(1)停机过程,1,2025-06-09 15:39:54,2025-06-09 15:40:52,58,0.02
2529,L06,#12,GW252/13600,(5)发电状态,5,2025-06-09 14:59:07,2025-06-09 15:39:54,2447,0.68
2530,L06,#12,GW252/13600,(4)启机状态,4,2025-06-09 14:57:31,2025-06-09 14:59:07,96,0.03
2531,L06,#12,GW252/13600,(3)待机状态,3,2025-06-09 14:56:34,2025-06-09 14:57:31,57,0.02
2532,L06,#12,GW252/13600,(2)停机状态,2,2025-06-09 14:56:33,2025-06-09 14:56:34,1,0
2533,L06,#12,GW252/13600,(1)停机过程,1,2025-06-09 14:55:37,2025-06-09 14:56:33,56,0.02
2534,L06,#12,GW252/13600,(4)启机状态,4,2025-06-09 14:50:37,2025-06-09 14:55:37,300,0.08
2535,L06,#12,GW252/13600,(3)待机状态,3,2025-06-09 14:49:30,2025-06-09 14:50:37,67,0.02
2536,L06,#12,GW252/13600,(2)停机状态,2,2025-06-09 14:49:29,2025-06-09 14:49:30,1,0
2537,L06,#12,GW252/13600,(1)停机过程,1,2025-06-09 14:48:58,2025-06-09 14:49:29,31,0.01
2538,L06,#12,GW252/13600,(4)启机状态,4,2025-06-09 14:43:58,2025-06-09 14:48:58,300,0.08
2539,L06,#12,GW252/13600,(3)待机状态,3,2025-06-09 14:42:43,2025-06-09 14:43:58,75,0.02
2540,L06,#12,GW252/13600,(2)停机状态,2,2025-06-09 14:42:42,2025-06-09 14:42:43,1,0
2541,L06,#12,GW252/13600,(1)停机过程,1,2025-06-09 14:42:09,2025-06-09 14:42:42,33,0.01
2542,L06,#12,GW252/13600,(4)启机状态,4,2025-06-09 14:37:09,2025-06-09 14:42:09,300,0.08
2543,L06,#12,GW252/13600,(3)待机状态,3,2025-06-09 14:34:23,2025-06-09 14:37:09,166,0.05
2544,L06,#12,GW252/13600,(2)停机状态,2,2025-06-09 14:32:18,2025-06-09 14:34:23,125,0.03
2545,L06,#12,GW252/13600,(1)停机过程,1,2025-06-09 14:31:47,2025-06-09 14:32:18,31,0.01
2546,L06,#12,GW252/13600,(4)启机状态,4,2025-06-09 14:26:46,2025-06-09 14:31:47,301,0.08
2547,L06,#12,GW252/13600,(3)待机状态,3,2025-06-09 12:41:14,2025-06-09 14:26:46,6332,1.76
2548,L06,#12,GW252/13600,(2)停机状态,2,2025-06-09 12:41:13,2025-06-09 12:41:14,1,0
2549,L06,#12,GW252/13600,(1)停机过程,1,2025-06-09 12:40:42,2025-06-09 12:41:13,31,0.01
2550,L06,#12,GW252/13600,(4)启机状态,4,2025-06-09 12:35:42,2025-06-09 12:40:42,300,0.08
2551,L06,#12,GW252/13600,(3)待机状态,3,2025-06-09 12:30:28,2025-06-09 12:35:42,314,0.09
2552,L06,#12,GW252/13600,(2)停机状态,2,2025-06-09 12:30:26,2025-06-09 12:30:28,2,0
2553,L06,#12,GW252/13600,(1)停机过程,1,2025-06-09 12:29:54,2025-06-09 12:30:26,32,0.01
2554,L06,#12,GW252/13600,(4)启机状态,4,2025-06-09 12:24:54,2025-06-09 12:29:54,300,0.08
2555,L06,#12,GW252/13600,(3)待机状态,3,2025-06-09 04:44:15,2025-06-09 12:24:54,27639,7.68
2556,L06,#12,GW252/13600,(2)停机状态,2,2025-06-09 04:38:37,2025-06-09 04:44:15,338,0.09
2557,L06,#12,GW252/13600,(1)停机过程,1,2025-06-09 04:37:40,2025-06-09 04:38:37,57,0.02
2558,L06,#12,GW252/13600,(5)发电状态,5,2025-06-08 16:31:17,2025-06-09 04:37:40,43583,12.11
2559,L06,#12,GW252/13600,(4)启机状态,4,2025-06-08 16:27:06,2025-06-08 16:31:17,251,0.07
2560,L06,#12,GW252/13600,(3)待机状态,3,2025-06-08 15:49:02,2025-06-08 16:27:06,2284,0.63
2561,L06,#12,GW252/13600,(2)停机状态,2,2025-06-08 15:49:01,2025-06-08 15:49:02,1,0
2562,L06,#12,GW252/13600,(1)停机过程,1,2025-06-08 15:48:29,2025-06-08 15:49:01,32,0.01
2563,L06,#12,GW252/13600,(4)启机状态,4,2025-06-08 15:43:28,2025-06-08 15:48:29,301,0.08
2564,L06,#12,GW252/13600,(3)待机状态,3,2025-06-08 15:37:03,2025-06-08 15:43:28,385,0.11
2565,L06,#12,GW252/13600,(2)停机状态,2,2025-06-08 15:37:02,2025-06-08 15:37:03,1,0
2566,L06,#12,GW252/13600,(1)停机过程,1,2025-06-08 15:36:31,2025-06-08 15:37:02,31,0.01
2567,L06,#12,GW252/13600,(4)启机状态,4,2025-06-08 15:31:31,2025-06-08 15:36:31,300,0.08
2568,L06,#12,GW252/13600,(3)待机状态,3,2025-06-08 13:45:03,2025-06-08 15:31:31,6388,1.77
2569,L06,#12,GW252/13600,(2)停机状态,2,2025-06-08 13:45:01,2025-06-08 13:45:03,2,0
2570,L06,#12,GW252/13600,(1)停机过程,1,2025-06-08 13:44:29,2025-06-08 13:45:01,32,0.01
2571,L06,#12,GW252/13600,(4)启机状态,4,2025-06-08 13:39:29,2025-06-08 13:44:29,300,0.08
2572,L06,#12,GW252/13600,(3)待机状态,3,2025-06-08 13:35:11,2025-06-08 13:39:29,258,0.07
2573,L06,#12,GW252/13600,(2)停机状态,2,2025-06-08 13:35:09,2025-06-08 13:35:11,2,0
2574,L06,#12,GW252/13600,(1)停机过程,1,2025-06-08 13:34:38,2025-06-08 13:35:09,31,0.01
2575,L06,#12,GW252/13600,(4)启机状态,4,2025-06-08 13:29:37,2025-06-08 13:34:38,301,0.08
2576,L06,#12,GW252/13600,(3)待机状态,3,2025-06-08 13:26:52,2025-06-08 13:29:37,165,0.05
2577,L06,#12,GW252/13600,(1)停机过程,1,2025-06-08 13:26:20,2025-06-08 13:26:52,32,0.01
2578,L06,#12,GW252/13600,(4)启机状态,4,2025-06-08 13:21:20,2025-06-08 13:26:20,300,0.08
2579,L06,#12,GW252/13600,(3)待机状态,3,2025-06-08 13:17:39,2025-06-08 13:21:20,221,0.06
2580,L06,#12,GW252/13600,(1)停机过程,1,2025-06-08 13:17:07,2025-06-08 13:17:39,32,0.01
2581,L06,#12,GW252/13600,(4)启机状态,4,2025-06-08 13:12:08,2025-06-08 13:17:07,299,0.08
2582,L06,#12,GW252/13600,(3)待机状态,3,2025-06-08 13:11:01,2025-06-08 13:12:08,67,0.02
2583,L06,#12,GW252/13600,(2)停机状态,2,2025-06-08 13:10:59,2025-06-08 13:11:01,2,0
2584,L06,#12,GW252/13600,(1)停机过程,1,2025-06-08 13:10:27,2025-06-08 13:10:59,32,0.01
2585,L06,#12,GW252/13600,(4)启机状态,4,2025-06-08 13:05:27,2025-06-08 13:10:27,300,0.08
2586,L06,#12,GW252/13600,(3)待机状态,3,2025-06-08 13:03:54,2025-06-08 13:05:27,93,0.03
2587,L06,#12,GW252/13600,(2)停机状态,2,2025-06-08 13:03:52,2025-06-08 13:03:54,2,0
2588,L06,#12,GW252/13600,(1)停机过程,1,2025-06-08 13:03:20,2025-06-08 13:03:52,32,0.01
2589,L06,#12,GW252/13600,(4)启机状态,4,2025-06-08 12:58:20,2025-06-08 13:03:20,300,0.08
2590,L06,#12,GW252/13600,(3)待机状态,3,2025-06-08 12:55:14,2025-06-08 12:58:20,186,0.05
2591,L06,#12,GW252/13600,(2)停机状态,2,2025-06-08 12:55:13,2025-06-08 12:55:14,1,0
2592,L06,#12,GW252/13600,(1)停机过程,1,2025-06-08 12:54:41,2025-06-08 12:55:13,32,0.01
2593,L06,#12,GW252/13600,(4)启机状态,4,2025-06-08 12:49:41,2025-06-08 12:54:41,300,0.08
2594,L06,#12,GW252/13600,(3)待机状态,3,2025-06-08 12:48:18,2025-06-08 12:49:41,83,0.02
2595,L06,#12,GW252/13600,(2)停机状态,2,2025-06-08 12:48:16,2025-06-08 12:48:18,2,0
2596,L06,#12,GW252/13600,(1)停机过程,1,2025-06-08 12:47:44,2025-06-08 12:48:16,32,0.01
2597,L06,#12,GW252/13600,(4)启机状态,4,2025-06-08 12:42:44,2025-06-08 12:47:44,300,0.08
2598,L06,#12,GW252/13600,(3)待机状态,3,2025-06-08 12:35:07,2025-06-08 12:42:44,457,0.13
2599,L06,#12,GW252/13600,(2)停机状态,2,2025-06-08 12:33:39,2025-06-08 12:35:07,88,0.02
2600,L06,#12,GW252/13600,(1)停机过程,1,2025-06-08 12:32:42,2025-06-08 12:33:39,57,0.02
2601,L06,#12,GW252/13600,(5)发电状态,5,2025-06-08 10:44:42,2025-06-08 12:32:42,6480,1.8
2602,L06,#12,GW252/13600,(4)启机状态,4,2025-06-08 10:40:55,2025-06-08 10:44:42,227,0.06
2603,L06,#12,GW252/13600,(3)待机状态,3,2025-06-08 10:39:55,2025-06-08 10:40:55,60,0.02
2604,L06,#12,GW252/13600,(1)停机过程,1,2025-06-08 10:39:21,2025-06-08 10:39:55,34,0.01
2605,L06,#12,GW252/13600,(4)启机状态,4,2025-06-08 10:34:21,2025-06-08 10:39:21,300,0.08
2606,L06,#12,GW252/13600,(3)待机状态,3,2025-06-08 10:33:15,2025-06-08 10:34:21,66,0.02
2607,L06,#12,GW252/13600,(2)停机状态,2,2025-06-08 10:33:14,2025-06-08 10:33:15,1,0
2608,L06,#12,GW252/13600,(1)停机过程,1,2025-06-08 10:32:43,2025-06-08 10:33:14,31,0.01
2609,L06,#12,GW252/13600,(4)启机状态,4,2025-06-08 10:27:43,2025-06-08 10:32:43,300,0.08
2610,L06,#12,GW252/13600,(3)待机状态,3,2025-06-08 10:26:29,2025-06-08 10:27:43,74,0.02
2611,L06,#12,GW252/13600,(2)停机状态,2,2025-06-08 10:26:28,2025-06-08 10:26:29,1,0
2612,L06,#12,GW252/13600,(1)停机过程,1,2025-06-08 10:25:55,2025-06-08 10:26:28,33,0.01
2613,L06,#12,GW252/13600,(4)启机状态,4,2025-06-08 10:20:55,2025-06-08 10:25:55,300,0.08
2614,L06,#12,GW252/13600,(3)待机状态,3,2025-06-08 09:14:49,2025-06-08 10:20:55,3966,1.1
2615,L06,#12,GW252/13600,(2)停机状态,2,2025-06-08 09:14:47,2025-06-08 09:14:49,2,0
2616,L06,#12,GW252/13600,(1)停机过程,1,2025-06-08 09:14:16,2025-06-08 09:14:47,31,0.01
2617,L06,#12,GW252/13600,(4)启机状态,4,2025-06-08 09:09:16,2025-06-08 09:14:16,300,0.08
2618,L06,#12,GW252/13600,(3)待机状态,3,2025-06-08 08:43:21,2025-06-08 09:09:16,1555,0.43
2619,L06,#12,GW252/13600,(2)停机状态,2,2025-06-08 08:42:19,2025-06-08 08:43:21,62,0.02
2620,L06,#12,GW252/13600,(1)停机过程,1,2025-06-08 08:41:47,2025-06-08 08:42:19,32,0.01
2621,L06,#12,GW252/13600,(4)启机状态,4,2025-06-08 08:36:48,2025-06-08 08:41:47,299,0.08
2622,L06,#12,GW252/13600,(3)待机状态,3,2025-06-08 08:11:15,2025-06-08 08:36:48,1533,0.43
2623,L06,#12,GW252/13600,(2)停机状态,2,2025-06-08 08:09:30,2025-06-08 08:11:15,105,0.03
2624,L06,#12,GW252/13600,(1)停机过程,1,2025-06-08 08:08:32,2025-06-08 08:09:30,58,0.02
2625,L06,#12,GW252/13600,(5)发电状态,5,2025-06-07 14:35:39,2025-06-08 08:08:32,63173,17.55
2626,L06,#12,GW252/13600,(4)启机状态,4,2025-06-07 14:34:18,2025-06-07 14:35:39,81,0.02
2627,L06,#12,GW252/13600,(3)待机状态,3,2025-06-07 14:33:23,2025-06-07 14:34:18,55,0.02
2628,L06,#12,GW252/13600,(2)停机状态,2,2025-06-07 14:33:22,2025-06-07 14:33:23,1,0
2629,L06,#12,GW252/13600,(1)停机过程,1,2025-06-07 14:32:51,2025-06-07 14:33:22,31,0.01
2630,L06,#12,GW252/13600,(4)启机状态,4,2025-06-07 14:27:51,2025-06-07 14:32:51,300,0.08
2631,L06,#12,GW252/13600,(3)待机状态,3,2025-06-07 08:44:41,2025-06-07 14:27:51,20590,5.72
2632,L06,#12,GW252/13600,(2)停机状态,2,2025-06-07 08:41:45,2025-06-07 08:44:41,176,0.05
2633,L06,#12,GW252/13600,(1)停机过程,1,2025-06-07 08:40:48,2025-06-07 08:41:45,57,0.02
2634,L06,#12,GW252/13600,(5)发电状态,5,2025-06-07 06:57:33,2025-06-07 08:40:48,6195,1.72
2635,L06,#12,GW252/13600,(4)启机状态,4,2025-06-07 06:55:41,2025-06-07 06:57:33,112,0.03
2636,L06,#12,GW252/13600,(3)待机状态,3,2025-06-07 06:54:43,2025-06-07 06:55:41,58,0.02
2637,L06,#12,GW252/13600,(2)停机状态,2,2025-06-07 06:54:41,2025-06-07 06:54:43,2,0
2638,L06,#12,GW252/13600,(1)停机过程,1,2025-06-07 06:54:08,2025-06-07 06:54:41,33,0.01
2639,L06,#12,GW252/13600,(4)启机状态,4,2025-06-07 06:49:08,2025-06-07 06:54:08,300,0.08
2640,L06,#12,GW252/13600,(3)待机状态,3,2025-06-07 06:48:06,2025-06-07 06:49:08,62,0.02
2641,L06,#12,GW252/13600,(2)停机状态,2,2025-06-07 06:48:05,2025-06-07 06:48:06,1,0
2642,L06,#12,GW252/13600,(1)停机过程,1,2025-06-07 06:47:08,2025-06-07 06:48:05,57,0.02
2643,L06,#12,GW252/13600,(4)启机状态,4,2025-06-07 06:42:08,2025-06-07 06:47:08,300,0.08
2644,L06,#12,GW252/13600,(3)待机状态,3,2025-06-07 06:40:52,2025-06-07 06:42:08,76,0.02
2645,L06,#12,GW252/13600,(1)停机过程,1,2025-06-07 06:40:21,2025-06-07 06:40:52,31,0.01
2646,L06,#12,GW252/13600,(4)启机状态,4,2025-06-07 06:35:21,2025-06-07 06:40:21,300,0.08
2647,L06,#12,GW252/13600,(3)待机状态,3,2025-06-07 06:34:00,2025-06-07 06:35:21,81,0.02
2648,L06,#12,GW252/13600,(2)停机状态,2,2025-06-07 06:33:58,2025-06-07 06:34:00,2,0
2649,L06,#12,GW252/13600,(1)停机过程,1,2025-06-07 06:33:25,2025-06-07 06:33:58,33,0.01
2650,L06,#12,GW252/13600,(4)启机状态,4,2025-06-07 06:28:25,2025-06-07 06:33:25,300,0.08
2651,L06,#12,GW252/13600,(3)待机状态,3,2025-06-07 06:27:12,2025-06-07 06:28:25,73,0.02
2652,L06,#12,GW252/13600,(2)停机状态,2,2025-06-07 06:27:11,2025-06-07 06:27:12,1,0
2653,L06,#12,GW252/13600,(1)停机过程,1,2025-06-07 06:26:39,2025-06-07 06:27:11,32,0.01
2654,L06,#12,GW252/13600,(4)启机状态,4,2025-06-07 06:21:38,2025-06-07 06:26:39,301,0.08
2655,L06,#12,GW252/13600,(3)待机状态,3,2025-06-07 06:16:58,2025-06-07 06:21:38,280,0.08
2656,L06,#12,GW252/13600,(2)停机状态,2,2025-06-07 06:13:45,2025-06-07 06:16:58,193,0.05
2657,L06,#12,GW252/13600,(1)停机过程,1,2025-06-07 06:12:47,2025-06-07 06:13:45,58,0.02
2658,L06,#12,GW252/13600,(5)发电状态,5,2025-06-06 15:01:29,2025-06-07 06:12:47,54678,15.19
2659,L06,#12,GW252/13600,(4)启机状态,4,2025-06-06 14:58:43,2025-06-06 15:01:29,166,0.05
2660,L06,#12,GW252/13600,(3)待机状态,3,2025-06-06 14:57:40,2025-06-06 14:58:43,63,0.02
2661,L06,#12,GW252/13600,(2)停机状态,2,2025-06-06 14:57:38,2025-06-06 14:57:40,2,0
2662,L06,#12,GW252/13600,(1)停机过程,1,2025-06-06 14:57:07,2025-06-06 14:57:38,31,0.01
2663,L06,#12,GW252/13600,(4)启机状态,4,2025-06-06 14:52:07,2025-06-06 14:57:07,300,0.08
2664,L06,#12,GW252/13600,(3)待机状态,3,2025-06-06 14:50:58,2025-06-06 14:52:07,69,0.02
2665,L06,#12,GW252/13600,(2)停机状态,2,2025-06-06 14:50:56,2025-06-06 14:50:58,2,0
2666,L06,#12,GW252/13600,(1)停机过程,1,2025-06-06 14:50:24,2025-06-06 14:50:56,32,0.01
2667,L06,#12,GW252/13600,(4)启机状态,4,2025-06-06 14:45:24,2025-06-06 14:50:24,300,0.08
2668,L06,#12,GW252/13600,(3)待机状态,3,2025-06-06 14:44:20,2025-06-06 14:45:24,64,0.02
2669,L06,#12,GW252/13600,(2)停机状态,2,2025-06-06 14:44:19,2025-06-06 14:44:20,1,0
2670,L06,#12,GW252/13600,(1)停机过程,1,2025-06-06 14:43:48,2025-06-06 14:44:19,31,0.01
2671,L06,#12,GW252/13600,(4)启机状态,4,2025-06-06 14:38:48,2025-06-06 14:43:48,300,0.08
2672,L06,#12,GW252/13600,(3)待机状态,3,2025-06-06 14:35:45,2025-06-06 14:38:48,183,0.05
2673,L06,#12,GW252/13600,(2)停机状态,2,2025-06-06 14:35:43,2025-06-06 14:35:45,2,0
2674,L06,#12,GW252/13600,(1)停机过程,1,2025-06-06 14:35:10,2025-06-06 14:35:43,33,0.01
2675,L06,#12,GW252/13600,(4)启机状态,4,2025-06-06 14:30:10,2025-06-06 14:35:10,300,0.08
2676,L06,#12,GW252/13600,(3)待机状态,3,2025-06-06 14:26:34,2025-06-06 14:30:10,216,0.06
2677,L06,#12,GW252/13600,(2)停机状态,2,2025-06-06 14:26:33,2025-06-06 14:26:34,1,0
2678,L06,#12,GW252/13600,(1)停机过程,1,2025-06-06 14:26:02,2025-06-06 14:26:33,31,0.01
2679,L06,#12,GW252/13600,(4)启机状态,4,2025-06-06 14:21:02,2025-06-06 14:26:02,300,0.08
2680,L06,#12,GW252/13600,(3)待机状态,3,2025-06-06 14:16:21,2025-06-06 14:21:02,281,0.08
2681,L06,#12,GW252/13600,(2)停机状态,2,2025-06-06 14:16:20,2025-06-06 14:16:21,1,0
2682,L06,#12,GW252/13600,(1)停机过程,1,2025-06-06 14:15:48,2025-06-06 14:16:20,32,0.01
2683,L06,#12,GW252/13600,(4)启机状态,4,2025-06-06 14:10:47,2025-06-06 14:15:48,301,0.08
2684,L06,#12,GW252/13600,(3)待机状态,3,2025-06-06 13:13:40,2025-06-06 14:10:47,3427,0.95
2685,L06,#12,GW252/13600,(2)停机状态,2,2025-06-06 13:09:00,2025-06-06 13:13:40,280,0.08
2686,L06,#12,GW252/13600,(1)停机过程,1,2025-06-06 13:08:29,2025-06-06 13:09:00,31,0.01
2687,L06,#12,GW252/13600,(4)启机状态,4,2025-06-06 13:03:29,2025-06-06 13:08:29,300,0.08
2688,L06,#12,GW252/13600,(3)待机状态,3,2025-06-06 11:20:29,2025-06-06 13:03:29,6180,1.72
2689,L06,#12,GW252/13600,(2)停机状态,2,2025-06-06 11:20:27,2025-06-06 11:20:29,2,0
2690,L06,#12,GW252/13600,(1)停机过程,1,2025-06-06 11:19:56,2025-06-06 11:20:27,31,0.01
2691,L06,#12,GW252/13600,(4)启机状态,4,2025-06-06 11:14:56,2025-06-06 11:19:56,300,0.08
2692,L06,#12,GW252/13600,(3)待机状态,3,2025-06-06 11:13:13,2025-06-06 11:14:56,103,0.03
2693,L06,#12,GW252/13600,(2)停机状态,2,2025-06-06 11:13:10,2025-06-06 11:13:13,3,0
2694,L06,#12,GW252/13600,(1)停机过程,1,2025-06-06 11:12:39,2025-06-06 11:13:10,31,0.01
2695,L06,#12,GW252/13600,(4)启机状态,4,2025-06-06 11:07:39,2025-06-06 11:12:39,300,0.08
2696,L06,#12,GW252/13600,(3)待机状态,3,2025-06-06 10:29:04,2025-06-06 11:07:39,2315,0.64
2697,L06,#12,GW252/13600,(2)停机状态,2,2025-06-06 10:28:30,2025-06-06 10:29:04,34,0.01
2698,L06,#12,GW252/13600,(1)停机过程,1,2025-06-06 10:27:58,2025-06-06 10:28:30,32,0.01
2699,L06,#12,GW252/13600,(4)启机状态,4,2025-06-06 10:22:58,2025-06-06 10:27:58,300,0.08
2700,L06,#12,GW252/13600,(3)待机状态,3,2025-06-06 10:21:21,2025-06-06 10:22:58,97,0.03
2701,L06,#12,GW252/13600,(2)停机状态,2,2025-06-06 10:21:18,2025-06-06 10:21:21,3,0
2702,L06,#12,GW252/13600,(1)停机过程,1,2025-06-06 10:20:47,2025-06-06 10:21:18,31,0.01
2703,L06,#12,GW252/13600,(4)启机状态,4,2025-06-06 10:15:47,2025-06-06 10:20:47,300,0.08
2704,L06,#12,GW252/13600,(3)待机状态,3,2025-06-06 10:11:39,2025-06-06 10:15:47,248,0.07
2705,L06,#12,GW252/13600,(2)停机状态,2,2025-06-06 10:11:36,2025-06-06 10:11:39,3,0
2706,L06,#12,GW252/13600,(1)停机过程,1,2025-06-06 10:11:05,2025-06-06 10:11:36,31,0.01
2707,L06,#12,GW252/13600,(4)启机状态,4,2025-06-06 10:06:05,2025-06-06 10:11:05,300,0.08
2708,L06,#12,GW252/13600,(3)待机状态,3,2025-06-06 09:59:15,2025-06-06 10:06:05,410,0.11
2709,L06,#12,GW252/13600,(2)停机状态,2,2025-06-06 09:59:13,2025-06-06 09:59:15,2,0
2710,L06,#12,GW252/13600,(1)停机过程,1,2025-06-06 09:58:41,2025-06-06 09:59:13,32,0.01
2711,L06,#12,GW252/13600,(4)启机状态,4,2025-06-06 09:53:41,2025-06-06 09:58:41,300,0.08
2712,L06,#12,GW252/13600,(3)待机状态,3,2025-06-06 09:48:37,2025-06-06 09:53:41,304,0.08
2713,L06,#12,GW252/13600,(2)停机状态,2,2025-06-06 09:47:45,2025-06-06 09:48:37,52,0.01
2714,L06,#12,GW252/13600,(1)停机过程,1,2025-06-06 09:47:13,2025-06-06 09:47:45,32,0.01
2715,L06,#12,GW252/13600,(4)启机状态,4,2025-06-06 09:42:14,2025-06-06 09:47:13,299,0.08
2716,L06,#12,GW252/13600,(3)待机状态,3,2025-06-06 09:35:55,2025-06-06 09:42:14,379,0.11
2717,L06,#12,GW252/13600,(2)停机状态,2,2025-06-06 09:35:54,2025-06-06 09:35:55,1,0
2718,L06,#12,GW252/13600,(1)停机过程,1,2025-06-06 09:35:22,2025-06-06 09:35:54,32,0.01
2719,L06,#12,GW252/13600,(4)启机状态,4,2025-06-06 09:30:22,2025-06-06 09:35:22,300,0.08
2720,L06,#12,GW252/13600,(3)待机状态,3,2025-06-06 09:20:28,2025-06-06 09:30:22,594,0.17
2721,L06,#12,GW252/13600,(2)停机状态,2,2025-06-06 09:20:27,2025-06-06 09:20:28,1,0
2722,L06,#12,GW252/13600,(1)停机过程,1,2025-06-06 09:19:54,2025-06-06 09:20:27,33,0.01
2723,L06,#12,GW252/13600,(4)启机状态,4,2025-06-06 09:14:54,2025-06-06 09:19:54,300,0.08
2724,L06,#12,GW252/13600,(3)待机状态,3,2025-06-06 08:33:30,2025-06-06 09:14:54,2484,0.69
2725,L06,#12,GW252/13600,(2)停机状态,2,2025-06-06 08:33:28,2025-06-06 08:33:30,2,0
2726,L06,#12,GW252/13600,(1)停机过程,1,2025-06-06 08:32:56,2025-06-06 08:33:28,32,0.01
2727,L06,#12,GW252/13600,(4)启机状态,4,2025-06-06 08:27:56,2025-06-06 08:32:56,300,0.08
2728,L06,#12,GW252/13600,(3)待机状态,3,2025-06-06 07:24:10,2025-06-06 08:27:56,3826,1.06
2729,L06,#12,GW252/13600,(2)停机状态,2,2025-06-06 07:24:08,2025-06-06 07:24:10,2,0
2730,L06,#12,GW252/13600,(1)停机过程,1,2025-06-06 07:23:35,2025-06-06 07:24:08,33,0.01
2731,L06,#12,GW252/13600,(4)启机状态,4,2025-06-06 07:18:36,2025-06-06 07:23:35,299,0.08
2732,L06,#12,GW252/13600,(3)待机状态,3,2025-06-06 07:17:20,2025-06-06 07:18:36,76,0.02
2733,L06,#12,GW252/13600,(2)停机状态,2,2025-06-06 07:17:18,2025-06-06 07:17:20,2,0
2734,L06,#12,GW252/13600,(1)停机过程,1,2025-06-06 07:16:45,2025-06-06 07:17:18,33,0.01
2735,L06,#12,GW252/13600,(4)启机状态,4,2025-06-06 07:11:45,2025-06-06 07:16:45,300,0.08
2736,L06,#12,GW252/13600,(3)待机状态,3,2025-06-06 07:10:37,2025-06-06 07:11:45,68,0.02
2737,L06,#12,GW252/13600,(2)停机状态,2,2025-06-06 07:10:35,2025-06-06 07:10:37,2,0
2738,L06,#12,GW252/13600,(1)停机过程,1,2025-06-06 07:10:05,2025-06-06 07:10:35,30,0.01
2739,L06,#12,GW252/13600,(4)启机状态,4,2025-06-06 07:05:04,2025-06-06 07:10:05,301,0.08
2740,L06,#12,GW252/13600,(3)待机状态,3,2025-06-06 07:03:50,2025-06-06 07:05:04,74,0.02
2741,L06,#12,GW252/13600,(2)停机状态,2,2025-06-06 07:03:49,2025-06-06 07:03:50,1,0
2742,L06,#12,GW252/13600,(1)停机过程,1,2025-06-06 07:03:17,2025-06-06 07:03:49,32,0.01
2743,L06,#12,GW252/13600,(4)启机状态,4,2025-06-06 06:58:17,2025-06-06 07:03:17,300,0.08
2744,L06,#12,GW252/13600,(3)待机状态,3,2025-06-06 06:56:31,2025-06-06 06:58:17,106,0.03
2745,L06,#12,GW252/13600,(1)停机过程,1,2025-06-06 06:55:58,2025-06-06 06:56:31,33,0.01
2746,L06,#12,GW252/13600,(4)启机状态,4,2025-06-06 06:50:58,2025-06-06 06:55:58,300,0.08
2747,L06,#12,GW252/13600,(3)待机状态,3,2025-06-06 06:49:53,2025-06-06 06:50:58,65,0.02
2748,L06,#12,GW252/13600,(2)停机状态,2,2025-06-06 06:49:52,2025-06-06 06:49:53,1,0
2749,L06,#12,GW252/13600,(1)停机过程,1,2025-06-06 06:49:21,2025-06-06 06:49:52,31,0.01
2750,L06,#12,GW252/13600,(4)启机状态,4,2025-06-06 06:44:21,2025-06-06 06:49:21,300,0.08
2751,L06,#12,GW252/13600,(3)待机状态,3,2025-06-06 06:42:54,2025-06-06 06:44:21,87,0.02
2752,L06,#12,GW252/13600,(2)停机状态,2,2025-06-06 06:42:50,2025-06-06 06:42:54,4,0
2753,L06,#12,GW252/13600,(1)停机过程,1,2025-06-06 06:42:19,2025-06-06 06:42:50,31,0.01
2754,L06,#12,GW252/13600,(4)启机状态,4,2025-06-06 06:37:19,2025-06-06 06:42:19,300,0.08
2755,L06,#12,GW252/13600,(3)待机状态,3,2025-06-06 06:35:09,2025-06-06 06:37:19,130,0.04
2756,L06,#12,GW252/13600,(2)停机状态,2,2025-06-06 06:35:07,2025-06-06 06:35:09,2,0
2757,L06,#12,GW252/13600,(1)停机过程,1,2025-06-06 06:34:35,2025-06-06 06:35:07,32,0.01
2758,L06,#12,GW252/13600,(4)启机状态,4,2025-06-06 06:29:35,2025-06-06 06:34:35,300,0.08
2759,L06,#12,GW252/13600,(3)待机状态,3,2025-06-06 06:24:46,2025-06-06 06:29:35,289,0.08
2760,L06,#12,GW252/13600,(2)停机状态,2,2025-06-06 06:24:45,2025-06-06 06:24:46,1,0
2761,L06,#12,GW252/13600,(1)停机过程,1,2025-06-06 06:24:13,2025-06-06 06:24:45,32,0.01
2762,L06,#12,GW252/13600,(4)启机状态,4,2025-06-06 06:19:13,2025-06-06 06:24:13,300,0.08
2763,L06,#12,GW252/13600,(3)待机状态,3,2025-06-06 06:05:16,2025-06-06 06:19:13,837,0.23
2764,L06,#12,GW252/13600,(2)停机状态,2,2025-06-06 06:05:11,2025-06-06 06:05:16,5,0
2765,L06,#12,GW252/13600,(1)停机过程,1,2025-06-06 06:04:41,2025-06-06 06:05:11,30,0.01
2766,L06,#12,GW252/13600,(4)启机状态,4,2025-06-06 05:59:41,2025-06-06 06:04:41,300,0.08
2767,L06,#12,GW252/13600,(3)待机状态,3,2025-06-06 05:57:50,2025-06-06 05:59:41,111,0.03
2768,L06,#12,GW252/13600,(1)停机过程,1,2025-06-06 05:57:19,2025-06-06 05:57:50,31,0.01
2769,L06,#12,GW252/13600,(4)启机状态,4,2025-06-06 05:52:19,2025-06-06 05:57:19,300,0.08
2770,L06,#12,GW252/13600,(3)待机状态,3,2025-06-06 05:49:46,2025-06-06 05:52:19,153,0.04
2771,L06,#12,GW252/13600,(2)停机状态,2,2025-06-06 05:49:36,2025-06-06 05:49:46,10,0
2772,L06,#12,GW252/13600,(1)停机过程,1,2025-06-06 05:49:04,2025-06-06 05:49:36,32,0.01
2773,L06,#12,GW252/13600,(4)启机状态,4,2025-06-06 05:44:05,2025-06-06 05:49:04,299,0.08
2774,L06,#12,GW252/13600,(3)待机状态,3,2025-06-06 05:27:31,2025-06-06 05:44:05,994,0.28
2775,L06,#12,GW252/13600,(2)停机状态,2,2025-06-06 04:50:23,2025-06-06 05:27:31,2228,0.62
2776,L06,#12,GW252/13600,(1)停机过程,1,2025-06-06 04:49:26,2025-06-06 04:50:23,57,0.02
2777,L06,#12,GW252/13600,(5)发电状态,5,2025-06-05 09:50:30,2025-06-06 04:49:26,68336,18.98
2778,L06,#12,GW252/13600,(4)启机状态,4,2025-06-05 09:49:01,2025-06-05 09:50:30,89,0.02
2779,L06,#12,GW252/13600,(3)待机状态,3,2025-06-05 09:48:02,2025-06-05 09:49:01,59,0.02
2780,L06,#12,GW252/13600,(2)停机状态,2,2025-06-05 09:11:25,2025-06-05 09:48:02,2197,0.61
2781,L06,#12,GW252/13600,(1)停机过程,1,2025-06-05 09:10:28,2025-06-05 09:11:25,57,0.02
2782,L06,#12,GW252/13600,(5)发电状态,5,2025-06-03 20:35:17,2025-06-05 09:10:28,131711,36.59
2783,L06,#12,GW252/13600,(4)启机状态,4,2025-06-03 20:32:36,2025-06-03 20:35:17,161,0.04
2784,L06,#12,GW252/13600,(3)待机状态,3,2025-06-03 20:31:33,2025-06-03 20:32:36,63,0.02
2785,L06,#12,GW252/13600,(2)停机状态,2,2025-06-03 20:31:32,2025-06-03 20:31:33,1,0
2786,L06,#12,GW252/13600,(1)停机过程,1,2025-06-03 20:31:01,2025-06-03 20:31:32,31,0.01
2787,L06,#12,GW252/13600,(4)启机状态,4,2025-06-03 20:26:01,2025-06-03 20:31:01,300,0.08
2788,L06,#12,GW252/13600,(3)待机状态,3,2025-06-03 20:24:55,2025-06-03 20:26:01,66,0.02
2789,L06,#12,GW252/13600,(1)停机过程,1,2025-06-03 20:24:23,2025-06-03 20:24:55,32,0.01
2790,L06,#12,GW252/13600,(4)启机状态,4,2025-06-03 20:19:23,2025-06-03 20:24:23,300,0.08
2791,L06,#12,GW252/13600,(3)待机状态,3,2025-06-03 20:18:17,2025-06-03 20:19:23,66,0.02
2792,L06,#12,GW252/13600,(2)停机状态,2,2025-06-03 20:17:33,2025-06-03 20:18:17,44,0.01
2793,L06,#12,GW252/13600,(1)停机过程,1,2025-06-03 20:17:02,2025-06-03 20:17:33,31,0.01
2794,L06,#12,GW252/13600,(4)启机状态,4,2025-06-03 20:12:02,2025-06-03 20:17:02,300,0.08
2795,L06,#12,GW252/13600,(3)待机状态,3,2025-06-03 20:08:10,2025-06-03 20:12:02,232,0.06
2796,L06,#12,GW252/13600,(2)停机状态,2,2025-06-03 19:30:34,2025-06-03 20:08:10,2256,0.63
2797,L06,#12,GW252/13600,(1)停机过程,1,2025-06-03 19:30:03,2025-06-03 19:30:34,31,0.01
2798,L06,#12,GW252/13600,(4)启机状态,4,2025-06-03 19:25:02,2025-06-03 19:30:03,301,0.08
2799,L06,#12,GW252/13600,(3)待机状态,3,2025-06-03 11:36:02,2025-06-03 19:25:02,28140,7.82
2800,L06,#12,GW252/13600,(9)维护状态,9,2025-05-24 19:11:06,2025-06-03 11:36:02,836696,232.42
2801,L06,#12,GW252/13600,(2)停机状态,2,2025-05-24 18:56:04,2025-05-24 19:11:06,902,0.25
2802,L06,#12,GW252/13600,(1)停机过程,1,2025-05-24 18:55:15,2025-05-24 18:56:04,49,0.01
2803,L06,#12,GW252/13600,(5)发电状态,5,2025-05-24 09:49:31,2025-05-24 18:55:15,32744,9.1
2804,L06,#12,GW252/13600,(4)启机状态,4,2025-05-24 09:25:24,2025-05-24 09:49:31,1447,0.4
2805,L06,#12,GW252/13600,(5)发电状态,5,2025-05-24 08:32:45,2025-05-24 09:25:24,3159,0.88
2806,L06,#12,GW252/13600,(4)启机状态,4,2025-05-24 08:26:59,2025-05-24 08:32:45,346,0.1
2807,L06,#12,GW252/13600,(3)待机状态,3,2025-05-24 08:18:43,2025-05-24 08:26:59,496,0.14
2808,L06,#12,GW252/13600,(2)停机状态,2,2025-05-24 08:18:33,2025-05-24 08:18:43,10,0
2809,L06,#12,GW252/13600,(5)发电状态,5,2025-05-24 08:10:44,2025-05-24 08:18:33,469,0.13
2810,L06,#12,GW252/13600,(4)启机状态,4,2025-05-24 08:07:13,2025-05-24 08:10:44,211,0.06
2811,L06,#12,GW252/13600,(5)发电状态,5,2025-05-24 07:36:18,2025-05-24 08:07:13,1855,0.52
2812,L06,#12,GW252/13600,(2)停机状态,2,2025-05-24 06:55:23,2025-05-24 07:36:18,2455,0.68
2813,L06,#12,GW252/13600,(1)停机过程,1,2025-05-24 06:54:26,2025-05-24 06:55:23,57,0.02
2814,L06,#12,GW252/13600,(5)发电状态,5,2025-05-23 21:55:17,2025-05-24 06:54:26,32349,8.99
2815,L06,#12,GW252/13600,(4)启机状态,4,2025-05-23 21:53:51,2025-05-23 21:55:17,86,0.02
2816,L06,#12,GW252/13600,(3)待机状态,3,2025-05-23 21:52:59,2025-05-23 21:53:51,52,0.01
2817,L06,#12,GW252/13600,(2)停机状态,2,2025-05-23 21:16:23,2025-05-23 21:52:59,2196,0.61
2818,L06,#12,GW252/13600,(1)停机过程,1,2025-05-23 21:15:51,2025-05-23 21:16:23,32,0.01
2819,L06,#12,GW252/13600,(4)启机状态,4,2025-05-23 21:10:51,2025-05-23 21:15:51,300,0.08
2820,L06,#12,GW252/13600,(3)待机状态,3,2025-05-23 21:06:36,2025-05-23 21:10:51,255,0.07
2821,L06,#12,GW252/13600,(2)停机状态,2,2025-05-23 21:04:18,2025-05-23 21:06:36,138,0.04
2822,L06,#12,GW252/13600,(1)停机过程,1,2025-05-23 21:03:21,2025-05-23 21:04:18,57,0.02
2823,L06,#12,GW252/13600,(5)发电状态,5,2025-05-23 17:32:54,2025-05-23 21:03:21,12627,3.51
2824,L06,#12,GW252/13600,(4)启机状态,4,2025-05-23 17:31:41,2025-05-23 17:32:54,73,0.02
2825,L06,#12,GW252/13600,(3)待机状态,3,2025-05-23 17:30:52,2025-05-23 17:31:41,49,0.01
2826,L06,#12,GW252/13600,(2)停机状态,2,2025-05-23 17:30:50,2025-05-23 17:30:52,2,0
2827,L06,#12,GW252/13600,(1)停机过程,1,2025-05-23 17:30:40,2025-05-23 17:30:50,10,0
2828,L06,#12,GW252/13600,(9)维护状态,9,2025-05-22 09:39:48,2025-05-23 17:30:40,114652,31.85
2829,L06,#12,GW252/13600,(2)停机状态,2,2025-01-01 00:00:00,2025-05-22 09:39:48,12217188,3393.66
