设备状态统计_历史状态明细,Unnamed: 1,Unnamed: 2,Unnamed: 3,Unnamed: 4,Unnamed: 5,Unnamed: 6,Unnamed: 7,Unnamed: 8,Unnamed: 9
  电场:[三峡阳江海路海风场];  设备类型:风机;  设备:[#2];  查询方式:详情;  开始时间:2025-01-01;  结束时间:2025-12-01,,,,,,,,,
序号,馈线名称,设备名称,型号名称,状态,状态码,开始时间,结束时间,持续时间(s),时长描述(h)
1,L01,#2,GW252/13600,(9)维护状态,9,2025-11-19 09:08:35,2025-12-01 23:59:59,1090284,302.86
2,L01,#2,GW252/13600,(2)停机状态,2,2025-11-19 08:56:40,2025-11-19 09:08:35,715,0.2
3,L01,#2,GW252/13600,(1)停机过程,1,2025-11-19 08:56:35,2025-11-19 08:56:40,5,0
4,L01,#2,GW252/13600,(9)维护状态,9,2025-11-02 21:34:32,2025-11-19 08:56:35,1423323,395.37
5,L01,#2,GW252/13600,(2)停机状态,2,2025-11-02 21:32:34,2025-11-02 21:34:32,118,0.03
6,L01,#2,GW252/13600,(1)停机过程,1,2025-11-02 21:32:29,2025-11-02 21:32:34,5,0
7,L01,#2,GW252/13600,(9)维护状态,9,2025-10-16 21:08:00,2025-11-02 21:32:29,1470269,408.41
8,L01,#2,GW252/13600,(2)停机状态,2,2025-10-16 20:17:30,2025-10-16 21:08:00,3030,0.84
9,L01,#2,GW252/13600,(1)停机过程,1,2025-10-16 20:17:20,2025-10-16 20:17:30,10,0
10,L01,#2,GW252/13600,(9)维护状态,9,2025-10-15 15:49:38,2025-10-16 20:17:20,102462,28.46
11,L01,#2,GW252/13600,(2)停机状态,2,2025-10-15 15:03:05,2025-10-15 15:49:38,2793,0.78
12,L01,#2,GW252/13600,(1)停机过程,1,2025-10-15 15:03:00,2025-10-15 15:03:05,5,0
13,L01,#2,GW252/13600,(2)停机状态,2,2025-10-09 12:24:52,2025-10-15 15:03:00,527888,146.64
14,L01,#2,GW252/13600,(1)停机过程,1,2025-10-09 12:24:41,2025-10-09 12:24:52,11,0
15,L01,#2,GW252/13600,(9)维护状态,9,2025-10-08 09:33:38,2025-10-09 12:24:41,96663,26.85
16,L01,#2,GW252/13600,(1)停机过程,1,2025-10-08 09:33:33,2025-10-08 09:33:38,5,0
17,L01,#2,GW252/13600,(9)维护状态,9,2025-10-08 09:22:41,2025-10-08 09:33:33,652,0.18
18,L01,#2,GW252/13600,(2)停机状态,2,2025-10-08 09:22:39,2025-10-08 09:22:41,2,0
19,L01,#2,GW252/13600,(1)停机过程,1,2025-10-08 09:22:29,2025-10-08 09:22:39,10,0
20,L01,#2,GW252/13600,(9)维护状态,9,2025-10-08 09:14:23,2025-10-08 09:22:29,486,0.14
21,L01,#2,GW252/13600,(1)停机过程,1,2025-10-08 09:14:19,2025-10-08 09:14:23,4,0
22,L01,#2,GW252/13600,(9)维护状态,9,2025-10-07 23:53:09,2025-10-08 09:14:19,33670,9.35
23,L01,#2,GW252/13600,(2)停机状态,2,2025-10-07 23:52:01,2025-10-07 23:53:09,68,0.02
24,L01,#2,GW252/13600,(9)维护状态,9,2025-10-07 23:32:21,2025-10-07 23:52:01,1180,0.33
25,L01,#2,GW252/13600,(2)停机状态,2,2025-10-07 23:26:20,2025-10-07 23:32:21,361,0.1
26,L01,#2,GW252/13600,(1)停机过程,1,2025-10-07 23:26:14,2025-10-07 23:26:20,6,0
27,L01,#2,GW252/13600,(9)维护状态,9,2025-10-07 22:27:04,2025-10-07 23:26:14,3550,0.99
28,L01,#2,GW252/13600,(1)停机过程,1,2025-10-07 22:26:58,2025-10-07 22:27:04,6,0
29,L01,#2,GW252/13600,(9)维护状态,9,2025-10-07 21:34:35,2025-10-07 22:26:58,3143,0.87
30,L01,#2,GW252/13600,(0)初始化,0,2025-10-07 21:31:35,2025-10-07 21:34:35,180,0.05
31,L01,#2,GW252/13600,(2)停机状态,2,2025-10-07 21:30:34,2025-10-07 21:31:35,61,0.02
32,L01,#2,GW252/13600,(1)停机过程,1,2025-10-07 21:30:30,2025-10-07 21:30:34,4,0
33,L01,#2,GW252/13600,(9)维护状态,9,2025-10-07 20:30:58,2025-10-07 21:30:30,3572,0.99
34,L01,#2,GW252/13600,(2)停机状态,2,2025-10-07 20:12:03,2025-10-07 20:30:58,1135,0.32
35,L01,#2,GW252/13600,(1)停机过程,1,2025-10-07 20:11:58,2025-10-07 20:12:03,5,0
36,L01,#2,GW252/13600,(2)停机状态,2,2025-10-06 09:38:50,2025-10-07 20:11:58,124388,34.55
37,L01,#2,GW252/13600,(1)停机过程,1,2025-10-06 09:38:44,2025-10-06 09:38:50,6,0
38,L01,#2,GW252/13600,(9)维护状态,9,2025-10-06 00:52:13,2025-10-06 09:38:44,31591,8.78
39,L01,#2,GW252/13600,(2)停机状态,2,2025-10-05 04:44:38,2025-10-06 00:52:13,72455,20.13
40,L01,#2,GW252/13600,(1)停机过程,1,2025-10-05 04:44:28,2025-10-05 04:44:38,10,0
41,L01,#2,GW252/13600,(9)维护状态,9,2025-10-05 04:40:53,2025-10-05 04:44:28,215,0.06
42,L01,#2,GW252/13600,(2)停机状态,2,2025-10-05 03:22:06,2025-10-05 04:40:53,4727,1.31
43,L01,#2,GW252/13600,(1)停机过程,1,2025-10-05 03:21:56,2025-10-05 03:22:06,10,0
44,L01,#2,GW252/13600,(9)维护状态,9,2025-10-05 00:48:31,2025-10-05 03:21:56,9205,2.56
45,L01,#2,GW252/13600,(2)停机状态,2,2025-10-05 00:42:36,2025-10-05 00:48:31,355,0.1
46,L01,#2,GW252/13600,(1)停机过程,1,2025-10-05 00:42:26,2025-10-05 00:42:36,10,0
47,L01,#2,GW252/13600,(9)维护状态,9,2025-10-05 00:33:14,2025-10-05 00:42:26,552,0.15
48,L01,#2,GW252/13600,(9)维护状态,9,2025-10-02 07:24:37,2025-10-05 00:33:14,234517,65.14
49,L01,#2,GW252/13600,(2)停机状态,2,2025-10-02 06:57:41,2025-10-02 07:24:37,1616,0.45
50,L01,#2,GW252/13600,(1)停机过程,1,2025-10-02 06:57:35,2025-10-02 06:57:41,6,0
51,L01,#2,GW252/13600,(9)维护状态,9,2025-10-01 23:35:52,2025-10-02 06:57:35,26503,7.36
52,L01,#2,GW252/13600,(2)停机状态,2,2025-10-01 23:26:45,2025-10-01 23:35:52,547,0.15
53,L01,#2,GW252/13600,(1)停机过程,1,2025-10-01 23:26:37,2025-10-01 23:26:45,8,0
54,L01,#2,GW252/13600,(9)维护状态,9,2025-10-01 23:19:24,2025-10-01 23:26:37,433,0.12
55,L01,#2,GW252/13600,(2)停机状态,2,2025-10-01 23:13:27,2025-10-01 23:19:24,357,0.1
56,L01,#2,GW252/13600,(1)停机过程,1,2025-10-01 23:13:22,2025-10-01 23:13:27,5,0
57,L01,#2,GW252/13600,(9)维护状态,9,2025-09-28 23:29:02,2025-10-01 23:13:22,258260,71.74
58,L01,#2,GW252/13600,(2)停机状态,2,2025-09-28 23:27:27,2025-09-28 23:29:02,95,0.03
59,L01,#2,GW252/13600,(9)维护状态,9,2025-09-25 02:59:27,2025-09-28 23:27:27,332880,92.47
60,L01,#2,GW252/13600,(2)停机状态,2,2025-09-24 10:20:54,2025-09-25 02:59:27,59913,16.64
61,L01,#2,GW252/13600,(1)停机过程,1,2025-09-24 10:20:44,2025-09-24 10:20:54,10,0
62,L01,#2,GW252/13600,(9)维护状态,9,2025-09-24 10:15:05,2025-09-24 10:20:44,339,0.09
63,L01,#2,GW252/13600,(2)停机状态,2,2025-09-24 10:13:20,2025-09-24 10:15:05,105,0.03
64,L01,#2,GW252/13600,(9)维护状态,9,2025-09-24 09:55:03,2025-09-24 10:13:20,1097,0.3
65,L01,#2,GW252/13600,(2)停机状态,2,2025-09-24 09:48:59,2025-09-24 09:55:03,364,0.1
66,L01,#2,GW252/13600,(1)停机过程,1,2025-09-24 09:48:48,2025-09-24 09:48:59,11,0
67,L01,#2,GW252/13600,(9)维护状态,9,2025-09-24 09:48:34,2025-09-24 09:48:48,14,0
68,L01,#2,GW252/13600,(2)停机状态,2,2025-09-24 09:48:24,2025-09-24 09:48:34,10,0
69,L01,#2,GW252/13600,(1)停机过程,1,2025-09-24 09:48:13,2025-09-24 09:48:24,11,0
70,L01,#2,GW252/13600,(9)维护状态,9,2025-09-24 06:20:48,2025-09-24 09:48:13,12445,3.46
71,L01,#2,GW252/13600,(2)停机状态,2,2025-09-24 06:20:39,2025-09-24 06:20:48,9,0
72,L01,#2,GW252/13600,(9)维护状态,9,2025-09-22 21:55:01,2025-09-24 06:20:39,116738,32.43
73,L01,#2,GW252/13600,(2)停机状态,2,2025-09-22 21:51:30,2025-09-22 21:55:01,211,0.06
74,L01,#2,GW252/13600,(1)停机过程,1,2025-09-22 21:51:21,2025-09-22 21:51:30,9,0
75,L01,#2,GW252/13600,(9)维护状态,9,2025-09-22 10:55:55,2025-09-22 21:51:21,39326,10.92
76,L01,#2,GW252/13600,(2)停机状态,2,2025-09-20 06:27:21,2025-09-22 10:55:55,188914,52.48
77,L01,#2,GW252/13600,(1)停机过程,1,2025-09-20 06:27:11,2025-09-20 06:27:21,10,0
78,L01,#2,GW252/13600,(9)维护状态,9,2025-09-20 06:09:54,2025-09-20 06:27:11,1037,0.29
79,L01,#2,GW252/13600,(2)停机状态,2,2025-09-20 06:08:18,2025-09-20 06:09:54,96,0.03
80,L01,#2,GW252/13600,(1)停机过程,1,2025-09-20 06:08:13,2025-09-20 06:08:18,5,0
81,L01,#2,GW252/13600,(9)维护状态,9,2025-09-17 19:46:08,2025-09-20 06:08:13,210125,58.37
82,L01,#2,GW252/13600,(2)停机状态,2,2025-09-17 19:46:06,2025-09-17 19:46:08,2,0
83,L01,#2,GW252/13600,(1)停机过程,1,2025-09-17 19:45:59,2025-09-17 19:46:06,7,0
84,L01,#2,GW252/13600,(9)维护状态,9,2025-09-13 03:44:32,2025-09-17 19:45:59,403287,112.02
85,L01,#2,GW252/13600,(2)停机状态,2,2025-09-13 03:37:47,2025-09-13 03:44:32,405,0.11
86,L01,#2,GW252/13600,(1)停机过程,1,2025-09-13 03:36:14,2025-09-13 03:37:47,93,0.03
87,L01,#2,GW252/13600,(5)发电状态,5,2025-09-12 12:34:57,2025-09-13 03:36:14,54077,15.02
88,L01,#2,GW252/13600,(4)启机状态,4,2025-09-12 12:32:45,2025-09-12 12:34:57,132,0.04
89,L01,#2,GW252/13600,(3)待机状态,3,2025-09-12 05:59:53,2025-09-12 12:32:45,23572,6.55
90,L01,#2,GW252/13600,(2)停机状态,2,2025-09-12 05:23:03,2025-09-12 05:59:53,2210,0.61
91,L01,#2,GW252/13600,(1)停机过程,1,2025-09-12 05:22:06,2025-09-12 05:23:03,57,0.02
92,L01,#2,GW252/13600,(5)发电状态,5,2025-09-11 05:40:42,2025-09-12 05:22:06,85284,23.69
93,L01,#2,GW252/13600,(4)启机状态,4,2025-09-11 05:39:35,2025-09-11 05:40:42,67,0.02
94,L01,#2,GW252/13600,(3)待机状态,3,2025-09-11 04:34:32,2025-09-11 05:39:35,3903,1.08
95,L01,#2,GW252/13600,(2)停机状态,2,2025-09-11 03:56:51,2025-09-11 04:34:32,2261,0.63
96,L01,#2,GW252/13600,(1)停机过程,1,2025-09-11 03:55:54,2025-09-11 03:56:51,57,0.02
97,L01,#2,GW252/13600,(5)发电状态,5,2025-09-11 01:06:28,2025-09-11 03:55:54,10166,2.82
98,L01,#2,GW252/13600,(4)启机状态,4,2025-09-11 01:04:34,2025-09-11 01:06:28,114,0.03
99,L01,#2,GW252/13600,(3)待机状态,3,2025-09-10 23:43:24,2025-09-11 01:04:34,4870,1.35
100,L01,#2,GW252/13600,(2)停机状态,2,2025-09-10 23:40:58,2025-09-10 23:43:24,146,0.04
101,L01,#2,GW252/13600,(1)停机过程,1,2025-09-10 23:40:49,2025-09-10 23:40:58,9,0
102,L01,#2,GW252/13600,(9)维护状态,9,2025-09-10 23:40:01,2025-09-10 23:40:49,48,0.01
103,L01,#2,GW252/13600,(2)停机状态,2,2025-09-10 23:38:43,2025-09-10 23:40:01,78,0.02
104,L01,#2,GW252/13600,(1)停机过程,1,2025-09-10 23:38:33,2025-09-10 23:38:43,10,0
105,L01,#2,GW252/13600,(9)维护状态,9,2025-09-07 11:23:03,2025-09-10 23:38:33,303330,84.26
106,L01,#2,GW252/13600,(0)初始化,0,2025-09-07 11:20:03,2025-09-07 11:23:03,180,0.05
107,L01,#2,GW252/13600,(9)维护状态,9,2025-09-07 01:43:25,2025-09-07 11:20:03,34598,9.61
108,L01,#2,GW252/13600,(2)停机状态,2,2025-09-07 01:23:51,2025-09-07 01:43:25,1174,0.33
109,L01,#2,GW252/13600,(1)停机过程,1,2025-09-07 01:23:27,2025-09-07 01:23:51,24,0.01
110,L01,#2,GW252/13600,(3)待机状态,3,2025-09-06 13:17:43,2025-09-07 01:23:27,43544,12.1
111,L01,#2,GW252/13600,(2)停机状态,2,2025-09-06 13:17:41,2025-09-06 13:17:43,2,0
112,L01,#2,GW252/13600,(1)停机过程,1,2025-09-06 13:16:46,2025-09-06 13:17:41,55,0.02
113,L01,#2,GW252/13600,(5)发电状态,5,2025-09-06 11:35:20,2025-09-06 13:16:46,6086,1.69
114,L01,#2,GW252/13600,(4)启机状态,4,2025-09-06 11:32:56,2025-09-06 11:35:20,144,0.04
115,L01,#2,GW252/13600,(3)待机状态,3,2025-09-06 09:56:39,2025-09-06 11:32:56,5777,1.6
116,L01,#2,GW252/13600,(2)停机状态,2,2025-09-06 09:52:49,2025-09-06 09:56:39,230,0.06
117,L01,#2,GW252/13600,(1)停机过程,1,2025-09-06 09:51:55,2025-09-06 09:52:49,54,0.02
118,L01,#2,GW252/13600,(5)发电状态,5,2025-09-06 07:37:39,2025-09-06 09:51:55,8056,2.24
119,L01,#2,GW252/13600,(4)启机状态,4,2025-09-06 07:35:45,2025-09-06 07:37:39,114,0.03
120,L01,#2,GW252/13600,(3)待机状态,3,2025-09-06 06:09:29,2025-09-06 07:35:45,5176,1.44
121,L01,#2,GW252/13600,(1)停机过程,1,2025-09-06 06:08:33,2025-09-06 06:09:29,56,0.02
122,L01,#2,GW252/13600,(5)发电状态,5,2025-09-05 17:03:31,2025-09-06 06:08:33,47102,13.08
123,L01,#2,GW252/13600,(4)启机状态,4,2025-09-05 17:01:02,2025-09-05 17:03:31,149,0.04
124,L01,#2,GW252/13600,(3)待机状态,3,2025-09-05 04:21:10,2025-09-05 17:01:02,45592,12.66
125,L01,#2,GW252/13600,(2)停机状态,2,2025-09-05 04:18:20,2025-09-05 04:21:10,170,0.05
126,L01,#2,GW252/13600,(1)停机过程,1,2025-09-05 04:17:24,2025-09-05 04:18:20,56,0.02
127,L01,#2,GW252/13600,(5)发电状态,5,2025-09-04 18:11:02,2025-09-05 04:17:24,36382,10.11
128,L01,#2,GW252/13600,(4)启机状态,4,2025-09-04 18:09:09,2025-09-04 18:11:02,113,0.03
129,L01,#2,GW252/13600,(3)待机状态,3,2025-09-04 15:29:50,2025-09-04 18:09:09,9559,2.66
130,L01,#2,GW252/13600,(2)停机状态,2,2025-09-04 15:25:18,2025-09-04 15:29:50,272,0.08
131,L01,#2,GW252/13600,(1)停机过程,1,2025-09-04 15:24:23,2025-09-04 15:25:18,55,0.02
132,L01,#2,GW252/13600,(5)发电状态,5,2025-09-04 14:53:11,2025-09-04 15:24:23,1872,0.52
133,L01,#2,GW252/13600,(4)启机状态,4,2025-09-04 14:51:26,2025-09-04 14:53:11,105,0.03
134,L01,#2,GW252/13600,(3)待机状态,3,2025-09-04 11:50:59,2025-09-04 14:51:26,10827,3.01
135,L01,#2,GW252/13600,(2)停机状态,2,2025-09-04 11:46:50,2025-09-04 11:50:59,249,0.07
136,L01,#2,GW252/13600,(1)停机过程,1,2025-09-04 11:45:54,2025-09-04 11:46:50,56,0.02
137,L01,#2,GW252/13600,(5)发电状态,5,2025-09-04 10:11:56,2025-09-04 11:45:54,5638,1.57
138,L01,#2,GW252/13600,(4)启机状态,4,2025-09-04 10:09:35,2025-09-04 10:11:56,141,0.04
139,L01,#2,GW252/13600,(3)待机状态,3,2025-09-04 03:27:20,2025-09-04 10:09:35,24135,6.7
140,L01,#2,GW252/13600,(2)停机状态,2,2025-09-04 03:21:43,2025-09-04 03:27:20,337,0.09
141,L01,#2,GW252/13600,(1)停机过程,1,2025-09-04 03:20:47,2025-09-04 03:21:43,56,0.02
142,L01,#2,GW252/13600,(5)发电状态,5,2025-09-03 20:18:03,2025-09-04 03:20:47,25364,7.05
143,L01,#2,GW252/13600,(4)启机状态,4,2025-09-03 20:15:41,2025-09-03 20:18:03,142,0.04
144,L01,#2,GW252/13600,(3)待机状态,3,2025-09-03 13:28:34,2025-09-03 20:15:41,24427,6.79
145,L01,#2,GW252/13600,(2)停机状态,2,2025-09-03 13:27:06,2025-09-03 13:28:34,88,0.02
146,L01,#2,GW252/13600,(1)停机过程,1,2025-09-03 13:26:10,2025-09-03 13:27:06,56,0.02
147,L01,#2,GW252/13600,(5)发电状态,5,2025-09-03 12:29:34,2025-09-03 13:26:10,3396,0.94
148,L01,#2,GW252/13600,(4)启机状态,4,2025-09-03 12:27:15,2025-09-03 12:29:34,139,0.04
149,L01,#2,GW252/13600,(3)待机状态,3,2025-09-03 06:51:45,2025-09-03 12:27:15,20130,5.59
150,L01,#2,GW252/13600,(2)停机状态,2,2025-09-03 06:49:40,2025-09-03 06:51:45,125,0.03
151,L01,#2,GW252/13600,(1)停机过程,1,2025-09-03 06:48:46,2025-09-03 06:49:40,54,0.02
152,L01,#2,GW252/13600,(5)发电状态,5,2025-09-02 16:39:26,2025-09-03 06:48:46,50960,14.16
153,L01,#2,GW252/13600,(4)启机状态,4,2025-09-02 16:37:13,2025-09-02 16:39:26,133,0.04
154,L01,#2,GW252/13600,(3)待机状态,3,2025-09-02 16:20:52,2025-09-02 16:37:13,981,0.27
155,L01,#2,GW252/13600,(2)停机状态,2,2025-09-02 16:20:10,2025-09-02 16:20:52,42,0.01
156,L01,#2,GW252/13600,(1)停机过程,1,2025-09-02 16:19:14,2025-09-02 16:20:10,56,0.02
157,L01,#2,GW252/13600,(5)发电状态,5,2025-09-02 16:08:33,2025-09-02 16:19:14,641,0.18
158,L01,#2,GW252/13600,(4)启机状态,4,2025-09-02 16:06:11,2025-09-02 16:08:33,142,0.04
159,L01,#2,GW252/13600,(3)待机状态,3,2025-09-02 15:50:10,2025-09-02 16:06:11,961,0.27
160,L01,#2,GW252/13600,(2)停机状态,2,2025-09-02 15:50:08,2025-09-02 15:50:10,2,0
161,L01,#2,GW252/13600,(1)停机过程,1,2025-09-02 15:49:12,2025-09-02 15:50:08,56,0.02
162,L01,#2,GW252/13600,(5)发电状态,5,2025-09-02 12:48:56,2025-09-02 15:49:12,10816,3
163,L01,#2,GW252/13600,(4)启机状态,4,2025-09-02 12:46:51,2025-09-02 12:48:56,125,0.03
164,L01,#2,GW252/13600,(3)待机状态,3,2025-09-02 12:33:22,2025-09-02 12:46:51,809,0.22
165,L01,#2,GW252/13600,(2)停机状态,2,2025-09-02 12:27:45,2025-09-02 12:33:22,337,0.09
166,L01,#2,GW252/13600,(1)停机过程,1,2025-09-02 12:26:48,2025-09-02 12:27:45,57,0.02
167,L01,#2,GW252/13600,(5)发电状态,5,2025-09-02 12:09:38,2025-09-02 12:26:48,1030,0.29
168,L01,#2,GW252/13600,(4)启机状态,4,2025-09-02 12:05:58,2025-09-02 12:09:38,220,0.06
169,L01,#2,GW252/13600,(3)待机状态,3,2025-09-02 11:43:19,2025-09-02 12:05:58,1359,0.38
170,L01,#2,GW252/13600,(2)停机状态,2,2025-09-02 11:40:01,2025-09-02 11:43:19,198,0.06
171,L01,#2,GW252/13600,(1)停机过程,1,2025-09-02 11:39:05,2025-09-02 11:40:01,56,0.02
172,L01,#2,GW252/13600,(5)发电状态,5,2025-09-02 11:22:28,2025-09-02 11:39:05,997,0.28
173,L01,#2,GW252/13600,(4)启机状态,4,2025-09-02 11:20:16,2025-09-02 11:22:28,132,0.04
174,L01,#2,GW252/13600,(3)待机状态,3,2025-09-02 10:53:04,2025-09-02 11:20:16,1632,0.45
175,L01,#2,GW252/13600,(2)停机状态,2,2025-09-02 10:51:10,2025-09-02 10:53:04,114,0.03
176,L01,#2,GW252/13600,(1)停机过程,1,2025-09-02 10:50:13,2025-09-02 10:51:10,57,0.02
177,L01,#2,GW252/13600,(5)发电状态,5,2025-09-02 09:40:31,2025-09-02 10:50:13,4182,1.16
178,L01,#2,GW252/13600,(4)启机状态,4,2025-09-02 09:38:29,2025-09-02 09:40:31,122,0.03
179,L01,#2,GW252/13600,(3)待机状态,3,2025-09-02 07:53:51,2025-09-02 09:38:29,6278,1.74
180,L01,#2,GW252/13600,(2)停机状态,2,2025-09-02 07:48:58,2025-09-02 07:53:51,293,0.08
181,L01,#2,GW252/13600,(1)停机过程,1,2025-09-02 07:48:02,2025-09-02 07:48:58,56,0.02
182,L01,#2,GW252/13600,(5)发电状态,5,2025-09-02 06:59:15,2025-09-02 07:48:02,2927,0.81
183,L01,#2,GW252/13600,(4)启机状态,4,2025-09-02 06:56:20,2025-09-02 06:59:15,175,0.05
184,L01,#2,GW252/13600,(3)待机状态,3,2025-09-02 06:51:07,2025-09-02 06:56:20,313,0.09
185,L01,#2,GW252/13600,(2)停机状态,2,2025-09-02 06:46:50,2025-09-02 06:51:07,257,0.07
186,L01,#2,GW252/13600,(1)停机过程,1,2025-09-02 06:45:54,2025-09-02 06:46:50,56,0.02
187,L01,#2,GW252/13600,(5)发电状态,5,2025-09-02 06:35:39,2025-09-02 06:45:54,615,0.17
188,L01,#2,GW252/13600,(4)启机状态,4,2025-09-02 06:34:20,2025-09-02 06:35:39,79,0.02
189,L01,#2,GW252/13600,(3)待机状态,3,2025-09-02 04:04:39,2025-09-02 06:34:20,8981,2.49
190,L01,#2,GW252/13600,(2)停机状态,2,2025-09-02 04:03:09,2025-09-02 04:04:39,90,0.03
191,L01,#2,GW252/13600,(1)停机过程,1,2025-09-02 04:02:12,2025-09-02 04:03:09,57,0.02
192,L01,#2,GW252/13600,(5)发电状态,5,2025-09-01 07:58:54,2025-09-02 04:02:12,72198,20.06
193,L01,#2,GW252/13600,(4)启机状态,4,2025-09-01 07:57:09,2025-09-01 07:58:54,105,0.03
194,L01,#2,GW252/13600,(3)待机状态,3,2025-09-01 07:43:12,2025-09-01 07:57:09,837,0.23
195,L01,#2,GW252/13600,(2)停机状态,2,2025-09-01 07:38:47,2025-09-01 07:43:12,265,0.07
196,L01,#2,GW252/13600,(1)停机过程,1,2025-09-01 07:37:51,2025-09-01 07:38:47,56,0.02
197,L01,#2,GW252/13600,(5)发电状态,5,2025-09-01 06:03:43,2025-09-01 07:37:51,5648,1.57
198,L01,#2,GW252/13600,(4)启机状态,4,2025-09-01 06:01:46,2025-09-01 06:03:43,117,0.03
199,L01,#2,GW252/13600,(3)待机状态,3,2025-09-01 05:41:44,2025-09-01 06:01:46,1202,0.33
200,L01,#2,GW252/13600,(2)停机状态,2,2025-09-01 05:35:59,2025-09-01 05:41:44,345,0.1
201,L01,#2,GW252/13600,(1)停机过程,1,2025-09-01 05:35:04,2025-09-01 05:35:59,55,0.02
202,L01,#2,GW252/13600,(5)发电状态,5,2025-08-28 04:30:34,2025-09-01 05:35:04,349470,97.08
203,L01,#2,GW252/13600,(4)启机状态,4,2025-08-28 04:29:24,2025-08-28 04:30:34,70,0.02
204,L01,#2,GW252/13600,(3)待机状态,3,2025-08-28 04:28:29,2025-08-28 04:29:24,55,0.02
205,L01,#2,GW252/13600,(2)停机状态,2,2025-08-28 04:28:26,2025-08-28 04:28:29,3,0
206,L01,#2,GW252/13600,(1)停机过程,1,2025-08-28 04:28:16,2025-08-28 04:28:26,10,0
207,L01,#2,GW252/13600,(9)维护状态,9,2025-08-28 04:27:27,2025-08-28 04:28:16,49,0.01
208,L01,#2,GW252/13600,(2)停机状态,2,2025-08-28 04:15:24,2025-08-28 04:27:27,723,0.2
209,L01,#2,GW252/13600,(1)停机过程,1,2025-08-28 04:15:20,2025-08-28 04:15:24,4,0
210,L01,#2,GW252/13600,(9)维护状态,9,2025-08-28 04:11:59,2025-08-28 04:15:20,201,0.06
211,L01,#2,GW252/13600,(1)停机过程,1,2025-08-28 04:10:57,2025-08-28 04:11:59,62,0.02
212,L01,#2,GW252/13600,(5)发电状态,5,2025-08-27 20:17:19,2025-08-28 04:10:57,28418,7.89
213,L01,#2,GW252/13600,(4)启机状态,4,2025-08-27 20:16:05,2025-08-27 20:17:19,74,0.02
214,L01,#2,GW252/13600,(3)待机状态,3,2025-08-27 20:14:53,2025-08-27 20:16:05,72,0.02
215,L01,#2,GW252/13600,(2)停机状态,2,2025-08-27 20:13:35,2025-08-27 20:14:53,78,0.02
216,L01,#2,GW252/13600,(1)停机过程,1,2025-08-27 20:13:25,2025-08-27 20:13:35,10,0
217,L01,#2,GW252/13600,(9)维护状态,9,2025-08-27 20:12:19,2025-08-27 20:13:25,66,0.02
218,L01,#2,GW252/13600,(2)停机状态,2,2025-08-27 19:48:04,2025-08-27 20:12:19,1455,0.4
219,L01,#2,GW252/13600,(1)停机过程,1,2025-08-27 19:48:00,2025-08-27 19:48:04,4,0
220,L01,#2,GW252/13600,(9)维护状态,9,2025-08-27 19:31:33,2025-08-27 19:48:00,987,0.27
221,L01,#2,GW252/13600,(2)停机状态,2,2025-08-27 19:31:05,2025-08-27 19:31:33,28,0.01
222,L01,#2,GW252/13600,(1)停机过程,1,2025-08-27 19:30:06,2025-08-27 19:31:05,59,0.02
223,L01,#2,GW252/13600,(5)发电状态,5,2025-08-27 19:25:20,2025-08-27 19:30:06,286,0.08
224,L01,#2,GW252/13600,(4)启机状态,4,2025-08-27 19:23:28,2025-08-27 19:25:20,112,0.03
225,L01,#2,GW252/13600,(3)待机状态,3,2025-08-27 19:03:45,2025-08-27 19:23:28,1183,0.33
226,L01,#2,GW252/13600,(2)停机状态,2,2025-08-27 18:50:16,2025-08-27 19:03:45,809,0.22
227,L01,#2,GW252/13600,(1)停机过程,1,2025-08-27 18:49:46,2025-08-27 18:50:16,30,0.01
228,L01,#2,GW252/13600,(3)待机状态,3,2025-08-27 14:20:23,2025-08-27 18:49:46,16163,4.49
229,L01,#2,GW252/13600,(2)停机状态,2,2025-08-27 14:14:46,2025-08-27 14:20:23,337,0.09
230,L01,#2,GW252/13600,(1)停机过程,1,2025-08-27 14:13:50,2025-08-27 14:14:46,56,0.02
231,L01,#2,GW252/13600,(5)发电状态,5,2025-08-27 13:47:45,2025-08-27 14:13:50,1565,0.43
232,L01,#2,GW252/13600,(4)启机状态,4,2025-08-27 13:45:23,2025-08-27 13:47:45,142,0.04
233,L01,#2,GW252/13600,(3)待机状态,3,2025-08-27 11:56:06,2025-08-27 13:45:23,6557,1.82
234,L01,#2,GW252/13600,(2)停机状态,2,2025-08-27 11:54:49,2025-08-27 11:56:06,77,0.02
235,L01,#2,GW252/13600,(1)停机过程,1,2025-08-27 11:53:53,2025-08-27 11:54:49,56,0.02
236,L01,#2,GW252/13600,(5)发电状态,5,2025-08-27 10:14:17,2025-08-27 11:53:53,5976,1.66
237,L01,#2,GW252/13600,(4)启机状态,4,2025-08-27 10:11:50,2025-08-27 10:14:17,147,0.04
238,L01,#2,GW252/13600,(3)待机状态,3,2025-08-27 08:24:55,2025-08-27 10:11:50,6415,1.78
239,L01,#2,GW252/13600,(2)停机状态,2,2025-08-27 08:24:53,2025-08-27 08:24:55,2,0
240,L01,#2,GW252/13600,(1)停机过程,1,2025-08-27 08:23:58,2025-08-27 08:24:53,55,0.02
241,L01,#2,GW252/13600,(5)发电状态,5,2025-08-27 07:49:42,2025-08-27 08:23:58,2056,0.57
242,L01,#2,GW252/13600,(4)启机状态,4,2025-08-27 07:46:56,2025-08-27 07:49:42,166,0.05
243,L01,#2,GW252/13600,(3)待机状态,3,2025-08-27 02:23:33,2025-08-27 07:46:56,19403,5.39
244,L01,#2,GW252/13600,(2)停机状态,2,2025-08-27 02:22:55,2025-08-27 02:23:33,38,0.01
245,L01,#2,GW252/13600,(1)停机过程,1,2025-08-27 02:21:59,2025-08-27 02:22:55,56,0.02
246,L01,#2,GW252/13600,(5)发电状态,5,2025-08-23 09:23:01,2025-08-27 02:21:59,320338,88.98
247,L01,#2,GW252/13600,(4)启机状态,4,2025-08-23 09:21:07,2025-08-23 09:23:01,114,0.03
248,L01,#2,GW252/13600,(3)待机状态,3,2025-08-23 00:05:34,2025-08-23 09:21:07,33333,9.26
249,L01,#2,GW252/13600,(2)停机状态,2,2025-08-22 23:59:51,2025-08-23 00:05:34,343,0.1
250,L01,#2,GW252/13600,(1)停机过程,1,2025-08-22 23:58:56,2025-08-22 23:59:51,55,0.02
251,L01,#2,GW252/13600,(5)发电状态,5,2025-08-22 22:30:32,2025-08-22 23:58:56,5304,1.47
252,L01,#2,GW252/13600,(4)启机状态,4,2025-08-22 22:28:41,2025-08-22 22:30:32,111,0.03
253,L01,#2,GW252/13600,(3)待机状态,3,2025-08-22 22:27:28,2025-08-22 22:28:41,73,0.02
254,L01,#2,GW252/13600,(2)停机状态,2,2025-08-22 22:27:26,2025-08-22 22:27:28,2,0
255,L01,#2,GW252/13600,(1)停机过程,1,2025-08-22 22:27:16,2025-08-22 22:27:26,10,0
256,L01,#2,GW252/13600,(9)维护状态,9,2025-08-22 22:26:39,2025-08-22 22:27:16,37,0.01
257,L01,#2,GW252/13600,(2)停机状态,2,2025-08-22 22:25:05,2025-08-22 22:26:39,94,0.03
258,L01,#2,GW252/13600,(1)停机过程,1,2025-08-22 22:25:01,2025-08-22 22:25:05,4,0
259,L01,#2,GW252/13600,(9)维护状态,9,2025-08-22 22:21:43,2025-08-22 22:25:01,198,0.06
260,L01,#2,GW252/13600,(1)停机过程,1,2025-08-22 22:20:45,2025-08-22 22:21:43,58,0.02
261,L01,#2,GW252/13600,(5)发电状态,5,2025-08-22 18:56:44,2025-08-22 22:20:45,12241,3.4
262,L01,#2,GW252/13600,(4)启机状态,4,2025-08-22 18:53:58,2025-08-22 18:56:44,166,0.05
263,L01,#2,GW252/13600,(3)待机状态,3,2025-08-22 18:53:06,2025-08-22 18:53:58,52,0.01
264,L01,#2,GW252/13600,(1)停机过程,1,2025-08-22 18:52:10,2025-08-22 18:53:06,56,0.02
265,L01,#2,GW252/13600,(4)启机状态,4,2025-08-22 18:47:10,2025-08-22 18:52:10,300,0.08
266,L01,#2,GW252/13600,(3)待机状态,3,2025-08-22 18:46:17,2025-08-22 18:47:10,53,0.01
267,L01,#2,GW252/13600,(2)停机状态,2,2025-08-22 18:46:15,2025-08-22 18:46:17,2,0
268,L01,#2,GW252/13600,(1)停机过程,1,2025-08-22 18:45:20,2025-08-22 18:46:15,55,0.02
269,L01,#2,GW252/13600,(4)启机状态,4,2025-08-22 18:40:19,2025-08-22 18:45:20,301,0.08
270,L01,#2,GW252/13600,(3)待机状态,3,2025-08-22 18:39:14,2025-08-22 18:40:19,65,0.02
271,L01,#2,GW252/13600,(2)停机状态,2,2025-08-22 18:39:12,2025-08-22 18:39:14,2,0
272,L01,#2,GW252/13600,(1)停机过程,1,2025-08-22 18:38:39,2025-08-22 18:39:12,33,0.01
273,L01,#2,GW252/13600,(4)启机状态,4,2025-08-22 18:33:39,2025-08-22 18:38:39,300,0.08
274,L01,#2,GW252/13600,(3)待机状态,3,2025-08-22 18:32:50,2025-08-22 18:33:39,49,0.01
275,L01,#2,GW252/13600,(2)停机状态,2,2025-08-22 18:32:49,2025-08-22 18:32:50,1,0
276,L01,#2,GW252/13600,(1)停机过程,1,2025-08-22 18:32:15,2025-08-22 18:32:49,34,0.01
277,L01,#2,GW252/13600,(4)启机状态,4,2025-08-22 18:27:15,2025-08-22 18:32:15,300,0.08
278,L01,#2,GW252/13600,(3)待机状态,3,2025-08-22 18:26:27,2025-08-22 18:27:15,48,0.01
279,L01,#2,GW252/13600,(2)停机状态,2,2025-08-22 18:26:24,2025-08-22 18:26:27,3,0
280,L01,#2,GW252/13600,(1)停机过程,1,2025-08-22 18:25:54,2025-08-22 18:26:24,30,0.01
281,L01,#2,GW252/13600,(4)启机状态,4,2025-08-22 18:20:53,2025-08-22 18:25:54,301,0.08
282,L01,#2,GW252/13600,(3)待机状态,3,2025-08-22 18:19:55,2025-08-22 18:20:53,58,0.02
283,L01,#2,GW252/13600,(1)停机过程,1,2025-08-22 18:19:22,2025-08-22 18:19:55,33,0.01
284,L01,#2,GW252/13600,(4)启机状态,4,2025-08-22 18:14:22,2025-08-22 18:19:22,300,0.08
285,L01,#2,GW252/13600,(3)待机状态,3,2025-08-22 18:13:29,2025-08-22 18:14:22,53,0.01
286,L01,#2,GW252/13600,(2)停机状态,2,2025-08-22 18:13:28,2025-08-22 18:13:29,1,0
287,L01,#2,GW252/13600,(1)停机过程,1,2025-08-22 18:12:34,2025-08-22 18:13:28,54,0.02
288,L01,#2,GW252/13600,(4)启机状态,4,2025-08-22 18:07:33,2025-08-22 18:12:34,301,0.08
289,L01,#2,GW252/13600,(3)待机状态,3,2025-08-22 18:06:26,2025-08-22 18:07:33,67,0.02
290,L01,#2,GW252/13600,(2)停机状态,2,2025-08-22 18:06:25,2025-08-22 18:06:26,1,0
291,L01,#2,GW252/13600,(1)停机过程,1,2025-08-22 18:05:54,2025-08-22 18:06:25,31,0.01
292,L01,#2,GW252/13600,(4)启机状态,4,2025-08-22 18:00:55,2025-08-22 18:05:54,299,0.08
293,L01,#2,GW252/13600,(3)待机状态,3,2025-08-22 17:59:51,2025-08-22 18:00:55,64,0.02
294,L01,#2,GW252/13600,(2)停机状态,2,2025-08-22 17:59:50,2025-08-22 17:59:51,1,0
295,L01,#2,GW252/13600,(1)停机过程,1,2025-08-22 17:59:20,2025-08-22 17:59:50,30,0.01
296,L01,#2,GW252/13600,(4)启机状态,4,2025-08-22 17:54:19,2025-08-22 17:59:20,301,0.08
297,L01,#2,GW252/13600,(3)待机状态,3,2025-08-22 17:53:28,2025-08-22 17:54:19,51,0.01
298,L01,#2,GW252/13600,(2)停机状态,2,2025-08-22 17:53:27,2025-08-22 17:53:28,1,0
299,L01,#2,GW252/13600,(1)停机过程,1,2025-08-22 17:52:53,2025-08-22 17:53:27,34,0.01
300,L01,#2,GW252/13600,(4)启机状态,4,2025-08-22 17:47:53,2025-08-22 17:52:53,300,0.08
301,L01,#2,GW252/13600,(3)待机状态,3,2025-08-22 17:46:59,2025-08-22 17:47:53,54,0.02
302,L01,#2,GW252/13600,(2)停机状态,2,2025-08-22 17:46:58,2025-08-22 17:46:59,1,0
303,L01,#2,GW252/13600,(1)停机过程,1,2025-08-22 17:46:27,2025-08-22 17:46:58,31,0.01
304,L01,#2,GW252/13600,(4)启机状态,4,2025-08-22 17:41:26,2025-08-22 17:46:27,301,0.08
305,L01,#2,GW252/13600,(3)待机状态,3,2025-08-22 17:40:35,2025-08-22 17:41:26,51,0.01
306,L01,#2,GW252/13600,(2)停机状态,2,2025-08-22 17:40:33,2025-08-22 17:40:35,2,0
307,L01,#2,GW252/13600,(1)停机过程,1,2025-08-22 17:40:03,2025-08-22 17:40:33,30,0.01
308,L01,#2,GW252/13600,(4)启机状态,4,2025-08-22 17:35:02,2025-08-22 17:40:03,301,0.08
309,L01,#2,GW252/13600,(3)待机状态,3,2025-08-22 17:33:58,2025-08-22 17:35:02,64,0.02
310,L01,#2,GW252/13600,(2)停机状态,2,2025-08-22 17:33:56,2025-08-22 17:33:58,2,0
311,L01,#2,GW252/13600,(1)停机过程,1,2025-08-22 17:33:23,2025-08-22 17:33:56,33,0.01
312,L01,#2,GW252/13600,(4)启机状态,4,2025-08-22 17:28:23,2025-08-22 17:33:23,300,0.08
313,L01,#2,GW252/13600,(3)待机状态,3,2025-08-22 17:27:34,2025-08-22 17:28:23,49,0.01
314,L01,#2,GW252/13600,(2)停机状态,2,2025-08-22 17:27:33,2025-08-22 17:27:34,1,0
315,L01,#2,GW252/13600,(1)停机过程,1,2025-08-22 17:27:02,2025-08-22 17:27:33,31,0.01
316,L01,#2,GW252/13600,(4)启机状态,4,2025-08-22 17:22:02,2025-08-22 17:27:02,300,0.08
317,L01,#2,GW252/13600,(3)待机状态,3,2025-08-22 17:21:12,2025-08-22 17:22:02,50,0.01
318,L01,#2,GW252/13600,(2)停机状态,2,2025-08-22 17:21:11,2025-08-22 17:21:12,1,0
319,L01,#2,GW252/13600,(1)停机过程,1,2025-08-22 17:20:40,2025-08-22 17:21:11,31,0.01
320,L01,#2,GW252/13600,(4)启机状态,4,2025-08-22 17:15:40,2025-08-22 17:20:40,300,0.08
321,L01,#2,GW252/13600,(3)待机状态,3,2025-08-22 17:14:31,2025-08-22 17:15:40,69,0.02
322,L01,#2,GW252/13600,(2)停机状态,2,2025-08-22 17:14:29,2025-08-22 17:14:31,2,0
323,L01,#2,GW252/13600,(1)停机过程,1,2025-08-22 17:13:56,2025-08-22 17:14:29,33,0.01
324,L01,#2,GW252/13600,(4)启机状态,4,2025-08-22 17:08:57,2025-08-22 17:13:56,299,0.08
325,L01,#2,GW252/13600,(3)待机状态,3,2025-08-22 17:07:48,2025-08-22 17:08:57,69,0.02
326,L01,#2,GW252/13600,(2)停机状态,2,2025-08-22 17:07:46,2025-08-22 17:07:48,2,0
327,L01,#2,GW252/13600,(1)停机过程,1,2025-08-22 17:07:14,2025-08-22 17:07:46,32,0.01
328,L01,#2,GW252/13600,(4)启机状态,4,2025-08-22 17:02:14,2025-08-22 17:07:14,300,0.08
329,L01,#2,GW252/13600,(3)待机状态,3,2025-08-22 17:01:00,2025-08-22 17:02:14,74,0.02
330,L01,#2,GW252/13600,(2)停机状态,2,2025-08-22 17:00:59,2025-08-22 17:01:00,1,0
331,L01,#2,GW252/13600,(1)停机过程,1,2025-08-22 17:00:28,2025-08-22 17:00:59,31,0.01
332,L01,#2,GW252/13600,(4)启机状态,4,2025-08-22 16:55:27,2025-08-22 17:00:28,301,0.08
333,L01,#2,GW252/13600,(3)待机状态,3,2025-08-22 16:54:20,2025-08-22 16:55:27,67,0.02
334,L01,#2,GW252/13600,(1)停机过程,1,2025-08-22 16:53:48,2025-08-22 16:54:20,32,0.01
335,L01,#2,GW252/13600,(4)启机状态,4,2025-08-22 16:48:47,2025-08-22 16:53:48,301,0.08
336,L01,#2,GW252/13600,(3)待机状态,3,2025-08-22 16:47:51,2025-08-22 16:48:47,56,0.02
337,L01,#2,GW252/13600,(1)停机过程,1,2025-08-22 16:47:18,2025-08-22 16:47:51,33,0.01
338,L01,#2,GW252/13600,(4)启机状态,4,2025-08-22 16:42:19,2025-08-22 16:47:18,299,0.08
339,L01,#2,GW252/13600,(3)待机状态,3,2025-08-22 16:41:15,2025-08-22 16:42:19,64,0.02
340,L01,#2,GW252/13600,(2)停机状态,2,2025-08-22 16:41:13,2025-08-22 16:41:15,2,0
341,L01,#2,GW252/13600,(1)停机过程,1,2025-08-22 16:40:42,2025-08-22 16:41:13,31,0.01
342,L01,#2,GW252/13600,(4)启机状态,4,2025-08-22 16:35:42,2025-08-22 16:40:42,300,0.08
343,L01,#2,GW252/13600,(3)待机状态,3,2025-08-22 16:33:10,2025-08-22 16:35:42,152,0.04
344,L01,#2,GW252/13600,(2)停机状态,2,2025-08-22 16:33:09,2025-08-22 16:33:10,1,0
345,L01,#2,GW252/13600,(1)停机过程,1,2025-08-22 16:32:38,2025-08-22 16:33:09,31,0.01
346,L01,#2,GW252/13600,(4)启机状态,4,2025-08-22 16:27:37,2025-08-22 16:32:38,301,0.08
347,L01,#2,GW252/13600,(3)待机状态,3,2025-08-22 16:23:09,2025-08-22 16:27:37,268,0.07
348,L01,#2,GW252/13600,(2)停机状态,2,2025-08-22 16:19:20,2025-08-22 16:23:09,229,0.06
349,L01,#2,GW252/13600,(1)停机过程,1,2025-08-22 16:18:49,2025-08-22 16:19:20,31,0.01
350,L01,#2,GW252/13600,(4)启机状态,4,2025-08-22 16:13:49,2025-08-22 16:18:49,300,0.08
351,L01,#2,GW252/13600,(3)待机状态,3,2025-08-22 16:11:37,2025-08-22 16:13:49,132,0.04
352,L01,#2,GW252/13600,(2)停机状态,2,2025-08-22 16:09:02,2025-08-22 16:11:37,155,0.04
353,L01,#2,GW252/13600,(1)停机过程,1,2025-08-22 16:08:30,2025-08-22 16:09:02,32,0.01
354,L01,#2,GW252/13600,(4)启机状态,4,2025-08-22 16:03:30,2025-08-22 16:08:30,300,0.08
355,L01,#2,GW252/13600,(3)待机状态,3,2025-08-22 16:02:29,2025-08-22 16:03:30,61,0.02
356,L01,#2,GW252/13600,(2)停机状态,2,2025-08-22 16:01:38,2025-08-22 16:02:29,51,0.01
357,L01,#2,GW252/13600,(1)停机过程,1,2025-08-22 16:01:07,2025-08-22 16:01:38,31,0.01
358,L01,#2,GW252/13600,(4)启机状态,4,2025-08-22 15:56:07,2025-08-22 16:01:07,300,0.08
359,L01,#2,GW252/13600,(3)待机状态,3,2025-08-22 15:54:44,2025-08-22 15:56:07,83,0.02
360,L01,#2,GW252/13600,(2)停机状态,2,2025-08-22 15:54:42,2025-08-22 15:54:44,2,0
361,L01,#2,GW252/13600,(1)停机过程,1,2025-08-22 15:54:10,2025-08-22 15:54:42,32,0.01
362,L01,#2,GW252/13600,(4)启机状态,4,2025-08-22 15:49:11,2025-08-22 15:54:10,299,0.08
363,L01,#2,GW252/13600,(3)待机状态,3,2025-08-22 15:47:56,2025-08-22 15:49:11,75,0.02
364,L01,#2,GW252/13600,(2)停机状态,2,2025-08-22 15:47:55,2025-08-22 15:47:56,1,0
365,L01,#2,GW252/13600,(1)停机过程,1,2025-08-22 15:47:24,2025-08-22 15:47:55,31,0.01
366,L01,#2,GW252/13600,(4)启机状态,4,2025-08-22 15:42:24,2025-08-22 15:47:24,300,0.08
367,L01,#2,GW252/13600,(3)待机状态,3,2025-08-22 15:41:04,2025-08-22 15:42:24,80,0.02
368,L01,#2,GW252/13600,(2)停机状态,2,2025-08-22 15:40:00,2025-08-22 15:41:04,64,0.02
369,L01,#2,GW252/13600,(1)停机过程,1,2025-08-22 15:39:29,2025-08-22 15:40:00,31,0.01
370,L01,#2,GW252/13600,(4)启机状态,4,2025-08-22 15:34:28,2025-08-22 15:39:29,301,0.08
371,L01,#2,GW252/13600,(3)待机状态,3,2025-08-22 15:33:32,2025-08-22 15:34:28,56,0.02
372,L01,#2,GW252/13600,(2)停机状态,2,2025-08-22 15:33:31,2025-08-22 15:33:32,1,0
373,L01,#2,GW252/13600,(1)停机过程,1,2025-08-22 15:32:59,2025-08-22 15:33:31,32,0.01
374,L01,#2,GW252/13600,(4)启机状态,4,2025-08-22 15:27:59,2025-08-22 15:32:59,300,0.08
375,L01,#2,GW252/13600,(3)待机状态,3,2025-08-22 15:26:42,2025-08-22 15:27:59,77,0.02
376,L01,#2,GW252/13600,(2)停机状态,2,2025-08-22 15:26:36,2025-08-22 15:26:42,6,0
377,L01,#2,GW252/13600,(1)停机过程,1,2025-08-22 15:26:04,2025-08-22 15:26:36,32,0.01
378,L01,#2,GW252/13600,(4)启机状态,4,2025-08-22 15:21:04,2025-08-22 15:26:04,300,0.08
379,L01,#2,GW252/13600,(3)待机状态,3,2025-08-22 13:16:16,2025-08-22 15:21:04,7488,2.08
380,L01,#2,GW252/13600,(2)停机状态,2,2025-08-22 13:10:40,2025-08-22 13:16:16,336,0.09
381,L01,#2,GW252/13600,(1)停机过程,1,2025-08-22 13:10:08,2025-08-22 13:10:40,32,0.01
382,L01,#2,GW252/13600,(4)启机状态,4,2025-08-22 13:05:08,2025-08-22 13:10:08,300,0.08
383,L01,#2,GW252/13600,(3)待机状态,3,2025-08-22 13:01:31,2025-08-22 13:05:08,217,0.06
384,L01,#2,GW252/13600,(2)停机状态,2,2025-08-22 12:58:22,2025-08-22 13:01:31,189,0.05
385,L01,#2,GW252/13600,(1)停机过程,1,2025-08-22 12:57:51,2025-08-22 12:58:22,31,0.01
386,L01,#2,GW252/13600,(4)启机状态,4,2025-08-22 12:52:51,2025-08-22 12:57:51,300,0.08
387,L01,#2,GW252/13600,(3)待机状态,3,2025-08-22 12:51:42,2025-08-22 12:52:51,69,0.02
388,L01,#2,GW252/13600,(2)停机状态,2,2025-08-22 12:51:40,2025-08-22 12:51:42,2,0
389,L01,#2,GW252/13600,(1)停机过程,1,2025-08-22 12:51:07,2025-08-22 12:51:40,33,0.01
390,L01,#2,GW252/13600,(4)启机状态,4,2025-08-22 12:46:07,2025-08-22 12:51:07,300,0.08
391,L01,#2,GW252/13600,(3)待机状态,3,2025-08-22 12:44:15,2025-08-22 12:46:07,112,0.03
392,L01,#2,GW252/13600,(2)停机状态,2,2025-08-22 12:43:47,2025-08-22 12:44:15,28,0.01
393,L01,#2,GW252/13600,(1)停机过程,1,2025-08-22 12:43:16,2025-08-22 12:43:47,31,0.01
394,L01,#2,GW252/13600,(4)启机状态,4,2025-08-22 12:38:16,2025-08-22 12:43:16,300,0.08
395,L01,#2,GW252/13600,(3)待机状态,3,2025-08-22 12:37:01,2025-08-22 12:38:16,75,0.02
396,L01,#2,GW252/13600,(2)停机状态,2,2025-08-22 12:37:00,2025-08-22 12:37:01,1,0
397,L01,#2,GW252/13600,(1)停机过程,1,2025-08-22 12:36:28,2025-08-22 12:37:00,32,0.01
398,L01,#2,GW252/13600,(4)启机状态,4,2025-08-22 12:31:28,2025-08-22 12:36:28,300,0.08
399,L01,#2,GW252/13600,(3)待机状态,3,2025-08-22 10:54:23,2025-08-22 12:31:28,5825,1.62
400,L01,#2,GW252/13600,(2)停机状态,2,2025-08-22 10:48:46,2025-08-22 10:54:23,337,0.09
401,L01,#2,GW252/13600,(1)停机过程,1,2025-08-22 10:48:15,2025-08-22 10:48:46,31,0.01
402,L01,#2,GW252/13600,(4)启机状态,4,2025-08-22 10:43:15,2025-08-22 10:48:15,300,0.08
403,L01,#2,GW252/13600,(3)待机状态,3,2025-08-22 10:42:00,2025-08-22 10:43:15,75,0.02
404,L01,#2,GW252/13600,(1)停机过程,1,2025-08-22 10:41:27,2025-08-22 10:42:00,33,0.01
405,L01,#2,GW252/13600,(4)启机状态,4,2025-08-22 10:36:28,2025-08-22 10:41:27,299,0.08
406,L01,#2,GW252/13600,(3)待机状态,3,2025-08-22 10:34:58,2025-08-22 10:36:28,90,0.03
407,L01,#2,GW252/13600,(2)停机状态,2,2025-08-22 10:32:36,2025-08-22 10:34:58,142,0.04
408,L01,#2,GW252/13600,(1)停机过程,1,2025-08-22 10:32:04,2025-08-22 10:32:36,32,0.01
409,L01,#2,GW252/13600,(4)启机状态,4,2025-08-22 10:27:04,2025-08-22 10:32:04,300,0.08
410,L01,#2,GW252/13600,(3)待机状态,3,2025-08-22 10:26:06,2025-08-22 10:27:04,58,0.02
411,L01,#2,GW252/13600,(1)停机过程,1,2025-08-22 10:25:34,2025-08-22 10:26:06,32,0.01
412,L01,#2,GW252/13600,(4)启机状态,4,2025-08-22 10:20:34,2025-08-22 10:25:34,300,0.08
413,L01,#2,GW252/13600,(3)待机状态,3,2025-08-22 10:19:17,2025-08-22 10:20:34,77,0.02
414,L01,#2,GW252/13600,(1)停机过程,1,2025-08-22 10:18:45,2025-08-22 10:19:17,32,0.01
415,L01,#2,GW252/13600,(4)启机状态,4,2025-08-22 10:13:45,2025-08-22 10:18:45,300,0.08
416,L01,#2,GW252/13600,(3)待机状态,3,2025-08-22 10:12:17,2025-08-22 10:13:45,88,0.02
417,L01,#2,GW252/13600,(2)停机状态,2,2025-08-22 10:09:33,2025-08-22 10:12:17,164,0.05
418,L01,#2,GW252/13600,(1)停机过程,1,2025-08-22 10:09:02,2025-08-22 10:09:33,31,0.01
419,L01,#2,GW252/13600,(4)启机状态,4,2025-08-22 10:04:01,2025-08-22 10:09:02,301,0.08
420,L01,#2,GW252/13600,(3)待机状态,3,2025-08-22 09:59:06,2025-08-22 10:04:01,295,0.08
421,L01,#2,GW252/13600,(2)停机状态,2,2025-08-22 09:57:59,2025-08-22 09:59:06,67,0.02
422,L01,#2,GW252/13600,(1)停机过程,1,2025-08-22 09:57:27,2025-08-22 09:57:59,32,0.01
423,L01,#2,GW252/13600,(4)启机状态,4,2025-08-22 09:52:27,2025-08-22 09:57:27,300,0.08
424,L01,#2,GW252/13600,(3)待机状态,3,2025-08-22 09:50:40,2025-08-22 09:52:27,107,0.03
425,L01,#2,GW252/13600,(2)停机状态,2,2025-08-22 09:46:36,2025-08-22 09:50:40,244,0.07
426,L01,#2,GW252/13600,(1)停机过程,1,2025-08-22 09:46:04,2025-08-22 09:46:36,32,0.01
427,L01,#2,GW252/13600,(4)启机状态,4,2025-08-22 09:41:05,2025-08-22 09:46:04,299,0.08
428,L01,#2,GW252/13600,(3)待机状态,3,2025-08-22 09:40:12,2025-08-22 09:41:05,53,0.01
429,L01,#2,GW252/13600,(2)停机状态,2,2025-08-22 09:40:10,2025-08-22 09:40:12,2,0
430,L01,#2,GW252/13600,(1)停机过程,1,2025-08-22 09:39:40,2025-08-22 09:40:10,30,0.01
431,L01,#2,GW252/13600,(4)启机状态,4,2025-08-22 09:34:39,2025-08-22 09:39:40,301,0.08
432,L01,#2,GW252/13600,(3)待机状态,3,2025-08-22 09:33:49,2025-08-22 09:34:39,50,0.01
433,L01,#2,GW252/13600,(1)停机过程,1,2025-08-22 09:33:16,2025-08-22 09:33:49,33,0.01
434,L01,#2,GW252/13600,(4)启机状态,4,2025-08-22 09:28:16,2025-08-22 09:33:16,300,0.08
435,L01,#2,GW252/13600,(3)待机状态,3,2025-08-22 09:27:23,2025-08-22 09:28:16,53,0.01
436,L01,#2,GW252/13600,(2)停机状态,2,2025-08-22 09:27:22,2025-08-22 09:27:23,1,0
437,L01,#2,GW252/13600,(1)停机过程,1,2025-08-22 09:26:50,2025-08-22 09:27:22,32,0.01
438,L01,#2,GW252/13600,(4)启机状态,4,2025-08-22 09:21:50,2025-08-22 09:26:50,300,0.08
439,L01,#2,GW252/13600,(3)待机状态,3,2025-08-22 09:20:54,2025-08-22 09:21:50,56,0.02
440,L01,#2,GW252/13600,(2)停机状态,2,2025-08-22 09:20:53,2025-08-22 09:20:54,1,0
441,L01,#2,GW252/13600,(1)停机过程,1,2025-08-22 09:20:22,2025-08-22 09:20:53,31,0.01
442,L01,#2,GW252/13600,(4)启机状态,4,2025-08-22 09:15:21,2025-08-22 09:20:22,301,0.08
443,L01,#2,GW252/13600,(3)待机状态,3,2025-08-22 09:14:31,2025-08-22 09:15:21,50,0.01
444,L01,#2,GW252/13600,(1)停机过程,1,2025-08-22 09:13:58,2025-08-22 09:14:31,33,0.01
445,L01,#2,GW252/13600,(4)启机状态,4,2025-08-22 09:08:58,2025-08-22 09:13:58,300,0.08
446,L01,#2,GW252/13600,(3)待机状态,3,2025-08-22 09:08:10,2025-08-22 09:08:58,48,0.01
447,L01,#2,GW252/13600,(2)停机状态,2,2025-08-22 09:08:07,2025-08-22 09:08:10,3,0
448,L01,#2,GW252/13600,(1)停机过程,1,2025-08-22 09:07:36,2025-08-22 09:08:07,31,0.01
449,L01,#2,GW252/13600,(4)启机状态,4,2025-08-22 09:02:35,2025-08-22 09:07:36,301,0.08
450,L01,#2,GW252/13600,(3)待机状态,3,2025-08-22 09:01:40,2025-08-22 09:02:35,55,0.02
451,L01,#2,GW252/13600,(2)停机状态,2,2025-08-22 09:01:39,2025-08-22 09:01:40,1,0
452,L01,#2,GW252/13600,(1)停机过程,1,2025-08-22 09:01:08,2025-08-22 09:01:39,31,0.01
453,L01,#2,GW252/13600,(4)启机状态,4,2025-08-22 08:56:08,2025-08-22 09:01:08,300,0.08
454,L01,#2,GW252/13600,(3)待机状态,3,2025-08-22 08:55:13,2025-08-22 08:56:08,55,0.02
455,L01,#2,GW252/13600,(2)停机状态,2,2025-08-22 08:55:12,2025-08-22 08:55:13,1,0
456,L01,#2,GW252/13600,(1)停机过程,1,2025-08-22 08:54:40,2025-08-22 08:55:12,32,0.01
457,L01,#2,GW252/13600,(4)启机状态,4,2025-08-22 08:49:40,2025-08-22 08:54:40,300,0.08
458,L01,#2,GW252/13600,(3)待机状态,3,2025-08-22 08:48:55,2025-08-22 08:49:40,45,0.01
459,L01,#2,GW252/13600,(2)停机状态,2,2025-08-22 08:48:54,2025-08-22 08:48:55,1,0
460,L01,#2,GW252/13600,(1)停机过程,1,2025-08-22 08:48:22,2025-08-22 08:48:54,32,0.01
461,L01,#2,GW252/13600,(4)启机状态,4,2025-08-22 08:43:22,2025-08-22 08:48:22,300,0.08
462,L01,#2,GW252/13600,(3)待机状态,3,2025-08-22 08:42:30,2025-08-22 08:43:22,52,0.01
463,L01,#2,GW252/13600,(2)停机状态,2,2025-08-22 08:42:29,2025-08-22 08:42:30,1,0
464,L01,#2,GW252/13600,(1)停机过程,1,2025-08-22 08:41:57,2025-08-22 08:42:29,32,0.01
465,L01,#2,GW252/13600,(4)启机状态,4,2025-08-22 08:36:58,2025-08-22 08:41:57,299,0.08
466,L01,#2,GW252/13600,(3)待机状态,3,2025-08-22 08:35:53,2025-08-22 08:36:58,65,0.02
467,L01,#2,GW252/13600,(2)停机状态,2,2025-08-22 08:30:34,2025-08-22 08:35:53,319,0.09
468,L01,#2,GW252/13600,(1)停机过程,1,2025-08-22 08:30:01,2025-08-22 08:30:34,33,0.01
469,L01,#2,GW252/13600,(4)启机状态,4,2025-08-22 08:25:01,2025-08-22 08:30:01,300,0.08
470,L01,#2,GW252/13600,(3)待机状态,3,2025-08-22 08:24:00,2025-08-22 08:25:01,61,0.02
471,L01,#2,GW252/13600,(2)停机状态,2,2025-08-22 08:23:59,2025-08-22 08:24:00,1,0
472,L01,#2,GW252/13600,(1)停机过程,1,2025-08-22 08:23:27,2025-08-22 08:23:59,32,0.01
473,L01,#2,GW252/13600,(4)启机状态,4,2025-08-22 08:18:28,2025-08-22 08:23:27,299,0.08
474,L01,#2,GW252/13600,(3)待机状态,3,2025-08-22 08:17:03,2025-08-22 08:18:28,85,0.02
475,L01,#2,GW252/13600,(1)停机过程,1,2025-08-22 08:16:32,2025-08-22 08:17:03,31,0.01
476,L01,#2,GW252/13600,(4)启机状态,4,2025-08-22 08:11:32,2025-08-22 08:16:32,300,0.08
477,L01,#2,GW252/13600,(3)待机状态,3,2025-08-22 08:10:35,2025-08-22 08:11:32,57,0.02
478,L01,#2,GW252/13600,(2)停机状态,2,2025-08-22 08:10:34,2025-08-22 08:10:35,1,0
479,L01,#2,GW252/13600,(1)停机过程,1,2025-08-22 08:10:03,2025-08-22 08:10:34,31,0.01
480,L01,#2,GW252/13600,(4)启机状态,4,2025-08-22 08:05:02,2025-08-22 08:10:03,301,0.08
481,L01,#2,GW252/13600,(3)待机状态,3,2025-08-22 08:04:11,2025-08-22 08:05:02,51,0.01
482,L01,#2,GW252/13600,(2)停机状态,2,2025-08-22 08:04:10,2025-08-22 08:04:11,1,0
483,L01,#2,GW252/13600,(1)停机过程,1,2025-08-22 08:03:38,2025-08-22 08:04:10,32,0.01
484,L01,#2,GW252/13600,(4)启机状态,4,2025-08-22 07:58:38,2025-08-22 08:03:38,300,0.08
485,L01,#2,GW252/13600,(3)待机状态,3,2025-08-22 07:57:46,2025-08-22 07:58:38,52,0.01
486,L01,#2,GW252/13600,(2)停机状态,2,2025-08-22 07:57:16,2025-08-22 07:57:46,30,0.01
487,L01,#2,GW252/13600,(1)停机过程,1,2025-08-22 07:56:46,2025-08-22 07:57:16,30,0.01
488,L01,#2,GW252/13600,(4)启机状态,4,2025-08-22 07:51:46,2025-08-22 07:56:46,300,0.08
489,L01,#2,GW252/13600,(3)待机状态,3,2025-08-22 07:50:36,2025-08-22 07:51:46,70,0.02
490,L01,#2,GW252/13600,(2)停机状态,2,2025-08-22 07:50:35,2025-08-22 07:50:36,1,0
491,L01,#2,GW252/13600,(1)停机过程,1,2025-08-22 07:50:02,2025-08-22 07:50:35,33,0.01
492,L01,#2,GW252/13600,(4)启机状态,4,2025-08-22 07:45:03,2025-08-22 07:50:02,299,0.08
493,L01,#2,GW252/13600,(3)待机状态,3,2025-08-22 07:42:10,2025-08-22 07:45:03,173,0.05
494,L01,#2,GW252/13600,(2)停机状态,2,2025-08-22 07:41:35,2025-08-22 07:42:10,35,0.01
495,L01,#2,GW252/13600,(1)停机过程,1,2025-08-22 07:40:39,2025-08-22 07:41:35,56,0.02
496,L01,#2,GW252/13600,(5)发电状态,5,2025-08-21 19:51:56,2025-08-22 07:40:39,42523,11.81
497,L01,#2,GW252/13600,(4)启机状态,4,2025-08-21 19:49:15,2025-08-21 19:51:56,161,0.04
498,L01,#2,GW252/13600,(3)待机状态,3,2025-08-21 19:48:21,2025-08-21 19:49:15,54,0.02
499,L01,#2,GW252/13600,(2)停机状态,2,2025-08-21 19:48:20,2025-08-21 19:48:21,1,0
500,L01,#2,GW252/13600,(1)停机过程,1,2025-08-21 19:47:49,2025-08-21 19:48:20,31,0.01
501,L01,#2,GW252/13600,(4)启机状态,4,2025-08-21 19:42:48,2025-08-21 19:47:49,301,0.08
502,L01,#2,GW252/13600,(3)待机状态,3,2025-08-21 19:40:23,2025-08-21 19:42:48,145,0.04
503,L01,#2,GW252/13600,(2)停机状态,2,2025-08-21 19:40:21,2025-08-21 19:40:23,2,0
504,L01,#2,GW252/13600,(1)停机过程,1,2025-08-21 19:39:49,2025-08-21 19:40:21,32,0.01
505,L01,#2,GW252/13600,(4)启机状态,4,2025-08-21 19:34:49,2025-08-21 19:39:49,300,0.08
506,L01,#2,GW252/13600,(3)待机状态,3,2025-08-21 19:32:42,2025-08-21 19:34:49,127,0.04
507,L01,#2,GW252/13600,(2)停机状态,2,2025-08-21 19:31:05,2025-08-21 19:32:42,97,0.03
508,L01,#2,GW252/13600,(1)停机过程,1,2025-08-21 19:30:34,2025-08-21 19:31:05,31,0.01
509,L01,#2,GW252/13600,(4)启机状态,4,2025-08-21 19:25:34,2025-08-21 19:30:34,300,0.08
510,L01,#2,GW252/13600,(3)待机状态,3,2025-08-21 19:19:34,2025-08-21 19:25:34,360,0.1
511,L01,#2,GW252/13600,(2)停机状态,2,2025-08-21 19:13:52,2025-08-21 19:19:34,342,0.1
512,L01,#2,GW252/13600,(1)停机过程,1,2025-08-21 19:12:56,2025-08-21 19:13:52,56,0.02
513,L01,#2,GW252/13600,(5)发电状态,5,2025-08-18 17:10:31,2025-08-21 19:12:56,266545,74.04
514,L01,#2,GW252/13600,(4)启机状态,4,2025-08-18 17:09:50,2025-08-18 17:10:31,41,0.01
515,L01,#2,GW252/13600,(3)待机状态,3,2025-08-18 17:09:15,2025-08-18 17:09:50,35,0.01
516,L01,#2,GW252/13600,(2)停机状态,2,2025-08-18 17:04:45,2025-08-18 17:09:15,270,0.08
517,L01,#2,GW252/13600,(1)停机过程,1,2025-08-18 17:04:35,2025-08-18 17:04:45,10,0
518,L01,#2,GW252/13600,(9)维护状态,9,2025-08-18 16:57:53,2025-08-18 17:04:35,402,0.11
519,L01,#2,GW252/13600,(2)停机状态,2,2025-08-18 16:50:36,2025-08-18 16:57:53,437,0.12
520,L01,#2,GW252/13600,(1)停机过程,1,2025-08-18 16:48:34,2025-08-18 16:50:36,122,0.03
521,L01,#2,GW252/13600,(5)发电状态,5,2025-08-15 06:05:39,2025-08-18 16:48:34,297775,82.72
522,L01,#2,GW252/13600,(4)启机状态,4,2025-08-15 06:04:10,2025-08-15 06:05:39,89,0.02
523,L01,#2,GW252/13600,(3)待机状态,3,2025-08-15 05:46:20,2025-08-15 06:04:10,1070,0.3
524,L01,#2,GW252/13600,(2)停机状态,2,2025-08-15 05:45:32,2025-08-15 05:46:20,48,0.01
525,L01,#2,GW252/13600,(1)停机过程,1,2025-08-15 05:44:37,2025-08-15 05:45:32,55,0.02
526,L01,#2,GW252/13600,(5)发电状态,5,2025-08-15 02:53:22,2025-08-15 05:44:37,10275,2.85
527,L01,#2,GW252/13600,(4)启机状态,4,2025-08-15 02:52:21,2025-08-15 02:53:22,61,0.02
528,L01,#2,GW252/13600,(3)待机状态,3,2025-08-15 02:51:40,2025-08-15 02:52:21,41,0.01
529,L01,#2,GW252/13600,(2)停机状态,2,2025-08-15 02:51:39,2025-08-15 02:51:40,1,0
530,L01,#2,GW252/13600,(1)停机过程,1,2025-08-15 02:50:43,2025-08-15 02:51:39,56,0.02
531,L01,#2,GW252/13600,(4)启机状态,4,2025-08-15 02:45:43,2025-08-15 02:50:43,300,0.08
532,L01,#2,GW252/13600,(3)待机状态,3,2025-08-15 02:42:20,2025-08-15 02:45:43,203,0.06
533,L01,#2,GW252/13600,(2)停机状态,2,2025-08-15 02:40:12,2025-08-15 02:42:20,128,0.04
534,L01,#2,GW252/13600,(1)停机过程,1,2025-08-15 02:39:16,2025-08-15 02:40:12,56,0.02
535,L01,#2,GW252/13600,(5)发电状态,5,2025-08-14 16:53:36,2025-08-15 02:39:16,35140,9.76
536,L01,#2,GW252/13600,(4)启机状态,4,2025-08-14 16:50:24,2025-08-14 16:53:36,192,0.05
537,L01,#2,GW252/13600,(3)待机状态,3,2025-08-14 16:49:39,2025-08-14 16:50:24,45,0.01
538,L01,#2,GW252/13600,(2)停机状态,2,2025-08-14 16:49:37,2025-08-14 16:49:39,2,0
539,L01,#2,GW252/13600,(1)停机过程,1,2025-08-14 16:48:42,2025-08-14 16:49:37,55,0.02
540,L01,#2,GW252/13600,(4)启机状态,4,2025-08-14 16:43:42,2025-08-14 16:48:42,300,0.08
541,L01,#2,GW252/13600,(3)待机状态,3,2025-08-14 16:42:54,2025-08-14 16:43:42,48,0.01
542,L01,#2,GW252/13600,(1)停机过程,1,2025-08-14 16:42:23,2025-08-14 16:42:54,31,0.01
543,L01,#2,GW252/13600,(4)启机状态,4,2025-08-14 16:37:23,2025-08-14 16:42:23,300,0.08
544,L01,#2,GW252/13600,(3)待机状态,3,2025-08-14 16:25:27,2025-08-14 16:37:23,716,0.2
545,L01,#2,GW252/13600,(2)停机状态,2,2025-08-14 16:19:52,2025-08-14 16:25:27,335,0.09
546,L01,#2,GW252/13600,(1)停机过程,1,2025-08-14 16:18:56,2025-08-14 16:19:52,56,0.02
547,L01,#2,GW252/13600,(5)发电状态,5,2025-08-14 01:14:50,2025-08-14 16:18:56,54246,15.07
548,L01,#2,GW252/13600,(4)启机状态,4,2025-08-14 01:13:00,2025-08-14 01:14:50,110,0.03
549,L01,#2,GW252/13600,(3)待机状态,3,2025-08-14 01:12:11,2025-08-14 01:13:00,49,0.01
550,L01,#2,GW252/13600,(2)停机状态,2,2025-08-14 01:12:09,2025-08-14 01:12:11,2,0
551,L01,#2,GW252/13600,(1)停机过程,1,2025-08-14 01:11:13,2025-08-14 01:12:09,56,0.02
552,L01,#2,GW252/13600,(4)启机状态,4,2025-08-14 01:06:13,2025-08-14 01:11:13,300,0.08
553,L01,#2,GW252/13600,(3)待机状态,3,2025-08-14 01:05:09,2025-08-14 01:06:13,64,0.02
554,L01,#2,GW252/13600,(2)停机状态,2,2025-08-14 01:05:08,2025-08-14 01:05:09,1,0
555,L01,#2,GW252/13600,(1)停机过程,1,2025-08-14 01:04:35,2025-08-14 01:05:08,33,0.01
556,L01,#2,GW252/13600,(4)启机状态,4,2025-08-14 00:59:35,2025-08-14 01:04:35,300,0.08
557,L01,#2,GW252/13600,(3)待机状态,3,2025-08-14 00:57:47,2025-08-14 00:59:35,108,0.03
558,L01,#2,GW252/13600,(2)停机状态,2,2025-08-14 00:57:46,2025-08-14 00:57:47,1,0
559,L01,#2,GW252/13600,(1)停机过程,1,2025-08-14 00:57:13,2025-08-14 00:57:46,33,0.01
560,L01,#2,GW252/13600,(4)启机状态,4,2025-08-14 00:52:13,2025-08-14 00:57:13,300,0.08
561,L01,#2,GW252/13600,(3)待机状态,3,2025-08-13 22:30:58,2025-08-14 00:52:13,8475,2.35
562,L01,#2,GW252/13600,(2)停机状态,2,2025-08-13 22:25:20,2025-08-13 22:30:58,338,0.09
563,L01,#2,GW252/13600,(1)停机过程,1,2025-08-13 22:24:50,2025-08-13 22:25:20,30,0.01
564,L01,#2,GW252/13600,(4)启机状态,4,2025-08-13 22:19:48,2025-08-13 22:24:50,302,0.08
565,L01,#2,GW252/13600,(3)待机状态,3,2025-08-13 21:54:10,2025-08-13 22:19:48,1538,0.43
566,L01,#2,GW252/13600,(2)停机状态,2,2025-08-13 21:48:34,2025-08-13 21:54:10,336,0.09
567,L01,#2,GW252/13600,(1)停机过程,1,2025-08-13 21:47:37,2025-08-13 21:48:34,57,0.02
568,L01,#2,GW252/13600,(5)发电状态,5,2025-08-13 17:30:41,2025-08-13 21:47:37,15416,4.28
569,L01,#2,GW252/13600,(4)启机状态,4,2025-08-13 17:28:16,2025-08-13 17:30:41,145,0.04
570,L01,#2,GW252/13600,(3)待机状态,3,2025-08-13 17:27:30,2025-08-13 17:28:16,46,0.01
571,L01,#2,GW252/13600,(2)停机状态,2,2025-08-13 17:27:29,2025-08-13 17:27:30,1,0
572,L01,#2,GW252/13600,(1)停机过程,1,2025-08-13 17:26:34,2025-08-13 17:27:29,55,0.02
573,L01,#2,GW252/13600,(4)启机状态,4,2025-08-13 17:21:34,2025-08-13 17:26:34,300,0.08
574,L01,#2,GW252/13600,(3)待机状态,3,2025-08-13 17:20:45,2025-08-13 17:21:34,49,0.01
575,L01,#2,GW252/13600,(2)停机状态,2,2025-08-13 17:20:44,2025-08-13 17:20:45,1,0
576,L01,#2,GW252/13600,(1)停机过程,1,2025-08-13 17:20:12,2025-08-13 17:20:44,32,0.01
577,L01,#2,GW252/13600,(4)启机状态,4,2025-08-13 17:15:12,2025-08-13 17:20:12,300,0.08
578,L01,#2,GW252/13600,(3)待机状态,3,2025-08-13 17:14:23,2025-08-13 17:15:12,49,0.01
579,L01,#2,GW252/13600,(2)停机状态,2,2025-08-13 17:14:22,2025-08-13 17:14:23,1,0
580,L01,#2,GW252/13600,(1)停机过程,1,2025-08-13 17:13:50,2025-08-13 17:14:22,32,0.01
581,L01,#2,GW252/13600,(4)启机状态,4,2025-08-13 17:08:50,2025-08-13 17:13:50,300,0.08
582,L01,#2,GW252/13600,(3)待机状态,3,2025-08-13 17:07:57,2025-08-13 17:08:50,53,0.01
583,L01,#2,GW252/13600,(2)停机状态,2,2025-08-13 17:07:56,2025-08-13 17:07:57,1,0
584,L01,#2,GW252/13600,(1)停机过程,1,2025-08-13 17:07:24,2025-08-13 17:07:56,32,0.01
585,L01,#2,GW252/13600,(4)启机状态,4,2025-08-13 17:02:25,2025-08-13 17:07:24,299,0.08
586,L01,#2,GW252/13600,(3)待机状态,3,2025-08-13 17:01:27,2025-08-13 17:02:25,58,0.02
587,L01,#2,GW252/13600,(2)停机状态,2,2025-08-13 17:01:24,2025-08-13 17:01:27,3,0
588,L01,#2,GW252/13600,(1)停机过程,1,2025-08-13 17:00:53,2025-08-13 17:01:24,31,0.01
589,L01,#2,GW252/13600,(4)启机状态,4,2025-08-13 16:55:53,2025-08-13 17:00:53,300,0.08
590,L01,#2,GW252/13600,(3)待机状态,3,2025-08-13 16:54:55,2025-08-13 16:55:53,58,0.02
591,L01,#2,GW252/13600,(2)停机状态,2,2025-08-13 16:54:54,2025-08-13 16:54:55,1,0
592,L01,#2,GW252/13600,(1)停机过程,1,2025-08-13 16:54:21,2025-08-13 16:54:54,33,0.01
593,L01,#2,GW252/13600,(4)启机状态,4,2025-08-13 16:49:21,2025-08-13 16:54:21,300,0.08
594,L01,#2,GW252/13600,(3)待机状态,3,2025-08-13 16:48:22,2025-08-13 16:49:21,59,0.02
595,L01,#2,GW252/13600,(2)停机状态,2,2025-08-13 16:48:21,2025-08-13 16:48:22,1,0
596,L01,#2,GW252/13600,(1)停机过程,1,2025-08-13 16:47:50,2025-08-13 16:48:21,31,0.01
597,L01,#2,GW252/13600,(4)启机状态,4,2025-08-13 16:42:50,2025-08-13 16:47:50,300,0.08
598,L01,#2,GW252/13600,(3)待机状态,3,2025-08-13 16:41:42,2025-08-13 16:42:50,68,0.02
599,L01,#2,GW252/13600,(2)停机状态,2,2025-08-13 16:41:39,2025-08-13 16:41:42,3,0
600,L01,#2,GW252/13600,(1)停机过程,1,2025-08-13 16:41:06,2025-08-13 16:41:39,33,0.01
601,L01,#2,GW252/13600,(4)启机状态,4,2025-08-13 16:36:06,2025-08-13 16:41:06,300,0.08
602,L01,#2,GW252/13600,(3)待机状态,3,2025-08-13 16:34:15,2025-08-13 16:36:06,111,0.03
603,L01,#2,GW252/13600,(2)停机状态,2,2025-08-13 16:34:13,2025-08-13 16:34:15,2,0
604,L01,#2,GW252/13600,(1)停机过程,1,2025-08-13 16:33:41,2025-08-13 16:34:13,32,0.01
605,L01,#2,GW252/13600,(4)启机状态,4,2025-08-13 16:28:41,2025-08-13 16:33:41,300,0.08
606,L01,#2,GW252/13600,(3)待机状态,3,2025-08-13 16:26:39,2025-08-13 16:28:41,122,0.03
607,L01,#2,GW252/13600,(2)停机状态,2,2025-08-13 16:26:36,2025-08-13 16:26:39,3,0
608,L01,#2,GW252/13600,(1)停机过程,1,2025-08-13 16:26:06,2025-08-13 16:26:36,30,0.01
609,L01,#2,GW252/13600,(4)启机状态,4,2025-08-13 16:21:06,2025-08-13 16:26:06,300,0.08
610,L01,#2,GW252/13600,(3)待机状态,3,2025-08-13 16:17:51,2025-08-13 16:21:06,195,0.05
611,L01,#2,GW252/13600,(2)停机状态,2,2025-08-13 16:16:20,2025-08-13 16:17:51,91,0.03
612,L01,#2,GW252/13600,(1)停机过程,1,2025-08-13 16:15:48,2025-08-13 16:16:20,32,0.01
613,L01,#2,GW252/13600,(4)启机状态,4,2025-08-13 16:10:47,2025-08-13 16:15:48,301,0.08
614,L01,#2,GW252/13600,(3)待机状态,3,2025-08-13 16:05:43,2025-08-13 16:10:47,304,0.08
615,L01,#2,GW252/13600,(2)停机状态,2,2025-08-13 16:05:42,2025-08-13 16:05:43,1,0
616,L01,#2,GW252/13600,(1)停机过程,1,2025-08-13 16:05:10,2025-08-13 16:05:42,32,0.01
617,L01,#2,GW252/13600,(4)启机状态,4,2025-08-13 16:00:09,2025-08-13 16:05:10,301,0.08
618,L01,#2,GW252/13600,(3)待机状态,3,2025-08-13 15:56:09,2025-08-13 16:00:09,240,0.07
619,L01,#2,GW252/13600,(2)停机状态,2,2025-08-13 15:54:30,2025-08-13 15:56:09,99,0.03
620,L01,#2,GW252/13600,(1)停机过程,1,2025-08-13 15:53:57,2025-08-13 15:54:30,33,0.01
621,L01,#2,GW252/13600,(4)启机状态,4,2025-08-13 15:48:57,2025-08-13 15:53:57,300,0.08
622,L01,#2,GW252/13600,(3)待机状态,3,2025-08-13 15:45:36,2025-08-13 15:48:57,201,0.06
623,L01,#2,GW252/13600,(2)停机状态,2,2025-08-13 15:43:59,2025-08-13 15:45:36,97,0.03
624,L01,#2,GW252/13600,(1)停机过程,1,2025-08-13 15:43:28,2025-08-13 15:43:59,31,0.01
625,L01,#2,GW252/13600,(4)启机状态,4,2025-08-13 15:38:27,2025-08-13 15:43:28,301,0.08
626,L01,#2,GW252/13600,(3)待机状态,3,2025-08-13 15:35:39,2025-08-13 15:38:27,168,0.05
627,L01,#2,GW252/13600,(2)停机状态,2,2025-08-13 15:33:18,2025-08-13 15:35:39,141,0.04
628,L01,#2,GW252/13600,(1)停机过程,1,2025-08-13 15:32:48,2025-08-13 15:33:18,30,0.01
629,L01,#2,GW252/13600,(4)启机状态,4,2025-08-13 15:27:48,2025-08-13 15:32:48,300,0.08
630,L01,#2,GW252/13600,(3)待机状态,3,2025-08-13 14:42:33,2025-08-13 15:27:48,2715,0.75
631,L01,#2,GW252/13600,(2)停机状态,2,2025-08-13 14:40:51,2025-08-13 14:42:33,102,0.03
632,L01,#2,GW252/13600,(1)停机过程,1,2025-08-13 14:40:19,2025-08-13 14:40:51,32,0.01
633,L01,#2,GW252/13600,(4)启机状态,4,2025-08-13 14:35:18,2025-08-13 14:40:19,301,0.08
634,L01,#2,GW252/13600,(3)待机状态,3,2025-08-13 14:32:30,2025-08-13 14:35:18,168,0.05
635,L01,#2,GW252/13600,(2)停机状态,2,2025-08-13 14:32:21,2025-08-13 14:32:30,9,0
636,L01,#2,GW252/13600,(1)停机过程,1,2025-08-13 14:31:49,2025-08-13 14:32:21,32,0.01
637,L01,#2,GW252/13600,(4)启机状态,4,2025-08-13 14:26:48,2025-08-13 14:31:49,301,0.08
638,L01,#2,GW252/13600,(3)待机状态,3,2025-08-13 14:25:41,2025-08-13 14:26:48,67,0.02
639,L01,#2,GW252/13600,(2)停机状态,2,2025-08-13 14:25:11,2025-08-13 14:25:41,30,0.01
640,L01,#2,GW252/13600,(1)停机过程,1,2025-08-13 14:24:39,2025-08-13 14:25:11,32,0.01
641,L01,#2,GW252/13600,(4)启机状态,4,2025-08-13 14:19:38,2025-08-13 14:24:39,301,0.08
642,L01,#2,GW252/13600,(3)待机状态,3,2025-08-13 14:18:37,2025-08-13 14:19:38,61,0.02
643,L01,#2,GW252/13600,(2)停机状态,2,2025-08-13 14:18:35,2025-08-13 14:18:37,2,0
644,L01,#2,GW252/13600,(1)停机过程,1,2025-08-13 14:18:04,2025-08-13 14:18:35,31,0.01
645,L01,#2,GW252/13600,(4)启机状态,4,2025-08-13 14:13:03,2025-08-13 14:18:04,301,0.08
646,L01,#2,GW252/13600,(3)待机状态,3,2025-08-13 14:11:23,2025-08-13 14:13:03,100,0.03
647,L01,#2,GW252/13600,(2)停机状态,2,2025-08-13 14:09:12,2025-08-13 14:11:23,131,0.04
648,L01,#2,GW252/13600,(1)停机过程,1,2025-08-13 14:08:39,2025-08-13 14:09:12,33,0.01
649,L01,#2,GW252/13600,(4)启机状态,4,2025-08-13 14:03:40,2025-08-13 14:08:39,299,0.08
650,L01,#2,GW252/13600,(3)待机状态,3,2025-08-13 13:52:12,2025-08-13 14:03:40,688,0.19
651,L01,#2,GW252/13600,(2)停机状态,2,2025-08-13 13:46:35,2025-08-13 13:52:12,337,0.09
652,L01,#2,GW252/13600,(1)停机过程,1,2025-08-13 13:45:39,2025-08-13 13:46:35,56,0.02
653,L01,#2,GW252/13600,(5)发电状态,5,2025-08-13 11:30:43,2025-08-13 13:45:39,8096,2.25
654,L01,#2,GW252/13600,(4)启机状态,4,2025-08-13 11:27:32,2025-08-13 11:30:43,191,0.05
655,L01,#2,GW252/13600,(3)待机状态,3,2025-08-13 11:26:42,2025-08-13 11:27:32,50,0.01
656,L01,#2,GW252/13600,(2)停机状态,2,2025-08-13 11:26:40,2025-08-13 11:26:42,2,0
657,L01,#2,GW252/13600,(1)停机过程,1,2025-08-13 11:26:07,2025-08-13 11:26:40,33,0.01
658,L01,#2,GW252/13600,(4)启机状态,4,2025-08-13 11:21:07,2025-08-13 11:26:07,300,0.08
659,L01,#2,GW252/13600,(3)待机状态,3,2025-08-13 11:20:12,2025-08-13 11:21:07,55,0.02
660,L01,#2,GW252/13600,(2)停机状态,2,2025-08-13 11:20:10,2025-08-13 11:20:12,2,0
661,L01,#2,GW252/13600,(1)停机过程,1,2025-08-13 11:19:38,2025-08-13 11:20:10,32,0.01
662,L01,#2,GW252/13600,(4)启机状态,4,2025-08-13 11:14:39,2025-08-13 11:19:38,299,0.08
663,L01,#2,GW252/13600,(3)待机状态,3,2025-08-13 11:13:52,2025-08-13 11:14:39,47,0.01
664,L01,#2,GW252/13600,(2)停机状态,2,2025-08-13 11:13:51,2025-08-13 11:13:52,1,0
665,L01,#2,GW252/13600,(1)停机过程,1,2025-08-13 11:13:20,2025-08-13 11:13:51,31,0.01
666,L01,#2,GW252/13600,(4)启机状态,4,2025-08-13 11:08:20,2025-08-13 11:13:20,300,0.08
667,L01,#2,GW252/13600,(3)待机状态,3,2025-08-13 11:07:31,2025-08-13 11:08:20,49,0.01
668,L01,#2,GW252/13600,(2)停机状态,2,2025-08-13 11:07:30,2025-08-13 11:07:31,1,0
669,L01,#2,GW252/13600,(1)停机过程,1,2025-08-13 11:06:59,2025-08-13 11:07:30,31,0.01
670,L01,#2,GW252/13600,(4)启机状态,4,2025-08-13 11:01:58,2025-08-13 11:06:59,301,0.08
671,L01,#2,GW252/13600,(3)待机状态,3,2025-08-13 11:00:53,2025-08-13 11:01:58,65,0.02
672,L01,#2,GW252/13600,(2)停机状态,2,2025-08-13 11:00:52,2025-08-13 11:00:53,1,0
673,L01,#2,GW252/13600,(1)停机过程,1,2025-08-13 11:00:19,2025-08-13 11:00:52,33,0.01
674,L01,#2,GW252/13600,(4)启机状态,4,2025-08-13 10:55:20,2025-08-13 11:00:19,299,0.08
675,L01,#2,GW252/13600,(3)待机状态,3,2025-08-13 10:54:01,2025-08-13 10:55:20,79,0.02
676,L01,#2,GW252/13600,(2)停机状态,2,2025-08-13 10:53:31,2025-08-13 10:54:01,30,0.01
677,L01,#2,GW252/13600,(1)停机过程,1,2025-08-13 10:52:36,2025-08-13 10:53:31,55,0.02
678,L01,#2,GW252/13600,(5)发电状态,5,2025-08-12 15:32:01,2025-08-13 10:52:36,69635,19.34
679,L01,#2,GW252/13600,(4)启机状态,4,2025-08-12 15:28:17,2025-08-12 15:32:01,224,0.06
680,L01,#2,GW252/13600,(3)待机状态,3,2025-08-12 15:27:30,2025-08-12 15:28:17,47,0.01
681,L01,#2,GW252/13600,(2)停机状态,2,2025-08-12 15:27:28,2025-08-12 15:27:30,2,0
682,L01,#2,GW252/13600,(1)停机过程,1,2025-08-12 15:26:57,2025-08-12 15:27:28,31,0.01
683,L01,#2,GW252/13600,(4)启机状态,4,2025-08-12 15:21:56,2025-08-12 15:26:57,301,0.08
684,L01,#2,GW252/13600,(3)待机状态,3,2025-08-12 15:21:08,2025-08-12 15:21:56,48,0.01
685,L01,#2,GW252/13600,(2)停机状态,2,2025-08-12 15:21:07,2025-08-12 15:21:08,1,0
686,L01,#2,GW252/13600,(1)停机过程,1,2025-08-12 15:20:35,2025-08-12 15:21:07,32,0.01
687,L01,#2,GW252/13600,(4)启机状态,4,2025-08-12 15:15:35,2025-08-12 15:20:35,300,0.08
688,L01,#2,GW252/13600,(3)待机状态,3,2025-08-12 15:14:43,2025-08-12 15:15:35,52,0.01
689,L01,#2,GW252/13600,(2)停机状态,2,2025-08-12 15:14:41,2025-08-12 15:14:43,2,0
690,L01,#2,GW252/13600,(1)停机过程,1,2025-08-12 15:14:10,2025-08-12 15:14:41,31,0.01
691,L01,#2,GW252/13600,(4)启机状态,4,2025-08-12 15:09:10,2025-08-12 15:14:10,300,0.08
692,L01,#2,GW252/13600,(3)待机状态,3,2025-08-12 15:08:23,2025-08-12 15:09:10,47,0.01
693,L01,#2,GW252/13600,(1)停机过程,1,2025-08-12 15:07:51,2025-08-12 15:08:23,32,0.01
694,L01,#2,GW252/13600,(4)启机状态,4,2025-08-12 15:02:51,2025-08-12 15:07:51,300,0.08
695,L01,#2,GW252/13600,(3)待机状态,3,2025-08-12 15:01:59,2025-08-12 15:02:51,52,0.01
696,L01,#2,GW252/13600,(2)停机状态,2,2025-08-12 15:01:58,2025-08-12 15:01:59,1,0
697,L01,#2,GW252/13600,(1)停机过程,1,2025-08-12 15:01:26,2025-08-12 15:01:58,32,0.01
698,L01,#2,GW252/13600,(4)启机状态,4,2025-08-12 14:56:26,2025-08-12 15:01:26,300,0.08
699,L01,#2,GW252/13600,(3)待机状态,3,2025-08-12 14:55:28,2025-08-12 14:56:26,58,0.02
700,L01,#2,GW252/13600,(2)停机状态,2,2025-08-12 14:55:27,2025-08-12 14:55:28,1,0
701,L01,#2,GW252/13600,(1)停机过程,1,2025-08-12 14:54:55,2025-08-12 14:55:27,32,0.01
702,L01,#2,GW252/13600,(4)启机状态,4,2025-08-12 14:49:55,2025-08-12 14:54:55,300,0.08
703,L01,#2,GW252/13600,(3)待机状态,3,2025-08-12 14:48:58,2025-08-12 14:49:55,57,0.02
704,L01,#2,GW252/13600,(2)停机状态,2,2025-08-12 14:48:56,2025-08-12 14:48:58,2,0
705,L01,#2,GW252/13600,(1)停机过程,1,2025-08-12 14:48:24,2025-08-12 14:48:56,32,0.01
706,L01,#2,GW252/13600,(4)启机状态,4,2025-08-12 14:43:24,2025-08-12 14:48:24,300,0.08
707,L01,#2,GW252/13600,(3)待机状态,3,2025-08-12 14:42:28,2025-08-12 14:43:24,56,0.02
708,L01,#2,GW252/13600,(2)停机状态,2,2025-08-12 14:42:26,2025-08-12 14:42:28,2,0
709,L01,#2,GW252/13600,(1)停机过程,1,2025-08-12 14:41:54,2025-08-12 14:42:26,32,0.01
710,L01,#2,GW252/13600,(4)启机状态,4,2025-08-12 14:36:54,2025-08-12 14:41:54,300,0.08
711,L01,#2,GW252/13600,(3)待机状态,3,2025-08-12 14:35:38,2025-08-12 14:36:54,76,0.02
712,L01,#2,GW252/13600,(2)停机状态,2,2025-08-12 14:34:42,2025-08-12 14:35:38,56,0.02
713,L01,#2,GW252/13600,(1)停机过程,1,2025-08-12 14:34:11,2025-08-12 14:34:42,31,0.01
714,L01,#2,GW252/13600,(4)启机状态,4,2025-08-12 14:29:11,2025-08-12 14:34:11,300,0.08
715,L01,#2,GW252/13600,(3)待机状态,3,2025-08-12 14:27:47,2025-08-12 14:29:11,84,0.02
716,L01,#2,GW252/13600,(2)停机状态,2,2025-08-12 14:26:01,2025-08-12 14:27:47,106,0.03
717,L01,#2,GW252/13600,(1)停机过程,1,2025-08-12 14:25:30,2025-08-12 14:26:01,31,0.01
718,L01,#2,GW252/13600,(4)启机状态,4,2025-08-12 14:20:30,2025-08-12 14:25:30,300,0.08
719,L01,#2,GW252/13600,(3)待机状态,3,2025-08-12 14:18:46,2025-08-12 14:20:30,104,0.03
720,L01,#2,GW252/13600,(2)停机状态,2,2025-08-12 14:17:57,2025-08-12 14:18:46,49,0.01
721,L01,#2,GW252/13600,(1)停机过程,1,2025-08-12 14:17:26,2025-08-12 14:17:57,31,0.01
722,L01,#2,GW252/13600,(4)启机状态,4,2025-08-12 14:12:26,2025-08-12 14:17:26,300,0.08
723,L01,#2,GW252/13600,(3)待机状态,3,2025-08-12 14:11:28,2025-08-12 14:12:26,58,0.02
724,L01,#2,GW252/13600,(2)停机状态,2,2025-08-12 14:08:04,2025-08-12 14:11:28,204,0.06
725,L01,#2,GW252/13600,(1)停机过程,1,2025-08-12 14:07:33,2025-08-12 14:08:04,31,0.01
726,L01,#2,GW252/13600,(4)启机状态,4,2025-08-12 14:02:33,2025-08-12 14:07:33,300,0.08
727,L01,#2,GW252/13600,(3)待机状态,3,2025-08-12 14:01:27,2025-08-12 14:02:33,66,0.02
728,L01,#2,GW252/13600,(2)停机状态,2,2025-08-12 14:00:42,2025-08-12 14:01:27,45,0.01
729,L01,#2,GW252/13600,(1)停机过程,1,2025-08-12 14:00:10,2025-08-12 14:00:42,32,0.01
730,L01,#2,GW252/13600,(4)启机状态,4,2025-08-12 13:55:10,2025-08-12 14:00:10,300,0.08
731,L01,#2,GW252/13600,(3)待机状态,3,2025-08-12 13:05:05,2025-08-12 13:55:10,3005,0.83
732,L01,#2,GW252/13600,(2)停机状态,2,2025-08-12 12:59:27,2025-08-12 13:05:05,338,0.09
733,L01,#2,GW252/13600,(1)停机过程,1,2025-08-12 12:58:56,2025-08-12 12:59:27,31,0.01
734,L01,#2,GW252/13600,(4)启机状态,4,2025-08-12 12:53:55,2025-08-12 12:58:56,301,0.08
735,L01,#2,GW252/13600,(3)待机状态,3,2025-08-12 12:51:54,2025-08-12 12:53:55,121,0.03
736,L01,#2,GW252/13600,(2)停机状态,2,2025-08-12 12:50:14,2025-08-12 12:51:54,100,0.03
737,L01,#2,GW252/13600,(1)停机过程,1,2025-08-12 12:49:19,2025-08-12 12:50:14,55,0.02
738,L01,#2,GW252/13600,(5)发电状态,5,2025-08-11 16:55:31,2025-08-12 12:49:19,71628,19.9
739,L01,#2,GW252/13600,(4)启机状态,4,2025-08-11 16:51:16,2025-08-11 16:55:31,255,0.07
740,L01,#2,GW252/13600,(3)待机状态,3,2025-08-11 16:50:30,2025-08-11 16:51:16,46,0.01
741,L01,#2,GW252/13600,(2)停机状态,2,2025-08-11 16:50:27,2025-08-11 16:50:30,3,0
742,L01,#2,GW252/13600,(1)停机过程,1,2025-08-11 16:49:55,2025-08-11 16:50:27,32,0.01
743,L01,#2,GW252/13600,(4)启机状态,4,2025-08-11 16:44:55,2025-08-11 16:49:55,300,0.08
744,L01,#2,GW252/13600,(3)待机状态,3,2025-08-11 16:44:06,2025-08-11 16:44:55,49,0.01
745,L01,#2,GW252/13600,(2)停机状态,2,2025-08-11 16:44:05,2025-08-11 16:44:06,1,0
746,L01,#2,GW252/13600,(1)停机过程,1,2025-08-11 16:43:32,2025-08-11 16:44:05,33,0.01
747,L01,#2,GW252/13600,(4)启机状态,4,2025-08-11 16:38:33,2025-08-11 16:43:32,299,0.08
748,L01,#2,GW252/13600,(3)待机状态,3,2025-08-11 16:37:33,2025-08-11 16:38:33,60,0.02
749,L01,#2,GW252/13600,(2)停机状态,2,2025-08-11 16:37:32,2025-08-11 16:37:33,1,0
750,L01,#2,GW252/13600,(1)停机过程,1,2025-08-11 16:37:01,2025-08-11 16:37:32,31,0.01
751,L01,#2,GW252/13600,(4)启机状态,4,2025-08-11 16:32:01,2025-08-11 16:37:01,300,0.08
752,L01,#2,GW252/13600,(3)待机状态,3,2025-08-11 16:31:07,2025-08-11 16:32:01,54,0.02
753,L01,#2,GW252/13600,(2)停机状态,2,2025-08-11 16:31:05,2025-08-11 16:31:07,2,0
754,L01,#2,GW252/13600,(1)停机过程,1,2025-08-11 16:30:32,2025-08-11 16:31:05,33,0.01
755,L01,#2,GW252/13600,(4)启机状态,4,2025-08-11 16:25:32,2025-08-11 16:30:32,300,0.08
756,L01,#2,GW252/13600,(3)待机状态,3,2025-08-11 16:24:35,2025-08-11 16:25:32,57,0.02
757,L01,#2,GW252/13600,(2)停机状态,2,2025-08-11 16:24:33,2025-08-11 16:24:35,2,0
758,L01,#2,GW252/13600,(1)停机过程,1,2025-08-11 16:24:01,2025-08-11 16:24:33,32,0.01
759,L01,#2,GW252/13600,(4)启机状态,4,2025-08-11 16:19:01,2025-08-11 16:24:01,300,0.08
760,L01,#2,GW252/13600,(3)待机状态,3,2025-08-11 16:18:13,2025-08-11 16:19:01,48,0.01
761,L01,#2,GW252/13600,(2)停机状态,2,2025-08-11 16:18:12,2025-08-11 16:18:13,1,0
762,L01,#2,GW252/13600,(1)停机过程,1,2025-08-11 16:17:42,2025-08-11 16:18:12,30,0.01
763,L01,#2,GW252/13600,(4)启机状态,4,2025-08-11 16:12:42,2025-08-11 16:17:42,300,0.08
764,L01,#2,GW252/13600,(3)待机状态,3,2025-08-11 16:11:50,2025-08-11 16:12:42,52,0.01
765,L01,#2,GW252/13600,(2)停机状态,2,2025-08-11 16:11:42,2025-08-11 16:11:50,8,0
766,L01,#2,GW252/13600,(1)停机过程,1,2025-08-11 16:11:10,2025-08-11 16:11:42,32,0.01
767,L01,#2,GW252/13600,(4)启机状态,4,2025-08-11 16:06:10,2025-08-11 16:11:10,300,0.08
768,L01,#2,GW252/13600,(3)待机状态,3,2025-08-11 16:05:20,2025-08-11 16:06:10,50,0.01
769,L01,#2,GW252/13600,(2)停机状态,2,2025-08-11 16:04:36,2025-08-11 16:05:20,44,0.01
770,L01,#2,GW252/13600,(1)停机过程,1,2025-08-11 16:04:05,2025-08-11 16:04:36,31,0.01
771,L01,#2,GW252/13600,(4)启机状态,4,2025-08-11 15:59:03,2025-08-11 16:04:05,302,0.08
772,L01,#2,GW252/13600,(3)待机状态,3,2025-08-11 15:57:55,2025-08-11 15:59:03,68,0.02
773,L01,#2,GW252/13600,(2)停机状态,2,2025-08-11 15:57:53,2025-08-11 15:57:55,2,0
774,L01,#2,GW252/13600,(1)停机过程,1,2025-08-11 15:57:22,2025-08-11 15:57:53,31,0.01
775,L01,#2,GW252/13600,(4)启机状态,4,2025-08-11 15:52:22,2025-08-11 15:57:22,300,0.08
776,L01,#2,GW252/13600,(3)待机状态,3,2025-08-11 15:42:26,2025-08-11 15:52:22,596,0.17
777,L01,#2,GW252/13600,(2)停机状态,2,2025-08-11 15:37:04,2025-08-11 15:42:26,322,0.09
778,L01,#2,GW252/13600,(1)停机过程,1,2025-08-11 15:36:33,2025-08-11 15:37:04,31,0.01
779,L01,#2,GW252/13600,(4)启机状态,4,2025-08-11 15:31:33,2025-08-11 15:36:33,300,0.08
780,L01,#2,GW252/13600,(3)待机状态,3,2025-08-11 15:28:23,2025-08-11 15:31:33,190,0.05
781,L01,#2,GW252/13600,(2)停机状态,2,2025-08-11 15:25:54,2025-08-11 15:28:23,149,0.04
782,L01,#2,GW252/13600,(1)停机过程,1,2025-08-11 15:25:23,2025-08-11 15:25:54,31,0.01
783,L01,#2,GW252/13600,(4)启机状态,4,2025-08-11 15:20:23,2025-08-11 15:25:23,300,0.08
784,L01,#2,GW252/13600,(3)待机状态,3,2025-08-11 15:16:38,2025-08-11 15:20:23,225,0.06
785,L01,#2,GW252/13600,(2)停机状态,2,2025-08-11 15:16:30,2025-08-11 15:16:38,8,0
786,L01,#2,GW252/13600,(1)停机过程,1,2025-08-11 15:15:58,2025-08-11 15:16:30,32,0.01
787,L01,#2,GW252/13600,(4)启机状态,4,2025-08-11 15:10:58,2025-08-11 15:15:58,300,0.08
788,L01,#2,GW252/13600,(3)待机状态,3,2025-08-11 15:07:37,2025-08-11 15:10:58,201,0.06
789,L01,#2,GW252/13600,(2)停机状态,2,2025-08-11 15:07:34,2025-08-11 15:07:37,3,0
790,L01,#2,GW252/13600,(1)停机过程,1,2025-08-11 15:07:02,2025-08-11 15:07:34,32,0.01
791,L01,#2,GW252/13600,(4)启机状态,4,2025-08-11 15:02:01,2025-08-11 15:07:02,301,0.08
792,L01,#2,GW252/13600,(3)待机状态,3,2025-08-11 14:59:27,2025-08-11 15:02:01,154,0.04
793,L01,#2,GW252/13600,(2)停机状态,2,2025-08-11 14:57:11,2025-08-11 14:59:27,136,0.04
794,L01,#2,GW252/13600,(1)停机过程,1,2025-08-11 14:56:39,2025-08-11 14:57:11,32,0.01
795,L01,#2,GW252/13600,(4)启机状态,4,2025-08-11 14:51:39,2025-08-11 14:56:39,300,0.08
796,L01,#2,GW252/13600,(3)待机状态,3,2025-08-11 12:26:17,2025-08-11 14:51:39,8722,2.42
797,L01,#2,GW252/13600,(2)停机状态,2,2025-08-11 12:20:40,2025-08-11 12:26:17,337,0.09
798,L01,#2,GW252/13600,(1)停机过程,1,2025-08-11 12:20:09,2025-08-11 12:20:40,31,0.01
799,L01,#2,GW252/13600,(4)启机状态,4,2025-08-11 12:15:09,2025-08-11 12:20:09,300,0.08
800,L01,#2,GW252/13600,(3)待机状态,3,2025-08-11 12:08:14,2025-08-11 12:15:09,415,0.12
801,L01,#2,GW252/13600,(2)停机状态,2,2025-08-11 12:02:37,2025-08-11 12:08:14,337,0.09
802,L01,#2,GW252/13600,(1)停机过程,1,2025-08-11 12:02:06,2025-08-11 12:02:37,31,0.01
803,L01,#2,GW252/13600,(4)启机状态,4,2025-08-11 11:57:06,2025-08-11 12:02:06,300,0.08
804,L01,#2,GW252/13600,(3)待机状态,3,2025-08-11 11:50:24,2025-08-11 11:57:06,402,0.11
805,L01,#2,GW252/13600,(2)停机状态,2,2025-08-11 11:49:34,2025-08-11 11:50:24,50,0.01
806,L01,#2,GW252/13600,(1)停机过程,1,2025-08-11 11:49:01,2025-08-11 11:49:34,33,0.01
807,L01,#2,GW252/13600,(4)启机状态,4,2025-08-11 11:44:01,2025-08-11 11:49:01,300,0.08
808,L01,#2,GW252/13600,(3)待机状态,3,2025-08-11 11:41:37,2025-08-11 11:44:01,144,0.04
809,L01,#2,GW252/13600,(2)停机状态,2,2025-08-11 11:36:01,2025-08-11 11:41:37,336,0.09
810,L01,#2,GW252/13600,(1)停机过程,1,2025-08-11 11:35:30,2025-08-11 11:36:01,31,0.01
811,L01,#2,GW252/13600,(4)启机状态,4,2025-08-11 11:30:30,2025-08-11 11:35:30,300,0.08
812,L01,#2,GW252/13600,(3)待机状态,3,2025-08-11 11:00:20,2025-08-11 11:30:30,1810,0.5
813,L01,#2,GW252/13600,(2)停机状态,2,2025-08-11 10:54:42,2025-08-11 11:00:20,338,0.09
814,L01,#2,GW252/13600,(1)停机过程,1,2025-08-11 10:54:11,2025-08-11 10:54:42,31,0.01
815,L01,#2,GW252/13600,(4)启机状态,4,2025-08-11 10:49:11,2025-08-11 10:54:11,300,0.08
816,L01,#2,GW252/13600,(3)待机状态,3,2025-08-11 10:44:33,2025-08-11 10:49:11,278,0.08
817,L01,#2,GW252/13600,(2)停机状态,2,2025-08-11 10:39:17,2025-08-11 10:44:33,316,0.09
818,L01,#2,GW252/13600,(1)停机过程,1,2025-08-11 10:38:46,2025-08-11 10:39:17,31,0.01
819,L01,#2,GW252/13600,(4)启机状态,4,2025-08-11 10:33:46,2025-08-11 10:38:46,300,0.08
820,L01,#2,GW252/13600,(3)待机状态,3,2025-08-11 10:28:18,2025-08-11 10:33:46,328,0.09
821,L01,#2,GW252/13600,(2)停机状态,2,2025-08-11 10:22:41,2025-08-11 10:28:18,337,0.09
822,L01,#2,GW252/13600,(1)停机过程,1,2025-08-11 10:22:10,2025-08-11 10:22:41,31,0.01
823,L01,#2,GW252/13600,(4)启机状态,4,2025-08-11 10:17:09,2025-08-11 10:22:10,301,0.08
824,L01,#2,GW252/13600,(3)待机状态,3,2025-08-11 10:15:55,2025-08-11 10:17:09,74,0.02
825,L01,#2,GW252/13600,(2)停机状态,2,2025-08-11 10:15:30,2025-08-11 10:15:55,25,0.01
826,L01,#2,GW252/13600,(1)停机过程,1,2025-08-11 10:14:34,2025-08-11 10:15:30,56,0.02
827,L01,#2,GW252/13600,(5)发电状态,5,2025-08-11 09:13:54,2025-08-11 10:14:34,3640,1.01
828,L01,#2,GW252/13600,(4)启机状态,4,2025-08-11 09:10:15,2025-08-11 09:13:54,219,0.06
829,L01,#2,GW252/13600,(3)待机状态,3,2025-08-11 09:09:29,2025-08-11 09:10:15,46,0.01
830,L01,#2,GW252/13600,(2)停机状态,2,2025-08-11 09:09:28,2025-08-11 09:09:29,1,0
831,L01,#2,GW252/13600,(1)停机过程,1,2025-08-11 09:08:34,2025-08-11 09:09:28,54,0.02
832,L01,#2,GW252/13600,(4)启机状态,4,2025-08-11 09:03:34,2025-08-11 09:08:34,300,0.08
833,L01,#2,GW252/13600,(3)待机状态,3,2025-08-11 09:02:45,2025-08-11 09:03:34,49,0.01
834,L01,#2,GW252/13600,(2)停机状态,2,2025-08-11 09:02:44,2025-08-11 09:02:45,1,0
835,L01,#2,GW252/13600,(1)停机过程,1,2025-08-11 09:02:13,2025-08-11 09:02:44,31,0.01
836,L01,#2,GW252/13600,(4)启机状态,4,2025-08-11 08:57:13,2025-08-11 09:02:13,300,0.08
837,L01,#2,GW252/13600,(3)待机状态,3,2025-08-11 08:56:23,2025-08-11 08:57:13,50,0.01
838,L01,#2,GW252/13600,(2)停机状态,2,2025-08-11 08:56:22,2025-08-11 08:56:23,1,0
839,L01,#2,GW252/13600,(1)停机过程,1,2025-08-11 08:55:51,2025-08-11 08:56:22,31,0.01
840,L01,#2,GW252/13600,(4)启机状态,4,2025-08-11 08:50:51,2025-08-11 08:55:51,300,0.08
841,L01,#2,GW252/13600,(3)待机状态,3,2025-08-11 08:49:53,2025-08-11 08:50:51,58,0.02
842,L01,#2,GW252/13600,(2)停机状态,2,2025-08-11 08:49:02,2025-08-11 08:49:53,51,0.01
843,L01,#2,GW252/13600,(1)停机过程,1,2025-08-11 08:48:30,2025-08-11 08:49:02,32,0.01
844,L01,#2,GW252/13600,(4)启机状态,4,2025-08-11 08:43:30,2025-08-11 08:48:30,300,0.08
845,L01,#2,GW252/13600,(3)待机状态,3,2025-08-11 08:42:20,2025-08-11 08:43:30,70,0.02
846,L01,#2,GW252/13600,(2)停机状态,2,2025-08-11 08:41:50,2025-08-11 08:42:20,30,0.01
847,L01,#2,GW252/13600,(1)停机过程,1,2025-08-11 08:41:19,2025-08-11 08:41:50,31,0.01
848,L01,#2,GW252/13600,(4)启机状态,4,2025-08-11 08:36:19,2025-08-11 08:41:19,300,0.08
849,L01,#2,GW252/13600,(3)待机状态,3,2025-08-11 08:34:39,2025-08-11 08:36:19,100,0.03
850,L01,#2,GW252/13600,(2)停机状态,2,2025-08-11 08:32:56,2025-08-11 08:34:39,103,0.03
851,L01,#2,GW252/13600,(1)停机过程,1,2025-08-11 08:32:01,2025-08-11 08:32:56,55,0.02
852,L01,#2,GW252/13600,(5)发电状态,5,2025-08-11 08:11:43,2025-08-11 08:32:01,1218,0.34
853,L01,#2,GW252/13600,(4)启机状态,4,2025-08-11 08:07:48,2025-08-11 08:11:43,235,0.07
854,L01,#2,GW252/13600,(3)待机状态,3,2025-08-11 08:06:44,2025-08-11 08:07:48,64,0.02
855,L01,#2,GW252/13600,(1)停机过程,1,2025-08-11 08:06:13,2025-08-11 08:06:44,31,0.01
856,L01,#2,GW252/13600,(4)启机状态,4,2025-08-11 08:01:12,2025-08-11 08:06:13,301,0.08
857,L01,#2,GW252/13600,(3)待机状态,3,2025-08-11 08:00:03,2025-08-11 08:01:12,69,0.02
858,L01,#2,GW252/13600,(2)停机状态,2,2025-08-11 07:59:57,2025-08-11 08:00:03,6,0
859,L01,#2,GW252/13600,(1)停机过程,1,2025-08-11 07:59:26,2025-08-11 07:59:57,31,0.01
860,L01,#2,GW252/13600,(4)启机状态,4,2025-08-11 07:54:26,2025-08-11 07:59:26,300,0.08
861,L01,#2,GW252/13600,(3)待机状态,3,2025-08-11 07:52:44,2025-08-11 07:54:26,102,0.03
862,L01,#2,GW252/13600,(2)停机状态,2,2025-08-11 07:52:36,2025-08-11 07:52:44,8,0
863,L01,#2,GW252/13600,(1)停机过程,1,2025-08-11 07:52:05,2025-08-11 07:52:36,31,0.01
864,L01,#2,GW252/13600,(4)启机状态,4,2025-08-11 07:47:05,2025-08-11 07:52:05,300,0.08
865,L01,#2,GW252/13600,(3)待机状态,3,2025-08-11 07:45:31,2025-08-11 07:47:05,94,0.03
866,L01,#2,GW252/13600,(2)停机状态,2,2025-08-11 07:44:12,2025-08-11 07:45:31,79,0.02
867,L01,#2,GW252/13600,(1)停机过程,1,2025-08-11 07:43:41,2025-08-11 07:44:12,31,0.01
868,L01,#2,GW252/13600,(4)启机状态,4,2025-08-11 07:38:41,2025-08-11 07:43:41,300,0.08
869,L01,#2,GW252/13600,(3)待机状态,3,2025-08-11 07:37:29,2025-08-11 07:38:41,72,0.02
870,L01,#2,GW252/13600,(2)停机状态,2,2025-08-11 07:37:28,2025-08-11 07:37:29,1,0
871,L01,#2,GW252/13600,(1)停机过程,1,2025-08-11 07:36:55,2025-08-11 07:37:28,33,0.01
872,L01,#2,GW252/13600,(4)启机状态,4,2025-08-11 07:31:55,2025-08-11 07:36:55,300,0.08
873,L01,#2,GW252/13600,(3)待机状态,3,2025-08-11 07:30:43,2025-08-11 07:31:55,72,0.02
874,L01,#2,GW252/13600,(2)停机状态,2,2025-08-11 07:30:41,2025-08-11 07:30:43,2,0
875,L01,#2,GW252/13600,(1)停机过程,1,2025-08-11 07:30:11,2025-08-11 07:30:41,30,0.01
876,L01,#2,GW252/13600,(4)启机状态,4,2025-08-11 07:25:11,2025-08-11 07:30:11,300,0.08
877,L01,#2,GW252/13600,(3)待机状态,3,2025-08-11 07:23:39,2025-08-11 07:25:11,92,0.03
878,L01,#2,GW252/13600,(2)停机状态,2,2025-08-11 07:19:15,2025-08-11 07:23:39,264,0.07
879,L01,#2,GW252/13600,(1)停机过程,1,2025-08-11 07:18:42,2025-08-11 07:19:15,33,0.01
880,L01,#2,GW252/13600,(4)启机状态,4,2025-08-11 07:13:42,2025-08-11 07:18:42,300,0.08
881,L01,#2,GW252/13600,(3)待机状态,3,2025-08-11 07:12:36,2025-08-11 07:13:42,66,0.02
882,L01,#2,GW252/13600,(2)停机状态,2,2025-08-11 07:11:03,2025-08-11 07:12:36,93,0.03
883,L01,#2,GW252/13600,(1)停机过程,1,2025-08-11 07:10:07,2025-08-11 07:11:03,56,0.02
884,L01,#2,GW252/13600,(5)发电状态,5,2025-08-10 17:44:32,2025-08-11 07:10:07,48335,13.43
885,L01,#2,GW252/13600,(4)启机状态,4,2025-08-10 17:41:22,2025-08-10 17:44:32,190,0.05
886,L01,#2,GW252/13600,(3)待机状态,3,2025-08-10 17:40:29,2025-08-10 17:41:22,53,0.01
887,L01,#2,GW252/13600,(2)停机状态,2,2025-08-10 17:40:28,2025-08-10 17:40:29,1,0
888,L01,#2,GW252/13600,(1)停机过程,1,2025-08-10 17:39:56,2025-08-10 17:40:28,32,0.01
889,L01,#2,GW252/13600,(4)启机状态,4,2025-08-10 17:34:56,2025-08-10 17:39:56,300,0.08
890,L01,#2,GW252/13600,(3)待机状态,3,2025-08-10 17:34:06,2025-08-10 17:34:56,50,0.01
891,L01,#2,GW252/13600,(2)停机状态,2,2025-08-10 17:34:04,2025-08-10 17:34:06,2,0
892,L01,#2,GW252/13600,(1)停机过程,1,2025-08-10 17:33:33,2025-08-10 17:34:04,31,0.01
893,L01,#2,GW252/13600,(4)启机状态,4,2025-08-10 17:28:32,2025-08-10 17:33:33,301,0.08
894,L01,#2,GW252/13600,(3)待机状态,3,2025-08-10 17:27:28,2025-08-10 17:28:32,64,0.02
895,L01,#2,GW252/13600,(2)停机状态,2,2025-08-10 17:26:20,2025-08-10 17:27:28,68,0.02
896,L01,#2,GW252/13600,(1)停机过程,1,2025-08-10 17:25:48,2025-08-10 17:26:20,32,0.01
897,L01,#2,GW252/13600,(4)启机状态,4,2025-08-10 17:20:48,2025-08-10 17:25:48,300,0.08
898,L01,#2,GW252/13600,(3)待机状态,3,2025-08-10 17:19:42,2025-08-10 17:20:48,66,0.02
899,L01,#2,GW252/13600,(2)停机状态,2,2025-08-10 17:19:40,2025-08-10 17:19:42,2,0
900,L01,#2,GW252/13600,(1)停机过程,1,2025-08-10 17:19:09,2025-08-10 17:19:40,31,0.01
901,L01,#2,GW252/13600,(4)启机状态,4,2025-08-10 17:14:09,2025-08-10 17:19:09,300,0.08
902,L01,#2,GW252/13600,(3)待机状态,3,2025-08-10 17:12:51,2025-08-10 17:14:09,78,0.02
903,L01,#2,GW252/13600,(2)停机状态,2,2025-08-10 17:12:50,2025-08-10 17:12:51,1,0
904,L01,#2,GW252/13600,(1)停机过程,1,2025-08-10 17:12:17,2025-08-10 17:12:50,33,0.01
905,L01,#2,GW252/13600,(4)启机状态,4,2025-08-10 17:07:17,2025-08-10 17:12:17,300,0.08
906,L01,#2,GW252/13600,(3)待机状态,3,2025-08-10 17:04:59,2025-08-10 17:07:17,138,0.04
907,L01,#2,GW252/13600,(2)停机状态,2,2025-08-10 17:04:57,2025-08-10 17:04:59,2,0
908,L01,#2,GW252/13600,(1)停机过程,1,2025-08-10 17:04:27,2025-08-10 17:04:57,30,0.01
909,L01,#2,GW252/13600,(4)启机状态,4,2025-08-10 16:59:27,2025-08-10 17:04:27,300,0.08
910,L01,#2,GW252/13600,(3)待机状态,3,2025-08-10 16:57:46,2025-08-10 16:59:27,101,0.03
911,L01,#2,GW252/13600,(2)停机状态,2,2025-08-10 16:57:44,2025-08-10 16:57:46,2,0
912,L01,#2,GW252/13600,(1)停机过程,1,2025-08-10 16:57:14,2025-08-10 16:57:44,30,0.01
913,L01,#2,GW252/13600,(4)启机状态,4,2025-08-10 16:52:14,2025-08-10 16:57:14,300,0.08
914,L01,#2,GW252/13600,(3)待机状态,3,2025-08-10 16:51:01,2025-08-10 16:52:14,73,0.02
915,L01,#2,GW252/13600,(2)停机状态,2,2025-08-10 16:50:59,2025-08-10 16:51:01,2,0
916,L01,#2,GW252/13600,(1)停机过程,1,2025-08-10 16:50:26,2025-08-10 16:50:59,33,0.01
917,L01,#2,GW252/13600,(4)启机状态,4,2025-08-10 16:45:26,2025-08-10 16:50:26,300,0.08
918,L01,#2,GW252/13600,(3)待机状态,3,2025-08-10 16:44:12,2025-08-10 16:45:26,74,0.02
919,L01,#2,GW252/13600,(2)停机状态,2,2025-08-10 16:44:05,2025-08-10 16:44:12,7,0
920,L01,#2,GW252/13600,(1)停机过程,1,2025-08-10 16:43:39,2025-08-10 16:44:05,26,0.01
921,L01,#2,GW252/13600,(4)启机状态,4,2025-08-10 16:38:34,2025-08-10 16:43:39,305,0.08
922,L01,#2,GW252/13600,(3)待机状态,3,2025-08-10 16:37:19,2025-08-10 16:38:34,75,0.02
923,L01,#2,GW252/13600,(2)停机状态,2,2025-08-10 16:36:00,2025-08-10 16:37:19,79,0.02
924,L01,#2,GW252/13600,(1)停机过程,1,2025-08-10 16:35:29,2025-08-10 16:36:00,31,0.01
925,L01,#2,GW252/13600,(4)启机状态,4,2025-08-10 16:30:29,2025-08-10 16:35:29,300,0.08
926,L01,#2,GW252/13600,(3)待机状态,3,2025-08-10 16:29:18,2025-08-10 16:30:29,71,0.02
927,L01,#2,GW252/13600,(2)停机状态,2,2025-08-10 16:29:14,2025-08-10 16:29:18,4,0
928,L01,#2,GW252/13600,(1)停机过程,1,2025-08-10 16:28:42,2025-08-10 16:29:14,32,0.01
929,L01,#2,GW252/13600,(4)启机状态,4,2025-08-10 16:23:42,2025-08-10 16:28:42,300,0.08
930,L01,#2,GW252/13600,(3)待机状态,3,2025-08-10 16:21:45,2025-08-10 16:23:42,117,0.03
931,L01,#2,GW252/13600,(2)停机状态,2,2025-08-10 16:16:51,2025-08-10 16:21:45,294,0.08
932,L01,#2,GW252/13600,(1)停机过程,1,2025-08-10 16:16:19,2025-08-10 16:16:51,32,0.01
933,L01,#2,GW252/13600,(4)启机状态,4,2025-08-10 16:11:19,2025-08-10 16:16:19,300,0.08
934,L01,#2,GW252/13600,(3)待机状态,3,2025-08-10 16:10:08,2025-08-10 16:11:19,71,0.02
935,L01,#2,GW252/13600,(2)停机状态,2,2025-08-10 16:10:07,2025-08-10 16:10:08,1,0
936,L01,#2,GW252/13600,(1)停机过程,1,2025-08-10 16:09:35,2025-08-10 16:10:07,32,0.01
937,L01,#2,GW252/13600,(4)启机状态,4,2025-08-10 16:04:34,2025-08-10 16:09:35,301,0.08
938,L01,#2,GW252/13600,(3)待机状态,3,2025-08-10 16:01:57,2025-08-10 16:04:34,157,0.04
939,L01,#2,GW252/13600,(2)停机状态,2,2025-08-10 16:01:55,2025-08-10 16:01:57,2,0
940,L01,#2,GW252/13600,(1)停机过程,1,2025-08-10 16:01:23,2025-08-10 16:01:55,32,0.01
941,L01,#2,GW252/13600,(4)启机状态,4,2025-08-10 15:56:23,2025-08-10 16:01:23,300,0.08
942,L01,#2,GW252/13600,(3)待机状态,3,2025-08-10 15:54:55,2025-08-10 15:56:23,88,0.02
943,L01,#2,GW252/13600,(2)停机状态,2,2025-08-10 15:54:13,2025-08-10 15:54:55,42,0.01
944,L01,#2,GW252/13600,(1)停机过程,1,2025-08-10 15:53:42,2025-08-10 15:54:13,31,0.01
945,L01,#2,GW252/13600,(4)启机状态,4,2025-08-10 15:48:40,2025-08-10 15:53:42,302,0.08
946,L01,#2,GW252/13600,(3)待机状态,3,2025-08-10 15:47:39,2025-08-10 15:48:40,61,0.02
947,L01,#2,GW252/13600,(2)停机状态,2,2025-08-10 15:47:33,2025-08-10 15:47:39,6,0
948,L01,#2,GW252/13600,(1)停机过程,1,2025-08-10 15:47:03,2025-08-10 15:47:33,30,0.01
949,L01,#2,GW252/13600,(4)启机状态,4,2025-08-10 15:42:03,2025-08-10 15:47:03,300,0.08
950,L01,#2,GW252/13600,(3)待机状态,3,2025-08-10 15:39:20,2025-08-10 15:42:03,163,0.05
951,L01,#2,GW252/13600,(2)停机状态,2,2025-08-10 15:39:14,2025-08-10 15:39:20,6,0
952,L01,#2,GW252/13600,(1)停机过程,1,2025-08-10 15:38:43,2025-08-10 15:39:14,31,0.01
953,L01,#2,GW252/13600,(4)启机状态,4,2025-08-10 15:33:43,2025-08-10 15:38:43,300,0.08
954,L01,#2,GW252/13600,(3)待机状态,3,2025-08-10 15:32:51,2025-08-10 15:33:43,52,0.01
955,L01,#2,GW252/13600,(2)停机状态,2,2025-08-10 15:32:04,2025-08-10 15:32:51,47,0.01
956,L01,#2,GW252/13600,(1)停机过程,1,2025-08-10 15:31:31,2025-08-10 15:32:04,33,0.01
957,L01,#2,GW252/13600,(4)启机状态,4,2025-08-10 15:26:32,2025-08-10 15:31:31,299,0.08
958,L01,#2,GW252/13600,(3)待机状态,3,2025-08-10 15:22:37,2025-08-10 15:26:32,235,0.07
959,L01,#2,GW252/13600,(2)停机状态,2,2025-08-10 15:22:30,2025-08-10 15:22:37,7,0
960,L01,#2,GW252/13600,(1)停机过程,1,2025-08-10 15:21:59,2025-08-10 15:22:30,31,0.01
961,L01,#2,GW252/13600,(4)启机状态,4,2025-08-10 15:16:59,2025-08-10 15:21:59,300,0.08
962,L01,#2,GW252/13600,(3)待机状态,3,2025-08-10 15:15:41,2025-08-10 15:16:59,78,0.02
963,L01,#2,GW252/13600,(2)停机状态,2,2025-08-10 15:15:39,2025-08-10 15:15:41,2,0
964,L01,#2,GW252/13600,(1)停机过程,1,2025-08-10 15:15:08,2025-08-10 15:15:39,31,0.01
965,L01,#2,GW252/13600,(4)启机状态,4,2025-08-10 15:10:07,2025-08-10 15:15:08,301,0.08
966,L01,#2,GW252/13600,(3)待机状态,3,2025-08-10 15:09:06,2025-08-10 15:10:07,61,0.02
967,L01,#2,GW252/13600,(1)停机过程,1,2025-08-10 15:08:36,2025-08-10 15:09:06,30,0.01
968,L01,#2,GW252/13600,(4)启机状态,4,2025-08-10 15:03:33,2025-08-10 15:08:36,303,0.08
969,L01,#2,GW252/13600,(3)待机状态,3,2025-08-10 15:01:30,2025-08-10 15:03:33,123,0.03
970,L01,#2,GW252/13600,(2)停机状态,2,2025-08-10 15:01:29,2025-08-10 15:01:30,1,0
971,L01,#2,GW252/13600,(1)停机过程,1,2025-08-10 15:00:58,2025-08-10 15:01:29,31,0.01
972,L01,#2,GW252/13600,(4)启机状态,4,2025-08-10 14:55:59,2025-08-10 15:00:58,299,0.08
973,L01,#2,GW252/13600,(3)待机状态,3,2025-08-10 14:53:15,2025-08-10 14:55:59,164,0.05
974,L01,#2,GW252/13600,(2)停机状态,2,2025-08-10 14:50:06,2025-08-10 14:53:15,189,0.05
975,L01,#2,GW252/13600,(1)停机过程,1,2025-08-10 14:49:34,2025-08-10 14:50:06,32,0.01
976,L01,#2,GW252/13600,(4)启机状态,4,2025-08-10 14:44:35,2025-08-10 14:49:34,299,0.08
977,L01,#2,GW252/13600,(3)待机状态,3,2025-08-10 14:41:57,2025-08-10 14:44:35,158,0.04
978,L01,#2,GW252/13600,(2)停机状态,2,2025-08-10 14:40:59,2025-08-10 14:41:57,58,0.02
979,L01,#2,GW252/13600,(1)停机过程,1,2025-08-10 14:40:27,2025-08-10 14:40:59,32,0.01
980,L01,#2,GW252/13600,(4)启机状态,4,2025-08-10 14:35:27,2025-08-10 14:40:27,300,0.08
981,L01,#2,GW252/13600,(3)待机状态,3,2025-08-10 13:27:22,2025-08-10 14:35:27,4085,1.13
982,L01,#2,GW252/13600,(2)停机状态,2,2025-08-10 13:21:44,2025-08-10 13:27:22,338,0.09
983,L01,#2,GW252/13600,(1)停机过程,1,2025-08-10 13:21:14,2025-08-10 13:21:44,30,0.01
984,L01,#2,GW252/13600,(4)启机状态,4,2025-08-10 13:16:13,2025-08-10 13:21:14,301,0.08
985,L01,#2,GW252/13600,(3)待机状态,3,2025-08-10 13:11:45,2025-08-10 13:16:13,268,0.07
986,L01,#2,GW252/13600,(2)停机状态,2,2025-08-10 13:10:25,2025-08-10 13:11:45,80,0.02
987,L01,#2,GW252/13600,(1)停机过程,1,2025-08-10 13:09:52,2025-08-10 13:10:25,33,0.01
988,L01,#2,GW252/13600,(4)启机状态,4,2025-08-10 13:04:52,2025-08-10 13:09:52,300,0.08
989,L01,#2,GW252/13600,(3)待机状态,3,2025-08-10 12:57:55,2025-08-10 13:04:52,417,0.12
990,L01,#2,GW252/13600,(2)停机状态,2,2025-08-10 12:52:52,2025-08-10 12:57:55,303,0.08
991,L01,#2,GW252/13600,(1)停机过程,1,2025-08-10 12:52:21,2025-08-10 12:52:52,31,0.01
992,L01,#2,GW252/13600,(4)启机状态,4,2025-08-10 12:47:21,2025-08-10 12:52:21,300,0.08
993,L01,#2,GW252/13600,(3)待机状态,3,2025-08-10 12:46:24,2025-08-10 12:47:21,57,0.02
994,L01,#2,GW252/13600,(2)停机状态,2,2025-08-10 12:46:22,2025-08-10 12:46:24,2,0
995,L01,#2,GW252/13600,(1)停机过程,1,2025-08-10 12:45:51,2025-08-10 12:46:22,31,0.01
996,L01,#2,GW252/13600,(4)启机状态,4,2025-08-10 12:40:50,2025-08-10 12:45:51,301,0.08
997,L01,#2,GW252/13600,(3)待机状态,3,2025-08-10 12:38:40,2025-08-10 12:40:50,130,0.04
998,L01,#2,GW252/13600,(2)停机状态,2,2025-08-10 12:38:33,2025-08-10 12:38:40,7,0
999,L01,#2,GW252/13600,(1)停机过程,1,2025-08-10 12:38:00,2025-08-10 12:38:33,33,0.01
1000,L01,#2,GW252/13600,(4)启机状态,4,2025-08-10 12:33:01,2025-08-10 12:38:00,299,0.08
1001,L01,#2,GW252/13600,(3)待机状态,3,2025-08-10 12:31:52,2025-08-10 12:33:01,69,0.02
1002,L01,#2,GW252/13600,(2)停机状态,2,2025-08-10 12:31:48,2025-08-10 12:31:52,4,0
1003,L01,#2,GW252/13600,(1)停机过程,1,2025-08-10 12:31:17,2025-08-10 12:31:48,31,0.01
1004,L01,#2,GW252/13600,(4)启机状态,4,2025-08-10 12:26:16,2025-08-10 12:31:17,301,0.08
1005,L01,#2,GW252/13600,(3)待机状态,3,2025-08-10 12:25:25,2025-08-10 12:26:16,51,0.01
1006,L01,#2,GW252/13600,(2)停机状态,2,2025-08-10 12:25:23,2025-08-10 12:25:25,2,0
1007,L01,#2,GW252/13600,(1)停机过程,1,2025-08-10 12:24:50,2025-08-10 12:25:23,33,0.01
1008,L01,#2,GW252/13600,(4)启机状态,4,2025-08-10 12:19:50,2025-08-10 12:24:50,300,0.08
1009,L01,#2,GW252/13600,(3)待机状态,3,2025-08-10 12:18:53,2025-08-10 12:19:50,57,0.02
1010,L01,#2,GW252/13600,(2)停机状态,2,2025-08-10 12:18:51,2025-08-10 12:18:53,2,0
1011,L01,#2,GW252/13600,(1)停机过程,1,2025-08-10 12:18:20,2025-08-10 12:18:51,31,0.01
1012,L01,#2,GW252/13600,(4)启机状态,4,2025-08-10 12:13:20,2025-08-10 12:18:20,300,0.08
1013,L01,#2,GW252/13600,(3)待机状态,3,2025-08-10 12:10:50,2025-08-10 12:13:20,150,0.04
1014,L01,#2,GW252/13600,(2)停机状态,2,2025-08-10 12:10:20,2025-08-10 12:10:50,30,0.01
1015,L01,#2,GW252/13600,(1)停机过程,1,2025-08-10 12:09:48,2025-08-10 12:10:20,32,0.01
1016,L01,#2,GW252/13600,(4)启机状态,4,2025-08-10 12:04:49,2025-08-10 12:09:48,299,0.08
1017,L01,#2,GW252/13600,(3)待机状态,3,2025-08-10 12:03:42,2025-08-10 12:04:49,67,0.02
1018,L01,#2,GW252/13600,(2)停机状态,2,2025-08-10 12:03:33,2025-08-10 12:03:42,9,0
1019,L01,#2,GW252/13600,(1)停机过程,1,2025-08-10 12:03:00,2025-08-10 12:03:33,33,0.01
1020,L01,#2,GW252/13600,(4)启机状态,4,2025-08-10 11:58:01,2025-08-10 12:03:00,299,0.08
1021,L01,#2,GW252/13600,(3)待机状态,3,2025-08-10 11:57:01,2025-08-10 11:58:01,60,0.02
1022,L01,#2,GW252/13600,(2)停机状态,2,2025-08-10 11:56:00,2025-08-10 11:57:01,61,0.02
1023,L01,#2,GW252/13600,(1)停机过程,1,2025-08-10 11:55:30,2025-08-10 11:56:00,30,0.01
1024,L01,#2,GW252/13600,(4)启机状态,4,2025-08-10 11:50:30,2025-08-10 11:55:30,300,0.08
1025,L01,#2,GW252/13600,(3)待机状态,3,2025-08-10 11:49:41,2025-08-10 11:50:30,49,0.01
1026,L01,#2,GW252/13600,(2)停机状态,2,2025-08-10 11:49:40,2025-08-10 11:49:41,1,0
1027,L01,#2,GW252/13600,(1)停机过程,1,2025-08-10 11:49:09,2025-08-10 11:49:40,31,0.01
1028,L01,#2,GW252/13600,(4)启机状态,4,2025-08-10 11:44:09,2025-08-10 11:49:09,300,0.08
1029,L01,#2,GW252/13600,(3)待机状态,3,2025-08-10 11:42:58,2025-08-10 11:44:09,71,0.02
1030,L01,#2,GW252/13600,(2)停机状态,2,2025-08-10 11:42:28,2025-08-10 11:42:58,30,0.01
1031,L01,#2,GW252/13600,(1)停机过程,1,2025-08-10 11:41:57,2025-08-10 11:42:28,31,0.01
1032,L01,#2,GW252/13600,(4)启机状态,4,2025-08-10 11:36:57,2025-08-10 11:41:57,300,0.08
1033,L01,#2,GW252/13600,(3)待机状态,3,2025-08-10 08:02:41,2025-08-10 11:36:57,12856,3.57
1034,L01,#2,GW252/13600,(2)停机状态,2,2025-08-10 07:57:04,2025-08-10 08:02:41,337,0.09
1035,L01,#2,GW252/13600,(1)停机过程,1,2025-08-10 07:56:33,2025-08-10 07:57:04,31,0.01
1036,L01,#2,GW252/13600,(4)启机状态,4,2025-08-10 07:51:33,2025-08-10 07:56:33,300,0.08
1037,L01,#2,GW252/13600,(3)待机状态,3,2025-08-10 07:46:17,2025-08-10 07:51:33,316,0.09
1038,L01,#2,GW252/13600,(2)停机状态,2,2025-08-10 07:44:58,2025-08-10 07:46:17,79,0.02
1039,L01,#2,GW252/13600,(1)停机过程,1,2025-08-10 07:44:28,2025-08-10 07:44:58,30,0.01
1040,L01,#2,GW252/13600,(4)启机状态,4,2025-08-10 07:39:28,2025-08-10 07:44:28,300,0.08
1041,L01,#2,GW252/13600,(3)待机状态,3,2025-08-10 07:37:15,2025-08-10 07:39:28,133,0.04
1042,L01,#2,GW252/13600,(2)停机状态,2,2025-08-10 07:37:14,2025-08-10 07:37:15,1,0
1043,L01,#2,GW252/13600,(1)停机过程,1,2025-08-10 07:36:43,2025-08-10 07:37:14,31,0.01
1044,L01,#2,GW252/13600,(4)启机状态,4,2025-08-10 07:31:42,2025-08-10 07:36:43,301,0.08
1045,L01,#2,GW252/13600,(3)待机状态,3,2025-08-10 07:30:07,2025-08-10 07:31:42,95,0.03
1046,L01,#2,GW252/13600,(2)停机状态,2,2025-08-10 07:28:41,2025-08-10 07:30:07,86,0.02
1047,L01,#2,GW252/13600,(1)停机过程,1,2025-08-10 07:28:10,2025-08-10 07:28:41,31,0.01
1048,L01,#2,GW252/13600,(4)启机状态,4,2025-08-10 07:23:09,2025-08-10 07:28:10,301,0.08
1049,L01,#2,GW252/13600,(3)待机状态,3,2025-08-10 07:21:33,2025-08-10 07:23:09,96,0.03
1050,L01,#2,GW252/13600,(2)停机状态,2,2025-08-10 07:20:31,2025-08-10 07:21:33,62,0.02
1051,L01,#2,GW252/13600,(1)停机过程,1,2025-08-10 07:20:00,2025-08-10 07:20:31,31,0.01
1052,L01,#2,GW252/13600,(4)启机状态,4,2025-08-10 07:15:00,2025-08-10 07:20:00,300,0.08
1053,L01,#2,GW252/13600,(3)待机状态,3,2025-08-10 07:12:41,2025-08-10 07:15:00,139,0.04
1054,L01,#2,GW252/13600,(2)停机状态,2,2025-08-10 07:12:01,2025-08-10 07:12:41,40,0.01
1055,L01,#2,GW252/13600,(1)停机过程,1,2025-08-10 07:11:31,2025-08-10 07:12:01,30,0.01
1056,L01,#2,GW252/13600,(4)启机状态,4,2025-08-10 07:06:31,2025-08-10 07:11:31,300,0.08
1057,L01,#2,GW252/13600,(3)待机状态,3,2025-08-10 07:03:59,2025-08-10 07:06:31,152,0.04
1058,L01,#2,GW252/13600,(2)停机状态,2,2025-08-10 07:02:29,2025-08-10 07:03:59,90,0.03
1059,L01,#2,GW252/13600,(1)停机过程,1,2025-08-10 07:01:58,2025-08-10 07:02:29,31,0.01
1060,L01,#2,GW252/13600,(4)启机状态,4,2025-08-10 06:56:58,2025-08-10 07:01:58,300,0.08
1061,L01,#2,GW252/13600,(3)待机状态,3,2025-08-10 06:55:53,2025-08-10 06:56:58,65,0.02
1062,L01,#2,GW252/13600,(2)停机状态,2,2025-08-10 06:55:52,2025-08-10 06:55:53,1,0
1063,L01,#2,GW252/13600,(1)停机过程,1,2025-08-10 06:55:20,2025-08-10 06:55:52,32,0.01
1064,L01,#2,GW252/13600,(4)启机状态,4,2025-08-10 06:50:19,2025-08-10 06:55:20,301,0.08
1065,L01,#2,GW252/13600,(3)待机状态,3,2025-08-10 06:49:15,2025-08-10 06:50:19,64,0.02
1066,L01,#2,GW252/13600,(1)停机过程,1,2025-08-10 06:48:44,2025-08-10 06:49:15,31,0.01
1067,L01,#2,GW252/13600,(4)启机状态,4,2025-08-10 06:43:44,2025-08-10 06:48:44,300,0.08
1068,L01,#2,GW252/13600,(3)待机状态,3,2025-08-10 06:42:32,2025-08-10 06:43:44,72,0.02
1069,L01,#2,GW252/13600,(2)停机状态,2,2025-08-10 06:42:27,2025-08-10 06:42:32,5,0
1070,L01,#2,GW252/13600,(1)停机过程,1,2025-08-10 06:41:54,2025-08-10 06:42:27,33,0.01
1071,L01,#2,GW252/13600,(4)启机状态,4,2025-08-10 06:36:54,2025-08-10 06:41:54,300,0.08
1072,L01,#2,GW252/13600,(3)待机状态,3,2025-08-10 06:35:47,2025-08-10 06:36:54,67,0.02
1073,L01,#2,GW252/13600,(2)停机状态,2,2025-08-10 06:35:46,2025-08-10 06:35:47,1,0
1074,L01,#2,GW252/13600,(1)停机过程,1,2025-08-10 06:35:15,2025-08-10 06:35:46,31,0.01
1075,L01,#2,GW252/13600,(4)启机状态,4,2025-08-10 06:30:15,2025-08-10 06:35:15,300,0.08
1076,L01,#2,GW252/13600,(3)待机状态,3,2025-08-10 06:28:03,2025-08-10 06:30:15,132,0.04
1077,L01,#2,GW252/13600,(2)停机状态,2,2025-08-10 06:27:35,2025-08-10 06:28:03,28,0.01
1078,L01,#2,GW252/13600,(1)停机过程,1,2025-08-10 06:26:39,2025-08-10 06:27:35,56,0.02
1079,L01,#2,GW252/13600,(5)发电状态,5,2025-08-09 15:58:58,2025-08-10 06:26:39,52061,14.46
1080,L01,#2,GW252/13600,(4)启机状态,4,2025-08-09 15:54:46,2025-08-09 15:58:58,252,0.07
1081,L01,#2,GW252/13600,(3)待机状态,3,2025-08-09 15:54:00,2025-08-09 15:54:46,46,0.01
1082,L01,#2,GW252/13600,(2)停机状态,2,2025-08-09 15:53:58,2025-08-09 15:54:00,2,0
1083,L01,#2,GW252/13600,(1)停机过程,1,2025-08-09 15:53:26,2025-08-09 15:53:58,32,0.01
1084,L01,#2,GW252/13600,(4)启机状态,4,2025-08-09 15:48:26,2025-08-09 15:53:26,300,0.08
1085,L01,#2,GW252/13600,(3)待机状态,3,2025-08-09 15:47:30,2025-08-09 15:48:26,56,0.02
1086,L01,#2,GW252/13600,(2)停机状态,2,2025-08-09 15:47:28,2025-08-09 15:47:30,2,0
1087,L01,#2,GW252/13600,(1)停机过程,1,2025-08-09 15:46:57,2025-08-09 15:47:28,31,0.01
1088,L01,#2,GW252/13600,(4)启机状态,4,2025-08-09 15:41:57,2025-08-09 15:46:57,300,0.08
1089,L01,#2,GW252/13600,(3)待机状态,3,2025-08-09 15:40:47,2025-08-09 15:41:57,70,0.02
1090,L01,#2,GW252/13600,(1)停机过程,1,2025-08-09 15:40:15,2025-08-09 15:40:47,32,0.01
1091,L01,#2,GW252/13600,(4)启机状态,4,2025-08-09 15:35:15,2025-08-09 15:40:15,300,0.08
1092,L01,#2,GW252/13600,(3)待机状态,3,2025-08-09 15:34:08,2025-08-09 15:35:15,67,0.02
1093,L01,#2,GW252/13600,(2)停机状态,2,2025-08-09 15:34:02,2025-08-09 15:34:08,6,0
1094,L01,#2,GW252/13600,(1)停机过程,1,2025-08-09 15:33:31,2025-08-09 15:34:02,31,0.01
1095,L01,#2,GW252/13600,(4)启机状态,4,2025-08-09 15:28:31,2025-08-09 15:33:31,300,0.08
1096,L01,#2,GW252/13600,(3)待机状态,3,2025-08-09 15:27:07,2025-08-09 15:28:31,84,0.02
1097,L01,#2,GW252/13600,(2)停机状态,2,2025-08-09 15:26:40,2025-08-09 15:27:07,27,0.01
1098,L01,#2,GW252/13600,(1)停机过程,1,2025-08-09 15:26:08,2025-08-09 15:26:40,32,0.01
1099,L01,#2,GW252/13600,(4)启机状态,4,2025-08-09 15:21:08,2025-08-09 15:26:08,300,0.08
1100,L01,#2,GW252/13600,(3)待机状态,3,2025-08-09 15:20:12,2025-08-09 15:21:08,56,0.02
1101,L01,#2,GW252/13600,(2)停机状态,2,2025-08-09 15:20:05,2025-08-09 15:20:12,7,0
1102,L01,#2,GW252/13600,(1)停机过程,1,2025-08-09 15:19:33,2025-08-09 15:20:05,32,0.01
1103,L01,#2,GW252/13600,(4)启机状态,4,2025-08-09 15:14:33,2025-08-09 15:19:33,300,0.08
1104,L01,#2,GW252/13600,(3)待机状态,3,2025-08-09 15:13:19,2025-08-09 15:14:33,74,0.02
1105,L01,#2,GW252/13600,(2)停机状态,2,2025-08-09 15:12:13,2025-08-09 15:13:19,66,0.02
1106,L01,#2,GW252/13600,(1)停机过程,1,2025-08-09 15:11:41,2025-08-09 15:12:13,32,0.01
1107,L01,#2,GW252/13600,(4)启机状态,4,2025-08-09 15:06:41,2025-08-09 15:11:41,300,0.08
1108,L01,#2,GW252/13600,(3)待机状态,3,2025-08-09 15:02:39,2025-08-09 15:06:41,242,0.07
1109,L01,#2,GW252/13600,(2)停机状态,2,2025-08-09 14:57:02,2025-08-09 15:02:39,337,0.09
1110,L01,#2,GW252/13600,(1)停机过程,1,2025-08-09 14:56:30,2025-08-09 14:57:02,32,0.01
1111,L01,#2,GW252/13600,(4)启机状态,4,2025-08-09 14:51:29,2025-08-09 14:56:30,301,0.08
1112,L01,#2,GW252/13600,(3)待机状态,3,2025-08-09 14:50:30,2025-08-09 14:51:29,59,0.02
1113,L01,#2,GW252/13600,(2)停机状态,2,2025-08-09 14:50:03,2025-08-09 14:50:30,27,0.01
1114,L01,#2,GW252/13600,(1)停机过程,1,2025-08-09 14:49:31,2025-08-09 14:50:03,32,0.01
1115,L01,#2,GW252/13600,(4)启机状态,4,2025-08-09 14:44:31,2025-08-09 14:49:31,300,0.08
1116,L01,#2,GW252/13600,(3)待机状态,3,2025-08-09 14:42:19,2025-08-09 14:44:31,132,0.04
1117,L01,#2,GW252/13600,(2)停机状态,2,2025-08-09 14:40:31,2025-08-09 14:42:19,108,0.03
1118,L01,#2,GW252/13600,(1)停机过程,1,2025-08-09 14:40:00,2025-08-09 14:40:31,31,0.01
1119,L01,#2,GW252/13600,(4)启机状态,4,2025-08-09 14:34:59,2025-08-09 14:40:00,301,0.08
1120,L01,#2,GW252/13600,(3)待机状态,3,2025-08-09 14:33:30,2025-08-09 14:34:59,89,0.02
1121,L01,#2,GW252/13600,(2)停机状态,2,2025-08-09 14:32:10,2025-08-09 14:33:30,80,0.02
1122,L01,#2,GW252/13600,(1)停机过程,1,2025-08-09 14:31:38,2025-08-09 14:32:10,32,0.01
1123,L01,#2,GW252/13600,(4)启机状态,4,2025-08-09 14:26:38,2025-08-09 14:31:38,300,0.08
1124,L01,#2,GW252/13600,(3)待机状态,3,2025-08-09 14:25:44,2025-08-09 14:26:38,54,0.02
1125,L01,#2,GW252/13600,(2)停机状态,2,2025-08-09 14:25:43,2025-08-09 14:25:44,1,0
1126,L01,#2,GW252/13600,(1)停机过程,1,2025-08-09 14:25:11,2025-08-09 14:25:43,32,0.01
1127,L01,#2,GW252/13600,(4)启机状态,4,2025-08-09 14:20:11,2025-08-09 14:25:11,300,0.08
1128,L01,#2,GW252/13600,(3)待机状态,3,2025-08-09 13:56:20,2025-08-09 14:20:11,1431,0.4
1129,L01,#2,GW252/13600,(2)停机状态,2,2025-08-09 13:52:57,2025-08-09 13:56:20,203,0.06
1130,L01,#2,GW252/13600,(1)停机过程,1,2025-08-09 13:52:26,2025-08-09 13:52:57,31,0.01
1131,L01,#2,GW252/13600,(4)启机状态,4,2025-08-09 13:47:27,2025-08-09 13:52:26,299,0.08
1132,L01,#2,GW252/13600,(3)待机状态,3,2025-08-09 13:43:00,2025-08-09 13:47:27,267,0.07
1133,L01,#2,GW252/13600,(2)停机状态,2,2025-08-09 13:42:19,2025-08-09 13:43:00,41,0.01
1134,L01,#2,GW252/13600,(1)停机过程,1,2025-08-09 13:41:46,2025-08-09 13:42:19,33,0.01
1135,L01,#2,GW252/13600,(4)启机状态,4,2025-08-09 13:36:46,2025-08-09 13:41:46,300,0.08
1136,L01,#2,GW252/13600,(3)待机状态,3,2025-08-09 13:34:17,2025-08-09 13:36:46,149,0.04
1137,L01,#2,GW252/13600,(2)停机状态,2,2025-08-09 13:29:00,2025-08-09 13:34:17,317,0.09
1138,L01,#2,GW252/13600,(1)停机过程,1,2025-08-09 13:28:28,2025-08-09 13:29:00,32,0.01
1139,L01,#2,GW252/13600,(4)启机状态,4,2025-08-09 13:23:27,2025-08-09 13:28:28,301,0.08
1140,L01,#2,GW252/13600,(3)待机状态,3,2025-08-09 12:59:22,2025-08-09 13:23:27,1445,0.4
1141,L01,#2,GW252/13600,(2)停机状态,2,2025-08-09 12:56:18,2025-08-09 12:59:22,184,0.05
1142,L01,#2,GW252/13600,(1)停机过程,1,2025-08-09 12:55:45,2025-08-09 12:56:18,33,0.01
1143,L01,#2,GW252/13600,(4)启机状态,4,2025-08-09 12:50:45,2025-08-09 12:55:45,300,0.08
1144,L01,#2,GW252/13600,(3)待机状态,3,2025-08-09 10:45:43,2025-08-09 12:50:45,7502,2.08
1145,L01,#2,GW252/13600,(2)停机状态,2,2025-08-09 10:41:11,2025-08-09 10:45:43,272,0.08
1146,L01,#2,GW252/13600,(1)停机过程,1,2025-08-09 10:40:40,2025-08-09 10:41:11,31,0.01
1147,L01,#2,GW252/13600,(4)启机状态,4,2025-08-09 10:35:39,2025-08-09 10:40:40,301,0.08
1148,L01,#2,GW252/13600,(3)待机状态,3,2025-08-09 10:32:53,2025-08-09 10:35:39,166,0.05
1149,L01,#2,GW252/13600,(2)停机状态,2,2025-08-09 10:32:21,2025-08-09 10:32:53,32,0.01
1150,L01,#2,GW252/13600,(1)停机过程,1,2025-08-09 10:31:49,2025-08-09 10:32:21,32,0.01
1151,L01,#2,GW252/13600,(4)启机状态,4,2025-08-09 10:26:49,2025-08-09 10:31:49,300,0.08
1152,L01,#2,GW252/13600,(3)待机状态,3,2025-08-09 10:25:29,2025-08-09 10:26:49,80,0.02
1153,L01,#2,GW252/13600,(2)停机状态,2,2025-08-09 10:25:27,2025-08-09 10:25:29,2,0
1154,L01,#2,GW252/13600,(1)停机过程,1,2025-08-09 10:24:55,2025-08-09 10:25:27,32,0.01
1155,L01,#2,GW252/13600,(4)启机状态,4,2025-08-09 10:19:55,2025-08-09 10:24:55,300,0.08
1156,L01,#2,GW252/13600,(3)待机状态,3,2025-08-09 10:18:12,2025-08-09 10:19:55,103,0.03
1157,L01,#2,GW252/13600,(2)停机状态,2,2025-08-09 10:13:52,2025-08-09 10:18:12,260,0.07
1158,L01,#2,GW252/13600,(1)停机过程,1,2025-08-09 10:12:56,2025-08-09 10:13:52,56,0.02
1159,L01,#2,GW252/13600,(5)发电状态,5,2025-08-09 07:11:33,2025-08-09 10:12:56,10883,3.02
1160,L01,#2,GW252/13600,(4)启机状态,4,2025-08-09 07:07:55,2025-08-09 07:11:33,218,0.06
1161,L01,#2,GW252/13600,(3)待机状态,3,2025-08-09 07:07:07,2025-08-09 07:07:55,48,0.01
1162,L01,#2,GW252/13600,(2)停机状态,2,2025-08-09 07:07:06,2025-08-09 07:07:07,1,0
1163,L01,#2,GW252/13600,(1)停机过程,1,2025-08-09 07:06:34,2025-08-09 07:07:06,32,0.01
1164,L01,#2,GW252/13600,(4)启机状态,4,2025-08-09 07:01:34,2025-08-09 07:06:34,300,0.08
1165,L01,#2,GW252/13600,(3)待机状态,3,2025-08-09 07:00:43,2025-08-09 07:01:34,51,0.01
1166,L01,#2,GW252/13600,(2)停机状态,2,2025-08-09 07:00:42,2025-08-09 07:00:43,1,0
1167,L01,#2,GW252/13600,(1)停机过程,1,2025-08-09 07:00:12,2025-08-09 07:00:42,30,0.01
1168,L01,#2,GW252/13600,(4)启机状态,4,2025-08-09 06:55:12,2025-08-09 07:00:12,300,0.08
1169,L01,#2,GW252/13600,(3)待机状态,3,2025-08-09 06:54:13,2025-08-09 06:55:12,59,0.02
1170,L01,#2,GW252/13600,(2)停机状态,2,2025-08-09 06:54:12,2025-08-09 06:54:13,1,0
1171,L01,#2,GW252/13600,(1)停机过程,1,2025-08-09 06:53:40,2025-08-09 06:54:12,32,0.01
1172,L01,#2,GW252/13600,(4)启机状态,4,2025-08-09 06:48:39,2025-08-09 06:53:40,301,0.08
1173,L01,#2,GW252/13600,(3)待机状态,3,2025-08-09 06:47:35,2025-08-09 06:48:39,64,0.02
1174,L01,#2,GW252/13600,(2)停机状态,2,2025-08-09 06:47:34,2025-08-09 06:47:35,1,0
1175,L01,#2,GW252/13600,(1)停机过程,1,2025-08-09 06:47:02,2025-08-09 06:47:34,32,0.01
1176,L01,#2,GW252/13600,(4)启机状态,4,2025-08-09 06:42:02,2025-08-09 06:47:02,300,0.08
1177,L01,#2,GW252/13600,(3)待机状态,3,2025-08-09 06:35:34,2025-08-09 06:42:02,388,0.11
1178,L01,#2,GW252/13600,(2)停机状态,2,2025-08-09 06:29:57,2025-08-09 06:35:34,337,0.09
1179,L01,#2,GW252/13600,(1)停机过程,1,2025-08-09 06:29:25,2025-08-09 06:29:57,32,0.01
1180,L01,#2,GW252/13600,(4)启机状态,4,2025-08-09 06:24:24,2025-08-09 06:29:25,301,0.08
1181,L01,#2,GW252/13600,(3)待机状态,3,2025-08-09 06:20:48,2025-08-09 06:24:24,216,0.06
1182,L01,#2,GW252/13600,(2)停机状态,2,2025-08-09 06:16:40,2025-08-09 06:20:48,248,0.07
1183,L01,#2,GW252/13600,(1)停机过程,1,2025-08-09 06:16:08,2025-08-09 06:16:40,32,0.01
1184,L01,#2,GW252/13600,(4)启机状态,4,2025-08-09 06:11:07,2025-08-09 06:16:08,301,0.08
1185,L01,#2,GW252/13600,(3)待机状态,3,2025-08-09 06:09:21,2025-08-09 06:11:07,106,0.03
1186,L01,#2,GW252/13600,(2)停机状态,2,2025-08-09 06:06:56,2025-08-09 06:09:21,145,0.04
1187,L01,#2,GW252/13600,(1)停机过程,1,2025-08-09 06:06:25,2025-08-09 06:06:56,31,0.01
1188,L01,#2,GW252/13600,(4)启机状态,4,2025-08-09 06:01:24,2025-08-09 06:06:25,301,0.08
1189,L01,#2,GW252/13600,(3)待机状态,3,2025-08-09 05:59:27,2025-08-09 06:01:24,117,0.03
1190,L01,#2,GW252/13600,(2)停机状态,2,2025-08-09 05:53:50,2025-08-09 05:59:27,337,0.09
1191,L01,#2,GW252/13600,(1)停机过程,1,2025-08-09 05:53:18,2025-08-09 05:53:50,32,0.01
1192,L01,#2,GW252/13600,(4)启机状态,4,2025-08-09 05:48:18,2025-08-09 05:53:18,300,0.08
1193,L01,#2,GW252/13600,(3)待机状态,3,2025-08-09 05:45:09,2025-08-09 05:48:18,189,0.05
1194,L01,#2,GW252/13600,(2)停机状态,2,2025-08-09 05:40:32,2025-08-09 05:45:09,277,0.08
1195,L01,#2,GW252/13600,(1)停机过程,1,2025-08-09 05:40:00,2025-08-09 05:40:32,32,0.01
1196,L01,#2,GW252/13600,(4)启机状态,4,2025-08-09 05:35:00,2025-08-09 05:40:00,300,0.08
1197,L01,#2,GW252/13600,(3)待机状态,3,2025-08-09 05:32:00,2025-08-09 05:35:00,180,0.05
1198,L01,#2,GW252/13600,(2)停机状态,2,2025-08-09 05:26:24,2025-08-09 05:32:00,336,0.09
1199,L01,#2,GW252/13600,(1)停机过程,1,2025-08-09 05:25:51,2025-08-09 05:26:24,33,0.01
1200,L01,#2,GW252/13600,(4)启机状态,4,2025-08-09 05:20:50,2025-08-09 05:25:51,301,0.08
1201,L01,#2,GW252/13600,(3)待机状态,3,2025-08-09 05:15:13,2025-08-09 05:20:50,337,0.09
1202,L01,#2,GW252/13600,(2)停机状态,2,2025-08-09 05:12:35,2025-08-09 05:15:13,158,0.04
1203,L01,#2,GW252/13600,(1)停机过程,1,2025-08-09 05:12:03,2025-08-09 05:12:35,32,0.01
1204,L01,#2,GW252/13600,(4)启机状态,4,2025-08-09 05:07:04,2025-08-09 05:12:03,299,0.08
1205,L01,#2,GW252/13600,(3)待机状态,3,2025-08-09 05:05:02,2025-08-09 05:07:04,122,0.03
1206,L01,#2,GW252/13600,(2)停机状态,2,2025-08-09 05:03:15,2025-08-09 05:05:02,107,0.03
1207,L01,#2,GW252/13600,(1)停机过程,1,2025-08-09 05:02:44,2025-08-09 05:03:15,31,0.01
1208,L01,#2,GW252/13600,(4)启机状态,4,2025-08-09 04:57:43,2025-08-09 05:02:44,301,0.08
1209,L01,#2,GW252/13600,(3)待机状态,3,2025-08-09 04:01:06,2025-08-09 04:57:43,3397,0.94
1210,L01,#2,GW252/13600,(2)停机状态,2,2025-08-09 03:55:30,2025-08-09 04:01:06,336,0.09
1211,L01,#2,GW252/13600,(1)停机过程,1,2025-08-09 03:54:57,2025-08-09 03:55:30,33,0.01
1212,L01,#2,GW252/13600,(4)启机状态,4,2025-08-09 03:49:57,2025-08-09 03:54:57,300,0.08
1213,L01,#2,GW252/13600,(3)待机状态,3,2025-08-09 03:46:39,2025-08-09 03:49:57,198,0.06
1214,L01,#2,GW252/13600,(2)停机状态,2,2025-08-09 03:42:59,2025-08-09 03:46:39,220,0.06
1215,L01,#2,GW252/13600,(1)停机过程,1,2025-08-09 03:42:04,2025-08-09 03:42:59,55,0.02
1216,L01,#2,GW252/13600,(5)发电状态,5,2025-08-08 21:10:47,2025-08-09 03:42:04,23477,6.52
1217,L01,#2,GW252/13600,(4)启机状态,4,2025-08-08 21:09:09,2025-08-08 21:10:47,98,0.03
1218,L01,#2,GW252/13600,(3)待机状态,3,2025-08-08 21:08:24,2025-08-08 21:09:09,45,0.01
1219,L01,#2,GW252/13600,(1)停机过程,1,2025-08-08 21:07:31,2025-08-08 21:08:24,53,0.01
1220,L01,#2,GW252/13600,(5)发电状态,5,2025-08-07 21:06:56,2025-08-08 21:07:31,86435,24.01
1221,L01,#2,GW252/13600,(4)启机状态,4,2025-08-07 21:05:50,2025-08-07 21:06:56,66,0.02
1222,L01,#2,GW252/13600,(3)待机状态,3,2025-08-07 21:05:05,2025-08-07 21:05:50,45,0.01
1223,L01,#2,GW252/13600,(2)停机状态,2,2025-08-07 18:13:55,2025-08-07 21:05:05,10270,2.85
1224,L01,#2,GW252/13600,(1)停机过程,1,2025-08-07 18:12:52,2025-08-07 18:13:55,63,0.02
1225,L01,#2,GW252/13600,(5)发电状态,5,2025-08-06 12:44:43,2025-08-07 18:12:52,106089,29.47
1226,L01,#2,GW252/13600,(4)启机状态,4,2025-08-06 12:41:45,2025-08-06 12:44:43,178,0.05
1227,L01,#2,GW252/13600,(3)待机状态,3,2025-08-06 12:40:48,2025-08-06 12:41:45,57,0.02
1228,L01,#2,GW252/13600,(1)停机过程,1,2025-08-06 12:40:16,2025-08-06 12:40:48,32,0.01
1229,L01,#2,GW252/13600,(4)启机状态,4,2025-08-06 12:35:16,2025-08-06 12:40:16,300,0.08
1230,L01,#2,GW252/13600,(3)待机状态,3,2025-08-06 10:52:25,2025-08-06 12:35:16,6171,1.71
1231,L01,#2,GW252/13600,(2)停机状态,2,2025-08-06 10:46:48,2025-08-06 10:52:25,337,0.09
1232,L01,#2,GW252/13600,(1)停机过程,1,2025-08-06 10:45:53,2025-08-06 10:46:48,55,0.02
1233,L01,#2,GW252/13600,(5)发电状态,5,2025-08-06 08:13:39,2025-08-06 10:45:53,9134,2.54
1234,L01,#2,GW252/13600,(4)启机状态,4,2025-08-06 08:13:03,2025-08-06 08:13:39,36,0.01
1235,L01,#2,GW252/13600,(3)待机状态,3,2025-08-06 08:08:27,2025-08-06 08:13:03,276,0.08
1236,L01,#2,GW252/13600,(2)停机状态,2,2025-08-06 08:08:26,2025-08-06 08:08:27,1,0
1237,L01,#2,GW252/13600,(1)停机过程,1,2025-08-06 08:07:34,2025-08-06 08:08:26,52,0.01
1238,L01,#2,GW252/13600,(5)发电状态,5,2025-08-05 21:18:14,2025-08-06 08:07:34,38960,10.82
1239,L01,#2,GW252/13600,(4)启机状态,4,2025-08-05 21:16:40,2025-08-05 21:18:14,94,0.03
1240,L01,#2,GW252/13600,(3)待机状态,3,2025-08-05 21:13:40,2025-08-05 21:16:40,180,0.05
1241,L01,#2,GW252/13600,(2)停机状态,2,2025-08-05 21:07:56,2025-08-05 21:13:40,344,0.1
1242,L01,#2,GW252/13600,(1)停机过程,1,2025-08-05 21:07:02,2025-08-05 21:07:56,54,0.02
1243,L01,#2,GW252/13600,(5)发电状态,5,2025-08-04 21:06:03,2025-08-05 21:07:02,86459,24.02
1244,L01,#2,GW252/13600,(4)启机状态,4,2025-08-04 21:05:10,2025-08-04 21:06:03,53,0.01
1245,L01,#2,GW252/13600,(3)待机状态,3,2025-08-04 21:04:37,2025-08-04 21:05:10,33,0.01
1246,L01,#2,GW252/13600,(2)停机状态,2,2025-08-04 21:04:34,2025-08-04 21:04:37,3,0
1247,L01,#2,GW252/13600,(1)停机过程,1,2025-08-04 21:04:24,2025-08-04 21:04:34,10,0
1248,L01,#2,GW252/13600,(9)维护状态,9,2025-08-04 21:03:38,2025-08-04 21:04:24,46,0.01
1249,L01,#2,GW252/13600,(2)停机状态,2,2025-08-04 21:00:13,2025-08-04 21:03:38,205,0.06
1250,L01,#2,GW252/13600,(1)停机过程,1,2025-08-04 20:58:56,2025-08-04 21:00:13,77,0.02
1251,L01,#2,GW252/13600,(5)发电状态,5,2025-08-04 06:38:17,2025-08-04 20:58:56,51639,14.34
1252,L01,#2,GW252/13600,(4)启机状态,4,2025-08-04 06:37:39,2025-08-04 06:38:17,38,0.01
1253,L01,#2,GW252/13600,(3)待机状态,3,2025-08-04 06:37:06,2025-08-04 06:37:39,33,0.01
1254,L01,#2,GW252/13600,(2)停机状态,2,2025-08-04 06:37:05,2025-08-04 06:37:06,1,0
1255,L01,#2,GW252/13600,(1)停机过程,1,2025-08-04 06:36:55,2025-08-04 06:37:05,10,0
1256,L01,#2,GW252/13600,(9)维护状态,9,2025-08-03 19:54:58,2025-08-04 06:36:55,38517,10.7
1257,L01,#2,GW252/13600,(2)停机状态,2,2025-08-03 19:42:25,2025-08-03 19:54:58,753,0.21
1258,L01,#2,GW252/13600,(1)停机过程,1,2025-08-03 19:42:21,2025-08-03 19:42:25,4,0
1259,L01,#2,GW252/13600,(9)维护状态,9,2025-08-03 19:39:01,2025-08-03 19:42:21,200,0.06
1260,L01,#2,GW252/13600,(2)停机状态,2,2025-08-03 19:24:53,2025-08-03 19:39:01,848,0.24
1261,L01,#2,GW252/13600,(1)停机过程,1,2025-08-03 19:23:36,2025-08-03 19:24:53,77,0.02
1262,L01,#2,GW252/13600,(5)发电状态,5,2025-08-03 12:17:32,2025-08-03 19:23:36,25564,7.1
1263,L01,#2,GW252/13600,(4)启机状态,4,2025-08-03 12:16:55,2025-08-03 12:17:32,37,0.01
1264,L01,#2,GW252/13600,(3)待机状态,3,2025-08-03 12:16:09,2025-08-03 12:16:55,46,0.01
1265,L01,#2,GW252/13600,(2)停机状态,2,2025-08-03 12:16:07,2025-08-03 12:16:09,2,0
1266,L01,#2,GW252/13600,(1)停机过程,1,2025-08-03 12:15:57,2025-08-03 12:16:07,10,0
1267,L01,#2,GW252/13600,(9)维护状态,9,2025-08-03 05:03:02,2025-08-03 12:15:57,25975,7.22
1268,L01,#2,GW252/13600,(2)停机状态,2,2025-08-03 05:01:30,2025-08-03 05:03:02,92,0.03
1269,L01,#2,GW252/13600,(9)维护状态,9,2025-07-29 11:30:28,2025-08-03 05:01:30,408662,113.52
1270,L01,#2,GW252/13600,(2)停机状态,2,2025-07-29 10:34:51,2025-07-29 11:30:28,3337,0.93
1271,L01,#2,GW252/13600,(1)停机过程,1,2025-07-29 10:34:45,2025-07-29 10:34:51,6,0
1272,L01,#2,GW252/13600,(2)停机状态,2,2025-07-26 02:01:13,2025-07-29 10:34:45,290012,80.56
1273,L01,#2,GW252/13600,(1)停机过程,1,2025-07-26 02:01:08,2025-07-26 02:01:13,5,0
1274,L01,#2,GW252/13600,(0)初始化,0,2025-07-26 01:37:45,2025-07-26 02:01:08,1403,0.39
1275,L01,#2,GW252/13600,(2)停机状态,2,2025-07-26 01:11:09,2025-07-26 01:37:45,1596,0.44
1276,L01,#2,GW252/13600,(1)停机过程,1,2025-07-26 01:10:59,2025-07-26 01:11:09,10,0
1277,L01,#2,GW252/13600,(9)维护状态,9,2025-07-21 11:24:26,2025-07-26 01:10:59,395193,109.78
1278,L01,#2,GW252/13600,(2)停机状态,2,2025-07-21 11:23:12,2025-07-21 11:24:26,74,0.02
1279,L01,#2,GW252/13600,(1)停机过程,1,2025-07-21 11:23:02,2025-07-21 11:23:12,10,0
1280,L01,#2,GW252/13600,(9)维护状态,9,2025-07-21 11:22:27,2025-07-21 11:23:02,35,0.01
1281,L01,#2,GW252/13600,(1)停机过程,1,2025-07-21 11:22:17,2025-07-21 11:22:27,10,0
1282,L01,#2,GW252/13600,(9)维护状态,9,2025-07-20 16:32:38,2025-07-21 11:22:17,67779,18.83
1283,L01,#2,GW252/13600,(2)停机状态,2,2025-07-20 16:30:48,2025-07-20 16:32:38,110,0.03
1284,L01,#2,GW252/13600,(1)停机过程,1,2025-07-20 16:29:54,2025-07-20 16:30:48,54,0.02
1285,L01,#2,GW252/13600,(5)发电状态,5,2025-07-20 16:29:36,2025-07-20 16:29:54,18,0.01
1286,L01,#2,GW252/13600,(4)启机状态,4,2025-07-20 16:29:04,2025-07-20 16:29:36,32,0.01
1287,L01,#2,GW252/13600,(3)待机状态,3,2025-07-20 16:28:36,2025-07-20 16:29:04,28,0.01
1288,L01,#2,GW252/13600,(2)停机状态,2,2025-07-20 16:27:34,2025-07-20 16:28:36,62,0.02
1289,L01,#2,GW252/13600,(1)停机过程,1,2025-07-20 16:27:24,2025-07-20 16:27:34,10,0
1290,L01,#2,GW252/13600,(9)维护状态,9,2025-07-20 16:26:06,2025-07-20 16:27:24,78,0.02
1291,L01,#2,GW252/13600,(2)停机状态,2,2025-07-20 16:25:30,2025-07-20 16:26:06,36,0.01
1292,L01,#2,GW252/13600,(1)停机过程,1,2025-07-20 16:24:18,2025-07-20 16:25:30,72,0.02
1293,L01,#2,GW252/13600,(5)发电状态,5,2025-07-19 08:54:45,2025-07-20 16:24:18,113373,31.49
1294,L01,#2,GW252/13600,(4)启机状态,4,2025-07-19 08:53:56,2025-07-19 08:54:45,49,0.01
1295,L01,#2,GW252/13600,(3)待机状态,3,2025-07-19 08:49:59,2025-07-19 08:53:56,237,0.07
1296,L01,#2,GW252/13600,(2)停机状态,2,2025-07-19 08:48:39,2025-07-19 08:49:59,80,0.02
1297,L01,#2,GW252/13600,(1)停机过程,1,2025-07-19 08:48:30,2025-07-19 08:48:39,9,0
1298,L01,#2,GW252/13600,(9)维护状态,9,2025-07-19 06:19:57,2025-07-19 08:48:30,8913,2.48
1299,L01,#2,GW252/13600,(2)停机状态,2,2025-07-19 06:08:46,2025-07-19 06:19:57,671,0.19
1300,L01,#2,GW252/13600,(1)停机过程,1,2025-07-19 06:07:25,2025-07-19 06:08:46,81,0.02
1301,L01,#2,GW252/13600,(5)发电状态,5,2025-07-19 04:47:04,2025-07-19 06:07:25,4821,1.34
1302,L01,#2,GW252/13600,(4)启机状态,4,2025-07-19 04:42:47,2025-07-19 04:47:04,257,0.07
1303,L01,#2,GW252/13600,(3)待机状态,3,2025-07-19 04:39:37,2025-07-19 04:42:47,190,0.05
1304,L01,#2,GW252/13600,(2)停机状态,2,2025-07-19 04:02:59,2025-07-19 04:39:37,2198,0.61
1305,L01,#2,GW252/13600,(1)停机过程,1,2025-07-19 04:02:02,2025-07-19 04:02:59,57,0.02
1306,L01,#2,GW252/13600,(5)发电状态,5,2025-07-18 18:21:09,2025-07-19 04:02:02,34853,9.68
1307,L01,#2,GW252/13600,(4)启机状态,4,2025-07-18 18:17:13,2025-07-18 18:21:09,236,0.07
1308,L01,#2,GW252/13600,(3)待机状态,3,2025-07-18 18:16:33,2025-07-18 18:17:13,40,0.01
1309,L01,#2,GW252/13600,(2)停机状态,2,2025-07-18 18:16:32,2025-07-18 18:16:33,1,0
1310,L01,#2,GW252/13600,(1)停机过程,1,2025-07-18 18:15:34,2025-07-18 18:16:32,58,0.02
1311,L01,#2,GW252/13600,(4)启机状态,4,2025-07-18 18:10:35,2025-07-18 18:15:34,299,0.08
1312,L01,#2,GW252/13600,(3)待机状态,3,2025-07-18 18:09:40,2025-07-18 18:10:35,55,0.02
1313,L01,#2,GW252/13600,(2)停机状态,2,2025-07-18 18:09:38,2025-07-18 18:09:40,2,0
1314,L01,#2,GW252/13600,(1)停机过程,1,2025-07-18 18:08:55,2025-07-18 18:09:38,43,0.01
1315,L01,#2,GW252/13600,(4)启机状态,4,2025-07-18 18:03:55,2025-07-18 18:08:55,300,0.08
1316,L01,#2,GW252/13600,(3)待机状态,3,2025-07-18 18:03:34,2025-07-18 18:03:55,21,0.01
1317,L01,#2,GW252/13600,(2)停机状态,2,2025-07-18 18:03:33,2025-07-18 18:03:34,1,0
1318,L01,#2,GW252/13600,(1)停机过程,1,2025-07-18 18:02:36,2025-07-18 18:03:33,57,0.02
1319,L01,#2,GW252/13600,(4)启机状态,4,2025-07-18 17:57:36,2025-07-18 18:02:36,300,0.08
1320,L01,#2,GW252/13600,(3)待机状态,3,2025-07-18 17:57:17,2025-07-18 17:57:36,19,0.01
1321,L01,#2,GW252/13600,(2)停机状态,2,2025-07-18 17:57:15,2025-07-18 17:57:17,2,0
1322,L01,#2,GW252/13600,(1)停机过程,1,2025-07-18 17:56:17,2025-07-18 17:57:15,58,0.02
1323,L01,#2,GW252/13600,(4)启机状态,4,2025-07-18 17:51:18,2025-07-18 17:56:17,299,0.08
1324,L01,#2,GW252/13600,(3)待机状态,3,2025-07-18 17:50:34,2025-07-18 17:51:18,44,0.01
1325,L01,#2,GW252/13600,(2)停机状态,2,2025-07-18 17:50:33,2025-07-18 17:50:34,1,0
1326,L01,#2,GW252/13600,(1)停机过程,1,2025-07-18 17:49:40,2025-07-18 17:50:33,53,0.01
1327,L01,#2,GW252/13600,(4)启机状态,4,2025-07-18 17:44:39,2025-07-18 17:49:40,301,0.08
1328,L01,#2,GW252/13600,(3)待机状态,3,2025-07-18 17:43:43,2025-07-18 17:44:39,56,0.02
1329,L01,#2,GW252/13600,(2)停机状态,2,2025-07-18 17:42:25,2025-07-18 17:43:43,78,0.02
1330,L01,#2,GW252/13600,(1)停机过程,1,2025-07-18 17:41:28,2025-07-18 17:42:25,57,0.02
1331,L01,#2,GW252/13600,(5)发电状态,5,2025-07-18 14:59:10,2025-07-18 17:41:28,9738,2.71
1332,L01,#2,GW252/13600,(4)启机状态,4,2025-07-18 14:58:06,2025-07-18 14:59:10,64,0.02
1333,L01,#2,GW252/13600,(3)待机状态,3,2025-07-18 14:54:54,2025-07-18 14:58:06,192,0.05
1334,L01,#2,GW252/13600,(2)停机状态,2,2025-07-18 14:08:27,2025-07-18 14:54:54,2787,0.77
1335,L01,#2,GW252/13600,(1)停机过程,1,2025-07-18 14:07:09,2025-07-18 14:08:27,78,0.02
1336,L01,#2,GW252/13600,(5)发电状态,5,2025-07-17 17:15:29,2025-07-18 14:07:09,75100,20.86
1337,L01,#2,GW252/13600,(4)启机状态,4,2025-07-17 17:10:42,2025-07-17 17:15:29,287,0.08
1338,L01,#2,GW252/13600,(3)待机状态,3,2025-07-17 17:09:49,2025-07-17 17:10:42,53,0.01
1339,L01,#2,GW252/13600,(1)停机过程,1,2025-07-17 17:09:17,2025-07-17 17:09:49,32,0.01
1340,L01,#2,GW252/13600,(4)启机状态,4,2025-07-17 17:04:17,2025-07-17 17:09:17,300,0.08
1341,L01,#2,GW252/13600,(3)待机状态,3,2025-07-17 17:03:17,2025-07-17 17:04:17,60,0.02
1342,L01,#2,GW252/13600,(2)停机状态,2,2025-07-17 17:03:16,2025-07-17 17:03:17,1,0
1343,L01,#2,GW252/13600,(1)停机过程,1,2025-07-17 17:02:44,2025-07-17 17:03:16,32,0.01
1344,L01,#2,GW252/13600,(4)启机状态,4,2025-07-17 16:57:44,2025-07-17 17:02:44,300,0.08
1345,L01,#2,GW252/13600,(3)待机状态,3,2025-07-17 16:56:48,2025-07-17 16:57:44,56,0.02
1346,L01,#2,GW252/13600,(2)停机状态,2,2025-07-17 16:56:47,2025-07-17 16:56:48,1,0
1347,L01,#2,GW252/13600,(1)停机过程,1,2025-07-17 16:56:15,2025-07-17 16:56:47,32,0.01
1348,L01,#2,GW252/13600,(4)启机状态,4,2025-07-17 16:51:15,2025-07-17 16:56:15,300,0.08
1349,L01,#2,GW252/13600,(3)待机状态,3,2025-07-17 10:43:53,2025-07-17 16:51:15,22042,6.12
1350,L01,#2,GW252/13600,(2)停机状态,2,2025-07-17 10:38:30,2025-07-17 10:43:53,323,0.09
1351,L01,#2,GW252/13600,(1)停机过程,1,2025-07-17 10:37:59,2025-07-17 10:38:30,31,0.01
1352,L01,#2,GW252/13600,(4)启机状态,4,2025-07-17 10:32:58,2025-07-17 10:37:59,301,0.08
1353,L01,#2,GW252/13600,(3)待机状态,3,2025-07-17 10:24:13,2025-07-17 10:32:58,525,0.15
1354,L01,#2,GW252/13600,(2)停机状态,2,2025-07-17 10:24:12,2025-07-17 10:24:13,1,0
1355,L01,#2,GW252/13600,(1)停机过程,1,2025-07-17 10:23:40,2025-07-17 10:24:12,32,0.01
1356,L01,#2,GW252/13600,(4)启机状态,4,2025-07-17 10:18:40,2025-07-17 10:23:40,300,0.08
1357,L01,#2,GW252/13600,(3)待机状态,3,2025-07-17 10:13:19,2025-07-17 10:18:40,321,0.09
1358,L01,#2,GW252/13600,(2)停机状态,2,2025-07-17 10:13:17,2025-07-17 10:13:19,2,0
1359,L01,#2,GW252/13600,(1)停机过程,1,2025-07-17 10:12:45,2025-07-17 10:13:17,32,0.01
1360,L01,#2,GW252/13600,(4)启机状态,4,2025-07-17 10:07:45,2025-07-17 10:12:45,300,0.08
1361,L01,#2,GW252/13600,(3)待机状态,3,2025-07-17 10:06:48,2025-07-17 10:07:45,57,0.02
1362,L01,#2,GW252/13600,(2)停机状态,2,2025-07-17 10:06:47,2025-07-17 10:06:48,1,0
1363,L01,#2,GW252/13600,(1)停机过程,1,2025-07-17 10:06:16,2025-07-17 10:06:47,31,0.01
1364,L01,#2,GW252/13600,(4)启机状态,4,2025-07-17 10:01:16,2025-07-17 10:06:16,300,0.08
1365,L01,#2,GW252/13600,(3)待机状态,3,2025-07-17 10:00:03,2025-07-17 10:01:16,73,0.02
1366,L01,#2,GW252/13600,(1)停机过程,1,2025-07-17 09:59:30,2025-07-17 10:00:03,33,0.01
1367,L01,#2,GW252/13600,(4)启机状态,4,2025-07-17 09:54:30,2025-07-17 09:59:30,300,0.08
1368,L01,#2,GW252/13600,(3)待机状态,3,2025-07-17 09:52:55,2025-07-17 09:54:30,95,0.03
1369,L01,#2,GW252/13600,(2)停机状态,2,2025-07-17 09:52:53,2025-07-17 09:52:55,2,0
1370,L01,#2,GW252/13600,(1)停机过程,1,2025-07-17 09:52:21,2025-07-17 09:52:53,32,0.01
1371,L01,#2,GW252/13600,(4)启机状态,4,2025-07-17 09:47:21,2025-07-17 09:52:21,300,0.08
1372,L01,#2,GW252/13600,(3)待机状态,3,2025-07-17 09:45:30,2025-07-17 09:47:21,111,0.03
1373,L01,#2,GW252/13600,(2)停机状态,2,2025-07-17 09:45:28,2025-07-17 09:45:30,2,0
1374,L01,#2,GW252/13600,(1)停机过程,1,2025-07-17 09:44:57,2025-07-17 09:45:28,31,0.01
1375,L01,#2,GW252/13600,(4)启机状态,4,2025-07-17 09:39:57,2025-07-17 09:44:57,300,0.08
1376,L01,#2,GW252/13600,(3)待机状态,3,2025-07-17 09:36:55,2025-07-17 09:39:57,182,0.05
1377,L01,#2,GW252/13600,(2)停机状态,2,2025-07-17 09:35:14,2025-07-17 09:36:55,101,0.03
1378,L01,#2,GW252/13600,(1)停机过程,1,2025-07-17 09:34:42,2025-07-17 09:35:14,32,0.01
1379,L01,#2,GW252/13600,(4)启机状态,4,2025-07-17 09:29:43,2025-07-17 09:34:42,299,0.08
1380,L01,#2,GW252/13600,(3)待机状态,3,2025-07-17 08:58:09,2025-07-17 09:29:43,1894,0.53
1381,L01,#2,GW252/13600,(2)停机状态,2,2025-07-17 08:53:44,2025-07-17 08:58:09,265,0.07
1382,L01,#2,GW252/13600,(1)停机过程,1,2025-07-17 08:53:13,2025-07-17 08:53:44,31,0.01
1383,L01,#2,GW252/13600,(4)启机状态,4,2025-07-17 08:48:12,2025-07-17 08:53:13,301,0.08
1384,L01,#2,GW252/13600,(3)待机状态,3,2025-07-17 08:45:32,2025-07-17 08:48:12,160,0.04
1385,L01,#2,GW252/13600,(2)停机状态,2,2025-07-17 08:45:30,2025-07-17 08:45:32,2,0
1386,L01,#2,GW252/13600,(1)停机过程,1,2025-07-17 08:45:00,2025-07-17 08:45:30,30,0.01
1387,L01,#2,GW252/13600,(4)启机状态,4,2025-07-17 08:40:00,2025-07-17 08:45:00,300,0.08
1388,L01,#2,GW252/13600,(3)待机状态,3,2025-07-17 08:37:24,2025-07-17 08:40:00,156,0.04
1389,L01,#2,GW252/13600,(2)停机状态,2,2025-07-17 08:37:23,2025-07-17 08:37:24,1,0
1390,L01,#2,GW252/13600,(1)停机过程,1,2025-07-17 08:36:50,2025-07-17 08:37:23,33,0.01
1391,L01,#2,GW252/13600,(4)启机状态,4,2025-07-17 08:31:51,2025-07-17 08:36:50,299,0.08
1392,L01,#2,GW252/13600,(3)待机状态,3,2025-07-17 08:29:32,2025-07-17 08:31:51,139,0.04
1393,L01,#2,GW252/13600,(2)停机状态,2,2025-07-17 08:29:27,2025-07-17 08:29:32,5,0
1394,L01,#2,GW252/13600,(1)停机过程,1,2025-07-17 08:28:28,2025-07-17 08:29:27,59,0.02
1395,L01,#2,GW252/13600,(5)发电状态,5,2025-07-16 19:13:28,2025-07-17 08:28:28,47700,13.25
1396,L01,#2,GW252/13600,(4)启机状态,4,2025-07-16 19:08:56,2025-07-16 19:13:28,272,0.08
1397,L01,#2,GW252/13600,(3)待机状态,3,2025-07-16 19:08:05,2025-07-16 19:08:56,51,0.01
1398,L01,#2,GW252/13600,(2)停机状态,2,2025-07-16 19:08:04,2025-07-16 19:08:05,1,0
1399,L01,#2,GW252/13600,(1)停机过程,1,2025-07-16 19:07:33,2025-07-16 19:08:04,31,0.01
1400,L01,#2,GW252/13600,(4)启机状态,4,2025-07-16 19:02:32,2025-07-16 19:07:33,301,0.08
1401,L01,#2,GW252/13600,(3)待机状态,3,2025-07-16 19:01:36,2025-07-16 19:02:32,56,0.02
1402,L01,#2,GW252/13600,(2)停机状态,2,2025-07-16 19:01:35,2025-07-16 19:01:36,1,0
1403,L01,#2,GW252/13600,(1)停机过程,1,2025-07-16 19:01:03,2025-07-16 19:01:35,32,0.01
1404,L01,#2,GW252/13600,(4)启机状态,4,2025-07-16 18:56:03,2025-07-16 19:01:03,300,0.08
1405,L01,#2,GW252/13600,(3)待机状态,3,2025-07-16 18:55:00,2025-07-16 18:56:03,63,0.02
1406,L01,#2,GW252/13600,(2)停机状态,2,2025-07-16 18:54:58,2025-07-16 18:55:00,2,0
1407,L01,#2,GW252/13600,(1)停机过程,1,2025-07-16 18:54:26,2025-07-16 18:54:58,32,0.01
1408,L01,#2,GW252/13600,(4)启机状态,4,2025-07-16 18:49:26,2025-07-16 18:54:26,300,0.08
1409,L01,#2,GW252/13600,(3)待机状态,3,2025-07-16 18:48:10,2025-07-16 18:49:26,76,0.02
1410,L01,#2,GW252/13600,(1)停机过程,1,2025-07-16 18:47:38,2025-07-16 18:48:10,32,0.01
1411,L01,#2,GW252/13600,(4)启机状态,4,2025-07-16 18:42:38,2025-07-16 18:47:38,300,0.08
1412,L01,#2,GW252/13600,(3)待机状态,3,2025-07-16 18:41:07,2025-07-16 18:42:38,91,0.03
1413,L01,#2,GW252/13600,(2)停机状态,2,2025-07-16 18:41:05,2025-07-16 18:41:07,2,0
1414,L01,#2,GW252/13600,(1)停机过程,1,2025-07-16 18:40:34,2025-07-16 18:41:05,31,0.01
1415,L01,#2,GW252/13600,(4)启机状态,4,2025-07-16 18:35:34,2025-07-16 18:40:34,300,0.08
1416,L01,#2,GW252/13600,(3)待机状态,3,2025-07-16 18:34:27,2025-07-16 18:35:34,67,0.02
1417,L01,#2,GW252/13600,(2)停机状态,2,2025-07-16 18:34:26,2025-07-16 18:34:27,1,0
1418,L01,#2,GW252/13600,(1)停机过程,1,2025-07-16 18:33:54,2025-07-16 18:34:26,32,0.01
1419,L01,#2,GW252/13600,(4)启机状态,4,2025-07-16 18:28:54,2025-07-16 18:33:54,300,0.08
1420,L01,#2,GW252/13600,(3)待机状态,3,2025-07-16 18:27:50,2025-07-16 18:28:54,64,0.02
1421,L01,#2,GW252/13600,(2)停机状态,2,2025-07-16 18:27:48,2025-07-16 18:27:50,2,0
1422,L01,#2,GW252/13600,(1)停机过程,1,2025-07-16 18:27:16,2025-07-16 18:27:48,32,0.01
1423,L01,#2,GW252/13600,(4)启机状态,4,2025-07-16 18:22:16,2025-07-16 18:27:16,300,0.08
1424,L01,#2,GW252/13600,(3)待机状态,3,2025-07-16 18:20:57,2025-07-16 18:22:16,79,0.02
1425,L01,#2,GW252/13600,(2)停机状态,2,2025-07-16 18:20:56,2025-07-16 18:20:57,1,0
1426,L01,#2,GW252/13600,(1)停机过程,1,2025-07-16 18:20:25,2025-07-16 18:20:56,31,0.01
1427,L01,#2,GW252/13600,(4)启机状态,4,2025-07-16 18:15:25,2025-07-16 18:20:25,300,0.08
1428,L01,#2,GW252/13600,(3)待机状态,3,2025-07-16 18:14:29,2025-07-16 18:15:25,56,0.02
1429,L01,#2,GW252/13600,(2)停机状态,2,2025-07-16 18:14:28,2025-07-16 18:14:29,1,0
1430,L01,#2,GW252/13600,(1)停机过程,1,2025-07-16 18:13:56,2025-07-16 18:14:28,32,0.01
1431,L01,#2,GW252/13600,(4)启机状态,4,2025-07-16 18:08:56,2025-07-16 18:13:56,300,0.08
1432,L01,#2,GW252/13600,(3)待机状态,3,2025-07-16 18:08:03,2025-07-16 18:08:56,53,0.01
1433,L01,#2,GW252/13600,(1)停机过程,1,2025-07-16 18:07:31,2025-07-16 18:08:03,32,0.01
1434,L01,#2,GW252/13600,(4)启机状态,4,2025-07-16 18:02:32,2025-07-16 18:07:31,299,0.08
1435,L01,#2,GW252/13600,(3)待机状态,3,2025-07-16 18:01:43,2025-07-16 18:02:32,49,0.01
1436,L01,#2,GW252/13600,(2)停机状态,2,2025-07-16 18:01:41,2025-07-16 18:01:43,2,0
1437,L01,#2,GW252/13600,(1)停机过程,1,2025-07-16 18:01:09,2025-07-16 18:01:41,32,0.01
1438,L01,#2,GW252/13600,(4)启机状态,4,2025-07-16 17:56:09,2025-07-16 18:01:09,300,0.08
1439,L01,#2,GW252/13600,(3)待机状态,3,2025-07-16 17:55:19,2025-07-16 17:56:09,50,0.01
1440,L01,#2,GW252/13600,(2)停机状态,2,2025-07-16 17:55:17,2025-07-16 17:55:19,2,0
1441,L01,#2,GW252/13600,(1)停机过程,1,2025-07-16 17:54:44,2025-07-16 17:55:17,33,0.01
1442,L01,#2,GW252/13600,(4)启机状态,4,2025-07-16 17:49:44,2025-07-16 17:54:44,300,0.08
1443,L01,#2,GW252/13600,(3)待机状态,3,2025-07-16 17:48:45,2025-07-16 17:49:44,59,0.02
1444,L01,#2,GW252/13600,(2)停机状态,2,2025-07-16 17:48:44,2025-07-16 17:48:45,1,0
1445,L01,#2,GW252/13600,(1)停机过程,1,2025-07-16 17:48:13,2025-07-16 17:48:44,31,0.01
1446,L01,#2,GW252/13600,(4)启机状态,4,2025-07-16 17:43:13,2025-07-16 17:48:13,300,0.08
1447,L01,#2,GW252/13600,(3)待机状态,3,2025-07-16 17:41:54,2025-07-16 17:43:13,79,0.02
1448,L01,#2,GW252/13600,(2)停机状态,2,2025-07-16 17:41:53,2025-07-16 17:41:54,1,0
1449,L01,#2,GW252/13600,(1)停机过程,1,2025-07-16 17:41:20,2025-07-16 17:41:53,33,0.01
1450,L01,#2,GW252/13600,(4)启机状态,4,2025-07-16 17:36:20,2025-07-16 17:41:20,300,0.08
1451,L01,#2,GW252/13600,(3)待机状态,3,2025-07-16 17:35:26,2025-07-16 17:36:20,54,0.02
1452,L01,#2,GW252/13600,(2)停机状态,2,2025-07-16 17:35:24,2025-07-16 17:35:26,2,0
1453,L01,#2,GW252/13600,(1)停机过程,1,2025-07-16 17:34:52,2025-07-16 17:35:24,32,0.01
1454,L01,#2,GW252/13600,(4)启机状态,4,2025-07-16 17:29:53,2025-07-16 17:34:52,299,0.08
1455,L01,#2,GW252/13600,(3)待机状态,3,2025-07-16 17:29:03,2025-07-16 17:29:53,50,0.01
1456,L01,#2,GW252/13600,(2)停机状态,2,2025-07-16 17:29:01,2025-07-16 17:29:03,2,0
1457,L01,#2,GW252/13600,(1)停机过程,1,2025-07-16 17:28:31,2025-07-16 17:29:01,30,0.01
1458,L01,#2,GW252/13600,(4)启机状态,4,2025-07-16 17:23:30,2025-07-16 17:28:31,301,0.08
1459,L01,#2,GW252/13600,(3)待机状态,3,2025-07-16 17:22:25,2025-07-16 17:23:30,65,0.02
1460,L01,#2,GW252/13600,(2)停机状态,2,2025-07-16 17:22:23,2025-07-16 17:22:25,2,0
1461,L01,#2,GW252/13600,(1)停机过程,1,2025-07-16 17:21:51,2025-07-16 17:22:23,32,0.01
1462,L01,#2,GW252/13600,(4)启机状态,4,2025-07-16 17:16:51,2025-07-16 17:21:51,300,0.08
1463,L01,#2,GW252/13600,(3)待机状态,3,2025-07-16 17:15:49,2025-07-16 17:16:51,62,0.02
1464,L01,#2,GW252/13600,(2)停机状态,2,2025-07-16 17:15:47,2025-07-16 17:15:49,2,0
1465,L01,#2,GW252/13600,(1)停机过程,1,2025-07-16 17:15:16,2025-07-16 17:15:47,31,0.01
1466,L01,#2,GW252/13600,(4)启机状态,4,2025-07-16 17:10:15,2025-07-16 17:15:16,301,0.08
1467,L01,#2,GW252/13600,(3)待机状态,3,2025-07-16 17:09:27,2025-07-16 17:10:15,48,0.01
1468,L01,#2,GW252/13600,(1)停机过程,1,2025-07-16 17:08:54,2025-07-16 17:09:27,33,0.01
1469,L01,#2,GW252/13600,(4)启机状态,4,2025-07-16 17:03:54,2025-07-16 17:08:54,300,0.08
1470,L01,#2,GW252/13600,(3)待机状态,3,2025-07-16 17:02:57,2025-07-16 17:03:54,57,0.02
1471,L01,#2,GW252/13600,(2)停机状态,2,2025-07-16 17:02:55,2025-07-16 17:02:57,2,0
1472,L01,#2,GW252/13600,(1)停机过程,1,2025-07-16 17:02:24,2025-07-16 17:02:55,31,0.01
1473,L01,#2,GW252/13600,(4)启机状态,4,2025-07-16 16:57:23,2025-07-16 17:02:24,301,0.08
1474,L01,#2,GW252/13600,(3)待机状态,3,2025-07-16 16:56:02,2025-07-16 16:57:23,81,0.02
1475,L01,#2,GW252/13600,(2)停机状态,2,2025-07-16 16:56:00,2025-07-16 16:56:02,2,0
1476,L01,#2,GW252/13600,(1)停机过程,1,2025-07-16 16:55:26,2025-07-16 16:56:00,34,0.01
1477,L01,#2,GW252/13600,(4)启机状态,4,2025-07-16 16:50:27,2025-07-16 16:55:26,299,0.08
1478,L01,#2,GW252/13600,(3)待机状态,3,2025-07-16 16:48:39,2025-07-16 16:50:27,108,0.03
1479,L01,#2,GW252/13600,(2)停机状态,2,2025-07-16 16:48:38,2025-07-16 16:48:39,1,0
1480,L01,#2,GW252/13600,(1)停机过程,1,2025-07-16 16:48:05,2025-07-16 16:48:38,33,0.01
1481,L01,#2,GW252/13600,(4)启机状态,4,2025-07-16 16:43:05,2025-07-16 16:48:05,300,0.08
1482,L01,#2,GW252/13600,(3)待机状态,3,2025-07-16 16:41:48,2025-07-16 16:43:05,77,0.02
1483,L01,#2,GW252/13600,(2)停机状态,2,2025-07-16 16:40:58,2025-07-16 16:41:48,50,0.01
1484,L01,#2,GW252/13600,(1)停机过程,1,2025-07-16 16:40:02,2025-07-16 16:40:58,56,0.02
1485,L01,#2,GW252/13600,(5)发电状态,5,2025-07-16 15:59:49,2025-07-16 16:40:02,2413,0.67
1486,L01,#2,GW252/13600,(4)启机状态,4,2025-07-16 15:56:14,2025-07-16 15:59:49,215,0.06
1487,L01,#2,GW252/13600,(3)待机状态,3,2025-07-16 15:55:25,2025-07-16 15:56:14,49,0.01
1488,L01,#2,GW252/13600,(2)停机状态,2,2025-07-16 15:55:23,2025-07-16 15:55:25,2,0
1489,L01,#2,GW252/13600,(1)停机过程,1,2025-07-16 15:54:51,2025-07-16 15:55:23,32,0.01
1490,L01,#2,GW252/13600,(4)启机状态,4,2025-07-16 15:49:50,2025-07-16 15:54:51,301,0.08
1491,L01,#2,GW252/13600,(3)待机状态,3,2025-07-16 15:49:00,2025-07-16 15:49:50,50,0.01
1492,L01,#2,GW252/13600,(2)停机状态,2,2025-07-16 15:48:59,2025-07-16 15:49:00,1,0
1493,L01,#2,GW252/13600,(1)停机过程,1,2025-07-16 15:48:28,2025-07-16 15:48:59,31,0.01
1494,L01,#2,GW252/13600,(4)启机状态,4,2025-07-16 15:43:28,2025-07-16 15:48:28,300,0.08
1495,L01,#2,GW252/13600,(3)待机状态,3,2025-07-16 15:42:37,2025-07-16 15:43:28,51,0.01
1496,L01,#2,GW252/13600,(2)停机状态,2,2025-07-16 15:42:35,2025-07-16 15:42:37,2,0
1497,L01,#2,GW252/13600,(1)停机过程,1,2025-07-16 15:42:05,2025-07-16 15:42:35,30,0.01
1498,L01,#2,GW252/13600,(4)启机状态,4,2025-07-16 15:37:04,2025-07-16 15:42:05,301,0.08
1499,L01,#2,GW252/13600,(3)待机状态,3,2025-07-16 15:36:14,2025-07-16 15:37:04,50,0.01
1500,L01,#2,GW252/13600,(2)停机状态,2,2025-07-16 15:36:13,2025-07-16 15:36:14,1,0
1501,L01,#2,GW252/13600,(1)停机过程,1,2025-07-16 15:35:40,2025-07-16 15:36:13,33,0.01
1502,L01,#2,GW252/13600,(4)启机状态,4,2025-07-16 15:30:40,2025-07-16 15:35:40,300,0.08
1503,L01,#2,GW252/13600,(3)待机状态,3,2025-07-16 15:29:41,2025-07-16 15:30:40,59,0.02
1504,L01,#2,GW252/13600,(2)停机状态,2,2025-07-16 15:29:39,2025-07-16 15:29:41,2,0
1505,L01,#2,GW252/13600,(1)停机过程,1,2025-07-16 15:29:08,2025-07-16 15:29:39,31,0.01
1506,L01,#2,GW252/13600,(4)启机状态,4,2025-07-16 15:24:08,2025-07-16 15:29:08,300,0.08
1507,L01,#2,GW252/13600,(3)待机状态,3,2025-07-16 15:23:15,2025-07-16 15:24:08,53,0.01
1508,L01,#2,GW252/13600,(2)停机状态,2,2025-07-16 15:23:13,2025-07-16 15:23:15,2,0
1509,L01,#2,GW252/13600,(1)停机过程,1,2025-07-16 15:22:42,2025-07-16 15:23:13,31,0.01
1510,L01,#2,GW252/13600,(4)启机状态,4,2025-07-16 15:17:42,2025-07-16 15:22:42,300,0.08
1511,L01,#2,GW252/13600,(3)待机状态,3,2025-07-16 15:16:45,2025-07-16 15:17:42,57,0.02
1512,L01,#2,GW252/13600,(2)停机状态,2,2025-07-16 15:16:43,2025-07-16 15:16:45,2,0
1513,L01,#2,GW252/13600,(1)停机过程,1,2025-07-16 15:16:10,2025-07-16 15:16:43,33,0.01
1514,L01,#2,GW252/13600,(4)启机状态,4,2025-07-16 15:11:10,2025-07-16 15:16:10,300,0.08
1515,L01,#2,GW252/13600,(3)待机状态,3,2025-07-16 15:10:06,2025-07-16 15:11:10,64,0.02
1516,L01,#2,GW252/13600,(2)停机状态,2,2025-07-16 15:10:04,2025-07-16 15:10:06,2,0
1517,L01,#2,GW252/13600,(1)停机过程,1,2025-07-16 15:09:34,2025-07-16 15:10:04,30,0.01
1518,L01,#2,GW252/13600,(4)启机状态,4,2025-07-16 15:04:34,2025-07-16 15:09:34,300,0.08
1519,L01,#2,GW252/13600,(3)待机状态,3,2025-07-16 15:03:14,2025-07-16 15:04:34,80,0.02
1520,L01,#2,GW252/13600,(2)停机状态,2,2025-07-16 15:03:13,2025-07-16 15:03:14,1,0
1521,L01,#2,GW252/13600,(1)停机过程,1,2025-07-16 15:02:41,2025-07-16 15:03:13,32,0.01
1522,L01,#2,GW252/13600,(4)启机状态,4,2025-07-16 14:57:42,2025-07-16 15:02:41,299,0.08
1523,L01,#2,GW252/13600,(3)待机状态,3,2025-07-16 14:55:46,2025-07-16 14:57:42,116,0.03
1524,L01,#2,GW252/13600,(2)停机状态,2,2025-07-16 14:55:44,2025-07-16 14:55:46,2,0
1525,L01,#2,GW252/13600,(1)停机过程,1,2025-07-16 14:55:13,2025-07-16 14:55:44,31,0.01
1526,L01,#2,GW252/13600,(4)启机状态,4,2025-07-16 14:50:13,2025-07-16 14:55:13,300,0.08
1527,L01,#2,GW252/13600,(3)待机状态,3,2025-07-16 14:48:41,2025-07-16 14:50:13,92,0.03
1528,L01,#2,GW252/13600,(1)停机过程,1,2025-07-16 14:48:09,2025-07-16 14:48:41,32,0.01
1529,L01,#2,GW252/13600,(4)启机状态,4,2025-07-16 14:43:09,2025-07-16 14:48:09,300,0.08
1530,L01,#2,GW252/13600,(3)待机状态,3,2025-07-16 14:42:10,2025-07-16 14:43:09,59,0.02
1531,L01,#2,GW252/13600,(2)停机状态,2,2025-07-16 14:42:09,2025-07-16 14:42:10,1,0
1532,L01,#2,GW252/13600,(1)停机过程,1,2025-07-16 14:41:39,2025-07-16 14:42:09,30,0.01
1533,L01,#2,GW252/13600,(4)启机状态,4,2025-07-16 14:36:39,2025-07-16 14:41:39,300,0.08
1534,L01,#2,GW252/13600,(3)待机状态,3,2025-07-16 14:31:38,2025-07-16 14:36:39,301,0.08
1535,L01,#2,GW252/13600,(2)停机状态,2,2025-07-16 14:30:13,2025-07-16 14:31:38,85,0.02
1536,L01,#2,GW252/13600,(1)停机过程,1,2025-07-16 14:29:42,2025-07-16 14:30:13,31,0.01
1537,L01,#2,GW252/13600,(4)启机状态,4,2025-07-16 14:24:42,2025-07-16 14:29:42,300,0.08
1538,L01,#2,GW252/13600,(3)待机状态,3,2025-07-16 14:19:03,2025-07-16 14:24:42,339,0.09
1539,L01,#2,GW252/13600,(2)停机状态,2,2025-07-16 14:16:43,2025-07-16 14:19:03,140,0.04
1540,L01,#2,GW252/13600,(1)停机过程,1,2025-07-16 14:16:11,2025-07-16 14:16:43,32,0.01
1541,L01,#2,GW252/13600,(4)启机状态,4,2025-07-16 14:11:11,2025-07-16 14:16:11,300,0.08
1542,L01,#2,GW252/13600,(3)待机状态,3,2025-07-16 14:07:40,2025-07-16 14:11:11,211,0.06
1543,L01,#2,GW252/13600,(1)停机过程,1,2025-07-16 14:07:07,2025-07-16 14:07:40,33,0.01
1544,L01,#2,GW252/13600,(4)启机状态,4,2025-07-16 14:02:08,2025-07-16 14:07:07,299,0.08
1545,L01,#2,GW252/13600,(3)待机状态,3,2025-07-16 14:00:52,2025-07-16 14:02:08,76,0.02
1546,L01,#2,GW252/13600,(2)停机状态,2,2025-07-16 14:00:51,2025-07-16 14:00:52,1,0
1547,L01,#2,GW252/13600,(1)停机过程,1,2025-07-16 14:00:19,2025-07-16 14:00:51,32,0.01
1548,L01,#2,GW252/13600,(4)启机状态,4,2025-07-16 13:55:19,2025-07-16 14:00:19,300,0.08
1549,L01,#2,GW252/13600,(3)待机状态,3,2025-07-16 13:53:41,2025-07-16 13:55:19,98,0.03
1550,L01,#2,GW252/13600,(1)停机过程,1,2025-07-16 13:52:43,2025-07-16 13:53:41,58,0.02
1551,L01,#2,GW252/13600,(5)发电状态,5,2025-07-14 20:48:33,2025-07-16 13:52:43,147850,41.07
1552,L01,#2,GW252/13600,(4)启机状态,4,2025-07-14 20:45:26,2025-07-14 20:48:33,187,0.05
1553,L01,#2,GW252/13600,(3)待机状态,3,2025-07-14 20:44:36,2025-07-14 20:45:26,50,0.01
1554,L01,#2,GW252/13600,(2)停机状态,2,2025-07-14 20:44:35,2025-07-14 20:44:36,1,0
1555,L01,#2,GW252/13600,(1)停机过程,1,2025-07-14 20:43:41,2025-07-14 20:44:35,54,0.02
1556,L01,#2,GW252/13600,(4)启机状态,4,2025-07-14 20:38:41,2025-07-14 20:43:41,300,0.08
1557,L01,#2,GW252/13600,(3)待机状态,3,2025-07-14 20:37:52,2025-07-14 20:38:41,49,0.01
1558,L01,#2,GW252/13600,(1)停机过程,1,2025-07-14 20:37:21,2025-07-14 20:37:52,31,0.01
1559,L01,#2,GW252/13600,(4)启机状态,4,2025-07-14 20:32:21,2025-07-14 20:37:21,300,0.08
1560,L01,#2,GW252/13600,(3)待机状态,3,2025-07-14 20:31:31,2025-07-14 20:32:21,50,0.01
1561,L01,#2,GW252/13600,(2)停机状态,2,2025-07-14 20:31:30,2025-07-14 20:31:31,1,0
1562,L01,#2,GW252/13600,(1)停机过程,1,2025-07-14 20:30:59,2025-07-14 20:31:30,31,0.01
1563,L01,#2,GW252/13600,(4)启机状态,4,2025-07-14 20:25:58,2025-07-14 20:30:59,301,0.08
1564,L01,#2,GW252/13600,(3)待机状态,3,2025-07-14 20:25:08,2025-07-14 20:25:58,50,0.01
1565,L01,#2,GW252/13600,(1)停机过程,1,2025-07-14 20:24:35,2025-07-14 20:25:08,33,0.01
1566,L01,#2,GW252/13600,(4)启机状态,4,2025-07-14 20:19:35,2025-07-14 20:24:35,300,0.08
1567,L01,#2,GW252/13600,(3)待机状态,3,2025-07-14 20:18:37,2025-07-14 20:19:35,58,0.02
1568,L01,#2,GW252/13600,(2)停机状态,2,2025-07-14 20:18:35,2025-07-14 20:18:37,2,0
1569,L01,#2,GW252/13600,(1)停机过程,1,2025-07-14 20:18:04,2025-07-14 20:18:35,31,0.01
1570,L01,#2,GW252/13600,(4)启机状态,4,2025-07-14 20:13:04,2025-07-14 20:18:04,300,0.08
1571,L01,#2,GW252/13600,(3)待机状态,3,2025-07-14 20:12:05,2025-07-14 20:13:04,59,0.02
1572,L01,#2,GW252/13600,(1)停机过程,1,2025-07-14 20:11:34,2025-07-14 20:12:05,31,0.01
1573,L01,#2,GW252/13600,(4)启机状态,4,2025-07-14 20:06:33,2025-07-14 20:11:34,301,0.08
1574,L01,#2,GW252/13600,(3)待机状态,3,2025-07-14 20:05:33,2025-07-14 20:06:33,60,0.02
1575,L01,#2,GW252/13600,(2)停机状态,2,2025-07-14 20:05:32,2025-07-14 20:05:33,1,0
1576,L01,#2,GW252/13600,(1)停机过程,1,2025-07-14 20:04:59,2025-07-14 20:05:32,33,0.01
1577,L01,#2,GW252/13600,(4)启机状态,4,2025-07-14 19:59:59,2025-07-14 20:04:59,300,0.08
1578,L01,#2,GW252/13600,(3)待机状态,3,2025-07-14 19:58:39,2025-07-14 19:59:59,80,0.02
1579,L01,#2,GW252/13600,(1)停机过程,1,2025-07-14 19:58:06,2025-07-14 19:58:39,33,0.01
1580,L01,#2,GW252/13600,(4)启机状态,4,2025-07-14 19:53:06,2025-07-14 19:58:06,300,0.08
1581,L01,#2,GW252/13600,(3)待机状态,3,2025-07-14 19:50:08,2025-07-14 19:53:06,178,0.05
1582,L01,#2,GW252/13600,(2)停机状态,2,2025-07-14 19:50:07,2025-07-14 19:50:08,1,0
1583,L01,#2,GW252/13600,(1)停机过程,1,2025-07-14 19:49:34,2025-07-14 19:50:07,33,0.01
1584,L01,#2,GW252/13600,(4)启机状态,4,2025-07-14 19:44:34,2025-07-14 19:49:34,300,0.08
1585,L01,#2,GW252/13600,(3)待机状态,3,2025-07-14 19:43:36,2025-07-14 19:44:34,58,0.02
1586,L01,#2,GW252/13600,(2)停机状态,2,2025-07-14 19:42:07,2025-07-14 19:43:36,89,0.02
1587,L01,#2,GW252/13600,(1)停机过程,1,2025-07-14 19:41:36,2025-07-14 19:42:07,31,0.01
1588,L01,#2,GW252/13600,(4)启机状态,4,2025-07-14 19:36:36,2025-07-14 19:41:36,300,0.08
1589,L01,#2,GW252/13600,(3)待机状态,3,2025-07-14 19:33:18,2025-07-14 19:36:36,198,0.06
1590,L01,#2,GW252/13600,(2)停机状态,2,2025-07-14 19:33:17,2025-07-14 19:33:18,1,0
1591,L01,#2,GW252/13600,(1)停机过程,1,2025-07-14 19:32:44,2025-07-14 19:33:17,33,0.01
1592,L01,#2,GW252/13600,(4)启机状态,4,2025-07-14 19:27:44,2025-07-14 19:32:44,300,0.08
1593,L01,#2,GW252/13600,(3)待机状态,3,2025-07-14 19:24:57,2025-07-14 19:27:44,167,0.05
1594,L01,#2,GW252/13600,(1)停机过程,1,2025-07-14 19:24:25,2025-07-14 19:24:57,32,0.01
1595,L01,#2,GW252/13600,(4)启机状态,4,2025-07-14 19:19:24,2025-07-14 19:24:25,301,0.08
1596,L01,#2,GW252/13600,(3)待机状态,3,2025-07-14 19:18:29,2025-07-14 19:19:24,55,0.02
1597,L01,#2,GW252/13600,(2)停机状态,2,2025-07-14 19:18:27,2025-07-14 19:18:29,2,0
1598,L01,#2,GW252/13600,(1)停机过程,1,2025-07-14 19:17:54,2025-07-14 19:18:27,33,0.01
1599,L01,#2,GW252/13600,(4)启机状态,4,2025-07-14 19:12:54,2025-07-14 19:17:54,300,0.08
1600,L01,#2,GW252/13600,(3)待机状态,3,2025-07-14 19:11:36,2025-07-14 19:12:54,78,0.02
1601,L01,#2,GW252/13600,(2)停机状态,2,2025-07-14 19:11:34,2025-07-14 19:11:36,2,0
1602,L01,#2,GW252/13600,(1)停机过程,1,2025-07-14 19:11:03,2025-07-14 19:11:34,31,0.01
1603,L01,#2,GW252/13600,(4)启机状态,4,2025-07-14 19:06:02,2025-07-14 19:11:03,301,0.08
1604,L01,#2,GW252/13600,(3)待机状态,3,2025-07-14 19:04:29,2025-07-14 19:06:02,93,0.03
1605,L01,#2,GW252/13600,(2)停机状态,2,2025-07-14 19:04:27,2025-07-14 19:04:29,2,0
1606,L01,#2,GW252/13600,(1)停机过程,1,2025-07-14 19:03:56,2025-07-14 19:04:27,31,0.01
1607,L01,#2,GW252/13600,(4)启机状态,4,2025-07-14 18:58:56,2025-07-14 19:03:56,300,0.08
1608,L01,#2,GW252/13600,(3)待机状态,3,2025-07-14 18:57:53,2025-07-14 18:58:56,63,0.02
1609,L01,#2,GW252/13600,(2)停机状态,2,2025-07-14 18:57:52,2025-07-14 18:57:53,1,0
1610,L01,#2,GW252/13600,(1)停机过程,1,2025-07-14 18:57:19,2025-07-14 18:57:52,33,0.01
1611,L01,#2,GW252/13600,(4)启机状态,4,2025-07-14 18:52:20,2025-07-14 18:57:19,299,0.08
1612,L01,#2,GW252/13600,(3)待机状态,3,2025-07-14 18:51:14,2025-07-14 18:52:20,66,0.02
1613,L01,#2,GW252/13600,(2)停机状态,2,2025-07-14 18:51:13,2025-07-14 18:51:14,1,0
1614,L01,#2,GW252/13600,(1)停机过程,1,2025-07-14 18:50:42,2025-07-14 18:51:13,31,0.01
1615,L01,#2,GW252/13600,(4)启机状态,4,2025-07-14 18:45:42,2025-07-14 18:50:42,300,0.08
1616,L01,#2,GW252/13600,(3)待机状态,3,2025-07-14 18:44:50,2025-07-14 18:45:42,52,0.01
1617,L01,#2,GW252/13600,(2)停机状态,2,2025-07-14 18:44:48,2025-07-14 18:44:50,2,0
1618,L01,#2,GW252/13600,(1)停机过程,1,2025-07-14 18:44:15,2025-07-14 18:44:48,33,0.01
1619,L01,#2,GW252/13600,(4)启机状态,4,2025-07-14 18:39:15,2025-07-14 18:44:15,300,0.08
1620,L01,#2,GW252/13600,(3)待机状态,3,2025-07-14 18:38:25,2025-07-14 18:39:15,50,0.01
1621,L01,#2,GW252/13600,(1)停机过程,1,2025-07-14 18:37:52,2025-07-14 18:38:25,33,0.01
1622,L01,#2,GW252/13600,(4)启机状态,4,2025-07-14 18:32:53,2025-07-14 18:37:52,299,0.08
1623,L01,#2,GW252/13600,(3)待机状态,3,2025-07-14 18:31:53,2025-07-14 18:32:53,60,0.02
1624,L01,#2,GW252/13600,(2)停机状态,2,2025-07-14 18:31:52,2025-07-14 18:31:53,1,0
1625,L01,#2,GW252/13600,(1)停机过程,1,2025-07-14 18:31:21,2025-07-14 18:31:52,31,0.01
1626,L01,#2,GW252/13600,(4)启机状态,4,2025-07-14 18:26:21,2025-07-14 18:31:21,300,0.08
1627,L01,#2,GW252/13600,(3)待机状态,3,2025-07-14 18:24:36,2025-07-14 18:26:21,105,0.03
1628,L01,#2,GW252/13600,(2)停机状态,2,2025-07-14 18:24:35,2025-07-14 18:24:36,1,0
1629,L01,#2,GW252/13600,(1)停机过程,1,2025-07-14 18:24:04,2025-07-14 18:24:35,31,0.01
1630,L01,#2,GW252/13600,(4)启机状态,4,2025-07-14 18:19:04,2025-07-14 18:24:04,300,0.08
1631,L01,#2,GW252/13600,(3)待机状态,3,2025-07-14 18:17:47,2025-07-14 18:19:04,77,0.02
1632,L01,#2,GW252/13600,(2)停机状态,2,2025-07-14 18:17:46,2025-07-14 18:17:47,1,0
1633,L01,#2,GW252/13600,(1)停机过程,1,2025-07-14 18:17:14,2025-07-14 18:17:46,32,0.01
1634,L01,#2,GW252/13600,(4)启机状态,4,2025-07-14 18:12:14,2025-07-14 18:17:14,300,0.08
1635,L01,#2,GW252/13600,(3)待机状态,3,2025-07-14 18:10:36,2025-07-14 18:12:14,98,0.03
1636,L01,#2,GW252/13600,(2)停机状态,2,2025-07-14 18:10:35,2025-07-14 18:10:36,1,0
1637,L01,#2,GW252/13600,(1)停机过程,1,2025-07-14 18:10:03,2025-07-14 18:10:35,32,0.01
1638,L01,#2,GW252/13600,(4)启机状态,4,2025-07-14 18:05:03,2025-07-14 18:10:03,300,0.08
1639,L01,#2,GW252/13600,(3)待机状态,3,2025-07-14 18:04:03,2025-07-14 18:05:03,60,0.02
1640,L01,#2,GW252/13600,(2)停机状态,2,2025-07-14 18:02:04,2025-07-14 18:04:03,119,0.03
1641,L01,#2,GW252/13600,(1)停机过程,1,2025-07-14 18:01:32,2025-07-14 18:02:04,32,0.01
1642,L01,#2,GW252/13600,(4)启机状态,4,2025-07-14 17:56:32,2025-07-14 18:01:32,300,0.08
1643,L01,#2,GW252/13600,(3)待机状态,3,2025-07-14 17:53:32,2025-07-14 17:56:32,180,0.05
1644,L01,#2,GW252/13600,(2)停机状态,2,2025-07-14 17:53:30,2025-07-14 17:53:32,2,0
1645,L01,#2,GW252/13600,(1)停机过程,1,2025-07-14 17:52:58,2025-07-14 17:53:30,32,0.01
1646,L01,#2,GW252/13600,(4)启机状态,4,2025-07-14 17:47:58,2025-07-14 17:52:58,300,0.08
1647,L01,#2,GW252/13600,(3)待机状态,3,2025-07-14 17:46:57,2025-07-14 17:47:58,61,0.02
1648,L01,#2,GW252/13600,(1)停机过程,1,2025-07-14 17:46:25,2025-07-14 17:46:57,32,0.01
1649,L01,#2,GW252/13600,(4)启机状态,4,2025-07-14 17:41:25,2025-07-14 17:46:25,300,0.08
1650,L01,#2,GW252/13600,(3)待机状态,3,2025-07-14 17:40:27,2025-07-14 17:41:25,58,0.02
1651,L01,#2,GW252/13600,(2)停机状态,2,2025-07-14 17:40:25,2025-07-14 17:40:27,2,0
1652,L01,#2,GW252/13600,(1)停机过程,1,2025-07-14 17:39:54,2025-07-14 17:40:25,31,0.01
1653,L01,#2,GW252/13600,(4)启机状态,4,2025-07-14 17:34:54,2025-07-14 17:39:54,300,0.08
1654,L01,#2,GW252/13600,(3)待机状态,3,2025-07-14 17:33:36,2025-07-14 17:34:54,78,0.02
1655,L01,#2,GW252/13600,(2)停机状态,2,2025-07-14 17:33:35,2025-07-14 17:33:36,1,0
1656,L01,#2,GW252/13600,(1)停机过程,1,2025-07-14 17:33:04,2025-07-14 17:33:35,31,0.01
1657,L01,#2,GW252/13600,(4)启机状态,4,2025-07-14 17:28:03,2025-07-14 17:33:04,301,0.08
1658,L01,#2,GW252/13600,(3)待机状态,3,2025-07-14 17:26:46,2025-07-14 17:28:03,77,0.02
1659,L01,#2,GW252/13600,(2)停机状态,2,2025-07-14 17:26:22,2025-07-14 17:26:46,24,0.01
1660,L01,#2,GW252/13600,(1)停机过程,1,2025-07-14 17:25:49,2025-07-14 17:26:22,33,0.01
1661,L01,#2,GW252/13600,(4)启机状态,4,2025-07-14 17:20:49,2025-07-14 17:25:49,300,0.08
1662,L01,#2,GW252/13600,(3)待机状态,3,2025-07-14 17:19:55,2025-07-14 17:20:49,54,0.02
1663,L01,#2,GW252/13600,(2)停机状态,2,2025-07-14 17:19:54,2025-07-14 17:19:55,1,0
1664,L01,#2,GW252/13600,(1)停机过程,1,2025-07-14 17:19:22,2025-07-14 17:19:54,32,0.01
1665,L01,#2,GW252/13600,(4)启机状态,4,2025-07-14 17:14:22,2025-07-14 17:19:22,300,0.08
1666,L01,#2,GW252/13600,(3)待机状态,3,2025-07-14 17:13:30,2025-07-14 17:14:22,52,0.01
1667,L01,#2,GW252/13600,(2)停机状态,2,2025-07-14 17:13:29,2025-07-14 17:13:30,1,0
1668,L01,#2,GW252/13600,(1)停机过程,1,2025-07-14 17:12:58,2025-07-14 17:13:29,31,0.01
1669,L01,#2,GW252/13600,(4)启机状态,4,2025-07-14 17:07:58,2025-07-14 17:12:58,300,0.08
1670,L01,#2,GW252/13600,(3)待机状态,3,2025-07-14 17:07:06,2025-07-14 17:07:58,52,0.01
1671,L01,#2,GW252/13600,(2)停机状态,2,2025-07-14 17:07:04,2025-07-14 17:07:06,2,0
1672,L01,#2,GW252/13600,(1)停机过程,1,2025-07-14 17:06:33,2025-07-14 17:07:04,31,0.01
1673,L01,#2,GW252/13600,(4)启机状态,4,2025-07-14 17:01:32,2025-07-14 17:06:33,301,0.08
1674,L01,#2,GW252/13600,(3)待机状态,3,2025-07-14 17:00:44,2025-07-14 17:01:32,48,0.01
1675,L01,#2,GW252/13600,(2)停机状态,2,2025-07-14 17:00:41,2025-07-14 17:00:44,3,0
1676,L01,#2,GW252/13600,(1)停机过程,1,2025-07-14 17:00:10,2025-07-14 17:00:41,31,0.01
1677,L01,#2,GW252/13600,(4)启机状态,4,2025-07-14 16:55:10,2025-07-14 17:00:10,300,0.08
1678,L01,#2,GW252/13600,(3)待机状态,3,2025-07-14 16:54:13,2025-07-14 16:55:10,57,0.02
1679,L01,#2,GW252/13600,(2)停机状态,2,2025-07-14 16:54:12,2025-07-14 16:54:13,1,0
1680,L01,#2,GW252/13600,(1)停机过程,1,2025-07-14 16:53:41,2025-07-14 16:54:12,31,0.01
1681,L01,#2,GW252/13600,(4)启机状态,4,2025-07-14 16:48:40,2025-07-14 16:53:41,301,0.08
1682,L01,#2,GW252/13600,(3)待机状态,3,2025-07-14 16:47:48,2025-07-14 16:48:40,52,0.01
1683,L01,#2,GW252/13600,(2)停机状态,2,2025-07-14 16:47:46,2025-07-14 16:47:48,2,0
1684,L01,#2,GW252/13600,(1)停机过程,1,2025-07-14 16:47:14,2025-07-14 16:47:46,32,0.01
1685,L01,#2,GW252/13600,(4)启机状态,4,2025-07-14 16:42:14,2025-07-14 16:47:14,300,0.08
1686,L01,#2,GW252/13600,(3)待机状态,3,2025-07-14 16:41:15,2025-07-14 16:42:14,59,0.02
1687,L01,#2,GW252/13600,(2)停机状态,2,2025-07-14 16:41:12,2025-07-14 16:41:15,3,0
1688,L01,#2,GW252/13600,(1)停机过程,1,2025-07-14 16:40:42,2025-07-14 16:41:12,30,0.01
1689,L01,#2,GW252/13600,(4)启机状态,4,2025-07-14 16:35:41,2025-07-14 16:40:42,301,0.08
1690,L01,#2,GW252/13600,(3)待机状态,3,2025-07-14 16:34:50,2025-07-14 16:35:41,51,0.01
1691,L01,#2,GW252/13600,(2)停机状态,2,2025-07-14 16:34:49,2025-07-14 16:34:50,1,0
1692,L01,#2,GW252/13600,(1)停机过程,1,2025-07-14 16:34:17,2025-07-14 16:34:49,32,0.01
1693,L01,#2,GW252/13600,(4)启机状态,4,2025-07-14 16:29:17,2025-07-14 16:34:17,300,0.08
1694,L01,#2,GW252/13600,(3)待机状态,3,2025-07-14 16:28:27,2025-07-14 16:29:17,50,0.01
1695,L01,#2,GW252/13600,(1)停机过程,1,2025-07-14 16:27:56,2025-07-14 16:28:27,31,0.01
1696,L01,#2,GW252/13600,(4)启机状态,4,2025-07-14 16:22:55,2025-07-14 16:27:56,301,0.08
1697,L01,#2,GW252/13600,(3)待机状态,3,2025-07-14 16:22:06,2025-07-14 16:22:55,49,0.01
1698,L01,#2,GW252/13600,(2)停机状态,2,2025-07-14 16:22:04,2025-07-14 16:22:06,2,0
1699,L01,#2,GW252/13600,(1)停机过程,1,2025-07-14 16:21:32,2025-07-14 16:22:04,32,0.01
1700,L01,#2,GW252/13600,(4)启机状态,4,2025-07-14 16:16:33,2025-07-14 16:21:32,299,0.08
1701,L01,#2,GW252/13600,(3)待机状态,3,2025-07-14 16:15:47,2025-07-14 16:16:33,46,0.01
1702,L01,#2,GW252/13600,(2)停机状态,2,2025-07-14 16:15:46,2025-07-14 16:15:47,1,0
1703,L01,#2,GW252/13600,(1)停机过程,1,2025-07-14 16:15:14,2025-07-14 16:15:46,32,0.01
1704,L01,#2,GW252/13600,(4)启机状态,4,2025-07-14 16:10:14,2025-07-14 16:15:14,300,0.08
1705,L01,#2,GW252/13600,(3)待机状态,3,2025-07-14 16:09:21,2025-07-14 16:10:14,53,0.01
1706,L01,#2,GW252/13600,(2)停机状态,2,2025-07-14 16:09:19,2025-07-14 16:09:21,2,0
1707,L01,#2,GW252/13600,(1)停机过程,1,2025-07-14 16:08:46,2025-07-14 16:09:19,33,0.01
1708,L01,#2,GW252/13600,(4)启机状态,4,2025-07-14 16:03:46,2025-07-14 16:08:46,300,0.08
1709,L01,#2,GW252/13600,(3)待机状态,3,2025-07-14 16:02:44,2025-07-14 16:03:46,62,0.02
1710,L01,#2,GW252/13600,(2)停机状态,2,2025-07-14 16:02:43,2025-07-14 16:02:44,1,0
1711,L01,#2,GW252/13600,(1)停机过程,1,2025-07-14 16:02:11,2025-07-14 16:02:43,32,0.01
1712,L01,#2,GW252/13600,(4)启机状态,4,2025-07-14 15:57:12,2025-07-14 16:02:11,299,0.08
1713,L01,#2,GW252/13600,(3)待机状态,3,2025-07-14 15:56:01,2025-07-14 15:57:12,71,0.02
1714,L01,#2,GW252/13600,(2)停机状态,2,2025-07-14 15:55:58,2025-07-14 15:56:01,3,0
1715,L01,#2,GW252/13600,(1)停机过程,1,2025-07-14 15:55:26,2025-07-14 15:55:58,32,0.01
1716,L01,#2,GW252/13600,(4)启机状态,4,2025-07-14 15:50:26,2025-07-14 15:55:26,300,0.08
1717,L01,#2,GW252/13600,(3)待机状态,3,2025-07-14 15:48:51,2025-07-14 15:50:26,95,0.03
1718,L01,#2,GW252/13600,(2)停机状态,2,2025-07-14 15:48:50,2025-07-14 15:48:51,1,0
1719,L01,#2,GW252/13600,(1)停机过程,1,2025-07-14 15:48:18,2025-07-14 15:48:50,32,0.01
1720,L01,#2,GW252/13600,(4)启机状态,4,2025-07-14 15:43:18,2025-07-14 15:48:18,300,0.08
1721,L01,#2,GW252/13600,(3)待机状态,3,2025-07-14 15:42:07,2025-07-14 15:43:18,71,0.02
1722,L01,#2,GW252/13600,(2)停机状态,2,2025-07-14 15:42:06,2025-07-14 15:42:07,1,0
1723,L01,#2,GW252/13600,(1)停机过程,1,2025-07-14 15:41:35,2025-07-14 15:42:06,31,0.01
1724,L01,#2,GW252/13600,(4)启机状态,4,2025-07-14 15:36:35,2025-07-14 15:41:35,300,0.08
1725,L01,#2,GW252/13600,(3)待机状态,3,2025-07-14 15:35:30,2025-07-14 15:36:35,65,0.02
1726,L01,#2,GW252/13600,(2)停机状态,2,2025-07-14 15:35:29,2025-07-14 15:35:30,1,0
1727,L01,#2,GW252/13600,(1)停机过程,1,2025-07-14 15:34:57,2025-07-14 15:35:29,32,0.01
1728,L01,#2,GW252/13600,(4)启机状态,4,2025-07-14 15:29:57,2025-07-14 15:34:57,300,0.08
1729,L01,#2,GW252/13600,(3)待机状态,3,2025-07-14 15:29:03,2025-07-14 15:29:57,54,0.02
1730,L01,#2,GW252/13600,(2)停机状态,2,2025-07-14 15:29:02,2025-07-14 15:29:03,1,0
1731,L01,#2,GW252/13600,(1)停机过程,1,2025-07-14 15:28:30,2025-07-14 15:29:02,32,0.01
1732,L01,#2,GW252/13600,(4)启机状态,4,2025-07-14 15:23:30,2025-07-14 15:28:30,300,0.08
1733,L01,#2,GW252/13600,(3)待机状态,3,2025-07-14 15:22:27,2025-07-14 15:23:30,63,0.02
1734,L01,#2,GW252/13600,(2)停机状态,2,2025-07-14 15:22:26,2025-07-14 15:22:27,1,0
1735,L01,#2,GW252/13600,(1)停机过程,1,2025-07-14 15:21:54,2025-07-14 15:22:26,32,0.01
1736,L01,#2,GW252/13600,(4)启机状态,4,2025-07-14 15:16:54,2025-07-14 15:21:54,300,0.08
1737,L01,#2,GW252/13600,(3)待机状态,3,2025-07-14 15:14:55,2025-07-14 15:16:54,119,0.03
1738,L01,#2,GW252/13600,(2)停机状态,2,2025-07-14 15:14:50,2025-07-14 15:14:55,5,0
1739,L01,#2,GW252/13600,(1)停机过程,1,2025-07-14 15:14:18,2025-07-14 15:14:50,32,0.01
1740,L01,#2,GW252/13600,(4)启机状态,4,2025-07-14 15:09:16,2025-07-14 15:14:18,302,0.08
1741,L01,#2,GW252/13600,(3)待机状态,3,2025-07-14 15:07:03,2025-07-14 15:09:16,133,0.04
1742,L01,#2,GW252/13600,(1)停机过程,1,2025-07-14 15:06:32,2025-07-14 15:07:03,31,0.01
1743,L01,#2,GW252/13600,(4)启机状态,4,2025-07-14 15:01:32,2025-07-14 15:06:32,300,0.08
1744,L01,#2,GW252/13600,(3)待机状态,3,2025-07-14 14:59:44,2025-07-14 15:01:32,108,0.03
1745,L01,#2,GW252/13600,(2)停机状态,2,2025-07-14 14:58:41,2025-07-14 14:59:44,63,0.02
1746,L01,#2,GW252/13600,(1)停机过程,1,2025-07-14 14:58:09,2025-07-14 14:58:41,32,0.01
1747,L01,#2,GW252/13600,(4)启机状态,4,2025-07-14 14:53:10,2025-07-14 14:58:09,299,0.08
1748,L01,#2,GW252/13600,(3)待机状态,3,2025-07-14 12:47:53,2025-07-14 14:53:10,7517,2.09
1749,L01,#2,GW252/13600,(2)停机状态,2,2025-07-14 12:46:32,2025-07-14 12:47:53,81,0.02
1750,L01,#2,GW252/13600,(1)停机过程,1,2025-07-14 12:45:34,2025-07-14 12:46:32,58,0.02
1751,L01,#2,GW252/13600,(5)发电状态,5,2025-07-14 12:31:01,2025-07-14 12:45:34,873,0.24
1752,L01,#2,GW252/13600,(4)启机状态,4,2025-07-14 12:27:47,2025-07-14 12:31:01,194,0.05
1753,L01,#2,GW252/13600,(3)待机状态,3,2025-07-14 12:26:52,2025-07-14 12:27:47,55,0.02
1754,L01,#2,GW252/13600,(2)停机状态,2,2025-07-14 12:26:51,2025-07-14 12:26:52,1,0
1755,L01,#2,GW252/13600,(1)停机过程,1,2025-07-14 12:26:19,2025-07-14 12:26:51,32,0.01
1756,L01,#2,GW252/13600,(4)启机状态,4,2025-07-14 12:21:18,2025-07-14 12:26:19,301,0.08
1757,L01,#2,GW252/13600,(3)待机状态,3,2025-07-14 12:19:18,2025-07-14 12:21:18,120,0.03
1758,L01,#2,GW252/13600,(2)停机状态,2,2025-07-14 12:19:13,2025-07-14 12:19:18,5,0
1759,L01,#2,GW252/13600,(1)停机过程,1,2025-07-14 12:18:41,2025-07-14 12:19:13,32,0.01
1760,L01,#2,GW252/13600,(4)启机状态,4,2025-07-14 12:13:41,2025-07-14 12:18:41,300,0.08
1761,L01,#2,GW252/13600,(3)待机状态,3,2025-07-14 12:10:08,2025-07-14 12:13:41,213,0.06
1762,L01,#2,GW252/13600,(2)停机状态,2,2025-07-14 12:10:06,2025-07-14 12:10:08,2,0
1763,L01,#2,GW252/13600,(1)停机过程,1,2025-07-14 12:09:35,2025-07-14 12:10:06,31,0.01
1764,L01,#2,GW252/13600,(4)启机状态,4,2025-07-14 12:04:35,2025-07-14 12:09:35,300,0.08
1765,L01,#2,GW252/13600,(3)待机状态,3,2025-07-14 12:01:50,2025-07-14 12:04:35,165,0.05
1766,L01,#2,GW252/13600,(1)停机过程,1,2025-07-14 12:01:18,2025-07-14 12:01:50,32,0.01
1767,L01,#2,GW252/13600,(4)启机状态,4,2025-07-14 11:56:18,2025-07-14 12:01:18,300,0.08
1768,L01,#2,GW252/13600,(3)待机状态,3,2025-07-14 11:54:52,2025-07-14 11:56:18,86,0.02
1769,L01,#2,GW252/13600,(1)停机过程,1,2025-07-14 11:54:20,2025-07-14 11:54:52,32,0.01
1770,L01,#2,GW252/13600,(4)启机状态,4,2025-07-14 11:49:20,2025-07-14 11:54:20,300,0.08
1771,L01,#2,GW252/13600,(3)待机状态,3,2025-07-14 11:47:09,2025-07-14 11:49:20,131,0.04
1772,L01,#2,GW252/13600,(2)停机状态,2,2025-07-14 11:45:52,2025-07-14 11:47:09,77,0.02
1773,L01,#2,GW252/13600,(1)停机过程,1,2025-07-14 11:44:54,2025-07-14 11:45:52,58,0.02
1774,L01,#2,GW252/13600,(5)发电状态,5,2025-07-13 16:00:19,2025-07-14 11:44:54,71075,19.74
1775,L01,#2,GW252/13600,(4)启机状态,4,2025-07-13 15:58:00,2025-07-13 16:00:19,139,0.04
1776,L01,#2,GW252/13600,(3)待机状态,3,2025-07-13 15:57:09,2025-07-13 15:58:00,51,0.01
1777,L01,#2,GW252/13600,(2)停机状态,2,2025-07-13 15:57:08,2025-07-13 15:57:09,1,0
1778,L01,#2,GW252/13600,(1)停机过程,1,2025-07-13 15:56:37,2025-07-13 15:57:08,31,0.01
1779,L01,#2,GW252/13600,(4)启机状态,4,2025-07-13 15:51:37,2025-07-13 15:56:37,300,0.08
1780,L01,#2,GW252/13600,(3)待机状态,3,2025-07-13 15:50:43,2025-07-13 15:51:37,54,0.02
1781,L01,#2,GW252/13600,(2)停机状态,2,2025-07-13 15:50:41,2025-07-13 15:50:43,2,0
1782,L01,#2,GW252/13600,(1)停机过程,1,2025-07-13 15:50:09,2025-07-13 15:50:41,32,0.01
1783,L01,#2,GW252/13600,(4)启机状态,4,2025-07-13 15:45:08,2025-07-13 15:50:09,301,0.08
1784,L01,#2,GW252/13600,(3)待机状态,3,2025-07-13 15:44:13,2025-07-13 15:45:08,55,0.02
1785,L01,#2,GW252/13600,(1)停机过程,1,2025-07-13 15:43:40,2025-07-13 15:44:13,33,0.01
1786,L01,#2,GW252/13600,(4)启机状态,4,2025-07-13 15:38:41,2025-07-13 15:43:40,299,0.08
1787,L01,#2,GW252/13600,(3)待机状态,3,2025-07-13 15:37:42,2025-07-13 15:38:41,59,0.02
1788,L01,#2,GW252/13600,(2)停机状态,2,2025-07-13 15:37:41,2025-07-13 15:37:42,1,0
1789,L01,#2,GW252/13600,(1)停机过程,1,2025-07-13 15:37:11,2025-07-13 15:37:41,30,0.01
1790,L01,#2,GW252/13600,(4)启机状态,4,2025-07-13 15:32:10,2025-07-13 15:37:11,301,0.08
1791,L01,#2,GW252/13600,(3)待机状态,3,2025-07-13 15:31:05,2025-07-13 15:32:10,65,0.02
1792,L01,#2,GW252/13600,(2)停机状态,2,2025-07-13 15:31:02,2025-07-13 15:31:05,3,0
1793,L01,#2,GW252/13600,(1)停机过程,1,2025-07-13 15:30:30,2025-07-13 15:31:02,32,0.01
1794,L01,#2,GW252/13600,(4)启机状态,4,2025-07-13 15:25:30,2025-07-13 15:30:30,300,0.08
1795,L01,#2,GW252/13600,(3)待机状态,3,2025-07-13 15:23:35,2025-07-13 15:25:30,115,0.03
1796,L01,#2,GW252/13600,(2)停机状态,2,2025-07-13 15:23:34,2025-07-13 15:23:35,1,0
1797,L01,#2,GW252/13600,(1)停机过程,1,2025-07-13 15:22:37,2025-07-13 15:23:34,57,0.02
1798,L01,#2,GW252/13600,(5)发电状态,5,2025-07-13 13:43:32,2025-07-13 15:22:37,5945,1.65
1799,L01,#2,GW252/13600,(4)启机状态,4,2025-07-13 13:39:45,2025-07-13 13:43:32,227,0.06
1800,L01,#2,GW252/13600,(3)待机状态,3,2025-07-13 13:38:48,2025-07-13 13:39:45,57,0.02
1801,L01,#2,GW252/13600,(2)停机状态,2,2025-07-13 13:38:46,2025-07-13 13:38:48,2,0
1802,L01,#2,GW252/13600,(1)停机过程,1,2025-07-13 13:38:14,2025-07-13 13:38:46,32,0.01
1803,L01,#2,GW252/13600,(4)启机状态,4,2025-07-13 13:33:14,2025-07-13 13:38:14,300,0.08
1804,L01,#2,GW252/13600,(3)待机状态,3,2025-07-13 13:32:17,2025-07-13 13:33:14,57,0.02
1805,L01,#2,GW252/13600,(2)停机状态,2,2025-07-13 13:32:15,2025-07-13 13:32:17,2,0
1806,L01,#2,GW252/13600,(1)停机过程,1,2025-07-13 13:31:44,2025-07-13 13:32:15,31,0.01
1807,L01,#2,GW252/13600,(4)启机状态,4,2025-07-13 13:26:44,2025-07-13 13:31:44,300,0.08
1808,L01,#2,GW252/13600,(3)待机状态,3,2025-07-13 13:25:47,2025-07-13 13:26:44,57,0.02
1809,L01,#2,GW252/13600,(2)停机状态,2,2025-07-13 13:25:45,2025-07-13 13:25:47,2,0
1810,L01,#2,GW252/13600,(1)停机过程,1,2025-07-13 13:25:13,2025-07-13 13:25:45,32,0.01
1811,L01,#2,GW252/13600,(4)启机状态,4,2025-07-13 13:20:13,2025-07-13 13:25:13,300,0.08
1812,L01,#2,GW252/13600,(3)待机状态,3,2025-07-13 13:19:16,2025-07-13 13:20:13,57,0.02
1813,L01,#2,GW252/13600,(2)停机状态,2,2025-07-13 13:19:15,2025-07-13 13:19:16,1,0
1814,L01,#2,GW252/13600,(1)停机过程,1,2025-07-13 13:18:43,2025-07-13 13:19:15,32,0.01
1815,L01,#2,GW252/13600,(4)启机状态,4,2025-07-13 13:13:43,2025-07-13 13:18:43,300,0.08
1816,L01,#2,GW252/13600,(3)待机状态,3,2025-07-13 13:12:11,2025-07-13 13:13:43,92,0.03
1817,L01,#2,GW252/13600,(2)停机状态,2,2025-07-13 13:12:10,2025-07-13 13:12:11,1,0
1818,L01,#2,GW252/13600,(1)停机过程,1,2025-07-13 13:11:38,2025-07-13 13:12:10,32,0.01
1819,L01,#2,GW252/13600,(4)启机状态,4,2025-07-13 13:06:38,2025-07-13 13:11:38,300,0.08
1820,L01,#2,GW252/13600,(3)待机状态,3,2025-07-13 13:05:33,2025-07-13 13:06:38,65,0.02
1821,L01,#2,GW252/13600,(2)停机状态,2,2025-07-13 13:05:26,2025-07-13 13:05:33,7,0
1822,L01,#2,GW252/13600,(1)停机过程,1,2025-07-13 13:04:54,2025-07-13 13:05:26,32,0.01
1823,L01,#2,GW252/13600,(4)启机状态,4,2025-07-13 12:59:53,2025-07-13 13:04:54,301,0.08
1824,L01,#2,GW252/13600,(3)待机状态,3,2025-07-13 12:58:54,2025-07-13 12:59:53,59,0.02
1825,L01,#2,GW252/13600,(2)停机状态,2,2025-07-13 12:58:52,2025-07-13 12:58:54,2,0
1826,L01,#2,GW252/13600,(1)停机过程,1,2025-07-13 12:58:21,2025-07-13 12:58:52,31,0.01
1827,L01,#2,GW252/13600,(4)启机状态,4,2025-07-13 12:53:21,2025-07-13 12:58:21,300,0.08
1828,L01,#2,GW252/13600,(3)待机状态,3,2025-07-13 12:50:28,2025-07-13 12:53:21,173,0.05
1829,L01,#2,GW252/13600,(2)停机状态,2,2025-07-13 12:50:26,2025-07-13 12:50:28,2,0
1830,L01,#2,GW252/13600,(1)停机过程,1,2025-07-13 12:49:55,2025-07-13 12:50:26,31,0.01
1831,L01,#2,GW252/13600,(4)启机状态,4,2025-07-13 12:44:55,2025-07-13 12:49:55,300,0.08
1832,L01,#2,GW252/13600,(3)待机状态,3,2025-07-13 12:42:32,2025-07-13 12:44:55,143,0.04
1833,L01,#2,GW252/13600,(2)停机状态,2,2025-07-13 12:41:40,2025-07-13 12:42:32,52,0.01
1834,L01,#2,GW252/13600,(1)停机过程,1,2025-07-13 12:41:10,2025-07-13 12:41:40,30,0.01
1835,L01,#2,GW252/13600,(4)启机状态,4,2025-07-13 12:36:09,2025-07-13 12:41:10,301,0.08
1836,L01,#2,GW252/13600,(3)待机状态,3,2025-07-13 12:34:59,2025-07-13 12:36:09,70,0.02
1837,L01,#2,GW252/13600,(2)停机状态,2,2025-07-13 12:34:57,2025-07-13 12:34:59,2,0
1838,L01,#2,GW252/13600,(1)停机过程,1,2025-07-13 12:34:25,2025-07-13 12:34:57,32,0.01
1839,L01,#2,GW252/13600,(4)启机状态,4,2025-07-13 12:29:25,2025-07-13 12:34:25,300,0.08
1840,L01,#2,GW252/13600,(3)待机状态,3,2025-07-13 12:27:45,2025-07-13 12:29:25,100,0.03
1841,L01,#2,GW252/13600,(2)停机状态,2,2025-07-13 12:27:42,2025-07-13 12:27:45,3,0
1842,L01,#2,GW252/13600,(1)停机过程,1,2025-07-13 12:27:10,2025-07-13 12:27:42,32,0.01
1843,L01,#2,GW252/13600,(4)启机状态,4,2025-07-13 12:22:10,2025-07-13 12:27:10,300,0.08
1844,L01,#2,GW252/13600,(3)待机状态,3,2025-07-13 12:21:16,2025-07-13 12:22:10,54,0.02
1845,L01,#2,GW252/13600,(2)停机状态,2,2025-07-13 12:21:14,2025-07-13 12:21:16,2,0
1846,L01,#2,GW252/13600,(1)停机过程,1,2025-07-13 12:20:43,2025-07-13 12:21:14,31,0.01
1847,L01,#2,GW252/13600,(4)启机状态,4,2025-07-13 12:15:43,2025-07-13 12:20:43,300,0.08
1848,L01,#2,GW252/13600,(3)待机状态,3,2025-07-13 12:14:46,2025-07-13 12:15:43,57,0.02
1849,L01,#2,GW252/13600,(2)停机状态,2,2025-07-13 12:14:16,2025-07-13 12:14:46,30,0.01
1850,L01,#2,GW252/13600,(1)停机过程,1,2025-07-13 12:13:44,2025-07-13 12:14:16,32,0.01
1851,L01,#2,GW252/13600,(4)启机状态,4,2025-07-13 12:08:44,2025-07-13 12:13:44,300,0.08
1852,L01,#2,GW252/13600,(3)待机状态,3,2025-07-13 12:07:31,2025-07-13 12:08:44,73,0.02
1853,L01,#2,GW252/13600,(2)停机状态,2,2025-07-13 12:07:29,2025-07-13 12:07:31,2,0
1854,L01,#2,GW252/13600,(1)停机过程,1,2025-07-13 12:06:57,2025-07-13 12:07:29,32,0.01
1855,L01,#2,GW252/13600,(4)启机状态,4,2025-07-13 12:01:57,2025-07-13 12:06:57,300,0.08
1856,L01,#2,GW252/13600,(3)待机状态,3,2025-07-13 12:00:46,2025-07-13 12:01:57,71,0.02
1857,L01,#2,GW252/13600,(2)停机状态,2,2025-07-13 12:00:45,2025-07-13 12:00:46,1,0
1858,L01,#2,GW252/13600,(1)停机过程,1,2025-07-13 12:00:13,2025-07-13 12:00:45,32,0.01
1859,L01,#2,GW252/13600,(4)启机状态,4,2025-07-13 11:55:14,2025-07-13 12:00:13,299,0.08
1860,L01,#2,GW252/13600,(3)待机状态,3,2025-07-13 11:54:12,2025-07-13 11:55:14,62,0.02
1861,L01,#2,GW252/13600,(2)停机状态,2,2025-07-13 11:53:43,2025-07-13 11:54:12,29,0.01
1862,L01,#2,GW252/13600,(1)停机过程,1,2025-07-13 11:52:47,2025-07-13 11:53:43,56,0.02
1863,L01,#2,GW252/13600,(5)发电状态,5,2025-07-12 15:44:47,2025-07-13 11:52:47,72480,20.13
1864,L01,#2,GW252/13600,(4)启机状态,4,2025-07-12 15:40:09,2025-07-12 15:44:47,278,0.08
1865,L01,#2,GW252/13600,(3)待机状态,3,2025-07-12 15:39:25,2025-07-12 15:40:09,44,0.01
1866,L01,#2,GW252/13600,(2)停机状态,2,2025-07-12 15:39:23,2025-07-12 15:39:25,2,0
1867,L01,#2,GW252/13600,(1)停机过程,1,2025-07-12 15:38:52,2025-07-12 15:39:23,31,0.01
1868,L01,#2,GW252/13600,(4)启机状态,4,2025-07-12 15:33:52,2025-07-12 15:38:52,300,0.08
1869,L01,#2,GW252/13600,(3)待机状态,3,2025-07-12 15:31:27,2025-07-12 15:33:52,145,0.04
1870,L01,#2,GW252/13600,(2)停机状态,2,2025-07-12 15:30:24,2025-07-12 15:31:27,63,0.02
1871,L01,#2,GW252/13600,(1)停机过程,1,2025-07-12 15:29:28,2025-07-12 15:30:24,56,0.02
1872,L01,#2,GW252/13600,(5)发电状态,5,2025-07-12 14:58:44,2025-07-12 15:29:28,1844,0.51
1873,L01,#2,GW252/13600,(4)启机状态,4,2025-07-12 14:55:29,2025-07-12 14:58:44,195,0.05
1874,L01,#2,GW252/13600,(3)待机状态,3,2025-07-12 13:11:31,2025-07-12 14:55:29,6238,1.73
1875,L01,#2,GW252/13600,(2)停机状态,2,2025-07-12 13:06:42,2025-07-12 13:11:31,289,0.08
1876,L01,#2,GW252/13600,(1)停机过程,1,2025-07-12 13:06:10,2025-07-12 13:06:42,32,0.01
1877,L01,#2,GW252/13600,(4)启机状态,4,2025-07-12 13:01:11,2025-07-12 13:06:10,299,0.08
1878,L01,#2,GW252/13600,(3)待机状态,3,2025-07-12 12:54:27,2025-07-12 13:01:11,404,0.11
1879,L01,#2,GW252/13600,(2)停机状态,2,2025-07-12 12:48:51,2025-07-12 12:54:27,336,0.09
1880,L01,#2,GW252/13600,(1)停机过程,1,2025-07-12 12:48:19,2025-07-12 12:48:51,32,0.01
1881,L01,#2,GW252/13600,(4)启机状态,4,2025-07-12 12:43:19,2025-07-12 12:48:19,300,0.08
1882,L01,#2,GW252/13600,(3)待机状态,3,2025-07-12 12:39:05,2025-07-12 12:43:19,254,0.07
1883,L01,#2,GW252/13600,(2)停机状态,2,2025-07-12 12:36:35,2025-07-12 12:39:05,150,0.04
1884,L01,#2,GW252/13600,(1)停机过程,1,2025-07-12 12:36:03,2025-07-12 12:36:35,32,0.01
1885,L01,#2,GW252/13600,(4)启机状态,4,2025-07-12 12:31:04,2025-07-12 12:36:03,299,0.08
1886,L01,#2,GW252/13600,(3)待机状态,3,2025-07-12 12:28:53,2025-07-12 12:31:04,131,0.04
1887,L01,#2,GW252/13600,(2)停机状态,2,2025-07-12 12:28:11,2025-07-12 12:28:53,42,0.01
1888,L01,#2,GW252/13600,(1)停机过程,1,2025-07-12 12:27:39,2025-07-12 12:28:11,32,0.01
1889,L01,#2,GW252/13600,(4)启机状态,4,2025-07-12 12:22:40,2025-07-12 12:27:39,299,0.08
1890,L01,#2,GW252/13600,(3)待机状态,3,2025-07-12 12:21:38,2025-07-12 12:22:40,62,0.02
1891,L01,#2,GW252/13600,(2)停机状态,2,2025-07-12 12:21:36,2025-07-12 12:21:38,2,0
1892,L01,#2,GW252/13600,(1)停机过程,1,2025-07-12 12:21:05,2025-07-12 12:21:36,31,0.01
1893,L01,#2,GW252/13600,(4)启机状态,4,2025-07-12 12:16:05,2025-07-12 12:21:05,300,0.08
1894,L01,#2,GW252/13600,(3)待机状态,3,2025-07-12 12:05:37,2025-07-12 12:16:05,628,0.17
1895,L01,#2,GW252/13600,(2)停机状态,2,2025-07-12 12:03:07,2025-07-12 12:05:37,150,0.04
1896,L01,#2,GW252/13600,(1)停机过程,1,2025-07-12 12:02:34,2025-07-12 12:03:07,33,0.01
1897,L01,#2,GW252/13600,(4)启机状态,4,2025-07-12 11:57:34,2025-07-12 12:02:34,300,0.08
1898,L01,#2,GW252/13600,(3)待机状态,3,2025-07-12 11:56:05,2025-07-12 11:57:34,89,0.02
1899,L01,#2,GW252/13600,(2)停机状态,2,2025-07-12 11:55:07,2025-07-12 11:56:05,58,0.02
1900,L01,#2,GW252/13600,(1)停机过程,1,2025-07-12 11:54:36,2025-07-12 11:55:07,31,0.01
1901,L01,#2,GW252/13600,(4)启机状态,4,2025-07-12 11:49:36,2025-07-12 11:54:36,300,0.08
1902,L01,#2,GW252/13600,(3)待机状态,3,2025-07-12 11:48:24,2025-07-12 11:49:36,72,0.02
1903,L01,#2,GW252/13600,(2)停机状态,2,2025-07-12 11:48:23,2025-07-12 11:48:24,1,0
1904,L01,#2,GW252/13600,(1)停机过程,1,2025-07-12 11:47:50,2025-07-12 11:48:23,33,0.01
1905,L01,#2,GW252/13600,(4)启机状态,4,2025-07-12 11:42:50,2025-07-12 11:47:50,300,0.08
1906,L01,#2,GW252/13600,(3)待机状态,3,2025-07-12 11:39:17,2025-07-12 11:42:50,213,0.06
1907,L01,#2,GW252/13600,(1)停机过程,1,2025-07-12 11:38:46,2025-07-12 11:39:17,31,0.01
1908,L01,#2,GW252/13600,(4)启机状态,4,2025-07-12 11:33:46,2025-07-12 11:38:46,300,0.08
1909,L01,#2,GW252/13600,(3)待机状态,3,2025-07-12 11:28:30,2025-07-12 11:33:46,316,0.09
1910,L01,#2,GW252/13600,(2)停机状态,2,2025-07-12 11:26:12,2025-07-12 11:28:30,138,0.04
1911,L01,#2,GW252/13600,(1)停机过程,1,2025-07-12 11:25:41,2025-07-12 11:26:12,31,0.01
1912,L01,#2,GW252/13600,(4)启机状态,4,2025-07-12 11:20:41,2025-07-12 11:25:41,300,0.08
1913,L01,#2,GW252/13600,(3)待机状态,3,2025-07-12 11:17:49,2025-07-12 11:20:41,172,0.05
1914,L01,#2,GW252/13600,(2)停机状态,2,2025-07-12 11:17:42,2025-07-12 11:17:49,7,0
1915,L01,#2,GW252/13600,(1)停机过程,1,2025-07-12 11:17:10,2025-07-12 11:17:42,32,0.01
1916,L01,#2,GW252/13600,(4)启机状态,4,2025-07-12 11:12:11,2025-07-12 11:17:10,299,0.08
1917,L01,#2,GW252/13600,(3)待机状态,3,2025-07-12 11:08:48,2025-07-12 11:12:11,203,0.06
1918,L01,#2,GW252/13600,(2)停机状态,2,2025-07-12 11:08:46,2025-07-12 11:08:48,2,0
1919,L01,#2,GW252/13600,(1)停机过程,1,2025-07-12 11:08:14,2025-07-12 11:08:46,32,0.01
1920,L01,#2,GW252/13600,(4)启机状态,4,2025-07-12 11:03:13,2025-07-12 11:08:14,301,0.08
1921,L01,#2,GW252/13600,(3)待机状态,3,2025-07-12 10:56:42,2025-07-12 11:03:13,391,0.11
1922,L01,#2,GW252/13600,(2)停机状态,2,2025-07-12 10:54:16,2025-07-12 10:56:42,146,0.04
1923,L01,#2,GW252/13600,(1)停机过程,1,2025-07-12 10:53:44,2025-07-12 10:54:16,32,0.01
1924,L01,#2,GW252/13600,(4)启机状态,4,2025-07-12 10:48:43,2025-07-12 10:53:44,301,0.08
1925,L01,#2,GW252/13600,(3)待机状态,3,2025-07-12 09:33:54,2025-07-12 10:48:43,4489,1.25
1926,L01,#2,GW252/13600,(2)停机状态,2,2025-07-12 09:33:52,2025-07-12 09:33:54,2,0
1927,L01,#2,GW252/13600,(1)停机过程,1,2025-07-12 09:33:20,2025-07-12 09:33:52,32,0.01
1928,L01,#2,GW252/13600,(4)启机状态,4,2025-07-12 09:28:20,2025-07-12 09:33:20,300,0.08
1929,L01,#2,GW252/13600,(3)待机状态,3,2025-07-12 09:22:34,2025-07-12 09:28:20,346,0.1
1930,L01,#2,GW252/13600,(2)停机状态,2,2025-07-12 09:17:04,2025-07-12 09:22:34,330,0.09
1931,L01,#2,GW252/13600,(1)停机过程,1,2025-07-12 09:16:33,2025-07-12 09:17:04,31,0.01
1932,L01,#2,GW252/13600,(4)启机状态,4,2025-07-12 09:11:33,2025-07-12 09:16:33,300,0.08
1933,L01,#2,GW252/13600,(3)待机状态,3,2025-07-12 09:08:35,2025-07-12 09:11:33,178,0.05
1934,L01,#2,GW252/13600,(2)停机状态,2,2025-07-12 09:08:33,2025-07-12 09:08:35,2,0
1935,L01,#2,GW252/13600,(1)停机过程,1,2025-07-12 09:08:01,2025-07-12 09:08:33,32,0.01
1936,L01,#2,GW252/13600,(4)启机状态,4,2025-07-12 09:03:01,2025-07-12 09:08:01,300,0.08
1937,L01,#2,GW252/13600,(3)待机状态,3,2025-07-12 08:59:35,2025-07-12 09:03:01,206,0.06
1938,L01,#2,GW252/13600,(2)停机状态,2,2025-07-12 08:59:34,2025-07-12 08:59:35,1,0
1939,L01,#2,GW252/13600,(1)停机过程,1,2025-07-12 08:59:03,2025-07-12 08:59:34,31,0.01
1940,L01,#2,GW252/13600,(4)启机状态,4,2025-07-12 08:54:03,2025-07-12 08:59:03,300,0.08
1941,L01,#2,GW252/13600,(3)待机状态,3,2025-07-12 08:52:53,2025-07-12 08:54:03,70,0.02
1942,L01,#2,GW252/13600,(2)停机状态,2,2025-07-12 08:51:27,2025-07-12 08:52:53,86,0.02
1943,L01,#2,GW252/13600,(1)停机过程,1,2025-07-12 08:50:55,2025-07-12 08:51:27,32,0.01
1944,L01,#2,GW252/13600,(4)启机状态,4,2025-07-12 08:45:55,2025-07-12 08:50:55,300,0.08
1945,L01,#2,GW252/13600,(3)待机状态,3,2025-07-12 08:29:31,2025-07-12 08:45:55,984,0.27
1946,L01,#2,GW252/13600,(2)停机状态,2,2025-07-12 08:28:37,2025-07-12 08:29:31,54,0.02
1947,L01,#2,GW252/13600,(1)停机过程,1,2025-07-12 08:28:05,2025-07-12 08:28:37,32,0.01
1948,L01,#2,GW252/13600,(4)启机状态,4,2025-07-12 08:23:05,2025-07-12 08:28:05,300,0.08
1949,L01,#2,GW252/13600,(3)待机状态,3,2025-07-12 08:21:55,2025-07-12 08:23:05,70,0.02
1950,L01,#2,GW252/13600,(2)停机状态,2,2025-07-12 08:21:48,2025-07-12 08:21:55,7,0
1951,L01,#2,GW252/13600,(1)停机过程,1,2025-07-12 08:21:17,2025-07-12 08:21:48,31,0.01
1952,L01,#2,GW252/13600,(4)启机状态,4,2025-07-12 08:16:18,2025-07-12 08:21:17,299,0.08
1953,L01,#2,GW252/13600,(3)待机状态,3,2025-07-12 08:15:09,2025-07-12 08:16:18,69,0.02
1954,L01,#2,GW252/13600,(1)停机过程,1,2025-07-12 08:14:36,2025-07-12 08:15:09,33,0.01
1955,L01,#2,GW252/13600,(4)启机状态,4,2025-07-12 08:09:36,2025-07-12 08:14:36,300,0.08
1956,L01,#2,GW252/13600,(3)待机状态,3,2025-07-12 08:08:47,2025-07-12 08:09:36,49,0.01
1957,L01,#2,GW252/13600,(2)停机状态,2,2025-07-12 08:08:45,2025-07-12 08:08:47,2,0
1958,L01,#2,GW252/13600,(1)停机过程,1,2025-07-12 08:08:14,2025-07-12 08:08:45,31,0.01
1959,L01,#2,GW252/13600,(4)启机状态,4,2025-07-12 08:03:14,2025-07-12 08:08:14,300,0.08
1960,L01,#2,GW252/13600,(3)待机状态,3,2025-07-12 08:02:24,2025-07-12 08:03:14,50,0.01
1961,L01,#2,GW252/13600,(1)停机过程,1,2025-07-12 08:01:53,2025-07-12 08:02:24,31,0.01
1962,L01,#2,GW252/13600,(4)启机状态,4,2025-07-12 07:56:54,2025-07-12 08:01:53,299,0.08
1963,L01,#2,GW252/13600,(3)待机状态,3,2025-07-12 07:55:58,2025-07-12 07:56:54,56,0.02
1964,L01,#2,GW252/13600,(2)停机状态,2,2025-07-12 07:55:55,2025-07-12 07:55:58,3,0
1965,L01,#2,GW252/13600,(1)停机过程,1,2025-07-12 07:55:25,2025-07-12 07:55:55,30,0.01
1966,L01,#2,GW252/13600,(4)启机状态,4,2025-07-12 07:50:24,2025-07-12 07:55:25,301,0.08
1967,L01,#2,GW252/13600,(3)待机状态,3,2025-07-12 07:49:26,2025-07-12 07:50:24,58,0.02
1968,L01,#2,GW252/13600,(2)停机状态,2,2025-07-12 07:49:25,2025-07-12 07:49:26,1,0
1969,L01,#2,GW252/13600,(1)停机过程,1,2025-07-12 07:48:52,2025-07-12 07:49:25,33,0.01
1970,L01,#2,GW252/13600,(4)启机状态,4,2025-07-12 07:43:53,2025-07-12 07:48:52,299,0.08
1971,L01,#2,GW252/13600,(3)待机状态,3,2025-07-12 06:10:53,2025-07-12 07:43:53,5580,1.55
1972,L01,#2,GW252/13600,(1)停机过程,1,2025-07-12 06:10:22,2025-07-12 06:10:53,31,0.01
1973,L01,#2,GW252/13600,(4)启机状态,4,2025-07-12 06:05:22,2025-07-12 06:10:22,300,0.08
1974,L01,#2,GW252/13600,(3)待机状态,3,2025-07-12 06:04:07,2025-07-12 06:05:22,75,0.02
1975,L01,#2,GW252/13600,(2)停机状态,2,2025-07-12 06:04:06,2025-07-12 06:04:07,1,0
1976,L01,#2,GW252/13600,(1)停机过程,1,2025-07-12 06:03:33,2025-07-12 06:04:06,33,0.01
1977,L01,#2,GW252/13600,(4)启机状态,4,2025-07-12 05:58:34,2025-07-12 06:03:33,299,0.08
1978,L01,#2,GW252/13600,(3)待机状态,3,2025-07-12 05:55:52,2025-07-12 05:58:34,162,0.05
1979,L01,#2,GW252/13600,(2)停机状态,2,2025-07-12 05:55:51,2025-07-12 05:55:52,1,0
1980,L01,#2,GW252/13600,(1)停机过程,1,2025-07-12 05:55:18,2025-07-12 05:55:51,33,0.01
1981,L01,#2,GW252/13600,(4)启机状态,4,2025-07-12 05:50:18,2025-07-12 05:55:18,300,0.08
1982,L01,#2,GW252/13600,(3)待机状态,3,2025-07-12 05:48:40,2025-07-12 05:50:18,98,0.03
1983,L01,#2,GW252/13600,(2)停机状态,2,2025-07-12 05:48:39,2025-07-12 05:48:40,1,0
1984,L01,#2,GW252/13600,(1)停机过程,1,2025-07-12 05:48:07,2025-07-12 05:48:39,32,0.01
1985,L01,#2,GW252/13600,(4)启机状态,4,2025-07-12 05:43:07,2025-07-12 05:48:07,300,0.08
1986,L01,#2,GW252/13600,(3)待机状态,3,2025-07-12 05:42:11,2025-07-12 05:43:07,56,0.02
1987,L01,#2,GW252/13600,(2)停机状态,2,2025-07-12 05:42:10,2025-07-12 05:42:11,1,0
1988,L01,#2,GW252/13600,(1)停机过程,1,2025-07-12 05:41:39,2025-07-12 05:42:10,31,0.01
1989,L01,#2,GW252/13600,(4)启机状态,4,2025-07-12 05:36:39,2025-07-12 05:41:39,300,0.08
1990,L01,#2,GW252/13600,(3)待机状态,3,2025-07-12 05:35:45,2025-07-12 05:36:39,54,0.02
1991,L01,#2,GW252/13600,(2)停机状态,2,2025-07-12 05:35:43,2025-07-12 05:35:45,2,0
1992,L01,#2,GW252/13600,(1)停机过程,1,2025-07-12 05:34:45,2025-07-12 05:35:43,58,0.02
1993,L01,#2,GW252/13600,(4)启机状态,4,2025-07-12 05:29:45,2025-07-12 05:34:45,300,0.08
1994,L01,#2,GW252/13600,(3)待机状态,3,2025-07-12 05:28:58,2025-07-12 05:29:45,47,0.01
1995,L01,#2,GW252/13600,(2)停机状态,2,2025-07-12 05:28:57,2025-07-12 05:28:58,1,0
1996,L01,#2,GW252/13600,(1)停机过程,1,2025-07-12 05:28:07,2025-07-12 05:28:57,50,0.01
1997,L01,#2,GW252/13600,(4)启机状态,4,2025-07-12 05:23:07,2025-07-12 05:28:07,300,0.08
1998,L01,#2,GW252/13600,(3)待机状态,3,2025-07-12 05:22:18,2025-07-12 05:23:07,49,0.01
1999,L01,#2,GW252/13600,(2)停机状态,2,2025-07-12 05:22:14,2025-07-12 05:22:18,4,0
2000,L01,#2,GW252/13600,(1)停机过程,1,2025-07-12 05:21:43,2025-07-12 05:22:14,31,0.01
2001,L01,#2,GW252/13600,(4)启机状态,4,2025-07-12 05:16:42,2025-07-12 05:21:43,301,0.08
2002,L01,#2,GW252/13600,(3)待机状态,3,2025-07-12 05:16:00,2025-07-12 05:16:42,42,0.01
2003,L01,#2,GW252/13600,(2)停机状态,2,2025-07-12 05:15:58,2025-07-12 05:16:00,2,0
2004,L01,#2,GW252/13600,(1)停机过程,1,2025-07-12 05:15:25,2025-07-12 05:15:58,33,0.01
2005,L01,#2,GW252/13600,(4)启机状态,4,2025-07-12 05:10:25,2025-07-12 05:15:25,300,0.08
2006,L01,#2,GW252/13600,(3)待机状态,3,2025-07-12 05:09:34,2025-07-12 05:10:25,51,0.01
2007,L01,#2,GW252/13600,(2)停机状态,2,2025-07-12 05:09:33,2025-07-12 05:09:34,1,0
2008,L01,#2,GW252/13600,(1)停机过程,1,2025-07-12 05:09:01,2025-07-12 05:09:33,32,0.01
2009,L01,#2,GW252/13600,(4)启机状态,4,2025-07-12 05:04:01,2025-07-12 05:09:01,300,0.08
2010,L01,#2,GW252/13600,(3)待机状态,3,2025-07-12 05:00:40,2025-07-12 05:04:01,201,0.06
2011,L01,#2,GW252/13600,(2)停机状态,2,2025-07-12 05:00:38,2025-07-12 05:00:40,2,0
2012,L01,#2,GW252/13600,(1)停机过程,1,2025-07-12 04:59:41,2025-07-12 05:00:38,57,0.02
2013,L01,#2,GW252/13600,(5)发电状态,5,2025-07-12 04:52:24,2025-07-12 04:59:41,437,0.12
2014,L01,#2,GW252/13600,(4)启机状态,4,2025-07-12 04:50:38,2025-07-12 04:52:24,106,0.03
2015,L01,#2,GW252/13600,(3)待机状态,3,2025-07-12 04:49:54,2025-07-12 04:50:38,44,0.01
2016,L01,#2,GW252/13600,(2)停机状态,2,2025-07-12 04:49:53,2025-07-12 04:49:54,1,0
2017,L01,#2,GW252/13600,(1)停机过程,1,2025-07-12 04:49:21,2025-07-12 04:49:53,32,0.01
2018,L01,#2,GW252/13600,(4)启机状态,4,2025-07-12 04:44:21,2025-07-12 04:49:21,300,0.08
2019,L01,#2,GW252/13600,(3)待机状态,3,2025-07-12 04:42:11,2025-07-12 04:44:21,130,0.04
2020,L01,#2,GW252/13600,(2)停机状态,2,2025-07-12 04:37:34,2025-07-12 04:42:11,277,0.08
2021,L01,#2,GW252/13600,(1)停机过程,1,2025-07-12 04:37:02,2025-07-12 04:37:34,32,0.01
2022,L01,#2,GW252/13600,(4)启机状态,4,2025-07-12 04:32:02,2025-07-12 04:37:02,300,0.08
2023,L01,#2,GW252/13600,(3)待机状态,3,2025-07-12 04:29:06,2025-07-12 04:32:02,176,0.05
2024,L01,#2,GW252/13600,(2)停机状态,2,2025-07-12 04:28:59,2025-07-12 04:29:06,7,0
2025,L01,#2,GW252/13600,(1)停机过程,1,2025-07-12 04:28:27,2025-07-12 04:28:59,32,0.01
2026,L01,#2,GW252/13600,(4)启机状态,4,2025-07-12 04:23:25,2025-07-12 04:28:27,302,0.08
2027,L01,#2,GW252/13600,(3)待机状态,3,2025-07-12 04:22:33,2025-07-12 04:23:25,52,0.01
2028,L01,#2,GW252/13600,(1)停机过程,1,2025-07-12 04:21:37,2025-07-12 04:22:33,56,0.02
2029,L01,#2,GW252/13600,(4)启机状态,4,2025-07-12 04:16:37,2025-07-12 04:21:37,300,0.08
2030,L01,#2,GW252/13600,(3)待机状态,3,2025-07-12 04:15:39,2025-07-12 04:16:37,58,0.02
2031,L01,#2,GW252/13600,(2)停机状态,2,2025-07-12 04:15:38,2025-07-12 04:15:39,1,0
2032,L01,#2,GW252/13600,(1)停机过程,1,2025-07-12 04:15:06,2025-07-12 04:15:38,32,0.01
2033,L01,#2,GW252/13600,(4)启机状态,4,2025-07-12 04:10:05,2025-07-12 04:15:06,301,0.08
2034,L01,#2,GW252/13600,(3)待机状态,3,2025-07-12 03:17:58,2025-07-12 04:10:05,3127,0.87
2035,L01,#2,GW252/13600,(2)停机状态,2,2025-07-12 03:12:21,2025-07-12 03:17:58,337,0.09
2036,L01,#2,GW252/13600,(1)停机过程,1,2025-07-12 03:11:49,2025-07-12 03:12:21,32,0.01
2037,L01,#2,GW252/13600,(4)启机状态,4,2025-07-12 03:06:49,2025-07-12 03:11:49,300,0.08
2038,L01,#2,GW252/13600,(3)待机状态,3,2025-07-12 03:03:02,2025-07-12 03:06:49,227,0.06
2039,L01,#2,GW252/13600,(2)停机状态,2,2025-07-12 02:57:25,2025-07-12 03:03:02,337,0.09
2040,L01,#2,GW252/13600,(1)停机过程,1,2025-07-12 02:56:53,2025-07-12 02:57:25,32,0.01
2041,L01,#2,GW252/13600,(4)启机状态,4,2025-07-12 02:51:53,2025-07-12 02:56:53,300,0.08
2042,L01,#2,GW252/13600,(3)待机状态,3,2025-07-12 02:50:00,2025-07-12 02:51:53,113,0.03
2043,L01,#2,GW252/13600,(2)停机状态,2,2025-07-12 02:49:53,2025-07-12 02:50:00,7,0
2044,L01,#2,GW252/13600,(1)停机过程,1,2025-07-12 02:49:21,2025-07-12 02:49:53,32,0.01
2045,L01,#2,GW252/13600,(4)启机状态,4,2025-07-12 02:44:20,2025-07-12 02:49:21,301,0.08
2046,L01,#2,GW252/13600,(3)待机状态,3,2025-07-12 02:42:21,2025-07-12 02:44:20,119,0.03
2047,L01,#2,GW252/13600,(2)停机状态,2,2025-07-12 02:42:20,2025-07-12 02:42:21,1,0
2048,L01,#2,GW252/13600,(1)停机过程,1,2025-07-12 02:41:23,2025-07-12 02:42:20,57,0.02
2049,L01,#2,GW252/13600,(5)发电状态,5,2025-07-12 01:02:53,2025-07-12 02:41:23,5910,1.64
2050,L01,#2,GW252/13600,(4)启机状态,4,2025-07-12 00:59:24,2025-07-12 01:02:53,209,0.06
2051,L01,#2,GW252/13600,(3)待机状态,3,2025-07-12 00:58:28,2025-07-12 00:59:24,56,0.02
2052,L01,#2,GW252/13600,(2)停机状态,2,2025-07-12 00:58:26,2025-07-12 00:58:28,2,0
2053,L01,#2,GW252/13600,(1)停机过程,1,2025-07-12 00:57:55,2025-07-12 00:58:26,31,0.01
2054,L01,#2,GW252/13600,(4)启机状态,4,2025-07-12 00:52:55,2025-07-12 00:57:55,300,0.08
2055,L01,#2,GW252/13600,(3)待机状态,3,2025-07-12 00:49:20,2025-07-12 00:52:55,215,0.06
2056,L01,#2,GW252/13600,(2)停机状态,2,2025-07-12 00:48:39,2025-07-12 00:49:20,41,0.01
2057,L01,#2,GW252/13600,(1)停机过程,1,2025-07-12 00:47:42,2025-07-12 00:48:39,57,0.02
2058,L01,#2,GW252/13600,(5)发电状态,5,2025-07-12 00:07:40,2025-07-12 00:47:42,2402,0.67
2059,L01,#2,GW252/13600,(4)启机状态,4,2025-07-12 00:05:03,2025-07-12 00:07:40,157,0.04
2060,L01,#2,GW252/13600,(3)待机状态,3,2025-07-12 00:04:13,2025-07-12 00:05:03,50,0.01
2061,L01,#2,GW252/13600,(2)停机状态,2,2025-07-12 00:04:02,2025-07-12 00:04:13,11,0
2062,L01,#2,GW252/13600,(1)停机过程,1,2025-07-12 00:03:32,2025-07-12 00:04:02,30,0.01
2063,L01,#2,GW252/13600,(4)启机状态,4,2025-07-11 23:58:31,2025-07-12 00:03:32,301,0.08
2064,L01,#2,GW252/13600,(3)待机状态,3,2025-07-11 23:54:24,2025-07-11 23:58:31,247,0.07
2065,L01,#2,GW252/13600,(2)停机状态,2,2025-07-11 23:53:53,2025-07-11 23:54:24,31,0.01
2066,L01,#2,GW252/13600,(1)停机过程,1,2025-07-11 23:53:21,2025-07-11 23:53:53,32,0.01
2067,L01,#2,GW252/13600,(4)启机状态,4,2025-07-11 23:48:20,2025-07-11 23:53:21,301,0.08
2068,L01,#2,GW252/13600,(3)待机状态,3,2025-07-11 23:47:00,2025-07-11 23:48:20,80,0.02
2069,L01,#2,GW252/13600,(1)停机过程,1,2025-07-11 23:46:29,2025-07-11 23:47:00,31,0.01
2070,L01,#2,GW252/13600,(4)启机状态,4,2025-07-11 23:41:29,2025-07-11 23:46:29,300,0.08
2071,L01,#2,GW252/13600,(3)待机状态,3,2025-07-11 23:39:23,2025-07-11 23:41:29,126,0.04
2072,L01,#2,GW252/13600,(2)停机状态,2,2025-07-11 23:39:22,2025-07-11 23:39:23,1,0
2073,L01,#2,GW252/13600,(1)停机过程,1,2025-07-11 23:38:50,2025-07-11 23:39:22,32,0.01
2074,L01,#2,GW252/13600,(4)启机状态,4,2025-07-11 23:33:49,2025-07-11 23:38:50,301,0.08
2075,L01,#2,GW252/13600,(3)待机状态,3,2025-07-11 23:32:30,2025-07-11 23:33:49,79,0.02
2076,L01,#2,GW252/13600,(1)停机过程,1,2025-07-11 23:31:34,2025-07-11 23:32:30,56,0.02
2077,L01,#2,GW252/13600,(5)发电状态,5,2025-07-11 21:20:53,2025-07-11 23:31:34,7841,2.18
2078,L01,#2,GW252/13600,(4)启机状态,4,2025-07-11 21:17:38,2025-07-11 21:20:53,195,0.05
2079,L01,#2,GW252/13600,(3)待机状态,3,2025-07-11 21:16:47,2025-07-11 21:17:38,51,0.01
2080,L01,#2,GW252/13600,(1)停机过程,1,2025-07-11 21:15:55,2025-07-11 21:16:47,52,0.01
2081,L01,#2,GW252/13600,(4)启机状态,4,2025-07-11 21:10:53,2025-07-11 21:15:55,302,0.08
2082,L01,#2,GW252/13600,(3)待机状态,3,2025-07-11 21:10:05,2025-07-11 21:10:53,48,0.01
2083,L01,#2,GW252/13600,(2)停机状态,2,2025-07-11 21:10:04,2025-07-11 21:10:05,1,0
2084,L01,#2,GW252/13600,(1)停机过程,1,2025-07-11 21:09:32,2025-07-11 21:10:04,32,0.01
2085,L01,#2,GW252/13600,(4)启机状态,4,2025-07-11 21:04:32,2025-07-11 21:09:32,300,0.08
2086,L01,#2,GW252/13600,(3)待机状态,3,2025-07-11 21:03:38,2025-07-11 21:04:32,54,0.02
2087,L01,#2,GW252/13600,(2)停机状态,2,2025-07-11 21:03:36,2025-07-11 21:03:38,2,0
2088,L01,#2,GW252/13600,(1)停机过程,1,2025-07-11 21:03:05,2025-07-11 21:03:36,31,0.01
2089,L01,#2,GW252/13600,(4)启机状态,4,2025-07-11 20:58:04,2025-07-11 21:03:05,301,0.08
2090,L01,#2,GW252/13600,(3)待机状态,3,2025-07-11 20:56:42,2025-07-11 20:58:04,82,0.02
2091,L01,#2,GW252/13600,(2)停机状态,2,2025-07-11 20:56:41,2025-07-11 20:56:42,1,0
2092,L01,#2,GW252/13600,(1)停机过程,1,2025-07-11 20:56:10,2025-07-11 20:56:41,31,0.01
2093,L01,#2,GW252/13600,(4)启机状态,4,2025-07-11 20:51:10,2025-07-11 20:56:10,300,0.08
2094,L01,#2,GW252/13600,(3)待机状态,3,2025-07-11 20:43:41,2025-07-11 20:51:10,449,0.12
2095,L01,#2,GW252/13600,(2)停机状态,2,2025-07-11 20:38:04,2025-07-11 20:43:41,337,0.09
2096,L01,#2,GW252/13600,(1)停机过程,1,2025-07-11 20:37:32,2025-07-11 20:38:04,32,0.01
2097,L01,#2,GW252/13600,(4)启机状态,4,2025-07-11 20:32:32,2025-07-11 20:37:32,300,0.08
2098,L01,#2,GW252/13600,(3)待机状态,3,2025-07-11 20:27:58,2025-07-11 20:32:32,274,0.08
2099,L01,#2,GW252/13600,(2)停机状态,2,2025-07-11 20:23:52,2025-07-11 20:27:58,246,0.07
2100,L01,#2,GW252/13600,(1)停机过程,1,2025-07-11 20:23:19,2025-07-11 20:23:52,33,0.01
2101,L01,#2,GW252/13600,(4)启机状态,4,2025-07-11 20:18:19,2025-07-11 20:23:19,300,0.08
2102,L01,#2,GW252/13600,(3)待机状态,3,2025-07-11 20:14:03,2025-07-11 20:18:19,256,0.07
2103,L01,#2,GW252/13600,(1)停机过程,1,2025-07-11 20:13:30,2025-07-11 20:14:03,33,0.01
2104,L01,#2,GW252/13600,(4)启机状态,4,2025-07-11 20:08:30,2025-07-11 20:13:30,300,0.08
2105,L01,#2,GW252/13600,(3)待机状态,3,2025-07-11 20:07:29,2025-07-11 20:08:30,61,0.02
2106,L01,#2,GW252/13600,(2)停机状态,2,2025-07-11 20:07:04,2025-07-11 20:07:29,25,0.01
2107,L01,#2,GW252/13600,(1)停机过程,1,2025-07-11 20:06:31,2025-07-11 20:07:04,33,0.01
2108,L01,#2,GW252/13600,(4)启机状态,4,2025-07-11 20:01:31,2025-07-11 20:06:31,300,0.08
2109,L01,#2,GW252/13600,(3)待机状态,3,2025-07-11 19:57:28,2025-07-11 20:01:31,243,0.07
2110,L01,#2,GW252/13600,(2)停机状态,2,2025-07-11 19:55:00,2025-07-11 19:57:28,148,0.04
2111,L01,#2,GW252/13600,(1)停机过程,1,2025-07-11 19:54:27,2025-07-11 19:55:00,33,0.01
2112,L01,#2,GW252/13600,(4)启机状态,4,2025-07-11 19:49:27,2025-07-11 19:54:27,300,0.08
2113,L01,#2,GW252/13600,(3)待机状态,3,2025-07-11 19:47:34,2025-07-11 19:49:27,113,0.03
2114,L01,#2,GW252/13600,(2)停机状态,2,2025-07-11 19:46:30,2025-07-11 19:47:34,64,0.02
2115,L01,#2,GW252/13600,(1)停机过程,1,2025-07-11 19:45:57,2025-07-11 19:46:30,33,0.01
2116,L01,#2,GW252/13600,(4)启机状态,4,2025-07-11 19:40:57,2025-07-11 19:45:57,300,0.08
2117,L01,#2,GW252/13600,(3)待机状态,3,2025-07-11 19:39:25,2025-07-11 19:40:57,92,0.03
2118,L01,#2,GW252/13600,(2)停机状态,2,2025-07-11 19:38:07,2025-07-11 19:39:25,78,0.02
2119,L01,#2,GW252/13600,(1)停机过程,1,2025-07-11 19:37:36,2025-07-11 19:38:07,31,0.01
2120,L01,#2,GW252/13600,(4)启机状态,4,2025-07-11 19:32:36,2025-07-11 19:37:36,300,0.08
2121,L01,#2,GW252/13600,(3)待机状态,3,2025-07-11 19:31:39,2025-07-11 19:32:36,57,0.02
2122,L01,#2,GW252/13600,(2)停机状态,2,2025-07-11 19:31:38,2025-07-11 19:31:39,1,0
2123,L01,#2,GW252/13600,(1)停机过程,1,2025-07-11 19:31:06,2025-07-11 19:31:38,32,0.01
2124,L01,#2,GW252/13600,(4)启机状态,4,2025-07-11 19:26:05,2025-07-11 19:31:06,301,0.08
2125,L01,#2,GW252/13600,(3)待机状态,3,2025-07-11 19:22:04,2025-07-11 19:26:05,241,0.07
2126,L01,#2,GW252/13600,(2)停机状态,2,2025-07-11 19:22:03,2025-07-11 19:22:04,1,0
2127,L01,#2,GW252/13600,(1)停机过程,1,2025-07-11 19:21:30,2025-07-11 19:22:03,33,0.01
2128,L01,#2,GW252/13600,(4)启机状态,4,2025-07-11 19:16:30,2025-07-11 19:21:30,300,0.08
2129,L01,#2,GW252/13600,(3)待机状态,3,2025-07-11 19:11:55,2025-07-11 19:16:30,275,0.08
2130,L01,#2,GW252/13600,(2)停机状态,2,2025-07-11 19:07:05,2025-07-11 19:11:55,290,0.08
2131,L01,#2,GW252/13600,(1)停机过程,1,2025-07-11 19:06:35,2025-07-11 19:07:05,30,0.01
2132,L01,#2,GW252/13600,(4)启机状态,4,2025-07-11 19:01:34,2025-07-11 19:06:35,301,0.08
2133,L01,#2,GW252/13600,(3)待机状态,3,2025-07-11 19:00:30,2025-07-11 19:01:34,64,0.02
2134,L01,#2,GW252/13600,(2)停机状态,2,2025-07-11 18:58:16,2025-07-11 19:00:30,134,0.04
2135,L01,#2,GW252/13600,(1)停机过程,1,2025-07-11 18:57:45,2025-07-11 18:58:16,31,0.01
2136,L01,#2,GW252/13600,(4)启机状态,4,2025-07-11 18:52:44,2025-07-11 18:57:45,301,0.08
2137,L01,#2,GW252/13600,(3)待机状态,3,2025-07-11 18:51:09,2025-07-11 18:52:44,95,0.03
2138,L01,#2,GW252/13600,(2)停机状态,2,2025-07-11 18:51:07,2025-07-11 18:51:09,2,0
2139,L01,#2,GW252/13600,(1)停机过程,1,2025-07-11 18:50:36,2025-07-11 18:51:07,31,0.01
2140,L01,#2,GW252/13600,(4)启机状态,4,2025-07-11 18:45:36,2025-07-11 18:50:36,300,0.08
2141,L01,#2,GW252/13600,(3)待机状态,3,2025-07-11 18:42:48,2025-07-11 18:45:36,168,0.05
2142,L01,#2,GW252/13600,(2)停机状态,2,2025-07-11 18:42:38,2025-07-11 18:42:48,10,0
2143,L01,#2,GW252/13600,(1)停机过程,1,2025-07-11 18:42:07,2025-07-11 18:42:38,31,0.01
2144,L01,#2,GW252/13600,(4)启机状态,4,2025-07-11 18:37:07,2025-07-11 18:42:07,300,0.08
2145,L01,#2,GW252/13600,(3)待机状态,3,2025-07-11 18:36:09,2025-07-11 18:37:07,58,0.02
2146,L01,#2,GW252/13600,(1)停机过程,1,2025-07-11 18:35:36,2025-07-11 18:36:09,33,0.01
2147,L01,#2,GW252/13600,(4)启机状态,4,2025-07-11 18:30:36,2025-07-11 18:35:36,300,0.08
2148,L01,#2,GW252/13600,(3)待机状态,3,2025-07-11 18:29:31,2025-07-11 18:30:36,65,0.02
2149,L01,#2,GW252/13600,(2)停机状态,2,2025-07-11 18:29:29,2025-07-11 18:29:31,2,0
2150,L01,#2,GW252/13600,(1)停机过程,1,2025-07-11 18:28:58,2025-07-11 18:29:29,31,0.01
2151,L01,#2,GW252/13600,(4)启机状态,4,2025-07-11 18:23:58,2025-07-11 18:28:58,300,0.08
2152,L01,#2,GW252/13600,(3)待机状态,3,2025-07-11 18:22:38,2025-07-11 18:23:58,80,0.02
2153,L01,#2,GW252/13600,(2)停机状态,2,2025-07-11 18:22:37,2025-07-11 18:22:38,1,0
2154,L01,#2,GW252/13600,(1)停机过程,1,2025-07-11 18:22:04,2025-07-11 18:22:37,33,0.01
2155,L01,#2,GW252/13600,(4)启机状态,4,2025-07-11 18:17:05,2025-07-11 18:22:04,299,0.08
2156,L01,#2,GW252/13600,(3)待机状态,3,2025-07-11 18:14:04,2025-07-11 18:17:05,181,0.05
2157,L01,#2,GW252/13600,(2)停机状态,2,2025-07-11 18:13:19,2025-07-11 18:14:04,45,0.01
2158,L01,#2,GW252/13600,(1)停机过程,1,2025-07-11 18:12:46,2025-07-11 18:13:19,33,0.01
2159,L01,#2,GW252/13600,(4)启机状态,4,2025-07-11 18:07:46,2025-07-11 18:12:46,300,0.08
2160,L01,#2,GW252/13600,(3)待机状态,3,2025-07-11 18:06:27,2025-07-11 18:07:46,79,0.02
2161,L01,#2,GW252/13600,(2)停机状态,2,2025-07-11 18:06:26,2025-07-11 18:06:27,1,0
2162,L01,#2,GW252/13600,(1)停机过程,1,2025-07-11 18:05:55,2025-07-11 18:06:26,31,0.01
2163,L01,#2,GW252/13600,(4)启机状态,4,2025-07-11 18:00:55,2025-07-11 18:05:55,300,0.08
2164,L01,#2,GW252/13600,(3)待机状态,3,2025-07-11 17:55:47,2025-07-11 18:00:55,308,0.09
2165,L01,#2,GW252/13600,(1)停机过程,1,2025-07-11 17:55:15,2025-07-11 17:55:47,32,0.01
2166,L01,#2,GW252/13600,(4)启机状态,4,2025-07-11 17:50:15,2025-07-11 17:55:15,300,0.08
2167,L01,#2,GW252/13600,(3)待机状态,3,2025-07-11 17:45:59,2025-07-11 17:50:15,256,0.07
2168,L01,#2,GW252/13600,(1)停机过程,1,2025-07-11 17:45:28,2025-07-11 17:45:59,31,0.01
2169,L01,#2,GW252/13600,(4)启机状态,4,2025-07-11 17:40:27,2025-07-11 17:45:28,301,0.08
2170,L01,#2,GW252/13600,(3)待机状态,3,2025-07-11 17:38:32,2025-07-11 17:40:27,115,0.03
2171,L01,#2,GW252/13600,(2)停机状态,2,2025-07-11 17:38:31,2025-07-11 17:38:32,1,0
2172,L01,#2,GW252/13600,(1)停机过程,1,2025-07-11 17:38:00,2025-07-11 17:38:31,31,0.01
2173,L01,#2,GW252/13600,(4)启机状态,4,2025-07-11 17:33:00,2025-07-11 17:38:00,300,0.08
2174,L01,#2,GW252/13600,(3)待机状态,3,2025-07-11 17:31:46,2025-07-11 17:33:00,74,0.02
2175,L01,#2,GW252/13600,(2)停机状态,2,2025-07-11 17:30:28,2025-07-11 17:31:46,78,0.02
2176,L01,#2,GW252/13600,(1)停机过程,1,2025-07-11 17:29:56,2025-07-11 17:30:28,32,0.01
2177,L01,#2,GW252/13600,(4)启机状态,4,2025-07-11 17:24:56,2025-07-11 17:29:56,300,0.08
2178,L01,#2,GW252/13600,(3)待机状态,3,2025-07-11 17:22:08,2025-07-11 17:24:56,168,0.05
2179,L01,#2,GW252/13600,(2)停机状态,2,2025-07-11 17:19:22,2025-07-11 17:22:08,166,0.05
2180,L01,#2,GW252/13600,(1)停机过程,1,2025-07-11 17:18:51,2025-07-11 17:19:22,31,0.01
2181,L01,#2,GW252/13600,(4)启机状态,4,2025-07-11 17:13:51,2025-07-11 17:18:51,300,0.08
2182,L01,#2,GW252/13600,(3)待机状态,3,2025-07-11 17:12:41,2025-07-11 17:13:51,70,0.02
2183,L01,#2,GW252/13600,(2)停机状态,2,2025-07-11 17:11:43,2025-07-11 17:12:41,58,0.02
2184,L01,#2,GW252/13600,(1)停机过程,1,2025-07-11 17:11:12,2025-07-11 17:11:43,31,0.01
2185,L01,#2,GW252/13600,(4)启机状态,4,2025-07-11 17:06:12,2025-07-11 17:11:12,300,0.08
2186,L01,#2,GW252/13600,(3)待机状态,3,2025-07-11 12:45:39,2025-07-11 17:06:12,15633,4.34
2187,L01,#2,GW252/13600,(2)停机状态,2,2025-07-11 12:45:02,2025-07-11 12:45:39,37,0.01
2188,L01,#2,GW252/13600,(1)停机过程,1,2025-07-11 12:44:30,2025-07-11 12:45:02,32,0.01
2189,L01,#2,GW252/13600,(4)启机状态,4,2025-07-11 12:39:29,2025-07-11 12:44:30,301,0.08
2190,L01,#2,GW252/13600,(3)待机状态,3,2025-07-11 12:37:53,2025-07-11 12:39:29,96,0.03
2191,L01,#2,GW252/13600,(2)停机状态,2,2025-07-11 12:37:52,2025-07-11 12:37:53,1,0
2192,L01,#2,GW252/13600,(1)停机过程,1,2025-07-11 12:37:20,2025-07-11 12:37:52,32,0.01
2193,L01,#2,GW252/13600,(4)启机状态,4,2025-07-11 12:32:19,2025-07-11 12:37:20,301,0.08
2194,L01,#2,GW252/13600,(3)待机状态,3,2025-07-11 12:31:31,2025-07-11 12:32:19,48,0.01
2195,L01,#2,GW252/13600,(2)停机状态,2,2025-07-11 12:31:29,2025-07-11 12:31:31,2,0
2196,L01,#2,GW252/13600,(1)停机过程,1,2025-07-11 12:30:57,2025-07-11 12:31:29,32,0.01
2197,L01,#2,GW252/13600,(4)启机状态,4,2025-07-11 12:25:57,2025-07-11 12:30:57,300,0.08
2198,L01,#2,GW252/13600,(3)待机状态,3,2025-07-11 12:06:21,2025-07-11 12:25:57,1176,0.33
2199,L01,#2,GW252/13600,(2)停机状态,2,2025-07-11 12:01:55,2025-07-11 12:06:21,266,0.07
2200,L01,#2,GW252/13600,(1)停机过程,1,2025-07-11 12:01:24,2025-07-11 12:01:55,31,0.01
2201,L01,#2,GW252/13600,(4)启机状态,4,2025-07-11 11:56:24,2025-07-11 12:01:24,300,0.08
2202,L01,#2,GW252/13600,(3)待机状态,3,2025-07-11 10:10:56,2025-07-11 11:56:24,6328,1.76
2203,L01,#2,GW252/13600,(2)停机状态,2,2025-07-11 09:34:21,2025-07-11 10:10:56,2195,0.61
2204,L01,#2,GW252/13600,(1)停机过程,1,2025-07-11 09:33:49,2025-07-11 09:34:21,32,0.01
2205,L01,#2,GW252/13600,(4)启机状态,4,2025-07-11 09:28:49,2025-07-11 09:33:49,300,0.08
2206,L01,#2,GW252/13600,(3)待机状态,3,2025-07-11 06:03:05,2025-07-11 09:28:49,12344,3.43
2207,L01,#2,GW252/13600,(2)停机状态,2,2025-07-11 06:01:08,2025-07-11 06:03:05,117,0.03
2208,L01,#2,GW252/13600,(1)停机过程,1,2025-07-11 06:00:36,2025-07-11 06:01:08,32,0.01
2209,L01,#2,GW252/13600,(4)启机状态,4,2025-07-11 05:55:36,2025-07-11 06:00:36,300,0.08
2210,L01,#2,GW252/13600,(3)待机状态,3,2025-07-11 05:51:28,2025-07-11 05:55:36,248,0.07
2211,L01,#2,GW252/13600,(2)停机状态,2,2025-07-11 05:51:26,2025-07-11 05:51:28,2,0
2212,L01,#2,GW252/13600,(1)停机过程,1,2025-07-11 05:50:54,2025-07-11 05:51:26,32,0.01
2213,L01,#2,GW252/13600,(4)启机状态,4,2025-07-11 05:45:54,2025-07-11 05:50:54,300,0.08
2214,L01,#2,GW252/13600,(3)待机状态,3,2025-07-11 05:44:07,2025-07-11 05:45:54,107,0.03
2215,L01,#2,GW252/13600,(2)停机状态,2,2025-07-11 05:44:05,2025-07-11 05:44:07,2,0
2216,L01,#2,GW252/13600,(1)停机过程,1,2025-07-11 05:43:33,2025-07-11 05:44:05,32,0.01
2217,L01,#2,GW252/13600,(4)启机状态,4,2025-07-11 05:38:33,2025-07-11 05:43:33,300,0.08
2218,L01,#2,GW252/13600,(3)待机状态,3,2025-07-11 05:37:37,2025-07-11 05:38:33,56,0.02
2219,L01,#2,GW252/13600,(2)停机状态,2,2025-07-11 05:37:36,2025-07-11 05:37:37,1,0
2220,L01,#2,GW252/13600,(1)停机过程,1,2025-07-11 05:37:04,2025-07-11 05:37:36,32,0.01
2221,L01,#2,GW252/13600,(4)启机状态,4,2025-07-11 05:32:04,2025-07-11 05:37:04,300,0.08
2222,L01,#2,GW252/13600,(3)待机状态,3,2025-07-11 05:30:21,2025-07-11 05:32:04,103,0.03
2223,L01,#2,GW252/13600,(2)停机状态,2,2025-07-11 05:30:20,2025-07-11 05:30:21,1,0
2224,L01,#2,GW252/13600,(1)停机过程,1,2025-07-11 05:29:48,2025-07-11 05:30:20,32,0.01
2225,L01,#2,GW252/13600,(4)启机状态,4,2025-07-11 05:24:48,2025-07-11 05:29:48,300,0.08
2226,L01,#2,GW252/13600,(3)待机状态,3,2025-07-11 05:23:20,2025-07-11 05:24:48,88,0.02
2227,L01,#2,GW252/13600,(2)停机状态,2,2025-07-11 05:23:18,2025-07-11 05:23:20,2,0
2228,L01,#2,GW252/13600,(1)停机过程,1,2025-07-11 05:22:22,2025-07-11 05:23:18,56,0.02
2229,L01,#2,GW252/13600,(5)发电状态,5,2025-07-11 04:21:51,2025-07-11 05:22:22,3631,1.01
2230,L01,#2,GW252/13600,(4)启机状态,4,2025-07-11 04:17:37,2025-07-11 04:21:51,254,0.07
2231,L01,#2,GW252/13600,(3)待机状态,3,2025-07-11 04:16:51,2025-07-11 04:17:37,46,0.01
2232,L01,#2,GW252/13600,(2)停机状态,2,2025-07-11 04:16:50,2025-07-11 04:16:51,1,0
2233,L01,#2,GW252/13600,(1)停机过程,1,2025-07-11 04:16:18,2025-07-11 04:16:50,32,0.01
2234,L01,#2,GW252/13600,(4)启机状态,4,2025-07-11 04:11:18,2025-07-11 04:16:18,300,0.08
2235,L01,#2,GW252/13600,(3)待机状态,3,2025-07-11 04:10:23,2025-07-11 04:11:18,55,0.02
2236,L01,#2,GW252/13600,(2)停机状态,2,2025-07-11 04:10:21,2025-07-11 04:10:23,2,0
2237,L01,#2,GW252/13600,(1)停机过程,1,2025-07-11 04:09:40,2025-07-11 04:10:21,41,0.01
2238,L01,#2,GW252/13600,(4)启机状态,4,2025-07-11 04:04:41,2025-07-11 04:09:40,299,0.08
2239,L01,#2,GW252/13600,(3)待机状态,3,2025-07-11 04:03:51,2025-07-11 04:04:41,50,0.01
2240,L01,#2,GW252/13600,(2)停机状态,2,2025-07-11 04:03:48,2025-07-11 04:03:51,3,0
2241,L01,#2,GW252/13600,(1)停机过程,1,2025-07-11 04:03:17,2025-07-11 04:03:48,31,0.01
2242,L01,#2,GW252/13600,(4)启机状态,4,2025-07-11 03:58:17,2025-07-11 04:03:17,300,0.08
2243,L01,#2,GW252/13600,(3)待机状态,3,2025-07-11 03:57:22,2025-07-11 03:58:17,55,0.02
2244,L01,#2,GW252/13600,(2)停机状态,2,2025-07-11 03:57:21,2025-07-11 03:57:22,1,0
2245,L01,#2,GW252/13600,(1)停机过程,1,2025-07-11 03:56:49,2025-07-11 03:57:21,32,0.01
2246,L01,#2,GW252/13600,(4)启机状态,4,2025-07-11 03:51:48,2025-07-11 03:56:49,301,0.08
2247,L01,#2,GW252/13600,(3)待机状态,3,2025-07-11 03:50:56,2025-07-11 03:51:48,52,0.01
2248,L01,#2,GW252/13600,(2)停机状态,2,2025-07-11 03:50:55,2025-07-11 03:50:56,1,0
2249,L01,#2,GW252/13600,(1)停机过程,1,2025-07-11 03:50:24,2025-07-11 03:50:55,31,0.01
2250,L01,#2,GW252/13600,(4)启机状态,4,2025-07-11 03:45:24,2025-07-11 03:50:24,300,0.08
2251,L01,#2,GW252/13600,(3)待机状态,3,2025-07-11 03:44:34,2025-07-11 03:45:24,50,0.01
2252,L01,#2,GW252/13600,(2)停机状态,2,2025-07-11 03:44:32,2025-07-11 03:44:34,2,0
2253,L01,#2,GW252/13600,(1)停机过程,1,2025-07-11 03:44:01,2025-07-11 03:44:32,31,0.01
2254,L01,#2,GW252/13600,(4)启机状态,4,2025-07-11 03:39:01,2025-07-11 03:44:01,300,0.08
2255,L01,#2,GW252/13600,(3)待机状态,3,2025-07-11 03:38:09,2025-07-11 03:39:01,52,0.01
2256,L01,#2,GW252/13600,(2)停机状态,2,2025-07-11 03:38:07,2025-07-11 03:38:09,2,0
2257,L01,#2,GW252/13600,(1)停机过程,1,2025-07-11 03:37:34,2025-07-11 03:38:07,33,0.01
2258,L01,#2,GW252/13600,(4)启机状态,4,2025-07-11 03:32:34,2025-07-11 03:37:34,300,0.08
2259,L01,#2,GW252/13600,(3)待机状态,3,2025-07-11 03:31:24,2025-07-11 03:32:34,70,0.02
2260,L01,#2,GW252/13600,(2)停机状态,2,2025-07-11 03:31:22,2025-07-11 03:31:24,2,0
2261,L01,#2,GW252/13600,(1)停机过程,1,2025-07-11 03:30:51,2025-07-11 03:31:22,31,0.01
2262,L01,#2,GW252/13600,(4)启机状态,4,2025-07-11 03:25:50,2025-07-11 03:30:51,301,0.08
2263,L01,#2,GW252/13600,(3)待机状态,3,2025-07-11 03:24:26,2025-07-11 03:25:50,84,0.02
2264,L01,#2,GW252/13600,(2)停机状态,2,2025-07-11 03:24:24,2025-07-11 03:24:26,2,0
2265,L01,#2,GW252/13600,(1)停机过程,1,2025-07-11 03:23:52,2025-07-11 03:24:24,32,0.01
2266,L01,#2,GW252/13600,(4)启机状态,4,2025-07-11 03:18:52,2025-07-11 03:23:52,300,0.08
2267,L01,#2,GW252/13600,(3)待机状态,3,2025-07-11 03:15:15,2025-07-11 03:18:52,217,0.06
2268,L01,#2,GW252/13600,(2)停机状态,2,2025-07-11 03:15:14,2025-07-11 03:15:15,1,0
2269,L01,#2,GW252/13600,(1)停机过程,1,2025-07-11 03:14:42,2025-07-11 03:15:14,32,0.01
2270,L01,#2,GW252/13600,(4)启机状态,4,2025-07-11 03:09:42,2025-07-11 03:14:42,300,0.08
2271,L01,#2,GW252/13600,(3)待机状态,3,2025-07-11 03:06:03,2025-07-11 03:09:42,219,0.06
2272,L01,#2,GW252/13600,(2)停机状态,2,2025-07-11 03:06:01,2025-07-11 03:06:03,2,0
2273,L01,#2,GW252/13600,(1)停机过程,1,2025-07-11 03:05:31,2025-07-11 03:06:01,30,0.01
2274,L01,#2,GW252/13600,(4)启机状态,4,2025-07-11 03:00:31,2025-07-11 03:05:31,300,0.08
2275,L01,#2,GW252/13600,(3)待机状态,3,2025-07-11 02:59:38,2025-07-11 03:00:31,53,0.01
2276,L01,#2,GW252/13600,(2)停机状态,2,2025-07-11 02:59:31,2025-07-11 02:59:38,7,0
2277,L01,#2,GW252/13600,(1)停机过程,1,2025-07-11 02:58:59,2025-07-11 02:59:31,32,0.01
2278,L01,#2,GW252/13600,(4)启机状态,4,2025-07-11 02:53:59,2025-07-11 02:58:59,300,0.08
2279,L01,#2,GW252/13600,(3)待机状态,3,2025-07-11 02:52:19,2025-07-11 02:53:59,100,0.03
2280,L01,#2,GW252/13600,(1)停机过程,1,2025-07-11 02:51:46,2025-07-11 02:52:19,33,0.01
2281,L01,#2,GW252/13600,(4)启机状态,4,2025-07-11 02:46:46,2025-07-11 02:51:46,300,0.08
2282,L01,#2,GW252/13600,(3)待机状态,3,2025-07-11 02:34:29,2025-07-11 02:46:46,737,0.2
2283,L01,#2,GW252/13600,(2)停机状态,2,2025-07-11 02:32:05,2025-07-11 02:34:29,144,0.04
2284,L01,#2,GW252/13600,(1)停机过程,1,2025-07-11 02:31:35,2025-07-11 02:32:05,30,0.01
2285,L01,#2,GW252/13600,(4)启机状态,4,2025-07-11 02:26:35,2025-07-11 02:31:35,300,0.08
2286,L01,#2,GW252/13600,(3)待机状态,3,2025-07-11 02:22:05,2025-07-11 02:26:35,270,0.08
2287,L01,#2,GW252/13600,(1)停机过程,1,2025-07-11 02:21:32,2025-07-11 02:22:05,33,0.01
2288,L01,#2,GW252/13600,(4)启机状态,4,2025-07-11 02:16:32,2025-07-11 02:21:32,300,0.08
2289,L01,#2,GW252/13600,(3)待机状态,3,2025-07-11 02:13:27,2025-07-11 02:16:32,185,0.05
2290,L01,#2,GW252/13600,(2)停机状态,2,2025-07-11 02:11:58,2025-07-11 02:13:27,89,0.02
2291,L01,#2,GW252/13600,(1)停机过程,1,2025-07-11 02:11:26,2025-07-11 02:11:58,32,0.01
2292,L01,#2,GW252/13600,(4)启机状态,4,2025-07-11 02:06:26,2025-07-11 02:11:26,300,0.08
2293,L01,#2,GW252/13600,(3)待机状态,3,2025-07-11 02:02:41,2025-07-11 02:06:26,225,0.06
2294,L01,#2,GW252/13600,(2)停机状态,2,2025-07-11 01:26:04,2025-07-11 02:02:41,2197,0.61
2295,L01,#2,GW252/13600,(1)停机过程,1,2025-07-11 01:25:32,2025-07-11 01:26:04,32,0.01
2296,L01,#2,GW252/13600,(4)启机状态,4,2025-07-11 01:20:32,2025-07-11 01:25:32,300,0.08
2297,L01,#2,GW252/13600,(3)待机状态,3,2025-07-11 01:17:58,2025-07-11 01:20:32,154,0.04
2298,L01,#2,GW252/13600,(2)停机状态,2,2025-07-11 01:16:49,2025-07-11 01:17:58,69,0.02
2299,L01,#2,GW252/13600,(1)停机过程,1,2025-07-11 01:16:39,2025-07-11 01:16:49,10,0
2300,L01,#2,GW252/13600,(9)维护状态,9,2025-07-11 01:13:05,2025-07-11 01:16:39,214,0.06
2301,L01,#2,GW252/13600,(2)停机状态,2,2025-07-11 01:12:07,2025-07-11 01:13:05,58,0.02
2302,L01,#2,GW252/13600,(0)初始化,0,2025-07-11 01:10:56,2025-07-11 01:12:07,71,0.02
2303,L01,#2,GW252/13600,(9)维护状态,9,2025-07-11 00:16:42,2025-07-11 01:10:56,3254,0.9
2304,L01,#2,GW252/13600,(2)停机状态,2,2025-07-11 00:13:53,2025-07-11 00:16:42,169,0.05
2305,L01,#2,GW252/13600,(0)初始化,0,2025-07-11 00:12:37,2025-07-11 00:13:53,76,0.02
2306,L01,#2,GW252/13600,(9)维护状态,9,2025-07-10 22:17:09,2025-07-11 00:12:37,6928,1.92
2307,L01,#2,GW252/13600,(2)停机状态,2,2025-07-10 22:16:26,2025-07-10 22:17:09,43,0.01
2308,L01,#2,GW252/13600,(1)停机过程,1,2025-07-10 22:15:56,2025-07-10 22:16:26,30,0.01
2309,L01,#2,GW252/13600,(4)启机状态,4,2025-07-10 22:14:23,2025-07-10 22:15:56,93,0.03
2310,L01,#2,GW252/13600,(3)待机状态,3,2025-07-10 22:13:25,2025-07-10 22:14:23,58,0.02
2311,L01,#2,GW252/13600,(2)停机状态,2,2025-07-10 21:54:41,2025-07-10 22:13:25,1124,0.31
2312,L01,#2,GW252/13600,(1)停机过程,1,2025-07-10 21:54:31,2025-07-10 21:54:41,10,0
2313,L01,#2,GW252/13600,(9)维护状态,9,2025-07-07 05:19:09,2025-07-10 21:54:31,318922,88.59
2314,L01,#2,GW252/13600,(1)停机过程,1,2025-07-07 05:17:37,2025-07-07 05:19:09,92,0.03
2315,L01,#2,GW252/13600,(5)发电状态,5,2025-07-07 05:16:14,2025-07-07 05:17:37,83,0.02
2316,L01,#2,GW252/13600,(4)启机状态,4,2025-07-07 05:14:02,2025-07-07 05:16:14,132,0.04
2317,L01,#2,GW252/13600,(3)待机状态,3,2025-07-07 05:12:07,2025-07-07 05:14:02,115,0.03
2318,L01,#2,GW252/13600,(9)维护状态,9,2025-07-06 14:45:05,2025-07-07 05:12:07,52022,14.45
2319,L01,#2,GW252/13600,(0)初始化,0,2025-07-06 14:42:05,2025-07-06 14:45:05,180,0.05
2320,L01,#2,GW252/13600,(9)维护状态,9,2025-07-04 21:04:06,2025-07-06 14:42:05,149879,41.63
2321,L01,#2,GW252/13600,(2)停机状态,2,2025-07-04 20:25:42,2025-07-04 21:04:06,2304,0.64
2322,L01,#2,GW252/13600,(1)停机过程,1,2025-07-04 20:24:09,2025-07-04 20:25:42,93,0.03
2323,L01,#2,GW252/13600,(5)发电状态,5,2025-06-29 15:11:57,2025-07-04 20:24:09,450732,125.2
2324,L01,#2,GW252/13600,(4)启机状态,4,2025-06-29 15:09:43,2025-06-29 15:11:57,134,0.04
2325,L01,#2,GW252/13600,(3)待机状态,3,2025-06-29 15:08:52,2025-06-29 15:09:43,51,0.01
2326,L01,#2,GW252/13600,(2)停机状态,2,2025-06-29 15:08:50,2025-06-29 15:08:52,2,0
2327,L01,#2,GW252/13600,(1)停机过程,1,2025-06-29 15:08:18,2025-06-29 15:08:50,32,0.01
2328,L01,#2,GW252/13600,(4)启机状态,4,2025-06-29 15:03:18,2025-06-29 15:08:18,300,0.08
2329,L01,#2,GW252/13600,(3)待机状态,3,2025-06-29 15:02:11,2025-06-29 15:03:18,67,0.02
2330,L01,#2,GW252/13600,(2)停机状态,2,2025-06-29 15:01:03,2025-06-29 15:02:11,68,0.02
2331,L01,#2,GW252/13600,(1)停机过程,1,2025-06-29 15:00:06,2025-06-29 15:01:03,57,0.02
2332,L01,#2,GW252/13600,(5)发电状态,5,2025-06-29 14:37:06,2025-06-29 15:00:06,1380,0.38
2333,L01,#2,GW252/13600,(4)启机状态,4,2025-06-29 14:33:40,2025-06-29 14:37:06,206,0.06
2334,L01,#2,GW252/13600,(3)待机状态,3,2025-06-29 14:32:51,2025-06-29 14:33:40,49,0.01
2335,L01,#2,GW252/13600,(2)停机状态,2,2025-06-29 14:32:49,2025-06-29 14:32:51,2,0
2336,L01,#2,GW252/13600,(1)停机过程,1,2025-06-29 14:32:17,2025-06-29 14:32:49,32,0.01
2337,L01,#2,GW252/13600,(4)启机状态,4,2025-06-29 14:27:17,2025-06-29 14:32:17,300,0.08
2338,L01,#2,GW252/13600,(3)待机状态,3,2025-06-29 14:26:07,2025-06-29 14:27:17,70,0.02
2339,L01,#2,GW252/13600,(2)停机状态,2,2025-06-29 14:26:02,2025-06-29 14:26:07,5,0
2340,L01,#2,GW252/13600,(1)停机过程,1,2025-06-29 14:25:30,2025-06-29 14:26:02,32,0.01
2341,L01,#2,GW252/13600,(4)启机状态,4,2025-06-29 14:20:30,2025-06-29 14:25:30,300,0.08
2342,L01,#2,GW252/13600,(3)待机状态,3,2025-06-29 14:19:32,2025-06-29 14:20:30,58,0.02
2343,L01,#2,GW252/13600,(1)停机过程,1,2025-06-29 14:19:00,2025-06-29 14:19:32,32,0.01
2344,L01,#2,GW252/13600,(4)启机状态,4,2025-06-29 14:14:01,2025-06-29 14:19:00,299,0.08
2345,L01,#2,GW252/13600,(3)待机状态,3,2025-06-29 14:13:09,2025-06-29 14:14:01,52,0.01
2346,L01,#2,GW252/13600,(2)停机状态,2,2025-06-29 14:13:07,2025-06-29 14:13:09,2,0
2347,L01,#2,GW252/13600,(1)停机过程,1,2025-06-29 14:12:36,2025-06-29 14:13:07,31,0.01
2348,L01,#2,GW252/13600,(4)启机状态,4,2025-06-29 14:07:36,2025-06-29 14:12:36,300,0.08
2349,L01,#2,GW252/13600,(3)待机状态,3,2025-06-29 14:06:45,2025-06-29 14:07:36,51,0.01
2350,L01,#2,GW252/13600,(2)停机状态,2,2025-06-29 14:06:44,2025-06-29 14:06:45,1,0
2351,L01,#2,GW252/13600,(1)停机过程,1,2025-06-29 14:06:11,2025-06-29 14:06:44,33,0.01
2352,L01,#2,GW252/13600,(4)启机状态,4,2025-06-29 14:01:11,2025-06-29 14:06:11,300,0.08
2353,L01,#2,GW252/13600,(3)待机状态,3,2025-06-29 14:00:19,2025-06-29 14:01:11,52,0.01
2354,L01,#2,GW252/13600,(2)停机状态,2,2025-06-29 14:00:17,2025-06-29 14:00:19,2,0
2355,L01,#2,GW252/13600,(1)停机过程,1,2025-06-29 13:59:45,2025-06-29 14:00:17,32,0.01
2356,L01,#2,GW252/13600,(4)启机状态,4,2025-06-29 13:54:45,2025-06-29 13:59:45,300,0.08
2357,L01,#2,GW252/13600,(3)待机状态,3,2025-06-29 13:53:58,2025-06-29 13:54:45,47,0.01
2358,L01,#2,GW252/13600,(1)停机过程,1,2025-06-29 13:53:27,2025-06-29 13:53:58,31,0.01
2359,L01,#2,GW252/13600,(4)启机状态,4,2025-06-29 13:48:26,2025-06-29 13:53:27,301,0.08
2360,L01,#2,GW252/13600,(3)待机状态,3,2025-06-29 13:47:33,2025-06-29 13:48:26,53,0.01
2361,L01,#2,GW252/13600,(2)停机状态,2,2025-06-29 13:47:31,2025-06-29 13:47:33,2,0
2362,L01,#2,GW252/13600,(1)停机过程,1,2025-06-29 13:46:59,2025-06-29 13:47:31,32,0.01
2363,L01,#2,GW252/13600,(4)启机状态,4,2025-06-29 13:41:59,2025-06-29 13:46:59,300,0.08
2364,L01,#2,GW252/13600,(3)待机状态,3,2025-06-29 13:40:21,2025-06-29 13:41:59,98,0.03
2365,L01,#2,GW252/13600,(2)停机状态,2,2025-06-29 13:40:20,2025-06-29 13:40:21,1,0
2366,L01,#2,GW252/13600,(1)停机过程,1,2025-06-29 13:39:23,2025-06-29 13:40:20,57,0.02
2367,L01,#2,GW252/13600,(5)发电状态,5,2025-06-28 15:51:01,2025-06-29 13:39:23,78502,21.81
2368,L01,#2,GW252/13600,(4)启机状态,4,2025-06-28 15:46:32,2025-06-28 15:51:01,269,0.07
2369,L01,#2,GW252/13600,(3)待机状态,3,2025-06-28 15:45:40,2025-06-28 15:46:32,52,0.01
2370,L01,#2,GW252/13600,(2)停机状态,2,2025-06-28 15:45:38,2025-06-28 15:45:40,2,0
2371,L01,#2,GW252/13600,(1)停机过程,1,2025-06-28 15:45:08,2025-06-28 15:45:38,30,0.01
2372,L01,#2,GW252/13600,(4)启机状态,4,2025-06-28 15:40:08,2025-06-28 15:45:08,300,0.08
2373,L01,#2,GW252/13600,(3)待机状态,3,2025-06-28 15:39:09,2025-06-28 15:40:08,59,0.02
2374,L01,#2,GW252/13600,(2)停机状态,2,2025-06-28 15:39:08,2025-06-28 15:39:09,1,0
2375,L01,#2,GW252/13600,(1)停机过程,1,2025-06-28 15:38:35,2025-06-28 15:39:08,33,0.01
2376,L01,#2,GW252/13600,(4)启机状态,4,2025-06-28 15:33:35,2025-06-28 15:38:35,300,0.08
2377,L01,#2,GW252/13600,(3)待机状态,3,2025-06-28 15:32:41,2025-06-28 15:33:35,54,0.02
2378,L01,#2,GW252/13600,(2)停机状态,2,2025-06-28 15:32:39,2025-06-28 15:32:41,2,0
2379,L01,#2,GW252/13600,(1)停机过程,1,2025-06-28 15:31:43,2025-06-28 15:32:39,56,0.02
2380,L01,#2,GW252/13600,(4)启机状态,4,2025-06-28 15:26:42,2025-06-28 15:31:43,301,0.08
2381,L01,#2,GW252/13600,(3)待机状态,3,2025-06-28 15:25:34,2025-06-28 15:26:42,68,0.02
2382,L01,#2,GW252/13600,(2)停机状态,2,2025-06-28 15:25:33,2025-06-28 15:25:34,1,0
2383,L01,#2,GW252/13600,(1)停机过程,1,2025-06-28 15:25:00,2025-06-28 15:25:33,33,0.01
2384,L01,#2,GW252/13600,(4)启机状态,4,2025-06-28 15:20:00,2025-06-28 15:25:00,300,0.08
2385,L01,#2,GW252/13600,(3)待机状态,3,2025-06-28 15:16:57,2025-06-28 15:20:00,183,0.05
2386,L01,#2,GW252/13600,(2)停机状态,2,2025-06-28 15:15:39,2025-06-28 15:16:57,78,0.02
2387,L01,#2,GW252/13600,(1)停机过程,1,2025-06-28 15:15:07,2025-06-28 15:15:39,32,0.01
2388,L01,#2,GW252/13600,(4)启机状态,4,2025-06-28 15:10:07,2025-06-28 15:15:07,300,0.08
2389,L01,#2,GW252/13600,(3)待机状态,3,2025-06-28 15:08:39,2025-06-28 15:10:07,88,0.02
2390,L01,#2,GW252/13600,(2)停机状态,2,2025-06-28 15:07:31,2025-06-28 15:08:39,68,0.02
2391,L01,#2,GW252/13600,(1)停机过程,1,2025-06-28 15:06:59,2025-06-28 15:07:31,32,0.01
2392,L01,#2,GW252/13600,(4)启机状态,4,2025-06-28 15:01:59,2025-06-28 15:06:59,300,0.08
2393,L01,#2,GW252/13600,(3)待机状态,3,2025-06-28 15:01:05,2025-06-28 15:01:59,54,0.02
2394,L01,#2,GW252/13600,(2)停机状态,2,2025-06-28 15:01:04,2025-06-28 15:01:05,1,0
2395,L01,#2,GW252/13600,(1)停机过程,1,2025-06-28 15:00:33,2025-06-28 15:01:04,31,0.01
2396,L01,#2,GW252/13600,(4)启机状态,4,2025-06-28 14:55:33,2025-06-28 15:00:33,300,0.08
2397,L01,#2,GW252/13600,(3)待机状态,3,2025-06-28 14:54:29,2025-06-28 14:55:33,64,0.02
2398,L01,#2,GW252/13600,(2)停机状态,2,2025-06-28 14:52:58,2025-06-28 14:54:29,91,0.03
2399,L01,#2,GW252/13600,(1)停机过程,1,2025-06-28 14:52:26,2025-06-28 14:52:58,32,0.01
2400,L01,#2,GW252/13600,(4)启机状态,4,2025-06-28 14:47:26,2025-06-28 14:52:26,300,0.08
2401,L01,#2,GW252/13600,(3)待机状态,3,2025-06-28 14:45:17,2025-06-28 14:47:26,129,0.04
2402,L01,#2,GW252/13600,(2)停机状态,2,2025-06-28 14:44:19,2025-06-28 14:45:17,58,0.02
2403,L01,#2,GW252/13600,(1)停机过程,1,2025-06-28 14:43:46,2025-06-28 14:44:19,33,0.01
2404,L01,#2,GW252/13600,(4)启机状态,4,2025-06-28 14:38:47,2025-06-28 14:43:46,299,0.08
2405,L01,#2,GW252/13600,(3)待机状态,3,2025-06-28 14:37:32,2025-06-28 14:38:47,75,0.02
2406,L01,#2,GW252/13600,(2)停机状态,2,2025-06-28 14:37:30,2025-06-28 14:37:32,2,0
2407,L01,#2,GW252/13600,(1)停机过程,1,2025-06-28 14:36:58,2025-06-28 14:37:30,32,0.01
2408,L01,#2,GW252/13600,(4)启机状态,4,2025-06-28 14:31:58,2025-06-28 14:36:58,300,0.08
2409,L01,#2,GW252/13600,(3)待机状态,3,2025-06-28 14:30:57,2025-06-28 14:31:58,61,0.02
2410,L01,#2,GW252/13600,(2)停机状态,2,2025-06-28 14:30:55,2025-06-28 14:30:57,2,0
2411,L01,#2,GW252/13600,(1)停机过程,1,2025-06-28 14:30:23,2025-06-28 14:30:55,32,0.01
2412,L01,#2,GW252/13600,(4)启机状态,4,2025-06-28 14:25:23,2025-06-28 14:30:23,300,0.08
2413,L01,#2,GW252/13600,(3)待机状态,3,2025-06-28 14:24:10,2025-06-28 14:25:23,73,0.02
2414,L01,#2,GW252/13600,(2)停机状态,2,2025-06-28 14:21:31,2025-06-28 14:24:10,159,0.04
2415,L01,#2,GW252/13600,(1)停机过程,1,2025-06-28 14:20:34,2025-06-28 14:21:31,57,0.02
2416,L01,#2,GW252/13600,(5)发电状态,5,2025-06-28 13:24:48,2025-06-28 14:20:34,3346,0.93
2417,L01,#2,GW252/13600,(4)启机状态,4,2025-06-28 13:23:15,2025-06-28 13:24:48,93,0.03
2418,L01,#2,GW252/13600,(3)待机状态,3,2025-06-28 13:22:27,2025-06-28 13:23:15,48,0.01
2419,L01,#2,GW252/13600,(2)停机状态,2,2025-06-28 13:22:26,2025-06-28 13:22:27,1,0
2420,L01,#2,GW252/13600,(1)停机过程,1,2025-06-28 13:21:30,2025-06-28 13:22:26,56,0.02
2421,L01,#2,GW252/13600,(4)启机状态,4,2025-06-28 13:16:30,2025-06-28 13:21:30,300,0.08
2422,L01,#2,GW252/13600,(3)待机状态,3,2025-06-28 13:15:23,2025-06-28 13:16:30,67,0.02
2423,L01,#2,GW252/13600,(2)停机状态,2,2025-06-28 13:14:57,2025-06-28 13:15:23,26,0.01
2424,L01,#2,GW252/13600,(1)停机过程,1,2025-06-28 13:14:26,2025-06-28 13:14:57,31,0.01
2425,L01,#2,GW252/13600,(4)启机状态,4,2025-06-28 13:09:26,2025-06-28 13:14:26,300,0.08
2426,L01,#2,GW252/13600,(3)待机状态,3,2025-06-28 13:07:58,2025-06-28 13:09:26,88,0.02
2427,L01,#2,GW252/13600,(2)停机状态,2,2025-06-28 13:07:57,2025-06-28 13:07:58,1,0
2428,L01,#2,GW252/13600,(1)停机过程,1,2025-06-28 13:07:26,2025-06-28 13:07:57,31,0.01
2429,L01,#2,GW252/13600,(4)启机状态,4,2025-06-28 13:02:26,2025-06-28 13:07:26,300,0.08
2430,L01,#2,GW252/13600,(3)待机状态,3,2025-06-28 13:00:34,2025-06-28 13:02:26,112,0.03
2431,L01,#2,GW252/13600,(2)停机状态,2,2025-06-28 12:54:58,2025-06-28 13:00:34,336,0.09
2432,L01,#2,GW252/13600,(1)停机过程,1,2025-06-28 12:54:00,2025-06-28 12:54:58,58,0.02
2433,L01,#2,GW252/13600,(5)发电状态,5,2025-06-28 12:05:06,2025-06-28 12:54:00,2934,0.82
2434,L01,#2,GW252/13600,(4)启机状态,4,2025-06-28 12:00:15,2025-06-28 12:05:06,291,0.08
2435,L01,#2,GW252/13600,(3)待机状态,3,2025-06-28 11:58:28,2025-06-28 12:00:15,107,0.03
2436,L01,#2,GW252/13600,(1)停机过程,1,2025-06-28 11:57:56,2025-06-28 11:58:28,32,0.01
2437,L01,#2,GW252/13600,(4)启机状态,4,2025-06-28 11:52:56,2025-06-28 11:57:56,300,0.08
2438,L01,#2,GW252/13600,(3)待机状态,3,2025-06-28 11:51:24,2025-06-28 11:52:56,92,0.03
2439,L01,#2,GW252/13600,(2)停机状态,2,2025-06-28 11:50:25,2025-06-28 11:51:24,59,0.02
2440,L01,#2,GW252/13600,(1)停机过程,1,2025-06-28 11:49:53,2025-06-28 11:50:25,32,0.01
2441,L01,#2,GW252/13600,(4)启机状态,4,2025-06-28 11:44:54,2025-06-28 11:49:53,299,0.08
2442,L01,#2,GW252/13600,(3)待机状态,3,2025-06-28 11:42:30,2025-06-28 11:44:54,144,0.04
2443,L01,#2,GW252/13600,(2)停机状态,2,2025-06-28 11:40:47,2025-06-28 11:42:30,103,0.03
2444,L01,#2,GW252/13600,(1)停机过程,1,2025-06-28 11:39:51,2025-06-28 11:40:47,56,0.02
2445,L01,#2,GW252/13600,(5)发电状态,5,2025-06-28 10:39:01,2025-06-28 11:39:51,3650,1.01
2446,L01,#2,GW252/13600,(4)启机状态,4,2025-06-28 10:34:59,2025-06-28 10:39:01,242,0.07
2447,L01,#2,GW252/13600,(3)待机状态,3,2025-06-28 10:34:12,2025-06-28 10:34:59,47,0.01
2448,L01,#2,GW252/13600,(2)停机状态,2,2025-06-28 10:34:11,2025-06-28 10:34:12,1,0
2449,L01,#2,GW252/13600,(1)停机过程,1,2025-06-28 10:33:41,2025-06-28 10:34:11,30,0.01
2450,L01,#2,GW252/13600,(4)启机状态,4,2025-06-28 10:28:41,2025-06-28 10:33:41,300,0.08
2451,L01,#2,GW252/13600,(3)待机状态,3,2025-06-28 10:27:47,2025-06-28 10:28:41,54,0.02
2452,L01,#2,GW252/13600,(1)停机过程,1,2025-06-28 10:27:15,2025-06-28 10:27:47,32,0.01
2453,L01,#2,GW252/13600,(4)启机状态,4,2025-06-28 10:22:15,2025-06-28 10:27:15,300,0.08
2454,L01,#2,GW252/13600,(3)待机状态,3,2025-06-28 10:21:20,2025-06-28 10:22:15,55,0.02
2455,L01,#2,GW252/13600,(2)停机状态,2,2025-06-28 10:21:18,2025-06-28 10:21:20,2,0
2456,L01,#2,GW252/13600,(1)停机过程,1,2025-06-28 10:20:46,2025-06-28 10:21:18,32,0.01
2457,L01,#2,GW252/13600,(4)启机状态,4,2025-06-28 10:15:46,2025-06-28 10:20:46,300,0.08
2458,L01,#2,GW252/13600,(3)待机状态,3,2025-06-28 10:13:55,2025-06-28 10:15:46,111,0.03
2459,L01,#2,GW252/13600,(2)停机状态,2,2025-06-28 10:10:10,2025-06-28 10:13:55,225,0.06
2460,L01,#2,GW252/13600,(1)停机过程,1,2025-06-28 10:09:13,2025-06-28 10:10:10,57,0.02
2461,L01,#2,GW252/13600,(5)发电状态,5,2025-06-28 08:44:04,2025-06-28 10:09:13,5109,1.42
2462,L01,#2,GW252/13600,(4)启机状态,4,2025-06-28 08:40:59,2025-06-28 08:44:04,185,0.05
2463,L01,#2,GW252/13600,(3)待机状态,3,2025-06-28 08:40:14,2025-06-28 08:40:59,45,0.01
2464,L01,#2,GW252/13600,(2)停机状态,2,2025-06-28 08:40:12,2025-06-28 08:40:14,2,0
2465,L01,#2,GW252/13600,(1)停机过程,1,2025-06-28 08:39:41,2025-06-28 08:40:12,31,0.01
2466,L01,#2,GW252/13600,(4)启机状态,4,2025-06-28 08:34:41,2025-06-28 08:39:41,300,0.08
2467,L01,#2,GW252/13600,(3)待机状态,3,2025-06-28 08:33:38,2025-06-28 08:34:41,63,0.02
2468,L01,#2,GW252/13600,(2)停机状态,2,2025-06-28 08:33:37,2025-06-28 08:33:38,1,0
2469,L01,#2,GW252/13600,(1)停机过程,1,2025-06-28 08:33:04,2025-06-28 08:33:37,33,0.01
2470,L01,#2,GW252/13600,(4)启机状态,4,2025-06-28 08:28:05,2025-06-28 08:33:04,299,0.08
2471,L01,#2,GW252/13600,(3)待机状态,3,2025-06-28 08:27:17,2025-06-28 08:28:05,48,0.01
2472,L01,#2,GW252/13600,(2)停机状态,2,2025-06-28 08:27:15,2025-06-28 08:27:17,2,0
2473,L01,#2,GW252/13600,(1)停机过程,1,2025-06-28 08:26:44,2025-06-28 08:27:15,31,0.01
2474,L01,#2,GW252/13600,(4)启机状态,4,2025-06-28 08:21:44,2025-06-28 08:26:44,300,0.08
2475,L01,#2,GW252/13600,(3)待机状态,3,2025-06-28 08:20:49,2025-06-28 08:21:44,55,0.02
2476,L01,#2,GW252/13600,(2)停机状态,2,2025-06-28 08:20:48,2025-06-28 08:20:49,1,0
2477,L01,#2,GW252/13600,(1)停机过程,1,2025-06-28 08:20:17,2025-06-28 08:20:48,31,0.01
2478,L01,#2,GW252/13600,(4)启机状态,4,2025-06-28 08:15:16,2025-06-28 08:20:17,301,0.08
2479,L01,#2,GW252/13600,(3)待机状态,3,2025-06-28 08:14:19,2025-06-28 08:15:16,57,0.02
2480,L01,#2,GW252/13600,(2)停机状态,2,2025-06-28 08:08:42,2025-06-28 08:14:19,337,0.09
2481,L01,#2,GW252/13600,(1)停机过程,1,2025-06-28 08:07:45,2025-06-28 08:08:42,57,0.02
2482,L01,#2,GW252/13600,(5)发电状态,5,2025-06-28 04:57:35,2025-06-28 08:07:45,11410,3.17
2483,L01,#2,GW252/13600,(4)启机状态,4,2025-06-28 04:53:32,2025-06-28 04:57:35,243,0.07
2484,L01,#2,GW252/13600,(3)待机状态,3,2025-06-28 04:52:39,2025-06-28 04:53:32,53,0.01
2485,L01,#2,GW252/13600,(2)停机状态,2,2025-06-28 04:52:37,2025-06-28 04:52:39,2,0
2486,L01,#2,GW252/13600,(1)停机过程,1,2025-06-28 04:52:06,2025-06-28 04:52:37,31,0.01
2487,L01,#2,GW252/13600,(4)启机状态,4,2025-06-28 04:47:06,2025-06-28 04:52:06,300,0.08
2488,L01,#2,GW252/13600,(3)待机状态,3,2025-06-28 04:46:14,2025-06-28 04:47:06,52,0.01
2489,L01,#2,GW252/13600,(2)停机状态,2,2025-06-28 04:46:13,2025-06-28 04:46:14,1,0
2490,L01,#2,GW252/13600,(1)停机过程,1,2025-06-28 04:45:43,2025-06-28 04:46:13,30,0.01
2491,L01,#2,GW252/13600,(4)启机状态,4,2025-06-28 04:40:43,2025-06-28 04:45:43,300,0.08
2492,L01,#2,GW252/13600,(3)待机状态,3,2025-06-28 04:39:24,2025-06-28 04:40:43,79,0.02
2493,L01,#2,GW252/13600,(2)停机状态,2,2025-06-28 04:37:02,2025-06-28 04:39:24,142,0.04
2494,L01,#2,GW252/13600,(1)停机过程,1,2025-06-28 04:36:06,2025-06-28 04:37:02,56,0.02
2495,L01,#2,GW252/13600,(5)发电状态,5,2025-06-28 03:43:03,2025-06-28 04:36:06,3183,0.88
2496,L01,#2,GW252/13600,(4)启机状态,4,2025-06-28 03:41:09,2025-06-28 03:43:03,114,0.03
2497,L01,#2,GW252/13600,(3)待机状态,3,2025-06-28 03:40:21,2025-06-28 03:41:09,48,0.01
2498,L01,#2,GW252/13600,(1)停机过程,1,2025-06-28 03:39:24,2025-06-28 03:40:21,57,0.02
2499,L01,#2,GW252/13600,(4)启机状态,4,2025-06-28 03:34:24,2025-06-28 03:39:24,300,0.08
2500,L01,#2,GW252/13600,(3)待机状态,3,2025-06-28 03:32:30,2025-06-28 03:34:24,114,0.03
2501,L01,#2,GW252/13600,(2)停机状态,2,2025-06-28 03:32:29,2025-06-28 03:32:30,1,0
2502,L01,#2,GW252/13600,(1)停机过程,1,2025-06-28 03:31:59,2025-06-28 03:32:29,30,0.01
2503,L01,#2,GW252/13600,(4)启机状态,4,2025-06-28 03:26:59,2025-06-28 03:31:59,300,0.08
2504,L01,#2,GW252/13600,(3)待机状态,3,2025-06-28 03:25:45,2025-06-28 03:26:59,74,0.02
2505,L01,#2,GW252/13600,(1)停机过程,1,2025-06-28 03:25:12,2025-06-28 03:25:45,33,0.01
2506,L01,#2,GW252/13600,(4)启机状态,4,2025-06-28 03:20:13,2025-06-28 03:25:12,299,0.08
2507,L01,#2,GW252/13600,(3)待机状态,3,2025-06-28 03:19:09,2025-06-28 03:20:13,64,0.02
2508,L01,#2,GW252/13600,(2)停机状态,2,2025-06-28 03:17:43,2025-06-28 03:19:09,86,0.02
2509,L01,#2,GW252/13600,(1)停机过程,1,2025-06-28 03:17:11,2025-06-28 03:17:43,32,0.01
2510,L01,#2,GW252/13600,(4)启机状态,4,2025-06-28 03:12:11,2025-06-28 03:17:11,300,0.08
2511,L01,#2,GW252/13600,(3)待机状态,3,2025-06-28 03:10:21,2025-06-28 03:12:11,110,0.03
2512,L01,#2,GW252/13600,(2)停机状态,2,2025-06-28 03:04:44,2025-06-28 03:10:21,337,0.09
2513,L01,#2,GW252/13600,(1)停机过程,1,2025-06-28 03:03:47,2025-06-28 03:04:44,57,0.02
2514,L01,#2,GW252/13600,(5)发电状态,5,2025-06-28 01:54:26,2025-06-28 03:03:47,4161,1.16
2515,L01,#2,GW252/13600,(4)启机状态,4,2025-06-28 01:49:46,2025-06-28 01:54:26,280,0.08
2516,L01,#2,GW252/13600,(3)待机状态,3,2025-06-28 01:48:55,2025-06-28 01:49:46,51,0.01
2517,L01,#2,GW252/13600,(2)停机状态,2,2025-06-28 01:48:53,2025-06-28 01:48:55,2,0
2518,L01,#2,GW252/13600,(1)停机过程,1,2025-06-28 01:48:22,2025-06-28 01:48:53,31,0.01
2519,L01,#2,GW252/13600,(4)启机状态,4,2025-06-28 01:43:21,2025-06-28 01:48:22,301,0.08
2520,L01,#2,GW252/13600,(3)待机状态,3,2025-06-28 01:42:20,2025-06-28 01:43:21,61,0.02
2521,L01,#2,GW252/13600,(2)停机状态,2,2025-06-28 01:42:18,2025-06-28 01:42:20,2,0
2522,L01,#2,GW252/13600,(1)停机过程,1,2025-06-28 01:41:46,2025-06-28 01:42:18,32,0.01
2523,L01,#2,GW252/13600,(4)启机状态,4,2025-06-28 01:36:46,2025-06-28 01:41:46,300,0.08
2524,L01,#2,GW252/13600,(3)待机状态,3,2025-06-28 01:35:48,2025-06-28 01:36:46,58,0.02
2525,L01,#2,GW252/13600,(2)停机状态,2,2025-06-28 01:35:47,2025-06-28 01:35:48,1,0
2526,L01,#2,GW252/13600,(1)停机过程,1,2025-06-28 01:35:16,2025-06-28 01:35:47,31,0.01
2527,L01,#2,GW252/13600,(4)启机状态,4,2025-06-28 01:30:16,2025-06-28 01:35:16,300,0.08
2528,L01,#2,GW252/13600,(3)待机状态,3,2025-06-28 01:28:02,2025-06-28 01:30:16,134,0.04
2529,L01,#2,GW252/13600,(2)停机状态,2,2025-06-28 01:26:29,2025-06-28 01:28:02,93,0.03
2530,L01,#2,GW252/13600,(1)停机过程,1,2025-06-28 01:25:58,2025-06-28 01:26:29,31,0.01
2531,L01,#2,GW252/13600,(4)启机状态,4,2025-06-28 01:20:57,2025-06-28 01:25:58,301,0.08
2532,L01,#2,GW252/13600,(3)待机状态,3,2025-06-28 01:19:31,2025-06-28 01:20:57,86,0.02
2533,L01,#2,GW252/13600,(1)停机过程,1,2025-06-28 01:18:58,2025-06-28 01:19:31,33,0.01
2534,L01,#2,GW252/13600,(4)启机状态,4,2025-06-28 01:13:58,2025-06-28 01:18:58,300,0.08
2535,L01,#2,GW252/13600,(3)待机状态,3,2025-06-28 01:11:22,2025-06-28 01:13:58,156,0.04
2536,L01,#2,GW252/13600,(2)停机状态,2,2025-06-28 01:11:21,2025-06-28 01:11:22,1,0
2537,L01,#2,GW252/13600,(1)停机过程,1,2025-06-28 01:10:50,2025-06-28 01:11:21,31,0.01
2538,L01,#2,GW252/13600,(4)启机状态,4,2025-06-28 01:05:49,2025-06-28 01:10:50,301,0.08
2539,L01,#2,GW252/13600,(3)待机状态,3,2025-06-28 01:01:11,2025-06-28 01:05:49,278,0.08
2540,L01,#2,GW252/13600,(2)停机状态,2,2025-06-28 00:58:46,2025-06-28 01:01:11,145,0.04
2541,L01,#2,GW252/13600,(1)停机过程,1,2025-06-28 00:57:48,2025-06-28 00:58:46,58,0.02
2542,L01,#2,GW252/13600,(5)发电状态,5,2025-06-27 15:29:56,2025-06-28 00:57:48,34072,9.46
2543,L01,#2,GW252/13600,(4)启机状态,4,2025-06-27 15:26:36,2025-06-27 15:29:56,200,0.06
2544,L01,#2,GW252/13600,(3)待机状态,3,2025-06-27 15:25:48,2025-06-27 15:26:36,48,0.01
2545,L01,#2,GW252/13600,(2)停机状态,2,2025-06-27 15:25:47,2025-06-27 15:25:48,1,0
2546,L01,#2,GW252/13600,(1)停机过程,1,2025-06-27 15:25:15,2025-06-27 15:25:47,32,0.01
2547,L01,#2,GW252/13600,(4)启机状态,4,2025-06-27 15:20:15,2025-06-27 15:25:15,300,0.08
2548,L01,#2,GW252/13600,(3)待机状态,3,2025-06-27 15:19:14,2025-06-27 15:20:15,61,0.02
2549,L01,#2,GW252/13600,(2)停机状态,2,2025-06-27 14:42:37,2025-06-27 15:19:14,2197,0.61
2550,L01,#2,GW252/13600,(1)停机过程,1,2025-06-27 14:41:40,2025-06-27 14:42:37,57,0.02
2551,L01,#2,GW252/13600,(5)发电状态,5,2025-06-25 16:52:04,2025-06-27 14:41:40,164976,45.83
2552,L01,#2,GW252/13600,(5)发电状态,5,2025-06-25 11:25:41,2025-06-25 16:52:04,19583,5.44
2553,L01,#2,GW252/13600,(4)启机状态,4,2025-06-25 11:20:48,2025-06-25 11:25:41,293,0.08
2554,L01,#2,GW252/13600,(3)待机状态,3,2025-06-25 11:19:53,2025-06-25 11:20:48,55,0.02
2555,L01,#2,GW252/13600,(2)停机状态,2,2025-06-25 11:19:52,2025-06-25 11:19:53,1,0
2556,L01,#2,GW252/13600,(1)停机过程,1,2025-06-25 11:18:58,2025-06-25 11:19:52,54,0.02
2557,L01,#2,GW252/13600,(4)启机状态,4,2025-06-25 11:13:58,2025-06-25 11:18:58,300,0.08
2558,L01,#2,GW252/13600,(3)待机状态,3,2025-06-25 11:13:12,2025-06-25 11:13:58,46,0.01
2559,L01,#2,GW252/13600,(2)停机状态,2,2025-06-25 11:13:11,2025-06-25 11:13:12,1,0
2560,L01,#2,GW252/13600,(1)停机过程,1,2025-06-25 11:12:38,2025-06-25 11:13:11,33,0.01
2561,L01,#2,GW252/13600,(4)启机状态,4,2025-06-25 11:07:38,2025-06-25 11:12:38,300,0.08
2562,L01,#2,GW252/13600,(3)待机状态,3,2025-06-25 11:06:39,2025-06-25 11:07:38,59,0.02
2563,L01,#2,GW252/13600,(2)停机状态,2,2025-06-25 11:06:37,2025-06-25 11:06:39,2,0
2564,L01,#2,GW252/13600,(1)停机过程,1,2025-06-25 11:06:06,2025-06-25 11:06:37,31,0.01
2565,L01,#2,GW252/13600,(4)启机状态,4,2025-06-25 11:01:06,2025-06-25 11:06:06,300,0.08
2566,L01,#2,GW252/13600,(3)待机状态,3,2025-06-25 11:00:10,2025-06-25 11:01:06,56,0.02
2567,L01,#2,GW252/13600,(2)停机状态,2,2025-06-25 11:00:09,2025-06-25 11:00:10,1,0
2568,L01,#2,GW252/13600,(1)停机过程,1,2025-06-25 10:59:36,2025-06-25 11:00:09,33,0.01
2569,L01,#2,GW252/13600,(4)启机状态,4,2025-06-25 10:54:36,2025-06-25 10:59:36,300,0.08
2570,L01,#2,GW252/13600,(3)待机状态,3,2025-06-25 10:53:40,2025-06-25 10:54:36,56,0.02
2571,L01,#2,GW252/13600,(2)停机状态,2,2025-06-25 10:53:38,2025-06-25 10:53:40,2,0
2572,L01,#2,GW252/13600,(1)停机过程,1,2025-06-25 10:53:07,2025-06-25 10:53:38,31,0.01
2573,L01,#2,GW252/13600,(4)启机状态,4,2025-06-25 10:48:08,2025-06-25 10:53:07,299,0.08
2574,L01,#2,GW252/13600,(3)待机状态,3,2025-06-25 10:47:18,2025-06-25 10:48:08,50,0.01
2575,L01,#2,GW252/13600,(2)停机状态,2,2025-06-25 10:47:17,2025-06-25 10:47:18,1,0
2576,L01,#2,GW252/13600,(1)停机过程,1,2025-06-25 10:46:46,2025-06-25 10:47:17,31,0.01
2577,L01,#2,GW252/13600,(4)启机状态,4,2025-06-25 10:41:46,2025-06-25 10:46:46,300,0.08
2578,L01,#2,GW252/13600,(3)待机状态,3,2025-06-25 10:40:56,2025-06-25 10:41:46,50,0.01
2579,L01,#2,GW252/13600,(2)停机状态,2,2025-06-25 10:40:55,2025-06-25 10:40:56,1,0
2580,L01,#2,GW252/13600,(1)停机过程,1,2025-06-25 10:40:23,2025-06-25 10:40:55,32,0.01
2581,L01,#2,GW252/13600,(4)启机状态,4,2025-06-25 10:35:23,2025-06-25 10:40:23,300,0.08
2582,L01,#2,GW252/13600,(3)待机状态,3,2025-06-25 10:34:35,2025-06-25 10:35:23,48,0.01
2583,L01,#2,GW252/13600,(2)停机状态,2,2025-06-25 10:34:33,2025-06-25 10:34:35,2,0
2584,L01,#2,GW252/13600,(1)停机过程,1,2025-06-25 10:34:00,2025-06-25 10:34:33,33,0.01
2585,L01,#2,GW252/13600,(4)启机状态,4,2025-06-25 10:29:00,2025-06-25 10:34:00,300,0.08
2586,L01,#2,GW252/13600,(3)待机状态,3,2025-06-25 10:28:03,2025-06-25 10:29:00,57,0.02
2587,L01,#2,GW252/13600,(2)停机状态,2,2025-06-25 10:28:01,2025-06-25 10:28:03,2,0
2588,L01,#2,GW252/13600,(1)停机过程,1,2025-06-25 10:27:31,2025-06-25 10:28:01,30,0.01
2589,L01,#2,GW252/13600,(4)启机状态,4,2025-06-25 10:22:31,2025-06-25 10:27:31,300,0.08
2590,L01,#2,GW252/13600,(3)待机状态,3,2025-06-25 10:21:13,2025-06-25 10:22:31,78,0.02
2591,L01,#2,GW252/13600,(1)停机过程,1,2025-06-25 10:20:40,2025-06-25 10:21:13,33,0.01
2592,L01,#2,GW252/13600,(4)启机状态,4,2025-06-25 10:15:40,2025-06-25 10:20:40,300,0.08
2593,L01,#2,GW252/13600,(3)待机状态,3,2025-06-25 10:14:29,2025-06-25 10:15:40,71,0.02
2594,L01,#2,GW252/13600,(2)停机状态,2,2025-06-25 10:14:27,2025-06-25 10:14:29,2,0
2595,L01,#2,GW252/13600,(1)停机过程,1,2025-06-25 10:13:57,2025-06-25 10:14:27,30,0.01
2596,L01,#2,GW252/13600,(4)启机状态,4,2025-06-25 10:08:57,2025-06-25 10:13:57,300,0.08
2597,L01,#2,GW252/13600,(3)待机状态,3,2025-06-25 10:07:22,2025-06-25 10:08:57,95,0.03
2598,L01,#2,GW252/13600,(2)停机状态,2,2025-06-25 10:07:21,2025-06-25 10:07:22,1,0
2599,L01,#2,GW252/13600,(1)停机过程,1,2025-06-25 10:06:50,2025-06-25 10:07:21,31,0.01
2600,L01,#2,GW252/13600,(4)启机状态,4,2025-06-25 10:01:50,2025-06-25 10:06:50,300,0.08
2601,L01,#2,GW252/13600,(3)待机状态,3,2025-06-25 10:00:19,2025-06-25 10:01:50,91,0.03
2602,L01,#2,GW252/13600,(2)停机状态,2,2025-06-25 09:59:15,2025-06-25 10:00:19,64,0.02
2603,L01,#2,GW252/13600,(1)停机过程,1,2025-06-25 09:58:42,2025-06-25 09:59:15,33,0.01
2604,L01,#2,GW252/13600,(4)启机状态,4,2025-06-25 09:53:43,2025-06-25 09:58:42,299,0.08
2605,L01,#2,GW252/13600,(3)待机状态,3,2025-06-25 09:52:48,2025-06-25 09:53:43,55,0.02
2606,L01,#2,GW252/13600,(1)停机过程,1,2025-06-25 09:52:17,2025-06-25 09:52:48,31,0.01
2607,L01,#2,GW252/13600,(4)启机状态,4,2025-06-25 09:47:17,2025-06-25 09:52:17,300,0.08
2608,L01,#2,GW252/13600,(3)待机状态,3,2025-06-25 09:46:25,2025-06-25 09:47:17,52,0.01
2609,L01,#2,GW252/13600,(2)停机状态,2,2025-06-25 09:46:24,2025-06-25 09:46:25,1,0
2610,L01,#2,GW252/13600,(1)停机过程,1,2025-06-25 09:45:51,2025-06-25 09:46:24,33,0.01
2611,L01,#2,GW252/13600,(4)启机状态,4,2025-06-25 09:40:51,2025-06-25 09:45:51,300,0.08
2612,L01,#2,GW252/13600,(3)待机状态,3,2025-06-25 09:39:52,2025-06-25 09:40:51,59,0.02
2613,L01,#2,GW252/13600,(2)停机状态,2,2025-06-25 09:39:51,2025-06-25 09:39:52,1,0
2614,L01,#2,GW252/13600,(1)停机过程,1,2025-06-25 09:39:20,2025-06-25 09:39:51,31,0.01
2615,L01,#2,GW252/13600,(4)启机状态,4,2025-06-25 09:34:19,2025-06-25 09:39:20,301,0.08
2616,L01,#2,GW252/13600,(3)待机状态,3,2025-06-25 09:33:16,2025-06-25 09:34:19,63,0.02
2617,L01,#2,GW252/13600,(2)停机状态,2,2025-06-25 09:33:15,2025-06-25 09:33:16,1,0
2618,L01,#2,GW252/13600,(1)停机过程,1,2025-06-25 09:32:43,2025-06-25 09:33:15,32,0.01
2619,L01,#2,GW252/13600,(4)启机状态,4,2025-06-25 09:27:42,2025-06-25 09:32:43,301,0.08
2620,L01,#2,GW252/13600,(3)待机状态,3,2025-06-25 09:26:16,2025-06-25 09:27:42,86,0.02
2621,L01,#2,GW252/13600,(1)停机过程,1,2025-06-25 09:25:45,2025-06-25 09:26:16,31,0.01
2622,L01,#2,GW252/13600,(4)启机状态,4,2025-06-25 09:20:45,2025-06-25 09:25:45,300,0.08
2623,L01,#2,GW252/13600,(3)待机状态,3,2025-06-25 09:19:37,2025-06-25 09:20:45,68,0.02
2624,L01,#2,GW252/13600,(2)停机状态,2,2025-06-25 09:19:35,2025-06-25 09:19:37,2,0
2625,L01,#2,GW252/13600,(1)停机过程,1,2025-06-25 09:19:03,2025-06-25 09:19:35,32,0.01
2626,L01,#2,GW252/13600,(4)启机状态,4,2025-06-25 09:14:03,2025-06-25 09:19:03,300,0.08
2627,L01,#2,GW252/13600,(3)待机状态,3,2025-06-25 09:12:41,2025-06-25 09:14:03,82,0.02
2628,L01,#2,GW252/13600,(1)停机过程,1,2025-06-25 09:12:10,2025-06-25 09:12:41,31,0.01
2629,L01,#2,GW252/13600,(4)启机状态,4,2025-06-25 09:07:10,2025-06-25 09:12:10,300,0.08
2630,L01,#2,GW252/13600,(3)待机状态,3,2025-06-25 09:05:45,2025-06-25 09:07:10,85,0.02
2631,L01,#2,GW252/13600,(2)停机状态,2,2025-06-25 09:05:44,2025-06-25 09:05:45,1,0
2632,L01,#2,GW252/13600,(1)停机过程,1,2025-06-25 09:05:13,2025-06-25 09:05:44,31,0.01
2633,L01,#2,GW252/13600,(4)启机状态,4,2025-06-25 09:00:13,2025-06-25 09:05:13,300,0.08
2634,L01,#2,GW252/13600,(3)待机状态,3,2025-06-25 08:59:08,2025-06-25 09:00:13,65,0.02
2635,L01,#2,GW252/13600,(2)停机状态,2,2025-06-25 08:59:07,2025-06-25 08:59:08,1,0
2636,L01,#2,GW252/13600,(1)停机过程,1,2025-06-25 08:58:35,2025-06-25 08:59:07,32,0.01
2637,L01,#2,GW252/13600,(4)启机状态,4,2025-06-25 08:53:34,2025-06-25 08:58:35,301,0.08
2638,L01,#2,GW252/13600,(3)待机状态,3,2025-06-25 08:52:45,2025-06-25 08:53:34,49,0.01
2639,L01,#2,GW252/13600,(2)停机状态,2,2025-06-25 08:52:44,2025-06-25 08:52:45,1,0
2640,L01,#2,GW252/13600,(1)停机过程,1,2025-06-25 08:52:13,2025-06-25 08:52:44,31,0.01
2641,L01,#2,GW252/13600,(4)启机状态,4,2025-06-25 08:47:13,2025-06-25 08:52:13,300,0.08
2642,L01,#2,GW252/13600,(3)待机状态,3,2025-06-25 08:46:23,2025-06-25 08:47:13,50,0.01
2643,L01,#2,GW252/13600,(2)停机状态,2,2025-06-25 08:46:22,2025-06-25 08:46:23,1,0
2644,L01,#2,GW252/13600,(1)停机过程,1,2025-06-25 08:45:51,2025-06-25 08:46:22,31,0.01
2645,L01,#2,GW252/13600,(4)启机状态,4,2025-06-25 08:40:51,2025-06-25 08:45:51,300,0.08
2646,L01,#2,GW252/13600,(3)待机状态,3,2025-06-25 08:39:55,2025-06-25 08:40:51,56,0.02
2647,L01,#2,GW252/13600,(2)停机状态,2,2025-06-25 08:39:54,2025-06-25 08:39:55,1,0
2648,L01,#2,GW252/13600,(1)停机过程,1,2025-06-25 08:39:22,2025-06-25 08:39:54,32,0.01
2649,L01,#2,GW252/13600,(4)启机状态,4,2025-06-25 08:34:21,2025-06-25 08:39:22,301,0.08
2650,L01,#2,GW252/13600,(3)待机状态,3,2025-06-25 08:33:07,2025-06-25 08:34:21,74,0.02
2651,L01,#2,GW252/13600,(2)停机状态,2,2025-06-25 08:31:43,2025-06-25 08:33:07,84,0.02
2652,L01,#2,GW252/13600,(1)停机过程,1,2025-06-25 08:31:12,2025-06-25 08:31:43,31,0.01
2653,L01,#2,GW252/13600,(4)启机状态,4,2025-06-25 08:26:12,2025-06-25 08:31:12,300,0.08
2654,L01,#2,GW252/13600,(3)待机状态,3,2025-06-25 08:24:46,2025-06-25 08:26:12,86,0.02
2655,L01,#2,GW252/13600,(2)停机状态,2,2025-06-25 08:24:44,2025-06-25 08:24:46,2,0
2656,L01,#2,GW252/13600,(1)停机过程,1,2025-06-25 08:24:13,2025-06-25 08:24:44,31,0.01
2657,L01,#2,GW252/13600,(4)启机状态,4,2025-06-25 08:19:13,2025-06-25 08:24:13,300,0.08
2658,L01,#2,GW252/13600,(3)待机状态,3,2025-06-25 08:18:04,2025-06-25 08:19:13,69,0.02
2659,L01,#2,GW252/13600,(2)停机状态,2,2025-06-25 08:18:02,2025-06-25 08:18:04,2,0
2660,L01,#2,GW252/13600,(1)停机过程,1,2025-06-25 08:17:31,2025-06-25 08:18:02,31,0.01
2661,L01,#2,GW252/13600,(4)启机状态,4,2025-06-25 08:12:30,2025-06-25 08:17:31,301,0.08
2662,L01,#2,GW252/13600,(3)待机状态,3,2025-06-25 08:11:24,2025-06-25 08:12:30,66,0.02
2663,L01,#2,GW252/13600,(2)停机状态,2,2025-06-25 08:11:22,2025-06-25 08:11:24,2,0
2664,L01,#2,GW252/13600,(1)停机过程,1,2025-06-25 08:10:51,2025-06-25 08:11:22,31,0.01
2665,L01,#2,GW252/13600,(4)启机状态,4,2025-06-25 08:05:50,2025-06-25 08:10:51,301,0.08
2666,L01,#2,GW252/13600,(3)待机状态,3,2025-06-25 08:04:49,2025-06-25 08:05:50,61,0.02
2667,L01,#2,GW252/13600,(2)停机状态,2,2025-06-25 08:04:47,2025-06-25 08:04:49,2,0
2668,L01,#2,GW252/13600,(1)停机过程,1,2025-06-25 08:04:15,2025-06-25 08:04:47,32,0.01
2669,L01,#2,GW252/13600,(4)启机状态,4,2025-06-25 07:59:15,2025-06-25 08:04:15,300,0.08
2670,L01,#2,GW252/13600,(3)待机状态,3,2025-06-25 07:58:18,2025-06-25 07:59:15,57,0.02
2671,L01,#2,GW252/13600,(2)停机状态,2,2025-06-25 07:57:17,2025-06-25 07:58:18,61,0.02
2672,L01,#2,GW252/13600,(1)停机过程,1,2025-06-25 07:56:45,2025-06-25 07:57:17,32,0.01
2673,L01,#2,GW252/13600,(4)启机状态,4,2025-06-25 07:51:45,2025-06-25 07:56:45,300,0.08
2674,L01,#2,GW252/13600,(3)待机状态,3,2025-06-25 07:50:48,2025-06-25 07:51:45,57,0.02
2675,L01,#2,GW252/13600,(2)停机状态,2,2025-06-25 07:50:47,2025-06-25 07:50:48,1,0
2676,L01,#2,GW252/13600,(1)停机过程,1,2025-06-25 07:50:15,2025-06-25 07:50:47,32,0.01
2677,L01,#2,GW252/13600,(4)启机状态,4,2025-06-25 07:45:15,2025-06-25 07:50:15,300,0.08
2678,L01,#2,GW252/13600,(3)待机状态,3,2025-06-25 07:44:04,2025-06-25 07:45:15,71,0.02
2679,L01,#2,GW252/13600,(2)停机状态,2,2025-06-25 07:44:03,2025-06-25 07:44:04,1,0
2680,L01,#2,GW252/13600,(1)停机过程,1,2025-06-25 07:43:31,2025-06-25 07:44:03,32,0.01
2681,L01,#2,GW252/13600,(4)启机状态,4,2025-06-25 07:38:31,2025-06-25 07:43:31,300,0.08
2682,L01,#2,GW252/13600,(3)待机状态,3,2025-06-25 07:36:51,2025-06-25 07:38:31,100,0.03
2683,L01,#2,GW252/13600,(2)停机状态,2,2025-06-25 07:36:43,2025-06-25 07:36:51,8,0
2684,L01,#2,GW252/13600,(1)停机过程,1,2025-06-25 07:36:12,2025-06-25 07:36:43,31,0.01
2685,L01,#2,GW252/13600,(4)启机状态,4,2025-06-25 07:31:12,2025-06-25 07:36:12,300,0.08
2686,L01,#2,GW252/13600,(3)待机状态,3,2025-06-25 07:30:11,2025-06-25 07:31:12,61,0.02
2687,L01,#2,GW252/13600,(1)停机过程,1,2025-06-25 07:29:39,2025-06-25 07:30:11,32,0.01
2688,L01,#2,GW252/13600,(4)启机状态,4,2025-06-25 07:24:39,2025-06-25 07:29:39,300,0.08
2689,L01,#2,GW252/13600,(3)待机状态,3,2025-06-25 07:23:45,2025-06-25 07:24:39,54,0.02
2690,L01,#2,GW252/13600,(2)停机状态,2,2025-06-25 07:23:42,2025-06-25 07:23:45,3,0
2691,L01,#2,GW252/13600,(1)停机过程,1,2025-06-25 07:23:10,2025-06-25 07:23:42,32,0.01
2692,L01,#2,GW252/13600,(4)启机状态,4,2025-06-25 07:18:10,2025-06-25 07:23:10,300,0.08
2693,L01,#2,GW252/13600,(3)待机状态,3,2025-06-25 07:17:12,2025-06-25 07:18:10,58,0.02
2694,L01,#2,GW252/13600,(2)停机状态,2,2025-06-25 07:17:11,2025-06-25 07:17:12,1,0
2695,L01,#2,GW252/13600,(1)停机过程,1,2025-06-25 07:16:39,2025-06-25 07:17:11,32,0.01
2696,L01,#2,GW252/13600,(4)启机状态,4,2025-06-25 07:11:39,2025-06-25 07:16:39,300,0.08
2697,L01,#2,GW252/13600,(3)待机状态,3,2025-06-25 07:10:37,2025-06-25 07:11:39,62,0.02
2698,L01,#2,GW252/13600,(1)停机过程,1,2025-06-25 07:10:05,2025-06-25 07:10:37,32,0.01
2699,L01,#2,GW252/13600,(4)启机状态,4,2025-06-25 07:05:05,2025-06-25 07:10:05,300,0.08
2700,L01,#2,GW252/13600,(3)待机状态,3,2025-06-25 07:04:13,2025-06-25 07:05:05,52,0.01
2701,L01,#2,GW252/13600,(2)停机状态,2,2025-06-25 07:04:11,2025-06-25 07:04:13,2,0
2702,L01,#2,GW252/13600,(1)停机过程,1,2025-06-25 07:03:39,2025-06-25 07:04:11,32,0.01
2703,L01,#2,GW252/13600,(4)启机状态,4,2025-06-25 06:58:40,2025-06-25 07:03:39,299,0.08
2704,L01,#2,GW252/13600,(3)待机状态,3,2025-06-25 06:57:49,2025-06-25 06:58:40,51,0.01
2705,L01,#2,GW252/13600,(2)停机状态,2,2025-06-25 06:57:48,2025-06-25 06:57:49,1,0
2706,L01,#2,GW252/13600,(1)停机过程,1,2025-06-25 06:57:16,2025-06-25 06:57:48,32,0.01
2707,L01,#2,GW252/13600,(4)启机状态,4,2025-06-25 06:52:16,2025-06-25 06:57:16,300,0.08
2708,L01,#2,GW252/13600,(3)待机状态,3,2025-06-25 06:51:19,2025-06-25 06:52:16,57,0.02
2709,L01,#2,GW252/13600,(2)停机状态,2,2025-06-25 06:51:18,2025-06-25 06:51:19,1,0
2710,L01,#2,GW252/13600,(1)停机过程,1,2025-06-25 06:50:46,2025-06-25 06:51:18,32,0.01
2711,L01,#2,GW252/13600,(4)启机状态,4,2025-06-25 06:45:46,2025-06-25 06:50:46,300,0.08
2712,L01,#2,GW252/13600,(3)待机状态,3,2025-06-25 06:44:02,2025-06-25 06:45:46,104,0.03
2713,L01,#2,GW252/13600,(2)停机状态,2,2025-06-25 06:43:59,2025-06-25 06:44:02,3,0
2714,L01,#2,GW252/13600,(1)停机过程,1,2025-06-25 06:43:27,2025-06-25 06:43:59,32,0.01
2715,L01,#2,GW252/13600,(4)启机状态,4,2025-06-25 06:38:27,2025-06-25 06:43:27,300,0.08
2716,L01,#2,GW252/13600,(3)待机状态,3,2025-06-25 06:37:26,2025-06-25 06:38:27,61,0.02
2717,L01,#2,GW252/13600,(2)停机状态,2,2025-06-25 06:37:21,2025-06-25 06:37:26,5,0
2718,L01,#2,GW252/13600,(1)停机过程,1,2025-06-25 06:36:51,2025-06-25 06:37:21,30,0.01
2719,L01,#2,GW252/13600,(4)启机状态,4,2025-06-25 06:31:50,2025-06-25 06:36:51,301,0.08
2720,L01,#2,GW252/13600,(3)待机状态,3,2025-06-25 06:26:00,2025-06-25 06:31:50,350,0.1
2721,L01,#2,GW252/13600,(2)停机状态,2,2025-06-25 06:22:22,2025-06-25 06:26:00,218,0.06
2722,L01,#2,GW252/13600,(1)停机过程,1,2025-06-25 06:21:49,2025-06-25 06:22:22,33,0.01
2723,L01,#2,GW252/13600,(4)启机状态,4,2025-06-25 06:16:49,2025-06-25 06:21:49,300,0.08
2724,L01,#2,GW252/13600,(3)待机状态,3,2025-06-25 06:15:48,2025-06-25 06:16:49,61,0.02
2725,L01,#2,GW252/13600,(2)停机状态,2,2025-06-25 06:15:23,2025-06-25 06:15:48,25,0.01
2726,L01,#2,GW252/13600,(1)停机过程,1,2025-06-25 06:14:51,2025-06-25 06:15:23,32,0.01
2727,L01,#2,GW252/13600,(4)启机状态,4,2025-06-25 06:09:51,2025-06-25 06:14:51,300,0.08
2728,L01,#2,GW252/13600,(3)待机状态,3,2025-06-25 06:08:46,2025-06-25 06:09:51,65,0.02
2729,L01,#2,GW252/13600,(2)停机状态,2,2025-06-25 06:06:12,2025-06-25 06:08:46,154,0.04
2730,L01,#2,GW252/13600,(1)停机过程,1,2025-06-25 06:05:40,2025-06-25 06:06:12,32,0.01
2731,L01,#2,GW252/13600,(4)启机状态,4,2025-06-25 06:00:41,2025-06-25 06:05:40,299,0.08
2732,L01,#2,GW252/13600,(3)待机状态,3,2025-06-25 05:59:19,2025-06-25 06:00:41,82,0.02
2733,L01,#2,GW252/13600,(2)停机状态,2,2025-06-25 05:59:16,2025-06-25 05:59:19,3,0
2734,L01,#2,GW252/13600,(1)停机过程,1,2025-06-25 05:58:44,2025-06-25 05:59:16,32,0.01
2735,L01,#2,GW252/13600,(4)启机状态,4,2025-06-25 05:53:43,2025-06-25 05:58:44,301,0.08
2736,L01,#2,GW252/13600,(3)待机状态,3,2025-06-25 05:51:46,2025-06-25 05:53:43,117,0.03
2737,L01,#2,GW252/13600,(2)停机状态,2,2025-06-25 05:51:44,2025-06-25 05:51:46,2,0
2738,L01,#2,GW252/13600,(1)停机过程,1,2025-06-25 05:51:12,2025-06-25 05:51:44,32,0.01
2739,L01,#2,GW252/13600,(4)启机状态,4,2025-06-25 05:46:13,2025-06-25 05:51:12,299,0.08
2740,L01,#2,GW252/13600,(3)待机状态,3,2025-06-25 05:44:54,2025-06-25 05:46:13,79,0.02
2741,L01,#2,GW252/13600,(2)停机状态,2,2025-06-25 05:43:29,2025-06-25 05:44:54,85,0.02
2742,L01,#2,GW252/13600,(1)停机过程,1,2025-06-25 05:42:56,2025-06-25 05:43:29,33,0.01
2743,L01,#2,GW252/13600,(4)启机状态,4,2025-06-25 05:37:56,2025-06-25 05:42:56,300,0.08
2744,L01,#2,GW252/13600,(3)待机状态,3,2025-06-25 05:36:47,2025-06-25 05:37:56,69,0.02
2745,L01,#2,GW252/13600,(2)停机状态,2,2025-06-25 05:36:39,2025-06-25 05:36:47,8,0
2746,L01,#2,GW252/13600,(1)停机过程,1,2025-06-25 05:36:08,2025-06-25 05:36:39,31,0.01
2747,L01,#2,GW252/13600,(4)启机状态,4,2025-06-25 05:31:08,2025-06-25 05:36:08,300,0.08
2748,L01,#2,GW252/13600,(3)待机状态,3,2025-06-25 05:29:40,2025-06-25 05:31:08,88,0.02
2749,L01,#2,GW252/13600,(2)停机状态,2,2025-06-25 05:24:04,2025-06-25 05:29:40,336,0.09
2750,L01,#2,GW252/13600,(1)停机过程,1,2025-06-25 05:23:31,2025-06-25 05:24:04,33,0.01
2751,L01,#2,GW252/13600,(4)启机状态,4,2025-06-25 05:18:32,2025-06-25 05:23:31,299,0.08
2752,L01,#2,GW252/13600,(3)待机状态,3,2025-06-25 05:15:17,2025-06-25 05:18:32,195,0.05
2753,L01,#2,GW252/13600,(2)停机状态,2,2025-06-25 05:13:28,2025-06-25 05:15:17,109,0.03
2754,L01,#2,GW252/13600,(1)停机过程,1,2025-06-25 05:12:55,2025-06-25 05:13:28,33,0.01
2755,L01,#2,GW252/13600,(4)启机状态,4,2025-06-25 05:07:55,2025-06-25 05:12:55,300,0.08
2756,L01,#2,GW252/13600,(3)待机状态,3,2025-06-25 05:02:45,2025-06-25 05:07:55,310,0.09
2757,L01,#2,GW252/13600,(2)停机状态,2,2025-06-25 04:57:07,2025-06-25 05:02:45,338,0.09
2758,L01,#2,GW252/13600,(1)停机过程,1,2025-06-25 04:56:37,2025-06-25 04:57:07,30,0.01
2759,L01,#2,GW252/13600,(4)启机状态,4,2025-06-25 04:51:36,2025-06-25 04:56:37,301,0.08
2760,L01,#2,GW252/13600,(3)待机状态,3,2025-06-25 04:47:53,2025-06-25 04:51:36,223,0.06
2761,L01,#2,GW252/13600,(2)停机状态,2,2025-06-25 04:46:56,2025-06-25 04:47:53,57,0.02
2762,L01,#2,GW252/13600,(1)停机过程,1,2025-06-25 04:46:23,2025-06-25 04:46:56,33,0.01
2763,L01,#2,GW252/13600,(4)启机状态,4,2025-06-25 04:41:23,2025-06-25 04:46:23,300,0.08
2764,L01,#2,GW252/13600,(3)待机状态,3,2025-06-25 04:36:30,2025-06-25 04:41:23,293,0.08
2765,L01,#2,GW252/13600,(2)停机状态,2,2025-06-25 04:30:54,2025-06-25 04:36:30,336,0.09
2766,L01,#2,GW252/13600,(1)停机过程,1,2025-06-25 04:30:21,2025-06-25 04:30:54,33,0.01
2767,L01,#2,GW252/13600,(4)启机状态,4,2025-06-25 04:25:22,2025-06-25 04:30:21,299,0.08
2768,L01,#2,GW252/13600,(3)待机状态,3,2025-06-25 04:21:39,2025-06-25 04:25:22,223,0.06
2769,L01,#2,GW252/13600,(2)停机状态,2,2025-06-25 03:44:03,2025-06-25 04:21:39,2256,0.63
2770,L01,#2,GW252/13600,(1)停机过程,1,2025-06-25 03:43:06,2025-06-25 03:44:03,57,0.02
2771,L01,#2,GW252/13600,(5)发电状态,5,2025-06-22 10:37:46,2025-06-25 03:43:06,234320,65.09
2772,L01,#2,GW252/13600,(4)启机状态,4,2025-06-22 10:36:50,2025-06-22 10:37:46,56,0.02
2773,L01,#2,GW252/13600,(3)待机状态,3,2025-06-22 10:36:05,2025-06-22 10:36:50,45,0.01
2774,L01,#2,GW252/13600,(1)停机过程,1,2025-06-22 10:34:47,2025-06-22 10:36:05,78,0.02
2775,L01,#2,GW252/13600,(5)发电状态,5,2025-06-15 10:34:41,2025-06-22 10:34:47,604806,168
2776,L01,#2,GW252/13600,(4)启机状态,4,2025-06-15 10:34:03,2025-06-15 10:34:41,38,0.01
2777,L01,#2,GW252/13600,(3)待机状态,3,2025-06-15 10:33:29,2025-06-15 10:34:03,34,0.01
2778,L01,#2,GW252/13600,(2)停机状态,2,2025-06-15 03:00:13,2025-06-15 10:33:29,27196,7.55
2779,L01,#2,GW252/13600,(1)停机过程,1,2025-06-15 03:00:02,2025-06-15 03:00:13,11,0
2780,L01,#2,GW252/13600,(9)维护状态,9,2025-06-15 02:31:59,2025-06-15 03:00:02,1683,0.47
2781,L01,#2,GW252/13600,(2)停机状态,2,2025-06-14 23:41:18,2025-06-15 02:31:59,10241,2.84
2782,L01,#2,GW252/13600,(1)停机过程,1,2025-06-14 23:41:08,2025-06-14 23:41:18,10,0
2783,L01,#2,GW252/13600,(9)维护状态,9,2025-06-14 15:41:53,2025-06-14 23:41:08,28755,7.99
2784,L01,#2,GW252/13600,(2)停机状态,2,2025-06-14 12:53:57,2025-06-14 15:41:53,10076,2.8
2785,L01,#2,GW252/13600,(1)停机过程,1,2025-06-14 12:53:47,2025-06-14 12:53:57,10,0
2786,L01,#2,GW252/13600,(9)维护状态,9,2025-06-14 12:46:50,2025-06-14 12:53:47,417,0.12
2787,L01,#2,GW252/13600,(2)停机状态,2,2025-06-14 10:10:41,2025-06-14 12:46:50,9369,2.6
2788,L01,#2,GW252/13600,(1)停机过程,1,2025-06-14 10:09:43,2025-06-14 10:10:41,58,0.02
2789,L01,#2,GW252/13600,(5)发电状态,5,2025-06-14 10:08:47,2025-06-14 10:09:43,56,0.02
2790,L01,#2,GW252/13600,(4)启机状态,4,2025-06-14 10:08:15,2025-06-14 10:08:47,32,0.01
2791,L01,#2,GW252/13600,(3)待机状态,3,2025-06-14 10:07:46,2025-06-14 10:08:15,29,0.01
2792,L01,#2,GW252/13600,(2)停机状态,2,2025-06-14 10:05:43,2025-06-14 10:07:46,123,0.03
2793,L01,#2,GW252/13600,(1)停机过程,1,2025-06-14 10:05:33,2025-06-14 10:05:43,10,0
2794,L01,#2,GW252/13600,(2)停机状态,2,2025-06-14 10:05:26,2025-06-14 10:05:33,7,0
2795,L01,#2,GW252/13600,(1)停机过程,1,2025-06-14 10:05:16,2025-06-14 10:05:26,10,0
2796,L01,#2,GW252/13600,(2)停机状态,2,2025-06-14 10:05:07,2025-06-14 10:05:16,9,0
2797,L01,#2,GW252/13600,(1)停机过程,1,2025-06-14 10:04:57,2025-06-14 10:05:07,10,0
2798,L01,#2,GW252/13600,(9)维护状态,9,2025-06-14 10:03:16,2025-06-14 10:04:57,101,0.03
2799,L01,#2,GW252/13600,(2)停机状态,2,2025-06-14 10:03:06,2025-06-14 10:03:16,10,0
2800,L01,#2,GW252/13600,(1)停机过程,1,2025-06-14 10:02:56,2025-06-14 10:03:06,10,0
2801,L01,#2,GW252/13600,(9)维护状态,9,2025-06-14 10:02:49,2025-06-14 10:02:56,7,0
2802,L01,#2,GW252/13600,(2)停机状态,2,2025-06-14 09:58:27,2025-06-14 10:02:49,262,0.07
2803,L01,#2,GW252/13600,(1)停机过程,1,2025-06-14 09:57:05,2025-06-14 09:58:27,82,0.02
2804,L01,#2,GW252/13600,(5)发电状态,5,2025-06-14 09:16:28,2025-06-14 09:57:05,2437,0.68
2805,L01,#2,GW252/13600,(4)启机状态,4,2025-06-14 09:15:50,2025-06-14 09:16:28,38,0.01
2806,L01,#2,GW252/13600,(3)待机状态,3,2025-06-14 09:15:21,2025-06-14 09:15:50,29,0.01
2807,L01,#2,GW252/13600,(2)停机状态,2,2025-06-14 09:12:59,2025-06-14 09:15:21,142,0.04
2808,L01,#2,GW252/13600,(1)停机过程,1,2025-06-14 09:12:49,2025-06-14 09:12:59,10,0
2809,L01,#2,GW252/13600,(0)初始化,0,2025-06-14 09:10:10,2025-06-14 09:12:49,159,0.04
2810,L01,#2,GW252/13600,(9)维护状态,9,2025-06-14 09:04:58,2025-06-14 09:10:10,312,0.09
2811,L01,#2,GW252/13600,(2)停机状态,2,2025-06-14 09:03:03,2025-06-14 09:04:58,115,0.03
2812,L01,#2,GW252/13600,(1)停机过程,1,2025-06-14 09:02:53,2025-06-14 09:03:03,10,0
2813,L01,#2,GW252/13600,(9)维护状态,9,2025-06-14 09:01:54,2025-06-14 09:02:53,59,0.02
2814,L01,#2,GW252/13600,(2)停机状态,2,2025-06-14 06:53:30,2025-06-14 09:01:54,7704,2.14
2815,L01,#2,GW252/13600,(1)停机过程,1,2025-06-14 06:53:19,2025-06-14 06:53:30,11,0
2816,L01,#2,GW252/13600,(9)维护状态,9,2025-06-14 06:52:36,2025-06-14 06:53:19,43,0.01
2817,L01,#2,GW252/13600,(2)停机状态,2,2025-06-14 06:50:12,2025-06-14 06:52:36,144,0.04
2818,L01,#2,GW252/13600,(1)停机过程,1,2025-06-14 06:49:13,2025-06-14 06:50:12,59,0.02
2819,L01,#2,GW252/13600,(5)发电状态,5,2025-06-12 11:54:08,2025-06-14 06:49:13,154505,42.92
2820,L01,#2,GW252/13600,(4)启机状态,4,2025-06-12 11:53:35,2025-06-12 11:54:08,33,0.01
2821,L01,#2,GW252/13600,(3)待机状态,3,2025-06-12 11:53:02,2025-06-12 11:53:35,33,0.01
2822,L01,#2,GW252/13600,(2)停机状态,2,2025-06-12 11:52:55,2025-06-12 11:53:02,7,0
2823,L01,#2,GW252/13600,(1)停机过程,1,2025-06-12 11:52:45,2025-06-12 11:52:55,10,0
2824,L01,#2,GW252/13600,(9)维护状态,9,2025-06-12 05:44:15,2025-06-12 11:52:45,22110,6.14
2825,L01,#2,GW252/13600,(2)停机状态,2,2025-06-12 05:37:04,2025-06-12 05:44:15,431,0.12
2826,L01,#2,GW252/13600,(1)停机过程,1,2025-06-12 05:36:01,2025-06-12 05:37:04,63,0.02
2827,L01,#2,GW252/13600,(5)发电状态,5,2025-06-12 04:25:40,2025-06-12 05:36:01,4221,1.17
2828,L01,#2,GW252/13600,(4)启机状态,4,2025-06-12 04:25:07,2025-06-12 04:25:40,33,0.01
2829,L01,#2,GW252/13600,(3)待机状态,3,2025-06-12 04:24:34,2025-06-12 04:25:07,33,0.01
2830,L01,#2,GW252/13600,(2)停机状态,2,2025-06-12 04:24:30,2025-06-12 04:24:34,4,0
2831,L01,#2,GW252/13600,(1)停机过程,1,2025-06-12 04:24:20,2025-06-12 04:24:30,10,0
2832,L01,#2,GW252/13600,(9)维护状态,9,2025-06-12 04:22:39,2025-06-12 04:24:20,101,0.03
2833,L01,#2,GW252/13600,(2)停机状态,2,2025-06-12 04:20:29,2025-06-12 04:22:39,130,0.04
2834,L01,#2,GW252/13600,(1)停机过程,1,2025-06-12 04:19:21,2025-06-12 04:20:29,68,0.02
2835,L01,#2,GW252/13600,(5)发电状态,5,2025-06-11 17:43:22,2025-06-12 04:19:21,38159,10.6
2836,L01,#2,GW252/13600,(4)启机状态,4,2025-06-11 17:42:45,2025-06-11 17:43:22,37,0.01
2837,L01,#2,GW252/13600,(3)待机状态,3,2025-06-11 17:42:10,2025-06-11 17:42:45,35,0.01
2838,L01,#2,GW252/13600,(2)停机状态,2,2025-06-11 17:40:24,2025-06-11 17:42:10,106,0.03
2839,L01,#2,GW252/13600,(1)停机过程,1,2025-06-11 17:40:14,2025-06-11 17:40:24,10,0
2840,L01,#2,GW252/13600,(9)维护状态,9,2025-06-11 17:39:07,2025-06-11 17:40:14,67,0.02
2841,L01,#2,GW252/13600,(2)停机状态,2,2025-06-11 17:30:33,2025-06-11 17:39:07,514,0.14
2842,L01,#2,GW252/13600,(1)停机过程,1,2025-06-11 17:29:31,2025-06-11 17:30:33,62,0.02
2843,L01,#2,GW252/13600,(5)发电状态,5,2025-06-11 08:39:49,2025-06-11 17:29:31,31782,8.83
2844,L01,#2,GW252/13600,(4)启机状态,4,2025-06-11 08:39:11,2025-06-11 08:39:49,38,0.01
2845,L01,#2,GW252/13600,(3)待机状态,3,2025-06-11 08:38:38,2025-06-11 08:39:11,33,0.01
2846,L01,#2,GW252/13600,(2)停机状态,2,2025-06-11 08:38:02,2025-06-11 08:38:38,36,0.01
2847,L01,#2,GW252/13600,(1)停机过程,1,2025-06-11 08:37:52,2025-06-11 08:38:02,10,0
2848,L01,#2,GW252/13600,(9)维护状态,9,2025-06-11 08:37:09,2025-06-11 08:37:52,43,0.01
2849,L01,#2,GW252/13600,(2)停机状态,2,2025-06-11 08:25:17,2025-06-11 08:37:09,712,0.2
2850,L01,#2,GW252/13600,(1)停机过程,1,2025-06-11 08:24:16,2025-06-11 08:25:17,61,0.02
2851,L01,#2,GW252/13600,(5)发电状态,5,2025-06-11 01:30:09,2025-06-11 08:24:16,24847,6.9
2852,L01,#2,GW252/13600,(4)启机状态,4,2025-06-11 01:29:25,2025-06-11 01:30:09,44,0.01
2853,L01,#2,GW252/13600,(3)待机状态,3,2025-06-11 01:28:03,2025-06-11 01:29:25,82,0.02
2854,L01,#2,GW252/13600,(2)停机状态,2,2025-06-11 01:27:59,2025-06-11 01:28:03,4,0
2855,L01,#2,GW252/13600,(1)停机过程,1,2025-06-11 01:27:49,2025-06-11 01:27:59,10,0
2856,L01,#2,GW252/13600,(9)维护状态,9,2025-06-11 01:27:31,2025-06-11 01:27:49,18,0.01
2857,L01,#2,GW252/13600,(2)停机状态,2,2025-06-11 01:26:49,2025-06-11 01:27:31,42,0.01
2858,L01,#2,GW252/13600,(1)停机过程,1,2025-06-11 01:26:01,2025-06-11 01:26:49,48,0.01
2859,L01,#2,GW252/13600,(5)发电状态,5,2025-06-10 23:42:03,2025-06-11 01:26:01,6238,1.73
2860,L01,#2,GW252/13600,(4)启机状态,4,2025-06-10 23:41:24,2025-06-10 23:42:03,39,0.01
2861,L01,#2,GW252/13600,(3)待机状态,3,2025-06-10 23:40:51,2025-06-10 23:41:24,33,0.01
2862,L01,#2,GW252/13600,(2)停机状态,2,2025-06-10 23:40:47,2025-06-10 23:40:51,4,0
2863,L01,#2,GW252/13600,(1)停机过程,1,2025-06-10 23:40:37,2025-06-10 23:40:47,10,0
2864,L01,#2,GW252/13600,(9)维护状态,9,2025-06-10 23:34:58,2025-06-10 23:40:37,339,0.09
2865,L01,#2,GW252/13600,(2)停机状态,2,2025-06-10 23:29:27,2025-06-10 23:34:58,331,0.09
2866,L01,#2,GW252/13600,(1)停机过程,1,2025-06-10 23:28:41,2025-06-10 23:29:27,46,0.01
2867,L01,#2,GW252/13600,(5)发电状态,5,2025-06-10 21:25:56,2025-06-10 23:28:41,7365,2.05
2868,L01,#2,GW252/13600,(4)启机状态,4,2025-06-10 21:25:08,2025-06-10 21:25:56,48,0.01
2869,L01,#2,GW252/13600,(3)待机状态,3,2025-06-10 21:24:29,2025-06-10 21:25:08,39,0.01
2870,L01,#2,GW252/13600,(2)停机状态,2,2025-06-10 21:24:19,2025-06-10 21:24:29,10,0
2871,L01,#2,GW252/13600,(1)停机过程,1,2025-06-10 21:24:09,2025-06-10 21:24:19,10,0
2872,L01,#2,GW252/13600,(9)维护状态,9,2025-06-10 21:21:04,2025-06-10 21:24:09,185,0.05
2873,L01,#2,GW252/13600,(2)停机状态,2,2025-06-10 21:13:25,2025-06-10 21:21:04,459,0.13
2874,L01,#2,GW252/13600,(1)停机过程,1,2025-06-10 21:12:38,2025-06-10 21:13:25,47,0.01
2875,L01,#2,GW252/13600,(5)发电状态,5,2025-06-10 17:17:02,2025-06-10 21:12:38,14136,3.93
2876,L01,#2,GW252/13600,(4)启机状态,4,2025-06-10 17:14:47,2025-06-10 17:17:02,135,0.04
2877,L01,#2,GW252/13600,(3)待机状态,3,2025-06-10 17:13:56,2025-06-10 17:14:47,51,0.01
2878,L01,#2,GW252/13600,(2)停机状态,2,2025-06-10 17:13:55,2025-06-10 17:13:56,1,0
2879,L01,#2,GW252/13600,(1)停机过程,1,2025-06-10 17:13:01,2025-06-10 17:13:55,54,0.02
2880,L01,#2,GW252/13600,(4)启机状态,4,2025-06-10 17:08:01,2025-06-10 17:13:01,300,0.08
2881,L01,#2,GW252/13600,(3)待机状态,3,2025-06-10 17:07:03,2025-06-10 17:08:01,58,0.02
2882,L01,#2,GW252/13600,(2)停机状态,2,2025-06-10 17:07:00,2025-06-10 17:07:03,3,0
2883,L01,#2,GW252/13600,(1)停机过程,1,2025-06-10 17:06:27,2025-06-10 17:07:00,33,0.01
2884,L01,#2,GW252/13600,(4)启机状态,4,2025-06-10 17:01:28,2025-06-10 17:06:27,299,0.08
2885,L01,#2,GW252/13600,(3)待机状态,3,2025-06-10 16:59:45,2025-06-10 17:01:28,103,0.03
2886,L01,#2,GW252/13600,(2)停机状态,2,2025-06-10 16:55:35,2025-06-10 16:59:45,250,0.07
2887,L01,#2,GW252/13600,(1)停机过程,1,2025-06-10 16:54:38,2025-06-10 16:55:35,57,0.02
2888,L01,#2,GW252/13600,(5)发电状态,5,2025-06-10 11:12:17,2025-06-10 16:54:38,20541,5.71
2889,L01,#2,GW252/13600,(4)启机状态,4,2025-06-10 11:08:52,2025-06-10 11:12:17,205,0.06
2890,L01,#2,GW252/13600,(3)待机状态,3,2025-06-10 11:07:54,2025-06-10 11:08:52,58,0.02
2891,L01,#2,GW252/13600,(2)停机状态,2,2025-06-10 10:31:16,2025-06-10 11:07:54,2198,0.61
2892,L01,#2,GW252/13600,(1)停机过程,1,2025-06-10 10:30:44,2025-06-10 10:31:16,32,0.01
2893,L01,#2,GW252/13600,(4)启机状态,4,2025-06-10 10:25:44,2025-06-10 10:30:44,300,0.08
2894,L01,#2,GW252/13600,(3)待机状态,3,2025-06-10 10:24:55,2025-06-10 10:25:44,49,0.01
2895,L01,#2,GW252/13600,(1)停机过程,1,2025-06-10 10:24:24,2025-06-10 10:24:55,31,0.01
2896,L01,#2,GW252/13600,(4)启机状态,4,2025-06-10 10:19:24,2025-06-10 10:24:24,300,0.08
2897,L01,#2,GW252/13600,(3)待机状态,3,2025-06-10 10:18:30,2025-06-10 10:19:24,54,0.02
2898,L01,#2,GW252/13600,(2)停机状态,2,2025-06-10 10:18:29,2025-06-10 10:18:30,1,0
2899,L01,#2,GW252/13600,(1)停机过程,1,2025-06-10 10:17:57,2025-06-10 10:18:29,32,0.01
2900,L01,#2,GW252/13600,(4)启机状态,4,2025-06-10 10:12:57,2025-06-10 10:17:57,300,0.08
2901,L01,#2,GW252/13600,(3)待机状态,3,2025-06-10 10:11:54,2025-06-10 10:12:57,63,0.02
2902,L01,#2,GW252/13600,(2)停机状态,2,2025-06-10 10:11:53,2025-06-10 10:11:54,1,0
2903,L01,#2,GW252/13600,(1)停机过程,1,2025-06-10 10:11:22,2025-06-10 10:11:53,31,0.01
2904,L01,#2,GW252/13600,(4)启机状态,4,2025-06-10 10:06:22,2025-06-10 10:11:22,300,0.08
2905,L01,#2,GW252/13600,(3)待机状态,3,2025-06-10 10:05:23,2025-06-10 10:06:22,59,0.02
2906,L01,#2,GW252/13600,(2)停机状态,2,2025-06-10 10:05:22,2025-06-10 10:05:23,1,0
2907,L01,#2,GW252/13600,(1)停机过程,1,2025-06-10 10:04:52,2025-06-10 10:05:22,30,0.01
2908,L01,#2,GW252/13600,(4)启机状态,4,2025-06-10 09:59:51,2025-06-10 10:04:52,301,0.08
2909,L01,#2,GW252/13600,(3)待机状态,3,2025-06-10 09:58:48,2025-06-10 09:59:51,63,0.02
2910,L01,#2,GW252/13600,(2)停机状态,2,2025-06-10 09:58:47,2025-06-10 09:58:48,1,0
2911,L01,#2,GW252/13600,(1)停机过程,1,2025-06-10 09:58:15,2025-06-10 09:58:47,32,0.01
2912,L01,#2,GW252/13600,(4)启机状态,4,2025-06-10 09:53:15,2025-06-10 09:58:15,300,0.08
2913,L01,#2,GW252/13600,(3)待机状态,3,2025-06-10 09:52:16,2025-06-10 09:53:15,59,0.02
2914,L01,#2,GW252/13600,(2)停机状态,2,2025-06-10 09:52:15,2025-06-10 09:52:16,1,0
2915,L01,#2,GW252/13600,(1)停机过程,1,2025-06-10 09:51:44,2025-06-10 09:52:15,31,0.01
2916,L01,#2,GW252/13600,(4)启机状态,4,2025-06-10 09:46:44,2025-06-10 09:51:44,300,0.08
2917,L01,#2,GW252/13600,(3)待机状态,3,2025-06-10 09:45:50,2025-06-10 09:46:44,54,0.02
2918,L01,#2,GW252/13600,(2)停机状态,2,2025-06-10 09:45:49,2025-06-10 09:45:50,1,0
2919,L01,#2,GW252/13600,(1)停机过程,1,2025-06-10 09:45:17,2025-06-10 09:45:49,32,0.01
2920,L01,#2,GW252/13600,(4)启机状态,4,2025-06-10 09:40:17,2025-06-10 09:45:17,300,0.08
2921,L01,#2,GW252/13600,(3)待机状态,3,2025-06-10 09:39:16,2025-06-10 09:40:17,61,0.02
2922,L01,#2,GW252/13600,(2)停机状态,2,2025-06-10 09:39:14,2025-06-10 09:39:16,2,0
2923,L01,#2,GW252/13600,(1)停机过程,1,2025-06-10 09:38:43,2025-06-10 09:39:14,31,0.01
2924,L01,#2,GW252/13600,(4)启机状态,4,2025-06-10 09:33:42,2025-06-10 09:38:43,301,0.08
2925,L01,#2,GW252/13600,(3)待机状态,3,2025-06-10 09:32:18,2025-06-10 09:33:42,84,0.02
2926,L01,#2,GW252/13600,(2)停机状态,2,2025-06-10 09:32:16,2025-06-10 09:32:18,2,0
2927,L01,#2,GW252/13600,(1)停机过程,1,2025-06-10 09:31:44,2025-06-10 09:32:16,32,0.01
2928,L01,#2,GW252/13600,(4)启机状态,4,2025-06-10 09:26:44,2025-06-10 09:31:44,300,0.08
2929,L01,#2,GW252/13600,(3)待机状态,3,2025-06-10 09:25:17,2025-06-10 09:26:44,87,0.02
2930,L01,#2,GW252/13600,(2)停机状态,2,2025-06-10 09:25:15,2025-06-10 09:25:17,2,0
2931,L01,#2,GW252/13600,(1)停机过程,1,2025-06-10 09:24:43,2025-06-10 09:25:15,32,0.01
2932,L01,#2,GW252/13600,(4)启机状态,4,2025-06-10 09:19:43,2025-06-10 09:24:43,300,0.08
2933,L01,#2,GW252/13600,(3)待机状态,3,2025-06-10 09:18:37,2025-06-10 09:19:43,66,0.02
2934,L01,#2,GW252/13600,(2)停机状态,2,2025-06-10 09:18:02,2025-06-10 09:18:37,35,0.01
2935,L01,#2,GW252/13600,(1)停机过程,1,2025-06-10 09:17:30,2025-06-10 09:18:02,32,0.01
2936,L01,#2,GW252/13600,(4)启机状态,4,2025-06-10 09:12:30,2025-06-10 09:17:30,300,0.08
2937,L01,#2,GW252/13600,(3)待机状态,3,2025-06-10 09:11:21,2025-06-10 09:12:30,69,0.02
2938,L01,#2,GW252/13600,(2)停机状态,2,2025-06-10 09:11:19,2025-06-10 09:11:21,2,0
2939,L01,#2,GW252/13600,(1)停机过程,1,2025-06-10 09:10:47,2025-06-10 09:11:19,32,0.01
2940,L01,#2,GW252/13600,(4)启机状态,4,2025-06-10 09:05:48,2025-06-10 09:10:47,299,0.08
2941,L01,#2,GW252/13600,(3)待机状态,3,2025-06-10 09:04:46,2025-06-10 09:05:48,62,0.02
2942,L01,#2,GW252/13600,(1)停机过程,1,2025-06-10 09:04:15,2025-06-10 09:04:46,31,0.01
2943,L01,#2,GW252/13600,(4)启机状态,4,2025-06-10 08:59:14,2025-06-10 09:04:15,301,0.08
2944,L01,#2,GW252/13600,(3)待机状态,3,2025-06-10 08:58:15,2025-06-10 08:59:14,59,0.02
2945,L01,#2,GW252/13600,(2)停机状态,2,2025-06-10 08:58:14,2025-06-10 08:58:15,1,0
2946,L01,#2,GW252/13600,(1)停机过程,1,2025-06-10 08:57:42,2025-06-10 08:58:14,32,0.01
2947,L01,#2,GW252/13600,(4)启机状态,4,2025-06-10 08:52:41,2025-06-10 08:57:42,301,0.08
2948,L01,#2,GW252/13600,(3)待机状态,3,2025-06-10 08:51:32,2025-06-10 08:52:41,69,0.02
2949,L01,#2,GW252/13600,(2)停机状态,2,2025-06-10 08:51:31,2025-06-10 08:51:32,1,0
2950,L01,#2,GW252/13600,(1)停机过程,1,2025-06-10 08:51:00,2025-06-10 08:51:31,31,0.01
2951,L01,#2,GW252/13600,(4)启机状态,4,2025-06-10 08:45:59,2025-06-10 08:51:00,301,0.08
2952,L01,#2,GW252/13600,(3)待机状态,3,2025-06-10 08:45:04,2025-06-10 08:45:59,55,0.02
2953,L01,#2,GW252/13600,(2)停机状态,2,2025-06-10 08:45:02,2025-06-10 08:45:04,2,0
2954,L01,#2,GW252/13600,(1)停机过程,1,2025-06-10 08:44:30,2025-06-10 08:45:02,32,0.01
2955,L01,#2,GW252/13600,(4)启机状态,4,2025-06-10 08:39:29,2025-06-10 08:44:30,301,0.08
2956,L01,#2,GW252/13600,(3)待机状态,3,2025-06-10 08:38:38,2025-06-10 08:39:29,51,0.01
2957,L01,#2,GW252/13600,(2)停机状态,2,2025-06-10 08:38:37,2025-06-10 08:38:38,1,0
2958,L01,#2,GW252/13600,(1)停机过程,1,2025-06-10 08:38:05,2025-06-10 08:38:37,32,0.01
2959,L01,#2,GW252/13600,(4)启机状态,4,2025-06-10 08:33:06,2025-06-10 08:38:05,299,0.08
2960,L01,#2,GW252/13600,(3)待机状态,3,2025-06-10 08:32:16,2025-06-10 08:33:06,50,0.01
2961,L01,#2,GW252/13600,(2)停机状态,2,2025-06-10 08:32:08,2025-06-10 08:32:16,8,0
2962,L01,#2,GW252/13600,(1)停机过程,1,2025-06-10 08:31:59,2025-06-10 08:32:08,9,0
2963,L01,#2,GW252/13600,(9)维护状态,9,2025-06-10 08:31:09,2025-06-10 08:31:59,50,0.01
2964,L01,#2,GW252/13600,(2)停机状态,2,2025-06-10 08:10:26,2025-06-10 08:31:09,1243,0.35
2965,L01,#2,GW252/13600,(1)停机过程,1,2025-06-10 08:10:13,2025-06-10 08:10:26,13,0
2966,L01,#2,GW252/13600,(3)待机状态,3,2025-06-10 08:10:08,2025-06-10 08:10:13,5,0
2967,L01,#2,GW252/13600,(1)停机过程,1,2025-06-10 08:09:36,2025-06-10 08:10:08,32,0.01
2968,L01,#2,GW252/13600,(4)启机状态,4,2025-06-10 08:04:35,2025-06-10 08:09:36,301,0.08
2969,L01,#2,GW252/13600,(3)待机状态,3,2025-06-10 08:03:27,2025-06-10 08:04:35,68,0.02
2970,L01,#2,GW252/13600,(2)停机状态,2,2025-06-10 08:03:26,2025-06-10 08:03:27,1,0
2971,L01,#2,GW252/13600,(1)停机过程,1,2025-06-10 08:02:55,2025-06-10 08:03:26,31,0.01
2972,L01,#2,GW252/13600,(4)启机状态,4,2025-06-10 07:57:55,2025-06-10 08:02:55,300,0.08
2973,L01,#2,GW252/13600,(3)待机状态,3,2025-06-10 07:56:31,2025-06-10 07:57:55,84,0.02
2974,L01,#2,GW252/13600,(2)停机状态,2,2025-06-10 07:56:29,2025-06-10 07:56:31,2,0
2975,L01,#2,GW252/13600,(1)停机过程,1,2025-06-10 07:55:56,2025-06-10 07:56:29,33,0.01
2976,L01,#2,GW252/13600,(4)启机状态,4,2025-06-10 07:50:57,2025-06-10 07:55:56,299,0.08
2977,L01,#2,GW252/13600,(3)待机状态,3,2025-06-10 07:49:48,2025-06-10 07:50:57,69,0.02
2978,L01,#2,GW252/13600,(2)停机状态,2,2025-06-10 07:49:47,2025-06-10 07:49:48,1,0
2979,L01,#2,GW252/13600,(1)停机过程,1,2025-06-10 07:49:16,2025-06-10 07:49:47,31,0.01
2980,L01,#2,GW252/13600,(4)启机状态,4,2025-06-10 07:44:16,2025-06-10 07:49:16,300,0.08
2981,L01,#2,GW252/13600,(3)待机状态,3,2025-06-10 07:43:01,2025-06-10 07:44:16,75,0.02
2982,L01,#2,GW252/13600,(2)停机状态,2,2025-06-10 07:42:59,2025-06-10 07:43:01,2,0
2983,L01,#2,GW252/13600,(1)停机过程,1,2025-06-10 07:42:28,2025-06-10 07:42:59,31,0.01
2984,L01,#2,GW252/13600,(4)启机状态,4,2025-06-10 07:37:28,2025-06-10 07:42:28,300,0.08
2985,L01,#2,GW252/13600,(3)待机状态,3,2025-06-10 07:36:33,2025-06-10 07:37:28,55,0.02
2986,L01,#2,GW252/13600,(2)停机状态,2,2025-06-10 07:36:32,2025-06-10 07:36:33,1,0
2987,L01,#2,GW252/13600,(1)停机过程,1,2025-06-10 07:36:01,2025-06-10 07:36:32,31,0.01
2988,L01,#2,GW252/13600,(4)启机状态,4,2025-06-10 07:31:00,2025-06-10 07:36:01,301,0.08
2989,L01,#2,GW252/13600,(3)待机状态,3,2025-06-10 07:30:09,2025-06-10 07:31:00,51,0.01
2990,L01,#2,GW252/13600,(2)停机状态,2,2025-06-10 07:30:08,2025-06-10 07:30:09,1,0
2991,L01,#2,GW252/13600,(1)停机过程,1,2025-06-10 07:29:37,2025-06-10 07:30:08,31,0.01
2992,L01,#2,GW252/13600,(4)启机状态,4,2025-06-10 07:24:35,2025-06-10 07:29:37,302,0.08
2993,L01,#2,GW252/13600,(3)待机状态,3,2025-06-10 07:23:44,2025-06-10 07:24:35,51,0.01
2994,L01,#2,GW252/13600,(1)停机过程,1,2025-06-10 07:23:11,2025-06-10 07:23:44,33,0.01
2995,L01,#2,GW252/13600,(4)启机状态,4,2025-06-10 07:18:11,2025-06-10 07:23:11,300,0.08
2996,L01,#2,GW252/13600,(3)待机状态,3,2025-06-10 07:17:14,2025-06-10 07:18:11,57,0.02
2997,L01,#2,GW252/13600,(2)停机状态,2,2025-06-10 07:17:11,2025-06-10 07:17:14,3,0
2998,L01,#2,GW252/13600,(1)停机过程,1,2025-06-10 07:16:39,2025-06-10 07:17:11,32,0.01
2999,L01,#2,GW252/13600,(4)启机状态,4,2025-06-10 07:11:40,2025-06-10 07:16:39,299,0.08
3000,L01,#2,GW252/13600,(3)待机状态,3,2025-06-10 07:08:53,2025-06-10 07:11:40,167,0.05
3001,L01,#2,GW252/13600,(2)停机状态,2,2025-06-10 07:08:51,2025-06-10 07:08:53,2,0
3002,L01,#2,GW252/13600,(1)停机过程,1,2025-06-10 07:08:20,2025-06-10 07:08:51,31,0.01
3003,L01,#2,GW252/13600,(4)启机状态,4,2025-06-10 07:03:20,2025-06-10 07:08:20,300,0.08
3004,L01,#2,GW252/13600,(3)待机状态,3,2025-06-10 07:01:22,2025-06-10 07:03:20,118,0.03
3005,L01,#2,GW252/13600,(2)停机状态,2,2025-06-10 07:01:21,2025-06-10 07:01:22,1,0
3006,L01,#2,GW252/13600,(1)停机过程,1,2025-06-10 07:00:49,2025-06-10 07:01:21,32,0.01
3007,L01,#2,GW252/13600,(4)启机状态,4,2025-06-10 06:55:49,2025-06-10 07:00:49,300,0.08
3008,L01,#2,GW252/13600,(3)待机状态,3,2025-06-10 06:54:23,2025-06-10 06:55:49,86,0.02
3009,L01,#2,GW252/13600,(1)停机过程,1,2025-06-10 06:53:52,2025-06-10 06:54:23,31,0.01
3010,L01,#2,GW252/13600,(4)启机状态,4,2025-06-10 06:48:52,2025-06-10 06:53:52,300,0.08
3011,L01,#2,GW252/13600,(3)待机状态,3,2025-06-10 06:47:56,2025-06-10 06:48:52,56,0.02
3012,L01,#2,GW252/13600,(2)停机状态,2,2025-06-10 06:45:27,2025-06-10 06:47:56,149,0.04
3013,L01,#2,GW252/13600,(1)停机过程,1,2025-06-10 06:44:55,2025-06-10 06:45:27,32,0.01
3014,L01,#2,GW252/13600,(4)启机状态,4,2025-06-10 06:39:55,2025-06-10 06:44:55,300,0.08
3015,L01,#2,GW252/13600,(3)待机状态,3,2025-06-10 06:38:19,2025-06-10 06:39:55,96,0.03
3016,L01,#2,GW252/13600,(2)停机状态,2,2025-06-10 06:37:51,2025-06-10 06:38:19,28,0.01
3017,L01,#2,GW252/13600,(1)停机过程,1,2025-06-10 06:37:20,2025-06-10 06:37:51,31,0.01
3018,L01,#2,GW252/13600,(4)启机状态,4,2025-06-10 06:32:19,2025-06-10 06:37:20,301,0.08
3019,L01,#2,GW252/13600,(3)待机状态,3,2025-06-10 01:21:31,2025-06-10 06:32:19,18648,5.18
3020,L01,#2,GW252/13600,(2)停机状态,2,2025-06-10 01:15:54,2025-06-10 01:21:31,337,0.09
3021,L01,#2,GW252/13600,(1)停机过程,1,2025-06-10 01:15:23,2025-06-10 01:15:54,31,0.01
3022,L01,#2,GW252/13600,(4)启机状态,4,2025-06-10 01:10:23,2025-06-10 01:15:23,300,0.08
3023,L01,#2,GW252/13600,(3)待机状态,3,2025-06-10 00:45:20,2025-06-10 01:10:23,1503,0.42
3024,L01,#2,GW252/13600,(2)停机状态,2,2025-06-10 00:39:43,2025-06-10 00:45:20,337,0.09
3025,L01,#2,GW252/13600,(1)停机过程,1,2025-06-10 00:39:11,2025-06-10 00:39:43,32,0.01
3026,L01,#2,GW252/13600,(4)启机状态,4,2025-06-10 00:34:10,2025-06-10 00:39:11,301,0.08
3027,L01,#2,GW252/13600,(3)待机状态,3,2025-06-10 00:06:02,2025-06-10 00:34:10,1688,0.47
3028,L01,#2,GW252/13600,(2)停机状态,2,2025-06-10 00:00:25,2025-06-10 00:06:02,337,0.09
3029,L01,#2,GW252/13600,(1)停机过程,1,2025-06-09 23:59:54,2025-06-10 00:00:25,31,0.01
3030,L01,#2,GW252/13600,(4)启机状态,4,2025-06-09 23:54:54,2025-06-09 23:59:54,300,0.08
3031,L01,#2,GW252/13600,(3)待机状态,3,2025-06-09 23:50:22,2025-06-09 23:54:54,272,0.08
3032,L01,#2,GW252/13600,(2)停机状态,2,2025-06-09 23:44:44,2025-06-09 23:50:22,338,0.09
3033,L01,#2,GW252/13600,(1)停机过程,1,2025-06-09 23:44:12,2025-06-09 23:44:44,32,0.01
3034,L01,#2,GW252/13600,(4)启机状态,4,2025-06-09 23:39:12,2025-06-09 23:44:12,300,0.08
3035,L01,#2,GW252/13600,(3)待机状态,3,2025-06-09 23:37:08,2025-06-09 23:39:12,124,0.03
3036,L01,#2,GW252/13600,(2)停机状态,2,2025-06-09 23:31:30,2025-06-09 23:37:08,338,0.09
3037,L01,#2,GW252/13600,(1)停机过程,1,2025-06-09 23:30:59,2025-06-09 23:31:30,31,0.01
3038,L01,#2,GW252/13600,(4)启机状态,4,2025-06-09 23:25:58,2025-06-09 23:30:59,301,0.08
3039,L01,#2,GW252/13600,(3)待机状态,3,2025-06-09 23:25:06,2025-06-09 23:25:58,52,0.01
3040,L01,#2,GW252/13600,(2)停机状态,2,2025-06-09 23:25:05,2025-06-09 23:25:06,1,0
3041,L01,#2,GW252/13600,(1)停机过程,1,2025-06-09 23:24:33,2025-06-09 23:25:05,32,0.01
3042,L01,#2,GW252/13600,(4)启机状态,4,2025-06-09 23:19:33,2025-06-09 23:24:33,300,0.08
3043,L01,#2,GW252/13600,(3)待机状态,3,2025-06-09 23:18:43,2025-06-09 23:19:33,50,0.01
3044,L01,#2,GW252/13600,(2)停机状态,2,2025-06-09 23:18:42,2025-06-09 23:18:43,1,0
3045,L01,#2,GW252/13600,(1)停机过程,1,2025-06-09 23:18:10,2025-06-09 23:18:42,32,0.01
3046,L01,#2,GW252/13600,(4)启机状态,4,2025-06-09 23:13:10,2025-06-09 23:18:10,300,0.08
3047,L01,#2,GW252/13600,(3)待机状态,3,2025-06-09 23:12:13,2025-06-09 23:13:10,57,0.02
3048,L01,#2,GW252/13600,(1)停机过程,1,2025-06-09 23:11:42,2025-06-09 23:12:13,31,0.01
3049,L01,#2,GW252/13600,(4)启机状态,4,2025-06-09 23:06:41,2025-06-09 23:11:42,301,0.08
3050,L01,#2,GW252/13600,(3)待机状态,3,2025-06-09 23:05:36,2025-06-09 23:06:41,65,0.02
3051,L01,#2,GW252/13600,(2)停机状态,2,2025-06-09 23:05:35,2025-06-09 23:05:36,1,0
3052,L01,#2,GW252/13600,(1)停机过程,1,2025-06-09 23:05:02,2025-06-09 23:05:35,33,0.01
3053,L01,#2,GW252/13600,(4)启机状态,4,2025-06-09 23:00:02,2025-06-09 23:05:02,300,0.08
3054,L01,#2,GW252/13600,(3)待机状态,3,2025-06-09 22:55:31,2025-06-09 23:00:02,271,0.08
3055,L01,#2,GW252/13600,(2)停机状态,2,2025-06-09 22:49:55,2025-06-09 22:55:31,336,0.09
3056,L01,#2,GW252/13600,(1)停机过程,1,2025-06-09 22:49:23,2025-06-09 22:49:55,32,0.01
3057,L01,#2,GW252/13600,(4)启机状态,4,2025-06-09 22:44:23,2025-06-09 22:49:23,300,0.08
3058,L01,#2,GW252/13600,(3)待机状态,3,2025-06-09 22:43:26,2025-06-09 22:44:23,57,0.02
3059,L01,#2,GW252/13600,(2)停机状态,2,2025-06-09 22:43:24,2025-06-09 22:43:26,2,0
3060,L01,#2,GW252/13600,(1)停机过程,1,2025-06-09 22:42:53,2025-06-09 22:43:24,31,0.01
3061,L01,#2,GW252/13600,(4)启机状态,4,2025-06-09 22:37:54,2025-06-09 22:42:53,299,0.08
3062,L01,#2,GW252/13600,(3)待机状态,3,2025-06-09 22:37:03,2025-06-09 22:37:54,51,0.01
3063,L01,#2,GW252/13600,(2)停机状态,2,2025-06-09 22:37:02,2025-06-09 22:37:03,1,0
3064,L01,#2,GW252/13600,(1)停机过程,1,2025-06-09 22:36:32,2025-06-09 22:37:02,30,0.01
3065,L01,#2,GW252/13600,(4)启机状态,4,2025-06-09 22:31:31,2025-06-09 22:36:32,301,0.08
3066,L01,#2,GW252/13600,(3)待机状态,3,2025-06-09 22:30:33,2025-06-09 22:31:31,58,0.02
3067,L01,#2,GW252/13600,(2)停机状态,2,2025-06-09 22:29:42,2025-06-09 22:30:33,51,0.01
3068,L01,#2,GW252/13600,(1)停机过程,1,2025-06-09 22:29:11,2025-06-09 22:29:42,31,0.01
3069,L01,#2,GW252/13600,(4)启机状态,4,2025-06-09 22:24:10,2025-06-09 22:29:11,301,0.08
3070,L01,#2,GW252/13600,(3)待机状态,3,2025-06-09 22:22:53,2025-06-09 22:24:10,77,0.02
3071,L01,#2,GW252/13600,(2)停机状态,2,2025-06-09 22:21:33,2025-06-09 22:22:53,80,0.02
3072,L01,#2,GW252/13600,(1)停机过程,1,2025-06-09 22:21:03,2025-06-09 22:21:33,30,0.01
3073,L01,#2,GW252/13600,(4)启机状态,4,2025-06-09 22:16:02,2025-06-09 22:21:03,301,0.08
3074,L01,#2,GW252/13600,(3)待机状态,3,2025-06-09 22:14:31,2025-06-09 22:16:02,91,0.03
3075,L01,#2,GW252/13600,(2)停机状态,2,2025-06-09 22:14:30,2025-06-09 22:14:31,1,0
3076,L01,#2,GW252/13600,(1)停机过程,1,2025-06-09 22:13:58,2025-06-09 22:14:30,32,0.01
3077,L01,#2,GW252/13600,(4)启机状态,4,2025-06-09 22:08:59,2025-06-09 22:13:58,299,0.08
3078,L01,#2,GW252/13600,(3)待机状态,3,2025-06-09 22:07:16,2025-06-09 22:08:59,103,0.03
3079,L01,#2,GW252/13600,(2)停机状态,2,2025-06-09 22:07:11,2025-06-09 22:07:16,5,0
3080,L01,#2,GW252/13600,(1)停机过程,1,2025-06-09 22:06:15,2025-06-09 22:07:11,56,0.02
3081,L01,#2,GW252/13600,(5)发电状态,5,2025-06-09 21:45:44,2025-06-09 22:06:15,1231,0.34
3082,L01,#2,GW252/13600,(4)启机状态,4,2025-06-09 21:42:48,2025-06-09 21:45:44,176,0.05
3083,L01,#2,GW252/13600,(3)待机状态,3,2025-06-09 21:41:56,2025-06-09 21:42:48,52,0.01
3084,L01,#2,GW252/13600,(2)停机状态,2,2025-06-09 21:41:54,2025-06-09 21:41:56,2,0
3085,L01,#2,GW252/13600,(1)停机过程,1,2025-06-09 21:41:22,2025-06-09 21:41:54,32,0.01
3086,L01,#2,GW252/13600,(4)启机状态,4,2025-06-09 21:36:23,2025-06-09 21:41:22,299,0.08
3087,L01,#2,GW252/13600,(3)待机状态,3,2025-06-09 21:35:32,2025-06-09 21:36:23,51,0.01
3088,L01,#2,GW252/13600,(2)停机状态,2,2025-06-09 21:35:30,2025-06-09 21:35:32,2,0
3089,L01,#2,GW252/13600,(1)停机过程,1,2025-06-09 21:35:00,2025-06-09 21:35:30,30,0.01
3090,L01,#2,GW252/13600,(4)启机状态,4,2025-06-09 21:30:00,2025-06-09 21:35:00,300,0.08
3091,L01,#2,GW252/13600,(3)待机状态,3,2025-06-09 21:29:10,2025-06-09 21:30:00,50,0.01
3092,L01,#2,GW252/13600,(2)停机状态,2,2025-06-09 21:29:09,2025-06-09 21:29:10,1,0
3093,L01,#2,GW252/13600,(1)停机过程,1,2025-06-09 21:28:37,2025-06-09 21:29:09,32,0.01
3094,L01,#2,GW252/13600,(4)启机状态,4,2025-06-09 21:23:36,2025-06-09 21:28:37,301,0.08
3095,L01,#2,GW252/13600,(3)待机状态,3,2025-06-09 21:22:45,2025-06-09 21:23:36,51,0.01
3096,L01,#2,GW252/13600,(2)停机状态,2,2025-06-09 21:22:44,2025-06-09 21:22:45,1,0
3097,L01,#2,GW252/13600,(1)停机过程,1,2025-06-09 21:22:11,2025-06-09 21:22:44,33,0.01
3098,L01,#2,GW252/13600,(4)启机状态,4,2025-06-09 21:17:11,2025-06-09 21:22:11,300,0.08
3099,L01,#2,GW252/13600,(3)待机状态,3,2025-06-09 21:16:06,2025-06-09 21:17:11,65,0.02
3100,L01,#2,GW252/13600,(2)停机状态,2,2025-06-09 21:15:39,2025-06-09 21:16:06,27,0.01
3101,L01,#2,GW252/13600,(1)停机过程,1,2025-06-09 21:15:07,2025-06-09 21:15:39,32,0.01
3102,L01,#2,GW252/13600,(4)启机状态,4,2025-06-09 21:10:06,2025-06-09 21:15:07,301,0.08
3103,L01,#2,GW252/13600,(3)待机状态,3,2025-06-09 20:55:07,2025-06-09 21:10:06,899,0.25
3104,L01,#2,GW252/13600,(2)停机状态,2,2025-06-09 20:49:29,2025-06-09 20:55:07,338,0.09
3105,L01,#2,GW252/13600,(1)停机过程,1,2025-06-09 20:48:31,2025-06-09 20:49:29,58,0.02
3106,L01,#2,GW252/13600,(5)发电状态,5,2025-06-09 19:21:13,2025-06-09 20:48:31,5238,1.46
3107,L01,#2,GW252/13600,(4)启机状态,4,2025-06-09 19:17:57,2025-06-09 19:21:13,196,0.05
3108,L01,#2,GW252/13600,(3)待机状态,3,2025-06-09 19:17:02,2025-06-09 19:17:57,55,0.02
3109,L01,#2,GW252/13600,(2)停机状态,2,2025-06-09 19:17:01,2025-06-09 19:17:02,1,0
3110,L01,#2,GW252/13600,(1)停机过程,1,2025-06-09 19:16:29,2025-06-09 19:17:01,32,0.01
3111,L01,#2,GW252/13600,(4)启机状态,4,2025-06-09 19:11:29,2025-06-09 19:16:29,300,0.08
3112,L01,#2,GW252/13600,(3)待机状态,3,2025-06-09 19:10:39,2025-06-09 19:11:29,50,0.01
3113,L01,#2,GW252/13600,(2)停机状态,2,2025-06-09 19:10:38,2025-06-09 19:10:39,1,0
3114,L01,#2,GW252/13600,(1)停机过程,1,2025-06-09 19:10:06,2025-06-09 19:10:38,32,0.01
3115,L01,#2,GW252/13600,(4)启机状态,4,2025-06-09 19:05:06,2025-06-09 19:10:06,300,0.08
3116,L01,#2,GW252/13600,(3)待机状态,3,2025-06-09 19:04:17,2025-06-09 19:05:06,49,0.01
3117,L01,#2,GW252/13600,(1)停机过程,1,2025-06-09 19:03:45,2025-06-09 19:04:17,32,0.01
3118,L01,#2,GW252/13600,(4)启机状态,4,2025-06-09 18:58:45,2025-06-09 19:03:45,300,0.08
3119,L01,#2,GW252/13600,(3)待机状态,3,2025-06-09 18:57:51,2025-06-09 18:58:45,54,0.02
3120,L01,#2,GW252/13600,(2)停机状态,2,2025-06-09 18:57:49,2025-06-09 18:57:51,2,0
3121,L01,#2,GW252/13600,(1)停机过程,1,2025-06-09 18:57:18,2025-06-09 18:57:49,31,0.01
3122,L01,#2,GW252/13600,(4)启机状态,4,2025-06-09 18:52:18,2025-06-09 18:57:18,300,0.08
3123,L01,#2,GW252/13600,(3)待机状态,3,2025-06-09 18:51:26,2025-06-09 18:52:18,52,0.01
3124,L01,#2,GW252/13600,(2)停机状态,2,2025-06-09 18:51:17,2025-06-09 18:51:26,9,0
3125,L01,#2,GW252/13600,(1)停机过程,1,2025-06-09 18:50:46,2025-06-09 18:51:17,31,0.01
3126,L01,#2,GW252/13600,(4)启机状态,4,2025-06-09 18:45:46,2025-06-09 18:50:46,300,0.08
3127,L01,#2,GW252/13600,(3)待机状态,3,2025-06-09 18:44:50,2025-06-09 18:45:46,56,0.02
3128,L01,#2,GW252/13600,(2)停机状态,2,2025-06-09 18:44:48,2025-06-09 18:44:50,2,0
3129,L01,#2,GW252/13600,(1)停机过程,1,2025-06-09 18:44:17,2025-06-09 18:44:48,31,0.01
3130,L01,#2,GW252/13600,(4)启机状态,4,2025-06-09 18:39:17,2025-06-09 18:44:17,300,0.08
3131,L01,#2,GW252/13600,(3)待机状态,3,2025-06-09 18:38:09,2025-06-09 18:39:17,68,0.02
3132,L01,#2,GW252/13600,(2)停机状态,2,2025-06-09 18:36:42,2025-06-09 18:38:09,87,0.02
3133,L01,#2,GW252/13600,(1)停机过程,1,2025-06-09 18:36:10,2025-06-09 18:36:42,32,0.01
3134,L01,#2,GW252/13600,(4)启机状态,4,2025-06-09 18:31:10,2025-06-09 18:36:10,300,0.08
3135,L01,#2,GW252/13600,(3)待机状态,3,2025-06-09 18:25:06,2025-06-09 18:31:10,364,0.1
3136,L01,#2,GW252/13600,(2)停机状态,2,2025-06-09 18:19:29,2025-06-09 18:25:06,337,0.09
3137,L01,#2,GW252/13600,(1)停机过程,1,2025-06-09 18:18:58,2025-06-09 18:19:29,31,0.01
3138,L01,#2,GW252/13600,(4)启机状态,4,2025-06-09 18:13:58,2025-06-09 18:18:58,300,0.08
3139,L01,#2,GW252/13600,(3)待机状态,3,2025-06-09 18:11:17,2025-06-09 18:13:58,161,0.04
3140,L01,#2,GW252/13600,(2)停机状态,2,2025-06-09 18:11:15,2025-06-09 18:11:17,2,0
3141,L01,#2,GW252/13600,(1)停机过程,1,2025-06-09 18:10:44,2025-06-09 18:11:15,31,0.01
3142,L01,#2,GW252/13600,(4)启机状态,4,2025-06-09 18:05:44,2025-06-09 18:10:44,300,0.08
3143,L01,#2,GW252/13600,(3)待机状态,3,2025-06-09 18:02:39,2025-06-09 18:05:44,185,0.05
3144,L01,#2,GW252/13600,(2)停机状态,2,2025-06-09 17:57:01,2025-06-09 18:02:39,338,0.09
3145,L01,#2,GW252/13600,(1)停机过程,1,2025-06-09 17:56:30,2025-06-09 17:57:01,31,0.01
3146,L01,#2,GW252/13600,(4)启机状态,4,2025-06-09 17:51:30,2025-06-09 17:56:30,300,0.08
3147,L01,#2,GW252/13600,(3)待机状态,3,2025-06-09 17:44:02,2025-06-09 17:51:30,448,0.12
3148,L01,#2,GW252/13600,(2)停机状态,2,2025-06-09 17:38:26,2025-06-09 17:44:02,336,0.09
3149,L01,#2,GW252/13600,(1)停机过程,1,2025-06-09 17:37:54,2025-06-09 17:38:26,32,0.01
3150,L01,#2,GW252/13600,(4)启机状态,4,2025-06-09 17:32:53,2025-06-09 17:37:54,301,0.08
3151,L01,#2,GW252/13600,(3)待机状态,3,2025-06-09 17:31:47,2025-06-09 17:32:53,66,0.02
3152,L01,#2,GW252/13600,(1)停机过程,1,2025-06-09 17:31:16,2025-06-09 17:31:47,31,0.01
3153,L01,#2,GW252/13600,(4)启机状态,4,2025-06-09 17:26:16,2025-06-09 17:31:16,300,0.08
3154,L01,#2,GW252/13600,(3)待机状态,3,2025-06-09 17:25:20,2025-06-09 17:26:16,56,0.02
3155,L01,#2,GW252/13600,(2)停机状态,2,2025-06-09 17:25:18,2025-06-09 17:25:20,2,0
3156,L01,#2,GW252/13600,(1)停机过程,1,2025-06-09 17:24:47,2025-06-09 17:25:18,31,0.01
3157,L01,#2,GW252/13600,(4)启机状态,4,2025-06-09 17:19:47,2025-06-09 17:24:47,300,0.08
3158,L01,#2,GW252/13600,(3)待机状态,3,2025-06-09 17:18:42,2025-06-09 17:19:47,65,0.02
3159,L01,#2,GW252/13600,(2)停机状态,2,2025-06-09 17:18:41,2025-06-09 17:18:42,1,0
3160,L01,#2,GW252/13600,(1)停机过程,1,2025-06-09 17:18:09,2025-06-09 17:18:41,32,0.01
3161,L01,#2,GW252/13600,(4)启机状态,4,2025-06-09 17:13:10,2025-06-09 17:18:09,299,0.08
3162,L01,#2,GW252/13600,(3)待机状态,3,2025-06-09 17:11:59,2025-06-09 17:13:10,71,0.02
3163,L01,#2,GW252/13600,(2)停机状态,2,2025-06-09 17:10:46,2025-06-09 17:11:59,73,0.02
3164,L01,#2,GW252/13600,(1)停机过程,1,2025-06-09 17:10:14,2025-06-09 17:10:46,32,0.01
3165,L01,#2,GW252/13600,(4)启机状态,4,2025-06-09 17:05:14,2025-06-09 17:10:14,300,0.08
3166,L01,#2,GW252/13600,(3)待机状态,3,2025-06-09 17:04:20,2025-06-09 17:05:14,54,0.02
3167,L01,#2,GW252/13600,(2)停机状态,2,2025-06-09 17:03:52,2025-06-09 17:04:20,28,0.01
3168,L01,#2,GW252/13600,(1)停机过程,1,2025-06-09 17:03:21,2025-06-09 17:03:52,31,0.01
3169,L01,#2,GW252/13600,(4)启机状态,4,2025-06-09 16:58:20,2025-06-09 17:03:21,301,0.08
3170,L01,#2,GW252/13600,(3)待机状态,3,2025-06-09 16:57:22,2025-06-09 16:58:20,58,0.02
3171,L01,#2,GW252/13600,(2)停机状态,2,2025-06-09 16:57:21,2025-06-09 16:57:22,1,0
3172,L01,#2,GW252/13600,(1)停机过程,1,2025-06-09 16:56:48,2025-06-09 16:57:21,33,0.01
3173,L01,#2,GW252/13600,(4)启机状态,4,2025-06-09 16:51:48,2025-06-09 16:56:48,300,0.08
3174,L01,#2,GW252/13600,(3)待机状态,3,2025-06-09 16:49:32,2025-06-09 16:51:48,136,0.04
3175,L01,#2,GW252/13600,(2)停机状态,2,2025-06-09 16:49:31,2025-06-09 16:49:32,1,0
3176,L01,#2,GW252/13600,(1)停机过程,1,2025-06-09 16:49:01,2025-06-09 16:49:31,30,0.01
3177,L01,#2,GW252/13600,(4)启机状态,4,2025-06-09 16:44:01,2025-06-09 16:49:01,300,0.08
3178,L01,#2,GW252/13600,(3)待机状态,3,2025-06-09 16:41:16,2025-06-09 16:44:01,165,0.05
3179,L01,#2,GW252/13600,(2)停机状态,2,2025-06-09 16:41:14,2025-06-09 16:41:16,2,0
3180,L01,#2,GW252/13600,(1)停机过程,1,2025-06-09 16:40:42,2025-06-09 16:41:14,32,0.01
3181,L01,#2,GW252/13600,(4)启机状态,4,2025-06-09 16:35:43,2025-06-09 16:40:42,299,0.08
3182,L01,#2,GW252/13600,(3)待机状态,3,2025-06-09 16:34:42,2025-06-09 16:35:43,61,0.02
3183,L01,#2,GW252/13600,(2)停机状态,2,2025-06-09 16:34:41,2025-06-09 16:34:42,1,0
3184,L01,#2,GW252/13600,(1)停机过程,1,2025-06-09 16:34:11,2025-06-09 16:34:41,30,0.01
3185,L01,#2,GW252/13600,(4)启机状态,4,2025-06-09 16:29:10,2025-06-09 16:34:11,301,0.08
3186,L01,#2,GW252/13600,(3)待机状态,3,2025-06-09 16:28:10,2025-06-09 16:29:10,60,0.02
3187,L01,#2,GW252/13600,(2)停机状态,2,2025-06-09 16:28:09,2025-06-09 16:28:10,1,0
3188,L01,#2,GW252/13600,(1)停机过程,1,2025-06-09 16:27:37,2025-06-09 16:28:09,32,0.01
3189,L01,#2,GW252/13600,(4)启机状态,4,2025-06-09 16:22:36,2025-06-09 16:27:37,301,0.08
3190,L01,#2,GW252/13600,(3)待机状态,3,2025-06-09 16:19:39,2025-06-09 16:22:36,177,0.05
3191,L01,#2,GW252/13600,(2)停机状态,2,2025-06-09 16:19:07,2025-06-09 16:19:39,32,0.01
3192,L01,#2,GW252/13600,(1)停机过程,1,2025-06-09 16:18:36,2025-06-09 16:19:07,31,0.01
3193,L01,#2,GW252/13600,(4)启机状态,4,2025-06-09 16:13:36,2025-06-09 16:18:36,300,0.08
3194,L01,#2,GW252/13600,(3)待机状态,3,2025-06-09 16:12:25,2025-06-09 16:13:36,71,0.02
3195,L01,#2,GW252/13600,(2)停机状态,2,2025-06-09 16:11:19,2025-06-09 16:12:25,66,0.02
3196,L01,#2,GW252/13600,(1)停机过程,1,2025-06-09 16:10:46,2025-06-09 16:11:19,33,0.01
3197,L01,#2,GW252/13600,(4)启机状态,4,2025-06-09 16:05:46,2025-06-09 16:10:46,300,0.08
3198,L01,#2,GW252/13600,(3)待机状态,3,2025-06-09 16:04:43,2025-06-09 16:05:46,63,0.02
3199,L01,#2,GW252/13600,(2)停机状态,2,2025-06-09 16:04:41,2025-06-09 16:04:43,2,0
3200,L01,#2,GW252/13600,(1)停机过程,1,2025-06-09 16:04:11,2025-06-09 16:04:41,30,0.01
3201,L01,#2,GW252/13600,(4)启机状态,4,2025-06-09 15:59:11,2025-06-09 16:04:11,300,0.08
3202,L01,#2,GW252/13600,(3)待机状态,3,2025-06-09 15:57:01,2025-06-09 15:59:11,130,0.04
3203,L01,#2,GW252/13600,(2)停机状态,2,2025-06-09 15:53:52,2025-06-09 15:57:01,189,0.05
3204,L01,#2,GW252/13600,(1)停机过程,1,2025-06-09 15:52:55,2025-06-09 15:53:52,57,0.02
3205,L01,#2,GW252/13600,(5)发电状态,5,2025-06-09 14:16:56,2025-06-09 15:52:55,5759,1.6
3206,L01,#2,GW252/13600,(4)启机状态,4,2025-06-09 14:12:38,2025-06-09 14:16:56,258,0.07
3207,L01,#2,GW252/13600,(3)待机状态,3,2025-06-09 14:11:52,2025-06-09 14:12:38,46,0.01
3208,L01,#2,GW252/13600,(2)停机状态,2,2025-06-09 14:11:50,2025-06-09 14:11:52,2,0
3209,L01,#2,GW252/13600,(1)停机过程,1,2025-06-09 14:11:19,2025-06-09 14:11:50,31,0.01
3210,L01,#2,GW252/13600,(4)启机状态,4,2025-06-09 14:06:18,2025-06-09 14:11:19,301,0.08
3211,L01,#2,GW252/13600,(3)待机状态,3,2025-06-09 14:05:23,2025-06-09 14:06:18,55,0.02
3212,L01,#2,GW252/13600,(2)停机状态,2,2025-06-09 14:05:22,2025-06-09 14:05:23,1,0
3213,L01,#2,GW252/13600,(1)停机过程,1,2025-06-09 14:04:50,2025-06-09 14:05:22,32,0.01
3214,L01,#2,GW252/13600,(4)启机状态,4,2025-06-09 13:59:50,2025-06-09 14:04:50,300,0.08
3215,L01,#2,GW252/13600,(3)待机状态,3,2025-06-09 13:58:39,2025-06-09 13:59:50,71,0.02
3216,L01,#2,GW252/13600,(2)停机状态,2,2025-06-09 13:58:38,2025-06-09 13:58:39,1,0
3217,L01,#2,GW252/13600,(1)停机过程,1,2025-06-09 13:58:06,2025-06-09 13:58:38,32,0.01
3218,L01,#2,GW252/13600,(4)启机状态,4,2025-06-09 13:53:06,2025-06-09 13:58:06,300,0.08
3219,L01,#2,GW252/13600,(3)待机状态,3,2025-06-09 13:51:40,2025-06-09 13:53:06,86,0.02
3220,L01,#2,GW252/13600,(2)停机状态,2,2025-06-09 13:50:23,2025-06-09 13:51:40,77,0.02
3221,L01,#2,GW252/13600,(1)停机过程,1,2025-06-09 13:49:52,2025-06-09 13:50:23,31,0.01
3222,L01,#2,GW252/13600,(4)启机状态,4,2025-06-09 13:44:52,2025-06-09 13:49:52,300,0.08
3223,L01,#2,GW252/13600,(3)待机状态,3,2025-06-09 13:43:54,2025-06-09 13:44:52,58,0.02
3224,L01,#2,GW252/13600,(2)停机状态,2,2025-06-09 13:38:16,2025-06-09 13:43:54,338,0.09
3225,L01,#2,GW252/13600,(1)停机过程,1,2025-06-09 13:37:45,2025-06-09 13:38:16,31,0.01
3226,L01,#2,GW252/13600,(4)启机状态,4,2025-06-09 13:32:45,2025-06-09 13:37:45,300,0.08
3227,L01,#2,GW252/13600,(3)待机状态,3,2025-06-09 13:28:28,2025-06-09 13:32:45,257,0.07
3228,L01,#2,GW252/13600,(2)停机状态,2,2025-06-09 13:27:41,2025-06-09 13:28:28,47,0.01
3229,L01,#2,GW252/13600,(1)停机过程,1,2025-06-09 13:27:09,2025-06-09 13:27:41,32,0.01
3230,L01,#2,GW252/13600,(4)启机状态,4,2025-06-09 13:22:09,2025-06-09 13:27:09,300,0.08
3231,L01,#2,GW252/13600,(3)待机状态,3,2025-06-09 13:19:42,2025-06-09 13:22:09,147,0.04
3232,L01,#2,GW252/13600,(2)停机状态,2,2025-06-09 13:16:30,2025-06-09 13:19:42,192,0.05
3233,L01,#2,GW252/13600,(1)停机过程,1,2025-06-09 13:15:59,2025-06-09 13:16:30,31,0.01
3234,L01,#2,GW252/13600,(4)启机状态,4,2025-06-09 13:10:59,2025-06-09 13:15:59,300,0.08
3235,L01,#2,GW252/13600,(3)待机状态,3,2025-06-09 13:09:26,2025-06-09 13:10:59,93,0.03
3236,L01,#2,GW252/13600,(2)停机状态,2,2025-06-09 13:08:49,2025-06-09 13:09:26,37,0.01
3237,L01,#2,GW252/13600,(1)停机过程,1,2025-06-09 13:08:17,2025-06-09 13:08:49,32,0.01
3238,L01,#2,GW252/13600,(4)启机状态,4,2025-06-09 13:03:16,2025-06-09 13:08:17,301,0.08
3239,L01,#2,GW252/13600,(3)待机状态,3,2025-06-09 13:02:07,2025-06-09 13:03:16,69,0.02
3240,L01,#2,GW252/13600,(1)停机过程,1,2025-06-09 13:01:35,2025-06-09 13:02:07,32,0.01
3241,L01,#2,GW252/13600,(4)启机状态,4,2025-06-09 12:56:35,2025-06-09 13:01:35,300,0.08
3242,L01,#2,GW252/13600,(3)待机状态,3,2025-06-09 12:55:36,2025-06-09 12:56:35,59,0.02
3243,L01,#2,GW252/13600,(2)停机状态,2,2025-06-09 12:53:31,2025-06-09 12:55:36,125,0.03
3244,L01,#2,GW252/13600,(1)停机过程,1,2025-06-09 12:52:33,2025-06-09 12:53:31,58,0.02
3245,L01,#2,GW252/13600,(5)发电状态,5,2025-06-09 12:33:58,2025-06-09 12:52:33,1115,0.31
3246,L01,#2,GW252/13600,(4)启机状态,4,2025-06-09 12:31:52,2025-06-09 12:33:58,126,0.04
3247,L01,#2,GW252/13600,(3)待机状态,3,2025-06-09 12:31:05,2025-06-09 12:31:52,47,0.01
3248,L01,#2,GW252/13600,(2)停机状态,2,2025-06-09 12:31:04,2025-06-09 12:31:05,1,0
3249,L01,#2,GW252/13600,(1)停机过程,1,2025-06-09 12:30:33,2025-06-09 12:31:04,31,0.01
3250,L01,#2,GW252/13600,(4)启机状态,4,2025-06-09 12:25:32,2025-06-09 12:30:33,301,0.08
3251,L01,#2,GW252/13600,(3)待机状态,3,2025-06-09 12:24:31,2025-06-09 12:25:32,61,0.02
3252,L01,#2,GW252/13600,(2)停机状态,2,2025-06-09 12:24:25,2025-06-09 12:24:31,6,0
3253,L01,#2,GW252/13600,(1)停机过程,1,2025-06-09 12:23:54,2025-06-09 12:24:25,31,0.01
3254,L01,#2,GW252/13600,(4)启机状态,4,2025-06-09 12:18:54,2025-06-09 12:23:54,300,0.08
3255,L01,#2,GW252/13600,(3)待机状态,3,2025-06-09 12:17:48,2025-06-09 12:18:54,66,0.02
3256,L01,#2,GW252/13600,(1)停机过程,1,2025-06-09 12:17:16,2025-06-09 12:17:48,32,0.01
3257,L01,#2,GW252/13600,(4)启机状态,4,2025-06-09 12:12:16,2025-06-09 12:17:16,300,0.08
3258,L01,#2,GW252/13600,(3)待机状态,3,2025-06-09 12:11:09,2025-06-09 12:12:16,67,0.02
3259,L01,#2,GW252/13600,(2)停机状态,2,2025-06-09 12:11:08,2025-06-09 12:11:09,1,0
3260,L01,#2,GW252/13600,(1)停机过程,1,2025-06-09 12:10:36,2025-06-09 12:11:08,32,0.01
3261,L01,#2,GW252/13600,(4)启机状态,4,2025-06-09 12:05:36,2025-06-09 12:10:36,300,0.08
3262,L01,#2,GW252/13600,(3)待机状态,3,2025-06-09 12:04:01,2025-06-09 12:05:36,95,0.03
3263,L01,#2,GW252/13600,(2)停机状态,2,2025-06-09 12:04:00,2025-06-09 12:04:01,1,0
3264,L01,#2,GW252/13600,(1)停机过程,1,2025-06-09 12:03:27,2025-06-09 12:04:00,33,0.01
3265,L01,#2,GW252/13600,(4)启机状态,4,2025-06-09 11:58:27,2025-06-09 12:03:27,300,0.08
3266,L01,#2,GW252/13600,(3)待机状态,3,2025-06-09 05:04:34,2025-06-09 11:58:27,24833,6.9
3267,L01,#2,GW252/13600,(2)停机状态,2,2025-06-09 04:58:58,2025-06-09 05:04:34,336,0.09
3268,L01,#2,GW252/13600,(1)停机过程,1,2025-06-09 04:58:25,2025-06-09 04:58:58,33,0.01
3269,L01,#2,GW252/13600,(4)启机状态,4,2025-06-09 04:53:25,2025-06-09 04:58:25,300,0.08
3270,L01,#2,GW252/13600,(3)待机状态,3,2025-06-09 04:52:25,2025-06-09 04:53:25,60,0.02
3271,L01,#2,GW252/13600,(2)停机状态,2,2025-06-09 04:51:07,2025-06-09 04:52:25,78,0.02
3272,L01,#2,GW252/13600,(1)停机过程,1,2025-06-09 04:50:36,2025-06-09 04:51:07,31,0.01
3273,L01,#2,GW252/13600,(4)启机状态,4,2025-06-09 04:45:36,2025-06-09 04:50:36,300,0.08
3274,L01,#2,GW252/13600,(3)待机状态,3,2025-06-09 04:43:44,2025-06-09 04:45:36,112,0.03
3275,L01,#2,GW252/13600,(2)停机状态,2,2025-06-09 04:43:42,2025-06-09 04:43:44,2,0
3276,L01,#2,GW252/13600,(1)停机过程,1,2025-06-09 04:43:12,2025-06-09 04:43:42,30,0.01
3277,L01,#2,GW252/13600,(4)启机状态,4,2025-06-09 04:38:12,2025-06-09 04:43:12,300,0.08
3278,L01,#2,GW252/13600,(3)待机状态,3,2025-06-09 04:36:21,2025-06-09 04:38:12,111,0.03
3279,L01,#2,GW252/13600,(2)停机状态,2,2025-06-09 04:34:46,2025-06-09 04:36:21,95,0.03
3280,L01,#2,GW252/13600,(1)停机过程,1,2025-06-09 04:33:48,2025-06-09 04:34:46,58,0.02
3281,L01,#2,GW252/13600,(5)发电状态,5,2025-06-09 02:59:33,2025-06-09 04:33:48,5655,1.57
3282,L01,#2,GW252/13600,(9)维护状态,9,2025-06-07 10:13:35,2025-06-09 02:59:33,146758,40.77
3283,L01,#2,GW252/13600,(2)停机状态,2,2025-06-07 09:39:38,2025-06-07 10:13:35,2037,0.57
3284,L01,#2,GW252/13600,(1)停机过程,1,2025-06-07 09:39:12,2025-06-07 09:39:38,26,0.01
3285,L01,#2,GW252/13600,(4)启机状态,4,2025-06-07 09:34:46,2025-06-07 09:39:12,266,0.07
3286,L01,#2,GW252/13600,(3)待机状态,3,2025-06-07 09:33:18,2025-06-07 09:34:46,88,0.02
3287,L01,#2,GW252/13600,(2)停机状态,2,2025-06-07 09:33:17,2025-06-07 09:33:18,1,0
3288,L01,#2,GW252/13600,(1)停机过程,1,2025-06-07 09:32:44,2025-06-07 09:33:17,33,0.01
3289,L01,#2,GW252/13600,(4)启机状态,4,2025-06-07 09:27:45,2025-06-07 09:32:44,299,0.08
3290,L01,#2,GW252/13600,(3)待机状态,3,2025-06-07 09:24:28,2025-06-07 09:27:45,197,0.05
3291,L01,#2,GW252/13600,(2)停机状态,2,2025-06-07 09:20:37,2025-06-07 09:24:28,231,0.06
3292,L01,#2,GW252/13600,(1)停机过程,1,2025-06-07 09:20:06,2025-06-07 09:20:37,31,0.01
3293,L01,#2,GW252/13600,(4)启机状态,4,2025-06-07 09:15:06,2025-06-07 09:20:06,300,0.08
3294,L01,#2,GW252/13600,(3)待机状态,3,2025-06-07 09:12:46,2025-06-07 09:15:06,140,0.04
3295,L01,#2,GW252/13600,(2)停机状态,2,2025-06-07 09:12:43,2025-06-07 09:12:46,3,0
3296,L01,#2,GW252/13600,(1)停机过程,1,2025-06-07 09:12:10,2025-06-07 09:12:43,33,0.01
3297,L01,#2,GW252/13600,(4)启机状态,4,2025-06-07 09:07:11,2025-06-07 09:12:10,299,0.08
3298,L01,#2,GW252/13600,(3)待机状态,3,2025-06-07 09:06:15,2025-06-07 09:07:11,56,0.02
3299,L01,#2,GW252/13600,(2)停机状态,2,2025-06-07 09:05:50,2025-06-07 09:06:15,25,0.01
3300,L01,#2,GW252/13600,(1)停机过程,1,2025-06-07 09:04:54,2025-06-07 09:05:50,56,0.02
3301,L01,#2,GW252/13600,(5)发电状态,5,2025-06-07 05:36:41,2025-06-07 09:04:54,12493,3.47
3302,L01,#2,GW252/13600,(4)启机状态,4,2025-06-07 05:35:08,2025-06-07 05:36:41,93,0.03
3303,L01,#2,GW252/13600,(3)待机状态,3,2025-06-07 05:34:24,2025-06-07 05:35:08,44,0.01
3304,L01,#2,GW252/13600,(2)停机状态,2,2025-06-07 05:34:19,2025-06-07 05:34:24,5,0
3305,L01,#2,GW252/13600,(1)停机过程,1,2025-06-07 05:34:08,2025-06-07 05:34:19,11,0
3306,L01,#2,GW252/13600,(9)维护状态,9,2025-06-07 05:32:44,2025-06-07 05:34:08,84,0.02
3307,L01,#2,GW252/13600,(2)停机状态,2,2025-06-07 03:30:27,2025-06-07 05:32:44,7337,2.04
3308,L01,#2,GW252/13600,(1)停机过程,1,2025-06-07 03:29:40,2025-06-07 03:30:27,47,0.01
3309,L01,#2,GW252/13600,(5)发电状态,5,2025-06-06 14:39:31,2025-06-07 03:29:40,46209,12.84
3310,L01,#2,GW252/13600,(4)启机状态,4,2025-06-06 14:37:39,2025-06-06 14:39:31,112,0.03
3311,L01,#2,GW252/13600,(3)待机状态,3,2025-06-06 14:36:53,2025-06-06 14:37:39,46,0.01
3312,L01,#2,GW252/13600,(2)停机状态,2,2025-06-06 14:36:51,2025-06-06 14:36:53,2,0
3313,L01,#2,GW252/13600,(1)停机过程,1,2025-06-06 14:35:55,2025-06-06 14:36:51,56,0.02
3314,L01,#2,GW252/13600,(4)启机状态,4,2025-06-06 14:30:54,2025-06-06 14:35:55,301,0.08
3315,L01,#2,GW252/13600,(3)待机状态,3,2025-06-06 14:30:04,2025-06-06 14:30:54,50,0.01
3316,L01,#2,GW252/13600,(2)停机状态,2,2025-06-06 14:30:03,2025-06-06 14:30:04,1,0
3317,L01,#2,GW252/13600,(1)停机过程,1,2025-06-06 14:29:31,2025-06-06 14:30:03,32,0.01
3318,L01,#2,GW252/13600,(4)启机状态,4,2025-06-06 14:24:29,2025-06-06 14:29:31,302,0.08
3319,L01,#2,GW252/13600,(3)待机状态,3,2025-06-06 14:23:43,2025-06-06 14:24:29,46,0.01
3320,L01,#2,GW252/13600,(2)停机状态,2,2025-06-06 14:23:40,2025-06-06 14:23:43,3,0
3321,L01,#2,GW252/13600,(1)停机过程,1,2025-06-06 14:23:09,2025-06-06 14:23:40,31,0.01
3322,L01,#2,GW252/13600,(4)启机状态,4,2025-06-06 14:18:09,2025-06-06 14:23:09,300,0.08
3323,L01,#2,GW252/13600,(3)待机状态,3,2025-06-06 14:17:13,2025-06-06 14:18:09,56,0.02
3324,L01,#2,GW252/13600,(2)停机状态,2,2025-06-06 14:17:12,2025-06-06 14:17:13,1,0
3325,L01,#2,GW252/13600,(1)停机过程,1,2025-06-06 14:16:42,2025-06-06 14:17:12,30,0.01
3326,L01,#2,GW252/13600,(4)启机状态,4,2025-06-06 14:11:42,2025-06-06 14:16:42,300,0.08
3327,L01,#2,GW252/13600,(3)待机状态,3,2025-06-06 14:10:46,2025-06-06 14:11:42,56,0.02
3328,L01,#2,GW252/13600,(2)停机状态,2,2025-06-06 14:10:44,2025-06-06 14:10:46,2,0
3329,L01,#2,GW252/13600,(1)停机过程,1,2025-06-06 14:10:13,2025-06-06 14:10:44,31,0.01
3330,L01,#2,GW252/13600,(4)启机状态,4,2025-06-06 14:05:13,2025-06-06 14:10:13,300,0.08
3331,L01,#2,GW252/13600,(3)待机状态,3,2025-06-06 14:04:16,2025-06-06 14:05:13,57,0.02
3332,L01,#2,GW252/13600,(2)停机状态,2,2025-06-06 14:04:14,2025-06-06 14:04:16,2,0
3333,L01,#2,GW252/13600,(1)停机过程,1,2025-06-06 14:03:43,2025-06-06 14:04:14,31,0.01
3334,L01,#2,GW252/13600,(4)启机状态,4,2025-06-06 13:58:43,2025-06-06 14:03:43,300,0.08
3335,L01,#2,GW252/13600,(3)待机状态,3,2025-06-06 13:57:50,2025-06-06 13:58:43,53,0.01
3336,L01,#2,GW252/13600,(2)停机状态,2,2025-06-06 13:57:49,2025-06-06 13:57:50,1,0
3337,L01,#2,GW252/13600,(1)停机过程,1,2025-06-06 13:57:18,2025-06-06 13:57:49,31,0.01
3338,L01,#2,GW252/13600,(4)启机状态,4,2025-06-06 13:52:18,2025-06-06 13:57:18,300,0.08
3339,L01,#2,GW252/13600,(3)待机状态,3,2025-06-06 13:51:01,2025-06-06 13:52:18,77,0.02
3340,L01,#2,GW252/13600,(2)停机状态,2,2025-06-06 13:50:20,2025-06-06 13:51:01,41,0.01
3341,L01,#2,GW252/13600,(1)停机过程,1,2025-06-06 13:49:49,2025-06-06 13:50:20,31,0.01
3342,L01,#2,GW252/13600,(4)启机状态,4,2025-06-06 13:44:48,2025-06-06 13:49:49,301,0.08
3343,L01,#2,GW252/13600,(3)待机状态,3,2025-06-06 13:41:55,2025-06-06 13:44:48,173,0.05
3344,L01,#2,GW252/13600,(2)停机状态,2,2025-06-06 13:39:28,2025-06-06 13:41:55,147,0.04
3345,L01,#2,GW252/13600,(1)停机过程,1,2025-06-06 13:38:55,2025-06-06 13:39:28,33,0.01
3346,L01,#2,GW252/13600,(4)启机状态,4,2025-06-06 13:33:55,2025-06-06 13:38:55,300,0.08
3347,L01,#2,GW252/13600,(3)待机状态,3,2025-06-06 13:32:43,2025-06-06 13:33:55,72,0.02
3348,L01,#2,GW252/13600,(2)停机状态,2,2025-06-06 13:32:41,2025-06-06 13:32:43,2,0
3349,L01,#2,GW252/13600,(1)停机过程,1,2025-06-06 13:32:11,2025-06-06 13:32:41,30,0.01
3350,L01,#2,GW252/13600,(4)启机状态,4,2025-06-06 13:27:10,2025-06-06 13:32:11,301,0.08
3351,L01,#2,GW252/13600,(3)待机状态,3,2025-06-06 13:26:04,2025-06-06 13:27:10,66,0.02
3352,L01,#2,GW252/13600,(2)停机状态,2,2025-06-06 13:26:01,2025-06-06 13:26:04,3,0
3353,L01,#2,GW252/13600,(1)停机过程,1,2025-06-06 13:25:28,2025-06-06 13:26:01,33,0.01
3354,L01,#2,GW252/13600,(4)启机状态,4,2025-06-06 13:20:28,2025-06-06 13:25:28,300,0.08
3355,L01,#2,GW252/13600,(3)待机状态,3,2025-06-06 13:19:24,2025-06-06 13:20:28,64,0.02
3356,L01,#2,GW252/13600,(1)停机过程,1,2025-06-06 13:18:53,2025-06-06 13:19:24,31,0.01
3357,L01,#2,GW252/13600,(4)启机状态,4,2025-06-06 13:13:53,2025-06-06 13:18:53,300,0.08
3358,L01,#2,GW252/13600,(3)待机状态,3,2025-06-06 13:11:35,2025-06-06 13:13:53,138,0.04
3359,L01,#2,GW252/13600,(1)停机过程,1,2025-06-06 13:11:03,2025-06-06 13:11:35,32,0.01
3360,L01,#2,GW252/13600,(4)启机状态,4,2025-06-06 13:06:02,2025-06-06 13:11:03,301,0.08
3361,L01,#2,GW252/13600,(3)待机状态,3,2025-06-06 13:04:47,2025-06-06 13:06:02,75,0.02
3362,L01,#2,GW252/13600,(1)停机过程,1,2025-06-06 13:04:15,2025-06-06 13:04:47,32,0.01
3363,L01,#2,GW252/13600,(4)启机状态,4,2025-06-06 12:59:16,2025-06-06 13:04:15,299,0.08
3364,L01,#2,GW252/13600,(3)待机状态,3,2025-06-06 12:57:48,2025-06-06 12:59:16,88,0.02
3365,L01,#2,GW252/13600,(2)停机状态,2,2025-06-06 12:57:47,2025-06-06 12:57:48,1,0
3366,L01,#2,GW252/13600,(1)停机过程,1,2025-06-06 12:57:14,2025-06-06 12:57:47,33,0.01
3367,L01,#2,GW252/13600,(4)启机状态,4,2025-06-06 12:52:14,2025-06-06 12:57:14,300,0.08
3368,L01,#2,GW252/13600,(3)待机状态,3,2025-06-06 12:51:02,2025-06-06 12:52:14,72,0.02
3369,L01,#2,GW252/13600,(2)停机状态,2,2025-06-06 12:51:01,2025-06-06 12:51:02,1,0
3370,L01,#2,GW252/13600,(1)停机过程,1,2025-06-06 12:50:29,2025-06-06 12:51:01,32,0.01
3371,L01,#2,GW252/13600,(4)启机状态,4,2025-06-06 12:45:28,2025-06-06 12:50:29,301,0.08
3372,L01,#2,GW252/13600,(3)待机状态,3,2025-06-06 12:43:48,2025-06-06 12:45:28,100,0.03
3373,L01,#2,GW252/13600,(2)停机状态,2,2025-06-06 12:07:12,2025-06-06 12:43:48,2196,0.61
3374,L01,#2,GW252/13600,(1)停机过程,1,2025-06-06 12:06:41,2025-06-06 12:07:12,31,0.01
3375,L01,#2,GW252/13600,(4)启机状态,4,2025-06-06 12:01:41,2025-06-06 12:06:41,300,0.08
3376,L01,#2,GW252/13600,(3)待机状态,3,2025-06-06 12:00:37,2025-06-06 12:01:41,64,0.02
3377,L01,#2,GW252/13600,(2)停机状态,2,2025-06-06 12:00:36,2025-06-06 12:00:37,1,0
3378,L01,#2,GW252/13600,(1)停机过程,1,2025-06-06 12:00:26,2025-06-06 12:00:36,10,0
3379,L01,#2,GW252/13600,(9)维护状态,9,2025-06-06 10:39:17,2025-06-06 12:00:26,4869,1.35
3380,L01,#2,GW252/13600,(2)停机状态,2,2025-06-06 09:47:27,2025-06-06 10:39:17,3110,0.86
3381,L01,#2,GW252/13600,(1)停机过程,1,2025-06-06 09:46:39,2025-06-06 09:47:27,48,0.01
3382,L01,#2,GW252/13600,(5)发电状态,5,2025-06-03 23:50:05,2025-06-06 09:46:39,208594,57.94
3383,L01,#2,GW252/13600,(4)启机状态,4,2025-06-03 23:49:08,2025-06-03 23:50:05,57,0.02
3384,L01,#2,GW252/13600,(3)待机状态,3,2025-06-03 23:48:22,2025-06-03 23:49:08,46,0.01
3385,L01,#2,GW252/13600,(2)停机状态,2,2025-06-03 23:38:42,2025-06-03 23:48:22,580,0.16
3386,L01,#2,GW252/13600,(1)停机过程,1,2025-06-03 23:37:27,2025-06-03 23:38:42,75,0.02
3387,L01,#2,GW252/13600,(5)发电状态,5,2025-06-03 22:46:20,2025-06-03 23:37:27,3067,0.85
3388,L01,#2,GW252/13600,(4)启机状态,4,2025-06-03 22:45:19,2025-06-03 22:46:20,61,0.02
3389,L01,#2,GW252/13600,(3)待机状态,3,2025-06-03 22:44:34,2025-06-03 22:45:19,45,0.01
3390,L01,#2,GW252/13600,(2)停机状态,2,2025-06-03 22:43:46,2025-06-03 22:44:34,48,0.01
3391,L01,#2,GW252/13600,(1)停机过程,1,2025-06-03 22:43:36,2025-06-03 22:43:46,10,0
3392,L01,#2,GW252/13600,(9)维护状态,9,2025-06-03 14:09:19,2025-06-03 22:43:36,30857,8.57
3393,L01,#2,GW252/13600,(2)停机状态,2,2025-05-30 16:33:00,2025-06-03 14:09:19,336979,93.61
3394,L01,#2,GW252/13600,(1)停机过程,1,2025-05-30 16:31:24,2025-05-30 16:33:00,96,0.03
3395,L01,#2,GW252/13600,(5)发电状态,5,2025-05-29 16:28:52,2025-05-30 16:31:24,86552,24.04
3396,L01,#2,GW252/13600,(4)启机状态,4,2025-05-29 16:24:43,2025-05-29 16:28:52,249,0.07
3397,L01,#2,GW252/13600,(3)待机状态,3,2025-05-29 16:23:55,2025-05-29 16:24:43,48,0.01
3398,L01,#2,GW252/13600,(2)停机状态,2,2025-05-29 16:23:54,2025-05-29 16:23:55,1,0
3399,L01,#2,GW252/13600,(1)停机过程,1,2025-05-29 16:23:23,2025-05-29 16:23:54,31,0.01
3400,L01,#2,GW252/13600,(4)启机状态,4,2025-05-29 16:18:23,2025-05-29 16:23:23,300,0.08
3401,L01,#2,GW252/13600,(3)待机状态,3,2025-05-29 16:17:30,2025-05-29 16:18:23,53,0.01
3402,L01,#2,GW252/13600,(2)停机状态,2,2025-05-29 16:17:28,2025-05-29 16:17:30,2,0
3403,L01,#2,GW252/13600,(1)停机过程,1,2025-05-29 16:16:57,2025-05-29 16:17:28,31,0.01
3404,L01,#2,GW252/13600,(4)启机状态,4,2025-05-29 16:11:56,2025-05-29 16:16:57,301,0.08
3405,L01,#2,GW252/13600,(3)待机状态,3,2025-05-29 16:11:01,2025-05-29 16:11:56,55,0.02
3406,L01,#2,GW252/13600,(1)停机过程,1,2025-05-29 16:10:28,2025-05-29 16:11:01,33,0.01
3407,L01,#2,GW252/13600,(4)启机状态,4,2025-05-29 16:05:30,2025-05-29 16:10:28,298,0.08
3408,L01,#2,GW252/13600,(3)待机状态,3,2025-05-29 16:04:27,2025-05-29 16:05:30,63,0.02
3409,L01,#2,GW252/13600,(2)停机状态,2,2025-05-29 16:04:20,2025-05-29 16:04:27,7,0
3410,L01,#2,GW252/13600,(1)停机过程,1,2025-05-29 16:03:47,2025-05-29 16:04:20,33,0.01
3411,L01,#2,GW252/13600,(4)启机状态,4,2025-05-29 15:58:47,2025-05-29 16:03:47,300,0.08
3412,L01,#2,GW252/13600,(3)待机状态,3,2025-05-29 15:57:50,2025-05-29 15:58:47,57,0.02
3413,L01,#2,GW252/13600,(1)停机过程,1,2025-05-29 15:57:18,2025-05-29 15:57:50,32,0.01
3414,L01,#2,GW252/13600,(4)启机状态,4,2025-05-29 15:52:18,2025-05-29 15:57:18,300,0.08
3415,L01,#2,GW252/13600,(3)待机状态,3,2025-05-29 15:51:07,2025-05-29 15:52:18,71,0.02
3416,L01,#2,GW252/13600,(2)停机状态,2,2025-05-29 15:51:04,2025-05-29 15:51:07,3,0
3417,L01,#2,GW252/13600,(1)停机过程,1,2025-05-29 15:50:32,2025-05-29 15:51:04,32,0.01
3418,L01,#2,GW252/13600,(4)启机状态,4,2025-05-29 15:45:31,2025-05-29 15:50:32,301,0.08
3419,L01,#2,GW252/13600,(3)待机状态,3,2025-05-29 15:43:09,2025-05-29 15:45:31,142,0.04
3420,L01,#2,GW252/13600,(2)停机状态,2,2025-05-29 15:41:22,2025-05-29 15:43:09,107,0.03
3421,L01,#2,GW252/13600,(1)停机过程,1,2025-05-29 15:40:49,2025-05-29 15:41:22,33,0.01
3422,L01,#2,GW252/13600,(4)启机状态,4,2025-05-29 15:35:49,2025-05-29 15:40:49,300,0.08
3423,L01,#2,GW252/13600,(3)待机状态,3,2025-05-29 15:34:47,2025-05-29 15:35:49,62,0.02
3424,L01,#2,GW252/13600,(2)停机状态,2,2025-05-29 15:34:46,2025-05-29 15:34:47,1,0
3425,L01,#2,GW252/13600,(1)停机过程,1,2025-05-29 15:34:15,2025-05-29 15:34:46,31,0.01
3426,L01,#2,GW252/13600,(4)启机状态,4,2025-05-29 15:29:16,2025-05-29 15:34:15,299,0.08
3427,L01,#2,GW252/13600,(3)待机状态,3,2025-05-29 15:28:21,2025-05-29 15:29:16,55,0.02
3428,L01,#2,GW252/13600,(2)停机状态,2,2025-05-29 15:28:20,2025-05-29 15:28:21,1,0
3429,L01,#2,GW252/13600,(1)停机过程,1,2025-05-29 15:27:49,2025-05-29 15:28:20,31,0.01
3430,L01,#2,GW252/13600,(4)启机状态,4,2025-05-29 15:22:48,2025-05-29 15:27:49,301,0.08
3431,L01,#2,GW252/13600,(3)待机状态,3,2025-05-29 15:21:50,2025-05-29 15:22:48,58,0.02
3432,L01,#2,GW252/13600,(2)停机状态,2,2025-05-29 15:21:03,2025-05-29 15:21:50,47,0.01
3433,L01,#2,GW252/13600,(1)停机过程,1,2025-05-29 15:20:33,2025-05-29 15:21:03,30,0.01
3434,L01,#2,GW252/13600,(4)启机状态,4,2025-05-29 15:15:32,2025-05-29 15:20:33,301,0.08
3435,L01,#2,GW252/13600,(3)待机状态,3,2025-05-29 15:13:44,2025-05-29 15:15:32,108,0.03
3436,L01,#2,GW252/13600,(2)停机状态,2,2025-05-29 15:13:43,2025-05-29 15:13:44,1,0
3437,L01,#2,GW252/13600,(1)停机过程,1,2025-05-29 15:13:12,2025-05-29 15:13:43,31,0.01
3438,L01,#2,GW252/13600,(4)启机状态,4,2025-05-29 15:08:12,2025-05-29 15:13:12,300,0.08
3439,L01,#2,GW252/13600,(3)待机状态,3,2025-05-29 15:06:03,2025-05-29 15:08:12,129,0.04
3440,L01,#2,GW252/13600,(2)停机状态,2,2025-05-29 15:05:17,2025-05-29 15:06:03,46,0.01
3441,L01,#2,GW252/13600,(1)停机过程,1,2025-05-29 15:04:46,2025-05-29 15:05:17,31,0.01
3442,L01,#2,GW252/13600,(4)启机状态,4,2025-05-29 14:59:45,2025-05-29 15:04:46,301,0.08
3443,L01,#2,GW252/13600,(3)待机状态,3,2025-05-29 14:58:51,2025-05-29 14:59:45,54,0.02
3444,L01,#2,GW252/13600,(1)停机过程,1,2025-05-29 14:58:18,2025-05-29 14:58:51,33,0.01
3445,L01,#2,GW252/13600,(4)启机状态,4,2025-05-29 14:53:18,2025-05-29 14:58:18,300,0.08
3446,L01,#2,GW252/13600,(3)待机状态,3,2025-05-29 14:52:25,2025-05-29 14:53:18,53,0.01
3447,L01,#2,GW252/13600,(2)停机状态,2,2025-05-29 14:52:24,2025-05-29 14:52:25,1,0
3448,L01,#2,GW252/13600,(1)停机过程,1,2025-05-29 14:51:54,2025-05-29 14:52:24,30,0.01
3449,L01,#2,GW252/13600,(4)启机状态,4,2025-05-29 14:46:54,2025-05-29 14:51:54,300,0.08
3450,L01,#2,GW252/13600,(3)待机状态,3,2025-05-29 14:46:01,2025-05-29 14:46:54,53,0.01
3451,L01,#2,GW252/13600,(1)停机过程,1,2025-05-29 14:45:30,2025-05-29 14:46:01,31,0.01
3452,L01,#2,GW252/13600,(4)启机状态,4,2025-05-29 14:40:29,2025-05-29 14:45:30,301,0.08
3453,L01,#2,GW252/13600,(3)待机状态,3,2025-05-29 14:39:33,2025-05-29 14:40:29,56,0.02
3454,L01,#2,GW252/13600,(2)停机状态,2,2025-05-29 14:39:32,2025-05-29 14:39:33,1,0
3455,L01,#2,GW252/13600,(1)停机过程,1,2025-05-29 14:38:59,2025-05-29 14:39:32,33,0.01
3456,L01,#2,GW252/13600,(4)启机状态,4,2025-05-29 14:33:59,2025-05-29 14:38:59,300,0.08
3457,L01,#2,GW252/13600,(3)待机状态,3,2025-05-29 14:32:42,2025-05-29 14:33:59,77,0.02
3458,L01,#2,GW252/13600,(2)停机状态,2,2025-05-29 14:27:05,2025-05-29 14:32:42,337,0.09
3459,L01,#2,GW252/13600,(1)停机过程,1,2025-05-29 14:26:35,2025-05-29 14:27:05,30,0.01
3460,L01,#2,GW252/13600,(4)启机状态,4,2025-05-29 14:21:35,2025-05-29 14:26:35,300,0.08
3461,L01,#2,GW252/13600,(3)待机状态,3,2025-05-29 14:18:39,2025-05-29 14:21:35,176,0.05
3462,L01,#2,GW252/13600,(2)停机状态,2,2025-05-29 14:15:50,2025-05-29 14:18:39,169,0.05
3463,L01,#2,GW252/13600,(1)停机过程,1,2025-05-29 14:15:20,2025-05-29 14:15:50,30,0.01
3464,L01,#2,GW252/13600,(4)启机状态,4,2025-05-29 14:10:20,2025-05-29 14:15:20,300,0.08
3465,L01,#2,GW252/13600,(3)待机状态,3,2025-05-29 14:06:23,2025-05-29 14:10:20,237,0.07
3466,L01,#2,GW252/13600,(2)停机状态,2,2025-05-29 14:05:06,2025-05-29 14:06:23,77,0.02
3467,L01,#2,GW252/13600,(1)停机过程,1,2025-05-29 14:04:35,2025-05-29 14:05:06,31,0.01
3468,L01,#2,GW252/13600,(4)启机状态,4,2025-05-29 13:59:35,2025-05-29 14:04:35,300,0.08
3469,L01,#2,GW252/13600,(3)待机状态,3,2025-05-29 13:58:34,2025-05-29 13:59:35,61,0.02
3470,L01,#2,GW252/13600,(2)停机状态,2,2025-05-29 13:57:42,2025-05-29 13:58:34,52,0.01
3471,L01,#2,GW252/13600,(1)停机过程,1,2025-05-29 13:57:12,2025-05-29 13:57:42,30,0.01
3472,L01,#2,GW252/13600,(4)启机状态,4,2025-05-29 13:52:12,2025-05-29 13:57:12,300,0.08
3473,L01,#2,GW252/13600,(3)待机状态,3,2025-05-29 13:50:52,2025-05-29 13:52:12,80,0.02
3474,L01,#2,GW252/13600,(2)停机状态,2,2025-05-29 13:50:51,2025-05-29 13:50:52,1,0
3475,L01,#2,GW252/13600,(1)停机过程,1,2025-05-29 13:50:19,2025-05-29 13:50:51,32,0.01
3476,L01,#2,GW252/13600,(4)启机状态,4,2025-05-29 13:45:19,2025-05-29 13:50:19,300,0.08
3477,L01,#2,GW252/13600,(3)待机状态,3,2025-05-29 13:06:09,2025-05-29 13:45:19,2350,0.65
3478,L01,#2,GW252/13600,(2)停机状态,2,2025-05-29 13:04:49,2025-05-29 13:06:09,80,0.02
3479,L01,#2,GW252/13600,(1)停机过程,1,2025-05-29 13:04:18,2025-05-29 13:04:49,31,0.01
3480,L01,#2,GW252/13600,(4)启机状态,4,2025-05-29 12:59:17,2025-05-29 13:04:18,301,0.08
3481,L01,#2,GW252/13600,(3)待机状态,3,2025-05-29 12:57:52,2025-05-29 12:59:17,85,0.02
3482,L01,#2,GW252/13600,(2)停机状态,2,2025-05-29 12:52:15,2025-05-29 12:57:52,337,0.09
3483,L01,#2,GW252/13600,(1)停机过程,1,2025-05-29 12:51:44,2025-05-29 12:52:15,31,0.01
3484,L01,#2,GW252/13600,(4)启机状态,4,2025-05-29 12:46:43,2025-05-29 12:51:44,301,0.08
3485,L01,#2,GW252/13600,(3)待机状态,3,2025-05-29 12:39:24,2025-05-29 12:46:43,439,0.12
3486,L01,#2,GW252/13600,(2)停机状态,2,2025-05-29 12:38:36,2025-05-29 12:39:24,48,0.01
3487,L01,#2,GW252/13600,(1)停机过程,1,2025-05-29 12:38:02,2025-05-29 12:38:36,34,0.01
3488,L01,#2,GW252/13600,(4)启机状态,4,2025-05-29 12:33:03,2025-05-29 12:38:02,299,0.08
3489,L01,#2,GW252/13600,(3)待机状态,3,2025-05-29 12:31:59,2025-05-29 12:33:03,64,0.02
3490,L01,#2,GW252/13600,(2)停机状态,2,2025-05-29 12:31:56,2025-05-29 12:31:59,3,0
3491,L01,#2,GW252/13600,(1)停机过程,1,2025-05-29 12:31:23,2025-05-29 12:31:56,33,0.01
3492,L01,#2,GW252/13600,(4)启机状态,4,2025-05-29 12:26:23,2025-05-29 12:31:23,300,0.08
3493,L01,#2,GW252/13600,(3)待机状态,3,2025-05-29 12:25:25,2025-05-29 12:26:23,58,0.02
3494,L01,#2,GW252/13600,(2)停机状态,2,2025-05-29 12:25:22,2025-05-29 12:25:25,3,0
3495,L01,#2,GW252/13600,(1)停机过程,1,2025-05-29 12:24:50,2025-05-29 12:25:22,32,0.01
3496,L01,#2,GW252/13600,(4)启机状态,4,2025-05-29 12:19:50,2025-05-29 12:24:50,300,0.08
3497,L01,#2,GW252/13600,(3)待机状态,3,2025-05-29 11:44:21,2025-05-29 12:19:50,2129,0.59
3498,L01,#2,GW252/13600,(2)停机状态,2,2025-05-29 11:38:45,2025-05-29 11:44:21,336,0.09
3499,L01,#2,GW252/13600,(1)停机过程,1,2025-05-29 11:38:12,2025-05-29 11:38:45,33,0.01
3500,L01,#2,GW252/13600,(4)启机状态,4,2025-05-29 11:33:12,2025-05-29 11:38:12,300,0.08
3501,L01,#2,GW252/13600,(3)待机状态,3,2025-05-29 11:29:46,2025-05-29 11:33:12,206,0.06
3502,L01,#2,GW252/13600,(2)停机状态,2,2025-05-29 11:24:10,2025-05-29 11:29:46,336,0.09
3503,L01,#2,GW252/13600,(1)停机过程,1,2025-05-29 11:23:37,2025-05-29 11:24:10,33,0.01
3504,L01,#2,GW252/13600,(4)启机状态,4,2025-05-29 11:18:37,2025-05-29 11:23:37,300,0.08
3505,L01,#2,GW252/13600,(3)待机状态,3,2025-05-29 11:17:30,2025-05-29 11:18:37,67,0.02
3506,L01,#2,GW252/13600,(2)停机状态,2,2025-05-29 11:11:53,2025-05-29 11:17:30,337,0.09
3507,L01,#2,GW252/13600,(1)停机过程,1,2025-05-29 11:11:22,2025-05-29 11:11:53,31,0.01
3508,L01,#2,GW252/13600,(4)启机状态,4,2025-05-29 11:06:22,2025-05-29 11:11:22,300,0.08
3509,L01,#2,GW252/13600,(3)待机状态,3,2025-05-29 11:03:58,2025-05-29 11:06:22,144,0.04
3510,L01,#2,GW252/13600,(2)停机状态,2,2025-05-29 10:58:21,2025-05-29 11:03:58,337,0.09
3511,L01,#2,GW252/13600,(1)停机过程,1,2025-05-29 10:57:49,2025-05-29 10:58:21,32,0.01
3512,L01,#2,GW252/13600,(4)启机状态,4,2025-05-29 10:52:50,2025-05-29 10:57:49,299,0.08
3513,L01,#2,GW252/13600,(3)待机状态,3,2025-05-29 10:49:25,2025-05-29 10:52:50,205,0.06
3514,L01,#2,GW252/13600,(2)停机状态,2,2025-05-29 10:49:23,2025-05-29 10:49:25,2,0
3515,L01,#2,GW252/13600,(1)停机过程,1,2025-05-29 10:48:51,2025-05-29 10:49:23,32,0.01
3516,L01,#2,GW252/13600,(4)启机状态,4,2025-05-29 10:43:51,2025-05-29 10:48:51,300,0.08
3517,L01,#2,GW252/13600,(3)待机状态,3,2025-05-29 09:52:16,2025-05-29 10:43:51,3095,0.86
3518,L01,#2,GW252/13600,(2)停机状态,2,2025-05-29 09:46:38,2025-05-29 09:52:16,338,0.09
3519,L01,#2,GW252/13600,(1)停机过程,1,2025-05-29 09:46:08,2025-05-29 09:46:38,30,0.01
3520,L01,#2,GW252/13600,(4)启机状态,4,2025-05-29 09:41:08,2025-05-29 09:46:08,300,0.08
3521,L01,#2,GW252/13600,(3)待机状态,3,2025-05-29 09:37:29,2025-05-29 09:41:08,219,0.06
3522,L01,#2,GW252/13600,(2)停机状态,2,2025-05-29 09:31:51,2025-05-29 09:37:29,338,0.09
3523,L01,#2,GW252/13600,(1)停机过程,1,2025-05-29 09:31:18,2025-05-29 09:31:51,33,0.01
3524,L01,#2,GW252/13600,(4)启机状态,4,2025-05-29 09:26:18,2025-05-29 09:31:18,300,0.08
3525,L01,#2,GW252/13600,(3)待机状态,3,2025-05-29 09:15:10,2025-05-29 09:26:18,668,0.19
3526,L01,#2,GW252/13600,(2)停机状态,2,2025-05-29 09:09:34,2025-05-29 09:15:10,336,0.09
3527,L01,#2,GW252/13600,(1)停机过程,1,2025-05-29 09:09:03,2025-05-29 09:09:34,31,0.01
3528,L01,#2,GW252/13600,(4)启机状态,4,2025-05-29 09:04:03,2025-05-29 09:09:03,300,0.08
3529,L01,#2,GW252/13600,(3)待机状态,3,2025-05-29 09:02:19,2025-05-29 09:04:03,104,0.03
3530,L01,#2,GW252/13600,(2)停机状态,2,2025-05-29 09:02:18,2025-05-29 09:02:19,1,0
3531,L01,#2,GW252/13600,(1)停机过程,1,2025-05-29 09:01:46,2025-05-29 09:02:18,32,0.01
3532,L01,#2,GW252/13600,(4)启机状态,4,2025-05-29 08:56:46,2025-05-29 09:01:46,300,0.08
3533,L01,#2,GW252/13600,(3)待机状态,3,2025-05-29 08:55:49,2025-05-29 08:56:46,57,0.02
3534,L01,#2,GW252/13600,(2)停机状态,2,2025-05-29 08:55:48,2025-05-29 08:55:49,1,0
3535,L01,#2,GW252/13600,(1)停机过程,1,2025-05-29 08:55:17,2025-05-29 08:55:48,31,0.01
3536,L01,#2,GW252/13600,(4)启机状态,4,2025-05-29 08:50:16,2025-05-29 08:55:17,301,0.08
3537,L01,#2,GW252/13600,(3)待机状态,3,2025-05-29 08:49:00,2025-05-29 08:50:16,76,0.02
3538,L01,#2,GW252/13600,(2)停机状态,2,2025-05-29 08:45:28,2025-05-29 08:49:00,212,0.06
3539,L01,#2,GW252/13600,(1)停机过程,1,2025-05-29 08:44:56,2025-05-29 08:45:28,32,0.01
3540,L01,#2,GW252/13600,(4)启机状态,4,2025-05-29 08:39:57,2025-05-29 08:44:56,299,0.08
3541,L01,#2,GW252/13600,(3)待机状态,3,2025-05-29 08:36:58,2025-05-29 08:39:57,179,0.05
3542,L01,#2,GW252/13600,(2)停机状态,2,2025-05-29 08:31:21,2025-05-29 08:36:58,337,0.09
3543,L01,#2,GW252/13600,(1)停机过程,1,2025-05-29 08:30:49,2025-05-29 08:31:21,32,0.01
3544,L01,#2,GW252/13600,(4)启机状态,4,2025-05-29 08:25:48,2025-05-29 08:30:49,301,0.08
3545,L01,#2,GW252/13600,(3)待机状态,3,2025-05-29 08:20:57,2025-05-29 08:25:48,291,0.08
3546,L01,#2,GW252/13600,(2)停机状态,2,2025-05-29 08:19:35,2025-05-29 08:20:57,82,0.02
3547,L01,#2,GW252/13600,(1)停机过程,1,2025-05-29 08:19:05,2025-05-29 08:19:35,30,0.01
3548,L01,#2,GW252/13600,(4)启机状态,4,2025-05-29 08:14:05,2025-05-29 08:19:05,300,0.08
3549,L01,#2,GW252/13600,(3)待机状态,3,2025-05-29 08:13:09,2025-05-29 08:14:05,56,0.02
3550,L01,#2,GW252/13600,(1)停机过程,1,2025-05-29 08:12:37,2025-05-29 08:13:09,32,0.01
3551,L01,#2,GW252/13600,(4)启机状态,4,2025-05-29 08:07:36,2025-05-29 08:12:37,301,0.08
3552,L01,#2,GW252/13600,(3)待机状态,3,2025-05-29 08:06:29,2025-05-29 08:07:36,67,0.02
3553,L01,#2,GW252/13600,(2)停机状态,2,2025-05-29 08:06:27,2025-05-29 08:06:29,2,0
3554,L01,#2,GW252/13600,(1)停机过程,1,2025-05-29 08:05:56,2025-05-29 08:06:27,31,0.01
3555,L01,#2,GW252/13600,(4)启机状态,4,2025-05-29 08:00:56,2025-05-29 08:05:56,300,0.08
3556,L01,#2,GW252/13600,(3)待机状态,3,2025-05-29 07:59:31,2025-05-29 08:00:56,85,0.02
3557,L01,#2,GW252/13600,(2)停机状态,2,2025-05-29 07:59:30,2025-05-29 07:59:31,1,0
3558,L01,#2,GW252/13600,(1)停机过程,1,2025-05-29 07:58:58,2025-05-29 07:59:30,32,0.01
3559,L01,#2,GW252/13600,(4)启机状态,4,2025-05-29 07:53:58,2025-05-29 07:58:58,300,0.08
3560,L01,#2,GW252/13600,(3)待机状态,3,2025-05-29 07:52:42,2025-05-29 07:53:58,76,0.02
3561,L01,#2,GW252/13600,(2)停机状态,2,2025-05-29 07:52:41,2025-05-29 07:52:42,1,0
3562,L01,#2,GW252/13600,(1)停机过程,1,2025-05-29 07:52:09,2025-05-29 07:52:41,32,0.01
3563,L01,#2,GW252/13600,(4)启机状态,4,2025-05-29 07:47:09,2025-05-29 07:52:09,300,0.08
3564,L01,#2,GW252/13600,(3)待机状态,3,2025-05-29 07:46:06,2025-05-29 07:47:09,63,0.02
3565,L01,#2,GW252/13600,(2)停机状态,2,2025-05-29 07:46:04,2025-05-29 07:46:06,2,0
3566,L01,#2,GW252/13600,(1)停机过程,1,2025-05-29 07:45:32,2025-05-29 07:46:04,32,0.01
3567,L01,#2,GW252/13600,(4)启机状态,4,2025-05-29 07:40:32,2025-05-29 07:45:32,300,0.08
3568,L01,#2,GW252/13600,(3)待机状态,3,2025-05-29 07:39:18,2025-05-29 07:40:32,74,0.02
3569,L01,#2,GW252/13600,(2)停机状态,2,2025-05-29 07:36:27,2025-05-29 07:39:18,171,0.05
3570,L01,#2,GW252/13600,(1)停机过程,1,2025-05-29 07:35:55,2025-05-29 07:36:27,32,0.01
3571,L01,#2,GW252/13600,(4)启机状态,4,2025-05-29 07:30:55,2025-05-29 07:35:55,300,0.08
3572,L01,#2,GW252/13600,(3)待机状态,3,2025-05-29 07:29:48,2025-05-29 07:30:55,67,0.02
3573,L01,#2,GW252/13600,(2)停机状态,2,2025-05-29 07:29:47,2025-05-29 07:29:48,1,0
3574,L01,#2,GW252/13600,(1)停机过程,1,2025-05-29 07:29:15,2025-05-29 07:29:47,32,0.01
3575,L01,#2,GW252/13600,(4)启机状态,4,2025-05-29 07:24:15,2025-05-29 07:29:15,300,0.08
3576,L01,#2,GW252/13600,(3)待机状态,3,2025-05-29 07:22:09,2025-05-29 07:24:15,126,0.04
3577,L01,#2,GW252/13600,(2)停机状态,2,2025-05-29 07:19:13,2025-05-29 07:22:09,176,0.05
3578,L01,#2,GW252/13600,(1)停机过程,1,2025-05-29 07:18:42,2025-05-29 07:19:13,31,0.01
3579,L01,#2,GW252/13600,(4)启机状态,4,2025-05-29 07:13:42,2025-05-29 07:18:42,300,0.08
3580,L01,#2,GW252/13600,(3)待机状态,3,2025-05-29 07:12:30,2025-05-29 07:13:42,72,0.02
3581,L01,#2,GW252/13600,(2)停机状态,2,2025-05-29 07:11:04,2025-05-29 07:12:30,86,0.02
3582,L01,#2,GW252/13600,(1)停机过程,1,2025-05-29 07:10:33,2025-05-29 07:11:04,31,0.01
3583,L01,#2,GW252/13600,(4)启机状态,4,2025-05-29 07:05:32,2025-05-29 07:10:33,301,0.08
3584,L01,#2,GW252/13600,(3)待机状态,3,2025-05-29 07:04:20,2025-05-29 07:05:32,72,0.02
3585,L01,#2,GW252/13600,(2)停机状态,2,2025-05-29 07:03:41,2025-05-29 07:04:20,39,0.01
3586,L01,#2,GW252/13600,(1)停机过程,1,2025-05-29 07:03:10,2025-05-29 07:03:41,31,0.01
3587,L01,#2,GW252/13600,(4)启机状态,4,2025-05-29 06:58:10,2025-05-29 07:03:10,300,0.08
3588,L01,#2,GW252/13600,(3)待机状态,3,2025-05-29 06:55:01,2025-05-29 06:58:10,189,0.05
3589,L01,#2,GW252/13600,(2)停机状态,2,2025-05-29 06:53:39,2025-05-29 06:55:01,82,0.02
3590,L01,#2,GW252/13600,(1)停机过程,1,2025-05-29 06:53:07,2025-05-29 06:53:39,32,0.01
3591,L01,#2,GW252/13600,(4)启机状态,4,2025-05-29 06:48:07,2025-05-29 06:53:07,300,0.08
3592,L01,#2,GW252/13600,(3)待机状态,3,2025-05-29 06:45:28,2025-05-29 06:48:07,159,0.04
3593,L01,#2,GW252/13600,(2)停机状态,2,2025-05-29 06:40:20,2025-05-29 06:45:28,308,0.09
3594,L01,#2,GW252/13600,(1)停机过程,1,2025-05-29 06:39:49,2025-05-29 06:40:20,31,0.01
3595,L01,#2,GW252/13600,(4)启机状态,4,2025-05-29 06:34:49,2025-05-29 06:39:49,300,0.08
3596,L01,#2,GW252/13600,(3)待机状态,3,2025-05-29 06:33:47,2025-05-29 06:34:49,62,0.02
3597,L01,#2,GW252/13600,(2)停机状态,2,2025-05-29 06:33:20,2025-05-29 06:33:47,27,0.01
3598,L01,#2,GW252/13600,(1)停机过程,1,2025-05-29 06:32:48,2025-05-29 06:33:20,32,0.01
3599,L01,#2,GW252/13600,(4)启机状态,4,2025-05-29 06:27:47,2025-05-29 06:32:48,301,0.08
3600,L01,#2,GW252/13600,(3)待机状态,3,2025-05-29 06:26:45,2025-05-29 06:27:47,62,0.02
3601,L01,#2,GW252/13600,(1)停机过程,1,2025-05-29 06:26:12,2025-05-29 06:26:45,33,0.01
3602,L01,#2,GW252/13600,(4)启机状态,4,2025-05-29 06:21:13,2025-05-29 06:26:12,299,0.08
3603,L01,#2,GW252/13600,(3)待机状态,3,2025-05-29 06:19:44,2025-05-29 06:21:13,89,0.02
3604,L01,#2,GW252/13600,(1)停机过程,1,2025-05-29 06:19:12,2025-05-29 06:19:44,32,0.01
3605,L01,#2,GW252/13600,(4)启机状态,4,2025-05-29 06:14:12,2025-05-29 06:19:12,300,0.08
3606,L01,#2,GW252/13600,(3)待机状态,3,2025-05-29 06:12:19,2025-05-29 06:14:12,113,0.03
3607,L01,#2,GW252/13600,(2)停机状态,2,2025-05-29 06:10:57,2025-05-29 06:12:19,82,0.02
3608,L01,#2,GW252/13600,(1)停机过程,1,2025-05-29 06:10:00,2025-05-29 06:10:57,57,0.02
3609,L01,#2,GW252/13600,(5)发电状态,5,2025-05-29 05:41:50,2025-05-29 06:10:00,1690,0.47
3610,L01,#2,GW252/13600,(4)启机状态,4,2025-05-29 05:39:05,2025-05-29 05:41:50,165,0.05
3611,L01,#2,GW252/13600,(3)待机状态,3,2025-05-29 05:38:12,2025-05-29 05:39:05,53,0.01
3612,L01,#2,GW252/13600,(1)停机过程,1,2025-05-29 05:37:19,2025-05-29 05:38:12,53,0.01
3613,L01,#2,GW252/13600,(4)启机状态,4,2025-05-29 05:32:19,2025-05-29 05:37:19,300,0.08
3614,L01,#2,GW252/13600,(3)待机状态,3,2025-05-29 05:31:28,2025-05-29 05:32:19,51,0.01
3615,L01,#2,GW252/13600,(2)停机状态,2,2025-05-29 05:31:27,2025-05-29 05:31:28,1,0
3616,L01,#2,GW252/13600,(1)停机过程,1,2025-05-29 05:30:54,2025-05-29 05:31:27,33,0.01
3617,L01,#2,GW252/13600,(4)启机状态,4,2025-05-29 05:25:54,2025-05-29 05:30:54,300,0.08
3618,L01,#2,GW252/13600,(3)待机状态,3,2025-05-29 05:25:03,2025-05-29 05:25:54,51,0.01
3619,L01,#2,GW252/13600,(2)停机状态,2,2025-05-29 05:25:01,2025-05-29 05:25:03,2,0
3620,L01,#2,GW252/13600,(1)停机过程,1,2025-05-29 05:24:30,2025-05-29 05:25:01,31,0.01
3621,L01,#2,GW252/13600,(4)启机状态,4,2025-05-29 05:19:30,2025-05-29 05:24:30,300,0.08
3622,L01,#2,GW252/13600,(3)待机状态,3,2025-05-29 05:18:33,2025-05-29 05:19:30,57,0.02
3623,L01,#2,GW252/13600,(2)停机状态,2,2025-05-29 05:18:32,2025-05-29 05:18:33,1,0
3624,L01,#2,GW252/13600,(1)停机过程,1,2025-05-29 05:18:01,2025-05-29 05:18:32,31,0.01
3625,L01,#2,GW252/13600,(4)启机状态,4,2025-05-29 05:13:00,2025-05-29 05:18:01,301,0.08
3626,L01,#2,GW252/13600,(3)待机状态,3,2025-05-29 05:11:58,2025-05-29 05:13:00,62,0.02
3627,L01,#2,GW252/13600,(1)停机过程,1,2025-05-29 05:11:25,2025-05-29 05:11:58,33,0.01
3628,L01,#2,GW252/13600,(4)启机状态,4,2025-05-29 05:06:25,2025-05-29 05:11:25,300,0.08
3629,L01,#2,GW252/13600,(3)待机状态,3,2025-05-29 05:05:03,2025-05-29 05:06:25,82,0.02
3630,L01,#2,GW252/13600,(2)停机状态,2,2025-05-29 05:05:01,2025-05-29 05:05:03,2,0
3631,L01,#2,GW252/13600,(1)停机过程,1,2025-05-29 05:04:29,2025-05-29 05:05:01,32,0.01
3632,L01,#2,GW252/13600,(4)启机状态,4,2025-05-29 04:59:29,2025-05-29 05:04:29,300,0.08
3633,L01,#2,GW252/13600,(3)待机状态,3,2025-05-29 04:58:10,2025-05-29 04:59:29,79,0.02
3634,L01,#2,GW252/13600,(2)停机状态,2,2025-05-29 04:58:09,2025-05-29 04:58:10,1,0
3635,L01,#2,GW252/13600,(1)停机过程,1,2025-05-29 04:57:38,2025-05-29 04:58:09,31,0.01
3636,L01,#2,GW252/13600,(4)启机状态,4,2025-05-29 04:52:38,2025-05-29 04:57:38,300,0.08
3637,L01,#2,GW252/13600,(3)待机状态,3,2025-05-29 04:51:35,2025-05-29 04:52:38,63,0.02
3638,L01,#2,GW252/13600,(2)停机状态,2,2025-05-29 04:50:30,2025-05-29 04:51:35,65,0.02
3639,L01,#2,GW252/13600,(1)停机过程,1,2025-05-29 04:49:57,2025-05-29 04:50:30,33,0.01
3640,L01,#2,GW252/13600,(4)启机状态,4,2025-05-29 04:44:57,2025-05-29 04:49:57,300,0.08
3641,L01,#2,GW252/13600,(3)待机状态,3,2025-05-29 04:43:34,2025-05-29 04:44:57,83,0.02
3642,L01,#2,GW252/13600,(2)停机状态,2,2025-05-29 04:41:50,2025-05-29 04:43:34,104,0.03
3643,L01,#2,GW252/13600,(1)停机过程,1,2025-05-29 04:41:17,2025-05-29 04:41:50,33,0.01
3644,L01,#2,GW252/13600,(4)启机状态,4,2025-05-29 04:36:17,2025-05-29 04:41:17,300,0.08
3645,L01,#2,GW252/13600,(3)待机状态,3,2025-05-29 04:35:12,2025-05-29 04:36:17,65,0.02
3646,L01,#2,GW252/13600,(2)停机状态,2,2025-05-29 04:35:10,2025-05-29 04:35:12,2,0
3647,L01,#2,GW252/13600,(1)停机过程,1,2025-05-29 04:34:39,2025-05-29 04:35:10,31,0.01
3648,L01,#2,GW252/13600,(4)启机状态,4,2025-05-29 04:29:39,2025-05-29 04:34:39,300,0.08
3649,L01,#2,GW252/13600,(3)待机状态,3,2025-05-29 04:28:48,2025-05-29 04:29:39,51,0.01
3650,L01,#2,GW252/13600,(2)停机状态,2,2025-05-29 04:28:46,2025-05-29 04:28:48,2,0
3651,L01,#2,GW252/13600,(1)停机过程,1,2025-05-29 04:28:14,2025-05-29 04:28:46,32,0.01
3652,L01,#2,GW252/13600,(4)启机状态,4,2025-05-29 04:23:13,2025-05-29 04:28:14,301,0.08
3653,L01,#2,GW252/13600,(3)待机状态,3,2025-05-29 04:22:09,2025-05-29 04:23:13,64,0.02
3654,L01,#2,GW252/13600,(2)停机状态,2,2025-05-29 04:21:10,2025-05-29 04:22:09,59,0.02
3655,L01,#2,GW252/13600,(1)停机过程,1,2025-05-29 04:20:37,2025-05-29 04:21:10,33,0.01
3656,L01,#2,GW252/13600,(4)启机状态,4,2025-05-29 04:15:38,2025-05-29 04:20:37,299,0.08
3657,L01,#2,GW252/13600,(3)待机状态,3,2025-05-29 04:14:25,2025-05-29 04:15:38,73,0.02
3658,L01,#2,GW252/13600,(2)停机状态,2,2025-05-29 04:13:21,2025-05-29 04:14:25,64,0.02
3659,L01,#2,GW252/13600,(1)停机过程,1,2025-05-29 04:12:51,2025-05-29 04:13:21,30,0.01
3660,L01,#2,GW252/13600,(4)启机状态,4,2025-05-29 04:07:51,2025-05-29 04:12:51,300,0.08
3661,L01,#2,GW252/13600,(3)待机状态,3,2025-05-29 04:06:50,2025-05-29 04:07:51,61,0.02
3662,L01,#2,GW252/13600,(2)停机状态,2,2025-05-29 04:06:48,2025-05-29 04:06:50,2,0
3663,L01,#2,GW252/13600,(1)停机过程,1,2025-05-29 04:06:16,2025-05-29 04:06:48,32,0.01
3664,L01,#2,GW252/13600,(4)启机状态,4,2025-05-29 04:01:15,2025-05-29 04:06:16,301,0.08
3665,L01,#2,GW252/13600,(3)待机状态,3,2025-05-29 04:00:15,2025-05-29 04:01:15,60,0.02
3666,L01,#2,GW252/13600,(2)停机状态,2,2025-05-29 04:00:13,2025-05-29 04:00:15,2,0
3667,L01,#2,GW252/13600,(1)停机过程,1,2025-05-29 03:59:43,2025-05-29 04:00:13,30,0.01
3668,L01,#2,GW252/13600,(4)启机状态,4,2025-05-29 03:54:43,2025-05-29 03:59:43,300,0.08
3669,L01,#2,GW252/13600,(3)待机状态,3,2025-05-29 03:53:41,2025-05-29 03:54:43,62,0.02
3670,L01,#2,GW252/13600,(2)停机状态,2,2025-05-29 03:53:40,2025-05-29 03:53:41,1,0
3671,L01,#2,GW252/13600,(1)停机过程,1,2025-05-29 03:53:09,2025-05-29 03:53:40,31,0.01
3672,L01,#2,GW252/13600,(4)启机状态,4,2025-05-29 03:48:08,2025-05-29 03:53:09,301,0.08
3673,L01,#2,GW252/13600,(3)待机状态,3,2025-05-29 03:47:16,2025-05-29 03:48:08,52,0.01
3674,L01,#2,GW252/13600,(2)停机状态,2,2025-05-29 03:47:15,2025-05-29 03:47:16,1,0
3675,L01,#2,GW252/13600,(1)停机过程,1,2025-05-29 03:46:42,2025-05-29 03:47:15,33,0.01
3676,L01,#2,GW252/13600,(4)启机状态,4,2025-05-29 03:41:43,2025-05-29 03:46:42,299,0.08
3677,L01,#2,GW252/13600,(3)待机状态,3,2025-05-29 03:40:43,2025-05-29 03:41:43,60,0.02
3678,L01,#2,GW252/13600,(2)停机状态,2,2025-05-29 03:40:42,2025-05-29 03:40:43,1,0
3679,L01,#2,GW252/13600,(1)停机过程,1,2025-05-29 03:40:12,2025-05-29 03:40:42,30,0.01
3680,L01,#2,GW252/13600,(4)启机状态,4,2025-05-29 03:35:12,2025-05-29 03:40:12,300,0.08
3681,L01,#2,GW252/13600,(3)待机状态,3,2025-05-29 03:34:00,2025-05-29 03:35:12,72,0.02
3682,L01,#2,GW252/13600,(2)停机状态,2,2025-05-29 03:33:35,2025-05-29 03:34:00,25,0.01
3683,L01,#2,GW252/13600,(1)停机过程,1,2025-05-29 03:33:04,2025-05-29 03:33:35,31,0.01
3684,L01,#2,GW252/13600,(4)启机状态,4,2025-05-29 03:28:03,2025-05-29 03:33:04,301,0.08
3685,L01,#2,GW252/13600,(3)待机状态,3,2025-05-29 03:26:12,2025-05-29 03:28:03,111,0.03
3686,L01,#2,GW252/13600,(2)停机状态,2,2025-05-29 03:25:05,2025-05-29 03:26:12,67,0.02
3687,L01,#2,GW252/13600,(1)停机过程,1,2025-05-29 03:24:08,2025-05-29 03:25:05,57,0.02
3688,L01,#2,GW252/13600,(5)发电状态,5,2025-05-28 18:59:01,2025-05-29 03:24:08,30307,8.42
3689,L01,#2,GW252/13600,(4)启机状态,4,2025-05-28 18:56:53,2025-05-28 18:59:01,128,0.04
3690,L01,#2,GW252/13600,(3)待机状态,3,2025-05-28 18:56:15,2025-05-28 18:56:53,38,0.01
3691,L01,#2,GW252/13600,(2)停机状态,2,2025-05-28 18:19:38,2025-05-28 18:56:15,2197,0.61
3692,L01,#2,GW252/13600,(1)停机过程,1,2025-05-28 18:18:41,2025-05-28 18:19:38,57,0.02
3693,L01,#2,GW252/13600,(4)启机状态,4,2025-05-28 18:13:41,2025-05-28 18:18:41,300,0.08
3694,L01,#2,GW252/13600,(3)待机状态,3,2025-05-28 18:12:43,2025-05-28 18:13:41,58,0.02
3695,L01,#2,GW252/13600,(2)停机状态,2,2025-05-28 18:07:06,2025-05-28 18:12:43,337,0.09
3696,L01,#2,GW252/13600,(1)停机过程,1,2025-05-28 18:06:35,2025-05-28 18:07:06,31,0.01
3697,L01,#2,GW252/13600,(4)启机状态,4,2025-05-28 18:01:35,2025-05-28 18:06:35,300,0.08
3698,L01,#2,GW252/13600,(3)待机状态,3,2025-05-28 18:00:16,2025-05-28 18:01:35,79,0.02
3699,L01,#2,GW252/13600,(2)停机状态,2,2025-05-28 17:55:35,2025-05-28 18:00:16,281,0.08
3700,L01,#2,GW252/13600,(1)停机过程,1,2025-05-28 17:55:03,2025-05-28 17:55:35,32,0.01
3701,L01,#2,GW252/13600,(4)启机状态,4,2025-05-28 17:50:03,2025-05-28 17:55:03,300,0.08
3702,L01,#2,GW252/13600,(3)待机状态,3,2025-05-28 17:47:55,2025-05-28 17:50:03,128,0.04
3703,L01,#2,GW252/13600,(2)停机状态,2,2025-05-28 17:47:54,2025-05-28 17:47:55,1,0
3704,L01,#2,GW252/13600,(1)停机过程,1,2025-05-28 17:47:23,2025-05-28 17:47:54,31,0.01
3705,L01,#2,GW252/13600,(4)启机状态,4,2025-05-28 17:42:23,2025-05-28 17:47:23,300,0.08
3706,L01,#2,GW252/13600,(3)待机状态,3,2025-05-28 17:40:46,2025-05-28 17:42:23,97,0.03
3707,L01,#2,GW252/13600,(2)停机状态,2,2025-05-28 17:40:45,2025-05-28 17:40:46,1,0
3708,L01,#2,GW252/13600,(1)停机过程,1,2025-05-28 17:40:13,2025-05-28 17:40:45,32,0.01
3709,L01,#2,GW252/13600,(4)启机状态,4,2025-05-28 17:35:13,2025-05-28 17:40:13,300,0.08
3710,L01,#2,GW252/13600,(3)待机状态,3,2025-05-28 17:34:09,2025-05-28 17:35:13,64,0.02
3711,L01,#2,GW252/13600,(2)停机状态,2,2025-05-28 17:34:06,2025-05-28 17:34:09,3,0
3712,L01,#2,GW252/13600,(1)停机过程,1,2025-05-28 17:33:35,2025-05-28 17:34:06,31,0.01
3713,L01,#2,GW252/13600,(4)启机状态,4,2025-05-28 17:28:35,2025-05-28 17:33:35,300,0.08
3714,L01,#2,GW252/13600,(3)待机状态,3,2025-05-28 17:27:48,2025-05-28 17:28:35,47,0.01
3715,L01,#2,GW252/13600,(1)停机过程,1,2025-05-28 17:27:16,2025-05-28 17:27:48,32,0.01
3716,L01,#2,GW252/13600,(4)启机状态,4,2025-05-28 17:22:16,2025-05-28 17:27:16,300,0.08
3717,L01,#2,GW252/13600,(3)待机状态,3,2025-05-28 17:21:18,2025-05-28 17:22:16,58,0.02
3718,L01,#2,GW252/13600,(2)停机状态,2,2025-05-28 17:16:26,2025-05-28 17:21:18,292,0.08
3719,L01,#2,GW252/13600,(1)停机过程,1,2025-05-28 17:15:54,2025-05-28 17:16:26,32,0.01
3720,L01,#2,GW252/13600,(4)启机状态,4,2025-05-28 17:10:54,2025-05-28 17:15:54,300,0.08
3721,L01,#2,GW252/13600,(3)待机状态,3,2025-05-28 17:09:58,2025-05-28 17:10:54,56,0.02
3722,L01,#2,GW252/13600,(2)停机状态,2,2025-05-28 17:09:56,2025-05-28 17:09:58,2,0
3723,L01,#2,GW252/13600,(1)停机过程,1,2025-05-28 17:09:25,2025-05-28 17:09:56,31,0.01
3724,L01,#2,GW252/13600,(4)启机状态,4,2025-05-28 17:04:25,2025-05-28 17:09:25,300,0.08
3725,L01,#2,GW252/13600,(3)待机状态,3,2025-05-28 16:54:49,2025-05-28 17:04:25,576,0.16
3726,L01,#2,GW252/13600,(2)停机状态,2,2025-05-28 16:54:19,2025-05-28 16:54:49,30,0.01
3727,L01,#2,GW252/13600,(1)停机过程,1,2025-05-28 16:53:47,2025-05-28 16:54:19,32,0.01
3728,L01,#2,GW252/13600,(4)启机状态,4,2025-05-28 16:48:47,2025-05-28 16:53:47,300,0.08
3729,L01,#2,GW252/13600,(3)待机状态,3,2025-05-28 16:47:48,2025-05-28 16:48:47,59,0.02
3730,L01,#2,GW252/13600,(2)停机状态,2,2025-05-28 16:46:53,2025-05-28 16:47:48,55,0.02
3731,L01,#2,GW252/13600,(1)停机过程,1,2025-05-28 16:46:22,2025-05-28 16:46:53,31,0.01
3732,L01,#2,GW252/13600,(4)启机状态,4,2025-05-28 16:41:23,2025-05-28 16:46:22,299,0.08
3733,L01,#2,GW252/13600,(3)待机状态,3,2025-05-28 16:40:33,2025-05-28 16:41:23,50,0.01
3734,L01,#2,GW252/13600,(2)停机状态,2,2025-05-28 16:40:30,2025-05-28 16:40:33,3,0
3735,L01,#2,GW252/13600,(1)停机过程,1,2025-05-28 16:39:59,2025-05-28 16:40:30,31,0.01
3736,L01,#2,GW252/13600,(4)启机状态,4,2025-05-28 16:34:59,2025-05-28 16:39:59,300,0.08
3737,L01,#2,GW252/13600,(3)待机状态,3,2025-05-28 16:34:05,2025-05-28 16:34:59,54,0.02
3738,L01,#2,GW252/13600,(2)停机状态,2,2025-05-28 16:34:04,2025-05-28 16:34:05,1,0
3739,L01,#2,GW252/13600,(1)停机过程,1,2025-05-28 16:33:31,2025-05-28 16:34:04,33,0.01
3740,L01,#2,GW252/13600,(4)启机状态,4,2025-05-28 16:28:31,2025-05-28 16:33:31,300,0.08
3741,L01,#2,GW252/13600,(3)待机状态,3,2025-05-28 16:19:41,2025-05-28 16:28:31,530,0.15
3742,L01,#2,GW252/13600,(2)停机状态,2,2025-05-28 15:42:06,2025-05-28 16:19:41,2255,0.63
3743,L01,#2,GW252/13600,(1)停机过程,1,2025-05-28 15:41:08,2025-05-28 15:42:06,58,0.02
3744,L01,#2,GW252/13600,(5)发电状态,5,2025-05-28 14:40:24,2025-05-28 15:41:08,3644,1.01
3745,L01,#2,GW252/13600,(4)启机状态,4,2025-05-28 14:39:48,2025-05-28 14:40:24,36,0.01
3746,L01,#2,GW252/13600,(3)待机状态,3,2025-05-28 14:38:53,2025-05-28 14:39:48,55,0.02
3747,L01,#2,GW252/13600,(2)停机状态,2,2025-05-28 14:38:51,2025-05-28 14:38:53,2,0
3748,L01,#2,GW252/13600,(1)停机过程,1,2025-05-28 14:37:59,2025-05-28 14:38:51,52,0.01
3749,L01,#2,GW252/13600,(5)发电状态,5,2025-05-24 08:41:10,2025-05-28 14:37:59,367009,101.95
3750,L01,#2,GW252/13600,(4)启机状态,4,2025-05-24 08:36:27,2025-05-24 08:41:10,283,0.08
3751,L01,#2,GW252/13600,(3)待机状态,3,2025-05-24 08:35:08,2025-05-24 08:36:27,79,0.02
3752,L01,#2,GW252/13600,(2)停机状态,2,2025-05-24 08:28:23,2025-05-24 08:35:08,405,0.11
3753,L01,#2,GW252/13600,(5)发电状态,5,2025-05-24 08:18:33,2025-05-24 08:28:23,590,0.16
3754,L01,#2,GW252/13600,(3)待机状态,3,2025-05-24 07:36:10,2025-05-24 08:18:33,2543,0.71
3755,L01,#2,GW252/13600,(2)停机状态,2,2025-05-24 06:56:07,2025-05-24 07:36:10,2403,0.67
3756,L01,#2,GW252/13600,(1)停机过程,1,2025-05-24 06:55:10,2025-05-24 06:56:07,57,0.02
3757,L01,#2,GW252/13600,(5)发电状态,5,2025-05-18 17:39:38,2025-05-24 06:55:10,479732,133.26
3758,L01,#2,GW252/13600,(9)维护状态,9,2025-01-01 00:00:00,2025-05-18 17:39:38,11900378,3305.66
