设备状态统计_历史状态明细,Unnamed: 1,Unnamed: 2,Unnamed: 3,Unnamed: 4,Unnamed: 5,Unnamed: 6,Unnamed: 7,Unnamed: 8,Unnamed: 9
  电场:[三峡阳江海路海风场];  设备类型:风机;  设备:[#23];  查询方式:详情;  开始时间:2025-01-01;  结束时间:2025-12-01,,,,,,,,,
序号,馈线名称,设备名称,型号名称,状态,状态码,开始时间,结束时间,持续时间(s),时长描述(h)
1,L15,#23,GW252/13600,(9)维护状态,9,2025-11-29 20:34:51,--,185108,51.42
2,L15,#23,GW252/13600,(2)停机状态,2,2025-11-29 20:31:09,2025-11-29 20:34:51,222,0.06
3,L15,#23,GW252/13600,(1)停机过程,1,2025-11-29 20:30:59,2025-11-29 20:31:09,10,0
4,L15,#23,GW252/13600,(9)维护状态,9,2025-11-28 12:09:01,2025-11-29 20:30:59,116518,32.37
5,L15,#23,GW252/13600,(2)停机状态,2,2025-11-28 12:07:46,2025-11-28 12:09:01,75,0.02
6,L15,#23,GW252/13600,(1)停机过程,1,2025-11-28 12:07:37,2025-11-28 12:07:46,9,0
7,L15,#23,GW252/13600,(9)维护状态,9,2025-11-18 09:16:18,2025-11-28 12:07:37,874279,242.86
8,L15,#23,GW252/13600,(2)停机状态,2,2025-11-18 09:11:34,2025-11-18 09:16:18,284,0.08
9,L15,#23,GW252/13600,(1)停机过程,1,2025-11-18 09:11:24,2025-11-18 09:11:34,10,0
10,L15,#23,GW252/13600,(9)维护状态,9,2025-11-17 19:38:18,2025-11-18 09:11:24,48786,13.55
11,L15,#23,GW252/13600,(2)停机状态,2,2025-11-02 23:53:06,2025-11-17 19:38:18,1280712,355.75
12,L15,#23,GW252/13600,(1)停机过程,1,2025-11-02 23:52:56,2025-11-02 23:53:06,10,0
13,L15,#23,GW252/13600,(9)维护状态,9,2025-11-02 22:13:38,2025-11-02 23:52:56,5958,1.66
14,L15,#23,GW252/13600,(2)停机状态,2,2025-10-31 07:52:24,2025-11-02 22:13:38,224474,62.35
15,L15,#23,GW252/13600,(1)停机过程,1,2025-10-31 07:52:14,2025-10-31 07:52:24,10,0
16,L15,#23,GW252/13600,(9)维护状态,9,2025-10-30 22:55:25,2025-10-31 07:52:14,32209,8.95
17,L15,#23,GW252/13600,(2)停机状态,2,2025-10-28 13:40:05,2025-10-30 22:55:25,206120,57.26
18,L15,#23,GW252/13600,(2)停机状态,2,2025-10-20 13:27:13,2025-10-28 13:40:05,691972,192.21
19,L15,#23,GW252/13600,(1)停机过程,1,2025-10-20 13:27:02,2025-10-20 13:27:13,11,0
20,L15,#23,GW252/13600,(9)维护状态,9,2025-10-20 13:26:27,2025-10-20 13:27:02,35,0.01
21,L15,#23,GW252/13600,(2)停机状态,2,2025-10-20 13:21:59,2025-10-20 13:26:27,268,0.07
22,L15,#23,GW252/13600,(0)初始化,0,2025-10-20 13:20:43,2025-10-20 13:21:59,76,0.02
23,L15,#23,GW252/13600,(9)维护状态,9,2025-10-20 13:18:52,2025-10-20 13:20:43,111,0.03
24,L15,#23,GW252/13600,(2)停机状态,2,2025-10-13 09:49:03,2025-10-20 13:18:52,617389,171.5
25,L15,#23,GW252/13600,(1)停机过程,1,2025-10-13 09:48:53,2025-10-13 09:49:03,10,0
26,L15,#23,GW252/13600,(9)维护状态,9,2025-10-07 11:21:59,2025-10-13 09:48:53,512814,142.45
27,L15,#23,GW252/13600,(2)停机状态,2,2025-10-07 11:10:32,2025-10-07 11:21:59,687,0.19
28,L15,#23,GW252/13600,(1)停机过程,1,2025-10-07 11:10:22,2025-10-07 11:10:32,10,0
29,L15,#23,GW252/13600,(9)维护状态,9,2025-10-07 10:32:14,2025-10-07 11:10:22,2288,0.64
30,L15,#23,GW252/13600,(2)停机状态,2,2025-10-07 10:25:01,2025-10-07 10:32:14,433,0.12
31,L15,#23,GW252/13600,(0)初始化,0,2025-10-07 10:21:52,2025-10-07 10:25:01,189,0.05
32,L15,#23,GW252/13600,(9)维护状态,9,2025-10-06 23:31:51,2025-10-07 10:21:52,39001,10.83
33,L15,#23,GW252/13600,(2)停机状态,2,2025-10-06 18:01:34,2025-10-06 23:31:51,19817,5.5
34,L15,#23,GW252/13600,(1)停机过程,1,2025-10-06 18:01:24,2025-10-06 18:01:34,10,0
35,L15,#23,GW252/13600,(9)维护状态,9,2025-10-06 17:54:15,2025-10-06 18:01:24,429,0.12
36,L15,#23,GW252/13600,(2)停机状态,2,2025-10-05 03:22:51,2025-10-06 17:54:15,138684,38.52
37,L15,#23,GW252/13600,(1)停机过程,1,2025-10-05 03:22:40,2025-10-05 03:22:51,11,0
38,L15,#23,GW252/13600,(9)维护状态,9,2025-10-04 20:41:29,2025-10-05 03:22:40,24071,6.69
39,L15,#23,GW252/13600,(2)停机状态,2,2025-10-04 20:39:47,2025-10-04 20:41:29,102,0.03
40,L15,#23,GW252/13600,(1)停机过程,1,2025-10-04 20:39:37,2025-10-04 20:39:47,10,0
41,L15,#23,GW252/13600,(9)维护状态,9,2025-10-04 16:26:41,2025-10-04 20:39:37,15176,4.22
42,L15,#23,GW252/13600,(2)停机状态,2,2025-10-04 16:05:29,2025-10-04 16:26:41,1272,0.35
43,L15,#23,GW252/13600,(1)停机过程,1,2025-10-04 16:05:18,2025-10-04 16:05:29,11,0
44,L15,#23,GW252/13600,(9)维护状态,9,2025-10-02 14:47:19,2025-10-04 16:05:18,177479,49.3
45,L15,#23,GW252/13600,(9)维护状态,9,2025-09-25 14:29:30,2025-10-02 14:47:19,605869,168.3
46,L15,#23,GW252/13600,(2)停机状态,2,2025-09-23 19:47:11,2025-09-25 14:29:30,153739,42.71
47,L15,#23,GW252/13600,(1)停机过程,1,2025-09-23 19:47:00,2025-09-23 19:47:11,11,0
48,L15,#23,GW252/13600,(9)维护状态,9,2025-09-23 18:15:56,2025-09-23 19:47:00,5464,1.52
49,L15,#23,GW252/13600,(0)初始化,0,2025-09-23 18:12:55,2025-09-23 18:15:56,181,0.05
50,L15,#23,GW252/13600,(9)维护状态,9,2025-09-23 00:06:35,2025-09-23 18:12:55,65180,18.11
51,L15,#23,GW252/13600,(2)停机状态,2,2025-09-22 23:55:31,2025-09-23 00:06:35,664,0.18
52,L15,#23,GW252/13600,(1)停机过程,1,2025-09-22 23:55:22,2025-09-22 23:55:31,9,0
53,L15,#23,GW252/13600,(9)维护状态,9,2025-09-21 09:17:00,2025-09-22 23:55:22,139102,38.64
54,L15,#23,GW252/13600,(2)停机状态,2,2025-09-21 09:05:39,2025-09-21 09:17:00,681,0.19
55,L15,#23,GW252/13600,(1)停机过程,1,2025-09-21 09:05:29,2025-09-21 09:05:39,10,0
56,L15,#23,GW252/13600,(9)维护状态,9,2025-09-20 19:14:14,2025-09-21 09:05:29,49875,13.85
57,L15,#23,GW252/13600,(2)停机状态,2,2025-09-20 19:11:59,2025-09-20 19:14:14,135,0.04
58,L15,#23,GW252/13600,(1)停机过程,1,2025-09-20 19:11:49,2025-09-20 19:11:59,10,0
59,L15,#23,GW252/13600,(9)维护状态,9,2025-09-20 14:46:12,2025-09-20 19:11:49,15937,4.43
60,L15,#23,GW252/13600,(2)停机状态,2,2025-09-20 14:43:10,2025-09-20 14:46:12,182,0.05
61,L15,#23,GW252/13600,(1)停机过程,1,2025-09-20 14:42:59,2025-09-20 14:43:10,11,0
62,L15,#23,GW252/13600,(9)维护状态,9,2025-09-16 21:17:26,2025-09-20 14:42:59,321933,89.43
63,L15,#23,GW252/13600,(2)停机状态,2,2025-09-16 21:16:55,2025-09-16 21:17:26,31,0.01
64,L15,#23,GW252/13600,(0)初始化,0,2025-09-16 21:15:42,2025-09-16 21:16:55,73,0.02
65,L15,#23,GW252/13600,(9)维护状态,9,2025-09-16 19:37:54,2025-09-16 21:15:42,5868,1.63
66,L15,#23,GW252/13600,(2)停机状态,2,2025-09-16 19:30:17,2025-09-16 19:37:54,457,0.13
67,L15,#23,GW252/13600,(1)停机过程,1,2025-09-16 19:30:07,2025-09-16 19:30:17,10,0
68,L15,#23,GW252/13600,(9)维护状态,9,2025-09-16 16:34:23,2025-09-16 19:30:07,10544,2.93
69,L15,#23,GW252/13600,(2)停机状态,2,2025-09-16 16:31:19,2025-09-16 16:34:23,184,0.05
70,L15,#23,GW252/13600,(0)初始化,0,2025-09-16 16:30:03,2025-09-16 16:31:19,76,0.02
71,L15,#23,GW252/13600,(9)维护状态,9,2025-09-16 16:04:38,2025-09-16 16:30:03,1525,0.42
72,L15,#23,GW252/13600,(2)停机状态,2,2025-09-16 16:00:01,2025-09-16 16:04:38,277,0.08
73,L15,#23,GW252/13600,(1)停机过程,1,2025-09-16 15:59:51,2025-09-16 16:00:01,10,0
74,L15,#23,GW252/13600,(9)维护状态,9,2025-09-16 15:56:16,2025-09-16 15:59:51,215,0.06
75,L15,#23,GW252/13600,(2)停机状态,2,2025-09-16 00:00:18,2025-09-16 15:56:16,57358,15.93
76,L15,#23,GW252/13600,(1)停机过程,1,2025-09-15 23:59:27,2025-09-16 00:00:18,51,0.01
77,L15,#23,GW252/13600,(5)发电状态,5,2025-09-15 23:57:15,2025-09-15 23:59:27,132,0.04
78,L15,#23,GW252/13600,(4)启机状态,4,2025-09-15 23:56:33,2025-09-15 23:57:15,42,0.01
79,L15,#23,GW252/13600,(3)待机状态,3,2025-09-15 23:55:54,2025-09-15 23:56:33,39,0.01
80,L15,#23,GW252/13600,(2)停机状态,2,2025-09-15 23:53:45,2025-09-15 23:55:54,129,0.04
81,L15,#23,GW252/13600,(1)停机过程,1,2025-09-15 23:53:35,2025-09-15 23:53:45,10,0
82,L15,#23,GW252/13600,(9)维护状态,9,2025-09-15 23:53:25,2025-09-15 23:53:35,10,0
83,L15,#23,GW252/13600,(2)停机状态,2,2025-09-15 23:49:06,2025-09-15 23:53:25,259,0.07
84,L15,#23,GW252/13600,(1)停机过程,1,2025-09-15 23:48:56,2025-09-15 23:49:06,10,0
85,L15,#23,GW252/13600,(9)维护状态,9,2025-09-15 23:48:25,2025-09-15 23:48:56,31,0.01
86,L15,#23,GW252/13600,(2)停机状态,2,2025-09-15 23:43:40,2025-09-15 23:48:25,285,0.08
87,L15,#23,GW252/13600,(1)停机过程,1,2025-09-15 23:42:49,2025-09-15 23:43:40,51,0.01
88,L15,#23,GW252/13600,(5)发电状态,5,2025-09-15 21:08:16,2025-09-15 23:42:49,9273,2.58
89,L15,#23,GW252/13600,(4)启机状态,4,2025-09-15 21:07:25,2025-09-15 21:08:16,51,0.01
90,L15,#23,GW252/13600,(3)待机状态,3,2025-09-15 21:06:39,2025-09-15 21:07:25,46,0.01
91,L15,#23,GW252/13600,(2)停机状态,2,2025-09-13 21:08:48,2025-09-15 21:06:39,172671,47.96
92,L15,#23,GW252/13600,(1)停机过程,1,2025-09-13 21:07:55,2025-09-13 21:08:48,53,0.01
93,L15,#23,GW252/13600,(5)发电状态,5,2025-09-13 19:32:21,2025-09-13 21:07:55,5734,1.59
94,L15,#23,GW252/13600,(4)启机状态,4,2025-09-13 19:30:19,2025-09-13 19:32:21,122,0.03
95,L15,#23,GW252/13600,(3)待机状态,3,2025-09-13 19:28:59,2025-09-13 19:30:19,80,0.02
96,L15,#23,GW252/13600,(2)停机状态,2,2025-09-13 19:28:58,2025-09-13 19:28:59,1,0
97,L15,#23,GW252/13600,(1)停机过程,1,2025-09-13 19:28:05,2025-09-13 19:28:58,53,0.01
98,L15,#23,GW252/13600,(5)发电状态,5,2025-09-13 18:04:41,2025-09-13 19:28:05,5004,1.39
99,L15,#23,GW252/13600,(4)启机状态,4,2025-09-13 18:03:04,2025-09-13 18:04:41,97,0.03
100,L15,#23,GW252/13600,(3)待机状态,3,2025-09-13 17:52:01,2025-09-13 18:03:04,663,0.18
101,L15,#23,GW252/13600,(2)停机状态,2,2025-09-13 17:15:19,2025-09-13 17:52:01,2202,0.61
102,L15,#23,GW252/13600,(1)停机过程,1,2025-09-13 17:14:27,2025-09-13 17:15:19,52,0.01
103,L15,#23,GW252/13600,(5)发电状态,5,2025-09-13 17:05:57,2025-09-13 17:14:27,510,0.14
104,L15,#23,GW252/13600,(4)启机状态,4,2025-09-13 17:03:26,2025-09-13 17:05:57,151,0.04
105,L15,#23,GW252/13600,(3)待机状态,3,2025-09-13 16:56:50,2025-09-13 17:03:26,396,0.11
106,L15,#23,GW252/13600,(2)停机状态,2,2025-09-13 16:56:45,2025-09-13 16:56:50,5,0
107,L15,#23,GW252/13600,(1)停机过程,1,2025-09-13 16:56:35,2025-09-13 16:56:45,10,0
108,L15,#23,GW252/13600,(9)维护状态,9,2025-09-11 12:15:37,2025-09-13 16:56:35,189658,52.68
109,L15,#23,GW252/13600,(2)停机状态,2,2025-09-09 20:26:15,2025-09-11 12:15:37,143362,39.82
110,L15,#23,GW252/13600,(1)停机过程,1,2025-09-09 20:25:23,2025-09-09 20:26:15,52,0.01
111,L15,#23,GW252/13600,(5)发电状态,5,2025-09-09 20:20:13,2025-09-09 20:25:23,310,0.09
112,L15,#23,GW252/13600,(4)启机状态,4,2025-09-09 20:19:22,2025-09-09 20:20:13,51,0.01
113,L15,#23,GW252/13600,(3)待机状态,3,2025-09-09 20:18:40,2025-09-09 20:19:22,42,0.01
114,L15,#23,GW252/13600,(2)停机状态,2,2025-09-09 19:53:32,2025-09-09 20:18:40,1508,0.42
115,L15,#23,GW252/13600,(1)停机过程,1,2025-09-09 19:52:41,2025-09-09 19:53:32,51,0.01
116,L15,#23,GW252/13600,(5)发电状态,5,2025-09-09 18:39:34,2025-09-09 19:52:41,4387,1.22
117,L15,#23,GW252/13600,(4)启机状态,4,2025-09-09 18:38:42,2025-09-09 18:39:34,52,0.01
118,L15,#23,GW252/13600,(3)待机状态,3,2025-09-09 18:38:00,2025-09-09 18:38:42,42,0.01
119,L15,#23,GW252/13600,(2)停机状态,2,2025-09-09 18:36:37,2025-09-09 18:38:00,83,0.02
120,L15,#23,GW252/13600,(1)停机过程,1,2025-09-09 18:36:27,2025-09-09 18:36:37,10,0
121,L15,#23,GW252/13600,(9)维护状态,9,2025-09-09 16:00:58,2025-09-09 18:36:27,9329,2.59
122,L15,#23,GW252/13600,(2)停机状态,2,2025-09-06 22:12:10,2025-09-09 16:00:58,236928,65.81
123,L15,#23,GW252/13600,(1)停机过程,1,2025-09-06 22:11:38,2025-09-06 22:12:10,32,0.01
124,L15,#23,GW252/13600,(3)待机状态,3,2025-09-06 20:17:40,2025-09-06 22:11:38,6838,1.9
125,L15,#23,GW252/13600,(2)停机状态,2,2025-09-06 20:15:36,2025-09-06 20:17:40,124,0.03
126,L15,#23,GW252/13600,(1)停机过程,1,2025-09-06 20:15:26,2025-09-06 20:15:36,10,0
127,L15,#23,GW252/13600,(9)维护状态,9,2025-09-06 19:30:01,2025-09-06 20:15:26,2725,0.76
128,L15,#23,GW252/13600,(2)停机状态,2,2025-09-04 21:37:41,2025-09-06 19:30:01,165140,45.87
129,L15,#23,GW252/13600,(1)停机过程,1,2025-09-04 21:36:48,2025-09-04 21:37:41,53,0.01
130,L15,#23,GW252/13600,(5)发电状态,5,2025-09-04 19:30:20,2025-09-04 21:36:48,7588,2.11
131,L15,#23,GW252/13600,(4)启机状态,4,2025-09-04 19:27:39,2025-09-04 19:30:20,161,0.04
132,L15,#23,GW252/13600,(3)待机状态,3,2025-09-04 19:24:03,2025-09-04 19:27:39,216,0.06
133,L15,#23,GW252/13600,(2)停机状态,2,2025-09-02 00:03:38,2025-09-04 19:24:03,242425,67.34
134,L15,#23,GW252/13600,(1)停机过程,1,2025-09-02 00:02:45,2025-09-02 00:03:38,53,0.01
135,L15,#23,GW252/13600,(5)发电状态,5,2025-09-01 22:57:31,2025-09-02 00:02:45,3914,1.09
136,L15,#23,GW252/13600,(4)启机状态,4,2025-09-01 22:56:30,2025-09-01 22:57:31,61,0.02
137,L15,#23,GW252/13600,(3)待机状态,3,2025-09-01 22:55:43,2025-09-01 22:56:30,47,0.01
138,L15,#23,GW252/13600,(2)停机状态,2,2025-09-01 22:55:39,2025-09-01 22:55:43,4,0
139,L15,#23,GW252/13600,(1)停机过程,1,2025-09-01 22:55:29,2025-09-01 22:55:39,10,0
140,L15,#23,GW252/13600,(9)维护状态,9,2025-09-01 22:54:36,2025-09-01 22:55:29,53,0.01
141,L15,#23,GW252/13600,(2)停机状态,2,2025-09-01 22:26:51,2025-09-01 22:54:36,1665,0.46
142,L15,#23,GW252/13600,(1)停机过程,1,2025-09-01 22:25:58,2025-09-01 22:26:51,53,0.01
143,L15,#23,GW252/13600,(5)发电状态,5,2025-09-01 21:43:16,2025-09-01 22:25:58,2562,0.71
144,L15,#23,GW252/13600,(4)启机状态,4,2025-09-01 21:42:15,2025-09-01 21:43:16,61,0.02
145,L15,#23,GW252/13600,(3)待机状态,3,2025-09-01 21:41:29,2025-09-01 21:42:15,46,0.01
146,L15,#23,GW252/13600,(2)停机状态,2,2025-08-31 03:55:03,2025-09-01 21:41:29,150386,41.77
147,L15,#23,GW252/13600,(1)停机过程,1,2025-08-31 03:54:53,2025-08-31 03:55:03,10,0
148,L15,#23,GW252/13600,(9)维护状态,9,2025-08-31 03:54:26,2025-08-31 03:54:53,27,0.01
149,L15,#23,GW252/13600,(2)停机状态,2,2025-08-31 03:43:18,2025-08-31 03:54:26,668,0.19
150,L15,#23,GW252/13600,(1)停机过程,1,2025-08-31 03:43:13,2025-08-31 03:43:18,5,0
151,L15,#23,GW252/13600,(9)维护状态,9,2025-08-31 03:39:56,2025-08-31 03:43:13,197,0.05
152,L15,#23,GW252/13600,(2)停机状态,2,2025-08-30 18:33:35,2025-08-31 03:39:56,32781,9.11
153,L15,#23,GW252/13600,(1)停机过程,1,2025-08-30 18:32:43,2025-08-30 18:33:35,52,0.01
154,L15,#23,GW252/13600,(5)发电状态,5,2025-08-30 17:31:12,2025-08-30 18:32:43,3691,1.03
155,L15,#23,GW252/13600,(4)启机状态,4,2025-08-30 17:29:58,2025-08-30 17:31:12,74,0.02
156,L15,#23,GW252/13600,(3)待机状态,3,2025-08-30 17:29:12,2025-08-30 17:29:58,46,0.01
157,L15,#23,GW252/13600,(2)停机状态,2,2025-08-30 17:25:52,2025-08-30 17:29:12,200,0.06
158,L15,#23,GW252/13600,(1)停机过程,1,2025-08-30 17:25:41,2025-08-30 17:25:52,11,0
159,L15,#23,GW252/13600,(9)维护状态,9,2025-08-30 15:14:04,2025-08-30 17:25:41,7897,2.19
160,L15,#23,GW252/13600,(2)停机状态,2,2025-08-26 10:47:26,2025-08-30 15:14:04,361598,100.44
161,L15,#23,GW252/13600,(1)停机过程,1,2025-08-26 10:46:34,2025-08-26 10:47:26,52,0.01
162,L15,#23,GW252/13600,(5)发电状态,5,2025-08-26 08:51:31,2025-08-26 10:46:34,6903,1.92
163,L15,#23,GW252/13600,(4)启机状态,4,2025-08-26 08:50:27,2025-08-26 08:51:31,64,0.02
164,L15,#23,GW252/13600,(3)待机状态,3,2025-08-26 08:49:42,2025-08-26 08:50:27,45,0.01
165,L15,#23,GW252/13600,(2)停机状态,2,2025-08-23 05:01:35,2025-08-26 08:49:42,272887,75.8
166,L15,#23,GW252/13600,(1)停机过程,1,2025-08-23 05:01:25,2025-08-23 05:01:35,10,0
167,L15,#23,GW252/13600,(9)维护状态,9,2025-08-23 05:00:43,2025-08-23 05:01:25,42,0.01
168,L15,#23,GW252/13600,(2)停机状态,2,2025-08-23 04:58:42,2025-08-23 05:00:43,121,0.03
169,L15,#23,GW252/13600,(1)停机过程,1,2025-08-23 04:58:37,2025-08-23 04:58:42,5,0
170,L15,#23,GW252/13600,(9)维护状态,9,2025-08-23 04:55:19,2025-08-23 04:58:37,198,0.06
171,L15,#23,GW252/13600,(2)停机状态,2,2025-08-22 16:30:13,2025-08-23 04:55:19,44706,12.42
172,L15,#23,GW252/13600,(1)停机过程,1,2025-08-22 16:29:42,2025-08-22 16:30:13,31,0.01
173,L15,#23,GW252/13600,(3)待机状态,3,2025-08-22 16:29:03,2025-08-22 16:29:42,39,0.01
174,L15,#23,GW252/13600,(2)停机状态,2,2025-08-22 16:23:26,2025-08-22 16:29:03,337,0.09
175,L15,#23,GW252/13600,(1)停机过程,1,2025-08-22 16:22:55,2025-08-22 16:23:26,31,0.01
176,L15,#23,GW252/13600,(4)启机状态,4,2025-08-22 16:17:55,2025-08-22 16:22:55,300,0.08
177,L15,#23,GW252/13600,(3)待机状态,3,2025-08-22 16:16:28,2025-08-22 16:17:55,87,0.02
178,L15,#23,GW252/13600,(2)停机状态,2,2025-08-22 15:39:38,2025-08-22 16:16:28,2210,0.61
179,L15,#23,GW252/13600,(1)停机过程,1,2025-08-22 15:39:06,2025-08-22 15:39:38,32,0.01
180,L15,#23,GW252/13600,(4)启机状态,4,2025-08-22 15:34:07,2025-08-22 15:39:06,299,0.08
181,L15,#23,GW252/13600,(3)待机状态,3,2025-08-22 15:32:07,2025-08-22 15:34:07,120,0.03
182,L15,#23,GW252/13600,(2)停机状态,2,2025-08-22 15:30:20,2025-08-22 15:32:07,107,0.03
183,L15,#23,GW252/13600,(1)停机过程,1,2025-08-22 15:29:48,2025-08-22 15:30:20,32,0.01
184,L15,#23,GW252/13600,(4)启机状态,4,2025-08-22 15:24:48,2025-08-22 15:29:48,300,0.08
185,L15,#23,GW252/13600,(3)待机状态,3,2025-08-22 15:23:13,2025-08-22 15:24:48,95,0.03
186,L15,#23,GW252/13600,(2)停机状态,2,2025-08-22 15:21:24,2025-08-22 15:23:13,109,0.03
187,L15,#23,GW252/13600,(1)停机过程,1,2025-08-22 15:20:53,2025-08-22 15:21:24,31,0.01
188,L15,#23,GW252/13600,(4)启机状态,4,2025-08-22 15:15:53,2025-08-22 15:20:53,300,0.08
189,L15,#23,GW252/13600,(3)待机状态,3,2025-08-22 14:01:56,2025-08-22 15:15:53,4437,1.23
190,L15,#23,GW252/13600,(2)停机状态,2,2025-08-19 17:44:12,2025-08-22 14:01:56,245864,68.3
191,L15,#23,GW252/13600,(1)停机过程,1,2025-08-19 17:43:18,2025-08-19 17:44:12,54,0.02
192,L15,#23,GW252/13600,(5)发电状态,5,2025-08-19 16:36:13,2025-08-19 17:43:18,4025,1.12
193,L15,#23,GW252/13600,(4)启机状态,4,2025-08-19 16:35:06,2025-08-19 16:36:13,67,0.02
194,L15,#23,GW252/13600,(3)待机状态,3,2025-08-19 16:34:24,2025-08-19 16:35:06,42,0.01
195,L15,#23,GW252/13600,(2)停机状态,2,2025-08-19 16:34:22,2025-08-19 16:34:24,2,0
196,L15,#23,GW252/13600,(1)停机过程,1,2025-08-19 16:34:12,2025-08-19 16:34:22,10,0
197,L15,#23,GW252/13600,(9)维护状态,9,2025-08-19 16:31:43,2025-08-19 16:34:12,149,0.04
198,L15,#23,GW252/13600,(2)停机状态,2,2025-08-19 14:09:23,2025-08-19 16:31:43,8540,2.37
199,L15,#23,GW252/13600,(1)停机过程,1,2025-08-19 14:08:29,2025-08-19 14:09:23,54,0.02
200,L15,#23,GW252/13600,(5)发电状态,5,2025-08-19 13:43:28,2025-08-19 14:08:29,1501,0.42
201,L15,#23,GW252/13600,(4)启机状态,4,2025-08-19 13:42:32,2025-08-19 13:43:28,56,0.02
202,L15,#23,GW252/13600,(3)待机状态,3,2025-08-19 13:41:49,2025-08-19 13:42:32,43,0.01
203,L15,#23,GW252/13600,(2)停机状态,2,2025-08-15 16:15:17,2025-08-19 13:41:49,336392,93.44
204,L15,#23,GW252/13600,(1)停机过程,1,2025-08-15 16:14:24,2025-08-15 16:15:17,53,0.01
205,L15,#23,GW252/13600,(5)发电状态,5,2025-08-15 15:22:40,2025-08-15 16:14:24,3104,0.86
206,L15,#23,GW252/13600,(4)启机状态,4,2025-08-15 15:17:47,2025-08-15 15:22:40,293,0.08
207,L15,#23,GW252/13600,(3)待机状态,3,2025-08-15 15:16:54,2025-08-15 15:17:47,53,0.01
208,L15,#23,GW252/13600,(2)停机状态,2,2025-08-15 15:16:53,2025-08-15 15:16:54,1,0
209,L15,#23,GW252/13600,(1)停机过程,1,2025-08-15 15:16:22,2025-08-15 15:16:53,31,0.01
210,L15,#23,GW252/13600,(4)启机状态,4,2025-08-15 15:11:22,2025-08-15 15:16:22,300,0.08
211,L15,#23,GW252/13600,(3)待机状态,3,2025-08-15 15:10:30,2025-08-15 15:11:22,52,0.01
212,L15,#23,GW252/13600,(2)停机状态,2,2025-08-15 15:10:29,2025-08-15 15:10:30,1,0
213,L15,#23,GW252/13600,(1)停机过程,1,2025-08-15 15:09:58,2025-08-15 15:10:29,31,0.01
214,L15,#23,GW252/13600,(4)启机状态,4,2025-08-15 15:04:58,2025-08-15 15:09:58,300,0.08
215,L15,#23,GW252/13600,(3)待机状态,3,2025-08-15 15:04:07,2025-08-15 15:04:58,51,0.01
216,L15,#23,GW252/13600,(2)停机状态,2,2025-08-15 15:04:05,2025-08-15 15:04:07,2,0
217,L15,#23,GW252/13600,(1)停机过程,1,2025-08-15 15:03:13,2025-08-15 15:04:05,52,0.01
218,L15,#23,GW252/13600,(4)启机状态,4,2025-08-15 14:58:13,2025-08-15 15:03:13,300,0.08
219,L15,#23,GW252/13600,(3)待机状态,3,2025-08-15 14:57:19,2025-08-15 14:58:13,54,0.02
220,L15,#23,GW252/13600,(2)停机状态,2,2025-08-15 14:57:18,2025-08-15 14:57:19,1,0
221,L15,#23,GW252/13600,(1)停机过程,1,2025-08-15 14:56:47,2025-08-15 14:57:18,31,0.01
222,L15,#23,GW252/13600,(4)启机状态,4,2025-08-15 14:51:47,2025-08-15 14:56:47,300,0.08
223,L15,#23,GW252/13600,(3)待机状态,3,2025-08-15 14:50:51,2025-08-15 14:51:47,56,0.02
224,L15,#23,GW252/13600,(2)停机状态,2,2025-08-15 14:50:49,2025-08-15 14:50:51,2,0
225,L15,#23,GW252/13600,(1)停机过程,1,2025-08-15 14:50:16,2025-08-15 14:50:49,33,0.01
226,L15,#23,GW252/13600,(4)启机状态,4,2025-08-15 14:45:16,2025-08-15 14:50:16,300,0.08
227,L15,#23,GW252/13600,(3)待机状态,3,2025-08-15 14:43:30,2025-08-15 14:45:16,106,0.03
228,L15,#23,GW252/13600,(2)停机状态,2,2025-08-15 14:06:51,2025-08-15 14:43:30,2199,0.61
229,L15,#23,GW252/13600,(1)停机过程,1,2025-08-15 14:05:58,2025-08-15 14:06:51,53,0.01
230,L15,#23,GW252/13600,(5)发电状态,5,2025-08-15 13:57:56,2025-08-15 14:05:58,482,0.13
231,L15,#23,GW252/13600,(4)启机状态,4,2025-08-15 13:57:10,2025-08-15 13:57:56,46,0.01
232,L15,#23,GW252/13600,(3)待机状态,3,2025-08-15 13:56:34,2025-08-15 13:57:10,36,0.01
233,L15,#23,GW252/13600,(2)停机状态,2,2025-08-13 12:48:37,2025-08-15 13:56:34,176877,49.13
234,L15,#23,GW252/13600,(1)停机过程,1,2025-08-13 12:47:45,2025-08-13 12:48:37,52,0.01
235,L15,#23,GW252/13600,(5)发电状态,5,2025-08-13 11:38:32,2025-08-13 12:47:45,4153,1.15
236,L15,#23,GW252/13600,(4)启机状态,4,2025-08-13 11:34:53,2025-08-13 11:38:32,219,0.06
237,L15,#23,GW252/13600,(3)待机状态,3,2025-08-13 11:33:58,2025-08-13 11:34:53,55,0.02
238,L15,#23,GW252/13600,(2)停机状态,2,2025-08-13 11:33:57,2025-08-13 11:33:58,1,0
239,L15,#23,GW252/13600,(1)停机过程,1,2025-08-13 11:33:27,2025-08-13 11:33:57,30,0.01
240,L15,#23,GW252/13600,(4)启机状态,4,2025-08-13 11:28:27,2025-08-13 11:33:27,300,0.08
241,L15,#23,GW252/13600,(3)待机状态,3,2025-08-13 11:27:28,2025-08-13 11:28:27,59,0.02
242,L15,#23,GW252/13600,(2)停机状态,2,2025-08-13 11:27:27,2025-08-13 11:27:28,1,0
243,L15,#23,GW252/13600,(1)停机过程,1,2025-08-13 11:26:57,2025-08-13 11:27:27,30,0.01
244,L15,#23,GW252/13600,(4)启机状态,4,2025-08-13 11:21:57,2025-08-13 11:26:57,300,0.08
245,L15,#23,GW252/13600,(3)待机状态,3,2025-08-13 11:20:29,2025-08-13 11:21:57,88,0.02
246,L15,#23,GW252/13600,(2)停机状态,2,2025-08-13 11:19:46,2025-08-13 11:20:29,43,0.01
247,L15,#23,GW252/13600,(1)停机过程,1,2025-08-13 11:19:14,2025-08-13 11:19:46,32,0.01
248,L15,#23,GW252/13600,(4)启机状态,4,2025-08-13 11:14:14,2025-08-13 11:19:14,300,0.08
249,L15,#23,GW252/13600,(3)待机状态,3,2025-08-13 11:13:15,2025-08-13 11:14:14,59,0.02
250,L15,#23,GW252/13600,(2)停机状态,2,2025-08-13 11:13:13,2025-08-13 11:13:15,2,0
251,L15,#23,GW252/13600,(1)停机过程,1,2025-08-13 11:12:43,2025-08-13 11:13:13,30,0.01
252,L15,#23,GW252/13600,(4)启机状态,4,2025-08-13 11:07:41,2025-08-13 11:12:43,302,0.08
253,L15,#23,GW252/13600,(3)待机状态,3,2025-08-13 11:06:23,2025-08-13 11:07:41,78,0.02
254,L15,#23,GW252/13600,(1)停机过程,1,2025-08-13 11:05:51,2025-08-13 11:06:23,32,0.01
255,L15,#23,GW252/13600,(4)启机状态,4,2025-08-13 11:00:51,2025-08-13 11:05:51,300,0.08
256,L15,#23,GW252/13600,(3)待机状态,3,2025-08-13 10:59:47,2025-08-13 11:00:51,64,0.02
257,L15,#23,GW252/13600,(2)停机状态,2,2025-08-13 10:59:44,2025-08-13 10:59:47,3,0
258,L15,#23,GW252/13600,(1)停机过程,1,2025-08-13 10:59:14,2025-08-13 10:59:44,30,0.01
259,L15,#23,GW252/13600,(4)启机状态,4,2025-08-13 10:54:14,2025-08-13 10:59:14,300,0.08
260,L15,#23,GW252/13600,(3)待机状态,3,2025-08-13 10:53:17,2025-08-13 10:54:14,57,0.02
261,L15,#23,GW252/13600,(2)停机状态,2,2025-08-13 10:53:15,2025-08-13 10:53:17,2,0
262,L15,#23,GW252/13600,(1)停机过程,1,2025-08-13 10:52:43,2025-08-13 10:53:15,32,0.01
263,L15,#23,GW252/13600,(4)启机状态,4,2025-08-13 10:47:43,2025-08-13 10:52:43,300,0.08
264,L15,#23,GW252/13600,(3)待机状态,3,2025-08-13 10:46:38,2025-08-13 10:47:43,65,0.02
265,L15,#23,GW252/13600,(2)停机状态,2,2025-08-13 10:46:36,2025-08-13 10:46:38,2,0
266,L15,#23,GW252/13600,(1)停机过程,1,2025-08-13 10:46:06,2025-08-13 10:46:36,30,0.01
267,L15,#23,GW252/13600,(4)启机状态,4,2025-08-13 10:41:06,2025-08-13 10:46:06,300,0.08
268,L15,#23,GW252/13600,(3)待机状态,3,2025-08-13 10:40:00,2025-08-13 10:41:06,66,0.02
269,L15,#23,GW252/13600,(1)停机过程,1,2025-08-13 10:39:28,2025-08-13 10:40:00,32,0.01
270,L15,#23,GW252/13600,(4)启机状态,4,2025-08-13 10:34:27,2025-08-13 10:39:28,301,0.08
271,L15,#23,GW252/13600,(3)待机状态,3,2025-08-13 10:32:00,2025-08-13 10:34:27,147,0.04
272,L15,#23,GW252/13600,(2)停机状态,2,2025-08-13 10:31:58,2025-08-13 10:32:00,2,0
273,L15,#23,GW252/13600,(1)停机过程,1,2025-08-13 10:31:27,2025-08-13 10:31:58,31,0.01
274,L15,#23,GW252/13600,(4)启机状态,4,2025-08-13 10:26:27,2025-08-13 10:31:27,300,0.08
275,L15,#23,GW252/13600,(3)待机状态,3,2025-08-13 10:25:23,2025-08-13 10:26:27,64,0.02
276,L15,#23,GW252/13600,(2)停机状态,2,2025-08-13 10:25:22,2025-08-13 10:25:23,1,0
277,L15,#23,GW252/13600,(1)停机过程,1,2025-08-13 10:24:49,2025-08-13 10:25:22,33,0.01
278,L15,#23,GW252/13600,(4)启机状态,4,2025-08-13 10:19:50,2025-08-13 10:24:49,299,0.08
279,L15,#23,GW252/13600,(3)待机状态,3,2025-08-13 10:18:46,2025-08-13 10:19:50,64,0.02
280,L15,#23,GW252/13600,(2)停机状态,2,2025-08-13 10:18:45,2025-08-13 10:18:46,1,0
281,L15,#23,GW252/13600,(1)停机过程,1,2025-08-13 10:18:15,2025-08-13 10:18:45,30,0.01
282,L15,#23,GW252/13600,(4)启机状态,4,2025-08-13 10:13:15,2025-08-13 10:18:15,300,0.08
283,L15,#23,GW252/13600,(3)待机状态,3,2025-08-13 10:12:16,2025-08-13 10:13:15,59,0.02
284,L15,#23,GW252/13600,(2)停机状态,2,2025-08-11 10:05:14,2025-08-13 10:12:16,173222,48.12
285,L15,#23,GW252/13600,(1)停机过程,1,2025-08-11 10:04:22,2025-08-11 10:05:14,52,0.01
286,L15,#23,GW252/13600,(5)发电状态,5,2025-08-11 09:06:52,2025-08-11 10:04:22,3450,0.96
287,L15,#23,GW252/13600,(4)启机状态,4,2025-08-11 09:03:37,2025-08-11 09:06:52,195,0.05
288,L15,#23,GW252/13600,(3)待机状态,3,2025-08-11 09:02:45,2025-08-11 09:03:37,52,0.01
289,L15,#23,GW252/13600,(2)停机状态,2,2025-08-11 08:26:05,2025-08-11 09:02:45,2200,0.61
290,L15,#23,GW252/13600,(1)停机过程,1,2025-08-11 08:25:33,2025-08-11 08:26:05,32,0.01
291,L15,#23,GW252/13600,(4)启机状态,4,2025-08-11 08:20:34,2025-08-11 08:25:33,299,0.08
292,L15,#23,GW252/13600,(3)待机状态,3,2025-08-11 08:11:38,2025-08-11 08:20:34,536,0.15
293,L15,#23,GW252/13600,(2)停机状态,2,2025-08-11 08:11:37,2025-08-11 08:11:38,1,0
294,L15,#23,GW252/13600,(1)停机过程,1,2025-08-11 08:11:27,2025-08-11 08:11:37,10,0
295,L15,#23,GW252/13600,(9)维护状态,9,2025-08-10 08:44:16,2025-08-11 08:11:27,84431,23.45
296,L15,#23,GW252/13600,(2)停机状态,2,2025-08-09 01:45:28,2025-08-10 08:44:16,111528,30.98
297,L15,#23,GW252/13600,(1)停机过程,1,2025-08-09 01:44:37,2025-08-09 01:45:28,51,0.01
298,L15,#23,GW252/13600,(5)发电状态,5,2025-08-08 23:56:51,2025-08-09 01:44:37,6466,1.8
299,L15,#23,GW252/13600,(4)启机状态,4,2025-08-08 23:55:28,2025-08-08 23:56:51,83,0.02
300,L15,#23,GW252/13600,(3)待机状态,3,2025-08-08 23:54:41,2025-08-08 23:55:28,47,0.01
301,L15,#23,GW252/13600,(2)停机状态,2,2025-08-08 23:54:39,2025-08-08 23:54:41,2,0
302,L15,#23,GW252/13600,(1)停机过程,1,2025-08-08 23:54:29,2025-08-08 23:54:39,10,0
303,L15,#23,GW252/13600,(9)维护状态,9,2025-08-08 12:20:55,2025-08-08 23:54:29,41614,11.56
304,L15,#23,GW252/13600,(2)停机状态,2,2025-08-08 12:11:05,2025-08-08 12:20:55,590,0.16
305,L15,#23,GW252/13600,(0)初始化,0,2025-08-08 12:09:50,2025-08-08 12:11:05,75,0.02
306,L15,#23,GW252/13600,(9)维护状态,9,2025-08-08 01:49:43,2025-08-08 12:09:50,37207,10.34
307,L15,#23,GW252/13600,(2)停机状态,2,2025-08-08 01:49:26,2025-08-08 01:49:43,17,0
308,L15,#23,GW252/13600,(1)停机过程,1,2025-08-08 01:49:16,2025-08-08 01:49:26,10,0
309,L15,#23,GW252/13600,(9)维护状态,9,2025-08-08 01:45:25,2025-08-08 01:49:16,231,0.06
310,L15,#23,GW252/13600,(2)停机状态,2,2025-08-08 01:32:33,2025-08-08 01:45:25,772,0.21
311,L15,#23,GW252/13600,(0)初始化,0,2025-08-08 01:31:14,2025-08-08 01:32:33,79,0.02
312,L15,#23,GW252/13600,(2)停机状态,2,2025-08-08 00:52:12,2025-08-08 01:31:14,2342,0.65
313,L15,#23,GW252/13600,(1)停机过程,1,2025-08-08 00:52:02,2025-08-08 00:52:12,10,0
314,L15,#23,GW252/13600,(9)维护状态,9,2025-08-08 00:51:05,2025-08-08 00:52:02,57,0.02
315,L15,#23,GW252/13600,(2)停机状态,2,2025-08-08 00:46:36,2025-08-08 00:51:05,269,0.07
316,L15,#23,GW252/13600,(1)停机过程,1,2025-08-08 00:46:32,2025-08-08 00:46:36,4,0
317,L15,#23,GW252/13600,(9)维护状态,9,2025-08-08 00:43:11,2025-08-08 00:46:32,201,0.06
318,L15,#23,GW252/13600,(2)停机状态,2,2025-08-06 23:35:08,2025-08-08 00:43:11,90483,25.13
319,L15,#23,GW252/13600,(1)停机过程,1,2025-08-06 23:34:14,2025-08-06 23:35:08,54,0.02
320,L15,#23,GW252/13600,(5)发电状态,5,2025-08-06 21:20:53,2025-08-06 23:34:14,8001,2.22
321,L15,#23,GW252/13600,(4)启机状态,4,2025-08-06 21:20:13,2025-08-06 21:20:53,40,0.01
322,L15,#23,GW252/13600,(3)待机状态,3,2025-08-06 21:19:38,2025-08-06 21:20:13,35,0.01
323,L15,#23,GW252/13600,(2)停机状态,2,2025-08-04 11:08:51,2025-08-06 21:19:38,209447,58.18
324,L15,#23,GW252/13600,(1)停机过程,1,2025-08-04 11:08:19,2025-08-04 11:08:51,32,0.01
325,L15,#23,GW252/13600,(3)待机状态,3,2025-08-04 11:07:50,2025-08-04 11:08:19,29,0.01
326,L15,#23,GW252/13600,(2)停机状态,2,2025-08-03 13:36:01,2025-08-04 11:07:50,77509,21.53
327,L15,#23,GW252/13600,(1)停机过程,1,2025-08-03 13:35:51,2025-08-03 13:36:01,10,0
328,L15,#23,GW252/13600,(9)维护状态,9,2025-08-03 06:13:16,2025-08-03 13:35:51,26555,7.38
329,L15,#23,GW252/13600,(2)停机状态,2,2025-08-03 06:08:48,2025-08-03 06:13:16,268,0.07
330,L15,#23,GW252/13600,(1)停机过程,1,2025-08-03 06:08:43,2025-08-03 06:08:48,5,0
331,L15,#23,GW252/13600,(9)维护状态,9,2025-07-28 14:15:30,2025-08-03 06:08:43,489193,135.89
332,L15,#23,GW252/13600,(2)停机状态,2,2025-07-27 14:05:51,2025-07-28 14:15:30,86979,24.16
333,L15,#23,GW252/13600,(1)停机过程,1,2025-07-27 14:05:46,2025-07-27 14:05:51,5,0
334,L15,#23,GW252/13600,(9)维护状态,9,2025-07-25 08:02:05,2025-07-27 14:05:46,194621,54.06
335,L15,#23,GW252/13600,(2)停机状态,2,2025-07-23 18:43:30,2025-07-25 08:02:05,134315,37.31
336,L15,#23,GW252/13600,(1)停机过程,1,2025-07-23 18:42:35,2025-07-23 18:43:30,55,0.02
337,L15,#23,GW252/13600,(5)发电状态,5,2025-07-23 15:54:01,2025-07-23 18:42:35,10114,2.81
338,L15,#23,GW252/13600,(4)启机状态,4,2025-07-23 15:53:10,2025-07-23 15:54:01,51,0.01
339,L15,#23,GW252/13600,(3)待机状态,3,2025-07-23 15:52:30,2025-07-23 15:53:10,40,0.01
340,L15,#23,GW252/13600,(2)停机状态,2,2025-07-21 16:10:48,2025-07-23 15:52:30,171702,47.7
341,L15,#23,GW252/13600,(1)停机过程,1,2025-07-21 16:09:56,2025-07-21 16:10:48,52,0.01
342,L15,#23,GW252/13600,(5)发电状态,5,2025-07-21 14:01:03,2025-07-21 16:09:56,7733,2.15
343,L15,#23,GW252/13600,(4)启机状态,4,2025-07-21 14:00:18,2025-07-21 14:01:03,45,0.01
344,L15,#23,GW252/13600,(3)待机状态,3,2025-07-21 13:59:39,2025-07-21 14:00:18,39,0.01
345,L15,#23,GW252/13600,(2)停机状态,2,2025-07-20 18:56:13,2025-07-21 13:59:39,68606,19.06
346,L15,#23,GW252/13600,(1)停机过程,1,2025-07-20 18:56:04,2025-07-20 18:56:13,9,0
347,L15,#23,GW252/13600,(9)维护状态,9,2025-07-20 18:56:00,2025-07-20 18:56:04,4,0
348,L15,#23,GW252/13600,(2)停机状态,2,2025-07-18 20:10:03,2025-07-20 18:56:00,168357,46.77
349,L15,#23,GW252/13600,(1)停机过程,1,2025-07-18 20:09:08,2025-07-18 20:10:03,55,0.02
350,L15,#23,GW252/13600,(5)发电状态,5,2025-07-18 19:14:48,2025-07-18 20:09:08,3260,0.91
351,L15,#23,GW252/13600,(4)启机状态,4,2025-07-18 19:10:14,2025-07-18 19:14:48,274,0.08
352,L15,#23,GW252/13600,(3)待机状态,3,2025-07-18 19:09:21,2025-07-18 19:10:14,53,0.01
353,L15,#23,GW252/13600,(2)停机状态,2,2025-07-18 19:09:19,2025-07-18 19:09:21,2,0
354,L15,#23,GW252/13600,(1)停机过程,1,2025-07-18 19:08:44,2025-07-18 19:09:19,35,0.01
355,L15,#23,GW252/13600,(4)启机状态,4,2025-07-18 19:03:45,2025-07-18 19:08:44,299,0.08
356,L15,#23,GW252/13600,(3)待机状态,3,2025-07-18 19:03:24,2025-07-18 19:03:45,21,0.01
357,L15,#23,GW252/13600,(2)停机状态,2,2025-07-18 19:03:19,2025-07-18 19:03:24,5,0
358,L15,#23,GW252/13600,(1)停机过程,1,2025-07-18 19:02:24,2025-07-18 19:03:19,55,0.02
359,L15,#23,GW252/13600,(5)发电状态,5,2025-07-18 18:27:17,2025-07-18 19:02:24,2107,0.59
360,L15,#23,GW252/13600,(4)启机状态,4,2025-07-18 18:23:42,2025-07-18 18:27:17,215,0.06
361,L15,#23,GW252/13600,(3)待机状态,3,2025-07-18 18:23:00,2025-07-18 18:23:42,42,0.01
362,L15,#23,GW252/13600,(2)停机状态,2,2025-07-18 18:22:59,2025-07-18 18:23:00,1,0
363,L15,#23,GW252/13600,(1)停机过程,1,2025-07-18 18:22:04,2025-07-18 18:22:59,55,0.02
364,L15,#23,GW252/13600,(4)启机状态,4,2025-07-18 18:17:04,2025-07-18 18:22:04,300,0.08
365,L15,#23,GW252/13600,(3)待机状态,3,2025-07-18 18:16:10,2025-07-18 18:17:04,54,0.02
366,L15,#23,GW252/13600,(2)停机状态,2,2025-07-18 18:16:08,2025-07-18 18:16:10,2,0
367,L15,#23,GW252/13600,(1)停机过程,1,2025-07-18 18:15:37,2025-07-18 18:16:08,31,0.01
368,L15,#23,GW252/13600,(4)启机状态,4,2025-07-18 18:10:36,2025-07-18 18:15:37,301,0.08
369,L15,#23,GW252/13600,(3)待机状态,3,2025-07-18 18:09:21,2025-07-18 18:10:36,75,0.02
370,L15,#23,GW252/13600,(2)停机状态,2,2025-07-16 18:06:32,2025-07-18 18:09:21,172969,48.05
371,L15,#23,GW252/13600,(1)停机过程,1,2025-07-16 18:06:01,2025-07-16 18:06:32,31,0.01
372,L15,#23,GW252/13600,(4)启机状态,4,2025-07-16 18:03:19,2025-07-16 18:06:01,162,0.05
373,L15,#23,GW252/13600,(3)待机状态,3,2025-07-16 18:02:18,2025-07-16 18:03:19,61,0.02
374,L15,#23,GW252/13600,(1)停机过程,1,2025-07-16 18:01:45,2025-07-16 18:02:18,33,0.01
375,L15,#23,GW252/13600,(4)启机状态,4,2025-07-16 17:56:44,2025-07-16 18:01:45,301,0.08
376,L15,#23,GW252/13600,(3)待机状态,3,2025-07-16 17:55:46,2025-07-16 17:56:44,58,0.02
377,L15,#23,GW252/13600,(2)停机状态,2,2025-07-16 17:55:44,2025-07-16 17:55:46,2,0
378,L15,#23,GW252/13600,(1)停机过程,1,2025-07-16 17:55:15,2025-07-16 17:55:44,29,0.01
379,L15,#23,GW252/13600,(4)启机状态,4,2025-07-16 17:50:14,2025-07-16 17:55:15,301,0.08
380,L15,#23,GW252/13600,(3)待机状态,3,2025-07-16 17:49:06,2025-07-16 17:50:14,68,0.02
381,L15,#23,GW252/13600,(2)停机状态,2,2025-07-16 17:49:05,2025-07-16 17:49:06,1,0
382,L15,#23,GW252/13600,(1)停机过程,1,2025-07-16 17:48:32,2025-07-16 17:49:05,33,0.01
383,L15,#23,GW252/13600,(4)启机状态,4,2025-07-16 17:43:32,2025-07-16 17:48:32,300,0.08
384,L15,#23,GW252/13600,(3)待机状态,3,2025-07-16 17:42:40,2025-07-16 17:43:32,52,0.01
385,L15,#23,GW252/13600,(2)停机状态,2,2025-07-16 17:42:38,2025-07-16 17:42:40,2,0
386,L15,#23,GW252/13600,(1)停机过程,1,2025-07-16 17:42:06,2025-07-16 17:42:38,32,0.01
387,L15,#23,GW252/13600,(4)启机状态,4,2025-07-16 17:37:07,2025-07-16 17:42:06,299,0.08
388,L15,#23,GW252/13600,(3)待机状态,3,2025-07-16 17:36:09,2025-07-16 17:37:07,58,0.02
389,L15,#23,GW252/13600,(2)停机状态,2,2025-07-16 17:35:17,2025-07-16 17:36:09,52,0.01
390,L15,#23,GW252/13600,(1)停机过程,1,2025-07-16 17:34:46,2025-07-16 17:35:17,31,0.01
391,L15,#23,GW252/13600,(4)启机状态,4,2025-07-16 17:29:47,2025-07-16 17:34:46,299,0.08
392,L15,#23,GW252/13600,(3)待机状态,3,2025-07-16 17:28:49,2025-07-16 17:29:47,58,0.02
393,L15,#23,GW252/13600,(2)停机状态,2,2025-07-16 17:28:48,2025-07-16 17:28:49,1,0
394,L15,#23,GW252/13600,(1)停机过程,1,2025-07-16 17:28:17,2025-07-16 17:28:48,31,0.01
395,L15,#23,GW252/13600,(4)启机状态,4,2025-07-16 17:23:16,2025-07-16 17:28:17,301,0.08
396,L15,#23,GW252/13600,(3)待机状态,3,2025-07-16 17:21:59,2025-07-16 17:23:16,77,0.02
397,L15,#23,GW252/13600,(2)停机状态,2,2025-07-16 17:21:57,2025-07-16 17:21:59,2,0
398,L15,#23,GW252/13600,(1)停机过程,1,2025-07-16 17:21:26,2025-07-16 17:21:57,31,0.01
399,L15,#23,GW252/13600,(4)启机状态,4,2025-07-16 17:16:27,2025-07-16 17:21:26,299,0.08
400,L15,#23,GW252/13600,(3)待机状态,3,2025-07-16 17:15:10,2025-07-16 17:16:27,77,0.02
401,L15,#23,GW252/13600,(2)停机状态,2,2025-07-16 17:15:09,2025-07-16 17:15:10,1,0
402,L15,#23,GW252/13600,(1)停机过程,1,2025-07-16 17:14:37,2025-07-16 17:15:09,32,0.01
403,L15,#23,GW252/13600,(4)启机状态,4,2025-07-16 17:09:36,2025-07-16 17:14:37,301,0.08
404,L15,#23,GW252/13600,(3)待机状态,3,2025-07-16 17:08:22,2025-07-16 17:09:36,74,0.02
405,L15,#23,GW252/13600,(2)停机状态,2,2025-07-16 17:08:20,2025-07-16 17:08:22,2,0
406,L15,#23,GW252/13600,(1)停机过程,1,2025-07-16 17:07:50,2025-07-16 17:08:20,30,0.01
407,L15,#23,GW252/13600,(4)启机状态,4,2025-07-16 17:02:50,2025-07-16 17:07:50,300,0.08
408,L15,#23,GW252/13600,(3)待机状态,3,2025-07-16 17:01:48,2025-07-16 17:02:50,62,0.02
409,L15,#23,GW252/13600,(2)停机状态,2,2025-07-16 17:01:47,2025-07-16 17:01:48,1,0
410,L15,#23,GW252/13600,(1)停机过程,1,2025-07-16 17:01:15,2025-07-16 17:01:47,32,0.01
411,L15,#23,GW252/13600,(4)启机状态,4,2025-07-16 16:56:15,2025-07-16 17:01:15,300,0.08
412,L15,#23,GW252/13600,(3)待机状态,3,2025-07-16 16:55:04,2025-07-16 16:56:15,71,0.02
413,L15,#23,GW252/13600,(2)停机状态,2,2025-07-16 16:54:59,2025-07-16 16:55:04,5,0
414,L15,#23,GW252/13600,(1)停机过程,1,2025-07-16 16:54:29,2025-07-16 16:54:59,30,0.01
415,L15,#23,GW252/13600,(4)启机状态,4,2025-07-16 16:49:29,2025-07-16 16:54:29,300,0.08
416,L15,#23,GW252/13600,(3)待机状态,3,2025-07-16 16:47:40,2025-07-16 16:49:29,109,0.03
417,L15,#23,GW252/13600,(2)停机状态,2,2025-07-16 16:45:11,2025-07-16 16:47:40,149,0.04
418,L15,#23,GW252/13600,(1)停机过程,1,2025-07-16 16:44:40,2025-07-16 16:45:11,31,0.01
419,L15,#23,GW252/13600,(4)启机状态,4,2025-07-16 16:39:38,2025-07-16 16:44:40,302,0.08
420,L15,#23,GW252/13600,(3)待机状态,3,2025-07-16 16:38:35,2025-07-16 16:39:38,63,0.02
421,L15,#23,GW252/13600,(2)停机状态,2,2025-07-16 16:38:33,2025-07-16 16:38:35,2,0
422,L15,#23,GW252/13600,(1)停机过程,1,2025-07-16 16:38:01,2025-07-16 16:38:33,32,0.01
423,L15,#23,GW252/13600,(4)启机状态,4,2025-07-16 16:33:02,2025-07-16 16:38:01,299,0.08
424,L15,#23,GW252/13600,(3)待机状态,3,2025-07-16 16:31:49,2025-07-16 16:33:02,73,0.02
425,L15,#23,GW252/13600,(2)停机状态,2,2025-07-16 16:31:47,2025-07-16 16:31:49,2,0
426,L15,#23,GW252/13600,(1)停机过程,1,2025-07-16 16:31:15,2025-07-16 16:31:47,32,0.01
427,L15,#23,GW252/13600,(4)启机状态,4,2025-07-16 16:26:14,2025-07-16 16:31:15,301,0.08
428,L15,#23,GW252/13600,(3)待机状态,3,2025-07-16 16:25:14,2025-07-16 16:26:14,60,0.02
429,L15,#23,GW252/13600,(2)停机状态,2,2025-07-16 16:25:12,2025-07-16 16:25:14,2,0
430,L15,#23,GW252/13600,(1)停机过程,1,2025-07-16 16:24:40,2025-07-16 16:25:12,32,0.01
431,L15,#23,GW252/13600,(4)启机状态,4,2025-07-16 16:19:40,2025-07-16 16:24:40,300,0.08
432,L15,#23,GW252/13600,(3)待机状态,3,2025-07-16 16:18:41,2025-07-16 16:19:40,59,0.02
433,L15,#23,GW252/13600,(2)停机状态,2,2025-07-16 16:18:40,2025-07-16 16:18:41,1,0
434,L15,#23,GW252/13600,(1)停机过程,1,2025-07-16 16:18:10,2025-07-16 16:18:40,30,0.01
435,L15,#23,GW252/13600,(4)启机状态,4,2025-07-16 16:13:10,2025-07-16 16:18:10,300,0.08
436,L15,#23,GW252/13600,(3)待机状态,3,2025-07-16 16:12:09,2025-07-16 16:13:10,61,0.02
437,L15,#23,GW252/13600,(2)停机状态,2,2025-07-14 16:11:39,2025-07-16 16:12:09,172830,48.01
438,L15,#23,GW252/13600,(1)停机过程,1,2025-07-14 16:11:08,2025-07-14 16:11:39,31,0.01
439,L15,#23,GW252/13600,(4)启机状态,4,2025-07-14 16:10:41,2025-07-14 16:11:08,27,0.01
440,L15,#23,GW252/13600,(3)待机状态,3,2025-07-14 16:09:49,2025-07-14 16:10:41,52,0.01
441,L15,#23,GW252/13600,(2)停机状态,2,2025-07-14 16:09:48,2025-07-14 16:09:49,1,0
442,L15,#23,GW252/13600,(1)停机过程,1,2025-07-14 16:09:18,2025-07-14 16:09:48,30,0.01
443,L15,#23,GW252/13600,(4)启机状态,4,2025-07-14 16:04:17,2025-07-14 16:09:18,301,0.08
444,L15,#23,GW252/13600,(3)待机状态,3,2025-07-14 16:03:14,2025-07-14 16:04:17,63,0.02
445,L15,#23,GW252/13600,(2)停机状态,2,2025-07-14 16:03:06,2025-07-14 16:03:14,8,0
446,L15,#23,GW252/13600,(1)停机过程,1,2025-07-14 16:02:34,2025-07-14 16:03:06,32,0.01
447,L15,#23,GW252/13600,(4)启机状态,4,2025-07-14 15:57:33,2025-07-14 16:02:34,301,0.08
448,L15,#23,GW252/13600,(3)待机状态,3,2025-07-14 15:56:32,2025-07-14 15:57:33,61,0.02
449,L15,#23,GW252/13600,(2)停机状态,2,2025-07-14 15:56:31,2025-07-14 15:56:32,1,0
450,L15,#23,GW252/13600,(1)停机过程,1,2025-07-14 15:56:00,2025-07-14 15:56:31,31,0.01
451,L15,#23,GW252/13600,(4)启机状态,4,2025-07-14 15:50:59,2025-07-14 15:56:00,301,0.08
452,L15,#23,GW252/13600,(3)待机状态,3,2025-07-14 15:49:59,2025-07-14 15:50:59,60,0.02
453,L15,#23,GW252/13600,(2)停机状态,2,2025-07-14 15:49:58,2025-07-14 15:49:59,1,0
454,L15,#23,GW252/13600,(1)停机过程,1,2025-07-14 15:49:25,2025-07-14 15:49:58,33,0.01
455,L15,#23,GW252/13600,(4)启机状态,4,2025-07-14 15:44:25,2025-07-14 15:49:25,300,0.08
456,L15,#23,GW252/13600,(3)待机状态,3,2025-07-14 15:43:19,2025-07-14 15:44:25,66,0.02
457,L15,#23,GW252/13600,(2)停机状态,2,2025-07-14 15:42:52,2025-07-14 15:43:19,27,0.01
458,L15,#23,GW252/13600,(1)停机过程,1,2025-07-14 15:42:20,2025-07-14 15:42:52,32,0.01
459,L15,#23,GW252/13600,(4)启机状态,4,2025-07-14 15:37:20,2025-07-14 15:42:20,300,0.08
460,L15,#23,GW252/13600,(3)待机状态,3,2025-07-14 15:36:20,2025-07-14 15:37:20,60,0.02
461,L15,#23,GW252/13600,(2)停机状态,2,2025-07-14 15:36:19,2025-07-14 15:36:20,1,0
462,L15,#23,GW252/13600,(1)停机过程,1,2025-07-14 15:35:48,2025-07-14 15:36:19,31,0.01
463,L15,#23,GW252/13600,(4)启机状态,4,2025-07-14 15:30:48,2025-07-14 15:35:48,300,0.08
464,L15,#23,GW252/13600,(3)待机状态,3,2025-07-14 15:29:22,2025-07-14 15:30:48,86,0.02
465,L15,#23,GW252/13600,(2)停机状态,2,2025-07-14 15:29:21,2025-07-14 15:29:22,1,0
466,L15,#23,GW252/13600,(1)停机过程,1,2025-07-14 15:28:48,2025-07-14 15:29:21,33,0.01
467,L15,#23,GW252/13600,(4)启机状态,4,2025-07-14 15:23:48,2025-07-14 15:28:48,300,0.08
468,L15,#23,GW252/13600,(3)待机状态,3,2025-07-14 15:22:39,2025-07-14 15:23:48,69,0.02
469,L15,#23,GW252/13600,(2)停机状态,2,2025-07-14 15:22:33,2025-07-14 15:22:39,6,0
470,L15,#23,GW252/13600,(1)停机过程,1,2025-07-14 15:22:03,2025-07-14 15:22:33,30,0.01
471,L15,#23,GW252/13600,(4)启机状态,4,2025-07-14 15:17:02,2025-07-14 15:22:03,301,0.08
472,L15,#23,GW252/13600,(3)待机状态,3,2025-07-14 15:16:10,2025-07-14 15:17:02,52,0.01
473,L15,#23,GW252/13600,(2)停机状态,2,2025-07-14 15:16:09,2025-07-14 15:16:10,1,0
474,L15,#23,GW252/13600,(1)停机过程,1,2025-07-14 15:15:37,2025-07-14 15:16:09,32,0.01
475,L15,#23,GW252/13600,(4)启机状态,4,2025-07-14 15:10:37,2025-07-14 15:15:37,300,0.08
476,L15,#23,GW252/13600,(3)待机状态,3,2025-07-14 15:09:32,2025-07-14 15:10:37,65,0.02
477,L15,#23,GW252/13600,(2)停机状态,2,2025-07-14 15:08:35,2025-07-14 15:09:32,57,0.02
478,L15,#23,GW252/13600,(1)停机过程,1,2025-07-14 15:08:03,2025-07-14 15:08:35,32,0.01
479,L15,#23,GW252/13600,(4)启机状态,4,2025-07-14 15:03:03,2025-07-14 15:08:03,300,0.08
480,L15,#23,GW252/13600,(3)待机状态,3,2025-07-14 15:01:38,2025-07-14 15:03:03,85,0.02
481,L15,#23,GW252/13600,(2)停机状态,2,2025-07-14 15:01:10,2025-07-14 15:01:38,28,0.01
482,L15,#23,GW252/13600,(1)停机过程,1,2025-07-14 15:00:38,2025-07-14 15:01:10,32,0.01
483,L15,#23,GW252/13600,(4)启机状态,4,2025-07-14 14:55:39,2025-07-14 15:00:38,299,0.08
484,L15,#23,GW252/13600,(3)待机状态,3,2025-07-14 14:54:36,2025-07-14 14:55:39,63,0.02
485,L15,#23,GW252/13600,(2)停机状态,2,2025-07-14 14:54:34,2025-07-14 14:54:36,2,0
486,L15,#23,GW252/13600,(1)停机过程,1,2025-07-14 14:54:03,2025-07-14 14:54:34,31,0.01
487,L15,#23,GW252/13600,(4)启机状态,4,2025-07-14 14:49:03,2025-07-14 14:54:03,300,0.08
488,L15,#23,GW252/13600,(3)待机状态,3,2025-07-14 14:47:40,2025-07-14 14:49:03,83,0.02
489,L15,#23,GW252/13600,(2)停机状态,2,2025-07-14 14:47:15,2025-07-14 14:47:40,25,0.01
490,L15,#23,GW252/13600,(1)停机过程,1,2025-07-14 14:46:44,2025-07-14 14:47:15,31,0.01
491,L15,#23,GW252/13600,(4)启机状态,4,2025-07-14 14:41:44,2025-07-14 14:46:44,300,0.08
492,L15,#23,GW252/13600,(3)待机状态,3,2025-07-14 13:53:22,2025-07-14 14:41:44,2902,0.81
493,L15,#23,GW252/13600,(2)停机状态,2,2025-07-14 13:47:46,2025-07-14 13:53:22,336,0.09
494,L15,#23,GW252/13600,(1)停机过程,1,2025-07-14 13:47:14,2025-07-14 13:47:46,32,0.01
495,L15,#23,GW252/13600,(4)启机状态,4,2025-07-14 13:42:14,2025-07-14 13:47:14,300,0.08
496,L15,#23,GW252/13600,(3)待机状态,3,2025-07-14 12:21:19,2025-07-14 13:42:14,4855,1.35
497,L15,#23,GW252/13600,(2)停机状态,2,2025-07-14 11:43:43,2025-07-14 12:21:19,2256,0.63
498,L15,#23,GW252/13600,(1)停机过程,1,2025-07-14 11:42:49,2025-07-14 11:43:43,54,0.02
499,L15,#23,GW252/13600,(5)发电状态,5,2025-07-14 10:24:29,2025-07-14 11:42:49,4700,1.31
500,L15,#23,GW252/13600,(4)启机状态,4,2025-07-14 10:23:28,2025-07-14 10:24:29,61,0.02
501,L15,#23,GW252/13600,(3)待机状态,3,2025-07-14 10:22:47,2025-07-14 10:23:28,41,0.01
502,L15,#23,GW252/13600,(2)停机状态,2,2025-07-14 10:11:54,2025-07-14 10:22:47,653,0.18
503,L15,#23,GW252/13600,(1)停机过程,1,2025-07-14 10:11:43,2025-07-14 10:11:54,11,0
504,L15,#23,GW252/13600,(9)维护状态,9,2025-07-13 20:17:02,2025-07-14 10:11:43,50081,13.91
505,L15,#23,GW252/13600,(0)初始化,0,2025-07-13 20:14:02,2025-07-13 20:17:02,180,0.05
506,L15,#23,GW252/13600,(9)维护状态,9,2025-07-13 02:55:57,2025-07-13 20:14:02,62285,17.3
507,L15,#23,GW252/13600,(1)停机过程,1,2025-07-13 02:55:54,2025-07-13 02:55:57,3,0
508,L15,#23,GW252/13600,(9)维护状态,9,2025-07-12 16:28:48,2025-07-13 02:55:54,37626,10.45
509,L15,#23,GW252/13600,(2)停机状态,2,2025-07-12 14:31:29,2025-07-12 16:28:48,7039,1.96
510,L15,#23,GW252/13600,(1)停机过程,1,2025-07-12 14:30:58,2025-07-12 14:31:29,31,0.01
511,L15,#23,GW252/13600,(3)待机状态,3,2025-07-12 13:00:01,2025-07-12 14:30:58,5457,1.52
512,L15,#23,GW252/13600,(2)停机状态,2,2025-07-12 12:54:24,2025-07-12 13:00:01,337,0.09
513,L15,#23,GW252/13600,(1)停机过程,1,2025-07-12 12:53:52,2025-07-12 12:54:24,32,0.01
514,L15,#23,GW252/13600,(4)启机状态,4,2025-07-12 12:48:51,2025-07-12 12:53:52,301,0.08
515,L15,#23,GW252/13600,(3)待机状态,3,2025-07-12 12:31:06,2025-07-12 12:48:51,1065,0.3
516,L15,#23,GW252/13600,(2)停机状态,2,2025-07-12 12:31:03,2025-07-12 12:31:06,3,0
517,L15,#23,GW252/13600,(1)停机过程,1,2025-07-12 12:30:53,2025-07-12 12:31:03,10,0
518,L15,#23,GW252/13600,(9)维护状态,9,2025-07-10 12:31:59,2025-07-12 12:30:53,172734,47.98
519,L15,#23,GW252/13600,(2)停机状态,2,2025-07-10 12:29:03,2025-07-10 12:31:59,176,0.05
520,L15,#23,GW252/13600,(1)停机过程,1,2025-07-10 12:28:08,2025-07-10 12:29:03,55,0.02
521,L15,#23,GW252/13600,(5)发电状态,5,2025-07-10 08:28:47,2025-07-10 12:28:08,14361,3.99
522,L15,#23,GW252/13600,(4)启机状态,4,2025-07-10 08:27:58,2025-07-10 08:28:47,49,0.01
523,L15,#23,GW252/13600,(3)待机状态,3,2025-07-10 08:21:35,2025-07-10 08:27:58,383,0.11
524,L15,#23,GW252/13600,(2)停机状态,2,2025-07-10 08:21:33,2025-07-10 08:21:35,2,0
525,L15,#23,GW252/13600,(1)停机过程,1,2025-07-10 08:21:23,2025-07-10 08:21:33,10,0
526,L15,#23,GW252/13600,(9)维护状态,9,2025-07-08 13:42:08,2025-07-10 08:21:23,153555,42.65
527,L15,#23,GW252/13600,(2)停机状态,2,2025-07-08 10:24:20,2025-07-08 13:42:08,11868,3.3
528,L15,#23,GW252/13600,(1)停机过程,1,2025-07-08 10:23:47,2025-07-08 10:24:20,33,0.01
529,L15,#23,GW252/13600,(4)启机状态,4,2025-07-08 10:23:32,2025-07-08 10:23:47,15,0
530,L15,#23,GW252/13600,(3)待机状态,3,2025-07-08 10:22:40,2025-07-08 10:23:32,52,0.01
531,L15,#23,GW252/13600,(2)停机状态,2,2025-07-08 10:21:57,2025-07-08 10:22:40,43,0.01
532,L15,#23,GW252/13600,(1)停机过程,1,2025-07-08 10:21:02,2025-07-08 10:21:57,55,0.02
533,L15,#23,GW252/13600,(4)启机状态,4,2025-07-08 10:17:39,2025-07-08 10:21:02,203,0.06
534,L15,#23,GW252/13600,(3)待机状态,3,2025-07-08 10:16:47,2025-07-08 10:17:39,52,0.01
535,L15,#23,GW252/13600,(2)停机状态,2,2025-07-08 10:16:46,2025-07-08 10:16:47,1,0
536,L15,#23,GW252/13600,(1)停机过程,1,2025-07-08 10:16:14,2025-07-08 10:16:46,32,0.01
537,L15,#23,GW252/13600,(4)启机状态,4,2025-07-08 10:11:14,2025-07-08 10:16:14,300,0.08
538,L15,#23,GW252/13600,(3)待机状态,3,2025-07-08 10:10:21,2025-07-08 10:11:14,53,0.01
539,L15,#23,GW252/13600,(2)停机状态,2,2025-07-08 10:10:19,2025-07-08 10:10:21,2,0
540,L15,#23,GW252/13600,(1)停机过程,1,2025-07-08 10:09:49,2025-07-08 10:10:19,30,0.01
541,L15,#23,GW252/13600,(4)启机状态,4,2025-07-08 10:04:48,2025-07-08 10:09:49,301,0.08
542,L15,#23,GW252/13600,(3)待机状态,3,2025-07-08 10:03:51,2025-07-08 10:04:48,57,0.02
543,L15,#23,GW252/13600,(2)停机状态,2,2025-07-08 10:03:50,2025-07-08 10:03:51,1,0
544,L15,#23,GW252/13600,(1)停机过程,1,2025-07-08 10:03:18,2025-07-08 10:03:50,32,0.01
545,L15,#23,GW252/13600,(4)启机状态,4,2025-07-08 09:58:18,2025-07-08 10:03:18,300,0.08
546,L15,#23,GW252/13600,(3)待机状态,3,2025-07-08 09:56:52,2025-07-08 09:58:18,86,0.02
547,L15,#23,GW252/13600,(2)停机状态,2,2025-07-08 09:54:02,2025-07-08 09:56:52,170,0.05
548,L15,#23,GW252/13600,(1)停机过程,1,2025-07-08 09:53:29,2025-07-08 09:54:02,33,0.01
549,L15,#23,GW252/13600,(4)启机状态,4,2025-07-08 09:48:29,2025-07-08 09:53:29,300,0.08
550,L15,#23,GW252/13600,(3)待机状态,3,2025-07-08 09:47:00,2025-07-08 09:48:29,89,0.02
551,L15,#23,GW252/13600,(2)停机状态,2,2025-07-08 09:45:16,2025-07-08 09:47:00,104,0.03
552,L15,#23,GW252/13600,(1)停机过程,1,2025-07-08 09:44:44,2025-07-08 09:45:16,32,0.01
553,L15,#23,GW252/13600,(4)启机状态,4,2025-07-08 09:39:43,2025-07-08 09:44:44,301,0.08
554,L15,#23,GW252/13600,(3)待机状态,3,2025-07-08 09:38:35,2025-07-08 09:39:43,68,0.02
555,L15,#23,GW252/13600,(2)停机状态,2,2025-07-08 09:38:20,2025-07-08 09:38:35,15,0
556,L15,#23,GW252/13600,(1)停机过程,1,2025-07-08 09:37:48,2025-07-08 09:38:20,32,0.01
557,L15,#23,GW252/13600,(4)启机状态,4,2025-07-08 09:32:46,2025-07-08 09:37:48,302,0.08
558,L15,#23,GW252/13600,(3)待机状态,3,2025-07-08 09:31:39,2025-07-08 09:32:46,67,0.02
559,L15,#23,GW252/13600,(2)停机状态,2,2025-07-08 09:31:38,2025-07-08 09:31:39,1,0
560,L15,#23,GW252/13600,(1)停机过程,1,2025-07-08 09:31:06,2025-07-08 09:31:38,32,0.01
561,L15,#23,GW252/13600,(4)启机状态,4,2025-07-08 09:26:06,2025-07-08 09:31:06,300,0.08
562,L15,#23,GW252/13600,(3)待机状态,3,2025-07-08 09:24:55,2025-07-08 09:26:06,71,0.02
563,L15,#23,GW252/13600,(2)停机状态,2,2025-07-08 09:24:53,2025-07-08 09:24:55,2,0
564,L15,#23,GW252/13600,(1)停机过程,1,2025-07-08 09:24:20,2025-07-08 09:24:53,33,0.01
565,L15,#23,GW252/13600,(4)启机状态,4,2025-07-08 09:19:20,2025-07-08 09:24:20,300,0.08
566,L15,#23,GW252/13600,(3)待机状态,3,2025-07-08 09:18:16,2025-07-08 09:19:20,64,0.02
567,L15,#23,GW252/13600,(2)停机状态,2,2025-07-08 09:18:08,2025-07-08 09:18:16,8,0
568,L15,#23,GW252/13600,(1)停机过程,1,2025-07-08 09:17:37,2025-07-08 09:18:08,31,0.01
569,L15,#23,GW252/13600,(4)启机状态,4,2025-07-08 09:12:36,2025-07-08 09:17:37,301,0.08
570,L15,#23,GW252/13600,(3)待机状态,3,2025-07-08 09:11:39,2025-07-08 09:12:36,57,0.02
571,L15,#23,GW252/13600,(2)停机状态,2,2025-07-08 09:11:38,2025-07-08 09:11:39,1,0
572,L15,#23,GW252/13600,(1)停机过程,1,2025-07-08 09:11:06,2025-07-08 09:11:38,32,0.01
573,L15,#23,GW252/13600,(4)启机状态,4,2025-07-08 09:06:06,2025-07-08 09:11:06,300,0.08
574,L15,#23,GW252/13600,(3)待机状态,3,2025-07-08 09:05:07,2025-07-08 09:06:06,59,0.02
575,L15,#23,GW252/13600,(2)停机状态,2,2025-07-08 09:04:49,2025-07-08 09:05:07,18,0.01
576,L15,#23,GW252/13600,(1)停机过程,1,2025-07-08 09:04:19,2025-07-08 09:04:49,30,0.01
577,L15,#23,GW252/13600,(4)启机状态,4,2025-07-08 08:59:17,2025-07-08 09:04:19,302,0.08
578,L15,#23,GW252/13600,(3)待机状态,3,2025-07-08 08:58:12,2025-07-08 08:59:17,65,0.02
579,L15,#23,GW252/13600,(1)停机过程,1,2025-07-08 08:57:39,2025-07-08 08:58:12,33,0.01
580,L15,#23,GW252/13600,(4)启机状态,4,2025-07-08 08:52:39,2025-07-08 08:57:39,300,0.08
581,L15,#23,GW252/13600,(3)待机状态,3,2025-07-08 08:51:34,2025-07-08 08:52:39,65,0.02
582,L15,#23,GW252/13600,(2)停机状态,2,2025-07-08 08:51:16,2025-07-08 08:51:34,18,0.01
583,L15,#23,GW252/13600,(1)停机过程,1,2025-07-08 08:50:43,2025-07-08 08:51:16,33,0.01
584,L15,#23,GW252/13600,(4)启机状态,4,2025-07-08 08:45:43,2025-07-08 08:50:43,300,0.08
585,L15,#23,GW252/13600,(3)待机状态,3,2025-07-08 08:44:42,2025-07-08 08:45:43,61,0.02
586,L15,#23,GW252/13600,(2)停机状态,2,2025-07-08 08:44:04,2025-07-08 08:44:42,38,0.01
587,L15,#23,GW252/13600,(1)停机过程,1,2025-07-08 08:43:31,2025-07-08 08:44:04,33,0.01
588,L15,#23,GW252/13600,(4)启机状态,4,2025-07-08 08:38:31,2025-07-08 08:43:31,300,0.08
589,L15,#23,GW252/13600,(3)待机状态,3,2025-07-08 08:37:31,2025-07-08 08:38:31,60,0.02
590,L15,#23,GW252/13600,(2)停机状态,2,2025-07-08 08:37:30,2025-07-08 08:37:31,1,0
591,L15,#23,GW252/13600,(1)停机过程,1,2025-07-08 08:36:58,2025-07-08 08:37:30,32,0.01
592,L15,#23,GW252/13600,(4)启机状态,4,2025-07-08 08:31:59,2025-07-08 08:36:58,299,0.08
593,L15,#23,GW252/13600,(3)待机状态,3,2025-07-08 08:30:56,2025-07-08 08:31:59,63,0.02
594,L15,#23,GW252/13600,(2)停机状态,2,2025-07-08 08:30:55,2025-07-08 08:30:56,1,0
595,L15,#23,GW252/13600,(1)停机过程,1,2025-07-08 08:30:25,2025-07-08 08:30:55,30,0.01
596,L15,#23,GW252/13600,(4)启机状态,4,2025-07-08 08:25:24,2025-07-08 08:30:25,301,0.08
597,L15,#23,GW252/13600,(3)待机状态,3,2025-07-08 08:22:43,2025-07-08 08:25:24,161,0.04
598,L15,#23,GW252/13600,(2)停机状态,2,2025-07-06 08:50:35,2025-07-08 08:22:43,171128,47.54
599,L15,#23,GW252/13600,(1)停机过程,1,2025-07-06 08:49:39,2025-07-06 08:50:35,56,0.02
600,L15,#23,GW252/13600,(5)发电状态,5,2025-07-06 08:11:16,2025-07-06 08:49:39,2303,0.64
601,L15,#23,GW252/13600,(4)启机状态,4,2025-07-06 08:06:30,2025-07-06 08:11:16,286,0.08
602,L15,#23,GW252/13600,(3)待机状态,3,2025-07-06 08:05:25,2025-07-06 08:06:30,65,0.02
603,L15,#23,GW252/13600,(1)停机过程,1,2025-07-06 08:04:52,2025-07-06 08:05:25,33,0.01
604,L15,#23,GW252/13600,(4)启机状态,4,2025-07-06 07:59:52,2025-07-06 08:04:52,300,0.08
605,L15,#23,GW252/13600,(3)待机状态,3,2025-07-06 07:58:42,2025-07-06 07:59:52,70,0.02
606,L15,#23,GW252/13600,(2)停机状态,2,2025-07-06 07:58:41,2025-07-06 07:58:42,1,0
607,L15,#23,GW252/13600,(1)停机过程,1,2025-07-06 07:58:11,2025-07-06 07:58:41,30,0.01
608,L15,#23,GW252/13600,(4)启机状态,4,2025-07-06 07:53:10,2025-07-06 07:58:11,301,0.08
609,L15,#23,GW252/13600,(3)待机状态,3,2025-07-06 07:51:36,2025-07-06 07:53:10,94,0.03
610,L15,#23,GW252/13600,(2)停机状态,2,2025-07-06 07:15:37,2025-07-06 07:51:36,2159,0.6
611,L15,#23,GW252/13600,(1)停机过程,1,2025-07-06 07:15:05,2025-07-06 07:15:37,32,0.01
612,L15,#23,GW252/13600,(4)启机状态,4,2025-07-06 07:10:06,2025-07-06 07:15:05,299,0.08
613,L15,#23,GW252/13600,(3)待机状态,3,2025-07-06 07:08:47,2025-07-06 07:10:06,79,0.02
614,L15,#23,GW252/13600,(2)停机状态,2,2025-07-06 07:08:45,2025-07-06 07:08:47,2,0
615,L15,#23,GW252/13600,(1)停机过程,1,2025-07-06 07:07:50,2025-07-06 07:08:45,55,0.02
616,L15,#23,GW252/13600,(5)发电状态,5,2025-07-06 06:59:19,2025-07-06 07:07:50,511,0.14
617,L15,#23,GW252/13600,(4)启机状态,4,2025-07-06 06:56:00,2025-07-06 06:59:19,199,0.06
618,L15,#23,GW252/13600,(3)待机状态,3,2025-07-06 06:55:04,2025-07-06 06:56:00,56,0.02
619,L15,#23,GW252/13600,(2)停机状态,2,2025-07-06 06:50:50,2025-07-06 06:55:04,254,0.07
620,L15,#23,GW252/13600,(1)停机过程,1,2025-07-06 06:49:54,2025-07-06 06:50:50,56,0.02
621,L15,#23,GW252/13600,(4)启机状态,4,2025-07-06 06:44:54,2025-07-06 06:49:54,300,0.08
622,L15,#23,GW252/13600,(3)待机状态,3,2025-07-06 06:43:54,2025-07-06 06:44:54,60,0.02
623,L15,#23,GW252/13600,(2)停机状态,2,2025-07-06 06:43:52,2025-07-06 06:43:54,2,0
624,L15,#23,GW252/13600,(1)停机过程,1,2025-07-06 06:42:57,2025-07-06 06:43:52,55,0.02
625,L15,#23,GW252/13600,(5)发电状态,5,2025-07-06 06:28:24,2025-07-06 06:42:57,873,0.24
626,L15,#23,GW252/13600,(4)启机状态,4,2025-07-06 06:25:19,2025-07-06 06:28:24,185,0.05
627,L15,#23,GW252/13600,(3)待机状态,3,2025-07-06 06:24:06,2025-07-06 06:25:19,73,0.02
628,L15,#23,GW252/13600,(2)停机状态,2,2025-07-06 06:24:05,2025-07-06 06:24:06,1,0
629,L15,#23,GW252/13600,(1)停机过程,1,2025-07-06 06:23:32,2025-07-06 06:24:05,33,0.01
630,L15,#23,GW252/13600,(4)启机状态,4,2025-07-06 06:18:32,2025-07-06 06:23:32,300,0.08
631,L15,#23,GW252/13600,(3)待机状态,3,2025-07-06 03:32:02,2025-07-06 06:18:32,9990,2.78
632,L15,#23,GW252/13600,(2)停机状态,2,2025-07-06 03:27:02,2025-07-06 03:32:02,300,0.08
633,L15,#23,GW252/13600,(1)停机过程,1,2025-07-06 03:26:31,2025-07-06 03:27:02,31,0.01
634,L15,#23,GW252/13600,(4)启机状态,4,2025-07-06 03:21:31,2025-07-06 03:26:31,300,0.08
635,L15,#23,GW252/13600,(3)待机状态,3,2025-07-06 03:19:53,2025-07-06 03:21:31,98,0.03
636,L15,#23,GW252/13600,(2)停机状态,2,2025-07-06 03:16:45,2025-07-06 03:19:53,188,0.05
637,L15,#23,GW252/13600,(1)停机过程,1,2025-07-06 03:16:13,2025-07-06 03:16:45,32,0.01
638,L15,#23,GW252/13600,(4)启机状态,4,2025-07-06 03:11:13,2025-07-06 03:16:13,300,0.08
639,L15,#23,GW252/13600,(3)待机状态,3,2025-07-06 03:07:23,2025-07-06 03:11:13,230,0.06
640,L15,#23,GW252/13600,(2)停机状态,2,2025-07-06 03:06:52,2025-07-06 03:07:23,31,0.01
641,L15,#23,GW252/13600,(1)停机过程,1,2025-07-06 03:06:21,2025-07-06 03:06:52,31,0.01
642,L15,#23,GW252/13600,(4)启机状态,4,2025-07-06 03:01:21,2025-07-06 03:06:21,300,0.08
643,L15,#23,GW252/13600,(3)待机状态,3,2025-07-06 03:00:14,2025-07-06 03:01:21,67,0.02
644,L15,#23,GW252/13600,(2)停机状态,2,2025-07-06 02:59:33,2025-07-06 03:00:14,41,0.01
645,L15,#23,GW252/13600,(1)停机过程,1,2025-07-06 02:58:38,2025-07-06 02:59:33,55,0.02
646,L15,#23,GW252/13600,(5)发电状态,5,2025-07-05 20:17:23,2025-07-06 02:58:38,24075,6.69
647,L15,#23,GW252/13600,(4)启机状态,4,2025-07-05 20:13:33,2025-07-05 20:17:23,230,0.06
648,L15,#23,GW252/13600,(3)待机状态,3,2025-07-05 20:12:41,2025-07-05 20:13:33,52,0.01
649,L15,#23,GW252/13600,(2)停机状态,2,2025-07-05 20:12:40,2025-07-05 20:12:41,1,0
650,L15,#23,GW252/13600,(1)停机过程,1,2025-07-05 20:12:09,2025-07-05 20:12:40,31,0.01
651,L15,#23,GW252/13600,(4)启机状态,4,2025-07-05 20:07:09,2025-07-05 20:12:09,300,0.08
652,L15,#23,GW252/13600,(3)待机状态,3,2025-07-05 20:06:10,2025-07-05 20:07:09,59,0.02
653,L15,#23,GW252/13600,(2)停机状态,2,2025-07-05 20:06:09,2025-07-05 20:06:10,1,0
654,L15,#23,GW252/13600,(1)停机过程,1,2025-07-05 20:05:35,2025-07-05 20:06:09,34,0.01
655,L15,#23,GW252/13600,(4)启机状态,4,2025-07-05 20:00:36,2025-07-05 20:05:35,299,0.08
656,L15,#23,GW252/13600,(3)待机状态,3,2025-07-05 19:59:41,2025-07-05 20:00:36,55,0.02
657,L15,#23,GW252/13600,(2)停机状态,2,2025-07-05 19:59:40,2025-07-05 19:59:41,1,0
658,L15,#23,GW252/13600,(1)停机过程,1,2025-07-05 19:59:08,2025-07-05 19:59:40,32,0.01
659,L15,#23,GW252/13600,(4)启机状态,4,2025-07-05 19:54:08,2025-07-05 19:59:08,300,0.08
660,L15,#23,GW252/13600,(3)待机状态,3,2025-07-05 19:53:15,2025-07-05 19:54:08,53,0.01
661,L15,#23,GW252/13600,(1)停机过程,1,2025-07-05 19:52:44,2025-07-05 19:53:15,31,0.01
662,L15,#23,GW252/13600,(4)启机状态,4,2025-07-05 19:47:44,2025-07-05 19:52:44,300,0.08
663,L15,#23,GW252/13600,(3)待机状态,3,2025-07-05 19:46:50,2025-07-05 19:47:44,54,0.02
664,L15,#23,GW252/13600,(2)停机状态,2,2025-07-05 19:46:49,2025-07-05 19:46:50,1,0
665,L15,#23,GW252/13600,(1)停机过程,1,2025-07-05 19:46:16,2025-07-05 19:46:49,33,0.01
666,L15,#23,GW252/13600,(4)启机状态,4,2025-07-05 19:41:16,2025-07-05 19:46:16,300,0.08
667,L15,#23,GW252/13600,(3)待机状态,3,2025-07-05 19:40:16,2025-07-05 19:41:16,60,0.02
668,L15,#23,GW252/13600,(2)停机状态,2,2025-07-05 19:40:15,2025-07-05 19:40:16,1,0
669,L15,#23,GW252/13600,(1)停机过程,1,2025-07-05 19:39:43,2025-07-05 19:40:15,32,0.01
670,L15,#23,GW252/13600,(4)启机状态,4,2025-07-05 19:34:44,2025-07-05 19:39:43,299,0.08
671,L15,#23,GW252/13600,(3)待机状态,3,2025-07-05 19:33:39,2025-07-05 19:34:44,65,0.02
672,L15,#23,GW252/13600,(2)停机状态,2,2025-07-05 19:33:38,2025-07-05 19:33:39,1,0
673,L15,#23,GW252/13600,(1)停机过程,1,2025-07-05 19:33:07,2025-07-05 19:33:38,31,0.01
674,L15,#23,GW252/13600,(4)启机状态,4,2025-07-05 19:28:06,2025-07-05 19:33:07,301,0.08
675,L15,#23,GW252/13600,(3)待机状态,3,2025-07-05 19:27:12,2025-07-05 19:28:06,54,0.02
676,L15,#23,GW252/13600,(2)停机状态,2,2025-07-05 19:27:10,2025-07-05 19:27:12,2,0
677,L15,#23,GW252/13600,(1)停机过程,1,2025-07-05 19:26:38,2025-07-05 19:27:10,32,0.01
678,L15,#23,GW252/13600,(4)启机状态,4,2025-07-05 19:21:38,2025-07-05 19:26:38,300,0.08
679,L15,#23,GW252/13600,(3)待机状态,3,2025-07-05 19:20:40,2025-07-05 19:21:38,58,0.02
680,L15,#23,GW252/13600,(1)停机过程,1,2025-07-05 19:20:10,2025-07-05 19:20:40,30,0.01
681,L15,#23,GW252/13600,(4)启机状态,4,2025-07-05 19:15:09,2025-07-05 19:20:10,301,0.08
682,L15,#23,GW252/13600,(3)待机状态,3,2025-07-05 19:13:47,2025-07-05 19:15:09,82,0.02
683,L15,#23,GW252/13600,(2)停机状态,2,2025-07-05 19:10:45,2025-07-05 19:13:47,182,0.05
684,L15,#23,GW252/13600,(1)停机过程,1,2025-07-05 19:10:15,2025-07-05 19:10:45,30,0.01
685,L15,#23,GW252/13600,(4)启机状态,4,2025-07-05 19:05:15,2025-07-05 19:10:15,300,0.08
686,L15,#23,GW252/13600,(3)待机状态,3,2025-07-05 19:04:04,2025-07-05 19:05:15,71,0.02
687,L15,#23,GW252/13600,(2)停机状态,2,2025-07-05 19:04:02,2025-07-05 19:04:04,2,0
688,L15,#23,GW252/13600,(1)停机过程,1,2025-07-05 19:03:30,2025-07-05 19:04:02,32,0.01
689,L15,#23,GW252/13600,(4)启机状态,4,2025-07-05 18:58:31,2025-07-05 19:03:30,299,0.08
690,L15,#23,GW252/13600,(3)待机状态,3,2025-07-05 18:56:49,2025-07-05 18:58:31,102,0.03
691,L15,#23,GW252/13600,(2)停机状态,2,2025-07-05 18:56:41,2025-07-05 18:56:49,8,0
692,L15,#23,GW252/13600,(1)停机过程,1,2025-07-05 18:56:09,2025-07-05 18:56:41,32,0.01
693,L15,#23,GW252/13600,(4)启机状态,4,2025-07-05 18:51:10,2025-07-05 18:56:09,299,0.08
694,L15,#23,GW252/13600,(3)待机状态,3,2025-07-05 18:49:35,2025-07-05 18:51:10,95,0.03
695,L15,#23,GW252/13600,(2)停机状态,2,2025-07-05 18:49:29,2025-07-05 18:49:35,6,0
696,L15,#23,GW252/13600,(1)停机过程,1,2025-07-05 18:48:57,2025-07-05 18:49:29,32,0.01
697,L15,#23,GW252/13600,(4)启机状态,4,2025-07-05 18:43:57,2025-07-05 18:48:57,300,0.08
698,L15,#23,GW252/13600,(3)待机状态,3,2025-07-05 18:42:34,2025-07-05 18:43:57,83,0.02
699,L15,#23,GW252/13600,(2)停机状态,2,2025-07-05 18:39:40,2025-07-05 18:42:34,174,0.05
700,L15,#23,GW252/13600,(1)停机过程,1,2025-07-05 18:39:09,2025-07-05 18:39:40,31,0.01
701,L15,#23,GW252/13600,(4)启机状态,4,2025-07-05 18:34:09,2025-07-05 18:39:09,300,0.08
702,L15,#23,GW252/13600,(3)待机状态,3,2025-07-05 14:32:42,2025-07-05 18:34:09,14487,4.02
703,L15,#23,GW252/13600,(2)停机状态,2,2025-07-05 14:27:42,2025-07-05 14:32:42,300,0.08
704,L15,#23,GW252/13600,(1)停机过程,1,2025-07-05 14:27:10,2025-07-05 14:27:42,32,0.01
705,L15,#23,GW252/13600,(4)启机状态,4,2025-07-05 14:22:10,2025-07-05 14:27:10,300,0.08
706,L15,#23,GW252/13600,(3)待机状态,3,2025-07-05 14:20:15,2025-07-05 14:22:10,115,0.03
707,L15,#23,GW252/13600,(2)停机状态,2,2025-07-05 14:15:15,2025-07-05 14:20:15,300,0.08
708,L15,#23,GW252/13600,(1)停机过程,1,2025-07-05 14:14:44,2025-07-05 14:15:15,31,0.01
709,L15,#23,GW252/13600,(4)启机状态,4,2025-07-05 14:09:44,2025-07-05 14:14:44,300,0.08
710,L15,#23,GW252/13600,(3)待机状态,3,2025-07-05 14:07:37,2025-07-05 14:09:44,127,0.04
711,L15,#23,GW252/13600,(2)停机状态,2,2025-07-05 14:02:38,2025-07-05 14:07:37,299,0.08
712,L15,#23,GW252/13600,(1)停机过程,1,2025-07-05 14:02:05,2025-07-05 14:02:38,33,0.01
713,L15,#23,GW252/13600,(4)启机状态,4,2025-07-05 13:57:05,2025-07-05 14:02:05,300,0.08
714,L15,#23,GW252/13600,(3)待机状态,3,2025-07-05 13:55:25,2025-07-05 13:57:05,100,0.03
715,L15,#23,GW252/13600,(1)停机过程,1,2025-07-05 13:54:52,2025-07-05 13:55:25,33,0.01
716,L15,#23,GW252/13600,(4)启机状态,4,2025-07-05 13:49:52,2025-07-05 13:54:52,300,0.08
717,L15,#23,GW252/13600,(3)待机状态,3,2025-07-05 13:48:35,2025-07-05 13:49:52,77,0.02
718,L15,#23,GW252/13600,(2)停机状态,2,2025-07-05 13:48:32,2025-07-05 13:48:35,3,0
719,L15,#23,GW252/13600,(1)停机过程,1,2025-07-05 13:48:01,2025-07-05 13:48:32,31,0.01
720,L15,#23,GW252/13600,(4)启机状态,4,2025-07-05 13:43:01,2025-07-05 13:48:01,300,0.08
721,L15,#23,GW252/13600,(3)待机状态,3,2025-07-05 13:41:46,2025-07-05 13:43:01,75,0.02
722,L15,#23,GW252/13600,(2)停机状态,2,2025-07-05 13:40:52,2025-07-05 13:41:46,54,0.02
723,L15,#23,GW252/13600,(1)停机过程,1,2025-07-05 13:40:20,2025-07-05 13:40:52,32,0.01
724,L15,#23,GW252/13600,(4)启机状态,4,2025-07-05 13:35:20,2025-07-05 13:40:20,300,0.08
725,L15,#23,GW252/13600,(3)待机状态,3,2025-07-05 13:34:15,2025-07-05 13:35:20,65,0.02
726,L15,#23,GW252/13600,(2)停机状态,2,2025-07-05 13:34:13,2025-07-05 13:34:15,2,0
727,L15,#23,GW252/13600,(1)停机过程,1,2025-07-05 13:33:42,2025-07-05 13:34:13,31,0.01
728,L15,#23,GW252/13600,(4)启机状态,4,2025-07-05 13:28:42,2025-07-05 13:33:42,300,0.08
729,L15,#23,GW252/13600,(3)待机状态,3,2025-07-05 13:05:55,2025-07-05 13:28:42,1367,0.38
730,L15,#23,GW252/13600,(2)停机状态,2,2025-07-05 13:05:36,2025-07-05 13:05:55,19,0.01
731,L15,#23,GW252/13600,(1)停机过程,1,2025-07-05 13:05:04,2025-07-05 13:05:36,32,0.01
732,L15,#23,GW252/13600,(4)启机状态,4,2025-07-05 13:00:04,2025-07-05 13:05:04,300,0.08
733,L15,#23,GW252/13600,(3)待机状态,3,2025-07-05 12:58:30,2025-07-05 13:00:04,94,0.03
734,L15,#23,GW252/13600,(2)停机状态,2,2025-07-05 12:55:22,2025-07-05 12:58:30,188,0.05
735,L15,#23,GW252/13600,(1)停机过程,1,2025-07-05 12:54:52,2025-07-05 12:55:22,30,0.01
736,L15,#23,GW252/13600,(4)启机状态,4,2025-07-05 12:49:52,2025-07-05 12:54:52,300,0.08
737,L15,#23,GW252/13600,(3)待机状态,3,2025-07-05 12:48:49,2025-07-05 12:49:52,63,0.02
738,L15,#23,GW252/13600,(2)停机状态,2,2025-07-05 12:48:47,2025-07-05 12:48:49,2,0
739,L15,#23,GW252/13600,(1)停机过程,1,2025-07-05 12:48:14,2025-07-05 12:48:47,33,0.01
740,L15,#23,GW252/13600,(4)启机状态,4,2025-07-05 12:43:14,2025-07-05 12:48:14,300,0.08
741,L15,#23,GW252/13600,(3)待机状态,3,2025-07-05 12:41:55,2025-07-05 12:43:14,79,0.02
742,L15,#23,GW252/13600,(2)停机状态,2,2025-07-05 12:41:44,2025-07-05 12:41:55,11,0
743,L15,#23,GW252/13600,(1)停机过程,1,2025-07-05 12:41:12,2025-07-05 12:41:44,32,0.01
744,L15,#23,GW252/13600,(4)启机状态,4,2025-07-05 12:36:12,2025-07-05 12:41:12,300,0.08
745,L15,#23,GW252/13600,(3)待机状态,3,2025-07-05 12:35:11,2025-07-05 12:36:12,61,0.02
746,L15,#23,GW252/13600,(2)停机状态,2,2025-07-05 12:35:10,2025-07-05 12:35:11,1,0
747,L15,#23,GW252/13600,(1)停机过程,1,2025-07-05 12:34:38,2025-07-05 12:35:10,32,0.01
748,L15,#23,GW252/13600,(4)启机状态,4,2025-07-05 12:29:39,2025-07-05 12:34:38,299,0.08
749,L15,#23,GW252/13600,(3)待机状态,3,2025-07-05 12:28:28,2025-07-05 12:29:39,71,0.02
750,L15,#23,GW252/13600,(2)停机状态,2,2025-07-05 12:25:10,2025-07-05 12:28:28,198,0.06
751,L15,#23,GW252/13600,(1)停机过程,1,2025-07-05 12:24:40,2025-07-05 12:25:10,30,0.01
752,L15,#23,GW252/13600,(4)启机状态,4,2025-07-05 12:19:40,2025-07-05 12:24:40,300,0.08
753,L15,#23,GW252/13600,(3)待机状态,3,2025-07-05 12:16:03,2025-07-05 12:19:40,217,0.06
754,L15,#23,GW252/13600,(2)停机状态,2,2025-07-05 12:11:03,2025-07-05 12:16:03,300,0.08
755,L15,#23,GW252/13600,(1)停机过程,1,2025-07-05 12:10:30,2025-07-05 12:11:03,33,0.01
756,L15,#23,GW252/13600,(4)启机状态,4,2025-07-05 12:05:31,2025-07-05 12:10:30,299,0.08
757,L15,#23,GW252/13600,(3)待机状态,3,2025-07-05 12:03:48,2025-07-05 12:05:31,103,0.03
758,L15,#23,GW252/13600,(1)停机过程,1,2025-07-05 12:03:15,2025-07-05 12:03:48,33,0.01
759,L15,#23,GW252/13600,(4)启机状态,4,2025-07-05 11:58:16,2025-07-05 12:03:15,299,0.08
760,L15,#23,GW252/13600,(3)待机状态,3,2025-07-05 11:56:18,2025-07-05 11:58:16,118,0.03
761,L15,#23,GW252/13600,(2)停机状态,2,2025-07-05 11:55:58,2025-07-05 11:56:18,20,0.01
762,L15,#23,GW252/13600,(1)停机过程,1,2025-07-05 11:55:26,2025-07-05 11:55:58,32,0.01
763,L15,#23,GW252/13600,(4)启机状态,4,2025-07-05 11:50:26,2025-07-05 11:55:26,300,0.08
764,L15,#23,GW252/13600,(3)待机状态,3,2025-07-05 11:48:09,2025-07-05 11:50:26,137,0.04
765,L15,#23,GW252/13600,(2)停机状态,2,2025-07-05 11:45:22,2025-07-05 11:48:09,167,0.05
766,L15,#23,GW252/13600,(1)停机过程,1,2025-07-05 11:44:49,2025-07-05 11:45:22,33,0.01
767,L15,#23,GW252/13600,(4)启机状态,4,2025-07-05 11:39:50,2025-07-05 11:44:49,299,0.08
768,L15,#23,GW252/13600,(3)待机状态,3,2025-07-05 11:37:27,2025-07-05 11:39:50,143,0.04
769,L15,#23,GW252/13600,(2)停机状态,2,2025-07-05 11:32:27,2025-07-05 11:37:27,300,0.08
770,L15,#23,GW252/13600,(1)停机过程,1,2025-07-05 11:31:55,2025-07-05 11:32:27,32,0.01
771,L15,#23,GW252/13600,(4)启机状态,4,2025-07-05 11:26:56,2025-07-05 11:31:55,299,0.08
772,L15,#23,GW252/13600,(3)待机状态,3,2025-07-05 10:55:21,2025-07-05 11:26:56,1895,0.53
773,L15,#23,GW252/13600,(2)停机状态,2,2025-07-05 10:50:21,2025-07-05 10:55:21,300,0.08
774,L15,#23,GW252/13600,(1)停机过程,1,2025-07-05 10:49:26,2025-07-05 10:50:21,55,0.02
775,L15,#23,GW252/13600,(5)发电状态,5,2025-07-05 07:48:27,2025-07-05 10:49:26,10859,3.02
776,L15,#23,GW252/13600,(4)启机状态,4,2025-07-05 07:44:44,2025-07-05 07:48:27,223,0.06
777,L15,#23,GW252/13600,(3)待机状态,3,2025-07-05 07:43:49,2025-07-05 07:44:44,55,0.02
778,L15,#23,GW252/13600,(2)停机状态,2,2025-07-05 07:43:47,2025-07-05 07:43:49,2,0
779,L15,#23,GW252/13600,(1)停机过程,1,2025-07-05 07:43:17,2025-07-05 07:43:47,30,0.01
780,L15,#23,GW252/13600,(4)启机状态,4,2025-07-05 07:38:17,2025-07-05 07:43:17,300,0.08
781,L15,#23,GW252/13600,(3)待机状态,3,2025-07-05 07:37:23,2025-07-05 07:38:17,54,0.02
782,L15,#23,GW252/13600,(2)停机状态,2,2025-07-05 07:37:21,2025-07-05 07:37:23,2,0
783,L15,#23,GW252/13600,(1)停机过程,1,2025-07-05 07:36:49,2025-07-05 07:37:21,32,0.01
784,L15,#23,GW252/13600,(4)启机状态,4,2025-07-05 07:31:49,2025-07-05 07:36:49,300,0.08
785,L15,#23,GW252/13600,(3)待机状态,3,2025-07-05 07:30:51,2025-07-05 07:31:49,58,0.02
786,L15,#23,GW252/13600,(2)停机状态,2,2025-07-05 07:30:48,2025-07-05 07:30:51,3,0
787,L15,#23,GW252/13600,(1)停机过程,1,2025-07-05 07:30:18,2025-07-05 07:30:48,30,0.01
788,L15,#23,GW252/13600,(4)启机状态,4,2025-07-05 07:25:18,2025-07-05 07:30:18,300,0.08
789,L15,#23,GW252/13600,(3)待机状态,3,2025-07-05 07:24:21,2025-07-05 07:25:18,57,0.02
790,L15,#23,GW252/13600,(2)停机状态,2,2025-07-05 07:24:20,2025-07-05 07:24:21,1,0
791,L15,#23,GW252/13600,(1)停机过程,1,2025-07-05 07:23:50,2025-07-05 07:24:20,30,0.01
792,L15,#23,GW252/13600,(4)启机状态,4,2025-07-05 07:18:49,2025-07-05 07:23:50,301,0.08
793,L15,#23,GW252/13600,(3)待机状态,3,2025-07-05 07:17:52,2025-07-05 07:18:49,57,0.02
794,L15,#23,GW252/13600,(1)停机过程,1,2025-07-05 07:17:19,2025-07-05 07:17:52,33,0.01
795,L15,#23,GW252/13600,(4)启机状态,4,2025-07-05 07:12:19,2025-07-05 07:17:19,300,0.08
796,L15,#23,GW252/13600,(3)待机状态,3,2025-07-05 07:11:20,2025-07-05 07:12:19,59,0.02
797,L15,#23,GW252/13600,(2)停机状态,2,2025-07-05 07:11:18,2025-07-05 07:11:20,2,0
798,L15,#23,GW252/13600,(1)停机过程,1,2025-07-05 07:10:47,2025-07-05 07:11:18,31,0.01
799,L15,#23,GW252/13600,(4)启机状态,4,2025-07-05 07:05:47,2025-07-05 07:10:47,300,0.08
800,L15,#23,GW252/13600,(3)待机状态,3,2025-07-05 07:04:45,2025-07-05 07:05:47,62,0.02
801,L15,#23,GW252/13600,(2)停机状态,2,2025-07-05 07:04:05,2025-07-05 07:04:45,40,0.01
802,L15,#23,GW252/13600,(1)停机过程,1,2025-07-05 07:03:35,2025-07-05 07:04:05,30,0.01
803,L15,#23,GW252/13600,(4)启机状态,4,2025-07-05 06:58:35,2025-07-05 07:03:35,300,0.08
804,L15,#23,GW252/13600,(3)待机状态,3,2025-07-05 06:57:32,2025-07-05 06:58:35,63,0.02
805,L15,#23,GW252/13600,(2)停机状态,2,2025-07-05 06:57:30,2025-07-05 06:57:32,2,0
806,L15,#23,GW252/13600,(1)停机过程,1,2025-07-05 06:56:58,2025-07-05 06:57:30,32,0.01
807,L15,#23,GW252/13600,(4)启机状态,4,2025-07-05 06:51:57,2025-07-05 06:56:58,301,0.08
808,L15,#23,GW252/13600,(3)待机状态,3,2025-07-05 06:50:57,2025-07-05 06:51:57,60,0.02
809,L15,#23,GW252/13600,(2)停机状态,2,2025-07-05 06:50:56,2025-07-05 06:50:57,1,0
810,L15,#23,GW252/13600,(1)停机过程,1,2025-07-05 06:50:24,2025-07-05 06:50:56,32,0.01
811,L15,#23,GW252/13600,(4)启机状态,4,2025-07-05 06:45:24,2025-07-05 06:50:24,300,0.08
812,L15,#23,GW252/13600,(3)待机状态,3,2025-07-05 06:44:19,2025-07-05 06:45:24,65,0.02
813,L15,#23,GW252/13600,(1)停机过程,1,2025-07-05 06:43:47,2025-07-05 06:44:19,32,0.01
814,L15,#23,GW252/13600,(4)启机状态,4,2025-07-05 06:38:47,2025-07-05 06:43:47,300,0.08
815,L15,#23,GW252/13600,(3)待机状态,3,2025-07-05 06:37:40,2025-07-05 06:38:47,67,0.02
816,L15,#23,GW252/13600,(2)停机状态,2,2025-07-05 06:37:39,2025-07-05 06:37:40,1,0
817,L15,#23,GW252/13600,(1)停机过程,1,2025-07-05 06:37:08,2025-07-05 06:37:39,31,0.01
818,L15,#23,GW252/13600,(4)启机状态,4,2025-07-05 06:32:07,2025-07-05 06:37:08,301,0.08
819,L15,#23,GW252/13600,(3)待机状态,3,2025-07-05 06:31:00,2025-07-05 06:32:07,67,0.02
820,L15,#23,GW252/13600,(2)停机状态,2,2025-07-05 06:30:58,2025-07-05 06:31:00,2,0
821,L15,#23,GW252/13600,(1)停机过程,1,2025-07-05 06:30:26,2025-07-05 06:30:58,32,0.01
822,L15,#23,GW252/13600,(4)启机状态,4,2025-07-05 06:25:26,2025-07-05 06:30:26,300,0.08
823,L15,#23,GW252/13600,(3)待机状态,3,2025-07-05 06:24:04,2025-07-05 06:25:26,82,0.02
824,L15,#23,GW252/13600,(1)停机过程,1,2025-07-05 06:23:33,2025-07-05 06:24:04,31,0.01
825,L15,#23,GW252/13600,(4)启机状态,4,2025-07-05 06:18:33,2025-07-05 06:23:33,300,0.08
826,L15,#23,GW252/13600,(3)待机状态,3,2025-07-05 06:16:54,2025-07-05 06:18:33,99,0.03
827,L15,#23,GW252/13600,(1)停机过程,1,2025-07-05 06:16:23,2025-07-05 06:16:54,31,0.01
828,L15,#23,GW252/13600,(4)启机状态,4,2025-07-05 06:11:23,2025-07-05 06:16:23,300,0.08
829,L15,#23,GW252/13600,(3)待机状态,3,2025-07-05 06:09:08,2025-07-05 06:11:23,135,0.04
830,L15,#23,GW252/13600,(2)停机状态,2,2025-07-05 06:08:53,2025-07-05 06:09:08,15,0
831,L15,#23,GW252/13600,(1)停机过程,1,2025-07-05 06:08:20,2025-07-05 06:08:53,33,0.01
832,L15,#23,GW252/13600,(4)启机状态,4,2025-07-05 06:03:21,2025-07-05 06:08:20,299,0.08
833,L15,#23,GW252/13600,(3)待机状态,3,2025-07-05 06:02:05,2025-07-05 06:03:21,76,0.02
834,L15,#23,GW252/13600,(2)停机状态,2,2025-07-05 06:01:35,2025-07-05 06:02:05,30,0.01
835,L15,#23,GW252/13600,(1)停机过程,1,2025-07-05 06:01:02,2025-07-05 06:01:35,33,0.01
836,L15,#23,GW252/13600,(4)启机状态,4,2025-07-05 05:56:03,2025-07-05 06:01:02,299,0.08
837,L15,#23,GW252/13600,(3)待机状态,3,2025-07-05 05:54:57,2025-07-05 05:56:03,66,0.02
838,L15,#23,GW252/13600,(2)停机状态,2,2025-07-05 05:54:56,2025-07-05 05:54:57,1,0
839,L15,#23,GW252/13600,(1)停机过程,1,2025-07-05 05:54:25,2025-07-05 05:54:56,31,0.01
840,L15,#23,GW252/13600,(4)启机状态,4,2025-07-05 05:49:25,2025-07-05 05:54:25,300,0.08
841,L15,#23,GW252/13600,(3)待机状态,3,2025-07-05 05:47:48,2025-07-05 05:49:25,97,0.03
842,L15,#23,GW252/13600,(2)停机状态,2,2025-07-05 05:47:47,2025-07-05 05:47:48,1,0
843,L15,#23,GW252/13600,(1)停机过程,1,2025-07-05 05:47:17,2025-07-05 05:47:47,30,0.01
844,L15,#23,GW252/13600,(4)启机状态,4,2025-07-05 05:42:17,2025-07-05 05:47:17,300,0.08
845,L15,#23,GW252/13600,(3)待机状态,3,2025-07-05 05:40:33,2025-07-05 05:42:17,104,0.03
846,L15,#23,GW252/13600,(2)停机状态,2,2025-07-05 05:37:50,2025-07-05 05:40:33,163,0.05
847,L15,#23,GW252/13600,(1)停机过程,1,2025-07-05 05:37:19,2025-07-05 05:37:50,31,0.01
848,L15,#23,GW252/13600,(4)启机状态,4,2025-07-05 05:32:18,2025-07-05 05:37:19,301,0.08
849,L15,#23,GW252/13600,(3)待机状态,3,2025-07-05 05:30:42,2025-07-05 05:32:18,96,0.03
850,L15,#23,GW252/13600,(2)停机状态,2,2025-07-05 05:30:41,2025-07-05 05:30:42,1,0
851,L15,#23,GW252/13600,(1)停机过程,1,2025-07-05 05:30:09,2025-07-05 05:30:41,32,0.01
852,L15,#23,GW252/13600,(4)启机状态,4,2025-07-05 05:25:09,2025-07-05 05:30:09,300,0.08
853,L15,#23,GW252/13600,(3)待机状态,3,2025-07-05 05:23:01,2025-07-05 05:25:09,128,0.04
854,L15,#23,GW252/13600,(2)停机状态,2,2025-07-05 05:20:34,2025-07-05 05:23:01,147,0.04
855,L15,#23,GW252/13600,(1)停机过程,1,2025-07-05 05:20:02,2025-07-05 05:20:34,32,0.01
856,L15,#23,GW252/13600,(4)启机状态,4,2025-07-05 05:15:02,2025-07-05 05:20:02,300,0.08
857,L15,#23,GW252/13600,(3)待机状态,3,2025-07-05 01:50:17,2025-07-05 05:15:02,12285,3.41
858,L15,#23,GW252/13600,(2)停机状态,2,2025-07-05 01:47:00,2025-07-05 01:50:17,197,0.05
859,L15,#23,GW252/13600,(1)停机过程,1,2025-07-05 01:46:28,2025-07-05 01:47:00,32,0.01
860,L15,#23,GW252/13600,(4)启机状态,4,2025-07-05 01:41:27,2025-07-05 01:46:28,301,0.08
861,L15,#23,GW252/13600,(3)待机状态,3,2025-07-05 01:38:52,2025-07-05 01:41:27,155,0.04
862,L15,#23,GW252/13600,(2)停机状态,2,2025-07-05 01:38:31,2025-07-05 01:38:52,21,0.01
863,L15,#23,GW252/13600,(1)停机过程,1,2025-07-05 01:37:59,2025-07-05 01:38:31,32,0.01
864,L15,#23,GW252/13600,(4)启机状态,4,2025-07-05 01:32:59,2025-07-05 01:37:59,300,0.08
865,L15,#23,GW252/13600,(3)待机状态,3,2025-07-05 01:30:38,2025-07-05 01:32:59,141,0.04
866,L15,#23,GW252/13600,(2)停机状态,2,2025-07-05 01:30:34,2025-07-05 01:30:38,4,0
867,L15,#23,GW252/13600,(1)停机过程,1,2025-07-05 01:30:25,2025-07-05 01:30:34,9,0
868,L15,#23,GW252/13600,(9)维护状态,9,2025-07-05 01:29:04,2025-07-05 01:30:25,81,0.02
869,L15,#23,GW252/13600,(2)停机状态,2,2025-07-05 01:24:24,2025-07-05 01:29:04,280,0.08
870,L15,#23,GW252/13600,(0)初始化,0,2025-07-05 01:23:14,2025-07-05 01:24:24,70,0.02
871,L15,#23,GW252/13600,(9)维护状态,9,2025-07-05 01:21:07,2025-07-05 01:23:14,127,0.04
872,L15,#23,GW252/13600,(2)停机状态,2,2025-07-05 01:17:31,2025-07-05 01:21:07,216,0.06
873,L15,#23,GW252/13600,(1)停机过程,1,2025-07-05 01:17:00,2025-07-05 01:17:31,31,0.01
874,L15,#23,GW252/13600,(4)启机状态,4,2025-07-05 01:12:00,2025-07-05 01:17:00,300,0.08
875,L15,#23,GW252/13600,(3)待机状态,3,2025-07-05 01:10:48,2025-07-05 01:12:00,72,0.02
876,L15,#23,GW252/13600,(2)停机状态,2,2025-07-05 01:10:14,2025-07-05 01:10:48,34,0.01
877,L15,#23,GW252/13600,(1)停机过程,1,2025-07-05 01:09:43,2025-07-05 01:10:14,31,0.01
878,L15,#23,GW252/13600,(4)启机状态,4,2025-07-05 01:04:43,2025-07-05 01:09:43,300,0.08
879,L15,#23,GW252/13600,(3)待机状态,3,2025-07-05 01:02:51,2025-07-05 01:04:43,112,0.03
880,L15,#23,GW252/13600,(2)停机状态,2,2025-07-05 01:02:17,2025-07-05 01:02:51,34,0.01
881,L15,#23,GW252/13600,(1)停机过程,1,2025-07-05 01:01:46,2025-07-05 01:02:17,31,0.01
882,L15,#23,GW252/13600,(4)启机状态,4,2025-07-05 00:56:46,2025-07-05 01:01:46,300,0.08
883,L15,#23,GW252/13600,(3)待机状态,3,2025-07-05 00:55:31,2025-07-05 00:56:46,75,0.02
884,L15,#23,GW252/13600,(2)停机状态,2,2025-07-05 00:55:30,2025-07-05 00:55:31,1,0
885,L15,#23,GW252/13600,(1)停机过程,1,2025-07-05 00:54:58,2025-07-05 00:55:30,32,0.01
886,L15,#23,GW252/13600,(4)启机状态,4,2025-07-05 00:49:57,2025-07-05 00:54:58,301,0.08
887,L15,#23,GW252/13600,(3)待机状态,3,2025-07-05 00:48:45,2025-07-05 00:49:57,72,0.02
888,L15,#23,GW252/13600,(2)停机状态,2,2025-07-05 00:47:51,2025-07-05 00:48:45,54,0.02
889,L15,#23,GW252/13600,(1)停机过程,1,2025-07-05 00:47:19,2025-07-05 00:47:51,32,0.01
890,L15,#23,GW252/13600,(4)启机状态,4,2025-07-05 00:42:19,2025-07-05 00:47:19,300,0.08
891,L15,#23,GW252/13600,(3)待机状态,3,2025-07-05 00:41:16,2025-07-05 00:42:19,63,0.02
892,L15,#23,GW252/13600,(2)停机状态,2,2025-07-05 00:35:39,2025-07-05 00:41:16,337,0.09
893,L15,#23,GW252/13600,(1)停机过程,1,2025-07-05 00:35:08,2025-07-05 00:35:39,31,0.01
894,L15,#23,GW252/13600,(4)启机状态,4,2025-07-05 00:30:08,2025-07-05 00:35:08,300,0.08
895,L15,#23,GW252/13600,(3)待机状态,3,2025-07-05 00:28:43,2025-07-05 00:30:08,85,0.02
896,L15,#23,GW252/13600,(2)停机状态,2,2025-07-05 00:28:14,2025-07-05 00:28:43,29,0.01
897,L15,#23,GW252/13600,(1)停机过程,1,2025-07-05 00:27:43,2025-07-05 00:28:14,31,0.01
898,L15,#23,GW252/13600,(4)启机状态,4,2025-07-05 00:22:43,2025-07-05 00:27:43,300,0.08
899,L15,#23,GW252/13600,(3)待机状态,3,2025-07-05 00:20:54,2025-07-05 00:22:43,109,0.03
900,L15,#23,GW252/13600,(2)停机状态,2,2025-07-05 00:19:28,2025-07-05 00:20:54,86,0.02
901,L15,#23,GW252/13600,(1)停机过程,1,2025-07-05 00:18:56,2025-07-05 00:19:28,32,0.01
902,L15,#23,GW252/13600,(4)启机状态,4,2025-07-05 00:13:56,2025-07-05 00:18:56,300,0.08
903,L15,#23,GW252/13600,(3)待机状态,3,2025-07-05 00:11:59,2025-07-05 00:13:56,117,0.03
904,L15,#23,GW252/13600,(2)停机状态,2,2025-07-05 00:10:54,2025-07-05 00:11:59,65,0.02
905,L15,#23,GW252/13600,(1)停机过程,1,2025-07-05 00:10:22,2025-07-05 00:10:54,32,0.01
906,L15,#23,GW252/13600,(4)启机状态,4,2025-07-05 00:05:22,2025-07-05 00:10:22,300,0.08
907,L15,#23,GW252/13600,(3)待机状态,3,2025-07-05 00:04:11,2025-07-05 00:05:22,71,0.02
908,L15,#23,GW252/13600,(2)停机状态,2,2025-07-05 00:04:06,2025-07-05 00:04:11,5,0
909,L15,#23,GW252/13600,(1)停机过程,1,2025-07-05 00:03:35,2025-07-05 00:04:06,31,0.01
910,L15,#23,GW252/13600,(4)启机状态,4,2025-07-04 23:58:35,2025-07-05 00:03:35,300,0.08
911,L15,#23,GW252/13600,(3)待机状态,3,2025-07-04 23:57:36,2025-07-04 23:58:35,59,0.02
912,L15,#23,GW252/13600,(2)停机状态,2,2025-07-04 23:57:32,2025-07-04 23:57:36,4,0
913,L15,#23,GW252/13600,(1)停机过程,1,2025-07-04 23:57:01,2025-07-04 23:57:32,31,0.01
914,L15,#23,GW252/13600,(4)启机状态,4,2025-07-04 23:52:00,2025-07-04 23:57:01,301,0.08
915,L15,#23,GW252/13600,(3)待机状态,3,2025-07-04 23:50:46,2025-07-04 23:52:00,74,0.02
916,L15,#23,GW252/13600,(2)停机状态,2,2025-07-04 23:50:45,2025-07-04 23:50:46,1,0
917,L15,#23,GW252/13600,(1)停机过程,1,2025-07-04 23:50:13,2025-07-04 23:50:45,32,0.01
918,L15,#23,GW252/13600,(4)启机状态,4,2025-07-04 23:45:13,2025-07-04 23:50:13,300,0.08
919,L15,#23,GW252/13600,(3)待机状态,3,2025-07-04 23:43:12,2025-07-04 23:45:13,121,0.03
920,L15,#23,GW252/13600,(2)停机状态,2,2025-07-04 23:43:10,2025-07-04 23:43:12,2,0
921,L15,#23,GW252/13600,(1)停机过程,1,2025-07-04 23:42:38,2025-07-04 23:43:10,32,0.01
922,L15,#23,GW252/13600,(4)启机状态,4,2025-07-04 23:37:38,2025-07-04 23:42:38,300,0.08
923,L15,#23,GW252/13600,(3)待机状态,3,2025-07-04 23:36:07,2025-07-04 23:37:38,91,0.03
924,L15,#23,GW252/13600,(2)停机状态,2,2025-07-04 23:36:06,2025-07-04 23:36:07,1,0
925,L15,#23,GW252/13600,(1)停机过程,1,2025-07-04 23:35:09,2025-07-04 23:36:06,57,0.02
926,L15,#23,GW252/13600,(5)发电状态,5,2025-07-04 23:02:37,2025-07-04 23:35:09,1952,0.54
927,L15,#23,GW252/13600,(4)启机状态,4,2025-07-04 22:58:11,2025-07-04 23:02:37,266,0.07
928,L15,#23,GW252/13600,(3)待机状态,3,2025-07-04 22:57:14,2025-07-04 22:58:11,57,0.02
929,L15,#23,GW252/13600,(2)停机状态,2,2025-07-04 22:57:11,2025-07-04 22:57:14,3,0
930,L15,#23,GW252/13600,(1)停机过程,1,2025-07-04 22:56:40,2025-07-04 22:57:11,31,0.01
931,L15,#23,GW252/13600,(4)启机状态,4,2025-07-04 22:51:40,2025-07-04 22:56:40,300,0.08
932,L15,#23,GW252/13600,(3)待机状态,3,2025-07-04 22:50:36,2025-07-04 22:51:40,64,0.02
933,L15,#23,GW252/13600,(2)停机状态,2,2025-07-04 22:50:30,2025-07-04 22:50:36,6,0
934,L15,#23,GW252/13600,(1)停机过程,1,2025-07-04 22:49:59,2025-07-04 22:50:30,31,0.01
935,L15,#23,GW252/13600,(4)启机状态,4,2025-07-04 22:44:58,2025-07-04 22:49:59,301,0.08
936,L15,#23,GW252/13600,(3)待机状态,3,2025-07-04 22:44:04,2025-07-04 22:44:58,54,0.02
937,L15,#23,GW252/13600,(2)停机状态,2,2025-07-04 22:44:03,2025-07-04 22:44:04,1,0
938,L15,#23,GW252/13600,(1)停机过程,1,2025-07-04 22:43:31,2025-07-04 22:44:03,32,0.01
939,L15,#23,GW252/13600,(4)启机状态,4,2025-07-04 22:38:31,2025-07-04 22:43:31,300,0.08
940,L15,#23,GW252/13600,(3)待机状态,3,2025-07-04 22:37:28,2025-07-04 22:38:31,63,0.02
941,L15,#23,GW252/13600,(2)停机状态,2,2025-07-04 22:33:57,2025-07-04 22:37:28,211,0.06
942,L15,#23,GW252/13600,(1)停机过程,1,2025-07-04 22:33:26,2025-07-04 22:33:57,31,0.01
943,L15,#23,GW252/13600,(4)启机状态,4,2025-07-04 22:28:26,2025-07-04 22:33:26,300,0.08
944,L15,#23,GW252/13600,(3)待机状态,3,2025-07-04 22:27:24,2025-07-04 22:28:26,62,0.02
945,L15,#23,GW252/13600,(2)停机状态,2,2025-07-04 22:27:22,2025-07-04 22:27:24,2,0
946,L15,#23,GW252/13600,(1)停机过程,1,2025-07-04 22:26:51,2025-07-04 22:27:22,31,0.01
947,L15,#23,GW252/13600,(4)启机状态,4,2025-07-04 22:21:51,2025-07-04 22:26:51,300,0.08
948,L15,#23,GW252/13600,(3)待机状态,3,2025-07-04 22:20:54,2025-07-04 22:21:51,57,0.02
949,L15,#23,GW252/13600,(2)停机状态,2,2025-07-04 22:20:53,2025-07-04 22:20:54,1,0
950,L15,#23,GW252/13600,(1)停机过程,1,2025-07-04 22:20:21,2025-07-04 22:20:53,32,0.01
951,L15,#23,GW252/13600,(4)启机状态,4,2025-07-04 22:15:21,2025-07-04 22:20:21,300,0.08
952,L15,#23,GW252/13600,(3)待机状态,3,2025-07-04 22:13:43,2025-07-04 22:15:21,98,0.03
953,L15,#23,GW252/13600,(2)停机状态,2,2025-07-04 22:12:11,2025-07-04 22:13:43,92,0.03
954,L15,#23,GW252/13600,(1)停机过程,1,2025-07-04 22:11:41,2025-07-04 22:12:11,30,0.01
955,L15,#23,GW252/13600,(4)启机状态,4,2025-07-04 22:06:41,2025-07-04 22:11:41,300,0.08
956,L15,#23,GW252/13600,(3)待机状态,3,2025-07-04 22:05:33,2025-07-04 22:06:41,68,0.02
957,L15,#23,GW252/13600,(2)停机状态,2,2025-07-04 22:00:20,2025-07-04 22:05:33,313,0.09
958,L15,#23,GW252/13600,(1)停机过程,1,2025-07-04 21:59:47,2025-07-04 22:00:20,33,0.01
959,L15,#23,GW252/13600,(4)启机状态,4,2025-07-04 21:54:46,2025-07-04 21:59:47,301,0.08
960,L15,#23,GW252/13600,(3)待机状态,3,2025-07-04 21:53:49,2025-07-04 21:54:46,57,0.02
961,L15,#23,GW252/13600,(1)停机过程,1,2025-07-04 21:52:55,2025-07-04 21:53:49,54,0.02
962,L15,#23,GW252/13600,(5)发电状态,5,2025-07-04 07:28:38,2025-07-04 21:52:55,51857,14.4
963,L15,#23,GW252/13600,(4)启机状态,4,2025-07-04 07:27:13,2025-07-04 07:28:38,85,0.02
964,L15,#23,GW252/13600,(3)待机状态,3,2025-07-04 07:26:25,2025-07-04 07:27:13,48,0.01
965,L15,#23,GW252/13600,(2)停机状态,2,2025-07-04 07:26:24,2025-07-04 07:26:25,1,0
966,L15,#23,GW252/13600,(1)停机过程,1,2025-07-04 07:25:28,2025-07-04 07:26:24,56,0.02
967,L15,#23,GW252/13600,(4)启机状态,4,2025-07-04 07:20:29,2025-07-04 07:25:28,299,0.08
968,L15,#23,GW252/13600,(3)待机状态,3,2025-07-04 07:14:39,2025-07-04 07:20:29,350,0.1
969,L15,#23,GW252/13600,(2)停机状态,2,2025-07-04 07:14:37,2025-07-04 07:14:39,2,0
970,L15,#23,GW252/13600,(1)停机过程,1,2025-07-04 07:14:06,2025-07-04 07:14:37,31,0.01
971,L15,#23,GW252/13600,(4)启机状态,4,2025-07-04 07:09:06,2025-07-04 07:14:06,300,0.08
972,L15,#23,GW252/13600,(3)待机状态,3,2025-07-04 07:07:57,2025-07-04 07:09:06,69,0.02
973,L15,#23,GW252/13600,(2)停机状态,2,2025-07-04 07:07:56,2025-07-04 07:07:57,1,0
974,L15,#23,GW252/13600,(1)停机过程,1,2025-07-04 07:07:23,2025-07-04 07:07:56,33,0.01
975,L15,#23,GW252/13600,(4)启机状态,4,2025-07-04 07:02:24,2025-07-04 07:07:23,299,0.08
976,L15,#23,GW252/13600,(3)待机状态,3,2025-07-04 06:57:59,2025-07-04 07:02:24,265,0.07
977,L15,#23,GW252/13600,(2)停机状态,2,2025-07-04 06:55:04,2025-07-04 06:57:59,175,0.05
978,L15,#23,GW252/13600,(1)停机过程,1,2025-07-04 06:54:08,2025-07-04 06:55:04,56,0.02
979,L15,#23,GW252/13600,(5)发电状态,5,2025-07-01 12:17:37,2025-07-04 06:54:08,239791,66.61
980,L15,#23,GW252/13600,(4)启机状态,4,2025-07-01 12:15:40,2025-07-01 12:17:37,117,0.03
981,L15,#23,GW252/13600,(3)待机状态,3,2025-07-01 12:14:53,2025-07-01 12:15:40,47,0.01
982,L15,#23,GW252/13600,(1)停机过程,1,2025-07-01 12:14:21,2025-07-01 12:14:53,32,0.01
983,L15,#23,GW252/13600,(4)启机状态,4,2025-07-01 12:09:21,2025-07-01 12:14:21,300,0.08
984,L15,#23,GW252/13600,(3)待机状态,3,2025-07-01 12:08:20,2025-07-01 12:09:21,61,0.02
985,L15,#23,GW252/13600,(2)停机状态,2,2025-07-01 12:08:18,2025-07-01 12:08:20,2,0
986,L15,#23,GW252/13600,(1)停机过程,1,2025-07-01 12:07:46,2025-07-01 12:08:18,32,0.01
987,L15,#23,GW252/13600,(4)启机状态,4,2025-07-01 12:02:47,2025-07-01 12:07:46,299,0.08
988,L15,#23,GW252/13600,(3)待机状态,3,2025-07-01 12:01:51,2025-07-01 12:02:47,56,0.02
989,L15,#23,GW252/13600,(2)停机状态,2,2025-07-01 12:01:50,2025-07-01 12:01:51,1,0
990,L15,#23,GW252/13600,(1)停机过程,1,2025-07-01 12:01:20,2025-07-01 12:01:50,30,0.01
991,L15,#23,GW252/13600,(4)启机状态,4,2025-07-01 11:56:20,2025-07-01 12:01:20,300,0.08
992,L15,#23,GW252/13600,(3)待机状态,3,2025-07-01 11:54:16,2025-07-01 11:56:20,124,0.03
993,L15,#23,GW252/13600,(2)停机状态,2,2025-07-01 11:54:14,2025-07-01 11:54:16,2,0
994,L15,#23,GW252/13600,(1)停机过程,1,2025-07-01 11:53:18,2025-07-01 11:54:14,56,0.02
995,L15,#23,GW252/13600,(5)发电状态,5,2025-07-01 07:36:24,2025-07-01 11:53:18,15414,4.28
996,L15,#23,GW252/13600,(4)启机状态,4,2025-07-01 07:34:16,2025-07-01 07:36:24,128,0.04
997,L15,#23,GW252/13600,(3)待机状态,3,2025-07-01 07:33:28,2025-07-01 07:34:16,48,0.01
998,L15,#23,GW252/13600,(2)停机状态,2,2025-07-01 07:33:27,2025-07-01 07:33:28,1,0
999,L15,#23,GW252/13600,(1)停机过程,1,2025-07-01 07:32:31,2025-07-01 07:33:27,56,0.02
1000,L15,#23,GW252/13600,(5)发电状态,5,2025-07-01 05:33:30,2025-07-01 07:32:31,7141,1.98
1001,L15,#23,GW252/13600,(4)启机状态,4,2025-07-01 05:30:23,2025-07-01 05:33:30,187,0.05
1002,L15,#23,GW252/13600,(3)待机状态,3,2025-07-01 05:30:00,2025-07-01 05:30:23,23,0.01
1003,L15,#23,GW252/13600,(1)停机过程,1,2025-07-01 05:29:06,2025-07-01 05:30:00,54,0.02
1004,L15,#23,GW252/13600,(4)启机状态,4,2025-07-01 05:24:04,2025-07-01 05:29:06,302,0.08
1005,L15,#23,GW252/13600,(3)待机状态,3,2025-07-01 05:23:07,2025-07-01 05:24:04,57,0.02
1006,L15,#23,GW252/13600,(2)停机状态,2,2025-07-01 05:23:06,2025-07-01 05:23:07,1,0
1007,L15,#23,GW252/13600,(1)停机过程,1,2025-07-01 05:22:34,2025-07-01 05:23:06,32,0.01
1008,L15,#23,GW252/13600,(4)启机状态,4,2025-07-01 05:17:34,2025-07-01 05:22:34,300,0.08
1009,L15,#23,GW252/13600,(3)待机状态,3,2025-07-01 05:16:35,2025-07-01 05:17:34,59,0.02
1010,L15,#23,GW252/13600,(2)停机状态,2,2025-07-01 05:16:33,2025-07-01 05:16:35,2,0
1011,L15,#23,GW252/13600,(1)停机过程,1,2025-07-01 05:16:01,2025-07-01 05:16:33,32,0.01
1012,L15,#23,GW252/13600,(4)启机状态,4,2025-07-01 05:11:02,2025-07-01 05:16:01,299,0.08
1013,L15,#23,GW252/13600,(3)待机状态,3,2025-07-01 04:50:06,2025-07-01 05:11:02,1256,0.35
1014,L15,#23,GW252/13600,(2)停机状态,2,2025-07-01 04:45:08,2025-07-01 04:50:06,298,0.08
1015,L15,#23,GW252/13600,(1)停机过程,1,2025-07-01 04:44:37,2025-07-01 04:45:08,31,0.01
1016,L15,#23,GW252/13600,(4)启机状态,4,2025-07-01 04:39:38,2025-07-01 04:44:37,299,0.08
1017,L15,#23,GW252/13600,(3)待机状态,3,2025-07-01 04:26:11,2025-07-01 04:39:38,807,0.22
1018,L15,#23,GW252/13600,(2)停机状态,2,2025-07-01 04:20:33,2025-07-01 04:26:11,338,0.09
1019,L15,#23,GW252/13600,(1)停机过程,1,2025-07-01 04:20:02,2025-07-01 04:20:33,31,0.01
1020,L15,#23,GW252/13600,(4)启机状态,4,2025-07-01 04:15:01,2025-07-01 04:20:02,301,0.08
1021,L15,#23,GW252/13600,(3)待机状态,3,2025-07-01 04:05:54,2025-07-01 04:15:01,547,0.15
1022,L15,#23,GW252/13600,(2)停机状态,2,2025-07-01 04:03:18,2025-07-01 04:05:54,156,0.04
1023,L15,#23,GW252/13600,(1)停机过程,1,2025-07-01 04:02:22,2025-07-01 04:03:18,56,0.02
1024,L15,#23,GW252/13600,(5)发电状态,5,2025-06-30 17:07:23,2025-07-01 04:02:22,39299,10.92
1025,L15,#23,GW252/13600,(4)启机状态,4,2025-06-30 17:05:16,2025-06-30 17:07:23,127,0.04
1026,L15,#23,GW252/13600,(3)待机状态,3,2025-06-30 17:04:18,2025-06-30 17:05:16,58,0.02
1027,L15,#23,GW252/13600,(2)停机状态,2,2025-06-30 17:04:14,2025-06-30 17:04:18,4,0
1028,L15,#23,GW252/13600,(1)停机过程,1,2025-06-30 17:03:40,2025-06-30 17:04:14,34,0.01
1029,L15,#23,GW252/13600,(4)启机状态,4,2025-06-30 16:58:40,2025-06-30 17:03:40,300,0.08
1030,L15,#23,GW252/13600,(3)待机状态,3,2025-06-30 16:57:46,2025-06-30 16:58:40,54,0.02
1031,L15,#23,GW252/13600,(2)停机状态,2,2025-06-30 16:57:45,2025-06-30 16:57:46,1,0
1032,L15,#23,GW252/13600,(1)停机过程,1,2025-06-30 16:56:50,2025-06-30 16:57:45,55,0.02
1033,L15,#23,GW252/13600,(5)发电状态,5,2025-06-30 15:59:07,2025-06-30 16:56:50,3463,0.96
1034,L15,#23,GW252/13600,(4)启机状态,4,2025-06-30 15:54:47,2025-06-30 15:59:07,260,0.07
1035,L15,#23,GW252/13600,(3)待机状态,3,2025-06-30 15:53:52,2025-06-30 15:54:47,55,0.02
1036,L15,#23,GW252/13600,(2)停机状态,2,2025-06-30 15:53:50,2025-06-30 15:53:52,2,0
1037,L15,#23,GW252/13600,(1)停机过程,1,2025-06-30 15:53:04,2025-06-30 15:53:50,46,0.01
1038,L15,#23,GW252/13600,(4)启机状态,4,2025-06-30 15:48:03,2025-06-30 15:53:04,301,0.08
1039,L15,#23,GW252/13600,(3)待机状态,3,2025-06-30 15:46:03,2025-06-30 15:48:03,120,0.03
1040,L15,#23,GW252/13600,(2)停机状态,2,2025-06-30 15:42:54,2025-06-30 15:46:03,189,0.05
1041,L15,#23,GW252/13600,(1)停机过程,1,2025-06-30 15:41:58,2025-06-30 15:42:54,56,0.02
1042,L15,#23,GW252/13600,(5)发电状态,5,2025-06-30 14:12:17,2025-06-30 15:41:58,5381,1.49
1043,L15,#23,GW252/13600,(4)启机状态,4,2025-06-30 14:08:31,2025-06-30 14:12:17,226,0.06
1044,L15,#23,GW252/13600,(3)待机状态,3,2025-06-30 14:07:37,2025-06-30 14:08:31,54,0.02
1045,L15,#23,GW252/13600,(2)停机状态,2,2025-06-30 14:07:35,2025-06-30 14:07:37,2,0
1046,L15,#23,GW252/13600,(1)停机过程,1,2025-06-30 14:07:03,2025-06-30 14:07:35,32,0.01
1047,L15,#23,GW252/13600,(4)启机状态,4,2025-06-30 14:02:03,2025-06-30 14:07:03,300,0.08
1048,L15,#23,GW252/13600,(3)待机状态,3,2025-06-30 14:01:03,2025-06-30 14:02:03,60,0.02
1049,L15,#23,GW252/13600,(2)停机状态,2,2025-06-30 14:00:58,2025-06-30 14:01:03,5,0
1050,L15,#23,GW252/13600,(1)停机过程,1,2025-06-30 14:00:27,2025-06-30 14:00:58,31,0.01
1051,L15,#23,GW252/13600,(4)启机状态,4,2025-06-30 13:55:27,2025-06-30 14:00:27,300,0.08
1052,L15,#23,GW252/13600,(3)待机状态,3,2025-06-30 13:51:22,2025-06-30 13:55:27,245,0.07
1053,L15,#23,GW252/13600,(2)停机状态,2,2025-06-30 13:51:20,2025-06-30 13:51:22,2,0
1054,L15,#23,GW252/13600,(1)停机过程,1,2025-06-30 13:50:25,2025-06-30 13:51:20,55,0.02
1055,L15,#23,GW252/13600,(5)发电状态,5,2025-06-30 12:55:02,2025-06-30 13:50:25,3323,0.92
1056,L15,#23,GW252/13600,(4)启机状态,4,2025-06-30 12:50:07,2025-06-30 12:55:02,295,0.08
1057,L15,#23,GW252/13600,(3)待机状态,3,2025-06-30 12:49:21,2025-06-30 12:50:07,46,0.01
1058,L15,#23,GW252/13600,(2)停机状态,2,2025-06-30 12:49:20,2025-06-30 12:49:21,1,0
1059,L15,#23,GW252/13600,(1)停机过程,1,2025-06-30 12:48:24,2025-06-30 12:49:20,56,0.02
1060,L15,#23,GW252/13600,(4)启机状态,4,2025-06-30 12:43:24,2025-06-30 12:48:24,300,0.08
1061,L15,#23,GW252/13600,(3)待机状态,3,2025-06-30 12:40:47,2025-06-30 12:43:24,157,0.04
1062,L15,#23,GW252/13600,(2)停机状态,2,2025-06-30 12:36:16,2025-06-30 12:40:47,271,0.08
1063,L15,#23,GW252/13600,(1)停机过程,1,2025-06-30 12:35:22,2025-06-30 12:36:16,54,0.02
1064,L15,#23,GW252/13600,(5)发电状态,5,2025-06-30 05:09:48,2025-06-30 12:35:22,26734,7.43
1065,L15,#23,GW252/13600,(4)启机状态,4,2025-06-30 05:05:46,2025-06-30 05:09:48,242,0.07
1066,L15,#23,GW252/13600,(3)待机状态,3,2025-06-30 05:04:51,2025-06-30 05:05:46,55,0.02
1067,L15,#23,GW252/13600,(2)停机状态,2,2025-06-30 05:04:50,2025-06-30 05:04:51,1,0
1068,L15,#23,GW252/13600,(1)停机过程,1,2025-06-30 05:04:19,2025-06-30 05:04:50,31,0.01
1069,L15,#23,GW252/13600,(4)启机状态,4,2025-06-30 04:59:18,2025-06-30 05:04:19,301,0.08
1070,L15,#23,GW252/13600,(3)待机状态,3,2025-06-30 04:58:19,2025-06-30 04:59:18,59,0.02
1071,L15,#23,GW252/13600,(1)停机过程,1,2025-06-30 04:57:46,2025-06-30 04:58:19,33,0.01
1072,L15,#23,GW252/13600,(4)启机状态,4,2025-06-30 04:52:46,2025-06-30 04:57:46,300,0.08
1073,L15,#23,GW252/13600,(3)待机状态,3,2025-06-30 04:51:46,2025-06-30 04:52:46,60,0.02
1074,L15,#23,GW252/13600,(2)停机状态,2,2025-06-30 04:51:44,2025-06-30 04:51:46,2,0
1075,L15,#23,GW252/13600,(1)停机过程,1,2025-06-30 04:51:13,2025-06-30 04:51:44,31,0.01
1076,L15,#23,GW252/13600,(4)启机状态,4,2025-06-30 04:46:13,2025-06-30 04:51:13,300,0.08
1077,L15,#23,GW252/13600,(3)待机状态,3,2025-06-30 04:45:14,2025-06-30 04:46:13,59,0.02
1078,L15,#23,GW252/13600,(2)停机状态,2,2025-06-30 04:44:15,2025-06-30 04:45:14,59,0.02
1079,L15,#23,GW252/13600,(1)停机过程,1,2025-06-30 04:43:20,2025-06-30 04:44:15,55,0.02
1080,L15,#23,GW252/13600,(5)发电状态,5,2025-06-30 01:19:36,2025-06-30 04:43:20,12224,3.4
1081,L15,#23,GW252/13600,(4)启机状态,4,2025-06-30 01:17:14,2025-06-30 01:19:36,142,0.04
1082,L15,#23,GW252/13600,(3)待机状态,3,2025-06-30 01:16:02,2025-06-30 01:17:14,72,0.02
1083,L15,#23,GW252/13600,(2)停机状态,2,2025-06-30 01:16:01,2025-06-30 01:16:02,1,0
1084,L15,#23,GW252/13600,(1)停机过程,1,2025-06-30 01:15:07,2025-06-30 01:16:01,54,0.02
1085,L15,#23,GW252/13600,(5)发电状态,5,2025-06-29 19:10:33,2025-06-30 01:15:07,21874,6.08
1086,L15,#23,GW252/13600,(4)启机状态,4,2025-06-29 19:08:10,2025-06-29 19:10:33,143,0.04
1087,L15,#23,GW252/13600,(3)待机状态,3,2025-06-29 19:07:13,2025-06-29 19:08:10,57,0.02
1088,L15,#23,GW252/13600,(2)停机状态,2,2025-06-29 19:07:12,2025-06-29 19:07:13,1,0
1089,L15,#23,GW252/13600,(1)停机过程,1,2025-06-29 19:06:40,2025-06-29 19:07:12,32,0.01
1090,L15,#23,GW252/13600,(4)启机状态,4,2025-06-29 19:01:40,2025-06-29 19:06:40,300,0.08
1091,L15,#23,GW252/13600,(3)待机状态,3,2025-06-29 19:00:41,2025-06-29 19:01:40,59,0.02
1092,L15,#23,GW252/13600,(2)停机状态,2,2025-06-29 18:57:56,2025-06-29 19:00:41,165,0.05
1093,L15,#23,GW252/13600,(1)停机过程,1,2025-06-29 18:57:02,2025-06-29 18:57:56,54,0.02
1094,L15,#23,GW252/13600,(5)发电状态,5,2025-06-29 17:05:55,2025-06-29 18:57:02,6667,1.85
1095,L15,#23,GW252/13600,(4)启机状态,4,2025-06-29 17:01:47,2025-06-29 17:05:55,248,0.07
1096,L15,#23,GW252/13600,(3)待机状态,3,2025-06-29 17:00:58,2025-06-29 17:01:47,49,0.01
1097,L15,#23,GW252/13600,(2)停机状态,2,2025-06-29 17:00:57,2025-06-29 17:00:58,1,0
1098,L15,#23,GW252/13600,(1)停机过程,1,2025-06-29 17:00:26,2025-06-29 17:00:57,31,0.01
1099,L15,#23,GW252/13600,(4)启机状态,4,2025-06-29 16:55:24,2025-06-29 17:00:26,302,0.08
1100,L15,#23,GW252/13600,(3)待机状态,3,2025-06-29 16:54:18,2025-06-29 16:55:24,66,0.02
1101,L15,#23,GW252/13600,(2)停机状态,2,2025-06-29 16:52:30,2025-06-29 16:54:18,108,0.03
1102,L15,#23,GW252/13600,(1)停机过程,1,2025-06-29 16:51:59,2025-06-29 16:52:30,31,0.01
1103,L15,#23,GW252/13600,(4)启机状态,4,2025-06-29 16:46:57,2025-06-29 16:51:59,302,0.08
1104,L15,#23,GW252/13600,(3)待机状态,3,2025-06-29 16:46:10,2025-06-29 16:46:57,47,0.01
1105,L15,#23,GW252/13600,(2)停机状态,2,2025-06-29 16:46:09,2025-06-29 16:46:10,1,0
1106,L15,#23,GW252/13600,(1)停机过程,1,2025-06-29 16:45:38,2025-06-29 16:46:09,31,0.01
1107,L15,#23,GW252/13600,(4)启机状态,4,2025-06-29 16:40:38,2025-06-29 16:45:38,300,0.08
1108,L15,#23,GW252/13600,(3)待机状态,3,2025-06-29 16:39:21,2025-06-29 16:40:38,77,0.02
1109,L15,#23,GW252/13600,(2)停机状态,2,2025-06-29 16:39:20,2025-06-29 16:39:21,1,0
1110,L15,#23,GW252/13600,(1)停机过程,1,2025-06-29 16:38:49,2025-06-29 16:39:20,31,0.01
1111,L15,#23,GW252/13600,(4)启机状态,4,2025-06-29 16:33:49,2025-06-29 16:38:49,300,0.08
1112,L15,#23,GW252/13600,(3)待机状态,3,2025-06-29 16:30:58,2025-06-29 16:33:49,171,0.05
1113,L15,#23,GW252/13600,(1)停机过程,1,2025-06-29 16:30:26,2025-06-29 16:30:58,32,0.01
1114,L15,#23,GW252/13600,(4)启机状态,4,2025-06-29 16:25:26,2025-06-29 16:30:26,300,0.08
1115,L15,#23,GW252/13600,(3)待机状态,3,2025-06-29 16:24:13,2025-06-29 16:25:26,73,0.02
1116,L15,#23,GW252/13600,(1)停机过程,1,2025-06-29 16:23:17,2025-06-29 16:24:13,56,0.02
1117,L15,#23,GW252/13600,(5)发电状态,5,2025-06-29 13:20:27,2025-06-29 16:23:17,10970,3.05
1118,L15,#23,GW252/13600,(4)启机状态,4,2025-06-29 13:18:29,2025-06-29 13:20:27,118,0.03
1119,L15,#23,GW252/13600,(3)待机状态,3,2025-06-29 13:17:40,2025-06-29 13:18:29,49,0.01
1120,L15,#23,GW252/13600,(2)停机状态,2,2025-06-29 13:17:38,2025-06-29 13:17:40,2,0
1121,L15,#23,GW252/13600,(1)停机过程,1,2025-06-29 13:16:45,2025-06-29 13:17:38,53,0.01
1122,L15,#23,GW252/13600,(4)启机状态,4,2025-06-29 13:11:45,2025-06-29 13:16:45,300,0.08
1123,L15,#23,GW252/13600,(3)待机状态,3,2025-06-29 13:10:49,2025-06-29 13:11:45,56,0.02
1124,L15,#23,GW252/13600,(2)停机状态,2,2025-06-29 13:10:48,2025-06-29 13:10:49,1,0
1125,L15,#23,GW252/13600,(1)停机过程,1,2025-06-29 13:09:52,2025-06-29 13:10:48,56,0.02
1126,L15,#23,GW252/13600,(5)发电状态,5,2025-06-29 12:10:41,2025-06-29 13:09:52,3551,0.99
1127,L15,#23,GW252/13600,(4)启机状态,4,2025-06-29 12:08:25,2025-06-29 12:10:41,136,0.04
1128,L15,#23,GW252/13600,(3)待机状态,3,2025-06-29 12:07:32,2025-06-29 12:08:25,53,0.01
1129,L15,#23,GW252/13600,(2)停机状态,2,2025-06-29 12:07:30,2025-06-29 12:07:32,2,0
1130,L15,#23,GW252/13600,(1)停机过程,1,2025-06-29 12:06:58,2025-06-29 12:07:30,32,0.01
1131,L15,#23,GW252/13600,(4)启机状态,4,2025-06-29 12:01:58,2025-06-29 12:06:58,300,0.08
1132,L15,#23,GW252/13600,(3)待机状态,3,2025-06-29 12:00:47,2025-06-29 12:01:58,71,0.02
1133,L15,#23,GW252/13600,(2)停机状态,2,2025-06-29 12:00:45,2025-06-29 12:00:47,2,0
1134,L15,#23,GW252/13600,(1)停机过程,1,2025-06-29 12:00:14,2025-06-29 12:00:45,31,0.01
1135,L15,#23,GW252/13600,(4)启机状态,4,2025-06-29 11:55:14,2025-06-29 12:00:14,300,0.08
1136,L15,#23,GW252/13600,(3)待机状态,3,2025-06-29 11:50:21,2025-06-29 11:55:14,293,0.08
1137,L15,#23,GW252/13600,(2)停机状态,2,2025-06-29 11:49:00,2025-06-29 11:50:21,81,0.02
1138,L15,#23,GW252/13600,(1)停机过程,1,2025-06-29 11:48:05,2025-06-29 11:49:00,55,0.02
1139,L15,#23,GW252/13600,(5)发电状态,5,2025-06-29 11:37:44,2025-06-29 11:48:05,621,0.17
1140,L15,#23,GW252/13600,(4)启机状态,4,2025-06-29 11:34:45,2025-06-29 11:37:44,179,0.05
1141,L15,#23,GW252/13600,(3)待机状态,3,2025-06-29 11:33:56,2025-06-29 11:34:45,49,0.01
1142,L15,#23,GW252/13600,(2)停机状态,2,2025-06-29 11:32:25,2025-06-29 11:33:56,91,0.03
1143,L15,#23,GW252/13600,(1)停机过程,1,2025-06-29 11:31:53,2025-06-29 11:32:25,32,0.01
1144,L15,#23,GW252/13600,(4)启机状态,4,2025-06-29 11:26:54,2025-06-29 11:31:53,299,0.08
1145,L15,#23,GW252/13600,(3)待机状态,3,2025-06-29 11:25:41,2025-06-29 11:26:54,73,0.02
1146,L15,#23,GW252/13600,(2)停机状态,2,2025-06-29 11:25:38,2025-06-29 11:25:41,3,0
1147,L15,#23,GW252/13600,(1)停机过程,1,2025-06-29 11:24:43,2025-06-29 11:25:38,55,0.02
1148,L15,#23,GW252/13600,(5)发电状态,5,2025-06-29 08:42:54,2025-06-29 11:24:43,9709,2.7
1149,L15,#23,GW252/13600,(4)启机状态,4,2025-06-29 08:38:25,2025-06-29 08:42:54,269,0.07
1150,L15,#23,GW252/13600,(3)待机状态,3,2025-06-29 08:37:31,2025-06-29 08:38:25,54,0.02
1151,L15,#23,GW252/13600,(2)停机状态,2,2025-06-29 08:36:50,2025-06-29 08:37:31,41,0.01
1152,L15,#23,GW252/13600,(1)停机过程,1,2025-06-29 08:36:20,2025-06-29 08:36:50,30,0.01
1153,L15,#23,GW252/13600,(4)启机状态,4,2025-06-29 08:31:20,2025-06-29 08:36:20,300,0.08
1154,L15,#23,GW252/13600,(3)待机状态,3,2025-06-29 08:29:38,2025-06-29 08:31:20,102,0.03
1155,L15,#23,GW252/13600,(2)停机状态,2,2025-06-29 08:29:36,2025-06-29 08:29:38,2,0
1156,L15,#23,GW252/13600,(1)停机过程,1,2025-06-29 08:29:05,2025-06-29 08:29:36,31,0.01
1157,L15,#23,GW252/13600,(4)启机状态,4,2025-06-29 08:24:05,2025-06-29 08:29:05,300,0.08
1158,L15,#23,GW252/13600,(3)待机状态,3,2025-06-29 08:23:00,2025-06-29 08:24:05,65,0.02
1159,L15,#23,GW252/13600,(2)停机状态,2,2025-06-29 08:22:50,2025-06-29 08:23:00,10,0
1160,L15,#23,GW252/13600,(1)停机过程,1,2025-06-29 08:21:55,2025-06-29 08:22:50,55,0.02
1161,L15,#23,GW252/13600,(5)发电状态,5,2025-06-28 17:40:47,2025-06-29 08:21:55,52868,14.69
1162,L15,#23,GW252/13600,(4)启机状态,4,2025-06-28 17:36:25,2025-06-28 17:40:47,262,0.07
1163,L15,#23,GW252/13600,(3)待机状态,3,2025-06-28 17:35:29,2025-06-28 17:36:25,56,0.02
1164,L15,#23,GW252/13600,(2)停机状态,2,2025-06-28 17:35:28,2025-06-28 17:35:29,1,0
1165,L15,#23,GW252/13600,(1)停机过程,1,2025-06-28 17:34:55,2025-06-28 17:35:28,33,0.01
1166,L15,#23,GW252/13600,(4)启机状态,4,2025-06-28 17:29:56,2025-06-28 17:34:55,299,0.08
1167,L15,#23,GW252/13600,(3)待机状态,3,2025-06-28 17:29:06,2025-06-28 17:29:56,50,0.01
1168,L15,#23,GW252/13600,(2)停机状态,2,2025-06-28 17:29:05,2025-06-28 17:29:06,1,0
1169,L15,#23,GW252/13600,(1)停机过程,1,2025-06-28 17:28:33,2025-06-28 17:29:05,32,0.01
1170,L15,#23,GW252/13600,(4)启机状态,4,2025-06-28 17:23:33,2025-06-28 17:28:33,300,0.08
1171,L15,#23,GW252/13600,(3)待机状态,3,2025-06-28 17:22:08,2025-06-28 17:23:33,85,0.02
1172,L15,#23,GW252/13600,(2)停机状态,2,2025-06-28 17:22:06,2025-06-28 17:22:08,2,0
1173,L15,#23,GW252/13600,(1)停机过程,1,2025-06-28 17:21:33,2025-06-28 17:22:06,33,0.01
1174,L15,#23,GW252/13600,(4)启机状态,4,2025-06-28 17:16:34,2025-06-28 17:21:33,299,0.08
1175,L15,#23,GW252/13600,(3)待机状态,3,2025-06-28 17:15:28,2025-06-28 17:16:34,66,0.02
1176,L15,#23,GW252/13600,(2)停机状态,2,2025-06-28 17:15:26,2025-06-28 17:15:28,2,0
1177,L15,#23,GW252/13600,(1)停机过程,1,2025-06-28 17:14:55,2025-06-28 17:15:26,31,0.01
1178,L15,#23,GW252/13600,(4)启机状态,4,2025-06-28 17:09:54,2025-06-28 17:14:55,301,0.08
1179,L15,#23,GW252/13600,(3)待机状态,3,2025-06-28 17:08:50,2025-06-28 17:09:54,64,0.02
1180,L15,#23,GW252/13600,(2)停机状态,2,2025-06-28 17:08:49,2025-06-28 17:08:50,1,0
1181,L15,#23,GW252/13600,(1)停机过程,1,2025-06-28 17:08:17,2025-06-28 17:08:49,32,0.01
1182,L15,#23,GW252/13600,(4)启机状态,4,2025-06-28 17:03:17,2025-06-28 17:08:17,300,0.08
1183,L15,#23,GW252/13600,(3)待机状态,3,2025-06-28 17:02:16,2025-06-28 17:03:17,61,0.02
1184,L15,#23,GW252/13600,(2)停机状态,2,2025-06-28 17:02:14,2025-06-28 17:02:16,2,0
1185,L15,#23,GW252/13600,(1)停机过程,1,2025-06-28 17:01:43,2025-06-28 17:02:14,31,0.01
1186,L15,#23,GW252/13600,(4)启机状态,4,2025-06-28 16:56:43,2025-06-28 17:01:43,300,0.08
1187,L15,#23,GW252/13600,(3)待机状态,3,2025-06-28 16:55:05,2025-06-28 16:56:43,98,0.03
1188,L15,#23,GW252/13600,(2)停机状态,2,2025-06-28 16:54:58,2025-06-28 16:55:05,7,0
1189,L15,#23,GW252/13600,(1)停机过程,1,2025-06-28 16:54:26,2025-06-28 16:54:58,32,0.01
1190,L15,#23,GW252/13600,(4)启机状态,4,2025-06-28 16:49:26,2025-06-28 16:54:26,300,0.08
1191,L15,#23,GW252/13600,(3)待机状态,3,2025-06-28 16:48:32,2025-06-28 16:49:26,54,0.02
1192,L15,#23,GW252/13600,(2)停机状态,2,2025-06-28 16:48:31,2025-06-28 16:48:32,1,0
1193,L15,#23,GW252/13600,(1)停机过程,1,2025-06-28 16:47:59,2025-06-28 16:48:31,32,0.01
1194,L15,#23,GW252/13600,(4)启机状态,4,2025-06-28 16:42:59,2025-06-28 16:47:59,300,0.08
1195,L15,#23,GW252/13600,(3)待机状态,3,2025-06-28 16:41:56,2025-06-28 16:42:59,63,0.02
1196,L15,#23,GW252/13600,(2)停机状态,2,2025-06-28 16:41:55,2025-06-28 16:41:56,1,0
1197,L15,#23,GW252/13600,(1)停机过程,1,2025-06-28 16:41:23,2025-06-28 16:41:55,32,0.01
1198,L15,#23,GW252/13600,(4)启机状态,4,2025-06-28 16:36:23,2025-06-28 16:41:23,300,0.08
1199,L15,#23,GW252/13600,(3)待机状态,3,2025-06-28 16:35:29,2025-06-28 16:36:23,54,0.02
1200,L15,#23,GW252/13600,(2)停机状态,2,2025-06-28 16:35:27,2025-06-28 16:35:29,2,0
1201,L15,#23,GW252/13600,(1)停机过程,1,2025-06-28 16:34:56,2025-06-28 16:35:27,31,0.01
1202,L15,#23,GW252/13600,(4)启机状态,4,2025-06-28 16:29:56,2025-06-28 16:34:56,300,0.08
1203,L15,#23,GW252/13600,(3)待机状态,3,2025-06-28 16:28:58,2025-06-28 16:29:56,58,0.02
1204,L15,#23,GW252/13600,(2)停机状态,2,2025-06-28 16:27:34,2025-06-28 16:28:58,84,0.02
1205,L15,#23,GW252/13600,(1)停机过程,1,2025-06-28 16:26:38,2025-06-28 16:27:34,56,0.02
1206,L15,#23,GW252/13600,(5)发电状态,5,2025-06-28 15:48:07,2025-06-28 16:26:38,2311,0.64
1207,L15,#23,GW252/13600,(4)启机状态,4,2025-06-28 15:45:58,2025-06-28 15:48:07,129,0.04
1208,L15,#23,GW252/13600,(3)待机状态,3,2025-06-28 15:45:09,2025-06-28 15:45:58,49,0.01
1209,L15,#23,GW252/13600,(1)停机过程,1,2025-06-28 15:44:38,2025-06-28 15:45:09,31,0.01
1210,L15,#23,GW252/13600,(4)启机状态,4,2025-06-28 15:39:37,2025-06-28 15:44:38,301,0.08
1211,L15,#23,GW252/13600,(3)待机状态,3,2025-06-28 15:38:38,2025-06-28 15:39:37,59,0.02
1212,L15,#23,GW252/13600,(2)停机状态,2,2025-06-28 15:38:37,2025-06-28 15:38:38,1,0
1213,L15,#23,GW252/13600,(1)停机过程,1,2025-06-28 15:38:05,2025-06-28 15:38:37,32,0.01
1214,L15,#23,GW252/13600,(4)启机状态,4,2025-06-28 15:33:05,2025-06-28 15:38:05,300,0.08
1215,L15,#23,GW252/13600,(3)待机状态,3,2025-06-28 15:32:01,2025-06-28 15:33:05,64,0.02
1216,L15,#23,GW252/13600,(2)停机状态,2,2025-06-28 15:31:58,2025-06-28 15:32:01,3,0
1217,L15,#23,GW252/13600,(1)停机过程,1,2025-06-28 15:31:28,2025-06-28 15:31:58,30,0.01
1218,L15,#23,GW252/13600,(4)启机状态,4,2025-06-28 15:26:28,2025-06-28 15:31:28,300,0.08
1219,L15,#23,GW252/13600,(3)待机状态,3,2025-06-28 15:25:34,2025-06-28 15:26:28,54,0.02
1220,L15,#23,GW252/13600,(2)停机状态,2,2025-06-28 15:25:32,2025-06-28 15:25:34,2,0
1221,L15,#23,GW252/13600,(1)停机过程,1,2025-06-28 15:25:00,2025-06-28 15:25:32,32,0.01
1222,L15,#23,GW252/13600,(4)启机状态,4,2025-06-28 15:19:59,2025-06-28 15:25:00,301,0.08
1223,L15,#23,GW252/13600,(3)待机状态,3,2025-06-28 15:18:50,2025-06-28 15:19:59,69,0.02
1224,L15,#23,GW252/13600,(1)停机过程,1,2025-06-28 15:18:19,2025-06-28 15:18:50,31,0.01
1225,L15,#23,GW252/13600,(4)启机状态,4,2025-06-28 15:13:19,2025-06-28 15:18:19,300,0.08
1226,L15,#23,GW252/13600,(3)待机状态,3,2025-06-28 15:12:12,2025-06-28 15:13:19,67,0.02
1227,L15,#23,GW252/13600,(2)停机状态,2,2025-06-28 15:11:40,2025-06-28 15:12:12,32,0.01
1228,L15,#23,GW252/13600,(1)停机过程,1,2025-06-28 15:11:08,2025-06-28 15:11:40,32,0.01
1229,L15,#23,GW252/13600,(4)启机状态,4,2025-06-28 15:06:09,2025-06-28 15:11:08,299,0.08
1230,L15,#23,GW252/13600,(3)待机状态,3,2025-06-28 15:05:05,2025-06-28 15:06:09,64,0.02
1231,L15,#23,GW252/13600,(1)停机过程,1,2025-06-28 15:04:32,2025-06-28 15:05:05,33,0.01
1232,L15,#23,GW252/13600,(4)启机状态,4,2025-06-28 14:59:32,2025-06-28 15:04:32,300,0.08
1233,L15,#23,GW252/13600,(3)待机状态,3,2025-06-28 14:58:09,2025-06-28 14:59:32,83,0.02
1234,L15,#23,GW252/13600,(1)停机过程,1,2025-06-28 14:57:38,2025-06-28 14:58:09,31,0.01
1235,L15,#23,GW252/13600,(4)启机状态,4,2025-06-28 14:52:38,2025-06-28 14:57:38,300,0.08
1236,L15,#23,GW252/13600,(3)待机状态,3,2025-06-28 14:51:20,2025-06-28 14:52:38,78,0.02
1237,L15,#23,GW252/13600,(2)停机状态,2,2025-06-28 14:51:19,2025-06-28 14:51:20,1,0
1238,L15,#23,GW252/13600,(1)停机过程,1,2025-06-28 14:50:46,2025-06-28 14:51:19,33,0.01
1239,L15,#23,GW252/13600,(4)启机状态,4,2025-06-28 14:45:46,2025-06-28 14:50:46,300,0.08
1240,L15,#23,GW252/13600,(3)待机状态,3,2025-06-28 14:44:21,2025-06-28 14:45:46,85,0.02
1241,L15,#23,GW252/13600,(2)停机状态,2,2025-06-28 14:07:43,2025-06-28 14:44:21,2198,0.61
1242,L15,#23,GW252/13600,(1)停机过程,1,2025-06-28 14:06:48,2025-06-28 14:07:43,55,0.02
1243,L15,#23,GW252/13600,(4)启机状态,4,2025-06-28 14:01:48,2025-06-28 14:06:48,300,0.08
1244,L15,#23,GW252/13600,(3)待机状态,3,2025-06-28 14:00:50,2025-06-28 14:01:48,58,0.02
1245,L15,#23,GW252/13600,(2)停机状态,2,2025-06-28 14:00:49,2025-06-28 14:00:50,1,0
1246,L15,#23,GW252/13600,(1)停机过程,1,2025-06-28 14:00:16,2025-06-28 14:00:49,33,0.01
1247,L15,#23,GW252/13600,(4)启机状态,4,2025-06-28 13:55:16,2025-06-28 14:00:16,300,0.08
1248,L15,#23,GW252/13600,(3)待机状态,3,2025-06-28 13:54:12,2025-06-28 13:55:16,64,0.02
1249,L15,#23,GW252/13600,(2)停机状态,2,2025-06-28 13:54:10,2025-06-28 13:54:12,2,0
1250,L15,#23,GW252/13600,(1)停机过程,1,2025-06-28 13:53:40,2025-06-28 13:54:10,30,0.01
1251,L15,#23,GW252/13600,(4)启机状态,4,2025-06-28 13:48:40,2025-06-28 13:53:40,300,0.08
1252,L15,#23,GW252/13600,(3)待机状态,3,2025-06-28 13:47:39,2025-06-28 13:48:40,61,0.02
1253,L15,#23,GW252/13600,(2)停机状态,2,2025-06-28 13:47:35,2025-06-28 13:47:39,4,0
1254,L15,#23,GW252/13600,(1)停机过程,1,2025-06-28 13:47:04,2025-06-28 13:47:35,31,0.01
1255,L15,#23,GW252/13600,(4)启机状态,4,2025-06-28 13:42:03,2025-06-28 13:47:04,301,0.08
1256,L15,#23,GW252/13600,(3)待机状态,3,2025-06-28 13:41:10,2025-06-28 13:42:03,53,0.01
1257,L15,#23,GW252/13600,(2)停机状态,2,2025-06-28 13:41:08,2025-06-28 13:41:10,2,0
1258,L15,#23,GW252/13600,(1)停机过程,1,2025-06-28 13:40:36,2025-06-28 13:41:08,32,0.01
1259,L15,#23,GW252/13600,(4)启机状态,4,2025-06-28 13:35:37,2025-06-28 13:40:36,299,0.08
1260,L15,#23,GW252/13600,(3)待机状态,3,2025-06-28 13:32:36,2025-06-28 13:35:37,181,0.05
1261,L15,#23,GW252/13600,(2)停机状态,2,2025-06-28 13:26:59,2025-06-28 13:32:36,337,0.09
1262,L15,#23,GW252/13600,(1)停机过程,1,2025-06-28 13:26:27,2025-06-28 13:26:59,32,0.01
1263,L15,#23,GW252/13600,(4)启机状态,4,2025-06-28 13:21:26,2025-06-28 13:26:27,301,0.08
1264,L15,#23,GW252/13600,(3)待机状态,3,2025-06-28 13:20:13,2025-06-28 13:21:26,73,0.02
1265,L15,#23,GW252/13600,(2)停机状态,2,2025-06-28 13:20:11,2025-06-28 13:20:13,2,0
1266,L15,#23,GW252/13600,(1)停机过程,1,2025-06-28 13:19:41,2025-06-28 13:20:11,30,0.01
1267,L15,#23,GW252/13600,(4)启机状态,4,2025-06-28 13:14:41,2025-06-28 13:19:41,300,0.08
1268,L15,#23,GW252/13600,(3)待机状态,3,2025-06-28 13:13:35,2025-06-28 13:14:41,66,0.02
1269,L15,#23,GW252/13600,(1)停机过程,1,2025-06-28 13:13:02,2025-06-28 13:13:35,33,0.01
1270,L15,#23,GW252/13600,(4)启机状态,4,2025-06-28 13:08:02,2025-06-28 13:13:02,300,0.08
1271,L15,#23,GW252/13600,(3)待机状态,3,2025-06-28 13:06:43,2025-06-28 13:08:02,79,0.02
1272,L15,#23,GW252/13600,(2)停机状态,2,2025-06-28 13:05:03,2025-06-28 13:06:43,100,0.03
1273,L15,#23,GW252/13600,(1)停机过程,1,2025-06-28 13:04:31,2025-06-28 13:05:03,32,0.01
1274,L15,#23,GW252/13600,(4)启机状态,4,2025-06-28 12:59:31,2025-06-28 13:04:31,300,0.08
1275,L15,#23,GW252/13600,(3)待机状态,3,2025-06-28 12:57:42,2025-06-28 12:59:31,109,0.03
1276,L15,#23,GW252/13600,(2)停机状态,2,2025-06-28 12:56:04,2025-06-28 12:57:42,98,0.03
1277,L15,#23,GW252/13600,(1)停机过程,1,2025-06-28 12:55:10,2025-06-28 12:56:04,54,0.02
1278,L15,#23,GW252/13600,(5)发电状态,5,2025-06-28 10:26:57,2025-06-28 12:55:10,8893,2.47
1279,L15,#23,GW252/13600,(4)启机状态,4,2025-06-28 10:23:51,2025-06-28 10:26:57,186,0.05
1280,L15,#23,GW252/13600,(3)待机状态,3,2025-06-28 10:23:02,2025-06-28 10:23:51,49,0.01
1281,L15,#23,GW252/13600,(2)停机状态,2,2025-06-28 10:23:00,2025-06-28 10:23:02,2,0
1282,L15,#23,GW252/13600,(1)停机过程,1,2025-06-28 10:22:06,2025-06-28 10:23:00,54,0.02
1283,L15,#23,GW252/13600,(4)启机状态,4,2025-06-28 10:17:05,2025-06-28 10:22:06,301,0.08
1284,L15,#23,GW252/13600,(3)待机状态,3,2025-06-28 10:16:10,2025-06-28 10:17:05,55,0.02
1285,L15,#23,GW252/13600,(2)停机状态,2,2025-06-28 10:16:08,2025-06-28 10:16:10,2,0
1286,L15,#23,GW252/13600,(1)停机过程,1,2025-06-28 10:15:35,2025-06-28 10:16:08,33,0.01
1287,L15,#23,GW252/13600,(4)启机状态,4,2025-06-28 10:10:35,2025-06-28 10:15:35,300,0.08
1288,L15,#23,GW252/13600,(3)待机状态,3,2025-06-28 10:09:33,2025-06-28 10:10:35,62,0.02
1289,L15,#23,GW252/13600,(2)停机状态,2,2025-06-28 10:09:27,2025-06-28 10:09:33,6,0
1290,L15,#23,GW252/13600,(1)停机过程,1,2025-06-28 10:08:56,2025-06-28 10:09:27,31,0.01
1291,L15,#23,GW252/13600,(4)启机状态,4,2025-06-28 10:03:56,2025-06-28 10:08:56,300,0.08
1292,L15,#23,GW252/13600,(3)待机状态,3,2025-06-28 10:02:35,2025-06-28 10:03:56,81,0.02
1293,L15,#23,GW252/13600,(2)停机状态,2,2025-06-28 10:00:49,2025-06-28 10:02:35,106,0.03
1294,L15,#23,GW252/13600,(1)停机过程,1,2025-06-28 10:00:17,2025-06-28 10:00:49,32,0.01
1295,L15,#23,GW252/13600,(4)启机状态,4,2025-06-28 09:55:16,2025-06-28 10:00:17,301,0.08
1296,L15,#23,GW252/13600,(3)待机状态,3,2025-06-28 09:48:52,2025-06-28 09:55:16,384,0.11
1297,L15,#23,GW252/13600,(2)停机状态,2,2025-06-28 09:47:33,2025-06-28 09:48:52,79,0.02
1298,L15,#23,GW252/13600,(1)停机过程,1,2025-06-28 09:46:38,2025-06-28 09:47:33,55,0.02
1299,L15,#23,GW252/13600,(5)发电状态,5,2025-06-28 09:25:16,2025-06-28 09:46:38,1282,0.36
1300,L15,#23,GW252/13600,(4)启机状态,4,2025-06-28 09:22:30,2025-06-28 09:25:16,166,0.05
1301,L15,#23,GW252/13600,(3)待机状态,3,2025-06-28 09:21:39,2025-06-28 09:22:30,51,0.01
1302,L15,#23,GW252/13600,(2)停机状态,2,2025-06-28 09:21:37,2025-06-28 09:21:39,2,0
1303,L15,#23,GW252/13600,(1)停机过程,1,2025-06-28 09:21:04,2025-06-28 09:21:37,33,0.01
1304,L15,#23,GW252/13600,(4)启机状态,4,2025-06-28 09:16:05,2025-06-28 09:21:04,299,0.08
1305,L15,#23,GW252/13600,(3)待机状态,3,2025-06-28 09:14:34,2025-06-28 09:16:05,91,0.03
1306,L15,#23,GW252/13600,(2)停机状态,2,2025-06-28 09:12:51,2025-06-28 09:14:34,103,0.03
1307,L15,#23,GW252/13600,(1)停机过程,1,2025-06-28 09:11:57,2025-06-28 09:12:51,54,0.02
1308,L15,#23,GW252/13600,(5)发电状态,5,2025-06-28 08:57:53,2025-06-28 09:11:57,844,0.23
1309,L15,#23,GW252/13600,(4)启机状态,4,2025-06-28 08:55:04,2025-06-28 08:57:53,169,0.05
1310,L15,#23,GW252/13600,(3)待机状态,3,2025-06-28 08:54:10,2025-06-28 08:55:04,54,0.02
1311,L15,#23,GW252/13600,(1)停机过程,1,2025-06-28 08:53:38,2025-06-28 08:54:10,32,0.01
1312,L15,#23,GW252/13600,(4)启机状态,4,2025-06-28 08:48:37,2025-06-28 08:53:38,301,0.08
1313,L15,#23,GW252/13600,(3)待机状态,3,2025-06-28 08:47:17,2025-06-28 08:48:37,80,0.02
1314,L15,#23,GW252/13600,(2)停机状态,2,2025-06-28 08:47:15,2025-06-28 08:47:17,2,0
1315,L15,#23,GW252/13600,(1)停机过程,1,2025-06-28 08:46:45,2025-06-28 08:47:15,30,0.01
1316,L15,#23,GW252/13600,(4)启机状态,4,2025-06-28 08:41:45,2025-06-28 08:46:45,300,0.08
1317,L15,#23,GW252/13600,(3)待机状态,3,2025-06-28 08:40:17,2025-06-28 08:41:45,88,0.02
1318,L15,#23,GW252/13600,(2)停机状态,2,2025-06-28 08:38:59,2025-06-28 08:40:17,78,0.02
1319,L15,#23,GW252/13600,(1)停机过程,1,2025-06-28 08:38:28,2025-06-28 08:38:59,31,0.01
1320,L15,#23,GW252/13600,(4)启机状态,4,2025-06-28 08:33:28,2025-06-28 08:38:28,300,0.08
1321,L15,#23,GW252/13600,(3)待机状态,3,2025-06-28 08:32:23,2025-06-28 08:33:28,65,0.02
1322,L15,#23,GW252/13600,(2)停机状态,2,2025-06-28 08:29:52,2025-06-28 08:32:23,151,0.04
1323,L15,#23,GW252/13600,(1)停机过程,1,2025-06-28 08:28:57,2025-06-28 08:29:52,55,0.02
1324,L15,#23,GW252/13600,(5)发电状态,5,2025-06-28 08:13:04,2025-06-28 08:28:57,953,0.26
1325,L15,#23,GW252/13600,(4)启机状态,4,2025-06-28 08:10:44,2025-06-28 08:13:04,140,0.04
1326,L15,#23,GW252/13600,(3)待机状态,3,2025-06-28 08:09:50,2025-06-28 08:10:44,54,0.02
1327,L15,#23,GW252/13600,(2)停机状态,2,2025-06-28 08:09:48,2025-06-28 08:09:50,2,0
1328,L15,#23,GW252/13600,(1)停机过程,1,2025-06-28 08:09:17,2025-06-28 08:09:48,31,0.01
1329,L15,#23,GW252/13600,(4)启机状态,4,2025-06-28 08:04:17,2025-06-28 08:09:17,300,0.08
1330,L15,#23,GW252/13600,(3)待机状态,3,2025-06-28 08:01:49,2025-06-28 08:04:17,148,0.04
1331,L15,#23,GW252/13600,(2)停机状态,2,2025-06-28 07:58:44,2025-06-28 08:01:49,185,0.05
1332,L15,#23,GW252/13600,(1)停机过程,1,2025-06-28 07:57:49,2025-06-28 07:58:44,55,0.02
1333,L15,#23,GW252/13600,(5)发电状态,5,2025-06-28 04:55:33,2025-06-28 07:57:49,10936,3.04
1334,L15,#23,GW252/13600,(4)启机状态,4,2025-06-28 04:52:02,2025-06-28 04:55:33,211,0.06
1335,L15,#23,GW252/13600,(3)待机状态,3,2025-06-28 04:51:01,2025-06-28 04:52:02,61,0.02
1336,L15,#23,GW252/13600,(2)停机状态,2,2025-06-28 04:50:58,2025-06-28 04:51:01,3,0
1337,L15,#23,GW252/13600,(1)停机过程,1,2025-06-28 04:50:28,2025-06-28 04:50:58,30,0.01
1338,L15,#23,GW252/13600,(4)启机状态,4,2025-06-28 04:45:28,2025-06-28 04:50:28,300,0.08
1339,L15,#23,GW252/13600,(3)待机状态,3,2025-06-28 04:44:25,2025-06-28 04:45:28,63,0.02
1340,L15,#23,GW252/13600,(1)停机过程,1,2025-06-28 04:43:53,2025-06-28 04:44:25,32,0.01
1341,L15,#23,GW252/13600,(4)启机状态,4,2025-06-28 04:38:52,2025-06-28 04:43:53,301,0.08
1342,L15,#23,GW252/13600,(3)待机状态,3,2025-06-28 04:37:41,2025-06-28 04:38:52,71,0.02
1343,L15,#23,GW252/13600,(2)停机状态,2,2025-06-28 04:37:16,2025-06-28 04:37:41,25,0.01
1344,L15,#23,GW252/13600,(1)停机过程,1,2025-06-28 04:36:46,2025-06-28 04:37:16,30,0.01
1345,L15,#23,GW252/13600,(4)启机状态,4,2025-06-28 04:31:45,2025-06-28 04:36:46,301,0.08
1346,L15,#23,GW252/13600,(3)待机状态,3,2025-06-28 04:30:49,2025-06-28 04:31:45,56,0.02
1347,L15,#23,GW252/13600,(2)停机状态,2,2025-06-28 04:30:48,2025-06-28 04:30:49,1,0
1348,L15,#23,GW252/13600,(1)停机过程,1,2025-06-28 04:30:16,2025-06-28 04:30:48,32,0.01
1349,L15,#23,GW252/13600,(4)启机状态,4,2025-06-28 04:25:16,2025-06-28 04:30:16,300,0.08
1350,L15,#23,GW252/13600,(3)待机状态,3,2025-06-28 04:24:16,2025-06-28 04:25:16,60,0.02
1351,L15,#23,GW252/13600,(2)停机状态,2,2025-06-28 04:24:15,2025-06-28 04:24:16,1,0
1352,L15,#23,GW252/13600,(1)停机过程,1,2025-06-28 04:23:44,2025-06-28 04:24:15,31,0.01
1353,L15,#23,GW252/13600,(4)启机状态,4,2025-06-28 04:18:44,2025-06-28 04:23:44,300,0.08
1354,L15,#23,GW252/13600,(3)待机状态,3,2025-06-28 04:17:49,2025-06-28 04:18:44,55,0.02
1355,L15,#23,GW252/13600,(2)停机状态,2,2025-06-28 04:17:48,2025-06-28 04:17:49,1,0
1356,L15,#23,GW252/13600,(1)停机过程,1,2025-06-28 04:17:17,2025-06-28 04:17:48,31,0.01
1357,L15,#23,GW252/13600,(4)启机状态,4,2025-06-28 04:12:17,2025-06-28 04:17:17,300,0.08
1358,L15,#23,GW252/13600,(3)待机状态,3,2025-06-28 04:11:26,2025-06-28 04:12:17,51,0.01
1359,L15,#23,GW252/13600,(2)停机状态,2,2025-06-28 04:11:25,2025-06-28 04:11:26,1,0
1360,L15,#23,GW252/13600,(1)停机过程,1,2025-06-28 04:10:30,2025-06-28 04:11:25,55,0.02
1361,L15,#23,GW252/13600,(4)启机状态,4,2025-06-28 04:05:30,2025-06-28 04:10:30,300,0.08
1362,L15,#23,GW252/13600,(3)待机状态,3,2025-06-28 04:04:34,2025-06-28 04:05:30,56,0.02
1363,L15,#23,GW252/13600,(2)停机状态,2,2025-06-28 04:04:03,2025-06-28 04:04:34,31,0.01
1364,L15,#23,GW252/13600,(1)停机过程,1,2025-06-28 04:03:31,2025-06-28 04:04:03,32,0.01
1365,L15,#23,GW252/13600,(4)启机状态,4,2025-06-28 03:58:32,2025-06-28 04:03:31,299,0.08
1366,L15,#23,GW252/13600,(3)待机状态,3,2025-06-28 03:56:26,2025-06-28 03:58:32,126,0.04
1367,L15,#23,GW252/13600,(2)停机状态,2,2025-06-28 03:52:20,2025-06-28 03:56:26,246,0.07
1368,L15,#23,GW252/13600,(1)停机过程,1,2025-06-28 03:51:24,2025-06-28 03:52:20,56,0.02
1369,L15,#23,GW252/13600,(5)发电状态,5,2025-06-28 03:01:29,2025-06-28 03:51:24,2995,0.83
1370,L15,#23,GW252/13600,(4)启机状态,4,2025-06-28 02:59:37,2025-06-28 03:01:29,112,0.03
1371,L15,#23,GW252/13600,(3)待机状态,3,2025-06-28 02:56:59,2025-06-28 02:59:37,158,0.04
1372,L15,#23,GW252/13600,(2)停机状态,2,2025-06-28 02:56:50,2025-06-28 02:56:59,9,0
1373,L15,#23,GW252/13600,(1)停机过程,1,2025-06-28 02:56:18,2025-06-28 02:56:50,32,0.01
1374,L15,#23,GW252/13600,(4)启机状态,4,2025-06-28 02:51:18,2025-06-28 02:56:18,300,0.08
1375,L15,#23,GW252/13600,(3)待机状态,3,2025-06-28 02:48:47,2025-06-28 02:51:18,151,0.04
1376,L15,#23,GW252/13600,(2)停机状态,2,2025-06-28 02:48:44,2025-06-28 02:48:47,3,0
1377,L15,#23,GW252/13600,(1)停机过程,1,2025-06-28 02:47:50,2025-06-28 02:48:44,54,0.02
1378,L15,#23,GW252/13600,(4)启机状态,4,2025-06-28 02:42:50,2025-06-28 02:47:50,300,0.08
1379,L15,#23,GW252/13600,(3)待机状态,3,2025-06-28 02:41:56,2025-06-28 02:42:50,54,0.02
1380,L15,#23,GW252/13600,(2)停机状态,2,2025-06-28 02:40:32,2025-06-28 02:41:56,84,0.02
1381,L15,#23,GW252/13600,(1)停机过程,1,2025-06-28 02:39:37,2025-06-28 02:40:32,55,0.02
1382,L15,#23,GW252/13600,(5)发电状态,5,2025-06-28 02:21:46,2025-06-28 02:39:37,1071,0.3
1383,L15,#23,GW252/13600,(4)启机状态,4,2025-06-28 02:18:57,2025-06-28 02:21:46,169,0.05
1384,L15,#23,GW252/13600,(3)待机状态,3,2025-06-28 02:18:03,2025-06-28 02:18:57,54,0.02
1385,L15,#23,GW252/13600,(2)停机状态,2,2025-06-28 02:18:01,2025-06-28 02:18:03,2,0
1386,L15,#23,GW252/13600,(1)停机过程,1,2025-06-28 02:17:30,2025-06-28 02:18:01,31,0.01
1387,L15,#23,GW252/13600,(4)启机状态,4,2025-06-28 02:12:30,2025-06-28 02:17:30,300,0.08
1388,L15,#23,GW252/13600,(3)待机状态,3,2025-06-28 02:11:30,2025-06-28 02:12:30,60,0.02
1389,L15,#23,GW252/13600,(2)停机状态,2,2025-06-28 02:11:28,2025-06-28 02:11:30,2,0
1390,L15,#23,GW252/13600,(1)停机过程,1,2025-06-28 02:10:57,2025-06-28 02:11:28,31,0.01
1391,L15,#23,GW252/13600,(4)启机状态,4,2025-06-28 02:05:57,2025-06-28 02:10:57,300,0.08
1392,L15,#23,GW252/13600,(3)待机状态,3,2025-06-28 02:05:02,2025-06-28 02:05:57,55,0.02
1393,L15,#23,GW252/13600,(2)停机状态,2,2025-06-28 02:05:01,2025-06-28 02:05:02,1,0
1394,L15,#23,GW252/13600,(1)停机过程,1,2025-06-28 02:04:29,2025-06-28 02:05:01,32,0.01
1395,L15,#23,GW252/13600,(4)启机状态,4,2025-06-28 01:59:29,2025-06-28 02:04:29,300,0.08
1396,L15,#23,GW252/13600,(3)待机状态,3,2025-06-28 01:58:26,2025-06-28 01:59:29,63,0.02
1397,L15,#23,GW252/13600,(1)停机过程,1,2025-06-28 01:57:54,2025-06-28 01:58:26,32,0.01
1398,L15,#23,GW252/13600,(4)启机状态,4,2025-06-28 01:52:55,2025-06-28 01:57:54,299,0.08
1399,L15,#23,GW252/13600,(3)待机状态,3,2025-06-28 01:51:53,2025-06-28 01:52:55,62,0.02
1400,L15,#23,GW252/13600,(2)停机状态,2,2025-06-28 01:51:51,2025-06-28 01:51:53,2,0
1401,L15,#23,GW252/13600,(1)停机过程,1,2025-06-28 01:51:19,2025-06-28 01:51:51,32,0.01
1402,L15,#23,GW252/13600,(4)启机状态,4,2025-06-28 01:46:19,2025-06-28 01:51:19,300,0.08
1403,L15,#23,GW252/13600,(3)待机状态,3,2025-06-28 01:45:22,2025-06-28 01:46:19,57,0.02
1404,L15,#23,GW252/13600,(2)停机状态,2,2025-06-28 01:45:20,2025-06-28 01:45:22,2,0
1405,L15,#23,GW252/13600,(1)停机过程,1,2025-06-28 01:44:49,2025-06-28 01:45:20,31,0.01
1406,L15,#23,GW252/13600,(4)启机状态,4,2025-06-28 01:39:49,2025-06-28 01:44:49,300,0.08
1407,L15,#23,GW252/13600,(3)待机状态,3,2025-06-28 01:38:45,2025-06-28 01:39:49,64,0.02
1408,L15,#23,GW252/13600,(2)停机状态,2,2025-06-28 01:37:59,2025-06-28 01:38:45,46,0.01
1409,L15,#23,GW252/13600,(1)停机过程,1,2025-06-28 01:37:27,2025-06-28 01:37:59,32,0.01
1410,L15,#23,GW252/13600,(4)启机状态,4,2025-06-28 01:32:28,2025-06-28 01:37:27,299,0.08
1411,L15,#23,GW252/13600,(3)待机状态,3,2025-06-28 01:31:24,2025-06-28 01:32:28,64,0.02
1412,L15,#23,GW252/13600,(2)停机状态,2,2025-06-28 01:31:23,2025-06-28 01:31:24,1,0
1413,L15,#23,GW252/13600,(1)停机过程,1,2025-06-28 01:30:52,2025-06-28 01:31:23,31,0.01
1414,L15,#23,GW252/13600,(4)启机状态,4,2025-06-28 01:25:51,2025-06-28 01:30:52,301,0.08
1415,L15,#23,GW252/13600,(3)待机状态,3,2025-06-28 01:25:00,2025-06-28 01:25:51,51,0.01
1416,L15,#23,GW252/13600,(2)停机状态,2,2025-06-28 01:24:58,2025-06-28 01:25:00,2,0
1417,L15,#23,GW252/13600,(1)停机过程,1,2025-06-28 01:24:26,2025-06-28 01:24:58,32,0.01
1418,L15,#23,GW252/13600,(4)启机状态,4,2025-06-28 01:19:26,2025-06-28 01:24:26,300,0.08
1419,L15,#23,GW252/13600,(3)待机状态,3,2025-06-28 01:18:36,2025-06-28 01:19:26,50,0.01
1420,L15,#23,GW252/13600,(2)停机状态,2,2025-06-28 01:18:33,2025-06-28 01:18:36,3,0
1421,L15,#23,GW252/13600,(1)停机过程,1,2025-06-28 01:18:02,2025-06-28 01:18:33,31,0.01
1422,L15,#23,GW252/13600,(4)启机状态,4,2025-06-28 01:13:03,2025-06-28 01:18:02,299,0.08
1423,L15,#23,GW252/13600,(3)待机状态,3,2025-06-28 01:12:08,2025-06-28 01:13:03,55,0.02
1424,L15,#23,GW252/13600,(2)停机状态,2,2025-06-28 01:12:07,2025-06-28 01:12:08,1,0
1425,L15,#23,GW252/13600,(1)停机过程,1,2025-06-28 01:11:35,2025-06-28 01:12:07,32,0.01
1426,L15,#23,GW252/13600,(4)启机状态,4,2025-06-28 01:06:35,2025-06-28 01:11:35,300,0.08
1427,L15,#23,GW252/13600,(3)待机状态,3,2025-06-28 01:05:36,2025-06-28 01:06:35,59,0.02
1428,L15,#23,GW252/13600,(2)停机状态,2,2025-06-28 01:05:34,2025-06-28 01:05:36,2,0
1429,L15,#23,GW252/13600,(1)停机过程,1,2025-06-28 01:05:01,2025-06-28 01:05:34,33,0.01
1430,L15,#23,GW252/13600,(4)启机状态,4,2025-06-28 01:00:01,2025-06-28 01:05:01,300,0.08
1431,L15,#23,GW252/13600,(3)待机状态,3,2025-06-28 00:58:58,2025-06-28 01:00:01,63,0.02
1432,L15,#23,GW252/13600,(2)停机状态,2,2025-06-28 00:58:57,2025-06-28 00:58:58,1,0
1433,L15,#23,GW252/13600,(1)停机过程,1,2025-06-28 00:58:26,2025-06-28 00:58:57,31,0.01
1434,L15,#23,GW252/13600,(4)启机状态,4,2025-06-28 00:53:26,2025-06-28 00:58:26,300,0.08
1435,L15,#23,GW252/13600,(3)待机状态,3,2025-06-28 00:43:00,2025-06-28 00:53:26,626,0.17
1436,L15,#23,GW252/13600,(2)停机状态,2,2025-06-28 00:37:23,2025-06-28 00:43:00,337,0.09
1437,L15,#23,GW252/13600,(1)停机过程,1,2025-06-28 00:36:52,2025-06-28 00:37:23,31,0.01
1438,L15,#23,GW252/13600,(4)启机状态,4,2025-06-28 00:31:52,2025-06-28 00:36:52,300,0.08
1439,L15,#23,GW252/13600,(3)待机状态,3,2025-06-28 00:28:02,2025-06-28 00:31:52,230,0.06
1440,L15,#23,GW252/13600,(2)停机状态,2,2025-06-28 00:26:42,2025-06-28 00:28:02,80,0.02
1441,L15,#23,GW252/13600,(1)停机过程,1,2025-06-28 00:26:10,2025-06-28 00:26:42,32,0.01
1442,L15,#23,GW252/13600,(4)启机状态,4,2025-06-28 00:21:10,2025-06-28 00:26:10,300,0.08
1443,L15,#23,GW252/13600,(3)待机状态,3,2025-06-28 00:20:02,2025-06-28 00:21:10,68,0.02
1444,L15,#23,GW252/13600,(2)停机状态,2,2025-06-28 00:20:01,2025-06-28 00:20:02,1,0
1445,L15,#23,GW252/13600,(1)停机过程,1,2025-06-28 00:19:05,2025-06-28 00:20:01,56,0.02
1446,L15,#23,GW252/13600,(4)启机状态,4,2025-06-28 00:14:05,2025-06-28 00:19:05,300,0.08
1447,L15,#23,GW252/13600,(3)待机状态,3,2025-06-28 00:12:57,2025-06-28 00:14:05,68,0.02
1448,L15,#23,GW252/13600,(2)停机状态,2,2025-06-28 00:12:56,2025-06-28 00:12:57,1,0
1449,L15,#23,GW252/13600,(1)停机过程,1,2025-06-28 00:12:25,2025-06-28 00:12:56,31,0.01
1450,L15,#23,GW252/13600,(4)启机状态,4,2025-06-28 00:07:25,2025-06-28 00:12:25,300,0.08
1451,L15,#23,GW252/13600,(3)待机状态,3,2025-06-28 00:05:04,2025-06-28 00:07:25,141,0.04
1452,L15,#23,GW252/13600,(2)停机状态,2,2025-06-28 00:05:02,2025-06-28 00:05:04,2,0
1453,L15,#23,GW252/13600,(1)停机过程,1,2025-06-28 00:04:30,2025-06-28 00:05:02,32,0.01
1454,L15,#23,GW252/13600,(4)启机状态,4,2025-06-27 23:59:30,2025-06-28 00:04:30,300,0.08
1455,L15,#23,GW252/13600,(3)待机状态,3,2025-06-27 23:58:31,2025-06-27 23:59:30,59,0.02
1456,L15,#23,GW252/13600,(2)停机状态,2,2025-06-27 23:57:26,2025-06-27 23:58:31,65,0.02
1457,L15,#23,GW252/13600,(1)停机过程,1,2025-06-27 23:56:32,2025-06-27 23:57:26,54,0.02
1458,L15,#23,GW252/13600,(5)发电状态,5,2025-06-27 23:48:21,2025-06-27 23:56:32,491,0.14
1459,L15,#23,GW252/13600,(4)启机状态,4,2025-06-27 23:45:12,2025-06-27 23:48:21,189,0.05
1460,L15,#23,GW252/13600,(3)待机状态,3,2025-06-27 23:44:17,2025-06-27 23:45:12,55,0.02
1461,L15,#23,GW252/13600,(2)停机状态,2,2025-06-27 23:44:16,2025-06-27 23:44:17,1,0
1462,L15,#23,GW252/13600,(1)停机过程,1,2025-06-27 23:43:45,2025-06-27 23:44:16,31,0.01
1463,L15,#23,GW252/13600,(4)启机状态,4,2025-06-27 23:38:45,2025-06-27 23:43:45,300,0.08
1464,L15,#23,GW252/13600,(3)待机状态,3,2025-06-27 23:37:08,2025-06-27 23:38:45,97,0.03
1465,L15,#23,GW252/13600,(2)停机状态,2,2025-06-27 23:35:10,2025-06-27 23:37:08,118,0.03
1466,L15,#23,GW252/13600,(1)停机过程,1,2025-06-27 23:34:14,2025-06-27 23:35:10,56,0.02
1467,L15,#23,GW252/13600,(5)发电状态,5,2025-06-27 18:45:17,2025-06-27 23:34:14,17337,4.82
1468,L15,#23,GW252/13600,(4)启机状态,4,2025-06-27 18:40:48,2025-06-27 18:45:17,269,0.07
1469,L15,#23,GW252/13600,(3)待机状态,3,2025-06-27 18:39:56,2025-06-27 18:40:48,52,0.01
1470,L15,#23,GW252/13600,(2)停机状态,2,2025-06-27 18:37:23,2025-06-27 18:39:56,153,0.04
1471,L15,#23,GW252/13600,(1)停机过程,1,2025-06-27 18:36:52,2025-06-27 18:37:23,31,0.01
1472,L15,#23,GW252/13600,(4)启机状态,4,2025-06-27 18:31:52,2025-06-27 18:36:52,300,0.08
1473,L15,#23,GW252/13600,(3)待机状态,3,2025-06-27 18:29:42,2025-06-27 18:31:52,130,0.04
1474,L15,#23,GW252/13600,(2)停机状态,2,2025-06-27 18:28:11,2025-06-27 18:29:42,91,0.03
1475,L15,#23,GW252/13600,(1)停机过程,1,2025-06-27 18:27:16,2025-06-27 18:28:11,55,0.02
1476,L15,#23,GW252/13600,(5)发电状态,5,2025-06-27 18:14:34,2025-06-27 18:27:16,762,0.21
1477,L15,#23,GW252/13600,(4)启机状态,4,2025-06-27 18:10:03,2025-06-27 18:14:34,271,0.08
1478,L15,#23,GW252/13600,(3)待机状态,3,2025-06-27 18:09:04,2025-06-27 18:10:03,59,0.02
1479,L15,#23,GW252/13600,(2)停机状态,2,2025-06-27 18:08:06,2025-06-27 18:09:04,58,0.02
1480,L15,#23,GW252/13600,(1)停机过程,1,2025-06-27 18:07:10,2025-06-27 18:08:06,56,0.02
1481,L15,#23,GW252/13600,(5)发电状态,5,2025-06-27 17:14:02,2025-06-27 18:07:10,3188,0.89
1482,L15,#23,GW252/13600,(4)启机状态,4,2025-06-27 17:12:00,2025-06-27 17:14:02,122,0.03
1483,L15,#23,GW252/13600,(3)待机状态,3,2025-06-27 17:11:12,2025-06-27 17:12:00,48,0.01
1484,L15,#23,GW252/13600,(1)停机过程,1,2025-06-27 17:10:19,2025-06-27 17:11:12,53,0.01
1485,L15,#23,GW252/13600,(4)启机状态,4,2025-06-27 17:05:19,2025-06-27 17:10:19,300,0.08
1486,L15,#23,GW252/13600,(3)待机状态,3,2025-06-27 17:04:17,2025-06-27 17:05:19,62,0.02
1487,L15,#23,GW252/13600,(2)停机状态,2,2025-06-27 17:04:16,2025-06-27 17:04:17,1,0
1488,L15,#23,GW252/13600,(1)停机过程,1,2025-06-27 17:03:44,2025-06-27 17:04:16,32,0.01
1489,L15,#23,GW252/13600,(4)启机状态,4,2025-06-27 16:58:44,2025-06-27 17:03:44,300,0.08
1490,L15,#23,GW252/13600,(3)待机状态,3,2025-06-27 16:57:22,2025-06-27 16:58:44,82,0.02
1491,L15,#23,GW252/13600,(2)停机状态,2,2025-06-27 16:57:18,2025-06-27 16:57:22,4,0
1492,L15,#23,GW252/13600,(1)停机过程,1,2025-06-27 16:56:47,2025-06-27 16:57:18,31,0.01
1493,L15,#23,GW252/13600,(4)启机状态,4,2025-06-27 16:51:47,2025-06-27 16:56:47,300,0.08
1494,L15,#23,GW252/13600,(3)待机状态,3,2025-06-27 16:50:51,2025-06-27 16:51:47,56,0.02
1495,L15,#23,GW252/13600,(2)停机状态,2,2025-06-27 16:50:48,2025-06-27 16:50:51,3,0
1496,L15,#23,GW252/13600,(1)停机过程,1,2025-06-27 16:50:17,2025-06-27 16:50:48,31,0.01
1497,L15,#23,GW252/13600,(4)启机状态,4,2025-06-27 16:45:16,2025-06-27 16:50:17,301,0.08
1498,L15,#23,GW252/13600,(3)待机状态,3,2025-06-27 16:44:13,2025-06-27 16:45:16,63,0.02
1499,L15,#23,GW252/13600,(2)停机状态,2,2025-06-27 16:43:29,2025-06-27 16:44:13,44,0.01
1500,L15,#23,GW252/13600,(1)停机过程,1,2025-06-27 16:42:34,2025-06-27 16:43:29,55,0.02
1501,L15,#23,GW252/13600,(5)发电状态,5,2025-06-27 16:20:32,2025-06-27 16:42:34,1322,0.37
1502,L15,#23,GW252/13600,(4)启机状态,4,2025-06-27 16:17:56,2025-06-27 16:20:32,156,0.04
1503,L15,#23,GW252/13600,(3)待机状态,3,2025-06-27 16:17:06,2025-06-27 16:17:56,50,0.01
1504,L15,#23,GW252/13600,(2)停机状态,2,2025-06-27 16:17:04,2025-06-27 16:17:06,2,0
1505,L15,#23,GW252/13600,(1)停机过程,1,2025-06-27 16:16:33,2025-06-27 16:17:04,31,0.01
1506,L15,#23,GW252/13600,(4)启机状态,4,2025-06-27 16:11:33,2025-06-27 16:16:33,300,0.08
1507,L15,#23,GW252/13600,(3)待机状态,3,2025-06-27 16:10:38,2025-06-27 16:11:33,55,0.02
1508,L15,#23,GW252/13600,(2)停机状态,2,2025-06-27 16:10:37,2025-06-27 16:10:38,1,0
1509,L15,#23,GW252/13600,(1)停机过程,1,2025-06-27 16:09:45,2025-06-27 16:10:37,52,0.01
1510,L15,#23,GW252/13600,(4)启机状态,4,2025-06-27 16:04:45,2025-06-27 16:09:45,300,0.08
1511,L15,#23,GW252/13600,(3)待机状态,3,2025-06-27 16:03:25,2025-06-27 16:04:45,80,0.02
1512,L15,#23,GW252/13600,(2)停机状态,2,2025-06-27 16:03:22,2025-06-27 16:03:25,3,0
1513,L15,#23,GW252/13600,(1)停机过程,1,2025-06-27 16:02:51,2025-06-27 16:03:22,31,0.01
1514,L15,#23,GW252/13600,(4)启机状态,4,2025-06-27 15:57:51,2025-06-27 16:02:51,300,0.08
1515,L15,#23,GW252/13600,(3)待机状态,3,2025-06-27 15:56:49,2025-06-27 15:57:51,62,0.02
1516,L15,#23,GW252/13600,(2)停机状态,2,2025-06-27 15:54:51,2025-06-27 15:56:49,118,0.03
1517,L15,#23,GW252/13600,(1)停机过程,1,2025-06-27 15:53:57,2025-06-27 15:54:51,54,0.02
1518,L15,#23,GW252/13600,(5)发电状态,5,2025-06-25 16:52:05,2025-06-27 15:53:57,169312,47.03
1519,L15,#23,GW252/13600,(5)发电状态,5,2025-06-25 11:36:29,2025-06-25 16:52:05,18936,5.26
1520,L15,#23,GW252/13600,(4)启机状态,4,2025-06-25 11:31:32,2025-06-25 11:36:29,297,0.08
1521,L15,#23,GW252/13600,(3)待机状态,3,2025-06-25 11:30:37,2025-06-25 11:31:32,55,0.02
1522,L15,#23,GW252/13600,(2)停机状态,2,2025-06-25 11:30:35,2025-06-25 11:30:37,2,0
1523,L15,#23,GW252/13600,(1)停机过程,1,2025-06-25 11:30:04,2025-06-25 11:30:35,31,0.01
1524,L15,#23,GW252/13600,(4)启机状态,4,2025-06-25 11:25:05,2025-06-25 11:30:04,299,0.08
1525,L15,#23,GW252/13600,(3)待机状态,3,2025-06-25 11:24:11,2025-06-25 11:25:05,54,0.02
1526,L15,#23,GW252/13600,(1)停机过程,1,2025-06-25 11:23:41,2025-06-25 11:24:11,30,0.01
1527,L15,#23,GW252/13600,(4)启机状态,4,2025-06-25 11:18:40,2025-06-25 11:23:41,301,0.08
1528,L15,#23,GW252/13600,(3)待机状态,3,2025-06-25 11:17:47,2025-06-25 11:18:40,53,0.01
1529,L15,#23,GW252/13600,(2)停机状态,2,2025-06-25 11:17:38,2025-06-25 11:17:47,9,0
1530,L15,#23,GW252/13600,(1)停机过程,1,2025-06-25 11:17:06,2025-06-25 11:17:38,32,0.01
1531,L15,#23,GW252/13600,(4)启机状态,4,2025-06-25 11:12:06,2025-06-25 11:17:06,300,0.08
1532,L15,#23,GW252/13600,(3)待机状态,3,2025-06-25 11:11:10,2025-06-25 11:12:06,56,0.02
1533,L15,#23,GW252/13600,(2)停机状态,2,2025-06-25 11:11:09,2025-06-25 11:11:10,1,0
1534,L15,#23,GW252/13600,(1)停机过程,1,2025-06-25 11:10:38,2025-06-25 11:11:09,31,0.01
1535,L15,#23,GW252/13600,(4)启机状态,4,2025-06-25 11:05:38,2025-06-25 11:10:38,300,0.08
1536,L15,#23,GW252/13600,(3)待机状态,3,2025-06-25 11:04:46,2025-06-25 11:05:38,52,0.01
1537,L15,#23,GW252/13600,(2)停机状态,2,2025-06-25 11:04:44,2025-06-25 11:04:46,2,0
1538,L15,#23,GW252/13600,(1)停机过程,1,2025-06-25 11:04:13,2025-06-25 11:04:44,31,0.01
1539,L15,#23,GW252/13600,(4)启机状态,4,2025-06-25 10:59:12,2025-06-25 11:04:13,301,0.08
1540,L15,#23,GW252/13600,(3)待机状态,3,2025-06-25 10:58:20,2025-06-25 10:59:12,52,0.01
1541,L15,#23,GW252/13600,(2)停机状态,2,2025-06-25 10:58:18,2025-06-25 10:58:20,2,0
1542,L15,#23,GW252/13600,(1)停机过程,1,2025-06-25 10:57:46,2025-06-25 10:58:18,32,0.01
1543,L15,#23,GW252/13600,(4)启机状态,4,2025-06-25 10:52:46,2025-06-25 10:57:46,300,0.08
1544,L15,#23,GW252/13600,(3)待机状态,3,2025-06-25 10:51:54,2025-06-25 10:52:46,52,0.01
1545,L15,#23,GW252/13600,(2)停机状态,2,2025-06-25 10:51:53,2025-06-25 10:51:54,1,0
1546,L15,#23,GW252/13600,(1)停机过程,1,2025-06-25 10:51:22,2025-06-25 10:51:53,31,0.01
1547,L15,#23,GW252/13600,(4)启机状态,4,2025-06-25 10:46:22,2025-06-25 10:51:22,300,0.08
1548,L15,#23,GW252/13600,(3)待机状态,3,2025-06-25 10:45:16,2025-06-25 10:46:22,66,0.02
1549,L15,#23,GW252/13600,(2)停机状态,2,2025-06-25 10:45:15,2025-06-25 10:45:16,1,0
1550,L15,#23,GW252/13600,(1)停机过程,1,2025-06-25 10:44:42,2025-06-25 10:45:15,33,0.01
1551,L15,#23,GW252/13600,(4)启机状态,4,2025-06-25 10:39:42,2025-06-25 10:44:42,300,0.08
1552,L15,#23,GW252/13600,(3)待机状态,3,2025-06-25 10:38:51,2025-06-25 10:39:42,51,0.01
1553,L15,#23,GW252/13600,(2)停机状态,2,2025-06-25 10:38:50,2025-06-25 10:38:51,1,0
1554,L15,#23,GW252/13600,(1)停机过程,1,2025-06-25 10:38:00,2025-06-25 10:38:50,50,0.01
1555,L15,#23,GW252/13600,(4)启机状态,4,2025-06-25 10:33:00,2025-06-25 10:38:00,300,0.08
1556,L15,#23,GW252/13600,(3)待机状态,3,2025-06-25 10:32:03,2025-06-25 10:33:00,57,0.02
1557,L15,#23,GW252/13600,(2)停机状态,2,2025-06-25 10:32:01,2025-06-25 10:32:03,2,0
1558,L15,#23,GW252/13600,(1)停机过程,1,2025-06-25 10:31:30,2025-06-25 10:32:01,31,0.01
1559,L15,#23,GW252/13600,(4)启机状态,4,2025-06-25 10:26:29,2025-06-25 10:31:30,301,0.08
1560,L15,#23,GW252/13600,(3)待机状态,3,2025-06-25 10:25:30,2025-06-25 10:26:29,59,0.02
1561,L15,#23,GW252/13600,(2)停机状态,2,2025-06-25 10:25:29,2025-06-25 10:25:30,1,0
1562,L15,#23,GW252/13600,(1)停机过程,1,2025-06-25 10:24:56,2025-06-25 10:25:29,33,0.01
1563,L15,#23,GW252/13600,(4)启机状态,4,2025-06-25 10:19:57,2025-06-25 10:24:56,299,0.08
1564,L15,#23,GW252/13600,(3)待机状态,3,2025-06-25 10:18:58,2025-06-25 10:19:57,59,0.02
1565,L15,#23,GW252/13600,(1)停机过程,1,2025-06-25 10:18:27,2025-06-25 10:18:58,31,0.01
1566,L15,#23,GW252/13600,(4)启机状态,4,2025-06-25 10:13:27,2025-06-25 10:18:27,300,0.08
1567,L15,#23,GW252/13600,(3)待机状态,3,2025-06-25 10:12:27,2025-06-25 10:13:27,60,0.02
1568,L15,#23,GW252/13600,(2)停机状态,2,2025-06-25 10:12:25,2025-06-25 10:12:27,2,0
1569,L15,#23,GW252/13600,(1)停机过程,1,2025-06-25 10:11:52,2025-06-25 10:12:25,33,0.01
1570,L15,#23,GW252/13600,(4)启机状态,4,2025-06-25 10:06:52,2025-06-25 10:11:52,300,0.08
1571,L15,#23,GW252/13600,(3)待机状态,3,2025-06-25 10:05:31,2025-06-25 10:06:52,81,0.02
1572,L15,#23,GW252/13600,(2)停机状态,2,2025-06-25 10:05:30,2025-06-25 10:05:31,1,0
1573,L15,#23,GW252/13600,(1)停机过程,1,2025-06-25 10:05:00,2025-06-25 10:05:30,30,0.01
1574,L15,#23,GW252/13600,(4)启机状态,4,2025-06-25 10:00:00,2025-06-25 10:05:00,300,0.08
1575,L15,#23,GW252/13600,(3)待机状态,3,2025-06-25 09:58:59,2025-06-25 10:00:00,61,0.02
1576,L15,#23,GW252/13600,(2)停机状态,2,2025-06-25 09:58:29,2025-06-25 09:58:59,30,0.01
1577,L15,#23,GW252/13600,(1)停机过程,1,2025-06-25 09:57:58,2025-06-25 09:58:29,31,0.01
1578,L15,#23,GW252/13600,(4)启机状态,4,2025-06-25 09:52:58,2025-06-25 09:57:58,300,0.08
1579,L15,#23,GW252/13600,(3)待机状态,3,2025-06-25 09:52:00,2025-06-25 09:52:58,58,0.02
1580,L15,#23,GW252/13600,(2)停机状态,2,2025-06-25 09:51:58,2025-06-25 09:52:00,2,0
1581,L15,#23,GW252/13600,(1)停机过程,1,2025-06-25 09:51:26,2025-06-25 09:51:58,32,0.01
1582,L15,#23,GW252/13600,(4)启机状态,4,2025-06-25 09:46:26,2025-06-25 09:51:26,300,0.08
1583,L15,#23,GW252/13600,(3)待机状态,3,2025-06-25 09:45:11,2025-06-25 09:46:26,75,0.02
1584,L15,#23,GW252/13600,(2)停机状态,2,2025-06-25 09:45:09,2025-06-25 09:45:11,2,0
1585,L15,#23,GW252/13600,(1)停机过程,1,2025-06-25 09:44:39,2025-06-25 09:45:09,30,0.01
1586,L15,#23,GW252/13600,(4)启机状态,4,2025-06-25 09:39:39,2025-06-25 09:44:39,300,0.08
1587,L15,#23,GW252/13600,(3)待机状态,3,2025-06-25 09:38:34,2025-06-25 09:39:39,65,0.02
1588,L15,#23,GW252/13600,(2)停机状态,2,2025-06-25 09:38:33,2025-06-25 09:38:34,1,0
1589,L15,#23,GW252/13600,(1)停机过程,1,2025-06-25 09:38:01,2025-06-25 09:38:33,32,0.01
1590,L15,#23,GW252/13600,(4)启机状态,4,2025-06-25 09:33:01,2025-06-25 09:38:01,300,0.08
1591,L15,#23,GW252/13600,(3)待机状态,3,2025-06-25 09:31:58,2025-06-25 09:33:01,63,0.02
1592,L15,#23,GW252/13600,(1)停机过程,1,2025-06-25 09:31:27,2025-06-25 09:31:58,31,0.01
1593,L15,#23,GW252/13600,(4)启机状态,4,2025-06-25 09:26:27,2025-06-25 09:31:27,300,0.08
1594,L15,#23,GW252/13600,(3)待机状态,3,2025-06-25 09:25:15,2025-06-25 09:26:27,72,0.02
1595,L15,#23,GW252/13600,(2)停机状态,2,2025-06-25 09:23:40,2025-06-25 09:25:15,95,0.03
1596,L15,#23,GW252/13600,(1)停机过程,1,2025-06-25 09:23:08,2025-06-25 09:23:40,32,0.01
1597,L15,#23,GW252/13600,(4)启机状态,4,2025-06-25 09:18:07,2025-06-25 09:23:08,301,0.08
1598,L15,#23,GW252/13600,(3)待机状态,3,2025-06-25 09:16:52,2025-06-25 09:18:07,75,0.02
1599,L15,#23,GW252/13600,(2)停机状态,2,2025-06-25 09:16:50,2025-06-25 09:16:52,2,0
1600,L15,#23,GW252/13600,(1)停机过程,1,2025-06-25 09:16:19,2025-06-25 09:16:50,31,0.01
1601,L15,#23,GW252/13600,(4)启机状态,4,2025-06-25 09:11:18,2025-06-25 09:16:19,301,0.08
1602,L15,#23,GW252/13600,(3)待机状态,3,2025-06-25 09:10:21,2025-06-25 09:11:18,57,0.02
1603,L15,#23,GW252/13600,(2)停机状态,2,2025-06-25 09:10:20,2025-06-25 09:10:21,1,0
1604,L15,#23,GW252/13600,(1)停机过程,1,2025-06-25 09:09:49,2025-06-25 09:10:20,31,0.01
1605,L15,#23,GW252/13600,(4)启机状态,4,2025-06-25 09:04:49,2025-06-25 09:09:49,300,0.08
1606,L15,#23,GW252/13600,(3)待机状态,3,2025-06-25 09:03:23,2025-06-25 09:04:49,86,0.02
1607,L15,#23,GW252/13600,(2)停机状态,2,2025-06-25 09:00:46,2025-06-25 09:03:23,157,0.04
1608,L15,#23,GW252/13600,(1)停机过程,1,2025-06-25 09:00:14,2025-06-25 09:00:46,32,0.01
1609,L15,#23,GW252/13600,(4)启机状态,4,2025-06-25 08:55:14,2025-06-25 09:00:14,300,0.08
1610,L15,#23,GW252/13600,(3)待机状态,3,2025-06-25 08:54:11,2025-06-25 08:55:14,63,0.02
1611,L15,#23,GW252/13600,(2)停机状态,2,2025-06-25 08:54:10,2025-06-25 08:54:11,1,0
1612,L15,#23,GW252/13600,(1)停机过程,1,2025-06-25 08:53:38,2025-06-25 08:54:10,32,0.01
1613,L15,#23,GW252/13600,(4)启机状态,4,2025-06-25 08:48:38,2025-06-25 08:53:38,300,0.08
1614,L15,#23,GW252/13600,(3)待机状态,3,2025-06-25 08:47:29,2025-06-25 08:48:38,69,0.02
1615,L15,#23,GW252/13600,(2)停机状态,2,2025-06-25 08:47:28,2025-06-25 08:47:29,1,0
1616,L15,#23,GW252/13600,(1)停机过程,1,2025-06-25 08:46:56,2025-06-25 08:47:28,32,0.01
1617,L15,#23,GW252/13600,(4)启机状态,4,2025-06-25 08:41:56,2025-06-25 08:46:56,300,0.08
1618,L15,#23,GW252/13600,(3)待机状态,3,2025-06-25 08:40:38,2025-06-25 08:41:56,78,0.02
1619,L15,#23,GW252/13600,(2)停机状态,2,2025-06-25 08:39:11,2025-06-25 08:40:38,87,0.02
1620,L15,#23,GW252/13600,(1)停机过程,1,2025-06-25 08:38:38,2025-06-25 08:39:11,33,0.01
1621,L15,#23,GW252/13600,(4)启机状态,4,2025-06-25 08:33:39,2025-06-25 08:38:38,299,0.08
1622,L15,#23,GW252/13600,(3)待机状态,3,2025-06-25 08:32:25,2025-06-25 08:33:39,74,0.02
1623,L15,#23,GW252/13600,(1)停机过程,1,2025-06-25 08:31:53,2025-06-25 08:32:25,32,0.01
1624,L15,#23,GW252/13600,(4)启机状态,4,2025-06-25 08:26:53,2025-06-25 08:31:53,300,0.08
1625,L15,#23,GW252/13600,(3)待机状态,3,2025-06-25 08:25:33,2025-06-25 08:26:53,80,0.02
1626,L15,#23,GW252/13600,(2)停机状态,2,2025-06-25 08:25:05,2025-06-25 08:25:33,28,0.01
1627,L15,#23,GW252/13600,(1)停机过程,1,2025-06-25 08:24:34,2025-06-25 08:25:05,31,0.01
1628,L15,#23,GW252/13600,(4)启机状态,4,2025-06-25 08:19:34,2025-06-25 08:24:34,300,0.08
1629,L15,#23,GW252/13600,(3)待机状态,3,2025-06-25 08:18:36,2025-06-25 08:19:34,58,0.02
1630,L15,#23,GW252/13600,(2)停机状态,2,2025-06-25 08:18:35,2025-06-25 08:18:36,1,0
1631,L15,#23,GW252/13600,(1)停机过程,1,2025-06-25 08:18:02,2025-06-25 08:18:35,33,0.01
1632,L15,#23,GW252/13600,(4)启机状态,4,2025-06-25 08:13:03,2025-06-25 08:18:02,299,0.08
1633,L15,#23,GW252/13600,(3)待机状态,3,2025-06-25 08:12:02,2025-06-25 08:13:03,61,0.02
1634,L15,#23,GW252/13600,(2)停机状态,2,2025-06-25 08:12:01,2025-06-25 08:12:02,1,0
1635,L15,#23,GW252/13600,(1)停机过程,1,2025-06-25 08:11:30,2025-06-25 08:12:01,31,0.01
1636,L15,#23,GW252/13600,(4)启机状态,4,2025-06-25 08:06:30,2025-06-25 08:11:30,300,0.08
1637,L15,#23,GW252/13600,(3)待机状态,3,2025-06-25 08:05:24,2025-06-25 08:06:30,66,0.02
1638,L15,#23,GW252/13600,(2)停机状态,2,2025-06-25 08:05:23,2025-06-25 08:05:24,1,0
1639,L15,#23,GW252/13600,(1)停机过程,1,2025-06-25 08:04:51,2025-06-25 08:05:23,32,0.01
1640,L15,#23,GW252/13600,(4)启机状态,4,2025-06-25 07:59:51,2025-06-25 08:04:51,300,0.08
1641,L15,#23,GW252/13600,(3)待机状态,3,2025-06-25 07:58:44,2025-06-25 07:59:51,67,0.02
1642,L15,#23,GW252/13600,(2)停机状态,2,2025-06-25 07:57:27,2025-06-25 07:58:44,77,0.02
1643,L15,#23,GW252/13600,(1)停机过程,1,2025-06-25 07:56:55,2025-06-25 07:57:27,32,0.01
1644,L15,#23,GW252/13600,(4)启机状态,4,2025-06-25 07:51:55,2025-06-25 07:56:55,300,0.08
1645,L15,#23,GW252/13600,(3)待机状态,3,2025-06-25 07:50:40,2025-06-25 07:51:55,75,0.02
1646,L15,#23,GW252/13600,(2)停机状态,2,2025-06-25 07:50:39,2025-06-25 07:50:40,1,0
1647,L15,#23,GW252/13600,(1)停机过程,1,2025-06-25 07:50:08,2025-06-25 07:50:39,31,0.01
1648,L15,#23,GW252/13600,(4)启机状态,4,2025-06-25 07:45:06,2025-06-25 07:50:08,302,0.08
1649,L15,#23,GW252/13600,(3)待机状态,3,2025-06-25 07:43:45,2025-06-25 07:45:06,81,0.02
1650,L15,#23,GW252/13600,(2)停机状态,2,2025-06-25 07:42:40,2025-06-25 07:43:45,65,0.02
1651,L15,#23,GW252/13600,(1)停机过程,1,2025-06-25 07:42:09,2025-06-25 07:42:40,31,0.01
1652,L15,#23,GW252/13600,(4)启机状态,4,2025-06-25 07:37:09,2025-06-25 07:42:09,300,0.08
1653,L15,#23,GW252/13600,(3)待机状态,3,2025-06-25 07:35:59,2025-06-25 07:37:09,70,0.02
1654,L15,#23,GW252/13600,(2)停机状态,2,2025-06-25 07:35:57,2025-06-25 07:35:59,2,0
1655,L15,#23,GW252/13600,(1)停机过程,1,2025-06-25 07:35:26,2025-06-25 07:35:57,31,0.01
1656,L15,#23,GW252/13600,(4)启机状态,4,2025-06-25 07:30:26,2025-06-25 07:35:26,300,0.08
1657,L15,#23,GW252/13600,(3)待机状态,3,2025-06-25 07:29:06,2025-06-25 07:30:26,80,0.02
1658,L15,#23,GW252/13600,(2)停机状态,2,2025-06-25 07:29:04,2025-06-25 07:29:06,2,0
1659,L15,#23,GW252/13600,(1)停机过程,1,2025-06-25 07:28:32,2025-06-25 07:29:04,32,0.01
1660,L15,#23,GW252/13600,(4)启机状态,4,2025-06-25 07:23:32,2025-06-25 07:28:32,300,0.08
1661,L15,#23,GW252/13600,(3)待机状态,3,2025-06-25 07:22:25,2025-06-25 07:23:32,67,0.02
1662,L15,#23,GW252/13600,(2)停机状态,2,2025-06-25 07:21:41,2025-06-25 07:22:25,44,0.01
1663,L15,#23,GW252/13600,(1)停机过程,1,2025-06-25 07:21:10,2025-06-25 07:21:41,31,0.01
1664,L15,#23,GW252/13600,(4)启机状态,4,2025-06-25 07:16:09,2025-06-25 07:21:10,301,0.08
1665,L15,#23,GW252/13600,(3)待机状态,3,2025-06-25 07:15:10,2025-06-25 07:16:09,59,0.02
1666,L15,#23,GW252/13600,(2)停机状态,2,2025-06-25 07:15:09,2025-06-25 07:15:10,1,0
1667,L15,#23,GW252/13600,(1)停机过程,1,2025-06-25 07:14:36,2025-06-25 07:15:09,33,0.01
1668,L15,#23,GW252/13600,(4)启机状态,4,2025-06-25 07:09:36,2025-06-25 07:14:36,300,0.08
1669,L15,#23,GW252/13600,(3)待机状态,3,2025-06-25 07:08:30,2025-06-25 07:09:36,66,0.02
1670,L15,#23,GW252/13600,(2)停机状态,2,2025-06-25 07:08:29,2025-06-25 07:08:30,1,0
1671,L15,#23,GW252/13600,(1)停机过程,1,2025-06-25 07:07:58,2025-06-25 07:08:29,31,0.01
1672,L15,#23,GW252/13600,(4)启机状态,4,2025-06-25 07:02:58,2025-06-25 07:07:58,300,0.08
1673,L15,#23,GW252/13600,(3)待机状态,3,2025-06-25 07:01:59,2025-06-25 07:02:58,59,0.02
1674,L15,#23,GW252/13600,(2)停机状态,2,2025-06-25 07:01:58,2025-06-25 07:01:59,1,0
1675,L15,#23,GW252/13600,(1)停机过程,1,2025-06-25 07:01:26,2025-06-25 07:01:58,32,0.01
1676,L15,#23,GW252/13600,(4)启机状态,4,2025-06-25 06:56:26,2025-06-25 07:01:26,300,0.08
1677,L15,#23,GW252/13600,(3)待机状态,3,2025-06-25 06:55:19,2025-06-25 06:56:26,67,0.02
1678,L15,#23,GW252/13600,(2)停机状态,2,2025-06-25 06:51:53,2025-06-25 06:55:19,206,0.06
1679,L15,#23,GW252/13600,(1)停机过程,1,2025-06-25 06:51:21,2025-06-25 06:51:53,32,0.01
1680,L15,#23,GW252/13600,(4)启机状态,4,2025-06-25 06:46:21,2025-06-25 06:51:21,300,0.08
1681,L15,#23,GW252/13600,(3)待机状态,3,2025-06-25 06:45:13,2025-06-25 06:46:21,68,0.02
1682,L15,#23,GW252/13600,(2)停机状态,2,2025-06-25 06:45:12,2025-06-25 06:45:13,1,0
1683,L15,#23,GW252/13600,(1)停机过程,1,2025-06-25 06:44:40,2025-06-25 06:45:12,32,0.01
1684,L15,#23,GW252/13600,(4)启机状态,4,2025-06-25 06:39:40,2025-06-25 06:44:40,300,0.08
1685,L15,#23,GW252/13600,(3)待机状态,3,2025-06-25 06:38:05,2025-06-25 06:39:40,95,0.03
1686,L15,#23,GW252/13600,(2)停机状态,2,2025-06-25 06:37:39,2025-06-25 06:38:05,26,0.01
1687,L15,#23,GW252/13600,(1)停机过程,1,2025-06-25 06:37:06,2025-06-25 06:37:39,33,0.01
1688,L15,#23,GW252/13600,(4)启机状态,4,2025-06-25 06:32:06,2025-06-25 06:37:06,300,0.08
1689,L15,#23,GW252/13600,(3)待机状态,3,2025-06-25 06:29:21,2025-06-25 06:32:06,165,0.05
1690,L15,#23,GW252/13600,(1)停机过程,1,2025-06-25 06:28:48,2025-06-25 06:29:21,33,0.01
1691,L15,#23,GW252/13600,(4)启机状态,4,2025-06-25 06:23:48,2025-06-25 06:28:48,300,0.08
1692,L15,#23,GW252/13600,(3)待机状态,3,2025-06-25 06:22:10,2025-06-25 06:23:48,98,0.03
1693,L15,#23,GW252/13600,(2)停机状态,2,2025-06-25 06:16:33,2025-06-25 06:22:10,337,0.09
1694,L15,#23,GW252/13600,(1)停机过程,1,2025-06-25 06:16:01,2025-06-25 06:16:33,32,0.01
1695,L15,#23,GW252/13600,(4)启机状态,4,2025-06-25 06:11:01,2025-06-25 06:16:01,300,0.08
1696,L15,#23,GW252/13600,(3)待机状态,3,2025-06-25 06:09:12,2025-06-25 06:11:01,109,0.03
1697,L15,#23,GW252/13600,(2)停机状态,2,2025-06-25 06:06:12,2025-06-25 06:09:12,180,0.05
1698,L15,#23,GW252/13600,(1)停机过程,1,2025-06-25 06:05:39,2025-06-25 06:06:12,33,0.01
1699,L15,#23,GW252/13600,(4)启机状态,4,2025-06-25 06:00:39,2025-06-25 06:05:39,300,0.08
1700,L15,#23,GW252/13600,(3)待机状态,3,2025-06-25 05:59:13,2025-06-25 06:00:39,86,0.02
1701,L15,#23,GW252/13600,(2)停机状态,2,2025-06-25 05:57:55,2025-06-25 05:59:13,78,0.02
1702,L15,#23,GW252/13600,(1)停机过程,1,2025-06-25 05:57:23,2025-06-25 05:57:55,32,0.01
1703,L15,#23,GW252/13600,(4)启机状态,4,2025-06-25 05:52:23,2025-06-25 05:57:23,300,0.08
1704,L15,#23,GW252/13600,(3)待机状态,3,2025-06-25 05:50:43,2025-06-25 05:52:23,100,0.03
1705,L15,#23,GW252/13600,(2)停机状态,2,2025-06-25 05:49:43,2025-06-25 05:50:43,60,0.02
1706,L15,#23,GW252/13600,(1)停机过程,1,2025-06-25 05:49:12,2025-06-25 05:49:43,31,0.01
1707,L15,#23,GW252/13600,(4)启机状态,4,2025-06-25 05:44:12,2025-06-25 05:49:12,300,0.08
1708,L15,#23,GW252/13600,(3)待机状态,3,2025-06-25 05:41:17,2025-06-25 05:44:12,175,0.05
1709,L15,#23,GW252/13600,(2)停机状态,2,2025-06-25 05:35:41,2025-06-25 05:41:17,336,0.09
1710,L15,#23,GW252/13600,(1)停机过程,1,2025-06-25 05:35:08,2025-06-25 05:35:41,33,0.01
1711,L15,#23,GW252/13600,(4)启机状态,4,2025-06-25 05:30:09,2025-06-25 05:35:08,299,0.08
1712,L15,#23,GW252/13600,(3)待机状态,3,2025-06-25 04:06:30,2025-06-25 05:30:09,5019,1.39
1713,L15,#23,GW252/13600,(2)停机状态,2,2025-06-25 04:00:52,2025-06-25 04:06:30,338,0.09
1714,L15,#23,GW252/13600,(1)停机过程,1,2025-06-25 04:00:21,2025-06-25 04:00:52,31,0.01
1715,L15,#23,GW252/13600,(4)启机状态,4,2025-06-25 03:55:21,2025-06-25 04:00:21,300,0.08
1716,L15,#23,GW252/13600,(3)待机状态,3,2025-06-25 03:53:04,2025-06-25 03:55:21,137,0.04
1717,L15,#23,GW252/13600,(2)停机状态,2,2025-06-25 03:51:41,2025-06-25 03:53:04,83,0.02
1718,L15,#23,GW252/13600,(1)停机过程,1,2025-06-25 03:51:09,2025-06-25 03:51:41,32,0.01
1719,L15,#23,GW252/13600,(4)启机状态,4,2025-06-25 03:46:09,2025-06-25 03:51:09,300,0.08
1720,L15,#23,GW252/13600,(3)待机状态,3,2025-06-25 03:45:00,2025-06-25 03:46:09,69,0.02
1721,L15,#23,GW252/13600,(2)停机状态,2,2025-06-25 03:44:57,2025-06-25 03:45:00,3,0
1722,L15,#23,GW252/13600,(1)停机过程,1,2025-06-25 03:44:25,2025-06-25 03:44:57,32,0.01
1723,L15,#23,GW252/13600,(4)启机状态,4,2025-06-25 03:39:25,2025-06-25 03:44:25,300,0.08
1724,L15,#23,GW252/13600,(3)待机状态,3,2025-06-25 03:38:22,2025-06-25 03:39:25,63,0.02
1725,L15,#23,GW252/13600,(2)停机状态,2,2025-06-25 03:38:20,2025-06-25 03:38:22,2,0
1726,L15,#23,GW252/13600,(1)停机过程,1,2025-06-25 03:37:25,2025-06-25 03:38:20,55,0.02
1727,L15,#23,GW252/13600,(5)发电状态,5,2025-06-24 15:53:20,2025-06-25 03:37:25,42245,11.73
1728,L15,#23,GW252/13600,(4)启机状态,4,2025-06-24 15:51:55,2025-06-24 15:53:20,85,0.02
1729,L15,#23,GW252/13600,(3)待机状态,3,2025-06-24 15:51:11,2025-06-24 15:51:55,44,0.01
1730,L15,#23,GW252/13600,(2)停机状态,2,2025-06-24 15:14:33,2025-06-24 15:51:11,2198,0.61
1731,L15,#23,GW252/13600,(1)停机过程,1,2025-06-24 15:13:39,2025-06-24 15:14:33,54,0.02
1732,L15,#23,GW252/13600,(5)发电状态,5,2025-06-24 13:58:30,2025-06-24 15:13:39,4509,1.25
1733,L15,#23,GW252/13600,(4)启机状态,4,2025-06-24 13:56:10,2025-06-24 13:58:30,140,0.04
1734,L15,#23,GW252/13600,(3)待机状态,3,2025-06-24 13:55:18,2025-06-24 13:56:10,52,0.01
1735,L15,#23,GW252/13600,(2)停机状态,2,2025-06-24 13:55:17,2025-06-24 13:55:18,1,0
1736,L15,#23,GW252/13600,(1)停机过程,1,2025-06-24 13:54:23,2025-06-24 13:55:17,54,0.02
1737,L15,#23,GW252/13600,(4)启机状态,4,2025-06-24 13:49:23,2025-06-24 13:54:23,300,0.08
1738,L15,#23,GW252/13600,(3)待机状态,3,2025-06-24 13:48:28,2025-06-24 13:49:23,55,0.02
1739,L15,#23,GW252/13600,(2)停机状态,2,2025-06-24 13:48:27,2025-06-24 13:48:28,1,0
1740,L15,#23,GW252/13600,(1)停机过程,1,2025-06-24 13:47:57,2025-06-24 13:48:27,30,0.01
1741,L15,#23,GW252/13600,(4)启机状态,4,2025-06-24 13:42:57,2025-06-24 13:47:57,300,0.08
1742,L15,#23,GW252/13600,(3)待机状态,3,2025-06-24 13:42:00,2025-06-24 13:42:57,57,0.02
1743,L15,#23,GW252/13600,(2)停机状态,2,2025-06-24 13:41:34,2025-06-24 13:42:00,26,0.01
1744,L15,#23,GW252/13600,(1)停机过程,1,2025-06-24 13:41:02,2025-06-24 13:41:34,32,0.01
1745,L15,#23,GW252/13600,(4)启机状态,4,2025-06-24 13:36:02,2025-06-24 13:41:02,300,0.08
1746,L15,#23,GW252/13600,(3)待机状态,3,2025-06-24 13:35:02,2025-06-24 13:36:02,60,0.02
1747,L15,#23,GW252/13600,(2)停机状态,2,2025-06-24 13:35:00,2025-06-24 13:35:02,2,0
1748,L15,#23,GW252/13600,(1)停机过程,1,2025-06-24 13:34:28,2025-06-24 13:35:00,32,0.01
1749,L15,#23,GW252/13600,(4)启机状态,4,2025-06-24 13:29:28,2025-06-24 13:34:28,300,0.08
1750,L15,#23,GW252/13600,(3)待机状态,3,2025-06-24 13:28:13,2025-06-24 13:29:28,75,0.02
1751,L15,#23,GW252/13600,(2)停机状态,2,2025-06-24 13:25:12,2025-06-24 13:28:13,181,0.05
1752,L15,#23,GW252/13600,(1)停机过程,1,2025-06-24 13:24:16,2025-06-24 13:25:12,56,0.02
1753,L15,#23,GW252/13600,(5)发电状态,5,2025-06-24 13:10:58,2025-06-24 13:24:16,798,0.22
1754,L15,#23,GW252/13600,(4)启机状态,4,2025-06-24 13:06:05,2025-06-24 13:10:58,293,0.08
1755,L15,#23,GW252/13600,(3)待机状态,3,2025-06-24 13:05:08,2025-06-24 13:06:05,57,0.02
1756,L15,#23,GW252/13600,(2)停机状态,2,2025-06-24 13:05:07,2025-06-24 13:05:08,1,0
1757,L15,#23,GW252/13600,(1)停机过程,1,2025-06-24 13:04:35,2025-06-24 13:05:07,32,0.01
1758,L15,#23,GW252/13600,(4)启机状态,4,2025-06-24 12:59:35,2025-06-24 13:04:35,300,0.08
1759,L15,#23,GW252/13600,(3)待机状态,3,2025-06-24 12:58:33,2025-06-24 12:59:35,62,0.02
1760,L15,#23,GW252/13600,(1)停机过程,1,2025-06-24 12:58:02,2025-06-24 12:58:33,31,0.01
1761,L15,#23,GW252/13600,(4)启机状态,4,2025-06-24 12:53:02,2025-06-24 12:58:02,300,0.08
1762,L15,#23,GW252/13600,(3)待机状态,3,2025-06-24 12:51:56,2025-06-24 12:53:02,66,0.02
1763,L15,#23,GW252/13600,(2)停机状态,2,2025-06-24 12:15:20,2025-06-24 12:51:56,2196,0.61
1764,L15,#23,GW252/13600,(1)停机过程,1,2025-06-24 12:14:24,2025-06-24 12:15:20,56,0.02
1765,L15,#23,GW252/13600,(5)发电状态,5,2025-06-21 22:16:58,2025-06-24 12:14:24,223046,61.96
1766,L15,#23,GW252/13600,(4)启机状态,4,2025-06-21 22:16:13,2025-06-21 22:16:58,45,0.01
1767,L15,#23,GW252/13600,(3)待机状态,3,2025-06-21 22:15:33,2025-06-21 22:16:13,40,0.01
1768,L15,#23,GW252/13600,(1)停机过程,1,2025-06-21 22:14:37,2025-06-21 22:15:33,56,0.02
1769,L15,#23,GW252/13600,(5)发电状态,5,2025-06-14 22:14:34,2025-06-21 22:14:37,604803,168
1770,L15,#23,GW252/13600,(4)启机状态,4,2025-06-14 22:13:58,2025-06-14 22:14:34,36,0.01
1771,L15,#23,GW252/13600,(3)待机状态,3,2025-06-14 22:13:28,2025-06-14 22:13:58,30,0.01
1772,L15,#23,GW252/13600,(2)停机状态,2,2025-06-14 22:13:26,2025-06-14 22:13:28,2,0
1773,L15,#23,GW252/13600,(1)停机过程,1,2025-06-14 22:13:16,2025-06-14 22:13:26,10,0
1774,L15,#23,GW252/13600,(9)维护状态,9,2025-06-14 22:12:44,2025-06-14 22:13:16,32,0.01
1775,L15,#23,GW252/13600,(2)停机状态,2,2025-06-14 13:34:33,2025-06-14 22:12:44,31091,8.64
1776,L15,#23,GW252/13600,(1)停机过程,1,2025-06-14 13:34:23,2025-06-14 13:34:33,10,0
1777,L15,#23,GW252/13600,(9)维护状态,9,2025-06-14 13:33:39,2025-06-14 13:34:23,44,0.01
1778,L15,#23,GW252/13600,(2)停机状态,2,2025-06-14 13:28:10,2025-06-14 13:33:39,329,0.09
1779,L15,#23,GW252/13600,(0)初始化,0,2025-06-14 13:27:00,2025-06-14 13:28:10,70,0.02
1780,L15,#23,GW252/13600,(9)维护状态,9,2025-06-14 13:25:38,2025-06-14 13:27:00,82,0.02
1781,L15,#23,GW252/13600,(2)停机状态,2,2025-06-14 13:21:21,2025-06-14 13:25:38,257,0.07
1782,L15,#23,GW252/13600,(1)停机过程,1,2025-06-14 13:21:11,2025-06-14 13:21:21,10,0
1783,L15,#23,GW252/13600,(9)维护状态,9,2025-06-14 13:17:35,2025-06-14 13:21:11,216,0.06
1784,L15,#23,GW252/13600,(2)停机状态,2,2025-06-14 13:07:48,2025-06-14 13:17:35,587,0.16
1785,L15,#23,GW252/13600,(1)停机过程,1,2025-06-14 13:07:05,2025-06-14 13:07:48,43,0.01
1786,L15,#23,GW252/13600,(5)发电状态,5,2025-06-14 09:35:21,2025-06-14 13:07:05,12704,3.53
1787,L15,#23,GW252/13600,(4)启机状态,4,2025-06-14 09:34:38,2025-06-14 09:35:21,43,0.01
1788,L15,#23,GW252/13600,(3)待机状态,3,2025-06-14 09:34:10,2025-06-14 09:34:38,28,0.01
1789,L15,#23,GW252/13600,(2)停机状态,2,2025-06-14 09:34:05,2025-06-14 09:34:10,5,0
1790,L15,#23,GW252/13600,(1)停机过程,1,2025-06-14 09:33:55,2025-06-14 09:34:05,10,0
1791,L15,#23,GW252/13600,(9)维护状态,9,2025-06-14 09:32:29,2025-06-14 09:33:55,86,0.02
1792,L15,#23,GW252/13600,(1)停机过程,1,2025-06-14 09:32:18,2025-06-14 09:32:29,11,0
1793,L15,#23,GW252/13600,(0)初始化,0,2025-06-14 09:29:53,2025-06-14 09:32:18,145,0.04
1794,L15,#23,GW252/13600,(9)维护状态,9,2025-06-14 09:28:29,2025-06-14 09:29:53,84,0.02
1795,L15,#23,GW252/13600,(2)停机状态,2,2025-06-14 09:13:12,2025-06-14 09:28:29,917,0.25
1796,L15,#23,GW252/13600,(1)停机过程,1,2025-06-14 09:12:28,2025-06-14 09:13:12,44,0.01
1797,L15,#23,GW252/13600,(5)发电状态,5,2025-06-14 08:24:07,2025-06-14 09:12:28,2901,0.81
1798,L15,#23,GW252/13600,(4)启机状态,4,2025-06-14 08:23:36,2025-06-14 08:24:07,31,0.01
1799,L15,#23,GW252/13600,(3)待机状态,3,2025-06-14 08:23:10,2025-06-14 08:23:36,26,0.01
1800,L15,#23,GW252/13600,(2)停机状态,2,2025-06-14 07:57:15,2025-06-14 08:23:10,1555,0.43
1801,L15,#23,GW252/13600,(1)停机过程,1,2025-06-14 07:57:05,2025-06-14 07:57:15,10,0
1802,L15,#23,GW252/13600,(9)维护状态,9,2025-06-14 07:56:15,2025-06-14 07:57:05,50,0.01
1803,L15,#23,GW252/13600,(2)停机状态,2,2025-06-14 07:45:05,2025-06-14 07:56:15,670,0.19
1804,L15,#23,GW252/13600,(1)停机过程,1,2025-06-14 07:44:22,2025-06-14 07:45:05,43,0.01
1805,L15,#23,GW252/13600,(5)发电状态,5,2025-06-10 14:22:58,2025-06-14 07:44:22,321684,89.36
1806,L15,#23,GW252/13600,(4)启机状态,4,2025-06-10 14:20:17,2025-06-10 14:22:58,161,0.04
1807,L15,#23,GW252/13600,(3)待机状态,3,2025-06-10 14:19:24,2025-06-10 14:20:17,53,0.01
1808,L15,#23,GW252/13600,(2)停机状态,2,2025-06-10 14:19:22,2025-06-10 14:19:24,2,0
1809,L15,#23,GW252/13600,(1)停机过程,1,2025-06-10 14:18:51,2025-06-10 14:19:22,31,0.01
1810,L15,#23,GW252/13600,(4)启机状态,4,2025-06-10 14:13:51,2025-06-10 14:18:51,300,0.08
1811,L15,#23,GW252/13600,(3)待机状态,3,2025-06-10 14:12:54,2025-06-10 14:13:51,57,0.02
1812,L15,#23,GW252/13600,(1)停机过程,1,2025-06-10 14:12:21,2025-06-10 14:12:54,33,0.01
1813,L15,#23,GW252/13600,(4)启机状态,4,2025-06-10 14:07:21,2025-06-10 14:12:21,300,0.08
1814,L15,#23,GW252/13600,(3)待机状态,3,2025-06-10 14:06:25,2025-06-10 14:07:21,56,0.02
1815,L15,#23,GW252/13600,(2)停机状态,2,2025-06-10 14:06:24,2025-06-10 14:06:25,1,0
1816,L15,#23,GW252/13600,(1)停机过程,1,2025-06-10 14:05:53,2025-06-10 14:06:24,31,0.01
1817,L15,#23,GW252/13600,(4)启机状态,4,2025-06-10 14:00:53,2025-06-10 14:05:53,300,0.08
1818,L15,#23,GW252/13600,(3)待机状态,3,2025-06-10 14:00:01,2025-06-10 14:00:53,52,0.01
1819,L15,#23,GW252/13600,(2)停机状态,2,2025-06-10 14:00:00,2025-06-10 14:00:01,1,0
1820,L15,#23,GW252/13600,(1)停机过程,1,2025-06-10 13:59:30,2025-06-10 14:00:00,30,0.01
1821,L15,#23,GW252/13600,(4)启机状态,4,2025-06-10 13:54:30,2025-06-10 13:59:30,300,0.08
1822,L15,#23,GW252/13600,(3)待机状态,3,2025-06-10 13:53:08,2025-06-10 13:54:30,82,0.02
1823,L15,#23,GW252/13600,(2)停机状态,2,2025-06-10 13:51:31,2025-06-10 13:53:08,97,0.03
1824,L15,#23,GW252/13600,(1)停机过程,1,2025-06-10 13:51:01,2025-06-10 13:51:31,30,0.01
1825,L15,#23,GW252/13600,(4)启机状态,4,2025-06-10 13:46:01,2025-06-10 13:51:01,300,0.08
1826,L15,#23,GW252/13600,(3)待机状态,3,2025-06-10 13:45:04,2025-06-10 13:46:01,57,0.02
1827,L15,#23,GW252/13600,(2)停机状态,2,2025-06-10 13:45:02,2025-06-10 13:45:04,2,0
1828,L15,#23,GW252/13600,(1)停机过程,1,2025-06-10 13:44:30,2025-06-10 13:45:02,32,0.01
1829,L15,#23,GW252/13600,(4)启机状态,4,2025-06-10 13:39:30,2025-06-10 13:44:30,300,0.08
1830,L15,#23,GW252/13600,(3)待机状态,3,2025-06-10 13:38:20,2025-06-10 13:39:30,70,0.02
1831,L15,#23,GW252/13600,(2)停机状态,2,2025-06-10 13:38:19,2025-06-10 13:38:20,1,0
1832,L15,#23,GW252/13600,(1)停机过程,1,2025-06-10 13:37:48,2025-06-10 13:38:19,31,0.01
1833,L15,#23,GW252/13600,(4)启机状态,4,2025-06-10 13:32:48,2025-06-10 13:37:48,300,0.08
1834,L15,#23,GW252/13600,(3)待机状态,3,2025-06-10 13:31:23,2025-06-10 13:32:48,85,0.02
1835,L15,#23,GW252/13600,(2)停机状态,2,2025-06-10 13:31:22,2025-06-10 13:31:23,1,0
1836,L15,#23,GW252/13600,(1)停机过程,1,2025-06-10 13:30:49,2025-06-10 13:31:22,33,0.01
1837,L15,#23,GW252/13600,(4)启机状态,4,2025-06-10 13:25:49,2025-06-10 13:30:49,300,0.08
1838,L15,#23,GW252/13600,(3)待机状态,3,2025-06-10 13:24:52,2025-06-10 13:25:49,57,0.02
1839,L15,#23,GW252/13600,(2)停机状态,2,2025-06-10 13:24:28,2025-06-10 13:24:52,24,0.01
1840,L15,#23,GW252/13600,(1)停机过程,1,2025-06-10 13:23:55,2025-06-10 13:24:28,33,0.01
1841,L15,#23,GW252/13600,(4)启机状态,4,2025-06-10 13:18:55,2025-06-10 13:23:55,300,0.08
1842,L15,#23,GW252/13600,(3)待机状态,3,2025-06-10 13:18:01,2025-06-10 13:18:55,54,0.02
1843,L15,#23,GW252/13600,(2)停机状态,2,2025-06-10 13:17:35,2025-06-10 13:18:01,26,0.01
1844,L15,#23,GW252/13600,(1)停机过程,1,2025-06-10 13:17:04,2025-06-10 13:17:35,31,0.01
1845,L15,#23,GW252/13600,(4)启机状态,4,2025-06-10 13:12:04,2025-06-10 13:17:04,300,0.08
1846,L15,#23,GW252/13600,(3)待机状态,3,2025-06-10 13:11:04,2025-06-10 13:12:04,60,0.02
1847,L15,#23,GW252/13600,(2)停机状态,2,2025-06-10 13:11:02,2025-06-10 13:11:04,2,0
1848,L15,#23,GW252/13600,(1)停机过程,1,2025-06-10 13:10:29,2025-06-10 13:11:02,33,0.01
1849,L15,#23,GW252/13600,(4)启机状态,4,2025-06-10 13:05:29,2025-06-10 13:10:29,300,0.08
1850,L15,#23,GW252/13600,(3)待机状态,3,2025-06-10 13:04:37,2025-06-10 13:05:29,52,0.01
1851,L15,#23,GW252/13600,(1)停机过程,1,2025-06-10 13:04:05,2025-06-10 13:04:37,32,0.01
1852,L15,#23,GW252/13600,(4)启机状态,4,2025-06-10 12:59:06,2025-06-10 13:04:05,299,0.08
1853,L15,#23,GW252/13600,(3)待机状态,3,2025-06-10 12:58:02,2025-06-10 12:59:06,64,0.02
1854,L15,#23,GW252/13600,(2)停机状态,2,2025-06-10 12:58:01,2025-06-10 12:58:02,1,0
1855,L15,#23,GW252/13600,(1)停机过程,1,2025-06-10 12:57:30,2025-06-10 12:58:01,31,0.01
1856,L15,#23,GW252/13600,(4)启机状态,4,2025-06-10 12:52:30,2025-06-10 12:57:30,300,0.08
1857,L15,#23,GW252/13600,(3)待机状态,3,2025-06-10 12:51:34,2025-06-10 12:52:30,56,0.02
1858,L15,#23,GW252/13600,(2)停机状态,2,2025-06-10 12:51:33,2025-06-10 12:51:34,1,0
1859,L15,#23,GW252/13600,(1)停机过程,1,2025-06-10 12:51:00,2025-06-10 12:51:33,33,0.01
1860,L15,#23,GW252/13600,(4)启机状态,4,2025-06-10 12:46:00,2025-06-10 12:51:00,300,0.08
1861,L15,#23,GW252/13600,(3)待机状态,3,2025-06-10 12:44:56,2025-06-10 12:46:00,64,0.02
1862,L15,#23,GW252/13600,(2)停机状态,2,2025-06-10 12:44:51,2025-06-10 12:44:56,5,0
1863,L15,#23,GW252/13600,(1)停机过程,1,2025-06-10 12:43:56,2025-06-10 12:44:51,55,0.02
1864,L15,#23,GW252/13600,(5)发电状态,5,2025-06-10 10:41:55,2025-06-10 12:43:56,7321,2.03
1865,L15,#23,GW252/13600,(4)启机状态,4,2025-06-10 10:38:43,2025-06-10 10:41:55,192,0.05
1866,L15,#23,GW252/13600,(3)待机状态,3,2025-06-10 10:37:44,2025-06-10 10:38:43,59,0.02
1867,L15,#23,GW252/13600,(2)停机状态,2,2025-06-10 10:37:43,2025-06-10 10:37:44,1,0
1868,L15,#23,GW252/13600,(1)停机过程,1,2025-06-10 10:37:12,2025-06-10 10:37:43,31,0.01
1869,L15,#23,GW252/13600,(4)启机状态,4,2025-06-10 10:32:12,2025-06-10 10:37:12,300,0.08
1870,L15,#23,GW252/13600,(3)待机状态,3,2025-06-10 10:31:19,2025-06-10 10:32:12,53,0.01
1871,L15,#23,GW252/13600,(2)停机状态,2,2025-06-10 10:31:17,2025-06-10 10:31:19,2,0
1872,L15,#23,GW252/13600,(1)停机过程,1,2025-06-10 10:30:46,2025-06-10 10:31:17,31,0.01
1873,L15,#23,GW252/13600,(4)启机状态,4,2025-06-10 10:25:47,2025-06-10 10:30:46,299,0.08
1874,L15,#23,GW252/13600,(3)待机状态,3,2025-06-10 10:24:54,2025-06-10 10:25:47,53,0.01
1875,L15,#23,GW252/13600,(2)停机状态,2,2025-06-10 10:24:51,2025-06-10 10:24:54,3,0
1876,L15,#23,GW252/13600,(1)停机过程,1,2025-06-10 10:24:20,2025-06-10 10:24:51,31,0.01
1877,L15,#23,GW252/13600,(4)启机状态,4,2025-06-10 10:19:20,2025-06-10 10:24:20,300,0.08
1878,L15,#23,GW252/13600,(3)待机状态,3,2025-06-10 10:18:10,2025-06-10 10:19:20,70,0.02
1879,L15,#23,GW252/13600,(2)停机状态,2,2025-06-10 10:18:09,2025-06-10 10:18:10,1,0
1880,L15,#23,GW252/13600,(1)停机过程,1,2025-06-10 10:17:37,2025-06-10 10:18:09,32,0.01
1881,L15,#23,GW252/13600,(4)启机状态,4,2025-06-10 10:12:37,2025-06-10 10:17:37,300,0.08
1882,L15,#23,GW252/13600,(3)待机状态,3,2025-06-10 10:11:36,2025-06-10 10:12:37,61,0.02
1883,L15,#23,GW252/13600,(2)停机状态,2,2025-06-10 10:11:35,2025-06-10 10:11:36,1,0
1884,L15,#23,GW252/13600,(1)停机过程,1,2025-06-10 10:11:04,2025-06-10 10:11:35,31,0.01
1885,L15,#23,GW252/13600,(4)启机状态,4,2025-06-10 10:06:04,2025-06-10 10:11:04,300,0.08
1886,L15,#23,GW252/13600,(3)待机状态,3,2025-06-10 10:05:08,2025-06-10 10:06:04,56,0.02
1887,L15,#23,GW252/13600,(2)停机状态,2,2025-06-10 10:05:06,2025-06-10 10:05:08,2,0
1888,L15,#23,GW252/13600,(1)停机过程,1,2025-06-10 10:04:34,2025-06-10 10:05:06,32,0.01
1889,L15,#23,GW252/13600,(4)启机状态,4,2025-06-10 09:59:34,2025-06-10 10:04:34,300,0.08
1890,L15,#23,GW252/13600,(3)待机状态,3,2025-06-10 09:58:13,2025-06-10 09:59:34,81,0.02
1891,L15,#23,GW252/13600,(2)停机状态,2,2025-06-10 09:58:12,2025-06-10 09:58:13,1,0
1892,L15,#23,GW252/13600,(1)停机过程,1,2025-06-10 09:57:41,2025-06-10 09:58:12,31,0.01
1893,L15,#23,GW252/13600,(4)启机状态,4,2025-06-10 09:52:41,2025-06-10 09:57:41,300,0.08
1894,L15,#23,GW252/13600,(3)待机状态,3,2025-06-10 09:51:08,2025-06-10 09:52:41,93,0.03
1895,L15,#23,GW252/13600,(2)停机状态,2,2025-06-10 09:51:07,2025-06-10 09:51:08,1,0
1896,L15,#23,GW252/13600,(1)停机过程,1,2025-06-10 09:50:37,2025-06-10 09:51:07,30,0.01
1897,L15,#23,GW252/13600,(4)启机状态,4,2025-06-10 09:45:36,2025-06-10 09:50:37,301,0.08
1898,L15,#23,GW252/13600,(3)待机状态,3,2025-06-10 09:44:34,2025-06-10 09:45:36,62,0.02
1899,L15,#23,GW252/13600,(1)停机过程,1,2025-06-10 09:44:01,2025-06-10 09:44:34,33,0.01
1900,L15,#23,GW252/13600,(4)启机状态,4,2025-06-10 09:39:01,2025-06-10 09:44:01,300,0.08
1901,L15,#23,GW252/13600,(3)待机状态,3,2025-06-10 09:38:07,2025-06-10 09:39:01,54,0.02
1902,L15,#23,GW252/13600,(2)停机状态,2,2025-06-10 09:38:06,2025-06-10 09:38:07,1,0
1903,L15,#23,GW252/13600,(1)停机过程,1,2025-06-10 09:37:35,2025-06-10 09:38:06,31,0.01
1904,L15,#23,GW252/13600,(4)启机状态,4,2025-06-10 09:32:35,2025-06-10 09:37:35,300,0.08
1905,L15,#23,GW252/13600,(3)待机状态,3,2025-06-10 09:31:24,2025-06-10 09:32:35,71,0.02
1906,L15,#23,GW252/13600,(2)停机状态,2,2025-06-10 09:31:23,2025-06-10 09:31:24,1,0
1907,L15,#23,GW252/13600,(1)停机过程,1,2025-06-10 09:30:50,2025-06-10 09:31:23,33,0.01
1908,L15,#23,GW252/13600,(4)启机状态,4,2025-06-10 09:25:50,2025-06-10 09:30:50,300,0.08
1909,L15,#23,GW252/13600,(3)待机状态,3,2025-06-10 09:24:51,2025-06-10 09:25:50,59,0.02
1910,L15,#23,GW252/13600,(2)停机状态,2,2025-06-10 09:24:50,2025-06-10 09:24:51,1,0
1911,L15,#23,GW252/13600,(1)停机过程,1,2025-06-10 09:24:19,2025-06-10 09:24:50,31,0.01
1912,L15,#23,GW252/13600,(4)启机状态,4,2025-06-10 09:19:19,2025-06-10 09:24:19,300,0.08
1913,L15,#23,GW252/13600,(3)待机状态,3,2025-06-10 09:18:22,2025-06-10 09:19:19,57,0.02
1914,L15,#23,GW252/13600,(2)停机状态,2,2025-06-10 09:18:20,2025-06-10 09:18:22,2,0
1915,L15,#23,GW252/13600,(1)停机过程,1,2025-06-10 09:17:49,2025-06-10 09:18:20,31,0.01
1916,L15,#23,GW252/13600,(4)启机状态,4,2025-06-10 09:12:49,2025-06-10 09:17:49,300,0.08
1917,L15,#23,GW252/13600,(3)待机状态,3,2025-06-10 09:11:49,2025-06-10 09:12:49,60,0.02
1918,L15,#23,GW252/13600,(2)停机状态,2,2025-06-10 09:11:48,2025-06-10 09:11:49,1,0
1919,L15,#23,GW252/13600,(1)停机过程,1,2025-06-10 09:11:15,2025-06-10 09:11:48,33,0.01
1920,L15,#23,GW252/13600,(4)启机状态,4,2025-06-10 09:06:15,2025-06-10 09:11:15,300,0.08
1921,L15,#23,GW252/13600,(3)待机状态,3,2025-06-10 09:05:18,2025-06-10 09:06:15,57,0.02
1922,L15,#23,GW252/13600,(2)停机状态,2,2025-06-10 09:05:16,2025-06-10 09:05:18,2,0
1923,L15,#23,GW252/13600,(1)停机过程,1,2025-06-10 09:04:45,2025-06-10 09:05:16,31,0.01
1924,L15,#23,GW252/13600,(4)启机状态,4,2025-06-10 08:59:45,2025-06-10 09:04:45,300,0.08
1925,L15,#23,GW252/13600,(3)待机状态,3,2025-06-10 08:58:48,2025-06-10 08:59:45,57,0.02
1926,L15,#23,GW252/13600,(2)停机状态,2,2025-06-10 08:58:46,2025-06-10 08:58:48,2,0
1927,L15,#23,GW252/13600,(1)停机过程,1,2025-06-10 08:58:13,2025-06-10 08:58:46,33,0.01
1928,L15,#23,GW252/13600,(4)启机状态,4,2025-06-10 08:53:13,2025-06-10 08:58:13,300,0.08
1929,L15,#23,GW252/13600,(3)待机状态,3,2025-06-10 08:52:22,2025-06-10 08:53:13,51,0.01
1930,L15,#23,GW252/13600,(2)停机状态,2,2025-06-10 08:52:21,2025-06-10 08:52:22,1,0
1931,L15,#23,GW252/13600,(1)停机过程,1,2025-06-10 08:51:49,2025-06-10 08:52:21,32,0.01
1932,L15,#23,GW252/13600,(4)启机状态,4,2025-06-10 08:46:50,2025-06-10 08:51:49,299,0.08
1933,L15,#23,GW252/13600,(3)待机状态,3,2025-06-10 08:45:58,2025-06-10 08:46:50,52,0.01
1934,L15,#23,GW252/13600,(2)停机状态,2,2025-06-10 08:45:57,2025-06-10 08:45:58,1,0
1935,L15,#23,GW252/13600,(1)停机过程,1,2025-06-10 08:45:26,2025-06-10 08:45:57,31,0.01
1936,L15,#23,GW252/13600,(4)启机状态,4,2025-06-10 08:40:26,2025-06-10 08:45:26,300,0.08
1937,L15,#23,GW252/13600,(3)待机状态,3,2025-06-10 08:39:30,2025-06-10 08:40:26,56,0.02
1938,L15,#23,GW252/13600,(2)停机状态,2,2025-06-10 08:39:29,2025-06-10 08:39:30,1,0
1939,L15,#23,GW252/13600,(1)停机过程,1,2025-06-10 08:38:56,2025-06-10 08:39:29,33,0.01
1940,L15,#23,GW252/13600,(4)启机状态,4,2025-06-10 08:33:56,2025-06-10 08:38:56,300,0.08
1941,L15,#23,GW252/13600,(3)待机状态,3,2025-06-10 08:33:07,2025-06-10 08:33:56,49,0.01
1942,L15,#23,GW252/13600,(2)停机状态,2,2025-06-10 08:33:06,2025-06-10 08:33:07,1,0
1943,L15,#23,GW252/13600,(1)停机过程,1,2025-06-10 08:32:33,2025-06-10 08:33:06,33,0.01
1944,L15,#23,GW252/13600,(4)启机状态,4,2025-06-10 08:27:33,2025-06-10 08:32:33,300,0.08
1945,L15,#23,GW252/13600,(3)待机状态,3,2025-06-10 08:26:38,2025-06-10 08:27:33,55,0.02
1946,L15,#23,GW252/13600,(1)停机过程,1,2025-06-10 08:26:06,2025-06-10 08:26:38,32,0.01
1947,L15,#23,GW252/13600,(4)启机状态,4,2025-06-10 08:21:07,2025-06-10 08:26:06,299,0.08
1948,L15,#23,GW252/13600,(3)待机状态,3,2025-06-10 08:20:13,2025-06-10 08:21:07,54,0.02
1949,L15,#23,GW252/13600,(2)停机状态,2,2025-06-10 08:20:11,2025-06-10 08:20:13,2,0
1950,L15,#23,GW252/13600,(1)停机过程,1,2025-06-10 08:19:39,2025-06-10 08:20:11,32,0.01
1951,L15,#23,GW252/13600,(4)启机状态,4,2025-06-10 08:14:38,2025-06-10 08:19:39,301,0.08
1952,L15,#23,GW252/13600,(3)待机状态,3,2025-06-10 08:13:45,2025-06-10 08:14:38,53,0.01
1953,L15,#23,GW252/13600,(2)停机状态,2,2025-06-10 08:13:44,2025-06-10 08:13:45,1,0
1954,L15,#23,GW252/13600,(1)停机过程,1,2025-06-10 08:13:11,2025-06-10 08:13:44,33,0.01
1955,L15,#23,GW252/13600,(4)启机状态,4,2025-06-10 08:08:12,2025-06-10 08:13:11,299,0.08
1956,L15,#23,GW252/13600,(3)待机状态,3,2025-06-10 08:07:13,2025-06-10 08:08:12,59,0.02
1957,L15,#23,GW252/13600,(2)停机状态,2,2025-06-10 08:07:11,2025-06-10 08:07:13,2,0
1958,L15,#23,GW252/13600,(1)停机过程,1,2025-06-10 08:06:41,2025-06-10 08:07:11,30,0.01
1959,L15,#23,GW252/13600,(4)启机状态,4,2025-06-10 08:01:41,2025-06-10 08:06:41,300,0.08
1960,L15,#23,GW252/13600,(3)待机状态,3,2025-06-10 08:00:46,2025-06-10 08:01:41,55,0.02
1961,L15,#23,GW252/13600,(2)停机状态,2,2025-06-10 08:00:36,2025-06-10 08:00:46,10,0
1962,L15,#23,GW252/13600,(1)停机过程,1,2025-06-10 08:00:04,2025-06-10 08:00:36,32,0.01
1963,L15,#23,GW252/13600,(4)启机状态,4,2025-06-10 07:55:03,2025-06-10 08:00:04,301,0.08
1964,L15,#23,GW252/13600,(3)待机状态,3,2025-06-10 07:53:58,2025-06-10 07:55:03,65,0.02
1965,L15,#23,GW252/13600,(2)停机状态,2,2025-06-10 07:53:56,2025-06-10 07:53:58,2,0
1966,L15,#23,GW252/13600,(1)停机过程,1,2025-06-10 07:53:25,2025-06-10 07:53:56,31,0.01
1967,L15,#23,GW252/13600,(4)启机状态,4,2025-06-10 07:48:25,2025-06-10 07:53:25,300,0.08
1968,L15,#23,GW252/13600,(3)待机状态,3,2025-06-10 07:47:04,2025-06-10 07:48:25,81,0.02
1969,L15,#23,GW252/13600,(2)停机状态,2,2025-06-10 07:47:01,2025-06-10 07:47:04,3,0
1970,L15,#23,GW252/13600,(1)停机过程,1,2025-06-10 07:46:30,2025-06-10 07:47:01,31,0.01
1971,L15,#23,GW252/13600,(4)启机状态,4,2025-06-10 07:41:30,2025-06-10 07:46:30,300,0.08
1972,L15,#23,GW252/13600,(3)待机状态,3,2025-06-10 07:39:47,2025-06-10 07:41:30,103,0.03
1973,L15,#23,GW252/13600,(2)停机状态,2,2025-06-10 07:38:24,2025-06-10 07:39:47,83,0.02
1974,L15,#23,GW252/13600,(1)停机过程,1,2025-06-10 07:37:54,2025-06-10 07:38:24,30,0.01
1975,L15,#23,GW252/13600,(4)启机状态,4,2025-06-10 07:32:54,2025-06-10 07:37:54,300,0.08
1976,L15,#23,GW252/13600,(3)待机状态,3,2025-06-10 07:31:22,2025-06-10 07:32:54,92,0.03
1977,L15,#23,GW252/13600,(1)停机过程,1,2025-06-10 07:30:49,2025-06-10 07:31:22,33,0.01
1978,L15,#23,GW252/13600,(4)启机状态,4,2025-06-10 07:25:50,2025-06-10 07:30:49,299,0.08
1979,L15,#23,GW252/13600,(3)待机状态,3,2025-06-10 07:24:22,2025-06-10 07:25:50,88,0.02
1980,L15,#23,GW252/13600,(2)停机状态,2,2025-06-10 07:23:40,2025-06-10 07:24:22,42,0.01
1981,L15,#23,GW252/13600,(1)停机过程,1,2025-06-10 07:23:10,2025-06-10 07:23:40,30,0.01
1982,L15,#23,GW252/13600,(4)启机状态,4,2025-06-10 07:18:10,2025-06-10 07:23:10,300,0.08
1983,L15,#23,GW252/13600,(3)待机状态,3,2025-06-10 07:15:37,2025-06-10 07:18:10,153,0.04
1984,L15,#23,GW252/13600,(2)停机状态,2,2025-06-10 07:10:00,2025-06-10 07:15:37,337,0.09
1985,L15,#23,GW252/13600,(1)停机过程,1,2025-06-10 07:09:29,2025-06-10 07:10:00,31,0.01
1986,L15,#23,GW252/13600,(4)启机状态,4,2025-06-10 07:04:29,2025-06-10 07:09:29,300,0.08
1987,L15,#23,GW252/13600,(3)待机状态,3,2025-06-10 07:02:47,2025-06-10 07:04:29,102,0.03
1988,L15,#23,GW252/13600,(2)停机状态,2,2025-06-10 06:57:09,2025-06-10 07:02:47,338,0.09
1989,L15,#23,GW252/13600,(1)停机过程,1,2025-06-10 06:56:39,2025-06-10 06:57:09,30,0.01
1990,L15,#23,GW252/13600,(4)启机状态,4,2025-06-10 06:51:39,2025-06-10 06:56:39,300,0.08
1991,L15,#23,GW252/13600,(3)待机状态,3,2025-06-10 06:49:45,2025-06-10 06:51:39,114,0.03
1992,L15,#23,GW252/13600,(2)停机状态,2,2025-06-10 06:44:47,2025-06-10 06:49:45,298,0.08
1993,L15,#23,GW252/13600,(1)停机过程,1,2025-06-10 06:44:16,2025-06-10 06:44:47,31,0.01
1994,L15,#23,GW252/13600,(4)启机状态,4,2025-06-10 06:39:15,2025-06-10 06:44:16,301,0.08
1995,L15,#23,GW252/13600,(3)待机状态,3,2025-06-10 05:48:51,2025-06-10 06:39:15,3024,0.84
1996,L15,#23,GW252/13600,(2)停机状态,2,2025-06-10 05:43:14,2025-06-10 05:48:51,337,0.09
1997,L15,#23,GW252/13600,(1)停机过程,1,2025-06-10 05:42:42,2025-06-10 05:43:14,32,0.01
1998,L15,#23,GW252/13600,(4)启机状态,4,2025-06-10 05:37:42,2025-06-10 05:42:42,300,0.08
1999,L15,#23,GW252/13600,(3)待机状态,3,2025-06-10 05:25:24,2025-06-10 05:37:42,738,0.21
2000,L15,#23,GW252/13600,(2)停机状态,2,2025-06-10 05:19:47,2025-06-10 05:25:24,337,0.09
2001,L15,#23,GW252/13600,(1)停机过程,1,2025-06-10 05:19:15,2025-06-10 05:19:47,32,0.01
2002,L15,#23,GW252/13600,(4)启机状态,4,2025-06-10 05:14:16,2025-06-10 05:19:15,299,0.08
2003,L15,#23,GW252/13600,(3)待机状态,3,2025-06-10 02:01:06,2025-06-10 05:14:16,11590,3.22
2004,L15,#23,GW252/13600,(2)停机状态,2,2025-06-10 01:55:29,2025-06-10 02:01:06,337,0.09
2005,L15,#23,GW252/13600,(1)停机过程,1,2025-06-10 01:54:57,2025-06-10 01:55:29,32,0.01
2006,L15,#23,GW252/13600,(4)启机状态,4,2025-06-10 01:49:56,2025-06-10 01:54:57,301,0.08
2007,L15,#23,GW252/13600,(3)待机状态,3,2025-06-10 01:34:54,2025-06-10 01:49:56,902,0.25
2008,L15,#23,GW252/13600,(2)停机状态,2,2025-06-10 01:29:17,2025-06-10 01:34:54,337,0.09
2009,L15,#23,GW252/13600,(1)停机过程,1,2025-06-10 01:28:45,2025-06-10 01:29:17,32,0.01
2010,L15,#23,GW252/13600,(4)启机状态,4,2025-06-10 01:23:45,2025-06-10 01:28:45,300,0.08
2011,L15,#23,GW252/13600,(3)待机状态,3,2025-06-10 00:31:18,2025-06-10 01:23:45,3147,0.87
2012,L15,#23,GW252/13600,(2)停机状态,2,2025-06-10 00:25:42,2025-06-10 00:31:18,336,0.09
2013,L15,#23,GW252/13600,(1)停机过程,1,2025-06-10 00:25:10,2025-06-10 00:25:42,32,0.01
2014,L15,#23,GW252/13600,(4)启机状态,4,2025-06-10 00:20:10,2025-06-10 00:25:10,300,0.08
2015,L15,#23,GW252/13600,(3)待机状态,3,2025-06-10 00:16:11,2025-06-10 00:20:10,239,0.07
2016,L15,#23,GW252/13600,(2)停机状态,2,2025-06-10 00:10:34,2025-06-10 00:16:11,337,0.09
2017,L15,#23,GW252/13600,(1)停机过程,1,2025-06-10 00:10:04,2025-06-10 00:10:34,30,0.01
2018,L15,#23,GW252/13600,(4)启机状态,4,2025-06-10 00:05:03,2025-06-10 00:10:04,301,0.08
2019,L15,#23,GW252/13600,(3)待机状态,3,2025-06-10 00:03:00,2025-06-10 00:05:03,123,0.03
2020,L15,#23,GW252/13600,(2)停机状态,2,2025-06-09 23:57:46,2025-06-10 00:03:00,314,0.09
2021,L15,#23,GW252/13600,(1)停机过程,1,2025-06-09 23:57:14,2025-06-09 23:57:46,32,0.01
2022,L15,#23,GW252/13600,(4)启机状态,4,2025-06-09 23:52:14,2025-06-09 23:57:14,300,0.08
2023,L15,#23,GW252/13600,(3)待机状态,3,2025-06-09 23:48:53,2025-06-09 23:52:14,201,0.06
2024,L15,#23,GW252/13600,(2)停机状态,2,2025-06-09 23:43:17,2025-06-09 23:48:53,336,0.09
2025,L15,#23,GW252/13600,(1)停机过程,1,2025-06-09 23:42:45,2025-06-09 23:43:17,32,0.01
2026,L15,#23,GW252/13600,(4)启机状态,4,2025-06-09 23:37:45,2025-06-09 23:42:45,300,0.08
2027,L15,#23,GW252/13600,(3)待机状态,3,2025-06-09 23:35:48,2025-06-09 23:37:45,117,0.03
2028,L15,#23,GW252/13600,(2)停机状态,2,2025-06-09 23:32:29,2025-06-09 23:35:48,199,0.06
2029,L15,#23,GW252/13600,(1)停机过程,1,2025-06-09 23:31:57,2025-06-09 23:32:29,32,0.01
2030,L15,#23,GW252/13600,(4)启机状态,4,2025-06-09 23:26:57,2025-06-09 23:31:57,300,0.08
2031,L15,#23,GW252/13600,(3)待机状态,3,2025-06-09 23:24:20,2025-06-09 23:26:57,157,0.04
2032,L15,#23,GW252/13600,(2)停机状态,2,2025-06-09 23:18:50,2025-06-09 23:24:20,330,0.09
2033,L15,#23,GW252/13600,(1)停机过程,1,2025-06-09 23:18:18,2025-06-09 23:18:50,32,0.01
2034,L15,#23,GW252/13600,(4)启机状态,4,2025-06-09 23:13:19,2025-06-09 23:18:18,299,0.08
2035,L15,#23,GW252/13600,(3)待机状态,3,2025-06-09 23:12:08,2025-06-09 23:13:19,71,0.02
2036,L15,#23,GW252/13600,(2)停机状态,2,2025-06-09 23:07:55,2025-06-09 23:12:08,253,0.07
2037,L15,#23,GW252/13600,(1)停机过程,1,2025-06-09 23:07:23,2025-06-09 23:07:55,32,0.01
2038,L15,#23,GW252/13600,(4)启机状态,4,2025-06-09 23:02:24,2025-06-09 23:07:23,299,0.08
2039,L15,#23,GW252/13600,(3)待机状态,3,2025-06-09 23:01:00,2025-06-09 23:02:24,84,0.02
2040,L15,#23,GW252/13600,(2)停机状态,2,2025-06-09 22:57:50,2025-06-09 23:01:00,190,0.05
2041,L15,#23,GW252/13600,(1)停机过程,1,2025-06-09 22:57:20,2025-06-09 22:57:50,30,0.01
2042,L15,#23,GW252/13600,(4)启机状态,4,2025-06-09 22:52:20,2025-06-09 22:57:20,300,0.08
2043,L15,#23,GW252/13600,(3)待机状态,3,2025-06-09 22:45:48,2025-06-09 22:52:20,392,0.11
2044,L15,#23,GW252/13600,(2)停机状态,2,2025-06-09 22:40:13,2025-06-09 22:45:48,335,0.09
2045,L15,#23,GW252/13600,(1)停机过程,1,2025-06-09 22:39:39,2025-06-09 22:40:13,34,0.01
2046,L15,#23,GW252/13600,(4)启机状态,4,2025-06-09 22:34:40,2025-06-09 22:39:39,299,0.08
2047,L15,#23,GW252/13600,(3)待机状态,3,2025-06-09 22:33:40,2025-06-09 22:34:40,60,0.02
2048,L15,#23,GW252/13600,(2)停机状态,2,2025-06-09 22:33:39,2025-06-09 22:33:40,1,0
2049,L15,#23,GW252/13600,(1)停机过程,1,2025-06-09 22:33:07,2025-06-09 22:33:39,32,0.01
2050,L15,#23,GW252/13600,(4)启机状态,4,2025-06-09 22:28:07,2025-06-09 22:33:07,300,0.08
2051,L15,#23,GW252/13600,(3)待机状态,3,2025-06-09 22:27:08,2025-06-09 22:28:07,59,0.02
2052,L15,#23,GW252/13600,(1)停机过程,1,2025-06-09 22:26:35,2025-06-09 22:27:08,33,0.01
2053,L15,#23,GW252/13600,(4)启机状态,4,2025-06-09 22:21:35,2025-06-09 22:26:35,300,0.08
2054,L15,#23,GW252/13600,(3)待机状态,3,2025-06-09 22:20:33,2025-06-09 22:21:35,62,0.02
2055,L15,#23,GW252/13600,(2)停机状态,2,2025-06-09 22:20:32,2025-06-09 22:20:33,1,0
2056,L15,#23,GW252/13600,(1)停机过程,1,2025-06-09 22:20:02,2025-06-09 22:20:32,30,0.01
2057,L15,#23,GW252/13600,(4)启机状态,4,2025-06-09 22:15:02,2025-06-09 22:20:02,300,0.08
2058,L15,#23,GW252/13600,(3)待机状态,3,2025-06-09 22:14:00,2025-06-09 22:15:02,62,0.02
2059,L15,#23,GW252/13600,(2)停机状态,2,2025-06-09 22:13:59,2025-06-09 22:14:00,1,0
2060,L15,#23,GW252/13600,(1)停机过程,1,2025-06-09 22:13:27,2025-06-09 22:13:59,32,0.01
2061,L15,#23,GW252/13600,(4)启机状态,4,2025-06-09 22:08:27,2025-06-09 22:13:27,300,0.08
2062,L15,#23,GW252/13600,(3)待机状态,3,2025-06-09 22:07:23,2025-06-09 22:08:27,64,0.02
2063,L15,#23,GW252/13600,(2)停机状态,2,2025-06-09 22:07:22,2025-06-09 22:07:23,1,0
2064,L15,#23,GW252/13600,(1)停机过程,1,2025-06-09 22:06:51,2025-06-09 22:07:22,31,0.01
2065,L15,#23,GW252/13600,(4)启机状态,4,2025-06-09 22:01:51,2025-06-09 22:06:51,300,0.08
2066,L15,#23,GW252/13600,(3)待机状态,3,2025-06-09 22:00:55,2025-06-09 22:01:51,56,0.02
2067,L15,#23,GW252/13600,(1)停机过程,1,2025-06-09 22:00:24,2025-06-09 22:00:55,31,0.01
2068,L15,#23,GW252/13600,(4)启机状态,4,2025-06-09 21:55:24,2025-06-09 22:00:24,300,0.08
2069,L15,#23,GW252/13600,(3)待机状态,3,2025-06-09 21:54:28,2025-06-09 21:55:24,56,0.02
2070,L15,#23,GW252/13600,(1)停机过程,1,2025-06-09 21:53:55,2025-06-09 21:54:28,33,0.01
2071,L15,#23,GW252/13600,(4)启机状态,4,2025-06-09 21:48:55,2025-06-09 21:53:55,300,0.08
2072,L15,#23,GW252/13600,(3)待机状态,3,2025-06-09 21:48:03,2025-06-09 21:48:55,52,0.01
2073,L15,#23,GW252/13600,(2)停机状态,2,2025-06-09 21:48:00,2025-06-09 21:48:03,3,0
2074,L15,#23,GW252/13600,(1)停机过程,1,2025-06-09 21:47:30,2025-06-09 21:48:00,30,0.01
2075,L15,#23,GW252/13600,(4)启机状态,4,2025-06-09 21:42:30,2025-06-09 21:47:30,300,0.08
2076,L15,#23,GW252/13600,(3)待机状态,3,2025-06-09 21:41:27,2025-06-09 21:42:30,63,0.02
2077,L15,#23,GW252/13600,(1)停机过程,1,2025-06-09 21:40:55,2025-06-09 21:41:27,32,0.01
2078,L15,#23,GW252/13600,(4)启机状态,4,2025-06-09 21:35:55,2025-06-09 21:40:55,300,0.08
2079,L15,#23,GW252/13600,(3)待机状态,3,2025-06-09 21:34:49,2025-06-09 21:35:55,66,0.02
2080,L15,#23,GW252/13600,(1)停机过程,1,2025-06-09 21:34:17,2025-06-09 21:34:49,32,0.01
2081,L15,#23,GW252/13600,(4)启机状态,4,2025-06-09 21:29:17,2025-06-09 21:34:17,300,0.08
2082,L15,#23,GW252/13600,(3)待机状态,3,2025-06-09 21:28:14,2025-06-09 21:29:17,63,0.02
2083,L15,#23,GW252/13600,(2)停机状态,2,2025-06-09 21:28:09,2025-06-09 21:28:14,5,0
2084,L15,#23,GW252/13600,(1)停机过程,1,2025-06-09 21:27:38,2025-06-09 21:28:09,31,0.01
2085,L15,#23,GW252/13600,(4)启机状态,4,2025-06-09 21:22:38,2025-06-09 21:27:38,300,0.08
2086,L15,#23,GW252/13600,(3)待机状态,3,2025-06-09 21:21:31,2025-06-09 21:22:38,67,0.02
2087,L15,#23,GW252/13600,(2)停机状态,2,2025-06-09 21:21:30,2025-06-09 21:21:31,1,0
2088,L15,#23,GW252/13600,(1)停机过程,1,2025-06-09 21:20:59,2025-06-09 21:21:30,31,0.01
2089,L15,#23,GW252/13600,(4)启机状态,4,2025-06-09 21:15:59,2025-06-09 21:20:59,300,0.08
2090,L15,#23,GW252/13600,(3)待机状态,3,2025-06-09 21:14:57,2025-06-09 21:15:59,62,0.02
2091,L15,#23,GW252/13600,(2)停机状态,2,2025-06-09 21:14:55,2025-06-09 21:14:57,2,0
2092,L15,#23,GW252/13600,(1)停机过程,1,2025-06-09 21:14:23,2025-06-09 21:14:55,32,0.01
2093,L15,#23,GW252/13600,(4)启机状态,4,2025-06-09 21:09:23,2025-06-09 21:14:23,300,0.08
2094,L15,#23,GW252/13600,(3)待机状态,3,2025-06-09 21:07:58,2025-06-09 21:09:23,85,0.02
2095,L15,#23,GW252/13600,(2)停机状态,2,2025-06-09 21:06:59,2025-06-09 21:07:58,59,0.02
2096,L15,#23,GW252/13600,(1)停机过程,1,2025-06-09 21:06:27,2025-06-09 21:06:59,32,0.01
2097,L15,#23,GW252/13600,(4)启机状态,4,2025-06-09 21:01:27,2025-06-09 21:06:27,300,0.08
2098,L15,#23,GW252/13600,(3)待机状态,3,2025-06-09 20:59:57,2025-06-09 21:01:27,90,0.03
2099,L15,#23,GW252/13600,(2)停机状态,2,2025-06-09 20:59:56,2025-06-09 20:59:57,1,0
2100,L15,#23,GW252/13600,(1)停机过程,1,2025-06-09 20:59:24,2025-06-09 20:59:56,32,0.01
2101,L15,#23,GW252/13600,(4)启机状态,4,2025-06-09 20:54:25,2025-06-09 20:59:24,299,0.08
2102,L15,#23,GW252/13600,(3)待机状态,3,2025-06-09 20:52:53,2025-06-09 20:54:25,92,0.03
2103,L15,#23,GW252/13600,(2)停机状态,2,2025-06-09 20:52:51,2025-06-09 20:52:53,2,0
2104,L15,#23,GW252/13600,(1)停机过程,1,2025-06-09 20:51:55,2025-06-09 20:52:51,56,0.02
2105,L15,#23,GW252/13600,(5)发电状态,5,2025-06-09 19:37:29,2025-06-09 20:51:55,4466,1.24
2106,L15,#23,GW252/13600,(4)启机状态,4,2025-06-09 19:34:28,2025-06-09 19:37:29,181,0.05
2107,L15,#23,GW252/13600,(3)待机状态,3,2025-06-09 19:33:37,2025-06-09 19:34:28,51,0.01
2108,L15,#23,GW252/13600,(2)停机状态,2,2025-06-09 19:33:35,2025-06-09 19:33:37,2,0
2109,L15,#23,GW252/13600,(1)停机过程,1,2025-06-09 19:32:57,2025-06-09 19:33:35,38,0.01
2110,L15,#23,GW252/13600,(4)启机状态,4,2025-06-09 19:27:56,2025-06-09 19:32:57,301,0.08
2111,L15,#23,GW252/13600,(3)待机状态,3,2025-06-09 19:27:01,2025-06-09 19:27:56,55,0.02
2112,L15,#23,GW252/13600,(2)停机状态,2,2025-06-09 19:26:59,2025-06-09 19:27:01,2,0
2113,L15,#23,GW252/13600,(1)停机过程,1,2025-06-09 19:26:26,2025-06-09 19:26:59,33,0.01
2114,L15,#23,GW252/13600,(4)启机状态,4,2025-06-09 19:21:27,2025-06-09 19:26:26,299,0.08
2115,L15,#23,GW252/13600,(3)待机状态,3,2025-06-09 19:20:34,2025-06-09 19:21:27,53,0.01
2116,L15,#23,GW252/13600,(2)停机状态,2,2025-06-09 19:20:32,2025-06-09 19:20:34,2,0
2117,L15,#23,GW252/13600,(1)停机过程,1,2025-06-09 19:20:01,2025-06-09 19:20:32,31,0.01
2118,L15,#23,GW252/13600,(4)启机状态,4,2025-06-09 19:15:00,2025-06-09 19:20:01,301,0.08
2119,L15,#23,GW252/13600,(3)待机状态,3,2025-06-09 19:14:08,2025-06-09 19:15:00,52,0.01
2120,L15,#23,GW252/13600,(1)停机过程,1,2025-06-09 19:13:35,2025-06-09 19:14:08,33,0.01
2121,L15,#23,GW252/13600,(4)启机状态,4,2025-06-09 19:08:35,2025-06-09 19:13:35,300,0.08
2122,L15,#23,GW252/13600,(3)待机状态,3,2025-06-09 19:07:38,2025-06-09 19:08:35,57,0.02
2123,L15,#23,GW252/13600,(2)停机状态,2,2025-06-09 19:06:55,2025-06-09 19:07:38,43,0.01
2124,L15,#23,GW252/13600,(1)停机过程,1,2025-06-09 19:06:23,2025-06-09 19:06:55,32,0.01
2125,L15,#23,GW252/13600,(4)启机状态,4,2025-06-09 19:01:23,2025-06-09 19:06:23,300,0.08
2126,L15,#23,GW252/13600,(3)待机状态,3,2025-06-09 19:00:17,2025-06-09 19:01:23,66,0.02
2127,L15,#23,GW252/13600,(2)停机状态,2,2025-06-09 19:00:15,2025-06-09 19:00:17,2,0
2128,L15,#23,GW252/13600,(1)停机过程,1,2025-06-09 18:59:45,2025-06-09 19:00:15,30,0.01
2129,L15,#23,GW252/13600,(4)启机状态,4,2025-06-09 18:54:45,2025-06-09 18:59:45,300,0.08
2130,L15,#23,GW252/13600,(3)待机状态,3,2025-06-09 18:53:46,2025-06-09 18:54:45,59,0.02
2131,L15,#23,GW252/13600,(2)停机状态,2,2025-06-09 18:53:44,2025-06-09 18:53:46,2,0
2132,L15,#23,GW252/13600,(1)停机过程,1,2025-06-09 18:53:12,2025-06-09 18:53:44,32,0.01
2133,L15,#23,GW252/13600,(4)启机状态,4,2025-06-09 18:48:12,2025-06-09 18:53:12,300,0.08
2134,L15,#23,GW252/13600,(3)待机状态,3,2025-06-09 18:46:46,2025-06-09 18:48:12,86,0.02
2135,L15,#23,GW252/13600,(2)停机状态,2,2025-06-09 18:46:02,2025-06-09 18:46:46,44,0.01
2136,L15,#23,GW252/13600,(1)停机过程,1,2025-06-09 18:45:30,2025-06-09 18:46:02,32,0.01
2137,L15,#23,GW252/13600,(4)启机状态,4,2025-06-09 18:40:30,2025-06-09 18:45:30,300,0.08
2138,L15,#23,GW252/13600,(3)待机状态,3,2025-06-09 18:14:06,2025-06-09 18:40:30,1584,0.44
2139,L15,#23,GW252/13600,(2)停机状态,2,2025-06-09 18:08:29,2025-06-09 18:14:06,337,0.09
2140,L15,#23,GW252/13600,(1)停机过程,1,2025-06-09 18:07:57,2025-06-09 18:08:29,32,0.01
2141,L15,#23,GW252/13600,(4)启机状态,4,2025-06-09 18:02:58,2025-06-09 18:07:57,299,0.08
2142,L15,#23,GW252/13600,(3)待机状态,3,2025-06-09 17:45:02,2025-06-09 18:02:58,1076,0.3
2143,L15,#23,GW252/13600,(2)停机状态,2,2025-06-09 17:39:25,2025-06-09 17:45:02,337,0.09
2144,L15,#23,GW252/13600,(1)停机过程,1,2025-06-09 17:38:54,2025-06-09 17:39:25,31,0.01
2145,L15,#23,GW252/13600,(4)启机状态,4,2025-06-09 17:33:54,2025-06-09 17:38:54,300,0.08
2146,L15,#23,GW252/13600,(3)待机状态,3,2025-06-09 17:32:30,2025-06-09 17:33:54,84,0.02
2147,L15,#23,GW252/13600,(2)停机状态,2,2025-06-09 17:31:50,2025-06-09 17:32:30,40,0.01
2148,L15,#23,GW252/13600,(1)停机过程,1,2025-06-09 17:31:20,2025-06-09 17:31:50,30,0.01
2149,L15,#23,GW252/13600,(4)启机状态,4,2025-06-09 17:26:19,2025-06-09 17:31:20,301,0.08
2150,L15,#23,GW252/13600,(3)待机状态,3,2025-06-09 17:25:23,2025-06-09 17:26:19,56,0.02
2151,L15,#23,GW252/13600,(2)停机状态,2,2025-06-09 17:25:21,2025-06-09 17:25:23,2,0
2152,L15,#23,GW252/13600,(1)停机过程,1,2025-06-09 17:24:49,2025-06-09 17:25:21,32,0.01
2153,L15,#23,GW252/13600,(4)启机状态,4,2025-06-09 17:19:48,2025-06-09 17:24:49,301,0.08
2154,L15,#23,GW252/13600,(3)待机状态,3,2025-06-09 17:18:48,2025-06-09 17:19:48,60,0.02
2155,L15,#23,GW252/13600,(2)停机状态,2,2025-06-09 17:18:47,2025-06-09 17:18:48,1,0
2156,L15,#23,GW252/13600,(1)停机过程,1,2025-06-09 17:18:16,2025-06-09 17:18:47,31,0.01
2157,L15,#23,GW252/13600,(4)启机状态,4,2025-06-09 17:13:16,2025-06-09 17:18:16,300,0.08
2158,L15,#23,GW252/13600,(3)待机状态,3,2025-06-09 17:12:16,2025-06-09 17:13:16,60,0.02
2159,L15,#23,GW252/13600,(2)停机状态,2,2025-06-09 17:12:15,2025-06-09 17:12:16,1,0
2160,L15,#23,GW252/13600,(1)停机过程,1,2025-06-09 17:11:44,2025-06-09 17:12:15,31,0.01
2161,L15,#23,GW252/13600,(4)启机状态,4,2025-06-09 17:06:43,2025-06-09 17:11:44,301,0.08
2162,L15,#23,GW252/13600,(3)待机状态,3,2025-06-09 17:05:46,2025-06-09 17:06:43,57,0.02
2163,L15,#23,GW252/13600,(1)停机过程,1,2025-06-09 17:05:13,2025-06-09 17:05:46,33,0.01
2164,L15,#23,GW252/13600,(4)启机状态,4,2025-06-09 17:00:14,2025-06-09 17:05:13,299,0.08
2165,L15,#23,GW252/13600,(3)待机状态,3,2025-06-09 16:59:11,2025-06-09 17:00:14,63,0.02
2166,L15,#23,GW252/13600,(2)停机状态,2,2025-06-09 16:59:10,2025-06-09 16:59:11,1,0
2167,L15,#23,GW252/13600,(1)停机过程,1,2025-06-09 16:58:40,2025-06-09 16:59:10,30,0.01
2168,L15,#23,GW252/13600,(4)启机状态,4,2025-06-09 16:53:40,2025-06-09 16:58:40,300,0.08
2169,L15,#23,GW252/13600,(3)待机状态,3,2025-06-09 16:50:44,2025-06-09 16:53:40,176,0.05
2170,L15,#23,GW252/13600,(2)停机状态,2,2025-06-09 16:45:08,2025-06-09 16:50:44,336,0.09
2171,L15,#23,GW252/13600,(1)停机过程,1,2025-06-09 16:44:36,2025-06-09 16:45:08,32,0.01
2172,L15,#23,GW252/13600,(4)启机状态,4,2025-06-09 16:39:37,2025-06-09 16:44:36,299,0.08
2173,L15,#23,GW252/13600,(3)待机状态,3,2025-06-09 16:38:26,2025-06-09 16:39:37,71,0.02
2174,L15,#23,GW252/13600,(2)停机状态,2,2025-06-09 16:35:42,2025-06-09 16:38:26,164,0.05
2175,L15,#23,GW252/13600,(1)停机过程,1,2025-06-09 16:35:09,2025-06-09 16:35:42,33,0.01
2176,L15,#23,GW252/13600,(4)启机状态,4,2025-06-09 16:30:09,2025-06-09 16:35:09,300,0.08
2177,L15,#23,GW252/13600,(3)待机状态,3,2025-06-09 16:21:02,2025-06-09 16:30:09,547,0.15
2178,L15,#23,GW252/13600,(2)停机状态,2,2025-06-09 16:15:25,2025-06-09 16:21:02,337,0.09
2179,L15,#23,GW252/13600,(1)停机过程,1,2025-06-09 16:14:54,2025-06-09 16:15:25,31,0.01
2180,L15,#23,GW252/13600,(4)启机状态,4,2025-06-09 16:09:53,2025-06-09 16:14:54,301,0.08
2181,L15,#23,GW252/13600,(3)待机状态,3,2025-06-09 16:07:23,2025-06-09 16:09:53,150,0.04
2182,L15,#23,GW252/13600,(2)停机状态,2,2025-06-09 16:01:45,2025-06-09 16:07:23,338,0.09
2183,L15,#23,GW252/13600,(1)停机过程,1,2025-06-09 16:01:13,2025-06-09 16:01:45,32,0.01
2184,L15,#23,GW252/13600,(4)启机状态,4,2025-06-09 15:56:14,2025-06-09 16:01:13,299,0.08
2185,L15,#23,GW252/13600,(3)待机状态,3,2025-06-09 15:53:10,2025-06-09 15:56:14,184,0.05
2186,L15,#23,GW252/13600,(2)停机状态,2,2025-06-09 15:47:33,2025-06-09 15:53:10,337,0.09
2187,L15,#23,GW252/13600,(1)停机过程,1,2025-06-09 15:47:01,2025-06-09 15:47:33,32,0.01
2188,L15,#23,GW252/13600,(4)启机状态,4,2025-06-09 15:42:01,2025-06-09 15:47:01,300,0.08
2189,L15,#23,GW252/13600,(3)待机状态,3,2025-06-09 15:41:00,2025-06-09 15:42:01,61,0.02
2190,L15,#23,GW252/13600,(2)停机状态,2,2025-06-09 15:40:58,2025-06-09 15:41:00,2,0
2191,L15,#23,GW252/13600,(1)停机过程,1,2025-06-09 15:40:27,2025-06-09 15:40:58,31,0.01
2192,L15,#23,GW252/13600,(4)启机状态,4,2025-06-09 15:35:27,2025-06-09 15:40:27,300,0.08
2193,L15,#23,GW252/13600,(3)待机状态,3,2025-06-09 15:34:30,2025-06-09 15:35:27,57,0.02
2194,L15,#23,GW252/13600,(2)停机状态,2,2025-06-09 15:34:29,2025-06-09 15:34:30,1,0
2195,L15,#23,GW252/13600,(1)停机过程,1,2025-06-09 15:33:57,2025-06-09 15:34:29,32,0.01
2196,L15,#23,GW252/13600,(4)启机状态,4,2025-06-09 15:28:57,2025-06-09 15:33:57,300,0.08
2197,L15,#23,GW252/13600,(3)待机状态,3,2025-06-09 15:20:44,2025-06-09 15:28:57,493,0.14
2198,L15,#23,GW252/13600,(2)停机状态,2,2025-06-09 15:15:07,2025-06-09 15:20:44,337,0.09
2199,L15,#23,GW252/13600,(1)停机过程,1,2025-06-09 15:14:36,2025-06-09 15:15:07,31,0.01
2200,L15,#23,GW252/13600,(4)启机状态,4,2025-06-09 15:09:36,2025-06-09 15:14:36,300,0.08
2201,L15,#23,GW252/13600,(3)待机状态,3,2025-06-09 15:05:14,2025-06-09 15:09:36,262,0.07
2202,L15,#23,GW252/13600,(2)停机状态,2,2025-06-09 15:04:28,2025-06-09 15:05:14,46,0.01
2203,L15,#23,GW252/13600,(1)停机过程,1,2025-06-09 15:03:33,2025-06-09 15:04:28,55,0.02
2204,L15,#23,GW252/13600,(5)发电状态,5,2025-06-09 14:39:22,2025-06-09 15:03:33,1451,0.4
2205,L15,#23,GW252/13600,(4)启机状态,4,2025-06-09 14:35:09,2025-06-09 14:39:22,253,0.07
2206,L15,#23,GW252/13600,(3)待机状态,3,2025-06-09 14:34:19,2025-06-09 14:35:09,50,0.01
2207,L15,#23,GW252/13600,(2)停机状态,2,2025-06-09 14:34:18,2025-06-09 14:34:19,1,0
2208,L15,#23,GW252/13600,(1)停机过程,1,2025-06-09 14:33:46,2025-06-09 14:34:18,32,0.01
2209,L15,#23,GW252/13600,(4)启机状态,4,2025-06-09 14:28:46,2025-06-09 14:33:46,300,0.08
2210,L15,#23,GW252/13600,(3)待机状态,3,2025-06-09 14:27:46,2025-06-09 14:28:46,60,0.02
2211,L15,#23,GW252/13600,(2)停机状态,2,2025-06-09 14:27:43,2025-06-09 14:27:46,3,0
2212,L15,#23,GW252/13600,(1)停机过程,1,2025-06-09 14:27:12,2025-06-09 14:27:43,31,0.01
2213,L15,#23,GW252/13600,(4)启机状态,4,2025-06-09 14:22:12,2025-06-09 14:27:12,300,0.08
2214,L15,#23,GW252/13600,(3)待机状态,3,2025-06-09 14:21:16,2025-06-09 14:22:12,56,0.02
2215,L15,#23,GW252/13600,(1)停机过程,1,2025-06-09 14:20:45,2025-06-09 14:21:16,31,0.01
2216,L15,#23,GW252/13600,(4)启机状态,4,2025-06-09 14:15:44,2025-06-09 14:20:45,301,0.08
2217,L15,#23,GW252/13600,(3)待机状态,3,2025-06-09 14:14:52,2025-06-09 14:15:44,52,0.01
2218,L15,#23,GW252/13600,(2)停机状态,2,2025-06-09 14:14:50,2025-06-09 14:14:52,2,0
2219,L15,#23,GW252/13600,(1)停机过程,1,2025-06-09 14:14:17,2025-06-09 14:14:50,33,0.01
2220,L15,#23,GW252/13600,(4)启机状态,4,2025-06-09 14:09:17,2025-06-09 14:14:17,300,0.08
2221,L15,#23,GW252/13600,(3)待机状态,3,2025-06-09 14:08:20,2025-06-09 14:09:17,57,0.02
2222,L15,#23,GW252/13600,(2)停机状态,2,2025-06-09 14:08:18,2025-06-09 14:08:20,2,0
2223,L15,#23,GW252/13600,(1)停机过程,1,2025-06-09 14:07:47,2025-06-09 14:08:18,31,0.01
2224,L15,#23,GW252/13600,(4)启机状态,4,2025-06-09 14:02:47,2025-06-09 14:07:47,300,0.08
2225,L15,#23,GW252/13600,(3)待机状态,3,2025-06-09 14:01:45,2025-06-09 14:02:47,62,0.02
2226,L15,#23,GW252/13600,(2)停机状态,2,2025-06-09 14:01:44,2025-06-09 14:01:45,1,0
2227,L15,#23,GW252/13600,(1)停机过程,1,2025-06-09 14:01:13,2025-06-09 14:01:44,31,0.01
2228,L15,#23,GW252/13600,(4)启机状态,4,2025-06-09 13:56:13,2025-06-09 14:01:13,300,0.08
2229,L15,#23,GW252/13600,(3)待机状态,3,2025-06-09 13:54:42,2025-06-09 13:56:13,91,0.03
2230,L15,#23,GW252/13600,(2)停机状态,2,2025-06-09 13:54:38,2025-06-09 13:54:42,4,0
2231,L15,#23,GW252/13600,(1)停机过程,1,2025-06-09 13:54:08,2025-06-09 13:54:38,30,0.01
2232,L15,#23,GW252/13600,(4)启机状态,4,2025-06-09 13:49:06,2025-06-09 13:54:08,302,0.08
2233,L15,#23,GW252/13600,(3)待机状态,3,2025-06-09 13:46:58,2025-06-09 13:49:06,128,0.04
2234,L15,#23,GW252/13600,(2)停机状态,2,2025-06-09 13:44:37,2025-06-09 13:46:58,141,0.04
2235,L15,#23,GW252/13600,(1)停机过程,1,2025-06-09 13:44:05,2025-06-09 13:44:37,32,0.01
2236,L15,#23,GW252/13600,(4)启机状态,4,2025-06-09 13:39:04,2025-06-09 13:44:05,301,0.08
2237,L15,#23,GW252/13600,(3)待机状态,3,2025-06-09 13:32:13,2025-06-09 13:39:04,411,0.11
2238,L15,#23,GW252/13600,(2)停机状态,2,2025-06-09 13:26:35,2025-06-09 13:32:13,338,0.09
2239,L15,#23,GW252/13600,(1)停机过程,1,2025-06-09 13:26:03,2025-06-09 13:26:35,32,0.01
2240,L15,#23,GW252/13600,(4)启机状态,4,2025-06-09 13:21:03,2025-06-09 13:26:03,300,0.08
2241,L15,#23,GW252/13600,(3)待机状态,3,2025-06-09 13:19:22,2025-06-09 13:21:03,101,0.03
2242,L15,#23,GW252/13600,(2)停机状态,2,2025-06-09 13:15:58,2025-06-09 13:19:22,204,0.06
2243,L15,#23,GW252/13600,(1)停机过程,1,2025-06-09 13:15:28,2025-06-09 13:15:58,30,0.01
2244,L15,#23,GW252/13600,(4)启机状态,4,2025-06-09 13:10:28,2025-06-09 13:15:28,300,0.08
2245,L15,#23,GW252/13600,(3)待机状态,3,2025-06-09 13:08:30,2025-06-09 13:10:28,118,0.03
2246,L15,#23,GW252/13600,(2)停机状态,2,2025-06-09 13:02:53,2025-06-09 13:08:30,337,0.09
2247,L15,#23,GW252/13600,(1)停机过程,1,2025-06-09 13:02:22,2025-06-09 13:02:53,31,0.01
2248,L15,#23,GW252/13600,(4)启机状态,4,2025-06-09 12:57:21,2025-06-09 13:02:22,301,0.08
2249,L15,#23,GW252/13600,(3)待机状态,3,2025-06-09 12:56:12,2025-06-09 12:57:21,69,0.02
2250,L15,#23,GW252/13600,(1)停机过程,1,2025-06-09 12:55:39,2025-06-09 12:56:12,33,0.01
2251,L15,#23,GW252/13600,(4)启机状态,4,2025-06-09 12:50:38,2025-06-09 12:55:39,301,0.08
2252,L15,#23,GW252/13600,(3)待机状态,3,2025-06-09 12:49:15,2025-06-09 12:50:38,83,0.02
2253,L15,#23,GW252/13600,(2)停机状态,2,2025-06-09 12:47:47,2025-06-09 12:49:15,88,0.02
2254,L15,#23,GW252/13600,(1)停机过程,1,2025-06-09 12:47:14,2025-06-09 12:47:47,33,0.01
2255,L15,#23,GW252/13600,(4)启机状态,4,2025-06-09 12:42:14,2025-06-09 12:47:14,300,0.08
2256,L15,#23,GW252/13600,(3)待机状态,3,2025-06-09 12:41:20,2025-06-09 12:42:14,54,0.02
2257,L15,#23,GW252/13600,(2)停机状态,2,2025-06-09 12:41:18,2025-06-09 12:41:20,2,0
2258,L15,#23,GW252/13600,(1)停机过程,1,2025-06-09 12:40:45,2025-06-09 12:41:18,33,0.01
2259,L15,#23,GW252/13600,(4)启机状态,4,2025-06-09 12:35:46,2025-06-09 12:40:45,299,0.08
2260,L15,#23,GW252/13600,(3)待机状态,3,2025-06-09 12:34:51,2025-06-09 12:35:46,55,0.02
2261,L15,#23,GW252/13600,(2)停机状态,2,2025-06-09 12:34:50,2025-06-09 12:34:51,1,0
2262,L15,#23,GW252/13600,(1)停机过程,1,2025-06-09 12:34:19,2025-06-09 12:34:50,31,0.01
2263,L15,#23,GW252/13600,(4)启机状态,4,2025-06-09 12:29:19,2025-06-09 12:34:19,300,0.08
2264,L15,#23,GW252/13600,(3)待机状态,3,2025-06-09 12:28:25,2025-06-09 12:29:19,54,0.02
2265,L15,#23,GW252/13600,(2)停机状态,2,2025-06-09 12:28:24,2025-06-09 12:28:25,1,0
2266,L15,#23,GW252/13600,(1)停机过程,1,2025-06-09 12:27:52,2025-06-09 12:28:24,32,0.01
2267,L15,#23,GW252/13600,(4)启机状态,4,2025-06-09 12:22:52,2025-06-09 12:27:52,300,0.08
2268,L15,#23,GW252/13600,(3)待机状态,3,2025-06-09 12:21:56,2025-06-09 12:22:52,56,0.02
2269,L15,#23,GW252/13600,(2)停机状态,2,2025-06-09 12:21:54,2025-06-09 12:21:56,2,0
2270,L15,#23,GW252/13600,(1)停机过程,1,2025-06-09 12:21:22,2025-06-09 12:21:54,32,0.01
2271,L15,#23,GW252/13600,(4)启机状态,4,2025-06-09 12:16:23,2025-06-09 12:21:22,299,0.08
2272,L15,#23,GW252/13600,(3)待机状态,3,2025-06-09 12:15:22,2025-06-09 12:16:23,61,0.02
2273,L15,#23,GW252/13600,(1)停机过程,1,2025-06-09 12:14:51,2025-06-09 12:15:22,31,0.01
2274,L15,#23,GW252/13600,(4)启机状态,4,2025-06-09 12:09:51,2025-06-09 12:14:51,300,0.08
2275,L15,#23,GW252/13600,(3)待机状态,3,2025-06-09 12:08:37,2025-06-09 12:09:51,74,0.02
2276,L15,#23,GW252/13600,(2)停机状态,2,2025-06-09 12:08:02,2025-06-09 12:08:37,35,0.01
2277,L15,#23,GW252/13600,(1)停机过程,1,2025-06-09 12:07:31,2025-06-09 12:08:02,31,0.01
2278,L15,#23,GW252/13600,(4)启机状态,4,2025-06-09 12:02:31,2025-06-09 12:07:31,300,0.08
2279,L15,#23,GW252/13600,(3)待机状态,3,2025-06-09 12:01:21,2025-06-09 12:02:31,70,0.02
2280,L15,#23,GW252/13600,(2)停机状态,2,2025-06-09 11:57:46,2025-06-09 12:01:21,215,0.06
2281,L15,#23,GW252/13600,(1)停机过程,1,2025-06-09 11:57:13,2025-06-09 11:57:46,33,0.01
2282,L15,#23,GW252/13600,(4)启机状态,4,2025-06-09 11:52:14,2025-06-09 11:57:13,299,0.08
2283,L15,#23,GW252/13600,(3)待机状态,3,2025-06-09 06:36:21,2025-06-09 11:52:14,18953,5.26
2284,L15,#23,GW252/13600,(2)停机状态,2,2025-06-09 06:30:44,2025-06-09 06:36:21,337,0.09
2285,L15,#23,GW252/13600,(1)停机过程,1,2025-06-09 06:30:11,2025-06-09 06:30:44,33,0.01
2286,L15,#23,GW252/13600,(4)启机状态,4,2025-06-09 06:25:10,2025-06-09 06:30:11,301,0.08
2287,L15,#23,GW252/13600,(3)待机状态,3,2025-06-09 05:14:44,2025-06-09 06:25:10,4226,1.17
2288,L15,#23,GW252/13600,(2)停机状态,2,2025-06-09 05:09:07,2025-06-09 05:14:44,337,0.09
2289,L15,#23,GW252/13600,(1)停机过程,1,2025-06-09 05:08:36,2025-06-09 05:09:07,31,0.01
2290,L15,#23,GW252/13600,(4)启机状态,4,2025-06-09 05:03:35,2025-06-09 05:08:36,301,0.08
2291,L15,#23,GW252/13600,(3)待机状态,3,2025-06-09 04:58:33,2025-06-09 05:03:35,302,0.08
2292,L15,#23,GW252/13600,(2)停机状态,2,2025-06-09 04:52:56,2025-06-09 04:58:33,337,0.09
2293,L15,#23,GW252/13600,(1)停机过程,1,2025-06-09 04:52:25,2025-06-09 04:52:56,31,0.01
2294,L15,#23,GW252/13600,(4)启机状态,4,2025-06-09 04:47:25,2025-06-09 04:52:25,300,0.08
2295,L15,#23,GW252/13600,(3)待机状态,3,2025-06-09 04:46:20,2025-06-09 04:47:25,65,0.02
2296,L15,#23,GW252/13600,(2)停机状态,2,2025-06-09 04:46:19,2025-06-09 04:46:20,1,0
2297,L15,#23,GW252/13600,(1)停机过程,1,2025-06-09 04:45:47,2025-06-09 04:46:19,32,0.01
2298,L15,#23,GW252/13600,(4)启机状态,4,2025-06-09 04:40:47,2025-06-09 04:45:47,300,0.08
2299,L15,#23,GW252/13600,(3)待机状态,3,2025-06-09 04:39:42,2025-06-09 04:40:47,65,0.02
2300,L15,#23,GW252/13600,(2)停机状态,2,2025-06-09 04:39:35,2025-06-09 04:39:42,7,0
2301,L15,#23,GW252/13600,(1)停机过程,1,2025-06-09 04:39:03,2025-06-09 04:39:35,32,0.01
2302,L15,#23,GW252/13600,(4)启机状态,4,2025-06-09 04:34:04,2025-06-09 04:39:03,299,0.08
2303,L15,#23,GW252/13600,(3)待机状态,3,2025-06-09 04:32:53,2025-06-09 04:34:04,71,0.02
2304,L15,#23,GW252/13600,(2)停机状态,2,2025-06-09 04:32:10,2025-06-09 04:32:53,43,0.01
2305,L15,#23,GW252/13600,(1)停机过程,1,2025-06-09 04:31:40,2025-06-09 04:32:10,30,0.01
2306,L15,#23,GW252/13600,(4)启机状态,4,2025-06-09 04:26:40,2025-06-09 04:31:40,300,0.08
2307,L15,#23,GW252/13600,(3)待机状态,3,2025-06-09 04:25:46,2025-06-09 04:26:40,54,0.02
2308,L15,#23,GW252/13600,(2)停机状态,2,2025-06-09 04:25:45,2025-06-09 04:25:46,1,0
2309,L15,#23,GW252/13600,(1)停机过程,1,2025-06-09 04:24:50,2025-06-09 04:25:45,55,0.02
2310,L15,#23,GW252/13600,(5)发电状态,5,2025-06-08 18:58:37,2025-06-09 04:24:50,33973,9.44
2311,L15,#23,GW252/13600,(4)启机状态,4,2025-06-08 18:54:44,2025-06-08 18:58:37,233,0.06
2312,L15,#23,GW252/13600,(3)待机状态,3,2025-06-08 18:52:29,2025-06-08 18:54:44,135,0.04
2313,L15,#23,GW252/13600,(2)停机状态,2,2025-06-08 18:49:50,2025-06-08 18:52:29,159,0.04
2314,L15,#23,GW252/13600,(1)停机过程,1,2025-06-08 18:49:20,2025-06-08 18:49:50,30,0.01
2315,L15,#23,GW252/13600,(4)启机状态,4,2025-06-08 18:44:19,2025-06-08 18:49:20,301,0.08
2316,L15,#23,GW252/13600,(3)待机状态,3,2025-06-08 18:43:21,2025-06-08 18:44:19,58,0.02
2317,L15,#23,GW252/13600,(2)停机状态,2,2025-06-08 18:43:19,2025-06-08 18:43:21,2,0
2318,L15,#23,GW252/13600,(1)停机过程,1,2025-06-08 18:42:24,2025-06-08 18:43:19,55,0.02
2319,L15,#23,GW252/13600,(5)发电状态,5,2025-06-08 17:57:12,2025-06-08 18:42:24,2712,0.75
2320,L15,#23,GW252/13600,(4)启机状态,4,2025-06-08 17:55:08,2025-06-08 17:57:12,124,0.03
2321,L15,#23,GW252/13600,(3)待机状态,3,2025-06-08 17:54:16,2025-06-08 17:55:08,52,0.01
2322,L15,#23,GW252/13600,(2)停机状态,2,2025-06-08 17:54:14,2025-06-08 17:54:16,2,0
2323,L15,#23,GW252/13600,(1)停机过程,1,2025-06-08 17:53:19,2025-06-08 17:54:14,55,0.02
2324,L15,#23,GW252/13600,(4)启机状态,4,2025-06-08 17:48:19,2025-06-08 17:53:19,300,0.08
2325,L15,#23,GW252/13600,(3)待机状态,3,2025-06-08 17:47:24,2025-06-08 17:48:19,55,0.02
2326,L15,#23,GW252/13600,(2)停机状态,2,2025-06-08 17:42:00,2025-06-08 17:47:24,324,0.09
2327,L15,#23,GW252/13600,(1)停机过程,1,2025-06-08 17:41:04,2025-06-08 17:42:00,56,0.02
2328,L15,#23,GW252/13600,(5)发电状态,5,2025-06-08 16:53:49,2025-06-08 17:41:04,2835,0.79
2329,L15,#23,GW252/13600,(4)启机状态,4,2025-06-08 16:49:08,2025-06-08 16:53:49,281,0.08
2330,L15,#23,GW252/13600,(3)待机状态,3,2025-06-08 16:48:14,2025-06-08 16:49:08,54,0.02
2331,L15,#23,GW252/13600,(1)停机过程,1,2025-06-08 16:47:42,2025-06-08 16:48:14,32,0.01
2332,L15,#23,GW252/13600,(4)启机状态,4,2025-06-08 16:42:42,2025-06-08 16:47:42,300,0.08
2333,L15,#23,GW252/13600,(3)待机状态,3,2025-06-08 16:41:50,2025-06-08 16:42:42,52,0.01
2334,L15,#23,GW252/13600,(2)停机状态,2,2025-06-08 16:41:49,2025-06-08 16:41:50,1,0
2335,L15,#23,GW252/13600,(1)停机过程,1,2025-06-08 16:40:55,2025-06-08 16:41:49,54,0.02
2336,L15,#23,GW252/13600,(4)启机状态,4,2025-06-08 16:35:54,2025-06-08 16:40:55,301,0.08
2337,L15,#23,GW252/13600,(3)待机状态,3,2025-06-08 16:34:59,2025-06-08 16:35:54,55,0.02
2338,L15,#23,GW252/13600,(2)停机状态,2,2025-06-08 16:34:53,2025-06-08 16:34:59,6,0
2339,L15,#23,GW252/13600,(1)停机过程,1,2025-06-08 16:34:22,2025-06-08 16:34:53,31,0.01
2340,L15,#23,GW252/13600,(4)启机状态,4,2025-06-08 16:29:22,2025-06-08 16:34:22,300,0.08
2341,L15,#23,GW252/13600,(3)待机状态,3,2025-06-08 16:28:26,2025-06-08 16:29:22,56,0.02
2342,L15,#23,GW252/13600,(2)停机状态,2,2025-06-08 16:28:25,2025-06-08 16:28:26,1,0
2343,L15,#23,GW252/13600,(1)停机过程,1,2025-06-08 16:27:53,2025-06-08 16:28:25,32,0.01
2344,L15,#23,GW252/13600,(4)启机状态,4,2025-06-08 16:22:53,2025-06-08 16:27:53,300,0.08
2345,L15,#23,GW252/13600,(3)待机状态,3,2025-06-08 16:21:59,2025-06-08 16:22:53,54,0.02
2346,L15,#23,GW252/13600,(2)停机状态,2,2025-06-08 16:21:58,2025-06-08 16:21:59,1,0
2347,L15,#23,GW252/13600,(1)停机过程,1,2025-06-08 16:21:26,2025-06-08 16:21:58,32,0.01
2348,L15,#23,GW252/13600,(4)启机状态,4,2025-06-08 16:16:25,2025-06-08 16:21:26,301,0.08
2349,L15,#23,GW252/13600,(3)待机状态,3,2025-06-08 16:15:13,2025-06-08 16:16:25,72,0.02
2350,L15,#23,GW252/13600,(2)停机状态,2,2025-06-08 16:13:40,2025-06-08 16:15:13,93,0.03
2351,L15,#23,GW252/13600,(1)停机过程,1,2025-06-08 16:13:09,2025-06-08 16:13:40,31,0.01
2352,L15,#23,GW252/13600,(4)启机状态,4,2025-06-08 16:08:09,2025-06-08 16:13:09,300,0.08
2353,L15,#23,GW252/13600,(3)待机状态,3,2025-06-08 16:04:07,2025-06-08 16:08:09,242,0.07
2354,L15,#23,GW252/13600,(2)停机状态,2,2025-06-08 15:59:00,2025-06-08 16:04:07,307,0.09
2355,L15,#23,GW252/13600,(1)停机过程,1,2025-06-08 15:58:29,2025-06-08 15:59:00,31,0.01
2356,L15,#23,GW252/13600,(4)启机状态,4,2025-06-08 15:53:28,2025-06-08 15:58:29,301,0.08
2357,L15,#23,GW252/13600,(3)待机状态,3,2025-06-08 15:50:56,2025-06-08 15:53:28,152,0.04
2358,L15,#23,GW252/13600,(2)停机状态,2,2025-06-08 15:47:09,2025-06-08 15:50:56,227,0.06
2359,L15,#23,GW252/13600,(1)停机过程,1,2025-06-08 15:46:38,2025-06-08 15:47:09,31,0.01
2360,L15,#23,GW252/13600,(4)启机状态,4,2025-06-08 15:41:38,2025-06-08 15:46:38,300,0.08
2361,L15,#23,GW252/13600,(3)待机状态,3,2025-06-08 15:40:08,2025-06-08 15:41:38,90,0.03
2362,L15,#23,GW252/13600,(2)停机状态,2,2025-06-08 15:34:31,2025-06-08 15:40:08,337,0.09
2363,L15,#23,GW252/13600,(1)停机过程,1,2025-06-08 15:33:59,2025-06-08 15:34:31,32,0.01
2364,L15,#23,GW252/13600,(4)启机状态,4,2025-06-08 15:28:59,2025-06-08 15:33:59,300,0.08
2365,L15,#23,GW252/13600,(3)待机状态,3,2025-06-08 15:23:17,2025-06-08 15:28:59,342,0.1
2366,L15,#23,GW252/13600,(2)停机状态,2,2025-06-08 15:18:04,2025-06-08 15:23:17,313,0.09
2367,L15,#23,GW252/13600,(1)停机过程,1,2025-06-08 15:17:33,2025-06-08 15:18:04,31,0.01
2368,L15,#23,GW252/13600,(4)启机状态,4,2025-06-08 15:12:33,2025-06-08 15:17:33,300,0.08
2369,L15,#23,GW252/13600,(3)待机状态,3,2025-06-08 15:11:29,2025-06-08 15:12:33,64,0.02
2370,L15,#23,GW252/13600,(2)停机状态,2,2025-06-08 15:09:17,2025-06-08 15:11:29,132,0.04
2371,L15,#23,GW252/13600,(1)停机过程,1,2025-06-08 15:08:45,2025-06-08 15:09:17,32,0.01
2372,L15,#23,GW252/13600,(4)启机状态,4,2025-06-08 15:03:44,2025-06-08 15:08:45,301,0.08
2373,L15,#23,GW252/13600,(3)待机状态,3,2025-06-08 15:02:44,2025-06-08 15:03:44,60,0.02
2374,L15,#23,GW252/13600,(2)停机状态,2,2025-06-08 15:00:37,2025-06-08 15:02:44,127,0.04
2375,L15,#23,GW252/13600,(1)停机过程,1,2025-06-08 15:00:05,2025-06-08 15:00:37,32,0.01
2376,L15,#23,GW252/13600,(4)启机状态,4,2025-06-08 14:55:05,2025-06-08 15:00:05,300,0.08
2377,L15,#23,GW252/13600,(3)待机状态,3,2025-06-08 14:54:08,2025-06-08 14:55:05,57,0.02
2378,L15,#23,GW252/13600,(2)停机状态,2,2025-06-08 14:54:06,2025-06-08 14:54:08,2,0
2379,L15,#23,GW252/13600,(1)停机过程,1,2025-06-08 14:53:34,2025-06-08 14:54:06,32,0.01
2380,L15,#23,GW252/13600,(4)启机状态,4,2025-06-08 14:48:34,2025-06-08 14:53:34,300,0.08
2381,L15,#23,GW252/13600,(3)待机状态,3,2025-06-08 14:46:29,2025-06-08 14:48:34,125,0.03
2382,L15,#23,GW252/13600,(2)停机状态,2,2025-06-08 14:46:27,2025-06-08 14:46:29,2,0
2383,L15,#23,GW252/13600,(1)停机过程,1,2025-06-08 14:45:56,2025-06-08 14:46:27,31,0.01
2384,L15,#23,GW252/13600,(4)启机状态,4,2025-06-08 14:40:57,2025-06-08 14:45:56,299,0.08
2385,L15,#23,GW252/13600,(3)待机状态,3,2025-06-08 14:39:28,2025-06-08 14:40:57,89,0.02
2386,L15,#23,GW252/13600,(2)停机状态,2,2025-06-08 14:36:26,2025-06-08 14:39:28,182,0.05
2387,L15,#23,GW252/13600,(1)停机过程,1,2025-06-08 14:35:55,2025-06-08 14:36:26,31,0.01
2388,L15,#23,GW252/13600,(4)启机状态,4,2025-06-08 14:30:54,2025-06-08 14:35:55,301,0.08
2389,L15,#23,GW252/13600,(3)待机状态,3,2025-06-08 14:29:17,2025-06-08 14:30:54,97,0.03
2390,L15,#23,GW252/13600,(2)停机状态,2,2025-06-08 14:24:42,2025-06-08 14:29:17,275,0.08
2391,L15,#23,GW252/13600,(1)停机过程,1,2025-06-08 14:24:10,2025-06-08 14:24:42,32,0.01
2392,L15,#23,GW252/13600,(4)启机状态,4,2025-06-08 14:19:11,2025-06-08 14:24:10,299,0.08
2393,L15,#23,GW252/13600,(3)待机状态,3,2025-06-08 14:17:34,2025-06-08 14:19:11,97,0.03
2394,L15,#23,GW252/13600,(1)停机过程,1,2025-06-08 14:17:03,2025-06-08 14:17:34,31,0.01
2395,L15,#23,GW252/13600,(4)启机状态,4,2025-06-08 14:12:02,2025-06-08 14:17:03,301,0.08
2396,L15,#23,GW252/13600,(3)待机状态,3,2025-06-08 14:09:48,2025-06-08 14:12:02,134,0.04
2397,L15,#23,GW252/13600,(2)停机状态,2,2025-06-08 14:04:11,2025-06-08 14:09:48,337,0.09
2398,L15,#23,GW252/13600,(1)停机过程,1,2025-06-08 14:03:39,2025-06-08 14:04:11,32,0.01
2399,L15,#23,GW252/13600,(4)启机状态,4,2025-06-08 13:58:40,2025-06-08 14:03:39,299,0.08
2400,L15,#23,GW252/13600,(3)待机状态,3,2025-06-08 13:56:18,2025-06-08 13:58:40,142,0.04
2401,L15,#23,GW252/13600,(2)停机状态,2,2025-06-08 13:54:42,2025-06-08 13:56:18,96,0.03
2402,L15,#23,GW252/13600,(1)停机过程,1,2025-06-08 13:53:47,2025-06-08 13:54:42,55,0.02
2403,L15,#23,GW252/13600,(5)发电状态,5,2025-06-08 10:49:11,2025-06-08 13:53:47,11076,3.08
2404,L15,#23,GW252/13600,(4)启机状态,4,2025-06-08 10:44:35,2025-06-08 10:49:11,276,0.08
2405,L15,#23,GW252/13600,(3)待机状态,3,2025-06-08 10:43:40,2025-06-08 10:44:35,55,0.02
2406,L15,#23,GW252/13600,(2)停机状态,2,2025-06-08 10:43:39,2025-06-08 10:43:40,1,0
2407,L15,#23,GW252/13600,(1)停机过程,1,2025-06-08 10:43:07,2025-06-08 10:43:39,32,0.01
2408,L15,#23,GW252/13600,(4)启机状态,4,2025-06-08 10:38:07,2025-06-08 10:43:07,300,0.08
2409,L15,#23,GW252/13600,(3)待机状态,3,2025-06-08 10:37:19,2025-06-08 10:38:07,48,0.01
2410,L15,#23,GW252/13600,(2)停机状态,2,2025-06-08 10:37:18,2025-06-08 10:37:19,1,0
2411,L15,#23,GW252/13600,(1)停机过程,1,2025-06-08 10:36:23,2025-06-08 10:37:18,55,0.02
2412,L15,#23,GW252/13600,(4)启机状态,4,2025-06-08 10:31:23,2025-06-08 10:36:23,300,0.08
2413,L15,#23,GW252/13600,(3)待机状态,3,2025-06-08 10:30:26,2025-06-08 10:31:23,57,0.02
2414,L15,#23,GW252/13600,(1)停机过程,1,2025-06-08 10:29:54,2025-06-08 10:30:26,32,0.01
2415,L15,#23,GW252/13600,(4)启机状态,4,2025-06-08 10:24:55,2025-06-08 10:29:54,299,0.08
2416,L15,#23,GW252/13600,(3)待机状态,3,2025-06-08 10:23:56,2025-06-08 10:24:55,59,0.02
2417,L15,#23,GW252/13600,(2)停机状态,2,2025-06-08 10:23:54,2025-06-08 10:23:56,2,0
2418,L15,#23,GW252/13600,(1)停机过程,1,2025-06-08 10:23:23,2025-06-08 10:23:54,31,0.01
2419,L15,#23,GW252/13600,(4)启机状态,4,2025-06-08 10:18:23,2025-06-08 10:23:23,300,0.08
2420,L15,#23,GW252/13600,(3)待机状态,3,2025-06-08 10:17:26,2025-06-08 10:18:23,57,0.02
2421,L15,#23,GW252/13600,(2)停机状态,2,2025-06-08 10:17:24,2025-06-08 10:17:26,2,0
2422,L15,#23,GW252/13600,(1)停机过程,1,2025-06-08 10:16:53,2025-06-08 10:17:24,31,0.01
2423,L15,#23,GW252/13600,(4)启机状态,4,2025-06-08 10:11:53,2025-06-08 10:16:53,300,0.08
2424,L15,#23,GW252/13600,(3)待机状态,3,2025-06-08 10:10:48,2025-06-08 10:11:53,65,0.02
2425,L15,#23,GW252/13600,(2)停机状态,2,2025-06-08 10:10:44,2025-06-08 10:10:48,4,0
2426,L15,#23,GW252/13600,(1)停机过程,1,2025-06-08 10:10:13,2025-06-08 10:10:44,31,0.01
2427,L15,#23,GW252/13600,(4)启机状态,4,2025-06-08 10:05:13,2025-06-08 10:10:13,300,0.08
2428,L15,#23,GW252/13600,(3)待机状态,3,2025-06-08 10:01:38,2025-06-08 10:05:13,215,0.06
2429,L15,#23,GW252/13600,(2)停机状态,2,2025-06-08 09:56:02,2025-06-08 10:01:38,336,0.09
2430,L15,#23,GW252/13600,(1)停机过程,1,2025-06-08 09:55:06,2025-06-08 09:56:02,56,0.02
2431,L15,#23,GW252/13600,(5)发电状态,5,2025-06-08 08:59:00,2025-06-08 09:55:06,3366,0.94
2432,L15,#23,GW252/13600,(4)启机状态,4,2025-06-08 08:54:37,2025-06-08 08:59:00,263,0.07
2433,L15,#23,GW252/13600,(3)待机状态,3,2025-06-08 08:53:48,2025-06-08 08:54:37,49,0.01
2434,L15,#23,GW252/13600,(2)停机状态,2,2025-06-08 08:53:47,2025-06-08 08:53:48,1,0
2435,L15,#23,GW252/13600,(1)停机过程,1,2025-06-08 08:53:15,2025-06-08 08:53:47,32,0.01
2436,L15,#23,GW252/13600,(4)启机状态,4,2025-06-08 08:48:16,2025-06-08 08:53:15,299,0.08
2437,L15,#23,GW252/13600,(3)待机状态,3,2025-06-08 08:47:21,2025-06-08 08:48:16,55,0.02
2438,L15,#23,GW252/13600,(1)停机过程,1,2025-06-08 08:46:49,2025-06-08 08:47:21,32,0.01
2439,L15,#23,GW252/13600,(4)启机状态,4,2025-06-08 08:41:48,2025-06-08 08:46:49,301,0.08
2440,L15,#23,GW252/13600,(3)待机状态,3,2025-06-08 08:40:42,2025-06-08 08:41:48,66,0.02
2441,L15,#23,GW252/13600,(2)停机状态,2,2025-06-08 08:40:40,2025-06-08 08:40:42,2,0
2442,L15,#23,GW252/13600,(1)停机过程,1,2025-06-08 08:40:07,2025-06-08 08:40:40,33,0.01
2443,L15,#23,GW252/13600,(4)启机状态,4,2025-06-08 08:35:07,2025-06-08 08:40:07,300,0.08
2444,L15,#23,GW252/13600,(3)待机状态,3,2025-06-08 08:34:05,2025-06-08 08:35:07,62,0.02
2445,L15,#23,GW252/13600,(2)停机状态,2,2025-06-08 08:34:03,2025-06-08 08:34:05,2,0
2446,L15,#23,GW252/13600,(1)停机过程,1,2025-06-08 08:33:33,2025-06-08 08:34:03,30,0.01
2447,L15,#23,GW252/13600,(4)启机状态,4,2025-06-08 08:28:33,2025-06-08 08:33:33,300,0.08
2448,L15,#23,GW252/13600,(3)待机状态,3,2025-06-08 08:27:33,2025-06-08 08:28:33,60,0.02
2449,L15,#23,GW252/13600,(2)停机状态,2,2025-06-08 08:27:31,2025-06-08 08:27:33,2,0
2450,L15,#23,GW252/13600,(1)停机过程,1,2025-06-08 08:26:59,2025-06-08 08:27:31,32,0.01
2451,L15,#23,GW252/13600,(4)启机状态,4,2025-06-08 08:21:59,2025-06-08 08:26:59,300,0.08
2452,L15,#23,GW252/13600,(3)待机状态,3,2025-06-08 08:20:54,2025-06-08 08:21:59,65,0.02
2453,L15,#23,GW252/13600,(2)停机状态,2,2025-06-08 08:20:53,2025-06-08 08:20:54,1,0
2454,L15,#23,GW252/13600,(1)停机过程,1,2025-06-08 08:20:23,2025-06-08 08:20:53,30,0.01
2455,L15,#23,GW252/13600,(4)启机状态,4,2025-06-08 08:15:23,2025-06-08 08:20:23,300,0.08
2456,L15,#23,GW252/13600,(3)待机状态,3,2025-06-08 08:14:27,2025-06-08 08:15:23,56,0.02
2457,L15,#23,GW252/13600,(2)停机状态,2,2025-06-08 08:14:26,2025-06-08 08:14:27,1,0
2458,L15,#23,GW252/13600,(1)停机过程,1,2025-06-08 08:13:54,2025-06-08 08:14:26,32,0.01
2459,L15,#23,GW252/13600,(4)启机状态,4,2025-06-08 08:08:54,2025-06-08 08:13:54,300,0.08
2460,L15,#23,GW252/13600,(3)待机状态,3,2025-06-08 08:07:55,2025-06-08 08:08:54,59,0.02
2461,L15,#23,GW252/13600,(2)停机状态,2,2025-06-08 08:07:53,2025-06-08 08:07:55,2,0
2462,L15,#23,GW252/13600,(1)停机过程,1,2025-06-08 08:07:21,2025-06-08 08:07:53,32,0.01
2463,L15,#23,GW252/13600,(4)启机状态,4,2025-06-08 08:02:21,2025-06-08 08:07:21,300,0.08
2464,L15,#23,GW252/13600,(3)待机状态,3,2025-06-08 08:01:24,2025-06-08 08:02:21,57,0.02
2465,L15,#23,GW252/13600,(1)停机过程,1,2025-06-08 08:00:29,2025-06-08 08:01:24,55,0.02
2466,L15,#23,GW252/13600,(5)发电状态,5,2025-06-07 14:56:37,2025-06-08 08:00:29,61432,17.06
2467,L15,#23,GW252/13600,(4)启机状态,4,2025-06-07 14:54:35,2025-06-07 14:56:37,122,0.03
2468,L15,#23,GW252/13600,(3)待机状态,3,2025-06-07 14:53:46,2025-06-07 14:54:35,49,0.01
2469,L15,#23,GW252/13600,(2)停机状态,2,2025-06-07 14:53:44,2025-06-07 14:53:46,2,0
2470,L15,#23,GW252/13600,(1)停机过程,1,2025-06-07 14:52:48,2025-06-07 14:53:44,56,0.02
2471,L15,#23,GW252/13600,(4)启机状态,4,2025-06-07 14:47:48,2025-06-07 14:52:48,300,0.08
2472,L15,#23,GW252/13600,(3)待机状态,3,2025-06-07 14:46:47,2025-06-07 14:47:48,61,0.02
2473,L15,#23,GW252/13600,(2)停机状态,2,2025-06-07 14:46:46,2025-06-07 14:46:47,1,0
2474,L15,#23,GW252/13600,(1)停机过程,1,2025-06-07 14:46:15,2025-06-07 14:46:46,31,0.01
2475,L15,#23,GW252/13600,(4)启机状态,4,2025-06-07 14:41:14,2025-06-07 14:46:15,301,0.08
2476,L15,#23,GW252/13600,(3)待机状态,3,2025-06-07 14:39:57,2025-06-07 14:41:14,77,0.02
2477,L15,#23,GW252/13600,(2)停机状态,2,2025-06-07 14:39:56,2025-06-07 14:39:57,1,0
2478,L15,#23,GW252/13600,(1)停机过程,1,2025-06-07 14:39:24,2025-06-07 14:39:56,32,0.01
2479,L15,#23,GW252/13600,(4)启机状态,4,2025-06-07 14:34:25,2025-06-07 14:39:24,299,0.08
2480,L15,#23,GW252/13600,(3)待机状态,3,2025-06-07 14:33:28,2025-06-07 14:34:25,57,0.02
2481,L15,#23,GW252/13600,(2)停机状态,2,2025-06-07 14:33:27,2025-06-07 14:33:28,1,0
2482,L15,#23,GW252/13600,(1)停机过程,1,2025-06-07 14:32:56,2025-06-07 14:33:27,31,0.01
2483,L15,#23,GW252/13600,(4)启机状态,4,2025-06-07 14:27:54,2025-06-07 14:32:56,302,0.08
2484,L15,#23,GW252/13600,(3)待机状态,3,2025-06-07 14:26:54,2025-06-07 14:27:54,60,0.02
2485,L15,#23,GW252/13600,(2)停机状态,2,2025-06-07 14:26:51,2025-06-07 14:26:54,3,0
2486,L15,#23,GW252/13600,(1)停机过程,1,2025-06-07 14:26:19,2025-06-07 14:26:51,32,0.01
2487,L15,#23,GW252/13600,(4)启机状态,4,2025-06-07 14:21:19,2025-06-07 14:26:19,300,0.08
2488,L15,#23,GW252/13600,(3)待机状态,3,2025-06-07 14:20:24,2025-06-07 14:21:19,55,0.02
2489,L15,#23,GW252/13600,(2)停机状态,2,2025-06-07 14:20:22,2025-06-07 14:20:24,2,0
2490,L15,#23,GW252/13600,(1)停机过程,1,2025-06-07 14:19:51,2025-06-07 14:20:22,31,0.01
2491,L15,#23,GW252/13600,(4)启机状态,4,2025-06-07 14:14:51,2025-06-07 14:19:51,300,0.08
2492,L15,#23,GW252/13600,(3)待机状态,3,2025-06-07 14:13:52,2025-06-07 14:14:51,59,0.02
2493,L15,#23,GW252/13600,(2)停机状态,2,2025-06-07 14:13:50,2025-06-07 14:13:52,2,0
2494,L15,#23,GW252/13600,(1)停机过程,1,2025-06-07 14:13:17,2025-06-07 14:13:50,33,0.01
2495,L15,#23,GW252/13600,(4)启机状态,4,2025-06-07 14:08:17,2025-06-07 14:13:17,300,0.08
2496,L15,#23,GW252/13600,(3)待机状态,3,2025-06-07 14:06:33,2025-06-07 14:08:17,104,0.03
2497,L15,#23,GW252/13600,(2)停机状态,2,2025-06-07 14:05:16,2025-06-07 14:06:33,77,0.02
2498,L15,#23,GW252/13600,(1)停机过程,1,2025-06-07 14:04:44,2025-06-07 14:05:16,32,0.01
2499,L15,#23,GW252/13600,(4)启机状态,4,2025-06-07 13:59:44,2025-06-07 14:04:44,300,0.08
2500,L15,#23,GW252/13600,(3)待机状态,3,2025-06-07 13:58:11,2025-06-07 13:59:44,93,0.03
2501,L15,#23,GW252/13600,(2)停机状态,2,2025-06-07 13:57:33,2025-06-07 13:58:11,38,0.01
2502,L15,#23,GW252/13600,(1)停机过程,1,2025-06-07 13:57:02,2025-06-07 13:57:33,31,0.01
2503,L15,#23,GW252/13600,(4)启机状态,4,2025-06-07 13:52:02,2025-06-07 13:57:02,300,0.08
2504,L15,#23,GW252/13600,(3)待机状态,3,2025-06-07 13:50:26,2025-06-07 13:52:02,96,0.03
2505,L15,#23,GW252/13600,(2)停机状态,2,2025-06-07 13:49:39,2025-06-07 13:50:26,47,0.01
2506,L15,#23,GW252/13600,(1)停机过程,1,2025-06-07 13:49:07,2025-06-07 13:49:39,32,0.01
2507,L15,#23,GW252/13600,(4)启机状态,4,2025-06-07 13:44:06,2025-06-07 13:49:07,301,0.08
2508,L15,#23,GW252/13600,(3)待机状态,3,2025-06-07 13:36:01,2025-06-07 13:44:06,485,0.13
2509,L15,#23,GW252/13600,(2)停机状态,2,2025-06-07 13:30:24,2025-06-07 13:36:01,337,0.09
2510,L15,#23,GW252/13600,(1)停机过程,1,2025-06-07 13:29:52,2025-06-07 13:30:24,32,0.01
2511,L15,#23,GW252/13600,(4)启机状态,4,2025-06-07 13:24:51,2025-06-07 13:29:52,301,0.08
2512,L15,#23,GW252/13600,(3)待机状态,3,2025-06-07 13:23:44,2025-06-07 13:24:51,67,0.02
2513,L15,#23,GW252/13600,(2)停机状态,2,2025-06-07 13:21:35,2025-06-07 13:23:44,129,0.04
2514,L15,#23,GW252/13600,(1)停机过程,1,2025-06-07 13:21:03,2025-06-07 13:21:35,32,0.01
2515,L15,#23,GW252/13600,(4)启机状态,4,2025-06-07 13:16:03,2025-06-07 13:21:03,300,0.08
2516,L15,#23,GW252/13600,(3)待机状态,3,2025-06-07 13:15:03,2025-06-07 13:16:03,60,0.02
2517,L15,#23,GW252/13600,(2)停机状态,2,2025-06-07 13:15:01,2025-06-07 13:15:03,2,0
2518,L15,#23,GW252/13600,(1)停机过程,1,2025-06-07 13:14:31,2025-06-07 13:15:01,30,0.01
2519,L15,#23,GW252/13600,(4)启机状态,4,2025-06-07 13:09:31,2025-06-07 13:14:31,300,0.08
2520,L15,#23,GW252/13600,(3)待机状态,3,2025-06-07 13:08:25,2025-06-07 13:09:31,66,0.02
2521,L15,#23,GW252/13600,(2)停机状态,2,2025-06-07 13:08:23,2025-06-07 13:08:25,2,0
2522,L15,#23,GW252/13600,(1)停机过程,1,2025-06-07 13:07:50,2025-06-07 13:08:23,33,0.01
2523,L15,#23,GW252/13600,(4)启机状态,4,2025-06-07 13:02:50,2025-06-07 13:07:50,300,0.08
2524,L15,#23,GW252/13600,(3)待机状态,3,2025-06-07 13:01:40,2025-06-07 13:02:50,70,0.02
2525,L15,#23,GW252/13600,(2)停机状态,2,2025-06-07 13:01:34,2025-06-07 13:01:40,6,0
2526,L15,#23,GW252/13600,(1)停机过程,1,2025-06-07 13:01:03,2025-06-07 13:01:34,31,0.01
2527,L15,#23,GW252/13600,(4)启机状态,4,2025-06-07 12:56:03,2025-06-07 13:01:03,300,0.08
2528,L15,#23,GW252/13600,(3)待机状态,3,2025-06-07 12:55:03,2025-06-07 12:56:03,60,0.02
2529,L15,#23,GW252/13600,(2)停机状态,2,2025-06-07 12:55:02,2025-06-07 12:55:03,1,0
2530,L15,#23,GW252/13600,(1)停机过程,1,2025-06-07 12:54:29,2025-06-07 12:55:02,33,0.01
2531,L15,#23,GW252/13600,(4)启机状态,4,2025-06-07 12:49:29,2025-06-07 12:54:29,300,0.08
2532,L15,#23,GW252/13600,(3)待机状态,3,2025-06-07 12:47:50,2025-06-07 12:49:29,99,0.03
2533,L15,#23,GW252/13600,(2)停机状态,2,2025-06-07 12:47:24,2025-06-07 12:47:50,26,0.01
2534,L15,#23,GW252/13600,(1)停机过程,1,2025-06-07 12:46:52,2025-06-07 12:47:24,32,0.01
2535,L15,#23,GW252/13600,(4)启机状态,4,2025-06-07 12:41:52,2025-06-07 12:46:52,300,0.08
2536,L15,#23,GW252/13600,(3)待机状态,3,2025-06-07 12:39:50,2025-06-07 12:41:52,122,0.03
2537,L15,#23,GW252/13600,(2)停机状态,2,2025-06-07 12:39:13,2025-06-07 12:39:50,37,0.01
2538,L15,#23,GW252/13600,(1)停机过程,1,2025-06-07 12:38:41,2025-06-07 12:39:13,32,0.01
2539,L15,#23,GW252/13600,(4)启机状态,4,2025-06-07 12:33:42,2025-06-07 12:38:41,299,0.08
2540,L15,#23,GW252/13600,(3)待机状态,3,2025-06-07 12:32:17,2025-06-07 12:33:42,85,0.02
2541,L15,#23,GW252/13600,(2)停机状态,2,2025-06-07 12:32:08,2025-06-07 12:32:17,9,0
2542,L15,#23,GW252/13600,(1)停机过程,1,2025-06-07 12:31:36,2025-06-07 12:32:08,32,0.01
2543,L15,#23,GW252/13600,(4)启机状态,4,2025-06-07 12:26:35,2025-06-07 12:31:36,301,0.08
2544,L15,#23,GW252/13600,(3)待机状态,3,2025-06-07 12:24:48,2025-06-07 12:26:35,107,0.03
2545,L15,#23,GW252/13600,(2)停机状态,2,2025-06-07 12:24:14,2025-06-07 12:24:48,34,0.01
2546,L15,#23,GW252/13600,(1)停机过程,1,2025-06-07 12:23:44,2025-06-07 12:24:14,30,0.01
2547,L15,#23,GW252/13600,(4)启机状态,4,2025-06-07 12:18:44,2025-06-07 12:23:44,300,0.08
2548,L15,#23,GW252/13600,(3)待机状态,3,2025-06-07 12:12:42,2025-06-07 12:18:44,362,0.1
2549,L15,#23,GW252/13600,(2)停机状态,2,2025-06-07 12:10:30,2025-06-07 12:12:42,132,0.04
2550,L15,#23,GW252/13600,(1)停机过程,1,2025-06-07 12:09:58,2025-06-07 12:10:30,32,0.01
2551,L15,#23,GW252/13600,(4)启机状态,4,2025-06-07 12:04:58,2025-06-07 12:09:58,300,0.08
2552,L15,#23,GW252/13600,(3)待机状态,3,2025-06-07 12:02:00,2025-06-07 12:04:58,178,0.05
2553,L15,#23,GW252/13600,(2)停机状态,2,2025-06-07 11:59:15,2025-06-07 12:02:00,165,0.05
2554,L15,#23,GW252/13600,(1)停机过程,1,2025-06-07 11:58:43,2025-06-07 11:59:15,32,0.01
2555,L15,#23,GW252/13600,(4)启机状态,4,2025-06-07 11:53:44,2025-06-07 11:58:43,299,0.08
2556,L15,#23,GW252/13600,(3)待机状态,3,2025-06-07 11:15:52,2025-06-07 11:53:44,2272,0.63
2557,L15,#23,GW252/13600,(2)停机状态,2,2025-06-07 11:10:14,2025-06-07 11:15:52,338,0.09
2558,L15,#23,GW252/13600,(1)停机过程,1,2025-06-07 11:09:43,2025-06-07 11:10:14,31,0.01
2559,L15,#23,GW252/13600,(4)启机状态,4,2025-06-07 11:04:43,2025-06-07 11:09:43,300,0.08
2560,L15,#23,GW252/13600,(3)待机状态,3,2025-06-07 10:52:45,2025-06-07 11:04:43,718,0.2
2561,L15,#23,GW252/13600,(2)停机状态,2,2025-06-07 10:47:08,2025-06-07 10:52:45,337,0.09
2562,L15,#23,GW252/13600,(1)停机过程,1,2025-06-07 10:46:37,2025-06-07 10:47:08,31,0.01
2563,L15,#23,GW252/13600,(4)启机状态,4,2025-06-07 10:41:36,2025-06-07 10:46:37,301,0.08
2564,L15,#23,GW252/13600,(3)待机状态,3,2025-06-07 09:53:01,2025-06-07 10:41:36,2915,0.81
2565,L15,#23,GW252/13600,(2)停机状态,2,2025-06-07 09:47:23,2025-06-07 09:53:01,338,0.09
2566,L15,#23,GW252/13600,(1)停机过程,1,2025-06-07 09:46:53,2025-06-07 09:47:23,30,0.01
2567,L15,#23,GW252/13600,(4)启机状态,4,2025-06-07 09:41:53,2025-06-07 09:46:53,300,0.08
2568,L15,#23,GW252/13600,(3)待机状态,3,2025-06-07 09:38:38,2025-06-07 09:41:53,195,0.05
2569,L15,#23,GW252/13600,(2)停机状态,2,2025-06-07 09:33:00,2025-06-07 09:38:38,338,0.09
2570,L15,#23,GW252/13600,(1)停机过程,1,2025-06-07 09:32:29,2025-06-07 09:33:00,31,0.01
2571,L15,#23,GW252/13600,(4)启机状态,4,2025-06-07 09:27:29,2025-06-07 09:32:29,300,0.08
2572,L15,#23,GW252/13600,(3)待机状态,3,2025-06-07 09:21:07,2025-06-07 09:27:29,382,0.11
2573,L15,#23,GW252/13600,(2)停机状态,2,2025-06-07 09:15:31,2025-06-07 09:21:07,336,0.09
2574,L15,#23,GW252/13600,(1)停机过程,1,2025-06-07 09:14:58,2025-06-07 09:15:31,33,0.01
2575,L15,#23,GW252/13600,(4)启机状态,4,2025-06-07 09:09:58,2025-06-07 09:14:58,300,0.08
2576,L15,#23,GW252/13600,(3)待机状态,3,2025-06-07 09:07:51,2025-06-07 09:09:58,127,0.04
2577,L15,#23,GW252/13600,(2)停机状态,2,2025-06-07 09:02:15,2025-06-07 09:07:51,336,0.09
2578,L15,#23,GW252/13600,(1)停机过程,1,2025-06-07 09:01:42,2025-06-07 09:02:15,33,0.01
2579,L15,#23,GW252/13600,(4)启机状态,4,2025-06-07 08:56:42,2025-06-07 09:01:42,300,0.08
2580,L15,#23,GW252/13600,(3)待机状态,3,2025-06-07 08:54:55,2025-06-07 08:56:42,107,0.03
2581,L15,#23,GW252/13600,(2)停机状态,2,2025-06-07 08:54:29,2025-06-07 08:54:55,26,0.01
2582,L15,#23,GW252/13600,(1)停机过程,1,2025-06-07 08:53:58,2025-06-07 08:54:29,31,0.01
2583,L15,#23,GW252/13600,(4)启机状态,4,2025-06-07 08:48:58,2025-06-07 08:53:58,300,0.08
2584,L15,#23,GW252/13600,(3)待机状态,3,2025-06-07 08:47:21,2025-06-07 08:48:58,97,0.03
2585,L15,#23,GW252/13600,(2)停机状态,2,2025-06-07 08:41:44,2025-06-07 08:47:21,337,0.09
2586,L15,#23,GW252/13600,(1)停机过程,1,2025-06-07 08:40:48,2025-06-07 08:41:44,56,0.02
2587,L15,#23,GW252/13600,(5)发电状态,5,2025-06-06 17:16:15,2025-06-07 08:40:48,55473,15.41
2588,L15,#23,GW252/13600,(4)启机状态,4,2025-06-06 17:13:24,2025-06-06 17:16:15,171,0.05
2589,L15,#23,GW252/13600,(3)待机状态,3,2025-06-06 17:12:33,2025-06-06 17:13:24,51,0.01
2590,L15,#23,GW252/13600,(2)停机状态,2,2025-06-06 17:12:27,2025-06-06 17:12:33,6,0
2591,L15,#23,GW252/13600,(1)停机过程,1,2025-06-06 17:11:56,2025-06-06 17:12:27,31,0.01
2592,L15,#23,GW252/13600,(4)启机状态,4,2025-06-06 17:06:55,2025-06-06 17:11:56,301,0.08
2593,L15,#23,GW252/13600,(3)待机状态,3,2025-06-06 17:05:45,2025-06-06 17:06:55,70,0.02
2594,L15,#23,GW252/13600,(2)停机状态,2,2025-06-06 17:05:44,2025-06-06 17:05:45,1,0
2595,L15,#23,GW252/13600,(1)停机过程,1,2025-06-06 17:05:13,2025-06-06 17:05:44,31,0.01
2596,L15,#23,GW252/13600,(4)启机状态,4,2025-06-06 17:00:12,2025-06-06 17:05:13,301,0.08
2597,L15,#23,GW252/13600,(3)待机状态,3,2025-06-06 16:59:19,2025-06-06 17:00:12,53,0.01
2598,L15,#23,GW252/13600,(2)停机状态,2,2025-06-06 16:59:17,2025-06-06 16:59:19,2,0
2599,L15,#23,GW252/13600,(1)停机过程,1,2025-06-06 16:58:46,2025-06-06 16:59:17,31,0.01
2600,L15,#23,GW252/13600,(4)启机状态,4,2025-06-06 16:53:46,2025-06-06 16:58:46,300,0.08
2601,L15,#23,GW252/13600,(3)待机状态,3,2025-06-06 16:52:56,2025-06-06 16:53:46,50,0.01
2602,L15,#23,GW252/13600,(1)停机过程,1,2025-06-06 16:52:01,2025-06-06 16:52:56,55,0.02
2603,L15,#23,GW252/13600,(4)启机状态,4,2025-06-06 16:47:01,2025-06-06 16:52:01,300,0.08
2604,L15,#23,GW252/13600,(3)待机状态,3,2025-06-06 16:46:06,2025-06-06 16:47:01,55,0.02
2605,L15,#23,GW252/13600,(2)停机状态,2,2025-06-06 16:46:04,2025-06-06 16:46:06,2,0
2606,L15,#23,GW252/13600,(1)停机过程,1,2025-06-06 16:45:33,2025-06-06 16:46:04,31,0.01
2607,L15,#23,GW252/13600,(4)启机状态,4,2025-06-06 16:40:33,2025-06-06 16:45:33,300,0.08
2608,L15,#23,GW252/13600,(3)待机状态,3,2025-06-06 16:39:18,2025-06-06 16:40:33,75,0.02
2609,L15,#23,GW252/13600,(2)停机状态,2,2025-06-06 16:39:11,2025-06-06 16:39:18,7,0
2610,L15,#23,GW252/13600,(1)停机过程,1,2025-06-06 16:38:32,2025-06-06 16:39:11,39,0.01
2611,L15,#23,GW252/13600,(4)启机状态,4,2025-06-06 16:33:33,2025-06-06 16:38:32,299,0.08
2612,L15,#23,GW252/13600,(3)待机状态,3,2025-06-06 16:32:39,2025-06-06 16:33:33,54,0.02
2613,L15,#23,GW252/13600,(2)停机状态,2,2025-06-06 16:32:10,2025-06-06 16:32:39,29,0.01
2614,L15,#23,GW252/13600,(1)停机过程,1,2025-06-06 16:31:38,2025-06-06 16:32:10,32,0.01
2615,L15,#23,GW252/13600,(4)启机状态,4,2025-06-06 16:26:38,2025-06-06 16:31:38,300,0.08
2616,L15,#23,GW252/13600,(3)待机状态,3,2025-06-06 16:25:32,2025-06-06 16:26:38,66,0.02
2617,L15,#23,GW252/13600,(1)停机过程,1,2025-06-06 16:25:01,2025-06-06 16:25:32,31,0.01
2618,L15,#23,GW252/13600,(4)启机状态,4,2025-06-06 16:20:00,2025-06-06 16:25:01,301,0.08
2619,L15,#23,GW252/13600,(3)待机状态,3,2025-06-06 16:18:56,2025-06-06 16:20:00,64,0.02
2620,L15,#23,GW252/13600,(2)停机状态,2,2025-06-06 16:18:54,2025-06-06 16:18:56,2,0
2621,L15,#23,GW252/13600,(1)停机过程,1,2025-06-06 16:18:22,2025-06-06 16:18:54,32,0.01
2622,L15,#23,GW252/13600,(4)启机状态,4,2025-06-06 16:13:22,2025-06-06 16:18:22,300,0.08
2623,L15,#23,GW252/13600,(3)待机状态,3,2025-06-06 16:12:09,2025-06-06 16:13:22,73,0.02
2624,L15,#23,GW252/13600,(2)停机状态,2,2025-06-06 16:12:07,2025-06-06 16:12:09,2,0
2625,L15,#23,GW252/13600,(1)停机过程,1,2025-06-06 16:11:36,2025-06-06 16:12:07,31,0.01
2626,L15,#23,GW252/13600,(4)启机状态,4,2025-06-06 16:06:36,2025-06-06 16:11:36,300,0.08
2627,L15,#23,GW252/13600,(3)待机状态,3,2025-06-06 16:05:32,2025-06-06 16:06:36,64,0.02
2628,L15,#23,GW252/13600,(2)停机状态,2,2025-06-06 16:05:31,2025-06-06 16:05:32,1,0
2629,L15,#23,GW252/13600,(1)停机过程,1,2025-06-06 16:04:59,2025-06-06 16:05:31,32,0.01
2630,L15,#23,GW252/13600,(4)启机状态,4,2025-06-06 15:59:59,2025-06-06 16:04:59,300,0.08
2631,L15,#23,GW252/13600,(3)待机状态,3,2025-06-06 15:58:52,2025-06-06 15:59:59,67,0.02
2632,L15,#23,GW252/13600,(2)停机状态,2,2025-06-06 15:58:49,2025-06-06 15:58:52,3,0
2633,L15,#23,GW252/13600,(1)停机过程,1,2025-06-06 15:58:19,2025-06-06 15:58:49,30,0.01
2634,L15,#23,GW252/13600,(4)启机状态,4,2025-06-06 15:53:18,2025-06-06 15:58:19,301,0.08
2635,L15,#23,GW252/13600,(3)待机状态,3,2025-06-06 15:52:04,2025-06-06 15:53:18,74,0.02
2636,L15,#23,GW252/13600,(2)停机状态,2,2025-06-06 15:50:56,2025-06-06 15:52:04,68,0.02
2637,L15,#23,GW252/13600,(1)停机过程,1,2025-06-06 15:50:24,2025-06-06 15:50:56,32,0.01
2638,L15,#23,GW252/13600,(4)启机状态,4,2025-06-06 15:45:24,2025-06-06 15:50:24,300,0.08
2639,L15,#23,GW252/13600,(3)待机状态,3,2025-06-06 15:43:43,2025-06-06 15:45:24,101,0.03
2640,L15,#23,GW252/13600,(2)停机状态,2,2025-06-06 15:41:13,2025-06-06 15:43:43,150,0.04
2641,L15,#23,GW252/13600,(1)停机过程,1,2025-06-06 15:40:19,2025-06-06 15:41:13,54,0.02
2642,L15,#23,GW252/13600,(5)发电状态,5,2025-06-06 14:39:01,2025-06-06 15:40:19,3678,1.02
2643,L15,#23,GW252/13600,(4)启机状态,4,2025-06-06 14:34:34,2025-06-06 14:39:01,267,0.07
2644,L15,#23,GW252/13600,(3)待机状态,3,2025-06-06 14:33:41,2025-06-06 14:34:34,53,0.01
2645,L15,#23,GW252/13600,(2)停机状态,2,2025-06-06 14:33:40,2025-06-06 14:33:41,1,0
2646,L15,#23,GW252/13600,(1)停机过程,1,2025-06-06 14:32:47,2025-06-06 14:33:40,53,0.01
2647,L15,#23,GW252/13600,(4)启机状态,4,2025-06-06 14:27:47,2025-06-06 14:32:47,300,0.08
2648,L15,#23,GW252/13600,(3)待机状态,3,2025-06-06 14:26:51,2025-06-06 14:27:47,56,0.02
2649,L15,#23,GW252/13600,(2)停机状态,2,2025-06-06 14:26:50,2025-06-06 14:26:51,1,0
2650,L15,#23,GW252/13600,(1)停机过程,1,2025-06-06 14:26:20,2025-06-06 14:26:50,30,0.01
2651,L15,#23,GW252/13600,(4)启机状态,4,2025-06-06 14:21:20,2025-06-06 14:26:20,300,0.08
2652,L15,#23,GW252/13600,(3)待机状态,3,2025-06-06 14:20:23,2025-06-06 14:21:20,57,0.02
2653,L15,#23,GW252/13600,(1)停机过程,1,2025-06-06 14:19:51,2025-06-06 14:20:23,32,0.01
2654,L15,#23,GW252/13600,(4)启机状态,4,2025-06-06 14:14:51,2025-06-06 14:19:51,300,0.08
2655,L15,#23,GW252/13600,(3)待机状态,3,2025-06-06 14:13:57,2025-06-06 14:14:51,54,0.02
2656,L15,#23,GW252/13600,(2)停机状态,2,2025-06-06 14:13:56,2025-06-06 14:13:57,1,0
2657,L15,#23,GW252/13600,(1)停机过程,1,2025-06-06 14:13:25,2025-06-06 14:13:56,31,0.01
2658,L15,#23,GW252/13600,(4)启机状态,4,2025-06-06 14:08:25,2025-06-06 14:13:25,300,0.08
2659,L15,#23,GW252/13600,(3)待机状态,3,2025-06-06 14:07:29,2025-06-06 14:08:25,56,0.02
2660,L15,#23,GW252/13600,(1)停机过程,1,2025-06-06 14:06:58,2025-06-06 14:07:29,31,0.01
2661,L15,#23,GW252/13600,(4)启机状态,4,2025-06-06 14:01:58,2025-06-06 14:06:58,300,0.08
2662,L15,#23,GW252/13600,(3)待机状态,3,2025-06-06 14:00:54,2025-06-06 14:01:58,64,0.02
2663,L15,#23,GW252/13600,(2)停机状态,2,2025-06-06 14:00:53,2025-06-06 14:00:54,1,0
2664,L15,#23,GW252/13600,(1)停机过程,1,2025-06-06 14:00:21,2025-06-06 14:00:53,32,0.01
2665,L15,#23,GW252/13600,(4)启机状态,4,2025-06-06 13:55:22,2025-06-06 14:00:21,299,0.08
2666,L15,#23,GW252/13600,(3)待机状态,3,2025-06-06 13:54:19,2025-06-06 13:55:22,63,0.02
2667,L15,#23,GW252/13600,(2)停机状态,2,2025-06-06 13:52:29,2025-06-06 13:54:19,110,0.03
2668,L15,#23,GW252/13600,(1)停机过程,1,2025-06-06 13:51:57,2025-06-06 13:52:29,32,0.01
2669,L15,#23,GW252/13600,(4)启机状态,4,2025-06-06 13:46:57,2025-06-06 13:51:57,300,0.08
2670,L15,#23,GW252/13600,(3)待机状态,3,2025-06-06 13:45:41,2025-06-06 13:46:57,76,0.02
2671,L15,#23,GW252/13600,(2)停机状态,2,2025-06-06 13:45:14,2025-06-06 13:45:41,27,0.01
2672,L15,#23,GW252/13600,(1)停机过程,1,2025-06-06 13:44:41,2025-06-06 13:45:14,33,0.01
2673,L15,#23,GW252/13600,(4)启机状态,4,2025-06-06 13:39:42,2025-06-06 13:44:41,299,0.08
2674,L15,#23,GW252/13600,(3)待机状态,3,2025-06-06 13:38:09,2025-06-06 13:39:42,93,0.03
2675,L15,#23,GW252/13600,(2)停机状态,2,2025-06-06 13:36:51,2025-06-06 13:38:09,78,0.02
2676,L15,#23,GW252/13600,(1)停机过程,1,2025-06-06 13:36:18,2025-06-06 13:36:51,33,0.01
2677,L15,#23,GW252/13600,(4)启机状态,4,2025-06-06 13:31:18,2025-06-06 13:36:18,300,0.08
2678,L15,#23,GW252/13600,(3)待机状态,3,2025-06-06 13:30:09,2025-06-06 13:31:18,69,0.02
2679,L15,#23,GW252/13600,(1)停机过程,1,2025-06-06 13:29:39,2025-06-06 13:30:09,30,0.01
2680,L15,#23,GW252/13600,(4)启机状态,4,2025-06-06 13:24:37,2025-06-06 13:29:39,302,0.08
2681,L15,#23,GW252/13600,(3)待机状态,3,2025-06-06 13:23:23,2025-06-06 13:24:37,74,0.02
2682,L15,#23,GW252/13600,(2)停机状态,2,2025-06-06 13:22:39,2025-06-06 13:23:23,44,0.01
2683,L15,#23,GW252/13600,(1)停机过程,1,2025-06-06 13:22:06,2025-06-06 13:22:39,33,0.01
2684,L15,#23,GW252/13600,(4)启机状态,4,2025-06-06 13:17:06,2025-06-06 13:22:06,300,0.08
2685,L15,#23,GW252/13600,(3)待机状态,3,2025-06-06 13:15:19,2025-06-06 13:17:06,107,0.03
2686,L15,#23,GW252/13600,(2)停机状态,2,2025-06-06 13:15:18,2025-06-06 13:15:19,1,0
2687,L15,#23,GW252/13600,(1)停机过程,1,2025-06-06 13:14:47,2025-06-06 13:15:18,31,0.01
2688,L15,#23,GW252/13600,(4)启机状态,4,2025-06-06 13:09:47,2025-06-06 13:14:47,300,0.08
2689,L15,#23,GW252/13600,(3)待机状态,3,2025-06-06 13:08:00,2025-06-06 13:09:47,107,0.03
2690,L15,#23,GW252/13600,(2)停机状态,2,2025-06-06 13:07:58,2025-06-06 13:08:00,2,0
2691,L15,#23,GW252/13600,(1)停机过程,1,2025-06-06 13:07:26,2025-06-06 13:07:58,32,0.01
2692,L15,#23,GW252/13600,(4)启机状态,4,2025-06-06 13:02:25,2025-06-06 13:07:26,301,0.08
2693,L15,#23,GW252/13600,(3)待机状态,3,2025-06-06 13:00:54,2025-06-06 13:02:25,91,0.03
2694,L15,#23,GW252/13600,(2)停机状态,2,2025-06-06 12:58:35,2025-06-06 13:00:54,139,0.04
2695,L15,#23,GW252/13600,(1)停机过程,1,2025-06-06 12:58:03,2025-06-06 12:58:35,32,0.01
2696,L15,#23,GW252/13600,(4)启机状态,4,2025-06-06 12:53:03,2025-06-06 12:58:03,300,0.08
2697,L15,#23,GW252/13600,(3)待机状态,3,2025-06-06 12:51:35,2025-06-06 12:53:03,88,0.02
2698,L15,#23,GW252/13600,(2)停机状态,2,2025-06-06 12:51:34,2025-06-06 12:51:35,1,0
2699,L15,#23,GW252/13600,(1)停机过程,1,2025-06-06 12:51:02,2025-06-06 12:51:34,32,0.01
2700,L15,#23,GW252/13600,(4)启机状态,4,2025-06-06 12:46:02,2025-06-06 12:51:02,300,0.08
2701,L15,#23,GW252/13600,(3)待机状态,3,2025-06-06 12:44:32,2025-06-06 12:46:02,90,0.03
2702,L15,#23,GW252/13600,(2)停机状态,2,2025-06-06 12:44:30,2025-06-06 12:44:32,2,0
2703,L15,#23,GW252/13600,(1)停机过程,1,2025-06-06 12:43:58,2025-06-06 12:44:30,32,0.01
2704,L15,#23,GW252/13600,(4)启机状态,4,2025-06-06 12:38:58,2025-06-06 12:43:58,300,0.08
2705,L15,#23,GW252/13600,(3)待机状态,3,2025-06-06 12:37:10,2025-06-06 12:38:58,108,0.03
2706,L15,#23,GW252/13600,(2)停机状态,2,2025-06-06 12:36:32,2025-06-06 12:37:10,38,0.01
2707,L15,#23,GW252/13600,(1)停机过程,1,2025-06-06 12:36:01,2025-06-06 12:36:32,31,0.01
2708,L15,#23,GW252/13600,(4)启机状态,4,2025-06-06 12:31:00,2025-06-06 12:36:01,301,0.08
2709,L15,#23,GW252/13600,(3)待机状态,3,2025-06-06 12:28:26,2025-06-06 12:31:00,154,0.04
2710,L15,#23,GW252/13600,(2)停机状态,2,2025-06-06 12:23:05,2025-06-06 12:28:26,321,0.09
2711,L15,#23,GW252/13600,(1)停机过程,1,2025-06-06 12:22:33,2025-06-06 12:23:05,32,0.01
2712,L15,#23,GW252/13600,(4)启机状态,4,2025-06-06 12:17:33,2025-06-06 12:22:33,300,0.08
2713,L15,#23,GW252/13600,(3)待机状态,3,2025-06-06 12:15:36,2025-06-06 12:17:33,117,0.03
2714,L15,#23,GW252/13600,(2)停机状态,2,2025-06-06 12:14:53,2025-06-06 12:15:36,43,0.01
2715,L15,#23,GW252/13600,(1)停机过程,1,2025-06-06 12:14:21,2025-06-06 12:14:53,32,0.01
2716,L15,#23,GW252/13600,(4)启机状态,4,2025-06-06 12:09:21,2025-06-06 12:14:21,300,0.08
2717,L15,#23,GW252/13600,(3)待机状态,3,2025-06-06 12:06:27,2025-06-06 12:09:21,174,0.05
2718,L15,#23,GW252/13600,(2)停机状态,2,2025-06-06 12:04:17,2025-06-06 12:06:27,130,0.04
2719,L15,#23,GW252/13600,(1)停机过程,1,2025-06-06 12:03:44,2025-06-06 12:04:17,33,0.01
2720,L15,#23,GW252/13600,(4)启机状态,4,2025-06-06 11:58:44,2025-06-06 12:03:44,300,0.08
2721,L15,#23,GW252/13600,(3)待机状态,3,2025-06-06 11:57:24,2025-06-06 11:58:44,80,0.02
2722,L15,#23,GW252/13600,(2)停机状态,2,2025-06-06 11:57:23,2025-06-06 11:57:24,1,0
2723,L15,#23,GW252/13600,(1)停机过程,1,2025-06-06 11:56:52,2025-06-06 11:57:23,31,0.01
2724,L15,#23,GW252/13600,(4)启机状态,4,2025-06-06 11:51:52,2025-06-06 11:56:52,300,0.08
2725,L15,#23,GW252/13600,(3)待机状态,3,2025-06-06 11:50:31,2025-06-06 11:51:52,81,0.02
2726,L15,#23,GW252/13600,(2)停机状态,2,2025-06-06 11:47:10,2025-06-06 11:50:31,201,0.06
2727,L15,#23,GW252/13600,(1)停机过程,1,2025-06-06 11:46:39,2025-06-06 11:47:10,31,0.01
2728,L15,#23,GW252/13600,(4)启机状态,4,2025-06-06 11:41:39,2025-06-06 11:46:39,300,0.08
2729,L15,#23,GW252/13600,(3)待机状态,3,2025-06-06 11:40:30,2025-06-06 11:41:39,69,0.02
2730,L15,#23,GW252/13600,(2)停机状态,2,2025-06-06 11:40:04,2025-06-06 11:40:30,26,0.01
2731,L15,#23,GW252/13600,(1)停机过程,1,2025-06-06 11:39:31,2025-06-06 11:40:04,33,0.01
2732,L15,#23,GW252/13600,(4)启机状态,4,2025-06-06 11:34:31,2025-06-06 11:39:31,300,0.08
2733,L15,#23,GW252/13600,(3)待机状态,3,2025-06-06 11:33:18,2025-06-06 11:34:31,73,0.02
2734,L15,#23,GW252/13600,(2)停机状态,2,2025-06-06 11:32:25,2025-06-06 11:33:18,53,0.01
2735,L15,#23,GW252/13600,(1)停机过程,1,2025-06-06 11:31:53,2025-06-06 11:32:25,32,0.01
2736,L15,#23,GW252/13600,(4)启机状态,4,2025-06-06 11:26:53,2025-06-06 11:31:53,300,0.08
2737,L15,#23,GW252/13600,(3)待机状态,3,2025-06-06 11:25:41,2025-06-06 11:26:53,72,0.02
2738,L15,#23,GW252/13600,(1)停机过程,1,2025-06-06 11:25:08,2025-06-06 11:25:41,33,0.01
2739,L15,#23,GW252/13600,(4)启机状态,4,2025-06-06 11:20:08,2025-06-06 11:25:08,300,0.08
2740,L15,#23,GW252/13600,(3)待机状态,3,2025-06-06 11:19:08,2025-06-06 11:20:08,60,0.02
2741,L15,#23,GW252/13600,(2)停机状态,2,2025-06-06 11:19:07,2025-06-06 11:19:08,1,0
2742,L15,#23,GW252/13600,(1)停机过程,1,2025-06-06 11:18:36,2025-06-06 11:19:07,31,0.01
2743,L15,#23,GW252/13600,(4)启机状态,4,2025-06-06 11:13:36,2025-06-06 11:18:36,300,0.08
2744,L15,#23,GW252/13600,(3)待机状态,3,2025-06-06 11:12:19,2025-06-06 11:13:36,77,0.02
2745,L15,#23,GW252/13600,(2)停机状态,2,2025-06-06 11:12:17,2025-06-06 11:12:19,2,0
2746,L15,#23,GW252/13600,(1)停机过程,1,2025-06-06 11:11:44,2025-06-06 11:12:17,33,0.01
2747,L15,#23,GW252/13600,(4)启机状态,4,2025-06-06 11:06:44,2025-06-06 11:11:44,300,0.08
2748,L15,#23,GW252/13600,(3)待机状态,3,2025-06-06 11:05:42,2025-06-06 11:06:44,62,0.02
2749,L15,#23,GW252/13600,(2)停机状态,2,2025-06-06 11:04:23,2025-06-06 11:05:42,79,0.02
2750,L15,#23,GW252/13600,(1)停机过程,1,2025-06-06 11:03:53,2025-06-06 11:04:23,30,0.01
2751,L15,#23,GW252/13600,(4)启机状态,4,2025-06-06 10:58:53,2025-06-06 11:03:53,300,0.08
2752,L15,#23,GW252/13600,(3)待机状态,3,2025-06-06 10:57:51,2025-06-06 10:58:53,62,0.02
2753,L15,#23,GW252/13600,(2)停机状态,2,2025-06-06 10:57:50,2025-06-06 10:57:51,1,0
2754,L15,#23,GW252/13600,(1)停机过程,1,2025-06-06 10:57:17,2025-06-06 10:57:50,33,0.01
2755,L15,#23,GW252/13600,(4)启机状态,4,2025-06-06 10:52:17,2025-06-06 10:57:17,300,0.08
2756,L15,#23,GW252/13600,(3)待机状态,3,2025-06-06 10:51:15,2025-06-06 10:52:17,62,0.02
2757,L15,#23,GW252/13600,(2)停机状态,2,2025-06-06 10:51:14,2025-06-06 10:51:15,1,0
2758,L15,#23,GW252/13600,(1)停机过程,1,2025-06-06 10:50:43,2025-06-06 10:51:14,31,0.01
2759,L15,#23,GW252/13600,(4)启机状态,4,2025-06-06 10:45:44,2025-06-06 10:50:43,299,0.08
2760,L15,#23,GW252/13600,(3)待机状态,3,2025-06-06 10:44:39,2025-06-06 10:45:44,65,0.02
2761,L15,#23,GW252/13600,(2)停机状态,2,2025-06-06 10:44:38,2025-06-06 10:44:39,1,0
2762,L15,#23,GW252/13600,(1)停机过程,1,2025-06-06 10:44:07,2025-06-06 10:44:38,31,0.01
2763,L15,#23,GW252/13600,(4)启机状态,4,2025-06-06 10:39:07,2025-06-06 10:44:07,300,0.08
2764,L15,#23,GW252/13600,(3)待机状态,3,2025-06-06 10:38:02,2025-06-06 10:39:07,65,0.02
2765,L15,#23,GW252/13600,(2)停机状态,2,2025-06-06 10:38:01,2025-06-06 10:38:02,1,0
2766,L15,#23,GW252/13600,(1)停机过程,1,2025-06-06 10:37:29,2025-06-06 10:38:01,32,0.01
2767,L15,#23,GW252/13600,(4)启机状态,4,2025-06-06 10:32:30,2025-06-06 10:37:29,299,0.08
2768,L15,#23,GW252/13600,(3)待机状态,3,2025-06-06 10:31:33,2025-06-06 10:32:30,57,0.02
2769,L15,#23,GW252/13600,(2)停机状态,2,2025-06-06 10:31:32,2025-06-06 10:31:33,1,0
2770,L15,#23,GW252/13600,(1)停机过程,1,2025-06-06 10:31:02,2025-06-06 10:31:32,30,0.01
2771,L15,#23,GW252/13600,(4)启机状态,4,2025-06-06 10:26:01,2025-06-06 10:31:02,301,0.08
2772,L15,#23,GW252/13600,(3)待机状态,3,2025-06-06 10:25:02,2025-06-06 10:26:01,59,0.02
2773,L15,#23,GW252/13600,(1)停机过程,1,2025-06-06 10:24:29,2025-06-06 10:25:02,33,0.01
2774,L15,#23,GW252/13600,(4)启机状态,4,2025-06-06 10:19:29,2025-06-06 10:24:29,300,0.08
2775,L15,#23,GW252/13600,(3)待机状态,3,2025-06-06 10:18:20,2025-06-06 10:19:29,69,0.02
2776,L15,#23,GW252/13600,(2)停机状态,2,2025-06-06 10:18:19,2025-06-06 10:18:20,1,0
2777,L15,#23,GW252/13600,(1)停机过程,1,2025-06-06 10:17:48,2025-06-06 10:18:19,31,0.01
2778,L15,#23,GW252/13600,(4)启机状态,4,2025-06-06 10:12:48,2025-06-06 10:17:48,300,0.08
2779,L15,#23,GW252/13600,(3)待机状态,3,2025-06-06 10:11:53,2025-06-06 10:12:48,55,0.02
2780,L15,#23,GW252/13600,(1)停机过程,1,2025-06-06 10:11:20,2025-06-06 10:11:53,33,0.01
2781,L15,#23,GW252/13600,(4)启机状态,4,2025-06-06 10:06:20,2025-06-06 10:11:20,300,0.08
2782,L15,#23,GW252/13600,(3)待机状态,3,2025-06-06 10:05:22,2025-06-06 10:06:20,58,0.02
2783,L15,#23,GW252/13600,(2)停机状态,2,2025-06-06 10:05:21,2025-06-06 10:05:22,1,0
2784,L15,#23,GW252/13600,(1)停机过程,1,2025-06-06 10:04:50,2025-06-06 10:05:21,31,0.01
2785,L15,#23,GW252/13600,(4)启机状态,4,2025-06-06 09:59:51,2025-06-06 10:04:50,299,0.08
2786,L15,#23,GW252/13600,(3)待机状态,3,2025-06-06 09:58:47,2025-06-06 09:59:51,64,0.02
2787,L15,#23,GW252/13600,(1)停机过程,1,2025-06-06 09:58:16,2025-06-06 09:58:47,31,0.01
2788,L15,#23,GW252/13600,(4)启机状态,4,2025-06-06 09:53:15,2025-06-06 09:58:16,301,0.08
2789,L15,#23,GW252/13600,(3)待机状态,3,2025-06-06 09:52:23,2025-06-06 09:53:15,52,0.01
2790,L15,#23,GW252/13600,(2)停机状态,2,2025-06-06 09:52:21,2025-06-06 09:52:23,2,0
2791,L15,#23,GW252/13600,(1)停机过程,1,2025-06-06 09:51:48,2025-06-06 09:52:21,33,0.01
2792,L15,#23,GW252/13600,(4)启机状态,4,2025-06-06 09:46:48,2025-06-06 09:51:48,300,0.08
2793,L15,#23,GW252/13600,(3)待机状态,3,2025-06-06 09:45:55,2025-06-06 09:46:48,53,0.01
2794,L15,#23,GW252/13600,(2)停机状态,2,2025-06-06 09:45:53,2025-06-06 09:45:55,2,0
2795,L15,#23,GW252/13600,(1)停机过程,1,2025-06-06 09:45:23,2025-06-06 09:45:53,30,0.01
2796,L15,#23,GW252/13600,(4)启机状态,4,2025-06-06 09:40:23,2025-06-06 09:45:23,300,0.08
2797,L15,#23,GW252/13600,(3)待机状态,3,2025-06-06 09:39:25,2025-06-06 09:40:23,58,0.02
2798,L15,#23,GW252/13600,(2)停机状态,2,2025-06-06 09:39:24,2025-06-06 09:39:25,1,0
2799,L15,#23,GW252/13600,(1)停机过程,1,2025-06-06 09:38:52,2025-06-06 09:39:24,32,0.01
2800,L15,#23,GW252/13600,(4)启机状态,4,2025-06-06 09:33:51,2025-06-06 09:38:52,301,0.08
2801,L15,#23,GW252/13600,(3)待机状态,3,2025-06-06 09:32:59,2025-06-06 09:33:51,52,0.01
2802,L15,#23,GW252/13600,(2)停机状态,2,2025-06-06 09:32:58,2025-06-06 09:32:59,1,0
2803,L15,#23,GW252/13600,(1)停机过程,1,2025-06-06 09:32:25,2025-06-06 09:32:58,33,0.01
2804,L15,#23,GW252/13600,(4)启机状态,4,2025-06-06 09:27:25,2025-06-06 09:32:25,300,0.08
2805,L15,#23,GW252/13600,(3)待机状态,3,2025-06-06 09:26:31,2025-06-06 09:27:25,54,0.02
2806,L15,#23,GW252/13600,(2)停机状态,2,2025-06-06 09:26:30,2025-06-06 09:26:31,1,0
2807,L15,#23,GW252/13600,(1)停机过程,1,2025-06-06 09:25:59,2025-06-06 09:26:30,31,0.01
2808,L15,#23,GW252/13600,(4)启机状态,4,2025-06-06 09:20:59,2025-06-06 09:25:59,300,0.08
2809,L15,#23,GW252/13600,(3)待机状态,3,2025-06-06 09:20:08,2025-06-06 09:20:59,51,0.01
2810,L15,#23,GW252/13600,(2)停机状态,2,2025-06-06 09:20:06,2025-06-06 09:20:08,2,0
2811,L15,#23,GW252/13600,(1)停机过程,1,2025-06-06 09:19:35,2025-06-06 09:20:06,31,0.01
2812,L15,#23,GW252/13600,(4)启机状态,4,2025-06-06 09:14:35,2025-06-06 09:19:35,300,0.08
2813,L15,#23,GW252/13600,(3)待机状态,3,2025-06-06 09:13:37,2025-06-06 09:14:35,58,0.02
2814,L15,#23,GW252/13600,(2)停机状态,2,2025-06-06 09:13:32,2025-06-06 09:13:37,5,0
2815,L15,#23,GW252/13600,(1)停机过程,1,2025-06-06 09:12:59,2025-06-06 09:13:32,33,0.01
2816,L15,#23,GW252/13600,(4)启机状态,4,2025-06-06 09:08:00,2025-06-06 09:12:59,299,0.08
2817,L15,#23,GW252/13600,(3)待机状态,3,2025-06-06 09:07:05,2025-06-06 09:08:00,55,0.02
2818,L15,#23,GW252/13600,(1)停机过程,1,2025-06-06 09:06:34,2025-06-06 09:07:05,31,0.01
2819,L15,#23,GW252/13600,(4)启机状态,4,2025-06-06 09:01:34,2025-06-06 09:06:34,300,0.08
2820,L15,#23,GW252/13600,(3)待机状态,3,2025-06-06 09:00:38,2025-06-06 09:01:34,56,0.02
2821,L15,#23,GW252/13600,(2)停机状态,2,2025-06-06 09:00:36,2025-06-06 09:00:38,2,0
2822,L15,#23,GW252/13600,(1)停机过程,1,2025-06-06 09:00:04,2025-06-06 09:00:36,32,0.01
2823,L15,#23,GW252/13600,(4)启机状态,4,2025-06-06 08:55:03,2025-06-06 09:00:04,301,0.08
2824,L15,#23,GW252/13600,(3)待机状态,3,2025-06-06 08:54:07,2025-06-06 08:55:03,56,0.02
2825,L15,#23,GW252/13600,(2)停机状态,2,2025-06-06 08:54:05,2025-06-06 08:54:07,2,0
2826,L15,#23,GW252/13600,(1)停机过程,1,2025-06-06 08:53:33,2025-06-06 08:54:05,32,0.01
2827,L15,#23,GW252/13600,(4)启机状态,4,2025-06-06 08:48:34,2025-06-06 08:53:33,299,0.08
2828,L15,#23,GW252/13600,(3)待机状态,3,2025-06-06 08:47:27,2025-06-06 08:48:34,67,0.02
2829,L15,#23,GW252/13600,(2)停机状态,2,2025-06-06 08:45:01,2025-06-06 08:47:27,146,0.04
2830,L15,#23,GW252/13600,(1)停机过程,1,2025-06-06 08:44:05,2025-06-06 08:45:01,56,0.02
2831,L15,#23,GW252/13600,(5)发电状态,5,2025-06-06 07:40:58,2025-06-06 08:44:05,3787,1.05
2832,L15,#23,GW252/13600,(4)启机状态,4,2025-06-06 07:37:41,2025-06-06 07:40:58,197,0.05
2833,L15,#23,GW252/13600,(3)待机状态,3,2025-06-06 07:36:48,2025-06-06 07:37:41,53,0.01
2834,L15,#23,GW252/13600,(2)停机状态,2,2025-06-06 07:36:47,2025-06-06 07:36:48,1,0
2835,L15,#23,GW252/13600,(1)停机过程,1,2025-06-06 07:36:16,2025-06-06 07:36:47,31,0.01
2836,L15,#23,GW252/13600,(4)启机状态,4,2025-06-06 07:31:16,2025-06-06 07:36:16,300,0.08
2837,L15,#23,GW252/13600,(3)待机状态,3,2025-06-06 07:30:20,2025-06-06 07:31:16,56,0.02
2838,L15,#23,GW252/13600,(1)停机过程,1,2025-06-06 07:29:48,2025-06-06 07:30:20,32,0.01
2839,L15,#23,GW252/13600,(4)启机状态,4,2025-06-06 07:24:48,2025-06-06 07:29:48,300,0.08
2840,L15,#23,GW252/13600,(3)待机状态,3,2025-06-06 07:23:50,2025-06-06 07:24:48,58,0.02
2841,L15,#23,GW252/13600,(2)停机状态,2,2025-06-06 07:23:49,2025-06-06 07:23:50,1,0
2842,L15,#23,GW252/13600,(1)停机过程,1,2025-06-06 07:23:17,2025-06-06 07:23:49,32,0.01
2843,L15,#23,GW252/13600,(4)启机状态,4,2025-06-06 07:18:17,2025-06-06 07:23:17,300,0.08
2844,L15,#23,GW252/13600,(3)待机状态,3,2025-06-06 07:17:16,2025-06-06 07:18:17,61,0.02
2845,L15,#23,GW252/13600,(2)停机状态,2,2025-06-06 07:17:15,2025-06-06 07:17:16,1,0
2846,L15,#23,GW252/13600,(1)停机过程,1,2025-06-06 07:16:44,2025-06-06 07:17:15,31,0.01
2847,L15,#23,GW252/13600,(4)启机状态,4,2025-06-06 07:11:43,2025-06-06 07:16:44,301,0.08
2848,L15,#23,GW252/13600,(3)待机状态,3,2025-06-06 07:10:49,2025-06-06 07:11:43,54,0.02
2849,L15,#23,GW252/13600,(2)停机状态,2,2025-06-06 07:10:42,2025-06-06 07:10:49,7,0
2850,L15,#23,GW252/13600,(1)停机过程,1,2025-06-06 07:10:11,2025-06-06 07:10:42,31,0.01
2851,L15,#23,GW252/13600,(4)启机状态,4,2025-06-06 07:05:10,2025-06-06 07:10:11,301,0.08
2852,L15,#23,GW252/13600,(3)待机状态,3,2025-06-06 07:04:16,2025-06-06 07:05:10,54,0.02
2853,L15,#23,GW252/13600,(2)停机状态,2,2025-06-06 07:04:14,2025-06-06 07:04:16,2,0
2854,L15,#23,GW252/13600,(1)停机过程,1,2025-06-06 07:03:42,2025-06-06 07:04:14,32,0.01
2855,L15,#23,GW252/13600,(4)启机状态,4,2025-06-06 06:58:42,2025-06-06 07:03:42,300,0.08
2856,L15,#23,GW252/13600,(3)待机状态,3,2025-06-06 06:57:38,2025-06-06 06:58:42,64,0.02
2857,L15,#23,GW252/13600,(2)停机状态,2,2025-06-06 06:57:37,2025-06-06 06:57:38,1,0
2858,L15,#23,GW252/13600,(1)停机过程,1,2025-06-06 06:57:04,2025-06-06 06:57:37,33,0.01
2859,L15,#23,GW252/13600,(4)启机状态,4,2025-06-06 06:52:04,2025-06-06 06:57:04,300,0.08
2860,L15,#23,GW252/13600,(3)待机状态,3,2025-06-06 06:51:11,2025-06-06 06:52:04,53,0.01
2861,L15,#23,GW252/13600,(2)停机状态,2,2025-06-06 06:51:09,2025-06-06 06:51:11,2,0
2862,L15,#23,GW252/13600,(1)停机过程,1,2025-06-06 06:50:38,2025-06-06 06:51:09,31,0.01
2863,L15,#23,GW252/13600,(4)启机状态,4,2025-06-06 06:45:38,2025-06-06 06:50:38,300,0.08
2864,L15,#23,GW252/13600,(3)待机状态,3,2025-06-06 06:44:41,2025-06-06 06:45:38,57,0.02
2865,L15,#23,GW252/13600,(2)停机状态,2,2025-06-06 06:44:40,2025-06-06 06:44:41,1,0
2866,L15,#23,GW252/13600,(1)停机过程,1,2025-06-06 06:44:09,2025-06-06 06:44:40,31,0.01
2867,L15,#23,GW252/13600,(4)启机状态,4,2025-06-06 06:39:09,2025-06-06 06:44:09,300,0.08
2868,L15,#23,GW252/13600,(3)待机状态,3,2025-06-06 06:38:02,2025-06-06 06:39:09,67,0.02
2869,L15,#23,GW252/13600,(2)停机状态,2,2025-06-06 06:38:01,2025-06-06 06:38:02,1,0
2870,L15,#23,GW252/13600,(1)停机过程,1,2025-06-06 06:37:29,2025-06-06 06:38:01,32,0.01
2871,L15,#23,GW252/13600,(4)启机状态,4,2025-06-06 06:32:29,2025-06-06 06:37:29,300,0.08
2872,L15,#23,GW252/13600,(3)待机状态,3,2025-06-06 06:31:29,2025-06-06 06:32:29,60,0.02
2873,L15,#23,GW252/13600,(2)停机状态,2,2025-06-06 06:31:02,2025-06-06 06:31:29,27,0.01
2874,L15,#23,GW252/13600,(1)停机过程,1,2025-06-06 06:30:29,2025-06-06 06:31:02,33,0.01
2875,L15,#23,GW252/13600,(4)启机状态,4,2025-06-06 06:25:29,2025-06-06 06:30:29,300,0.08
2876,L15,#23,GW252/13600,(3)待机状态,3,2025-06-06 06:24:29,2025-06-06 06:25:29,60,0.02
2877,L15,#23,GW252/13600,(2)停机状态,2,2025-06-06 06:24:28,2025-06-06 06:24:29,1,0
2878,L15,#23,GW252/13600,(1)停机过程,1,2025-06-06 06:23:56,2025-06-06 06:24:28,32,0.01
2879,L15,#23,GW252/13600,(4)启机状态,4,2025-06-06 06:18:57,2025-06-06 06:23:56,299,0.08
2880,L15,#23,GW252/13600,(3)待机状态,3,2025-06-06 06:17:57,2025-06-06 06:18:57,60,0.02
2881,L15,#23,GW252/13600,(2)停机状态,2,2025-06-06 06:17:56,2025-06-06 06:17:57,1,0
2882,L15,#23,GW252/13600,(1)停机过程,1,2025-06-06 06:17:24,2025-06-06 06:17:56,32,0.01
2883,L15,#23,GW252/13600,(4)启机状态,4,2025-06-06 06:12:24,2025-06-06 06:17:24,300,0.08
2884,L15,#23,GW252/13600,(3)待机状态,3,2025-06-06 06:11:02,2025-06-06 06:12:24,82,0.02
2885,L15,#23,GW252/13600,(2)停机状态,2,2025-06-06 06:09:58,2025-06-06 06:11:02,64,0.02
2886,L15,#23,GW252/13600,(1)停机过程,1,2025-06-06 06:09:26,2025-06-06 06:09:58,32,0.01
2887,L15,#23,GW252/13600,(4)启机状态,4,2025-06-06 06:04:27,2025-06-06 06:09:26,299,0.08
2888,L15,#23,GW252/13600,(3)待机状态,3,2025-06-06 06:03:26,2025-06-06 06:04:27,61,0.02
2889,L15,#23,GW252/13600,(2)停机状态,2,2025-06-06 06:03:24,2025-06-06 06:03:26,2,0
2890,L15,#23,GW252/13600,(1)停机过程,1,2025-06-06 06:02:52,2025-06-06 06:03:24,32,0.01
2891,L15,#23,GW252/13600,(4)启机状态,4,2025-06-06 05:57:52,2025-06-06 06:02:52,300,0.08
2892,L15,#23,GW252/13600,(3)待机状态,3,2025-06-06 05:56:34,2025-06-06 05:57:52,78,0.02
2893,L15,#23,GW252/13600,(2)停机状态,2,2025-06-06 05:56:03,2025-06-06 05:56:34,31,0.01
2894,L15,#23,GW252/13600,(1)停机过程,1,2025-06-06 05:55:31,2025-06-06 05:56:03,32,0.01
2895,L15,#23,GW252/13600,(4)启机状态,4,2025-06-06 05:50:31,2025-06-06 05:55:31,300,0.08
2896,L15,#23,GW252/13600,(3)待机状态,3,2025-06-06 05:49:33,2025-06-06 05:50:31,58,0.02
2897,L15,#23,GW252/13600,(2)停机状态,2,2025-06-06 05:49:31,2025-06-06 05:49:33,2,0
2898,L15,#23,GW252/13600,(1)停机过程,1,2025-06-06 05:48:59,2025-06-06 05:49:31,32,0.01
2899,L15,#23,GW252/13600,(4)启机状态,4,2025-06-06 05:43:59,2025-06-06 05:48:59,300,0.08
2900,L15,#23,GW252/13600,(3)待机状态,3,2025-06-06 05:42:53,2025-06-06 05:43:59,66,0.02
2901,L15,#23,GW252/13600,(2)停机状态,2,2025-06-06 05:42:49,2025-06-06 05:42:53,4,0
2902,L15,#23,GW252/13600,(1)停机过程,1,2025-06-06 05:42:18,2025-06-06 05:42:49,31,0.01
2903,L15,#23,GW252/13600,(4)启机状态,4,2025-06-06 05:37:18,2025-06-06 05:42:18,300,0.08
2904,L15,#23,GW252/13600,(3)待机状态,3,2025-06-06 05:36:13,2025-06-06 05:37:18,65,0.02
2905,L15,#23,GW252/13600,(2)停机状态,2,2025-06-06 05:35:32,2025-06-06 05:36:13,41,0.01
2906,L15,#23,GW252/13600,(1)停机过程,1,2025-06-06 05:35:00,2025-06-06 05:35:32,32,0.01
2907,L15,#23,GW252/13600,(4)启机状态,4,2025-06-06 05:30:00,2025-06-06 05:35:00,300,0.08
2908,L15,#23,GW252/13600,(3)待机状态,3,2025-06-06 05:29:09,2025-06-06 05:30:00,51,0.01
2909,L15,#23,GW252/13600,(2)停机状态,2,2025-06-06 05:29:08,2025-06-06 05:29:09,1,0
2910,L15,#23,GW252/13600,(1)停机过程,1,2025-06-06 05:28:36,2025-06-06 05:29:08,32,0.01
2911,L15,#23,GW252/13600,(4)启机状态,4,2025-06-06 05:23:36,2025-06-06 05:28:36,300,0.08
2912,L15,#23,GW252/13600,(3)待机状态,3,2025-06-06 05:22:44,2025-06-06 05:23:36,52,0.01
2913,L15,#23,GW252/13600,(2)停机状态,2,2025-06-06 05:22:43,2025-06-06 05:22:44,1,0
2914,L15,#23,GW252/13600,(1)停机过程,1,2025-06-06 05:22:13,2025-06-06 05:22:43,30,0.01
2915,L15,#23,GW252/13600,(4)启机状态,4,2025-06-06 05:17:13,2025-06-06 05:22:13,300,0.08
2916,L15,#23,GW252/13600,(3)待机状态,3,2025-06-06 05:16:13,2025-06-06 05:17:13,60,0.02
2917,L15,#23,GW252/13600,(1)停机过程,1,2025-06-06 05:15:41,2025-06-06 05:16:13,32,0.01
2918,L15,#23,GW252/13600,(4)启机状态,4,2025-06-06 05:10:40,2025-06-06 05:15:41,301,0.08
2919,L15,#23,GW252/13600,(3)待机状态,3,2025-06-06 05:09:44,2025-06-06 05:10:40,56,0.02
2920,L15,#23,GW252/13600,(2)停机状态,2,2025-06-06 05:09:43,2025-06-06 05:09:44,1,0
2921,L15,#23,GW252/13600,(1)停机过程,1,2025-06-06 05:09:11,2025-06-06 05:09:43,32,0.01
2922,L15,#23,GW252/13600,(4)启机状态,4,2025-06-06 05:04:10,2025-06-06 05:09:11,301,0.08
2923,L15,#23,GW252/13600,(3)待机状态,3,2025-06-06 05:03:14,2025-06-06 05:04:10,56,0.02
2924,L15,#23,GW252/13600,(2)停机状态,2,2025-06-06 05:03:13,2025-06-06 05:03:14,1,0
2925,L15,#23,GW252/13600,(1)停机过程,1,2025-06-06 05:02:42,2025-06-06 05:03:13,31,0.01
2926,L15,#23,GW252/13600,(4)启机状态,4,2025-06-06 04:57:42,2025-06-06 05:02:42,300,0.08
2927,L15,#23,GW252/13600,(3)待机状态,3,2025-06-06 04:56:44,2025-06-06 04:57:42,58,0.02
2928,L15,#23,GW252/13600,(2)停机状态,2,2025-06-06 04:56:42,2025-06-06 04:56:44,2,0
2929,L15,#23,GW252/13600,(1)停机过程,1,2025-06-06 04:56:10,2025-06-06 04:56:42,32,0.01
2930,L15,#23,GW252/13600,(4)启机状态,4,2025-06-06 04:51:10,2025-06-06 04:56:10,300,0.08
2931,L15,#23,GW252/13600,(3)待机状态,3,2025-06-06 04:50:12,2025-06-06 04:51:10,58,0.02
2932,L15,#23,GW252/13600,(2)停机状态,2,2025-06-06 04:49:02,2025-06-06 04:50:12,70,0.02
2933,L15,#23,GW252/13600,(1)停机过程,1,2025-06-06 04:48:30,2025-06-06 04:49:02,32,0.01
2934,L15,#23,GW252/13600,(4)启机状态,4,2025-06-06 04:43:31,2025-06-06 04:48:30,299,0.08
2935,L15,#23,GW252/13600,(3)待机状态,3,2025-06-06 04:42:24,2025-06-06 04:43:31,67,0.02
2936,L15,#23,GW252/13600,(2)停机状态,2,2025-06-06 04:40:46,2025-06-06 04:42:24,98,0.03
2937,L15,#23,GW252/13600,(1)停机过程,1,2025-06-06 04:40:13,2025-06-06 04:40:46,33,0.01
2938,L15,#23,GW252/13600,(4)启机状态,4,2025-06-06 04:35:13,2025-06-06 04:40:13,300,0.08
2939,L15,#23,GW252/13600,(3)待机状态,3,2025-06-06 04:33:58,2025-06-06 04:35:13,75,0.02
2940,L15,#23,GW252/13600,(2)停机状态,2,2025-06-06 04:31:08,2025-06-06 04:33:58,170,0.05
2941,L15,#23,GW252/13600,(1)停机过程,1,2025-06-06 04:30:13,2025-06-06 04:31:08,55,0.02
2942,L15,#23,GW252/13600,(5)发电状态,5,2025-06-06 04:21:27,2025-06-06 04:30:13,526,0.15
2943,L15,#23,GW252/13600,(4)启机状态,4,2025-06-06 04:16:27,2025-06-06 04:21:27,300,0.08
2944,L15,#23,GW252/13600,(3)待机状态,3,2025-06-06 04:15:34,2025-06-06 04:16:27,53,0.01
2945,L15,#23,GW252/13600,(2)停机状态,2,2025-06-06 04:15:33,2025-06-06 04:15:34,1,0
2946,L15,#23,GW252/13600,(1)停机过程,1,2025-06-06 04:15:00,2025-06-06 04:15:33,33,0.01
2947,L15,#23,GW252/13600,(4)启机状态,4,2025-06-06 04:10:00,2025-06-06 04:15:00,300,0.08
2948,L15,#23,GW252/13600,(3)待机状态,3,2025-06-06 04:08:41,2025-06-06 04:10:00,79,0.02
2949,L15,#23,GW252/13600,(2)停机状态,2,2025-06-06 04:03:05,2025-06-06 04:08:41,336,0.09
2950,L15,#23,GW252/13600,(1)停机过程,1,2025-06-06 04:02:10,2025-06-06 04:03:05,55,0.02
2951,L15,#23,GW252/13600,(5)发电状态,5,2025-06-06 03:24:56,2025-06-06 04:02:10,2234,0.62
2952,L15,#23,GW252/13600,(4)启机状态,4,2025-06-06 03:22:42,2025-06-06 03:24:56,134,0.04
2953,L15,#23,GW252/13600,(3)待机状态,3,2025-06-06 03:21:51,2025-06-06 03:22:42,51,0.01
2954,L15,#23,GW252/13600,(2)停机状态,2,2025-06-06 02:44:38,2025-06-06 03:21:51,2233,0.62
2955,L15,#23,GW252/13600,(1)停机过程,1,2025-06-06 02:43:43,2025-06-06 02:44:38,55,0.02
2956,L15,#23,GW252/13600,(5)发电状态,5,2025-06-03 20:24:44,2025-06-06 02:43:43,195539,54.32
2957,L15,#23,GW252/13600,(4)启机状态,4,2025-06-03 20:21:57,2025-06-03 20:24:44,167,0.05
2958,L15,#23,GW252/13600,(3)待机状态,3,2025-06-03 20:21:11,2025-06-03 20:21:57,46,0.01
2959,L15,#23,GW252/13600,(2)停机状态,2,2025-06-03 20:21:08,2025-06-03 20:21:11,3,0
2960,L15,#23,GW252/13600,(1)停机过程,1,2025-06-03 20:20:20,2025-06-03 20:21:08,48,0.01
2961,L15,#23,GW252/13600,(4)启机状态,4,2025-06-03 20:15:19,2025-06-03 20:20:20,301,0.08
2962,L15,#23,GW252/13600,(3)待机状态,3,2025-06-03 20:14:26,2025-06-03 20:15:19,53,0.01
2963,L15,#23,GW252/13600,(2)停机状态,2,2025-06-03 20:14:25,2025-06-03 20:14:26,1,0
2964,L15,#23,GW252/13600,(1)停机过程,1,2025-06-03 20:13:54,2025-06-03 20:14:25,31,0.01
2965,L15,#23,GW252/13600,(4)启机状态,4,2025-06-03 20:08:54,2025-06-03 20:13:54,300,0.08
2966,L15,#23,GW252/13600,(3)待机状态,3,2025-06-03 20:08:02,2025-06-03 20:08:54,52,0.01
2967,L15,#23,GW252/13600,(2)停机状态,2,2025-06-03 20:08:00,2025-06-03 20:08:02,2,0
2968,L15,#23,GW252/13600,(1)停机过程,1,2025-06-03 20:07:29,2025-06-03 20:08:00,31,0.01
2969,L15,#23,GW252/13600,(4)启机状态,4,2025-06-03 20:02:28,2025-06-03 20:07:29,301,0.08
2970,L15,#23,GW252/13600,(3)待机状态,3,2025-06-03 20:01:35,2025-06-03 20:02:28,53,0.01
2971,L15,#23,GW252/13600,(2)停机状态,2,2025-06-03 20:01:34,2025-06-03 20:01:35,1,0
2972,L15,#23,GW252/13600,(1)停机过程,1,2025-06-03 20:01:03,2025-06-03 20:01:34,31,0.01
2973,L15,#23,GW252/13600,(4)启机状态,4,2025-06-03 19:56:03,2025-06-03 20:01:03,300,0.08
2974,L15,#23,GW252/13600,(3)待机状态,3,2025-06-03 19:55:04,2025-06-03 19:56:03,59,0.02
2975,L15,#23,GW252/13600,(2)停机状态,2,2025-06-03 19:55:03,2025-06-03 19:55:04,1,0
2976,L15,#23,GW252/13600,(1)停机过程,1,2025-06-03 19:54:31,2025-06-03 19:55:03,32,0.01
2977,L15,#23,GW252/13600,(4)启机状态,4,2025-06-03 19:49:31,2025-06-03 19:54:31,300,0.08
2978,L15,#23,GW252/13600,(3)待机状态,3,2025-06-03 19:48:24,2025-06-03 19:49:31,67,0.02
2979,L15,#23,GW252/13600,(2)停机状态,2,2025-06-03 19:48:22,2025-06-03 19:48:24,2,0
2980,L15,#23,GW252/13600,(1)停机过程,1,2025-06-03 19:47:50,2025-06-03 19:48:22,32,0.01
2981,L15,#23,GW252/13600,(4)启机状态,4,2025-06-03 19:42:51,2025-06-03 19:47:50,299,0.08
2982,L15,#23,GW252/13600,(3)待机状态,3,2025-06-03 19:41:46,2025-06-03 19:42:51,65,0.02
2983,L15,#23,GW252/13600,(1)停机过程,1,2025-06-03 19:41:15,2025-06-03 19:41:46,31,0.01
2984,L15,#23,GW252/13600,(4)启机状态,4,2025-06-03 19:36:15,2025-06-03 19:41:15,300,0.08
2985,L15,#23,GW252/13600,(3)待机状态,3,2025-06-03 19:35:19,2025-06-03 19:36:15,56,0.02
2986,L15,#23,GW252/13600,(2)停机状态,2,2025-06-03 19:35:17,2025-06-03 19:35:19,2,0
2987,L15,#23,GW252/13600,(1)停机过程,1,2025-06-03 19:34:44,2025-06-03 19:35:17,33,0.01
2988,L15,#23,GW252/13600,(4)启机状态,4,2025-06-03 19:29:44,2025-06-03 19:34:44,300,0.08
2989,L15,#23,GW252/13600,(3)待机状态,3,2025-06-03 19:28:44,2025-06-03 19:29:44,60,0.02
2990,L15,#23,GW252/13600,(2)停机状态,2,2025-06-03 19:28:43,2025-06-03 19:28:44,1,0
2991,L15,#23,GW252/13600,(1)停机过程,1,2025-06-03 19:28:11,2025-06-03 19:28:43,32,0.01
2992,L15,#23,GW252/13600,(4)启机状态,4,2025-06-03 19:23:11,2025-06-03 19:28:11,300,0.08
2993,L15,#23,GW252/13600,(3)待机状态,3,2025-06-03 09:17:26,2025-06-03 19:23:11,36345,10.1
2994,L15,#23,GW252/13600,(2)停机状态,2,2025-06-03 09:11:48,2025-06-03 09:17:26,338,0.09
2995,L15,#23,GW252/13600,(1)停机过程,1,2025-06-03 09:11:18,2025-06-03 09:11:48,30,0.01
2996,L15,#23,GW252/13600,(4)启机状态,4,2025-06-03 09:06:17,2025-06-03 09:11:18,301,0.08
2997,L15,#23,GW252/13600,(3)待机状态,3,2025-06-03 09:04:45,2025-06-03 09:06:17,92,0.03
2998,L15,#23,GW252/13600,(2)停机状态,2,2025-06-03 08:59:08,2025-06-03 09:04:45,337,0.09
2999,L15,#23,GW252/13600,(1)停机过程,1,2025-06-03 08:58:36,2025-06-03 08:59:08,32,0.01
3000,L15,#23,GW252/13600,(4)启机状态,4,2025-06-03 08:53:35,2025-06-03 08:58:36,301,0.08
3001,L15,#23,GW252/13600,(3)待机状态,3,2025-06-03 08:52:19,2025-06-03 08:53:35,76,0.02
3002,L15,#23,GW252/13600,(2)停机状态,2,2025-06-03 08:50:30,2025-06-03 08:52:19,109,0.03
3003,L15,#23,GW252/13600,(1)停机过程,1,2025-06-03 08:49:57,2025-06-03 08:50:30,33,0.01
3004,L15,#23,GW252/13600,(4)启机状态,4,2025-06-03 08:44:57,2025-06-03 08:49:57,300,0.08
3005,L15,#23,GW252/13600,(3)待机状态,3,2025-06-03 08:43:32,2025-06-03 08:44:57,85,0.02
3006,L15,#23,GW252/13600,(2)停机状态,2,2025-06-03 08:37:54,2025-06-03 08:43:32,338,0.09
3007,L15,#23,GW252/13600,(1)停机过程,1,2025-06-03 08:37:23,2025-06-03 08:37:54,31,0.01
3008,L15,#23,GW252/13600,(4)启机状态,4,2025-06-03 08:32:23,2025-06-03 08:37:23,300,0.08
3009,L15,#23,GW252/13600,(3)待机状态,3,2025-06-03 08:30:56,2025-06-03 08:32:23,87,0.02
3010,L15,#23,GW252/13600,(2)停机状态,2,2025-06-03 08:30:54,2025-06-03 08:30:56,2,0
3011,L15,#23,GW252/13600,(1)停机过程,1,2025-06-03 08:30:24,2025-06-03 08:30:54,30,0.01
3012,L15,#23,GW252/13600,(4)启机状态,4,2025-06-03 08:25:24,2025-06-03 08:30:24,300,0.08
3013,L15,#23,GW252/13600,(3)待机状态,3,2025-06-03 08:24:22,2025-06-03 08:25:24,62,0.02
3014,L15,#23,GW252/13600,(1)停机过程,1,2025-06-03 08:23:27,2025-06-03 08:24:22,55,0.02
3015,L15,#23,GW252/13600,(5)发电状态,5,2025-06-03 06:03:21,2025-06-03 08:23:27,8406,2.34
3016,L15,#23,GW252/13600,(4)启机状态,4,2025-06-03 06:00:47,2025-06-03 06:03:21,154,0.04
3017,L15,#23,GW252/13600,(3)待机状态,3,2025-06-03 05:59:56,2025-06-03 06:00:47,51,0.01
3018,L15,#23,GW252/13600,(1)停机过程,1,2025-06-03 05:59:01,2025-06-03 05:59:56,55,0.02
3019,L15,#23,GW252/13600,(4)启机状态,4,2025-06-03 05:54:00,2025-06-03 05:59:01,301,0.08
3020,L15,#23,GW252/13600,(3)待机状态,3,2025-06-03 05:53:09,2025-06-03 05:54:00,51,0.01
3021,L15,#23,GW252/13600,(2)停机状态,2,2025-06-03 05:53:08,2025-06-03 05:53:09,1,0
3022,L15,#23,GW252/13600,(1)停机过程,1,2025-06-03 05:52:37,2025-06-03 05:53:08,31,0.01
3023,L15,#23,GW252/13600,(4)启机状态,4,2025-06-03 05:47:37,2025-06-03 05:52:37,300,0.08
3024,L15,#23,GW252/13600,(3)待机状态,3,2025-06-03 05:46:42,2025-06-03 05:47:37,55,0.02
3025,L15,#23,GW252/13600,(2)停机状态,2,2025-06-03 05:46:41,2025-06-03 05:46:42,1,0
3026,L15,#23,GW252/13600,(1)停机过程,1,2025-06-03 05:46:11,2025-06-03 05:46:41,30,0.01
3027,L15,#23,GW252/13600,(4)启机状态,4,2025-06-03 05:41:10,2025-06-03 05:46:11,301,0.08
3028,L15,#23,GW252/13600,(3)待机状态,3,2025-06-03 05:40:13,2025-06-03 05:41:10,57,0.02
3029,L15,#23,GW252/13600,(1)停机过程,1,2025-06-03 05:39:41,2025-06-03 05:40:13,32,0.01
3030,L15,#23,GW252/13600,(4)启机状态,4,2025-06-03 05:34:41,2025-06-03 05:39:41,300,0.08
3031,L15,#23,GW252/13600,(3)待机状态,3,2025-06-03 05:33:46,2025-06-03 05:34:41,55,0.02
3032,L15,#23,GW252/13600,(2)停机状态,2,2025-06-03 05:33:45,2025-06-03 05:33:46,1,0
3033,L15,#23,GW252/13600,(1)停机过程,1,2025-06-03 05:32:51,2025-06-03 05:33:45,54,0.02
3034,L15,#23,GW252/13600,(5)发电状态,5,2025-06-03 04:44:59,2025-06-03 05:32:51,2872,0.8
3035,L15,#23,GW252/13600,(4)启机状态,4,2025-06-03 04:40:44,2025-06-03 04:44:59,255,0.07
3036,L15,#23,GW252/13600,(3)待机状态,3,2025-06-03 04:39:50,2025-06-03 04:40:44,54,0.02
3037,L15,#23,GW252/13600,(1)停机过程,1,2025-06-03 04:39:20,2025-06-03 04:39:50,30,0.01
3038,L15,#23,GW252/13600,(4)启机状态,4,2025-06-03 04:34:19,2025-06-03 04:39:20,301,0.08
3039,L15,#23,GW252/13600,(3)待机状态,3,2025-06-03 04:33:27,2025-06-03 04:34:19,52,0.01
3040,L15,#23,GW252/13600,(2)停机状态,2,2025-06-03 04:33:26,2025-06-03 04:33:27,1,0
3041,L15,#23,GW252/13600,(1)停机过程,1,2025-06-03 04:32:53,2025-06-03 04:33:26,33,0.01
3042,L15,#23,GW252/13600,(4)启机状态,4,2025-06-03 04:27:53,2025-06-03 04:32:53,300,0.08
3043,L15,#23,GW252/13600,(3)待机状态,3,2025-06-03 04:26:56,2025-06-03 04:27:53,57,0.02
3044,L15,#23,GW252/13600,(2)停机状态,2,2025-06-03 04:26:55,2025-06-03 04:26:56,1,0
3045,L15,#23,GW252/13600,(1)停机过程,1,2025-06-03 04:26:24,2025-06-03 04:26:55,31,0.01
3046,L15,#23,GW252/13600,(4)启机状态,4,2025-06-03 04:21:24,2025-06-03 04:26:24,300,0.08
3047,L15,#23,GW252/13600,(3)待机状态,3,2025-06-03 04:20:31,2025-06-03 04:21:24,53,0.01
3048,L15,#23,GW252/13600,(1)停机过程,1,2025-06-03 04:19:59,2025-06-03 04:20:31,32,0.01
3049,L15,#23,GW252/13600,(4)启机状态,4,2025-06-03 04:14:58,2025-06-03 04:19:59,301,0.08
3050,L15,#23,GW252/13600,(3)待机状态,3,2025-06-03 04:14:03,2025-06-03 04:14:58,55,0.02
3051,L15,#23,GW252/13600,(2)停机状态,2,2025-06-03 04:14:01,2025-06-03 04:14:03,2,0
3052,L15,#23,GW252/13600,(1)停机过程,1,2025-06-03 04:13:28,2025-06-03 04:14:01,33,0.01
3053,L15,#23,GW252/13600,(4)启机状态,4,2025-06-03 04:08:28,2025-06-03 04:13:28,300,0.08
3054,L15,#23,GW252/13600,(3)待机状态,3,2025-06-03 04:07:29,2025-06-03 04:08:28,59,0.02
3055,L15,#23,GW252/13600,(2)停机状态,2,2025-06-03 04:07:23,2025-06-03 04:07:29,6,0
3056,L15,#23,GW252/13600,(1)停机过程,1,2025-06-03 04:06:52,2025-06-03 04:07:23,31,0.01
3057,L15,#23,GW252/13600,(4)启机状态,4,2025-06-03 04:01:52,2025-06-03 04:06:52,300,0.08
3058,L15,#23,GW252/13600,(3)待机状态,3,2025-06-03 04:00:48,2025-06-03 04:01:52,64,0.02
3059,L15,#23,GW252/13600,(2)停机状态,2,2025-06-03 04:00:47,2025-06-03 04:00:48,1,0
3060,L15,#23,GW252/13600,(1)停机过程,1,2025-06-03 04:00:15,2025-06-03 04:00:47,32,0.01
3061,L15,#23,GW252/13600,(4)启机状态,4,2025-06-03 03:55:15,2025-06-03 04:00:15,300,0.08
3062,L15,#23,GW252/13600,(3)待机状态,3,2025-06-03 03:54:18,2025-06-03 03:55:15,57,0.02
3063,L15,#23,GW252/13600,(2)停机状态,2,2025-06-03 03:52:14,2025-06-03 03:54:18,124,0.03
3064,L15,#23,GW252/13600,(1)停机过程,1,2025-06-03 03:51:19,2025-06-03 03:52:14,55,0.02
3065,L15,#23,GW252/13600,(5)发电状态,5,2025-06-03 01:30:26,2025-06-03 03:51:19,8453,2.35
3066,L15,#23,GW252/13600,(4)启机状态,4,2025-06-03 01:27:39,2025-06-03 01:30:26,167,0.05
3067,L15,#23,GW252/13600,(3)待机状态,3,2025-06-03 01:26:46,2025-06-03 01:27:39,53,0.01
3068,L15,#23,GW252/13600,(2)停机状态,2,2025-06-03 01:26:44,2025-06-03 01:26:46,2,0
3069,L15,#23,GW252/13600,(1)停机过程,1,2025-06-03 01:26:07,2025-06-03 01:26:44,37,0.01
3070,L15,#23,GW252/13600,(4)启机状态,4,2025-06-03 01:21:07,2025-06-03 01:26:07,300,0.08
3071,L15,#23,GW252/13600,(3)待机状态,3,2025-06-03 01:20:10,2025-06-03 01:21:07,57,0.02
3072,L15,#23,GW252/13600,(2)停机状态,2,2025-06-03 01:20:08,2025-06-03 01:20:10,2,0
3073,L15,#23,GW252/13600,(1)停机过程,1,2025-06-03 01:19:37,2025-06-03 01:20:08,31,0.01
3074,L15,#23,GW252/13600,(4)启机状态,4,2025-06-03 01:14:37,2025-06-03 01:19:37,300,0.08
3075,L15,#23,GW252/13600,(3)待机状态,3,2025-06-03 01:13:21,2025-06-03 01:14:37,76,0.02
3076,L15,#23,GW252/13600,(2)停机状态,2,2025-06-03 01:11:47,2025-06-03 01:13:21,94,0.03
3077,L15,#23,GW252/13600,(1)停机过程,1,2025-06-03 01:11:16,2025-06-03 01:11:47,31,0.01
3078,L15,#23,GW252/13600,(4)启机状态,4,2025-06-03 01:06:16,2025-06-03 01:11:16,300,0.08
3079,L15,#23,GW252/13600,(3)待机状态,3,2025-06-03 01:05:18,2025-06-03 01:06:16,58,0.02
3080,L15,#23,GW252/13600,(2)停机状态,2,2025-06-03 01:05:17,2025-06-03 01:05:18,1,0
3081,L15,#23,GW252/13600,(1)停机过程,1,2025-06-03 01:04:45,2025-06-03 01:05:17,32,0.01
3082,L15,#23,GW252/13600,(4)启机状态,4,2025-06-03 00:59:45,2025-06-03 01:04:45,300,0.08
3083,L15,#23,GW252/13600,(3)待机状态,3,2025-06-03 00:58:37,2025-06-03 00:59:45,68,0.02
3084,L15,#23,GW252/13600,(2)停机状态,2,2025-06-03 00:58:36,2025-06-03 00:58:37,1,0
3085,L15,#23,GW252/13600,(1)停机过程,1,2025-06-03 00:58:05,2025-06-03 00:58:36,31,0.01
3086,L15,#23,GW252/13600,(4)启机状态,4,2025-06-03 00:53:05,2025-06-03 00:58:05,300,0.08
3087,L15,#23,GW252/13600,(3)待机状态,3,2025-06-03 00:51:22,2025-06-03 00:53:05,103,0.03
3088,L15,#23,GW252/13600,(2)停机状态,2,2025-06-03 00:49:13,2025-06-03 00:51:22,129,0.04
3089,L15,#23,GW252/13600,(1)停机过程,1,2025-06-03 00:48:41,2025-06-03 00:49:13,32,0.01
3090,L15,#23,GW252/13600,(4)启机状态,4,2025-06-03 00:43:41,2025-06-03 00:48:41,300,0.08
3091,L15,#23,GW252/13600,(3)待机状态,3,2025-06-03 00:42:16,2025-06-03 00:43:41,85,0.02
3092,L15,#23,GW252/13600,(2)停机状态,2,2025-06-03 00:37:03,2025-06-03 00:42:16,313,0.09
3093,L15,#23,GW252/13600,(1)停机过程,1,2025-06-03 00:36:31,2025-06-03 00:37:03,32,0.01
3094,L15,#23,GW252/13600,(4)启机状态,4,2025-06-03 00:31:31,2025-06-03 00:36:31,300,0.08
3095,L15,#23,GW252/13600,(3)待机状态,3,2025-06-03 00:30:10,2025-06-03 00:31:31,81,0.02
3096,L15,#23,GW252/13600,(2)停机状态,2,2025-06-02 23:53:35,2025-06-03 00:30:10,2195,0.61
3097,L15,#23,GW252/13600,(1)停机过程,1,2025-06-02 23:52:39,2025-06-02 23:53:35,56,0.02
3098,L15,#23,GW252/13600,(5)发电状态,5,2025-06-02 18:39:07,2025-06-02 23:52:39,18812,5.23
3099,L15,#23,GW252/13600,(4)启机状态,4,2025-06-02 18:37:55,2025-06-02 18:39:07,72,0.02
3100,L15,#23,GW252/13600,(3)待机状态,3,2025-06-02 18:37:12,2025-06-02 18:37:55,43,0.01
3101,L15,#23,GW252/13600,(2)停机状态,2,2025-06-02 18:36:07,2025-06-02 18:37:12,65,0.02
3102,L15,#23,GW252/13600,(1)停机过程,1,2025-06-02 18:35:58,2025-06-02 18:36:07,9,0
3103,L15,#23,GW252/13600,(9)维护状态,9,2025-06-02 18:34:35,2025-06-02 18:35:58,83,0.02
3104,L15,#23,GW252/13600,(2)停机状态,2,2025-06-02 15:11:24,2025-06-02 18:34:35,12191,3.39
3105,L15,#23,GW252/13600,(1)停机过程,1,2025-06-02 15:10:27,2025-06-02 15:11:24,57,0.02
3106,L15,#23,GW252/13600,(5)发电状态,5,2025-06-02 10:00:31,2025-06-02 15:10:27,18596,5.17
3107,L15,#23,GW252/13600,(9)维护状态,9,2025-05-30 10:30:17,2025-06-02 10:00:31,257414,71.5
3108,L15,#23,GW252/13600,(2)停机状态,2,2025-05-30 10:26:32,2025-05-30 10:30:17,225,0.06
3109,L15,#23,GW252/13600,(1)停机过程,1,2025-05-30 10:24:53,2025-05-30 10:26:32,99,0.03
3110,L15,#23,GW252/13600,(5)发电状态,5,2025-05-29 16:02:05,2025-05-30 10:24:53,66168,18.38
3111,L15,#23,GW252/13600,(4)启机状态,4,2025-05-29 15:58:06,2025-05-29 16:02:05,239,0.07
3112,L15,#23,GW252/13600,(3)待机状态,3,2025-05-29 15:57:46,2025-05-29 15:58:06,20,0.01
3113,L15,#23,GW252/13600,(2)停机状态,2,2025-05-29 15:57:45,2025-05-29 15:57:46,1,0
3114,L15,#23,GW252/13600,(1)停机过程,1,2025-05-29 15:56:50,2025-05-29 15:57:45,55,0.02
3115,L15,#23,GW252/13600,(4)启机状态,4,2025-05-29 15:51:50,2025-05-29 15:56:50,300,0.08
3116,L15,#23,GW252/13600,(3)待机状态,3,2025-05-29 15:51:02,2025-05-29 15:51:50,48,0.01
3117,L15,#23,GW252/13600,(2)停机状态,2,2025-05-29 15:49:55,2025-05-29 15:51:02,67,0.02
3118,L15,#23,GW252/13600,(1)停机过程,1,2025-05-29 15:49:00,2025-05-29 15:49:55,55,0.02
3119,L15,#23,GW252/13600,(4)启机状态,4,2025-05-29 15:44:00,2025-05-29 15:49:00,300,0.08
3120,L15,#23,GW252/13600,(3)待机状态,3,2025-05-29 15:43:08,2025-05-29 15:44:00,52,0.01
3121,L15,#23,GW252/13600,(2)停机状态,2,2025-05-29 15:40:59,2025-05-29 15:43:08,129,0.04
3122,L15,#23,GW252/13600,(1)停机过程,1,2025-05-29 15:40:04,2025-05-29 15:40:59,55,0.02
3123,L15,#23,GW252/13600,(4)启机状态,4,2025-05-29 15:35:04,2025-05-29 15:40:04,300,0.08
3124,L15,#23,GW252/13600,(3)待机状态,3,2025-05-29 15:34:19,2025-05-29 15:35:04,45,0.01
3125,L15,#23,GW252/13600,(2)停机状态,2,2025-05-29 15:33:02,2025-05-29 15:34:19,77,0.02
3126,L15,#23,GW252/13600,(1)停机过程,1,2025-05-29 15:32:30,2025-05-29 15:33:02,32,0.01
3127,L15,#23,GW252/13600,(4)启机状态,4,2025-05-29 15:27:30,2025-05-29 15:32:30,300,0.08
3128,L15,#23,GW252/13600,(3)待机状态,3,2025-05-29 15:27:10,2025-05-29 15:27:30,20,0.01
3129,L15,#23,GW252/13600,(2)停机状态,2,2025-05-29 15:27:07,2025-05-29 15:27:10,3,0
3130,L15,#23,GW252/13600,(1)停机过程,1,2025-05-29 15:26:12,2025-05-29 15:27:07,55,0.02
3131,L15,#23,GW252/13600,(4)启机状态,4,2025-05-29 15:21:12,2025-05-29 15:26:12,300,0.08
3132,L15,#23,GW252/13600,(3)待机状态,3,2025-05-29 15:20:23,2025-05-29 15:21:12,49,0.01
3133,L15,#23,GW252/13600,(2)停机状态,2,2025-05-29 15:19:53,2025-05-29 15:20:23,30,0.01
3134,L15,#23,GW252/13600,(1)停机过程,1,2025-05-29 15:18:58,2025-05-29 15:19:53,55,0.02
3135,L15,#23,GW252/13600,(4)启机状态,4,2025-05-29 15:13:58,2025-05-29 15:18:58,300,0.08
3136,L15,#23,GW252/13600,(3)待机状态,3,2025-05-29 15:12:59,2025-05-29 15:13:58,59,0.02
3137,L15,#23,GW252/13600,(2)停机状态,2,2025-05-29 14:36:22,2025-05-29 15:12:59,2197,0.61
3138,L15,#23,GW252/13600,(1)停机过程,1,2025-05-29 14:35:51,2025-05-29 14:36:22,31,0.01
3139,L15,#23,GW252/13600,(4)启机状态,4,2025-05-29 14:30:50,2025-05-29 14:35:51,301,0.08
3140,L15,#23,GW252/13600,(3)待机状态,3,2025-05-29 14:29:28,2025-05-29 14:30:50,82,0.02
3141,L15,#23,GW252/13600,(2)停机状态,2,2025-05-29 14:29:27,2025-05-29 14:29:28,1,0
3142,L15,#23,GW252/13600,(1)停机过程,1,2025-05-29 14:28:56,2025-05-29 14:29:27,31,0.01
3143,L15,#23,GW252/13600,(4)启机状态,4,2025-05-29 14:23:55,2025-05-29 14:28:56,301,0.08
3144,L15,#23,GW252/13600,(3)待机状态,3,2025-05-29 14:23:35,2025-05-29 14:23:55,20,0.01
3145,L15,#23,GW252/13600,(2)停机状态,2,2025-05-29 14:23:27,2025-05-29 14:23:35,8,0
3146,L15,#23,GW252/13600,(1)停机过程,1,2025-05-29 14:22:32,2025-05-29 14:23:27,55,0.02
3147,L15,#23,GW252/13600,(4)启机状态,4,2025-05-29 14:17:32,2025-05-29 14:22:32,300,0.08
3148,L15,#23,GW252/13600,(3)待机状态,3,2025-05-29 14:16:49,2025-05-29 14:17:32,43,0.01
3149,L15,#23,GW252/13600,(2)停机状态,2,2025-05-29 14:14:50,2025-05-29 14:16:49,119,0.03
3150,L15,#23,GW252/13600,(1)停机过程,1,2025-05-29 14:13:55,2025-05-29 14:14:50,55,0.02
3151,L15,#23,GW252/13600,(4)启机状态,4,2025-05-29 14:08:55,2025-05-29 14:13:55,300,0.08
3152,L15,#23,GW252/13600,(3)待机状态,3,2025-05-29 14:06:29,2025-05-29 14:08:55,146,0.04
3153,L15,#23,GW252/13600,(2)停机状态,2,2025-05-29 14:06:28,2025-05-29 14:06:29,1,0
3154,L15,#23,GW252/13600,(1)停机过程,1,2025-05-29 14:05:33,2025-05-29 14:06:28,55,0.02
3155,L15,#23,GW252/13600,(4)启机状态,4,2025-05-29 14:00:33,2025-05-29 14:05:33,300,0.08
3156,L15,#23,GW252/13600,(3)待机状态,3,2025-05-29 14:00:13,2025-05-29 14:00:33,20,0.01
3157,L15,#23,GW252/13600,(2)停机状态,2,2025-05-29 14:00:10,2025-05-29 14:00:13,3,0
3158,L15,#23,GW252/13600,(1)停机过程,1,2025-05-29 13:59:16,2025-05-29 14:00:10,54,0.02
3159,L15,#23,GW252/13600,(4)启机状态,4,2025-05-29 13:54:16,2025-05-29 13:59:16,300,0.08
3160,L15,#23,GW252/13600,(3)待机状态,3,2025-05-29 13:53:57,2025-05-29 13:54:16,19,0.01
3161,L15,#23,GW252/13600,(2)停机状态,2,2025-05-29 13:53:54,2025-05-29 13:53:57,3,0
3162,L15,#23,GW252/13600,(1)停机过程,1,2025-05-29 13:52:58,2025-05-29 13:53:54,56,0.02
3163,L15,#23,GW252/13600,(4)启机状态,4,2025-05-29 13:47:58,2025-05-29 13:52:58,300,0.08
3164,L15,#23,GW252/13600,(3)待机状态,3,2025-05-29 13:47:38,2025-05-29 13:47:58,20,0.01
3165,L15,#23,GW252/13600,(2)停机状态,2,2025-05-29 13:47:37,2025-05-29 13:47:38,1,0
3166,L15,#23,GW252/13600,(1)停机过程,1,2025-05-29 13:46:42,2025-05-29 13:47:37,55,0.02
3167,L15,#23,GW252/13600,(4)启机状态,4,2025-05-29 13:41:42,2025-05-29 13:46:42,300,0.08
3168,L15,#23,GW252/13600,(3)待机状态,3,2025-05-29 13:41:21,2025-05-29 13:41:42,21,0.01
3169,L15,#23,GW252/13600,(2)停机状态,2,2025-05-29 13:41:20,2025-05-29 13:41:21,1,0
3170,L15,#23,GW252/13600,(1)停机过程,1,2025-05-29 13:40:26,2025-05-29 13:41:20,54,0.02
3171,L15,#23,GW252/13600,(4)启机状态,4,2025-05-29 13:39:22,2025-05-29 13:40:26,64,0.02
3172,L15,#23,GW252/13600,(9)维护状态,9,2025-05-26 17:47:22,2025-05-29 13:39:22,244320,67.87
3173,L15,#23,GW252/13600,(2)停机状态,2,2025-05-26 17:45:42,2025-05-26 17:47:22,100,0.03
3174,L15,#23,GW252/13600,(1)停机过程,1,2025-05-26 17:44:51,2025-05-26 17:45:42,51,0.01
3175,L15,#23,GW252/13600,(5)发电状态,5,2025-05-24 09:53:07,2025-05-26 17:44:51,201104,55.86
3176,L15,#23,GW252/13600,(4)启机状态,4,2025-05-24 09:51:47,2025-05-24 09:53:07,80,0.02
3177,L15,#23,GW252/13600,(3)待机状态,3,2025-05-24 09:46:59,2025-05-24 09:51:47,288,0.08
3178,L15,#23,GW252/13600,(9)维护状态,9,2025-01-01 00:00:00,2025-05-24 09:46:59,12390419,3441.78
