设备状态统计_历史状态明细,Unnamed: 1,Unnamed: 2,Unnamed: 3,Unnamed: 4,Unnamed: 5,Unnamed: 6,Unnamed: 7,Unnamed: 8,Unnamed: 9
  电场:[三峡阳江海路海风场];  设备类型:风机;  设备:[#27];  查询方式:详情;  开始时间:2025-01-01;  结束时间:2025-12-01,,,,,,,,,
序号,馈线名称,设备名称,型号名称,状态,状态码,开始时间,结束时间,持续时间(s),时长描述(h)
1,L04,#27,GW252/13600,(5)发电状态,5,2025-11-28 13:03:23,2025-12-01 23:59:59,298596,82.94
2,L04,#27,GW252/13600,(4)启机状态,4,2025-11-28 13:02:47,2025-11-28 13:03:23,36,0.01
3,L04,#27,GW252/13600,(3)待机状态,3,2025-11-28 13:02:11,2025-11-28 13:02:47,36,0.01
4,L04,#27,GW252/13600,(2)停机状态,2,2025-11-28 12:26:17,2025-11-28 13:02:11,2154,0.6
5,L04,#27,GW252/13600,(1)停机过程,1,2025-11-28 12:25:30,2025-11-28 12:26:17,47,0.01
6,L04,#27,GW252/13600,(5)发电状态,5,2025-11-24 20:10:38,2025-11-28 12:25:30,317692,88.25
7,L04,#27,GW252/13600,(4)启机状态,4,2025-11-24 20:07:49,2025-11-24 20:10:38,169,0.05
8,L04,#27,GW252/13600,(3)待机状态,3,2025-11-24 19:09:24,2025-11-24 20:07:49,3505,0.97
9,L04,#27,GW252/13600,(2)停机状态,2,2025-11-24 18:32:42,2025-11-24 19:09:24,2202,0.61
10,L04,#27,GW252/13600,(1)停机过程,1,2025-11-24 18:31:48,2025-11-24 18:32:42,54,0.02
11,L04,#27,GW252/13600,(5)发电状态,5,2025-11-24 13:31:39,2025-11-24 18:31:48,18009,5
12,L04,#27,GW252/13600,(4)启机状态,4,2025-11-24 13:30:07,2025-11-24 13:31:39,92,0.03
13,L04,#27,GW252/13600,(3)待机状态,3,2025-11-24 13:29:23,2025-11-24 13:30:07,44,0.01
14,L04,#27,GW252/13600,(2)停机状态,2,2025-11-24 13:23:22,2025-11-24 13:29:23,361,0.1
15,L04,#27,GW252/13600,(1)停机过程,1,2025-11-24 13:22:28,2025-11-24 13:23:22,54,0.02
16,L04,#27,GW252/13600,(5)发电状态,5,2025-11-23 22:27:31,2025-11-24 13:22:28,53697,14.92
17,L04,#27,GW252/13600,(4)启机状态,4,2025-11-23 22:24:27,2025-11-23 22:27:31,184,0.05
18,L04,#27,GW252/13600,(3)待机状态,3,2025-11-23 18:37:37,2025-11-23 22:24:27,13610,3.78
19,L04,#27,GW252/13600,(2)停机状态,2,2025-11-23 18:35:25,2025-11-23 18:37:37,132,0.04
20,L04,#27,GW252/13600,(1)停机过程,1,2025-11-23 18:34:29,2025-11-23 18:35:25,56,0.02
21,L04,#27,GW252/13600,(5)发电状态,5,2025-11-23 12:49:53,2025-11-23 18:34:29,20676,5.74
22,L04,#27,GW252/13600,(4)启机状态,4,2025-11-23 12:49:04,2025-11-23 12:49:53,49,0.01
23,L04,#27,GW252/13600,(3)待机状态,3,2025-11-23 12:48:21,2025-11-23 12:49:04,43,0.01
24,L04,#27,GW252/13600,(2)停机状态,2,2025-11-23 12:48:20,2025-11-23 12:48:21,1,0
25,L04,#27,GW252/13600,(1)停机过程,1,2025-11-23 12:47:27,2025-11-23 12:48:20,53,0.01
26,L04,#27,GW252/13600,(5)发电状态,5,2025-11-20 19:43:09,2025-11-23 12:47:27,234258,65.07
27,L04,#27,GW252/13600,(4)启机状态,4,2025-11-20 19:42:16,2025-11-20 19:43:09,53,0.01
28,L04,#27,GW252/13600,(3)待机状态,3,2025-11-20 19:41:34,2025-11-20 19:42:16,42,0.01
29,L04,#27,GW252/13600,(2)停机状态,2,2025-11-20 19:41:32,2025-11-20 19:41:34,2,0
30,L04,#27,GW252/13600,(1)停机过程,1,2025-11-20 19:40:38,2025-11-20 19:41:32,54,0.02
31,L04,#27,GW252/13600,(5)发电状态,5,2025-11-13 19:40:28,2025-11-20 19:40:38,604810,168
32,L04,#27,GW252/13600,(4)启机状态,4,2025-11-13 19:37:18,2025-11-13 19:40:28,190,0.05
33,L04,#27,GW252/13600,(3)待机状态,3,2025-11-13 15:57:53,2025-11-13 19:37:18,13165,3.66
34,L04,#27,GW252/13600,(2)停机状态,2,2025-11-13 15:57:51,2025-11-13 15:57:53,2,0
35,L04,#27,GW252/13600,(1)停机过程,1,2025-11-13 15:56:56,2025-11-13 15:57:51,55,0.02
36,L04,#27,GW252/13600,(5)发电状态,5,2025-11-12 21:20:27,2025-11-13 15:56:56,66989,18.61
37,L04,#27,GW252/13600,(4)启机状态,4,2025-11-12 21:18:05,2025-11-12 21:20:27,142,0.04
38,L04,#27,GW252/13600,(3)待机状态,3,2025-11-12 19:59:53,2025-11-12 21:18:05,4692,1.3
39,L04,#27,GW252/13600,(2)停机状态,2,2025-11-12 19:58:28,2025-11-12 19:59:53,85,0.02
40,L04,#27,GW252/13600,(1)停机过程,1,2025-11-12 19:57:33,2025-11-12 19:58:28,55,0.02
41,L04,#27,GW252/13600,(5)发电状态,5,2025-11-12 19:08:34,2025-11-12 19:57:33,2939,0.82
42,L04,#27,GW252/13600,(4)启机状态,4,2025-11-12 19:04:50,2025-11-12 19:08:34,224,0.06
43,L04,#27,GW252/13600,(3)待机状态,3,2025-11-12 15:00:19,2025-11-12 19:04:50,14671,4.08
44,L04,#27,GW252/13600,(2)停机状态,2,2025-11-12 15:00:18,2025-11-12 15:00:19,1,0
45,L04,#27,GW252/13600,(1)停机过程,1,2025-11-12 14:59:23,2025-11-12 15:00:18,55,0.02
46,L04,#27,GW252/13600,(5)发电状态,5,2025-11-12 14:51:35,2025-11-12 14:59:23,468,0.13
47,L04,#27,GW252/13600,(4)启机状态,4,2025-11-12 14:47:07,2025-11-12 14:51:35,268,0.07
48,L04,#27,GW252/13600,(3)待机状态,3,2025-11-12 13:35:24,2025-11-12 14:47:07,4303,1.2
49,L04,#27,GW252/13600,(2)停机状态,2,2025-11-12 12:58:43,2025-11-12 13:35:24,2201,0.61
50,L04,#27,GW252/13600,(1)停机过程,1,2025-11-12 12:57:48,2025-11-12 12:58:43,55,0.02
51,L04,#27,GW252/13600,(5)发电状态,5,2025-11-11 19:44:12,2025-11-12 12:57:48,62016,17.23
52,L04,#27,GW252/13600,(4)启机状态,4,2025-11-11 19:43:24,2025-11-11 19:44:12,48,0.01
53,L04,#27,GW252/13600,(3)待机状态,3,2025-11-11 19:42:42,2025-11-11 19:43:24,42,0.01
54,L04,#27,GW252/13600,(2)停机状态,2,2025-11-11 19:00:46,2025-11-11 19:42:42,2516,0.7
55,L04,#27,GW252/13600,(1)停机过程,1,2025-11-11 18:59:51,2025-11-11 19:00:46,55,0.02
56,L04,#27,GW252/13600,(5)发电状态,5,2025-11-09 22:00:05,2025-11-11 18:59:51,161986,45
57,L04,#27,GW252/13600,(4)启机状态,4,2025-11-09 21:58:05,2025-11-09 22:00:05,120,0.03
58,L04,#27,GW252/13600,(3)待机状态,3,2025-11-09 21:57:08,2025-11-09 21:58:05,57,0.02
59,L04,#27,GW252/13600,(2)停机状态,2,2025-11-09 21:55:01,2025-11-09 21:57:08,127,0.04
60,L04,#27,GW252/13600,(1)停机过程,1,2025-11-09 21:54:07,2025-11-09 21:55:01,54,0.02
61,L04,#27,GW252/13600,(5)发电状态,5,2025-11-09 21:46:28,2025-11-09 21:54:07,459,0.13
62,L04,#27,GW252/13600,(4)启机状态,4,2025-11-09 21:44:27,2025-11-09 21:46:28,121,0.03
63,L04,#27,GW252/13600,(3)待机状态,3,2025-11-09 16:49:41,2025-11-09 21:44:27,17686,4.91
64,L04,#27,GW252/13600,(2)停机状态,2,2025-11-09 16:44:03,2025-11-09 16:49:41,338,0.09
65,L04,#27,GW252/13600,(1)停机过程,1,2025-11-09 16:43:08,2025-11-09 16:44:03,55,0.02
66,L04,#27,GW252/13600,(5)发电状态,5,2025-11-09 15:59:07,2025-11-09 16:43:08,2641,0.73
67,L04,#27,GW252/13600,(4)启机状态,4,2025-11-09 15:55:28,2025-11-09 15:59:07,219,0.06
68,L04,#27,GW252/13600,(3)待机状态,3,2025-11-09 15:51:00,2025-11-09 15:55:28,268,0.07
69,L04,#27,GW252/13600,(2)停机状态,2,2025-11-09 15:45:24,2025-11-09 15:51:00,336,0.09
70,L04,#27,GW252/13600,(1)停机过程,1,2025-11-09 15:44:29,2025-11-09 15:45:24,55,0.02
71,L04,#27,GW252/13600,(4)启机状态,4,2025-11-09 15:39:29,2025-11-09 15:44:29,300,0.08
72,L04,#27,GW252/13600,(3)待机状态,3,2025-11-09 15:23:27,2025-11-09 15:39:29,962,0.27
73,L04,#27,GW252/13600,(2)停机状态,2,2025-11-09 15:21:49,2025-11-09 15:23:27,98,0.03
74,L04,#27,GW252/13600,(1)停机过程,1,2025-11-09 15:20:52,2025-11-09 15:21:49,57,0.02
75,L04,#27,GW252/13600,(5)发电状态,5,2025-11-09 15:09:01,2025-11-09 15:20:52,711,0.2
76,L04,#27,GW252/13600,(4)启机状态,4,2025-11-09 15:05:58,2025-11-09 15:09:01,183,0.05
77,L04,#27,GW252/13600,(3)待机状态,3,2025-11-09 15:04:32,2025-11-09 15:05:58,86,0.02
78,L04,#27,GW252/13600,(2)停机状态,2,2025-11-09 14:27:52,2025-11-09 15:04:32,2200,0.61
79,L04,#27,GW252/13600,(1)停机过程,1,2025-11-09 14:26:57,2025-11-09 14:27:52,55,0.02
80,L04,#27,GW252/13600,(5)发电状态,5,2025-11-09 06:13:15,2025-11-09 14:26:57,29622,8.23
81,L04,#27,GW252/13600,(4)启机状态,4,2025-11-09 06:11:33,2025-11-09 06:13:15,102,0.03
82,L04,#27,GW252/13600,(3)待机状态,3,2025-11-09 06:10:18,2025-11-09 06:11:33,75,0.02
83,L04,#27,GW252/13600,(2)停机状态,2,2025-11-09 05:33:38,2025-11-09 06:10:18,2200,0.61
84,L04,#27,GW252/13600,(1)停机过程,1,2025-11-09 05:32:42,2025-11-09 05:33:38,56,0.02
85,L04,#27,GW252/13600,(5)发电状态,5,2025-11-05 13:05:52,2025-11-09 05:32:42,318410,88.45
86,L04,#27,GW252/13600,(4)启机状态,4,2025-11-05 13:05:07,2025-11-05 13:05:52,45,0.01
87,L04,#27,GW252/13600,(3)待机状态,3,2025-11-05 13:04:26,2025-11-05 13:05:07,41,0.01
88,L04,#27,GW252/13600,(2)停机状态,2,2025-11-05 12:58:50,2025-11-05 13:04:26,336,0.09
89,L04,#27,GW252/13600,(1)停机过程,1,2025-11-05 12:57:55,2025-11-05 12:58:50,55,0.02
90,L04,#27,GW252/13600,(5)发电状态,5,2025-10-29 12:57:47,2025-11-05 12:57:55,604808,168
91,L04,#27,GW252/13600,(4)启机状态,4,2025-10-29 12:57:11,2025-10-29 12:57:47,36,0.01
92,L04,#27,GW252/13600,(3)待机状态,3,2025-10-29 12:56:38,2025-10-29 12:57:11,33,0.01
93,L04,#27,GW252/13600,(2)停机状态,2,2025-10-29 12:45:28,2025-10-29 12:56:38,670,0.19
94,L04,#27,GW252/13600,(1)停机过程,1,2025-10-29 12:44:41,2025-10-29 12:45:28,47,0.01
95,L04,#27,GW252/13600,(5)发电状态,5,2025-10-29 07:27:24,2025-10-29 12:44:41,19037,5.29
96,L04,#27,GW252/13600,(4)启机状态,4,2025-10-29 07:26:51,2025-10-29 07:27:24,33,0.01
97,L04,#27,GW252/13600,(3)待机状态,3,2025-10-29 07:26:17,2025-10-29 07:26:51,34,0.01
98,L04,#27,GW252/13600,(2)停机状态,2,2025-10-29 07:15:34,2025-10-29 07:26:17,643,0.18
99,L04,#27,GW252/13600,(1)停机过程,1,2025-10-29 07:14:45,2025-10-29 07:15:34,49,0.01
100,L04,#27,GW252/13600,(5)发电状态,5,2025-10-29 06:07:39,2025-10-29 07:14:45,4026,1.12
101,L04,#27,GW252/13600,(4)启机状态,4,2025-10-29 06:07:06,2025-10-29 06:07:39,33,0.01
102,L04,#27,GW252/13600,(3)待机状态,3,2025-10-29 06:06:33,2025-10-29 06:07:06,33,0.01
103,L04,#27,GW252/13600,(2)停机状态,2,2025-10-29 06:02:14,2025-10-29 06:06:33,259,0.07
104,L04,#27,GW252/13600,(1)停机过程,1,2025-10-29 06:01:25,2025-10-29 06:02:14,49,0.01
105,L04,#27,GW252/13600,(5)发电状态,5,2025-10-28 09:19:28,2025-10-29 06:01:25,74517,20.7
106,L04,#27,GW252/13600,(4)启机状态,4,2025-10-28 09:18:54,2025-10-28 09:19:28,34,0.01
107,L04,#27,GW252/13600,(3)待机状态,3,2025-10-28 09:18:22,2025-10-28 09:18:54,32,0.01
108,L04,#27,GW252/13600,(2)停机状态,2,2025-10-28 09:14:31,2025-10-28 09:18:22,231,0.06
109,L04,#27,GW252/13600,(1)停机过程,1,2025-10-28 09:13:42,2025-10-28 09:14:31,49,0.01
110,L04,#27,GW252/13600,(5)发电状态,5,2025-10-24 13:27:28,2025-10-28 09:13:42,330374,91.77
111,L04,#27,GW252/13600,(4)启机状态,4,2025-10-24 13:26:53,2025-10-24 13:27:28,35,0.01
112,L04,#27,GW252/13600,(3)待机状态,3,2025-10-24 13:26:16,2025-10-24 13:26:53,37,0.01
113,L04,#27,GW252/13600,(2)停机状态,2,2025-10-24 13:16:25,2025-10-24 13:26:16,591,0.16
114,L04,#27,GW252/13600,(1)停机过程,1,2025-10-24 13:15:36,2025-10-24 13:16:25,49,0.01
115,L04,#27,GW252/13600,(5)发电状态,5,2025-10-24 13:02:38,2025-10-24 13:15:36,778,0.22
116,L04,#27,GW252/13600,(4)启机状态,4,2025-10-24 13:02:03,2025-10-24 13:02:38,35,0.01
117,L04,#27,GW252/13600,(3)待机状态,3,2025-10-24 13:01:29,2025-10-24 13:02:03,34,0.01
118,L04,#27,GW252/13600,(2)停机状态,2,2025-10-24 12:56:28,2025-10-24 13:01:29,301,0.08
119,L04,#27,GW252/13600,(1)停机过程,1,2025-10-24 12:55:38,2025-10-24 12:56:28,50,0.01
120,L04,#27,GW252/13600,(5)发电状态,5,2025-10-24 12:52:31,2025-10-24 12:55:38,187,0.05
121,L04,#27,GW252/13600,(4)启机状态,4,2025-10-24 12:51:54,2025-10-24 12:52:31,37,0.01
122,L04,#27,GW252/13600,(3)待机状态,3,2025-10-24 12:51:21,2025-10-24 12:51:54,33,0.01
123,L04,#27,GW252/13600,(2)停机状态,2,2025-10-24 12:41:26,2025-10-24 12:51:21,595,0.17
124,L04,#27,GW252/13600,(1)停机过程,1,2025-10-24 12:40:35,2025-10-24 12:41:26,51,0.01
125,L04,#27,GW252/13600,(5)发电状态,5,2025-10-23 06:58:25,2025-10-24 12:40:35,106930,29.7
126,L04,#27,GW252/13600,(4)启机状态,4,2025-10-23 06:57:47,2025-10-23 06:58:25,38,0.01
127,L04,#27,GW252/13600,(3)待机状态,3,2025-10-23 06:57:18,2025-10-23 06:57:47,29,0.01
128,L04,#27,GW252/13600,(2)停机状态,2,2025-10-23 06:42:50,2025-10-23 06:57:18,868,0.24
129,L04,#27,GW252/13600,(1)停机过程,1,2025-10-23 06:42:03,2025-10-23 06:42:50,47,0.01
130,L04,#27,GW252/13600,(5)发电状态,5,2025-10-23 05:18:40,2025-10-23 06:42:03,5003,1.39
131,L04,#27,GW252/13600,(4)启机状态,4,2025-10-23 05:18:07,2025-10-23 05:18:40,33,0.01
132,L04,#27,GW252/13600,(3)待机状态,3,2025-10-23 05:17:36,2025-10-23 05:18:07,31,0.01
133,L04,#27,GW252/13600,(2)停机状态,2,2025-10-23 05:13:25,2025-10-23 05:17:36,251,0.07
134,L04,#27,GW252/13600,(1)停机过程,1,2025-10-23 05:12:38,2025-10-23 05:13:25,47,0.01
135,L04,#27,GW252/13600,(5)发电状态,5,2025-10-22 20:28:31,2025-10-23 05:12:38,31447,8.74
136,L04,#27,GW252/13600,(4)启机状态,4,2025-10-22 20:27:59,2025-10-22 20:28:31,32,0.01
137,L04,#27,GW252/13600,(3)待机状态,3,2025-10-22 20:27:32,2025-10-22 20:27:59,27,0.01
138,L04,#27,GW252/13600,(2)停机状态,2,2025-10-22 20:22:48,2025-10-22 20:27:32,284,0.08
139,L04,#27,GW252/13600,(1)停机过程,1,2025-10-22 20:22:01,2025-10-22 20:22:48,47,0.01
140,L04,#27,GW252/13600,(5)发电状态,5,2025-10-22 19:27:47,2025-10-22 20:22:01,3254,0.9
141,L04,#27,GW252/13600,(4)启机状态,4,2025-10-22 19:27:10,2025-10-22 19:27:47,37,0.01
142,L04,#27,GW252/13600,(3)待机状态,3,2025-10-22 19:26:39,2025-10-22 19:27:10,31,0.01
143,L04,#27,GW252/13600,(2)停机状态,2,2025-10-22 19:21:25,2025-10-22 19:26:39,314,0.09
144,L04,#27,GW252/13600,(1)停机过程,1,2025-10-22 19:20:39,2025-10-22 19:21:25,46,0.01
145,L04,#27,GW252/13600,(5)发电状态,5,2025-10-22 16:07:30,2025-10-22 19:20:39,11589,3.22
146,L04,#27,GW252/13600,(4)启机状态,4,2025-10-22 16:06:56,2025-10-22 16:07:30,34,0.01
147,L04,#27,GW252/13600,(3)待机状态,3,2025-10-22 16:06:25,2025-10-22 16:06:56,31,0.01
148,L04,#27,GW252/13600,(2)停机状态,2,2025-10-22 16:01:22,2025-10-22 16:06:25,303,0.08
149,L04,#27,GW252/13600,(1)停机过程,1,2025-10-22 16:00:35,2025-10-22 16:01:22,47,0.01
150,L04,#27,GW252/13600,(5)发电状态,5,2025-10-22 04:17:02,2025-10-22 16:00:35,42213,11.73
151,L04,#27,GW252/13600,(4)启机状态,4,2025-10-22 04:16:31,2025-10-22 04:17:02,31,0.01
152,L04,#27,GW252/13600,(3)待机状态,3,2025-10-22 04:16:03,2025-10-22 04:16:31,28,0.01
153,L04,#27,GW252/13600,(2)停机状态,2,2025-10-22 00:18:33,2025-10-22 04:16:03,14250,3.96
154,L04,#27,GW252/13600,(1)停机过程,1,2025-10-22 00:17:49,2025-10-22 00:18:33,44,0.01
155,L04,#27,GW252/13600,(5)发电状态,5,2025-10-22 00:12:21,2025-10-22 00:17:49,328,0.09
156,L04,#27,GW252/13600,(4)启机状态,4,2025-10-22 00:11:49,2025-10-22 00:12:21,32,0.01
157,L04,#27,GW252/13600,(3)待机状态,3,2025-10-22 00:11:21,2025-10-22 00:11:49,28,0.01
158,L04,#27,GW252/13600,(2)停机状态,2,2025-10-21 19:36:47,2025-10-22 00:11:21,16474,4.58
159,L04,#27,GW252/13600,(1)停机过程,1,2025-10-21 19:36:04,2025-10-21 19:36:47,43,0.01
160,L04,#27,GW252/13600,(5)发电状态,5,2025-10-21 19:14:34,2025-10-21 19:36:04,1290,0.36
161,L04,#27,GW252/13600,(4)启机状态,4,2025-10-21 19:14:03,2025-10-21 19:14:34,31,0.01
162,L04,#27,GW252/13600,(3)待机状态,3,2025-10-21 19:13:36,2025-10-21 19:14:03,27,0.01
163,L04,#27,GW252/13600,(2)停机状态,2,2025-10-21 18:29:33,2025-10-21 19:13:36,2643,0.73
164,L04,#27,GW252/13600,(1)停机过程,1,2025-10-21 18:28:49,2025-10-21 18:29:33,44,0.01
165,L04,#27,GW252/13600,(5)发电状态,5,2025-10-21 18:10:34,2025-10-21 18:28:49,1095,0.3
166,L04,#27,GW252/13600,(4)启机状态,4,2025-10-21 18:10:05,2025-10-21 18:10:34,29,0.01
167,L04,#27,GW252/13600,(3)待机状态,3,2025-10-21 18:09:38,2025-10-21 18:10:05,27,0.01
168,L04,#27,GW252/13600,(2)停机状态,2,2025-10-21 17:51:18,2025-10-21 18:09:38,1100,0.31
169,L04,#27,GW252/13600,(1)停机过程,1,2025-10-21 17:50:34,2025-10-21 17:51:18,44,0.01
170,L04,#27,GW252/13600,(5)发电状态,5,2025-10-21 17:17:24,2025-10-21 17:50:34,1990,0.55
171,L04,#27,GW252/13600,(4)启机状态,4,2025-10-21 17:16:50,2025-10-21 17:17:24,34,0.01
172,L04,#27,GW252/13600,(3)待机状态,3,2025-10-21 17:16:21,2025-10-21 17:16:50,29,0.01
173,L04,#27,GW252/13600,(2)停机状态,2,2025-10-21 17:01:24,2025-10-21 17:16:21,897,0.25
174,L04,#27,GW252/13600,(1)停机过程,1,2025-10-21 17:00:41,2025-10-21 17:01:24,43,0.01
175,L04,#27,GW252/13600,(5)发电状态,5,2025-10-21 09:47:07,2025-10-21 17:00:41,26014,7.23
176,L04,#27,GW252/13600,(4)启机状态,4,2025-10-21 09:46:32,2025-10-21 09:47:07,35,0.01
177,L04,#27,GW252/13600,(3)待机状态,3,2025-10-21 09:46:03,2025-10-21 09:46:32,29,0.01
178,L04,#27,GW252/13600,(2)停机状态,2,2025-10-21 09:45:06,2025-10-21 09:46:03,57,0.02
179,L04,#27,GW252/13600,(1)停机过程,1,2025-10-21 09:44:21,2025-10-21 09:45:06,45,0.01
180,L04,#27,GW252/13600,(5)发电状态,5,2025-10-20 21:23:00,2025-10-21 09:44:21,44481,12.36
181,L04,#27,GW252/13600,(4)启机状态,4,2025-10-20 21:22:30,2025-10-20 21:23:00,30,0.01
182,L04,#27,GW252/13600,(3)待机状态,3,2025-10-20 21:22:01,2025-10-20 21:22:30,29,0.01
183,L04,#27,GW252/13600,(2)停机状态,2,2025-10-20 21:17:41,2025-10-20 21:22:01,260,0.07
184,L04,#27,GW252/13600,(1)停机过程,1,2025-10-20 21:16:57,2025-10-20 21:17:41,44,0.01
185,L04,#27,GW252/13600,(5)发电状态,5,2025-10-20 19:58:05,2025-10-20 21:16:57,4732,1.31
186,L04,#27,GW252/13600,(4)启机状态,4,2025-10-20 19:57:31,2025-10-20 19:58:05,34,0.01
187,L04,#27,GW252/13600,(3)待机状态,3,2025-10-20 19:57:01,2025-10-20 19:57:31,30,0.01
188,L04,#27,GW252/13600,(2)停机状态,2,2025-10-20 19:41:49,2025-10-20 19:57:01,912,0.25
189,L04,#27,GW252/13600,(1)停机过程,1,2025-10-20 19:41:04,2025-10-20 19:41:49,45,0.01
190,L04,#27,GW252/13600,(5)发电状态,5,2025-10-20 13:55:10,2025-10-20 19:41:04,20754,5.77
191,L04,#27,GW252/13600,(4)启机状态,4,2025-10-20 13:54:33,2025-10-20 13:55:10,37,0.01
192,L04,#27,GW252/13600,(3)待机状态,3,2025-10-20 13:54:04,2025-10-20 13:54:33,29,0.01
193,L04,#27,GW252/13600,(2)停机状态,2,2025-10-20 13:54:02,2025-10-20 13:54:04,2,0
194,L04,#27,GW252/13600,(1)停机过程,1,2025-10-20 13:53:52,2025-10-20 13:54:02,10,0
195,L04,#27,GW252/13600,(9)维护状态,9,2025-10-20 13:53:12,2025-10-20 13:53:52,40,0.01
196,L04,#27,GW252/13600,(2)停机状态,2,2025-10-20 13:44:53,2025-10-20 13:53:12,499,0.14
197,L04,#27,GW252/13600,(1)停机过程,1,2025-10-20 13:44:49,2025-10-20 13:44:53,4,0
198,L04,#27,GW252/13600,(9)维护状态,9,2025-10-20 13:41:06,2025-10-20 13:44:49,223,0.06
199,L04,#27,GW252/13600,(1)停机过程,1,2025-10-20 13:40:20,2025-10-20 13:41:06,46,0.01
200,L04,#27,GW252/13600,(5)发电状态,5,2025-10-20 11:43:52,2025-10-20 13:40:20,6988,1.94
201,L04,#27,GW252/13600,(4)启机状态,4,2025-10-20 11:43:18,2025-10-20 11:43:52,34,0.01
202,L04,#27,GW252/13600,(3)待机状态,3,2025-10-20 11:42:45,2025-10-20 11:43:18,33,0.01
203,L04,#27,GW252/13600,(2)停机状态,2,2025-10-20 11:29:29,2025-10-20 11:42:45,796,0.22
204,L04,#27,GW252/13600,(1)停机过程,1,2025-10-20 11:28:42,2025-10-20 11:29:29,47,0.01
205,L04,#27,GW252/13600,(5)发电状态,5,2025-10-17 23:50:46,2025-10-20 11:28:42,214676,59.63
206,L04,#27,GW252/13600,(4)启机状态,4,2025-10-17 23:49:45,2025-10-17 23:50:46,61,0.02
207,L04,#27,GW252/13600,(3)待机状态,3,2025-10-17 23:48:51,2025-10-17 23:49:45,54,0.02
208,L04,#27,GW252/13600,(2)停机状态,2,2025-10-17 23:48:48,2025-10-17 23:48:51,3,0
209,L04,#27,GW252/13600,(1)停机过程,1,2025-10-17 23:48:38,2025-10-17 23:48:48,10,0
210,L04,#27,GW252/13600,(9)维护状态,9,2025-10-17 21:00:06,2025-10-17 23:48:38,10112,2.81
211,L04,#27,GW252/13600,(2)停机状态,2,2025-10-14 22:28:25,2025-10-17 21:00:06,253901,70.53
212,L04,#27,GW252/13600,(1)停机过程,1,2025-10-14 22:28:15,2025-10-14 22:28:25,10,0
213,L04,#27,GW252/13600,(9)维护状态,9,2025-10-14 09:40:48,2025-10-14 22:28:15,46047,12.79
214,L04,#27,GW252/13600,(2)停机状态,2,2025-10-14 05:52:17,2025-10-14 09:40:48,13711,3.81
215,L04,#27,GW252/13600,(1)停机过程,1,2025-10-14 05:52:09,2025-10-14 05:52:17,8,0
216,L04,#27,GW252/13600,(9)维护状态,9,2025-10-13 21:38:04,2025-10-14 05:52:09,29645,8.23
217,L04,#27,GW252/13600,(2)停机状态,2,2025-10-13 12:27:05,2025-10-13 21:38:04,33059,9.18
218,L04,#27,GW252/13600,(1)停机过程,1,2025-10-13 12:26:55,2025-10-13 12:27:05,10,0
219,L04,#27,GW252/13600,(9)维护状态,9,2025-10-13 12:26:40,2025-10-13 12:26:55,15,0
220,L04,#27,GW252/13600,(2)停机状态,2,2025-10-13 12:26:22,2025-10-13 12:26:40,18,0.01
221,L04,#27,GW252/13600,(1)停机过程,1,2025-10-13 12:26:12,2025-10-13 12:26:22,10,0
222,L04,#27,GW252/13600,(9)维护状态,9,2025-10-12 14:45:58,2025-10-13 12:26:12,78014,21.67
223,L04,#27,GW252/13600,(2)停机状态,2,2025-10-12 10:15:27,2025-10-12 14:45:58,16231,4.51
224,L04,#27,GW252/13600,(1)停机过程,1,2025-10-12 10:15:17,2025-10-12 10:15:27,10,0
225,L04,#27,GW252/13600,(9)维护状态,9,2025-10-12 10:11:47,2025-10-12 10:15:17,210,0.06
226,L04,#27,GW252/13600,(2)停机状态,2,2025-10-12 09:24:29,2025-10-12 10:11:47,2838,0.79
227,L04,#27,GW252/13600,(1)停机过程,1,2025-10-12 09:24:19,2025-10-12 09:24:29,10,0
228,L04,#27,GW252/13600,(9)维护状态,9,2025-10-11 17:57:49,2025-10-12 09:24:19,55590,15.44
229,L04,#27,GW252/13600,(1)停机过程,1,2025-10-11 17:54:30,2025-10-11 17:57:49,199,0.06
230,L04,#27,GW252/13600,(9)维护状态,9,2025-10-11 08:47:20,2025-10-11 17:54:30,32830,9.12
231,L04,#27,GW252/13600,(2)停机状态,2,2025-10-06 17:07:31,2025-10-11 08:47:20,401989,111.66
232,L04,#27,GW252/13600,(1)停机过程,1,2025-10-06 17:07:21,2025-10-06 17:07:31,10,0
233,L04,#27,GW252/13600,(9)维护状态,9,2025-10-06 17:01:27,2025-10-06 17:07:21,354,0.1
234,L04,#27,GW252/13600,(2)停机状态,2,2025-10-05 02:16:23,2025-10-06 17:01:27,139504,38.75
235,L04,#27,GW252/13600,(1)停机过程,1,2025-10-05 02:15:37,2025-10-05 02:16:23,46,0.01
236,L04,#27,GW252/13600,(5)发电状态,5,2025-10-05 01:57:21,2025-10-05 02:15:37,1096,0.3
237,L04,#27,GW252/13600,(4)启机状态,4,2025-10-05 01:56:39,2025-10-05 01:57:21,42,0.01
238,L04,#27,GW252/13600,(3)待机状态,3,2025-10-05 01:56:09,2025-10-05 01:56:39,30,0.01
239,L04,#27,GW252/13600,(2)停机状态,2,2025-10-05 01:49:09,2025-10-05 01:56:09,420,0.12
240,L04,#27,GW252/13600,(1)停机过程,1,2025-10-05 01:48:23,2025-10-05 01:49:09,46,0.01
241,L04,#27,GW252/13600,(5)发电状态,5,2025-10-04 19:00:00,2025-10-05 01:48:23,24503,6.81
242,L04,#27,GW252/13600,(4)启机状态,4,2025-10-04 18:59:16,2025-10-04 19:00:00,44,0.01
243,L04,#27,GW252/13600,(3)待机状态,3,2025-10-04 18:58:35,2025-10-04 18:59:16,41,0.01
244,L04,#27,GW252/13600,(2)停机状态,2,2025-10-04 18:23:07,2025-10-04 18:58:35,2128,0.59
245,L04,#27,GW252/13600,(1)停机过程,1,2025-10-04 18:22:20,2025-10-04 18:23:07,47,0.01
246,L04,#27,GW252/13600,(5)发电状态,5,2025-10-04 18:09:42,2025-10-04 18:22:20,758,0.21
247,L04,#27,GW252/13600,(4)启机状态,4,2025-10-04 18:09:08,2025-10-04 18:09:42,34,0.01
248,L04,#27,GW252/13600,(3)待机状态,3,2025-10-04 17:57:13,2025-10-04 18:09:08,715,0.2
249,L04,#27,GW252/13600,(2)停机状态,2,2025-10-04 17:56:38,2025-10-04 17:57:13,35,0.01
250,L04,#27,GW252/13600,(1)停机过程,1,2025-10-04 17:55:43,2025-10-04 17:56:38,55,0.02
251,L04,#27,GW252/13600,(5)发电状态,5,2025-10-04 15:46:30,2025-10-04 17:55:43,7753,2.15
252,L04,#27,GW252/13600,(4)启机状态,4,2025-10-04 15:43:37,2025-10-04 15:46:30,173,0.05
253,L04,#27,GW252/13600,(3)待机状态,3,2025-10-04 14:59:07,2025-10-04 15:43:37,2670,0.74
254,L04,#27,GW252/13600,(2)停机状态,2,2025-10-04 14:57:16,2025-10-04 14:59:07,111,0.03
255,L04,#27,GW252/13600,(1)停机过程,1,2025-10-04 14:56:21,2025-10-04 14:57:16,55,0.02
256,L04,#27,GW252/13600,(5)发电状态,5,2025-10-04 07:51:31,2025-10-04 14:56:21,25490,7.08
257,L04,#27,GW252/13600,(4)启机状态,4,2025-10-04 07:49:42,2025-10-04 07:51:31,109,0.03
258,L04,#27,GW252/13600,(3)待机状态,3,2025-10-04 00:33:12,2025-10-04 07:49:42,26190,7.28
259,L04,#27,GW252/13600,(2)停机状态,2,2025-10-04 00:32:18,2025-10-04 00:33:12,54,0.02
260,L04,#27,GW252/13600,(1)停机过程,1,2025-10-04 00:31:23,2025-10-04 00:32:18,55,0.02
261,L04,#27,GW252/13600,(5)发电状态,5,2025-10-03 01:25:47,2025-10-04 00:31:23,83136,23.09
262,L04,#27,GW252/13600,(4)启机状态,4,2025-10-03 01:24:58,2025-10-03 01:25:47,49,0.01
263,L04,#27,GW252/13600,(3)待机状态,3,2025-10-03 01:24:17,2025-10-03 01:24:58,41,0.01
264,L04,#27,GW252/13600,(2)停机状态,2,2025-10-03 01:06:32,2025-10-03 01:24:17,1065,0.3
265,L04,#27,GW252/13600,(1)停机过程,1,2025-10-03 01:06:22,2025-10-03 01:06:32,10,0
266,L04,#27,GW252/13600,(9)维护状态,9,2025-10-03 00:41:58,2025-10-03 01:06:22,1464,0.41
267,L04,#27,GW252/13600,(2)停机状态,2,2025-10-03 00:41:04,2025-10-03 00:41:58,54,0.02
268,L04,#27,GW252/13600,(1)停机过程,1,2025-10-03 00:40:12,2025-10-03 00:41:04,52,0.01
269,L04,#27,GW252/13600,(5)发电状态,5,2025-10-02 14:47:19,2025-10-03 00:40:12,35573,9.88
270,L04,#27,GW252/13600,(5)发电状态,5,2025-10-01 18:42:23,2025-10-02 14:47:19,72296,20.08
271,L04,#27,GW252/13600,(4)启机状态,4,2025-10-01 18:41:07,2025-10-01 18:42:23,76,0.02
272,L04,#27,GW252/13600,(3)待机状态,3,2025-10-01 18:40:14,2025-10-01 18:41:07,53,0.01
273,L04,#27,GW252/13600,(2)停机状态,2,2025-10-01 17:20:28,2025-10-01 18:40:14,4786,1.33
274,L04,#27,GW252/13600,(1)停机过程,1,2025-10-01 17:20:15,2025-10-01 17:20:28,13,0
275,L04,#27,GW252/13600,(9)维护状态,9,2025-10-01 14:43:00,2025-10-01 17:20:15,9435,2.62
276,L04,#27,GW252/13600,(2)停机状态,2,2025-10-01 13:40:39,2025-10-01 14:43:00,3741,1.04
277,L04,#27,GW252/13600,(1)停机过程,1,2025-10-01 13:40:25,2025-10-01 13:40:39,14,0
278,L04,#27,GW252/13600,(9)维护状态,9,2025-10-01 09:11:42,2025-10-01 13:40:25,16123,4.48
279,L04,#27,GW252/13600,(1)停机过程,1,2025-10-01 09:11:10,2025-10-01 09:11:42,32,0.01
280,L04,#27,GW252/13600,(3)待机状态,3,2025-09-30 10:14:47,2025-10-01 09:11:10,82583,22.94
281,L04,#27,GW252/13600,(2)停机状态,2,2025-09-30 09:37:07,2025-09-30 10:14:47,2260,0.63
282,L04,#27,GW252/13600,(1)停机过程,1,2025-09-30 09:36:11,2025-09-30 09:37:07,56,0.02
283,L04,#27,GW252/13600,(5)发电状态,5,2025-09-30 08:58:58,2025-09-30 09:36:11,2233,0.62
284,L04,#27,GW252/13600,(4)启机状态,4,2025-09-30 08:57:17,2025-09-30 08:58:58,101,0.03
285,L04,#27,GW252/13600,(3)待机状态,3,2025-09-30 08:56:21,2025-09-30 08:57:17,56,0.02
286,L04,#27,GW252/13600,(2)停机状态,2,2025-09-30 07:33:51,2025-09-30 08:56:21,4950,1.38
287,L04,#27,GW252/13600,(1)停机过程,1,2025-09-30 07:32:55,2025-09-30 07:33:51,56,0.02
288,L04,#27,GW252/13600,(5)发电状态,5,2025-09-28 09:47:07,2025-09-30 07:32:55,164748,45.76
289,L04,#27,GW252/13600,(4)启机状态,4,2025-09-28 09:46:35,2025-09-28 09:47:07,32,0.01
290,L04,#27,GW252/13600,(3)待机状态,3,2025-09-28 09:46:05,2025-09-28 09:46:35,30,0.01
291,L04,#27,GW252/13600,(2)停机状态,2,2025-09-28 09:27:22,2025-09-28 09:46:05,1123,0.31
292,L04,#27,GW252/13600,(1)停机过程,1,2025-09-28 09:26:39,2025-09-28 09:27:22,43,0.01
293,L04,#27,GW252/13600,(5)发电状态,5,2025-09-25 16:12:20,2025-09-28 09:26:39,234859,65.24
294,L04,#27,GW252/13600,(4)启机状态,4,2025-09-25 16:11:33,2025-09-25 16:12:20,47,0.01
295,L04,#27,GW252/13600,(3)待机状态,3,2025-09-25 16:10:47,2025-09-25 16:11:33,46,0.01
296,L04,#27,GW252/13600,(2)停机状态,2,2025-09-25 16:10:45,2025-09-25 16:10:47,2,0
297,L04,#27,GW252/13600,(1)停机过程,1,2025-09-25 16:10:37,2025-09-25 16:10:45,8,0
298,L04,#27,GW252/13600,(9)维护状态,9,2025-09-25 14:29:39,2025-09-25 16:10:37,6058,1.68
299,L04,#27,GW252/13600,(2)停机状态,2,2025-09-25 13:36:34,2025-09-25 14:29:39,3185,0.88
300,L04,#27,GW252/13600,(1)停机过程,1,2025-09-25 13:36:22,2025-09-25 13:36:34,12,0
301,L04,#27,GW252/13600,(9)维护状态,9,2025-09-25 13:35:54,2025-09-25 13:36:22,28,0.01
302,L04,#27,GW252/13600,(2)停机状态,2,2025-09-25 13:31:58,2025-09-25 13:35:54,236,0.07
303,L04,#27,GW252/13600,(1)停机过程,1,2025-09-25 13:31:49,2025-09-25 13:31:58,9,0
304,L04,#27,GW252/13600,(9)维护状态,9,2025-09-25 10:50:12,2025-09-25 13:31:49,9697,2.69
305,L04,#27,GW252/13600,(2)停机状态,2,2025-09-23 16:46:19,2025-09-25 10:50:12,151433,42.06
306,L04,#27,GW252/13600,(1)停机过程,1,2025-09-23 16:45:23,2025-09-23 16:46:19,56,0.02
307,L04,#27,GW252/13600,(5)发电状态,5,2025-09-23 00:09:23,2025-09-23 16:45:23,59760,16.6
308,L04,#27,GW252/13600,(4)启机状态,4,2025-09-23 00:07:32,2025-09-23 00:09:23,111,0.03
309,L04,#27,GW252/13600,(3)待机状态,3,2025-09-22 23:54:47,2025-09-23 00:07:32,765,0.21
310,L04,#27,GW252/13600,(2)停机状态,2,2025-09-22 23:53:03,2025-09-22 23:54:47,104,0.03
311,L04,#27,GW252/13600,(1)停机过程,1,2025-09-22 23:52:08,2025-09-22 23:53:03,55,0.02
312,L04,#27,GW252/13600,(5)发电状态,5,2025-09-22 23:12:44,2025-09-22 23:52:08,2364,0.66
313,L04,#27,GW252/13600,(4)启机状态,4,2025-09-22 23:10:53,2025-09-22 23:12:44,111,0.03
314,L04,#27,GW252/13600,(3)待机状态,3,2025-09-22 19:22:25,2025-09-22 23:10:53,13708,3.81
315,L04,#27,GW252/13600,(2)停机状态,2,2025-09-22 19:17:55,2025-09-22 19:22:25,270,0.08
316,L04,#27,GW252/13600,(1)停机过程,1,2025-09-22 19:17:43,2025-09-22 19:17:55,12,0
317,L04,#27,GW252/13600,(9)维护状态,9,2025-09-22 18:27:35,2025-09-22 19:17:43,3008,0.84
318,L04,#27,GW252/13600,(2)停机状态,2,2025-09-22 18:24:06,2025-09-22 18:27:35,209,0.06
319,L04,#27,GW252/13600,(1)停机过程,1,2025-09-22 18:23:35,2025-09-22 18:24:06,31,0.01
320,L04,#27,GW252/13600,(3)待机状态,3,2025-09-22 17:54:51,2025-09-22 18:23:35,1724,0.48
321,L04,#27,GW252/13600,(2)停机状态,2,2025-09-22 17:49:13,2025-09-22 17:54:51,338,0.09
322,L04,#27,GW252/13600,(1)停机过程,1,2025-09-22 17:48:19,2025-09-22 17:49:13,54,0.02
323,L04,#27,GW252/13600,(5)发电状态,5,2025-09-22 14:46:16,2025-09-22 17:48:19,10923,3.03
324,L04,#27,GW252/13600,(4)启机状态,4,2025-09-22 14:44:33,2025-09-22 14:46:16,103,0.03
325,L04,#27,GW252/13600,(3)待机状态,3,2025-09-22 14:43:29,2025-09-22 14:44:33,64,0.02
326,L04,#27,GW252/13600,(2)停机状态,2,2025-09-22 14:06:48,2025-09-22 14:43:29,2201,0.61
327,L04,#27,GW252/13600,(1)停机过程,1,2025-09-22 14:05:53,2025-09-22 14:06:48,55,0.02
328,L04,#27,GW252/13600,(5)发电状态,5,2025-09-21 16:50:51,2025-09-22 14:05:53,76502,21.25
329,L04,#27,GW252/13600,(4)启机状态,4,2025-09-21 16:49:17,2025-09-21 16:50:51,94,0.03
330,L04,#27,GW252/13600,(3)待机状态,3,2025-09-21 16:45:09,2025-09-21 16:49:17,248,0.07
331,L04,#27,GW252/13600,(2)停机状态,2,2025-09-21 16:45:08,2025-09-21 16:45:09,1,0
332,L04,#27,GW252/13600,(1)停机过程,1,2025-09-21 16:44:36,2025-09-21 16:45:08,32,0.01
333,L04,#27,GW252/13600,(3)待机状态,3,2025-09-21 16:43:56,2025-09-21 16:44:36,40,0.01
334,L04,#27,GW252/13600,(2)停机状态,2,2025-09-21 16:43:54,2025-09-21 16:43:56,2,0
335,L04,#27,GW252/13600,(1)停机过程,1,2025-09-21 16:43:23,2025-09-21 16:43:54,31,0.01
336,L04,#27,GW252/13600,(3)待机状态,3,2025-09-21 16:43:01,2025-09-21 16:43:23,22,0.01
337,L04,#27,GW252/13600,(2)停机状态,2,2025-09-21 16:42:59,2025-09-21 16:43:01,2,0
338,L04,#27,GW252/13600,(1)停机过程,1,2025-09-21 16:42:31,2025-09-21 16:42:59,28,0.01
339,L04,#27,GW252/13600,(3)待机状态,3,2025-09-21 16:42:08,2025-09-21 16:42:31,23,0.01
340,L04,#27,GW252/13600,(2)停机状态,2,2025-09-21 16:42:07,2025-09-21 16:42:08,1,0
341,L04,#27,GW252/13600,(1)停机过程,1,2025-09-21 16:41:37,2025-09-21 16:42:07,30,0.01
342,L04,#27,GW252/13600,(3)待机状态,3,2025-09-21 16:41:15,2025-09-21 16:41:37,22,0.01
343,L04,#27,GW252/13600,(2)停机状态,2,2025-09-21 16:41:08,2025-09-21 16:41:15,7,0
344,L04,#27,GW252/13600,(1)停机过程,1,2025-09-21 16:40:57,2025-09-21 16:41:08,11,0
345,L04,#27,GW252/13600,(9)维护状态,9,2025-09-21 16:11:45,2025-09-21 16:40:57,1752,0.49
346,L04,#27,GW252/13600,(2)停机状态,2,2025-09-21 16:09:43,2025-09-21 16:11:45,122,0.03
347,L04,#27,GW252/13600,(1)停机过程,1,2025-09-21 16:08:49,2025-09-21 16:09:43,54,0.02
348,L04,#27,GW252/13600,(5)发电状态,5,2025-09-21 10:41:22,2025-09-21 16:08:49,19647,5.46
349,L04,#27,GW252/13600,(4)启机状态,4,2025-09-21 10:39:12,2025-09-21 10:41:22,130,0.04
350,L04,#27,GW252/13600,(3)待机状态,3,2025-09-21 10:36:05,2025-09-21 10:39:12,187,0.05
351,L04,#27,GW252/13600,(2)停机状态,2,2025-09-21 10:30:29,2025-09-21 10:36:05,336,0.09
352,L04,#27,GW252/13600,(1)停机过程,1,2025-09-21 10:29:33,2025-09-21 10:30:29,56,0.02
353,L04,#27,GW252/13600,(5)发电状态,5,2025-09-21 09:57:17,2025-09-21 10:29:33,1936,0.54
354,L04,#27,GW252/13600,(4)启机状态,4,2025-09-21 09:55:46,2025-09-21 09:57:17,91,0.03
355,L04,#27,GW252/13600,(3)待机状态,3,2025-09-21 09:53:17,2025-09-21 09:55:46,149,0.04
356,L04,#27,GW252/13600,(1)停机过程,1,2025-09-21 09:52:46,2025-09-21 09:53:17,31,0.01
357,L04,#27,GW252/13600,(3)待机状态,3,2025-09-21 09:50:59,2025-09-21 09:52:46,107,0.03
358,L04,#27,GW252/13600,(2)停机状态,2,2025-09-21 09:50:58,2025-09-21 09:50:59,1,0
359,L04,#27,GW252/13600,(1)停机过程,1,2025-09-21 09:50:29,2025-09-21 09:50:58,29,0.01
360,L04,#27,GW252/13600,(3)待机状态,3,2025-09-21 09:50:06,2025-09-21 09:50:29,23,0.01
361,L04,#27,GW252/13600,(2)停机状态,2,2025-09-21 09:50:05,2025-09-21 09:50:06,1,0
362,L04,#27,GW252/13600,(1)停机过程,1,2025-09-21 09:49:34,2025-09-21 09:50:05,31,0.01
363,L04,#27,GW252/13600,(3)待机状态,3,2025-09-21 09:48:08,2025-09-21 09:49:34,86,0.02
364,L04,#27,GW252/13600,(2)停机状态,2,2025-09-21 09:48:07,2025-09-21 09:48:08,1,0
365,L04,#27,GW252/13600,(1)停机过程,1,2025-09-21 09:47:34,2025-09-21 09:48:07,33,0.01
366,L04,#27,GW252/13600,(3)待机状态,3,2025-09-21 09:42:27,2025-09-21 09:47:34,307,0.09
367,L04,#27,GW252/13600,(2)停机状态,2,2025-09-21 09:42:25,2025-09-21 09:42:27,2,0
368,L04,#27,GW252/13600,(1)停机过程,1,2025-09-21 09:41:54,2025-09-21 09:42:25,31,0.01
369,L04,#27,GW252/13600,(3)待机状态,3,2025-09-21 09:39:59,2025-09-21 09:41:54,115,0.03
370,L04,#27,GW252/13600,(2)停机状态,2,2025-09-21 09:39:58,2025-09-21 09:39:59,1,0
371,L04,#27,GW252/13600,(1)停机过程,1,2025-09-21 09:39:27,2025-09-21 09:39:58,31,0.01
372,L04,#27,GW252/13600,(3)待机状态,3,2025-09-21 08:55:45,2025-09-21 09:39:27,2622,0.73
373,L04,#27,GW252/13600,(2)停机状态,2,2025-09-21 08:50:08,2025-09-21 08:55:45,337,0.09
374,L04,#27,GW252/13600,(1)停机过程,1,2025-09-21 08:49:12,2025-09-21 08:50:08,56,0.02
375,L04,#27,GW252/13600,(5)发电状态,5,2025-09-21 07:14:36,2025-09-21 08:49:12,5676,1.58
376,L04,#27,GW252/13600,(4)启机状态,4,2025-09-21 07:11:30,2025-09-21 07:14:36,186,0.05
377,L04,#27,GW252/13600,(3)待机状态,3,2025-09-21 06:46:33,2025-09-21 07:11:30,1497,0.42
378,L04,#27,GW252/13600,(2)停机状态,2,2025-09-21 06:45:56,2025-09-21 06:46:33,37,0.01
379,L04,#27,GW252/13600,(1)停机过程,1,2025-09-21 06:45:00,2025-09-21 06:45:56,56,0.02
380,L04,#27,GW252/13600,(5)发电状态,5,2025-09-21 05:53:30,2025-09-21 06:45:00,3090,0.86
381,L04,#27,GW252/13600,(4)启机状态,4,2025-09-21 05:49:59,2025-09-21 05:53:30,211,0.06
382,L04,#27,GW252/13600,(3)待机状态,3,2025-09-21 03:17:36,2025-09-21 05:49:59,9143,2.54
383,L04,#27,GW252/13600,(2)停机状态,2,2025-09-21 03:15:16,2025-09-21 03:17:36,140,0.04
384,L04,#27,GW252/13600,(1)停机过程,1,2025-09-21 03:14:21,2025-09-21 03:15:16,55,0.02
385,L04,#27,GW252/13600,(5)发电状态,5,2025-09-21 00:54:52,2025-09-21 03:14:21,8369,2.32
386,L04,#27,GW252/13600,(4)启机状态,4,2025-09-21 00:52:52,2025-09-21 00:54:52,120,0.03
387,L04,#27,GW252/13600,(3)待机状态,3,2025-09-20 22:01:37,2025-09-21 00:52:52,10275,2.85
388,L04,#27,GW252/13600,(2)停机状态,2,2025-09-20 22:00:07,2025-09-20 22:01:37,90,0.03
389,L04,#27,GW252/13600,(1)停机过程,1,2025-09-20 21:59:12,2025-09-20 22:00:07,55,0.02
390,L04,#27,GW252/13600,(5)发电状态,5,2025-09-20 21:41:45,2025-09-20 21:59:12,1047,0.29
391,L04,#27,GW252/13600,(4)启机状态,4,2025-09-20 21:40:11,2025-09-20 21:41:45,94,0.03
392,L04,#27,GW252/13600,(3)待机状态,3,2025-09-20 20:35:15,2025-09-20 21:40:11,3896,1.08
393,L04,#27,GW252/13600,(2)停机状态,2,2025-09-20 20:32:18,2025-09-20 20:35:15,177,0.05
394,L04,#27,GW252/13600,(1)停机过程,1,2025-09-20 20:31:23,2025-09-20 20:32:18,55,0.02
395,L04,#27,GW252/13600,(5)发电状态,5,2025-09-20 19:57:18,2025-09-20 20:31:23,2045,0.57
396,L04,#27,GW252/13600,(4)启机状态,4,2025-09-20 19:56:10,2025-09-20 19:57:18,68,0.02
397,L04,#27,GW252/13600,(3)待机状态,3,2025-09-20 19:40:57,2025-09-20 19:56:10,913,0.25
398,L04,#27,GW252/13600,(2)停机状态,2,2025-09-20 19:40:55,2025-09-20 19:40:57,2,0
399,L04,#27,GW252/13600,(1)停机过程,1,2025-09-20 19:40:23,2025-09-20 19:40:55,32,0.01
400,L04,#27,GW252/13600,(3)待机状态,3,2025-09-20 19:39:00,2025-09-20 19:40:23,83,0.02
401,L04,#27,GW252/13600,(2)停机状态,2,2025-09-20 19:38:59,2025-09-20 19:39:00,1,0
402,L04,#27,GW252/13600,(1)停机过程,1,2025-09-20 19:38:29,2025-09-20 19:38:59,30,0.01
403,L04,#27,GW252/13600,(3)待机状态,3,2025-09-20 19:38:07,2025-09-20 19:38:29,22,0.01
404,L04,#27,GW252/13600,(2)停机状态,2,2025-09-20 19:38:05,2025-09-20 19:38:07,2,0
405,L04,#27,GW252/13600,(1)停机过程,1,2025-09-20 19:37:35,2025-09-20 19:38:05,30,0.01
406,L04,#27,GW252/13600,(3)待机状态,3,2025-09-20 19:37:14,2025-09-20 19:37:35,21,0.01
407,L04,#27,GW252/13600,(2)停机状态,2,2025-09-20 19:37:12,2025-09-20 19:37:14,2,0
408,L04,#27,GW252/13600,(1)停机过程,1,2025-09-20 19:36:41,2025-09-20 19:37:12,31,0.01
409,L04,#27,GW252/13600,(3)待机状态,3,2025-09-20 19:36:19,2025-09-20 19:36:41,22,0.01
410,L04,#27,GW252/13600,(2)停机状态,2,2025-09-20 19:36:17,2025-09-20 19:36:19,2,0
411,L04,#27,GW252/13600,(1)停机过程,1,2025-09-20 19:35:48,2025-09-20 19:36:17,29,0.01
412,L04,#27,GW252/13600,(3)待机状态,3,2025-09-20 19:35:25,2025-09-20 19:35:48,23,0.01
413,L04,#27,GW252/13600,(1)停机过程,1,2025-09-20 19:34:53,2025-09-20 19:35:25,32,0.01
414,L04,#27,GW252/13600,(3)待机状态,3,2025-09-20 18:24:31,2025-09-20 19:34:53,4222,1.17
415,L04,#27,GW252/13600,(2)停机状态,2,2025-09-20 18:22:46,2025-09-20 18:24:31,105,0.03
416,L04,#27,GW252/13600,(1)停机过程,1,2025-09-20 18:21:51,2025-09-20 18:22:46,55,0.02
417,L04,#27,GW252/13600,(5)发电状态,5,2025-09-20 07:44:12,2025-09-20 18:21:51,38259,10.63
418,L04,#27,GW252/13600,(4)启机状态,4,2025-09-20 07:42:29,2025-09-20 07:44:12,103,0.03
419,L04,#27,GW252/13600,(3)待机状态,3,2025-09-20 07:09:50,2025-09-20 07:42:29,1959,0.54
420,L04,#27,GW252/13600,(2)停机状态,2,2025-09-20 07:09:45,2025-09-20 07:09:50,5,0
421,L04,#27,GW252/13600,(1)停机过程,1,2025-09-20 07:08:51,2025-09-20 07:09:45,54,0.02
422,L04,#27,GW252/13600,(5)发电状态,5,2025-09-20 00:08:27,2025-09-20 07:08:51,25224,7.01
423,L04,#27,GW252/13600,(4)启机状态,4,2025-09-20 00:06:33,2025-09-20 00:08:27,114,0.03
424,L04,#27,GW252/13600,(3)待机状态,3,2025-09-19 22:36:43,2025-09-20 00:06:33,5390,1.5
425,L04,#27,GW252/13600,(2)停机状态,2,2025-09-19 22:36:37,2025-09-19 22:36:43,6,0
426,L04,#27,GW252/13600,(1)停机过程,1,2025-09-19 22:35:41,2025-09-19 22:36:37,56,0.02
427,L04,#27,GW252/13600,(5)发电状态,5,2025-09-19 21:35:40,2025-09-19 22:35:41,3601,1
428,L04,#27,GW252/13600,(4)启机状态,4,2025-09-19 21:33:27,2025-09-19 21:35:40,133,0.04
429,L04,#27,GW252/13600,(3)待机状态,3,2025-09-19 19:30:11,2025-09-19 21:33:27,7396,2.05
430,L04,#27,GW252/13600,(1)停机过程,1,2025-09-19 19:29:16,2025-09-19 19:30:11,55,0.02
431,L04,#27,GW252/13600,(5)发电状态,5,2025-09-19 18:49:28,2025-09-19 19:29:16,2388,0.66
432,L04,#27,GW252/13600,(4)启机状态,4,2025-09-19 18:47:34,2025-09-19 18:49:28,114,0.03
433,L04,#27,GW252/13600,(3)待机状态,3,2025-09-19 09:47:51,2025-09-19 18:47:34,32383,9
434,L04,#27,GW252/13600,(2)停机状态,2,2025-09-19 09:17:15,2025-09-19 09:47:51,1836,0.51
435,L04,#27,GW252/13600,(1)停机过程,1,2025-09-19 09:16:19,2025-09-19 09:17:15,56,0.02
436,L04,#27,GW252/13600,(4)启机状态,4,2025-09-19 09:11:19,2025-09-19 09:16:19,300,0.08
437,L04,#27,GW252/13600,(3)待机状态,3,2025-09-19 09:04:54,2025-09-19 09:11:19,385,0.11
438,L04,#27,GW252/13600,(2)停机状态,2,2025-09-19 09:04:52,2025-09-19 09:04:54,2,0
439,L04,#27,GW252/13600,(1)停机过程,1,2025-09-19 09:04:21,2025-09-19 09:04:52,31,0.01
440,L04,#27,GW252/13600,(3)待机状态,3,2025-09-19 09:02:00,2025-09-19 09:04:21,141,0.04
441,L04,#27,GW252/13600,(2)停机状态,2,2025-09-19 09:01:58,2025-09-19 09:02:00,2,0
442,L04,#27,GW252/13600,(1)停机过程,1,2025-09-19 09:01:28,2025-09-19 09:01:58,30,0.01
443,L04,#27,GW252/13600,(3)待机状态,3,2025-09-19 09:01:06,2025-09-19 09:01:28,22,0.01
444,L04,#27,GW252/13600,(1)停机过程,1,2025-09-19 09:00:35,2025-09-19 09:01:06,31,0.01
445,L04,#27,GW252/13600,(3)待机状态,3,2025-09-19 08:30:32,2025-09-19 09:00:35,1803,0.5
446,L04,#27,GW252/13600,(2)停机状态,2,2025-09-19 08:28:01,2025-09-19 08:30:32,151,0.04
447,L04,#27,GW252/13600,(1)停机过程,1,2025-09-19 08:27:06,2025-09-19 08:28:01,55,0.02
448,L04,#27,GW252/13600,(4)启机状态,4,2025-09-19 08:22:06,2025-09-19 08:27:06,300,0.08
449,L04,#27,GW252/13600,(3)待机状态,3,2025-09-19 08:21:08,2025-09-19 08:22:06,58,0.02
450,L04,#27,GW252/13600,(2)停机状态,2,2025-09-19 08:21:06,2025-09-19 08:21:08,2,0
451,L04,#27,GW252/13600,(1)停机过程,1,2025-09-19 08:20:11,2025-09-19 08:21:06,55,0.02
452,L04,#27,GW252/13600,(4)启机状态,4,2025-09-19 08:15:11,2025-09-19 08:20:11,300,0.08
453,L04,#27,GW252/13600,(3)待机状态,3,2025-09-19 07:47:53,2025-09-19 08:15:11,1638,0.46
454,L04,#27,GW252/13600,(2)停机状态,2,2025-09-19 07:42:15,2025-09-19 07:47:53,338,0.09
455,L04,#27,GW252/13600,(1)停机过程,1,2025-09-19 07:41:21,2025-09-19 07:42:15,54,0.02
456,L04,#27,GW252/13600,(4)启机状态,4,2025-09-19 07:36:21,2025-09-19 07:41:21,300,0.08
457,L04,#27,GW252/13600,(3)待机状态,3,2025-09-19 07:35:18,2025-09-19 07:36:21,63,0.02
458,L04,#27,GW252/13600,(2)停机状态,2,2025-09-19 07:29:55,2025-09-19 07:35:18,323,0.09
459,L04,#27,GW252/13600,(1)停机过程,1,2025-09-19 07:28:59,2025-09-19 07:29:55,56,0.02
460,L04,#27,GW252/13600,(5)发电状态,5,2025-09-19 07:10:52,2025-09-19 07:28:59,1087,0.3
461,L04,#27,GW252/13600,(4)启机状态,4,2025-09-19 07:07:19,2025-09-19 07:10:52,213,0.06
462,L04,#27,GW252/13600,(3)待机状态,3,2025-09-19 07:05:33,2025-09-19 07:07:19,106,0.03
463,L04,#27,GW252/13600,(2)停机状态,2,2025-09-19 06:59:55,2025-09-19 07:05:33,338,0.09
464,L04,#27,GW252/13600,(1)停机过程,1,2025-09-19 06:59:00,2025-09-19 06:59:55,55,0.02
465,L04,#27,GW252/13600,(5)发电状态,5,2025-09-16 18:08:43,2025-09-19 06:59:00,219017,60.84
466,L04,#27,GW252/13600,(4)启机状态,4,2025-09-16 18:05:59,2025-09-16 18:08:43,164,0.05
467,L04,#27,GW252/13600,(3)待机状态,3,2025-09-16 17:47:29,2025-09-16 18:05:59,1110,0.31
468,L04,#27,GW252/13600,(2)停机状态,2,2025-09-16 17:47:28,2025-09-16 17:47:29,1,0
469,L04,#27,GW252/13600,(1)停机过程,1,2025-09-16 17:46:33,2025-09-16 17:47:28,55,0.02
470,L04,#27,GW252/13600,(4)启机状态,4,2025-09-16 17:41:33,2025-09-16 17:46:33,300,0.08
471,L04,#27,GW252/13600,(3)待机状态,3,2025-09-16 17:33:47,2025-09-16 17:41:33,466,0.13
472,L04,#27,GW252/13600,(2)停机状态,2,2025-09-16 17:32:41,2025-09-16 17:33:47,66,0.02
473,L04,#27,GW252/13600,(1)停机过程,1,2025-09-16 17:31:46,2025-09-16 17:32:41,55,0.02
474,L04,#27,GW252/13600,(5)发电状态,5,2025-09-16 17:09:15,2025-09-16 17:31:46,1351,0.38
475,L04,#27,GW252/13600,(4)启机状态,4,2025-09-16 17:05:33,2025-09-16 17:09:15,222,0.06
476,L04,#27,GW252/13600,(3)待机状态,3,2025-09-16 16:45:02,2025-09-16 17:05:33,1231,0.34
477,L04,#27,GW252/13600,(2)停机状态,2,2025-09-16 16:39:25,2025-09-16 16:45:02,337,0.09
478,L04,#27,GW252/13600,(1)停机过程,1,2025-09-16 16:38:30,2025-09-16 16:39:25,55,0.02
479,L04,#27,GW252/13600,(5)发电状态,5,2025-09-16 15:20:31,2025-09-16 16:38:30,4679,1.3
480,L04,#27,GW252/13600,(4)启机状态,4,2025-09-16 15:18:59,2025-09-16 15:20:31,92,0.03
481,L04,#27,GW252/13600,(3)待机状态,3,2025-09-16 14:23:59,2025-09-16 15:18:59,3300,0.92
482,L04,#27,GW252/13600,(2)停机状态,2,2025-09-16 14:18:23,2025-09-16 14:23:59,336,0.09
483,L04,#27,GW252/13600,(1)停机过程,1,2025-09-16 14:17:28,2025-09-16 14:18:23,55,0.02
484,L04,#27,GW252/13600,(5)发电状态,5,2025-09-15 14:22:15,2025-09-16 14:17:28,86113,23.92
485,L04,#27,GW252/13600,(4)启机状态,4,2025-09-15 14:20:15,2025-09-15 14:22:15,120,0.03
486,L04,#27,GW252/13600,(3)待机状态,3,2025-09-15 13:39:49,2025-09-15 14:20:15,2426,0.67
487,L04,#27,GW252/13600,(2)停机状态,2,2025-09-15 13:34:12,2025-09-15 13:39:49,337,0.09
488,L04,#27,GW252/13600,(1)停机过程,1,2025-09-15 13:33:17,2025-09-15 13:34:12,55,0.02
489,L04,#27,GW252/13600,(5)发电状态,5,2025-09-15 09:23:49,2025-09-15 13:33:17,14968,4.16
490,L04,#27,GW252/13600,(4)启机状态,4,2025-09-15 09:22:04,2025-09-15 09:23:49,105,0.03
491,L04,#27,GW252/13600,(3)待机状态,3,2025-09-15 02:30:03,2025-09-15 09:22:04,24721,6.87
492,L04,#27,GW252/13600,(2)停机状态,2,2025-09-15 02:27:51,2025-09-15 02:30:03,132,0.04
493,L04,#27,GW252/13600,(1)停机过程,1,2025-09-15 02:26:55,2025-09-15 02:27:51,56,0.02
494,L04,#27,GW252/13600,(5)发电状态,5,2025-09-15 02:13:18,2025-09-15 02:26:55,817,0.23
495,L04,#27,GW252/13600,(4)启机状态,4,2025-09-15 02:11:28,2025-09-15 02:13:18,110,0.03
496,L04,#27,GW252/13600,(3)待机状态,3,2025-09-15 00:19:39,2025-09-15 02:11:28,6709,1.86
497,L04,#27,GW252/13600,(2)停机状态,2,2025-09-14 23:43:00,2025-09-15 00:19:39,2199,0.61
498,L04,#27,GW252/13600,(1)停机过程,1,2025-09-14 23:42:05,2025-09-14 23:43:00,55,0.02
499,L04,#27,GW252/13600,(5)发电状态,5,2025-09-14 17:26:43,2025-09-14 23:42:05,22522,6.26
500,L04,#27,GW252/13600,(4)启机状态,4,2025-09-14 17:24:48,2025-09-14 17:26:43,115,0.03
501,L04,#27,GW252/13600,(3)待机状态,3,2025-09-14 13:06:51,2025-09-14 17:24:48,15477,4.3
502,L04,#27,GW252/13600,(2)停机状态,2,2025-09-14 13:05:22,2025-09-14 13:06:51,89,0.02
503,L04,#27,GW252/13600,(1)停机过程,1,2025-09-14 13:04:27,2025-09-14 13:05:22,55,0.02
504,L04,#27,GW252/13600,(5)发电状态,5,2025-09-14 06:34:14,2025-09-14 13:04:27,23413,6.5
505,L04,#27,GW252/13600,(4)启机状态,4,2025-09-14 06:31:59,2025-09-14 06:34:14,135,0.04
506,L04,#27,GW252/13600,(3)待机状态,3,2025-09-14 05:22:22,2025-09-14 06:31:59,4177,1.16
507,L04,#27,GW252/13600,(2)停机状态,2,2025-09-14 05:19:47,2025-09-14 05:22:22,155,0.04
508,L04,#27,GW252/13600,(1)停机过程,1,2025-09-14 05:18:51,2025-09-14 05:19:47,56,0.02
509,L04,#27,GW252/13600,(5)发电状态,5,2025-09-14 04:50:43,2025-09-14 05:18:51,1688,0.47
510,L04,#27,GW252/13600,(4)启机状态,4,2025-09-14 04:48:50,2025-09-14 04:50:43,113,0.03
511,L04,#27,GW252/13600,(3)待机状态,3,2025-09-14 04:05:08,2025-09-14 04:48:50,2622,0.73
512,L04,#27,GW252/13600,(2)停机状态,2,2025-09-14 04:02:10,2025-09-14 04:05:08,178,0.05
513,L04,#27,GW252/13600,(1)停机过程,1,2025-09-14 04:01:15,2025-09-14 04:02:10,55,0.02
514,L04,#27,GW252/13600,(5)发电状态,5,2025-09-13 16:21:22,2025-09-14 04:01:15,41993,11.66
515,L04,#27,GW252/13600,(4)启机状态,4,2025-09-13 16:19:24,2025-09-13 16:21:22,118,0.03
516,L04,#27,GW252/13600,(3)待机状态,3,2025-09-13 15:37:11,2025-09-13 16:19:24,2533,0.7
517,L04,#27,GW252/13600,(2)停机状态,2,2025-09-13 15:37:04,2025-09-13 15:37:11,7,0
518,L04,#27,GW252/13600,(1)停机过程,1,2025-09-13 15:36:09,2025-09-13 15:37:04,55,0.02
519,L04,#27,GW252/13600,(5)发电状态,5,2025-09-13 11:04:46,2025-09-13 15:36:09,16283,4.52
520,L04,#27,GW252/13600,(4)启机状态,4,2025-09-13 11:02:54,2025-09-13 11:04:46,112,0.03
521,L04,#27,GW252/13600,(3)待机状态,3,2025-09-13 10:38:16,2025-09-13 11:02:54,1478,0.41
522,L04,#27,GW252/13600,(2)停机状态,2,2025-09-13 10:37:18,2025-09-13 10:38:16,58,0.02
523,L04,#27,GW252/13600,(1)停机过程,1,2025-09-13 10:36:23,2025-09-13 10:37:18,55,0.02
524,L04,#27,GW252/13600,(5)发电状态,5,2025-09-13 03:02:52,2025-09-13 10:36:23,27211,7.56
525,L04,#27,GW252/13600,(4)启机状态,4,2025-09-13 03:01:05,2025-09-13 03:02:52,107,0.03
526,L04,#27,GW252/13600,(3)待机状态,3,2025-09-13 02:52:35,2025-09-13 03:01:05,510,0.14
527,L04,#27,GW252/13600,(2)停机状态,2,2025-09-13 02:50:00,2025-09-13 02:52:35,155,0.04
528,L04,#27,GW252/13600,(1)停机过程,1,2025-09-13 02:49:05,2025-09-13 02:50:00,55,0.02
529,L04,#27,GW252/13600,(5)发电状态,5,2025-09-12 13:51:51,2025-09-13 02:49:05,46634,12.95
530,L04,#27,GW252/13600,(4)启机状态,4,2025-09-12 13:49:46,2025-09-12 13:51:51,125,0.03
531,L04,#27,GW252/13600,(3)待机状态,3,2025-09-12 05:05:09,2025-09-12 13:49:46,31477,8.74
532,L04,#27,GW252/13600,(2)停机状态,2,2025-09-12 05:04:35,2025-09-12 05:05:09,34,0.01
533,L04,#27,GW252/13600,(1)停机过程,1,2025-09-12 05:03:39,2025-09-12 05:04:35,56,0.02
534,L04,#27,GW252/13600,(5)发电状态,5,2025-09-11 15:19:29,2025-09-12 05:03:39,49450,13.74
535,L04,#27,GW252/13600,(4)启机状态,4,2025-09-11 15:17:44,2025-09-11 15:19:29,105,0.03
536,L04,#27,GW252/13600,(3)待机状态,3,2025-09-11 07:37:56,2025-09-11 15:17:44,27588,7.66
537,L04,#27,GW252/13600,(2)停机状态,2,2025-09-11 07:37:06,2025-09-11 07:37:56,50,0.01
538,L04,#27,GW252/13600,(1)停机过程,1,2025-09-11 07:36:12,2025-09-11 07:37:06,54,0.02
539,L04,#27,GW252/13600,(5)发电状态,5,2025-09-11 06:25:45,2025-09-11 07:36:12,4227,1.17
540,L04,#27,GW252/13600,(4)启机状态,4,2025-09-11 06:22:16,2025-09-11 06:25:45,209,0.06
541,L04,#27,GW252/13600,(3)待机状态,3,2025-09-11 06:04:50,2025-09-11 06:22:16,1046,0.29
542,L04,#27,GW252/13600,(2)停机状态,2,2025-09-11 06:04:42,2025-09-11 06:04:50,8,0
543,L04,#27,GW252/13600,(1)停机过程,1,2025-09-11 06:03:48,2025-09-11 06:04:42,54,0.02
544,L04,#27,GW252/13600,(5)发电状态,5,2025-09-11 05:57:54,2025-09-11 06:03:48,354,0.1
545,L04,#27,GW252/13600,(4)启机状态,4,2025-09-11 05:55:50,2025-09-11 05:57:54,124,0.03
546,L04,#27,GW252/13600,(3)待机状态,3,2025-09-11 03:53:01,2025-09-11 05:55:50,7369,2.05
547,L04,#27,GW252/13600,(2)停机状态,2,2025-09-11 03:52:59,2025-09-11 03:53:01,2,0
548,L04,#27,GW252/13600,(1)停机过程,1,2025-09-11 03:52:04,2025-09-11 03:52:59,55,0.02
549,L04,#27,GW252/13600,(5)发电状态,5,2025-09-11 01:29:19,2025-09-11 03:52:04,8565,2.38
550,L04,#27,GW252/13600,(4)启机状态,4,2025-09-11 01:27:20,2025-09-11 01:29:19,119,0.03
551,L04,#27,GW252/13600,(3)待机状态,3,2025-09-10 20:26:03,2025-09-11 01:27:20,18077,5.02
552,L04,#27,GW252/13600,(2)停机状态,2,2025-09-10 20:20:26,2025-09-10 20:26:03,337,0.09
553,L04,#27,GW252/13600,(1)停机过程,1,2025-09-10 20:19:31,2025-09-10 20:20:26,55,0.02
554,L04,#27,GW252/13600,(5)发电状态,5,2025-09-10 19:46:17,2025-09-10 20:19:31,1994,0.55
555,L04,#27,GW252/13600,(4)启机状态,4,2025-09-10 19:45:14,2025-09-10 19:46:17,63,0.02
556,L04,#27,GW252/13600,(3)待机状态,3,2025-09-10 19:39:33,2025-09-10 19:45:14,341,0.09
557,L04,#27,GW252/13600,(2)停机状态,2,2025-09-10 19:02:52,2025-09-10 19:39:33,2201,0.61
558,L04,#27,GW252/13600,(1)停机过程,1,2025-09-10 19:01:56,2025-09-10 19:02:52,56,0.02
559,L04,#27,GW252/13600,(5)发电状态,5,2025-09-07 04:11:59,2025-09-10 19:01:56,312597,86.83
560,L04,#27,GW252/13600,(4)启机状态,4,2025-09-07 04:09:56,2025-09-07 04:11:59,123,0.03
561,L04,#27,GW252/13600,(3)待机状态,3,2025-09-06 20:18:44,2025-09-07 04:09:56,28272,7.85
562,L04,#27,GW252/13600,(2)停机状态,2,2025-09-06 20:15:44,2025-09-06 20:18:44,180,0.05
563,L04,#27,GW252/13600,(1)停机过程,1,2025-09-06 20:15:34,2025-09-06 20:15:44,10,0
564,L04,#27,GW252/13600,(9)维护状态,9,2025-09-06 19:32:29,2025-09-06 20:15:34,2585,0.72
565,L04,#27,GW252/13600,(2)停机状态,2,2025-09-06 19:31:15,2025-09-06 19:32:29,74,0.02
566,L04,#27,GW252/13600,(1)停机过程,1,2025-09-06 19:30:43,2025-09-06 19:31:15,32,0.01
567,L04,#27,GW252/13600,(3)待机状态,3,2025-09-06 13:14:54,2025-09-06 19:30:43,22549,6.26
568,L04,#27,GW252/13600,(2)停机状态,2,2025-09-06 13:14:52,2025-09-06 13:14:54,2,0
569,L04,#27,GW252/13600,(1)停机过程,1,2025-09-06 13:13:57,2025-09-06 13:14:52,55,0.02
570,L04,#27,GW252/13600,(5)发电状态,5,2025-09-06 11:22:53,2025-09-06 13:13:57,6664,1.85
571,L04,#27,GW252/13600,(4)启机状态,4,2025-09-06 11:20:59,2025-09-06 11:22:53,114,0.03
572,L04,#27,GW252/13600,(3)待机状态,3,2025-09-06 03:30:16,2025-09-06 11:20:59,28243,7.85
573,L04,#27,GW252/13600,(2)停机状态,2,2025-09-06 03:28:09,2025-09-06 03:30:16,127,0.04
574,L04,#27,GW252/13600,(1)停机过程,1,2025-09-06 03:27:13,2025-09-06 03:28:09,56,0.02
575,L04,#27,GW252/13600,(5)发电状态,5,2025-09-06 00:22:06,2025-09-06 03:27:13,11107,3.09
576,L04,#27,GW252/13600,(4)启机状态,4,2025-09-06 00:20:13,2025-09-06 00:22:06,113,0.03
577,L04,#27,GW252/13600,(3)待机状态,3,2025-09-06 00:12:51,2025-09-06 00:20:13,442,0.12
578,L04,#27,GW252/13600,(2)停机状态,2,2025-09-06 00:09:41,2025-09-06 00:12:51,190,0.05
579,L04,#27,GW252/13600,(1)停机过程,1,2025-09-06 00:08:45,2025-09-06 00:09:41,56,0.02
580,L04,#27,GW252/13600,(5)发电状态,5,2025-09-05 16:51:30,2025-09-06 00:08:45,26235,7.29
581,L04,#27,GW252/13600,(4)启机状态,4,2025-09-05 16:49:37,2025-09-05 16:51:30,113,0.03
582,L04,#27,GW252/13600,(3)待机状态,3,2025-09-05 15:34:05,2025-09-05 16:49:37,4532,1.26
583,L04,#27,GW252/13600,(2)停机状态,2,2025-09-05 15:28:18,2025-09-05 15:34:05,347,0.1
584,L04,#27,GW252/13600,(1)停机过程,1,2025-09-05 15:28:07,2025-09-05 15:28:18,11,0
585,L04,#27,GW252/13600,(9)维护状态,9,2025-09-05 15:23:18,2025-09-05 15:28:07,289,0.08
586,L04,#27,GW252/13600,(2)停机状态,2,2025-09-05 15:21:12,2025-09-05 15:23:18,126,0.04
587,L04,#27,GW252/13600,(0)初始化,0,2025-09-05 15:19:54,2025-09-05 15:21:12,78,0.02
588,L04,#27,GW252/13600,(2)停机状态,2,2025-09-05 15:14:44,2025-09-05 15:19:54,310,0.09
589,L04,#27,GW252/13600,(1)停机过程,1,2025-09-05 15:14:14,2025-09-05 15:14:44,30,0.01
590,L04,#27,GW252/13600,(3)待机状态,3,2025-09-05 03:10:26,2025-09-05 15:14:14,43428,12.06
591,L04,#27,GW252/13600,(2)停机状态,2,2025-09-05 03:09:42,2025-09-05 03:10:26,44,0.01
592,L04,#27,GW252/13600,(1)停机过程,1,2025-09-05 03:08:48,2025-09-05 03:09:42,54,0.02
593,L04,#27,GW252/13600,(5)发电状态,5,2025-09-04 18:14:29,2025-09-05 03:08:48,32059,8.91
594,L04,#27,GW252/13600,(4)启机状态,4,2025-09-04 18:12:23,2025-09-04 18:14:29,126,0.04
595,L04,#27,GW252/13600,(3)待机状态,3,2025-09-04 11:30:47,2025-09-04 18:12:23,24096,6.69
596,L04,#27,GW252/13600,(2)停机状态,2,2025-09-04 11:30:45,2025-09-04 11:30:47,2,0
597,L04,#27,GW252/13600,(1)停机过程,1,2025-09-04 11:29:49,2025-09-04 11:30:45,56,0.02
598,L04,#27,GW252/13600,(5)发电状态,5,2025-09-04 09:11:47,2025-09-04 11:29:49,8282,2.3
599,L04,#27,GW252/13600,(4)启机状态,4,2025-09-04 09:09:58,2025-09-04 09:11:47,109,0.03
600,L04,#27,GW252/13600,(3)待机状态,3,2025-09-04 03:37:40,2025-09-04 09:09:58,19938,5.54
601,L04,#27,GW252/13600,(2)停机状态,2,2025-09-04 03:34:08,2025-09-04 03:37:40,212,0.06
602,L04,#27,GW252/13600,(1)停机过程,1,2025-09-04 03:33:13,2025-09-04 03:34:08,55,0.02
603,L04,#27,GW252/13600,(5)发电状态,5,2025-09-03 20:22:23,2025-09-04 03:33:13,25850,7.18
604,L04,#27,GW252/13600,(4)启机状态,4,2025-09-03 20:20:35,2025-09-03 20:22:23,108,0.03
605,L04,#27,GW252/13600,(3)待机状态,3,2025-09-03 13:03:49,2025-09-03 20:20:35,26206,7.28
606,L04,#27,GW252/13600,(2)停机状态,2,2025-09-03 13:01:51,2025-09-03 13:03:49,118,0.03
607,L04,#27,GW252/13600,(1)停机过程,1,2025-09-03 13:00:57,2025-09-03 13:01:51,54,0.02
608,L04,#27,GW252/13600,(5)发电状态,5,2025-09-03 11:43:50,2025-09-03 13:00:57,4627,1.29
609,L04,#27,GW252/13600,(4)启机状态,4,2025-09-03 11:41:51,2025-09-03 11:43:50,119,0.03
610,L04,#27,GW252/13600,(3)待机状态,3,2025-09-03 06:22:11,2025-09-03 11:41:51,19180,5.33
611,L04,#27,GW252/13600,(2)停机状态,2,2025-09-03 06:16:34,2025-09-03 06:22:11,337,0.09
612,L04,#27,GW252/13600,(1)停机过程,1,2025-09-03 06:15:38,2025-09-03 06:16:34,56,0.02
613,L04,#27,GW252/13600,(5)发电状态,5,2025-09-02 16:31:27,2025-09-03 06:15:38,49451,13.74
614,L04,#27,GW252/13600,(4)启机状态,4,2025-09-02 16:28:24,2025-09-02 16:31:27,183,0.05
615,L04,#27,GW252/13600,(3)待机状态,3,2025-09-02 15:46:13,2025-09-02 16:28:24,2531,0.7
616,L04,#27,GW252/13600,(2)停机状态,2,2025-09-02 15:40:37,2025-09-02 15:46:13,336,0.09
617,L04,#27,GW252/13600,(1)停机过程,1,2025-09-02 15:39:42,2025-09-02 15:40:37,55,0.02
618,L04,#27,GW252/13600,(5)发电状态,5,2025-09-02 15:30:01,2025-09-02 15:39:42,581,0.16
619,L04,#27,GW252/13600,(4)启机状态,4,2025-09-02 15:27:27,2025-09-02 15:30:01,154,0.04
620,L04,#27,GW252/13600,(3)待机状态,3,2025-09-02 14:36:46,2025-09-02 15:27:27,3041,0.84
621,L04,#27,GW252/13600,(2)停机状态,2,2025-09-02 14:31:08,2025-09-02 14:36:46,338,0.09
622,L04,#27,GW252/13600,(1)停机过程,1,2025-09-02 14:30:14,2025-09-02 14:31:08,54,0.02
623,L04,#27,GW252/13600,(5)发电状态,5,2025-09-02 14:14:37,2025-09-02 14:30:14,937,0.26
624,L04,#27,GW252/13600,(4)启机状态,4,2025-09-02 14:12:00,2025-09-02 14:14:37,157,0.04
625,L04,#27,GW252/13600,(3)待机状态,3,2025-09-02 14:09:31,2025-09-02 14:12:00,149,0.04
626,L04,#27,GW252/13600,(2)停机状态,2,2025-09-02 14:09:30,2025-09-02 14:09:31,1,0
627,L04,#27,GW252/13600,(1)停机过程,1,2025-09-02 14:08:38,2025-09-02 14:09:30,52,0.01
628,L04,#27,GW252/13600,(5)发电状态,5,2025-09-02 12:37:33,2025-09-02 14:08:38,5465,1.52
629,L04,#27,GW252/13600,(4)启机状态,4,2025-09-02 12:35:56,2025-09-02 12:37:33,97,0.03
630,L04,#27,GW252/13600,(3)待机状态,3,2025-09-02 12:19:41,2025-09-02 12:35:56,975,0.27
631,L04,#27,GW252/13600,(2)停机状态,2,2025-09-02 12:15:48,2025-09-02 12:19:41,233,0.06
632,L04,#27,GW252/13600,(1)停机过程,1,2025-09-02 12:14:53,2025-09-02 12:15:48,55,0.02
633,L04,#27,GW252/13600,(5)发电状态,5,2025-09-02 11:51:36,2025-09-02 12:14:53,1397,0.39
634,L04,#27,GW252/13600,(4)启机状态,4,2025-09-02 11:49:49,2025-09-02 11:51:36,107,0.03
635,L04,#27,GW252/13600,(3)待机状态,3,2025-09-02 11:37:08,2025-09-02 11:49:49,761,0.21
636,L04,#27,GW252/13600,(2)停机状态,2,2025-09-02 11:31:30,2025-09-02 11:37:08,338,0.09
637,L04,#27,GW252/13600,(1)停机过程,1,2025-09-02 11:30:36,2025-09-02 11:31:30,54,0.02
638,L04,#27,GW252/13600,(5)发电状态,5,2025-09-02 11:26:04,2025-09-02 11:30:36,272,0.08
639,L04,#27,GW252/13600,(4)启机状态,4,2025-09-02 11:23:48,2025-09-02 11:26:04,136,0.04
640,L04,#27,GW252/13600,(3)待机状态,3,2025-09-02 10:36:43,2025-09-02 11:23:48,2825,0.78
641,L04,#27,GW252/13600,(2)停机状态,2,2025-09-02 10:36:13,2025-09-02 10:36:43,30,0.01
642,L04,#27,GW252/13600,(1)停机过程,1,2025-09-02 10:35:18,2025-09-02 10:36:13,55,0.02
643,L04,#27,GW252/13600,(5)发电状态,5,2025-09-02 09:55:02,2025-09-02 10:35:18,2416,0.67
644,L04,#27,GW252/13600,(4)启机状态,4,2025-09-02 09:52:38,2025-09-02 09:55:02,144,0.04
645,L04,#27,GW252/13600,(3)待机状态,3,2025-09-02 09:25:05,2025-09-02 09:52:38,1653,0.46
646,L04,#27,GW252/13600,(2)停机状态,2,2025-09-02 09:21:45,2025-09-02 09:25:05,200,0.06
647,L04,#27,GW252/13600,(1)停机过程,1,2025-09-02 09:20:50,2025-09-02 09:21:45,55,0.02
648,L04,#27,GW252/13600,(5)发电状态,5,2025-09-02 09:13:44,2025-09-02 09:20:50,426,0.12
649,L04,#27,GW252/13600,(4)启机状态,4,2025-09-02 09:11:04,2025-09-02 09:13:44,160,0.04
650,L04,#27,GW252/13600,(3)待机状态,3,2025-09-02 04:52:38,2025-09-02 09:11:04,15506,4.31
651,L04,#27,GW252/13600,(2)停机状态,2,2025-09-02 04:47:01,2025-09-02 04:52:38,337,0.09
652,L04,#27,GW252/13600,(1)停机过程,1,2025-09-02 04:46:06,2025-09-02 04:47:01,55,0.02
653,L04,#27,GW252/13600,(5)发电状态,5,2025-09-02 04:25:39,2025-09-02 04:46:06,1227,0.34
654,L04,#27,GW252/13600,(4)启机状态,4,2025-09-02 04:23:03,2025-09-02 04:25:39,156,0.04
655,L04,#27,GW252/13600,(3)待机状态,3,2025-09-02 03:42:36,2025-09-02 04:23:03,2427,0.67
656,L04,#27,GW252/13600,(2)停机状态,2,2025-09-02 03:38:58,2025-09-02 03:42:36,218,0.06
657,L04,#27,GW252/13600,(1)停机过程,1,2025-09-02 03:38:02,2025-09-02 03:38:58,56,0.02
658,L04,#27,GW252/13600,(5)发电状态,5,2025-09-01 06:33:59,2025-09-02 03:38:02,75843,21.07
659,L04,#27,GW252/13600,(4)启机状态,4,2025-09-01 06:31:38,2025-09-01 06:33:59,141,0.04
660,L04,#27,GW252/13600,(3)待机状态,3,2025-09-01 06:29:14,2025-09-01 06:31:38,144,0.04
661,L04,#27,GW252/13600,(2)停机状态,2,2025-09-01 05:52:34,2025-09-01 06:29:14,2200,0.61
662,L04,#27,GW252/13600,(1)停机过程,1,2025-09-01 05:51:38,2025-09-01 05:52:34,56,0.02
663,L04,#27,GW252/13600,(5)发电状态,5,2025-08-31 05:15:02,2025-09-01 05:51:38,88596,24.61
664,L04,#27,GW252/13600,(4)启机状态,4,2025-08-31 05:13:56,2025-08-31 05:15:02,66,0.02
665,L04,#27,GW252/13600,(3)待机状态,3,2025-08-31 05:13:12,2025-08-31 05:13:56,44,0.01
666,L04,#27,GW252/13600,(2)停机状态,2,2025-08-31 05:13:09,2025-08-31 05:13:12,3,0
667,L04,#27,GW252/13600,(1)停机过程,1,2025-08-31 05:12:59,2025-08-31 05:13:09,10,0
668,L04,#27,GW252/13600,(9)维护状态,9,2025-08-31 05:12:19,2025-08-31 05:12:59,40,0.01
669,L04,#27,GW252/13600,(2)停机状态,2,2025-08-31 05:07:27,2025-08-31 05:12:19,292,0.08
670,L04,#27,GW252/13600,(1)停机过程,1,2025-08-31 05:07:23,2025-08-31 05:07:27,4,0
671,L04,#27,GW252/13600,(9)维护状态,9,2025-08-31 05:03:41,2025-08-31 05:07:23,222,0.06
672,L04,#27,GW252/13600,(1)停机过程,1,2025-08-31 05:02:46,2025-08-31 05:03:41,55,0.02
673,L04,#27,GW252/13600,(5)发电状态,5,2025-08-27 19:45:20,2025-08-31 05:02:46,292646,81.29
674,L04,#27,GW252/13600,(4)启机状态,4,2025-08-27 19:43:38,2025-08-27 19:45:20,102,0.03
675,L04,#27,GW252/13600,(3)待机状态,3,2025-08-27 19:03:51,2025-08-27 19:43:38,2387,0.66
676,L04,#27,GW252/13600,(2)停机状态,2,2025-08-27 18:51:20,2025-08-27 19:03:51,751,0.21
677,L04,#27,GW252/13600,(1)停机过程,1,2025-08-27 18:50:48,2025-08-27 18:51:20,32,0.01
678,L04,#27,GW252/13600,(3)待机状态,3,2025-08-27 03:17:33,2025-08-27 18:50:48,55995,15.55
679,L04,#27,GW252/13600,(2)停机状态,2,2025-08-27 03:11:57,2025-08-27 03:17:33,336,0.09
680,L04,#27,GW252/13600,(1)停机过程,1,2025-08-27 03:11:02,2025-08-27 03:11:57,55,0.02
681,L04,#27,GW252/13600,(5)发电状态,5,2025-08-23 09:20:06,2025-08-27 03:11:02,323456,89.85
682,L04,#27,GW252/13600,(4)启机状态,4,2025-08-23 09:18:17,2025-08-23 09:20:06,109,0.03
683,L04,#27,GW252/13600,(3)待机状态,3,2025-08-23 06:08:14,2025-08-23 09:18:17,11403,3.17
684,L04,#27,GW252/13600,(2)停机状态,2,2025-08-23 06:08:11,2025-08-23 06:08:14,3,0
685,L04,#27,GW252/13600,(1)停机过程,1,2025-08-23 06:08:01,2025-08-23 06:08:11,10,0
686,L04,#27,GW252/13600,(9)维护状态,9,2025-08-23 06:07:28,2025-08-23 06:08:01,33,0.01
687,L04,#27,GW252/13600,(2)停机状态,2,2025-08-23 06:05:41,2025-08-23 06:07:28,107,0.03
688,L04,#27,GW252/13600,(1)停机过程,1,2025-08-23 06:05:37,2025-08-23 06:05:41,4,0
689,L04,#27,GW252/13600,(9)维护状态,9,2025-08-23 06:01:51,2025-08-23 06:05:37,226,0.06
690,L04,#27,GW252/13600,(1)停机过程,1,2025-08-23 06:01:18,2025-08-23 06:01:51,33,0.01
691,L04,#27,GW252/13600,(3)待机状态,3,2025-08-23 03:25:14,2025-08-23 06:01:18,9364,2.6
692,L04,#27,GW252/13600,(2)停机状态,2,2025-08-23 03:25:13,2025-08-23 03:25:14,1,0
693,L04,#27,GW252/13600,(1)停机过程,1,2025-08-23 03:24:40,2025-08-23 03:25:13,33,0.01
694,L04,#27,GW252/13600,(4)启机状态,4,2025-08-23 03:19:40,2025-08-23 03:24:40,300,0.08
695,L04,#27,GW252/13600,(3)待机状态,3,2025-08-23 00:12:35,2025-08-23 03:19:40,11225,3.12
696,L04,#27,GW252/13600,(2)停机状态,2,2025-08-23 00:07:21,2025-08-23 00:12:35,314,0.09
697,L04,#27,GW252/13600,(1)停机过程,1,2025-08-23 00:06:50,2025-08-23 00:07:21,31,0.01
698,L04,#27,GW252/13600,(4)启机状态,4,2025-08-23 00:01:50,2025-08-23 00:06:50,300,0.08
699,L04,#27,GW252/13600,(3)待机状态,3,2025-08-22 22:51:14,2025-08-23 00:01:50,4236,1.18
700,L04,#27,GW252/13600,(2)停机状态,2,2025-08-22 22:50:26,2025-08-22 22:51:14,48,0.01
701,L04,#27,GW252/13600,(1)停机过程,1,2025-08-22 22:49:56,2025-08-22 22:50:26,30,0.01
702,L04,#27,GW252/13600,(4)启机状态,4,2025-08-22 22:44:55,2025-08-22 22:49:56,301,0.08
703,L04,#27,GW252/13600,(3)待机状态,3,2025-08-22 22:36:40,2025-08-22 22:44:55,495,0.14
704,L04,#27,GW252/13600,(1)停机过程,1,2025-08-22 22:36:08,2025-08-22 22:36:40,32,0.01
705,L04,#27,GW252/13600,(4)启机状态,4,2025-08-22 22:31:08,2025-08-22 22:36:08,300,0.08
706,L04,#27,GW252/13600,(3)待机状态,3,2025-08-22 22:28:55,2025-08-22 22:31:08,133,0.04
707,L04,#27,GW252/13600,(2)停机状态,2,2025-08-22 22:27:52,2025-08-22 22:28:55,63,0.02
708,L04,#27,GW252/13600,(1)停机过程,1,2025-08-22 22:27:20,2025-08-22 22:27:52,32,0.01
709,L04,#27,GW252/13600,(4)启机状态,4,2025-08-22 22:22:20,2025-08-22 22:27:20,300,0.08
710,L04,#27,GW252/13600,(3)待机状态,3,2025-08-22 22:20:47,2025-08-22 22:22:20,93,0.03
711,L04,#27,GW252/13600,(1)停机过程,1,2025-08-22 22:19:53,2025-08-22 22:20:47,54,0.02
712,L04,#27,GW252/13600,(5)发电状态,5,2025-08-22 19:27:40,2025-08-22 22:19:53,10333,2.87
713,L04,#27,GW252/13600,(4)启机状态,4,2025-08-22 19:24:58,2025-08-22 19:27:40,162,0.05
714,L04,#27,GW252/13600,(3)待机状态,3,2025-08-22 19:24:01,2025-08-22 19:24:58,57,0.02
715,L04,#27,GW252/13600,(2)停机状态,2,2025-08-22 19:24:00,2025-08-22 19:24:01,1,0
716,L04,#27,GW252/13600,(1)停机过程,1,2025-08-22 19:23:07,2025-08-22 19:24:00,53,0.01
717,L04,#27,GW252/13600,(4)启机状态,4,2025-08-22 19:18:07,2025-08-22 19:23:07,300,0.08
718,L04,#27,GW252/13600,(3)待机状态,3,2025-08-22 19:17:02,2025-08-22 19:18:07,65,0.02
719,L04,#27,GW252/13600,(2)停机状态,2,2025-08-22 19:17:00,2025-08-22 19:17:02,2,0
720,L04,#27,GW252/13600,(1)停机过程,1,2025-08-22 19:16:28,2025-08-22 19:17:00,32,0.01
721,L04,#27,GW252/13600,(4)启机状态,4,2025-08-22 19:11:27,2025-08-22 19:16:28,301,0.08
722,L04,#27,GW252/13600,(3)待机状态,3,2025-08-22 19:10:26,2025-08-22 19:11:27,61,0.02
723,L04,#27,GW252/13600,(2)停机状态,2,2025-08-22 19:10:25,2025-08-22 19:10:26,1,0
724,L04,#27,GW252/13600,(1)停机过程,1,2025-08-22 19:09:53,2025-08-22 19:10:25,32,0.01
725,L04,#27,GW252/13600,(4)启机状态,4,2025-08-22 19:04:53,2025-08-22 19:09:53,300,0.08
726,L04,#27,GW252/13600,(3)待机状态,3,2025-08-22 19:03:29,2025-08-22 19:04:53,84,0.02
727,L04,#27,GW252/13600,(2)停机状态,2,2025-08-22 19:03:27,2025-08-22 19:03:29,2,0
728,L04,#27,GW252/13600,(1)停机过程,1,2025-08-22 19:02:55,2025-08-22 19:03:27,32,0.01
729,L04,#27,GW252/13600,(4)启机状态,4,2025-08-22 18:57:55,2025-08-22 19:02:55,300,0.08
730,L04,#27,GW252/13600,(3)待机状态,3,2025-08-22 18:56:52,2025-08-22 18:57:55,63,0.02
731,L04,#27,GW252/13600,(2)停机状态,2,2025-08-22 18:56:51,2025-08-22 18:56:52,1,0
732,L04,#27,GW252/13600,(1)停机过程,1,2025-08-22 18:56:19,2025-08-22 18:56:51,32,0.01
733,L04,#27,GW252/13600,(4)启机状态,4,2025-08-22 18:51:19,2025-08-22 18:56:19,300,0.08
734,L04,#27,GW252/13600,(3)待机状态,3,2025-08-22 18:50:13,2025-08-22 18:51:19,66,0.02
735,L04,#27,GW252/13600,(2)停机状态,2,2025-08-22 18:50:12,2025-08-22 18:50:13,1,0
736,L04,#27,GW252/13600,(1)停机过程,1,2025-08-22 18:49:19,2025-08-22 18:50:12,53,0.01
737,L04,#27,GW252/13600,(4)启机状态,4,2025-08-22 18:44:18,2025-08-22 18:49:19,301,0.08
738,L04,#27,GW252/13600,(3)待机状态,3,2025-08-22 18:43:09,2025-08-22 18:44:18,69,0.02
739,L04,#27,GW252/13600,(1)停机过程,1,2025-08-22 18:42:37,2025-08-22 18:43:09,32,0.01
740,L04,#27,GW252/13600,(4)启机状态,4,2025-08-22 18:37:37,2025-08-22 18:42:37,300,0.08
741,L04,#27,GW252/13600,(3)待机状态,3,2025-08-22 18:36:27,2025-08-22 18:37:37,70,0.02
742,L04,#27,GW252/13600,(2)停机状态,2,2025-08-22 18:36:26,2025-08-22 18:36:27,1,0
743,L04,#27,GW252/13600,(1)停机过程,1,2025-08-22 18:35:54,2025-08-22 18:36:26,32,0.01
744,L04,#27,GW252/13600,(4)启机状态,4,2025-08-22 18:30:54,2025-08-22 18:35:54,300,0.08
745,L04,#27,GW252/13600,(3)待机状态,3,2025-08-22 18:29:49,2025-08-22 18:30:54,65,0.02
746,L04,#27,GW252/13600,(2)停机状态,2,2025-08-22 18:29:47,2025-08-22 18:29:49,2,0
747,L04,#27,GW252/13600,(1)停机过程,1,2025-08-22 18:29:16,2025-08-22 18:29:47,31,0.01
748,L04,#27,GW252/13600,(4)启机状态,4,2025-08-22 18:24:17,2025-08-22 18:29:16,299,0.08
749,L04,#27,GW252/13600,(3)待机状态,3,2025-08-22 18:23:09,2025-08-22 18:24:17,68,0.02
750,L04,#27,GW252/13600,(2)停机状态,2,2025-08-22 18:23:08,2025-08-22 18:23:09,1,0
751,L04,#27,GW252/13600,(1)停机过程,1,2025-08-22 18:22:37,2025-08-22 18:23:08,31,0.01
752,L04,#27,GW252/13600,(4)启机状态,4,2025-08-22 18:17:37,2025-08-22 18:22:37,300,0.08
753,L04,#27,GW252/13600,(3)待机状态,3,2025-08-22 18:16:06,2025-08-22 18:17:37,91,0.03
754,L04,#27,GW252/13600,(2)停机状态,2,2025-08-22 18:16:05,2025-08-22 18:16:06,1,0
755,L04,#27,GW252/13600,(1)停机过程,1,2025-08-22 18:15:33,2025-08-22 18:16:05,32,0.01
756,L04,#27,GW252/13600,(4)启机状态,4,2025-08-22 18:10:33,2025-08-22 18:15:33,300,0.08
757,L04,#27,GW252/13600,(3)待机状态,3,2025-08-22 18:09:30,2025-08-22 18:10:33,63,0.02
758,L04,#27,GW252/13600,(2)停机状态,2,2025-08-22 18:09:29,2025-08-22 18:09:30,1,0
759,L04,#27,GW252/13600,(1)停机过程,1,2025-08-22 18:08:58,2025-08-22 18:09:29,31,0.01
760,L04,#27,GW252/13600,(4)启机状态,4,2025-08-22 18:03:57,2025-08-22 18:08:58,301,0.08
761,L04,#27,GW252/13600,(3)待机状态,3,2025-08-22 18:02:52,2025-08-22 18:03:57,65,0.02
762,L04,#27,GW252/13600,(2)停机状态,2,2025-08-22 18:02:51,2025-08-22 18:02:52,1,0
763,L04,#27,GW252/13600,(1)停机过程,1,2025-08-22 18:02:19,2025-08-22 18:02:51,32,0.01
764,L04,#27,GW252/13600,(4)启机状态,4,2025-08-22 17:57:19,2025-08-22 18:02:19,300,0.08
765,L04,#27,GW252/13600,(3)待机状态,3,2025-08-22 17:56:16,2025-08-22 17:57:19,63,0.02
766,L04,#27,GW252/13600,(2)停机状态,2,2025-08-22 17:56:14,2025-08-22 17:56:16,2,0
767,L04,#27,GW252/13600,(1)停机过程,1,2025-08-22 17:55:42,2025-08-22 17:56:14,32,0.01
768,L04,#27,GW252/13600,(4)启机状态,4,2025-08-22 17:50:42,2025-08-22 17:55:42,300,0.08
769,L04,#27,GW252/13600,(3)待机状态,3,2025-08-22 17:49:30,2025-08-22 17:50:42,72,0.02
770,L04,#27,GW252/13600,(2)停机状态,2,2025-08-22 17:49:28,2025-08-22 17:49:30,2,0
771,L04,#27,GW252/13600,(1)停机过程,1,2025-08-22 17:48:56,2025-08-22 17:49:28,32,0.01
772,L04,#27,GW252/13600,(4)启机状态,4,2025-08-22 17:43:56,2025-08-22 17:48:56,300,0.08
773,L04,#27,GW252/13600,(3)待机状态,3,2025-08-22 17:42:33,2025-08-22 17:43:56,83,0.02
774,L04,#27,GW252/13600,(2)停机状态,2,2025-08-22 17:42:32,2025-08-22 17:42:33,1,0
775,L04,#27,GW252/13600,(1)停机过程,1,2025-08-22 17:42:01,2025-08-22 17:42:32,31,0.01
776,L04,#27,GW252/13600,(4)启机状态,4,2025-08-22 17:37:01,2025-08-22 17:42:01,300,0.08
777,L04,#27,GW252/13600,(3)待机状态,3,2025-08-22 17:29:34,2025-08-22 17:37:01,447,0.12
778,L04,#27,GW252/13600,(2)停机状态,2,2025-08-22 16:52:55,2025-08-22 17:29:34,2199,0.61
779,L04,#27,GW252/13600,(1)停机过程,1,2025-08-22 16:52:25,2025-08-22 16:52:55,30,0.01
780,L04,#27,GW252/13600,(4)启机状态,4,2025-08-22 16:47:25,2025-08-22 16:52:25,300,0.08
781,L04,#27,GW252/13600,(3)待机状态,3,2025-08-22 09:02:39,2025-08-22 16:47:25,27886,7.75
782,L04,#27,GW252/13600,(2)停机状态,2,2025-08-22 09:01:28,2025-08-22 09:02:39,71,0.02
783,L04,#27,GW252/13600,(1)停机过程,1,2025-08-22 09:00:56,2025-08-22 09:01:28,32,0.01
784,L04,#27,GW252/13600,(4)启机状态,4,2025-08-22 08:55:56,2025-08-22 09:00:56,300,0.08
785,L04,#27,GW252/13600,(3)待机状态,3,2025-08-22 08:52:24,2025-08-22 08:55:56,212,0.06
786,L04,#27,GW252/13600,(2)停机状态,2,2025-08-22 08:52:22,2025-08-22 08:52:24,2,0
787,L04,#27,GW252/13600,(1)停机过程,1,2025-08-22 08:51:51,2025-08-22 08:52:22,31,0.01
788,L04,#27,GW252/13600,(4)启机状态,4,2025-08-22 08:46:51,2025-08-22 08:51:51,300,0.08
789,L04,#27,GW252/13600,(3)待机状态,3,2025-08-22 08:45:38,2025-08-22 08:46:51,73,0.02
790,L04,#27,GW252/13600,(2)停机状态,2,2025-08-22 08:45:37,2025-08-22 08:45:38,1,0
791,L04,#27,GW252/13600,(1)停机过程,1,2025-08-22 08:45:06,2025-08-22 08:45:37,31,0.01
792,L04,#27,GW252/13600,(4)启机状态,4,2025-08-22 08:40:06,2025-08-22 08:45:06,300,0.08
793,L04,#27,GW252/13600,(3)待机状态,3,2025-08-22 08:38:32,2025-08-22 08:40:06,94,0.03
794,L04,#27,GW252/13600,(2)停机状态,2,2025-08-22 08:38:29,2025-08-22 08:38:32,3,0
795,L04,#27,GW252/13600,(1)停机过程,1,2025-08-22 08:37:58,2025-08-22 08:38:29,31,0.01
796,L04,#27,GW252/13600,(4)启机状态,4,2025-08-22 08:32:58,2025-08-22 08:37:58,300,0.08
797,L04,#27,GW252/13600,(3)待机状态,3,2025-08-22 08:30:28,2025-08-22 08:32:58,150,0.04
798,L04,#27,GW252/13600,(2)停机状态,2,2025-08-22 08:30:03,2025-08-22 08:30:28,25,0.01
799,L04,#27,GW252/13600,(1)停机过程,1,2025-08-22 08:29:30,2025-08-22 08:30:03,33,0.01
800,L04,#27,GW252/13600,(4)启机状态,4,2025-08-22 08:24:30,2025-08-22 08:29:30,300,0.08
801,L04,#27,GW252/13600,(3)待机状态,3,2025-08-22 08:20:17,2025-08-22 08:24:30,253,0.07
802,L04,#27,GW252/13600,(2)停机状态,2,2025-08-22 08:20:16,2025-08-22 08:20:17,1,0
803,L04,#27,GW252/13600,(1)停机过程,1,2025-08-22 08:19:44,2025-08-22 08:20:16,32,0.01
804,L04,#27,GW252/13600,(4)启机状态,4,2025-08-22 08:14:44,2025-08-22 08:19:44,300,0.08
805,L04,#27,GW252/13600,(3)待机状态,3,2025-08-22 08:13:36,2025-08-22 08:14:44,68,0.02
806,L04,#27,GW252/13600,(2)停机状态,2,2025-08-22 08:13:34,2025-08-22 08:13:36,2,0
807,L04,#27,GW252/13600,(1)停机过程,1,2025-08-22 08:13:04,2025-08-22 08:13:34,30,0.01
808,L04,#27,GW252/13600,(4)启机状态,4,2025-08-22 08:08:03,2025-08-22 08:13:04,301,0.08
809,L04,#27,GW252/13600,(3)待机状态,3,2025-08-22 08:07:05,2025-08-22 08:08:03,58,0.02
810,L04,#27,GW252/13600,(1)停机过程,1,2025-08-22 08:06:11,2025-08-22 08:07:05,54,0.02
811,L04,#27,GW252/13600,(4)启机状态,4,2025-08-22 08:01:12,2025-08-22 08:06:11,299,0.08
812,L04,#27,GW252/13600,(3)待机状态,3,2025-08-22 08:00:09,2025-08-22 08:01:12,63,0.02
813,L04,#27,GW252/13600,(2)停机状态,2,2025-08-22 08:00:07,2025-08-22 08:00:09,2,0
814,L04,#27,GW252/13600,(1)停机过程,1,2025-08-22 07:59:35,2025-08-22 08:00:07,32,0.01
815,L04,#27,GW252/13600,(4)启机状态,4,2025-08-22 07:54:35,2025-08-22 07:59:35,300,0.08
816,L04,#27,GW252/13600,(3)待机状态,3,2025-08-22 07:53:30,2025-08-22 07:54:35,65,0.02
817,L04,#27,GW252/13600,(1)停机过程,1,2025-08-22 07:52:58,2025-08-22 07:53:30,32,0.01
818,L04,#27,GW252/13600,(4)启机状态,4,2025-08-22 07:47:59,2025-08-22 07:52:58,299,0.08
819,L04,#27,GW252/13600,(3)待机状态,3,2025-08-22 07:44:30,2025-08-22 07:47:59,209,0.06
820,L04,#27,GW252/13600,(2)停机状态,2,2025-08-22 07:44:28,2025-08-22 07:44:30,2,0
821,L04,#27,GW252/13600,(1)停机过程,1,2025-08-22 07:43:58,2025-08-22 07:44:28,30,0.01
822,L04,#27,GW252/13600,(4)启机状态,4,2025-08-22 07:38:57,2025-08-22 07:43:58,301,0.08
823,L04,#27,GW252/13600,(3)待机状态,3,2025-08-22 07:37:30,2025-08-22 07:38:57,87,0.02
824,L04,#27,GW252/13600,(2)停机状态,2,2025-08-22 07:37:28,2025-08-22 07:37:30,2,0
825,L04,#27,GW252/13600,(1)停机过程,1,2025-08-22 07:36:57,2025-08-22 07:37:28,31,0.01
826,L04,#27,GW252/13600,(4)启机状态,4,2025-08-22 07:31:57,2025-08-22 07:36:57,300,0.08
827,L04,#27,GW252/13600,(3)待机状态,3,2025-08-22 07:30:29,2025-08-22 07:31:57,88,0.02
828,L04,#27,GW252/13600,(2)停机状态,2,2025-08-22 07:30:27,2025-08-22 07:30:29,2,0
829,L04,#27,GW252/13600,(1)停机过程,1,2025-08-22 07:29:56,2025-08-22 07:30:27,31,0.01
830,L04,#27,GW252/13600,(4)启机状态,4,2025-08-22 07:24:56,2025-08-22 07:29:56,300,0.08
831,L04,#27,GW252/13600,(3)待机状态,3,2025-08-22 07:23:26,2025-08-22 07:24:56,90,0.03
832,L04,#27,GW252/13600,(2)停机状态,2,2025-08-22 07:23:25,2025-08-22 07:23:26,1,0
833,L04,#27,GW252/13600,(1)停机过程,1,2025-08-22 07:22:52,2025-08-22 07:23:25,33,0.01
834,L04,#27,GW252/13600,(4)启机状态,4,2025-08-22 07:17:52,2025-08-22 07:22:52,300,0.08
835,L04,#27,GW252/13600,(3)待机状态,3,2025-08-22 07:16:24,2025-08-22 07:17:52,88,0.02
836,L04,#27,GW252/13600,(2)停机状态,2,2025-08-22 07:16:22,2025-08-22 07:16:24,2,0
837,L04,#27,GW252/13600,(1)停机过程,1,2025-08-22 07:15:50,2025-08-22 07:16:22,32,0.01
838,L04,#27,GW252/13600,(4)启机状态,4,2025-08-22 07:10:50,2025-08-22 07:15:50,300,0.08
839,L04,#27,GW252/13600,(3)待机状态,3,2025-08-22 07:09:13,2025-08-22 07:10:50,97,0.03
840,L04,#27,GW252/13600,(1)停机过程,1,2025-08-22 07:08:39,2025-08-22 07:09:13,34,0.01
841,L04,#27,GW252/13600,(4)启机状态,4,2025-08-22 07:03:39,2025-08-22 07:08:39,300,0.08
842,L04,#27,GW252/13600,(3)待机状态,3,2025-08-22 07:02:33,2025-08-22 07:03:39,66,0.02
843,L04,#27,GW252/13600,(2)停机状态,2,2025-08-22 07:02:31,2025-08-22 07:02:33,2,0
844,L04,#27,GW252/13600,(1)停机过程,1,2025-08-22 07:02:01,2025-08-22 07:02:31,30,0.01
845,L04,#27,GW252/13600,(4)启机状态,4,2025-08-22 06:57:01,2025-08-22 07:02:01,300,0.08
846,L04,#27,GW252/13600,(3)待机状态,3,2025-08-22 06:56:00,2025-08-22 06:57:01,61,0.02
847,L04,#27,GW252/13600,(2)停机状态,2,2025-08-22 06:55:59,2025-08-22 06:56:00,1,0
848,L04,#27,GW252/13600,(1)停机过程,1,2025-08-22 06:55:27,2025-08-22 06:55:59,32,0.01
849,L04,#27,GW252/13600,(4)启机状态,4,2025-08-22 06:50:26,2025-08-22 06:55:27,301,0.08
850,L04,#27,GW252/13600,(3)待机状态,3,2025-08-22 06:49:17,2025-08-22 06:50:26,69,0.02
851,L04,#27,GW252/13600,(2)停机状态,2,2025-08-22 06:49:16,2025-08-22 06:49:17,1,0
852,L04,#27,GW252/13600,(1)停机过程,1,2025-08-22 06:48:45,2025-08-22 06:49:16,31,0.01
853,L04,#27,GW252/13600,(4)启机状态,4,2025-08-22 06:43:45,2025-08-22 06:48:45,300,0.08
854,L04,#27,GW252/13600,(3)待机状态,3,2025-08-22 06:42:30,2025-08-22 06:43:45,75,0.02
855,L04,#27,GW252/13600,(2)停机状态,2,2025-08-22 06:42:28,2025-08-22 06:42:30,2,0
856,L04,#27,GW252/13600,(1)停机过程,1,2025-08-22 06:41:56,2025-08-22 06:42:28,32,0.01
857,L04,#27,GW252/13600,(4)启机状态,4,2025-08-22 06:36:56,2025-08-22 06:41:56,300,0.08
858,L04,#27,GW252/13600,(3)待机状态,3,2025-08-22 06:35:42,2025-08-22 06:36:56,74,0.02
859,L04,#27,GW252/13600,(1)停机过程,1,2025-08-22 06:35:11,2025-08-22 06:35:42,31,0.01
860,L04,#27,GW252/13600,(4)启机状态,4,2025-08-22 06:30:11,2025-08-22 06:35:11,300,0.08
861,L04,#27,GW252/13600,(3)待机状态,3,2025-08-22 06:29:03,2025-08-22 06:30:11,68,0.02
862,L04,#27,GW252/13600,(2)停机状态,2,2025-08-22 06:29:02,2025-08-22 06:29:03,1,0
863,L04,#27,GW252/13600,(1)停机过程,1,2025-08-22 06:28:30,2025-08-22 06:29:02,32,0.01
864,L04,#27,GW252/13600,(4)启机状态,4,2025-08-22 06:23:30,2025-08-22 06:28:30,300,0.08
865,L04,#27,GW252/13600,(3)待机状态,3,2025-08-22 06:22:15,2025-08-22 06:23:30,75,0.02
866,L04,#27,GW252/13600,(1)停机过程,1,2025-08-22 06:21:44,2025-08-22 06:22:15,31,0.01
867,L04,#27,GW252/13600,(4)启机状态,4,2025-08-22 06:16:44,2025-08-22 06:21:44,300,0.08
868,L04,#27,GW252/13600,(3)待机状态,3,2025-08-22 06:15:42,2025-08-22 06:16:44,62,0.02
869,L04,#27,GW252/13600,(2)停机状态,2,2025-08-22 06:15:40,2025-08-22 06:15:42,2,0
870,L04,#27,GW252/13600,(1)停机过程,1,2025-08-22 06:15:08,2025-08-22 06:15:40,32,0.01
871,L04,#27,GW252/13600,(4)启机状态,4,2025-08-22 06:10:09,2025-08-22 06:15:08,299,0.08
872,L04,#27,GW252/13600,(3)待机状态,3,2025-08-22 06:09:01,2025-08-22 06:10:09,68,0.02
873,L04,#27,GW252/13600,(2)停机状态,2,2025-08-22 06:08:59,2025-08-22 06:09:01,2,0
874,L04,#27,GW252/13600,(1)停机过程,1,2025-08-22 06:08:29,2025-08-22 06:08:59,30,0.01
875,L04,#27,GW252/13600,(4)启机状态,4,2025-08-22 06:03:29,2025-08-22 06:08:29,300,0.08
876,L04,#27,GW252/13600,(3)待机状态,3,2025-08-22 06:02:26,2025-08-22 06:03:29,63,0.02
877,L04,#27,GW252/13600,(2)停机状态,2,2025-08-22 06:02:25,2025-08-22 06:02:26,1,0
878,L04,#27,GW252/13600,(1)停机过程,1,2025-08-22 06:01:52,2025-08-22 06:02:25,33,0.01
879,L04,#27,GW252/13600,(4)启机状态,4,2025-08-22 05:56:53,2025-08-22 06:01:52,299,0.08
880,L04,#27,GW252/13600,(3)待机状态,3,2025-08-22 05:55:50,2025-08-22 05:56:53,63,0.02
881,L04,#27,GW252/13600,(2)停机状态,2,2025-08-22 05:55:49,2025-08-22 05:55:50,1,0
882,L04,#27,GW252/13600,(1)停机过程,1,2025-08-22 05:55:18,2025-08-22 05:55:49,31,0.01
883,L04,#27,GW252/13600,(4)启机状态,4,2025-08-22 05:50:18,2025-08-22 05:55:18,300,0.08
884,L04,#27,GW252/13600,(3)待机状态,3,2025-08-22 05:49:08,2025-08-22 05:50:18,70,0.02
885,L04,#27,GW252/13600,(2)停机状态,2,2025-08-22 05:49:06,2025-08-22 05:49:08,2,0
886,L04,#27,GW252/13600,(1)停机过程,1,2025-08-22 05:48:34,2025-08-22 05:49:06,32,0.01
887,L04,#27,GW252/13600,(4)启机状态,4,2025-08-22 05:43:35,2025-08-22 05:48:34,299,0.08
888,L04,#27,GW252/13600,(3)待机状态,3,2025-08-22 05:38:50,2025-08-22 05:43:35,285,0.08
889,L04,#27,GW252/13600,(2)停机状态,2,2025-08-22 05:38:49,2025-08-22 05:38:50,1,0
890,L04,#27,GW252/13600,(1)停机过程,1,2025-08-22 05:38:18,2025-08-22 05:38:49,31,0.01
891,L04,#27,GW252/13600,(4)启机状态,4,2025-08-22 05:33:18,2025-08-22 05:38:18,300,0.08
892,L04,#27,GW252/13600,(3)待机状态,3,2025-08-22 05:28:38,2025-08-22 05:33:18,280,0.08
893,L04,#27,GW252/13600,(2)停机状态,2,2025-08-22 05:28:32,2025-08-22 05:28:38,6,0
894,L04,#27,GW252/13600,(1)停机过程,1,2025-08-22 05:27:39,2025-08-22 05:28:32,53,0.01
895,L04,#27,GW252/13600,(5)发电状态,5,2025-08-21 19:24:05,2025-08-22 05:27:39,36214,10.06
896,L04,#27,GW252/13600,(4)启机状态,4,2025-08-21 19:20:07,2025-08-21 19:24:05,238,0.07
897,L04,#27,GW252/13600,(3)待机状态,3,2025-08-21 19:19:09,2025-08-21 19:20:07,58,0.02
898,L04,#27,GW252/13600,(2)停机状态,2,2025-08-21 19:19:07,2025-08-21 19:19:09,2,0
899,L04,#27,GW252/13600,(1)停机过程,1,2025-08-21 19:18:36,2025-08-21 19:19:07,31,0.01
900,L04,#27,GW252/13600,(4)启机状态,4,2025-08-21 19:13:35,2025-08-21 19:18:36,301,0.08
901,L04,#27,GW252/13600,(3)待机状态,3,2025-08-21 18:46:57,2025-08-21 19:13:35,1598,0.44
902,L04,#27,GW252/13600,(2)停机状态,2,2025-08-21 18:41:20,2025-08-21 18:46:57,337,0.09
903,L04,#27,GW252/13600,(1)停机过程,1,2025-08-21 18:40:48,2025-08-21 18:41:20,32,0.01
904,L04,#27,GW252/13600,(4)启机状态,4,2025-08-21 18:35:49,2025-08-21 18:40:48,299,0.08
905,L04,#27,GW252/13600,(3)待机状态,3,2025-08-21 18:34:01,2025-08-21 18:35:49,108,0.03
906,L04,#27,GW252/13600,(2)停机状态,2,2025-08-21 18:33:55,2025-08-21 18:34:01,6,0
907,L04,#27,GW252/13600,(1)停机过程,1,2025-08-21 18:33:25,2025-08-21 18:33:55,30,0.01
908,L04,#27,GW252/13600,(4)启机状态,4,2025-08-21 18:28:25,2025-08-21 18:33:25,300,0.08
909,L04,#27,GW252/13600,(3)待机状态,3,2025-08-21 18:27:14,2025-08-21 18:28:25,71,0.02
910,L04,#27,GW252/13600,(2)停机状态,2,2025-08-21 18:27:12,2025-08-21 18:27:14,2,0
911,L04,#27,GW252/13600,(1)停机过程,1,2025-08-21 18:26:40,2025-08-21 18:27:12,32,0.01
912,L04,#27,GW252/13600,(4)启机状态,4,2025-08-21 18:21:40,2025-08-21 18:26:40,300,0.08
913,L04,#27,GW252/13600,(3)待机状态,3,2025-08-21 18:20:38,2025-08-21 18:21:40,62,0.02
914,L04,#27,GW252/13600,(2)停机状态,2,2025-08-21 18:20:37,2025-08-21 18:20:38,1,0
915,L04,#27,GW252/13600,(1)停机过程,1,2025-08-21 18:20:07,2025-08-21 18:20:37,30,0.01
916,L04,#27,GW252/13600,(4)启机状态,4,2025-08-21 18:15:07,2025-08-21 18:20:07,300,0.08
917,L04,#27,GW252/13600,(3)待机状态,3,2025-08-21 18:13:57,2025-08-21 18:15:07,70,0.02
918,L04,#27,GW252/13600,(2)停机状态,2,2025-08-21 18:13:55,2025-08-21 18:13:57,2,0
919,L04,#27,GW252/13600,(1)停机过程,1,2025-08-21 18:13:22,2025-08-21 18:13:55,33,0.01
920,L04,#27,GW252/13600,(4)启机状态,4,2025-08-21 18:08:22,2025-08-21 18:13:22,300,0.08
921,L04,#27,GW252/13600,(3)待机状态,3,2025-08-21 18:03:55,2025-08-21 18:08:22,267,0.07
922,L04,#27,GW252/13600,(2)停机状态,2,2025-08-21 18:03:53,2025-08-21 18:03:55,2,0
923,L04,#27,GW252/13600,(1)停机过程,1,2025-08-21 18:03:02,2025-08-21 18:03:53,51,0.01
924,L04,#27,GW252/13600,(5)发电状态,5,2025-08-18 02:33:55,2025-08-21 18:03:02,314947,87.49
925,L04,#27,GW252/13600,(4)启机状态,4,2025-08-18 02:30:27,2025-08-18 02:33:55,208,0.06
926,L04,#27,GW252/13600,(3)待机状态,3,2025-08-18 02:28:46,2025-08-18 02:30:27,101,0.03
927,L04,#27,GW252/13600,(2)停机状态,2,2025-08-18 02:28:44,2025-08-18 02:28:46,2,0
928,L04,#27,GW252/13600,(1)停机过程,1,2025-08-18 02:28:12,2025-08-18 02:28:44,32,0.01
929,L04,#27,GW252/13600,(4)启机状态,4,2025-08-18 02:23:12,2025-08-18 02:28:12,300,0.08
930,L04,#27,GW252/13600,(3)待机状态,3,2025-08-18 02:21:56,2025-08-18 02:23:12,76,0.02
931,L04,#27,GW252/13600,(2)停机状态,2,2025-08-18 02:21:55,2025-08-18 02:21:56,1,0
932,L04,#27,GW252/13600,(1)停机过程,1,2025-08-18 02:21:03,2025-08-18 02:21:55,52,0.01
933,L04,#27,GW252/13600,(4)启机状态,4,2025-08-18 02:16:02,2025-08-18 02:21:03,301,0.08
934,L04,#27,GW252/13600,(3)待机状态,3,2025-08-18 02:08:44,2025-08-18 02:16:02,438,0.12
935,L04,#27,GW252/13600,(2)停机状态,2,2025-08-18 02:08:41,2025-08-18 02:08:44,3,0
936,L04,#27,GW252/13600,(1)停机过程,1,2025-08-18 02:07:49,2025-08-18 02:08:41,52,0.01
937,L04,#27,GW252/13600,(5)发电状态,5,2025-08-15 15:15:02,2025-08-18 02:07:49,211967,58.88
938,L04,#27,GW252/13600,(4)启机状态,4,2025-08-15 15:12:54,2025-08-15 15:15:02,128,0.04
939,L04,#27,GW252/13600,(3)待机状态,3,2025-08-15 15:12:04,2025-08-15 15:12:54,50,0.01
940,L04,#27,GW252/13600,(1)停机过程,1,2025-08-15 15:11:11,2025-08-15 15:12:04,53,0.01
941,L04,#27,GW252/13600,(4)启机状态,4,2025-08-15 15:06:11,2025-08-15 15:11:11,300,0.08
942,L04,#27,GW252/13600,(3)待机状态,3,2025-08-15 15:05:09,2025-08-15 15:06:11,62,0.02
943,L04,#27,GW252/13600,(1)停机过程,1,2025-08-15 15:04:37,2025-08-15 15:05:09,32,0.01
944,L04,#27,GW252/13600,(4)启机状态,4,2025-08-15 14:59:37,2025-08-15 15:04:37,300,0.08
945,L04,#27,GW252/13600,(3)待机状态,3,2025-08-15 14:58:34,2025-08-15 14:59:37,63,0.02
946,L04,#27,GW252/13600,(2)停机状态,2,2025-08-15 14:58:33,2025-08-15 14:58:34,1,0
947,L04,#27,GW252/13600,(1)停机过程,1,2025-08-15 14:58:01,2025-08-15 14:58:33,32,0.01
948,L04,#27,GW252/13600,(4)启机状态,4,2025-08-15 14:53:01,2025-08-15 14:58:01,300,0.08
949,L04,#27,GW252/13600,(3)待机状态,3,2025-08-15 14:51:46,2025-08-15 14:53:01,75,0.02
950,L04,#27,GW252/13600,(2)停机状态,2,2025-08-15 14:51:44,2025-08-15 14:51:46,2,0
951,L04,#27,GW252/13600,(1)停机过程,1,2025-08-15 14:51:12,2025-08-15 14:51:44,32,0.01
952,L04,#27,GW252/13600,(4)启机状态,4,2025-08-15 14:46:12,2025-08-15 14:51:12,300,0.08
953,L04,#27,GW252/13600,(3)待机状态,3,2025-08-15 14:44:38,2025-08-15 14:46:12,94,0.03
954,L04,#27,GW252/13600,(2)停机状态,2,2025-08-15 14:44:37,2025-08-15 14:44:38,1,0
955,L04,#27,GW252/13600,(1)停机过程,1,2025-08-15 14:44:06,2025-08-15 14:44:37,31,0.01
956,L04,#27,GW252/13600,(4)启机状态,4,2025-08-15 14:39:06,2025-08-15 14:44:06,300,0.08
957,L04,#27,GW252/13600,(3)待机状态,3,2025-08-15 14:27:38,2025-08-15 14:39:06,688,0.19
958,L04,#27,GW252/13600,(2)停机状态,2,2025-08-15 14:27:36,2025-08-15 14:27:38,2,0
959,L04,#27,GW252/13600,(1)停机过程,1,2025-08-15 14:27:05,2025-08-15 14:27:36,31,0.01
960,L04,#27,GW252/13600,(4)启机状态,4,2025-08-15 14:22:05,2025-08-15 14:27:05,300,0.08
961,L04,#27,GW252/13600,(3)待机状态,3,2025-08-15 14:20:22,2025-08-15 14:22:05,103,0.03
962,L04,#27,GW252/13600,(2)停机状态,2,2025-08-15 14:20:21,2025-08-15 14:20:22,1,0
963,L04,#27,GW252/13600,(1)停机过程,1,2025-08-15 14:19:50,2025-08-15 14:20:21,31,0.01
964,L04,#27,GW252/13600,(4)启机状态,4,2025-08-15 14:14:50,2025-08-15 14:19:50,300,0.08
965,L04,#27,GW252/13600,(3)待机状态,3,2025-08-15 14:13:31,2025-08-15 14:14:50,79,0.02
966,L04,#27,GW252/13600,(1)停机过程,1,2025-08-15 14:12:58,2025-08-15 14:13:31,33,0.01
967,L04,#27,GW252/13600,(4)启机状态,4,2025-08-15 14:07:58,2025-08-15 14:12:58,300,0.08
968,L04,#27,GW252/13600,(3)待机状态,3,2025-08-15 14:06:59,2025-08-15 14:07:58,59,0.02
969,L04,#27,GW252/13600,(2)停机状态,2,2025-08-15 14:06:58,2025-08-15 14:06:59,1,0
970,L04,#27,GW252/13600,(1)停机过程,1,2025-08-15 14:06:06,2025-08-15 14:06:58,52,0.01
971,L04,#27,GW252/13600,(4)启机状态,4,2025-08-15 14:01:06,2025-08-15 14:06:06,300,0.08
972,L04,#27,GW252/13600,(3)待机状态,3,2025-08-15 13:59:03,2025-08-15 14:01:06,123,0.03
973,L04,#27,GW252/13600,(2)停机状态,2,2025-08-15 13:59:02,2025-08-15 13:59:03,1,0
974,L04,#27,GW252/13600,(1)停机过程,1,2025-08-15 13:58:08,2025-08-15 13:59:02,54,0.02
975,L04,#27,GW252/13600,(5)发电状态,5,2025-08-15 13:44:05,2025-08-15 13:58:08,843,0.23
976,L04,#27,GW252/13600,(4)启机状态,4,2025-08-15 13:43:22,2025-08-15 13:44:05,43,0.01
977,L04,#27,GW252/13600,(3)待机状态,3,2025-08-15 13:40:46,2025-08-15 13:43:22,156,0.04
978,L04,#27,GW252/13600,(2)停机状态,2,2025-08-15 13:36:12,2025-08-15 13:40:46,274,0.08
979,L04,#27,GW252/13600,(1)停机过程,1,2025-08-15 13:35:40,2025-08-15 13:36:12,32,0.01
980,L04,#27,GW252/13600,(4)启机状态,4,2025-08-15 13:30:40,2025-08-15 13:35:40,300,0.08
981,L04,#27,GW252/13600,(3)待机状态,3,2025-08-15 13:26:37,2025-08-15 13:30:40,243,0.07
982,L04,#27,GW252/13600,(2)停机状态,2,2025-08-15 13:26:11,2025-08-15 13:26:37,26,0.01
983,L04,#27,GW252/13600,(1)停机过程,1,2025-08-15 13:25:17,2025-08-15 13:26:11,54,0.02
984,L04,#27,GW252/13600,(5)发电状态,5,2025-08-15 09:13:56,2025-08-15 13:25:17,15081,4.19
985,L04,#27,GW252/13600,(4)启机状态,4,2025-08-15 09:10:39,2025-08-15 09:13:56,197,0.05
986,L04,#27,GW252/13600,(3)待机状态,3,2025-08-15 09:09:19,2025-08-15 09:10:39,80,0.02
987,L04,#27,GW252/13600,(2)停机状态,2,2025-08-15 09:09:13,2025-08-15 09:09:19,6,0
988,L04,#27,GW252/13600,(1)停机过程,1,2025-08-15 09:08:40,2025-08-15 09:09:13,33,0.01
989,L04,#27,GW252/13600,(4)启机状态,4,2025-08-15 09:03:40,2025-08-15 09:08:40,300,0.08
990,L04,#27,GW252/13600,(3)待机状态,3,2025-08-15 09:02:40,2025-08-15 09:03:40,60,0.02
991,L04,#27,GW252/13600,(2)停机状态,2,2025-08-15 09:02:39,2025-08-15 09:02:40,1,0
992,L04,#27,GW252/13600,(1)停机过程,1,2025-08-15 09:01:47,2025-08-15 09:02:39,52,0.01
993,L04,#27,GW252/13600,(5)发电状态,5,2025-08-15 07:47:35,2025-08-15 09:01:47,4452,1.24
994,L04,#27,GW252/13600,(4)启机状态,4,2025-08-15 07:45:56,2025-08-15 07:47:35,99,0.03
995,L04,#27,GW252/13600,(3)待机状态,3,2025-08-15 07:37:19,2025-08-15 07:45:56,517,0.14
996,L04,#27,GW252/13600,(2)停机状态,2,2025-08-15 07:37:17,2025-08-15 07:37:19,2,0
997,L04,#27,GW252/13600,(1)停机过程,1,2025-08-15 07:36:23,2025-08-15 07:37:17,54,0.02
998,L04,#27,GW252/13600,(5)发电状态,5,2025-08-15 05:37:10,2025-08-15 07:36:23,7153,1.99
999,L04,#27,GW252/13600,(4)启机状态,4,2025-08-15 05:32:22,2025-08-15 05:37:10,288,0.08
1000,L04,#27,GW252/13600,(3)待机状态,3,2025-08-15 05:07:42,2025-08-15 05:32:22,1480,0.41
1001,L04,#27,GW252/13600,(2)停机状态,2,2025-08-15 04:30:01,2025-08-15 05:07:42,2261,0.63
1002,L04,#27,GW252/13600,(1)停机过程,1,2025-08-15 04:29:29,2025-08-15 04:30:01,32,0.01
1003,L04,#27,GW252/13600,(4)启机状态,4,2025-08-15 04:24:29,2025-08-15 04:29:29,300,0.08
1004,L04,#27,GW252/13600,(3)待机状态,3,2025-08-15 04:16:15,2025-08-15 04:24:29,494,0.14
1005,L04,#27,GW252/13600,(2)停机状态,2,2025-08-15 04:12:47,2025-08-15 04:16:15,208,0.06
1006,L04,#27,GW252/13600,(1)停机过程,1,2025-08-15 04:11:56,2025-08-15 04:12:47,51,0.01
1007,L04,#27,GW252/13600,(5)发电状态,5,2025-08-14 16:40:26,2025-08-15 04:11:56,41490,11.53
1008,L04,#27,GW252/13600,(4)启机状态,4,2025-08-14 16:38:35,2025-08-14 16:40:26,111,0.03
1009,L04,#27,GW252/13600,(3)待机状态,3,2025-08-14 16:37:42,2025-08-14 16:38:35,53,0.01
1010,L04,#27,GW252/13600,(2)停机状态,2,2025-08-14 16:37:40,2025-08-14 16:37:42,2,0
1011,L04,#27,GW252/13600,(1)停机过程,1,2025-08-14 16:36:47,2025-08-14 16:37:40,53,0.01
1012,L04,#27,GW252/13600,(4)启机状态,4,2025-08-14 16:31:47,2025-08-14 16:36:47,300,0.08
1013,L04,#27,GW252/13600,(3)待机状态,3,2025-08-14 16:30:48,2025-08-14 16:31:47,59,0.02
1014,L04,#27,GW252/13600,(2)停机状态,2,2025-08-14 16:30:47,2025-08-14 16:30:48,1,0
1015,L04,#27,GW252/13600,(1)停机过程,1,2025-08-14 16:29:55,2025-08-14 16:30:47,52,0.01
1016,L04,#27,GW252/13600,(4)启机状态,4,2025-08-14 16:24:55,2025-08-14 16:29:55,300,0.08
1017,L04,#27,GW252/13600,(3)待机状态,3,2025-08-14 16:09:11,2025-08-14 16:24:55,944,0.26
1018,L04,#27,GW252/13600,(2)停机状态,2,2025-08-14 16:09:09,2025-08-14 16:09:11,2,0
1019,L04,#27,GW252/13600,(1)停机过程,1,2025-08-14 16:08:16,2025-08-14 16:09:09,53,0.01
1020,L04,#27,GW252/13600,(5)发电状态,5,2025-08-14 01:24:44,2025-08-14 16:08:16,53012,14.73
1021,L04,#27,GW252/13600,(4)启机状态,4,2025-08-14 01:23:05,2025-08-14 01:24:44,99,0.03
1022,L04,#27,GW252/13600,(3)待机状态,3,2025-08-14 01:22:13,2025-08-14 01:23:05,52,0.01
1023,L04,#27,GW252/13600,(2)停机状态,2,2025-08-14 01:22:12,2025-08-14 01:22:13,1,0
1024,L04,#27,GW252/13600,(1)停机过程,1,2025-08-14 01:21:20,2025-08-14 01:22:12,52,0.01
1025,L04,#27,GW252/13600,(4)启机状态,4,2025-08-14 01:16:20,2025-08-14 01:21:20,300,0.08
1026,L04,#27,GW252/13600,(3)待机状态,3,2025-08-14 01:15:19,2025-08-14 01:16:20,61,0.02
1027,L04,#27,GW252/13600,(2)停机状态,2,2025-08-14 01:15:17,2025-08-14 01:15:19,2,0
1028,L04,#27,GW252/13600,(1)停机过程,1,2025-08-14 01:14:45,2025-08-14 01:15:17,32,0.01
1029,L04,#27,GW252/13600,(4)启机状态,4,2025-08-14 01:09:45,2025-08-14 01:14:45,300,0.08
1030,L04,#27,GW252/13600,(3)待机状态,3,2025-08-14 01:08:28,2025-08-14 01:09:45,77,0.02
1031,L04,#27,GW252/13600,(2)停机状态,2,2025-08-14 01:08:26,2025-08-14 01:08:28,2,0
1032,L04,#27,GW252/13600,(1)停机过程,1,2025-08-14 01:07:56,2025-08-14 01:08:26,30,0.01
1033,L04,#27,GW252/13600,(4)启机状态,4,2025-08-14 01:02:56,2025-08-14 01:07:56,300,0.08
1034,L04,#27,GW252/13600,(3)待机状态,3,2025-08-14 01:01:50,2025-08-14 01:02:56,66,0.02
1035,L04,#27,GW252/13600,(2)停机状态,2,2025-08-14 01:01:48,2025-08-14 01:01:50,2,0
1036,L04,#27,GW252/13600,(1)停机过程,1,2025-08-14 01:01:16,2025-08-14 01:01:48,32,0.01
1037,L04,#27,GW252/13600,(4)启机状态,4,2025-08-14 00:56:16,2025-08-14 01:01:16,300,0.08
1038,L04,#27,GW252/13600,(3)待机状态,3,2025-08-14 00:54:57,2025-08-14 00:56:16,79,0.02
1039,L04,#27,GW252/13600,(2)停机状态,2,2025-08-14 00:54:55,2025-08-14 00:54:57,2,0
1040,L04,#27,GW252/13600,(1)停机过程,1,2025-08-14 00:54:23,2025-08-14 00:54:55,32,0.01
1041,L04,#27,GW252/13600,(4)启机状态,4,2025-08-14 00:49:22,2025-08-14 00:54:23,301,0.08
1042,L04,#27,GW252/13600,(3)待机状态,3,2025-08-13 21:55:52,2025-08-14 00:49:22,10410,2.89
1043,L04,#27,GW252/13600,(2)停机状态,2,2025-08-13 21:50:15,2025-08-13 21:55:52,337,0.09
1044,L04,#27,GW252/13600,(1)停机过程,1,2025-08-13 21:49:22,2025-08-13 21:50:15,53,0.01
1045,L04,#27,GW252/13600,(5)发电状态,5,2025-08-13 17:21:33,2025-08-13 21:49:22,16069,4.46
1046,L04,#27,GW252/13600,(4)启机状态,4,2025-08-13 17:18:44,2025-08-13 17:21:33,169,0.05
1047,L04,#27,GW252/13600,(3)待机状态,3,2025-08-13 17:17:48,2025-08-13 17:18:44,56,0.02
1048,L04,#27,GW252/13600,(2)停机状态,2,2025-08-13 17:17:46,2025-08-13 17:17:48,2,0
1049,L04,#27,GW252/13600,(1)停机过程,1,2025-08-13 17:17:16,2025-08-13 17:17:46,30,0.01
1050,L04,#27,GW252/13600,(4)启机状态,4,2025-08-13 17:12:16,2025-08-13 17:17:16,300,0.08
1051,L04,#27,GW252/13600,(3)待机状态,3,2025-08-13 17:11:13,2025-08-13 17:12:16,63,0.02
1052,L04,#27,GW252/13600,(2)停机状态,2,2025-08-13 17:11:10,2025-08-13 17:11:13,3,0
1053,L04,#27,GW252/13600,(1)停机过程,1,2025-08-13 17:10:38,2025-08-13 17:11:10,32,0.01
1054,L04,#27,GW252/13600,(4)启机状态,4,2025-08-13 17:05:38,2025-08-13 17:10:38,300,0.08
1055,L04,#27,GW252/13600,(3)待机状态,3,2025-08-13 17:04:24,2025-08-13 17:05:38,74,0.02
1056,L04,#27,GW252/13600,(2)停机状态,2,2025-08-13 17:04:23,2025-08-13 17:04:24,1,0
1057,L04,#27,GW252/13600,(1)停机过程,1,2025-08-13 17:03:52,2025-08-13 17:04:23,31,0.01
1058,L04,#27,GW252/13600,(4)启机状态,4,2025-08-13 16:58:52,2025-08-13 17:03:52,300,0.08
1059,L04,#27,GW252/13600,(3)待机状态,3,2025-08-13 16:52:52,2025-08-13 16:58:52,360,0.1
1060,L04,#27,GW252/13600,(2)停机状态,2,2025-08-13 16:52:51,2025-08-13 16:52:52,1,0
1061,L04,#27,GW252/13600,(1)停机过程,1,2025-08-13 16:52:18,2025-08-13 16:52:51,33,0.01
1062,L04,#27,GW252/13600,(4)启机状态,4,2025-08-13 16:47:18,2025-08-13 16:52:18,300,0.08
1063,L04,#27,GW252/13600,(3)待机状态,3,2025-08-13 16:44:44,2025-08-13 16:47:18,154,0.04
1064,L04,#27,GW252/13600,(1)停机过程,1,2025-08-13 16:44:11,2025-08-13 16:44:44,33,0.01
1065,L04,#27,GW252/13600,(4)启机状态,4,2025-08-13 16:39:11,2025-08-13 16:44:11,300,0.08
1066,L04,#27,GW252/13600,(3)待机状态,3,2025-08-13 16:33:07,2025-08-13 16:39:11,364,0.1
1067,L04,#27,GW252/13600,(2)停机状态,2,2025-08-13 16:33:03,2025-08-13 16:33:07,4,0
1068,L04,#27,GW252/13600,(1)停机过程,1,2025-08-13 16:32:33,2025-08-13 16:33:03,30,0.01
1069,L04,#27,GW252/13600,(4)启机状态,4,2025-08-13 16:27:33,2025-08-13 16:32:33,300,0.08
1070,L04,#27,GW252/13600,(3)待机状态,3,2025-08-13 14:24:53,2025-08-13 16:27:33,7360,2.04
1071,L04,#27,GW252/13600,(2)停机状态,2,2025-08-13 14:24:52,2025-08-13 14:24:53,1,0
1072,L04,#27,GW252/13600,(1)停机过程,1,2025-08-13 14:24:20,2025-08-13 14:24:52,32,0.01
1073,L04,#27,GW252/13600,(4)启机状态,4,2025-08-13 14:19:20,2025-08-13 14:24:20,300,0.08
1074,L04,#27,GW252/13600,(3)待机状态,3,2025-08-13 13:46:55,2025-08-13 14:19:20,1945,0.54
1075,L04,#27,GW252/13600,(2)停机状态,2,2025-08-13 13:46:54,2025-08-13 13:46:55,1,0
1076,L04,#27,GW252/13600,(1)停机过程,1,2025-08-13 13:46:02,2025-08-13 13:46:54,52,0.01
1077,L04,#27,GW252/13600,(5)发电状态,5,2025-08-13 12:02:58,2025-08-13 13:46:02,6184,1.72
1078,L04,#27,GW252/13600,(4)启机状态,4,2025-08-13 11:58:04,2025-08-13 12:02:58,294,0.08
1079,L04,#27,GW252/13600,(3)待机状态,3,2025-08-13 11:56:57,2025-08-13 11:58:04,67,0.02
1080,L04,#27,GW252/13600,(2)停机状态,2,2025-08-13 11:56:53,2025-08-13 11:56:57,4,0
1081,L04,#27,GW252/13600,(1)停机过程,1,2025-08-13 11:56:20,2025-08-13 11:56:53,33,0.01
1082,L04,#27,GW252/13600,(4)启机状态,4,2025-08-13 11:51:21,2025-08-13 11:56:20,299,0.08
1083,L04,#27,GW252/13600,(3)待机状态,3,2025-08-13 11:50:17,2025-08-13 11:51:21,64,0.02
1084,L04,#27,GW252/13600,(2)停机状态,2,2025-08-13 11:50:16,2025-08-13 11:50:17,1,0
1085,L04,#27,GW252/13600,(1)停机过程,1,2025-08-13 11:49:46,2025-08-13 11:50:16,30,0.01
1086,L04,#27,GW252/13600,(4)启机状态,4,2025-08-13 11:44:46,2025-08-13 11:49:46,300,0.08
1087,L04,#27,GW252/13600,(3)待机状态,3,2025-08-13 11:43:40,2025-08-13 11:44:46,66,0.02
1088,L04,#27,GW252/13600,(2)停机状态,2,2025-08-13 11:43:39,2025-08-13 11:43:40,1,0
1089,L04,#27,GW252/13600,(1)停机过程,1,2025-08-13 11:43:06,2025-08-13 11:43:39,33,0.01
1090,L04,#27,GW252/13600,(4)启机状态,4,2025-08-13 11:38:06,2025-08-13 11:43:06,300,0.08
1091,L04,#27,GW252/13600,(3)待机状态,3,2025-08-13 11:36:45,2025-08-13 11:38:06,81,0.02
1092,L04,#27,GW252/13600,(1)停机过程,1,2025-08-13 11:36:13,2025-08-13 11:36:45,32,0.01
1093,L04,#27,GW252/13600,(4)启机状态,4,2025-08-13 11:31:12,2025-08-13 11:36:13,301,0.08
1094,L04,#27,GW252/13600,(3)待机状态,3,2025-08-13 11:29:56,2025-08-13 11:31:12,76,0.02
1095,L04,#27,GW252/13600,(2)停机状态,2,2025-08-13 11:29:55,2025-08-13 11:29:56,1,0
1096,L04,#27,GW252/13600,(1)停机过程,1,2025-08-13 11:29:25,2025-08-13 11:29:55,30,0.01
1097,L04,#27,GW252/13600,(4)启机状态,4,2025-08-13 11:24:25,2025-08-13 11:29:25,300,0.08
1098,L04,#27,GW252/13600,(3)待机状态,3,2025-08-13 10:48:50,2025-08-13 11:24:25,2135,0.59
1099,L04,#27,GW252/13600,(2)停机状态,2,2025-08-13 10:48:48,2025-08-13 10:48:50,2,0
1100,L04,#27,GW252/13600,(1)停机过程,1,2025-08-13 10:48:17,2025-08-13 10:48:48,31,0.01
1101,L04,#27,GW252/13600,(4)启机状态,4,2025-08-13 10:43:17,2025-08-13 10:48:17,300,0.08
1102,L04,#27,GW252/13600,(3)待机状态,3,2025-08-13 10:35:30,2025-08-13 10:43:17,467,0.13
1103,L04,#27,GW252/13600,(2)停机状态,2,2025-08-13 10:35:29,2025-08-13 10:35:30,1,0
1104,L04,#27,GW252/13600,(1)停机过程,1,2025-08-13 10:34:57,2025-08-13 10:35:29,32,0.01
1105,L04,#27,GW252/13600,(4)启机状态,4,2025-08-13 10:29:58,2025-08-13 10:34:57,299,0.08
1106,L04,#27,GW252/13600,(3)待机状态,3,2025-08-13 10:28:42,2025-08-13 10:29:58,76,0.02
1107,L04,#27,GW252/13600,(2)停机状态,2,2025-08-13 10:28:41,2025-08-13 10:28:42,1,0
1108,L04,#27,GW252/13600,(1)停机过程,1,2025-08-13 10:28:09,2025-08-13 10:28:41,32,0.01
1109,L04,#27,GW252/13600,(4)启机状态,4,2025-08-13 10:23:10,2025-08-13 10:28:09,299,0.08
1110,L04,#27,GW252/13600,(3)待机状态,3,2025-08-13 10:21:58,2025-08-13 10:23:10,72,0.02
1111,L04,#27,GW252/13600,(2)停机状态,2,2025-08-13 10:21:57,2025-08-13 10:21:58,1,0
1112,L04,#27,GW252/13600,(1)停机过程,1,2025-08-13 10:21:25,2025-08-13 10:21:57,32,0.01
1113,L04,#27,GW252/13600,(4)启机状态,4,2025-08-13 10:16:25,2025-08-13 10:21:25,300,0.08
1114,L04,#27,GW252/13600,(3)待机状态,3,2025-08-13 10:14:47,2025-08-13 10:16:25,98,0.03
1115,L04,#27,GW252/13600,(2)停机状态,2,2025-08-13 10:14:46,2025-08-13 10:14:47,1,0
1116,L04,#27,GW252/13600,(1)停机过程,1,2025-08-13 10:14:16,2025-08-13 10:14:46,30,0.01
1117,L04,#27,GW252/13600,(4)启机状态,4,2025-08-13 10:09:16,2025-08-13 10:14:16,300,0.08
1118,L04,#27,GW252/13600,(3)待机状态,3,2025-08-13 10:08:12,2025-08-13 10:09:16,64,0.02
1119,L04,#27,GW252/13600,(1)停机过程,1,2025-08-13 10:07:17,2025-08-13 10:08:12,55,0.02
1120,L04,#27,GW252/13600,(5)发电状态,5,2025-08-13 09:43:08,2025-08-13 10:07:17,1449,0.4
1121,L04,#27,GW252/13600,(4)启机状态,4,2025-08-13 09:39:33,2025-08-13 09:43:08,215,0.06
1122,L04,#27,GW252/13600,(3)待机状态,3,2025-08-13 09:38:36,2025-08-13 09:39:33,57,0.02
1123,L04,#27,GW252/13600,(2)停机状态,2,2025-08-13 09:38:35,2025-08-13 09:38:36,1,0
1124,L04,#27,GW252/13600,(1)停机过程,1,2025-08-13 09:38:03,2025-08-13 09:38:35,32,0.01
1125,L04,#27,GW252/13600,(4)启机状态,4,2025-08-13 09:33:03,2025-08-13 09:38:03,300,0.08
1126,L04,#27,GW252/13600,(3)待机状态,3,2025-08-13 09:32:04,2025-08-13 09:33:03,59,0.02
1127,L04,#27,GW252/13600,(2)停机状态,2,2025-08-13 09:32:03,2025-08-13 09:32:04,1,0
1128,L04,#27,GW252/13600,(1)停机过程,1,2025-08-13 09:31:31,2025-08-13 09:32:03,32,0.01
1129,L04,#27,GW252/13600,(4)启机状态,4,2025-08-13 09:26:31,2025-08-13 09:31:31,300,0.08
1130,L04,#27,GW252/13600,(3)待机状态,3,2025-08-13 09:25:31,2025-08-13 09:26:31,60,0.02
1131,L04,#27,GW252/13600,(2)停机状态,2,2025-08-13 09:25:30,2025-08-13 09:25:31,1,0
1132,L04,#27,GW252/13600,(1)停机过程,1,2025-08-13 09:24:59,2025-08-13 09:25:30,31,0.01
1133,L04,#27,GW252/13600,(4)启机状态,4,2025-08-13 09:19:58,2025-08-13 09:24:59,301,0.08
1134,L04,#27,GW252/13600,(3)待机状态,3,2025-08-13 09:18:37,2025-08-13 09:19:58,81,0.02
1135,L04,#27,GW252/13600,(2)停机状态,2,2025-08-13 09:18:35,2025-08-13 09:18:37,2,0
1136,L04,#27,GW252/13600,(1)停机过程,1,2025-08-13 09:18:04,2025-08-13 09:18:35,31,0.01
1137,L04,#27,GW252/13600,(4)启机状态,4,2025-08-13 09:13:05,2025-08-13 09:18:04,299,0.08
1138,L04,#27,GW252/13600,(3)待机状态,3,2025-08-13 09:11:47,2025-08-13 09:13:05,78,0.02
1139,L04,#27,GW252/13600,(2)停机状态,2,2025-08-13 09:11:38,2025-08-13 09:11:47,9,0
1140,L04,#27,GW252/13600,(1)停机过程,1,2025-08-13 09:11:12,2025-08-13 09:11:38,26,0.01
1141,L04,#27,GW252/13600,(4)启机状态,4,2025-08-13 09:06:07,2025-08-13 09:11:12,305,0.08
1142,L04,#27,GW252/13600,(3)待机状态,3,2025-08-13 09:04:18,2025-08-13 09:06:07,109,0.03
1143,L04,#27,GW252/13600,(1)停机过程,1,2025-08-13 09:03:46,2025-08-13 09:04:18,32,0.01
1144,L04,#27,GW252/13600,(4)启机状态,4,2025-08-13 08:58:46,2025-08-13 09:03:46,300,0.08
1145,L04,#27,GW252/13600,(3)待机状态,3,2025-08-13 08:57:09,2025-08-13 08:58:46,97,0.03
1146,L04,#27,GW252/13600,(2)停机状态,2,2025-08-13 08:56:19,2025-08-13 08:57:09,50,0.01
1147,L04,#27,GW252/13600,(1)停机过程,1,2025-08-13 08:55:47,2025-08-13 08:56:19,32,0.01
1148,L04,#27,GW252/13600,(4)启机状态,4,2025-08-13 08:50:47,2025-08-13 08:55:47,300,0.08
1149,L04,#27,GW252/13600,(3)待机状态,3,2025-08-13 08:49:15,2025-08-13 08:50:47,92,0.03
1150,L04,#27,GW252/13600,(2)停机状态,2,2025-08-13 08:49:13,2025-08-13 08:49:15,2,0
1151,L04,#27,GW252/13600,(1)停机过程,1,2025-08-13 08:48:20,2025-08-13 08:49:13,53,0.01
1152,L04,#27,GW252/13600,(5)发电状态,5,2025-08-13 08:05:32,2025-08-13 08:48:20,2568,0.71
1153,L04,#27,GW252/13600,(4)启机状态,4,2025-08-13 08:01:39,2025-08-13 08:05:32,233,0.06
1154,L04,#27,GW252/13600,(3)待机状态,3,2025-08-13 08:00:39,2025-08-13 08:01:39,60,0.02
1155,L04,#27,GW252/13600,(2)停机状态,2,2025-08-13 08:00:38,2025-08-13 08:00:39,1,0
1156,L04,#27,GW252/13600,(1)停机过程,1,2025-08-13 08:00:05,2025-08-13 08:00:38,33,0.01
1157,L04,#27,GW252/13600,(4)启机状态,4,2025-08-13 07:55:05,2025-08-13 08:00:05,300,0.08
1158,L04,#27,GW252/13600,(3)待机状态,3,2025-08-13 07:53:43,2025-08-13 07:55:05,82,0.02
1159,L04,#27,GW252/13600,(2)停机状态,2,2025-08-13 07:53:41,2025-08-13 07:53:43,2,0
1160,L04,#27,GW252/13600,(1)停机过程,1,2025-08-13 07:53:11,2025-08-13 07:53:41,30,0.01
1161,L04,#27,GW252/13600,(4)启机状态,4,2025-08-13 07:48:11,2025-08-13 07:53:11,300,0.08
1162,L04,#27,GW252/13600,(3)待机状态,3,2025-08-13 07:45:27,2025-08-13 07:48:11,164,0.05
1163,L04,#27,GW252/13600,(2)停机状态,2,2025-08-13 07:45:25,2025-08-13 07:45:27,2,0
1164,L04,#27,GW252/13600,(1)停机过程,1,2025-08-13 07:44:55,2025-08-13 07:45:25,30,0.01
1165,L04,#27,GW252/13600,(4)启机状态,4,2025-08-13 07:39:55,2025-08-13 07:44:55,300,0.08
1166,L04,#27,GW252/13600,(3)待机状态,3,2025-08-13 07:24:43,2025-08-13 07:39:55,912,0.25
1167,L04,#27,GW252/13600,(2)停机状态,2,2025-08-13 07:23:45,2025-08-13 07:24:43,58,0.02
1168,L04,#27,GW252/13600,(1)停机过程,1,2025-08-13 07:23:15,2025-08-13 07:23:45,30,0.01
1169,L04,#27,GW252/13600,(4)启机状态,4,2025-08-13 07:18:15,2025-08-13 07:23:15,300,0.08
1170,L04,#27,GW252/13600,(3)待机状态,3,2025-08-13 07:16:50,2025-08-13 07:18:15,85,0.02
1171,L04,#27,GW252/13600,(1)停机过程,1,2025-08-13 07:15:57,2025-08-13 07:16:50,53,0.01
1172,L04,#27,GW252/13600,(5)发电状态,5,2025-08-12 16:05:48,2025-08-13 07:15:57,54609,15.17
1173,L04,#27,GW252/13600,(4)启机状态,4,2025-08-12 16:02:42,2025-08-12 16:05:48,186,0.05
1174,L04,#27,GW252/13600,(3)待机状态,3,2025-08-12 16:01:43,2025-08-12 16:02:42,59,0.02
1175,L04,#27,GW252/13600,(2)停机状态,2,2025-08-12 16:01:42,2025-08-12 16:01:43,1,0
1176,L04,#27,GW252/13600,(1)停机过程,1,2025-08-12 16:00:50,2025-08-12 16:01:42,52,0.01
1177,L04,#27,GW252/13600,(4)启机状态,4,2025-08-12 15:55:49,2025-08-12 16:00:50,301,0.08
1178,L04,#27,GW252/13600,(3)待机状态,3,2025-08-12 15:54:47,2025-08-12 15:55:49,62,0.02
1179,L04,#27,GW252/13600,(2)停机状态,2,2025-08-12 15:54:45,2025-08-12 15:54:47,2,0
1180,L04,#27,GW252/13600,(1)停机过程,1,2025-08-12 15:54:13,2025-08-12 15:54:45,32,0.01
1181,L04,#27,GW252/13600,(4)启机状态,4,2025-08-12 15:49:12,2025-08-12 15:54:13,301,0.08
1182,L04,#27,GW252/13600,(3)待机状态,3,2025-08-12 15:48:10,2025-08-12 15:49:12,62,0.02
1183,L04,#27,GW252/13600,(1)停机过程,1,2025-08-12 15:47:17,2025-08-12 15:48:10,53,0.01
1184,L04,#27,GW252/13600,(4)启机状态,4,2025-08-12 15:42:17,2025-08-12 15:47:17,300,0.08
1185,L04,#27,GW252/13600,(3)待机状态,3,2025-08-12 15:41:18,2025-08-12 15:42:17,59,0.02
1186,L04,#27,GW252/13600,(1)停机过程,1,2025-08-12 15:40:46,2025-08-12 15:41:18,32,0.01
1187,L04,#27,GW252/13600,(4)启机状态,4,2025-08-12 15:35:46,2025-08-12 15:40:46,300,0.08
1188,L04,#27,GW252/13600,(3)待机状态,3,2025-08-12 15:34:49,2025-08-12 15:35:46,57,0.02
1189,L04,#27,GW252/13600,(2)停机状态,2,2025-08-12 15:34:48,2025-08-12 15:34:49,1,0
1190,L04,#27,GW252/13600,(1)停机过程,1,2025-08-12 15:34:16,2025-08-12 15:34:48,32,0.01
1191,L04,#27,GW252/13600,(4)启机状态,4,2025-08-12 15:29:16,2025-08-12 15:34:16,300,0.08
1192,L04,#27,GW252/13600,(3)待机状态,3,2025-08-12 15:28:04,2025-08-12 15:29:16,72,0.02
1193,L04,#27,GW252/13600,(2)停机状态,2,2025-08-12 15:28:03,2025-08-12 15:28:04,1,0
1194,L04,#27,GW252/13600,(1)停机过程,1,2025-08-12 15:27:31,2025-08-12 15:28:03,32,0.01
1195,L04,#27,GW252/13600,(4)启机状态,4,2025-08-12 15:22:31,2025-08-12 15:27:31,300,0.08
1196,L04,#27,GW252/13600,(3)待机状态,3,2025-08-12 15:21:26,2025-08-12 15:22:31,65,0.02
1197,L04,#27,GW252/13600,(2)停机状态,2,2025-08-12 15:21:25,2025-08-12 15:21:26,1,0
1198,L04,#27,GW252/13600,(1)停机过程,1,2025-08-12 15:20:32,2025-08-12 15:21:25,53,0.01
1199,L04,#27,GW252/13600,(4)启机状态,4,2025-08-12 15:15:32,2025-08-12 15:20:32,300,0.08
1200,L04,#27,GW252/13600,(3)待机状态,3,2025-08-12 15:14:33,2025-08-12 15:15:32,59,0.02
1201,L04,#27,GW252/13600,(2)停机状态,2,2025-08-12 15:14:31,2025-08-12 15:14:33,2,0
1202,L04,#27,GW252/13600,(1)停机过程,1,2025-08-12 15:14:00,2025-08-12 15:14:31,31,0.01
1203,L04,#27,GW252/13600,(4)启机状态,4,2025-08-12 15:09:00,2025-08-12 15:14:00,300,0.08
1204,L04,#27,GW252/13600,(3)待机状态,3,2025-08-12 15:07:57,2025-08-12 15:09:00,63,0.02
1205,L04,#27,GW252/13600,(2)停机状态,2,2025-08-12 15:07:56,2025-08-12 15:07:57,1,0
1206,L04,#27,GW252/13600,(1)停机过程,1,2025-08-12 15:07:25,2025-08-12 15:07:56,31,0.01
1207,L04,#27,GW252/13600,(4)启机状态,4,2025-08-12 15:02:24,2025-08-12 15:07:25,301,0.08
1208,L04,#27,GW252/13600,(3)待机状态,3,2025-08-12 15:01:03,2025-08-12 15:02:24,81,0.02
1209,L04,#27,GW252/13600,(2)停机状态,2,2025-08-12 15:01:02,2025-08-12 15:01:03,1,0
1210,L04,#27,GW252/13600,(1)停机过程,1,2025-08-12 15:00:30,2025-08-12 15:01:02,32,0.01
1211,L04,#27,GW252/13600,(4)启机状态,4,2025-08-12 14:55:31,2025-08-12 15:00:30,299,0.08
1212,L04,#27,GW252/13600,(3)待机状态,3,2025-08-12 14:54:08,2025-08-12 14:55:31,83,0.02
1213,L04,#27,GW252/13600,(2)停机状态,2,2025-08-12 14:54:06,2025-08-12 14:54:08,2,0
1214,L04,#27,GW252/13600,(1)停机过程,1,2025-08-12 14:53:34,2025-08-12 14:54:06,32,0.01
1215,L04,#27,GW252/13600,(4)启机状态,4,2025-08-12 14:48:34,2025-08-12 14:53:34,300,0.08
1216,L04,#27,GW252/13600,(3)待机状态,3,2025-08-12 14:44:33,2025-08-12 14:48:34,241,0.07
1217,L04,#27,GW252/13600,(2)停机状态,2,2025-08-12 14:44:05,2025-08-12 14:44:33,28,0.01
1218,L04,#27,GW252/13600,(1)停机过程,1,2025-08-12 14:43:34,2025-08-12 14:44:05,31,0.01
1219,L04,#27,GW252/13600,(4)启机状态,4,2025-08-12 14:38:35,2025-08-12 14:43:34,299,0.08
1220,L04,#27,GW252/13600,(3)待机状态,3,2025-08-12 14:26:55,2025-08-12 14:38:35,700,0.19
1221,L04,#27,GW252/13600,(2)停机状态,2,2025-08-12 14:22:28,2025-08-12 14:26:55,267,0.07
1222,L04,#27,GW252/13600,(1)停机过程,1,2025-08-12 14:21:57,2025-08-12 14:22:28,31,0.01
1223,L04,#27,GW252/13600,(4)启机状态,4,2025-08-12 14:16:58,2025-08-12 14:21:57,299,0.08
1224,L04,#27,GW252/13600,(3)待机状态,3,2025-08-12 13:03:55,2025-08-12 14:16:58,4383,1.22
1225,L04,#27,GW252/13600,(2)停机状态,2,2025-08-12 12:59:03,2025-08-12 13:03:55,292,0.08
1226,L04,#27,GW252/13600,(1)停机过程,1,2025-08-12 12:58:31,2025-08-12 12:59:03,32,0.01
1227,L04,#27,GW252/13600,(4)启机状态,4,2025-08-12 12:53:31,2025-08-12 12:58:31,300,0.08
1228,L04,#27,GW252/13600,(3)待机状态,3,2025-08-12 12:49:15,2025-08-12 12:53:31,256,0.07
1229,L04,#27,GW252/13600,(1)停机过程,1,2025-08-12 12:48:44,2025-08-12 12:49:15,31,0.01
1230,L04,#27,GW252/13600,(4)启机状态,4,2025-08-12 12:43:44,2025-08-12 12:48:44,300,0.08
1231,L04,#27,GW252/13600,(3)待机状态,3,2025-08-12 12:36:40,2025-08-12 12:43:44,424,0.12
1232,L04,#27,GW252/13600,(2)停机状态,2,2025-08-12 12:35:03,2025-08-12 12:36:40,97,0.03
1233,L04,#27,GW252/13600,(1)停机过程,1,2025-08-12 12:34:31,2025-08-12 12:35:03,32,0.01
1234,L04,#27,GW252/13600,(4)启机状态,4,2025-08-12 12:29:32,2025-08-12 12:34:31,299,0.08
1235,L04,#27,GW252/13600,(3)待机状态,3,2025-08-12 12:25:13,2025-08-12 12:29:32,259,0.07
1236,L04,#27,GW252/13600,(2)停机状态,2,2025-08-12 12:25:06,2025-08-12 12:25:13,7,0
1237,L04,#27,GW252/13600,(1)停机过程,1,2025-08-12 12:24:34,2025-08-12 12:25:06,32,0.01
1238,L04,#27,GW252/13600,(4)启机状态,4,2025-08-12 12:19:34,2025-08-12 12:24:34,300,0.08
1239,L04,#27,GW252/13600,(3)待机状态,3,2025-08-12 12:18:25,2025-08-12 12:19:34,69,0.02
1240,L04,#27,GW252/13600,(2)停机状态,2,2025-08-12 12:18:23,2025-08-12 12:18:25,2,0
1241,L04,#27,GW252/13600,(1)停机过程,1,2025-08-12 12:17:51,2025-08-12 12:18:23,32,0.01
1242,L04,#27,GW252/13600,(4)启机状态,4,2025-08-12 12:12:51,2025-08-12 12:17:51,300,0.08
1243,L04,#27,GW252/13600,(3)待机状态,3,2025-08-12 12:11:35,2025-08-12 12:12:51,76,0.02
1244,L04,#27,GW252/13600,(2)停机状态,2,2025-08-12 12:11:32,2025-08-12 12:11:35,3,0
1245,L04,#27,GW252/13600,(1)停机过程,1,2025-08-12 12:11:02,2025-08-12 12:11:32,30,0.01
1246,L04,#27,GW252/13600,(4)启机状态,4,2025-08-12 12:06:02,2025-08-12 12:11:02,300,0.08
1247,L04,#27,GW252/13600,(3)待机状态,3,2025-08-12 11:57:47,2025-08-12 12:06:02,495,0.14
1248,L04,#27,GW252/13600,(2)停机状态,2,2025-08-12 11:57:46,2025-08-12 11:57:47,1,0
1249,L04,#27,GW252/13600,(1)停机过程,1,2025-08-12 11:57:14,2025-08-12 11:57:46,32,0.01
1250,L04,#27,GW252/13600,(4)启机状态,4,2025-08-12 11:52:14,2025-08-12 11:57:14,300,0.08
1251,L04,#27,GW252/13600,(3)待机状态,3,2025-08-12 11:50:59,2025-08-12 11:52:14,75,0.02
1252,L04,#27,GW252/13600,(2)停机状态,2,2025-08-12 11:50:56,2025-08-12 11:50:59,3,0
1253,L04,#27,GW252/13600,(1)停机过程,1,2025-08-12 11:50:26,2025-08-12 11:50:56,30,0.01
1254,L04,#27,GW252/13600,(4)启机状态,4,2025-08-12 11:45:26,2025-08-12 11:50:26,300,0.08
1255,L04,#27,GW252/13600,(3)待机状态,3,2025-08-12 11:44:17,2025-08-12 11:45:26,69,0.02
1256,L04,#27,GW252/13600,(2)停机状态,2,2025-08-12 11:44:16,2025-08-12 11:44:17,1,0
1257,L04,#27,GW252/13600,(1)停机过程,1,2025-08-12 11:43:44,2025-08-12 11:44:16,32,0.01
1258,L04,#27,GW252/13600,(4)启机状态,4,2025-08-12 11:38:44,2025-08-12 11:43:44,300,0.08
1259,L04,#27,GW252/13600,(3)待机状态,3,2025-08-12 11:37:46,2025-08-12 11:38:44,58,0.02
1260,L04,#27,GW252/13600,(2)停机状态,2,2025-08-12 11:37:44,2025-08-12 11:37:46,2,0
1261,L04,#27,GW252/13600,(1)停机过程,1,2025-08-12 11:37:12,2025-08-12 11:37:44,32,0.01
1262,L04,#27,GW252/13600,(4)启机状态,4,2025-08-12 11:32:12,2025-08-12 11:37:12,300,0.08
1263,L04,#27,GW252/13600,(3)待机状态,3,2025-08-12 11:31:07,2025-08-12 11:32:12,65,0.02
1264,L04,#27,GW252/13600,(2)停机状态,2,2025-08-12 11:31:06,2025-08-12 11:31:07,1,0
1265,L04,#27,GW252/13600,(1)停机过程,1,2025-08-12 11:30:34,2025-08-12 11:31:06,32,0.01
1266,L04,#27,GW252/13600,(4)启机状态,4,2025-08-12 11:25:34,2025-08-12 11:30:34,300,0.08
1267,L04,#27,GW252/13600,(3)待机状态,3,2025-08-12 11:24:26,2025-08-12 11:25:34,68,0.02
1268,L04,#27,GW252/13600,(2)停机状态,2,2025-08-12 11:24:25,2025-08-12 11:24:26,1,0
1269,L04,#27,GW252/13600,(1)停机过程,1,2025-08-12 11:23:54,2025-08-12 11:24:25,31,0.01
1270,L04,#27,GW252/13600,(4)启机状态,4,2025-08-12 11:18:54,2025-08-12 11:23:54,300,0.08
1271,L04,#27,GW252/13600,(3)待机状态,3,2025-08-12 11:17:54,2025-08-12 11:18:54,60,0.02
1272,L04,#27,GW252/13600,(2)停机状态,2,2025-08-12 11:17:52,2025-08-12 11:17:54,2,0
1273,L04,#27,GW252/13600,(1)停机过程,1,2025-08-12 11:17:21,2025-08-12 11:17:52,31,0.01
1274,L04,#27,GW252/13600,(4)启机状态,4,2025-08-12 11:12:21,2025-08-12 11:17:21,300,0.08
1275,L04,#27,GW252/13600,(3)待机状态,3,2025-08-12 11:11:19,2025-08-12 11:12:21,62,0.02
1276,L04,#27,GW252/13600,(2)停机状态,2,2025-08-12 11:11:17,2025-08-12 11:11:19,2,0
1277,L04,#27,GW252/13600,(1)停机过程,1,2025-08-12 11:10:42,2025-08-12 11:11:17,35,0.01
1278,L04,#27,GW252/13600,(4)启机状态,4,2025-08-12 11:05:41,2025-08-12 11:10:42,301,0.08
1279,L04,#27,GW252/13600,(3)待机状态,3,2025-08-12 11:03:09,2025-08-12 11:05:41,152,0.04
1280,L04,#27,GW252/13600,(2)停机状态,2,2025-08-12 11:03:08,2025-08-12 11:03:09,1,0
1281,L04,#27,GW252/13600,(1)停机过程,1,2025-08-12 11:02:36,2025-08-12 11:03:08,32,0.01
1282,L04,#27,GW252/13600,(4)启机状态,4,2025-08-12 10:57:36,2025-08-12 11:02:36,300,0.08
1283,L04,#27,GW252/13600,(3)待机状态,3,2025-08-12 10:56:26,2025-08-12 10:57:36,70,0.02
1284,L04,#27,GW252/13600,(2)停机状态,2,2025-08-12 10:56:25,2025-08-12 10:56:26,1,0
1285,L04,#27,GW252/13600,(1)停机过程,1,2025-08-12 10:55:53,2025-08-12 10:56:25,32,0.01
1286,L04,#27,GW252/13600,(4)启机状态,4,2025-08-12 10:50:53,2025-08-12 10:55:53,300,0.08
1287,L04,#27,GW252/13600,(3)待机状态,3,2025-08-12 10:44:21,2025-08-12 10:50:53,392,0.11
1288,L04,#27,GW252/13600,(2)停机状态,2,2025-08-12 10:42:05,2025-08-12 10:44:21,136,0.04
1289,L04,#27,GW252/13600,(1)停机过程,1,2025-08-12 10:41:33,2025-08-12 10:42:05,32,0.01
1290,L04,#27,GW252/13600,(4)启机状态,4,2025-08-12 10:36:33,2025-08-12 10:41:33,300,0.08
1291,L04,#27,GW252/13600,(3)待机状态,3,2025-08-12 10:35:25,2025-08-12 10:36:33,68,0.02
1292,L04,#27,GW252/13600,(2)停机状态,2,2025-08-12 10:35:23,2025-08-12 10:35:25,2,0
1293,L04,#27,GW252/13600,(1)停机过程,1,2025-08-12 10:34:30,2025-08-12 10:35:23,53,0.01
1294,L04,#27,GW252/13600,(5)发电状态,5,2025-08-11 17:07:21,2025-08-12 10:34:30,62829,17.45
1295,L04,#27,GW252/13600,(4)启机状态,4,2025-08-11 17:03:30,2025-08-11 17:07:21,231,0.06
1296,L04,#27,GW252/13600,(3)待机状态,3,2025-08-11 17:02:29,2025-08-11 17:03:30,61,0.02
1297,L04,#27,GW252/13600,(2)停机状态,2,2025-08-11 17:02:21,2025-08-11 17:02:29,8,0
1298,L04,#27,GW252/13600,(1)停机过程,1,2025-08-11 17:01:50,2025-08-11 17:02:21,31,0.01
1299,L04,#27,GW252/13600,(4)启机状态,4,2025-08-11 16:56:50,2025-08-11 17:01:50,300,0.08
1300,L04,#27,GW252/13600,(3)待机状态,3,2025-08-11 16:55:42,2025-08-11 16:56:50,68,0.02
1301,L04,#27,GW252/13600,(1)停机过程,1,2025-08-11 16:55:09,2025-08-11 16:55:42,33,0.01
1302,L04,#27,GW252/13600,(4)启机状态,4,2025-08-11 16:50:09,2025-08-11 16:55:09,300,0.08
1303,L04,#27,GW252/13600,(3)待机状态,3,2025-08-11 16:48:49,2025-08-11 16:50:09,80,0.02
1304,L04,#27,GW252/13600,(2)停机状态,2,2025-08-11 16:48:46,2025-08-11 16:48:49,3,0
1305,L04,#27,GW252/13600,(1)停机过程,1,2025-08-11 16:48:15,2025-08-11 16:48:46,31,0.01
1306,L04,#27,GW252/13600,(4)启机状态,4,2025-08-11 16:43:15,2025-08-11 16:48:15,300,0.08
1307,L04,#27,GW252/13600,(3)待机状态,3,2025-08-11 16:41:51,2025-08-11 16:43:15,84,0.02
1308,L04,#27,GW252/13600,(2)停机状态,2,2025-08-11 16:41:49,2025-08-11 16:41:51,2,0
1309,L04,#27,GW252/13600,(1)停机过程,1,2025-08-11 16:40:56,2025-08-11 16:41:49,53,0.01
1310,L04,#27,GW252/13600,(5)发电状态,5,2025-08-11 16:30:17,2025-08-11 16:40:56,639,0.18
1311,L04,#27,GW252/13600,(4)启机状态,4,2025-08-11 16:25:57,2025-08-11 16:30:17,260,0.07
1312,L04,#27,GW252/13600,(3)待机状态,3,2025-08-11 16:24:52,2025-08-11 16:25:57,65,0.02
1313,L04,#27,GW252/13600,(2)停机状态,2,2025-08-11 16:24:51,2025-08-11 16:24:52,1,0
1314,L04,#27,GW252/13600,(1)停机过程,1,2025-08-11 16:24:21,2025-08-11 16:24:51,30,0.01
1315,L04,#27,GW252/13600,(4)启机状态,4,2025-08-11 16:19:21,2025-08-11 16:24:21,300,0.08
1316,L04,#27,GW252/13600,(3)待机状态,3,2025-08-11 10:10:50,2025-08-11 16:19:21,22111,6.14
1317,L04,#27,GW252/13600,(2)停机状态,2,2025-08-11 10:10:49,2025-08-11 10:10:50,1,0
1318,L04,#27,GW252/13600,(1)停机过程,1,2025-08-11 10:10:16,2025-08-11 10:10:49,33,0.01
1319,L04,#27,GW252/13600,(4)启机状态,4,2025-08-11 10:05:17,2025-08-11 10:10:16,299,0.08
1320,L04,#27,GW252/13600,(3)待机状态,3,2025-08-11 10:04:14,2025-08-11 10:05:17,63,0.02
1321,L04,#27,GW252/13600,(2)停机状态,2,2025-08-11 10:04:12,2025-08-11 10:04:14,2,0
1322,L04,#27,GW252/13600,(1)停机过程,1,2025-08-11 10:03:21,2025-08-11 10:04:12,51,0.01
1323,L04,#27,GW252/13600,(4)启机状态,4,2025-08-11 09:58:20,2025-08-11 10:03:21,301,0.08
1324,L04,#27,GW252/13600,(3)待机状态,3,2025-08-11 09:57:22,2025-08-11 09:58:20,58,0.02
1325,L04,#27,GW252/13600,(1)停机过程,1,2025-08-11 09:56:50,2025-08-11 09:57:22,32,0.01
1326,L04,#27,GW252/13600,(4)启机状态,4,2025-08-11 09:51:50,2025-08-11 09:56:50,300,0.08
1327,L04,#27,GW252/13600,(3)待机状态,3,2025-08-11 09:50:46,2025-08-11 09:51:50,64,0.02
1328,L04,#27,GW252/13600,(2)停机状态,2,2025-08-11 09:50:45,2025-08-11 09:50:46,1,0
1329,L04,#27,GW252/13600,(1)停机过程,1,2025-08-11 09:50:13,2025-08-11 09:50:45,32,0.01
1330,L04,#27,GW252/13600,(4)启机状态,4,2025-08-11 09:45:13,2025-08-11 09:50:13,300,0.08
1331,L04,#27,GW252/13600,(3)待机状态,3,2025-08-11 09:44:06,2025-08-11 09:45:13,67,0.02
1332,L04,#27,GW252/13600,(2)停机状态,2,2025-08-11 09:44:05,2025-08-11 09:44:06,1,0
1333,L04,#27,GW252/13600,(1)停机过程,1,2025-08-11 09:43:33,2025-08-11 09:44:05,32,0.01
1334,L04,#27,GW252/13600,(4)启机状态,4,2025-08-11 09:38:33,2025-08-11 09:43:33,300,0.08
1335,L04,#27,GW252/13600,(3)待机状态,3,2025-08-11 09:37:25,2025-08-11 09:38:33,68,0.02
1336,L04,#27,GW252/13600,(1)停机过程,1,2025-08-11 09:36:31,2025-08-11 09:37:25,54,0.02
1337,L04,#27,GW252/13600,(4)启机状态,4,2025-08-11 09:31:32,2025-08-11 09:36:31,299,0.08
1338,L04,#27,GW252/13600,(3)待机状态,3,2025-08-11 09:30:15,2025-08-11 09:31:32,77,0.02
1339,L04,#27,GW252/13600,(2)停机状态,2,2025-08-11 09:30:14,2025-08-11 09:30:15,1,0
1340,L04,#27,GW252/13600,(1)停机过程,1,2025-08-11 09:29:42,2025-08-11 09:30:14,32,0.01
1341,L04,#27,GW252/13600,(4)启机状态,4,2025-08-11 09:24:42,2025-08-11 09:29:42,300,0.08
1342,L04,#27,GW252/13600,(3)待机状态,3,2025-08-11 09:23:45,2025-08-11 09:24:42,57,0.02
1343,L04,#27,GW252/13600,(2)停机状态,2,2025-08-11 09:23:44,2025-08-11 09:23:45,1,0
1344,L04,#27,GW252/13600,(1)停机过程,1,2025-08-11 09:22:52,2025-08-11 09:23:44,52,0.01
1345,L04,#27,GW252/13600,(4)启机状态,4,2025-08-11 09:17:52,2025-08-11 09:22:52,300,0.08
1346,L04,#27,GW252/13600,(3)待机状态,3,2025-08-11 09:16:52,2025-08-11 09:17:52,60,0.02
1347,L04,#27,GW252/13600,(2)停机状态,2,2025-08-11 09:16:51,2025-08-11 09:16:52,1,0
1348,L04,#27,GW252/13600,(1)停机过程,1,2025-08-11 09:16:20,2025-08-11 09:16:51,31,0.01
1349,L04,#27,GW252/13600,(4)启机状态,4,2025-08-11 09:11:20,2025-08-11 09:16:20,300,0.08
1350,L04,#27,GW252/13600,(3)待机状态,3,2025-08-11 09:10:11,2025-08-11 09:11:20,69,0.02
1351,L04,#27,GW252/13600,(2)停机状态,2,2025-08-11 09:09:36,2025-08-11 09:10:11,35,0.01
1352,L04,#27,GW252/13600,(1)停机过程,1,2025-08-11 09:09:05,2025-08-11 09:09:36,31,0.01
1353,L04,#27,GW252/13600,(4)启机状态,4,2025-08-11 09:04:04,2025-08-11 09:09:05,301,0.08
1354,L04,#27,GW252/13600,(3)待机状态,3,2025-08-11 09:02:51,2025-08-11 09:04:04,73,0.02
1355,L04,#27,GW252/13600,(2)停机状态,2,2025-08-11 09:02:43,2025-08-11 09:02:51,8,0
1356,L04,#27,GW252/13600,(1)停机过程,1,2025-08-11 09:02:12,2025-08-11 09:02:43,31,0.01
1357,L04,#27,GW252/13600,(4)启机状态,4,2025-08-11 08:57:12,2025-08-11 09:02:12,300,0.08
1358,L04,#27,GW252/13600,(3)待机状态,3,2025-08-11 08:55:49,2025-08-11 08:57:12,83,0.02
1359,L04,#27,GW252/13600,(2)停机状态,2,2025-08-11 08:55:08,2025-08-11 08:55:49,41,0.01
1360,L04,#27,GW252/13600,(1)停机过程,1,2025-08-11 08:54:37,2025-08-11 08:55:08,31,0.01
1361,L04,#27,GW252/13600,(4)启机状态,4,2025-08-11 08:49:37,2025-08-11 08:54:37,300,0.08
1362,L04,#27,GW252/13600,(3)待机状态,3,2025-08-11 08:42:24,2025-08-11 08:49:37,433,0.12
1363,L04,#27,GW252/13600,(2)停机状态,2,2025-08-11 08:40:58,2025-08-11 08:42:24,86,0.02
1364,L04,#27,GW252/13600,(1)停机过程,1,2025-08-11 08:40:27,2025-08-11 08:40:58,31,0.01
1365,L04,#27,GW252/13600,(4)启机状态,4,2025-08-11 08:35:27,2025-08-11 08:40:27,300,0.08
1366,L04,#27,GW252/13600,(3)待机状态,3,2025-08-11 08:22:31,2025-08-11 08:35:27,776,0.22
1367,L04,#27,GW252/13600,(2)停机状态,2,2025-08-11 08:21:38,2025-08-11 08:22:31,53,0.01
1368,L04,#27,GW252/13600,(1)停机过程,1,2025-08-11 08:21:06,2025-08-11 08:21:38,32,0.01
1369,L04,#27,GW252/13600,(4)启机状态,4,2025-08-11 08:16:06,2025-08-11 08:21:06,300,0.08
1370,L04,#27,GW252/13600,(3)待机状态,3,2025-08-11 07:09:40,2025-08-11 08:16:06,3986,1.11
1371,L04,#27,GW252/13600,(2)停机状态,2,2025-08-11 07:09:38,2025-08-11 07:09:40,2,0
1372,L04,#27,GW252/13600,(1)停机过程,1,2025-08-11 07:09:08,2025-08-11 07:09:38,30,0.01
1373,L04,#27,GW252/13600,(4)启机状态,4,2025-08-11 07:04:07,2025-08-11 07:09:08,301,0.08
1374,L04,#27,GW252/13600,(3)待机状态,3,2025-08-11 07:02:45,2025-08-11 07:04:07,82,0.02
1375,L04,#27,GW252/13600,(2)停机状态,2,2025-08-11 07:02:43,2025-08-11 07:02:45,2,0
1376,L04,#27,GW252/13600,(1)停机过程,1,2025-08-11 07:02:11,2025-08-11 07:02:43,32,0.01
1377,L04,#27,GW252/13600,(4)启机状态,4,2025-08-11 06:57:11,2025-08-11 07:02:11,300,0.08
1378,L04,#27,GW252/13600,(3)待机状态,3,2025-08-11 06:54:59,2025-08-11 06:57:11,132,0.04
1379,L04,#27,GW252/13600,(2)停机状态,2,2025-08-11 06:54:58,2025-08-11 06:54:59,1,0
1380,L04,#27,GW252/13600,(1)停机过程,1,2025-08-11 06:54:27,2025-08-11 06:54:58,31,0.01
1381,L04,#27,GW252/13600,(4)启机状态,4,2025-08-11 06:49:27,2025-08-11 06:54:27,300,0.08
1382,L04,#27,GW252/13600,(3)待机状态,3,2025-08-11 06:44:54,2025-08-11 06:49:27,273,0.08
1383,L04,#27,GW252/13600,(1)停机过程,1,2025-08-11 06:44:21,2025-08-11 06:44:54,33,0.01
1384,L04,#27,GW252/13600,(4)启机状态,4,2025-08-11 06:39:21,2025-08-11 06:44:21,300,0.08
1385,L04,#27,GW252/13600,(3)待机状态,3,2025-08-11 06:38:14,2025-08-11 06:39:21,67,0.02
1386,L04,#27,GW252/13600,(2)停机状态,2,2025-08-11 06:38:12,2025-08-11 06:38:14,2,0
1387,L04,#27,GW252/13600,(1)停机过程,1,2025-08-11 06:37:42,2025-08-11 06:38:12,30,0.01
1388,L04,#27,GW252/13600,(4)启机状态,4,2025-08-11 06:32:41,2025-08-11 06:37:42,301,0.08
1389,L04,#27,GW252/13600,(3)待机状态,3,2025-08-11 06:31:22,2025-08-11 06:32:41,79,0.02
1390,L04,#27,GW252/13600,(2)停机状态,2,2025-08-11 06:31:21,2025-08-11 06:31:22,1,0
1391,L04,#27,GW252/13600,(1)停机过程,1,2025-08-11 06:30:29,2025-08-11 06:31:21,52,0.01
1392,L04,#27,GW252/13600,(5)发电状态,5,2025-08-11 05:59:16,2025-08-11 06:30:29,1873,0.52
1393,L04,#27,GW252/13600,(4)启机状态,4,2025-08-11 05:54:35,2025-08-11 05:59:16,281,0.08
1394,L04,#27,GW252/13600,(3)待机状态,3,2025-08-11 05:53:35,2025-08-11 05:54:35,60,0.02
1395,L04,#27,GW252/13600,(2)停机状态,2,2025-08-11 05:53:34,2025-08-11 05:53:35,1,0
1396,L04,#27,GW252/13600,(1)停机过程,1,2025-08-11 05:53:02,2025-08-11 05:53:34,32,0.01
1397,L04,#27,GW252/13600,(4)启机状态,4,2025-08-11 05:48:02,2025-08-11 05:53:02,300,0.08
1398,L04,#27,GW252/13600,(3)待机状态,3,2025-08-11 05:46:41,2025-08-11 05:48:02,81,0.02
1399,L04,#27,GW252/13600,(2)停机状态,2,2025-08-11 05:46:36,2025-08-11 05:46:41,5,0
1400,L04,#27,GW252/13600,(1)停机过程,1,2025-08-11 05:46:04,2025-08-11 05:46:36,32,0.01
1401,L04,#27,GW252/13600,(4)启机状态,4,2025-08-11 05:41:04,2025-08-11 05:46:04,300,0.08
1402,L04,#27,GW252/13600,(3)待机状态,3,2025-08-11 05:40:02,2025-08-11 05:41:04,62,0.02
1403,L04,#27,GW252/13600,(2)停机状态,2,2025-08-11 05:40:01,2025-08-11 05:40:02,1,0
1404,L04,#27,GW252/13600,(1)停机过程,1,2025-08-11 05:39:30,2025-08-11 05:40:01,31,0.01
1405,L04,#27,GW252/13600,(4)启机状态,4,2025-08-11 05:34:30,2025-08-11 05:39:30,300,0.08
1406,L04,#27,GW252/13600,(3)待机状态,3,2025-08-11 05:32:06,2025-08-11 05:34:30,144,0.04
1407,L04,#27,GW252/13600,(2)停机状态,2,2025-08-11 05:32:05,2025-08-11 05:32:06,1,0
1408,L04,#27,GW252/13600,(1)停机过程,1,2025-08-11 05:31:32,2025-08-11 05:32:05,33,0.01
1409,L04,#27,GW252/13600,(4)启机状态,4,2025-08-11 05:26:32,2025-08-11 05:31:32,300,0.08
1410,L04,#27,GW252/13600,(3)待机状态,3,2025-08-11 05:23:26,2025-08-11 05:26:32,186,0.05
1411,L04,#27,GW252/13600,(2)停机状态,2,2025-08-11 05:23:24,2025-08-11 05:23:26,2,0
1412,L04,#27,GW252/13600,(1)停机过程,1,2025-08-11 05:22:51,2025-08-11 05:23:24,33,0.01
1413,L04,#27,GW252/13600,(4)启机状态,4,2025-08-11 05:17:52,2025-08-11 05:22:51,299,0.08
1414,L04,#27,GW252/13600,(3)待机状态,3,2025-08-11 05:16:34,2025-08-11 05:17:52,78,0.02
1415,L04,#27,GW252/13600,(2)停机状态,2,2025-08-11 05:16:33,2025-08-11 05:16:34,1,0
1416,L04,#27,GW252/13600,(1)停机过程,1,2025-08-11 05:16:02,2025-08-11 05:16:33,31,0.01
1417,L04,#27,GW252/13600,(4)启机状态,4,2025-08-11 05:11:02,2025-08-11 05:16:02,300,0.08
1418,L04,#27,GW252/13600,(3)待机状态,3,2025-08-11 05:09:39,2025-08-11 05:11:02,83,0.02
1419,L04,#27,GW252/13600,(2)停机状态,2,2025-08-11 05:09:37,2025-08-11 05:09:39,2,0
1420,L04,#27,GW252/13600,(1)停机过程,1,2025-08-11 05:09:07,2025-08-11 05:09:37,30,0.01
1421,L04,#27,GW252/13600,(4)启机状态,4,2025-08-11 05:04:06,2025-08-11 05:09:07,301,0.08
1422,L04,#27,GW252/13600,(3)待机状态,3,2025-08-11 05:02:14,2025-08-11 05:04:06,112,0.03
1423,L04,#27,GW252/13600,(2)停机状态,2,2025-08-11 05:02:13,2025-08-11 05:02:14,1,0
1424,L04,#27,GW252/13600,(1)停机过程,1,2025-08-11 05:01:21,2025-08-11 05:02:13,52,0.01
1425,L04,#27,GW252/13600,(5)发电状态,5,2025-08-10 17:52:12,2025-08-11 05:01:21,40149,11.15
1426,L04,#27,GW252/13600,(4)启机状态,4,2025-08-10 17:48:50,2025-08-10 17:52:12,202,0.06
1427,L04,#27,GW252/13600,(3)待机状态,3,2025-08-10 17:47:54,2025-08-10 17:48:50,56,0.02
1428,L04,#27,GW252/13600,(2)停机状态,2,2025-08-10 17:47:53,2025-08-10 17:47:54,1,0
1429,L04,#27,GW252/13600,(1)停机过程,1,2025-08-10 17:47:22,2025-08-10 17:47:53,31,0.01
1430,L04,#27,GW252/13600,(4)启机状态,4,2025-08-10 17:42:22,2025-08-10 17:47:22,300,0.08
1431,L04,#27,GW252/13600,(3)待机状态,3,2025-08-10 17:41:12,2025-08-10 17:42:22,70,0.02
1432,L04,#27,GW252/13600,(1)停机过程,1,2025-08-10 17:40:39,2025-08-10 17:41:12,33,0.01
1433,L04,#27,GW252/13600,(4)启机状态,4,2025-08-10 17:35:39,2025-08-10 17:40:39,300,0.08
1434,L04,#27,GW252/13600,(3)待机状态,3,2025-08-10 17:34:14,2025-08-10 17:35:39,85,0.02
1435,L04,#27,GW252/13600,(2)停机状态,2,2025-08-10 17:34:13,2025-08-10 17:34:14,1,0
1436,L04,#27,GW252/13600,(1)停机过程,1,2025-08-10 17:33:43,2025-08-10 17:34:13,30,0.01
1437,L04,#27,GW252/13600,(4)启机状态,4,2025-08-10 17:28:43,2025-08-10 17:33:43,300,0.08
1438,L04,#27,GW252/13600,(3)待机状态,3,2025-08-10 17:24:59,2025-08-10 17:28:43,224,0.06
1439,L04,#27,GW252/13600,(2)停机状态,2,2025-08-10 17:24:57,2025-08-10 17:24:59,2,0
1440,L04,#27,GW252/13600,(1)停机过程,1,2025-08-10 17:24:27,2025-08-10 17:24:57,30,0.01
1441,L04,#27,GW252/13600,(4)启机状态,4,2025-08-10 17:19:27,2025-08-10 17:24:27,300,0.08
1442,L04,#27,GW252/13600,(3)待机状态,3,2025-08-10 17:01:07,2025-08-10 17:19:27,1100,0.31
1443,L04,#27,GW252/13600,(2)停机状态,2,2025-08-10 17:01:05,2025-08-10 17:01:07,2,0
1444,L04,#27,GW252/13600,(1)停机过程,1,2025-08-10 17:00:32,2025-08-10 17:01:05,33,0.01
1445,L04,#27,GW252/13600,(4)启机状态,4,2025-08-10 16:55:32,2025-08-10 17:00:32,300,0.08
1446,L04,#27,GW252/13600,(3)待机状态,3,2025-08-10 16:53:18,2025-08-10 16:55:32,134,0.04
1447,L04,#27,GW252/13600,(2)停机状态,2,2025-08-10 16:53:16,2025-08-10 16:53:18,2,0
1448,L04,#27,GW252/13600,(1)停机过程,1,2025-08-10 16:52:46,2025-08-10 16:53:16,30,0.01
1449,L04,#27,GW252/13600,(4)启机状态,4,2025-08-10 16:47:46,2025-08-10 16:52:46,300,0.08
1450,L04,#27,GW252/13600,(3)待机状态,3,2025-08-10 16:42:09,2025-08-10 16:47:46,337,0.09
1451,L04,#27,GW252/13600,(2)停机状态,2,2025-08-10 16:42:07,2025-08-10 16:42:09,2,0
1452,L04,#27,GW252/13600,(1)停机过程,1,2025-08-10 16:41:36,2025-08-10 16:42:07,31,0.01
1453,L04,#27,GW252/13600,(4)启机状态,4,2025-08-10 16:36:36,2025-08-10 16:41:36,300,0.08
1454,L04,#27,GW252/13600,(3)待机状态,3,2025-08-10 12:21:50,2025-08-10 16:36:36,15286,4.25
1455,L04,#27,GW252/13600,(2)停机状态,2,2025-08-10 12:20:33,2025-08-10 12:21:50,77,0.02
1456,L04,#27,GW252/13600,(1)停机过程,1,2025-08-10 12:20:02,2025-08-10 12:20:33,31,0.01
1457,L04,#27,GW252/13600,(4)启机状态,4,2025-08-10 12:15:02,2025-08-10 12:20:02,300,0.08
1458,L04,#27,GW252/13600,(3)待机状态,3,2025-08-10 12:10:24,2025-08-10 12:15:02,278,0.08
1459,L04,#27,GW252/13600,(2)停机状态,2,2025-08-10 12:10:23,2025-08-10 12:10:24,1,0
1460,L04,#27,GW252/13600,(1)停机过程,1,2025-08-10 12:09:52,2025-08-10 12:10:23,31,0.01
1461,L04,#27,GW252/13600,(4)启机状态,4,2025-08-10 12:04:51,2025-08-10 12:09:52,301,0.08
1462,L04,#27,GW252/13600,(3)待机状态,3,2025-08-10 12:03:07,2025-08-10 12:04:51,104,0.03
1463,L04,#27,GW252/13600,(2)停机状态,2,2025-08-10 12:02:07,2025-08-10 12:03:07,60,0.02
1464,L04,#27,GW252/13600,(1)停机过程,1,2025-08-10 12:01:36,2025-08-10 12:02:07,31,0.01
1465,L04,#27,GW252/13600,(4)启机状态,4,2025-08-10 11:56:36,2025-08-10 12:01:36,300,0.08
1466,L04,#27,GW252/13600,(3)待机状态,3,2025-08-10 11:55:27,2025-08-10 11:56:36,69,0.02
1467,L04,#27,GW252/13600,(2)停机状态,2,2025-08-10 11:55:25,2025-08-10 11:55:27,2,0
1468,L04,#27,GW252/13600,(1)停机过程,1,2025-08-10 11:54:52,2025-08-10 11:55:25,33,0.01
1469,L04,#27,GW252/13600,(4)启机状态,4,2025-08-10 11:49:53,2025-08-10 11:54:52,299,0.08
1470,L04,#27,GW252/13600,(3)待机状态,3,2025-08-10 11:48:47,2025-08-10 11:49:53,66,0.02
1471,L04,#27,GW252/13600,(2)停机状态,2,2025-08-10 11:48:46,2025-08-10 11:48:47,1,0
1472,L04,#27,GW252/13600,(1)停机过程,1,2025-08-10 11:48:16,2025-08-10 11:48:46,30,0.01
1473,L04,#27,GW252/13600,(4)启机状态,4,2025-08-10 11:43:15,2025-08-10 11:48:16,301,0.08
1474,L04,#27,GW252/13600,(3)待机状态,3,2025-08-10 06:30:48,2025-08-10 11:43:15,18747,5.21
1475,L04,#27,GW252/13600,(2)停机状态,2,2025-08-10 06:27:00,2025-08-10 06:30:48,228,0.06
1476,L04,#27,GW252/13600,(1)停机过程,1,2025-08-10 06:26:27,2025-08-10 06:27:00,33,0.01
1477,L04,#27,GW252/13600,(4)启机状态,4,2025-08-10 06:21:28,2025-08-10 06:26:27,299,0.08
1478,L04,#27,GW252/13600,(3)待机状态,3,2025-08-10 06:15:24,2025-08-10 06:21:28,364,0.1
1479,L04,#27,GW252/13600,(2)停机状态,2,2025-08-10 06:15:23,2025-08-10 06:15:24,1,0
1480,L04,#27,GW252/13600,(1)停机过程,1,2025-08-10 06:14:52,2025-08-10 06:15:23,31,0.01
1481,L04,#27,GW252/13600,(4)启机状态,4,2025-08-10 06:09:52,2025-08-10 06:14:52,300,0.08
1482,L04,#27,GW252/13600,(3)待机状态,3,2025-08-10 06:05:20,2025-08-10 06:09:52,272,0.08
1483,L04,#27,GW252/13600,(2)停机状态,2,2025-08-10 06:05:18,2025-08-10 06:05:20,2,0
1484,L04,#27,GW252/13600,(1)停机过程,1,2025-08-10 06:04:47,2025-08-10 06:05:18,31,0.01
1485,L04,#27,GW252/13600,(4)启机状态,4,2025-08-10 05:59:46,2025-08-10 06:04:47,301,0.08
1486,L04,#27,GW252/13600,(3)待机状态,3,2025-08-10 05:58:34,2025-08-10 05:59:46,72,0.02
1487,L04,#27,GW252/13600,(2)停机状态,2,2025-08-10 05:58:33,2025-08-10 05:58:34,1,0
1488,L04,#27,GW252/13600,(1)停机过程,1,2025-08-10 05:58:01,2025-08-10 05:58:33,32,0.01
1489,L04,#27,GW252/13600,(4)启机状态,4,2025-08-10 05:53:01,2025-08-10 05:58:01,300,0.08
1490,L04,#27,GW252/13600,(3)待机状态,3,2025-08-10 05:51:52,2025-08-10 05:53:01,69,0.02
1491,L04,#27,GW252/13600,(2)停机状态,2,2025-08-10 05:51:51,2025-08-10 05:51:52,1,0
1492,L04,#27,GW252/13600,(1)停机过程,1,2025-08-10 05:51:20,2025-08-10 05:51:51,31,0.01
1493,L04,#27,GW252/13600,(4)启机状态,4,2025-08-10 05:46:20,2025-08-10 05:51:20,300,0.08
1494,L04,#27,GW252/13600,(3)待机状态,3,2025-08-10 05:45:06,2025-08-10 05:46:20,74,0.02
1495,L04,#27,GW252/13600,(2)停机状态,2,2025-08-10 05:45:04,2025-08-10 05:45:06,2,0
1496,L04,#27,GW252/13600,(1)停机过程,1,2025-08-10 05:44:32,2025-08-10 05:45:04,32,0.01
1497,L04,#27,GW252/13600,(4)启机状态,4,2025-08-10 05:39:32,2025-08-10 05:44:32,300,0.08
1498,L04,#27,GW252/13600,(3)待机状态,3,2025-08-10 05:38:17,2025-08-10 05:39:32,75,0.02
1499,L04,#27,GW252/13600,(2)停机状态,2,2025-08-10 05:38:14,2025-08-10 05:38:17,3,0
1500,L04,#27,GW252/13600,(1)停机过程,1,2025-08-10 05:37:42,2025-08-10 05:38:14,32,0.01
1501,L04,#27,GW252/13600,(4)启机状态,4,2025-08-10 05:32:42,2025-08-10 05:37:42,300,0.08
1502,L04,#27,GW252/13600,(3)待机状态,3,2025-08-10 05:31:29,2025-08-10 05:32:42,73,0.02
1503,L04,#27,GW252/13600,(1)停机过程,1,2025-08-10 05:30:57,2025-08-10 05:31:29,32,0.01
1504,L04,#27,GW252/13600,(4)启机状态,4,2025-08-10 05:25:58,2025-08-10 05:30:57,299,0.08
1505,L04,#27,GW252/13600,(3)待机状态,3,2025-08-10 05:24:49,2025-08-10 05:25:58,69,0.02
1506,L04,#27,GW252/13600,(2)停机状态,2,2025-08-10 05:24:47,2025-08-10 05:24:49,2,0
1507,L04,#27,GW252/13600,(1)停机过程,1,2025-08-10 05:24:15,2025-08-10 05:24:47,32,0.01
1508,L04,#27,GW252/13600,(4)启机状态,4,2025-08-10 05:19:14,2025-08-10 05:24:15,301,0.08
1509,L04,#27,GW252/13600,(3)待机状态,3,2025-08-10 05:17:59,2025-08-10 05:19:14,75,0.02
1510,L04,#27,GW252/13600,(1)停机过程,1,2025-08-10 05:17:28,2025-08-10 05:17:59,31,0.01
1511,L04,#27,GW252/13600,(4)启机状态,4,2025-08-10 05:12:27,2025-08-10 05:17:28,301,0.08
1512,L04,#27,GW252/13600,(3)待机状态,3,2025-08-10 05:11:18,2025-08-10 05:12:27,69,0.02
1513,L04,#27,GW252/13600,(2)停机状态,2,2025-08-10 05:10:22,2025-08-10 05:11:18,56,0.02
1514,L04,#27,GW252/13600,(1)停机过程,1,2025-08-10 05:09:50,2025-08-10 05:10:22,32,0.01
1515,L04,#27,GW252/13600,(4)启机状态,4,2025-08-10 05:04:50,2025-08-10 05:09:50,300,0.08
1516,L04,#27,GW252/13600,(3)待机状态,3,2025-08-10 05:03:46,2025-08-10 05:04:50,64,0.02
1517,L04,#27,GW252/13600,(2)停机状态,2,2025-08-10 05:03:44,2025-08-10 05:03:46,2,0
1518,L04,#27,GW252/13600,(1)停机过程,1,2025-08-10 05:03:12,2025-08-10 05:03:44,32,0.01
1519,L04,#27,GW252/13600,(4)启机状态,4,2025-08-10 04:58:13,2025-08-10 05:03:12,299,0.08
1520,L04,#27,GW252/13600,(3)待机状态,3,2025-08-10 04:57:04,2025-08-10 04:58:13,69,0.02
1521,L04,#27,GW252/13600,(2)停机状态,2,2025-08-10 04:57:03,2025-08-10 04:57:04,1,0
1522,L04,#27,GW252/13600,(1)停机过程,1,2025-08-10 04:56:30,2025-08-10 04:57:03,33,0.01
1523,L04,#27,GW252/13600,(4)启机状态,4,2025-08-10 04:51:30,2025-08-10 04:56:30,300,0.08
1524,L04,#27,GW252/13600,(3)待机状态,3,2025-08-10 04:50:06,2025-08-10 04:51:30,84,0.02
1525,L04,#27,GW252/13600,(2)停机状态,2,2025-08-10 04:50:05,2025-08-10 04:50:06,1,0
1526,L04,#27,GW252/13600,(1)停机过程,1,2025-08-10 04:49:35,2025-08-10 04:50:05,30,0.01
1527,L04,#27,GW252/13600,(4)启机状态,4,2025-08-10 04:44:33,2025-08-10 04:49:35,302,0.08
1528,L04,#27,GW252/13600,(3)待机状态,3,2025-08-10 04:43:37,2025-08-10 04:44:33,56,0.02
1529,L04,#27,GW252/13600,(2)停机状态,2,2025-08-10 04:43:36,2025-08-10 04:43:37,1,0
1530,L04,#27,GW252/13600,(1)停机过程,1,2025-08-10 04:43:04,2025-08-10 04:43:36,32,0.01
1531,L04,#27,GW252/13600,(4)启机状态,4,2025-08-10 04:38:03,2025-08-10 04:43:04,301,0.08
1532,L04,#27,GW252/13600,(3)待机状态,3,2025-08-10 04:35:18,2025-08-10 04:38:03,165,0.05
1533,L04,#27,GW252/13600,(1)停机过程,1,2025-08-10 04:34:24,2025-08-10 04:35:18,54,0.02
1534,L04,#27,GW252/13600,(5)发电状态,5,2025-08-09 16:36:31,2025-08-10 04:34:24,43073,11.96
1535,L04,#27,GW252/13600,(4)启机状态,4,2025-08-09 16:33:59,2025-08-09 16:36:31,152,0.04
1536,L04,#27,GW252/13600,(3)待机状态,3,2025-08-09 16:32:58,2025-08-09 16:33:59,61,0.02
1537,L04,#27,GW252/13600,(2)停机状态,2,2025-08-09 16:32:56,2025-08-09 16:32:58,2,0
1538,L04,#27,GW252/13600,(1)停机过程,1,2025-08-09 16:32:05,2025-08-09 16:32:56,51,0.01
1539,L04,#27,GW252/13600,(4)启机状态,4,2025-08-09 16:27:04,2025-08-09 16:32:05,301,0.08
1540,L04,#27,GW252/13600,(3)待机状态,3,2025-08-09 16:26:07,2025-08-09 16:27:04,57,0.02
1541,L04,#27,GW252/13600,(2)停机状态,2,2025-08-09 16:26:06,2025-08-09 16:26:07,1,0
1542,L04,#27,GW252/13600,(1)停机过程,1,2025-08-09 16:25:35,2025-08-09 16:26:06,31,0.01
1543,L04,#27,GW252/13600,(4)启机状态,4,2025-08-09 16:20:35,2025-08-09 16:25:35,300,0.08
1544,L04,#27,GW252/13600,(3)待机状态,3,2025-08-09 16:19:35,2025-08-09 16:20:35,60,0.02
1545,L04,#27,GW252/13600,(1)停机过程,1,2025-08-09 16:18:43,2025-08-09 16:19:35,52,0.01
1546,L04,#27,GW252/13600,(4)启机状态,4,2025-08-09 16:13:42,2025-08-09 16:18:43,301,0.08
1547,L04,#27,GW252/13600,(3)待机状态,3,2025-08-09 16:12:45,2025-08-09 16:13:42,57,0.02
1548,L04,#27,GW252/13600,(2)停机状态,2,2025-08-09 16:12:42,2025-08-09 16:12:45,3,0
1549,L04,#27,GW252/13600,(1)停机过程,1,2025-08-09 16:11:49,2025-08-09 16:12:42,53,0.01
1550,L04,#27,GW252/13600,(4)启机状态,4,2025-08-09 16:06:49,2025-08-09 16:11:49,300,0.08
1551,L04,#27,GW252/13600,(3)待机状态,3,2025-08-09 16:05:50,2025-08-09 16:06:49,59,0.02
1552,L04,#27,GW252/13600,(2)停机状态,2,2025-08-09 16:05:49,2025-08-09 16:05:50,1,0
1553,L04,#27,GW252/13600,(1)停机过程,1,2025-08-09 16:05:17,2025-08-09 16:05:49,32,0.01
1554,L04,#27,GW252/13600,(4)启机状态,4,2025-08-09 16:00:17,2025-08-09 16:05:17,300,0.08
1555,L04,#27,GW252/13600,(3)待机状态,3,2025-08-09 15:59:09,2025-08-09 16:00:17,68,0.02
1556,L04,#27,GW252/13600,(2)停机状态,2,2025-08-09 15:59:07,2025-08-09 15:59:09,2,0
1557,L04,#27,GW252/13600,(1)停机过程,1,2025-08-09 15:58:35,2025-08-09 15:59:07,32,0.01
1558,L04,#27,GW252/13600,(4)启机状态,4,2025-08-09 15:53:35,2025-08-09 15:58:35,300,0.08
1559,L04,#27,GW252/13600,(3)待机状态,3,2025-08-09 15:51:09,2025-08-09 15:53:35,146,0.04
1560,L04,#27,GW252/13600,(2)停机状态,2,2025-08-09 15:50:23,2025-08-09 15:51:09,46,0.01
1561,L04,#27,GW252/13600,(1)停机过程,1,2025-08-09 15:49:51,2025-08-09 15:50:23,32,0.01
1562,L04,#27,GW252/13600,(4)启机状态,4,2025-08-09 15:44:52,2025-08-09 15:49:51,299,0.08
1563,L04,#27,GW252/13600,(3)待机状态,3,2025-08-09 15:41:08,2025-08-09 15:44:52,224,0.06
1564,L04,#27,GW252/13600,(2)停机状态,2,2025-08-09 15:41:07,2025-08-09 15:41:08,1,0
1565,L04,#27,GW252/13600,(1)停机过程,1,2025-08-09 15:40:35,2025-08-09 15:41:07,32,0.01
1566,L04,#27,GW252/13600,(4)启机状态,4,2025-08-09 15:35:34,2025-08-09 15:40:35,301,0.08
1567,L04,#27,GW252/13600,(3)待机状态,3,2025-08-09 10:23:55,2025-08-09 15:35:34,18699,5.19
1568,L04,#27,GW252/13600,(2)停机状态,2,2025-08-09 10:22:56,2025-08-09 10:23:55,59,0.02
1569,L04,#27,GW252/13600,(1)停机过程,1,2025-08-09 10:22:25,2025-08-09 10:22:56,31,0.01
1570,L04,#27,GW252/13600,(4)启机状态,4,2025-08-09 10:17:25,2025-08-09 10:22:25,300,0.08
1571,L04,#27,GW252/13600,(3)待机状态,3,2025-08-09 10:07:14,2025-08-09 10:17:25,611,0.17
1572,L04,#27,GW252/13600,(2)停机状态,2,2025-08-09 10:06:18,2025-08-09 10:07:14,56,0.02
1573,L04,#27,GW252/13600,(1)停机过程,1,2025-08-09 10:05:47,2025-08-09 10:06:18,31,0.01
1574,L04,#27,GW252/13600,(4)启机状态,4,2025-08-09 10:00:48,2025-08-09 10:05:47,299,0.08
1575,L04,#27,GW252/13600,(3)待机状态,3,2025-08-09 09:57:34,2025-08-09 10:00:48,194,0.05
1576,L04,#27,GW252/13600,(2)停机状态,2,2025-08-09 09:57:04,2025-08-09 09:57:34,30,0.01
1577,L04,#27,GW252/13600,(1)停机过程,1,2025-08-09 09:56:10,2025-08-09 09:57:04,54,0.02
1578,L04,#27,GW252/13600,(5)发电状态,5,2025-08-09 07:23:54,2025-08-09 09:56:10,9136,2.54
1579,L04,#27,GW252/13600,(4)启机状态,4,2025-08-09 07:21:15,2025-08-09 07:23:54,159,0.04
1580,L04,#27,GW252/13600,(3)待机状态,3,2025-08-09 07:20:20,2025-08-09 07:21:15,55,0.02
1581,L04,#27,GW252/13600,(2)停机状态,2,2025-08-09 07:20:19,2025-08-09 07:20:20,1,0
1582,L04,#27,GW252/13600,(1)停机过程,1,2025-08-09 07:19:47,2025-08-09 07:20:19,32,0.01
1583,L04,#27,GW252/13600,(4)启机状态,4,2025-08-09 07:14:47,2025-08-09 07:19:47,300,0.08
1584,L04,#27,GW252/13600,(3)待机状态,3,2025-08-09 07:13:42,2025-08-09 07:14:47,65,0.02
1585,L04,#27,GW252/13600,(2)停机状态,2,2025-08-09 07:13:38,2025-08-09 07:13:42,4,0
1586,L04,#27,GW252/13600,(1)停机过程,1,2025-08-09 07:13:06,2025-08-09 07:13:38,32,0.01
1587,L04,#27,GW252/13600,(4)启机状态,4,2025-08-09 07:08:07,2025-08-09 07:13:06,299,0.08
1588,L04,#27,GW252/13600,(3)待机状态,3,2025-08-09 07:07:02,2025-08-09 07:08:07,65,0.02
1589,L04,#27,GW252/13600,(1)停机过程,1,2025-08-09 07:06:30,2025-08-09 07:07:02,32,0.01
1590,L04,#27,GW252/13600,(4)启机状态,4,2025-08-09 07:01:30,2025-08-09 07:06:30,300,0.08
1591,L04,#27,GW252/13600,(3)待机状态,3,2025-08-09 07:00:13,2025-08-09 07:01:30,77,0.02
1592,L04,#27,GW252/13600,(2)停机状态,2,2025-08-09 06:58:53,2025-08-09 07:00:13,80,0.02
1593,L04,#27,GW252/13600,(1)停机过程,1,2025-08-09 06:58:22,2025-08-09 06:58:53,31,0.01
1594,L04,#27,GW252/13600,(4)启机状态,4,2025-08-09 06:53:21,2025-08-09 06:58:22,301,0.08
1595,L04,#27,GW252/13600,(3)待机状态,3,2025-08-09 05:31:12,2025-08-09 06:53:21,4929,1.37
1596,L04,#27,GW252/13600,(2)停机状态,2,2025-08-09 05:25:34,2025-08-09 05:31:12,338,0.09
1597,L04,#27,GW252/13600,(1)停机过程,1,2025-08-09 05:25:03,2025-08-09 05:25:34,31,0.01
1598,L04,#27,GW252/13600,(4)启机状态,4,2025-08-09 05:20:02,2025-08-09 05:25:03,301,0.08
1599,L04,#27,GW252/13600,(3)待机状态,3,2025-08-09 05:11:26,2025-08-09 05:20:02,516,0.14
1600,L04,#27,GW252/13600,(2)停机状态,2,2025-08-09 05:11:25,2025-08-09 05:11:26,1,0
1601,L04,#27,GW252/13600,(1)停机过程,1,2025-08-09 05:10:55,2025-08-09 05:11:25,30,0.01
1602,L04,#27,GW252/13600,(4)启机状态,4,2025-08-09 05:05:54,2025-08-09 05:10:55,301,0.08
1603,L04,#27,GW252/13600,(3)待机状态,3,2025-08-09 03:34:05,2025-08-09 05:05:54,5509,1.53
1604,L04,#27,GW252/13600,(2)停机状态,2,2025-08-09 03:28:27,2025-08-09 03:34:05,338,0.09
1605,L04,#27,GW252/13600,(1)停机过程,1,2025-08-09 03:27:57,2025-08-09 03:28:27,30,0.01
1606,L04,#27,GW252/13600,(4)启机状态,4,2025-08-09 03:22:57,2025-08-09 03:27:57,300,0.08
1607,L04,#27,GW252/13600,(3)待机状态,3,2025-08-09 03:15:27,2025-08-09 03:22:57,450,0.13
1608,L04,#27,GW252/13600,(2)停机状态,2,2025-08-09 03:14:08,2025-08-09 03:15:27,79,0.02
1609,L04,#27,GW252/13600,(1)停机过程,1,2025-08-09 03:13:37,2025-08-09 03:14:08,31,0.01
1610,L04,#27,GW252/13600,(4)启机状态,4,2025-08-09 03:08:37,2025-08-09 03:13:37,300,0.08
1611,L04,#27,GW252/13600,(3)待机状态,3,2025-08-09 03:07:25,2025-08-09 03:08:37,72,0.02
1612,L04,#27,GW252/13600,(2)停机状态,2,2025-08-09 03:07:23,2025-08-09 03:07:25,2,0
1613,L04,#27,GW252/13600,(1)停机过程,1,2025-08-09 03:06:52,2025-08-09 03:07:23,31,0.01
1614,L04,#27,GW252/13600,(4)启机状态,4,2025-08-09 03:01:53,2025-08-09 03:06:52,299,0.08
1615,L04,#27,GW252/13600,(3)待机状态,3,2025-08-09 02:53:47,2025-08-09 03:01:53,486,0.14
1616,L04,#27,GW252/13600,(2)停机状态,2,2025-08-09 02:52:01,2025-08-09 02:53:47,106,0.03
1617,L04,#27,GW252/13600,(1)停机过程,1,2025-08-09 02:51:30,2025-08-09 02:52:01,31,0.01
1618,L04,#27,GW252/13600,(4)启机状态,4,2025-08-09 02:46:30,2025-08-09 02:51:30,300,0.08
1619,L04,#27,GW252/13600,(3)待机状态,3,2025-08-09 02:45:00,2025-08-09 02:46:30,90,0.03
1620,L04,#27,GW252/13600,(1)停机过程,1,2025-08-09 02:44:27,2025-08-09 02:45:00,33,0.01
1621,L04,#27,GW252/13600,(4)启机状态,4,2025-08-09 02:39:27,2025-08-09 02:44:27,300,0.08
1622,L04,#27,GW252/13600,(3)待机状态,3,2025-08-09 02:38:27,2025-08-09 02:39:27,60,0.02
1623,L04,#27,GW252/13600,(2)停机状态,2,2025-08-09 02:38:25,2025-08-09 02:38:27,2,0
1624,L04,#27,GW252/13600,(1)停机过程,1,2025-08-09 02:37:53,2025-08-09 02:38:25,32,0.01
1625,L04,#27,GW252/13600,(4)启机状态,4,2025-08-09 02:32:54,2025-08-09 02:37:53,299,0.08
1626,L04,#27,GW252/13600,(3)待机状态,3,2025-08-09 02:31:47,2025-08-09 02:32:54,67,0.02
1627,L04,#27,GW252/13600,(1)停机过程,1,2025-08-09 02:31:14,2025-08-09 02:31:47,33,0.01
1628,L04,#27,GW252/13600,(4)启机状态,4,2025-08-09 02:26:15,2025-08-09 02:31:14,299,0.08
1629,L04,#27,GW252/13600,(3)待机状态,3,2025-08-09 02:24:44,2025-08-09 02:26:15,91,0.03
1630,L04,#27,GW252/13600,(2)停机状态,2,2025-08-09 02:24:11,2025-08-09 02:24:44,33,0.01
1631,L04,#27,GW252/13600,(1)停机过程,1,2025-08-09 02:23:38,2025-08-09 02:24:11,33,0.01
1632,L04,#27,GW252/13600,(4)启机状态,4,2025-08-09 02:18:38,2025-08-09 02:23:38,300,0.08
1633,L04,#27,GW252/13600,(3)待机状态,3,2025-08-09 02:16:46,2025-08-09 02:18:38,112,0.03
1634,L04,#27,GW252/13600,(2)停机状态,2,2025-08-09 02:16:44,2025-08-09 02:16:46,2,0
1635,L04,#27,GW252/13600,(1)停机过程,1,2025-08-09 02:15:53,2025-08-09 02:16:44,51,0.01
1636,L04,#27,GW252/13600,(5)发电状态,5,2025-08-08 21:22:46,2025-08-09 02:15:53,17587,4.89
1637,L04,#27,GW252/13600,(4)启机状态,4,2025-08-08 21:19:52,2025-08-08 21:22:46,174,0.05
1638,L04,#27,GW252/13600,(3)待机状态,3,2025-08-08 21:18:57,2025-08-08 21:19:52,55,0.02
1639,L04,#27,GW252/13600,(2)停机状态,2,2025-08-08 21:18:56,2025-08-08 21:18:57,1,0
1640,L04,#27,GW252/13600,(1)停机过程,1,2025-08-08 21:18:03,2025-08-08 21:18:56,53,0.01
1641,L04,#27,GW252/13600,(4)启机状态,4,2025-08-08 21:13:03,2025-08-08 21:18:03,300,0.08
1642,L04,#27,GW252/13600,(3)待机状态,3,2025-08-08 21:12:04,2025-08-08 21:13:03,59,0.02
1643,L04,#27,GW252/13600,(2)停机状态,2,2025-08-08 21:12:01,2025-08-08 21:12:04,3,0
1644,L04,#27,GW252/13600,(1)停机过程,1,2025-08-08 21:11:32,2025-08-08 21:12:01,29,0.01
1645,L04,#27,GW252/13600,(4)启机状态,4,2025-08-08 21:06:31,2025-08-08 21:11:32,301,0.08
1646,L04,#27,GW252/13600,(3)待机状态,3,2025-08-08 21:05:18,2025-08-08 21:06:31,73,0.02
1647,L04,#27,GW252/13600,(2)停机状态,2,2025-08-08 21:05:17,2025-08-08 21:05:18,1,0
1648,L04,#27,GW252/13600,(1)停机过程,1,2025-08-08 21:04:45,2025-08-08 21:05:17,32,0.01
1649,L04,#27,GW252/13600,(4)启机状态,4,2025-08-08 20:59:44,2025-08-08 21:04:45,301,0.08
1650,L04,#27,GW252/13600,(3)待机状态,3,2025-08-08 20:58:20,2025-08-08 20:59:44,84,0.02
1651,L04,#27,GW252/13600,(2)停机状态,2,2025-08-08 20:58:19,2025-08-08 20:58:20,1,0
1652,L04,#27,GW252/13600,(1)停机过程,1,2025-08-08 20:57:47,2025-08-08 20:58:19,32,0.01
1653,L04,#27,GW252/13600,(4)启机状态,4,2025-08-08 20:52:46,2025-08-08 20:57:47,301,0.08
1654,L04,#27,GW252/13600,(3)待机状态,3,2025-08-08 20:51:43,2025-08-08 20:52:46,63,0.02
1655,L04,#27,GW252/13600,(1)停机过程,1,2025-08-08 20:51:12,2025-08-08 20:51:43,31,0.01
1656,L04,#27,GW252/13600,(4)启机状态,4,2025-08-08 20:46:11,2025-08-08 20:51:12,301,0.08
1657,L04,#27,GW252/13600,(3)待机状态,3,2025-08-08 20:45:01,2025-08-08 20:46:11,70,0.02
1658,L04,#27,GW252/13600,(2)停机状态,2,2025-08-08 20:45:00,2025-08-08 20:45:01,1,0
1659,L04,#27,GW252/13600,(1)停机过程,1,2025-08-08 20:44:06,2025-08-08 20:45:00,54,0.02
1660,L04,#27,GW252/13600,(4)启机状态,4,2025-08-08 20:39:07,2025-08-08 20:44:06,299,0.08
1661,L04,#27,GW252/13600,(3)待机状态,3,2025-08-08 20:37:55,2025-08-08 20:39:07,72,0.02
1662,L04,#27,GW252/13600,(1)停机过程,1,2025-08-08 20:37:24,2025-08-08 20:37:55,31,0.01
1663,L04,#27,GW252/13600,(4)启机状态,4,2025-08-08 20:32:22,2025-08-08 20:37:24,302,0.08
1664,L04,#27,GW252/13600,(3)待机状态,3,2025-08-08 20:31:11,2025-08-08 20:32:22,71,0.02
1665,L04,#27,GW252/13600,(2)停机状态,2,2025-08-08 20:31:09,2025-08-08 20:31:11,2,0
1666,L04,#27,GW252/13600,(1)停机过程,1,2025-08-08 20:30:18,2025-08-08 20:31:09,51,0.01
1667,L04,#27,GW252/13600,(5)发电状态,5,2025-08-08 17:11:03,2025-08-08 20:30:18,11955,3.32
1668,L04,#27,GW252/13600,(4)启机状态,4,2025-08-08 17:07:30,2025-08-08 17:11:03,213,0.06
1669,L04,#27,GW252/13600,(3)待机状态,3,2025-08-08 17:06:36,2025-08-08 17:07:30,54,0.02
1670,L04,#27,GW252/13600,(2)停机状态,2,2025-08-08 17:06:35,2025-08-08 17:06:36,1,0
1671,L04,#27,GW252/13600,(1)停机过程,1,2025-08-08 17:06:03,2025-08-08 17:06:35,32,0.01
1672,L04,#27,GW252/13600,(4)启机状态,4,2025-08-08 17:01:03,2025-08-08 17:06:03,300,0.08
1673,L04,#27,GW252/13600,(3)待机状态,3,2025-08-08 16:55:40,2025-08-08 17:01:03,323,0.09
1674,L04,#27,GW252/13600,(2)停机状态,2,2025-08-08 16:55:37,2025-08-08 16:55:40,3,0
1675,L04,#27,GW252/13600,(1)停机过程,1,2025-08-08 16:55:05,2025-08-08 16:55:37,32,0.01
1676,L04,#27,GW252/13600,(4)启机状态,4,2025-08-08 16:50:05,2025-08-08 16:55:05,300,0.08
1677,L04,#27,GW252/13600,(3)待机状态,3,2025-08-08 16:32:13,2025-08-08 16:50:05,1072,0.3
1678,L04,#27,GW252/13600,(2)停机状态,2,2025-08-08 16:32:12,2025-08-08 16:32:13,1,0
1679,L04,#27,GW252/13600,(1)停机过程,1,2025-08-08 16:31:41,2025-08-08 16:32:12,31,0.01
1680,L04,#27,GW252/13600,(4)启机状态,4,2025-08-08 16:26:42,2025-08-08 16:31:41,299,0.08
1681,L04,#27,GW252/13600,(3)待机状态,3,2025-08-08 16:25:18,2025-08-08 16:26:42,84,0.02
1682,L04,#27,GW252/13600,(2)停机状态,2,2025-08-08 16:25:16,2025-08-08 16:25:18,2,0
1683,L04,#27,GW252/13600,(1)停机过程,1,2025-08-08 16:24:44,2025-08-08 16:25:16,32,0.01
1684,L04,#27,GW252/13600,(4)启机状态,4,2025-08-08 16:19:44,2025-08-08 16:24:44,300,0.08
1685,L04,#27,GW252/13600,(3)待机状态,3,2025-08-08 16:10:08,2025-08-08 16:19:44,576,0.16
1686,L04,#27,GW252/13600,(2)停机状态,2,2025-08-08 16:09:41,2025-08-08 16:10:08,27,0.01
1687,L04,#27,GW252/13600,(1)停机过程,1,2025-08-08 16:09:08,2025-08-08 16:09:41,33,0.01
1688,L04,#27,GW252/13600,(4)启机状态,4,2025-08-08 16:04:08,2025-08-08 16:09:08,300,0.08
1689,L04,#27,GW252/13600,(3)待机状态,3,2025-08-08 15:57:17,2025-08-08 16:04:08,411,0.11
1690,L04,#27,GW252/13600,(2)停机状态,2,2025-08-08 15:57:13,2025-08-08 15:57:17,4,0
1691,L04,#27,GW252/13600,(1)停机过程,1,2025-08-08 15:56:41,2025-08-08 15:57:13,32,0.01
1692,L04,#27,GW252/13600,(4)启机状态,4,2025-08-08 15:51:42,2025-08-08 15:56:41,299,0.08
1693,L04,#27,GW252/13600,(3)待机状态,3,2025-08-08 15:49:21,2025-08-08 15:51:42,141,0.04
1694,L04,#27,GW252/13600,(2)停机状态,2,2025-08-08 15:49:20,2025-08-08 15:49:21,1,0
1695,L04,#27,GW252/13600,(1)停机过程,1,2025-08-08 15:48:49,2025-08-08 15:49:20,31,0.01
1696,L04,#27,GW252/13600,(4)启机状态,4,2025-08-08 15:43:47,2025-08-08 15:48:49,302,0.08
1697,L04,#27,GW252/13600,(3)待机状态,3,2025-08-08 15:42:38,2025-08-08 15:43:47,69,0.02
1698,L04,#27,GW252/13600,(2)停机状态,2,2025-08-08 15:42:37,2025-08-08 15:42:38,1,0
1699,L04,#27,GW252/13600,(1)停机过程,1,2025-08-08 15:42:06,2025-08-08 15:42:37,31,0.01
1700,L04,#27,GW252/13600,(4)启机状态,4,2025-08-08 15:37:06,2025-08-08 15:42:06,300,0.08
1701,L04,#27,GW252/13600,(3)待机状态,3,2025-08-08 15:35:18,2025-08-08 15:37:06,108,0.03
1702,L04,#27,GW252/13600,(2)停机状态,2,2025-08-08 15:35:16,2025-08-08 15:35:18,2,0
1703,L04,#27,GW252/13600,(1)停机过程,1,2025-08-08 15:34:24,2025-08-08 15:35:16,52,0.01
1704,L04,#27,GW252/13600,(5)发电状态,5,2025-08-08 14:00:10,2025-08-08 15:34:24,5654,1.57
1705,L04,#27,GW252/13600,(4)启机状态,4,2025-08-08 13:55:40,2025-08-08 14:00:10,270,0.08
1706,L04,#27,GW252/13600,(3)待机状态,3,2025-08-08 13:54:37,2025-08-08 13:55:40,63,0.02
1707,L04,#27,GW252/13600,(2)停机状态,2,2025-08-08 13:54:35,2025-08-08 13:54:37,2,0
1708,L04,#27,GW252/13600,(1)停机过程,1,2025-08-08 13:53:42,2025-08-08 13:54:35,53,0.01
1709,L04,#27,GW252/13600,(4)启机状态,4,2025-08-08 13:48:42,2025-08-08 13:53:42,300,0.08
1710,L04,#27,GW252/13600,(3)待机状态,3,2025-08-08 13:47:29,2025-08-08 13:48:42,73,0.02
1711,L04,#27,GW252/13600,(2)停机状态,2,2025-08-08 13:10:47,2025-08-08 13:47:29,2202,0.61
1712,L04,#27,GW252/13600,(1)停机过程,1,2025-08-08 13:10:00,2025-08-08 13:10:47,47,0.01
1713,L04,#27,GW252/13600,(5)发电状态,5,2025-08-07 13:09:30,2025-08-08 13:10:00,86430,24.01
1714,L04,#27,GW252/13600,(4)启机状态,4,2025-08-07 13:08:34,2025-08-07 13:09:30,56,0.02
1715,L04,#27,GW252/13600,(3)待机状态,3,2025-08-07 13:07:53,2025-08-07 13:08:34,41,0.01
1716,L04,#27,GW252/13600,(2)停机状态,2,2025-08-07 13:06:10,2025-08-07 13:07:53,103,0.03
1717,L04,#27,GW252/13600,(1)停机过程,1,2025-08-07 13:05:20,2025-08-07 13:06:10,50,0.01
1718,L04,#27,GW252/13600,(5)发电状态,5,2025-08-06 13:04:44,2025-08-07 13:05:20,86436,24.01
1719,L04,#27,GW252/13600,(4)启机状态,4,2025-08-06 13:02:14,2025-08-06 13:04:44,150,0.04
1720,L04,#27,GW252/13600,(3)待机状态,3,2025-08-06 13:01:17,2025-08-06 13:02:14,57,0.02
1721,L04,#27,GW252/13600,(2)停机状态,2,2025-08-06 13:01:15,2025-08-06 13:01:17,2,0
1722,L04,#27,GW252/13600,(1)停机过程,1,2025-08-06 13:00:36,2025-08-06 13:01:15,39,0.01
1723,L04,#27,GW252/13600,(4)启机状态,4,2025-08-06 12:55:34,2025-08-06 13:00:36,302,0.08
1724,L04,#27,GW252/13600,(3)待机状态,3,2025-08-06 12:54:19,2025-08-06 12:55:34,75,0.02
1725,L04,#27,GW252/13600,(2)停机状态,2,2025-08-06 12:54:18,2025-08-06 12:54:19,1,0
1726,L04,#27,GW252/13600,(1)停机过程,1,2025-08-06 12:53:47,2025-08-06 12:54:18,31,0.01
1727,L04,#27,GW252/13600,(4)启机状态,4,2025-08-06 12:48:47,2025-08-06 12:53:47,300,0.08
1728,L04,#27,GW252/13600,(3)待机状态,3,2025-08-06 12:47:23,2025-08-06 12:48:47,84,0.02
1729,L04,#27,GW252/13600,(2)停机状态,2,2025-08-06 12:47:22,2025-08-06 12:47:23,1,0
1730,L04,#27,GW252/13600,(1)停机过程,1,2025-08-06 12:46:50,2025-08-06 12:47:22,32,0.01
1731,L04,#27,GW252/13600,(4)启机状态,4,2025-08-06 12:41:51,2025-08-06 12:46:50,299,0.08
1732,L04,#27,GW252/13600,(3)待机状态,3,2025-08-06 12:40:28,2025-08-06 12:41:51,83,0.02
1733,L04,#27,GW252/13600,(2)停机状态,2,2025-08-06 12:40:26,2025-08-06 12:40:28,2,0
1734,L04,#27,GW252/13600,(1)停机过程,1,2025-08-06 12:39:56,2025-08-06 12:40:26,30,0.01
1735,L04,#27,GW252/13600,(4)启机状态,4,2025-08-06 12:34:55,2025-08-06 12:39:56,301,0.08
1736,L04,#27,GW252/13600,(3)待机状态,3,2025-08-06 10:40:36,2025-08-06 12:34:55,6859,1.91
1737,L04,#27,GW252/13600,(2)停机状态,2,2025-08-06 10:40:29,2025-08-06 10:40:36,7,0
1738,L04,#27,GW252/13600,(1)停机过程,1,2025-08-06 10:39:35,2025-08-06 10:40:29,54,0.02
1739,L04,#27,GW252/13600,(5)发电状态,5,2025-08-06 06:41:02,2025-08-06 10:39:35,14313,3.98
1740,L04,#27,GW252/13600,(4)启机状态,4,2025-08-06 06:40:26,2025-08-06 06:41:02,36,0.01
1741,L04,#27,GW252/13600,(3)待机状态,3,2025-08-06 06:39:57,2025-08-06 06:40:26,29,0.01
1742,L04,#27,GW252/13600,(2)停机状态,2,2025-08-06 06:39:55,2025-08-06 06:39:57,2,0
1743,L04,#27,GW252/13600,(1)停机过程,1,2025-08-06 06:39:45,2025-08-06 06:39:55,10,0
1744,L04,#27,GW252/13600,(9)维护状态,9,2025-08-06 06:39:02,2025-08-06 06:39:45,43,0.01
1745,L04,#27,GW252/13600,(2)停机状态,2,2025-08-06 06:34:50,2025-08-06 06:39:02,252,0.07
1746,L04,#27,GW252/13600,(1)停机过程,1,2025-08-06 06:34:01,2025-08-06 06:34:50,49,0.01
1747,L04,#27,GW252/13600,(5)发电状态,5,2025-08-05 21:31:23,2025-08-06 06:34:01,32558,9.04
1748,L04,#27,GW252/13600,(4)启机状态,4,2025-08-05 21:29:36,2025-08-05 21:31:23,107,0.03
1749,L04,#27,GW252/13600,(3)待机状态,3,2025-08-05 21:28:42,2025-08-05 21:29:36,54,0.02
1750,L04,#27,GW252/13600,(2)停机状态,2,2025-08-05 20:52:02,2025-08-05 21:28:42,2200,0.61
1751,L04,#27,GW252/13600,(1)停机过程,1,2025-08-05 20:51:08,2025-08-05 20:52:02,54,0.02
1752,L04,#27,GW252/13600,(5)发电状态,5,2025-08-04 15:41:21,2025-08-05 20:51:08,104987,29.16
1753,L04,#27,GW252/13600,(4)启机状态,4,2025-08-04 15:40:46,2025-08-04 15:41:21,35,0.01
1754,L04,#27,GW252/13600,(3)待机状态,3,2025-08-04 15:40:13,2025-08-04 15:40:46,33,0.01
1755,L04,#27,GW252/13600,(2)停机状态,2,2025-08-04 15:40:11,2025-08-04 15:40:13,2,0
1756,L04,#27,GW252/13600,(1)停机过程,1,2025-08-04 15:40:00,2025-08-04 15:40:11,11,0
1757,L04,#27,GW252/13600,(9)维护状态,9,2025-08-04 15:35:06,2025-08-04 15:40:00,294,0.08
1758,L04,#27,GW252/13600,(2)停机状态,2,2025-08-04 11:37:03,2025-08-04 15:35:06,14283,3.97
1759,L04,#27,GW252/13600,(1)停机过程,1,2025-08-04 11:36:13,2025-08-04 11:37:03,50,0.01
1760,L04,#27,GW252/13600,(5)发电状态,5,2025-08-04 11:01:39,2025-08-04 11:36:13,2074,0.58
1761,L04,#27,GW252/13600,(4)启机状态,4,2025-08-04 11:01:06,2025-08-04 11:01:39,33,0.01
1762,L04,#27,GW252/13600,(3)待机状态,3,2025-08-04 11:00:32,2025-08-04 11:01:06,34,0.01
1763,L04,#27,GW252/13600,(2)停机状态,2,2025-08-04 09:43:19,2025-08-04 11:00:32,4633,1.29
1764,L04,#27,GW252/13600,(1)停机过程,1,2025-08-04 09:42:29,2025-08-04 09:43:19,50,0.01
1765,L04,#27,GW252/13600,(5)发电状态,5,2025-08-04 08:26:12,2025-08-04 09:42:29,4577,1.27
1766,L04,#27,GW252/13600,(4)启机状态,4,2025-08-04 08:25:37,2025-08-04 08:26:12,35,0.01
1767,L04,#27,GW252/13600,(3)待机状态,3,2025-08-04 08:25:05,2025-08-04 08:25:37,32,0.01
1768,L04,#27,GW252/13600,(2)停机状态,2,2025-08-04 08:25:02,2025-08-04 08:25:05,3,0
1769,L04,#27,GW252/13600,(1)停机过程,1,2025-08-04 08:24:52,2025-08-04 08:25:02,10,0
1770,L04,#27,GW252/13600,(9)维护状态,9,2025-08-04 08:23:26,2025-08-04 08:24:52,86,0.02
1771,L04,#27,GW252/13600,(2)停机状态,2,2025-08-04 07:55:30,2025-08-04 08:23:26,1676,0.47
1772,L04,#27,GW252/13600,(1)停机过程,1,2025-08-04 07:54:39,2025-08-04 07:55:30,51,0.01
1773,L04,#27,GW252/13600,(5)发电状态,5,2025-08-04 07:39:05,2025-08-04 07:54:39,934,0.26
1774,L04,#27,GW252/13600,(4)启机状态,4,2025-08-04 07:38:28,2025-08-04 07:39:05,37,0.01
1775,L04,#27,GW252/13600,(3)待机状态,3,2025-08-04 07:37:55,2025-08-04 07:38:28,33,0.01
1776,L04,#27,GW252/13600,(2)停机状态,2,2025-08-04 07:37:52,2025-08-04 07:37:55,3,0
1777,L04,#27,GW252/13600,(1)停机过程,1,2025-08-04 07:37:42,2025-08-04 07:37:52,10,0
1778,L04,#27,GW252/13600,(9)维护状态,9,2025-08-04 07:36:22,2025-08-04 07:37:42,80,0.02
1779,L04,#27,GW252/13600,(2)停机状态,2,2025-08-04 07:33:23,2025-08-04 07:36:22,179,0.05
1780,L04,#27,GW252/13600,(1)停机过程,1,2025-08-04 07:32:32,2025-08-04 07:33:23,51,0.01
1781,L04,#27,GW252/13600,(5)发电状态,5,2025-08-04 07:03:45,2025-08-04 07:32:32,1727,0.48
1782,L04,#27,GW252/13600,(4)启机状态,4,2025-08-04 07:03:08,2025-08-04 07:03:45,37,0.01
1783,L04,#27,GW252/13600,(3)待机状态,3,2025-08-04 07:02:35,2025-08-04 07:03:08,33,0.01
1784,L04,#27,GW252/13600,(2)停机状态,2,2025-08-04 07:02:31,2025-08-04 07:02:35,4,0
1785,L04,#27,GW252/13600,(1)停机过程,1,2025-08-04 07:02:21,2025-08-04 07:02:31,10,0
1786,L04,#27,GW252/13600,(9)维护状态,9,2025-08-04 07:00:40,2025-08-04 07:02:21,101,0.03
1787,L04,#27,GW252/13600,(2)停机状态,2,2025-08-04 06:57:43,2025-08-04 07:00:40,177,0.05
1788,L04,#27,GW252/13600,(1)停机过程,1,2025-08-04 06:56:52,2025-08-04 06:57:43,51,0.01
1789,L04,#27,GW252/13600,(5)发电状态,5,2025-08-04 06:40:04,2025-08-04 06:56:52,1008,0.28
1790,L04,#27,GW252/13600,(4)启机状态,4,2025-08-04 06:39:29,2025-08-04 06:40:04,35,0.01
1791,L04,#27,GW252/13600,(3)待机状态,3,2025-08-04 06:38:55,2025-08-04 06:39:29,34,0.01
1792,L04,#27,GW252/13600,(2)停机状态,2,2025-08-04 06:38:54,2025-08-04 06:38:55,1,0
1793,L04,#27,GW252/13600,(1)停机过程,1,2025-08-04 06:38:44,2025-08-04 06:38:54,10,0
1794,L04,#27,GW252/13600,(9)维护状态,9,2025-08-04 06:37:36,2025-08-04 06:38:44,68,0.02
1795,L04,#27,GW252/13600,(2)停机状态,2,2025-08-04 06:33:47,2025-08-04 06:37:36,229,0.06
1796,L04,#27,GW252/13600,(1)停机过程,1,2025-08-04 06:32:56,2025-08-04 06:33:47,51,0.01
1797,L04,#27,GW252/13600,(5)发电状态,5,2025-08-04 06:17:16,2025-08-04 06:32:56,940,0.26
1798,L04,#27,GW252/13600,(4)启机状态,4,2025-08-04 06:16:40,2025-08-04 06:17:16,36,0.01
1799,L04,#27,GW252/13600,(3)待机状态,3,2025-08-04 06:16:08,2025-08-04 06:16:40,32,0.01
1800,L04,#27,GW252/13600,(2)停机状态,2,2025-08-04 06:16:04,2025-08-04 06:16:08,4,0
1801,L04,#27,GW252/13600,(1)停机过程,1,2025-08-04 06:15:54,2025-08-04 06:16:04,10,0
1802,L04,#27,GW252/13600,(9)维护状态,9,2025-08-04 06:14:52,2025-08-04 06:15:54,62,0.02
1803,L04,#27,GW252/13600,(2)停机状态,2,2025-08-04 06:09:03,2025-08-04 06:14:52,349,0.1
1804,L04,#27,GW252/13600,(1)停机过程,1,2025-08-04 06:08:10,2025-08-04 06:09:03,53,0.01
1805,L04,#27,GW252/13600,(5)发电状态,5,2025-08-04 05:38:58,2025-08-04 06:08:10,1752,0.49
1806,L04,#27,GW252/13600,(4)启机状态,4,2025-08-04 05:38:19,2025-08-04 05:38:58,39,0.01
1807,L04,#27,GW252/13600,(3)待机状态,3,2025-08-04 05:37:44,2025-08-04 05:38:19,35,0.01
1808,L04,#27,GW252/13600,(2)停机状态,2,2025-08-04 05:37:41,2025-08-04 05:37:44,3,0
1809,L04,#27,GW252/13600,(1)停机过程,1,2025-08-04 05:37:31,2025-08-04 05:37:41,10,0
1810,L04,#27,GW252/13600,(9)维护状态,9,2025-08-04 05:36:39,2025-08-04 05:37:31,52,0.01
1811,L04,#27,GW252/13600,(2)停机状态,2,2025-08-04 05:33:18,2025-08-04 05:36:39,201,0.06
1812,L04,#27,GW252/13600,(1)停机过程,1,2025-08-04 05:32:27,2025-08-04 05:33:18,51,0.01
1813,L04,#27,GW252/13600,(5)发电状态,5,2025-08-04 05:16:54,2025-08-04 05:32:27,933,0.26
1814,L04,#27,GW252/13600,(4)启机状态,4,2025-08-04 05:16:10,2025-08-04 05:16:54,44,0.01
1815,L04,#27,GW252/13600,(3)待机状态,3,2025-08-04 05:15:35,2025-08-04 05:16:10,35,0.01
1816,L04,#27,GW252/13600,(2)停机状态,2,2025-08-04 05:15:33,2025-08-04 05:15:35,2,0
1817,L04,#27,GW252/13600,(1)停机过程,1,2025-08-04 05:15:22,2025-08-04 05:15:33,11,0
1818,L04,#27,GW252/13600,(9)维护状态,9,2025-08-04 05:14:28,2025-08-04 05:15:22,54,0.02
1819,L04,#27,GW252/13600,(2)停机状态,2,2025-08-04 05:09:52,2025-08-04 05:14:28,276,0.08
1820,L04,#27,GW252/13600,(1)停机过程,1,2025-08-04 05:08:59,2025-08-04 05:09:52,53,0.01
1821,L04,#27,GW252/13600,(5)发电状态,5,2025-08-04 04:53:09,2025-08-04 05:08:59,950,0.26
1822,L04,#27,GW252/13600,(4)启机状态,4,2025-08-04 04:52:24,2025-08-04 04:53:09,45,0.01
1823,L04,#27,GW252/13600,(3)待机状态,3,2025-08-04 04:51:48,2025-08-04 04:52:24,36,0.01
1824,L04,#27,GW252/13600,(2)停机状态,2,2025-08-04 04:51:44,2025-08-04 04:51:48,4,0
1825,L04,#27,GW252/13600,(1)停机过程,1,2025-08-04 04:51:34,2025-08-04 04:51:44,10,0
1826,L04,#27,GW252/13600,(9)维护状态,9,2025-08-04 04:50:46,2025-08-04 04:51:34,48,0.01
1827,L04,#27,GW252/13600,(2)停机状态,2,2025-08-04 04:47:05,2025-08-04 04:50:46,221,0.06
1828,L04,#27,GW252/13600,(1)停机过程,1,2025-08-04 04:46:13,2025-08-04 04:47:05,52,0.01
1829,L04,#27,GW252/13600,(5)发电状态,5,2025-08-04 04:08:53,2025-08-04 04:46:13,2240,0.62
1830,L04,#27,GW252/13600,(4)启机状态,4,2025-08-04 04:08:06,2025-08-04 04:08:53,47,0.01
1831,L04,#27,GW252/13600,(3)待机状态,3,2025-08-04 04:07:29,2025-08-04 04:08:06,37,0.01
1832,L04,#27,GW252/13600,(2)停机状态,2,2025-08-04 04:07:27,2025-08-04 04:07:29,2,0
1833,L04,#27,GW252/13600,(1)停机过程,1,2025-08-04 04:07:17,2025-08-04 04:07:27,10,0
1834,L04,#27,GW252/13600,(9)维护状态,9,2025-08-04 04:06:29,2025-08-04 04:07:17,48,0.01
1835,L04,#27,GW252/13600,(2)停机状态,2,2025-08-04 04:02:49,2025-08-04 04:06:29,220,0.06
1836,L04,#27,GW252/13600,(1)停机过程,1,2025-08-04 04:01:57,2025-08-04 04:02:49,52,0.01
1837,L04,#27,GW252/13600,(5)发电状态,5,2025-08-04 03:45:23,2025-08-04 04:01:57,994,0.28
1838,L04,#27,GW252/13600,(4)启机状态,4,2025-08-04 03:44:41,2025-08-04 03:45:23,42,0.01
1839,L04,#27,GW252/13600,(3)待机状态,3,2025-08-04 03:44:06,2025-08-04 03:44:41,35,0.01
1840,L04,#27,GW252/13600,(2)停机状态,2,2025-08-04 03:44:03,2025-08-04 03:44:06,3,0
1841,L04,#27,GW252/13600,(1)停机过程,1,2025-08-04 03:43:53,2025-08-04 03:44:03,10,0
1842,L04,#27,GW252/13600,(9)维护状态,9,2025-08-04 03:43:07,2025-08-04 03:43:53,46,0.01
1843,L04,#27,GW252/13600,(2)停机状态,2,2025-08-04 03:39:30,2025-08-04 03:43:07,217,0.06
1844,L04,#27,GW252/13600,(1)停机过程,1,2025-08-04 03:38:39,2025-08-04 03:39:30,51,0.01
1845,L04,#27,GW252/13600,(5)发电状态,5,2025-08-04 03:19:59,2025-08-04 03:38:39,1120,0.31
1846,L04,#27,GW252/13600,(4)启机状态,4,2025-08-04 03:19:19,2025-08-04 03:19:59,40,0.01
1847,L04,#27,GW252/13600,(3)待机状态,3,2025-08-04 03:18:44,2025-08-04 03:19:19,35,0.01
1848,L04,#27,GW252/13600,(2)停机状态,2,2025-08-04 03:18:41,2025-08-04 03:18:44,3,0
1849,L04,#27,GW252/13600,(1)停机过程,1,2025-08-04 03:18:31,2025-08-04 03:18:41,10,0
1850,L04,#27,GW252/13600,(9)维护状态,9,2025-08-04 03:17:49,2025-08-04 03:18:31,42,0.01
1851,L04,#27,GW252/13600,(2)停机状态,2,2025-08-04 03:13:13,2025-08-04 03:17:49,276,0.08
1852,L04,#27,GW252/13600,(1)停机过程,1,2025-08-04 03:12:21,2025-08-04 03:13:13,52,0.01
1853,L04,#27,GW252/13600,(5)发电状态,5,2025-08-04 02:51:39,2025-08-04 03:12:21,1242,0.35
1854,L04,#27,GW252/13600,(4)启机状态,4,2025-08-04 02:50:30,2025-08-04 02:51:39,69,0.02
1855,L04,#27,GW252/13600,(3)待机状态,3,2025-08-04 02:49:42,2025-08-04 02:50:30,48,0.01
1856,L04,#27,GW252/13600,(2)停机状态,2,2025-08-04 02:49:36,2025-08-04 02:49:42,6,0
1857,L04,#27,GW252/13600,(1)停机过程,1,2025-08-04 02:49:26,2025-08-04 02:49:36,10,0
1858,L04,#27,GW252/13600,(9)维护状态,9,2025-08-03 23:30:51,2025-08-04 02:49:26,11915,3.31
1859,L04,#27,GW252/13600,(2)停机状态,2,2025-08-03 22:51:49,2025-08-03 23:30:51,2342,0.65
1860,L04,#27,GW252/13600,(1)停机过程,1,2025-08-03 22:50:58,2025-08-03 22:51:49,51,0.01
1861,L04,#27,GW252/13600,(5)发电状态,5,2025-08-03 22:49:21,2025-08-03 22:50:58,97,0.03
1862,L04,#27,GW252/13600,(4)启机状态,4,2025-08-03 22:48:36,2025-08-03 22:49:21,45,0.01
1863,L04,#27,GW252/13600,(3)待机状态,3,2025-08-03 22:48:01,2025-08-03 22:48:36,35,0.01
1864,L04,#27,GW252/13600,(2)停机状态,2,2025-08-03 22:48:00,2025-08-03 22:48:01,1,0
1865,L04,#27,GW252/13600,(1)停机过程,1,2025-08-03 22:47:50,2025-08-03 22:48:00,10,0
1866,L04,#27,GW252/13600,(9)维护状态,9,2025-08-03 22:46:28,2025-08-03 22:47:50,82,0.02
1867,L04,#27,GW252/13600,(2)停机状态,2,2025-08-03 22:43:45,2025-08-03 22:46:28,163,0.05
1868,L04,#27,GW252/13600,(1)停机过程,1,2025-08-03 22:43:41,2025-08-03 22:43:45,4,0
1869,L04,#27,GW252/13600,(9)维护状态,9,2025-08-03 22:39:55,2025-08-03 22:43:41,226,0.06
1870,L04,#27,GW252/13600,(2)停机状态,2,2025-08-03 20:46:35,2025-08-03 22:39:55,6800,1.89
1871,L04,#27,GW252/13600,(1)停机过程,1,2025-08-03 20:45:43,2025-08-03 20:46:35,52,0.01
1872,L04,#27,GW252/13600,(5)发电状态,5,2025-08-03 20:15:07,2025-08-03 20:45:43,1836,0.51
1873,L04,#27,GW252/13600,(4)启机状态,4,2025-08-03 20:14:24,2025-08-03 20:15:07,43,0.01
1874,L04,#27,GW252/13600,(3)待机状态,3,2025-08-03 20:13:46,2025-08-03 20:14:24,38,0.01
1875,L04,#27,GW252/13600,(2)停机状态,2,2025-08-03 14:13:59,2025-08-03 20:13:46,21587,6
1876,L04,#27,GW252/13600,(1)停机过程,1,2025-08-03 14:13:07,2025-08-03 14:13:59,52,0.01
1877,L04,#27,GW252/13600,(5)发电状态,5,2025-08-03 13:57:22,2025-08-03 14:13:07,945,0.26
1878,L04,#27,GW252/13600,(4)启机状态,4,2025-08-03 13:56:40,2025-08-03 13:57:22,42,0.01
1879,L04,#27,GW252/13600,(3)待机状态,3,2025-08-03 13:56:06,2025-08-03 13:56:40,34,0.01
1880,L04,#27,GW252/13600,(2)停机状态,2,2025-08-03 13:54:41,2025-08-03 13:56:06,85,0.02
1881,L04,#27,GW252/13600,(1)停机过程,1,2025-08-03 13:54:31,2025-08-03 13:54:41,10,0
1882,L04,#27,GW252/13600,(9)维护状态,9,2025-08-03 13:50:15,2025-08-03 13:54:31,256,0.07
1883,L04,#27,GW252/13600,(2)停机状态,2,2025-08-03 13:48:42,2025-08-03 13:50:15,93,0.03
1884,L04,#27,GW252/13600,(1)停机过程,1,2025-08-03 13:48:32,2025-08-03 13:48:42,10,0
1885,L04,#27,GW252/13600,(9)维护状态,9,2025-08-03 05:43:52,2025-08-03 13:48:32,29080,8.08
1886,L04,#27,GW252/13600,(2)停机状态,2,2025-08-03 05:01:30,2025-08-03 05:43:52,2542,0.71
1887,L04,#27,GW252/13600,(9)维护状态,9,2025-08-01 14:22:43,2025-08-03 05:01:30,139127,38.65
1888,L04,#27,GW252/13600,(1)停机过程,1,2025-08-01 14:22:33,2025-08-01 14:22:43,10,0
1889,L04,#27,GW252/13600,(9)维护状态,9,2025-08-01 14:19:28,2025-08-01 14:22:33,185,0.05
1890,L04,#27,GW252/13600,(2)停机状态,2,2025-08-01 14:14:01,2025-08-01 14:19:28,327,0.09
1891,L04,#27,GW252/13600,(1)停机过程,1,2025-08-01 14:13:57,2025-08-01 14:14:01,4,0
1892,L04,#27,GW252/13600,(2)停机状态,2,2025-08-01 14:06:35,2025-08-01 14:13:57,442,0.12
1893,L04,#27,GW252/13600,(1)停机过程,1,2025-08-01 14:06:31,2025-08-01 14:06:35,4,0
1894,L04,#27,GW252/13600,(9)维护状态,9,2025-08-01 14:02:45,2025-08-01 14:06:31,226,0.06
1895,L04,#27,GW252/13600,(2)停机状态,2,2025-08-01 13:58:07,2025-08-01 14:02:45,278,0.08
1896,L04,#27,GW252/13600,(1)停机过程,1,2025-08-01 13:57:57,2025-08-01 13:58:07,10,0
1897,L04,#27,GW252/13600,(9)维护状态,9,2025-08-01 13:29:13,2025-08-01 13:57:57,1724,0.48
1898,L04,#27,GW252/13600,(2)停机状态,2,2025-08-01 13:23:39,2025-08-01 13:29:13,334,0.09
1899,L04,#27,GW252/13600,(1)停机过程,1,2025-08-01 13:23:29,2025-08-01 13:23:39,10,0
1900,L04,#27,GW252/13600,(9)维护状态,9,2025-07-24 01:20:33,2025-08-01 13:23:29,734576,204.05
1901,L04,#27,GW252/13600,(1)停机过程,1,2025-07-24 01:20:23,2025-07-24 01:20:33,10,0
1902,L04,#27,GW252/13600,(9)维护状态,9,2025-07-24 01:20:13,2025-07-24 01:20:23,10,0
1903,L04,#27,GW252/13600,(2)停机状态,2,2025-07-24 01:20:10,2025-07-24 01:20:13,3,0
1904,L04,#27,GW252/13600,(1)停机过程,1,2025-07-24 01:20:00,2025-07-24 01:20:10,10,0
1905,L04,#27,GW252/13600,(9)维护状态,9,2025-07-24 01:19:50,2025-07-24 01:20:00,10,0
1906,L04,#27,GW252/13600,(1)停机过程,1,2025-07-24 01:19:40,2025-07-24 01:19:50,10,0
1907,L04,#27,GW252/13600,(9)维护状态,9,2025-07-24 01:18:08,2025-07-24 01:19:40,92,0.03
1908,L04,#27,GW252/13600,(2)停机状态,2,2025-07-24 01:15:30,2025-07-24 01:18:08,158,0.04
1909,L04,#27,GW252/13600,(1)停机过程,1,2025-07-24 01:14:34,2025-07-24 01:15:30,56,0.02
1910,L04,#27,GW252/13600,(5)发电状态,5,2025-07-21 13:05:13,2025-07-24 01:14:34,216561,60.16
1911,L04,#27,GW252/13600,(4)启机状态,4,2025-07-21 13:04:24,2025-07-21 13:05:13,49,0.01
1912,L04,#27,GW252/13600,(3)待机状态,3,2025-07-21 13:03:44,2025-07-21 13:04:24,40,0.01
1913,L04,#27,GW252/13600,(2)停机状态,2,2025-07-20 18:58:07,2025-07-21 13:03:44,65137,18.09
1914,L04,#27,GW252/13600,(1)停机过程,1,2025-07-20 18:57:57,2025-07-20 18:58:07,10,0
1915,L04,#27,GW252/13600,(9)维护状态,9,2025-07-20 18:57:40,2025-07-20 18:57:57,17,0
1916,L04,#27,GW252/13600,(2)停机状态,2,2025-07-20 13:36:53,2025-07-20 18:57:40,19247,5.35
1917,L04,#27,GW252/13600,(1)停机过程,1,2025-07-20 13:36:00,2025-07-20 13:36:53,53,0.01
1918,L04,#27,GW252/13600,(5)发电状态,5,2025-07-19 23:34:29,2025-07-20 13:36:00,50491,14.03
1919,L04,#27,GW252/13600,(4)启机状态,4,2025-07-19 23:33:35,2025-07-19 23:34:29,54,0.02
1920,L04,#27,GW252/13600,(3)待机状态,3,2025-07-19 23:32:52,2025-07-19 23:33:35,43,0.01
1921,L04,#27,GW252/13600,(2)停机状态,2,2025-07-19 18:16:01,2025-07-19 23:32:52,19011,5.28
1922,L04,#27,GW252/13600,(1)停机过程,1,2025-07-19 18:15:08,2025-07-19 18:16:01,53,0.01
1923,L04,#27,GW252/13600,(5)发电状态,5,2025-07-19 07:16:56,2025-07-19 18:15:08,39492,10.97
1924,L04,#27,GW252/13600,(4)启机状态,4,2025-07-19 07:12:11,2025-07-19 07:16:56,285,0.08
1925,L04,#27,GW252/13600,(3)待机状态,3,2025-07-19 07:07:55,2025-07-19 07:12:11,256,0.07
1926,L04,#27,GW252/13600,(2)停机状态,2,2025-07-19 07:02:19,2025-07-19 07:07:55,336,0.09
1927,L04,#27,GW252/13600,(1)停机过程,1,2025-07-19 07:01:23,2025-07-19 07:02:19,56,0.02
1928,L04,#27,GW252/13600,(5)发电状态,5,2025-07-19 05:41:16,2025-07-19 07:01:23,4807,1.34
1929,L04,#27,GW252/13600,(4)启机状态,4,2025-07-19 05:38:41,2025-07-19 05:41:16,155,0.04
1930,L04,#27,GW252/13600,(3)待机状态,3,2025-07-19 05:21:52,2025-07-19 05:38:41,1009,0.28
1931,L04,#27,GW252/13600,(2)停机状态,2,2025-07-19 05:21:44,2025-07-19 05:21:52,8,0
1932,L04,#27,GW252/13600,(1)停机过程,1,2025-07-19 05:20:49,2025-07-19 05:21:44,55,0.02
1933,L04,#27,GW252/13600,(5)发电状态,5,2025-07-19 03:49:52,2025-07-19 05:20:49,5457,1.52
1934,L04,#27,GW252/13600,(4)启机状态,4,2025-07-19 03:47:23,2025-07-19 03:49:52,149,0.04
1935,L04,#27,GW252/13600,(3)待机状态,3,2025-07-19 03:46:04,2025-07-19 03:47:23,79,0.02
1936,L04,#27,GW252/13600,(2)停机状态,2,2025-07-19 03:46:03,2025-07-19 03:46:04,1,0
1937,L04,#27,GW252/13600,(1)停机过程,1,2025-07-19 03:45:31,2025-07-19 03:46:03,32,0.01
1938,L04,#27,GW252/13600,(4)启机状态,4,2025-07-19 03:40:31,2025-07-19 03:45:31,300,0.08
1939,L04,#27,GW252/13600,(3)待机状态,3,2025-07-19 03:35:13,2025-07-19 03:40:31,318,0.09
1940,L04,#27,GW252/13600,(2)停机状态,2,2025-07-19 03:33:25,2025-07-19 03:35:13,108,0.03
1941,L04,#27,GW252/13600,(1)停机过程,1,2025-07-19 03:32:30,2025-07-19 03:33:25,55,0.02
1942,L04,#27,GW252/13600,(5)发电状态,5,2025-07-19 03:18:02,2025-07-19 03:32:30,868,0.24
1943,L04,#27,GW252/13600,(4)启机状态,4,2025-07-19 03:15:51,2025-07-19 03:18:02,131,0.04
1944,L04,#27,GW252/13600,(3)待机状态,3,2025-07-19 03:13:52,2025-07-19 03:15:51,119,0.03
1945,L04,#27,GW252/13600,(2)停机状态,2,2025-07-19 03:12:25,2025-07-19 03:13:52,87,0.02
1946,L04,#27,GW252/13600,(1)停机过程,1,2025-07-19 03:11:30,2025-07-19 03:12:25,55,0.02
1947,L04,#27,GW252/13600,(5)发电状态,5,2025-07-19 03:02:27,2025-07-19 03:11:30,543,0.15
1948,L04,#27,GW252/13600,(4)启机状态,4,2025-07-19 03:00:14,2025-07-19 03:02:27,133,0.04
1949,L04,#27,GW252/13600,(3)待机状态,3,2025-07-19 02:56:34,2025-07-19 03:00:14,220,0.06
1950,L04,#27,GW252/13600,(1)停机过程,1,2025-07-19 02:55:39,2025-07-19 02:56:34,55,0.02
1951,L04,#27,GW252/13600,(5)发电状态,5,2025-07-18 21:29:54,2025-07-19 02:55:39,19545,5.43
1952,L04,#27,GW252/13600,(4)启机状态,4,2025-07-18 21:25:10,2025-07-18 21:29:54,284,0.08
1953,L04,#27,GW252/13600,(3)待机状态,3,2025-07-18 21:24:01,2025-07-18 21:25:10,69,0.02
1954,L04,#27,GW252/13600,(2)停机状态,2,2025-07-18 21:24:00,2025-07-18 21:24:01,1,0
1955,L04,#27,GW252/13600,(1)停机过程,1,2025-07-18 21:23:28,2025-07-18 21:24:00,32,0.01
1956,L04,#27,GW252/13600,(4)启机状态,4,2025-07-18 21:18:27,2025-07-18 21:23:28,301,0.08
1957,L04,#27,GW252/13600,(3)待机状态,3,2025-07-18 21:17:03,2025-07-18 21:18:27,84,0.02
1958,L04,#27,GW252/13600,(2)停机状态,2,2025-07-18 21:11:45,2025-07-18 21:17:03,318,0.09
1959,L04,#27,GW252/13600,(1)停机过程,1,2025-07-18 21:11:13,2025-07-18 21:11:45,32,0.01
1960,L04,#27,GW252/13600,(4)启机状态,4,2025-07-18 21:06:13,2025-07-18 21:11:13,300,0.08
1961,L04,#27,GW252/13600,(3)待机状态,3,2025-07-18 21:04:02,2025-07-18 21:06:13,131,0.04
1962,L04,#27,GW252/13600,(2)停机状态,2,2025-07-18 21:02:40,2025-07-18 21:04:02,82,0.02
1963,L04,#27,GW252/13600,(1)停机过程,1,2025-07-18 21:02:09,2025-07-18 21:02:40,31,0.01
1964,L04,#27,GW252/13600,(4)启机状态,4,2025-07-18 20:57:09,2025-07-18 21:02:09,300,0.08
1965,L04,#27,GW252/13600,(3)待机状态,3,2025-07-18 20:43:37,2025-07-18 20:57:09,812,0.23
1966,L04,#27,GW252/13600,(2)停机状态,2,2025-07-18 20:38:01,2025-07-18 20:43:37,336,0.09
1967,L04,#27,GW252/13600,(1)停机过程,1,2025-07-18 20:37:28,2025-07-18 20:38:01,33,0.01
1968,L04,#27,GW252/13600,(4)启机状态,4,2025-07-18 20:32:28,2025-07-18 20:37:28,300,0.08
1969,L04,#27,GW252/13600,(3)待机状态,3,2025-07-18 20:30:55,2025-07-18 20:32:28,93,0.03
1970,L04,#27,GW252/13600,(2)停机状态,2,2025-07-18 20:29:56,2025-07-18 20:30:55,59,0.02
1971,L04,#27,GW252/13600,(1)停机过程,1,2025-07-18 20:29:26,2025-07-18 20:29:56,30,0.01
1972,L04,#27,GW252/13600,(4)启机状态,4,2025-07-18 20:24:26,2025-07-18 20:29:26,300,0.08
1973,L04,#27,GW252/13600,(3)待机状态,3,2025-07-18 20:23:06,2025-07-18 20:24:26,80,0.02
1974,L04,#27,GW252/13600,(2)停机状态,2,2025-07-18 20:23:05,2025-07-18 20:23:06,1,0
1975,L04,#27,GW252/13600,(1)停机过程,1,2025-07-18 20:22:34,2025-07-18 20:23:05,31,0.01
1976,L04,#27,GW252/13600,(4)启机状态,4,2025-07-18 20:17:35,2025-07-18 20:22:34,299,0.08
1977,L04,#27,GW252/13600,(3)待机状态,3,2025-07-18 20:15:45,2025-07-18 20:17:35,110,0.03
1978,L04,#27,GW252/13600,(2)停机状态,2,2025-07-18 20:11:17,2025-07-18 20:15:45,268,0.07
1979,L04,#27,GW252/13600,(1)停机过程,1,2025-07-18 20:10:44,2025-07-18 20:11:17,33,0.01
1980,L04,#27,GW252/13600,(4)启机状态,4,2025-07-18 20:05:44,2025-07-18 20:10:44,300,0.08
1981,L04,#27,GW252/13600,(3)待机状态,3,2025-07-18 20:04:06,2025-07-18 20:05:44,98,0.03
1982,L04,#27,GW252/13600,(2)停机状态,2,2025-07-18 20:01:31,2025-07-18 20:04:06,155,0.04
1983,L04,#27,GW252/13600,(1)停机过程,1,2025-07-18 20:00:36,2025-07-18 20:01:31,55,0.02
1984,L04,#27,GW252/13600,(5)发电状态,5,2025-07-18 19:29:48,2025-07-18 20:00:36,1848,0.51
1985,L04,#27,GW252/13600,(4)启机状态,4,2025-07-18 19:27:20,2025-07-18 19:29:48,148,0.04
1986,L04,#27,GW252/13600,(3)待机状态,3,2025-07-18 19:26:29,2025-07-18 19:27:20,51,0.01
1987,L04,#27,GW252/13600,(2)停机状态,2,2025-07-18 19:26:28,2025-07-18 19:26:29,1,0
1988,L04,#27,GW252/13600,(1)停机过程,1,2025-07-18 19:25:33,2025-07-18 19:26:28,55,0.02
1989,L04,#27,GW252/13600,(4)启机状态,4,2025-07-18 19:20:33,2025-07-18 19:25:33,300,0.08
1990,L04,#27,GW252/13600,(3)待机状态,3,2025-07-18 19:19:12,2025-07-18 19:20:33,81,0.02
1991,L04,#27,GW252/13600,(2)停机状态,2,2025-07-18 19:19:11,2025-07-18 19:19:12,1,0
1992,L04,#27,GW252/13600,(1)停机过程,1,2025-07-18 19:18:39,2025-07-18 19:19:11,32,0.01
1993,L04,#27,GW252/13600,(4)启机状态,4,2025-07-18 19:13:39,2025-07-18 19:18:39,300,0.08
1994,L04,#27,GW252/13600,(3)待机状态,3,2025-07-18 19:12:35,2025-07-18 19:13:39,64,0.02
1995,L04,#27,GW252/13600,(2)停机状态,2,2025-07-18 19:12:32,2025-07-18 19:12:35,3,0
1996,L04,#27,GW252/13600,(1)停机过程,1,2025-07-18 19:11:37,2025-07-18 19:12:32,55,0.02
1997,L04,#27,GW252/13600,(4)启机状态,4,2025-07-18 19:06:37,2025-07-18 19:11:37,300,0.08
1998,L04,#27,GW252/13600,(3)待机状态,3,2025-07-18 19:05:31,2025-07-18 19:06:37,66,0.02
1999,L04,#27,GW252/13600,(2)停机状态,2,2025-07-18 19:05:29,2025-07-18 19:05:31,2,0
2000,L04,#27,GW252/13600,(1)停机过程,1,2025-07-18 19:04:58,2025-07-18 19:05:29,31,0.01
2001,L04,#27,GW252/13600,(4)启机状态,4,2025-07-18 18:59:58,2025-07-18 19:04:58,300,0.08
2002,L04,#27,GW252/13600,(3)待机状态,3,2025-07-18 18:58:16,2025-07-18 18:59:58,102,0.03
2003,L04,#27,GW252/13600,(2)停机状态,2,2025-07-18 18:55:39,2025-07-18 18:58:16,157,0.04
2004,L04,#27,GW252/13600,(1)停机过程,1,2025-07-18 18:54:45,2025-07-18 18:55:39,54,0.02
2005,L04,#27,GW252/13600,(5)发电状态,5,2025-07-18 18:28:50,2025-07-18 18:54:45,1555,0.43
2006,L04,#27,GW252/13600,(4)启机状态,4,2025-07-18 18:25:19,2025-07-18 18:28:50,211,0.06
2007,L04,#27,GW252/13600,(3)待机状态,3,2025-07-18 18:24:20,2025-07-18 18:25:19,59,0.02
2008,L04,#27,GW252/13600,(2)停机状态,2,2025-07-18 18:24:18,2025-07-18 18:24:20,2,0
2009,L04,#27,GW252/13600,(1)停机过程,1,2025-07-18 18:23:48,2025-07-18 18:24:18,30,0.01
2010,L04,#27,GW252/13600,(4)启机状态,4,2025-07-18 18:18:47,2025-07-18 18:23:48,301,0.08
2011,L04,#27,GW252/13600,(3)待机状态,3,2025-07-18 18:17:31,2025-07-18 18:18:47,76,0.02
2012,L04,#27,GW252/13600,(2)停机状态,2,2025-07-18 18:16:25,2025-07-18 18:17:31,66,0.02
2013,L04,#27,GW252/13600,(1)停机过程,1,2025-07-18 18:15:53,2025-07-18 18:16:25,32,0.01
2014,L04,#27,GW252/13600,(4)启机状态,4,2025-07-18 18:10:52,2025-07-18 18:15:53,301,0.08
2015,L04,#27,GW252/13600,(3)待机状态,3,2025-07-18 18:05:14,2025-07-18 18:10:52,338,0.09
2016,L04,#27,GW252/13600,(2)停机状态,2,2025-07-18 17:59:37,2025-07-18 18:05:14,337,0.09
2017,L04,#27,GW252/13600,(1)停机过程,1,2025-07-18 17:59:05,2025-07-18 17:59:37,32,0.01
2018,L04,#27,GW252/13600,(4)启机状态,4,2025-07-18 17:54:05,2025-07-18 17:59:05,300,0.08
2019,L04,#27,GW252/13600,(3)待机状态,3,2025-07-18 17:40:34,2025-07-18 17:54:05,811,0.23
2020,L04,#27,GW252/13600,(2)停机状态,2,2025-07-18 17:34:57,2025-07-18 17:40:34,337,0.09
2021,L04,#27,GW252/13600,(1)停机过程,1,2025-07-18 17:34:02,2025-07-18 17:34:57,55,0.02
2022,L04,#27,GW252/13600,(5)发电状态,5,2025-07-17 17:12:07,2025-07-18 17:34:02,87715,24.37
2023,L04,#27,GW252/13600,(4)启机状态,4,2025-07-17 17:10:17,2025-07-17 17:12:07,110,0.03
2024,L04,#27,GW252/13600,(3)待机状态,3,2025-07-17 17:09:22,2025-07-17 17:10:17,55,0.02
2025,L04,#27,GW252/13600,(2)停机状态,2,2025-07-17 17:09:21,2025-07-17 17:09:22,1,0
2026,L04,#27,GW252/13600,(1)停机过程,1,2025-07-17 17:08:50,2025-07-17 17:09:21,31,0.01
2027,L04,#27,GW252/13600,(4)启机状态,4,2025-07-17 17:03:50,2025-07-17 17:08:50,300,0.08
2028,L04,#27,GW252/13600,(3)待机状态,3,2025-07-17 17:02:38,2025-07-17 17:03:50,72,0.02
2029,L04,#27,GW252/13600,(1)停机过程,1,2025-07-17 17:02:06,2025-07-17 17:02:38,32,0.01
2030,L04,#27,GW252/13600,(4)启机状态,4,2025-07-17 16:57:06,2025-07-17 17:02:06,300,0.08
2031,L04,#27,GW252/13600,(3)待机状态,3,2025-07-17 10:00:13,2025-07-17 16:57:06,25013,6.95
2032,L04,#27,GW252/13600,(2)停机状态,2,2025-07-17 10:00:11,2025-07-17 10:00:13,2,0
2033,L04,#27,GW252/13600,(1)停机过程,1,2025-07-17 09:59:40,2025-07-17 10:00:11,31,0.01
2034,L04,#27,GW252/13600,(4)启机状态,4,2025-07-17 09:54:39,2025-07-17 09:59:40,301,0.08
2035,L04,#27,GW252/13600,(3)待机状态,3,2025-07-17 09:53:04,2025-07-17 09:54:39,95,0.03
2036,L04,#27,GW252/13600,(2)停机状态,2,2025-07-17 09:53:02,2025-07-17 09:53:04,2,0
2037,L04,#27,GW252/13600,(1)停机过程,1,2025-07-17 09:52:32,2025-07-17 09:53:02,30,0.01
2038,L04,#27,GW252/13600,(4)启机状态,4,2025-07-17 09:47:32,2025-07-17 09:52:32,300,0.08
2039,L04,#27,GW252/13600,(3)待机状态,3,2025-07-17 08:10:05,2025-07-17 09:47:32,5847,1.62
2040,L04,#27,GW252/13600,(2)停机状态,2,2025-07-17 08:06:59,2025-07-17 08:10:05,186,0.05
2041,L04,#27,GW252/13600,(1)停机过程,1,2025-07-17 08:06:04,2025-07-17 08:06:59,55,0.02
2042,L04,#27,GW252/13600,(5)发电状态,5,2025-07-16 19:20:00,2025-07-17 08:06:04,45964,12.77
2043,L04,#27,GW252/13600,(4)启机状态,4,2025-07-16 19:15:58,2025-07-16 19:20:00,242,0.07
2044,L04,#27,GW252/13600,(3)待机状态,3,2025-07-16 19:14:55,2025-07-16 19:15:58,63,0.02
2045,L04,#27,GW252/13600,(2)停机状态,2,2025-07-16 19:14:54,2025-07-16 19:14:55,1,0
2046,L04,#27,GW252/13600,(1)停机过程,1,2025-07-16 19:14:21,2025-07-16 19:14:54,33,0.01
2047,L04,#27,GW252/13600,(4)启机状态,4,2025-07-16 19:09:21,2025-07-16 19:14:21,300,0.08
2048,L04,#27,GW252/13600,(3)待机状态,3,2025-07-16 19:08:13,2025-07-16 19:09:21,68,0.02
2049,L04,#27,GW252/13600,(2)停机状态,2,2025-07-16 19:08:11,2025-07-16 19:08:13,2,0
2050,L04,#27,GW252/13600,(1)停机过程,1,2025-07-16 19:07:40,2025-07-16 19:08:11,31,0.01
2051,L04,#27,GW252/13600,(4)启机状态,4,2025-07-16 19:02:40,2025-07-16 19:07:40,300,0.08
2052,L04,#27,GW252/13600,(3)待机状态,3,2025-07-16 19:01:11,2025-07-16 19:02:40,89,0.02
2053,L04,#27,GW252/13600,(2)停机状态,2,2025-07-16 19:01:09,2025-07-16 19:01:11,2,0
2054,L04,#27,GW252/13600,(1)停机过程,1,2025-07-16 19:00:38,2025-07-16 19:01:09,31,0.01
2055,L04,#27,GW252/13600,(4)启机状态,4,2025-07-16 18:55:39,2025-07-16 19:00:38,299,0.08
2056,L04,#27,GW252/13600,(3)待机状态,3,2025-07-16 18:53:54,2025-07-16 18:55:39,105,0.03
2057,L04,#27,GW252/13600,(2)停机状态,2,2025-07-16 18:53:52,2025-07-16 18:53:54,2,0
2058,L04,#27,GW252/13600,(1)停机过程,1,2025-07-16 18:53:22,2025-07-16 18:53:52,30,0.01
2059,L04,#27,GW252/13600,(4)启机状态,4,2025-07-16 18:48:22,2025-07-16 18:53:22,300,0.08
2060,L04,#27,GW252/13600,(3)待机状态,3,2025-07-16 18:46:10,2025-07-16 18:48:22,132,0.04
2061,L04,#27,GW252/13600,(2)停机状态,2,2025-07-16 18:46:09,2025-07-16 18:46:10,1,0
2062,L04,#27,GW252/13600,(1)停机过程,1,2025-07-16 18:45:38,2025-07-16 18:46:09,31,0.01
2063,L04,#27,GW252/13600,(4)启机状态,4,2025-07-16 18:40:38,2025-07-16 18:45:38,300,0.08
2064,L04,#27,GW252/13600,(3)待机状态,3,2025-07-16 18:39:17,2025-07-16 18:40:38,81,0.02
2065,L04,#27,GW252/13600,(2)停机状态,2,2025-07-16 18:39:15,2025-07-16 18:39:17,2,0
2066,L04,#27,GW252/13600,(1)停机过程,1,2025-07-16 18:38:45,2025-07-16 18:39:15,30,0.01
2067,L04,#27,GW252/13600,(4)启机状态,4,2025-07-16 18:33:45,2025-07-16 18:38:45,300,0.08
2068,L04,#27,GW252/13600,(3)待机状态,3,2025-07-16 18:21:21,2025-07-16 18:33:45,744,0.21
2069,L04,#27,GW252/13600,(2)停机状态,2,2025-07-16 18:16:06,2025-07-16 18:21:21,315,0.09
2070,L04,#27,GW252/13600,(1)停机过程,1,2025-07-16 18:15:11,2025-07-16 18:16:06,55,0.02
2071,L04,#27,GW252/13600,(5)发电状态,5,2025-07-16 17:48:18,2025-07-16 18:15:11,1613,0.45
2072,L04,#27,GW252/13600,(4)启机状态,4,2025-07-16 17:44:24,2025-07-16 17:48:18,234,0.07
2073,L04,#27,GW252/13600,(3)待机状态,3,2025-07-16 17:43:19,2025-07-16 17:44:24,65,0.02
2074,L04,#27,GW252/13600,(1)停机过程,1,2025-07-16 17:42:47,2025-07-16 17:43:19,32,0.01
2075,L04,#27,GW252/13600,(4)启机状态,4,2025-07-16 17:37:47,2025-07-16 17:42:47,300,0.08
2076,L04,#27,GW252/13600,(3)待机状态,3,2025-07-16 17:36:44,2025-07-16 17:37:47,63,0.02
2077,L04,#27,GW252/13600,(2)停机状态,2,2025-07-16 17:36:43,2025-07-16 17:36:44,1,0
2078,L04,#27,GW252/13600,(1)停机过程,1,2025-07-16 17:36:11,2025-07-16 17:36:43,32,0.01
2079,L04,#27,GW252/13600,(4)启机状态,4,2025-07-16 17:31:12,2025-07-16 17:36:11,299,0.08
2080,L04,#27,GW252/13600,(3)待机状态,3,2025-07-16 17:30:00,2025-07-16 17:31:12,72,0.02
2081,L04,#27,GW252/13600,(2)停机状态,2,2025-07-16 17:29:59,2025-07-16 17:30:00,1,0
2082,L04,#27,GW252/13600,(1)停机过程,1,2025-07-16 17:29:28,2025-07-16 17:29:59,31,0.01
2083,L04,#27,GW252/13600,(4)启机状态,4,2025-07-16 17:24:27,2025-07-16 17:29:28,301,0.08
2084,L04,#27,GW252/13600,(3)待机状态,3,2025-07-16 17:23:20,2025-07-16 17:24:27,67,0.02
2085,L04,#27,GW252/13600,(2)停机状态,2,2025-07-16 17:23:18,2025-07-16 17:23:20,2,0
2086,L04,#27,GW252/13600,(1)停机过程,1,2025-07-16 17:22:47,2025-07-16 17:23:18,31,0.01
2087,L04,#27,GW252/13600,(4)启机状态,4,2025-07-16 17:17:46,2025-07-16 17:22:47,301,0.08
2088,L04,#27,GW252/13600,(3)待机状态,3,2025-07-16 17:16:42,2025-07-16 17:17:46,64,0.02
2089,L04,#27,GW252/13600,(2)停机状态,2,2025-07-16 17:16:41,2025-07-16 17:16:42,1,0
2090,L04,#27,GW252/13600,(1)停机过程,1,2025-07-16 17:16:09,2025-07-16 17:16:41,32,0.01
2091,L04,#27,GW252/13600,(4)启机状态,4,2025-07-16 17:11:09,2025-07-16 17:16:09,300,0.08
2092,L04,#27,GW252/13600,(3)待机状态,3,2025-07-16 17:09:41,2025-07-16 17:11:09,88,0.02
2093,L04,#27,GW252/13600,(2)停机状态,2,2025-07-16 17:09:39,2025-07-16 17:09:41,2,0
2094,L04,#27,GW252/13600,(1)停机过程,1,2025-07-16 17:09:08,2025-07-16 17:09:39,31,0.01
2095,L04,#27,GW252/13600,(4)启机状态,4,2025-07-16 17:04:08,2025-07-16 17:09:08,300,0.08
2096,L04,#27,GW252/13600,(3)待机状态,3,2025-07-16 16:59:17,2025-07-16 17:04:08,291,0.08
2097,L04,#27,GW252/13600,(2)停机状态,2,2025-07-16 16:59:16,2025-07-16 16:59:17,1,0
2098,L04,#27,GW252/13600,(1)停机过程,1,2025-07-16 16:58:44,2025-07-16 16:59:16,32,0.01
2099,L04,#27,GW252/13600,(4)启机状态,4,2025-07-16 16:53:45,2025-07-16 16:58:44,299,0.08
2100,L04,#27,GW252/13600,(3)待机状态,3,2025-07-16 16:52:32,2025-07-16 16:53:45,73,0.02
2101,L04,#27,GW252/13600,(2)停机状态,2,2025-07-16 16:52:30,2025-07-16 16:52:32,2,0
2102,L04,#27,GW252/13600,(1)停机过程,1,2025-07-16 16:51:59,2025-07-16 16:52:30,31,0.01
2103,L04,#27,GW252/13600,(4)启机状态,4,2025-07-16 16:46:59,2025-07-16 16:51:59,300,0.08
2104,L04,#27,GW252/13600,(3)待机状态,3,2025-07-16 16:45:23,2025-07-16 16:46:59,96,0.03
2105,L04,#27,GW252/13600,(1)停机过程,1,2025-07-16 16:44:51,2025-07-16 16:45:23,32,0.01
2106,L04,#27,GW252/13600,(4)启机状态,4,2025-07-16 16:39:51,2025-07-16 16:44:51,300,0.08
2107,L04,#27,GW252/13600,(3)待机状态,3,2025-07-16 16:38:47,2025-07-16 16:39:51,64,0.02
2108,L04,#27,GW252/13600,(2)停机状态,2,2025-07-16 16:38:46,2025-07-16 16:38:47,1,0
2109,L04,#27,GW252/13600,(1)停机过程,1,2025-07-16 16:38:14,2025-07-16 16:38:46,32,0.01
2110,L04,#27,GW252/13600,(4)启机状态,4,2025-07-16 16:33:14,2025-07-16 16:38:14,300,0.08
2111,L04,#27,GW252/13600,(3)待机状态,3,2025-07-16 16:28:55,2025-07-16 16:33:14,259,0.07
2112,L04,#27,GW252/13600,(2)停机状态,2,2025-07-16 16:28:53,2025-07-16 16:28:55,2,0
2113,L04,#27,GW252/13600,(1)停机过程,1,2025-07-16 16:28:22,2025-07-16 16:28:53,31,0.01
2114,L04,#27,GW252/13600,(4)启机状态,4,2025-07-16 16:23:22,2025-07-16 16:28:22,300,0.08
2115,L04,#27,GW252/13600,(3)待机状态,3,2025-07-16 16:22:14,2025-07-16 16:23:22,68,0.02
2116,L04,#27,GW252/13600,(2)停机状态,2,2025-07-16 16:22:13,2025-07-16 16:22:14,1,0
2117,L04,#27,GW252/13600,(1)停机过程,1,2025-07-16 16:21:42,2025-07-16 16:22:13,31,0.01
2118,L04,#27,GW252/13600,(4)启机状态,4,2025-07-16 16:16:42,2025-07-16 16:21:42,300,0.08
2119,L04,#27,GW252/13600,(3)待机状态,3,2025-07-16 16:15:40,2025-07-16 16:16:42,62,0.02
2120,L04,#27,GW252/13600,(2)停机状态,2,2025-07-16 16:15:39,2025-07-16 16:15:40,1,0
2121,L04,#27,GW252/13600,(1)停机过程,1,2025-07-16 16:15:09,2025-07-16 16:15:39,30,0.01
2122,L04,#27,GW252/13600,(4)启机状态,4,2025-07-16 16:10:08,2025-07-16 16:15:09,301,0.08
2123,L04,#27,GW252/13600,(3)待机状态,3,2025-07-16 16:08:56,2025-07-16 16:10:08,72,0.02
2124,L04,#27,GW252/13600,(2)停机状态,2,2025-07-16 16:08:55,2025-07-16 16:08:56,1,0
2125,L04,#27,GW252/13600,(1)停机过程,1,2025-07-16 16:08:23,2025-07-16 16:08:55,32,0.01
2126,L04,#27,GW252/13600,(4)启机状态,4,2025-07-16 16:03:23,2025-07-16 16:08:23,300,0.08
2127,L04,#27,GW252/13600,(3)待机状态,3,2025-07-16 16:02:23,2025-07-16 16:03:23,60,0.02
2128,L04,#27,GW252/13600,(2)停机状态,2,2025-07-16 16:02:22,2025-07-16 16:02:23,1,0
2129,L04,#27,GW252/13600,(1)停机过程,1,2025-07-16 16:01:51,2025-07-16 16:02:22,31,0.01
2130,L04,#27,GW252/13600,(4)启机状态,4,2025-07-16 15:56:50,2025-07-16 16:01:51,301,0.08
2131,L04,#27,GW252/13600,(3)待机状态,3,2025-07-16 15:55:49,2025-07-16 15:56:50,61,0.02
2132,L04,#27,GW252/13600,(2)停机状态,2,2025-07-16 15:55:47,2025-07-16 15:55:49,2,0
2133,L04,#27,GW252/13600,(1)停机过程,1,2025-07-16 15:55:15,2025-07-16 15:55:47,32,0.01
2134,L04,#27,GW252/13600,(4)启机状态,4,2025-07-16 15:50:15,2025-07-16 15:55:15,300,0.08
2135,L04,#27,GW252/13600,(3)待机状态,3,2025-07-16 15:49:05,2025-07-16 15:50:15,70,0.02
2136,L04,#27,GW252/13600,(1)停机过程,1,2025-07-16 15:48:34,2025-07-16 15:49:05,31,0.01
2137,L04,#27,GW252/13600,(4)启机状态,4,2025-07-16 15:43:33,2025-07-16 15:48:34,301,0.08
2138,L04,#27,GW252/13600,(3)待机状态,3,2025-07-16 15:42:27,2025-07-16 15:43:33,66,0.02
2139,L04,#27,GW252/13600,(2)停机状态,2,2025-07-16 15:42:24,2025-07-16 15:42:27,3,0
2140,L04,#27,GW252/13600,(1)停机过程,1,2025-07-16 15:41:52,2025-07-16 15:42:24,32,0.01
2141,L04,#27,GW252/13600,(4)启机状态,4,2025-07-16 15:36:52,2025-07-16 15:41:52,300,0.08
2142,L04,#27,GW252/13600,(3)待机状态,3,2025-07-16 15:35:45,2025-07-16 15:36:52,67,0.02
2143,L04,#27,GW252/13600,(2)停机状态,2,2025-07-16 15:35:44,2025-07-16 15:35:45,1,0
2144,L04,#27,GW252/13600,(1)停机过程,1,2025-07-16 15:35:13,2025-07-16 15:35:44,31,0.01
2145,L04,#27,GW252/13600,(4)启机状态,4,2025-07-16 15:30:12,2025-07-16 15:35:13,301,0.08
2146,L04,#27,GW252/13600,(3)待机状态,3,2025-07-16 15:28:57,2025-07-16 15:30:12,75,0.02
2147,L04,#27,GW252/13600,(2)停机状态,2,2025-07-16 15:28:55,2025-07-16 15:28:57,2,0
2148,L04,#27,GW252/13600,(1)停机过程,1,2025-07-16 15:28:23,2025-07-16 15:28:55,32,0.01
2149,L04,#27,GW252/13600,(4)启机状态,4,2025-07-16 15:23:23,2025-07-16 15:28:23,300,0.08
2150,L04,#27,GW252/13600,(3)待机状态,3,2025-07-16 15:22:05,2025-07-16 15:23:23,78,0.02
2151,L04,#27,GW252/13600,(1)停机过程,1,2025-07-16 15:21:32,2025-07-16 15:22:05,33,0.01
2152,L04,#27,GW252/13600,(4)启机状态,4,2025-07-16 15:16:32,2025-07-16 15:21:32,300,0.08
2153,L04,#27,GW252/13600,(3)待机状态,3,2025-07-16 15:14:57,2025-07-16 15:16:32,95,0.03
2154,L04,#27,GW252/13600,(2)停机状态,2,2025-07-16 15:14:56,2025-07-16 15:14:57,1,0
2155,L04,#27,GW252/13600,(1)停机过程,1,2025-07-16 15:14:24,2025-07-16 15:14:56,32,0.01
2156,L04,#27,GW252/13600,(4)启机状态,4,2025-07-16 15:09:24,2025-07-16 15:14:24,300,0.08
2157,L04,#27,GW252/13600,(3)待机状态,3,2025-07-16 15:06:55,2025-07-16 15:09:24,149,0.04
2158,L04,#27,GW252/13600,(2)停机状态,2,2025-07-16 15:06:53,2025-07-16 15:06:55,2,0
2159,L04,#27,GW252/13600,(1)停机过程,1,2025-07-16 15:06:22,2025-07-16 15:06:53,31,0.01
2160,L04,#27,GW252/13600,(4)启机状态,4,2025-07-16 15:01:22,2025-07-16 15:06:22,300,0.08
2161,L04,#27,GW252/13600,(3)待机状态,3,2025-07-16 15:00:11,2025-07-16 15:01:22,71,0.02
2162,L04,#27,GW252/13600,(2)停机状态,2,2025-07-16 15:00:10,2025-07-16 15:00:11,1,0
2163,L04,#27,GW252/13600,(1)停机过程,1,2025-07-16 14:59:38,2025-07-16 15:00:10,32,0.01
2164,L04,#27,GW252/13600,(4)启机状态,4,2025-07-16 14:54:38,2025-07-16 14:59:38,300,0.08
2165,L04,#27,GW252/13600,(3)待机状态,3,2025-07-16 13:57:53,2025-07-16 14:54:38,3405,0.95
2166,L04,#27,GW252/13600,(2)停机状态,2,2025-07-16 13:56:27,2025-07-16 13:57:53,86,0.02
2167,L04,#27,GW252/13600,(1)停机过程,1,2025-07-16 13:55:56,2025-07-16 13:56:27,31,0.01
2168,L04,#27,GW252/13600,(4)启机状态,4,2025-07-16 13:50:56,2025-07-16 13:55:56,300,0.08
2169,L04,#27,GW252/13600,(3)待机状态,3,2025-07-16 13:36:15,2025-07-16 13:50:56,881,0.24
2170,L04,#27,GW252/13600,(2)停机状态,2,2025-07-16 13:33:40,2025-07-16 13:36:15,155,0.04
2171,L04,#27,GW252/13600,(1)停机过程,1,2025-07-16 13:33:09,2025-07-16 13:33:40,31,0.01
2172,L04,#27,GW252/13600,(4)启机状态,4,2025-07-16 13:28:09,2025-07-16 13:33:09,300,0.08
2173,L04,#27,GW252/13600,(3)待机状态,3,2025-07-16 13:17:14,2025-07-16 13:28:09,655,0.18
2174,L04,#27,GW252/13600,(2)停机状态,2,2025-07-16 13:17:13,2025-07-16 13:17:14,1,0
2175,L04,#27,GW252/13600,(1)停机过程,1,2025-07-16 13:16:41,2025-07-16 13:17:13,32,0.01
2176,L04,#27,GW252/13600,(4)启机状态,4,2025-07-16 13:11:41,2025-07-16 13:16:41,300,0.08
2177,L04,#27,GW252/13600,(3)待机状态,3,2025-07-16 13:03:04,2025-07-16 13:11:41,517,0.14
2178,L04,#27,GW252/13600,(2)停机状态,2,2025-07-16 13:02:18,2025-07-16 13:03:04,46,0.01
2179,L04,#27,GW252/13600,(1)停机过程,1,2025-07-16 13:01:24,2025-07-16 13:02:18,54,0.02
2180,L04,#27,GW252/13600,(5)发电状态,5,2025-07-15 15:03:10,2025-07-16 13:01:24,79094,21.97
2181,L04,#27,GW252/13600,(4)启机状态,4,2025-07-15 14:58:52,2025-07-15 15:03:10,258,0.07
2182,L04,#27,GW252/13600,(3)待机状态,3,2025-07-15 14:57:48,2025-07-15 14:58:52,64,0.02
2183,L04,#27,GW252/13600,(1)停机过程,1,2025-07-15 14:57:17,2025-07-15 14:57:48,31,0.01
2184,L04,#27,GW252/13600,(4)启机状态,4,2025-07-15 14:52:16,2025-07-15 14:57:17,301,0.08
2185,L04,#27,GW252/13600,(3)待机状态,3,2025-07-15 14:51:11,2025-07-15 14:52:16,65,0.02
2186,L04,#27,GW252/13600,(2)停机状态,2,2025-07-15 14:51:09,2025-07-15 14:51:11,2,0
2187,L04,#27,GW252/13600,(1)停机过程,1,2025-07-15 14:50:36,2025-07-15 14:51:09,33,0.01
2188,L04,#27,GW252/13600,(4)启机状态,4,2025-07-15 14:45:36,2025-07-15 14:50:36,300,0.08
2189,L04,#27,GW252/13600,(3)待机状态,3,2025-07-15 14:44:33,2025-07-15 14:45:36,63,0.02
2190,L04,#27,GW252/13600,(2)停机状态,2,2025-07-15 14:44:24,2025-07-15 14:44:33,9,0
2191,L04,#27,GW252/13600,(1)停机过程,1,2025-07-15 14:44:14,2025-07-15 14:44:24,10,0
2192,L04,#27,GW252/13600,(9)维护状态,9,2025-07-15 14:43:07,2025-07-15 14:44:14,67,0.02
2193,L04,#27,GW252/13600,(2)停机状态,2,2025-07-15 14:43:02,2025-07-15 14:43:07,5,0
2194,L04,#27,GW252/13600,(1)停机过程,1,2025-07-15 14:42:31,2025-07-15 14:43:02,31,0.01
2195,L04,#27,GW252/13600,(4)启机状态,4,2025-07-15 14:37:36,2025-07-15 14:42:31,295,0.08
2196,L04,#27,GW252/13600,(3)待机状态,3,2025-07-15 14:35:21,2025-07-15 14:37:36,135,0.04
2197,L04,#27,GW252/13600,(2)停机状态,2,2025-07-15 14:35:19,2025-07-15 14:35:21,2,0
2198,L04,#27,GW252/13600,(1)停机过程,1,2025-07-15 14:34:47,2025-07-15 14:35:19,32,0.01
2199,L04,#27,GW252/13600,(4)启机状态,4,2025-07-15 14:29:47,2025-07-15 14:34:47,300,0.08
2200,L04,#27,GW252/13600,(3)待机状态,3,2025-07-15 14:28:39,2025-07-15 14:29:47,68,0.02
2201,L04,#27,GW252/13600,(2)停机状态,2,2025-07-15 14:28:38,2025-07-15 14:28:39,1,0
2202,L04,#27,GW252/13600,(1)停机过程,1,2025-07-15 14:28:08,2025-07-15 14:28:38,30,0.01
2203,L04,#27,GW252/13600,(4)启机状态,4,2025-07-15 14:23:07,2025-07-15 14:28:08,301,0.08
2204,L04,#27,GW252/13600,(3)待机状态,3,2025-07-15 14:21:55,2025-07-15 14:23:07,72,0.02
2205,L04,#27,GW252/13600,(2)停机状态,2,2025-07-15 14:21:54,2025-07-15 14:21:55,1,0
2206,L04,#27,GW252/13600,(1)停机过程,1,2025-07-15 14:21:23,2025-07-15 14:21:54,31,0.01
2207,L04,#27,GW252/13600,(4)启机状态,4,2025-07-15 14:16:23,2025-07-15 14:21:23,300,0.08
2208,L04,#27,GW252/13600,(3)待机状态,3,2025-07-15 14:13:34,2025-07-15 14:16:23,169,0.05
2209,L04,#27,GW252/13600,(2)停机状态,2,2025-07-15 14:12:34,2025-07-15 14:13:34,60,0.02
2210,L04,#27,GW252/13600,(1)停机过程,1,2025-07-15 14:12:02,2025-07-15 14:12:34,32,0.01
2211,L04,#27,GW252/13600,(4)启机状态,4,2025-07-15 14:07:02,2025-07-15 14:12:02,300,0.08
2212,L04,#27,GW252/13600,(3)待机状态,3,2025-07-15 14:01:04,2025-07-15 14:07:02,358,0.1
2213,L04,#27,GW252/13600,(2)停机状态,2,2025-07-15 14:00:58,2025-07-15 14:01:04,6,0
2214,L04,#27,GW252/13600,(1)停机过程,1,2025-07-15 14:00:28,2025-07-15 14:00:58,30,0.01
2215,L04,#27,GW252/13600,(4)启机状态,4,2025-07-15 13:55:28,2025-07-15 14:00:28,300,0.08
2216,L04,#27,GW252/13600,(3)待机状态,3,2025-07-15 13:46:55,2025-07-15 13:55:28,513,0.14
2217,L04,#27,GW252/13600,(2)停机状态,2,2025-07-15 13:46:52,2025-07-15 13:46:55,3,0
2218,L04,#27,GW252/13600,(1)停机过程,1,2025-07-15 13:46:19,2025-07-15 13:46:52,33,0.01
2219,L04,#27,GW252/13600,(4)启机状态,4,2025-07-15 13:41:20,2025-07-15 13:46:19,299,0.08
2220,L04,#27,GW252/13600,(3)待机状态,3,2025-07-15 13:39:06,2025-07-15 13:41:20,134,0.04
2221,L04,#27,GW252/13600,(2)停机状态,2,2025-07-15 13:37:56,2025-07-15 13:39:06,70,0.02
2222,L04,#27,GW252/13600,(1)停机过程,1,2025-07-15 13:37:25,2025-07-15 13:37:56,31,0.01
2223,L04,#27,GW252/13600,(4)启机状态,4,2025-07-15 13:32:25,2025-07-15 13:37:25,300,0.08
2224,L04,#27,GW252/13600,(3)待机状态,3,2025-07-15 13:06:05,2025-07-15 13:32:25,1580,0.44
2225,L04,#27,GW252/13600,(2)停机状态,2,2025-07-15 13:06:03,2025-07-15 13:06:05,2,0
2226,L04,#27,GW252/13600,(1)停机过程,1,2025-07-15 13:05:31,2025-07-15 13:06:03,32,0.01
2227,L04,#27,GW252/13600,(4)启机状态,4,2025-07-15 13:00:31,2025-07-15 13:05:31,300,0.08
2228,L04,#27,GW252/13600,(3)待机状态,3,2025-07-15 12:55:47,2025-07-15 13:00:31,284,0.08
2229,L04,#27,GW252/13600,(2)停机状态,2,2025-07-15 12:51:58,2025-07-15 12:55:47,229,0.06
2230,L04,#27,GW252/13600,(1)停机过程,1,2025-07-15 12:51:04,2025-07-15 12:51:58,54,0.02
2231,L04,#27,GW252/13600,(5)发电状态,5,2025-07-14 21:24:40,2025-07-15 12:51:04,55584,15.44
2232,L04,#27,GW252/13600,(4)启机状态,4,2025-07-14 21:22:52,2025-07-14 21:24:40,108,0.03
2233,L04,#27,GW252/13600,(3)待机状态,3,2025-07-14 21:21:58,2025-07-14 21:22:52,54,0.02
2234,L04,#27,GW252/13600,(2)停机状态,2,2025-07-14 21:21:57,2025-07-14 21:21:58,1,0
2235,L04,#27,GW252/13600,(1)停机过程,1,2025-07-14 21:21:01,2025-07-14 21:21:57,56,0.02
2236,L04,#27,GW252/13600,(4)启机状态,4,2025-07-14 21:16:02,2025-07-14 21:21:01,299,0.08
2237,L04,#27,GW252/13600,(3)待机状态,3,2025-07-14 21:14:56,2025-07-14 21:16:02,66,0.02
2238,L04,#27,GW252/13600,(2)停机状态,2,2025-07-14 21:14:54,2025-07-14 21:14:56,2,0
2239,L04,#27,GW252/13600,(1)停机过程,1,2025-07-14 21:14:12,2025-07-14 21:14:54,42,0.01
2240,L04,#27,GW252/13600,(4)启机状态,4,2025-07-14 21:09:12,2025-07-14 21:14:12,300,0.08
2241,L04,#27,GW252/13600,(3)待机状态,3,2025-07-14 21:08:00,2025-07-14 21:09:12,72,0.02
2242,L04,#27,GW252/13600,(2)停机状态,2,2025-07-14 21:07:59,2025-07-14 21:08:00,1,0
2243,L04,#27,GW252/13600,(1)停机过程,1,2025-07-14 21:07:28,2025-07-14 21:07:59,31,0.01
2244,L04,#27,GW252/13600,(4)启机状态,4,2025-07-14 21:02:27,2025-07-14 21:07:28,301,0.08
2245,L04,#27,GW252/13600,(3)待机状态,3,2025-07-14 21:01:12,2025-07-14 21:02:27,75,0.02
2246,L04,#27,GW252/13600,(1)停机过程,1,2025-07-14 21:00:40,2025-07-14 21:01:12,32,0.01
2247,L04,#27,GW252/13600,(4)启机状态,4,2025-07-14 20:55:40,2025-07-14 21:00:40,300,0.08
2248,L04,#27,GW252/13600,(3)待机状态,3,2025-07-14 20:54:24,2025-07-14 20:55:40,76,0.02
2249,L04,#27,GW252/13600,(2)停机状态,2,2025-07-14 20:54:23,2025-07-14 20:54:24,1,0
2250,L04,#27,GW252/13600,(1)停机过程,1,2025-07-14 20:53:50,2025-07-14 20:54:23,33,0.01
2251,L04,#27,GW252/13600,(4)启机状态,4,2025-07-14 20:48:50,2025-07-14 20:53:50,300,0.08
2252,L04,#27,GW252/13600,(3)待机状态,3,2025-07-14 20:47:29,2025-07-14 20:48:50,81,0.02
2253,L04,#27,GW252/13600,(2)停机状态,2,2025-07-14 20:47:26,2025-07-14 20:47:29,3,0
2254,L04,#27,GW252/13600,(1)停机过程,1,2025-07-14 20:46:55,2025-07-14 20:47:26,31,0.01
2255,L04,#27,GW252/13600,(4)启机状态,4,2025-07-14 20:41:55,2025-07-14 20:46:55,300,0.08
2256,L04,#27,GW252/13600,(3)待机状态,3,2025-07-14 20:40:51,2025-07-14 20:41:55,64,0.02
2257,L04,#27,GW252/13600,(2)停机状态,2,2025-07-14 20:40:50,2025-07-14 20:40:51,1,0
2258,L04,#27,GW252/13600,(1)停机过程,1,2025-07-14 20:40:18,2025-07-14 20:40:50,32,0.01
2259,L04,#27,GW252/13600,(4)启机状态,4,2025-07-14 20:35:18,2025-07-14 20:40:18,300,0.08
2260,L04,#27,GW252/13600,(3)待机状态,3,2025-07-14 20:34:05,2025-07-14 20:35:18,73,0.02
2261,L04,#27,GW252/13600,(2)停机状态,2,2025-07-14 20:34:02,2025-07-14 20:34:05,3,0
2262,L04,#27,GW252/13600,(1)停机过程,1,2025-07-14 20:33:31,2025-07-14 20:34:02,31,0.01
2263,L04,#27,GW252/13600,(4)启机状态,4,2025-07-14 20:28:31,2025-07-14 20:33:31,300,0.08
2264,L04,#27,GW252/13600,(3)待机状态,3,2025-07-14 20:27:09,2025-07-14 20:28:31,82,0.02
2265,L04,#27,GW252/13600,(2)停机状态,2,2025-07-14 20:27:07,2025-07-14 20:27:09,2,0
2266,L04,#27,GW252/13600,(1)停机过程,1,2025-07-14 20:26:36,2025-07-14 20:27:07,31,0.01
2267,L04,#27,GW252/13600,(4)启机状态,4,2025-07-14 20:21:35,2025-07-14 20:26:36,301,0.08
2268,L04,#27,GW252/13600,(3)待机状态,3,2025-07-14 20:20:04,2025-07-14 20:21:35,91,0.03
2269,L04,#27,GW252/13600,(2)停机状态,2,2025-07-14 20:20:02,2025-07-14 20:20:04,2,0
2270,L04,#27,GW252/13600,(1)停机过程,1,2025-07-14 20:19:31,2025-07-14 20:20:02,31,0.01
2271,L04,#27,GW252/13600,(4)启机状态,4,2025-07-14 20:14:32,2025-07-14 20:19:31,299,0.08
2272,L04,#27,GW252/13600,(3)待机状态,3,2025-07-14 18:38:56,2025-07-14 20:14:32,5736,1.59
2273,L04,#27,GW252/13600,(2)停机状态,2,2025-07-14 18:38:52,2025-07-14 18:38:56,4,0
2274,L04,#27,GW252/13600,(1)停机过程,1,2025-07-14 18:38:19,2025-07-14 18:38:52,33,0.01
2275,L04,#27,GW252/13600,(4)启机状态,4,2025-07-14 18:33:19,2025-07-14 18:38:19,300,0.08
2276,L04,#27,GW252/13600,(3)待机状态,3,2025-07-14 18:31:57,2025-07-14 18:33:19,82,0.02
2277,L04,#27,GW252/13600,(2)停机状态,2,2025-07-14 18:31:56,2025-07-14 18:31:57,1,0
2278,L04,#27,GW252/13600,(1)停机过程,1,2025-07-14 18:31:24,2025-07-14 18:31:56,32,0.01
2279,L04,#27,GW252/13600,(4)启机状态,4,2025-07-14 18:26:23,2025-07-14 18:31:24,301,0.08
2280,L04,#27,GW252/13600,(3)待机状态,3,2025-07-14 17:22:37,2025-07-14 18:26:23,3826,1.06
2281,L04,#27,GW252/13600,(2)停机状态,2,2025-07-14 17:18:46,2025-07-14 17:22:37,231,0.06
2282,L04,#27,GW252/13600,(1)停机过程,1,2025-07-14 17:18:14,2025-07-14 17:18:46,32,0.01
2283,L04,#27,GW252/13600,(4)启机状态,4,2025-07-14 17:13:14,2025-07-14 17:18:14,300,0.08
2284,L04,#27,GW252/13600,(3)待机状态,3,2025-07-14 17:10:41,2025-07-14 17:13:14,153,0.04
2285,L04,#27,GW252/13600,(2)停机状态,2,2025-07-14 16:34:03,2025-07-14 17:10:41,2198,0.61
2286,L04,#27,GW252/13600,(1)停机过程,1,2025-07-14 16:33:32,2025-07-14 16:34:03,31,0.01
2287,L04,#27,GW252/13600,(4)启机状态,4,2025-07-14 16:28:32,2025-07-14 16:33:32,300,0.08
2288,L04,#27,GW252/13600,(3)待机状态,3,2025-07-14 16:27:15,2025-07-14 16:28:32,77,0.02
2289,L04,#27,GW252/13600,(2)停机状态,2,2025-07-14 16:27:13,2025-07-14 16:27:15,2,0
2290,L04,#27,GW252/13600,(1)停机过程,1,2025-07-14 16:26:41,2025-07-14 16:27:13,32,0.01
2291,L04,#27,GW252/13600,(4)启机状态,4,2025-07-14 16:21:40,2025-07-14 16:26:41,301,0.08
2292,L04,#27,GW252/13600,(3)待机状态,3,2025-07-14 16:20:19,2025-07-14 16:21:40,81,0.02
2293,L04,#27,GW252/13600,(2)停机状态,2,2025-07-14 16:20:17,2025-07-14 16:20:19,2,0
2294,L04,#27,GW252/13600,(1)停机过程,1,2025-07-14 16:19:46,2025-07-14 16:20:17,31,0.01
2295,L04,#27,GW252/13600,(4)启机状态,4,2025-07-14 16:14:46,2025-07-14 16:19:46,300,0.08
2296,L04,#27,GW252/13600,(3)待机状态,3,2025-07-14 16:13:46,2025-07-14 16:14:46,60,0.02
2297,L04,#27,GW252/13600,(2)停机状态,2,2025-07-14 16:13:45,2025-07-14 16:13:46,1,0
2298,L04,#27,GW252/13600,(1)停机过程,1,2025-07-14 16:13:14,2025-07-14 16:13:45,31,0.01
2299,L04,#27,GW252/13600,(4)启机状态,4,2025-07-14 16:08:14,2025-07-14 16:13:14,300,0.08
2300,L04,#27,GW252/13600,(3)待机状态,3,2025-07-14 16:07:11,2025-07-14 16:08:14,63,0.02
2301,L04,#27,GW252/13600,(1)停机过程,1,2025-07-14 16:06:26,2025-07-14 16:07:11,45,0.01
2302,L04,#27,GW252/13600,(4)启机状态,4,2025-07-14 16:01:26,2025-07-14 16:06:26,300,0.08
2303,L04,#27,GW252/13600,(3)待机状态,3,2025-07-14 16:00:17,2025-07-14 16:01:26,69,0.02
2304,L04,#27,GW252/13600,(2)停机状态,2,2025-07-14 16:00:16,2025-07-14 16:00:17,1,0
2305,L04,#27,GW252/13600,(1)停机过程,1,2025-07-14 15:59:44,2025-07-14 16:00:16,32,0.01
2306,L04,#27,GW252/13600,(4)启机状态,4,2025-07-14 15:54:44,2025-07-14 15:59:44,300,0.08
2307,L04,#27,GW252/13600,(3)待机状态,3,2025-07-14 15:53:26,2025-07-14 15:54:44,78,0.02
2308,L04,#27,GW252/13600,(2)停机状态,2,2025-07-14 15:53:24,2025-07-14 15:53:26,2,0
2309,L04,#27,GW252/13600,(1)停机过程,1,2025-07-14 15:52:53,2025-07-14 15:53:24,31,0.01
2310,L04,#27,GW252/13600,(4)启机状态,4,2025-07-14 15:47:52,2025-07-14 15:52:53,301,0.08
2311,L04,#27,GW252/13600,(3)待机状态,3,2025-07-14 15:46:20,2025-07-14 15:47:52,92,0.03
2312,L04,#27,GW252/13600,(2)停机状态,2,2025-07-14 15:46:19,2025-07-14 15:46:20,1,0
2313,L04,#27,GW252/13600,(1)停机过程,1,2025-07-14 15:45:47,2025-07-14 15:46:19,32,0.01
2314,L04,#27,GW252/13600,(4)启机状态,4,2025-07-14 15:40:47,2025-07-14 15:45:47,300,0.08
2315,L04,#27,GW252/13600,(3)待机状态,3,2025-07-14 15:39:07,2025-07-14 15:40:47,100,0.03
2316,L04,#27,GW252/13600,(2)停机状态,2,2025-07-14 15:39:06,2025-07-14 15:39:07,1,0
2317,L04,#27,GW252/13600,(1)停机过程,1,2025-07-14 15:38:35,2025-07-14 15:39:06,31,0.01
2318,L04,#27,GW252/13600,(4)启机状态,4,2025-07-14 15:33:35,2025-07-14 15:38:35,300,0.08
2319,L04,#27,GW252/13600,(3)待机状态,3,2025-07-14 15:32:17,2025-07-14 15:33:35,78,0.02
2320,L04,#27,GW252/13600,(2)停机状态,2,2025-07-14 15:32:16,2025-07-14 15:32:17,1,0
2321,L04,#27,GW252/13600,(1)停机过程,1,2025-07-14 15:31:45,2025-07-14 15:32:16,31,0.01
2322,L04,#27,GW252/13600,(4)启机状态,4,2025-07-14 15:26:45,2025-07-14 15:31:45,300,0.08
2323,L04,#27,GW252/13600,(3)待机状态,3,2025-07-14 15:25:28,2025-07-14 15:26:45,77,0.02
2324,L04,#27,GW252/13600,(2)停机状态,2,2025-07-14 15:25:27,2025-07-14 15:25:28,1,0
2325,L04,#27,GW252/13600,(1)停机过程,1,2025-07-14 15:24:55,2025-07-14 15:25:27,32,0.01
2326,L04,#27,GW252/13600,(4)启机状态,4,2025-07-14 15:19:56,2025-07-14 15:24:55,299,0.08
2327,L04,#27,GW252/13600,(3)待机状态,3,2025-07-14 12:25:03,2025-07-14 15:19:56,10493,2.91
2328,L04,#27,GW252/13600,(2)停机状态,2,2025-07-14 12:19:27,2025-07-14 12:25:03,336,0.09
2329,L04,#27,GW252/13600,(1)停机过程,1,2025-07-14 12:18:32,2025-07-14 12:19:27,55,0.02
2330,L04,#27,GW252/13600,(5)发电状态,5,2025-07-14 11:49:55,2025-07-14 12:18:32,1717,0.48
2331,L04,#27,GW252/13600,(4)启机状态,4,2025-07-14 11:48:01,2025-07-14 11:49:55,114,0.03
2332,L04,#27,GW252/13600,(3)待机状态,3,2025-07-14 11:27:39,2025-07-14 11:48:01,1222,0.34
2333,L04,#27,GW252/13600,(2)停机状态,2,2025-07-14 11:27:38,2025-07-14 11:27:39,1,0
2334,L04,#27,GW252/13600,(1)停机过程,1,2025-07-14 11:26:43,2025-07-14 11:27:38,55,0.02
2335,L04,#27,GW252/13600,(5)发电状态,5,2025-07-14 06:28:46,2025-07-14 11:26:43,17877,4.97
2336,L04,#27,GW252/13600,(4)启机状态,4,2025-07-14 06:26:17,2025-07-14 06:28:46,149,0.04
2337,L04,#27,GW252/13600,(3)待机状态,3,2025-07-14 06:25:21,2025-07-14 06:26:17,56,0.02
2338,L04,#27,GW252/13600,(2)停机状态,2,2025-07-14 06:25:20,2025-07-14 06:25:21,1,0
2339,L04,#27,GW252/13600,(1)停机过程,1,2025-07-14 06:24:26,2025-07-14 06:25:20,54,0.02
2340,L04,#27,GW252/13600,(4)启机状态,4,2025-07-14 06:19:25,2025-07-14 06:24:26,301,0.08
2341,L04,#27,GW252/13600,(3)待机状态,3,2025-07-14 06:15:44,2025-07-14 06:19:25,221,0.06
2342,L04,#27,GW252/13600,(2)停机状态,2,2025-07-14 06:15:01,2025-07-14 06:15:44,43,0.01
2343,L04,#27,GW252/13600,(1)停机过程,1,2025-07-14 06:14:28,2025-07-14 06:15:01,33,0.01
2344,L04,#27,GW252/13600,(4)启机状态,4,2025-07-14 06:09:28,2025-07-14 06:14:28,300,0.08
2345,L04,#27,GW252/13600,(3)待机状态,3,2025-07-14 05:59:42,2025-07-14 06:09:28,586,0.16
2346,L04,#27,GW252/13600,(2)停机状态,2,2025-07-14 05:59:40,2025-07-14 05:59:42,2,0
2347,L04,#27,GW252/13600,(1)停机过程,1,2025-07-14 05:59:09,2025-07-14 05:59:40,31,0.01
2348,L04,#27,GW252/13600,(4)启机状态,4,2025-07-14 05:54:08,2025-07-14 05:59:09,301,0.08
2349,L04,#27,GW252/13600,(3)待机状态,3,2025-07-14 05:41:32,2025-07-14 05:54:08,756,0.21
2350,L04,#27,GW252/13600,(2)停机状态,2,2025-07-14 05:41:31,2025-07-14 05:41:32,1,0
2351,L04,#27,GW252/13600,(1)停机过程,1,2025-07-14 05:40:59,2025-07-14 05:41:31,32,0.01
2352,L04,#27,GW252/13600,(4)启机状态,4,2025-07-14 05:36:00,2025-07-14 05:40:59,299,0.08
2353,L04,#27,GW252/13600,(3)待机状态,3,2025-07-14 05:33:10,2025-07-14 05:36:00,170,0.05
2354,L04,#27,GW252/13600,(2)停机状态,2,2025-07-14 05:33:04,2025-07-14 05:33:10,6,0
2355,L04,#27,GW252/13600,(1)停机过程,1,2025-07-14 05:32:32,2025-07-14 05:33:04,32,0.01
2356,L04,#27,GW252/13600,(4)启机状态,4,2025-07-14 05:27:32,2025-07-14 05:32:32,300,0.08
2357,L04,#27,GW252/13600,(3)待机状态,3,2025-07-14 05:26:22,2025-07-14 05:27:32,70,0.02
2358,L04,#27,GW252/13600,(2)停机状态,2,2025-07-14 05:26:20,2025-07-14 05:26:22,2,0
2359,L04,#27,GW252/13600,(1)停机过程,1,2025-07-14 05:25:49,2025-07-14 05:26:20,31,0.01
2360,L04,#27,GW252/13600,(4)启机状态,4,2025-07-14 05:20:49,2025-07-14 05:25:49,300,0.08
2361,L04,#27,GW252/13600,(3)待机状态,3,2025-07-14 05:19:42,2025-07-14 05:20:49,67,0.02
2362,L04,#27,GW252/13600,(2)停机状态,2,2025-07-14 05:19:41,2025-07-14 05:19:42,1,0
2363,L04,#27,GW252/13600,(1)停机过程,1,2025-07-14 05:19:09,2025-07-14 05:19:41,32,0.01
2364,L04,#27,GW252/13600,(4)启机状态,4,2025-07-14 05:14:09,2025-07-14 05:19:09,300,0.08
2365,L04,#27,GW252/13600,(3)待机状态,3,2025-07-14 05:13:00,2025-07-14 05:14:09,69,0.02
2366,L04,#27,GW252/13600,(2)停机状态,2,2025-07-14 05:12:59,2025-07-14 05:13:00,1,0
2367,L04,#27,GW252/13600,(1)停机过程,1,2025-07-14 05:12:28,2025-07-14 05:12:59,31,0.01
2368,L04,#27,GW252/13600,(4)启机状态,4,2025-07-14 05:07:28,2025-07-14 05:12:28,300,0.08
2369,L04,#27,GW252/13600,(3)待机状态,3,2025-07-14 05:06:01,2025-07-14 05:07:28,87,0.02
2370,L04,#27,GW252/13600,(2)停机状态,2,2025-07-14 05:05:59,2025-07-14 05:06:01,2,0
2371,L04,#27,GW252/13600,(1)停机过程,1,2025-07-14 05:05:26,2025-07-14 05:05:59,33,0.01
2372,L04,#27,GW252/13600,(4)启机状态,4,2025-07-14 05:00:27,2025-07-14 05:05:26,299,0.08
2373,L04,#27,GW252/13600,(3)待机状态,3,2025-07-14 04:59:15,2025-07-14 05:00:27,72,0.02
2374,L04,#27,GW252/13600,(2)停机状态,2,2025-07-14 04:59:14,2025-07-14 04:59:15,1,0
2375,L04,#27,GW252/13600,(1)停机过程,1,2025-07-14 04:58:42,2025-07-14 04:59:14,32,0.01
2376,L04,#27,GW252/13600,(4)启机状态,4,2025-07-14 04:53:42,2025-07-14 04:58:42,300,0.08
2377,L04,#27,GW252/13600,(3)待机状态,3,2025-07-14 04:52:24,2025-07-14 04:53:42,78,0.02
2378,L04,#27,GW252/13600,(2)停机状态,2,2025-07-14 04:52:22,2025-07-14 04:52:24,2,0
2379,L04,#27,GW252/13600,(1)停机过程,1,2025-07-14 04:51:27,2025-07-14 04:52:22,55,0.02
2380,L04,#27,GW252/13600,(4)启机状态,4,2025-07-14 04:46:27,2025-07-14 04:51:27,300,0.08
2381,L04,#27,GW252/13600,(3)待机状态,3,2025-07-14 04:45:21,2025-07-14 04:46:27,66,0.02
2382,L04,#27,GW252/13600,(1)停机过程,1,2025-07-14 04:44:49,2025-07-14 04:45:21,32,0.01
2383,L04,#27,GW252/13600,(4)启机状态,4,2025-07-14 04:39:49,2025-07-14 04:44:49,300,0.08
2384,L04,#27,GW252/13600,(3)待机状态,3,2025-07-14 04:38:10,2025-07-14 04:39:49,99,0.03
2385,L04,#27,GW252/13600,(2)停机状态,2,2025-07-14 04:38:08,2025-07-14 04:38:10,2,0
2386,L04,#27,GW252/13600,(1)停机过程,1,2025-07-14 04:37:36,2025-07-14 04:38:08,32,0.01
2387,L04,#27,GW252/13600,(4)启机状态,4,2025-07-14 04:32:36,2025-07-14 04:37:36,300,0.08
2388,L04,#27,GW252/13600,(3)待机状态,3,2025-07-14 04:31:28,2025-07-14 04:32:36,68,0.02
2389,L04,#27,GW252/13600,(2)停机状态,2,2025-07-14 04:31:24,2025-07-14 04:31:28,4,0
2390,L04,#27,GW252/13600,(1)停机过程,1,2025-07-14 04:30:54,2025-07-14 04:31:24,30,0.01
2391,L04,#27,GW252/13600,(4)启机状态,4,2025-07-14 04:25:53,2025-07-14 04:30:54,301,0.08
2392,L04,#27,GW252/13600,(3)待机状态,3,2025-07-14 04:23:28,2025-07-14 04:25:53,145,0.04
2393,L04,#27,GW252/13600,(2)停机状态,2,2025-07-14 04:23:25,2025-07-14 04:23:28,3,0
2394,L04,#27,GW252/13600,(1)停机过程,1,2025-07-14 04:22:55,2025-07-14 04:23:25,30,0.01
2395,L04,#27,GW252/13600,(4)启机状态,4,2025-07-14 04:17:54,2025-07-14 04:22:55,301,0.08
2396,L04,#27,GW252/13600,(3)待机状态,3,2025-07-14 04:06:41,2025-07-14 04:17:54,673,0.19
2397,L04,#27,GW252/13600,(2)停机状态,2,2025-07-14 04:05:17,2025-07-14 04:06:41,84,0.02
2398,L04,#27,GW252/13600,(1)停机过程,1,2025-07-14 04:04:22,2025-07-14 04:05:17,55,0.02
2399,L04,#27,GW252/13600,(5)发电状态,5,2025-07-13 22:36:05,2025-07-14 04:04:22,19697,5.47
2400,L04,#27,GW252/13600,(4)启机状态,4,2025-07-13 22:33:39,2025-07-13 22:36:05,146,0.04
2401,L04,#27,GW252/13600,(3)待机状态,3,2025-07-13 22:32:41,2025-07-13 22:33:39,58,0.02
2402,L04,#27,GW252/13600,(2)停机状态,2,2025-07-13 22:32:40,2025-07-13 22:32:41,1,0
2403,L04,#27,GW252/13600,(1)停机过程,1,2025-07-13 22:32:08,2025-07-13 22:32:40,32,0.01
2404,L04,#27,GW252/13600,(4)启机状态,4,2025-07-13 22:27:08,2025-07-13 22:32:08,300,0.08
2405,L04,#27,GW252/13600,(3)待机状态,3,2025-07-13 22:25:49,2025-07-13 22:27:08,79,0.02
2406,L04,#27,GW252/13600,(2)停机状态,2,2025-07-13 22:25:48,2025-07-13 22:25:49,1,0
2407,L04,#27,GW252/13600,(1)停机过程,1,2025-07-13 22:25:17,2025-07-13 22:25:48,31,0.01
2408,L04,#27,GW252/13600,(4)启机状态,4,2025-07-13 22:20:16,2025-07-13 22:25:17,301,0.08
2409,L04,#27,GW252/13600,(3)待机状态,3,2025-07-13 21:12:29,2025-07-13 22:20:16,4067,1.13
2410,L04,#27,GW252/13600,(2)停机状态,2,2025-07-13 21:12:24,2025-07-13 21:12:29,5,0
2411,L04,#27,GW252/13600,(1)停机过程,1,2025-07-13 21:11:53,2025-07-13 21:12:24,31,0.01
2412,L04,#27,GW252/13600,(4)启机状态,4,2025-07-13 21:06:52,2025-07-13 21:11:53,301,0.08
2413,L04,#27,GW252/13600,(3)待机状态,3,2025-07-13 21:03:50,2025-07-13 21:06:52,182,0.05
2414,L04,#27,GW252/13600,(2)停机状态,2,2025-07-13 21:02:39,2025-07-13 21:03:50,71,0.02
2415,L04,#27,GW252/13600,(1)停机过程,1,2025-07-13 21:01:43,2025-07-13 21:02:39,56,0.02
2416,L04,#27,GW252/13600,(5)发电状态,5,2025-07-13 18:47:17,2025-07-13 21:01:43,8066,2.24
2417,L04,#27,GW252/13600,(4)启机状态,4,2025-07-13 18:42:28,2025-07-13 18:47:17,289,0.08
2418,L04,#27,GW252/13600,(3)待机状态,3,2025-07-13 18:41:28,2025-07-13 18:42:28,60,0.02
2419,L04,#27,GW252/13600,(2)停机状态,2,2025-07-13 18:41:26,2025-07-13 18:41:28,2,0
2420,L04,#27,GW252/13600,(1)停机过程,1,2025-07-13 18:40:56,2025-07-13 18:41:26,30,0.01
2421,L04,#27,GW252/13600,(4)启机状态,4,2025-07-13 18:35:56,2025-07-13 18:40:56,300,0.08
2422,L04,#27,GW252/13600,(3)待机状态,3,2025-07-13 18:34:50,2025-07-13 18:35:56,66,0.02
2423,L04,#27,GW252/13600,(2)停机状态,2,2025-07-13 18:34:48,2025-07-13 18:34:50,2,0
2424,L04,#27,GW252/13600,(1)停机过程,1,2025-07-13 18:34:16,2025-07-13 18:34:48,32,0.01
2425,L04,#27,GW252/13600,(4)启机状态,4,2025-07-13 18:29:16,2025-07-13 18:34:16,300,0.08
2426,L04,#27,GW252/13600,(3)待机状态,3,2025-07-13 18:26:12,2025-07-13 18:29:16,184,0.05
2427,L04,#27,GW252/13600,(2)停机状态,2,2025-07-13 18:24:38,2025-07-13 18:26:12,94,0.03
2428,L04,#27,GW252/13600,(1)停机过程,1,2025-07-13 18:23:43,2025-07-13 18:24:38,55,0.02
2429,L04,#27,GW252/13600,(5)发电状态,5,2025-07-13 16:06:05,2025-07-13 18:23:43,8258,2.29
2430,L04,#27,GW252/13600,(4)启机状态,4,2025-07-13 16:03:49,2025-07-13 16:06:05,136,0.04
2431,L04,#27,GW252/13600,(3)待机状态,3,2025-07-13 16:02:45,2025-07-13 16:03:49,64,0.02
2432,L04,#27,GW252/13600,(2)停机状态,2,2025-07-13 16:02:19,2025-07-13 16:02:45,26,0.01
2433,L04,#27,GW252/13600,(1)停机过程,1,2025-07-13 16:01:48,2025-07-13 16:02:19,31,0.01
2434,L04,#27,GW252/13600,(4)启机状态,4,2025-07-13 15:56:48,2025-07-13 16:01:48,300,0.08
2435,L04,#27,GW252/13600,(3)待机状态,3,2025-07-13 15:55:28,2025-07-13 15:56:48,80,0.02
2436,L04,#27,GW252/13600,(1)停机过程,1,2025-07-13 15:54:56,2025-07-13 15:55:28,32,0.01
2437,L04,#27,GW252/13600,(4)启机状态,4,2025-07-13 15:49:56,2025-07-13 15:54:56,300,0.08
2438,L04,#27,GW252/13600,(3)待机状态,3,2025-07-13 15:47:52,2025-07-13 15:49:56,124,0.03
2439,L04,#27,GW252/13600,(2)停机状态,2,2025-07-13 15:47:27,2025-07-13 15:47:52,25,0.01
2440,L04,#27,GW252/13600,(1)停机过程,1,2025-07-13 15:46:55,2025-07-13 15:47:27,32,0.01
2441,L04,#27,GW252/13600,(4)启机状态,4,2025-07-13 15:46:47,2025-07-13 15:46:55,8,0
2442,L04,#27,GW252/13600,(9)维护状态,9,2025-07-10 06:21:03,2025-07-13 15:46:47,293144,81.43
2443,L04,#27,GW252/13600,(2)停机状态,2,2025-07-10 05:38:14,2025-07-10 06:21:03,2569,0.71
2444,L04,#27,GW252/13600,(1)停机过程,1,2025-07-10 05:37:27,2025-07-10 05:38:14,47,0.01
2445,L04,#27,GW252/13600,(5)发电状态,5,2025-07-10 05:32:44,2025-07-10 05:37:27,283,0.08
2446,L04,#27,GW252/13600,(4)启机状态,4,2025-07-10 05:31:43,2025-07-10 05:32:44,61,0.02
2447,L04,#27,GW252/13600,(3)待机状态,3,2025-07-10 05:31:00,2025-07-10 05:31:43,43,0.01
2448,L04,#27,GW252/13600,(2)停机状态,2,2025-07-10 05:30:58,2025-07-10 05:31:00,2,0
2449,L04,#27,GW252/13600,(1)停机过程,1,2025-07-10 05:30:47,2025-07-10 05:30:58,11,0
2450,L04,#27,GW252/13600,(9)维护状态,9,2025-07-10 05:27:29,2025-07-10 05:30:47,198,0.06
2451,L04,#27,GW252/13600,(2)停机状态,2,2025-07-10 04:59:28,2025-07-10 05:27:29,1681,0.47
2452,L04,#27,GW252/13600,(1)停机过程,1,2025-07-10 04:58:42,2025-07-10 04:59:28,46,0.01
2453,L04,#27,GW252/13600,(5)发电状态,5,2025-07-09 13:23:42,2025-07-10 04:58:42,56100,15.58
2454,L04,#27,GW252/13600,(4)启机状态,4,2025-07-09 13:20:07,2025-07-09 13:23:42,215,0.06
2455,L04,#27,GW252/13600,(3)待机状态,3,2025-07-09 13:19:09,2025-07-09 13:20:07,58,0.02
2456,L04,#27,GW252/13600,(2)停机状态,2,2025-07-09 13:19:07,2025-07-09 13:19:09,2,0
2457,L04,#27,GW252/13600,(1)停机过程,1,2025-07-09 13:18:12,2025-07-09 13:19:07,55,0.02
2458,L04,#27,GW252/13600,(4)启机状态,4,2025-07-09 13:13:12,2025-07-09 13:18:12,300,0.08
2459,L04,#27,GW252/13600,(3)待机状态,3,2025-07-09 13:11:57,2025-07-09 13:13:12,75,0.02
2460,L04,#27,GW252/13600,(2)停机状态,2,2025-07-09 13:11:56,2025-07-09 13:11:57,1,0
2461,L04,#27,GW252/13600,(1)停机过程,1,2025-07-09 13:11:26,2025-07-09 13:11:56,30,0.01
2462,L04,#27,GW252/13600,(4)启机状态,4,2025-07-09 13:06:25,2025-07-09 13:11:26,301,0.08
2463,L04,#27,GW252/13600,(3)待机状态,3,2025-07-09 12:52:18,2025-07-09 13:06:25,847,0.24
2464,L04,#27,GW252/13600,(2)停机状态,2,2025-07-09 12:52:15,2025-07-09 12:52:18,3,0
2465,L04,#27,GW252/13600,(1)停机过程,1,2025-07-09 12:51:43,2025-07-09 12:52:15,32,0.01
2466,L04,#27,GW252/13600,(4)启机状态,4,2025-07-09 12:46:43,2025-07-09 12:51:43,300,0.08
2467,L04,#27,GW252/13600,(3)待机状态,3,2025-07-09 12:45:23,2025-07-09 12:46:43,80,0.02
2468,L04,#27,GW252/13600,(2)停机状态,2,2025-07-09 12:45:21,2025-07-09 12:45:23,2,0
2469,L04,#27,GW252/13600,(1)停机过程,1,2025-07-09 12:44:51,2025-07-09 12:45:21,30,0.01
2470,L04,#27,GW252/13600,(4)启机状态,4,2025-07-09 12:39:50,2025-07-09 12:44:51,301,0.08
2471,L04,#27,GW252/13600,(3)待机状态,3,2025-07-09 11:46:01,2025-07-09 12:39:50,3229,0.9
2472,L04,#27,GW252/13600,(2)停机状态,2,2025-07-09 11:44:52,2025-07-09 11:46:01,69,0.02
2473,L04,#27,GW252/13600,(1)停机过程,1,2025-07-09 11:43:57,2025-07-09 11:44:52,55,0.02
2474,L04,#27,GW252/13600,(5)发电状态,5,2025-07-09 03:58:51,2025-07-09 11:43:57,27906,7.75
2475,L04,#27,GW252/13600,(4)启机状态,4,2025-07-09 03:56:10,2025-07-09 03:58:51,161,0.04
2476,L04,#27,GW252/13600,(3)待机状态,3,2025-07-09 03:55:09,2025-07-09 03:56:10,61,0.02
2477,L04,#27,GW252/13600,(2)停机状态,2,2025-07-09 03:55:07,2025-07-09 03:55:09,2,0
2478,L04,#27,GW252/13600,(1)停机过程,1,2025-07-09 03:54:36,2025-07-09 03:55:07,31,0.01
2479,L04,#27,GW252/13600,(4)启机状态,4,2025-07-09 03:49:36,2025-07-09 03:54:36,300,0.08
2480,L04,#27,GW252/13600,(3)待机状态,3,2025-07-09 03:48:23,2025-07-09 03:49:36,73,0.02
2481,L04,#27,GW252/13600,(2)停机状态,2,2025-07-09 03:48:22,2025-07-09 03:48:23,1,0
2482,L04,#27,GW252/13600,(1)停机过程,1,2025-07-09 03:47:50,2025-07-09 03:48:22,32,0.01
2483,L04,#27,GW252/13600,(4)启机状态,4,2025-07-09 03:42:50,2025-07-09 03:47:50,300,0.08
2484,L04,#27,GW252/13600,(3)待机状态,3,2025-07-09 03:10:31,2025-07-09 03:42:50,1939,0.54
2485,L04,#27,GW252/13600,(2)停机状态,2,2025-07-09 03:10:22,2025-07-09 03:10:31,9,0
2486,L04,#27,GW252/13600,(1)停机过程,1,2025-07-09 03:09:51,2025-07-09 03:10:22,31,0.01
2487,L04,#27,GW252/13600,(4)启机状态,4,2025-07-09 03:04:51,2025-07-09 03:09:51,300,0.08
2488,L04,#27,GW252/13600,(3)待机状态,3,2025-07-09 03:03:44,2025-07-09 03:04:51,67,0.02
2489,L04,#27,GW252/13600,(2)停机状态,2,2025-07-09 03:01:57,2025-07-09 03:03:44,107,0.03
2490,L04,#27,GW252/13600,(1)停机过程,1,2025-07-09 03:01:26,2025-07-09 03:01:57,31,0.01
2491,L04,#27,GW252/13600,(4)启机状态,4,2025-07-09 02:56:26,2025-07-09 03:01:26,300,0.08
2492,L04,#27,GW252/13600,(3)待机状态,3,2025-07-09 02:55:19,2025-07-09 02:56:26,67,0.02
2493,L04,#27,GW252/13600,(2)停机状态,2,2025-07-09 02:55:17,2025-07-09 02:55:19,2,0
2494,L04,#27,GW252/13600,(1)停机过程,1,2025-07-09 02:54:46,2025-07-09 02:55:17,31,0.01
2495,L04,#27,GW252/13600,(4)启机状态,4,2025-07-09 02:49:45,2025-07-09 02:54:46,301,0.08
2496,L04,#27,GW252/13600,(3)待机状态,3,2025-07-09 02:47:56,2025-07-09 02:49:45,109,0.03
2497,L04,#27,GW252/13600,(2)停机状态,2,2025-07-09 02:47:30,2025-07-09 02:47:56,26,0.01
2498,L04,#27,GW252/13600,(1)停机过程,1,2025-07-09 02:47:00,2025-07-09 02:47:30,30,0.01
2499,L04,#27,GW252/13600,(4)启机状态,4,2025-07-09 02:41:59,2025-07-09 02:47:00,301,0.08
2500,L04,#27,GW252/13600,(3)待机状态,3,2025-07-09 02:41:01,2025-07-09 02:41:59,58,0.02
2501,L04,#27,GW252/13600,(2)停机状态,2,2025-07-09 02:40:58,2025-07-09 02:41:01,3,0
2502,L04,#27,GW252/13600,(1)停机过程,1,2025-07-09 02:40:26,2025-07-09 02:40:58,32,0.01
2503,L04,#27,GW252/13600,(4)启机状态,4,2025-07-09 02:35:26,2025-07-09 02:40:26,300,0.08
2504,L04,#27,GW252/13600,(3)待机状态,3,2025-07-09 02:34:24,2025-07-09 02:35:26,62,0.02
2505,L04,#27,GW252/13600,(2)停机状态,2,2025-07-09 02:34:23,2025-07-09 02:34:24,1,0
2506,L04,#27,GW252/13600,(1)停机过程,1,2025-07-09 02:33:52,2025-07-09 02:34:23,31,0.01
2507,L04,#27,GW252/13600,(4)启机状态,4,2025-07-09 02:28:52,2025-07-09 02:33:52,300,0.08
2508,L04,#27,GW252/13600,(3)待机状态,3,2025-07-09 02:27:44,2025-07-09 02:28:52,68,0.02
2509,L04,#27,GW252/13600,(2)停机状态,2,2025-07-09 02:27:42,2025-07-09 02:27:44,2,0
2510,L04,#27,GW252/13600,(1)停机过程,1,2025-07-09 02:27:10,2025-07-09 02:27:42,32,0.01
2511,L04,#27,GW252/13600,(4)启机状态,4,2025-07-09 02:22:10,2025-07-09 02:27:10,300,0.08
2512,L04,#27,GW252/13600,(3)待机状态,3,2025-07-09 02:20:45,2025-07-09 02:22:10,85,0.02
2513,L04,#27,GW252/13600,(2)停机状态,2,2025-07-09 02:20:44,2025-07-09 02:20:45,1,0
2514,L04,#27,GW252/13600,(1)停机过程,1,2025-07-09 02:20:12,2025-07-09 02:20:44,32,0.01
2515,L04,#27,GW252/13600,(4)启机状态,4,2025-07-09 02:15:12,2025-07-09 02:20:12,300,0.08
2516,L04,#27,GW252/13600,(3)待机状态,3,2025-07-09 01:14:31,2025-07-09 02:15:12,3641,1.01
2517,L04,#27,GW252/13600,(2)停机状态,2,2025-07-09 01:10:50,2025-07-09 01:14:31,221,0.06
2518,L04,#27,GW252/13600,(1)停机过程,1,2025-07-09 01:09:55,2025-07-09 01:10:50,55,0.02
2519,L04,#27,GW252/13600,(5)发电状态,5,2025-07-08 23:41:57,2025-07-09 01:09:55,5278,1.47
2520,L04,#27,GW252/13600,(4)启机状态,4,2025-07-08 23:38:16,2025-07-08 23:41:57,221,0.06
2521,L04,#27,GW252/13600,(3)待机状态,3,2025-07-08 23:36:36,2025-07-08 23:38:16,100,0.03
2522,L04,#27,GW252/13600,(2)停机状态,2,2025-07-08 23:36:35,2025-07-08 23:36:36,1,0
2523,L04,#27,GW252/13600,(1)停机过程,1,2025-07-08 23:36:05,2025-07-08 23:36:35,30,0.01
2524,L04,#27,GW252/13600,(4)启机状态,4,2025-07-08 23:31:05,2025-07-08 23:36:05,300,0.08
2525,L04,#27,GW252/13600,(3)待机状态,3,2025-07-08 23:15:58,2025-07-08 23:31:05,907,0.25
2526,L04,#27,GW252/13600,(2)停机状态,2,2025-07-08 23:15:57,2025-07-08 23:15:58,1,0
2527,L04,#27,GW252/13600,(1)停机过程,1,2025-07-08 23:15:27,2025-07-08 23:15:57,30,0.01
2528,L04,#27,GW252/13600,(4)启机状态,4,2025-07-08 23:10:26,2025-07-08 23:15:27,301,0.08
2529,L04,#27,GW252/13600,(3)待机状态,3,2025-07-08 23:07:16,2025-07-08 23:10:26,190,0.05
2530,L04,#27,GW252/13600,(1)停机过程,1,2025-07-08 23:06:44,2025-07-08 23:07:16,32,0.01
2531,L04,#27,GW252/13600,(4)启机状态,4,2025-07-08 23:01:44,2025-07-08 23:06:44,300,0.08
2532,L04,#27,GW252/13600,(3)待机状态,3,2025-07-08 22:59:51,2025-07-08 23:01:44,113,0.03
2533,L04,#27,GW252/13600,(2)停机状态,2,2025-07-08 22:22:48,2025-07-08 22:59:51,2223,0.62
2534,L04,#27,GW252/13600,(1)停机过程,1,2025-07-08 22:21:52,2025-07-08 22:22:48,56,0.02
2535,L04,#27,GW252/13600,(5)发电状态,5,2025-07-08 16:47:29,2025-07-08 22:21:52,20063,5.57
2536,L04,#27,GW252/13600,(4)启机状态,4,2025-07-08 16:46:06,2025-07-08 16:47:29,83,0.02
2537,L04,#27,GW252/13600,(3)待机状态,3,2025-07-08 16:45:13,2025-07-08 16:46:06,53,0.01
2538,L04,#27,GW252/13600,(2)停机状态,2,2025-07-08 16:43:59,2025-07-08 16:45:13,74,0.02
2539,L04,#27,GW252/13600,(1)停机过程,1,2025-07-08 16:43:49,2025-07-08 16:43:59,10,0
2540,L04,#27,GW252/13600,(9)维护状态,9,2025-07-08 16:43:21,2025-07-08 16:43:49,28,0.01
2541,L04,#27,GW252/13600,(2)停机状态,2,2025-07-08 16:40:17,2025-07-08 16:43:21,184,0.05
2542,L04,#27,GW252/13600,(1)停机过程,1,2025-07-08 16:40:07,2025-07-08 16:40:17,10,0
2543,L04,#27,GW252/13600,(9)维护状态,9,2025-07-05 01:46:16,2025-07-08 16:40:07,312831,86.9
2544,L04,#27,GW252/13600,(2)停机状态,2,2025-07-05 01:45:44,2025-07-05 01:46:16,32,0.01
2545,L04,#27,GW252/13600,(1)停机过程,1,2025-07-05 01:45:19,2025-07-05 01:45:44,25,0.01
2546,L04,#27,GW252/13600,(3)待机状态,3,2025-07-05 01:43:46,2025-07-05 01:45:19,93,0.03
2547,L04,#27,GW252/13600,(2)停机状态,2,2025-07-05 01:43:45,2025-07-05 01:43:46,1,0
2548,L04,#27,GW252/13600,(1)停机过程,1,2025-07-05 01:43:35,2025-07-05 01:43:45,10,0
2549,L04,#27,GW252/13600,(9)维护状态,9,2025-07-05 01:37:51,2025-07-05 01:43:35,344,0.1
2550,L04,#27,GW252/13600,(2)停机状态,2,2025-07-05 01:35:44,2025-07-05 01:37:51,127,0.04
2551,L04,#27,GW252/13600,(1)停机过程,1,2025-07-05 01:35:20,2025-07-05 01:35:44,24,0.01
2552,L04,#27,GW252/13600,(3)待机状态,3,2025-07-05 01:01:50,2025-07-05 01:35:20,2010,0.56
2553,L04,#27,GW252/13600,(2)停机状态,2,2025-07-05 00:56:50,2025-07-05 01:01:50,300,0.08
2554,L04,#27,GW252/13600,(1)停机过程,1,2025-07-05 00:56:20,2025-07-05 00:56:50,30,0.01
2555,L04,#27,GW252/13600,(4)启机状态,4,2025-07-05 00:51:20,2025-07-05 00:56:20,300,0.08
2556,L04,#27,GW252/13600,(3)待机状态,3,2025-07-05 00:49:47,2025-07-05 00:51:20,93,0.03
2557,L04,#27,GW252/13600,(1)停机过程,1,2025-07-05 00:49:16,2025-07-05 00:49:47,31,0.01
2558,L04,#27,GW252/13600,(4)启机状态,4,2025-07-05 00:44:16,2025-07-05 00:49:16,300,0.08
2559,L04,#27,GW252/13600,(3)待机状态,3,2025-07-05 00:43:04,2025-07-05 00:44:16,72,0.02
2560,L04,#27,GW252/13600,(2)停机状态,2,2025-07-05 00:42:24,2025-07-05 00:43:04,40,0.01
2561,L04,#27,GW252/13600,(1)停机过程,1,2025-07-05 00:42:15,2025-07-05 00:42:24,9,0
2562,L04,#27,GW252/13600,(9)维护状态,9,2025-07-05 00:41:17,2025-07-05 00:42:15,58,0.02
2563,L04,#27,GW252/13600,(2)停机状态,2,2025-07-05 00:37:25,2025-07-05 00:41:17,232,0.06
2564,L04,#27,GW252/13600,(1)停机过程,1,2025-07-05 00:37:19,2025-07-05 00:37:25,6,0
2565,L04,#27,GW252/13600,(9)维护状态,9,2025-07-05 00:34:16,2025-07-05 00:37:19,183,0.05
2566,L04,#27,GW252/13600,(2)停机状态,2,2025-07-05 00:34:04,2025-07-05 00:34:16,12,0
2567,L04,#27,GW252/13600,(1)停机过程,1,2025-07-05 00:33:32,2025-07-05 00:34:04,32,0.01
2568,L04,#27,GW252/13600,(3)待机状态,3,2025-07-05 00:31:35,2025-07-05 00:33:32,117,0.03
2569,L04,#27,GW252/13600,(2)停机状态,2,2025-07-05 00:31:33,2025-07-05 00:31:35,2,0
2570,L04,#27,GW252/13600,(1)停机过程,1,2025-07-05 00:31:01,2025-07-05 00:31:33,32,0.01
2571,L04,#27,GW252/13600,(4)启机状态,4,2025-07-05 00:26:01,2025-07-05 00:31:01,300,0.08
2572,L04,#27,GW252/13600,(3)待机状态,3,2025-07-05 00:24:08,2025-07-05 00:26:01,113,0.03
2573,L04,#27,GW252/13600,(2)停机状态,2,2025-07-05 00:23:10,2025-07-05 00:24:08,58,0.02
2574,L04,#27,GW252/13600,(1)停机过程,1,2025-07-05 00:22:15,2025-07-05 00:23:10,55,0.02
2575,L04,#27,GW252/13600,(5)发电状态,5,2025-07-04 23:28:25,2025-07-05 00:22:15,3230,0.9
2576,L04,#27,GW252/13600,(4)启机状态,4,2025-07-04 23:23:33,2025-07-04 23:28:25,292,0.08
2577,L04,#27,GW252/13600,(3)待机状态,3,2025-07-04 23:22:33,2025-07-04 23:23:33,60,0.02
2578,L04,#27,GW252/13600,(1)停机过程,1,2025-07-04 23:22:01,2025-07-04 23:22:33,32,0.01
2579,L04,#27,GW252/13600,(4)启机状态,4,2025-07-04 23:17:01,2025-07-04 23:22:01,300,0.08
2580,L04,#27,GW252/13600,(3)待机状态,3,2025-07-04 23:15:48,2025-07-04 23:17:01,73,0.02
2581,L04,#27,GW252/13600,(2)停机状态,2,2025-07-04 23:15:46,2025-07-04 23:15:48,2,0
2582,L04,#27,GW252/13600,(1)停机过程,1,2025-07-04 23:15:15,2025-07-04 23:15:46,31,0.01
2583,L04,#27,GW252/13600,(4)启机状态,4,2025-07-04 23:10:16,2025-07-04 23:15:15,299,0.08
2584,L04,#27,GW252/13600,(3)待机状态,3,2025-07-04 23:08:29,2025-07-04 23:10:16,107,0.03
2585,L04,#27,GW252/13600,(2)停机状态,2,2025-07-04 23:08:27,2025-07-04 23:08:29,2,0
2586,L04,#27,GW252/13600,(1)停机过程,1,2025-07-04 23:07:57,2025-07-04 23:08:27,30,0.01
2587,L04,#27,GW252/13600,(4)启机状态,4,2025-07-04 23:02:57,2025-07-04 23:07:57,300,0.08
2588,L04,#27,GW252/13600,(3)待机状态,3,2025-07-04 23:01:12,2025-07-04 23:02:57,105,0.03
2589,L04,#27,GW252/13600,(2)停机状态,2,2025-07-04 23:01:11,2025-07-04 23:01:12,1,0
2590,L04,#27,GW252/13600,(1)停机过程,1,2025-07-04 23:00:41,2025-07-04 23:01:11,30,0.01
2591,L04,#27,GW252/13600,(4)启机状态,4,2025-07-04 22:55:41,2025-07-04 23:00:41,300,0.08
2592,L04,#27,GW252/13600,(3)待机状态,3,2025-07-04 22:52:49,2025-07-04 22:55:41,172,0.05
2593,L04,#27,GW252/13600,(2)停机状态,2,2025-07-04 22:52:48,2025-07-04 22:52:49,1,0
2594,L04,#27,GW252/13600,(1)停机过程,1,2025-07-04 22:52:38,2025-07-04 22:52:48,10,0
2595,L04,#27,GW252/13600,(9)维护状态,9,2025-07-04 22:43:19,2025-07-04 22:52:38,559,0.16
2596,L04,#27,GW252/13600,(2)停机状态,2,2025-07-04 22:33:28,2025-07-04 22:43:19,591,0.16
2597,L04,#27,GW252/13600,(1)停机过程,1,2025-07-04 22:32:34,2025-07-04 22:33:28,54,0.02
2598,L04,#27,GW252/13600,(5)发电状态,5,2025-07-02 04:34:47,2025-07-04 22:32:34,237467,65.96
2599,L04,#27,GW252/13600,(4)启机状态,4,2025-07-02 04:32:34,2025-07-02 04:34:47,133,0.04
2600,L04,#27,GW252/13600,(3)待机状态,3,2025-07-02 04:30:59,2025-07-02 04:32:34,95,0.03
2601,L04,#27,GW252/13600,(2)停机状态,2,2025-07-02 04:30:57,2025-07-02 04:30:59,2,0
2602,L04,#27,GW252/13600,(1)停机过程,1,2025-07-02 04:30:47,2025-07-02 04:30:57,10,0
2603,L04,#27,GW252/13600,(9)维护状态,9,2025-07-02 04:24:32,2025-07-02 04:30:47,375,0.1
2604,L04,#27,GW252/13600,(2)停机状态,2,2025-07-02 04:22:00,2025-07-02 04:24:32,152,0.04
2605,L04,#27,GW252/13600,(1)停机过程,1,2025-07-02 04:21:12,2025-07-02 04:22:00,48,0.01
2606,L04,#27,GW252/13600,(5)发电状态,5,2025-07-01 12:15:05,2025-07-02 04:21:12,57967,16.1
2607,L04,#27,GW252/13600,(4)启机状态,4,2025-07-01 12:10:49,2025-07-01 12:15:05,256,0.07
2608,L04,#27,GW252/13600,(3)待机状态,3,2025-07-01 11:56:47,2025-07-01 12:10:49,842,0.23
2609,L04,#27,GW252/13600,(2)停机状态,2,2025-07-01 11:54:07,2025-07-01 11:56:47,160,0.04
2610,L04,#27,GW252/13600,(1)停机过程,1,2025-07-01 11:53:11,2025-07-01 11:54:07,56,0.02
2611,L04,#27,GW252/13600,(5)发电状态,5,2025-07-01 06:01:28,2025-07-01 11:53:11,21103,5.86
2612,L04,#27,GW252/13600,(4)启机状态,4,2025-07-01 05:59:32,2025-07-01 06:01:28,116,0.03
2613,L04,#27,GW252/13600,(3)待机状态,3,2025-07-01 05:58:28,2025-07-01 05:59:32,64,0.02
2614,L04,#27,GW252/13600,(1)停机过程,1,2025-07-01 05:57:56,2025-07-01 05:58:28,32,0.01
2615,L04,#27,GW252/13600,(4)启机状态,4,2025-07-01 05:52:56,2025-07-01 05:57:56,300,0.08
2616,L04,#27,GW252/13600,(3)待机状态,3,2025-07-01 05:04:58,2025-07-01 05:52:56,2878,0.8
2617,L04,#27,GW252/13600,(2)停机状态,2,2025-07-01 05:04:56,2025-07-01 05:04:58,2,0
2618,L04,#27,GW252/13600,(1)停机过程,1,2025-07-01 05:04:25,2025-07-01 05:04:56,31,0.01
2619,L04,#27,GW252/13600,(4)启机状态,4,2025-07-01 04:59:25,2025-07-01 05:04:25,300,0.08
2620,L04,#27,GW252/13600,(3)待机状态,3,2025-07-01 04:57:58,2025-07-01 04:59:25,87,0.02
2621,L04,#27,GW252/13600,(2)停机状态,2,2025-07-01 04:57:57,2025-07-01 04:57:58,1,0
2622,L04,#27,GW252/13600,(1)停机过程,1,2025-07-01 04:57:25,2025-07-01 04:57:57,32,0.01
2623,L04,#27,GW252/13600,(4)启机状态,4,2025-07-01 04:52:25,2025-07-01 04:57:25,300,0.08
2624,L04,#27,GW252/13600,(3)待机状态,3,2025-07-01 04:51:01,2025-07-01 04:52:25,84,0.02
2625,L04,#27,GW252/13600,(2)停机状态,2,2025-07-01 04:51:00,2025-07-01 04:51:01,1,0
2626,L04,#27,GW252/13600,(1)停机过程,1,2025-07-01 04:50:28,2025-07-01 04:51:00,32,0.01
2627,L04,#27,GW252/13600,(4)启机状态,4,2025-07-01 04:45:28,2025-07-01 04:50:28,300,0.08
2628,L04,#27,GW252/13600,(3)待机状态,3,2025-07-01 04:44:18,2025-07-01 04:45:28,70,0.02
2629,L04,#27,GW252/13600,(2)停机状态,2,2025-07-01 04:44:17,2025-07-01 04:44:18,1,0
2630,L04,#27,GW252/13600,(1)停机过程,1,2025-07-01 04:43:45,2025-07-01 04:44:17,32,0.01
2631,L04,#27,GW252/13600,(4)启机状态,4,2025-07-01 04:38:45,2025-07-01 04:43:45,300,0.08
2632,L04,#27,GW252/13600,(3)待机状态,3,2025-07-01 04:37:41,2025-07-01 04:38:45,64,0.02
2633,L04,#27,GW252/13600,(2)停机状态,2,2025-07-01 04:37:39,2025-07-01 04:37:41,2,0
2634,L04,#27,GW252/13600,(1)停机过程,1,2025-07-01 04:37:07,2025-07-01 04:37:39,32,0.01
2635,L04,#27,GW252/13600,(4)启机状态,4,2025-07-01 04:32:07,2025-07-01 04:37:07,300,0.08
2636,L04,#27,GW252/13600,(3)待机状态,3,2025-07-01 04:29:52,2025-07-01 04:32:07,135,0.04
2637,L04,#27,GW252/13600,(2)停机状态,2,2025-07-01 04:29:51,2025-07-01 04:29:52,1,0
2638,L04,#27,GW252/13600,(1)停机过程,1,2025-07-01 04:29:20,2025-07-01 04:29:51,31,0.01
2639,L04,#27,GW252/13600,(4)启机状态,4,2025-07-01 04:24:20,2025-07-01 04:29:20,300,0.08
2640,L04,#27,GW252/13600,(3)待机状态,3,2025-07-01 04:23:03,2025-07-01 04:24:20,77,0.02
2641,L04,#27,GW252/13600,(2)停机状态,2,2025-07-01 04:22:30,2025-07-01 04:23:03,33,0.01
2642,L04,#27,GW252/13600,(1)停机过程,1,2025-07-01 04:21:57,2025-07-01 04:22:30,33,0.01
2643,L04,#27,GW252/13600,(4)启机状态,4,2025-07-01 04:16:57,2025-07-01 04:21:57,300,0.08
2644,L04,#27,GW252/13600,(3)待机状态,3,2025-07-01 04:14:27,2025-07-01 04:16:57,150,0.04
2645,L04,#27,GW252/13600,(2)停机状态,2,2025-07-01 04:14:22,2025-07-01 04:14:27,5,0
2646,L04,#27,GW252/13600,(1)停机过程,1,2025-07-01 04:13:50,2025-07-01 04:14:22,32,0.01
2647,L04,#27,GW252/13600,(4)启机状态,4,2025-07-01 04:08:50,2025-07-01 04:13:50,300,0.08
2648,L04,#27,GW252/13600,(3)待机状态,3,2025-07-01 03:58:52,2025-07-01 04:08:50,598,0.17
2649,L04,#27,GW252/13600,(2)停机状态,2,2025-07-01 03:58:50,2025-07-01 03:58:52,2,0
2650,L04,#27,GW252/13600,(1)停机过程,1,2025-07-01 03:58:19,2025-07-01 03:58:50,31,0.01
2651,L04,#27,GW252/13600,(4)启机状态,4,2025-07-01 03:53:18,2025-07-01 03:58:19,301,0.08
2652,L04,#27,GW252/13600,(3)待机状态,3,2025-07-01 03:52:03,2025-07-01 03:53:18,75,0.02
2653,L04,#27,GW252/13600,(2)停机状态,2,2025-07-01 03:52:01,2025-07-01 03:52:03,2,0
2654,L04,#27,GW252/13600,(1)停机过程,1,2025-07-01 03:51:29,2025-07-01 03:52:01,32,0.01
2655,L04,#27,GW252/13600,(4)启机状态,4,2025-07-01 03:46:29,2025-07-01 03:51:29,300,0.08
2656,L04,#27,GW252/13600,(3)待机状态,3,2025-07-01 03:39:37,2025-07-01 03:46:29,412,0.11
2657,L04,#27,GW252/13600,(2)停机状态,2,2025-07-01 03:34:01,2025-07-01 03:39:37,336,0.09
2658,L04,#27,GW252/13600,(1)停机过程,1,2025-07-01 03:33:05,2025-07-01 03:34:01,56,0.02
2659,L04,#27,GW252/13600,(5)发电状态,5,2025-06-30 22:57:05,2025-07-01 03:33:05,16560,4.6
2660,L04,#27,GW252/13600,(4)启机状态,4,2025-06-30 22:55:36,2025-06-30 22:57:05,89,0.02
2661,L04,#27,GW252/13600,(3)待机状态,3,2025-06-30 22:53:42,2025-06-30 22:55:36,114,0.03
2662,L04,#27,GW252/13600,(2)停机状态,2,2025-06-30 22:53:41,2025-06-30 22:53:42,1,0
2663,L04,#27,GW252/13600,(1)停机过程,1,2025-06-30 22:52:47,2025-06-30 22:53:41,54,0.02
2664,L04,#27,GW252/13600,(5)发电状态,5,2025-06-30 14:27:56,2025-06-30 22:52:47,30291,8.41
2665,L04,#27,GW252/13600,(4)启机状态,4,2025-06-30 14:24:05,2025-06-30 14:27:56,231,0.06
2666,L04,#27,GW252/13600,(3)待机状态,3,2025-06-30 14:23:03,2025-06-30 14:24:05,62,0.02
2667,L04,#27,GW252/13600,(2)停机状态,2,2025-06-30 14:23:01,2025-06-30 14:23:03,2,0
2668,L04,#27,GW252/13600,(1)停机过程,1,2025-06-30 14:22:30,2025-06-30 14:23:01,31,0.01
2669,L04,#27,GW252/13600,(4)启机状态,4,2025-06-30 14:17:30,2025-06-30 14:22:30,300,0.08
2670,L04,#27,GW252/13600,(3)待机状态,3,2025-06-30 14:16:08,2025-06-30 14:17:30,82,0.02
2671,L04,#27,GW252/13600,(2)停机状态,2,2025-06-30 14:15:59,2025-06-30 14:16:08,9,0
2672,L04,#27,GW252/13600,(1)停机过程,1,2025-06-30 14:15:27,2025-06-30 14:15:59,32,0.01
2673,L04,#27,GW252/13600,(4)启机状态,4,2025-06-30 14:10:27,2025-06-30 14:15:27,300,0.08
2674,L04,#27,GW252/13600,(3)待机状态,3,2025-06-30 14:08:37,2025-06-30 14:10:27,110,0.03
2675,L04,#27,GW252/13600,(2)停机状态,2,2025-06-30 14:08:36,2025-06-30 14:08:37,1,0
2676,L04,#27,GW252/13600,(1)停机过程,1,2025-06-30 14:08:03,2025-06-30 14:08:36,33,0.01
2677,L04,#27,GW252/13600,(4)启机状态,4,2025-06-30 14:03:03,2025-06-30 14:08:03,300,0.08
2678,L04,#27,GW252/13600,(3)待机状态,3,2025-06-30 14:01:55,2025-06-30 14:03:03,68,0.02
2679,L04,#27,GW252/13600,(2)停机状态,2,2025-06-30 14:01:53,2025-06-30 14:01:55,2,0
2680,L04,#27,GW252/13600,(1)停机过程,1,2025-06-30 14:01:21,2025-06-30 14:01:53,32,0.01
2681,L04,#27,GW252/13600,(4)启机状态,4,2025-06-30 13:56:21,2025-06-30 14:01:21,300,0.08
2682,L04,#27,GW252/13600,(3)待机状态,3,2025-06-30 13:54:40,2025-06-30 13:56:21,101,0.03
2683,L04,#27,GW252/13600,(2)停机状态,2,2025-06-30 13:54:39,2025-06-30 13:54:40,1,0
2684,L04,#27,GW252/13600,(1)停机过程,1,2025-06-30 13:54:07,2025-06-30 13:54:39,32,0.01
2685,L04,#27,GW252/13600,(4)启机状态,4,2025-06-30 13:49:07,2025-06-30 13:54:07,300,0.08
2686,L04,#27,GW252/13600,(3)待机状态,3,2025-06-30 13:44:37,2025-06-30 13:49:07,270,0.08
2687,L04,#27,GW252/13600,(2)停机状态,2,2025-06-30 13:41:46,2025-06-30 13:44:37,171,0.05
2688,L04,#27,GW252/13600,(1)停机过程,1,2025-06-30 13:41:14,2025-06-30 13:41:46,32,0.01
2689,L04,#27,GW252/13600,(4)启机状态,4,2025-06-30 13:36:15,2025-06-30 13:41:14,299,0.08
2690,L04,#27,GW252/13600,(3)待机状态,3,2025-06-30 13:32:50,2025-06-30 13:36:15,205,0.06
2691,L04,#27,GW252/13600,(2)停机状态,2,2025-06-30 13:30:21,2025-06-30 13:32:50,149,0.04
2692,L04,#27,GW252/13600,(1)停机过程,1,2025-06-30 13:29:50,2025-06-30 13:30:21,31,0.01
2693,L04,#27,GW252/13600,(4)启机状态,4,2025-06-30 13:24:50,2025-06-30 13:29:50,300,0.08
2694,L04,#27,GW252/13600,(3)待机状态,3,2025-06-30 13:20:49,2025-06-30 13:24:50,241,0.07
2695,L04,#27,GW252/13600,(1)停机过程,1,2025-06-30 13:20:17,2025-06-30 13:20:49,32,0.01
2696,L04,#27,GW252/13600,(4)启机状态,4,2025-06-30 13:15:17,2025-06-30 13:20:17,300,0.08
2697,L04,#27,GW252/13600,(3)待机状态,3,2025-06-30 13:14:06,2025-06-30 13:15:17,71,0.02
2698,L04,#27,GW252/13600,(2)停机状态,2,2025-06-30 13:14:04,2025-06-30 13:14:06,2,0
2699,L04,#27,GW252/13600,(1)停机过程,1,2025-06-30 13:13:33,2025-06-30 13:14:04,31,0.01
2700,L04,#27,GW252/13600,(4)启机状态,4,2025-06-30 13:08:33,2025-06-30 13:13:33,300,0.08
2701,L04,#27,GW252/13600,(3)待机状态,3,2025-06-30 13:07:03,2025-06-30 13:08:33,90,0.03
2702,L04,#27,GW252/13600,(1)停机过程,1,2025-06-30 13:06:08,2025-06-30 13:07:03,55,0.02
2703,L04,#27,GW252/13600,(4)启机状态,4,2025-06-30 13:01:09,2025-06-30 13:06:08,299,0.08
2704,L04,#27,GW252/13600,(3)待机状态,3,2025-06-30 13:00:05,2025-06-30 13:01:09,64,0.02
2705,L04,#27,GW252/13600,(2)停机状态,2,2025-06-30 13:00:04,2025-06-30 13:00:05,1,0
2706,L04,#27,GW252/13600,(1)停机过程,1,2025-06-30 12:59:32,2025-06-30 13:00:04,32,0.01
2707,L04,#27,GW252/13600,(4)启机状态,4,2025-06-30 12:54:32,2025-06-30 12:59:32,300,0.08
2708,L04,#27,GW252/13600,(3)待机状态,3,2025-06-30 12:53:13,2025-06-30 12:54:32,79,0.02
2709,L04,#27,GW252/13600,(2)停机状态,2,2025-06-30 12:51:15,2025-06-30 12:53:13,118,0.03
2710,L04,#27,GW252/13600,(1)停机过程,1,2025-06-30 12:50:43,2025-06-30 12:51:15,32,0.01
2711,L04,#27,GW252/13600,(4)启机状态,4,2025-06-30 12:45:43,2025-06-30 12:50:43,300,0.08
2712,L04,#27,GW252/13600,(3)待机状态,3,2025-06-30 12:44:39,2025-06-30 12:45:43,64,0.02
2713,L04,#27,GW252/13600,(2)停机状态,2,2025-06-30 12:44:38,2025-06-30 12:44:39,1,0
2714,L04,#27,GW252/13600,(1)停机过程,1,2025-06-30 12:43:43,2025-06-30 12:44:38,55,0.02
2715,L04,#27,GW252/13600,(4)启机状态,4,2025-06-30 12:38:43,2025-06-30 12:43:43,300,0.08
2716,L04,#27,GW252/13600,(3)待机状态,3,2025-06-30 12:36:31,2025-06-30 12:38:43,132,0.04
2717,L04,#27,GW252/13600,(2)停机状态,2,2025-06-30 12:33:48,2025-06-30 12:36:31,163,0.05
2718,L04,#27,GW252/13600,(1)停机过程,1,2025-06-30 12:32:53,2025-06-30 12:33:48,55,0.02
2719,L04,#27,GW252/13600,(5)发电状态,5,2025-06-30 10:50:31,2025-06-30 12:32:53,6142,1.71
2720,L04,#27,GW252/13600,(4)启机状态,4,2025-06-30 10:47:55,2025-06-30 10:50:31,156,0.04
2721,L04,#27,GW252/13600,(3)待机状态,3,2025-06-30 10:47:01,2025-06-30 10:47:55,54,0.02
2722,L04,#27,GW252/13600,(2)停机状态,2,2025-06-30 10:47:00,2025-06-30 10:47:01,1,0
2723,L04,#27,GW252/13600,(1)停机过程,1,2025-06-30 10:46:04,2025-06-30 10:47:00,56,0.02
2724,L04,#27,GW252/13600,(4)启机状态,4,2025-06-30 10:41:05,2025-06-30 10:46:04,299,0.08
2725,L04,#27,GW252/13600,(3)待机状态,3,2025-06-30 10:31:55,2025-06-30 10:41:05,550,0.15
2726,L04,#27,GW252/13600,(2)停机状态,2,2025-06-30 10:26:19,2025-06-30 10:31:55,336,0.09
2727,L04,#27,GW252/13600,(1)停机过程,1,2025-06-30 10:25:24,2025-06-30 10:26:19,55,0.02
2728,L04,#27,GW252/13600,(5)发电状态,5,2025-06-30 02:51:02,2025-06-30 10:25:24,27262,7.57
2729,L04,#27,GW252/13600,(4)启机状态,4,2025-06-30 02:48:23,2025-06-30 02:51:02,159,0.04
2730,L04,#27,GW252/13600,(3)待机状态,3,2025-06-30 02:47:16,2025-06-30 02:48:23,67,0.02
2731,L04,#27,GW252/13600,(2)停机状态,2,2025-06-30 02:47:13,2025-06-30 02:47:16,3,0
2732,L04,#27,GW252/13600,(1)停机过程,1,2025-06-30 02:46:43,2025-06-30 02:47:13,30,0.01
2733,L04,#27,GW252/13600,(4)启机状态,4,2025-06-30 02:41:43,2025-06-30 02:46:43,300,0.08
2734,L04,#27,GW252/13600,(3)待机状态,3,2025-06-30 02:40:10,2025-06-30 02:41:43,93,0.03
2735,L04,#27,GW252/13600,(2)停机状态,2,2025-06-30 02:40:09,2025-06-30 02:40:10,1,0
2736,L04,#27,GW252/13600,(1)停机过程,1,2025-06-30 02:39:38,2025-06-30 02:40:09,31,0.01
2737,L04,#27,GW252/13600,(4)启机状态,4,2025-06-30 02:34:38,2025-06-30 02:39:38,300,0.08
2738,L04,#27,GW252/13600,(3)待机状态,3,2025-06-30 02:29:22,2025-06-30 02:34:38,316,0.09
2739,L04,#27,GW252/13600,(2)停机状态,2,2025-06-30 02:27:00,2025-06-30 02:29:22,142,0.04
2740,L04,#27,GW252/13600,(1)停机过程,1,2025-06-30 02:26:04,2025-06-30 02:27:00,56,0.02
2741,L04,#27,GW252/13600,(5)发电状态,5,2025-06-30 00:51:28,2025-06-30 02:26:04,5676,1.58
2742,L04,#27,GW252/13600,(4)启机状态,4,2025-06-30 00:49:02,2025-06-30 00:51:28,146,0.04
2743,L04,#27,GW252/13600,(3)待机状态,3,2025-06-30 00:47:59,2025-06-30 00:49:02,63,0.02
2744,L04,#27,GW252/13600,(2)停机状态,2,2025-06-30 00:47:58,2025-06-30 00:47:59,1,0
2745,L04,#27,GW252/13600,(1)停机过程,1,2025-06-30 00:47:12,2025-06-30 00:47:58,46,0.01
2746,L04,#27,GW252/13600,(4)启机状态,4,2025-06-30 00:42:12,2025-06-30 00:47:12,300,0.08
2747,L04,#27,GW252/13600,(3)待机状态,3,2025-06-30 00:40:09,2025-06-30 00:42:12,123,0.03
2748,L04,#27,GW252/13600,(2)停机状态,2,2025-06-30 00:34:46,2025-06-30 00:40:09,323,0.09
2749,L04,#27,GW252/13600,(1)停机过程,1,2025-06-30 00:33:51,2025-06-30 00:34:46,55,0.02
2750,L04,#27,GW252/13600,(5)发电状态,5,2025-06-29 20:15:55,2025-06-30 00:33:51,15476,4.3
2751,L04,#27,GW252/13600,(4)启机状态,4,2025-06-29 20:13:41,2025-06-29 20:15:55,134,0.04
2752,L04,#27,GW252/13600,(3)待机状态,3,2025-06-29 20:12:51,2025-06-29 20:13:41,50,0.01
2753,L04,#27,GW252/13600,(2)停机状态,2,2025-06-29 20:12:42,2025-06-29 20:12:51,9,0
2754,L04,#27,GW252/13600,(1)停机过程,1,2025-06-29 20:11:47,2025-06-29 20:12:42,55,0.02
2755,L04,#27,GW252/13600,(4)启机状态,4,2025-06-29 20:06:47,2025-06-29 20:11:47,300,0.08
2756,L04,#27,GW252/13600,(3)待机状态,3,2025-06-29 20:05:32,2025-06-29 20:06:47,75,0.02
2757,L04,#27,GW252/13600,(2)停机状态,2,2025-06-29 20:05:30,2025-06-29 20:05:32,2,0
2758,L04,#27,GW252/13600,(1)停机过程,1,2025-06-29 20:04:57,2025-06-29 20:05:30,33,0.01
2759,L04,#27,GW252/13600,(4)启机状态,4,2025-06-29 19:59:57,2025-06-29 20:04:57,300,0.08
2760,L04,#27,GW252/13600,(3)待机状态,3,2025-06-29 19:58:47,2025-06-29 19:59:57,70,0.02
2761,L04,#27,GW252/13600,(2)停机状态,2,2025-06-29 19:58:40,2025-06-29 19:58:47,7,0
2762,L04,#27,GW252/13600,(1)停机过程,1,2025-06-29 19:58:10,2025-06-29 19:58:40,30,0.01
2763,L04,#27,GW252/13600,(4)启机状态,4,2025-06-29 19:53:10,2025-06-29 19:58:10,300,0.08
2764,L04,#27,GW252/13600,(3)待机状态,3,2025-06-29 19:51:23,2025-06-29 19:53:10,107,0.03
2765,L04,#27,GW252/13600,(2)停机状态,2,2025-06-29 19:50:43,2025-06-29 19:51:23,40,0.01
2766,L04,#27,GW252/13600,(1)停机过程,1,2025-06-29 19:50:10,2025-06-29 19:50:43,33,0.01
2767,L04,#27,GW252/13600,(4)启机状态,4,2025-06-29 19:45:11,2025-06-29 19:50:10,299,0.08
2768,L04,#27,GW252/13600,(3)待机状态,3,2025-06-29 19:40:49,2025-06-29 19:45:11,262,0.07
2769,L04,#27,GW252/13600,(2)停机状态,2,2025-06-29 19:38:13,2025-06-29 19:40:49,156,0.04
2770,L04,#27,GW252/13600,(1)停机过程,1,2025-06-29 19:37:43,2025-06-29 19:38:13,30,0.01
2771,L04,#27,GW252/13600,(4)启机状态,4,2025-06-29 19:32:43,2025-06-29 19:37:43,300,0.08
2772,L04,#27,GW252/13600,(3)待机状态,3,2025-06-29 19:31:41,2025-06-29 19:32:43,62,0.02
2773,L04,#27,GW252/13600,(2)停机状态,2,2025-06-29 19:31:40,2025-06-29 19:31:41,1,0
2774,L04,#27,GW252/13600,(1)停机过程,1,2025-06-29 19:31:07,2025-06-29 19:31:40,33,0.01
2775,L04,#27,GW252/13600,(4)启机状态,4,2025-06-29 19:26:07,2025-06-29 19:31:07,300,0.08
2776,L04,#27,GW252/13600,(3)待机状态,3,2025-06-29 19:24:47,2025-06-29 19:26:07,80,0.02
2777,L04,#27,GW252/13600,(2)停机状态,2,2025-06-29 19:24:20,2025-06-29 19:24:47,27,0.01
2778,L04,#27,GW252/13600,(1)停机过程,1,2025-06-29 19:23:47,2025-06-29 19:24:20,33,0.01
2779,L04,#27,GW252/13600,(4)启机状态,4,2025-06-29 19:18:47,2025-06-29 19:23:47,300,0.08
2780,L04,#27,GW252/13600,(3)待机状态,3,2025-06-29 19:09:33,2025-06-29 19:18:47,554,0.15
2781,L04,#27,GW252/13600,(2)停机状态,2,2025-06-29 19:09:06,2025-06-29 19:09:33,27,0.01
2782,L04,#27,GW252/13600,(1)停机过程,1,2025-06-29 19:08:12,2025-06-29 19:09:06,54,0.02
2783,L04,#27,GW252/13600,(5)发电状态,5,2025-06-29 18:34:53,2025-06-29 19:08:12,1999,0.56
2784,L04,#27,GW252/13600,(4)启机状态,4,2025-06-29 18:30:51,2025-06-29 18:34:53,242,0.07
2785,L04,#27,GW252/13600,(3)待机状态,3,2025-06-29 18:29:44,2025-06-29 18:30:51,67,0.02
2786,L04,#27,GW252/13600,(1)停机过程,1,2025-06-29 18:29:12,2025-06-29 18:29:44,32,0.01
2787,L04,#27,GW252/13600,(4)启机状态,4,2025-06-29 18:24:12,2025-06-29 18:29:12,300,0.08
2788,L04,#27,GW252/13600,(3)待机状态,3,2025-06-29 18:12:25,2025-06-29 18:24:12,707,0.2
2789,L04,#27,GW252/13600,(2)停机状态,2,2025-06-29 18:09:47,2025-06-29 18:12:25,158,0.04
2790,L04,#27,GW252/13600,(1)停机过程,1,2025-06-29 18:08:52,2025-06-29 18:09:47,55,0.02
2791,L04,#27,GW252/13600,(5)发电状态,5,2025-06-29 17:57:33,2025-06-29 18:08:52,679,0.19
2792,L04,#27,GW252/13600,(4)启机状态,4,2025-06-29 17:53:55,2025-06-29 17:57:33,218,0.06
2793,L04,#27,GW252/13600,(3)待机状态,3,2025-06-29 17:52:58,2025-06-29 17:53:55,57,0.02
2794,L04,#27,GW252/13600,(2)停机状态,2,2025-06-29 17:52:55,2025-06-29 17:52:58,3,0
2795,L04,#27,GW252/13600,(1)停机过程,1,2025-06-29 17:52:24,2025-06-29 17:52:55,31,0.01
2796,L04,#27,GW252/13600,(4)启机状态,4,2025-06-29 17:47:24,2025-06-29 17:52:24,300,0.08
2797,L04,#27,GW252/13600,(3)待机状态,3,2025-06-29 17:31:31,2025-06-29 17:47:24,953,0.26
2798,L04,#27,GW252/13600,(2)停机状态,2,2025-06-29 17:29:36,2025-06-29 17:31:31,115,0.03
2799,L04,#27,GW252/13600,(1)停机过程,1,2025-06-29 17:29:05,2025-06-29 17:29:36,31,0.01
2800,L04,#27,GW252/13600,(4)启机状态,4,2025-06-29 17:24:04,2025-06-29 17:29:05,301,0.08
2801,L04,#27,GW252/13600,(3)待机状态,3,2025-06-29 17:05:49,2025-06-29 17:24:04,1095,0.3
2802,L04,#27,GW252/13600,(2)停机状态,2,2025-06-29 17:02:08,2025-06-29 17:05:49,221,0.06
2803,L04,#27,GW252/13600,(1)停机过程,1,2025-06-29 17:01:12,2025-06-29 17:02:08,56,0.02
2804,L04,#27,GW252/13600,(5)发电状态,5,2025-06-29 15:23:24,2025-06-29 17:01:12,5868,1.63
2805,L04,#27,GW252/13600,(4)启机状态,4,2025-06-29 15:18:53,2025-06-29 15:23:24,271,0.08
2806,L04,#27,GW252/13600,(3)待机状态,3,2025-06-29 15:17:46,2025-06-29 15:18:53,67,0.02
2807,L04,#27,GW252/13600,(2)停机状态,2,2025-06-29 15:17:44,2025-06-29 15:17:46,2,0
2808,L04,#27,GW252/13600,(1)停机过程,1,2025-06-29 15:17:14,2025-06-29 15:17:44,30,0.01
2809,L04,#27,GW252/13600,(4)启机状态,4,2025-06-29 15:12:14,2025-06-29 15:17:14,300,0.08
2810,L04,#27,GW252/13600,(3)待机状态,3,2025-06-29 15:11:06,2025-06-29 15:12:14,68,0.02
2811,L04,#27,GW252/13600,(1)停机过程,1,2025-06-29 15:10:34,2025-06-29 15:11:06,32,0.01
2812,L04,#27,GW252/13600,(4)启机状态,4,2025-06-29 15:05:33,2025-06-29 15:10:34,301,0.08
2813,L04,#27,GW252/13600,(3)待机状态,3,2025-06-29 15:03:59,2025-06-29 15:05:33,94,0.03
2814,L04,#27,GW252/13600,(2)停机状态,2,2025-06-29 15:03:57,2025-06-29 15:03:59,2,0
2815,L04,#27,GW252/13600,(1)停机过程,1,2025-06-29 15:03:26,2025-06-29 15:03:57,31,0.01
2816,L04,#27,GW252/13600,(4)启机状态,4,2025-06-29 14:58:26,2025-06-29 15:03:26,300,0.08
2817,L04,#27,GW252/13600,(3)待机状态,3,2025-06-29 14:53:20,2025-06-29 14:58:26,306,0.09
2818,L04,#27,GW252/13600,(2)停机状态,2,2025-06-29 14:50:35,2025-06-29 14:53:20,165,0.05
2819,L04,#27,GW252/13600,(1)停机过程,1,2025-06-29 14:49:39,2025-06-29 14:50:35,56,0.02
2820,L04,#27,GW252/13600,(5)发电状态,5,2025-06-29 13:19:19,2025-06-29 14:49:39,5420,1.51
2821,L04,#27,GW252/13600,(4)启机状态,4,2025-06-29 13:14:53,2025-06-29 13:19:19,266,0.07
2822,L04,#27,GW252/13600,(3)待机状态,3,2025-06-29 13:13:30,2025-06-29 13:14:53,83,0.02
2823,L04,#27,GW252/13600,(2)停机状态,2,2025-06-29 13:13:28,2025-06-29 13:13:30,2,0
2824,L04,#27,GW252/13600,(1)停机过程,1,2025-06-29 13:12:56,2025-06-29 13:13:28,32,0.01
2825,L04,#27,GW252/13600,(4)启机状态,4,2025-06-29 13:07:56,2025-06-29 13:12:56,300,0.08
2826,L04,#27,GW252/13600,(3)待机状态,3,2025-06-29 13:06:50,2025-06-29 13:07:56,66,0.02
2827,L04,#27,GW252/13600,(2)停机状态,2,2025-06-29 13:06:22,2025-06-29 13:06:50,28,0.01
2828,L04,#27,GW252/13600,(1)停机过程,1,2025-06-29 13:05:51,2025-06-29 13:06:22,31,0.01
2829,L04,#27,GW252/13600,(4)启机状态,4,2025-06-29 13:00:51,2025-06-29 13:05:51,300,0.08
2830,L04,#27,GW252/13600,(3)待机状态,3,2025-06-29 12:57:42,2025-06-29 13:00:51,189,0.05
2831,L04,#27,GW252/13600,(2)停机状态,2,2025-06-29 12:56:14,2025-06-29 12:57:42,88,0.02
2832,L04,#27,GW252/13600,(1)停机过程,1,2025-06-29 12:55:43,2025-06-29 12:56:14,31,0.01
2833,L04,#27,GW252/13600,(4)启机状态,4,2025-06-29 12:50:43,2025-06-29 12:55:43,300,0.08
2834,L04,#27,GW252/13600,(3)待机状态,3,2025-06-29 12:47:22,2025-06-29 12:50:43,201,0.06
2835,L04,#27,GW252/13600,(2)停机状态,2,2025-06-29 12:47:16,2025-06-29 12:47:22,6,0
2836,L04,#27,GW252/13600,(1)停机过程,1,2025-06-29 12:46:44,2025-06-29 12:47:16,32,0.01
2837,L04,#27,GW252/13600,(4)启机状态,4,2025-06-29 12:41:44,2025-06-29 12:46:44,300,0.08
2838,L04,#27,GW252/13600,(3)待机状态,3,2025-06-29 12:39:23,2025-06-29 12:41:44,141,0.04
2839,L04,#27,GW252/13600,(2)停机状态,2,2025-06-29 12:39:21,2025-06-29 12:39:23,2,0
2840,L04,#27,GW252/13600,(1)停机过程,1,2025-06-29 12:38:49,2025-06-29 12:39:21,32,0.01
2841,L04,#27,GW252/13600,(4)启机状态,4,2025-06-29 12:33:49,2025-06-29 12:38:49,300,0.08
2842,L04,#27,GW252/13600,(3)待机状态,3,2025-06-29 12:31:10,2025-06-29 12:33:49,159,0.04
2843,L04,#27,GW252/13600,(2)停机状态,2,2025-06-29 12:31:09,2025-06-29 12:31:10,1,0
2844,L04,#27,GW252/13600,(1)停机过程,1,2025-06-29 12:30:38,2025-06-29 12:31:09,31,0.01
2845,L04,#27,GW252/13600,(4)启机状态,4,2025-06-29 12:25:38,2025-06-29 12:30:38,300,0.08
2846,L04,#27,GW252/13600,(3)待机状态,3,2025-06-29 12:24:32,2025-06-29 12:25:38,66,0.02
2847,L04,#27,GW252/13600,(2)停机状态,2,2025-06-29 12:24:31,2025-06-29 12:24:32,1,0
2848,L04,#27,GW252/13600,(1)停机过程,1,2025-06-29 12:23:59,2025-06-29 12:24:31,32,0.01
2849,L04,#27,GW252/13600,(4)启机状态,4,2025-06-29 12:18:58,2025-06-29 12:23:59,301,0.08
2850,L04,#27,GW252/13600,(3)待机状态,3,2025-06-29 12:17:18,2025-06-29 12:18:58,100,0.03
2851,L04,#27,GW252/13600,(2)停机状态,2,2025-06-29 12:16:39,2025-06-29 12:17:18,39,0.01
2852,L04,#27,GW252/13600,(1)停机过程,1,2025-06-29 12:16:08,2025-06-29 12:16:39,31,0.01
2853,L04,#27,GW252/13600,(4)启机状态,4,2025-06-29 12:11:08,2025-06-29 12:16:08,300,0.08
2854,L04,#27,GW252/13600,(3)待机状态,3,2025-06-29 12:10:00,2025-06-29 12:11:08,68,0.02
2855,L04,#27,GW252/13600,(2)停机状态,2,2025-06-29 12:07:50,2025-06-29 12:10:00,130,0.04
2856,L04,#27,GW252/13600,(1)停机过程,1,2025-06-29 12:07:18,2025-06-29 12:07:50,32,0.01
2857,L04,#27,GW252/13600,(4)启机状态,4,2025-06-29 12:02:18,2025-06-29 12:07:18,300,0.08
2858,L04,#27,GW252/13600,(3)待机状态,3,2025-06-29 12:01:01,2025-06-29 12:02:18,77,0.02
2859,L04,#27,GW252/13600,(1)停机过程,1,2025-06-29 12:00:29,2025-06-29 12:01:01,32,0.01
2860,L04,#27,GW252/13600,(4)启机状态,4,2025-06-29 11:55:30,2025-06-29 12:00:29,299,0.08
2861,L04,#27,GW252/13600,(3)待机状态,3,2025-06-29 11:54:05,2025-06-29 11:55:30,85,0.02
2862,L04,#27,GW252/13600,(2)停机状态,2,2025-06-29 11:16:36,2025-06-29 11:54:05,2249,0.62
2863,L04,#27,GW252/13600,(1)停机过程,1,2025-06-29 11:15:41,2025-06-29 11:16:36,55,0.02
2864,L04,#27,GW252/13600,(5)发电状态,5,2025-06-29 06:03:11,2025-06-29 11:15:41,18750,5.21
2865,L04,#27,GW252/13600,(4)启机状态,4,2025-06-29 06:01:21,2025-06-29 06:03:11,110,0.03
2866,L04,#27,GW252/13600,(3)待机状态,3,2025-06-29 06:00:23,2025-06-29 06:01:21,58,0.02
2867,L04,#27,GW252/13600,(2)停机状态,2,2025-06-29 06:00:21,2025-06-29 06:00:23,2,0
2868,L04,#27,GW252/13600,(1)停机过程,1,2025-06-29 05:59:26,2025-06-29 06:00:21,55,0.02
2869,L04,#27,GW252/13600,(4)启机状态,4,2025-06-29 05:54:26,2025-06-29 05:59:26,300,0.08
2870,L04,#27,GW252/13600,(3)待机状态,3,2025-06-29 05:53:11,2025-06-29 05:54:26,75,0.02
2871,L04,#27,GW252/13600,(2)停机状态,2,2025-06-29 05:51:54,2025-06-29 05:53:11,77,0.02
2872,L04,#27,GW252/13600,(1)停机过程,1,2025-06-29 05:50:59,2025-06-29 05:51:54,55,0.02
2873,L04,#27,GW252/13600,(5)发电状态,5,2025-06-28 15:29:00,2025-06-29 05:50:59,51719,14.37
2874,L04,#27,GW252/13600,(4)启机状态,4,2025-06-28 15:26:16,2025-06-28 15:29:00,164,0.05
2875,L04,#27,GW252/13600,(3)待机状态,3,2025-06-28 15:25:16,2025-06-28 15:26:16,60,0.02
2876,L04,#27,GW252/13600,(2)停机状态,2,2025-06-28 15:25:15,2025-06-28 15:25:16,1,0
2877,L04,#27,GW252/13600,(1)停机过程,1,2025-06-28 15:24:43,2025-06-28 15:25:15,32,0.01
2878,L04,#27,GW252/13600,(4)启机状态,4,2025-06-28 15:19:43,2025-06-28 15:24:43,300,0.08
2879,L04,#27,GW252/13600,(3)待机状态,3,2025-06-28 15:16:39,2025-06-28 15:19:43,184,0.05
2880,L04,#27,GW252/13600,(2)停机状态,2,2025-06-28 15:16:38,2025-06-28 15:16:39,1,0
2881,L04,#27,GW252/13600,(1)停机过程,1,2025-06-28 15:16:05,2025-06-28 15:16:38,33,0.01
2882,L04,#27,GW252/13600,(4)启机状态,4,2025-06-28 15:11:05,2025-06-28 15:16:05,300,0.08
2883,L04,#27,GW252/13600,(3)待机状态,3,2025-06-28 15:09:11,2025-06-28 15:11:05,114,0.03
2884,L04,#27,GW252/13600,(1)停机过程,1,2025-06-28 15:08:38,2025-06-28 15:09:11,33,0.01
2885,L04,#27,GW252/13600,(4)启机状态,4,2025-06-28 15:03:38,2025-06-28 15:08:38,300,0.08
2886,L04,#27,GW252/13600,(3)待机状态,3,2025-06-28 15:02:26,2025-06-28 15:03:38,72,0.02
2887,L04,#27,GW252/13600,(2)停机状态,2,2025-06-28 15:02:25,2025-06-28 15:02:26,1,0
2888,L04,#27,GW252/13600,(1)停机过程,1,2025-06-28 15:01:54,2025-06-28 15:02:25,31,0.01
2889,L04,#27,GW252/13600,(4)启机状态,4,2025-06-28 14:56:54,2025-06-28 15:01:54,300,0.08
2890,L04,#27,GW252/13600,(3)待机状态,3,2025-06-28 14:53:41,2025-06-28 14:56:54,193,0.05
2891,L04,#27,GW252/13600,(2)停机状态,2,2025-06-28 14:52:05,2025-06-28 14:53:41,96,0.03
2892,L04,#27,GW252/13600,(1)停机过程,1,2025-06-28 14:51:10,2025-06-28 14:52:05,55,0.02
2893,L04,#27,GW252/13600,(5)发电状态,5,2025-06-28 14:25:24,2025-06-28 14:51:10,1546,0.43
2894,L04,#27,GW252/13600,(4)启机状态,4,2025-06-28 14:20:39,2025-06-28 14:25:24,285,0.08
2895,L04,#27,GW252/13600,(3)待机状态,3,2025-06-28 14:19:37,2025-06-28 14:20:39,62,0.02
2896,L04,#27,GW252/13600,(2)停机状态,2,2025-06-28 14:19:36,2025-06-28 14:19:37,1,0
2897,L04,#27,GW252/13600,(1)停机过程,1,2025-06-28 14:18:41,2025-06-28 14:19:36,55,0.02
2898,L04,#27,GW252/13600,(4)启机状态,4,2025-06-28 14:13:41,2025-06-28 14:18:41,300,0.08
2899,L04,#27,GW252/13600,(3)待机状态,3,2025-06-28 14:12:41,2025-06-28 14:13:41,60,0.02
2900,L04,#27,GW252/13600,(2)停机状态,2,2025-06-28 14:12:39,2025-06-28 14:12:41,2,0
2901,L04,#27,GW252/13600,(1)停机过程,1,2025-06-28 14:12:08,2025-06-28 14:12:39,31,0.01
2902,L04,#27,GW252/13600,(4)启机状态,4,2025-06-28 14:07:06,2025-06-28 14:12:08,302,0.08
2903,L04,#27,GW252/13600,(3)待机状态,3,2025-06-28 14:05:59,2025-06-28 14:07:06,67,0.02
2904,L04,#27,GW252/13600,(1)停机过程,1,2025-06-28 14:05:27,2025-06-28 14:05:59,32,0.01
2905,L04,#27,GW252/13600,(4)启机状态,4,2025-06-28 14:00:27,2025-06-28 14:05:27,300,0.08
2906,L04,#27,GW252/13600,(3)待机状态,3,2025-06-28 13:59:02,2025-06-28 14:00:27,85,0.02
2907,L04,#27,GW252/13600,(2)停机状态,2,2025-06-28 13:58:55,2025-06-28 13:59:02,7,0
2908,L04,#27,GW252/13600,(1)停机过程,1,2025-06-28 13:58:23,2025-06-28 13:58:55,32,0.01
2909,L04,#27,GW252/13600,(4)启机状态,4,2025-06-28 13:53:24,2025-06-28 13:58:23,299,0.08
2910,L04,#27,GW252/13600,(3)待机状态,3,2025-06-28 13:47:55,2025-06-28 13:53:24,329,0.09
2911,L04,#27,GW252/13600,(1)停机过程,1,2025-06-28 13:47:23,2025-06-28 13:47:55,32,0.01
2912,L04,#27,GW252/13600,(4)启机状态,4,2025-06-28 13:42:23,2025-06-28 13:47:23,300,0.08
2913,L04,#27,GW252/13600,(3)待机状态,3,2025-06-28 12:54:57,2025-06-28 13:42:23,2846,0.79
2914,L04,#27,GW252/13600,(2)停机状态,2,2025-06-28 12:53:00,2025-06-28 12:54:57,117,0.03
2915,L04,#27,GW252/13600,(1)停机过程,1,2025-06-28 12:52:28,2025-06-28 12:53:00,32,0.01
2916,L04,#27,GW252/13600,(4)启机状态,4,2025-06-28 12:47:28,2025-06-28 12:52:28,300,0.08
2917,L04,#27,GW252/13600,(3)待机状态,3,2025-06-28 12:04:16,2025-06-28 12:47:28,2592,0.72
2918,L04,#27,GW252/13600,(2)停机状态,2,2025-06-28 12:04:14,2025-06-28 12:04:16,2,0
2919,L04,#27,GW252/13600,(1)停机过程,1,2025-06-28 12:03:43,2025-06-28 12:04:14,31,0.01
2920,L04,#27,GW252/13600,(4)启机状态,4,2025-06-28 11:58:44,2025-06-28 12:03:43,299,0.08
2921,L04,#27,GW252/13600,(3)待机状态,3,2025-06-28 11:57:41,2025-06-28 11:58:44,63,0.02
2922,L04,#27,GW252/13600,(2)停机状态,2,2025-06-28 11:57:40,2025-06-28 11:57:41,1,0
2923,L04,#27,GW252/13600,(1)停机过程,1,2025-06-28 11:57:08,2025-06-28 11:57:40,32,0.01
2924,L04,#27,GW252/13600,(4)启机状态,4,2025-06-28 11:52:08,2025-06-28 11:57:08,300,0.08
2925,L04,#27,GW252/13600,(3)待机状态,3,2025-06-28 11:50:47,2025-06-28 11:52:08,81,0.02
2926,L04,#27,GW252/13600,(2)停机状态,2,2025-06-28 11:50:46,2025-06-28 11:50:47,1,0
2927,L04,#27,GW252/13600,(1)停机过程,1,2025-06-28 11:50:15,2025-06-28 11:50:46,31,0.01
2928,L04,#27,GW252/13600,(4)启机状态,4,2025-06-28 11:45:14,2025-06-28 11:50:15,301,0.08
2929,L04,#27,GW252/13600,(3)待机状态,3,2025-06-28 11:41:47,2025-06-28 11:45:14,207,0.06
2930,L04,#27,GW252/13600,(2)停机状态,2,2025-06-28 11:41:46,2025-06-28 11:41:47,1,0
2931,L04,#27,GW252/13600,(1)停机过程,1,2025-06-28 11:40:50,2025-06-28 11:41:46,56,0.02
2932,L04,#27,GW252/13600,(5)发电状态,5,2025-06-28 11:21:16,2025-06-28 11:40:50,1174,0.33
2933,L04,#27,GW252/13600,(4)启机状态,4,2025-06-28 11:17:24,2025-06-28 11:21:16,232,0.06
2934,L04,#27,GW252/13600,(3)待机状态,3,2025-06-28 11:16:20,2025-06-28 11:17:24,64,0.02
2935,L04,#27,GW252/13600,(2)停机状态,2,2025-06-28 11:16:18,2025-06-28 11:16:20,2,0
2936,L04,#27,GW252/13600,(1)停机过程,1,2025-06-28 11:15:46,2025-06-28 11:16:18,32,0.01
2937,L04,#27,GW252/13600,(4)启机状态,4,2025-06-28 11:10:46,2025-06-28 11:15:46,300,0.08
2938,L04,#27,GW252/13600,(3)待机状态,3,2025-06-28 11:09:41,2025-06-28 11:10:46,65,0.02
2939,L04,#27,GW252/13600,(2)停机状态,2,2025-06-28 11:09:40,2025-06-28 11:09:41,1,0
2940,L04,#27,GW252/13600,(1)停机过程,1,2025-06-28 11:09:09,2025-06-28 11:09:40,31,0.01
2941,L04,#27,GW252/13600,(4)启机状态,4,2025-06-28 11:04:09,2025-06-28 11:09:09,300,0.08
2942,L04,#27,GW252/13600,(3)待机状态,3,2025-06-28 11:02:54,2025-06-28 11:04:09,75,0.02
2943,L04,#27,GW252/13600,(1)停机过程,1,2025-06-28 11:02:22,2025-06-28 11:02:54,32,0.01
2944,L04,#27,GW252/13600,(4)启机状态,4,2025-06-28 10:57:22,2025-06-28 11:02:22,300,0.08
2945,L04,#27,GW252/13600,(3)待机状态,3,2025-06-28 10:56:04,2025-06-28 10:57:22,78,0.02
2946,L04,#27,GW252/13600,(2)停机状态,2,2025-06-28 10:55:55,2025-06-28 10:56:04,9,0
2947,L04,#27,GW252/13600,(1)停机过程,1,2025-06-28 10:55:23,2025-06-28 10:55:55,32,0.01
2948,L04,#27,GW252/13600,(4)启机状态,4,2025-06-28 10:50:23,2025-06-28 10:55:23,300,0.08
2949,L04,#27,GW252/13600,(3)待机状态,3,2025-06-28 10:47:26,2025-06-28 10:50:23,177,0.05
2950,L04,#27,GW252/13600,(2)停机状态,2,2025-06-28 10:47:24,2025-06-28 10:47:26,2,0
2951,L04,#27,GW252/13600,(1)停机过程,1,2025-06-28 10:46:52,2025-06-28 10:47:24,32,0.01
2952,L04,#27,GW252/13600,(4)启机状态,4,2025-06-28 10:41:51,2025-06-28 10:46:52,301,0.08
2953,L04,#27,GW252/13600,(3)待机状态,3,2025-06-28 10:40:19,2025-06-28 10:41:51,92,0.03
2954,L04,#27,GW252/13600,(2)停机状态,2,2025-06-28 10:40:17,2025-06-28 10:40:19,2,0
2955,L04,#27,GW252/13600,(1)停机过程,1,2025-06-28 10:39:45,2025-06-28 10:40:17,32,0.01
2956,L04,#27,GW252/13600,(4)启机状态,4,2025-06-28 10:34:44,2025-06-28 10:39:45,301,0.08
2957,L04,#27,GW252/13600,(3)待机状态,3,2025-06-28 10:33:35,2025-06-28 10:34:44,69,0.02
2958,L04,#27,GW252/13600,(1)停机过程,1,2025-06-28 10:33:04,2025-06-28 10:33:35,31,0.01
2959,L04,#27,GW252/13600,(4)启机状态,4,2025-06-28 10:28:04,2025-06-28 10:33:04,300,0.08
2960,L04,#27,GW252/13600,(3)待机状态,3,2025-06-28 09:42:45,2025-06-28 10:28:04,2719,0.76
2961,L04,#27,GW252/13600,(2)停机状态,2,2025-06-28 09:42:43,2025-06-28 09:42:45,2,0
2962,L04,#27,GW252/13600,(1)停机过程,1,2025-06-28 09:42:13,2025-06-28 09:42:43,30,0.01
2963,L04,#27,GW252/13600,(4)启机状态,4,2025-06-28 09:37:12,2025-06-28 09:42:13,301,0.08
2964,L04,#27,GW252/13600,(3)待机状态,3,2025-06-28 09:36:01,2025-06-28 09:37:12,71,0.02
2965,L04,#27,GW252/13600,(1)停机过程,1,2025-06-28 09:35:28,2025-06-28 09:36:01,33,0.01
2966,L04,#27,GW252/13600,(4)启机状态,4,2025-06-28 09:30:28,2025-06-28 09:35:28,300,0.08
2967,L04,#27,GW252/13600,(3)待机状态,3,2025-06-28 09:29:09,2025-06-28 09:30:28,79,0.02
2968,L04,#27,GW252/13600,(2)停机状态,2,2025-06-28 09:29:08,2025-06-28 09:29:09,1,0
2969,L04,#27,GW252/13600,(1)停机过程,1,2025-06-28 09:28:37,2025-06-28 09:29:08,31,0.01
2970,L04,#27,GW252/13600,(4)启机状态,4,2025-06-28 09:23:37,2025-06-28 09:28:37,300,0.08
2971,L04,#27,GW252/13600,(3)待机状态,3,2025-06-28 09:22:26,2025-06-28 09:23:37,71,0.02
2972,L04,#27,GW252/13600,(2)停机状态,2,2025-06-28 09:22:25,2025-06-28 09:22:26,1,0
2973,L04,#27,GW252/13600,(1)停机过程,1,2025-06-28 09:21:53,2025-06-28 09:22:25,32,0.01
2974,L04,#27,GW252/13600,(4)启机状态,4,2025-06-28 09:16:54,2025-06-28 09:21:53,299,0.08
2975,L04,#27,GW252/13600,(3)待机状态,3,2025-06-28 09:14:22,2025-06-28 09:16:54,152,0.04
2976,L04,#27,GW252/13600,(2)停机状态,2,2025-06-28 09:12:04,2025-06-28 09:14:22,138,0.04
2977,L04,#27,GW252/13600,(1)停机过程,1,2025-06-28 09:11:32,2025-06-28 09:12:04,32,0.01
2978,L04,#27,GW252/13600,(4)启机状态,4,2025-06-28 09:06:31,2025-06-28 09:11:32,301,0.08
2979,L04,#27,GW252/13600,(3)待机状态,3,2025-06-28 09:05:10,2025-06-28 09:06:31,81,0.02
2980,L04,#27,GW252/13600,(2)停机状态,2,2025-06-28 09:05:09,2025-06-28 09:05:10,1,0
2981,L04,#27,GW252/13600,(1)停机过程,1,2025-06-28 09:04:38,2025-06-28 09:05:09,31,0.01
2982,L04,#27,GW252/13600,(4)启机状态,4,2025-06-28 08:59:38,2025-06-28 09:04:38,300,0.08
2983,L04,#27,GW252/13600,(3)待机状态,3,2025-06-28 08:45:32,2025-06-28 08:59:38,846,0.24
2984,L04,#27,GW252/13600,(2)停机状态,2,2025-06-28 08:45:30,2025-06-28 08:45:32,2,0
2985,L04,#27,GW252/13600,(1)停机过程,1,2025-06-28 08:44:59,2025-06-28 08:45:30,31,0.01
2986,L04,#27,GW252/13600,(4)启机状态,4,2025-06-28 08:39:59,2025-06-28 08:44:59,300,0.08
2987,L04,#27,GW252/13600,(3)待机状态,3,2025-06-28 08:34:59,2025-06-28 08:39:59,300,0.08
2988,L04,#27,GW252/13600,(2)停机状态,2,2025-06-28 08:34:58,2025-06-28 08:34:59,1,0
2989,L04,#27,GW252/13600,(1)停机过程,1,2025-06-28 08:34:28,2025-06-28 08:34:58,30,0.01
2990,L04,#27,GW252/13600,(4)启机状态,4,2025-06-28 08:29:28,2025-06-28 08:34:28,300,0.08
2991,L04,#27,GW252/13600,(3)待机状态,3,2025-06-28 08:28:06,2025-06-28 08:29:28,82,0.02
2992,L04,#27,GW252/13600,(2)停机状态,2,2025-06-28 08:23:16,2025-06-28 08:28:06,290,0.08
2993,L04,#27,GW252/13600,(1)停机过程,1,2025-06-28 08:22:21,2025-06-28 08:23:16,55,0.02
2994,L04,#27,GW252/13600,(5)发电状态,5,2025-06-28 04:16:46,2025-06-28 08:22:21,14735,4.09
2995,L04,#27,GW252/13600,(4)启机状态,4,2025-06-28 04:12:04,2025-06-28 04:16:46,282,0.08
2996,L04,#27,GW252/13600,(3)待机状态,3,2025-06-28 04:11:04,2025-06-28 04:12:04,60,0.02
2997,L04,#27,GW252/13600,(2)停机状态,2,2025-06-28 04:11:03,2025-06-28 04:11:04,1,0
2998,L04,#27,GW252/13600,(1)停机过程,1,2025-06-28 04:10:30,2025-06-28 04:11:03,33,0.01
2999,L04,#27,GW252/13600,(4)启机状态,4,2025-06-28 04:05:30,2025-06-28 04:10:30,300,0.08
3000,L04,#27,GW252/13600,(3)待机状态,3,2025-06-28 04:04:17,2025-06-28 04:05:30,73,0.02
3001,L04,#27,GW252/13600,(2)停机状态,2,2025-06-28 04:04:14,2025-06-28 04:04:17,3,0
3002,L04,#27,GW252/13600,(1)停机过程,1,2025-06-28 04:03:44,2025-06-28 04:04:14,30,0.01
3003,L04,#27,GW252/13600,(4)启机状态,4,2025-06-28 03:58:43,2025-06-28 04:03:44,301,0.08
3004,L04,#27,GW252/13600,(3)待机状态,3,2025-06-28 03:56:53,2025-06-28 03:58:43,110,0.03
3005,L04,#27,GW252/13600,(2)停机状态,2,2025-06-28 03:54:39,2025-06-28 03:56:53,134,0.04
3006,L04,#27,GW252/13600,(1)停机过程,1,2025-06-28 03:54:08,2025-06-28 03:54:39,31,0.01
3007,L04,#27,GW252/13600,(4)启机状态,4,2025-06-28 03:49:08,2025-06-28 03:54:08,300,0.08
3008,L04,#27,GW252/13600,(3)待机状态,3,2025-06-28 03:47:11,2025-06-28 03:49:08,117,0.03
3009,L04,#27,GW252/13600,(2)停机状态,2,2025-06-28 03:41:33,2025-06-28 03:47:11,338,0.09
3010,L04,#27,GW252/13600,(1)停机过程,1,2025-06-28 03:41:02,2025-06-28 03:41:33,31,0.01
3011,L04,#27,GW252/13600,(4)启机状态,4,2025-06-28 03:36:02,2025-06-28 03:41:02,300,0.08
3012,L04,#27,GW252/13600,(3)待机状态,3,2025-06-28 03:33:59,2025-06-28 03:36:02,123,0.03
3013,L04,#27,GW252/13600,(2)停机状态,2,2025-06-28 03:31:23,2025-06-28 03:33:59,156,0.04
3014,L04,#27,GW252/13600,(1)停机过程,1,2025-06-28 03:30:27,2025-06-28 03:31:23,56,0.02
3015,L04,#27,GW252/13600,(5)发电状态,5,2025-06-28 02:45:05,2025-06-28 03:30:27,2722,0.76
3016,L04,#27,GW252/13600,(4)启机状态,4,2025-06-28 02:43:12,2025-06-28 02:45:05,113,0.03
3017,L04,#27,GW252/13600,(3)待机状态,3,2025-06-28 02:42:17,2025-06-28 02:43:12,55,0.02
3018,L04,#27,GW252/13600,(2)停机状态,2,2025-06-28 02:42:15,2025-06-28 02:42:17,2,0
3019,L04,#27,GW252/13600,(1)停机过程,1,2025-06-28 02:41:44,2025-06-28 02:42:15,31,0.01
3020,L04,#27,GW252/13600,(4)启机状态,4,2025-06-28 02:36:44,2025-06-28 02:41:44,300,0.08
3021,L04,#27,GW252/13600,(3)待机状态,3,2025-06-28 02:34:54,2025-06-28 02:36:44,110,0.03
3022,L04,#27,GW252/13600,(2)停机状态,2,2025-06-28 02:34:50,2025-06-28 02:34:54,4,0
3023,L04,#27,GW252/13600,(1)停机过程,1,2025-06-28 02:34:18,2025-06-28 02:34:50,32,0.01
3024,L04,#27,GW252/13600,(4)启机状态,4,2025-06-28 02:29:18,2025-06-28 02:34:18,300,0.08
3025,L04,#27,GW252/13600,(3)待机状态,3,2025-06-28 02:26:42,2025-06-28 02:29:18,156,0.04
3026,L04,#27,GW252/13600,(2)停机状态,2,2025-06-28 02:26:40,2025-06-28 02:26:42,2,0
3027,L04,#27,GW252/13600,(1)停机过程,1,2025-06-28 02:25:45,2025-06-28 02:26:40,55,0.02
3028,L04,#27,GW252/13600,(5)发电状态,5,2025-06-28 02:01:39,2025-06-28 02:25:45,1446,0.4
3029,L04,#27,GW252/13600,(4)启机状态,4,2025-06-28 01:57:22,2025-06-28 02:01:39,257,0.07
3030,L04,#27,GW252/13600,(3)待机状态,3,2025-06-28 01:56:10,2025-06-28 01:57:22,72,0.02
3031,L04,#27,GW252/13600,(2)停机状态,2,2025-06-28 01:56:08,2025-06-28 01:56:10,2,0
3032,L04,#27,GW252/13600,(1)停机过程,1,2025-06-28 01:55:36,2025-06-28 01:56:08,32,0.01
3033,L04,#27,GW252/13600,(4)启机状态,4,2025-06-28 01:50:36,2025-06-28 01:55:36,300,0.08
3034,L04,#27,GW252/13600,(3)待机状态,3,2025-06-28 01:49:10,2025-06-28 01:50:36,86,0.02
3035,L04,#27,GW252/13600,(2)停机状态,2,2025-06-28 01:49:09,2025-06-28 01:49:10,1,0
3036,L04,#27,GW252/13600,(1)停机过程,1,2025-06-28 01:48:37,2025-06-28 01:49:09,32,0.01
3037,L04,#27,GW252/13600,(4)启机状态,4,2025-06-28 01:43:37,2025-06-28 01:48:37,300,0.08
3038,L04,#27,GW252/13600,(3)待机状态,3,2025-06-28 01:30:00,2025-06-28 01:43:37,817,0.23
3039,L04,#27,GW252/13600,(2)停机状态,2,2025-06-28 01:29:51,2025-06-28 01:30:00,9,0
3040,L04,#27,GW252/13600,(1)停机过程,1,2025-06-28 01:29:20,2025-06-28 01:29:51,31,0.01
3041,L04,#27,GW252/13600,(4)启机状态,4,2025-06-28 01:24:20,2025-06-28 01:29:20,300,0.08
3042,L04,#27,GW252/13600,(3)待机状态,3,2025-06-28 00:40:19,2025-06-28 01:24:20,2641,0.73
3043,L04,#27,GW252/13600,(2)停机状态,2,2025-06-28 00:40:18,2025-06-28 00:40:19,1,0
3044,L04,#27,GW252/13600,(1)停机过程,1,2025-06-28 00:39:46,2025-06-28 00:40:18,32,0.01
3045,L04,#27,GW252/13600,(4)启机状态,4,2025-06-28 00:34:46,2025-06-28 00:39:46,300,0.08
3046,L04,#27,GW252/13600,(3)待机状态,3,2025-06-28 00:26:52,2025-06-28 00:34:46,474,0.13
3047,L04,#27,GW252/13600,(2)停机状态,2,2025-06-28 00:26:49,2025-06-28 00:26:52,3,0
3048,L04,#27,GW252/13600,(1)停机过程,1,2025-06-28 00:26:17,2025-06-28 00:26:49,32,0.01
3049,L04,#27,GW252/13600,(4)启机状态,4,2025-06-28 00:21:17,2025-06-28 00:26:17,300,0.08
3050,L04,#27,GW252/13600,(3)待机状态,3,2025-06-28 00:12:33,2025-06-28 00:21:17,524,0.15
3051,L04,#27,GW252/13600,(2)停机状态,2,2025-06-28 00:12:32,2025-06-28 00:12:33,1,0
3052,L04,#27,GW252/13600,(1)停机过程,1,2025-06-28 00:12:01,2025-06-28 00:12:32,31,0.01
3053,L04,#27,GW252/13600,(4)启机状态,4,2025-06-28 00:07:00,2025-06-28 00:12:01,301,0.08
3054,L04,#27,GW252/13600,(3)待机状态,3,2025-06-28 00:05:08,2025-06-28 00:07:00,112,0.03
3055,L04,#27,GW252/13600,(2)停机状态,2,2025-06-27 23:28:30,2025-06-28 00:05:08,2198,0.61
3056,L04,#27,GW252/13600,(1)停机过程,1,2025-06-27 23:27:35,2025-06-27 23:28:30,55,0.02
3057,L04,#27,GW252/13600,(5)发电状态,5,2025-06-27 17:45:32,2025-06-27 23:27:35,20523,5.7
3058,L04,#27,GW252/13600,(4)启机状态,4,2025-06-27 17:41:16,2025-06-27 17:45:32,256,0.07
3059,L04,#27,GW252/13600,(3)待机状态,3,2025-06-27 17:40:13,2025-06-27 17:41:16,63,0.02
3060,L04,#27,GW252/13600,(2)停机状态,2,2025-06-27 17:40:11,2025-06-27 17:40:13,2,0
3061,L04,#27,GW252/13600,(1)停机过程,1,2025-06-27 17:39:39,2025-06-27 17:40:11,32,0.01
3062,L04,#27,GW252/13600,(4)启机状态,4,2025-06-27 17:34:40,2025-06-27 17:39:39,299,0.08
3063,L04,#27,GW252/13600,(3)待机状态,3,2025-06-27 17:33:44,2025-06-27 17:34:40,56,0.02
3064,L04,#27,GW252/13600,(2)停机状态,2,2025-06-27 16:57:11,2025-06-27 17:33:44,2193,0.61
3065,L04,#27,GW252/13600,(1)停机过程,1,2025-06-27 16:56:40,2025-06-27 16:57:11,31,0.01
3066,L04,#27,GW252/13600,(4)启机状态,4,2025-06-27 16:51:40,2025-06-27 16:56:40,300,0.08
3067,L04,#27,GW252/13600,(3)待机状态,3,2025-06-27 16:50:23,2025-06-27 16:51:40,77,0.02
3068,L04,#27,GW252/13600,(2)停机状态,2,2025-06-27 16:49:04,2025-06-27 16:50:23,79,0.02
3069,L04,#27,GW252/13600,(1)停机过程,1,2025-06-27 16:48:08,2025-06-27 16:49:04,56,0.02
3070,L04,#27,GW252/13600,(5)发电状态,5,2025-06-27 08:28:44,2025-06-27 16:48:08,29964,8.32
3071,L04,#27,GW252/13600,(4)启机状态,4,2025-06-27 08:26:14,2025-06-27 08:28:44,150,0.04
3072,L04,#27,GW252/13600,(3)待机状态,3,2025-06-27 08:24:57,2025-06-27 08:26:14,77,0.02
3073,L04,#27,GW252/13600,(2)停机状态,2,2025-06-27 07:48:19,2025-06-27 08:24:57,2198,0.61
3074,L04,#27,GW252/13600,(1)停机过程,1,2025-06-27 07:47:23,2025-06-27 07:48:19,56,0.02
3075,L04,#27,GW252/13600,(5)发电状态,5,2025-06-26 00:53:47,2025-06-27 07:47:23,111216,30.89
3076,L04,#27,GW252/13600,(4)启机状态,4,2025-06-26 00:53:05,2025-06-26 00:53:47,42,0.01
3077,L04,#27,GW252/13600,(3)待机状态,3,2025-06-26 00:52:29,2025-06-26 00:53:05,36,0.01
3078,L04,#27,GW252/13600,(2)停机状态,2,2025-06-26 00:52:28,2025-06-26 00:52:29,1,0
3079,L04,#27,GW252/13600,(1)停机过程,1,2025-06-26 00:52:18,2025-06-26 00:52:28,10,0
3080,L04,#27,GW252/13600,(9)维护状态,9,2025-06-26 00:49:09,2025-06-26 00:52:18,189,0.05
3081,L04,#27,GW252/13600,(2)停机状态,2,2025-06-26 00:49:04,2025-06-26 00:49:09,5,0
3082,L04,#27,GW252/13600,(1)停机过程,1,2025-06-26 00:48:13,2025-06-26 00:49:04,51,0.01
3083,L04,#27,GW252/13600,(5)发电状态,5,2025-06-25 18:01:58,2025-06-26 00:48:13,24375,6.77
3084,L04,#27,GW252/13600,(4)启机状态,4,2025-06-25 18:01:10,2025-06-25 18:01:58,48,0.01
3085,L04,#27,GW252/13600,(3)待机状态,3,2025-06-25 18:00:28,2025-06-25 18:01:10,42,0.01
3086,L04,#27,GW252/13600,(2)停机状态,2,2025-06-25 17:57:10,2025-06-25 18:00:28,198,0.06
3087,L04,#27,GW252/13600,(1)停机过程,1,2025-06-25 17:57:00,2025-06-25 17:57:10,10,0
3088,L04,#27,GW252/13600,(9)维护状态,9,2025-06-25 16:52:05,2025-06-25 17:57:00,3895,1.08
3089,L04,#27,GW252/13600,(9)维护状态,9,2025-06-24 18:01:16,2025-06-25 16:52:05,82249,22.85
3090,L04,#27,GW252/13600,(2)停机状态,2,2025-06-24 18:01:15,2025-06-24 18:01:16,1,0
3091,L04,#27,GW252/13600,(1)停机过程,1,2025-06-24 18:01:05,2025-06-24 18:01:15,10,0
3092,L04,#27,GW252/13600,(9)维护状态,9,2025-06-24 16:30:37,2025-06-24 18:01:05,5428,1.51
3093,L04,#27,GW252/13600,(2)停机状态,2,2025-06-24 10:29:31,2025-06-24 16:30:37,21666,6.02
3094,L04,#27,GW252/13600,(1)停机过程,1,2025-06-24 10:29:21,2025-06-24 10:29:31,10,0
3095,L04,#27,GW252/13600,(9)维护状态,9,2025-06-21 07:37:53,2025-06-24 10:29:21,269488,74.86
3096,L04,#27,GW252/13600,(2)停机状态,2,2025-06-20 19:01:56,2025-06-21 07:37:53,45357,12.6
3097,L04,#27,GW252/13600,(1)停机过程,1,2025-06-20 19:01:46,2025-06-20 19:01:56,10,0
3098,L04,#27,GW252/13600,(9)维护状态,9,2025-06-20 10:37:55,2025-06-20 19:01:46,30231,8.4
3099,L04,#27,GW252/13600,(2)停机状态,2,2025-06-15 12:35:36,2025-06-20 10:37:55,424939,118.04
3100,L04,#27,GW252/13600,(1)停机过程,1,2025-06-15 12:35:26,2025-06-15 12:35:36,10,0
3101,L04,#27,GW252/13600,(9)维护状态,9,2025-06-15 12:35:11,2025-06-15 12:35:26,15,0
3102,L04,#27,GW252/13600,(2)停机状态,2,2025-06-15 12:32:54,2025-06-15 12:35:11,137,0.04
3103,L04,#27,GW252/13600,(1)停机过程,1,2025-06-15 12:32:44,2025-06-15 12:32:54,10,0
3104,L04,#27,GW252/13600,(9)维护状态,9,2025-06-15 12:32:03,2025-06-15 12:32:44,41,0.01
3105,L04,#27,GW252/13600,(2)停机状态,2,2025-06-15 12:27:46,2025-06-15 12:32:03,257,0.07
3106,L04,#27,GW252/13600,(1)停机过程,1,2025-06-15 12:27:41,2025-06-15 12:27:46,5,0
3107,L04,#27,GW252/13600,(9)维护状态,9,2025-06-15 12:24:44,2025-06-15 12:27:41,177,0.05
3108,L04,#27,GW252/13600,(2)停机状态,2,2025-06-15 12:19:38,2025-06-15 12:24:44,306,0.09
3109,L04,#27,GW252/13600,(1)停机过程,1,2025-06-15 12:19:33,2025-06-15 12:19:38,5,0
3110,L04,#27,GW252/13600,(9)维护状态,9,2025-06-15 12:15:55,2025-06-15 12:19:33,218,0.06
3111,L04,#27,GW252/13600,(2)停机状态,2,2025-06-14 22:20:14,2025-06-15 12:15:55,50141,13.93
3112,L04,#27,GW252/13600,(1)停机过程,1,2025-06-14 22:20:04,2025-06-14 22:20:14,10,0
3113,L04,#27,GW252/13600,(9)维护状态,9,2025-06-14 22:19:54,2025-06-14 22:20:04,10,0
3114,L04,#27,GW252/13600,(2)停机状态,2,2025-06-14 22:18:47,2025-06-14 22:19:54,67,0.02
3115,L04,#27,GW252/13600,(1)停机过程,1,2025-06-14 22:18:37,2025-06-14 22:18:47,10,0
3116,L04,#27,GW252/13600,(9)维护状态,9,2025-06-14 22:18:07,2025-06-14 22:18:37,30,0.01
3117,L04,#27,GW252/13600,(2)停机状态,2,2025-06-13 10:07:14,2025-06-14 22:18:07,130253,36.18
3118,L04,#27,GW252/13600,(1)停机过程,1,2025-06-13 10:07:04,2025-06-13 10:07:14,10,0
3119,L04,#27,GW252/13600,(9)维护状态,9,2025-06-13 10:06:49,2025-06-13 10:07:04,15,0
3120,L04,#27,GW252/13600,(2)停机状态,2,2025-06-10 08:17:15,2025-06-13 10:06:49,265774,73.83
3121,L04,#27,GW252/13600,(1)停机过程,1,2025-06-10 08:17:05,2025-06-10 08:17:15,10,0
3122,L04,#27,GW252/13600,(9)维护状态,9,2025-06-10 08:16:13,2025-06-10 08:17:05,52,0.01
3123,L04,#27,GW252/13600,(2)停机状态,2,2025-06-10 08:15:19,2025-06-10 08:16:13,54,0.02
3124,L04,#27,GW252/13600,(1)停机过程,1,2025-06-10 08:15:10,2025-06-10 08:15:19,9,0
3125,L04,#27,GW252/13600,(9)维护状态,9,2025-01-01 00:00:00,2025-06-10 08:15:10,13853710,3848.25
