设备状态统计_历史状态明细,Unnamed: 1,Unnamed: 2,Unnamed: 3,Unnamed: 4,Unnamed: 5,Unnamed: 6,Unnamed: 7,Unnamed: 8,Unnamed: 9
  电场:[三峡阳江海路海风场];  设备类型:风机;  设备:[#30];  查询方式:详情;  开始时间:2025-01-01;  结束时间:2025-12-01,,,,,,,,,
序号,馈线名称,设备名称,型号名称,状态,状态码,开始时间,结束时间,持续时间(s),时长描述(h)
1,L18,#30,GW252/13600,(5)发电状态,5,2025-11-28 12:58:23,2025-12-01 23:59:59,298896,83.03
2,L18,#30,GW252/13600,(4)启机状态,4,2025-11-28 12:57:44,2025-11-28 12:58:23,39,0.01
3,L18,#30,GW252/13600,(3)待机状态,3,2025-11-28 12:57:09,2025-11-28 12:57:44,35,0.01
4,L18,#30,GW252/13600,(2)停机状态,2,2025-11-28 12:25:12,2025-11-28 12:57:09,1917,0.53
5,L18,#30,GW252/13600,(1)停机过程,1,2025-11-28 12:24:19,2025-11-28 12:25:12,53,0.01
6,L18,#30,GW252/13600,(5)发电状态,5,2025-11-26 14:16:42,2025-11-28 12:24:19,166057,46.13
7,L18,#30,GW252/13600,(4)启机状态,4,2025-11-26 14:15:56,2025-11-26 14:16:42,46,0.01
8,L18,#30,GW252/13600,(3)待机状态,3,2025-11-26 14:15:20,2025-11-26 14:15:56,36,0.01
9,L18,#30,GW252/13600,(2)停机状态,2,2025-11-26 14:05:31,2025-11-26 14:15:20,589,0.16
10,L18,#30,GW252/13600,(1)停机过程,1,2025-11-26 14:04:28,2025-11-26 14:05:31,63,0.02
11,L18,#30,GW252/13600,(5)发电状态,5,2025-11-26 13:35:08,2025-11-26 14:04:28,1760,0.49
12,L18,#30,GW252/13600,(4)启机状态,4,2025-11-26 13:34:23,2025-11-26 13:35:08,45,0.01
13,L18,#30,GW252/13600,(3)待机状态,3,2025-11-26 13:33:44,2025-11-26 13:34:23,39,0.01
14,L18,#30,GW252/13600,(2)停机状态,2,2025-11-26 11:39:59,2025-11-26 13:33:44,6825,1.9
15,L18,#30,GW252/13600,(1)停机过程,1,2025-11-26 11:39:04,2025-11-26 11:39:59,55,0.02
16,L18,#30,GW252/13600,(5)发电状态,5,2025-11-25 17:14:28,2025-11-26 11:39:04,66276,18.41
17,L18,#30,GW252/13600,(4)启机状态,4,2025-11-25 17:13:47,2025-11-25 17:14:28,41,0.01
18,L18,#30,GW252/13600,(3)待机状态,3,2025-11-25 17:13:11,2025-11-25 17:13:47,36,0.01
19,L18,#30,GW252/13600,(2)停机状态,2,2025-11-25 17:04:04,2025-11-25 17:13:11,547,0.15
20,L18,#30,GW252/13600,(1)停机过程,1,2025-11-25 17:03:00,2025-11-25 17:04:04,64,0.02
21,L18,#30,GW252/13600,(5)发电状态,5,2025-11-25 10:13:01,2025-11-25 17:03:00,24599,6.83
22,L18,#30,GW252/13600,(4)启机状态,4,2025-11-25 10:12:27,2025-11-25 10:13:01,34,0.01
23,L18,#30,GW252/13600,(3)待机状态,3,2025-11-25 10:11:55,2025-11-25 10:12:27,32,0.01
24,L18,#30,GW252/13600,(2)停机状态,2,2025-11-25 09:57:06,2025-11-25 10:11:55,889,0.25
25,L18,#30,GW252/13600,(1)停机过程,1,2025-11-25 09:56:13,2025-11-25 09:57:06,53,0.01
26,L18,#30,GW252/13600,(5)发电状态,5,2025-11-25 00:02:06,2025-11-25 09:56:13,35647,9.9
27,L18,#30,GW252/13600,(4)启机状态,4,2025-11-25 00:00:23,2025-11-25 00:02:06,103,0.03
28,L18,#30,GW252/13600,(3)待机状态,3,2025-11-24 23:59:32,2025-11-25 00:00:23,51,0.01
29,L18,#30,GW252/13600,(2)停机状态,2,2025-11-24 23:49:47,2025-11-24 23:59:32,585,0.16
30,L18,#30,GW252/13600,(1)停机过程,1,2025-11-24 23:48:49,2025-11-24 23:49:47,58,0.02
31,L18,#30,GW252/13600,(5)发电状态,5,2025-11-24 23:00:11,2025-11-24 23:48:49,2918,0.81
32,L18,#30,GW252/13600,(4)启机状态,4,2025-11-24 22:57:59,2025-11-24 23:00:11,132,0.04
33,L18,#30,GW252/13600,(3)待机状态,3,2025-11-24 22:56:33,2025-11-24 22:57:59,86,0.02
34,L18,#30,GW252/13600,(2)停机状态,2,2025-11-24 22:19:54,2025-11-24 22:56:33,2199,0.61
35,L18,#30,GW252/13600,(1)停机过程,1,2025-11-24 22:18:59,2025-11-24 22:19:54,55,0.02
36,L18,#30,GW252/13600,(5)发电状态,5,2025-11-24 20:07:43,2025-11-24 22:18:59,7876,2.19
37,L18,#30,GW252/13600,(4)启机状态,4,2025-11-24 20:05:54,2025-11-24 20:07:43,109,0.03
38,L18,#30,GW252/13600,(3)待机状态,3,2025-11-24 19:26:53,2025-11-24 20:05:54,2341,0.65
39,L18,#30,GW252/13600,(2)停机状态,2,2025-11-24 18:50:14,2025-11-24 19:26:53,2199,0.61
40,L18,#30,GW252/13600,(1)停机过程,1,2025-11-24 18:49:19,2025-11-24 18:50:14,55,0.02
41,L18,#30,GW252/13600,(5)发电状态,5,2025-11-24 14:14:42,2025-11-24 18:49:19,16477,4.58
42,L18,#30,GW252/13600,(4)启机状态,4,2025-11-24 14:13:41,2025-11-24 14:14:42,61,0.02
43,L18,#30,GW252/13600,(3)待机状态,3,2025-11-24 14:12:57,2025-11-24 14:13:41,44,0.01
44,L18,#30,GW252/13600,(2)停机状态,2,2025-11-24 13:58:04,2025-11-24 14:12:57,893,0.25
45,L18,#30,GW252/13600,(1)停机过程,1,2025-11-24 13:56:51,2025-11-24 13:58:04,73,0.02
46,L18,#30,GW252/13600,(5)发电状态,5,2025-11-24 13:53:35,2025-11-24 13:56:51,196,0.05
47,L18,#30,GW252/13600,(4)启机状态,4,2025-11-24 13:52:31,2025-11-24 13:53:35,64,0.02
48,L18,#30,GW252/13600,(3)待机状态,3,2025-11-24 13:51:45,2025-11-24 13:52:31,46,0.01
49,L18,#30,GW252/13600,(2)停机状态,2,2025-11-24 13:43:10,2025-11-24 13:51:45,515,0.14
50,L18,#30,GW252/13600,(1)停机过程,1,2025-11-24 13:41:57,2025-11-24 13:43:10,73,0.02
51,L18,#30,GW252/13600,(5)发电状态,5,2025-11-24 13:31:07,2025-11-24 13:41:57,650,0.18
52,L18,#30,GW252/13600,(4)启机状态,4,2025-11-24 13:30:05,2025-11-24 13:31:07,62,0.02
53,L18,#30,GW252/13600,(3)待机状态,3,2025-11-24 13:29:21,2025-11-24 13:30:05,44,0.01
54,L18,#30,GW252/13600,(2)停机状态,2,2025-11-24 13:23:34,2025-11-24 13:29:21,347,0.1
55,L18,#30,GW252/13600,(1)停机过程,1,2025-11-24 13:22:28,2025-11-24 13:23:34,66,0.02
56,L18,#30,GW252/13600,(5)发电状态,5,2025-11-24 13:18:54,2025-11-24 13:22:28,214,0.06
57,L18,#30,GW252/13600,(4)启机状态,4,2025-11-24 13:17:54,2025-11-24 13:18:54,60,0.02
58,L18,#30,GW252/13600,(3)待机状态,3,2025-11-24 13:17:10,2025-11-24 13:17:54,44,0.01
59,L18,#30,GW252/13600,(2)停机状态,2,2025-11-24 13:12:11,2025-11-24 13:17:10,299,0.08
60,L18,#30,GW252/13600,(1)停机过程,1,2025-11-24 13:11:09,2025-11-24 13:12:11,62,0.02
61,L18,#30,GW252/13600,(5)发电状态,5,2025-11-23 22:07:00,2025-11-24 13:11:09,54249,15.07
62,L18,#30,GW252/13600,(4)启机状态,4,2025-11-23 22:04:40,2025-11-23 22:07:00,140,0.04
63,L18,#30,GW252/13600,(3)待机状态,3,2025-11-23 18:41:46,2025-11-23 22:04:40,12174,3.38
64,L18,#30,GW252/13600,(2)停机状态,2,2025-11-23 18:04:07,2025-11-23 18:41:46,2259,0.63
65,L18,#30,GW252/13600,(1)停机过程,1,2025-11-23 18:03:11,2025-11-23 18:04:07,56,0.02
66,L18,#30,GW252/13600,(5)发电状态,5,2025-11-23 13:03:29,2025-11-23 18:03:11,17982,5
67,L18,#30,GW252/13600,(4)启机状态,4,2025-11-23 13:02:33,2025-11-23 13:03:29,56,0.02
68,L18,#30,GW252/13600,(3)待机状态,3,2025-11-23 13:01:52,2025-11-23 13:02:33,41,0.01
69,L18,#30,GW252/13600,(2)停机状态,2,2025-11-23 12:58:16,2025-11-23 13:01:52,216,0.06
70,L18,#30,GW252/13600,(1)停机过程,1,2025-11-23 12:57:08,2025-11-23 12:58:16,68,0.02
71,L18,#30,GW252/13600,(5)发电状态,5,2025-11-23 12:51:22,2025-11-23 12:57:08,346,0.1
72,L18,#30,GW252/13600,(4)启机状态,4,2025-11-23 12:50:30,2025-11-23 12:51:22,52,0.01
73,L18,#30,GW252/13600,(3)待机状态,3,2025-11-23 12:49:49,2025-11-23 12:50:30,41,0.01
74,L18,#30,GW252/13600,(2)停机状态,2,2025-11-23 12:48:32,2025-11-23 12:49:49,77,0.02
75,L18,#30,GW252/13600,(1)停机过程,1,2025-11-23 12:47:28,2025-11-23 12:48:32,64,0.02
76,L18,#30,GW252/13600,(5)发电状态,5,2025-11-22 13:22:55,2025-11-23 12:47:28,84273,23.41
77,L18,#30,GW252/13600,(4)启机状态,4,2025-11-22 13:22:15,2025-11-22 13:22:55,40,0.01
78,L18,#30,GW252/13600,(3)待机状态,3,2025-11-22 13:21:37,2025-11-22 13:22:15,38,0.01
79,L18,#30,GW252/13600,(2)停机状态,2,2025-11-22 11:59:18,2025-11-22 13:21:37,4939,1.37
80,L18,#30,GW252/13600,(1)停机过程,1,2025-11-22 11:58:25,2025-11-22 11:59:18,53,0.01
81,L18,#30,GW252/13600,(5)发电状态,5,2025-11-22 11:50:34,2025-11-22 11:58:25,471,0.13
82,L18,#30,GW252/13600,(4)启机状态,4,2025-11-22 11:49:50,2025-11-22 11:50:34,44,0.01
83,L18,#30,GW252/13600,(3)待机状态,3,2025-11-22 11:49:15,2025-11-22 11:49:50,35,0.01
84,L18,#30,GW252/13600,(2)停机状态,2,2025-11-22 11:14:11,2025-11-22 11:49:15,2104,0.58
85,L18,#30,GW252/13600,(1)停机过程,1,2025-11-22 11:13:12,2025-11-22 11:14:11,59,0.02
86,L18,#30,GW252/13600,(5)发电状态,5,2025-11-21 13:52:56,2025-11-22 11:13:12,76816,21.34
87,L18,#30,GW252/13600,(4)启机状态,4,2025-11-21 13:52:14,2025-11-21 13:52:56,42,0.01
88,L18,#30,GW252/13600,(3)待机状态,3,2025-11-21 13:51:38,2025-11-21 13:52:14,36,0.01
89,L18,#30,GW252/13600,(2)停机状态,2,2025-11-21 13:45:29,2025-11-21 13:51:38,369,0.1
90,L18,#30,GW252/13600,(1)停机过程,1,2025-11-21 13:44:27,2025-11-21 13:45:29,62,0.02
91,L18,#30,GW252/13600,(5)发电状态,5,2025-11-21 13:14:23,2025-11-21 13:44:27,1804,0.5
92,L18,#30,GW252/13600,(4)启机状态,4,2025-11-21 13:13:41,2025-11-21 13:14:23,42,0.01
93,L18,#30,GW252/13600,(3)待机状态,3,2025-11-21 13:13:05,2025-11-21 13:13:41,36,0.01
94,L18,#30,GW252/13600,(2)停机状态,2,2025-11-21 12:43:07,2025-11-21 13:13:05,1798,0.5
95,L18,#30,GW252/13600,(1)停机过程,1,2025-11-21 12:42:08,2025-11-21 12:43:07,59,0.02
96,L18,#30,GW252/13600,(5)发电状态,5,2025-11-18 00:46:34,2025-11-21 12:42:08,302134,83.93
97,L18,#30,GW252/13600,(4)启机状态,4,2025-11-18 00:45:34,2025-11-18 00:46:34,60,0.02
98,L18,#30,GW252/13600,(3)待机状态,3,2025-11-18 00:44:50,2025-11-18 00:45:34,44,0.01
99,L18,#30,GW252/13600,(2)停机状态,2,2025-11-17 23:11:10,2025-11-18 00:44:50,5620,1.56
100,L18,#30,GW252/13600,(1)停机过程,1,2025-11-17 23:10:05,2025-11-17 23:11:10,65,0.02
101,L18,#30,GW252/13600,(5)发电状态,5,2025-11-17 21:55:49,2025-11-17 23:10:05,4456,1.24
102,L18,#30,GW252/13600,(4)启机状态,4,2025-11-17 21:54:36,2025-11-17 21:55:49,73,0.02
103,L18,#30,GW252/13600,(3)待机状态,3,2025-11-17 21:53:48,2025-11-17 21:54:36,48,0.01
104,L18,#30,GW252/13600,(2)停机状态,2,2025-11-17 21:14:20,2025-11-17 21:53:48,2368,0.66
105,L18,#30,GW252/13600,(1)停机过程,1,2025-11-17 21:13:22,2025-11-17 21:14:20,58,0.02
106,L18,#30,GW252/13600,(5)发电状态,5,2025-11-16 13:59:54,2025-11-17 21:13:22,112408,31.22
107,L18,#30,GW252/13600,(4)启机状态,4,2025-11-16 13:59:14,2025-11-16 13:59:54,40,0.01
108,L18,#30,GW252/13600,(3)待机状态,3,2025-11-16 13:58:41,2025-11-16 13:59:14,33,0.01
109,L18,#30,GW252/13600,(2)停机状态,2,2025-11-16 13:45:53,2025-11-16 13:58:41,768,0.21
110,L18,#30,GW252/13600,(1)停机过程,1,2025-11-16 13:45:00,2025-11-16 13:45:53,53,0.01
111,L18,#30,GW252/13600,(5)发电状态,5,2025-11-16 13:04:31,2025-11-16 13:45:00,2429,0.67
112,L18,#30,GW252/13600,(4)启机状态,4,2025-11-16 13:03:51,2025-11-16 13:04:31,40,0.01
113,L18,#30,GW252/13600,(3)待机状态,3,2025-11-16 13:03:16,2025-11-16 13:03:51,35,0.01
114,L18,#30,GW252/13600,(2)停机状态,2,2025-11-16 12:43:16,2025-11-16 13:03:16,1200,0.33
115,L18,#30,GW252/13600,(1)停机过程,1,2025-11-16 12:42:21,2025-11-16 12:43:16,55,0.02
116,L18,#30,GW252/13600,(5)发电状态,5,2025-11-15 13:21:54,2025-11-16 12:42:21,84027,23.34
117,L18,#30,GW252/13600,(4)启机状态,4,2025-11-15 13:21:16,2025-11-15 13:21:54,38,0.01
118,L18,#30,GW252/13600,(3)待机状态,3,2025-11-15 13:20:42,2025-11-15 13:21:16,34,0.01
119,L18,#30,GW252/13600,(2)停机状态,2,2025-11-15 11:52:43,2025-11-15 13:20:42,5279,1.47
120,L18,#30,GW252/13600,(1)停机过程,1,2025-11-15 11:51:47,2025-11-15 11:52:43,56,0.02
121,L18,#30,GW252/13600,(5)发电状态,5,2025-11-14 11:06:13,2025-11-15 11:51:47,89134,24.76
122,L18,#30,GW252/13600,(4)启机状态,4,2025-11-14 11:05:35,2025-11-14 11:06:13,38,0.01
123,L18,#30,GW252/13600,(3)待机状态,3,2025-11-14 11:04:59,2025-11-14 11:05:35,36,0.01
124,L18,#30,GW252/13600,(2)停机状态,2,2025-11-14 10:59:07,2025-11-14 11:04:59,352,0.1
125,L18,#30,GW252/13600,(1)停机过程,1,2025-11-14 10:58:57,2025-11-14 10:59:07,10,0
126,L18,#30,GW252/13600,(9)维护状态,9,2025-11-14 07:47:04,2025-11-14 10:58:57,11513,3.2
127,L18,#30,GW252/13600,(2)停机状态,2,2025-11-13 22:59:52,2025-11-14 07:47:04,31632,8.79
128,L18,#30,GW252/13600,(1)停机过程,1,2025-11-13 22:59:41,2025-11-13 22:59:52,11,0
129,L18,#30,GW252/13600,(9)维护状态,9,2025-11-13 22:25:05,2025-11-13 22:59:41,2076,0.58
130,L18,#30,GW252/13600,(2)停机状态,2,2025-10-22 04:09:26,2025-11-13 22:25:05,1966539,546.26
131,L18,#30,GW252/13600,(1)停机过程,1,2025-10-22 04:08:56,2025-10-22 04:09:26,30,0.01
132,L18,#30,GW252/13600,(4)启机状态,4,2025-10-22 04:08:55,2025-10-22 04:08:56,1,0
133,L18,#30,GW252/13600,(3)待机状态,3,2025-10-22 04:08:24,2025-10-22 04:08:55,31,0.01
134,L18,#30,GW252/13600,(2)停机状态,2,2025-10-21 18:05:33,2025-10-22 04:08:24,36171,10.05
135,L18,#30,GW252/13600,(1)停机过程,1,2025-10-21 18:04:26,2025-10-21 18:05:33,67,0.02
136,L18,#30,GW252/13600,(5)发电状态,5,2025-10-21 17:17:21,2025-10-21 18:04:26,2825,0.78
137,L18,#30,GW252/13600,(4)启机状态,4,2025-10-21 17:16:52,2025-10-21 17:17:21,29,0.01
138,L18,#30,GW252/13600,(3)待机状态,3,2025-10-21 17:16:21,2025-10-21 17:16:52,31,0.01
139,L18,#30,GW252/13600,(2)停机状态,2,2025-10-21 17:01:38,2025-10-21 17:16:21,883,0.25
140,L18,#30,GW252/13600,(1)停机过程,1,2025-10-21 17:00:41,2025-10-21 17:01:38,57,0.02
141,L18,#30,GW252/13600,(5)发电状态,5,2025-10-21 14:02:43,2025-10-21 17:00:41,10678,2.97
142,L18,#30,GW252/13600,(4)启机状态,4,2025-10-21 14:02:08,2025-10-21 14:02:43,35,0.01
143,L18,#30,GW252/13600,(3)待机状态,3,2025-10-21 14:01:39,2025-10-21 14:02:08,29,0.01
144,L18,#30,GW252/13600,(2)停机状态,2,2025-10-21 10:26:48,2025-10-21 14:01:39,12891,3.58
145,L18,#30,GW252/13600,(1)停机过程,1,2025-10-21 10:25:59,2025-10-21 10:26:48,49,0.01
146,L18,#30,GW252/13600,(5)发电状态,5,2025-10-21 09:47:04,2025-10-21 10:25:59,2335,0.65
147,L18,#30,GW252/13600,(4)启机状态,4,2025-10-21 09:46:32,2025-10-21 09:47:04,32,0.01
148,L18,#30,GW252/13600,(3)待机状态,3,2025-10-21 09:46:02,2025-10-21 09:46:32,30,0.01
149,L18,#30,GW252/13600,(2)停机状态,2,2025-10-21 09:45:15,2025-10-21 09:46:02,47,0.01
150,L18,#30,GW252/13600,(1)停机过程,1,2025-10-21 09:44:21,2025-10-21 09:45:15,54,0.02
151,L18,#30,GW252/13600,(5)发电状态,5,2025-10-21 04:44:18,2025-10-21 09:44:21,18003,5
152,L18,#30,GW252/13600,(4)启机状态,4,2025-10-21 04:43:47,2025-10-21 04:44:18,31,0.01
153,L18,#30,GW252/13600,(3)待机状态,3,2025-10-21 04:43:17,2025-10-21 04:43:47,30,0.01
154,L18,#30,GW252/13600,(2)停机状态,2,2025-10-21 04:11:57,2025-10-21 04:43:17,1880,0.52
155,L18,#30,GW252/13600,(1)停机过程,1,2025-10-21 04:11:03,2025-10-21 04:11:57,54,0.02
156,L18,#30,GW252/13600,(5)发电状态,5,2025-10-20 21:27:43,2025-10-21 04:11:03,24200,6.72
157,L18,#30,GW252/13600,(4)启机状态,4,2025-10-20 21:27:10,2025-10-20 21:27:43,33,0.01
158,L18,#30,GW252/13600,(3)待机状态,3,2025-10-20 21:26:37,2025-10-20 21:27:10,33,0.01
159,L18,#30,GW252/13600,(2)停机状态,2,2025-10-20 21:17:52,2025-10-20 21:26:37,525,0.15
160,L18,#30,GW252/13600,(1)停机过程,1,2025-10-20 21:16:57,2025-10-20 21:17:52,55,0.02
161,L18,#30,GW252/13600,(5)发电状态,5,2025-10-20 19:15:39,2025-10-20 21:16:57,7278,2.02
162,L18,#30,GW252/13600,(4)启机状态,4,2025-10-20 19:15:05,2025-10-20 19:15:39,34,0.01
163,L18,#30,GW252/13600,(3)待机状态,3,2025-10-20 19:14:32,2025-10-20 19:15:05,33,0.01
164,L18,#30,GW252/13600,(2)停机状态,2,2025-10-20 18:58:36,2025-10-20 19:14:32,956,0.27
165,L18,#30,GW252/13600,(1)停机过程,1,2025-10-20 18:57:45,2025-10-20 18:58:36,51,0.01
166,L18,#30,GW252/13600,(5)发电状态,5,2025-10-20 14:04:37,2025-10-20 18:57:45,17588,4.89
167,L18,#30,GW252/13600,(4)启机状态,4,2025-10-20 14:04:04,2025-10-20 14:04:37,33,0.01
168,L18,#30,GW252/13600,(3)待机状态,3,2025-10-20 14:03:34,2025-10-20 14:04:04,30,0.01
169,L18,#30,GW252/13600,(2)停机状态,2,2025-10-20 14:03:32,2025-10-20 14:03:34,2,0
170,L18,#30,GW252/13600,(1)停机过程,1,2025-10-20 14:03:22,2025-10-20 14:03:32,10,0
171,L18,#30,GW252/13600,(9)维护状态,9,2025-10-20 14:02:05,2025-10-20 14:03:22,77,0.02
172,L18,#30,GW252/13600,(2)停机状态,2,2025-10-20 14:01:20,2025-10-20 14:02:05,45,0.01
173,L18,#30,GW252/13600,(0)初始化,0,2025-10-20 14:00:05,2025-10-20 14:01:20,75,0.02
174,L18,#30,GW252/13600,(9)维护状态,9,2025-10-20 13:58:14,2025-10-20 14:00:05,111,0.03
175,L18,#30,GW252/13600,(1)停机过程,1,2025-10-20 13:57:00,2025-10-20 13:58:14,74,0.02
176,L18,#30,GW252/13600,(5)发电状态,5,2025-10-20 11:44:11,2025-10-20 13:57:00,7969,2.21
177,L18,#30,GW252/13600,(4)启机状态,4,2025-10-20 11:43:38,2025-10-20 11:44:11,33,0.01
178,L18,#30,GW252/13600,(3)待机状态,3,2025-10-20 11:43:05,2025-10-20 11:43:38,33,0.01
179,L18,#30,GW252/13600,(2)停机状态,2,2025-10-20 11:15:57,2025-10-20 11:43:05,1628,0.45
180,L18,#30,GW252/13600,(1)停机过程,1,2025-10-20 11:14:59,2025-10-20 11:15:57,58,0.02
181,L18,#30,GW252/13600,(5)发电状态,5,2025-10-15 00:48:12,2025-10-20 11:14:59,469607,130.45
182,L18,#30,GW252/13600,(4)启机状态,4,2025-10-15 00:47:22,2025-10-15 00:48:12,50,0.01
183,L18,#30,GW252/13600,(3)待机状态,3,2025-10-15 00:46:42,2025-10-15 00:47:22,40,0.01
184,L18,#30,GW252/13600,(2)停机状态,2,2025-10-15 00:45:13,2025-10-15 00:46:42,89,0.02
185,L18,#30,GW252/13600,(1)停机过程,1,2025-10-15 00:45:03,2025-10-15 00:45:13,10,0
186,L18,#30,GW252/13600,(9)维护状态,9,2025-10-14 01:06:09,2025-10-15 00:45:03,85134,23.65
187,L18,#30,GW252/13600,(2)停机状态,2,2025-10-13 08:45:40,2025-10-14 01:06:09,58829,16.34
188,L18,#30,GW252/13600,(1)停机过程,1,2025-10-13 08:45:30,2025-10-13 08:45:40,10,0
189,L18,#30,GW252/13600,(9)维护状态,9,2025-10-11 19:42:37,2025-10-13 08:45:30,133373,37.05
190,L18,#30,GW252/13600,(2)停机状态,2,2025-10-08 21:46:18,2025-10-11 19:42:37,251779,69.94
191,L18,#30,GW252/13600,(1)停机过程,1,2025-10-08 21:46:08,2025-10-08 21:46:18,10,0
192,L18,#30,GW252/13600,(9)维护状态,9,2025-10-08 09:39:45,2025-10-08 21:46:08,43583,12.11
193,L18,#30,GW252/13600,(2)停机状态,2,2025-10-08 00:09:28,2025-10-08 09:39:45,34217,9.5
194,L18,#30,GW252/13600,(1)停机过程,1,2025-10-08 00:09:18,2025-10-08 00:09:28,10,0
195,L18,#30,GW252/13600,(9)维护状态,9,2025-10-07 20:44:29,2025-10-08 00:09:18,12289,3.41
196,L18,#30,GW252/13600,(2)停机状态,2,2025-10-05 02:18:02,2025-10-07 20:44:29,239187,66.44
197,L18,#30,GW252/13600,(1)停机过程,1,2025-10-05 02:16:53,2025-10-05 02:18:02,69,0.02
198,L18,#30,GW252/13600,(5)发电状态,5,2025-10-05 01:57:23,2025-10-05 02:16:53,1170,0.33
199,L18,#30,GW252/13600,(4)启机状态,4,2025-10-05 01:56:40,2025-10-05 01:57:23,43,0.01
200,L18,#30,GW252/13600,(3)待机状态,3,2025-10-05 01:56:11,2025-10-05 01:56:40,29,0.01
201,L18,#30,GW252/13600,(2)停机状态,2,2025-10-05 01:49:33,2025-10-05 01:56:11,398,0.11
202,L18,#30,GW252/13600,(1)停机过程,1,2025-10-05 01:48:23,2025-10-05 01:49:33,70,0.02
203,L18,#30,GW252/13600,(5)发电状态,5,2025-10-04 18:13:37,2025-10-05 01:48:23,27286,7.58
204,L18,#30,GW252/13600,(4)启机状态,4,2025-10-04 18:13:12,2025-10-04 18:13:37,25,0.01
205,L18,#30,GW252/13600,(3)待机状态,3,2025-10-04 18:12:42,2025-10-04 18:13:12,30,0.01
206,L18,#30,GW252/13600,(2)停机状态,2,2025-10-04 18:07:05,2025-10-04 18:12:42,337,0.09
207,L18,#30,GW252/13600,(1)停机过程,1,2025-10-04 18:06:09,2025-10-04 18:07:05,56,0.02
208,L18,#30,GW252/13600,(5)发电状态,5,2025-10-04 16:28:36,2025-10-04 18:06:09,5853,1.63
209,L18,#30,GW252/13600,(4)启机状态,4,2025-10-04 16:25:29,2025-10-04 16:28:36,187,0.05
210,L18,#30,GW252/13600,(3)待机状态,3,2025-10-04 16:04:37,2025-10-04 16:25:29,1252,0.35
211,L18,#30,GW252/13600,(2)停机状态,2,2025-10-04 16:04:35,2025-10-04 16:04:37,2,0
212,L18,#30,GW252/13600,(1)停机过程,1,2025-10-04 16:03:39,2025-10-04 16:04:35,56,0.02
213,L18,#30,GW252/13600,(4)启机状态,4,2025-10-04 15:58:40,2025-10-04 16:03:39,299,0.08
214,L18,#30,GW252/13600,(3)待机状态,3,2025-10-04 15:06:02,2025-10-04 15:58:40,3158,0.88
215,L18,#30,GW252/13600,(2)停机状态,2,2025-10-04 15:00:26,2025-10-04 15:06:02,336,0.09
216,L18,#30,GW252/13600,(1)停机过程,1,2025-10-04 14:59:30,2025-10-04 15:00:26,56,0.02
217,L18,#30,GW252/13600,(5)发电状态,5,2025-10-04 07:52:26,2025-10-04 14:59:30,25624,7.12
218,L18,#30,GW252/13600,(4)启机状态,4,2025-10-04 07:50:35,2025-10-04 07:52:26,111,0.03
219,L18,#30,GW252/13600,(3)待机状态,3,2025-10-04 01:04:36,2025-10-04 07:50:35,24359,6.77
220,L18,#30,GW252/13600,(2)停机状态,2,2025-10-04 01:00:15,2025-10-04 01:04:36,261,0.07
221,L18,#30,GW252/13600,(1)停机过程,1,2025-10-04 00:59:20,2025-10-04 01:00:15,55,0.02
222,L18,#30,GW252/13600,(5)发电状态,5,2025-10-03 10:30:51,2025-10-04 00:59:20,52109,14.47
223,L18,#30,GW252/13600,(4)启机状态,4,2025-10-03 10:29:25,2025-10-03 10:30:51,86,0.02
224,L18,#30,GW252/13600,(3)待机状态,3,2025-10-03 10:28:29,2025-10-03 10:29:25,56,0.02
225,L18,#30,GW252/13600,(2)停机状态,2,2025-10-03 10:11:22,2025-10-03 10:28:29,1027,0.29
226,L18,#30,GW252/13600,(1)停机过程,1,2025-10-03 10:10:22,2025-10-03 10:11:22,60,0.02
227,L18,#30,GW252/13600,(5)发电状态,5,2025-10-03 09:59:19,2025-10-03 10:10:22,663,0.18
228,L18,#30,GW252/13600,(4)启机状态,4,2025-10-03 09:58:04,2025-10-03 09:59:19,75,0.02
229,L18,#30,GW252/13600,(3)待机状态,3,2025-10-03 09:57:16,2025-10-03 09:58:04,48,0.01
230,L18,#30,GW252/13600,(2)停机状态,2,2025-10-03 09:17:10,2025-10-03 09:57:16,2406,0.67
231,L18,#30,GW252/13600,(1)停机过程,1,2025-10-03 09:16:10,2025-10-03 09:17:10,60,0.02
232,L18,#30,GW252/13600,(5)发电状态,5,2025-10-02 15:29:32,2025-10-03 09:16:10,63998,17.78
233,L18,#30,GW252/13600,(4)启机状态,4,2025-10-02 15:28:25,2025-10-02 15:29:32,67,0.02
234,L18,#30,GW252/13600,(3)待机状态,3,2025-10-02 15:27:37,2025-10-02 15:28:25,48,0.01
235,L18,#30,GW252/13600,(2)停机状态,2,2025-10-02 14:47:19,2025-10-02 15:27:37,2418,0.67
236,L18,#30,GW252/13600,(2)停机状态,2,2025-10-02 13:01:06,2025-10-02 14:47:19,6373,1.77
237,L18,#30,GW252/13600,(1)停机过程,1,2025-10-02 12:59:59,2025-10-02 13:01:06,67,0.02
238,L18,#30,GW252/13600,(5)发电状态,5,2025-10-02 11:15:37,2025-10-02 12:59:59,6262,1.74
239,L18,#30,GW252/13600,(4)启机状态,4,2025-10-02 11:14:47,2025-10-02 11:15:37,50,0.01
240,L18,#30,GW252/13600,(3)待机状态,3,2025-10-02 11:14:02,2025-10-02 11:14:47,45,0.01
241,L18,#30,GW252/13600,(2)停机状态,2,2025-10-02 10:14:53,2025-10-02 11:14:02,3549,0.99
242,L18,#30,GW252/13600,(1)停机过程,1,2025-10-02 10:13:52,2025-10-02 10:14:53,61,0.02
243,L18,#30,GW252/13600,(5)发电状态,5,2025-10-02 09:20:09,2025-10-02 10:13:52,3223,0.9
244,L18,#30,GW252/13600,(4)启机状态,4,2025-10-02 09:18:27,2025-10-02 09:20:09,102,0.03
245,L18,#30,GW252/13600,(3)待机状态,3,2025-10-02 09:16:16,2025-10-02 09:18:27,131,0.04
246,L18,#30,GW252/13600,(2)停机状态,2,2025-10-02 08:50:14,2025-10-02 09:16:16,1562,0.43
247,L18,#30,GW252/13600,(1)停机过程,1,2025-10-02 08:49:57,2025-10-02 08:50:14,17,0
248,L18,#30,GW252/13600,(9)维护状态,9,2025-10-01 23:19:07,2025-10-02 08:49:57,34250,9.51
249,L18,#30,GW252/13600,(2)停机状态,2,2025-10-01 08:15:47,2025-10-01 23:19:07,54200,15.06
250,L18,#30,GW252/13600,(1)停机过程,1,2025-10-01 08:15:15,2025-10-01 08:15:47,32,0.01
251,L18,#30,GW252/13600,(3)待机状态,3,2025-09-30 10:36:09,2025-10-01 08:15:15,77946,21.65
252,L18,#30,GW252/13600,(2)停机状态,2,2025-09-30 09:58:30,2025-09-30 10:36:09,2259,0.63
253,L18,#30,GW252/13600,(1)停机过程,1,2025-09-30 09:57:34,2025-09-30 09:58:30,56,0.02
254,L18,#30,GW252/13600,(5)发电状态,5,2025-09-30 08:58:55,2025-09-30 09:57:34,3519,0.98
255,L18,#30,GW252/13600,(4)启机状态,4,2025-09-30 08:57:16,2025-09-30 08:58:55,99,0.03
256,L18,#30,GW252/13600,(3)待机状态,3,2025-09-30 08:56:07,2025-09-30 08:57:16,69,0.02
257,L18,#30,GW252/13600,(2)停机状态,2,2025-09-30 06:54:44,2025-09-30 08:56:07,7283,2.02
258,L18,#30,GW252/13600,(1)停机过程,1,2025-09-30 06:53:44,2025-09-30 06:54:44,60,0.02
259,L18,#30,GW252/13600,(5)发电状态,5,2025-09-30 02:51:27,2025-09-30 06:53:44,14537,4.04
260,L18,#30,GW252/13600,(4)启机状态,4,2025-09-30 02:50:32,2025-09-30 02:51:27,55,0.02
261,L18,#30,GW252/13600,(3)待机状态,3,2025-09-30 02:49:47,2025-09-30 02:50:32,45,0.01
262,L18,#30,GW252/13600,(2)停机状态,2,2025-09-30 01:23:29,2025-09-30 02:49:47,5178,1.44
263,L18,#30,GW252/13600,(1)停机过程,1,2025-09-30 01:22:31,2025-09-30 01:23:29,58,0.02
264,L18,#30,GW252/13600,(5)发电状态,5,2025-09-28 16:36:24,2025-09-30 01:22:31,117967,32.77
265,L18,#30,GW252/13600,(4)启机状态,4,2025-09-28 16:35:33,2025-09-28 16:36:24,51,0.01
266,L18,#30,GW252/13600,(3)待机状态,3,2025-09-28 16:31:39,2025-09-28 16:35:33,234,0.07
267,L18,#30,GW252/13600,(2)停机状态,2,2025-09-28 16:31:03,2025-09-28 16:31:39,36,0.01
268,L18,#30,GW252/13600,(1)停机过程,1,2025-09-28 16:30:08,2025-09-28 16:31:03,55,0.02
269,L18,#30,GW252/13600,(5)发电状态,5,2025-09-25 15:57:26,2025-09-28 16:30:08,261162,72.55
270,L18,#30,GW252/13600,(4)启机状态,4,2025-09-25 15:56:40,2025-09-25 15:57:26,46,0.01
271,L18,#30,GW252/13600,(3)待机状态,3,2025-09-25 15:55:36,2025-09-25 15:56:40,64,0.02
272,L18,#30,GW252/13600,(2)停机状态,2,2025-09-25 15:55:33,2025-09-25 15:55:36,3,0
273,L18,#30,GW252/13600,(1)停机过程,1,2025-09-25 15:55:23,2025-09-25 15:55:33,10,0
274,L18,#30,GW252/13600,(9)维护状态,9,2025-09-25 13:56:08,2025-09-25 15:55:23,7155,1.99
275,L18,#30,GW252/13600,(2)停机状态,2,2025-09-25 13:52:35,2025-09-25 13:56:08,213,0.06
276,L18,#30,GW252/13600,(0)初始化,0,2025-09-25 13:51:25,2025-09-25 13:52:35,70,0.02
277,L18,#30,GW252/13600,(9)维护状态,9,2025-09-25 13:45:33,2025-09-25 13:51:25,352,0.1
278,L18,#30,GW252/13600,(2)停机状态,2,2025-09-23 17:06:45,2025-09-25 13:45:33,160728,44.65
279,L18,#30,GW252/13600,(1)停机过程,1,2025-09-23 17:05:42,2025-09-23 17:06:45,63,0.02
280,L18,#30,GW252/13600,(5)发电状态,5,2025-09-22 23:12:42,2025-09-23 17:05:42,64380,17.88
281,L18,#30,GW252/13600,(4)启机状态,4,2025-09-22 23:11:04,2025-09-22 23:12:42,98,0.03
282,L18,#30,GW252/13600,(3)待机状态,3,2025-09-22 22:05:13,2025-09-22 23:11:04,3951,1.1
283,L18,#30,GW252/13600,(1)停机过程,1,2025-09-22 22:04:56,2025-09-22 22:05:13,17,0
284,L18,#30,GW252/13600,(9)维护状态,9,2025-09-22 21:34:12,2025-09-22 22:04:56,1844,0.51
285,L18,#30,GW252/13600,(2)停机状态,2,2025-09-22 21:29:21,2025-09-22 21:34:12,291,0.08
286,L18,#30,GW252/13600,(1)停机过程,1,2025-09-22 21:28:49,2025-09-22 21:29:21,32,0.01
287,L18,#30,GW252/13600,(3)待机状态,3,2025-09-22 18:31:40,2025-09-22 21:28:49,10629,2.95
288,L18,#30,GW252/13600,(2)停机状态,2,2025-09-22 17:53:59,2025-09-22 18:31:40,2261,0.63
289,L18,#30,GW252/13600,(1)停机过程,1,2025-09-22 17:53:04,2025-09-22 17:53:59,55,0.02
290,L18,#30,GW252/13600,(5)发电状态,5,2025-09-22 04:31:57,2025-09-22 17:53:04,48067,13.35
291,L18,#30,GW252/13600,(4)启机状态,4,2025-09-22 04:31:01,2025-09-22 04:31:57,56,0.02
292,L18,#30,GW252/13600,(3)待机状态,3,2025-09-22 04:27:39,2025-09-22 04:31:01,202,0.06
293,L18,#30,GW252/13600,(2)停机状态,2,2025-09-22 04:27:37,2025-09-22 04:27:39,2,0
294,L18,#30,GW252/13600,(1)停机过程,1,2025-09-22 04:27:03,2025-09-22 04:27:37,34,0.01
295,L18,#30,GW252/13600,(3)待机状态,3,2025-09-22 04:26:20,2025-09-22 04:27:03,43,0.01
296,L18,#30,GW252/13600,(1)停机过程,1,2025-09-22 04:25:24,2025-09-22 04:26:20,56,0.02
297,L18,#30,GW252/13600,(5)发电状态,5,2025-09-21 17:21:20,2025-09-22 04:25:24,39844,11.07
298,L18,#30,GW252/13600,(4)启机状态,4,2025-09-21 17:19:53,2025-09-21 17:21:20,87,0.02
299,L18,#30,GW252/13600,(3)待机状态,3,2025-09-21 17:13:14,2025-09-21 17:19:53,399,0.11
300,L18,#30,GW252/13600,(2)停机状态,2,2025-09-21 17:13:11,2025-09-21 17:13:14,3,0
301,L18,#30,GW252/13600,(1)停机过程,1,2025-09-21 17:12:42,2025-09-21 17:13:11,29,0.01
302,L18,#30,GW252/13600,(3)待机状态,3,2025-09-21 17:12:20,2025-09-21 17:12:42,22,0.01
303,L18,#30,GW252/13600,(2)停机状态,2,2025-09-21 17:12:18,2025-09-21 17:12:20,2,0
304,L18,#30,GW252/13600,(1)停机过程,1,2025-09-21 17:11:48,2025-09-21 17:12:18,30,0.01
305,L18,#30,GW252/13600,(3)待机状态,3,2025-09-21 17:11:26,2025-09-21 17:11:48,22,0.01
306,L18,#30,GW252/13600,(2)停机状态,2,2025-09-21 17:11:24,2025-09-21 17:11:26,2,0
307,L18,#30,GW252/13600,(1)停机过程,1,2025-09-21 17:10:54,2025-09-21 17:11:24,30,0.01
308,L18,#30,GW252/13600,(3)待机状态,3,2025-09-21 17:10:32,2025-09-21 17:10:54,22,0.01
309,L18,#30,GW252/13600,(2)停机状态,2,2025-09-21 17:10:31,2025-09-21 17:10:32,1,0
310,L18,#30,GW252/13600,(1)停机过程,1,2025-09-21 17:10:00,2025-09-21 17:10:31,31,0.01
311,L18,#30,GW252/13600,(3)待机状态,3,2025-09-21 17:09:38,2025-09-21 17:10:00,22,0.01
312,L18,#30,GW252/13600,(2)停机状态,2,2025-09-21 17:09:09,2025-09-21 17:09:38,29,0.01
313,L18,#30,GW252/13600,(1)停机过程,1,2025-09-21 17:08:59,2025-09-21 17:09:09,10,0
314,L18,#30,GW252/13600,(9)维护状态,9,2025-09-21 10:12:45,2025-09-21 17:08:59,24974,6.94
315,L18,#30,GW252/13600,(2)停机状态,2,2025-09-21 10:11:41,2025-09-21 10:12:45,64,0.02
316,L18,#30,GW252/13600,(1)停机过程,1,2025-09-21 10:11:08,2025-09-21 10:11:41,33,0.01
317,L18,#30,GW252/13600,(3)待机状态,3,2025-09-21 10:03:23,2025-09-21 10:11:08,465,0.13
318,L18,#30,GW252/13600,(2)停机状态,2,2025-09-21 10:03:21,2025-09-21 10:03:23,2,0
319,L18,#30,GW252/13600,(1)停机过程,1,2025-09-21 10:02:24,2025-09-21 10:03:21,57,0.02
320,L18,#30,GW252/13600,(5)发电状态,5,2025-09-21 09:44:43,2025-09-21 10:02:24,1061,0.29
321,L18,#30,GW252/13600,(4)启机状态,4,2025-09-21 09:43:35,2025-09-21 09:44:43,68,0.02
322,L18,#30,GW252/13600,(3)待机状态,3,2025-09-21 09:40:28,2025-09-21 09:43:35,187,0.05
323,L18,#30,GW252/13600,(1)停机过程,1,2025-09-21 09:39:55,2025-09-21 09:40:28,33,0.01
324,L18,#30,GW252/13600,(3)待机状态,3,2025-09-21 09:39:05,2025-09-21 09:39:55,50,0.01
325,L18,#30,GW252/13600,(1)停机过程,1,2025-09-21 09:38:32,2025-09-21 09:39:05,33,0.01
326,L18,#30,GW252/13600,(3)待机状态,3,2025-09-21 09:34:03,2025-09-21 09:38:32,269,0.07
327,L18,#30,GW252/13600,(2)停机状态,2,2025-09-21 09:34:02,2025-09-21 09:34:03,1,0
328,L18,#30,GW252/13600,(1)停机过程,1,2025-09-21 09:33:32,2025-09-21 09:34:02,30,0.01
329,L18,#30,GW252/13600,(3)待机状态,3,2025-09-21 09:33:09,2025-09-21 09:33:32,23,0.01
330,L18,#30,GW252/13600,(2)停机状态,2,2025-09-21 09:33:08,2025-09-21 09:33:09,1,0
331,L18,#30,GW252/13600,(1)停机过程,1,2025-09-21 09:32:37,2025-09-21 09:33:08,31,0.01
332,L18,#30,GW252/13600,(3)待机状态,3,2025-09-21 09:32:15,2025-09-21 09:32:37,22,0.01
333,L18,#30,GW252/13600,(2)停机状态,2,2025-09-21 09:32:13,2025-09-21 09:32:15,2,0
334,L18,#30,GW252/13600,(1)停机过程,1,2025-09-21 09:31:45,2025-09-21 09:32:13,28,0.01
335,L18,#30,GW252/13600,(3)待机状态,3,2025-09-21 09:31:22,2025-09-21 09:31:45,23,0.01
336,L18,#30,GW252/13600,(2)停机状态,2,2025-09-21 09:31:21,2025-09-21 09:31:22,1,0
337,L18,#30,GW252/13600,(1)停机过程,1,2025-09-21 09:30:50,2025-09-21 09:31:21,31,0.01
338,L18,#30,GW252/13600,(3)待机状态,3,2025-09-21 08:54:43,2025-09-21 09:30:50,2167,0.6
339,L18,#30,GW252/13600,(2)停机状态,2,2025-09-21 08:49:05,2025-09-21 08:54:43,338,0.09
340,L18,#30,GW252/13600,(1)停机过程,1,2025-09-21 08:48:10,2025-09-21 08:49:05,55,0.02
341,L18,#30,GW252/13600,(5)发电状态,5,2025-09-21 06:03:49,2025-09-21 08:48:10,9861,2.74
342,L18,#30,GW252/13600,(4)启机状态,4,2025-09-21 06:01:42,2025-09-21 06:03:49,127,0.04
343,L18,#30,GW252/13600,(3)待机状态,3,2025-09-21 03:15:41,2025-09-21 06:01:42,9961,2.77
344,L18,#30,GW252/13600,(2)停机状态,2,2025-09-21 03:15:35,2025-09-21 03:15:41,6,0
345,L18,#30,GW252/13600,(1)停机过程,1,2025-09-21 03:14:40,2025-09-21 03:15:35,55,0.02
346,L18,#30,GW252/13600,(5)发电状态,5,2025-09-21 02:40:56,2025-09-21 03:14:40,2024,0.56
347,L18,#30,GW252/13600,(4)启机状态,4,2025-09-21 02:39:25,2025-09-21 02:40:56,91,0.03
348,L18,#30,GW252/13600,(3)待机状态,3,2025-09-21 02:26:49,2025-09-21 02:39:25,756,0.21
349,L18,#30,GW252/13600,(2)停机状态,2,2025-09-21 02:11:09,2025-09-21 02:26:49,940,0.26
350,L18,#30,GW252/13600,(1)停机过程,1,2025-09-21 02:10:59,2025-09-21 02:11:09,10,0
351,L18,#30,GW252/13600,(9)维护状态,9,2025-09-21 01:37:21,2025-09-21 02:10:59,2018,0.56
352,L18,#30,GW252/13600,(2)停机状态,2,2025-09-21 01:32:00,2025-09-21 01:37:21,321,0.09
353,L18,#30,GW252/13600,(1)停机过程,1,2025-09-21 01:31:50,2025-09-21 01:32:00,10,0
354,L18,#30,GW252/13600,(9)维护状态,9,2025-09-21 00:42:18,2025-09-21 01:31:50,2972,0.83
355,L18,#30,GW252/13600,(2)停机状态,2,2025-09-20 23:26:16,2025-09-21 00:42:18,4562,1.27
356,L18,#30,GW252/13600,(1)停机过程,1,2025-09-20 23:26:06,2025-09-20 23:26:16,10,0
357,L18,#30,GW252/13600,(9)维护状态,9,2025-09-20 21:27:52,2025-09-20 23:26:06,7094,1.97
358,L18,#30,GW252/13600,(1)停机过程,1,2025-09-20 21:27:21,2025-09-20 21:27:52,31,0.01
359,L18,#30,GW252/13600,(3)待机状态,3,2025-09-20 21:20:09,2025-09-20 21:27:21,432,0.12
360,L18,#30,GW252/13600,(2)停机状态,2,2025-09-20 21:18:52,2025-09-20 21:20:09,77,0.02
361,L18,#30,GW252/13600,(1)停机过程,1,2025-09-20 21:17:56,2025-09-20 21:18:52,56,0.02
362,L18,#30,GW252/13600,(4)启机状态,4,2025-09-20 21:12:56,2025-09-20 21:17:56,300,0.08
363,L18,#30,GW252/13600,(3)待机状态,3,2025-09-20 20:10:21,2025-09-20 21:12:56,3755,1.04
364,L18,#30,GW252/13600,(2)停机状态,2,2025-09-20 20:05:35,2025-09-20 20:10:21,286,0.08
365,L18,#30,GW252/13600,(1)停机过程,1,2025-09-20 20:04:38,2025-09-20 20:05:35,57,0.02
366,L18,#30,GW252/13600,(5)发电状态,5,2025-09-20 19:58:06,2025-09-20 20:04:38,392,0.11
367,L18,#30,GW252/13600,(4)启机状态,4,2025-09-20 19:56:23,2025-09-20 19:58:06,103,0.03
368,L18,#30,GW252/13600,(3)待机状态,3,2025-09-20 19:52:52,2025-09-20 19:56:23,211,0.06
369,L18,#30,GW252/13600,(2)停机状态,2,2025-09-20 19:51:57,2025-09-20 19:52:52,55,0.02
370,L18,#30,GW252/13600,(1)停机过程,1,2025-09-20 19:51:01,2025-09-20 19:51:57,56,0.02
371,L18,#30,GW252/13600,(4)启机状态,4,2025-09-20 19:46:01,2025-09-20 19:51:01,300,0.08
372,L18,#30,GW252/13600,(3)待机状态,3,2025-09-20 19:43:04,2025-09-20 19:46:01,177,0.05
373,L18,#30,GW252/13600,(2)停机状态,2,2025-09-20 19:43:03,2025-09-20 19:43:04,1,0
374,L18,#30,GW252/13600,(1)停机过程,1,2025-09-20 19:42:33,2025-09-20 19:43:03,30,0.01
375,L18,#30,GW252/13600,(3)待机状态,3,2025-09-20 19:42:11,2025-09-20 19:42:33,22,0.01
376,L18,#30,GW252/13600,(2)停机状态,2,2025-09-20 19:42:09,2025-09-20 19:42:11,2,0
377,L18,#30,GW252/13600,(1)停机过程,1,2025-09-20 19:41:37,2025-09-20 19:42:09,32,0.01
378,L18,#30,GW252/13600,(3)待机状态,3,2025-09-20 19:40:58,2025-09-20 19:41:37,39,0.01
379,L18,#30,GW252/13600,(2)停机状态,2,2025-09-20 19:40:56,2025-09-20 19:40:58,2,0
380,L18,#30,GW252/13600,(1)停机过程,1,2025-09-20 19:40:25,2025-09-20 19:40:56,31,0.01
381,L18,#30,GW252/13600,(3)待机状态,3,2025-09-20 19:40:04,2025-09-20 19:40:25,21,0.01
382,L18,#30,GW252/13600,(2)停机状态,2,2025-09-20 19:40:03,2025-09-20 19:40:04,1,0
383,L18,#30,GW252/13600,(1)停机过程,1,2025-09-20 19:39:33,2025-09-20 19:40:03,30,0.01
384,L18,#30,GW252/13600,(3)待机状态,3,2025-09-20 19:39:10,2025-09-20 19:39:33,23,0.01
385,L18,#30,GW252/13600,(2)停机状态,2,2025-09-20 19:39:08,2025-09-20 19:39:10,2,0
386,L18,#30,GW252/13600,(1)停机过程,1,2025-09-20 19:38:40,2025-09-20 19:39:08,28,0.01
387,L18,#30,GW252/13600,(3)待机状态,3,2025-09-20 19:38:18,2025-09-20 19:38:40,22,0.01
388,L18,#30,GW252/13600,(2)停机状态,2,2025-09-20 19:38:14,2025-09-20 19:38:18,4,0
389,L18,#30,GW252/13600,(1)停机过程,1,2025-09-20 19:37:46,2025-09-20 19:38:14,28,0.01
390,L18,#30,GW252/13600,(3)待机状态,3,2025-09-20 19:37:24,2025-09-20 19:37:46,22,0.01
391,L18,#30,GW252/13600,(2)停机状态,2,2025-09-20 19:37:22,2025-09-20 19:37:24,2,0
392,L18,#30,GW252/13600,(1)停机过程,1,2025-09-20 19:36:51,2025-09-20 19:37:22,31,0.01
393,L18,#30,GW252/13600,(3)待机状态,3,2025-09-20 19:36:30,2025-09-20 19:36:51,21,0.01
394,L18,#30,GW252/13600,(2)停机状态,2,2025-09-20 19:36:28,2025-09-20 19:36:30,2,0
395,L18,#30,GW252/13600,(1)停机过程,1,2025-09-20 19:35:58,2025-09-20 19:36:28,30,0.01
396,L18,#30,GW252/13600,(3)待机状态,3,2025-09-20 19:35:35,2025-09-20 19:35:58,23,0.01
397,L18,#30,GW252/13600,(2)停机状态,2,2025-09-20 19:35:33,2025-09-20 19:35:35,2,0
398,L18,#30,GW252/13600,(1)停机过程,1,2025-09-20 19:35:03,2025-09-20 19:35:33,30,0.01
399,L18,#30,GW252/13600,(3)待机状态,3,2025-09-20 18:58:44,2025-09-20 19:35:03,2179,0.61
400,L18,#30,GW252/13600,(2)停机状态,2,2025-09-20 18:56:36,2025-09-20 18:58:44,128,0.04
401,L18,#30,GW252/13600,(1)停机过程,1,2025-09-20 18:55:39,2025-09-20 18:56:36,57,0.02
402,L18,#30,GW252/13600,(5)发电状态,5,2025-09-20 07:11:25,2025-09-20 18:55:39,42254,11.74
403,L18,#30,GW252/13600,(4)启机状态,4,2025-09-20 07:09:34,2025-09-20 07:11:25,111,0.03
404,L18,#30,GW252/13600,(3)待机状态,3,2025-09-20 07:06:34,2025-09-20 07:09:34,180,0.05
405,L18,#30,GW252/13600,(2)停机状态,2,2025-09-20 07:05:13,2025-09-20 07:06:34,81,0.02
406,L18,#30,GW252/13600,(1)停机过程,1,2025-09-20 07:04:18,2025-09-20 07:05:13,55,0.02
407,L18,#30,GW252/13600,(5)发电状态,5,2025-09-20 00:25:19,2025-09-20 07:04:18,23939,6.65
408,L18,#30,GW252/13600,(4)启机状态,4,2025-09-20 00:23:36,2025-09-20 00:25:19,103,0.03
409,L18,#30,GW252/13600,(3)待机状态,3,2025-09-19 22:54:05,2025-09-20 00:23:36,5371,1.49
410,L18,#30,GW252/13600,(2)停机状态,2,2025-09-19 22:54:03,2025-09-19 22:54:05,2,0
411,L18,#30,GW252/13600,(1)停机过程,1,2025-09-19 22:53:06,2025-09-19 22:54:03,57,0.02
412,L18,#30,GW252/13600,(5)发电状态,5,2025-09-19 21:47:09,2025-09-19 22:53:06,3957,1.1
413,L18,#30,GW252/13600,(4)启机状态,4,2025-09-19 21:45:17,2025-09-19 21:47:09,112,0.03
414,L18,#30,GW252/13600,(3)待机状态,3,2025-09-19 19:41:46,2025-09-19 21:45:17,7411,2.06
415,L18,#30,GW252/13600,(2)停机状态,2,2025-09-19 19:41:45,2025-09-19 19:41:46,1,0
416,L18,#30,GW252/13600,(1)停机过程,1,2025-09-19 19:40:49,2025-09-19 19:41:45,56,0.02
417,L18,#30,GW252/13600,(5)发电状态,5,2025-09-19 18:49:42,2025-09-19 19:40:49,3067,0.85
418,L18,#30,GW252/13600,(4)启机状态,4,2025-09-19 18:47:50,2025-09-19 18:49:42,112,0.03
419,L18,#30,GW252/13600,(3)待机状态,3,2025-09-19 10:14:04,2025-09-19 18:47:50,30826,8.56
420,L18,#30,GW252/13600,(2)停机状态,2,2025-09-19 10:13:36,2025-09-19 10:14:04,28,0.01
421,L18,#30,GW252/13600,(1)停机过程,1,2025-09-19 10:12:41,2025-09-19 10:13:36,55,0.02
422,L18,#30,GW252/13600,(5)发电状态,5,2025-09-19 09:35:47,2025-09-19 10:12:41,2214,0.62
423,L18,#30,GW252/13600,(4)启机状态,4,2025-09-19 09:33:57,2025-09-19 09:35:47,110,0.03
424,L18,#30,GW252/13600,(3)待机状态,3,2025-09-19 09:09:38,2025-09-19 09:33:57,1459,0.41
425,L18,#30,GW252/13600,(1)停机过程,1,2025-09-19 09:09:06,2025-09-19 09:09:38,32,0.01
426,L18,#30,GW252/13600,(3)待机状态,3,2025-09-19 09:08:07,2025-09-19 09:09:06,59,0.02
427,L18,#30,GW252/13600,(2)停机状态,2,2025-09-19 09:08:04,2025-09-19 09:08:07,3,0
428,L18,#30,GW252/13600,(1)停机过程,1,2025-09-19 09:07:34,2025-09-19 09:08:04,30,0.01
429,L18,#30,GW252/13600,(3)待机状态,3,2025-09-19 06:54:39,2025-09-19 09:07:34,7975,2.22
430,L18,#30,GW252/13600,(2)停机状态,2,2025-09-19 06:54:12,2025-09-19 06:54:39,27,0.01
431,L18,#30,GW252/13600,(1)停机过程,1,2025-09-19 06:53:17,2025-09-19 06:54:12,55,0.02
432,L18,#30,GW252/13600,(5)发电状态,5,2025-09-18 16:06:30,2025-09-19 06:53:17,53207,14.78
433,L18,#30,GW252/13600,(4)启机状态,4,2025-09-18 16:04:58,2025-09-18 16:06:30,92,0.03
434,L18,#30,GW252/13600,(3)待机状态,3,2025-09-18 16:03:21,2025-09-18 16:04:58,97,0.03
435,L18,#30,GW252/13600,(2)停机状态,2,2025-09-18 16:03:19,2025-09-18 16:03:21,2,0
436,L18,#30,GW252/13600,(1)停机过程,1,2025-09-18 16:02:24,2025-09-18 16:03:19,55,0.02
437,L18,#30,GW252/13600,(5)发电状态,5,2025-09-16 22:26:46,2025-09-18 16:02:24,149738,41.59
438,L18,#30,GW252/13600,(4)启机状态,4,2025-09-16 22:26:11,2025-09-16 22:26:46,35,0.01
439,L18,#30,GW252/13600,(3)待机状态,3,2025-09-16 22:24:24,2025-09-16 22:26:11,107,0.03
440,L18,#30,GW252/13600,(2)停机状态,2,2025-09-16 22:24:23,2025-09-16 22:24:24,1,0
441,L18,#30,GW252/13600,(1)停机过程,1,2025-09-16 22:23:30,2025-09-16 22:24:23,53,0.01
442,L18,#30,GW252/13600,(5)发电状态,5,2025-09-16 22:11:22,2025-09-16 22:23:30,728,0.2
443,L18,#30,GW252/13600,(4)启机状态,4,2025-09-16 22:10:49,2025-09-16 22:11:22,33,0.01
444,L18,#30,GW252/13600,(3)待机状态,3,2025-09-16 22:08:41,2025-09-16 22:10:49,128,0.04
445,L18,#30,GW252/13600,(2)停机状态,2,2025-09-16 22:08:39,2025-09-16 22:08:41,2,0
446,L18,#30,GW252/13600,(1)停机过程,1,2025-09-16 22:07:46,2025-09-16 22:08:39,53,0.01
447,L18,#30,GW252/13600,(5)发电状态,5,2025-09-16 19:22:14,2025-09-16 22:07:46,9932,2.76
448,L18,#30,GW252/13600,(4)启机状态,4,2025-09-16 19:20:40,2025-09-16 19:22:14,94,0.03
449,L18,#30,GW252/13600,(3)待机状态,3,2025-09-16 19:12:02,2025-09-16 19:20:40,518,0.14
450,L18,#30,GW252/13600,(2)停机状态,2,2025-09-16 19:10:01,2025-09-16 19:12:02,121,0.03
451,L18,#30,GW252/13600,(1)停机过程,1,2025-09-16 19:09:06,2025-09-16 19:10:01,55,0.02
452,L18,#30,GW252/13600,(5)发电状态,5,2025-09-16 17:45:00,2025-09-16 19:09:06,5046,1.4
453,L18,#30,GW252/13600,(4)启机状态,4,2025-09-16 17:41:34,2025-09-16 17:45:00,206,0.06
454,L18,#30,GW252/13600,(3)待机状态,3,2025-09-16 17:31:09,2025-09-16 17:41:34,625,0.17
455,L18,#30,GW252/13600,(2)停机状态,2,2025-09-16 17:30:21,2025-09-16 17:31:09,48,0.01
456,L18,#30,GW252/13600,(1)停机过程,1,2025-09-16 17:29:26,2025-09-16 17:30:21,55,0.02
457,L18,#30,GW252/13600,(5)发电状态,5,2025-09-16 17:22:51,2025-09-16 17:29:26,395,0.11
458,L18,#30,GW252/13600,(4)启机状态,4,2025-09-16 17:21:29,2025-09-16 17:22:51,82,0.02
459,L18,#30,GW252/13600,(3)待机状态,3,2025-09-16 17:20:07,2025-09-16 17:21:29,82,0.02
460,L18,#30,GW252/13600,(2)停机状态,2,2025-09-16 17:20:06,2025-09-16 17:20:07,1,0
461,L18,#30,GW252/13600,(1)停机过程,1,2025-09-16 17:19:33,2025-09-16 17:20:06,33,0.01
462,L18,#30,GW252/13600,(3)待机状态,3,2025-09-16 17:18:33,2025-09-16 17:19:33,60,0.02
463,L18,#30,GW252/13600,(2)停机状态,2,2025-09-16 17:18:31,2025-09-16 17:18:33,2,0
464,L18,#30,GW252/13600,(1)停机过程,1,2025-09-16 17:17:36,2025-09-16 17:18:31,55,0.02
465,L18,#30,GW252/13600,(5)发电状态,5,2025-09-16 17:14:23,2025-09-16 17:17:36,193,0.05
466,L18,#30,GW252/13600,(4)启机状态,4,2025-09-16 17:12:46,2025-09-16 17:14:23,97,0.03
467,L18,#30,GW252/13600,(3)待机状态,3,2025-09-16 17:02:36,2025-09-16 17:12:46,610,0.17
468,L18,#30,GW252/13600,(2)停机状态,2,2025-09-16 17:02:35,2025-09-16 17:02:36,1,0
469,L18,#30,GW252/13600,(1)停机过程,1,2025-09-16 17:01:39,2025-09-16 17:02:35,56,0.02
470,L18,#30,GW252/13600,(5)发电状态,5,2025-09-16 16:52:34,2025-09-16 17:01:39,545,0.15
471,L18,#30,GW252/13600,(4)启机状态,4,2025-09-16 16:50:02,2025-09-16 16:52:34,152,0.04
472,L18,#30,GW252/13600,(3)待机状态,3,2025-09-16 16:46:35,2025-09-16 16:50:02,207,0.06
473,L18,#30,GW252/13600,(2)停机状态,2,2025-09-16 16:46:32,2025-09-16 16:46:35,3,0
474,L18,#30,GW252/13600,(1)停机过程,1,2025-09-16 16:45:37,2025-09-16 16:46:32,55,0.02
475,L18,#30,GW252/13600,(5)发电状态,5,2025-09-16 16:19:40,2025-09-16 16:45:37,1557,0.43
476,L18,#30,GW252/13600,(4)启机状态,4,2025-09-16 16:15:32,2025-09-16 16:19:40,248,0.07
477,L18,#30,GW252/13600,(3)待机状态,3,2025-09-16 16:13:26,2025-09-16 16:15:32,126,0.04
478,L18,#30,GW252/13600,(2)停机状态,2,2025-09-16 16:12:58,2025-09-16 16:13:26,28,0.01
479,L18,#30,GW252/13600,(1)停机过程,1,2025-09-16 16:12:02,2025-09-16 16:12:58,56,0.02
480,L18,#30,GW252/13600,(5)发电状态,5,2025-09-16 15:27:50,2025-09-16 16:12:02,2652,0.74
481,L18,#30,GW252/13600,(4)启机状态,4,2025-09-16 15:26:41,2025-09-16 15:27:50,69,0.02
482,L18,#30,GW252/13600,(3)待机状态,3,2025-09-16 14:47:55,2025-09-16 15:26:41,2326,0.65
483,L18,#30,GW252/13600,(2)停机状态,2,2025-09-16 14:43:11,2025-09-16 14:47:55,284,0.08
484,L18,#30,GW252/13600,(1)停机过程,1,2025-09-16 14:42:20,2025-09-16 14:43:11,51,0.01
485,L18,#30,GW252/13600,(4)启机状态,4,2025-09-16 14:37:20,2025-09-16 14:42:20,300,0.08
486,L18,#30,GW252/13600,(3)待机状态,3,2025-09-16 14:27:48,2025-09-16 14:37:20,572,0.16
487,L18,#30,GW252/13600,(2)停机状态,2,2025-09-16 14:23:46,2025-09-16 14:27:48,242,0.07
488,L18,#30,GW252/13600,(1)停机过程,1,2025-09-16 14:22:49,2025-09-16 14:23:46,57,0.02
489,L18,#30,GW252/13600,(5)发电状态,5,2025-09-15 14:55:58,2025-09-16 14:22:49,84411,23.45
490,L18,#30,GW252/13600,(4)启机状态,4,2025-09-15 14:51:55,2025-09-15 14:55:58,243,0.07
491,L18,#30,GW252/13600,(3)待机状态,3,2025-09-15 13:39:21,2025-09-15 14:51:55,4354,1.21
492,L18,#30,GW252/13600,(2)停机状态,2,2025-09-15 13:33:45,2025-09-15 13:39:21,336,0.09
493,L18,#30,GW252/13600,(1)停机过程,1,2025-09-15 13:32:50,2025-09-15 13:33:45,55,0.02
494,L18,#30,GW252/13600,(5)发电状态,5,2025-09-15 09:37:32,2025-09-15 13:32:50,14118,3.92
495,L18,#30,GW252/13600,(4)启机状态,4,2025-09-15 09:35:58,2025-09-15 09:37:32,94,0.03
496,L18,#30,GW252/13600,(3)待机状态,3,2025-09-15 00:13:57,2025-09-15 09:35:58,33721,9.37
497,L18,#30,GW252/13600,(2)停机状态,2,2025-09-14 23:37:17,2025-09-15 00:13:57,2200,0.61
498,L18,#30,GW252/13600,(1)停机过程,1,2025-09-14 23:36:21,2025-09-14 23:37:17,56,0.02
499,L18,#30,GW252/13600,(5)发电状态,5,2025-09-14 17:12:20,2025-09-14 23:36:21,23041,6.4
500,L18,#30,GW252/13600,(4)启机状态,4,2025-09-14 17:10:24,2025-09-14 17:12:20,116,0.03
501,L18,#30,GW252/13600,(3)待机状态,3,2025-09-14 13:54:44,2025-09-14 17:10:24,11740,3.26
502,L18,#30,GW252/13600,(2)停机状态,2,2025-09-14 13:53:27,2025-09-14 13:54:44,77,0.02
503,L18,#30,GW252/13600,(1)停机过程,1,2025-09-14 13:52:31,2025-09-14 13:53:27,56,0.02
504,L18,#30,GW252/13600,(5)发电状态,5,2025-09-14 06:51:15,2025-09-14 13:52:31,25276,7.02
505,L18,#30,GW252/13600,(4)启机状态,4,2025-09-14 06:49:35,2025-09-14 06:51:15,100,0.03
506,L18,#30,GW252/13600,(3)待机状态,3,2025-09-14 04:52:01,2025-09-14 06:49:35,7054,1.96
507,L18,#30,GW252/13600,(2)停机状态,2,2025-09-14 04:46:30,2025-09-14 04:52:01,331,0.09
508,L18,#30,GW252/13600,(1)停机过程,1,2025-09-14 04:45:36,2025-09-14 04:46:30,54,0.02
509,L18,#30,GW252/13600,(5)发电状态,5,2025-09-13 16:02:53,2025-09-14 04:45:36,45763,12.71
510,L18,#30,GW252/13600,(4)启机状态,4,2025-09-13 16:00:28,2025-09-13 16:02:53,145,0.04
511,L18,#30,GW252/13600,(3)待机状态,3,2025-09-13 15:42:31,2025-09-13 16:00:28,1077,0.3
512,L18,#30,GW252/13600,(2)停机状态,2,2025-09-13 15:40:19,2025-09-13 15:42:31,132,0.04
513,L18,#30,GW252/13600,(1)停机过程,1,2025-09-13 15:39:23,2025-09-13 15:40:19,56,0.02
514,L18,#30,GW252/13600,(5)发电状态,5,2025-09-13 13:53:01,2025-09-13 15:39:23,6382,1.77
515,L18,#30,GW252/13600,(4)启机状态,4,2025-09-13 13:51:07,2025-09-13 13:53:01,114,0.03
516,L18,#30,GW252/13600,(3)待机状态,3,2025-09-13 13:35:00,2025-09-13 13:51:07,967,0.27
517,L18,#30,GW252/13600,(2)停机状态,2,2025-09-13 13:33:43,2025-09-13 13:35:00,77,0.02
518,L18,#30,GW252/13600,(1)停机过程,1,2025-09-13 13:32:48,2025-09-13 13:33:43,55,0.02
519,L18,#30,GW252/13600,(5)发电状态,5,2025-09-13 03:12:08,2025-09-13 13:32:48,37240,10.34
520,L18,#30,GW252/13600,(4)启机状态,4,2025-09-13 03:10:21,2025-09-13 03:12:08,107,0.03
521,L18,#30,GW252/13600,(3)待机状态,3,2025-09-13 02:44:43,2025-09-13 03:10:21,1538,0.43
522,L18,#30,GW252/13600,(2)停机状态,2,2025-09-13 02:41:44,2025-09-13 02:44:43,179,0.05
523,L18,#30,GW252/13600,(1)停机过程,1,2025-09-13 02:40:49,2025-09-13 02:41:44,55,0.02
524,L18,#30,GW252/13600,(5)发电状态,5,2025-09-12 18:34:07,2025-09-13 02:40:49,29202,8.11
525,L18,#30,GW252/13600,(4)启机状态,4,2025-09-12 18:32:20,2025-09-12 18:34:07,107,0.03
526,L18,#30,GW252/13600,(3)待机状态,3,2025-09-12 18:20:51,2025-09-12 18:32:20,689,0.19
527,L18,#30,GW252/13600,(2)停机状态,2,2025-09-12 18:17:06,2025-09-12 18:20:51,225,0.06
528,L18,#30,GW252/13600,(1)停机过程,1,2025-09-12 18:16:10,2025-09-12 18:17:06,56,0.02
529,L18,#30,GW252/13600,(5)发电状态,5,2025-09-12 15:19:16,2025-09-12 18:16:10,10614,2.95
530,L18,#30,GW252/13600,(4)启机状态,4,2025-09-12 15:17:01,2025-09-12 15:19:16,135,0.04
531,L18,#30,GW252/13600,(3)待机状态,3,2025-09-12 05:39:29,2025-09-12 15:17:01,34652,9.63
532,L18,#30,GW252/13600,(2)停机状态,2,2025-09-12 05:37:16,2025-09-12 05:39:29,133,0.04
533,L18,#30,GW252/13600,(1)停机过程,1,2025-09-12 05:36:21,2025-09-12 05:37:16,55,0.02
534,L18,#30,GW252/13600,(5)发电状态,5,2025-09-11 14:59:52,2025-09-12 05:36:21,52589,14.61
535,L18,#30,GW252/13600,(4)启机状态,4,2025-09-11 14:57:49,2025-09-11 14:59:52,123,0.03
536,L18,#30,GW252/13600,(3)待机状态,3,2025-09-11 11:19:01,2025-09-11 14:57:49,13128,3.65
537,L18,#30,GW252/13600,(2)停机状态,2,2025-09-11 11:18:35,2025-09-11 11:19:01,26,0.01
538,L18,#30,GW252/13600,(1)停机过程,1,2025-09-11 11:17:39,2025-09-11 11:18:35,56,0.02
539,L18,#30,GW252/13600,(5)发电状态,5,2025-09-11 09:36:32,2025-09-11 11:17:39,6067,1.69
540,L18,#30,GW252/13600,(4)启机状态,4,2025-09-11 09:34:35,2025-09-11 09:36:32,117,0.03
541,L18,#30,GW252/13600,(3)待机状态,3,2025-09-11 07:40:56,2025-09-11 09:34:35,6819,1.89
542,L18,#30,GW252/13600,(2)停机状态,2,2025-09-11 07:40:29,2025-09-11 07:40:56,27,0.01
543,L18,#30,GW252/13600,(1)停机过程,1,2025-09-11 07:39:33,2025-09-11 07:40:29,56,0.02
544,L18,#30,GW252/13600,(5)发电状态,5,2025-09-11 06:51:53,2025-09-11 07:39:33,2860,0.79
545,L18,#30,GW252/13600,(4)启机状态,4,2025-09-11 06:48:49,2025-09-11 06:51:53,184,0.05
546,L18,#30,GW252/13600,(3)待机状态,3,2025-09-11 06:11:24,2025-09-11 06:48:49,2245,0.62
547,L18,#30,GW252/13600,(2)停机状态,2,2025-09-11 06:11:18,2025-09-11 06:11:24,6,0
548,L18,#30,GW252/13600,(1)停机过程,1,2025-09-11 06:10:23,2025-09-11 06:11:18,55,0.02
549,L18,#30,GW252/13600,(5)发电状态,5,2025-09-11 06:01:18,2025-09-11 06:10:23,545,0.15
550,L18,#30,GW252/13600,(4)启机状态,4,2025-09-11 05:59:45,2025-09-11 06:01:18,93,0.03
551,L18,#30,GW252/13600,(3)待机状态,3,2025-09-11 04:21:31,2025-09-11 05:59:45,5894,1.64
552,L18,#30,GW252/13600,(2)停机状态,2,2025-09-11 04:15:54,2025-09-11 04:21:31,337,0.09
553,L18,#30,GW252/13600,(1)停机过程,1,2025-09-11 04:14:58,2025-09-11 04:15:54,56,0.02
554,L18,#30,GW252/13600,(5)发电状态,5,2025-09-11 01:35:53,2025-09-11 04:14:58,9545,2.65
555,L18,#30,GW252/13600,(4)启机状态,4,2025-09-11 01:34:16,2025-09-11 01:35:53,97,0.03
556,L18,#30,GW252/13600,(3)待机状态,3,2025-09-10 21:45:01,2025-09-11 01:34:16,13755,3.82
557,L18,#30,GW252/13600,(2)停机状态,2,2025-09-10 21:41:26,2025-09-10 21:45:01,215,0.06
558,L18,#30,GW252/13600,(1)停机过程,1,2025-09-10 21:40:30,2025-09-10 21:41:26,56,0.02
559,L18,#30,GW252/13600,(5)发电状态,5,2025-09-10 21:31:52,2025-09-10 21:40:30,518,0.14
560,L18,#30,GW252/13600,(4)启机状态,4,2025-09-10 21:29:23,2025-09-10 21:31:52,149,0.04
561,L18,#30,GW252/13600,(3)待机状态,3,2025-09-10 20:58:32,2025-09-10 21:29:23,1851,0.51
562,L18,#30,GW252/13600,(2)停机状态,2,2025-09-10 20:21:53,2025-09-10 20:58:32,2199,0.61
563,L18,#30,GW252/13600,(1)停机过程,1,2025-09-10 20:20:56,2025-09-10 20:21:53,57,0.02
564,L18,#30,GW252/13600,(5)发电状态,5,2025-09-07 12:27:30,2025-09-10 20:20:56,287606,79.89
565,L18,#30,GW252/13600,(4)启机状态,4,2025-09-07 12:26:46,2025-09-07 12:27:30,44,0.01
566,L18,#30,GW252/13600,(3)待机状态,3,2025-09-07 12:25:49,2025-09-07 12:26:46,57,0.02
567,L18,#30,GW252/13600,(2)停机状态,2,2025-09-07 12:25:48,2025-09-07 12:25:49,1,0
568,L18,#30,GW252/13600,(1)停机过程,1,2025-09-07 12:24:55,2025-09-07 12:25:48,53,0.01
569,L18,#30,GW252/13600,(5)发电状态,5,2025-09-07 04:08:23,2025-09-07 12:24:55,29792,8.28
570,L18,#30,GW252/13600,(4)启机状态,4,2025-09-07 04:06:06,2025-09-07 04:08:23,137,0.04
571,L18,#30,GW252/13600,(3)待机状态,3,2025-09-06 13:36:52,2025-09-07 04:06:06,52154,14.49
572,L18,#30,GW252/13600,(2)停机状态,2,2025-09-06 13:35:44,2025-09-06 13:36:52,68,0.02
573,L18,#30,GW252/13600,(1)停机过程,1,2025-09-06 13:34:48,2025-09-06 13:35:44,56,0.02
574,L18,#30,GW252/13600,(5)发电状态,5,2025-09-06 11:34:19,2025-09-06 13:34:48,7229,2.01
575,L18,#30,GW252/13600,(4)启机状态,4,2025-09-06 11:32:03,2025-09-06 11:34:19,136,0.04
576,L18,#30,GW252/13600,(3)待机状态,3,2025-09-06 04:17:22,2025-09-06 11:32:03,26081,7.24
577,L18,#30,GW252/13600,(2)停机状态,2,2025-09-06 03:40:41,2025-09-06 04:17:22,2201,0.61
578,L18,#30,GW252/13600,(1)停机过程,1,2025-09-06 03:39:45,2025-09-06 03:40:41,56,0.02
579,L18,#30,GW252/13600,(5)发电状态,5,2025-09-06 02:35:11,2025-09-06 03:39:45,3874,1.08
580,L18,#30,GW252/13600,(4)启机状态,4,2025-09-06 02:33:34,2025-09-06 02:35:11,97,0.03
581,L18,#30,GW252/13600,(3)待机状态,3,2025-09-06 00:12:41,2025-09-06 02:33:34,8453,2.35
582,L18,#30,GW252/13600,(2)停机状态,2,2025-09-06 00:12:06,2025-09-06 00:12:41,35,0.01
583,L18,#30,GW252/13600,(1)停机过程,1,2025-09-06 00:11:11,2025-09-06 00:12:06,55,0.02
584,L18,#30,GW252/13600,(5)发电状态,5,2025-09-05 23:35:13,2025-09-06 00:11:11,2158,0.6
585,L18,#30,GW252/13600,(4)启机状态,4,2025-09-05 23:33:05,2025-09-05 23:35:13,128,0.04
586,L18,#30,GW252/13600,(3)待机状态,3,2025-09-05 23:08:52,2025-09-05 23:33:05,1453,0.4
587,L18,#30,GW252/13600,(2)停机状态,2,2025-09-05 22:32:13,2025-09-05 23:08:52,2199,0.61
588,L18,#30,GW252/13600,(1)停机过程,1,2025-09-05 22:31:17,2025-09-05 22:32:13,56,0.02
589,L18,#30,GW252/13600,(5)发电状态,5,2025-09-05 17:14:45,2025-09-05 22:31:17,18992,5.28
590,L18,#30,GW252/13600,(4)启机状态,4,2025-09-05 17:12:53,2025-09-05 17:14:45,112,0.03
591,L18,#30,GW252/13600,(3)待机状态,3,2025-09-05 04:22:54,2025-09-05 17:12:53,46199,12.83
592,L18,#30,GW252/13600,(2)停机状态,2,2025-09-05 03:46:14,2025-09-05 04:22:54,2200,0.61
593,L18,#30,GW252/13600,(1)停机过程,1,2025-09-05 03:45:18,2025-09-05 03:46:14,56,0.02
594,L18,#30,GW252/13600,(5)发电状态,5,2025-09-04 18:06:37,2025-09-05 03:45:18,34721,9.64
595,L18,#30,GW252/13600,(4)启机状态,4,2025-09-04 18:04:39,2025-09-04 18:06:37,118,0.03
596,L18,#30,GW252/13600,(3)待机状态,3,2025-09-04 15:32:59,2025-09-04 18:04:39,9100,2.53
597,L18,#30,GW252/13600,(2)停机状态,2,2025-09-04 15:27:23,2025-09-04 15:32:59,336,0.09
598,L18,#30,GW252/13600,(1)停机过程,1,2025-09-04 15:27:12,2025-09-04 15:27:23,11,0
599,L18,#30,GW252/13600,(2)停机状态,2,2025-09-04 15:24:54,2025-09-04 15:27:12,138,0.04
600,L18,#30,GW252/13600,(1)停机过程,1,2025-09-04 15:24:44,2025-09-04 15:24:54,10,0
601,L18,#30,GW252/13600,(2)停机状态,2,2025-09-04 15:21:52,2025-09-04 15:24:44,172,0.05
602,L18,#30,GW252/13600,(1)停机过程,1,2025-09-04 15:21:41,2025-09-04 15:21:52,11,0
603,L18,#30,GW252/13600,(2)停机状态,2,2025-09-04 15:17:57,2025-09-04 15:21:41,224,0.06
604,L18,#30,GW252/13600,(1)停机过程,1,2025-09-04 15:17:47,2025-09-04 15:17:57,10,0
605,L18,#30,GW252/13600,(2)停机状态,2,2025-09-04 15:15:51,2025-09-04 15:17:47,116,0.03
606,L18,#30,GW252/13600,(1)停机过程,1,2025-09-04 15:15:41,2025-09-04 15:15:51,10,0
607,L18,#30,GW252/13600,(2)停机状态,2,2025-09-04 15:15:35,2025-09-04 15:15:41,6,0
608,L18,#30,GW252/13600,(1)停机过程,1,2025-09-04 15:15:24,2025-09-04 15:15:35,11,0
609,L18,#30,GW252/13600,(2)停机状态,2,2025-09-04 15:15:22,2025-09-04 15:15:24,2,0
610,L18,#30,GW252/13600,(1)停机过程,1,2025-09-04 15:15:10,2025-09-04 15:15:22,12,0
611,L18,#30,GW252/13600,(2)停机状态,2,2025-09-04 15:14:41,2025-09-04 15:15:10,29,0.01
612,L18,#30,GW252/13600,(1)停机过程,1,2025-09-04 15:14:29,2025-09-04 15:14:41,12,0
613,L18,#30,GW252/13600,(9)维护状态,9,2025-09-02 22:47:17,2025-09-04 15:14:29,145632,40.45
614,L18,#30,GW252/13600,(2)停机状态,2,2025-09-02 22:43:42,2025-09-02 22:47:17,215,0.06
615,L18,#30,GW252/13600,(1)停机过程,1,2025-09-02 22:43:32,2025-09-02 22:43:42,10,0
616,L18,#30,GW252/13600,(9)维护状态,9,2025-09-01 17:09:59,2025-09-02 22:43:32,106413,29.56
617,L18,#30,GW252/13600,(1)停机过程,1,2025-09-01 17:09:51,2025-09-01 17:09:59,8,0
618,L18,#30,GW252/13600,(9)维护状态,9,2025-09-01 16:19:14,2025-09-01 17:09:51,3037,0.84
619,L18,#30,GW252/13600,(2)停机状态,2,2025-09-01 16:19:11,2025-09-01 16:19:14,3,0
620,L18,#30,GW252/13600,(9)维护状态,9,2025-09-01 14:09:13,2025-09-01 16:19:11,7798,2.17
621,L18,#30,GW252/13600,(2)停机状态,2,2025-09-01 14:00:07,2025-09-01 14:09:13,546,0.15
622,L18,#30,GW252/13600,(1)停机过程,1,2025-09-01 13:59:57,2025-09-01 14:00:07,10,0
623,L18,#30,GW252/13600,(9)维护状态,9,2025-09-01 11:28:06,2025-09-01 13:59:57,9111,2.53
624,L18,#30,GW252/13600,(2)停机状态,2,2025-09-01 11:16:12,2025-09-01 11:28:06,714,0.2
625,L18,#30,GW252/13600,(1)停机过程,1,2025-09-01 11:15:12,2025-09-01 11:16:12,60,0.02
626,L18,#30,GW252/13600,(5)发电状态,5,2025-09-01 07:31:30,2025-09-01 11:15:12,13422,3.73
627,L18,#30,GW252/13600,(4)启机状态,4,2025-09-01 07:28:32,2025-09-01 07:31:30,178,0.05
628,L18,#30,GW252/13600,(3)待机状态,3,2025-09-01 07:23:06,2025-09-01 07:28:32,326,0.09
629,L18,#30,GW252/13600,(2)停机状态,2,2025-09-01 07:19:27,2025-09-01 07:23:06,219,0.06
630,L18,#30,GW252/13600,(1)停机过程,1,2025-09-01 07:18:31,2025-09-01 07:19:27,56,0.02
631,L18,#30,GW252/13600,(5)发电状态,5,2025-09-01 06:28:17,2025-09-01 07:18:31,3014,0.84
632,L18,#30,GW252/13600,(4)启机状态,4,2025-09-01 06:26:27,2025-09-01 06:28:17,110,0.03
633,L18,#30,GW252/13600,(3)待机状态,3,2025-09-01 06:09:05,2025-09-01 06:26:27,1042,0.29
634,L18,#30,GW252/13600,(2)停机状态,2,2025-09-01 06:02:22,2025-09-01 06:09:05,403,0.11
635,L18,#30,GW252/13600,(1)停机过程,1,2025-09-01 06:01:28,2025-09-01 06:02:22,54,0.02
636,L18,#30,GW252/13600,(5)发电状态,5,2025-08-31 06:00:52,2025-09-01 06:01:28,86436,24.01
637,L18,#30,GW252/13600,(4)启机状态,4,2025-08-31 05:59:56,2025-08-31 06:00:52,56,0.02
638,L18,#30,GW252/13600,(3)待机状态,3,2025-08-31 05:59:10,2025-08-31 05:59:56,46,0.01
639,L18,#30,GW252/13600,(2)停机状态,2,2025-08-31 05:59:07,2025-08-31 05:59:10,3,0
640,L18,#30,GW252/13600,(1)停机过程,1,2025-08-31 05:58:56,2025-08-31 05:59:07,11,0
641,L18,#30,GW252/13600,(9)维护状态,9,2025-08-31 05:58:23,2025-08-31 05:58:56,33,0.01
642,L18,#30,GW252/13600,(2)停机状态,2,2025-08-31 05:52:21,2025-08-31 05:58:23,362,0.1
643,L18,#30,GW252/13600,(1)停机过程,1,2025-08-31 05:52:17,2025-08-31 05:52:21,4,0
644,L18,#30,GW252/13600,(9)维护状态,9,2025-08-31 05:48:57,2025-08-31 05:52:17,200,0.06
645,L18,#30,GW252/13600,(1)停机过程,1,2025-08-31 05:47:42,2025-08-31 05:48:57,75,0.02
646,L18,#30,GW252/13600,(5)发电状态,5,2025-08-27 19:52:52,2025-08-31 05:47:42,294890,81.91
647,L18,#30,GW252/13600,(4)启机状态,4,2025-08-27 19:48:13,2025-08-27 19:52:52,279,0.08
648,L18,#30,GW252/13600,(3)待机状态,3,2025-08-27 19:47:08,2025-08-27 19:48:13,65,0.02
649,L18,#30,GW252/13600,(2)停机状态,2,2025-08-27 19:47:06,2025-08-27 19:47:08,2,0
650,L18,#30,GW252/13600,(1)停机过程,1,2025-08-27 19:46:34,2025-08-27 19:47:06,32,0.01
651,L18,#30,GW252/13600,(4)启机状态,4,2025-08-27 19:41:35,2025-08-27 19:46:34,299,0.08
652,L18,#30,GW252/13600,(3)待机状态,3,2025-08-27 19:40:29,2025-08-27 19:41:35,66,0.02
653,L18,#30,GW252/13600,(2)停机状态,2,2025-08-27 19:40:26,2025-08-27 19:40:29,3,0
654,L18,#30,GW252/13600,(1)停机过程,1,2025-08-27 19:39:55,2025-08-27 19:40:26,31,0.01
655,L18,#30,GW252/13600,(4)启机状态,4,2025-08-27 19:34:55,2025-08-27 19:39:55,300,0.08
656,L18,#30,GW252/13600,(3)待机状态,3,2025-08-27 19:33:45,2025-08-27 19:34:55,70,0.02
657,L18,#30,GW252/13600,(2)停机状态,2,2025-08-27 19:33:44,2025-08-27 19:33:45,1,0
658,L18,#30,GW252/13600,(1)停机过程,1,2025-08-27 19:33:13,2025-08-27 19:33:44,31,0.01
659,L18,#30,GW252/13600,(4)启机状态,4,2025-08-27 19:28:13,2025-08-27 19:33:13,300,0.08
660,L18,#30,GW252/13600,(3)待机状态,3,2025-08-27 19:27:12,2025-08-27 19:28:13,61,0.02
661,L18,#30,GW252/13600,(1)停机过程,1,2025-08-27 19:26:40,2025-08-27 19:27:12,32,0.01
662,L18,#30,GW252/13600,(4)启机状态,4,2025-08-27 19:21:40,2025-08-27 19:26:40,300,0.08
663,L18,#30,GW252/13600,(3)待机状态,3,2025-08-27 19:20:33,2025-08-27 19:21:40,67,0.02
664,L18,#30,GW252/13600,(2)停机状态,2,2025-08-27 19:20:32,2025-08-27 19:20:33,1,0
665,L18,#30,GW252/13600,(1)停机过程,1,2025-08-27 19:20:00,2025-08-27 19:20:32,32,0.01
666,L18,#30,GW252/13600,(4)启机状态,4,2025-08-27 19:15:00,2025-08-27 19:20:00,300,0.08
667,L18,#30,GW252/13600,(3)待机状态,3,2025-08-27 19:12:54,2025-08-27 19:15:00,126,0.04
668,L18,#30,GW252/13600,(2)停机状态,2,2025-08-27 19:12:53,2025-08-27 19:12:54,1,0
669,L18,#30,GW252/13600,(1)停机过程,1,2025-08-27 19:12:22,2025-08-27 19:12:53,31,0.01
670,L18,#30,GW252/13600,(4)启机状态,4,2025-08-27 19:07:22,2025-08-27 19:12:22,300,0.08
671,L18,#30,GW252/13600,(3)待机状态,3,2025-08-27 19:04:27,2025-08-27 19:07:22,175,0.05
672,L18,#30,GW252/13600,(2)停机状态,2,2025-08-27 18:51:57,2025-08-27 19:04:27,750,0.21
673,L18,#30,GW252/13600,(1)停机过程,1,2025-08-27 18:51:26,2025-08-27 18:51:57,31,0.01
674,L18,#30,GW252/13600,(3)待机状态,3,2025-08-27 13:26:53,2025-08-27 18:51:26,19473,5.41
675,L18,#30,GW252/13600,(2)停机状态,2,2025-08-27 13:26:52,2025-08-27 13:26:53,1,0
676,L18,#30,GW252/13600,(1)停机过程,1,2025-08-27 13:26:21,2025-08-27 13:26:52,31,0.01
677,L18,#30,GW252/13600,(4)启机状态,4,2025-08-27 13:21:21,2025-08-27 13:26:21,300,0.08
678,L18,#30,GW252/13600,(3)待机状态,3,2025-08-27 13:15:55,2025-08-27 13:21:21,326,0.09
679,L18,#30,GW252/13600,(2)停机状态,2,2025-08-27 13:15:53,2025-08-27 13:15:55,2,0
680,L18,#30,GW252/13600,(1)停机过程,1,2025-08-27 13:15:23,2025-08-27 13:15:53,30,0.01
681,L18,#30,GW252/13600,(4)启机状态,4,2025-08-27 13:10:22,2025-08-27 13:15:23,301,0.08
682,L18,#30,GW252/13600,(3)待机状态,3,2025-08-27 12:51:30,2025-08-27 13:10:22,1132,0.31
683,L18,#30,GW252/13600,(2)停机状态,2,2025-08-27 12:51:28,2025-08-27 12:51:30,2,0
684,L18,#30,GW252/13600,(1)停机过程,1,2025-08-27 12:50:56,2025-08-27 12:51:28,32,0.01
685,L18,#30,GW252/13600,(4)启机状态,4,2025-08-27 12:45:56,2025-08-27 12:50:56,300,0.08
686,L18,#30,GW252/13600,(3)待机状态,3,2025-08-27 12:40:42,2025-08-27 12:45:56,314,0.09
687,L18,#30,GW252/13600,(2)停机状态,2,2025-08-27 12:40:39,2025-08-27 12:40:42,3,0
688,L18,#30,GW252/13600,(1)停机过程,1,2025-08-27 12:40:09,2025-08-27 12:40:39,30,0.01
689,L18,#30,GW252/13600,(4)启机状态,4,2025-08-27 12:35:08,2025-08-27 12:40:09,301,0.08
690,L18,#30,GW252/13600,(3)待机状态,3,2025-08-27 12:33:41,2025-08-27 12:35:08,87,0.02
691,L18,#30,GW252/13600,(2)停机状态,2,2025-08-27 12:33:40,2025-08-27 12:33:41,1,0
692,L18,#30,GW252/13600,(1)停机过程,1,2025-08-27 12:33:09,2025-08-27 12:33:40,31,0.01
693,L18,#30,GW252/13600,(4)启机状态,4,2025-08-27 12:28:10,2025-08-27 12:33:09,299,0.08
694,L18,#30,GW252/13600,(3)待机状态,3,2025-08-27 12:26:59,2025-08-27 12:28:10,71,0.02
695,L18,#30,GW252/13600,(2)停机状态,2,2025-08-27 12:26:57,2025-08-27 12:26:59,2,0
696,L18,#30,GW252/13600,(1)停机过程,1,2025-08-27 12:26:25,2025-08-27 12:26:57,32,0.01
697,L18,#30,GW252/13600,(4)启机状态,4,2025-08-27 12:21:25,2025-08-27 12:26:25,300,0.08
698,L18,#30,GW252/13600,(3)待机状态,3,2025-08-27 12:17:06,2025-08-27 12:21:25,259,0.07
699,L18,#30,GW252/13600,(1)停机过程,1,2025-08-27 12:16:33,2025-08-27 12:17:06,33,0.01
700,L18,#30,GW252/13600,(4)启机状态,4,2025-08-27 12:11:33,2025-08-27 12:16:33,300,0.08
701,L18,#30,GW252/13600,(3)待机状态,3,2025-08-27 12:02:43,2025-08-27 12:11:33,530,0.15
702,L18,#30,GW252/13600,(2)停机状态,2,2025-08-27 12:01:52,2025-08-27 12:02:43,51,0.01
703,L18,#30,GW252/13600,(1)停机过程,1,2025-08-27 12:01:21,2025-08-27 12:01:52,31,0.01
704,L18,#30,GW252/13600,(4)启机状态,4,2025-08-27 11:56:20,2025-08-27 12:01:21,301,0.08
705,L18,#30,GW252/13600,(3)待机状态,3,2025-08-27 11:55:08,2025-08-27 11:56:20,72,0.02
706,L18,#30,GW252/13600,(1)停机过程,1,2025-08-27 11:54:36,2025-08-27 11:55:08,32,0.01
707,L18,#30,GW252/13600,(4)启机状态,4,2025-08-27 11:49:37,2025-08-27 11:54:36,299,0.08
708,L18,#30,GW252/13600,(3)待机状态,3,2025-08-27 11:47:50,2025-08-27 11:49:37,107,0.03
709,L18,#30,GW252/13600,(2)停机状态,2,2025-08-27 11:47:49,2025-08-27 11:47:50,1,0
710,L18,#30,GW252/13600,(1)停机过程,1,2025-08-27 11:47:17,2025-08-27 11:47:49,32,0.01
711,L18,#30,GW252/13600,(4)启机状态,4,2025-08-27 11:42:18,2025-08-27 11:47:17,299,0.08
712,L18,#30,GW252/13600,(3)待机状态,3,2025-08-27 11:05:32,2025-08-27 11:42:18,2206,0.61
713,L18,#30,GW252/13600,(2)停机状态,2,2025-08-27 11:05:31,2025-08-27 11:05:32,1,0
714,L18,#30,GW252/13600,(1)停机过程,1,2025-08-27 11:04:58,2025-08-27 11:05:31,33,0.01
715,L18,#30,GW252/13600,(4)启机状态,4,2025-08-27 10:59:59,2025-08-27 11:04:58,299,0.08
716,L18,#30,GW252/13600,(3)待机状态,3,2025-08-27 10:58:09,2025-08-27 10:59:59,110,0.03
717,L18,#30,GW252/13600,(2)停机状态,2,2025-08-27 10:58:08,2025-08-27 10:58:09,1,0
718,L18,#30,GW252/13600,(1)停机过程,1,2025-08-27 10:57:37,2025-08-27 10:58:08,31,0.01
719,L18,#30,GW252/13600,(4)启机状态,4,2025-08-27 10:52:37,2025-08-27 10:57:37,300,0.08
720,L18,#30,GW252/13600,(3)待机状态,3,2025-08-27 10:42:57,2025-08-27 10:52:37,580,0.16
721,L18,#30,GW252/13600,(2)停机状态,2,2025-08-27 10:42:56,2025-08-27 10:42:57,1,0
722,L18,#30,GW252/13600,(1)停机过程,1,2025-08-27 10:42:23,2025-08-27 10:42:56,33,0.01
723,L18,#30,GW252/13600,(4)启机状态,4,2025-08-27 10:37:23,2025-08-27 10:42:23,300,0.08
724,L18,#30,GW252/13600,(3)待机状态,3,2025-08-27 10:35:39,2025-08-27 10:37:23,104,0.03
725,L18,#30,GW252/13600,(1)停机过程,1,2025-08-27 10:35:06,2025-08-27 10:35:39,33,0.01
726,L18,#30,GW252/13600,(4)启机状态,4,2025-08-27 10:30:06,2025-08-27 10:35:06,300,0.08
727,L18,#30,GW252/13600,(3)待机状态,3,2025-08-27 10:28:53,2025-08-27 10:30:06,73,0.02
728,L18,#30,GW252/13600,(2)停机状态,2,2025-08-27 10:28:52,2025-08-27 10:28:53,1,0
729,L18,#30,GW252/13600,(1)停机过程,1,2025-08-27 10:28:22,2025-08-27 10:28:52,30,0.01
730,L18,#30,GW252/13600,(4)启机状态,4,2025-08-27 10:23:22,2025-08-27 10:28:22,300,0.08
731,L18,#30,GW252/13600,(3)待机状态,3,2025-08-27 10:22:19,2025-08-27 10:23:22,63,0.02
732,L18,#30,GW252/13600,(2)停机状态,2,2025-08-27 10:22:17,2025-08-27 10:22:19,2,0
733,L18,#30,GW252/13600,(1)停机过程,1,2025-08-27 10:21:45,2025-08-27 10:22:17,32,0.01
734,L18,#30,GW252/13600,(4)启机状态,4,2025-08-27 10:16:44,2025-08-27 10:21:45,301,0.08
735,L18,#30,GW252/13600,(3)待机状态,3,2025-08-27 10:15:31,2025-08-27 10:16:44,73,0.02
736,L18,#30,GW252/13600,(2)停机状态,2,2025-08-27 10:15:29,2025-08-27 10:15:31,2,0
737,L18,#30,GW252/13600,(1)停机过程,1,2025-08-27 10:14:58,2025-08-27 10:15:29,31,0.01
738,L18,#30,GW252/13600,(4)启机状态,4,2025-08-27 10:09:58,2025-08-27 10:14:58,300,0.08
739,L18,#30,GW252/13600,(3)待机状态,3,2025-08-27 10:07:34,2025-08-27 10:09:58,144,0.04
740,L18,#30,GW252/13600,(2)停机状态,2,2025-08-27 10:07:33,2025-08-27 10:07:34,1,0
741,L18,#30,GW252/13600,(1)停机过程,1,2025-08-27 10:07:00,2025-08-27 10:07:33,33,0.01
742,L18,#30,GW252/13600,(4)启机状态,4,2025-08-27 10:02:00,2025-08-27 10:07:00,300,0.08
743,L18,#30,GW252/13600,(3)待机状态,3,2025-08-27 09:49:05,2025-08-27 10:02:00,775,0.22
744,L18,#30,GW252/13600,(1)停机过程,1,2025-08-27 09:48:33,2025-08-27 09:49:05,32,0.01
745,L18,#30,GW252/13600,(4)启机状态,4,2025-08-27 09:43:33,2025-08-27 09:48:33,300,0.08
746,L18,#30,GW252/13600,(3)待机状态,3,2025-08-27 09:40:57,2025-08-27 09:43:33,156,0.04
747,L18,#30,GW252/13600,(2)停机状态,2,2025-08-27 09:39:18,2025-08-27 09:40:57,99,0.03
748,L18,#30,GW252/13600,(1)停机过程,1,2025-08-27 09:38:47,2025-08-27 09:39:18,31,0.01
749,L18,#30,GW252/13600,(4)启机状态,4,2025-08-27 09:33:47,2025-08-27 09:38:47,300,0.08
750,L18,#30,GW252/13600,(3)待机状态,3,2025-08-27 09:32:26,2025-08-27 09:33:47,81,0.02
751,L18,#30,GW252/13600,(2)停机状态,2,2025-08-27 09:32:24,2025-08-27 09:32:26,2,0
752,L18,#30,GW252/13600,(1)停机过程,1,2025-08-27 09:31:53,2025-08-27 09:32:24,31,0.01
753,L18,#30,GW252/13600,(4)启机状态,4,2025-08-27 09:26:53,2025-08-27 09:31:53,300,0.08
754,L18,#30,GW252/13600,(3)待机状态,3,2025-08-27 09:01:58,2025-08-27 09:26:53,1495,0.42
755,L18,#30,GW252/13600,(2)停机状态,2,2025-08-27 09:01:57,2025-08-27 09:01:58,1,0
756,L18,#30,GW252/13600,(1)停机过程,1,2025-08-27 09:01:25,2025-08-27 09:01:57,32,0.01
757,L18,#30,GW252/13600,(4)启机状态,4,2025-08-27 08:56:25,2025-08-27 09:01:25,300,0.08
758,L18,#30,GW252/13600,(3)待机状态,3,2025-08-27 08:55:04,2025-08-27 08:56:25,81,0.02
759,L18,#30,GW252/13600,(2)停机状态,2,2025-08-27 08:55:02,2025-08-27 08:55:04,2,0
760,L18,#30,GW252/13600,(1)停机过程,1,2025-08-27 08:54:32,2025-08-27 08:55:02,30,0.01
761,L18,#30,GW252/13600,(4)启机状态,4,2025-08-27 08:49:31,2025-08-27 08:54:32,301,0.08
762,L18,#30,GW252/13600,(3)待机状态,3,2025-08-27 08:46:19,2025-08-27 08:49:31,192,0.05
763,L18,#30,GW252/13600,(2)停机状态,2,2025-08-27 08:46:17,2025-08-27 08:46:19,2,0
764,L18,#30,GW252/13600,(1)停机过程,1,2025-08-27 08:45:45,2025-08-27 08:46:17,32,0.01
765,L18,#30,GW252/13600,(4)启机状态,4,2025-08-27 08:40:45,2025-08-27 08:45:45,300,0.08
766,L18,#30,GW252/13600,(3)待机状态,3,2025-08-27 08:34:32,2025-08-27 08:40:45,373,0.1
767,L18,#30,GW252/13600,(2)停机状态,2,2025-08-27 08:34:30,2025-08-27 08:34:32,2,0
768,L18,#30,GW252/13600,(1)停机过程,1,2025-08-27 08:34:00,2025-08-27 08:34:30,30,0.01
769,L18,#30,GW252/13600,(4)启机状态,4,2025-08-27 08:28:59,2025-08-27 08:34:00,301,0.08
770,L18,#30,GW252/13600,(3)待机状态,3,2025-08-27 08:27:37,2025-08-27 08:28:59,82,0.02
771,L18,#30,GW252/13600,(2)停机状态,2,2025-08-27 08:27:35,2025-08-27 08:27:37,2,0
772,L18,#30,GW252/13600,(1)停机过程,1,2025-08-27 08:27:04,2025-08-27 08:27:35,31,0.01
773,L18,#30,GW252/13600,(4)启机状态,4,2025-08-27 08:22:03,2025-08-27 08:27:04,301,0.08
774,L18,#30,GW252/13600,(3)待机状态,3,2025-08-27 08:20:51,2025-08-27 08:22:03,72,0.02
775,L18,#30,GW252/13600,(2)停机状态,2,2025-08-27 08:20:49,2025-08-27 08:20:51,2,0
776,L18,#30,GW252/13600,(1)停机过程,1,2025-08-27 08:20:18,2025-08-27 08:20:49,31,0.01
777,L18,#30,GW252/13600,(4)启机状态,4,2025-08-27 08:15:17,2025-08-27 08:20:18,301,0.08
778,L18,#30,GW252/13600,(3)待机状态,3,2025-08-27 08:13:57,2025-08-27 08:15:17,80,0.02
779,L18,#30,GW252/13600,(1)停机过程,1,2025-08-27 08:13:26,2025-08-27 08:13:57,31,0.01
780,L18,#30,GW252/13600,(4)启机状态,4,2025-08-27 08:08:25,2025-08-27 08:13:26,301,0.08
781,L18,#30,GW252/13600,(3)待机状态,3,2025-08-27 08:07:15,2025-08-27 08:08:25,70,0.02
782,L18,#30,GW252/13600,(2)停机状态,2,2025-08-27 08:07:14,2025-08-27 08:07:15,1,0
783,L18,#30,GW252/13600,(1)停机过程,1,2025-08-27 08:06:41,2025-08-27 08:07:14,33,0.01
784,L18,#30,GW252/13600,(4)启机状态,4,2025-08-27 08:01:41,2025-08-27 08:06:41,300,0.08
785,L18,#30,GW252/13600,(3)待机状态,3,2025-08-27 08:00:31,2025-08-27 08:01:41,70,0.02
786,L18,#30,GW252/13600,(2)停机状态,2,2025-08-27 08:00:25,2025-08-27 08:00:31,6,0
787,L18,#30,GW252/13600,(1)停机过程,1,2025-08-27 07:59:53,2025-08-27 08:00:25,32,0.01
788,L18,#30,GW252/13600,(4)启机状态,4,2025-08-27 07:54:53,2025-08-27 07:59:53,300,0.08
789,L18,#30,GW252/13600,(3)待机状态,3,2025-08-27 07:50:49,2025-08-27 07:54:53,244,0.07
790,L18,#30,GW252/13600,(2)停机状态,2,2025-08-27 07:50:21,2025-08-27 07:50:49,28,0.01
791,L18,#30,GW252/13600,(1)停机过程,1,2025-08-27 07:49:48,2025-08-27 07:50:21,33,0.01
792,L18,#30,GW252/13600,(4)启机状态,4,2025-08-27 07:44:48,2025-08-27 07:49:48,300,0.08
793,L18,#30,GW252/13600,(3)待机状态,3,2025-08-27 03:48:02,2025-08-27 07:44:48,14206,3.95
794,L18,#30,GW252/13600,(2)停机状态,2,2025-08-27 03:45:54,2025-08-27 03:48:02,128,0.04
795,L18,#30,GW252/13600,(1)停机过程,1,2025-08-27 03:45:24,2025-08-27 03:45:54,30,0.01
796,L18,#30,GW252/13600,(4)启机状态,4,2025-08-27 03:40:23,2025-08-27 03:45:24,301,0.08
797,L18,#30,GW252/13600,(3)待机状态,3,2025-08-27 03:32:52,2025-08-27 03:40:23,451,0.13
798,L18,#30,GW252/13600,(2)停机状态,2,2025-08-27 03:32:42,2025-08-27 03:32:52,10,0
799,L18,#30,GW252/13600,(1)停机过程,1,2025-08-27 03:32:11,2025-08-27 03:32:42,31,0.01
800,L18,#30,GW252/13600,(4)启机状态,4,2025-08-27 03:27:11,2025-08-27 03:32:11,300,0.08
801,L18,#30,GW252/13600,(3)待机状态,3,2025-08-27 03:11:33,2025-08-27 03:27:11,938,0.26
802,L18,#30,GW252/13600,(2)停机状态,2,2025-08-27 03:08:44,2025-08-27 03:11:33,169,0.05
803,L18,#30,GW252/13600,(1)停机过程,1,2025-08-27 03:07:48,2025-08-27 03:08:44,56,0.02
804,L18,#30,GW252/13600,(5)发电状态,5,2025-08-23 15:58:45,2025-08-27 03:07:48,299343,83.15
805,L18,#30,GW252/13600,(4)启机状态,4,2025-08-23 15:54:17,2025-08-23 15:58:45,268,0.07
806,L18,#30,GW252/13600,(3)待机状态,3,2025-08-23 15:53:20,2025-08-23 15:54:17,57,0.02
807,L18,#30,GW252/13600,(2)停机状态,2,2025-08-23 15:53:18,2025-08-23 15:53:20,2,0
808,L18,#30,GW252/13600,(1)停机过程,1,2025-08-23 15:52:46,2025-08-23 15:53:18,32,0.01
809,L18,#30,GW252/13600,(4)启机状态,4,2025-08-23 15:47:46,2025-08-23 15:52:46,300,0.08
810,L18,#30,GW252/13600,(3)待机状态,3,2025-08-23 15:46:01,2025-08-23 15:47:46,105,0.03
811,L18,#30,GW252/13600,(2)停机状态,2,2025-08-23 15:44:34,2025-08-23 15:46:01,87,0.02
812,L18,#30,GW252/13600,(1)停机过程,1,2025-08-23 15:43:37,2025-08-23 15:44:34,57,0.02
813,L18,#30,GW252/13600,(5)发电状态,5,2025-08-23 15:14:10,2025-08-23 15:43:37,1767,0.49
814,L18,#30,GW252/13600,(4)启机状态,4,2025-08-23 15:10:38,2025-08-23 15:14:10,212,0.06
815,L18,#30,GW252/13600,(3)待机状态,3,2025-08-23 15:09:36,2025-08-23 15:10:38,62,0.02
816,L18,#30,GW252/13600,(2)停机状态,2,2025-08-23 15:09:35,2025-08-23 15:09:36,1,0
817,L18,#30,GW252/13600,(1)停机过程,1,2025-08-23 15:09:03,2025-08-23 15:09:35,32,0.01
818,L18,#30,GW252/13600,(4)启机状态,4,2025-08-23 15:04:03,2025-08-23 15:09:03,300,0.08
819,L18,#30,GW252/13600,(3)待机状态,3,2025-08-23 15:02:50,2025-08-23 15:04:03,73,0.02
820,L18,#30,GW252/13600,(2)停机状态,2,2025-08-23 15:02:49,2025-08-23 15:02:50,1,0
821,L18,#30,GW252/13600,(1)停机过程,1,2025-08-23 15:02:17,2025-08-23 15:02:49,32,0.01
822,L18,#30,GW252/13600,(4)启机状态,4,2025-08-23 14:57:18,2025-08-23 15:02:17,299,0.08
823,L18,#30,GW252/13600,(3)待机状态,3,2025-08-23 14:55:45,2025-08-23 14:57:18,93,0.03
824,L18,#30,GW252/13600,(2)停机状态,2,2025-08-23 14:53:12,2025-08-23 14:55:45,153,0.04
825,L18,#30,GW252/13600,(1)停机过程,1,2025-08-23 14:52:14,2025-08-23 14:53:12,58,0.02
826,L18,#30,GW252/13600,(5)发电状态,5,2025-08-23 11:29:59,2025-08-23 14:52:14,12135,3.37
827,L18,#30,GW252/13600,(4)启机状态,4,2025-08-23 11:25:28,2025-08-23 11:29:59,271,0.08
828,L18,#30,GW252/13600,(3)待机状态,3,2025-08-23 11:24:26,2025-08-23 11:25:28,62,0.02
829,L18,#30,GW252/13600,(2)停机状态,2,2025-08-23 11:24:25,2025-08-23 11:24:26,1,0
830,L18,#30,GW252/13600,(1)停机过程,1,2025-08-23 11:23:54,2025-08-23 11:24:25,31,0.01
831,L18,#30,GW252/13600,(4)启机状态,4,2025-08-23 11:18:54,2025-08-23 11:23:54,300,0.08
832,L18,#30,GW252/13600,(3)待机状态,3,2025-08-23 11:16:39,2025-08-23 11:18:54,135,0.04
833,L18,#30,GW252/13600,(2)停机状态,2,2025-08-23 11:10:56,2025-08-23 11:16:39,343,0.1
834,L18,#30,GW252/13600,(1)停机过程,1,2025-08-23 11:10:24,2025-08-23 11:10:56,32,0.01
835,L18,#30,GW252/13600,(4)启机状态,4,2025-08-23 11:05:24,2025-08-23 11:10:24,300,0.08
836,L18,#30,GW252/13600,(3)待机状态,3,2025-08-23 11:04:13,2025-08-23 11:05:24,71,0.02
837,L18,#30,GW252/13600,(2)停机状态,2,2025-08-23 08:08:46,2025-08-23 11:04:13,10527,2.92
838,L18,#30,GW252/13600,(1)停机过程,1,2025-08-23 08:08:36,2025-08-23 08:08:46,10,0
839,L18,#30,GW252/13600,(9)维护状态,9,2025-08-23 08:07:29,2025-08-23 08:08:36,67,0.02
840,L18,#30,GW252/13600,(2)停机状态,2,2025-08-23 08:06:45,2025-08-23 08:07:29,44,0.01
841,L18,#30,GW252/13600,(1)停机过程,1,2025-08-23 08:06:35,2025-08-23 08:06:45,10,0
842,L18,#30,GW252/13600,(9)维护状态,9,2025-08-21 14:05:46,2025-08-23 08:06:35,151249,42.01
843,L18,#30,GW252/13600,(2)停机状态,2,2025-08-21 12:45:15,2025-08-21 14:05:46,4831,1.34
844,L18,#30,GW252/13600,(1)停机过程,1,2025-08-21 12:44:15,2025-08-21 12:45:15,60,0.02
845,L18,#30,GW252/13600,(5)发电状态,5,2025-08-15 14:18:13,2025-08-21 12:44:15,512762,142.43
846,L18,#30,GW252/13600,(4)启机状态,4,2025-08-15 14:14:13,2025-08-15 14:18:13,240,0.07
847,L18,#30,GW252/13600,(3)待机状态,3,2025-08-15 14:13:07,2025-08-15 14:14:13,66,0.02
848,L18,#30,GW252/13600,(1)停机过程,1,2025-08-15 14:12:34,2025-08-15 14:13:07,33,0.01
849,L18,#30,GW252/13600,(4)启机状态,4,2025-08-15 14:07:35,2025-08-15 14:12:34,299,0.08
850,L18,#30,GW252/13600,(3)待机状态,3,2025-08-15 13:58:59,2025-08-15 14:07:35,516,0.14
851,L18,#30,GW252/13600,(2)停机状态,2,2025-08-15 13:58:50,2025-08-15 13:58:59,9,0
852,L18,#30,GW252/13600,(1)停机过程,1,2025-08-15 13:57:54,2025-08-15 13:58:50,56,0.02
853,L18,#30,GW252/13600,(5)发电状态,5,2025-08-15 13:47:32,2025-08-15 13:57:54,622,0.17
854,L18,#30,GW252/13600,(4)启机状态,4,2025-08-15 13:43:46,2025-08-15 13:47:32,226,0.06
855,L18,#30,GW252/13600,(3)待机状态,3,2025-08-15 13:42:14,2025-08-15 13:43:46,92,0.03
856,L18,#30,GW252/13600,(2)停机状态,2,2025-08-15 13:42:13,2025-08-15 13:42:14,1,0
857,L18,#30,GW252/13600,(1)停机过程,1,2025-08-15 13:41:41,2025-08-15 13:42:13,32,0.01
858,L18,#30,GW252/13600,(4)启机状态,4,2025-08-15 13:36:41,2025-08-15 13:41:41,300,0.08
859,L18,#30,GW252/13600,(3)待机状态,3,2025-08-15 13:33:05,2025-08-15 13:36:41,216,0.06
860,L18,#30,GW252/13600,(2)停机状态,2,2025-08-15 13:29:27,2025-08-15 13:33:05,218,0.06
861,L18,#30,GW252/13600,(1)停机过程,1,2025-08-15 13:28:30,2025-08-15 13:29:27,57,0.02
862,L18,#30,GW252/13600,(5)发电状态,5,2025-08-15 08:24:09,2025-08-15 13:28:30,18261,5.07
863,L18,#30,GW252/13600,(4)启机状态,4,2025-08-15 08:22:55,2025-08-15 08:24:09,74,0.02
864,L18,#30,GW252/13600,(3)待机状态,3,2025-08-15 08:22:05,2025-08-15 08:22:55,50,0.01
865,L18,#30,GW252/13600,(2)停机状态,2,2025-08-15 07:42:21,2025-08-15 08:22:05,2384,0.66
866,L18,#30,GW252/13600,(1)停机过程,1,2025-08-15 07:41:25,2025-08-15 07:42:21,56,0.02
867,L18,#30,GW252/13600,(5)发电状态,5,2025-08-15 05:37:40,2025-08-15 07:41:25,7425,2.06
868,L18,#30,GW252/13600,(4)启机状态,4,2025-08-15 05:33:14,2025-08-15 05:37:40,266,0.07
869,L18,#30,GW252/13600,(3)待机状态,3,2025-08-15 05:28:44,2025-08-15 05:33:14,270,0.08
870,L18,#30,GW252/13600,(2)停机状态,2,2025-08-15 05:28:42,2025-08-15 05:28:44,2,0
871,L18,#30,GW252/13600,(1)停机过程,1,2025-08-15 05:28:11,2025-08-15 05:28:42,31,0.01
872,L18,#30,GW252/13600,(3)待机状态,3,2025-08-15 04:34:15,2025-08-15 05:28:11,3236,0.9
873,L18,#30,GW252/13600,(2)停机状态,2,2025-08-15 04:34:13,2025-08-15 04:34:15,2,0
874,L18,#30,GW252/13600,(1)停机过程,1,2025-08-15 04:33:42,2025-08-15 04:34:13,31,0.01
875,L18,#30,GW252/13600,(4)启机状态,4,2025-08-15 04:28:42,2025-08-15 04:33:42,300,0.08
876,L18,#30,GW252/13600,(3)待机状态,3,2025-08-15 04:23:06,2025-08-15 04:28:42,336,0.09
877,L18,#30,GW252/13600,(2)停机状态,2,2025-08-15 04:17:28,2025-08-15 04:23:06,338,0.09
878,L18,#30,GW252/13600,(1)停机过程,1,2025-08-15 04:16:32,2025-08-15 04:17:28,56,0.02
879,L18,#30,GW252/13600,(5)发电状态,5,2025-08-14 16:35:02,2025-08-15 04:16:32,42090,11.69
880,L18,#30,GW252/13600,(4)启机状态,4,2025-08-14 16:33:06,2025-08-14 16:35:02,116,0.03
881,L18,#30,GW252/13600,(3)待机状态,3,2025-08-14 16:32:10,2025-08-14 16:33:06,56,0.02
882,L18,#30,GW252/13600,(2)停机状态,2,2025-08-14 16:32:09,2025-08-14 16:32:10,1,0
883,L18,#30,GW252/13600,(1)停机过程,1,2025-08-14 16:31:14,2025-08-14 16:32:09,55,0.02
884,L18,#30,GW252/13600,(4)启机状态,4,2025-08-14 16:26:13,2025-08-14 16:31:14,301,0.08
885,L18,#30,GW252/13600,(3)待机状态,3,2025-08-14 16:24:59,2025-08-14 16:26:13,74,0.02
886,L18,#30,GW252/13600,(2)停机状态,2,2025-08-14 16:24:58,2025-08-14 16:24:59,1,0
887,L18,#30,GW252/13600,(1)停机过程,1,2025-08-14 16:24:27,2025-08-14 16:24:58,31,0.01
888,L18,#30,GW252/13600,(4)启机状态,4,2025-08-14 16:19:26,2025-08-14 16:24:27,301,0.08
889,L18,#30,GW252/13600,(3)待机状态,3,2025-08-14 16:18:03,2025-08-14 16:19:26,83,0.02
890,L18,#30,GW252/13600,(2)停机状态,2,2025-08-14 16:12:49,2025-08-14 16:18:03,314,0.09
891,L18,#30,GW252/13600,(1)停机过程,1,2025-08-14 16:11:52,2025-08-14 16:12:49,57,0.02
892,L18,#30,GW252/13600,(5)发电状态,5,2025-08-14 01:25:43,2025-08-14 16:11:52,53169,14.77
893,L18,#30,GW252/13600,(4)启机状态,4,2025-08-14 01:24:29,2025-08-14 01:25:43,74,0.02
894,L18,#30,GW252/13600,(3)待机状态,3,2025-08-14 01:23:36,2025-08-14 01:24:29,53,0.01
895,L18,#30,GW252/13600,(2)停机状态,2,2025-08-14 01:23:34,2025-08-14 01:23:36,2,0
896,L18,#30,GW252/13600,(1)停机过程,1,2025-08-14 01:22:38,2025-08-14 01:23:34,56,0.02
897,L18,#30,GW252/13600,(4)启机状态,4,2025-08-14 01:17:38,2025-08-14 01:22:38,300,0.08
898,L18,#30,GW252/13600,(3)待机状态,3,2025-08-14 01:16:36,2025-08-14 01:17:38,62,0.02
899,L18,#30,GW252/13600,(2)停机状态,2,2025-08-14 01:16:35,2025-08-14 01:16:36,1,0
900,L18,#30,GW252/13600,(1)停机过程,1,2025-08-14 01:16:04,2025-08-14 01:16:35,31,0.01
901,L18,#30,GW252/13600,(4)启机状态,4,2025-08-14 01:11:03,2025-08-14 01:16:04,301,0.08
902,L18,#30,GW252/13600,(3)待机状态,3,2025-08-14 01:09:52,2025-08-14 01:11:03,71,0.02
903,L18,#30,GW252/13600,(2)停机状态,2,2025-08-14 01:09:51,2025-08-14 01:09:52,1,0
904,L18,#30,GW252/13600,(1)停机过程,1,2025-08-14 01:09:21,2025-08-14 01:09:51,30,0.01
905,L18,#30,GW252/13600,(4)启机状态,4,2025-08-14 01:04:21,2025-08-14 01:09:21,300,0.08
906,L18,#30,GW252/13600,(3)待机状态,3,2025-08-14 01:02:53,2025-08-14 01:04:21,88,0.02
907,L18,#30,GW252/13600,(2)停机状态,2,2025-08-14 01:02:52,2025-08-14 01:02:53,1,0
908,L18,#30,GW252/13600,(1)停机过程,1,2025-08-14 01:02:20,2025-08-14 01:02:52,32,0.01
909,L18,#30,GW252/13600,(4)启机状态,4,2025-08-14 00:57:20,2025-08-14 01:02:20,300,0.08
910,L18,#30,GW252/13600,(3)待机状态,3,2025-08-14 00:56:08,2025-08-14 00:57:20,72,0.02
911,L18,#30,GW252/13600,(2)停机状态,2,2025-08-14 00:56:06,2025-08-14 00:56:08,2,0
912,L18,#30,GW252/13600,(1)停机过程,1,2025-08-14 00:55:34,2025-08-14 00:56:06,32,0.01
913,L18,#30,GW252/13600,(4)启机状态,4,2025-08-14 00:50:34,2025-08-14 00:55:34,300,0.08
914,L18,#30,GW252/13600,(3)待机状态,3,2025-08-13 21:55:02,2025-08-14 00:50:34,10532,2.93
915,L18,#30,GW252/13600,(2)停机状态,2,2025-08-13 21:53:40,2025-08-13 21:55:02,82,0.02
916,L18,#30,GW252/13600,(1)停机过程,1,2025-08-13 21:52:43,2025-08-13 21:53:40,57,0.02
917,L18,#30,GW252/13600,(5)发电状态,5,2025-08-13 17:30:40,2025-08-13 21:52:43,15723,4.37
918,L18,#30,GW252/13600,(4)启机状态,4,2025-08-13 17:28:33,2025-08-13 17:30:40,127,0.04
919,L18,#30,GW252/13600,(3)待机状态,3,2025-08-13 17:27:28,2025-08-13 17:28:33,65,0.02
920,L18,#30,GW252/13600,(2)停机状态,2,2025-08-13 17:27:26,2025-08-13 17:27:28,2,0
921,L18,#30,GW252/13600,(1)停机过程,1,2025-08-13 17:26:56,2025-08-13 17:27:26,30,0.01
922,L18,#30,GW252/13600,(4)启机状态,4,2025-08-13 17:21:56,2025-08-13 17:26:56,300,0.08
923,L18,#30,GW252/13600,(3)待机状态,3,2025-08-13 17:20:49,2025-08-13 17:21:56,67,0.02
924,L18,#30,GW252/13600,(2)停机状态,2,2025-08-13 17:20:48,2025-08-13 17:20:49,1,0
925,L18,#30,GW252/13600,(1)停机过程,1,2025-08-13 17:20:15,2025-08-13 17:20:48,33,0.01
926,L18,#30,GW252/13600,(4)启机状态,4,2025-08-13 17:15:15,2025-08-13 17:20:15,300,0.08
927,L18,#30,GW252/13600,(3)待机状态,3,2025-08-13 17:13:59,2025-08-13 17:15:15,76,0.02
928,L18,#30,GW252/13600,(2)停机状态,2,2025-08-13 17:13:58,2025-08-13 17:13:59,1,0
929,L18,#30,GW252/13600,(1)停机过程,1,2025-08-13 17:13:27,2025-08-13 17:13:58,31,0.01
930,L18,#30,GW252/13600,(4)启机状态,4,2025-08-13 17:08:26,2025-08-13 17:13:27,301,0.08
931,L18,#30,GW252/13600,(3)待机状态,3,2025-08-13 17:07:29,2025-08-13 17:08:26,57,0.02
932,L18,#30,GW252/13600,(2)停机状态,2,2025-08-13 17:07:27,2025-08-13 17:07:29,2,0
933,L18,#30,GW252/13600,(1)停机过程,1,2025-08-13 17:06:54,2025-08-13 17:07:27,33,0.01
934,L18,#30,GW252/13600,(4)启机状态,4,2025-08-13 17:01:54,2025-08-13 17:06:54,300,0.08
935,L18,#30,GW252/13600,(3)待机状态,3,2025-08-13 16:50:41,2025-08-13 17:01:54,673,0.19
936,L18,#30,GW252/13600,(2)停机状态,2,2025-08-13 16:49:12,2025-08-13 16:50:41,89,0.02
937,L18,#30,GW252/13600,(1)停机过程,1,2025-08-13 16:48:39,2025-08-13 16:49:12,33,0.01
938,L18,#30,GW252/13600,(4)启机状态,4,2025-08-13 16:43:40,2025-08-13 16:48:39,299,0.08
939,L18,#30,GW252/13600,(3)待机状态,3,2025-08-13 16:42:18,2025-08-13 16:43:40,82,0.02
940,L18,#30,GW252/13600,(2)停机状态,2,2025-08-13 16:42:17,2025-08-13 16:42:18,1,0
941,L18,#30,GW252/13600,(1)停机过程,1,2025-08-13 16:41:45,2025-08-13 16:42:17,32,0.01
942,L18,#30,GW252/13600,(4)启机状态,4,2025-08-13 16:36:44,2025-08-13 16:41:45,301,0.08
943,L18,#30,GW252/13600,(3)待机状态,3,2025-08-13 16:33:55,2025-08-13 16:36:44,169,0.05
944,L18,#30,GW252/13600,(2)停机状态,2,2025-08-13 16:33:53,2025-08-13 16:33:55,2,0
945,L18,#30,GW252/13600,(1)停机过程,1,2025-08-13 16:33:22,2025-08-13 16:33:53,31,0.01
946,L18,#30,GW252/13600,(4)启机状态,4,2025-08-13 16:28:21,2025-08-13 16:33:22,301,0.08
947,L18,#30,GW252/13600,(3)待机状态,3,2025-08-13 14:36:21,2025-08-13 16:28:21,6720,1.87
948,L18,#30,GW252/13600,(2)停机状态,2,2025-08-13 14:36:17,2025-08-13 14:36:21,4,0
949,L18,#30,GW252/13600,(1)停机过程,1,2025-08-13 14:35:45,2025-08-13 14:36:17,32,0.01
950,L18,#30,GW252/13600,(4)启机状态,4,2025-08-13 14:30:45,2025-08-13 14:35:45,300,0.08
951,L18,#30,GW252/13600,(3)待机状态,3,2025-08-13 13:46:03,2025-08-13 14:30:45,2682,0.75
952,L18,#30,GW252/13600,(2)停机状态,2,2025-08-13 13:45:28,2025-08-13 13:46:03,35,0.01
953,L18,#30,GW252/13600,(1)停机过程,1,2025-08-13 13:44:58,2025-08-13 13:45:28,30,0.01
954,L18,#30,GW252/13600,(4)启机状态,4,2025-08-13 13:39:57,2025-08-13 13:44:58,301,0.08
955,L18,#30,GW252/13600,(3)待机状态,3,2025-08-13 13:20:17,2025-08-13 13:39:57,1180,0.33
956,L18,#30,GW252/13600,(2)停机状态,2,2025-08-13 13:20:16,2025-08-13 13:20:17,1,0
957,L18,#30,GW252/13600,(1)停机过程,1,2025-08-13 13:19:44,2025-08-13 13:20:16,32,0.01
958,L18,#30,GW252/13600,(4)启机状态,4,2025-08-13 13:14:45,2025-08-13 13:19:44,299,0.08
959,L18,#30,GW252/13600,(3)待机状态,3,2025-08-13 13:11:53,2025-08-13 13:14:45,172,0.05
960,L18,#30,GW252/13600,(1)停机过程,1,2025-08-13 13:11:21,2025-08-13 13:11:53,32,0.01
961,L18,#30,GW252/13600,(4)启机状态,4,2025-08-13 13:06:22,2025-08-13 13:11:21,299,0.08
962,L18,#30,GW252/13600,(3)待机状态,3,2025-08-13 13:04:23,2025-08-13 13:06:22,119,0.03
963,L18,#30,GW252/13600,(2)停机状态,2,2025-08-13 13:04:21,2025-08-13 13:04:23,2,0
964,L18,#30,GW252/13600,(1)停机过程,1,2025-08-13 13:03:50,2025-08-13 13:04:21,31,0.01
965,L18,#30,GW252/13600,(4)启机状态,4,2025-08-13 12:58:50,2025-08-13 13:03:50,300,0.08
966,L18,#30,GW252/13600,(3)待机状态,3,2025-08-13 12:57:55,2025-08-13 12:58:50,55,0.02
967,L18,#30,GW252/13600,(2)停机状态,2,2025-08-13 12:57:52,2025-08-13 12:57:55,3,0
968,L18,#30,GW252/13600,(1)停机过程,1,2025-08-13 12:57:20,2025-08-13 12:57:52,32,0.01
969,L18,#30,GW252/13600,(4)启机状态,4,2025-08-13 12:52:20,2025-08-13 12:57:20,300,0.08
970,L18,#30,GW252/13600,(3)待机状态,3,2025-08-13 12:51:06,2025-08-13 12:52:20,74,0.02
971,L18,#30,GW252/13600,(2)停机状态,2,2025-08-13 12:51:04,2025-08-13 12:51:06,2,0
972,L18,#30,GW252/13600,(1)停机过程,1,2025-08-13 12:50:33,2025-08-13 12:51:04,31,0.01
973,L18,#30,GW252/13600,(4)启机状态,4,2025-08-13 12:45:33,2025-08-13 12:50:33,300,0.08
974,L18,#30,GW252/13600,(3)待机状态,3,2025-08-13 12:43:29,2025-08-13 12:45:33,124,0.03
975,L18,#30,GW252/13600,(2)停机状态,2,2025-08-13 12:43:27,2025-08-13 12:43:29,2,0
976,L18,#30,GW252/13600,(1)停机过程,1,2025-08-13 12:42:56,2025-08-13 12:43:27,31,0.01
977,L18,#30,GW252/13600,(4)启机状态,4,2025-08-13 12:37:56,2025-08-13 12:42:56,300,0.08
978,L18,#30,GW252/13600,(3)待机状态,3,2025-08-13 12:36:41,2025-08-13 12:37:56,75,0.02
979,L18,#30,GW252/13600,(2)停机状态,2,2025-08-13 12:36:39,2025-08-13 12:36:41,2,0
980,L18,#30,GW252/13600,(1)停机过程,1,2025-08-13 12:36:08,2025-08-13 12:36:39,31,0.01
981,L18,#30,GW252/13600,(4)启机状态,4,2025-08-13 12:31:08,2025-08-13 12:36:08,300,0.08
982,L18,#30,GW252/13600,(3)待机状态,3,2025-08-13 12:29:49,2025-08-13 12:31:08,79,0.02
983,L18,#30,GW252/13600,(1)停机过程,1,2025-08-13 12:29:15,2025-08-13 12:29:49,34,0.01
984,L18,#30,GW252/13600,(4)启机状态,4,2025-08-13 12:24:15,2025-08-13 12:29:15,300,0.08
985,L18,#30,GW252/13600,(3)待机状态,3,2025-08-13 12:17:35,2025-08-13 12:24:15,400,0.11
986,L18,#30,GW252/13600,(2)停机状态,2,2025-08-13 12:14:26,2025-08-13 12:17:35,189,0.05
987,L18,#30,GW252/13600,(1)停机过程,1,2025-08-13 12:13:28,2025-08-13 12:14:26,58,0.02
988,L18,#30,GW252/13600,(5)发电状态,5,2025-08-13 11:45:38,2025-08-13 12:13:28,1670,0.46
989,L18,#30,GW252/13600,(4)启机状态,4,2025-08-13 11:41:56,2025-08-13 11:45:38,222,0.06
990,L18,#30,GW252/13600,(3)待机状态,3,2025-08-13 11:40:52,2025-08-13 11:41:56,64,0.02
991,L18,#30,GW252/13600,(2)停机状态,2,2025-08-13 11:40:50,2025-08-13 11:40:52,2,0
992,L18,#30,GW252/13600,(1)停机过程,1,2025-08-13 11:40:20,2025-08-13 11:40:50,30,0.01
993,L18,#30,GW252/13600,(4)启机状态,4,2025-08-13 11:35:20,2025-08-13 11:40:20,300,0.08
994,L18,#30,GW252/13600,(3)待机状态,3,2025-08-13 11:34:16,2025-08-13 11:35:20,64,0.02
995,L18,#30,GW252/13600,(2)停机状态,2,2025-08-13 11:34:15,2025-08-13 11:34:16,1,0
996,L18,#30,GW252/13600,(1)停机过程,1,2025-08-13 11:33:42,2025-08-13 11:34:15,33,0.01
997,L18,#30,GW252/13600,(4)启机状态,4,2025-08-13 11:28:42,2025-08-13 11:33:42,300,0.08
998,L18,#30,GW252/13600,(3)待机状态,3,2025-08-13 11:02:13,2025-08-13 11:28:42,1589,0.44
999,L18,#30,GW252/13600,(2)停机状态,2,2025-08-13 11:01:49,2025-08-13 11:02:13,24,0.01
1000,L18,#30,GW252/13600,(1)停机过程,1,2025-08-13 11:01:18,2025-08-13 11:01:49,31,0.01
1001,L18,#30,GW252/13600,(4)启机状态,4,2025-08-13 10:56:18,2025-08-13 11:01:18,300,0.08
1002,L18,#30,GW252/13600,(3)待机状态,3,2025-08-13 10:18:15,2025-08-13 10:56:18,2283,0.63
1003,L18,#30,GW252/13600,(2)停机状态,2,2025-08-13 10:15:44,2025-08-13 10:18:15,151,0.04
1004,L18,#30,GW252/13600,(1)停机过程,1,2025-08-13 10:15:13,2025-08-13 10:15:44,31,0.01
1005,L18,#30,GW252/13600,(4)启机状态,4,2025-08-13 10:10:13,2025-08-13 10:15:13,300,0.08
1006,L18,#30,GW252/13600,(3)待机状态,3,2025-08-13 10:07:26,2025-08-13 10:10:13,167,0.05
1007,L18,#30,GW252/13600,(2)停机状态,2,2025-08-13 10:07:24,2025-08-13 10:07:26,2,0
1008,L18,#30,GW252/13600,(1)停机过程,1,2025-08-13 10:06:53,2025-08-13 10:07:24,31,0.01
1009,L18,#30,GW252/13600,(4)启机状态,4,2025-08-13 10:01:53,2025-08-13 10:06:53,300,0.08
1010,L18,#30,GW252/13600,(3)待机状态,3,2025-08-13 09:56:29,2025-08-13 10:01:53,324,0.09
1011,L18,#30,GW252/13600,(2)停机状态,2,2025-08-13 09:56:28,2025-08-13 09:56:29,1,0
1012,L18,#30,GW252/13600,(1)停机过程,1,2025-08-13 09:55:56,2025-08-13 09:56:28,32,0.01
1013,L18,#30,GW252/13600,(4)启机状态,4,2025-08-13 09:50:56,2025-08-13 09:55:56,300,0.08
1014,L18,#30,GW252/13600,(3)待机状态,3,2025-08-13 09:49:46,2025-08-13 09:50:56,70,0.02
1015,L18,#30,GW252/13600,(2)停机状态,2,2025-08-13 09:49:45,2025-08-13 09:49:46,1,0
1016,L18,#30,GW252/13600,(1)停机过程,1,2025-08-13 09:49:13,2025-08-13 09:49:45,32,0.01
1017,L18,#30,GW252/13600,(4)启机状态,4,2025-08-13 09:44:13,2025-08-13 09:49:13,300,0.08
1018,L18,#30,GW252/13600,(3)待机状态,3,2025-08-13 09:42:47,2025-08-13 09:44:13,86,0.02
1019,L18,#30,GW252/13600,(2)停机状态,2,2025-08-13 09:42:40,2025-08-13 09:42:47,7,0
1020,L18,#30,GW252/13600,(1)停机过程,1,2025-08-13 09:42:09,2025-08-13 09:42:40,31,0.01
1021,L18,#30,GW252/13600,(4)启机状态,4,2025-08-13 09:37:08,2025-08-13 09:42:09,301,0.08
1022,L18,#30,GW252/13600,(3)待机状态,3,2025-08-13 09:31:32,2025-08-13 09:37:08,336,0.09
1023,L18,#30,GW252/13600,(2)停机状态,2,2025-08-13 09:31:30,2025-08-13 09:31:32,2,0
1024,L18,#30,GW252/13600,(1)停机过程,1,2025-08-13 09:30:58,2025-08-13 09:31:30,32,0.01
1025,L18,#30,GW252/13600,(4)启机状态,4,2025-08-13 09:25:58,2025-08-13 09:30:58,300,0.08
1026,L18,#30,GW252/13600,(3)待机状态,3,2025-08-13 09:23:01,2025-08-13 09:25:58,177,0.05
1027,L18,#30,GW252/13600,(2)停机状态,2,2025-08-13 09:23:00,2025-08-13 09:23:01,1,0
1028,L18,#30,GW252/13600,(1)停机过程,1,2025-08-13 09:22:28,2025-08-13 09:23:00,32,0.01
1029,L18,#30,GW252/13600,(4)启机状态,4,2025-08-13 09:17:28,2025-08-13 09:22:28,300,0.08
1030,L18,#30,GW252/13600,(3)待机状态,3,2025-08-13 09:14:29,2025-08-13 09:17:28,179,0.05
1031,L18,#30,GW252/13600,(2)停机状态,2,2025-08-13 09:14:27,2025-08-13 09:14:29,2,0
1032,L18,#30,GW252/13600,(1)停机过程,1,2025-08-13 09:13:54,2025-08-13 09:14:27,33,0.01
1033,L18,#30,GW252/13600,(4)启机状态,4,2025-08-13 09:08:54,2025-08-13 09:13:54,300,0.08
1034,L18,#30,GW252/13600,(3)待机状态,3,2025-08-13 09:07:32,2025-08-13 09:08:54,82,0.02
1035,L18,#30,GW252/13600,(2)停机状态,2,2025-08-13 09:05:51,2025-08-13 09:07:32,101,0.03
1036,L18,#30,GW252/13600,(1)停机过程,1,2025-08-13 09:05:20,2025-08-13 09:05:51,31,0.01
1037,L18,#30,GW252/13600,(4)启机状态,4,2025-08-13 09:00:19,2025-08-13 09:05:20,301,0.08
1038,L18,#30,GW252/13600,(3)待机状态,3,2025-08-13 08:56:34,2025-08-13 09:00:19,225,0.06
1039,L18,#30,GW252/13600,(2)停机状态,2,2025-08-13 08:56:32,2025-08-13 08:56:34,2,0
1040,L18,#30,GW252/13600,(1)停机过程,1,2025-08-13 08:56:00,2025-08-13 08:56:32,32,0.01
1041,L18,#30,GW252/13600,(4)启机状态,4,2025-08-13 08:51:00,2025-08-13 08:56:00,300,0.08
1042,L18,#30,GW252/13600,(3)待机状态,3,2025-08-13 08:42:30,2025-08-13 08:51:00,510,0.14
1043,L18,#30,GW252/13600,(2)停机状态,2,2025-08-13 08:42:20,2025-08-13 08:42:30,10,0
1044,L18,#30,GW252/13600,(1)停机过程,1,2025-08-13 08:41:49,2025-08-13 08:42:20,31,0.01
1045,L18,#30,GW252/13600,(4)启机状态,4,2025-08-13 08:36:49,2025-08-13 08:41:49,300,0.08
1046,L18,#30,GW252/13600,(3)待机状态,3,2025-08-13 08:31:52,2025-08-13 08:36:49,297,0.08
1047,L18,#30,GW252/13600,(2)停机状态,2,2025-08-13 08:31:42,2025-08-13 08:31:52,10,0
1048,L18,#30,GW252/13600,(1)停机过程,1,2025-08-13 08:31:11,2025-08-13 08:31:42,31,0.01
1049,L18,#30,GW252/13600,(4)启机状态,4,2025-08-13 08:26:12,2025-08-13 08:31:11,299,0.08
1050,L18,#30,GW252/13600,(3)待机状态,3,2025-08-13 08:25:09,2025-08-13 08:26:12,63,0.02
1051,L18,#30,GW252/13600,(2)停机状态,2,2025-08-13 08:25:06,2025-08-13 08:25:09,3,0
1052,L18,#30,GW252/13600,(1)停机过程,1,2025-08-13 08:24:11,2025-08-13 08:25:06,55,0.02
1053,L18,#30,GW252/13600,(4)启机状态,4,2025-08-13 08:19:11,2025-08-13 08:24:11,300,0.08
1054,L18,#30,GW252/13600,(3)待机状态,3,2025-08-13 08:18:11,2025-08-13 08:19:11,60,0.02
1055,L18,#30,GW252/13600,(2)停机状态,2,2025-08-13 08:18:10,2025-08-13 08:18:11,1,0
1056,L18,#30,GW252/13600,(1)停机过程,1,2025-08-13 08:17:40,2025-08-13 08:18:10,30,0.01
1057,L18,#30,GW252/13600,(4)启机状态,4,2025-08-13 08:12:40,2025-08-13 08:17:40,300,0.08
1058,L18,#30,GW252/13600,(3)待机状态,3,2025-08-13 08:11:31,2025-08-13 08:12:40,69,0.02
1059,L18,#30,GW252/13600,(1)停机过程,1,2025-08-13 08:10:58,2025-08-13 08:11:31,33,0.01
1060,L18,#30,GW252/13600,(4)启机状态,4,2025-08-13 08:05:58,2025-08-13 08:10:58,300,0.08
1061,L18,#30,GW252/13600,(3)待机状态,3,2025-08-13 08:04:56,2025-08-13 08:05:58,62,0.02
1062,L18,#30,GW252/13600,(2)停机状态,2,2025-08-13 08:04:55,2025-08-13 08:04:56,1,0
1063,L18,#30,GW252/13600,(1)停机过程,1,2025-08-13 08:04:24,2025-08-13 08:04:55,31,0.01
1064,L18,#30,GW252/13600,(4)启机状态,4,2025-08-13 07:59:24,2025-08-13 08:04:24,300,0.08
1065,L18,#30,GW252/13600,(3)待机状态,3,2025-08-13 07:58:08,2025-08-13 07:59:24,76,0.02
1066,L18,#30,GW252/13600,(2)停机状态,2,2025-08-13 07:58:07,2025-08-13 07:58:08,1,0
1067,L18,#30,GW252/13600,(1)停机过程,1,2025-08-13 07:57:35,2025-08-13 07:58:07,32,0.01
1068,L18,#30,GW252/13600,(4)启机状态,4,2025-08-13 07:52:35,2025-08-13 07:57:35,300,0.08
1069,L18,#30,GW252/13600,(3)待机状态,3,2025-08-13 07:48:34,2025-08-13 07:52:35,241,0.07
1070,L18,#30,GW252/13600,(2)停机状态,2,2025-08-13 07:48:33,2025-08-13 07:48:34,1,0
1071,L18,#30,GW252/13600,(1)停机过程,1,2025-08-13 07:48:00,2025-08-13 07:48:33,33,0.01
1072,L18,#30,GW252/13600,(4)启机状态,4,2025-08-13 07:43:00,2025-08-13 07:48:00,300,0.08
1073,L18,#30,GW252/13600,(3)待机状态,3,2025-08-13 07:27:46,2025-08-13 07:43:00,914,0.25
1074,L18,#30,GW252/13600,(1)停机过程,1,2025-08-13 07:27:13,2025-08-13 07:27:46,33,0.01
1075,L18,#30,GW252/13600,(4)启机状态,4,2025-08-13 07:22:14,2025-08-13 07:27:13,299,0.08
1076,L18,#30,GW252/13600,(3)待机状态,3,2025-08-13 07:14:05,2025-08-13 07:22:14,489,0.14
1077,L18,#30,GW252/13600,(2)停机状态,2,2025-08-13 07:13:59,2025-08-13 07:14:05,6,0
1078,L18,#30,GW252/13600,(1)停机过程,1,2025-08-13 07:13:28,2025-08-13 07:13:59,31,0.01
1079,L18,#30,GW252/13600,(4)启机状态,4,2025-08-13 07:08:28,2025-08-13 07:13:28,300,0.08
1080,L18,#30,GW252/13600,(3)待机状态,3,2025-08-13 06:57:48,2025-08-13 07:08:28,640,0.18
1081,L18,#30,GW252/13600,(2)停机状态,2,2025-08-13 06:56:49,2025-08-13 06:57:48,59,0.02
1082,L18,#30,GW252/13600,(1)停机过程,1,2025-08-13 06:55:51,2025-08-13 06:56:49,58,0.02
1083,L18,#30,GW252/13600,(5)发电状态,5,2025-08-12 15:20:27,2025-08-13 06:55:51,56124,15.59
1084,L18,#30,GW252/13600,(4)启机状态,4,2025-08-12 15:15:30,2025-08-12 15:20:27,297,0.08
1085,L18,#30,GW252/13600,(3)待机状态,3,2025-08-12 15:14:31,2025-08-12 15:15:30,59,0.02
1086,L18,#30,GW252/13600,(2)停机状态,2,2025-08-12 15:14:30,2025-08-12 15:14:31,1,0
1087,L18,#30,GW252/13600,(1)停机过程,1,2025-08-12 15:13:58,2025-08-12 15:14:30,32,0.01
1088,L18,#30,GW252/13600,(4)启机状态,4,2025-08-12 15:08:58,2025-08-12 15:13:58,300,0.08
1089,L18,#30,GW252/13600,(3)待机状态,3,2025-08-12 15:07:45,2025-08-12 15:08:58,73,0.02
1090,L18,#30,GW252/13600,(2)停机状态,2,2025-08-12 15:07:43,2025-08-12 15:07:45,2,0
1091,L18,#30,GW252/13600,(1)停机过程,1,2025-08-12 15:07:11,2025-08-12 15:07:43,32,0.01
1092,L18,#30,GW252/13600,(4)启机状态,4,2025-08-12 15:02:10,2025-08-12 15:07:11,301,0.08
1093,L18,#30,GW252/13600,(3)待机状态,3,2025-08-12 15:00:41,2025-08-12 15:02:10,89,0.02
1094,L18,#30,GW252/13600,(2)停机状态,2,2025-08-12 15:00:40,2025-08-12 15:00:41,1,0
1095,L18,#30,GW252/13600,(1)停机过程,1,2025-08-12 15:00:08,2025-08-12 15:00:40,32,0.01
1096,L18,#30,GW252/13600,(4)启机状态,4,2025-08-12 14:55:08,2025-08-12 15:00:08,300,0.08
1097,L18,#30,GW252/13600,(3)待机状态,3,2025-08-12 14:53:58,2025-08-12 14:55:08,70,0.02
1098,L18,#30,GW252/13600,(2)停机状态,2,2025-08-12 14:53:57,2025-08-12 14:53:58,1,0
1099,L18,#30,GW252/13600,(1)停机过程,1,2025-08-12 14:53:25,2025-08-12 14:53:57,32,0.01
1100,L18,#30,GW252/13600,(4)启机状态,4,2025-08-12 14:48:26,2025-08-12 14:53:25,299,0.08
1101,L18,#30,GW252/13600,(3)待机状态,3,2025-08-12 14:47:18,2025-08-12 14:48:26,68,0.02
1102,L18,#30,GW252/13600,(1)停机过程,1,2025-08-12 14:46:45,2025-08-12 14:47:18,33,0.01
1103,L18,#30,GW252/13600,(4)启机状态,4,2025-08-12 14:41:45,2025-08-12 14:46:45,300,0.08
1104,L18,#30,GW252/13600,(3)待机状态,3,2025-08-12 14:40:30,2025-08-12 14:41:45,75,0.02
1105,L18,#30,GW252/13600,(2)停机状态,2,2025-08-12 14:40:29,2025-08-12 14:40:30,1,0
1106,L18,#30,GW252/13600,(1)停机过程,1,2025-08-12 14:39:58,2025-08-12 14:40:29,31,0.01
1107,L18,#30,GW252/13600,(4)启机状态,4,2025-08-12 14:34:58,2025-08-12 14:39:58,300,0.08
1108,L18,#30,GW252/13600,(3)待机状态,3,2025-08-12 14:27:40,2025-08-12 14:34:58,438,0.12
1109,L18,#30,GW252/13600,(2)停机状态,2,2025-08-12 14:27:39,2025-08-12 14:27:40,1,0
1110,L18,#30,GW252/13600,(1)停机过程,1,2025-08-12 14:27:07,2025-08-12 14:27:39,32,0.01
1111,L18,#30,GW252/13600,(4)启机状态,4,2025-08-12 14:22:06,2025-08-12 14:27:07,301,0.08
1112,L18,#30,GW252/13600,(3)待机状态,3,2025-08-12 12:51:01,2025-08-12 14:22:06,5465,1.52
1113,L18,#30,GW252/13600,(2)停机状态,2,2025-08-12 12:51:00,2025-08-12 12:51:01,1,0
1114,L18,#30,GW252/13600,(1)停机过程,1,2025-08-12 12:50:27,2025-08-12 12:51:00,33,0.01
1115,L18,#30,GW252/13600,(4)启机状态,4,2025-08-12 12:45:27,2025-08-12 12:50:27,300,0.08
1116,L18,#30,GW252/13600,(3)待机状态,3,2025-08-12 12:39:31,2025-08-12 12:45:27,356,0.1
1117,L18,#30,GW252/13600,(2)停机状态,2,2025-08-12 12:39:30,2025-08-12 12:39:31,1,0
1118,L18,#30,GW252/13600,(1)停机过程,1,2025-08-12 12:38:57,2025-08-12 12:39:30,33,0.01
1119,L18,#30,GW252/13600,(4)启机状态,4,2025-08-12 12:33:59,2025-08-12 12:38:57,298,0.08
1120,L18,#30,GW252/13600,(3)待机状态,3,2025-08-12 12:27:22,2025-08-12 12:33:59,397,0.11
1121,L18,#30,GW252/13600,(2)停机状态,2,2025-08-12 12:24:41,2025-08-12 12:27:22,161,0.04
1122,L18,#30,GW252/13600,(1)停机过程,1,2025-08-12 12:23:43,2025-08-12 12:24:41,58,0.02
1123,L18,#30,GW252/13600,(5)发电状态,5,2025-08-12 11:25:11,2025-08-12 12:23:43,3512,0.98
1124,L18,#30,GW252/13600,(4)启机状态,4,2025-08-12 11:22:16,2025-08-12 11:25:11,175,0.05
1125,L18,#30,GW252/13600,(3)待机状态,3,2025-08-12 11:21:18,2025-08-12 11:22:16,58,0.02
1126,L18,#30,GW252/13600,(2)停机状态,2,2025-08-12 11:21:17,2025-08-12 11:21:18,1,0
1127,L18,#30,GW252/13600,(1)停机过程,1,2025-08-12 11:20:27,2025-08-12 11:21:17,50,0.01
1128,L18,#30,GW252/13600,(4)启机状态,4,2025-08-12 11:15:26,2025-08-12 11:20:27,301,0.08
1129,L18,#30,GW252/13600,(3)待机状态,3,2025-08-12 11:14:25,2025-08-12 11:15:26,61,0.02
1130,L18,#30,GW252/13600,(2)停机状态,2,2025-08-12 11:14:22,2025-08-12 11:14:25,3,0
1131,L18,#30,GW252/13600,(1)停机过程,1,2025-08-12 11:13:51,2025-08-12 11:14:22,31,0.01
1132,L18,#30,GW252/13600,(4)启机状态,4,2025-08-12 11:08:51,2025-08-12 11:13:51,300,0.08
1133,L18,#30,GW252/13600,(3)待机状态,3,2025-08-12 11:06:30,2025-08-12 11:08:51,141,0.04
1134,L18,#30,GW252/13600,(1)停机过程,1,2025-08-12 11:05:58,2025-08-12 11:06:30,32,0.01
1135,L18,#30,GW252/13600,(4)启机状态,4,2025-08-12 11:00:58,2025-08-12 11:05:58,300,0.08
1136,L18,#30,GW252/13600,(3)待机状态,3,2025-08-12 10:59:54,2025-08-12 11:00:58,64,0.02
1137,L18,#30,GW252/13600,(2)停机状态,2,2025-08-12 10:59:53,2025-08-12 10:59:54,1,0
1138,L18,#30,GW252/13600,(1)停机过程,1,2025-08-12 10:59:21,2025-08-12 10:59:53,32,0.01
1139,L18,#30,GW252/13600,(4)启机状态,4,2025-08-12 10:54:21,2025-08-12 10:59:21,300,0.08
1140,L18,#30,GW252/13600,(3)待机状态,3,2025-08-12 10:51:11,2025-08-12 10:54:21,190,0.05
1141,L18,#30,GW252/13600,(2)停机状态,2,2025-08-12 10:48:22,2025-08-12 10:51:11,169,0.05
1142,L18,#30,GW252/13600,(1)停机过程,1,2025-08-12 10:47:25,2025-08-12 10:48:22,57,0.02
1143,L18,#30,GW252/13600,(5)发电状态,5,2025-08-11 17:09:44,2025-08-12 10:47:25,63461,17.63
1144,L18,#30,GW252/13600,(4)启机状态,4,2025-08-11 17:06:44,2025-08-11 17:09:44,180,0.05
1145,L18,#30,GW252/13600,(3)待机状态,3,2025-08-11 17:05:48,2025-08-11 17:06:44,56,0.02
1146,L18,#30,GW252/13600,(2)停机状态,2,2025-08-11 17:05:47,2025-08-11 17:05:48,1,0
1147,L18,#30,GW252/13600,(1)停机过程,1,2025-08-11 17:05:15,2025-08-11 17:05:47,32,0.01
1148,L18,#30,GW252/13600,(4)启机状态,4,2025-08-11 17:00:15,2025-08-11 17:05:15,300,0.08
1149,L18,#30,GW252/13600,(3)待机状态,3,2025-08-11 16:59:08,2025-08-11 17:00:15,67,0.02
1150,L18,#30,GW252/13600,(2)停机状态,2,2025-08-11 16:59:05,2025-08-11 16:59:08,3,0
1151,L18,#30,GW252/13600,(1)停机过程,1,2025-08-11 16:58:34,2025-08-11 16:59:05,31,0.01
1152,L18,#30,GW252/13600,(4)启机状态,4,2025-08-11 16:53:35,2025-08-11 16:58:34,299,0.08
1153,L18,#30,GW252/13600,(3)待机状态,3,2025-08-11 16:52:05,2025-08-11 16:53:35,90,0.03
1154,L18,#30,GW252/13600,(2)停机状态,2,2025-08-11 16:52:04,2025-08-11 16:52:05,1,0
1155,L18,#30,GW252/13600,(1)停机过程,1,2025-08-11 16:51:33,2025-08-11 16:52:04,31,0.01
1156,L18,#30,GW252/13600,(4)启机状态,4,2025-08-11 16:46:33,2025-08-11 16:51:33,300,0.08
1157,L18,#30,GW252/13600,(3)待机状态,3,2025-08-11 16:41:36,2025-08-11 16:46:33,297,0.08
1158,L18,#30,GW252/13600,(2)停机状态,2,2025-08-11 16:41:35,2025-08-11 16:41:36,1,0
1159,L18,#30,GW252/13600,(1)停机过程,1,2025-08-11 16:41:02,2025-08-11 16:41:35,33,0.01
1160,L18,#30,GW252/13600,(4)启机状态,4,2025-08-11 16:36:02,2025-08-11 16:41:02,300,0.08
1161,L18,#30,GW252/13600,(3)待机状态,3,2025-08-11 16:33:03,2025-08-11 16:36:02,179,0.05
1162,L18,#30,GW252/13600,(1)停机过程,1,2025-08-11 16:32:30,2025-08-11 16:33:03,33,0.01
1163,L18,#30,GW252/13600,(4)启机状态,4,2025-08-11 16:27:30,2025-08-11 16:32:30,300,0.08
1164,L18,#30,GW252/13600,(3)待机状态,3,2025-08-11 16:26:27,2025-08-11 16:27:30,63,0.02
1165,L18,#30,GW252/13600,(2)停机状态,2,2025-08-11 16:26:26,2025-08-11 16:26:27,1,0
1166,L18,#30,GW252/13600,(1)停机过程,1,2025-08-11 16:25:55,2025-08-11 16:26:26,31,0.01
1167,L18,#30,GW252/13600,(4)启机状态,4,2025-08-11 16:20:56,2025-08-11 16:25:55,299,0.08
1168,L18,#30,GW252/13600,(3)待机状态,3,2025-08-11 16:14:52,2025-08-11 16:20:56,364,0.1
1169,L18,#30,GW252/13600,(2)停机状态,2,2025-08-11 16:14:50,2025-08-11 16:14:52,2,0
1170,L18,#30,GW252/13600,(1)停机过程,1,2025-08-11 16:14:17,2025-08-11 16:14:50,33,0.01
1171,L18,#30,GW252/13600,(4)启机状态,4,2025-08-11 16:09:17,2025-08-11 16:14:17,300,0.08
1172,L18,#30,GW252/13600,(3)待机状态,3,2025-08-11 10:26:19,2025-08-11 16:09:17,20578,5.72
1173,L18,#30,GW252/13600,(2)停机状态,2,2025-08-11 10:26:17,2025-08-11 10:26:19,2,0
1174,L18,#30,GW252/13600,(1)停机过程,1,2025-08-11 10:25:46,2025-08-11 10:26:17,31,0.01
1175,L18,#30,GW252/13600,(4)启机状态,4,2025-08-11 10:20:46,2025-08-11 10:25:46,300,0.08
1176,L18,#30,GW252/13600,(3)待机状态,3,2025-08-11 10:16:29,2025-08-11 10:20:46,257,0.07
1177,L18,#30,GW252/13600,(2)停机状态,2,2025-08-11 10:14:37,2025-08-11 10:16:29,112,0.03
1178,L18,#30,GW252/13600,(1)停机过程,1,2025-08-11 10:13:40,2025-08-11 10:14:37,57,0.02
1179,L18,#30,GW252/13600,(5)发电状态,5,2025-08-11 09:18:58,2025-08-11 10:13:40,3282,0.91
1180,L18,#30,GW252/13600,(4)启机状态,4,2025-08-11 09:15:28,2025-08-11 09:18:58,210,0.06
1181,L18,#30,GW252/13600,(3)待机状态,3,2025-08-11 09:14:25,2025-08-11 09:15:28,63,0.02
1182,L18,#30,GW252/13600,(2)停机状态,2,2025-08-11 09:14:23,2025-08-11 09:14:25,2,0
1183,L18,#30,GW252/13600,(1)停机过程,1,2025-08-11 09:13:50,2025-08-11 09:14:23,33,0.01
1184,L18,#30,GW252/13600,(4)启机状态,4,2025-08-11 09:08:50,2025-08-11 09:13:50,300,0.08
1185,L18,#30,GW252/13600,(3)待机状态,3,2025-08-11 09:07:47,2025-08-11 09:08:50,63,0.02
1186,L18,#30,GW252/13600,(2)停机状态,2,2025-08-11 09:07:46,2025-08-11 09:07:47,1,0
1187,L18,#30,GW252/13600,(1)停机过程,1,2025-08-11 09:07:16,2025-08-11 09:07:46,30,0.01
1188,L18,#30,GW252/13600,(4)启机状态,4,2025-08-11 09:02:16,2025-08-11 09:07:16,300,0.08
1189,L18,#30,GW252/13600,(3)待机状态,3,2025-08-11 09:01:04,2025-08-11 09:02:16,72,0.02
1190,L18,#30,GW252/13600,(2)停机状态,2,2025-08-11 09:01:02,2025-08-11 09:01:04,2,0
1191,L18,#30,GW252/13600,(1)停机过程,1,2025-08-11 09:00:29,2025-08-11 09:01:02,33,0.01
1192,L18,#30,GW252/13600,(4)启机状态,4,2025-08-11 08:55:30,2025-08-11 09:00:29,299,0.08
1193,L18,#30,GW252/13600,(3)待机状态,3,2025-08-11 08:54:18,2025-08-11 08:55:30,72,0.02
1194,L18,#30,GW252/13600,(2)停机状态,2,2025-08-11 08:54:17,2025-08-11 08:54:18,1,0
1195,L18,#30,GW252/13600,(1)停机过程,1,2025-08-11 08:53:45,2025-08-11 08:54:17,32,0.01
1196,L18,#30,GW252/13600,(4)启机状态,4,2025-08-11 08:48:45,2025-08-11 08:53:45,300,0.08
1197,L18,#30,GW252/13600,(3)待机状态,3,2025-08-11 08:47:27,2025-08-11 08:48:45,78,0.02
1198,L18,#30,GW252/13600,(1)停机过程,1,2025-08-11 08:46:55,2025-08-11 08:47:27,32,0.01
1199,L18,#30,GW252/13600,(4)启机状态,4,2025-08-11 08:41:55,2025-08-11 08:46:55,300,0.08
1200,L18,#30,GW252/13600,(3)待机状态,3,2025-08-11 08:40:33,2025-08-11 08:41:55,82,0.02
1201,L18,#30,GW252/13600,(2)停机状态,2,2025-08-11 08:40:08,2025-08-11 08:40:33,25,0.01
1202,L18,#30,GW252/13600,(1)停机过程,1,2025-08-11 08:39:36,2025-08-11 08:40:08,32,0.01
1203,L18,#30,GW252/13600,(4)启机状态,4,2025-08-11 08:34:36,2025-08-11 08:39:36,300,0.08
1204,L18,#30,GW252/13600,(3)待机状态,3,2025-08-11 08:27:47,2025-08-11 08:34:36,409,0.11
1205,L18,#30,GW252/13600,(2)停机状态,2,2025-08-11 08:26:34,2025-08-11 08:27:47,73,0.02
1206,L18,#30,GW252/13600,(1)停机过程,1,2025-08-11 08:26:03,2025-08-11 08:26:34,31,0.01
1207,L18,#30,GW252/13600,(4)启机状态,4,2025-08-11 08:21:03,2025-08-11 08:26:03,300,0.08
1208,L18,#30,GW252/13600,(3)待机状态,3,2025-08-11 08:19:48,2025-08-11 08:21:03,75,0.02
1209,L18,#30,GW252/13600,(2)停机状态,2,2025-08-11 08:19:46,2025-08-11 08:19:48,2,0
1210,L18,#30,GW252/13600,(1)停机过程,1,2025-08-11 08:19:14,2025-08-11 08:19:46,32,0.01
1211,L18,#30,GW252/13600,(4)启机状态,4,2025-08-11 08:14:14,2025-08-11 08:19:14,300,0.08
1212,L18,#30,GW252/13600,(3)待机状态,3,2025-08-11 08:06:30,2025-08-11 08:14:14,464,0.13
1213,L18,#30,GW252/13600,(2)停机状态,2,2025-08-11 08:06:29,2025-08-11 08:06:30,1,0
1214,L18,#30,GW252/13600,(1)停机过程,1,2025-08-11 08:05:57,2025-08-11 08:06:29,32,0.01
1215,L18,#30,GW252/13600,(4)启机状态,4,2025-08-11 08:00:57,2025-08-11 08:05:57,300,0.08
1216,L18,#30,GW252/13600,(3)待机状态,3,2025-08-11 07:18:18,2025-08-11 08:00:57,2559,0.71
1217,L18,#30,GW252/13600,(2)停机状态,2,2025-08-11 07:15:58,2025-08-11 07:18:18,140,0.04
1218,L18,#30,GW252/13600,(1)停机过程,1,2025-08-11 07:15:01,2025-08-11 07:15:58,57,0.02
1219,L18,#30,GW252/13600,(5)发电状态,5,2025-08-11 06:12:11,2025-08-11 07:15:01,3770,1.05
1220,L18,#30,GW252/13600,(4)启机状态,4,2025-08-11 06:09:43,2025-08-11 06:12:11,148,0.04
1221,L18,#30,GW252/13600,(3)待机状态,3,2025-08-11 06:08:44,2025-08-11 06:09:43,59,0.02
1222,L18,#30,GW252/13600,(1)停机过程,1,2025-08-11 06:08:11,2025-08-11 06:08:44,33,0.01
1223,L18,#30,GW252/13600,(4)启机状态,4,2025-08-11 06:03:11,2025-08-11 06:08:11,300,0.08
1224,L18,#30,GW252/13600,(3)待机状态,3,2025-08-11 06:01:27,2025-08-11 06:03:11,104,0.03
1225,L18,#30,GW252/13600,(2)停机状态,2,2025-08-11 06:01:25,2025-08-11 06:01:27,2,0
1226,L18,#30,GW252/13600,(1)停机过程,1,2025-08-11 06:00:53,2025-08-11 06:01:25,32,0.01
1227,L18,#30,GW252/13600,(4)启机状态,4,2025-08-11 05:55:52,2025-08-11 06:00:53,301,0.08
1228,L18,#30,GW252/13600,(3)待机状态,3,2025-08-11 05:54:35,2025-08-11 05:55:52,77,0.02
1229,L18,#30,GW252/13600,(2)停机状态,2,2025-08-11 05:53:28,2025-08-11 05:54:35,67,0.02
1230,L18,#30,GW252/13600,(1)停机过程,1,2025-08-11 05:52:57,2025-08-11 05:53:28,31,0.01
1231,L18,#30,GW252/13600,(4)启机状态,4,2025-08-11 05:47:57,2025-08-11 05:52:57,300,0.08
1232,L18,#30,GW252/13600,(3)待机状态,3,2025-08-11 05:41:47,2025-08-11 05:47:57,370,0.1
1233,L18,#30,GW252/13600,(2)停机状态,2,2025-08-11 05:41:46,2025-08-11 05:41:47,1,0
1234,L18,#30,GW252/13600,(1)停机过程,1,2025-08-11 05:41:13,2025-08-11 05:41:46,33,0.01
1235,L18,#30,GW252/13600,(4)启机状态,4,2025-08-11 05:36:14,2025-08-11 05:41:13,299,0.08
1236,L18,#30,GW252/13600,(3)待机状态,3,2025-08-11 05:31:43,2025-08-11 05:36:14,271,0.08
1237,L18,#30,GW252/13600,(2)停机状态,2,2025-08-11 05:28:25,2025-08-11 05:31:43,198,0.06
1238,L18,#30,GW252/13600,(1)停机过程,1,2025-08-11 05:27:28,2025-08-11 05:28:25,57,0.02
1239,L18,#30,GW252/13600,(5)发电状态,5,2025-08-10 17:53:06,2025-08-11 05:27:28,41662,11.57
1240,L18,#30,GW252/13600,(4)启机状态,4,2025-08-10 17:51:11,2025-08-10 17:53:06,115,0.03
1241,L18,#30,GW252/13600,(3)待机状态,3,2025-08-10 17:50:14,2025-08-10 17:51:11,57,0.02
1242,L18,#30,GW252/13600,(2)停机状态,2,2025-08-10 17:50:12,2025-08-10 17:50:14,2,0
1243,L18,#30,GW252/13600,(1)停机过程,1,2025-08-10 17:49:40,2025-08-10 17:50:12,32,0.01
1244,L18,#30,GW252/13600,(4)启机状态,4,2025-08-10 17:44:40,2025-08-10 17:49:40,300,0.08
1245,L18,#30,GW252/13600,(3)待机状态,3,2025-08-10 17:43:28,2025-08-10 17:44:40,72,0.02
1246,L18,#30,GW252/13600,(1)停机过程,1,2025-08-10 17:42:56,2025-08-10 17:43:28,32,0.01
1247,L18,#30,GW252/13600,(4)启机状态,4,2025-08-10 17:37:56,2025-08-10 17:42:56,300,0.08
1248,L18,#30,GW252/13600,(3)待机状态,3,2025-08-10 17:36:48,2025-08-10 17:37:56,68,0.02
1249,L18,#30,GW252/13600,(2)停机状态,2,2025-08-10 17:36:47,2025-08-10 17:36:48,1,0
1250,L18,#30,GW252/13600,(1)停机过程,1,2025-08-10 17:36:15,2025-08-10 17:36:47,32,0.01
1251,L18,#30,GW252/13600,(4)启机状态,4,2025-08-10 17:31:15,2025-08-10 17:36:15,300,0.08
1252,L18,#30,GW252/13600,(3)待机状态,3,2025-08-10 17:23:35,2025-08-10 17:31:15,460,0.13
1253,L18,#30,GW252/13600,(1)停机过程,1,2025-08-10 17:23:04,2025-08-10 17:23:35,31,0.01
1254,L18,#30,GW252/13600,(4)启机状态,4,2025-08-10 17:18:03,2025-08-10 17:23:04,301,0.08
1255,L18,#30,GW252/13600,(3)待机状态,3,2025-08-10 17:06:59,2025-08-10 17:18:03,664,0.18
1256,L18,#30,GW252/13600,(2)停机状态,2,2025-08-10 17:04:42,2025-08-10 17:06:59,137,0.04
1257,L18,#30,GW252/13600,(1)停机过程,1,2025-08-10 17:04:11,2025-08-10 17:04:42,31,0.01
1258,L18,#30,GW252/13600,(4)启机状态,4,2025-08-10 16:59:12,2025-08-10 17:04:11,299,0.08
1259,L18,#30,GW252/13600,(3)待机状态,3,2025-08-10 16:52:03,2025-08-10 16:59:12,429,0.12
1260,L18,#30,GW252/13600,(2)停机状态,2,2025-08-10 16:52:01,2025-08-10 16:52:03,2,0
1261,L18,#30,GW252/13600,(1)停机过程,1,2025-08-10 16:51:29,2025-08-10 16:52:01,32,0.01
1262,L18,#30,GW252/13600,(4)启机状态,4,2025-08-10 16:46:29,2025-08-10 16:51:29,300,0.08
1263,L18,#30,GW252/13600,(3)待机状态,3,2025-08-10 16:41:13,2025-08-10 16:46:29,316,0.09
1264,L18,#30,GW252/13600,(2)停机状态,2,2025-08-10 16:41:10,2025-08-10 16:41:13,3,0
1265,L18,#30,GW252/13600,(1)停机过程,1,2025-08-10 16:40:39,2025-08-10 16:41:10,31,0.01
1266,L18,#30,GW252/13600,(4)启机状态,4,2025-08-10 16:35:38,2025-08-10 16:40:39,301,0.08
1267,L18,#30,GW252/13600,(3)待机状态,3,2025-08-10 12:21:12,2025-08-10 16:35:38,15266,4.24
1268,L18,#30,GW252/13600,(2)停机状态,2,2025-08-10 12:21:11,2025-08-10 12:21:12,1,0
1269,L18,#30,GW252/13600,(1)停机过程,1,2025-08-10 12:20:38,2025-08-10 12:21:11,33,0.01
1270,L18,#30,GW252/13600,(4)启机状态,4,2025-08-10 12:15:38,2025-08-10 12:20:38,300,0.08
1271,L18,#30,GW252/13600,(3)待机状态,3,2025-08-10 12:14:31,2025-08-10 12:15:38,67,0.02
1272,L18,#30,GW252/13600,(2)停机状态,2,2025-08-10 12:14:30,2025-08-10 12:14:31,1,0
1273,L18,#30,GW252/13600,(1)停机过程,1,2025-08-10 12:13:59,2025-08-10 12:14:30,31,0.01
1274,L18,#30,GW252/13600,(4)启机状态,4,2025-08-10 12:08:58,2025-08-10 12:13:59,301,0.08
1275,L18,#30,GW252/13600,(3)待机状态,3,2025-08-10 12:07:55,2025-08-10 12:08:58,63,0.02
1276,L18,#30,GW252/13600,(2)停机状态,2,2025-08-10 12:07:53,2025-08-10 12:07:55,2,0
1277,L18,#30,GW252/13600,(1)停机过程,1,2025-08-10 12:07:20,2025-08-10 12:07:53,33,0.01
1278,L18,#30,GW252/13600,(4)启机状态,4,2025-08-10 12:02:20,2025-08-10 12:07:20,300,0.08
1279,L18,#30,GW252/13600,(3)待机状态,3,2025-08-10 12:01:10,2025-08-10 12:02:20,70,0.02
1280,L18,#30,GW252/13600,(2)停机状态,2,2025-08-10 12:01:09,2025-08-10 12:01:10,1,0
1281,L18,#30,GW252/13600,(1)停机过程,1,2025-08-10 12:00:38,2025-08-10 12:01:09,31,0.01
1282,L18,#30,GW252/13600,(4)启机状态,4,2025-08-10 11:55:36,2025-08-10 12:00:38,302,0.08
1283,L18,#30,GW252/13600,(3)待机状态,3,2025-08-10 11:54:28,2025-08-10 11:55:36,68,0.02
1284,L18,#30,GW252/13600,(1)停机过程,1,2025-08-10 11:53:55,2025-08-10 11:54:28,33,0.01
1285,L18,#30,GW252/13600,(4)启机状态,4,2025-08-10 11:48:55,2025-08-10 11:53:55,300,0.08
1286,L18,#30,GW252/13600,(3)待机状态,3,2025-08-10 11:47:48,2025-08-10 11:48:55,67,0.02
1287,L18,#30,GW252/13600,(2)停机状态,2,2025-08-10 11:47:46,2025-08-10 11:47:48,2,0
1288,L18,#30,GW252/13600,(1)停机过程,1,2025-08-10 11:47:15,2025-08-10 11:47:46,31,0.01
1289,L18,#30,GW252/13600,(4)启机状态,4,2025-08-10 11:42:14,2025-08-10 11:47:15,301,0.08
1290,L18,#30,GW252/13600,(3)待机状态,3,2025-08-10 07:14:15,2025-08-10 11:42:14,16079,4.47
1291,L18,#30,GW252/13600,(2)停机状态,2,2025-08-10 07:12:46,2025-08-10 07:14:15,89,0.02
1292,L18,#30,GW252/13600,(1)停机过程,1,2025-08-10 07:12:15,2025-08-10 07:12:46,31,0.01
1293,L18,#30,GW252/13600,(4)启机状态,4,2025-08-10 07:07:15,2025-08-10 07:12:15,300,0.08
1294,L18,#30,GW252/13600,(3)待机状态,3,2025-08-10 07:04:21,2025-08-10 07:07:15,174,0.05
1295,L18,#30,GW252/13600,(2)停机状态,2,2025-08-10 07:03:57,2025-08-10 07:04:21,24,0.01
1296,L18,#30,GW252/13600,(1)停机过程,1,2025-08-10 07:03:24,2025-08-10 07:03:57,33,0.01
1297,L18,#30,GW252/13600,(4)启机状态,4,2025-08-10 06:58:24,2025-08-10 07:03:24,300,0.08
1298,L18,#30,GW252/13600,(3)待机状态,3,2025-08-10 06:56:20,2025-08-10 06:58:24,124,0.03
1299,L18,#30,GW252/13600,(1)停机过程,1,2025-08-10 06:55:47,2025-08-10 06:56:20,33,0.01
1300,L18,#30,GW252/13600,(4)启机状态,4,2025-08-10 06:50:47,2025-08-10 06:55:47,300,0.08
1301,L18,#30,GW252/13600,(3)待机状态,3,2025-08-10 06:43:47,2025-08-10 06:50:47,420,0.12
1302,L18,#30,GW252/13600,(2)停机状态,2,2025-08-10 06:43:45,2025-08-10 06:43:47,2,0
1303,L18,#30,GW252/13600,(1)停机过程,1,2025-08-10 06:43:15,2025-08-10 06:43:45,30,0.01
1304,L18,#30,GW252/13600,(4)启机状态,4,2025-08-10 06:38:14,2025-08-10 06:43:15,301,0.08
1305,L18,#30,GW252/13600,(3)待机状态,3,2025-08-10 06:06:15,2025-08-10 06:38:14,1919,0.53
1306,L18,#30,GW252/13600,(2)停机状态,2,2025-08-10 06:04:58,2025-08-10 06:06:15,77,0.02
1307,L18,#30,GW252/13600,(1)停机过程,1,2025-08-10 06:04:27,2025-08-10 06:04:58,31,0.01
1308,L18,#30,GW252/13600,(4)启机状态,4,2025-08-10 05:59:27,2025-08-10 06:04:27,300,0.08
1309,L18,#30,GW252/13600,(3)待机状态,3,2025-08-10 05:58:01,2025-08-10 05:59:27,86,0.02
1310,L18,#30,GW252/13600,(2)停机状态,2,2025-08-10 05:57:57,2025-08-10 05:58:01,4,0
1311,L18,#30,GW252/13600,(1)停机过程,1,2025-08-10 05:57:25,2025-08-10 05:57:57,32,0.01
1312,L18,#30,GW252/13600,(4)启机状态,4,2025-08-10 05:52:25,2025-08-10 05:57:25,300,0.08
1313,L18,#30,GW252/13600,(3)待机状态,3,2025-08-10 05:46:49,2025-08-10 05:52:25,336,0.09
1314,L18,#30,GW252/13600,(2)停机状态,2,2025-08-10 05:45:27,2025-08-10 05:46:49,82,0.02
1315,L18,#30,GW252/13600,(1)停机过程,1,2025-08-10 05:44:29,2025-08-10 05:45:27,58,0.02
1316,L18,#30,GW252/13600,(5)发电状态,5,2025-08-09 16:06:59,2025-08-10 05:44:29,49050,13.63
1317,L18,#30,GW252/13600,(4)启机状态,4,2025-08-09 16:03:53,2025-08-09 16:06:59,186,0.05
1318,L18,#30,GW252/13600,(3)待机状态,3,2025-08-09 16:02:50,2025-08-09 16:03:53,63,0.02
1319,L18,#30,GW252/13600,(2)停机状态,2,2025-08-09 16:02:49,2025-08-09 16:02:50,1,0
1320,L18,#30,GW252/13600,(1)停机过程,1,2025-08-09 16:02:17,2025-08-09 16:02:49,32,0.01
1321,L18,#30,GW252/13600,(4)启机状态,4,2025-08-09 15:57:16,2025-08-09 16:02:17,301,0.08
1322,L18,#30,GW252/13600,(3)待机状态,3,2025-08-09 15:56:05,2025-08-09 15:57:16,71,0.02
1323,L18,#30,GW252/13600,(1)停机过程,1,2025-08-09 15:55:34,2025-08-09 15:56:05,31,0.01
1324,L18,#30,GW252/13600,(4)启机状态,4,2025-08-09 15:50:34,2025-08-09 15:55:34,300,0.08
1325,L18,#30,GW252/13600,(3)待机状态,3,2025-08-09 15:49:33,2025-08-09 15:50:34,61,0.02
1326,L18,#30,GW252/13600,(2)停机状态,2,2025-08-09 15:49:30,2025-08-09 15:49:33,3,0
1327,L18,#30,GW252/13600,(1)停机过程,1,2025-08-09 15:48:59,2025-08-09 15:49:30,31,0.01
1328,L18,#30,GW252/13600,(4)启机状态,4,2025-08-09 15:43:58,2025-08-09 15:48:59,301,0.08
1329,L18,#30,GW252/13600,(3)待机状态,3,2025-08-09 15:42:25,2025-08-09 15:43:58,93,0.03
1330,L18,#30,GW252/13600,(2)停机状态,2,2025-08-09 15:42:24,2025-08-09 15:42:25,1,0
1331,L18,#30,GW252/13600,(1)停机过程,1,2025-08-09 15:41:53,2025-08-09 15:42:24,31,0.01
1332,L18,#30,GW252/13600,(4)启机状态,4,2025-08-09 15:36:52,2025-08-09 15:41:53,301,0.08
1333,L18,#30,GW252/13600,(3)待机状态,3,2025-08-09 10:30:57,2025-08-09 15:36:52,18355,5.1
1334,L18,#30,GW252/13600,(2)停机状态,2,2025-08-09 10:30:48,2025-08-09 10:30:57,9,0
1335,L18,#30,GW252/13600,(1)停机过程,1,2025-08-09 10:30:17,2025-08-09 10:30:48,31,0.01
1336,L18,#30,GW252/13600,(4)启机状态,4,2025-08-09 10:25:16,2025-08-09 10:30:17,301,0.08
1337,L18,#30,GW252/13600,(3)待机状态,3,2025-08-09 10:16:07,2025-08-09 10:25:16,549,0.15
1338,L18,#30,GW252/13600,(2)停机状态,2,2025-08-09 10:12:51,2025-08-09 10:16:07,196,0.05
1339,L18,#30,GW252/13600,(1)停机过程,1,2025-08-09 10:12:20,2025-08-09 10:12:51,31,0.01
1340,L18,#30,GW252/13600,(4)启机状态,4,2025-08-09 10:07:20,2025-08-09 10:12:20,300,0.08
1341,L18,#30,GW252/13600,(3)待机状态,3,2025-08-09 10:00:00,2025-08-09 10:07:20,440,0.12
1342,L18,#30,GW252/13600,(2)停机状态,2,2025-08-09 09:59:56,2025-08-09 10:00:00,4,0
1343,L18,#30,GW252/13600,(1)停机过程,1,2025-08-09 09:59:25,2025-08-09 09:59:56,31,0.01
1344,L18,#30,GW252/13600,(4)启机状态,4,2025-08-09 09:54:25,2025-08-09 09:59:25,300,0.08
1345,L18,#30,GW252/13600,(3)待机状态,3,2025-08-09 09:52:16,2025-08-09 09:54:25,129,0.04
1346,L18,#30,GW252/13600,(2)停机状态,2,2025-08-09 09:52:14,2025-08-09 09:52:16,2,0
1347,L18,#30,GW252/13600,(1)停机过程,1,2025-08-09 09:51:18,2025-08-09 09:52:14,56,0.02
1348,L18,#30,GW252/13600,(5)发电状态,5,2025-08-09 07:26:24,2025-08-09 09:51:18,8694,2.42
1349,L18,#30,GW252/13600,(4)启机状态,4,2025-08-09 07:23:28,2025-08-09 07:26:24,176,0.05
1350,L18,#30,GW252/13600,(3)待机状态,3,2025-08-09 07:22:30,2025-08-09 07:23:28,58,0.02
1351,L18,#30,GW252/13600,(2)停机状态,2,2025-08-09 07:22:29,2025-08-09 07:22:30,1,0
1352,L18,#30,GW252/13600,(1)停机过程,1,2025-08-09 07:21:56,2025-08-09 07:22:29,33,0.01
1353,L18,#30,GW252/13600,(4)启机状态,4,2025-08-09 07:16:56,2025-08-09 07:21:56,300,0.08
1354,L18,#30,GW252/13600,(3)待机状态,3,2025-08-09 07:15:52,2025-08-09 07:16:56,64,0.02
1355,L18,#30,GW252/13600,(2)停机状态,2,2025-08-09 07:15:50,2025-08-09 07:15:52,2,0
1356,L18,#30,GW252/13600,(1)停机过程,1,2025-08-09 07:15:19,2025-08-09 07:15:50,31,0.01
1357,L18,#30,GW252/13600,(4)启机状态,4,2025-08-09 07:10:19,2025-08-09 07:15:19,300,0.08
1358,L18,#30,GW252/13600,(3)待机状态,3,2025-08-09 07:09:13,2025-08-09 07:10:19,66,0.02
1359,L18,#30,GW252/13600,(2)停机状态,2,2025-08-09 07:09:11,2025-08-09 07:09:13,2,0
1360,L18,#30,GW252/13600,(1)停机过程,1,2025-08-09 07:08:39,2025-08-09 07:09:11,32,0.01
1361,L18,#30,GW252/13600,(4)启机状态,4,2025-08-09 07:03:39,2025-08-09 07:08:39,300,0.08
1362,L18,#30,GW252/13600,(3)待机状态,3,2025-08-09 07:02:04,2025-08-09 07:03:39,95,0.03
1363,L18,#30,GW252/13600,(2)停机状态,2,2025-08-09 07:02:03,2025-08-09 07:02:04,1,0
1364,L18,#30,GW252/13600,(1)停机过程,1,2025-08-09 07:01:31,2025-08-09 07:02:03,32,0.01
1365,L18,#30,GW252/13600,(4)启机状态,4,2025-08-09 06:56:30,2025-08-09 07:01:31,301,0.08
1366,L18,#30,GW252/13600,(3)待机状态,3,2025-08-09 06:55:07,2025-08-09 06:56:30,83,0.02
1367,L18,#30,GW252/13600,(2)停机状态,2,2025-08-09 06:55:04,2025-08-09 06:55:07,3,0
1368,L18,#30,GW252/13600,(1)停机过程,1,2025-08-09 06:54:34,2025-08-09 06:55:04,30,0.01
1369,L18,#30,GW252/13600,(4)启机状态,4,2025-08-09 06:49:34,2025-08-09 06:54:34,300,0.08
1370,L18,#30,GW252/13600,(3)待机状态,3,2025-08-09 06:33:34,2025-08-09 06:49:34,960,0.27
1371,L18,#30,GW252/13600,(2)停机状态,2,2025-08-09 06:30:16,2025-08-09 06:33:34,198,0.06
1372,L18,#30,GW252/13600,(1)停机过程,1,2025-08-09 06:29:44,2025-08-09 06:30:16,32,0.01
1373,L18,#30,GW252/13600,(4)启机状态,4,2025-08-09 06:24:45,2025-08-09 06:29:44,299,0.08
1374,L18,#30,GW252/13600,(3)待机状态,3,2025-08-09 05:21:50,2025-08-09 06:24:45,3775,1.05
1375,L18,#30,GW252/13600,(2)停机状态,2,2025-08-09 05:19:39,2025-08-09 05:21:50,131,0.04
1376,L18,#30,GW252/13600,(1)停机过程,1,2025-08-09 05:19:07,2025-08-09 05:19:39,32,0.01
1377,L18,#30,GW252/13600,(4)启机状态,4,2025-08-09 05:14:06,2025-08-09 05:19:07,301,0.08
1378,L18,#30,GW252/13600,(3)待机状态,3,2025-08-09 03:25:06,2025-08-09 05:14:06,6540,1.82
1379,L18,#30,GW252/13600,(2)停机状态,2,2025-08-09 03:22:11,2025-08-09 03:25:06,175,0.05
1380,L18,#30,GW252/13600,(1)停机过程,1,2025-08-09 03:21:39,2025-08-09 03:22:11,32,0.01
1381,L18,#30,GW252/13600,(4)启机状态,4,2025-08-09 03:16:39,2025-08-09 03:21:39,300,0.08
1382,L18,#30,GW252/13600,(3)待机状态,3,2025-08-09 03:08:55,2025-08-09 03:16:39,464,0.13
1383,L18,#30,GW252/13600,(2)停机状态,2,2025-08-09 03:08:45,2025-08-09 03:08:55,10,0
1384,L18,#30,GW252/13600,(1)停机过程,1,2025-08-09 03:08:12,2025-08-09 03:08:45,33,0.01
1385,L18,#30,GW252/13600,(4)启机状态,4,2025-08-09 03:03:13,2025-08-09 03:08:12,299,0.08
1386,L18,#30,GW252/13600,(3)待机状态,3,2025-08-09 02:47:43,2025-08-09 03:03:13,930,0.26
1387,L18,#30,GW252/13600,(2)停机状态,2,2025-08-09 02:43:28,2025-08-09 02:47:43,255,0.07
1388,L18,#30,GW252/13600,(1)停机过程,1,2025-08-09 02:42:31,2025-08-09 02:43:28,57,0.02
1389,L18,#30,GW252/13600,(5)发电状态,5,2025-08-08 17:21:39,2025-08-09 02:42:31,33652,9.35
1390,L18,#30,GW252/13600,(4)启机状态,4,2025-08-08 17:17:23,2025-08-08 17:21:39,256,0.07
1391,L18,#30,GW252/13600,(3)待机状态,3,2025-08-08 17:16:16,2025-08-08 17:17:23,67,0.02
1392,L18,#30,GW252/13600,(2)停机状态,2,2025-08-08 17:16:15,2025-08-08 17:16:16,1,0
1393,L18,#30,GW252/13600,(1)停机过程,1,2025-08-08 17:15:43,2025-08-08 17:16:15,32,0.01
1394,L18,#30,GW252/13600,(4)启机状态,4,2025-08-08 17:10:43,2025-08-08 17:15:43,300,0.08
1395,L18,#30,GW252/13600,(3)待机状态,3,2025-08-08 17:09:36,2025-08-08 17:10:43,67,0.02
1396,L18,#30,GW252/13600,(1)停机过程,1,2025-08-08 17:09:04,2025-08-08 17:09:36,32,0.01
1397,L18,#30,GW252/13600,(4)启机状态,4,2025-08-08 17:04:04,2025-08-08 17:09:04,300,0.08
1398,L18,#30,GW252/13600,(3)待机状态,3,2025-08-08 17:02:53,2025-08-08 17:04:04,71,0.02
1399,L18,#30,GW252/13600,(2)停机状态,2,2025-08-08 17:02:51,2025-08-08 17:02:53,2,0
1400,L18,#30,GW252/13600,(1)停机过程,1,2025-08-08 17:02:19,2025-08-08 17:02:51,32,0.01
1401,L18,#30,GW252/13600,(4)启机状态,4,2025-08-08 16:57:18,2025-08-08 17:02:19,301,0.08
1402,L18,#30,GW252/13600,(3)待机状态,3,2025-08-08 16:45:32,2025-08-08 16:57:18,706,0.2
1403,L18,#30,GW252/13600,(2)停机状态,2,2025-08-08 16:45:30,2025-08-08 16:45:32,2,0
1404,L18,#30,GW252/13600,(1)停机过程,1,2025-08-08 16:44:58,2025-08-08 16:45:30,32,0.01
1405,L18,#30,GW252/13600,(4)启机状态,4,2025-08-08 16:39:58,2025-08-08 16:44:58,300,0.08
1406,L18,#30,GW252/13600,(3)待机状态,3,2025-08-08 16:34:25,2025-08-08 16:39:58,333,0.09
1407,L18,#30,GW252/13600,(2)停机状态,2,2025-08-08 16:33:04,2025-08-08 16:34:25,81,0.02
1408,L18,#30,GW252/13600,(1)停机过程,1,2025-08-08 16:32:33,2025-08-08 16:33:04,31,0.01
1409,L18,#30,GW252/13600,(4)启机状态,4,2025-08-08 16:27:33,2025-08-08 16:32:33,300,0.08
1410,L18,#30,GW252/13600,(3)待机状态,3,2025-08-08 16:26:03,2025-08-08 16:27:33,90,0.03
1411,L18,#30,GW252/13600,(1)停机过程,1,2025-08-08 16:25:31,2025-08-08 16:26:03,32,0.01
1412,L18,#30,GW252/13600,(4)启机状态,4,2025-08-08 16:20:31,2025-08-08 16:25:31,300,0.08
1413,L18,#30,GW252/13600,(3)待机状态,3,2025-08-08 16:10:09,2025-08-08 16:20:31,622,0.17
1414,L18,#30,GW252/13600,(2)停机状态,2,2025-08-08 16:09:22,2025-08-08 16:10:09,47,0.01
1415,L18,#30,GW252/13600,(1)停机过程,1,2025-08-08 16:08:49,2025-08-08 16:09:22,33,0.01
1416,L18,#30,GW252/13600,(4)启机状态,4,2025-08-08 16:03:50,2025-08-08 16:08:49,299,0.08
1417,L18,#30,GW252/13600,(3)待机状态,3,2025-08-08 15:55:29,2025-08-08 16:03:50,501,0.14
1418,L18,#30,GW252/13600,(1)停机过程,1,2025-08-08 15:54:32,2025-08-08 15:55:29,57,0.02
1419,L18,#30,GW252/13600,(5)发电状态,5,2025-08-08 13:32:38,2025-08-08 15:54:32,8514,2.37
1420,L18,#30,GW252/13600,(4)启机状态,4,2025-08-08 13:29:28,2025-08-08 13:32:38,190,0.05
1421,L18,#30,GW252/13600,(3)待机状态,3,2025-08-08 13:28:24,2025-08-08 13:29:28,64,0.02
1422,L18,#30,GW252/13600,(2)停机状态,2,2025-08-08 13:27:52,2025-08-08 13:28:24,32,0.01
1423,L18,#30,GW252/13600,(1)停机过程,1,2025-08-08 13:26:55,2025-08-08 13:27:52,57,0.02
1424,L18,#30,GW252/13600,(5)发电状态,5,2025-08-06 13:25:24,2025-08-08 13:26:55,172891,48.03
1425,L18,#30,GW252/13600,(4)启机状态,4,2025-08-06 13:23:34,2025-08-06 13:25:24,110,0.03
1426,L18,#30,GW252/13600,(3)待机状态,3,2025-08-06 13:22:39,2025-08-06 13:23:34,55,0.02
1427,L18,#30,GW252/13600,(2)停机状态,2,2025-08-06 13:22:38,2025-08-06 13:22:39,1,0
1428,L18,#30,GW252/13600,(1)停机过程,1,2025-08-06 13:21:53,2025-08-06 13:22:38,45,0.01
1429,L18,#30,GW252/13600,(4)启机状态,4,2025-08-06 13:16:52,2025-08-06 13:21:53,301,0.08
1430,L18,#30,GW252/13600,(3)待机状态,3,2025-08-06 13:15:42,2025-08-06 13:16:52,70,0.02
1431,L18,#30,GW252/13600,(1)停机过程,1,2025-08-06 13:15:11,2025-08-06 13:15:42,31,0.01
1432,L18,#30,GW252/13600,(4)启机状态,4,2025-08-06 13:10:11,2025-08-06 13:15:11,300,0.08
1433,L18,#30,GW252/13600,(3)待机状态,3,2025-08-06 13:09:03,2025-08-06 13:10:11,68,0.02
1434,L18,#30,GW252/13600,(2)停机状态,2,2025-08-06 13:09:02,2025-08-06 13:09:03,1,0
1435,L18,#30,GW252/13600,(1)停机过程,1,2025-08-06 13:08:29,2025-08-06 13:09:02,33,0.01
1436,L18,#30,GW252/13600,(4)启机状态,4,2025-08-06 13:03:29,2025-08-06 13:08:29,300,0.08
1437,L18,#30,GW252/13600,(3)待机状态,3,2025-08-06 13:02:10,2025-08-06 13:03:29,79,0.02
1438,L18,#30,GW252/13600,(2)停机状态,2,2025-08-06 13:02:09,2025-08-06 13:02:10,1,0
1439,L18,#30,GW252/13600,(1)停机过程,1,2025-08-06 13:01:38,2025-08-06 13:02:09,31,0.01
1440,L18,#30,GW252/13600,(4)启机状态,4,2025-08-06 12:56:37,2025-08-06 13:01:38,301,0.08
1441,L18,#30,GW252/13600,(3)待机状态,3,2025-08-06 12:55:40,2025-08-06 12:56:37,57,0.02
1442,L18,#30,GW252/13600,(2)停机状态,2,2025-08-06 12:55:38,2025-08-06 12:55:40,2,0
1443,L18,#30,GW252/13600,(1)停机过程,1,2025-08-06 12:55:06,2025-08-06 12:55:38,32,0.01
1444,L18,#30,GW252/13600,(4)启机状态,4,2025-08-06 12:50:06,2025-08-06 12:55:06,300,0.08
1445,L18,#30,GW252/13600,(3)待机状态,3,2025-08-06 12:49:06,2025-08-06 12:50:06,60,0.02
1446,L18,#30,GW252/13600,(2)停机状态,2,2025-08-06 12:49:05,2025-08-06 12:49:06,1,0
1447,L18,#30,GW252/13600,(1)停机过程,1,2025-08-06 12:48:35,2025-08-06 12:49:05,30,0.01
1448,L18,#30,GW252/13600,(4)启机状态,4,2025-08-06 12:43:35,2025-08-06 12:48:35,300,0.08
1449,L18,#30,GW252/13600,(3)待机状态,3,2025-08-06 10:54:47,2025-08-06 12:43:35,6528,1.81
1450,L18,#30,GW252/13600,(2)停机状态,2,2025-08-06 10:48:04,2025-08-06 10:54:47,403,0.11
1451,L18,#30,GW252/13600,(1)停机过程,1,2025-08-06 10:47:08,2025-08-06 10:48:04,56,0.02
1452,L18,#30,GW252/13600,(5)发电状态,5,2025-08-03 15:22:34,2025-08-06 10:47:08,242674,67.41
1453,L18,#30,GW252/13600,(4)启机状态,4,2025-08-03 15:21:39,2025-08-03 15:22:34,55,0.02
1454,L18,#30,GW252/13600,(3)待机状态,3,2025-08-03 15:20:57,2025-08-03 15:21:39,42,0.01
1455,L18,#30,GW252/13600,(2)停机状态,2,2025-08-03 14:01:21,2025-08-03 15:20:57,4776,1.33
1456,L18,#30,GW252/13600,(1)停机过程,1,2025-08-03 14:01:11,2025-08-03 14:01:21,10,0
1457,L18,#30,GW252/13600,(9)维护状态,9,2025-08-03 06:20:38,2025-08-03 14:01:11,27633,7.68
1458,L18,#30,GW252/13600,(2)停机状态,2,2025-08-03 06:14:03,2025-08-03 06:20:38,395,0.11
1459,L18,#30,GW252/13600,(1)停机过程,1,2025-08-03 06:13:58,2025-08-03 06:14:03,5,0
1460,L18,#30,GW252/13600,(9)维护状态,9,2025-07-25 10:35:22,2025-08-03 06:13:58,761916,211.64
1461,L18,#30,GW252/13600,(2)停机状态,2,2025-07-25 10:24:31,2025-07-25 10:35:22,651,0.18
1462,L18,#30,GW252/13600,(1)停机过程,1,2025-07-25 10:23:30,2025-07-25 10:24:31,61,0.02
1463,L18,#30,GW252/13600,(5)发电状态,5,2025-07-25 06:42:14,2025-07-25 10:23:30,13276,3.69
1464,L18,#30,GW252/13600,(4)启机状态,4,2025-07-25 06:37:29,2025-07-25 06:42:14,285,0.08
1465,L18,#30,GW252/13600,(3)待机状态,3,2025-07-25 06:36:33,2025-07-25 06:37:29,56,0.02
1466,L18,#30,GW252/13600,(2)停机状态,2,2025-07-25 06:36:31,2025-07-25 06:36:33,2,0
1467,L18,#30,GW252/13600,(1)停机过程,1,2025-07-25 06:36:00,2025-07-25 06:36:31,31,0.01
1468,L18,#30,GW252/13600,(4)启机状态,4,2025-07-25 06:30:59,2025-07-25 06:36:00,301,0.08
1469,L18,#30,GW252/13600,(3)待机状态,3,2025-07-25 06:29:57,2025-07-25 06:30:59,62,0.02
1470,L18,#30,GW252/13600,(2)停机状态,2,2025-07-25 06:29:55,2025-07-25 06:29:57,2,0
1471,L18,#30,GW252/13600,(1)停机过程,1,2025-07-25 06:29:23,2025-07-25 06:29:55,32,0.01
1472,L18,#30,GW252/13600,(4)启机状态,4,2025-07-25 06:24:22,2025-07-25 06:29:23,301,0.08
1473,L18,#30,GW252/13600,(3)待机状态,3,2025-07-25 06:22:58,2025-07-25 06:24:22,84,0.02
1474,L18,#30,GW252/13600,(1)停机过程,1,2025-07-25 06:22:24,2025-07-25 06:22:58,34,0.01
1475,L18,#30,GW252/13600,(4)启机状态,4,2025-07-25 06:17:25,2025-07-25 06:22:24,299,0.08
1476,L18,#30,GW252/13600,(3)待机状态,3,2025-07-25 06:16:09,2025-07-25 06:17:25,76,0.02
1477,L18,#30,GW252/13600,(1)停机过程,1,2025-07-25 06:15:38,2025-07-25 06:16:09,31,0.01
1478,L18,#30,GW252/13600,(4)启机状态,4,2025-07-25 06:10:37,2025-07-25 06:15:38,301,0.08
1479,L18,#30,GW252/13600,(3)待机状态,3,2025-07-25 06:09:16,2025-07-25 06:10:37,81,0.02
1480,L18,#30,GW252/13600,(2)停机状态,2,2025-07-25 06:09:15,2025-07-25 06:09:16,1,0
1481,L18,#30,GW252/13600,(1)停机过程,1,2025-07-25 06:08:44,2025-07-25 06:09:15,31,0.01
1482,L18,#30,GW252/13600,(4)启机状态,4,2025-07-25 06:03:44,2025-07-25 06:08:44,300,0.08
1483,L18,#30,GW252/13600,(3)待机状态,3,2025-07-25 06:02:33,2025-07-25 06:03:44,71,0.02
1484,L18,#30,GW252/13600,(2)停机状态,2,2025-07-25 06:02:32,2025-07-25 06:02:33,1,0
1485,L18,#30,GW252/13600,(1)停机过程,1,2025-07-25 06:02:01,2025-07-25 06:02:32,31,0.01
1486,L18,#30,GW252/13600,(4)启机状态,4,2025-07-25 05:57:01,2025-07-25 06:02:01,300,0.08
1487,L18,#30,GW252/13600,(3)待机状态,3,2025-07-25 05:55:28,2025-07-25 05:57:01,93,0.03
1488,L18,#30,GW252/13600,(2)停机状态,2,2025-07-25 05:55:27,2025-07-25 05:55:28,1,0
1489,L18,#30,GW252/13600,(1)停机过程,1,2025-07-25 05:54:55,2025-07-25 05:55:27,32,0.01
1490,L18,#30,GW252/13600,(4)启机状态,4,2025-07-25 05:49:55,2025-07-25 05:54:55,300,0.08
1491,L18,#30,GW252/13600,(3)待机状态,3,2025-07-25 05:48:32,2025-07-25 05:49:55,83,0.02
1492,L18,#30,GW252/13600,(2)停机状态,2,2025-07-25 05:48:30,2025-07-25 05:48:32,2,0
1493,L18,#30,GW252/13600,(1)停机过程,1,2025-07-25 05:47:59,2025-07-25 05:48:30,31,0.01
1494,L18,#30,GW252/13600,(4)启机状态,4,2025-07-25 05:42:59,2025-07-25 05:47:59,300,0.08
1495,L18,#30,GW252/13600,(3)待机状态,3,2025-07-25 05:41:38,2025-07-25 05:42:59,81,0.02
1496,L18,#30,GW252/13600,(1)停机过程,1,2025-07-25 05:41:06,2025-07-25 05:41:38,32,0.01
1497,L18,#30,GW252/13600,(4)启机状态,4,2025-07-25 05:36:06,2025-07-25 05:41:06,300,0.08
1498,L18,#30,GW252/13600,(3)待机状态,3,2025-07-25 05:32:35,2025-07-25 05:36:06,211,0.06
1499,L18,#30,GW252/13600,(2)停机状态,2,2025-07-25 05:32:34,2025-07-25 05:32:35,1,0
1500,L18,#30,GW252/13600,(1)停机过程,1,2025-07-25 05:32:02,2025-07-25 05:32:34,32,0.01
1501,L18,#30,GW252/13600,(4)启机状态,4,2025-07-25 05:27:02,2025-07-25 05:32:02,300,0.08
1502,L18,#30,GW252/13600,(3)待机状态,3,2025-07-24 17:23:36,2025-07-25 05:27:02,43406,12.06
1503,L18,#30,GW252/13600,(2)停机状态,2,2025-07-24 17:21:13,2025-07-24 17:23:36,143,0.04
1504,L18,#30,GW252/13600,(1)停机过程,1,2025-07-24 17:20:43,2025-07-24 17:21:13,30,0.01
1505,L18,#30,GW252/13600,(4)启机状态,4,2025-07-24 17:15:41,2025-07-24 17:20:43,302,0.08
1506,L18,#30,GW252/13600,(3)待机状态,3,2025-07-24 17:14:18,2025-07-24 17:15:41,83,0.02
1507,L18,#30,GW252/13600,(1)停机过程,1,2025-07-24 17:13:47,2025-07-24 17:14:18,31,0.01
1508,L18,#30,GW252/13600,(4)启机状态,4,2025-07-24 17:08:47,2025-07-24 17:13:47,300,0.08
1509,L18,#30,GW252/13600,(3)待机状态,3,2025-07-24 17:05:04,2025-07-24 17:08:47,223,0.06
1510,L18,#30,GW252/13600,(1)停机过程,1,2025-07-24 17:04:31,2025-07-24 17:05:04,33,0.01
1511,L18,#30,GW252/13600,(4)启机状态,4,2025-07-24 16:59:31,2025-07-24 17:04:31,300,0.08
1512,L18,#30,GW252/13600,(3)待机状态,3,2025-07-24 16:58:00,2025-07-24 16:59:31,91,0.03
1513,L18,#30,GW252/13600,(2)停机状态,2,2025-07-24 16:57:59,2025-07-24 16:58:00,1,0
1514,L18,#30,GW252/13600,(1)停机过程,1,2025-07-24 16:57:26,2025-07-24 16:57:59,33,0.01
1515,L18,#30,GW252/13600,(4)启机状态,4,2025-07-24 16:52:26,2025-07-24 16:57:26,300,0.08
1516,L18,#30,GW252/13600,(3)待机状态,3,2025-07-24 16:49:49,2025-07-24 16:52:26,157,0.04
1517,L18,#30,GW252/13600,(2)停机状态,2,2025-07-24 16:49:47,2025-07-24 16:49:49,2,0
1518,L18,#30,GW252/13600,(1)停机过程,1,2025-07-24 16:49:16,2025-07-24 16:49:47,31,0.01
1519,L18,#30,GW252/13600,(4)启机状态,4,2025-07-24 16:44:16,2025-07-24 16:49:16,300,0.08
1520,L18,#30,GW252/13600,(3)待机状态,3,2025-07-24 16:42:48,2025-07-24 16:44:16,88,0.02
1521,L18,#30,GW252/13600,(2)停机状态,2,2025-07-24 16:42:47,2025-07-24 16:42:48,1,0
1522,L18,#30,GW252/13600,(1)停机过程,1,2025-07-24 16:42:17,2025-07-24 16:42:47,30,0.01
1523,L18,#30,GW252/13600,(4)启机状态,4,2025-07-24 16:37:16,2025-07-24 16:42:17,301,0.08
1524,L18,#30,GW252/13600,(3)待机状态,3,2025-07-24 16:35:57,2025-07-24 16:37:16,79,0.02
1525,L18,#30,GW252/13600,(2)停机状态,2,2025-07-24 16:35:56,2025-07-24 16:35:57,1,0
1526,L18,#30,GW252/13600,(1)停机过程,1,2025-07-24 16:35:23,2025-07-24 16:35:56,33,0.01
1527,L18,#30,GW252/13600,(4)启机状态,4,2025-07-24 16:30:24,2025-07-24 16:35:23,299,0.08
1528,L18,#30,GW252/13600,(3)待机状态,3,2025-07-24 16:29:04,2025-07-24 16:30:24,80,0.02
1529,L18,#30,GW252/13600,(2)停机状态,2,2025-07-24 16:29:03,2025-07-24 16:29:04,1,0
1530,L18,#30,GW252/13600,(1)停机过程,1,2025-07-24 16:28:32,2025-07-24 16:29:03,31,0.01
1531,L18,#30,GW252/13600,(4)启机状态,4,2025-07-24 16:23:30,2025-07-24 16:28:32,302,0.08
1532,L18,#30,GW252/13600,(3)待机状态,3,2025-07-24 16:22:14,2025-07-24 16:23:30,76,0.02
1533,L18,#30,GW252/13600,(2)停机状态,2,2025-07-24 16:22:12,2025-07-24 16:22:14,2,0
1534,L18,#30,GW252/13600,(1)停机过程,1,2025-07-24 16:21:41,2025-07-24 16:22:12,31,0.01
1535,L18,#30,GW252/13600,(4)启机状态,4,2025-07-24 16:16:41,2025-07-24 16:21:41,300,0.08
1536,L18,#30,GW252/13600,(3)待机状态,3,2025-07-24 16:15:22,2025-07-24 16:16:41,79,0.02
1537,L18,#30,GW252/13600,(2)停机状态,2,2025-07-24 16:15:20,2025-07-24 16:15:22,2,0
1538,L18,#30,GW252/13600,(1)停机过程,1,2025-07-24 16:14:47,2025-07-24 16:15:20,33,0.01
1539,L18,#30,GW252/13600,(4)启机状态,4,2025-07-24 16:09:48,2025-07-24 16:14:47,299,0.08
1540,L18,#30,GW252/13600,(3)待机状态,3,2025-07-24 15:25:54,2025-07-24 16:09:48,2634,0.73
1541,L18,#30,GW252/13600,(2)停机状态,2,2025-07-24 15:25:28,2025-07-24 15:25:54,26,0.01
1542,L18,#30,GW252/13600,(1)停机过程,1,2025-07-24 15:24:56,2025-07-24 15:25:28,32,0.01
1543,L18,#30,GW252/13600,(4)启机状态,4,2025-07-24 15:19:56,2025-07-24 15:24:56,300,0.08
1544,L18,#30,GW252/13600,(3)待机状态,3,2025-07-24 15:18:30,2025-07-24 15:19:56,86,0.02
1545,L18,#30,GW252/13600,(2)停机状态,2,2025-07-24 15:18:28,2025-07-24 15:18:30,2,0
1546,L18,#30,GW252/13600,(1)停机过程,1,2025-07-24 15:17:57,2025-07-24 15:18:28,31,0.01
1547,L18,#30,GW252/13600,(4)启机状态,4,2025-07-24 15:12:57,2025-07-24 15:17:57,300,0.08
1548,L18,#30,GW252/13600,(3)待机状态,3,2025-07-24 15:11:25,2025-07-24 15:12:57,92,0.03
1549,L18,#30,GW252/13600,(2)停机状态,2,2025-07-24 15:11:23,2025-07-24 15:11:25,2,0
1550,L18,#30,GW252/13600,(1)停机过程,1,2025-07-24 15:10:51,2025-07-24 15:11:23,32,0.01
1551,L18,#30,GW252/13600,(4)启机状态,4,2025-07-24 15:05:51,2025-07-24 15:10:51,300,0.08
1552,L18,#30,GW252/13600,(3)待机状态,3,2025-07-24 15:00:41,2025-07-24 15:05:51,310,0.09
1553,L18,#30,GW252/13600,(2)停机状态,2,2025-07-24 15:00:16,2025-07-24 15:00:41,25,0.01
1554,L18,#30,GW252/13600,(1)停机过程,1,2025-07-24 14:59:44,2025-07-24 15:00:16,32,0.01
1555,L18,#30,GW252/13600,(4)启机状态,4,2025-07-24 14:54:44,2025-07-24 14:59:44,300,0.08
1556,L18,#30,GW252/13600,(3)待机状态,3,2025-07-24 14:53:02,2025-07-24 14:54:44,102,0.03
1557,L18,#30,GW252/13600,(2)停机状态,2,2025-07-24 14:53:01,2025-07-24 14:53:02,1,0
1558,L18,#30,GW252/13600,(1)停机过程,1,2025-07-24 14:52:30,2025-07-24 14:53:01,31,0.01
1559,L18,#30,GW252/13600,(4)启机状态,4,2025-07-24 14:47:30,2025-07-24 14:52:30,300,0.08
1560,L18,#30,GW252/13600,(3)待机状态,3,2025-07-24 14:29:13,2025-07-24 14:47:30,1097,0.3
1561,L18,#30,GW252/13600,(2)停机状态,2,2025-07-24 14:29:12,2025-07-24 14:29:13,1,0
1562,L18,#30,GW252/13600,(1)停机过程,1,2025-07-24 14:28:41,2025-07-24 14:29:12,31,0.01
1563,L18,#30,GW252/13600,(4)启机状态,4,2025-07-24 14:23:41,2025-07-24 14:28:41,300,0.08
1564,L18,#30,GW252/13600,(3)待机状态,3,2025-07-24 14:21:04,2025-07-24 14:23:41,157,0.04
1565,L18,#30,GW252/13600,(2)停机状态,2,2025-07-24 14:21:02,2025-07-24 14:21:04,2,0
1566,L18,#30,GW252/13600,(1)停机过程,1,2025-07-24 14:20:30,2025-07-24 14:21:02,32,0.01
1567,L18,#30,GW252/13600,(4)启机状态,4,2025-07-24 14:15:30,2025-07-24 14:20:30,300,0.08
1568,L18,#30,GW252/13600,(3)待机状态,3,2025-07-24 13:26:28,2025-07-24 14:15:30,2942,0.82
1569,L18,#30,GW252/13600,(2)停机状态,2,2025-07-24 13:24:46,2025-07-24 13:26:28,102,0.03
1570,L18,#30,GW252/13600,(1)停机过程,1,2025-07-24 13:24:16,2025-07-24 13:24:46,30,0.01
1571,L18,#30,GW252/13600,(4)启机状态,4,2025-07-24 13:19:15,2025-07-24 13:24:16,301,0.08
1572,L18,#30,GW252/13600,(3)待机状态,3,2025-07-24 13:06:08,2025-07-24 13:19:15,787,0.22
1573,L18,#30,GW252/13600,(2)停机状态,2,2025-07-24 13:03:53,2025-07-24 13:06:08,135,0.04
1574,L18,#30,GW252/13600,(1)停机过程,1,2025-07-24 13:03:20,2025-07-24 13:03:53,33,0.01
1575,L18,#30,GW252/13600,(4)启机状态,4,2025-07-24 12:58:20,2025-07-24 13:03:20,300,0.08
1576,L18,#30,GW252/13600,(3)待机状态,3,2025-07-24 12:57:10,2025-07-24 12:58:20,70,0.02
1577,L18,#30,GW252/13600,(2)停机状态,2,2025-07-24 12:56:43,2025-07-24 12:57:10,27,0.01
1578,L18,#30,GW252/13600,(1)停机过程,1,2025-07-24 12:56:11,2025-07-24 12:56:43,32,0.01
1579,L18,#30,GW252/13600,(4)启机状态,4,2025-07-24 12:51:11,2025-07-24 12:56:11,300,0.08
1580,L18,#30,GW252/13600,(3)待机状态,3,2025-07-24 12:50:06,2025-07-24 12:51:11,65,0.02
1581,L18,#30,GW252/13600,(2)停机状态,2,2025-07-24 12:50:04,2025-07-24 12:50:06,2,0
1582,L18,#30,GW252/13600,(1)停机过程,1,2025-07-24 12:49:31,2025-07-24 12:50:04,33,0.01
1583,L18,#30,GW252/13600,(4)启机状态,4,2025-07-24 12:44:32,2025-07-24 12:49:31,299,0.08
1584,L18,#30,GW252/13600,(3)待机状态,3,2025-07-24 12:40:34,2025-07-24 12:44:32,238,0.07
1585,L18,#30,GW252/13600,(2)停机状态,2,2025-07-24 12:40:29,2025-07-24 12:40:34,5,0
1586,L18,#30,GW252/13600,(1)停机过程,1,2025-07-24 12:39:33,2025-07-24 12:40:29,56,0.02
1587,L18,#30,GW252/13600,(5)发电状态,5,2025-07-24 09:19:15,2025-07-24 12:39:33,12018,3.34
1588,L18,#30,GW252/13600,(4)启机状态,4,2025-07-24 09:18:29,2025-07-24 09:19:15,46,0.01
1589,L18,#30,GW252/13600,(3)待机状态,3,2025-07-24 09:13:04,2025-07-24 09:18:29,325,0.09
1590,L18,#30,GW252/13600,(2)停机状态,2,2025-07-24 09:13:03,2025-07-24 09:13:04,1,0
1591,L18,#30,GW252/13600,(1)停机过程,1,2025-07-24 09:12:10,2025-07-24 09:13:03,53,0.01
1592,L18,#30,GW252/13600,(5)发电状态,5,2025-07-21 07:07:28,2025-07-24 09:12:10,266682,74.08
1593,L18,#30,GW252/13600,(4)启机状态,4,2025-07-21 07:06:53,2025-07-21 07:07:28,35,0.01
1594,L18,#30,GW252/13600,(3)待机状态,3,2025-07-21 07:06:22,2025-07-21 07:06:53,31,0.01
1595,L18,#30,GW252/13600,(2)停机状态,2,2025-07-20 23:24:56,2025-07-21 07:06:22,27686,7.69
1596,L18,#30,GW252/13600,(1)停机过程,1,2025-07-20 23:24:01,2025-07-20 23:24:56,55,0.02
1597,L18,#30,GW252/13600,(5)发电状态,5,2025-07-20 23:23:39,2025-07-20 23:24:01,22,0.01
1598,L18,#30,GW252/13600,(4)启机状态,4,2025-07-20 23:23:07,2025-07-20 23:23:39,32,0.01
1599,L18,#30,GW252/13600,(3)待机状态,3,2025-07-20 23:22:36,2025-07-20 23:23:07,31,0.01
1600,L18,#30,GW252/13600,(2)停机状态,2,2025-07-20 19:10:32,2025-07-20 23:22:36,15124,4.2
1601,L18,#30,GW252/13600,(1)停机过程,1,2025-07-20 19:09:11,2025-07-20 19:10:32,81,0.02
1602,L18,#30,GW252/13600,(5)发电状态,5,2025-07-19 07:31:32,2025-07-20 19:09:11,128259,35.63
1603,L18,#30,GW252/13600,(4)启机状态,4,2025-07-19 07:29:46,2025-07-19 07:31:32,106,0.03
1604,L18,#30,GW252/13600,(3)待机状态,3,2025-07-19 07:23:52,2025-07-19 07:29:46,354,0.1
1605,L18,#30,GW252/13600,(2)停机状态,2,2025-07-19 07:23:51,2025-07-19 07:23:52,1,0
1606,L18,#30,GW252/13600,(1)停机过程,1,2025-07-19 07:23:22,2025-07-19 07:23:51,29,0.01
1607,L18,#30,GW252/13600,(3)待机状态,3,2025-07-19 07:22:59,2025-07-19 07:23:22,23,0.01
1608,L18,#30,GW252/13600,(2)停机状态,2,2025-07-19 07:22:58,2025-07-19 07:22:59,1,0
1609,L18,#30,GW252/13600,(1)停机过程,1,2025-07-19 07:22:28,2025-07-19 07:22:58,30,0.01
1610,L18,#30,GW252/13600,(3)待机状态,3,2025-07-19 07:22:07,2025-07-19 07:22:28,21,0.01
1611,L18,#30,GW252/13600,(2)停机状态,2,2025-07-19 07:22:06,2025-07-19 07:22:07,1,0
1612,L18,#30,GW252/13600,(1)停机过程,1,2025-07-19 07:21:35,2025-07-19 07:22:06,31,0.01
1613,L18,#30,GW252/13600,(3)待机状态,3,2025-07-19 07:21:13,2025-07-19 07:21:35,22,0.01
1614,L18,#30,GW252/13600,(2)停机状态,2,2025-07-19 07:21:12,2025-07-19 07:21:13,1,0
1615,L18,#30,GW252/13600,(1)停机过程,1,2025-07-19 07:20:42,2025-07-19 07:21:12,30,0.01
1616,L18,#30,GW252/13600,(3)待机状态,3,2025-07-19 07:20:20,2025-07-19 07:20:42,22,0.01
1617,L18,#30,GW252/13600,(2)停机状态,2,2025-07-19 07:20:19,2025-07-19 07:20:20,1,0
1618,L18,#30,GW252/13600,(1)停机过程,1,2025-07-19 07:19:50,2025-07-19 07:20:19,29,0.01
1619,L18,#30,GW252/13600,(3)待机状态,3,2025-07-19 07:19:27,2025-07-19 07:19:50,23,0.01
1620,L18,#30,GW252/13600,(2)停机状态,2,2025-07-19 07:19:26,2025-07-19 07:19:27,1,0
1621,L18,#30,GW252/13600,(1)停机过程,1,2025-07-19 07:18:56,2025-07-19 07:19:26,30,0.01
1622,L18,#30,GW252/13600,(3)待机状态,3,2025-07-19 07:18:35,2025-07-19 07:18:56,21,0.01
1623,L18,#30,GW252/13600,(2)停机状态,2,2025-07-19 07:18:34,2025-07-19 07:18:35,1,0
1624,L18,#30,GW252/13600,(1)停机过程,1,2025-07-19 07:18:01,2025-07-19 07:18:34,33,0.01
1625,L18,#30,GW252/13600,(3)待机状态,3,2025-07-19 07:03:53,2025-07-19 07:18:01,848,0.24
1626,L18,#30,GW252/13600,(2)停机状态,2,2025-07-19 06:58:15,2025-07-19 07:03:53,338,0.09
1627,L18,#30,GW252/13600,(1)停机过程,1,2025-07-19 06:57:45,2025-07-19 06:58:15,30,0.01
1628,L18,#30,GW252/13600,(4)启机状态,4,2025-07-19 06:52:44,2025-07-19 06:57:45,301,0.08
1629,L18,#30,GW252/13600,(3)待机状态,3,2025-07-19 06:51:34,2025-07-19 06:52:44,70,0.02
1630,L18,#30,GW252/13600,(2)停机状态,2,2025-07-19 06:51:32,2025-07-19 06:51:34,2,0
1631,L18,#30,GW252/13600,(1)停机过程,1,2025-07-19 06:50:37,2025-07-19 06:51:32,55,0.02
1632,L18,#30,GW252/13600,(5)发电状态,5,2025-07-19 05:51:09,2025-07-19 06:50:37,3568,0.99
1633,L18,#30,GW252/13600,(4)启机状态,4,2025-07-19 05:50:00,2025-07-19 05:51:09,69,0.02
1634,L18,#30,GW252/13600,(3)待机状态,3,2025-07-19 05:49:07,2025-07-19 05:50:00,53,0.01
1635,L18,#30,GW252/13600,(2)停机状态,2,2025-07-19 05:49:05,2025-07-19 05:49:07,2,0
1636,L18,#30,GW252/13600,(1)停机过程,1,2025-07-19 05:48:23,2025-07-19 05:49:05,42,0.01
1637,L18,#30,GW252/13600,(4)启机状态,4,2025-07-19 05:43:23,2025-07-19 05:48:23,300,0.08
1638,L18,#30,GW252/13600,(3)待机状态,3,2025-07-19 05:19:50,2025-07-19 05:43:23,1413,0.39
1639,L18,#30,GW252/13600,(2)停机状态,2,2025-07-19 05:19:41,2025-07-19 05:19:50,9,0
1640,L18,#30,GW252/13600,(1)停机过程,1,2025-07-19 05:18:44,2025-07-19 05:19:41,57,0.02
1641,L18,#30,GW252/13600,(5)发电状态,5,2025-07-19 04:20:56,2025-07-19 05:18:44,3468,0.96
1642,L18,#30,GW252/13600,(4)启机状态,4,2025-07-19 04:19:29,2025-07-19 04:20:56,87,0.02
1643,L18,#30,GW252/13600,(3)待机状态,3,2025-07-19 04:18:36,2025-07-19 04:19:29,53,0.01
1644,L18,#30,GW252/13600,(2)停机状态,2,2025-07-19 04:18:34,2025-07-19 04:18:36,2,0
1645,L18,#30,GW252/13600,(1)停机过程,1,2025-07-19 04:17:37,2025-07-19 04:18:34,57,0.02
1646,L18,#30,GW252/13600,(5)发电状态,5,2025-07-19 04:03:06,2025-07-19 04:17:37,871,0.24
1647,L18,#30,GW252/13600,(4)启机状态,4,2025-07-19 04:01:59,2025-07-19 04:03:06,67,0.02
1648,L18,#30,GW252/13600,(3)待机状态,3,2025-07-19 03:51:51,2025-07-19 04:01:59,608,0.17
1649,L18,#30,GW252/13600,(2)停机状态,2,2025-07-19 03:51:04,2025-07-19 03:51:51,47,0.01
1650,L18,#30,GW252/13600,(1)停机过程,1,2025-07-19 03:50:06,2025-07-19 03:51:04,58,0.02
1651,L18,#30,GW252/13600,(5)发电状态,5,2025-07-19 03:27:06,2025-07-19 03:50:06,1380,0.38
1652,L18,#30,GW252/13600,(4)启机状态,4,2025-07-19 03:22:15,2025-07-19 03:27:06,291,0.08
1653,L18,#30,GW252/13600,(3)待机状态,3,2025-07-19 03:13:20,2025-07-19 03:22:15,535,0.15
1654,L18,#30,GW252/13600,(2)停机状态,2,2025-07-19 03:09:26,2025-07-19 03:13:20,234,0.07
1655,L18,#30,GW252/13600,(1)停机过程,1,2025-07-19 03:08:54,2025-07-19 03:09:26,32,0.01
1656,L18,#30,GW252/13600,(4)启机状态,4,2025-07-19 03:03:55,2025-07-19 03:08:54,299,0.08
1657,L18,#30,GW252/13600,(3)待机状态,3,2025-07-19 02:58:10,2025-07-19 03:03:55,345,0.1
1658,L18,#30,GW252/13600,(2)停机状态,2,2025-07-19 02:57:34,2025-07-19 02:58:10,36,0.01
1659,L18,#30,GW252/13600,(1)停机过程,1,2025-07-19 02:56:38,2025-07-19 02:57:34,56,0.02
1660,L18,#30,GW252/13600,(5)发电状态,5,2025-07-18 21:30:10,2025-07-19 02:56:38,19588,5.44
1661,L18,#30,GW252/13600,(4)启机状态,4,2025-07-18 21:26:10,2025-07-18 21:30:10,240,0.07
1662,L18,#30,GW252/13600,(3)待机状态,3,2025-07-18 21:24:52,2025-07-18 21:26:10,78,0.02
1663,L18,#30,GW252/13600,(2)停机状态,2,2025-07-18 21:24:14,2025-07-18 21:24:52,38,0.01
1664,L18,#30,GW252/13600,(1)停机过程,1,2025-07-18 21:23:42,2025-07-18 21:24:14,32,0.01
1665,L18,#30,GW252/13600,(4)启机状态,4,2025-07-18 21:18:42,2025-07-18 21:23:42,300,0.08
1666,L18,#30,GW252/13600,(3)待机状态,3,2025-07-18 21:14:35,2025-07-18 21:18:42,247,0.07
1667,L18,#30,GW252/13600,(2)停机状态,2,2025-07-18 21:08:59,2025-07-18 21:14:35,336,0.09
1668,L18,#30,GW252/13600,(1)停机过程,1,2025-07-18 21:08:26,2025-07-18 21:08:59,33,0.01
1669,L18,#30,GW252/13600,(4)启机状态,4,2025-07-18 21:03:26,2025-07-18 21:08:26,300,0.08
1670,L18,#30,GW252/13600,(3)待机状态,3,2025-07-18 21:02:22,2025-07-18 21:03:26,64,0.02
1671,L18,#30,GW252/13600,(2)停机状态,2,2025-07-18 21:02:19,2025-07-18 21:02:22,3,0
1672,L18,#30,GW252/13600,(1)停机过程,1,2025-07-18 21:01:47,2025-07-18 21:02:19,32,0.01
1673,L18,#30,GW252/13600,(4)启机状态,4,2025-07-18 20:56:48,2025-07-18 21:01:47,299,0.08
1674,L18,#30,GW252/13600,(3)待机状态,3,2025-07-18 20:54:38,2025-07-18 20:56:48,130,0.04
1675,L18,#30,GW252/13600,(2)停机状态,2,2025-07-18 20:53:13,2025-07-18 20:54:38,85,0.02
1676,L18,#30,GW252/13600,(1)停机过程,1,2025-07-18 20:52:15,2025-07-18 20:53:13,58,0.02
1677,L18,#30,GW252/13600,(5)发电状态,5,2025-07-18 19:27:39,2025-07-18 20:52:15,5076,1.41
1678,L18,#30,GW252/13600,(4)启机状态,4,2025-07-18 19:22:48,2025-07-18 19:27:39,291,0.08
1679,L18,#30,GW252/13600,(3)待机状态,3,2025-07-18 19:21:22,2025-07-18 19:22:48,86,0.02
1680,L18,#30,GW252/13600,(2)停机状态,2,2025-07-18 19:21:20,2025-07-18 19:21:22,2,0
1681,L18,#30,GW252/13600,(1)停机过程,1,2025-07-18 19:20:47,2025-07-18 19:21:20,33,0.01
1682,L18,#30,GW252/13600,(4)启机状态,4,2025-07-18 19:15:47,2025-07-18 19:20:47,300,0.08
1683,L18,#30,GW252/13600,(3)待机状态,3,2025-07-18 19:14:38,2025-07-18 19:15:47,69,0.02
1684,L18,#30,GW252/13600,(2)停机状态,2,2025-07-18 19:14:37,2025-07-18 19:14:38,1,0
1685,L18,#30,GW252/13600,(1)停机过程,1,2025-07-18 19:14:07,2025-07-18 19:14:37,30,0.01
1686,L18,#30,GW252/13600,(4)启机状态,4,2025-07-18 19:09:07,2025-07-18 19:14:07,300,0.08
1687,L18,#30,GW252/13600,(3)待机状态,3,2025-07-18 19:08:05,2025-07-18 19:09:07,62,0.02
1688,L18,#30,GW252/13600,(2)停机状态,2,2025-07-18 19:08:04,2025-07-18 19:08:05,1,0
1689,L18,#30,GW252/13600,(1)停机过程,1,2025-07-18 19:07:32,2025-07-18 19:08:04,32,0.01
1690,L18,#30,GW252/13600,(4)启机状态,4,2025-07-18 19:02:32,2025-07-18 19:07:32,300,0.08
1691,L18,#30,GW252/13600,(3)待机状态,3,2025-07-18 19:01:07,2025-07-18 19:02:32,85,0.02
1692,L18,#30,GW252/13600,(2)停机状态,2,2025-07-18 18:55:30,2025-07-18 19:01:07,337,0.09
1693,L18,#30,GW252/13600,(1)停机过程,1,2025-07-18 18:54:34,2025-07-18 18:55:30,56,0.02
1694,L18,#30,GW252/13600,(5)发电状态,5,2025-07-18 18:23:31,2025-07-18 18:54:34,1863,0.52
1695,L18,#30,GW252/13600,(4)启机状态,4,2025-07-18 18:19:54,2025-07-18 18:23:31,217,0.06
1696,L18,#30,GW252/13600,(3)待机状态,3,2025-07-18 18:18:51,2025-07-18 18:19:54,63,0.02
1697,L18,#30,GW252/13600,(1)停机过程,1,2025-07-18 18:18:20,2025-07-18 18:18:51,31,0.01
1698,L18,#30,GW252/13600,(4)启机状态,4,2025-07-18 18:13:20,2025-07-18 18:18:20,300,0.08
1699,L18,#30,GW252/13600,(3)待机状态,3,2025-07-18 18:11:45,2025-07-18 18:13:20,95,0.03
1700,L18,#30,GW252/13600,(2)停机状态,2,2025-07-18 18:09:50,2025-07-18 18:11:45,115,0.03
1701,L18,#30,GW252/13600,(1)停机过程,1,2025-07-18 18:09:17,2025-07-18 18:09:50,33,0.01
1702,L18,#30,GW252/13600,(4)启机状态,4,2025-07-18 18:04:17,2025-07-18 18:09:17,300,0.08
1703,L18,#30,GW252/13600,(3)待机状态,3,2025-07-18 18:01:44,2025-07-18 18:04:17,153,0.04
1704,L18,#30,GW252/13600,(2)停机状态,2,2025-07-18 17:56:06,2025-07-18 18:01:44,338,0.09
1705,L18,#30,GW252/13600,(1)停机过程,1,2025-07-18 17:55:36,2025-07-18 17:56:06,30,0.01
1706,L18,#30,GW252/13600,(4)启机状态,4,2025-07-18 17:50:36,2025-07-18 17:55:36,300,0.08
1707,L18,#30,GW252/13600,(3)待机状态,3,2025-07-18 17:32:49,2025-07-18 17:50:36,1067,0.3
1708,L18,#30,GW252/13600,(1)停机过程,1,2025-07-18 17:31:51,2025-07-18 17:32:49,58,0.02
1709,L18,#30,GW252/13600,(5)发电状态,5,2025-07-18 15:01:55,2025-07-18 17:31:51,8996,2.5
1710,L18,#30,GW252/13600,(4)启机状态,4,2025-07-18 15:00:42,2025-07-18 15:01:55,73,0.02
1711,L18,#30,GW252/13600,(3)待机状态,3,2025-07-18 14:59:53,2025-07-18 15:00:42,49,0.01
1712,L18,#30,GW252/13600,(1)停机过程,1,2025-07-18 14:58:52,2025-07-18 14:59:53,61,0.02
1713,L18,#30,GW252/13600,(5)发电状态,5,2025-07-18 14:57:37,2025-07-18 14:58:52,75,0.02
1714,L18,#30,GW252/13600,(4)启机状态,4,2025-07-18 14:56:07,2025-07-18 14:57:37,90,0.03
1715,L18,#30,GW252/13600,(3)待机状态,3,2025-07-18 14:54:51,2025-07-18 14:56:07,76,0.02
1716,L18,#30,GW252/13600,(2)停机状态,2,2025-07-18 14:22:48,2025-07-18 14:54:51,1923,0.53
1717,L18,#30,GW252/13600,(1)停机过程,1,2025-07-18 14:21:45,2025-07-18 14:22:48,63,0.02
1718,L18,#30,GW252/13600,(5)发电状态,5,2025-07-17 17:14:48,2025-07-18 14:21:45,76017,21.12
1719,L18,#30,GW252/13600,(4)启机状态,4,2025-07-17 17:12:56,2025-07-17 17:14:48,112,0.03
1720,L18,#30,GW252/13600,(3)待机状态,3,2025-07-17 17:12:01,2025-07-17 17:12:56,55,0.02
1721,L18,#30,GW252/13600,(2)停机状态,2,2025-07-17 17:12:00,2025-07-17 17:12:01,1,0
1722,L18,#30,GW252/13600,(1)停机过程,1,2025-07-17 17:11:04,2025-07-17 17:12:00,56,0.02
1723,L18,#30,GW252/13600,(4)启机状态,4,2025-07-17 17:06:04,2025-07-17 17:11:04,300,0.08
1724,L18,#30,GW252/13600,(3)待机状态,3,2025-07-17 17:04:59,2025-07-17 17:06:04,65,0.02
1725,L18,#30,GW252/13600,(2)停机状态,2,2025-07-17 17:04:57,2025-07-17 17:04:59,2,0
1726,L18,#30,GW252/13600,(1)停机过程,1,2025-07-17 17:04:25,2025-07-17 17:04:57,32,0.01
1727,L18,#30,GW252/13600,(4)启机状态,4,2025-07-17 16:59:25,2025-07-17 17:04:25,300,0.08
1728,L18,#30,GW252/13600,(3)待机状态,3,2025-07-17 16:58:05,2025-07-17 16:59:25,80,0.02
1729,L18,#30,GW252/13600,(2)停机状态,2,2025-07-17 16:58:03,2025-07-17 16:58:05,2,0
1730,L18,#30,GW252/13600,(1)停机过程,1,2025-07-17 16:57:32,2025-07-17 16:58:03,31,0.01
1731,L18,#30,GW252/13600,(4)启机状态,4,2025-07-17 16:52:33,2025-07-17 16:57:32,299,0.08
1732,L18,#30,GW252/13600,(3)待机状态,3,2025-07-17 16:45:07,2025-07-17 16:52:33,446,0.12
1733,L18,#30,GW252/13600,(2)停机状态,2,2025-07-17 16:43:50,2025-07-17 16:45:07,77,0.02
1734,L18,#30,GW252/13600,(1)停机过程,1,2025-07-17 16:43:18,2025-07-17 16:43:50,32,0.01
1735,L18,#30,GW252/13600,(4)启机状态,4,2025-07-17 16:38:18,2025-07-17 16:43:18,300,0.08
1736,L18,#30,GW252/13600,(3)待机状态,3,2025-07-17 10:00:07,2025-07-17 16:38:18,23891,6.64
1737,L18,#30,GW252/13600,(2)停机状态,2,2025-07-17 10:00:06,2025-07-17 10:00:07,1,0
1738,L18,#30,GW252/13600,(1)停机过程,1,2025-07-17 09:59:35,2025-07-17 10:00:06,31,0.01
1739,L18,#30,GW252/13600,(4)启机状态,4,2025-07-17 09:54:35,2025-07-17 09:59:35,300,0.08
1740,L18,#30,GW252/13600,(3)待机状态,3,2025-07-17 08:22:55,2025-07-17 09:54:35,5500,1.53
1741,L18,#30,GW252/13600,(2)停机状态,2,2025-07-17 08:18:04,2025-07-17 08:22:55,291,0.08
1742,L18,#30,GW252/13600,(1)停机过程,1,2025-07-17 08:17:32,2025-07-17 08:18:04,32,0.01
1743,L18,#30,GW252/13600,(4)启机状态,4,2025-07-17 08:12:30,2025-07-17 08:17:32,302,0.08
1744,L18,#30,GW252/13600,(3)待机状态,3,2025-07-17 07:58:03,2025-07-17 08:12:30,867,0.24
1745,L18,#30,GW252/13600,(2)停机状态,2,2025-07-17 07:54:50,2025-07-17 07:58:03,193,0.05
1746,L18,#30,GW252/13600,(1)停机过程,1,2025-07-17 07:53:53,2025-07-17 07:54:50,57,0.02
1747,L18,#30,GW252/13600,(5)发电状态,5,2025-07-16 19:24:51,2025-07-17 07:53:53,44942,12.48
1748,L18,#30,GW252/13600,(4)启机状态,4,2025-07-16 19:21:34,2025-07-16 19:24:51,197,0.05
1749,L18,#30,GW252/13600,(3)待机状态,3,2025-07-16 19:20:29,2025-07-16 19:21:34,65,0.02
1750,L18,#30,GW252/13600,(2)停机状态,2,2025-07-16 19:20:28,2025-07-16 19:20:29,1,0
1751,L18,#30,GW252/13600,(1)停机过程,1,2025-07-16 19:19:57,2025-07-16 19:20:28,31,0.01
1752,L18,#30,GW252/13600,(4)启机状态,4,2025-07-16 19:14:56,2025-07-16 19:19:57,301,0.08
1753,L18,#30,GW252/13600,(3)待机状态,3,2025-07-16 19:13:51,2025-07-16 19:14:56,65,0.02
1754,L18,#30,GW252/13600,(2)停机状态,2,2025-07-16 19:13:49,2025-07-16 19:13:51,2,0
1755,L18,#30,GW252/13600,(1)停机过程,1,2025-07-16 19:13:18,2025-07-16 19:13:49,31,0.01
1756,L18,#30,GW252/13600,(4)启机状态,4,2025-07-16 19:08:18,2025-07-16 19:13:18,300,0.08
1757,L18,#30,GW252/13600,(3)待机状态,3,2025-07-16 18:45:41,2025-07-16 19:08:18,1357,0.38
1758,L18,#30,GW252/13600,(2)停机状态,2,2025-07-16 18:45:39,2025-07-16 18:45:41,2,0
1759,L18,#30,GW252/13600,(1)停机过程,1,2025-07-16 18:45:08,2025-07-16 18:45:39,31,0.01
1760,L18,#30,GW252/13600,(4)启机状态,4,2025-07-16 18:40:08,2025-07-16 18:45:08,300,0.08
1761,L18,#30,GW252/13600,(3)待机状态,3,2025-07-16 18:38:40,2025-07-16 18:40:08,88,0.02
1762,L18,#30,GW252/13600,(2)停机状态,2,2025-07-16 18:38:39,2025-07-16 18:38:40,1,0
1763,L18,#30,GW252/13600,(1)停机过程,1,2025-07-16 18:38:07,2025-07-16 18:38:39,32,0.01
1764,L18,#30,GW252/13600,(4)启机状态,4,2025-07-16 18:33:07,2025-07-16 18:38:07,300,0.08
1765,L18,#30,GW252/13600,(3)待机状态,3,2025-07-16 18:25:02,2025-07-16 18:33:07,485,0.13
1766,L18,#30,GW252/13600,(2)停机状态,2,2025-07-16 18:24:59,2025-07-16 18:25:02,3,0
1767,L18,#30,GW252/13600,(1)停机过程,1,2025-07-16 18:24:27,2025-07-16 18:24:59,32,0.01
1768,L18,#30,GW252/13600,(4)启机状态,4,2025-07-16 18:19:27,2025-07-16 18:24:27,300,0.08
1769,L18,#30,GW252/13600,(3)待机状态,3,2025-07-16 18:18:05,2025-07-16 18:19:27,82,0.02
1770,L18,#30,GW252/13600,(1)停机过程,1,2025-07-16 18:17:33,2025-07-16 18:18:05,32,0.01
1771,L18,#30,GW252/13600,(4)启机状态,4,2025-07-16 18:12:33,2025-07-16 18:17:33,300,0.08
1772,L18,#30,GW252/13600,(3)待机状态,3,2025-07-16 18:11:23,2025-07-16 18:12:33,70,0.02
1773,L18,#30,GW252/13600,(2)停机状态,2,2025-07-16 18:11:21,2025-07-16 18:11:23,2,0
1774,L18,#30,GW252/13600,(1)停机过程,1,2025-07-16 18:10:50,2025-07-16 18:11:21,31,0.01
1775,L18,#30,GW252/13600,(4)启机状态,4,2025-07-16 18:05:49,2025-07-16 18:10:50,301,0.08
1776,L18,#30,GW252/13600,(3)待机状态,3,2025-07-16 18:04:42,2025-07-16 18:05:49,67,0.02
1777,L18,#30,GW252/13600,(2)停机状态,2,2025-07-16 18:04:41,2025-07-16 18:04:42,1,0
1778,L18,#30,GW252/13600,(1)停机过程,1,2025-07-16 18:04:09,2025-07-16 18:04:41,32,0.01
1779,L18,#30,GW252/13600,(4)启机状态,4,2025-07-16 17:59:09,2025-07-16 18:04:09,300,0.08
1780,L18,#30,GW252/13600,(3)待机状态,3,2025-07-16 17:58:05,2025-07-16 17:59:09,64,0.02
1781,L18,#30,GW252/13600,(2)停机状态,2,2025-07-16 17:58:04,2025-07-16 17:58:05,1,0
1782,L18,#30,GW252/13600,(1)停机过程,1,2025-07-16 17:57:32,2025-07-16 17:58:04,32,0.01
1783,L18,#30,GW252/13600,(4)启机状态,4,2025-07-16 17:52:32,2025-07-16 17:57:32,300,0.08
1784,L18,#30,GW252/13600,(3)待机状态,3,2025-07-16 17:51:29,2025-07-16 17:52:32,63,0.02
1785,L18,#30,GW252/13600,(2)停机状态,2,2025-07-16 17:51:28,2025-07-16 17:51:29,1,0
1786,L18,#30,GW252/13600,(1)停机过程,1,2025-07-16 17:50:56,2025-07-16 17:51:28,32,0.01
1787,L18,#30,GW252/13600,(4)启机状态,4,2025-07-16 17:45:56,2025-07-16 17:50:56,300,0.08
1788,L18,#30,GW252/13600,(3)待机状态,3,2025-07-16 17:44:56,2025-07-16 17:45:56,60,0.02
1789,L18,#30,GW252/13600,(1)停机过程,1,2025-07-16 17:44:24,2025-07-16 17:44:56,32,0.01
1790,L18,#30,GW252/13600,(4)启机状态,4,2025-07-16 17:39:24,2025-07-16 17:44:24,300,0.08
1791,L18,#30,GW252/13600,(3)待机状态,3,2025-07-16 17:38:14,2025-07-16 17:39:24,70,0.02
1792,L18,#30,GW252/13600,(1)停机过程,1,2025-07-16 17:37:42,2025-07-16 17:38:14,32,0.01
1793,L18,#30,GW252/13600,(4)启机状态,4,2025-07-16 17:32:42,2025-07-16 17:37:42,300,0.08
1794,L18,#30,GW252/13600,(3)待机状态,3,2025-07-16 17:31:34,2025-07-16 17:32:42,68,0.02
1795,L18,#30,GW252/13600,(1)停机过程,1,2025-07-16 17:31:02,2025-07-16 17:31:34,32,0.01
1796,L18,#30,GW252/13600,(4)启机状态,4,2025-07-16 17:26:02,2025-07-16 17:31:02,300,0.08
1797,L18,#30,GW252/13600,(3)待机状态,3,2025-07-16 17:24:54,2025-07-16 17:26:02,68,0.02
1798,L18,#30,GW252/13600,(2)停机状态,2,2025-07-16 17:24:53,2025-07-16 17:24:54,1,0
1799,L18,#30,GW252/13600,(1)停机过程,1,2025-07-16 17:24:22,2025-07-16 17:24:53,31,0.01
1800,L18,#30,GW252/13600,(4)启机状态,4,2025-07-16 17:19:22,2025-07-16 17:24:22,300,0.08
1801,L18,#30,GW252/13600,(3)待机状态,3,2025-07-16 17:18:05,2025-07-16 17:19:22,77,0.02
1802,L18,#30,GW252/13600,(2)停机状态,2,2025-07-16 17:17:38,2025-07-16 17:18:05,27,0.01
1803,L18,#30,GW252/13600,(1)停机过程,1,2025-07-16 17:17:06,2025-07-16 17:17:38,32,0.01
1804,L18,#30,GW252/13600,(4)启机状态,4,2025-07-16 17:12:06,2025-07-16 17:17:06,300,0.08
1805,L18,#30,GW252/13600,(3)待机状态,3,2025-07-16 17:10:54,2025-07-16 17:12:06,72,0.02
1806,L18,#30,GW252/13600,(2)停机状态,2,2025-07-16 17:10:53,2025-07-16 17:10:54,1,0
1807,L18,#30,GW252/13600,(1)停机过程,1,2025-07-16 17:10:22,2025-07-16 17:10:53,31,0.01
1808,L18,#30,GW252/13600,(4)启机状态,4,2025-07-16 17:05:23,2025-07-16 17:10:22,299,0.08
1809,L18,#30,GW252/13600,(3)待机状态,3,2025-07-16 16:59:05,2025-07-16 17:05:23,378,0.11
1810,L18,#30,GW252/13600,(2)停机状态,2,2025-07-16 16:58:57,2025-07-16 16:59:05,8,0
1811,L18,#30,GW252/13600,(1)停机过程,1,2025-07-16 16:58:25,2025-07-16 16:58:57,32,0.01
1812,L18,#30,GW252/13600,(4)启机状态,4,2025-07-16 16:53:25,2025-07-16 16:58:25,300,0.08
1813,L18,#30,GW252/13600,(3)待机状态,3,2025-07-16 16:51:18,2025-07-16 16:53:25,127,0.04
1814,L18,#30,GW252/13600,(2)停机状态,2,2025-07-16 16:51:16,2025-07-16 16:51:18,2,0
1815,L18,#30,GW252/13600,(1)停机过程,1,2025-07-16 16:50:45,2025-07-16 16:51:16,31,0.01
1816,L18,#30,GW252/13600,(4)启机状态,4,2025-07-16 16:45:45,2025-07-16 16:50:45,300,0.08
1817,L18,#30,GW252/13600,(3)待机状态,3,2025-07-16 16:44:32,2025-07-16 16:45:45,73,0.02
1818,L18,#30,GW252/13600,(2)停机状态,2,2025-07-16 16:44:31,2025-07-16 16:44:32,1,0
1819,L18,#30,GW252/13600,(1)停机过程,1,2025-07-16 16:43:59,2025-07-16 16:44:31,32,0.01
1820,L18,#30,GW252/13600,(4)启机状态,4,2025-07-16 16:38:59,2025-07-16 16:43:59,300,0.08
1821,L18,#30,GW252/13600,(3)待机状态,3,2025-07-16 16:37:50,2025-07-16 16:38:59,69,0.02
1822,L18,#30,GW252/13600,(2)停机状态,2,2025-07-16 16:37:48,2025-07-16 16:37:50,2,0
1823,L18,#30,GW252/13600,(1)停机过程,1,2025-07-16 16:37:17,2025-07-16 16:37:48,31,0.01
1824,L18,#30,GW252/13600,(4)启机状态,4,2025-07-16 16:32:16,2025-07-16 16:37:17,301,0.08
1825,L18,#30,GW252/13600,(3)待机状态,3,2025-07-16 16:28:56,2025-07-16 16:32:16,200,0.06
1826,L18,#30,GW252/13600,(2)停机状态,2,2025-07-16 16:28:55,2025-07-16 16:28:56,1,0
1827,L18,#30,GW252/13600,(1)停机过程,1,2025-07-16 16:28:22,2025-07-16 16:28:55,33,0.01
1828,L18,#30,GW252/13600,(4)启机状态,4,2025-07-16 16:23:21,2025-07-16 16:28:22,301,0.08
1829,L18,#30,GW252/13600,(3)待机状态,3,2025-07-16 16:20:03,2025-07-16 16:23:21,198,0.06
1830,L18,#30,GW252/13600,(2)停机状态,2,2025-07-16 16:20:01,2025-07-16 16:20:03,2,0
1831,L18,#30,GW252/13600,(1)停机过程,1,2025-07-16 16:19:31,2025-07-16 16:20:01,30,0.01
1832,L18,#30,GW252/13600,(4)启机状态,4,2025-07-16 16:14:30,2025-07-16 16:19:31,301,0.08
1833,L18,#30,GW252/13600,(3)待机状态,3,2025-07-16 16:13:26,2025-07-16 16:14:30,64,0.02
1834,L18,#30,GW252/13600,(2)停机状态,2,2025-07-16 16:13:25,2025-07-16 16:13:26,1,0
1835,L18,#30,GW252/13600,(1)停机过程,1,2025-07-16 16:12:53,2025-07-16 16:13:25,32,0.01
1836,L18,#30,GW252/13600,(4)启机状态,4,2025-07-16 16:07:53,2025-07-16 16:12:53,300,0.08
1837,L18,#30,GW252/13600,(3)待机状态,3,2025-07-16 16:06:38,2025-07-16 16:07:53,75,0.02
1838,L18,#30,GW252/13600,(2)停机状态,2,2025-07-16 16:06:37,2025-07-16 16:06:38,1,0
1839,L18,#30,GW252/13600,(1)停机过程,1,2025-07-16 16:06:06,2025-07-16 16:06:37,31,0.01
1840,L18,#30,GW252/13600,(4)启机状态,4,2025-07-16 16:01:06,2025-07-16 16:06:06,300,0.08
1841,L18,#30,GW252/13600,(3)待机状态,3,2025-07-16 15:59:44,2025-07-16 16:01:06,82,0.02
1842,L18,#30,GW252/13600,(2)停机状态,2,2025-07-16 15:59:42,2025-07-16 15:59:44,2,0
1843,L18,#30,GW252/13600,(1)停机过程,1,2025-07-16 15:59:09,2025-07-16 15:59:42,33,0.01
1844,L18,#30,GW252/13600,(4)启机状态,4,2025-07-16 15:54:09,2025-07-16 15:59:09,300,0.08
1845,L18,#30,GW252/13600,(3)待机状态,3,2025-07-16 15:52:59,2025-07-16 15:54:09,70,0.02
1846,L18,#30,GW252/13600,(2)停机状态,2,2025-07-16 15:52:58,2025-07-16 15:52:59,1,0
1847,L18,#30,GW252/13600,(1)停机过程,1,2025-07-16 15:52:27,2025-07-16 15:52:58,31,0.01
1848,L18,#30,GW252/13600,(4)启机状态,4,2025-07-16 15:47:26,2025-07-16 15:52:27,301,0.08
1849,L18,#30,GW252/13600,(3)待机状态,3,2025-07-16 15:46:23,2025-07-16 15:47:26,63,0.02
1850,L18,#30,GW252/13600,(2)停机状态,2,2025-07-16 15:46:21,2025-07-16 15:46:23,2,0
1851,L18,#30,GW252/13600,(1)停机过程,1,2025-07-16 15:45:48,2025-07-16 15:46:21,33,0.01
1852,L18,#30,GW252/13600,(4)启机状态,4,2025-07-16 15:40:49,2025-07-16 15:45:48,299,0.08
1853,L18,#30,GW252/13600,(3)待机状态,3,2025-07-16 15:38:43,2025-07-16 15:40:49,126,0.04
1854,L18,#30,GW252/13600,(2)停机状态,2,2025-07-16 15:38:42,2025-07-16 15:38:43,1,0
1855,L18,#30,GW252/13600,(1)停机过程,1,2025-07-16 15:38:12,2025-07-16 15:38:42,30,0.01
1856,L18,#30,GW252/13600,(4)启机状态,4,2025-07-16 15:33:12,2025-07-16 15:38:12,300,0.08
1857,L18,#30,GW252/13600,(3)待机状态,3,2025-07-16 15:32:06,2025-07-16 15:33:12,66,0.02
1858,L18,#30,GW252/13600,(2)停机状态,2,2025-07-16 15:32:05,2025-07-16 15:32:06,1,0
1859,L18,#30,GW252/13600,(1)停机过程,1,2025-07-16 15:31:33,2025-07-16 15:32:05,32,0.01
1860,L18,#30,GW252/13600,(4)启机状态,4,2025-07-16 15:26:33,2025-07-16 15:31:33,300,0.08
1861,L18,#30,GW252/13600,(3)待机状态,3,2025-07-16 15:25:19,2025-07-16 15:26:33,74,0.02
1862,L18,#30,GW252/13600,(2)停机状态,2,2025-07-16 15:25:17,2025-07-16 15:25:19,2,0
1863,L18,#30,GW252/13600,(1)停机过程,1,2025-07-16 15:24:46,2025-07-16 15:25:17,31,0.01
1864,L18,#30,GW252/13600,(4)启机状态,4,2025-07-16 15:19:46,2025-07-16 15:24:46,300,0.08
1865,L18,#30,GW252/13600,(3)待机状态,3,2025-07-16 15:13:27,2025-07-16 15:19:46,379,0.11
1866,L18,#30,GW252/13600,(2)停机状态,2,2025-07-16 15:13:25,2025-07-16 15:13:27,2,0
1867,L18,#30,GW252/13600,(1)停机过程,1,2025-07-16 15:12:54,2025-07-16 15:13:25,31,0.01
1868,L18,#30,GW252/13600,(4)启机状态,4,2025-07-16 15:07:54,2025-07-16 15:12:54,300,0.08
1869,L18,#30,GW252/13600,(3)待机状态,3,2025-07-16 15:05:08,2025-07-16 15:07:54,166,0.05
1870,L18,#30,GW252/13600,(2)停机状态,2,2025-07-16 15:05:07,2025-07-16 15:05:08,1,0
1871,L18,#30,GW252/13600,(1)停机过程,1,2025-07-16 15:04:36,2025-07-16 15:05:07,31,0.01
1872,L18,#30,GW252/13600,(4)启机状态,4,2025-07-16 14:59:36,2025-07-16 15:04:36,300,0.08
1873,L18,#30,GW252/13600,(3)待机状态,3,2025-07-16 14:57:58,2025-07-16 14:59:36,98,0.03
1874,L18,#30,GW252/13600,(2)停机状态,2,2025-07-16 14:57:57,2025-07-16 14:57:58,1,0
1875,L18,#30,GW252/13600,(1)停机过程,1,2025-07-16 14:57:25,2025-07-16 14:57:57,32,0.01
1876,L18,#30,GW252/13600,(4)启机状态,4,2025-07-16 14:52:26,2025-07-16 14:57:25,299,0.08
1877,L18,#30,GW252/13600,(3)待机状态,3,2025-07-16 14:51:09,2025-07-16 14:52:26,77,0.02
1878,L18,#30,GW252/13600,(2)停机状态,2,2025-07-16 14:51:07,2025-07-16 14:51:09,2,0
1879,L18,#30,GW252/13600,(1)停机过程,1,2025-07-16 14:50:35,2025-07-16 14:51:07,32,0.01
1880,L18,#30,GW252/13600,(4)启机状态,4,2025-07-16 14:45:35,2025-07-16 14:50:35,300,0.08
1881,L18,#30,GW252/13600,(3)待机状态,3,2025-07-16 13:44:57,2025-07-16 14:45:35,3638,1.01
1882,L18,#30,GW252/13600,(2)停机状态,2,2025-07-16 13:44:56,2025-07-16 13:44:57,1,0
1883,L18,#30,GW252/13600,(1)停机过程,1,2025-07-16 13:44:25,2025-07-16 13:44:56,31,0.01
1884,L18,#30,GW252/13600,(4)启机状态,4,2025-07-16 13:39:24,2025-07-16 13:44:25,301,0.08
1885,L18,#30,GW252/13600,(3)待机状态,3,2025-07-16 13:16:55,2025-07-16 13:39:24,1349,0.37
1886,L18,#30,GW252/13600,(2)停机状态,2,2025-07-16 13:15:17,2025-07-16 13:16:55,98,0.03
1887,L18,#30,GW252/13600,(1)停机过程,1,2025-07-16 13:14:19,2025-07-16 13:15:17,58,0.02
1888,L18,#30,GW252/13600,(5)发电状态,5,2025-07-15 15:02:31,2025-07-16 13:14:19,79908,22.2
1889,L18,#30,GW252/13600,(4)启机状态,4,2025-07-15 14:59:07,2025-07-15 15:02:31,204,0.06
1890,L18,#30,GW252/13600,(3)待机状态,3,2025-07-15 14:58:05,2025-07-15 14:59:07,62,0.02
1891,L18,#30,GW252/13600,(2)停机状态,2,2025-07-15 14:58:04,2025-07-15 14:58:05,1,0
1892,L18,#30,GW252/13600,(1)停机过程,1,2025-07-15 14:57:31,2025-07-15 14:58:04,33,0.01
1893,L18,#30,GW252/13600,(4)启机状态,4,2025-07-15 14:52:31,2025-07-15 14:57:31,300,0.08
1894,L18,#30,GW252/13600,(3)待机状态,3,2025-07-15 14:51:25,2025-07-15 14:52:31,66,0.02
1895,L18,#30,GW252/13600,(2)停机状态,2,2025-07-15 14:51:22,2025-07-15 14:51:25,3,0
1896,L18,#30,GW252/13600,(1)停机过程,1,2025-07-15 14:50:52,2025-07-15 14:51:22,30,0.01
1897,L18,#30,GW252/13600,(4)启机状态,4,2025-07-15 14:45:52,2025-07-15 14:50:52,300,0.08
1898,L18,#30,GW252/13600,(3)待机状态,3,2025-07-15 14:44:47,2025-07-15 14:45:52,65,0.02
1899,L18,#30,GW252/13600,(2)停机状态,2,2025-07-15 14:44:46,2025-07-15 14:44:47,1,0
1900,L18,#30,GW252/13600,(1)停机过程,1,2025-07-15 14:44:13,2025-07-15 14:44:46,33,0.01
1901,L18,#30,GW252/13600,(4)启机状态,4,2025-07-15 14:39:13,2025-07-15 14:44:13,300,0.08
1902,L18,#30,GW252/13600,(3)待机状态,3,2025-07-15 14:38:04,2025-07-15 14:39:13,69,0.02
1903,L18,#30,GW252/13600,(2)停机状态,2,2025-07-15 14:38:02,2025-07-15 14:38:04,2,0
1904,L18,#30,GW252/13600,(1)停机过程,1,2025-07-15 14:37:31,2025-07-15 14:38:02,31,0.01
1905,L18,#30,GW252/13600,(4)启机状态,4,2025-07-15 14:32:31,2025-07-15 14:37:31,300,0.08
1906,L18,#30,GW252/13600,(3)待机状态,3,2025-07-15 14:31:10,2025-07-15 14:32:31,81,0.02
1907,L18,#30,GW252/13600,(2)停机状态,2,2025-07-15 14:31:07,2025-07-15 14:31:10,3,0
1908,L18,#30,GW252/13600,(1)停机过程,1,2025-07-15 14:30:35,2025-07-15 14:31:07,32,0.01
1909,L18,#30,GW252/13600,(4)启机状态,4,2025-07-15 14:25:35,2025-07-15 14:30:35,300,0.08
1910,L18,#30,GW252/13600,(3)待机状态,3,2025-07-15 14:24:21,2025-07-15 14:25:35,74,0.02
1911,L18,#30,GW252/13600,(2)停机状态,2,2025-07-15 14:24:20,2025-07-15 14:24:21,1,0
1912,L18,#30,GW252/13600,(1)停机过程,1,2025-07-15 14:23:49,2025-07-15 14:24:20,31,0.01
1913,L18,#30,GW252/13600,(4)启机状态,4,2025-07-15 14:18:49,2025-07-15 14:23:49,300,0.08
1914,L18,#30,GW252/13600,(3)待机状态,3,2025-07-15 14:13:58,2025-07-15 14:18:49,291,0.08
1915,L18,#30,GW252/13600,(2)停机状态,2,2025-07-15 14:13:12,2025-07-15 14:13:58,46,0.01
1916,L18,#30,GW252/13600,(1)停机过程,1,2025-07-15 14:12:40,2025-07-15 14:13:12,32,0.01
1917,L18,#30,GW252/13600,(4)启机状态,4,2025-07-15 14:07:39,2025-07-15 14:12:40,301,0.08
1918,L18,#30,GW252/13600,(3)待机状态,3,2025-07-15 13:52:41,2025-07-15 14:07:39,898,0.25
1919,L18,#30,GW252/13600,(1)停机过程,1,2025-07-15 13:52:09,2025-07-15 13:52:41,32,0.01
1920,L18,#30,GW252/13600,(4)启机状态,4,2025-07-15 13:47:07,2025-07-15 13:52:09,302,0.08
1921,L18,#30,GW252/13600,(3)待机状态,3,2025-07-15 13:44:09,2025-07-15 13:47:07,178,0.05
1922,L18,#30,GW252/13600,(2)停机状态,2,2025-07-15 13:44:00,2025-07-15 13:44:09,9,0
1923,L18,#30,GW252/13600,(1)停机过程,1,2025-07-15 13:43:27,2025-07-15 13:44:00,33,0.01
1924,L18,#30,GW252/13600,(4)启机状态,4,2025-07-15 13:38:27,2025-07-15 13:43:27,300,0.08
1925,L18,#30,GW252/13600,(3)待机状态,3,2025-07-15 13:37:14,2025-07-15 13:38:27,73,0.02
1926,L18,#30,GW252/13600,(2)停机状态,2,2025-07-15 13:37:12,2025-07-15 13:37:14,2,0
1927,L18,#30,GW252/13600,(1)停机过程,1,2025-07-15 13:36:41,2025-07-15 13:37:12,31,0.01
1928,L18,#30,GW252/13600,(4)启机状态,4,2025-07-15 13:31:40,2025-07-15 13:36:41,301,0.08
1929,L18,#30,GW252/13600,(3)待机状态,3,2025-07-15 13:13:33,2025-07-15 13:31:40,1087,0.3
1930,L18,#30,GW252/13600,(2)停机状态,2,2025-07-15 13:08:27,2025-07-15 13:13:33,306,0.09
1931,L18,#30,GW252/13600,(1)停机过程,1,2025-07-15 13:07:30,2025-07-15 13:08:27,57,0.02
1932,L18,#30,GW252/13600,(5)发电状态,5,2025-07-15 11:45:25,2025-07-15 13:07:30,4925,1.37
1933,L18,#30,GW252/13600,(4)启机状态,4,2025-07-15 11:43:35,2025-07-15 11:45:25,110,0.03
1934,L18,#30,GW252/13600,(3)待机状态,3,2025-07-15 11:42:39,2025-07-15 11:43:35,56,0.02
1935,L18,#30,GW252/13600,(2)停机状态,2,2025-07-15 11:37:46,2025-07-15 11:42:39,293,0.08
1936,L18,#30,GW252/13600,(1)停机过程,1,2025-07-15 11:37:36,2025-07-15 11:37:46,10,0
1937,L18,#30,GW252/13600,(9)维护状态,9,2025-07-14 18:54:29,2025-07-15 11:37:36,60187,16.72
1938,L18,#30,GW252/13600,(2)停机状态,2,2025-07-14 18:54:11,2025-07-14 18:54:29,18,0.01
1939,L18,#30,GW252/13600,(1)停机过程,1,2025-07-14 18:53:38,2025-07-14 18:54:11,33,0.01
1940,L18,#30,GW252/13600,(4)启机状态,4,2025-07-14 18:52:53,2025-07-14 18:53:38,45,0.01
1941,L18,#30,GW252/13600,(3)待机状态,3,2025-07-14 18:49:54,2025-07-14 18:52:53,179,0.05
1942,L18,#30,GW252/13600,(2)停机状态,2,2025-07-14 18:49:53,2025-07-14 18:49:54,1,0
1943,L18,#30,GW252/13600,(1)停机过程,1,2025-07-14 18:49:22,2025-07-14 18:49:53,31,0.01
1944,L18,#30,GW252/13600,(4)启机状态,4,2025-07-14 18:44:22,2025-07-14 18:49:22,300,0.08
1945,L18,#30,GW252/13600,(3)待机状态,3,2025-07-14 18:41:07,2025-07-14 18:44:22,195,0.05
1946,L18,#30,GW252/13600,(1)停机过程,1,2025-07-14 18:40:36,2025-07-14 18:41:07,31,0.01
1947,L18,#30,GW252/13600,(4)启机状态,4,2025-07-14 18:35:36,2025-07-14 18:40:36,300,0.08
1948,L18,#30,GW252/13600,(3)待机状态,3,2025-07-14 18:33:45,2025-07-14 18:35:36,111,0.03
1949,L18,#30,GW252/13600,(2)停机状态,2,2025-07-14 18:33:43,2025-07-14 18:33:45,2,0
1950,L18,#30,GW252/13600,(1)停机过程,1,2025-07-14 18:33:13,2025-07-14 18:33:43,30,0.01
1951,L18,#30,GW252/13600,(4)启机状态,4,2025-07-14 18:28:44,2025-07-14 18:33:13,269,0.07
1952,L18,#30,GW252/13600,(3)待机状态,3,2025-07-14 17:18:25,2025-07-14 18:28:44,4219,1.17
1953,L18,#30,GW252/13600,(1)停机过程,1,2025-07-14 17:17:53,2025-07-14 17:18:25,32,0.01
1954,L18,#30,GW252/13600,(4)启机状态,4,2025-07-14 17:12:53,2025-07-14 17:17:53,300,0.08
1955,L18,#30,GW252/13600,(3)待机状态,3,2025-07-14 17:11:07,2025-07-14 17:12:53,106,0.03
1956,L18,#30,GW252/13600,(1)停机过程,1,2025-07-14 17:10:35,2025-07-14 17:11:07,32,0.01
1957,L18,#30,GW252/13600,(4)启机状态,4,2025-07-14 17:05:35,2025-07-14 17:10:35,300,0.08
1958,L18,#30,GW252/13600,(3)待机状态,3,2025-07-14 17:04:15,2025-07-14 17:05:35,80,0.02
1959,L18,#30,GW252/13600,(2)停机状态,2,2025-07-14 17:04:13,2025-07-14 17:04:15,2,0
1960,L18,#30,GW252/13600,(1)停机过程,1,2025-07-14 17:03:41,2025-07-14 17:04:13,32,0.01
1961,L18,#30,GW252/13600,(4)启机状态,4,2025-07-14 16:58:42,2025-07-14 17:03:41,299,0.08
1962,L18,#30,GW252/13600,(3)待机状态,3,2025-07-14 16:57:42,2025-07-14 16:58:42,60,0.02
1963,L18,#30,GW252/13600,(2)停机状态,2,2025-07-14 16:57:41,2025-07-14 16:57:42,1,0
1964,L18,#30,GW252/13600,(1)停机过程,1,2025-07-14 16:57:09,2025-07-14 16:57:41,32,0.01
1965,L18,#30,GW252/13600,(4)启机状态,4,2025-07-14 16:52:09,2025-07-14 16:57:09,300,0.08
1966,L18,#30,GW252/13600,(3)待机状态,3,2025-07-14 16:51:07,2025-07-14 16:52:09,62,0.02
1967,L18,#30,GW252/13600,(2)停机状态,2,2025-07-14 16:51:06,2025-07-14 16:51:07,1,0
1968,L18,#30,GW252/13600,(1)停机过程,1,2025-07-14 16:50:35,2025-07-14 16:51:06,31,0.01
1969,L18,#30,GW252/13600,(4)启机状态,4,2025-07-14 16:45:35,2025-07-14 16:50:35,300,0.08
1970,L18,#30,GW252/13600,(3)待机状态,3,2025-07-14 16:44:30,2025-07-14 16:45:35,65,0.02
1971,L18,#30,GW252/13600,(2)停机状态,2,2025-07-14 16:44:28,2025-07-14 16:44:30,2,0
1972,L18,#30,GW252/13600,(1)停机过程,1,2025-07-14 16:43:56,2025-07-14 16:44:28,32,0.01
1973,L18,#30,GW252/13600,(4)启机状态,4,2025-07-14 16:38:56,2025-07-14 16:43:56,300,0.08
1974,L18,#30,GW252/13600,(3)待机状态,3,2025-07-14 16:37:51,2025-07-14 16:38:56,65,0.02
1975,L18,#30,GW252/13600,(2)停机状态,2,2025-07-14 16:37:48,2025-07-14 16:37:51,3,0
1976,L18,#30,GW252/13600,(1)停机过程,1,2025-07-14 16:37:17,2025-07-14 16:37:48,31,0.01
1977,L18,#30,GW252/13600,(4)启机状态,4,2025-07-14 16:32:18,2025-07-14 16:37:17,299,0.08
1978,L18,#30,GW252/13600,(3)待机状态,3,2025-07-14 16:31:10,2025-07-14 16:32:18,68,0.02
1979,L18,#30,GW252/13600,(2)停机状态,2,2025-07-14 16:31:09,2025-07-14 16:31:10,1,0
1980,L18,#30,GW252/13600,(1)停机过程,1,2025-07-14 16:30:37,2025-07-14 16:31:09,32,0.01
1981,L18,#30,GW252/13600,(4)启机状态,4,2025-07-14 16:25:37,2025-07-14 16:30:37,300,0.08
1982,L18,#30,GW252/13600,(3)待机状态,3,2025-07-14 16:24:37,2025-07-14 16:25:37,60,0.02
1983,L18,#30,GW252/13600,(1)停机过程,1,2025-07-14 16:24:05,2025-07-14 16:24:37,32,0.01
1984,L18,#30,GW252/13600,(4)启机状态,4,2025-07-14 16:19:05,2025-07-14 16:24:05,300,0.08
1985,L18,#30,GW252/13600,(3)待机状态,3,2025-07-14 16:17:58,2025-07-14 16:19:05,67,0.02
1986,L18,#30,GW252/13600,(2)停机状态,2,2025-07-14 16:17:55,2025-07-14 16:17:58,3,0
1987,L18,#30,GW252/13600,(1)停机过程,1,2025-07-14 16:17:23,2025-07-14 16:17:55,32,0.01
1988,L18,#30,GW252/13600,(4)启机状态,4,2025-07-14 16:12:23,2025-07-14 16:17:23,300,0.08
1989,L18,#30,GW252/13600,(3)待机状态,3,2025-07-14 16:11:09,2025-07-14 16:12:23,74,0.02
1990,L18,#30,GW252/13600,(2)停机状态,2,2025-07-14 16:11:06,2025-07-14 16:11:09,3,0
1991,L18,#30,GW252/13600,(1)停机过程,1,2025-07-14 16:10:36,2025-07-14 16:11:06,30,0.01
1992,L18,#30,GW252/13600,(4)启机状态,4,2025-07-14 16:05:36,2025-07-14 16:10:36,300,0.08
1993,L18,#30,GW252/13600,(3)待机状态,3,2025-07-14 16:04:27,2025-07-14 16:05:36,69,0.02
1994,L18,#30,GW252/13600,(2)停机状态,2,2025-07-14 16:04:26,2025-07-14 16:04:27,1,0
1995,L18,#30,GW252/13600,(1)停机过程,1,2025-07-14 16:03:54,2025-07-14 16:04:26,32,0.01
1996,L18,#30,GW252/13600,(4)启机状态,4,2025-07-14 15:58:54,2025-07-14 16:03:54,300,0.08
1997,L18,#30,GW252/13600,(3)待机状态,3,2025-07-14 15:57:40,2025-07-14 15:58:54,74,0.02
1998,L18,#30,GW252/13600,(2)停机状态,2,2025-07-14 15:57:38,2025-07-14 15:57:40,2,0
1999,L18,#30,GW252/13600,(1)停机过程,1,2025-07-14 15:57:07,2025-07-14 15:57:38,31,0.01
2000,L18,#30,GW252/13600,(4)启机状态,4,2025-07-14 15:52:06,2025-07-14 15:57:07,301,0.08
2001,L18,#30,GW252/13600,(3)待机状态,3,2025-07-14 15:50:42,2025-07-14 15:52:06,84,0.02
2002,L18,#30,GW252/13600,(2)停机状态,2,2025-07-14 15:50:40,2025-07-14 15:50:42,2,0
2003,L18,#30,GW252/13600,(1)停机过程,1,2025-07-14 15:50:08,2025-07-14 15:50:40,32,0.01
2004,L18,#30,GW252/13600,(4)启机状态,4,2025-07-14 15:45:09,2025-07-14 15:50:08,299,0.08
2005,L18,#30,GW252/13600,(3)待机状态,3,2025-07-14 15:43:54,2025-07-14 15:45:09,75,0.02
2006,L18,#30,GW252/13600,(2)停机状态,2,2025-07-14 15:43:52,2025-07-14 15:43:54,2,0
2007,L18,#30,GW252/13600,(1)停机过程,1,2025-07-14 15:43:19,2025-07-14 15:43:52,33,0.01
2008,L18,#30,GW252/13600,(4)启机状态,4,2025-07-14 15:38:19,2025-07-14 15:43:19,300,0.08
2009,L18,#30,GW252/13600,(3)待机状态,3,2025-07-14 15:35:45,2025-07-14 15:38:19,154,0.04
2010,L18,#30,GW252/13600,(2)停机状态,2,2025-07-14 15:35:43,2025-07-14 15:35:45,2,0
2011,L18,#30,GW252/13600,(1)停机过程,1,2025-07-14 15:35:11,2025-07-14 15:35:43,32,0.01
2012,L18,#30,GW252/13600,(4)启机状态,4,2025-07-14 15:30:11,2025-07-14 15:35:11,300,0.08
2013,L18,#30,GW252/13600,(3)待机状态,3,2025-07-14 15:28:46,2025-07-14 15:30:11,85,0.02
2014,L18,#30,GW252/13600,(2)停机状态,2,2025-07-14 15:28:45,2025-07-14 15:28:46,1,0
2015,L18,#30,GW252/13600,(1)停机过程,1,2025-07-14 15:28:14,2025-07-14 15:28:45,31,0.01
2016,L18,#30,GW252/13600,(4)启机状态,4,2025-07-14 15:23:14,2025-07-14 15:28:14,300,0.08
2017,L18,#30,GW252/13600,(3)待机状态,3,2025-07-14 15:21:27,2025-07-14 15:23:14,107,0.03
2018,L18,#30,GW252/13600,(2)停机状态,2,2025-07-14 15:21:26,2025-07-14 15:21:27,1,0
2019,L18,#30,GW252/13600,(1)停机过程,1,2025-07-14 15:20:56,2025-07-14 15:21:26,30,0.01
2020,L18,#30,GW252/13600,(4)启机状态,4,2025-07-14 15:15:56,2025-07-14 15:20:56,300,0.08
2021,L18,#30,GW252/13600,(3)待机状态,3,2025-07-14 12:22:11,2025-07-14 15:15:56,10425,2.9
2022,L18,#30,GW252/13600,(2)停机状态,2,2025-07-14 12:15:29,2025-07-14 12:22:11,402,0.11
2023,L18,#30,GW252/13600,(1)停机过程,1,2025-07-14 12:14:31,2025-07-14 12:15:29,58,0.02
2024,L18,#30,GW252/13600,(5)发电状态,5,2025-07-14 12:09:32,2025-07-14 12:14:31,299,0.08
2025,L18,#30,GW252/13600,(4)启机状态,4,2025-07-14 12:07:51,2025-07-14 12:09:32,101,0.03
2026,L18,#30,GW252/13600,(3)待机状态,3,2025-07-14 12:06:58,2025-07-14 12:07:51,53,0.01
2027,L18,#30,GW252/13600,(2)停机状态,2,2025-07-14 12:03:48,2025-07-14 12:06:58,190,0.05
2028,L18,#30,GW252/13600,(1)停机过程,1,2025-07-14 12:03:38,2025-07-14 12:03:48,10,0
2029,L18,#30,GW252/13600,(9)维护状态,9,2025-07-14 11:59:49,2025-07-14 12:03:38,229,0.06
2030,L18,#30,GW252/13600,(2)停机状态,2,2025-07-14 11:24:13,2025-07-14 11:59:49,2136,0.59
2031,L18,#30,GW252/13600,(1)停机过程,1,2025-07-14 11:23:16,2025-07-14 11:24:13,57,0.02
2032,L18,#30,GW252/13600,(5)发电状态,5,2025-07-14 06:26:04,2025-07-14 11:23:16,17832,4.95
2033,L18,#30,GW252/13600,(4)启机状态,4,2025-07-14 06:21:07,2025-07-14 06:26:04,297,0.08
2034,L18,#30,GW252/13600,(3)待机状态,3,2025-07-14 06:19:58,2025-07-14 06:21:07,69,0.02
2035,L18,#30,GW252/13600,(1)停机过程,1,2025-07-14 06:19:25,2025-07-14 06:19:58,33,0.01
2036,L18,#30,GW252/13600,(4)启机状态,4,2025-07-14 06:14:25,2025-07-14 06:19:25,300,0.08
2037,L18,#30,GW252/13600,(3)待机状态,3,2025-07-14 06:07:58,2025-07-14 06:14:25,387,0.11
2038,L18,#30,GW252/13600,(2)停机状态,2,2025-07-14 06:07:56,2025-07-14 06:07:58,2,0
2039,L18,#30,GW252/13600,(1)停机过程,1,2025-07-14 06:07:23,2025-07-14 06:07:56,33,0.01
2040,L18,#30,GW252/13600,(4)启机状态,4,2025-07-14 06:02:23,2025-07-14 06:07:23,300,0.08
2041,L18,#30,GW252/13600,(3)待机状态,3,2025-07-14 05:43:04,2025-07-14 06:02:23,1159,0.32
2042,L18,#30,GW252/13600,(2)停机状态,2,2025-07-14 05:42:14,2025-07-14 05:43:04,50,0.01
2043,L18,#30,GW252/13600,(1)停机过程,1,2025-07-14 05:41:42,2025-07-14 05:42:14,32,0.01
2044,L18,#30,GW252/13600,(4)启机状态,4,2025-07-14 05:36:42,2025-07-14 05:41:42,300,0.08
2045,L18,#30,GW252/13600,(3)待机状态,3,2025-07-14 05:35:17,2025-07-14 05:36:42,85,0.02
2046,L18,#30,GW252/13600,(1)停机过程,1,2025-07-14 05:34:44,2025-07-14 05:35:17,33,0.01
2047,L18,#30,GW252/13600,(4)启机状态,4,2025-07-14 05:29:44,2025-07-14 05:34:44,300,0.08
2048,L18,#30,GW252/13600,(3)待机状态,3,2025-07-14 05:28:41,2025-07-14 05:29:44,63,0.02
2049,L18,#30,GW252/13600,(1)停机过程,1,2025-07-14 05:28:10,2025-07-14 05:28:41,31,0.01
2050,L18,#30,GW252/13600,(4)启机状态,4,2025-07-14 05:23:10,2025-07-14 05:28:10,300,0.08
2051,L18,#30,GW252/13600,(3)待机状态,3,2025-07-14 05:22:05,2025-07-14 05:23:10,65,0.02
2052,L18,#30,GW252/13600,(2)停机状态,2,2025-07-14 05:22:02,2025-07-14 05:22:05,3,0
2053,L18,#30,GW252/13600,(1)停机过程,1,2025-07-14 05:21:30,2025-07-14 05:22:02,32,0.01
2054,L18,#30,GW252/13600,(4)启机状态,4,2025-07-14 05:16:29,2025-07-14 05:21:30,301,0.08
2055,L18,#30,GW252/13600,(3)待机状态,3,2025-07-14 05:14:40,2025-07-14 05:16:29,109,0.03
2056,L18,#30,GW252/13600,(2)停机状态,2,2025-07-14 05:14:38,2025-07-14 05:14:40,2,0
2057,L18,#30,GW252/13600,(1)停机过程,1,2025-07-14 05:14:05,2025-07-14 05:14:38,33,0.01
2058,L18,#30,GW252/13600,(4)启机状态,4,2025-07-14 05:09:05,2025-07-14 05:14:05,300,0.08
2059,L18,#30,GW252/13600,(3)待机状态,3,2025-07-14 05:07:20,2025-07-14 05:09:05,105,0.03
2060,L18,#30,GW252/13600,(2)停机状态,2,2025-07-14 05:07:18,2025-07-14 05:07:20,2,0
2061,L18,#30,GW252/13600,(1)停机过程,1,2025-07-14 05:06:46,2025-07-14 05:07:18,32,0.01
2062,L18,#30,GW252/13600,(4)启机状态,4,2025-07-14 05:01:46,2025-07-14 05:06:46,300,0.08
2063,L18,#30,GW252/13600,(3)待机状态,3,2025-07-14 05:00:05,2025-07-14 05:01:46,101,0.03
2064,L18,#30,GW252/13600,(1)停机过程,1,2025-07-14 04:59:32,2025-07-14 05:00:05,33,0.01
2065,L18,#30,GW252/13600,(4)启机状态,4,2025-07-14 04:54:32,2025-07-14 04:59:32,300,0.08
2066,L18,#30,GW252/13600,(3)待机状态,3,2025-07-14 04:53:07,2025-07-14 04:54:32,85,0.02
2067,L18,#30,GW252/13600,(2)停机状态,2,2025-07-14 04:51:53,2025-07-14 04:53:07,74,0.02
2068,L18,#30,GW252/13600,(1)停机过程,1,2025-07-14 04:51:21,2025-07-14 04:51:53,32,0.01
2069,L18,#30,GW252/13600,(4)启机状态,4,2025-07-14 04:46:21,2025-07-14 04:51:21,300,0.08
2070,L18,#30,GW252/13600,(3)待机状态,3,2025-07-14 04:45:10,2025-07-14 04:46:21,71,0.02
2071,L18,#30,GW252/13600,(1)停机过程,1,2025-07-14 04:44:39,2025-07-14 04:45:10,31,0.01
2072,L18,#30,GW252/13600,(4)启机状态,4,2025-07-14 04:39:39,2025-07-14 04:44:39,300,0.08
2073,L18,#30,GW252/13600,(3)待机状态,3,2025-07-14 04:18:25,2025-07-14 04:39:39,1274,0.35
2074,L18,#30,GW252/13600,(2)停机状态,2,2025-07-14 04:16:25,2025-07-14 04:18:25,120,0.03
2075,L18,#30,GW252/13600,(1)停机过程,1,2025-07-14 04:15:27,2025-07-14 04:16:25,58,0.02
2076,L18,#30,GW252/13600,(5)发电状态,5,2025-07-13 23:09:40,2025-07-14 04:15:27,18347,5.1
2077,L18,#30,GW252/13600,(4)启机状态,4,2025-07-13 23:04:44,2025-07-13 23:09:40,296,0.08
2078,L18,#30,GW252/13600,(3)待机状态,3,2025-07-13 23:03:37,2025-07-13 23:04:44,67,0.02
2079,L18,#30,GW252/13600,(2)停机状态,2,2025-07-13 23:03:36,2025-07-13 23:03:37,1,0
2080,L18,#30,GW252/13600,(1)停机过程,1,2025-07-13 23:03:03,2025-07-13 23:03:36,33,0.01
2081,L18,#30,GW252/13600,(4)启机状态,4,2025-07-13 22:58:05,2025-07-13 23:03:03,298,0.08
2082,L18,#30,GW252/13600,(3)待机状态,3,2025-07-13 22:57:05,2025-07-13 22:58:05,60,0.02
2083,L18,#30,GW252/13600,(2)停机状态,2,2025-07-13 22:57:04,2025-07-13 22:57:05,1,0
2084,L18,#30,GW252/13600,(1)停机过程,1,2025-07-13 22:56:32,2025-07-13 22:57:04,32,0.01
2085,L18,#30,GW252/13600,(4)启机状态,4,2025-07-13 22:51:32,2025-07-13 22:56:32,300,0.08
2086,L18,#30,GW252/13600,(3)待机状态,3,2025-07-13 22:50:18,2025-07-13 22:51:32,74,0.02
2087,L18,#30,GW252/13600,(2)停机状态,2,2025-07-13 22:50:16,2025-07-13 22:50:18,2,0
2088,L18,#30,GW252/13600,(1)停机过程,1,2025-07-13 22:49:44,2025-07-13 22:50:16,32,0.01
2089,L18,#30,GW252/13600,(4)启机状态,4,2025-07-13 22:44:44,2025-07-13 22:49:44,300,0.08
2090,L18,#30,GW252/13600,(3)待机状态,3,2025-07-13 22:43:32,2025-07-13 22:44:44,72,0.02
2091,L18,#30,GW252/13600,(2)停机状态,2,2025-07-13 22:43:31,2025-07-13 22:43:32,1,0
2092,L18,#30,GW252/13600,(1)停机过程,1,2025-07-13 22:43:00,2025-07-13 22:43:31,31,0.01
2093,L18,#30,GW252/13600,(4)启机状态,4,2025-07-13 22:38:00,2025-07-13 22:43:00,300,0.08
2094,L18,#30,GW252/13600,(3)待机状态,3,2025-07-13 22:36:46,2025-07-13 22:38:00,74,0.02
2095,L18,#30,GW252/13600,(2)停机状态,2,2025-07-13 22:36:45,2025-07-13 22:36:46,1,0
2096,L18,#30,GW252/13600,(1)停机过程,1,2025-07-13 22:36:13,2025-07-13 22:36:45,32,0.01
2097,L18,#30,GW252/13600,(4)启机状态,4,2025-07-13 22:31:13,2025-07-13 22:36:13,300,0.08
2098,L18,#30,GW252/13600,(3)待机状态,3,2025-07-13 22:30:09,2025-07-13 22:31:13,64,0.02
2099,L18,#30,GW252/13600,(2)停机状态,2,2025-07-13 22:30:06,2025-07-13 22:30:09,3,0
2100,L18,#30,GW252/13600,(1)停机过程,1,2025-07-13 22:29:35,2025-07-13 22:30:06,31,0.01
2101,L18,#30,GW252/13600,(4)启机状态,4,2025-07-13 22:24:35,2025-07-13 22:29:35,300,0.08
2102,L18,#30,GW252/13600,(3)待机状态,3,2025-07-13 22:23:16,2025-07-13 22:24:35,79,0.02
2103,L18,#30,GW252/13600,(2)停机状态,2,2025-07-13 22:23:15,2025-07-13 22:23:16,1,0
2104,L18,#30,GW252/13600,(1)停机过程,1,2025-07-13 22:22:45,2025-07-13 22:23:15,30,0.01
2105,L18,#30,GW252/13600,(4)启机状态,4,2025-07-13 22:17:45,2025-07-13 22:22:45,300,0.08
2106,L18,#30,GW252/13600,(3)待机状态,3,2025-07-13 22:15:39,2025-07-13 22:17:45,126,0.04
2107,L18,#30,GW252/13600,(2)停机状态,2,2025-07-13 22:15:38,2025-07-13 22:15:39,1,0
2108,L18,#30,GW252/13600,(1)停机过程,1,2025-07-13 22:15:06,2025-07-13 22:15:38,32,0.01
2109,L18,#30,GW252/13600,(4)启机状态,4,2025-07-13 22:10:06,2025-07-13 22:15:06,300,0.08
2110,L18,#30,GW252/13600,(3)待机状态,3,2025-07-13 21:56:30,2025-07-13 22:10:06,816,0.23
2111,L18,#30,GW252/13600,(2)停机状态,2,2025-07-13 21:55:33,2025-07-13 21:56:30,57,0.02
2112,L18,#30,GW252/13600,(1)停机过程,1,2025-07-13 21:55:02,2025-07-13 21:55:33,31,0.01
2113,L18,#30,GW252/13600,(4)启机状态,4,2025-07-13 21:50:01,2025-07-13 21:55:02,301,0.08
2114,L18,#30,GW252/13600,(3)待机状态,3,2025-07-13 21:21:47,2025-07-13 21:50:01,1694,0.47
2115,L18,#30,GW252/13600,(2)停机状态,2,2025-07-13 21:20:42,2025-07-13 21:21:47,65,0.02
2116,L18,#30,GW252/13600,(1)停机过程,1,2025-07-13 21:19:45,2025-07-13 21:20:42,57,0.02
2117,L18,#30,GW252/13600,(5)发电状态,5,2025-07-13 18:43:01,2025-07-13 21:19:45,9404,2.61
2118,L18,#30,GW252/13600,(4)启机状态,4,2025-07-13 18:38:21,2025-07-13 18:43:01,280,0.08
2119,L18,#30,GW252/13600,(3)待机状态,3,2025-07-13 18:37:20,2025-07-13 18:38:21,61,0.02
2120,L18,#30,GW252/13600,(2)停机状态,2,2025-07-13 18:37:18,2025-07-13 18:37:20,2,0
2121,L18,#30,GW252/13600,(1)停机过程,1,2025-07-13 18:36:47,2025-07-13 18:37:18,31,0.01
2122,L18,#30,GW252/13600,(4)启机状态,4,2025-07-13 18:31:46,2025-07-13 18:36:47,301,0.08
2123,L18,#30,GW252/13600,(3)待机状态,3,2025-07-13 18:27:00,2025-07-13 18:31:46,286,0.08
2124,L18,#30,GW252/13600,(2)停机状态,2,2025-07-13 18:26:57,2025-07-13 18:27:00,3,0
2125,L18,#30,GW252/13600,(1)停机过程,1,2025-07-13 18:26:26,2025-07-13 18:26:57,31,0.01
2126,L18,#30,GW252/13600,(4)启机状态,4,2025-07-13 18:21:26,2025-07-13 18:26:26,300,0.08
2127,L18,#30,GW252/13600,(3)待机状态,3,2025-07-13 18:19:02,2025-07-13 18:21:26,144,0.04
2128,L18,#30,GW252/13600,(2)停机状态,2,2025-07-13 18:19:01,2025-07-13 18:19:02,1,0
2129,L18,#30,GW252/13600,(1)停机过程,1,2025-07-13 18:18:30,2025-07-13 18:19:01,31,0.01
2130,L18,#30,GW252/13600,(4)启机状态,4,2025-07-13 18:13:29,2025-07-13 18:18:30,301,0.08
2131,L18,#30,GW252/13600,(3)待机状态,3,2025-07-13 18:12:14,2025-07-13 18:13:29,75,0.02
2132,L18,#30,GW252/13600,(2)停机状态,2,2025-07-13 18:12:09,2025-07-13 18:12:14,5,0
2133,L18,#30,GW252/13600,(1)停机过程,1,2025-07-13 18:11:38,2025-07-13 18:12:09,31,0.01
2134,L18,#30,GW252/13600,(4)启机状态,4,2025-07-13 18:06:38,2025-07-13 18:11:38,300,0.08
2135,L18,#30,GW252/13600,(3)待机状态,3,2025-07-13 18:05:33,2025-07-13 18:06:38,65,0.02
2136,L18,#30,GW252/13600,(2)停机状态,2,2025-07-13 18:05:32,2025-07-13 18:05:33,1,0
2137,L18,#30,GW252/13600,(1)停机过程,1,2025-07-13 18:04:59,2025-07-13 18:05:32,33,0.01
2138,L18,#30,GW252/13600,(4)启机状态,4,2025-07-13 17:59:59,2025-07-13 18:04:59,300,0.08
2139,L18,#30,GW252/13600,(3)待机状态,3,2025-07-13 17:58:51,2025-07-13 17:59:59,68,0.02
2140,L18,#30,GW252/13600,(1)停机过程,1,2025-07-13 17:58:18,2025-07-13 17:58:51,33,0.01
2141,L18,#30,GW252/13600,(4)启机状态,4,2025-07-13 17:53:20,2025-07-13 17:58:18,298,0.08
2142,L18,#30,GW252/13600,(3)待机状态,3,2025-07-13 17:52:13,2025-07-13 17:53:20,67,0.02
2143,L18,#30,GW252/13600,(2)停机状态,2,2025-07-13 17:52:11,2025-07-13 17:52:13,2,0
2144,L18,#30,GW252/13600,(1)停机过程,1,2025-07-13 17:51:38,2025-07-13 17:52:11,33,0.01
2145,L18,#30,GW252/13600,(4)启机状态,4,2025-07-13 17:46:39,2025-07-13 17:51:38,299,0.08
2146,L18,#30,GW252/13600,(3)待机状态,3,2025-07-13 17:43:55,2025-07-13 17:46:39,164,0.05
2147,L18,#30,GW252/13600,(2)停机状态,2,2025-07-13 17:43:54,2025-07-13 17:43:55,1,0
2148,L18,#30,GW252/13600,(1)停机过程,1,2025-07-13 17:43:22,2025-07-13 17:43:54,32,0.01
2149,L18,#30,GW252/13600,(4)启机状态,4,2025-07-13 17:38:21,2025-07-13 17:43:22,301,0.08
2150,L18,#30,GW252/13600,(3)待机状态,3,2025-07-13 17:36:51,2025-07-13 17:38:21,90,0.03
2151,L18,#30,GW252/13600,(2)停机状态,2,2025-07-13 17:36:50,2025-07-13 17:36:51,1,0
2152,L18,#30,GW252/13600,(1)停机过程,1,2025-07-13 17:36:18,2025-07-13 17:36:50,32,0.01
2153,L18,#30,GW252/13600,(4)启机状态,4,2025-07-13 17:31:18,2025-07-13 17:36:18,300,0.08
2154,L18,#30,GW252/13600,(3)待机状态,3,2025-07-13 17:28:51,2025-07-13 17:31:18,147,0.04
2155,L18,#30,GW252/13600,(2)停机状态,2,2025-07-13 17:25:56,2025-07-13 17:28:51,175,0.05
2156,L18,#30,GW252/13600,(1)停机过程,1,2025-07-13 17:24:58,2025-07-13 17:25:56,58,0.02
2157,L18,#30,GW252/13600,(5)发电状态,5,2025-07-13 16:05:51,2025-07-13 17:24:58,4747,1.32
2158,L18,#30,GW252/13600,(4)启机状态,4,2025-07-13 16:03:47,2025-07-13 16:05:51,124,0.03
2159,L18,#30,GW252/13600,(3)待机状态,3,2025-07-13 16:02:44,2025-07-13 16:03:47,63,0.02
2160,L18,#30,GW252/13600,(2)停机状态,2,2025-07-13 16:02:42,2025-07-13 16:02:44,2,0
2161,L18,#30,GW252/13600,(1)停机过程,1,2025-07-13 16:02:09,2025-07-13 16:02:42,33,0.01
2162,L18,#30,GW252/13600,(4)启机状态,4,2025-07-13 15:57:09,2025-07-13 16:02:09,300,0.08
2163,L18,#30,GW252/13600,(3)待机状态,3,2025-07-13 15:56:05,2025-07-13 15:57:09,64,0.02
2164,L18,#30,GW252/13600,(2)停机状态,2,2025-07-13 15:56:04,2025-07-13 15:56:05,1,0
2165,L18,#30,GW252/13600,(1)停机过程,1,2025-07-13 15:55:33,2025-07-13 15:56:04,31,0.01
2166,L18,#30,GW252/13600,(4)启机状态,4,2025-07-13 15:50:33,2025-07-13 15:55:33,300,0.08
2167,L18,#30,GW252/13600,(3)待机状态,3,2025-07-13 15:48:41,2025-07-13 15:50:33,112,0.03
2168,L18,#30,GW252/13600,(2)停机状态,2,2025-07-13 15:48:39,2025-07-13 15:48:41,2,0
2169,L18,#30,GW252/13600,(1)停机过程,1,2025-07-13 15:48:08,2025-07-13 15:48:39,31,0.01
2170,L18,#30,GW252/13600,(4)启机状态,4,2025-07-13 15:43:07,2025-07-13 15:48:08,301,0.08
2171,L18,#30,GW252/13600,(3)待机状态,3,2025-07-13 15:41:39,2025-07-13 15:43:07,88,0.02
2172,L18,#30,GW252/13600,(2)停机状态,2,2025-07-13 15:41:38,2025-07-13 15:41:39,1,0
2173,L18,#30,GW252/13600,(1)停机过程,1,2025-07-13 15:41:07,2025-07-13 15:41:38,31,0.01
2174,L18,#30,GW252/13600,(4)启机状态,4,2025-07-13 15:36:07,2025-07-13 15:41:07,300,0.08
2175,L18,#30,GW252/13600,(3)待机状态,3,2025-07-13 15:24:06,2025-07-13 15:36:07,721,0.2
2176,L18,#30,GW252/13600,(1)停机过程,1,2025-07-13 15:23:33,2025-07-13 15:24:06,33,0.01
2177,L18,#30,GW252/13600,(4)启机状态,4,2025-07-13 15:18:33,2025-07-13 15:23:33,300,0.08
2178,L18,#30,GW252/13600,(3)待机状态,3,2025-07-13 15:15:56,2025-07-13 15:18:33,157,0.04
2179,L18,#30,GW252/13600,(2)停机状态,2,2025-07-13 15:15:52,2025-07-13 15:15:56,4,0
2180,L18,#30,GW252/13600,(1)停机过程,1,2025-07-13 15:15:21,2025-07-13 15:15:52,31,0.01
2181,L18,#30,GW252/13600,(4)启机状态,4,2025-07-13 15:10:20,2025-07-13 15:15:21,301,0.08
2182,L18,#30,GW252/13600,(3)待机状态,3,2025-07-13 14:48:25,2025-07-13 15:10:20,1315,0.37
2183,L18,#30,GW252/13600,(2)停机状态,2,2025-07-13 14:46:53,2025-07-13 14:48:25,92,0.03
2184,L18,#30,GW252/13600,(1)停机过程,1,2025-07-13 14:46:22,2025-07-13 14:46:53,31,0.01
2185,L18,#30,GW252/13600,(4)启机状态,4,2025-07-13 14:41:21,2025-07-13 14:46:22,301,0.08
2186,L18,#30,GW252/13600,(3)待机状态,3,2025-07-13 14:40:08,2025-07-13 14:41:21,73,0.02
2187,L18,#30,GW252/13600,(2)停机状态,2,2025-07-13 14:40:06,2025-07-13 14:40:08,2,0
2188,L18,#30,GW252/13600,(1)停机过程,1,2025-07-13 14:39:35,2025-07-13 14:40:06,31,0.01
2189,L18,#30,GW252/13600,(4)启机状态,4,2025-07-13 14:34:36,2025-07-13 14:39:35,299,0.08
2190,L18,#30,GW252/13600,(3)待机状态,3,2025-07-13 14:29:47,2025-07-13 14:34:36,289,0.08
2191,L18,#30,GW252/13600,(1)停机过程,1,2025-07-13 14:29:15,2025-07-13 14:29:47,32,0.01
2192,L18,#30,GW252/13600,(4)启机状态,4,2025-07-13 14:24:14,2025-07-13 14:29:15,301,0.08
2193,L18,#30,GW252/13600,(3)待机状态,3,2025-07-13 14:20:54,2025-07-13 14:24:14,200,0.06
2194,L18,#30,GW252/13600,(2)停机状态,2,2025-07-13 14:20:06,2025-07-13 14:20:54,48,0.01
2195,L18,#30,GW252/13600,(1)停机过程,1,2025-07-13 14:19:08,2025-07-13 14:20:06,58,0.02
2196,L18,#30,GW252/13600,(5)发电状态,5,2025-07-13 13:29:39,2025-07-13 14:19:08,2969,0.82
2197,L18,#30,GW252/13600,(4)启机状态,4,2025-07-13 13:26:18,2025-07-13 13:29:39,201,0.06
2198,L18,#30,GW252/13600,(3)待机状态,3,2025-07-13 13:25:22,2025-07-13 13:26:18,56,0.02
2199,L18,#30,GW252/13600,(2)停机状态,2,2025-07-13 13:25:21,2025-07-13 13:25:22,1,0
2200,L18,#30,GW252/13600,(1)停机过程,1,2025-07-13 13:24:48,2025-07-13 13:25:21,33,0.01
2201,L18,#30,GW252/13600,(4)启机状态,4,2025-07-13 13:19:49,2025-07-13 13:24:48,299,0.08
2202,L18,#30,GW252/13600,(3)待机状态,3,2025-07-13 13:18:43,2025-07-13 13:19:49,66,0.02
2203,L18,#30,GW252/13600,(2)停机状态,2,2025-07-13 13:18:41,2025-07-13 13:18:43,2,0
2204,L18,#30,GW252/13600,(1)停机过程,1,2025-07-13 13:18:11,2025-07-13 13:18:41,30,0.01
2205,L18,#30,GW252/13600,(4)启机状态,4,2025-07-13 13:13:10,2025-07-13 13:18:11,301,0.08
2206,L18,#30,GW252/13600,(3)待机状态,3,2025-07-13 13:12:10,2025-07-13 13:13:10,60,0.02
2207,L18,#30,GW252/13600,(2)停机状态,2,2025-07-13 13:12:08,2025-07-13 13:12:10,2,0
2208,L18,#30,GW252/13600,(1)停机过程,1,2025-07-13 13:11:35,2025-07-13 13:12:08,33,0.01
2209,L18,#30,GW252/13600,(4)启机状态,4,2025-07-13 13:06:35,2025-07-13 13:11:35,300,0.08
2210,L18,#30,GW252/13600,(3)待机状态,3,2025-07-13 13:04:34,2025-07-13 13:06:35,121,0.03
2211,L18,#30,GW252/13600,(2)停机状态,2,2025-07-13 13:04:31,2025-07-13 13:04:34,3,0
2212,L18,#30,GW252/13600,(1)停机过程,1,2025-07-13 13:04:00,2025-07-13 13:04:31,31,0.01
2213,L18,#30,GW252/13600,(4)启机状态,4,2025-07-13 12:59:00,2025-07-13 13:04:00,300,0.08
2214,L18,#30,GW252/13600,(3)待机状态,3,2025-07-13 12:36:43,2025-07-13 12:59:00,1337,0.37
2215,L18,#30,GW252/13600,(2)停机状态,2,2025-07-13 12:36:41,2025-07-13 12:36:43,2,0
2216,L18,#30,GW252/13600,(1)停机过程,1,2025-07-13 12:36:09,2025-07-13 12:36:41,32,0.01
2217,L18,#30,GW252/13600,(4)启机状态,4,2025-07-13 12:31:09,2025-07-13 12:36:09,300,0.08
2218,L18,#30,GW252/13600,(3)待机状态,3,2025-07-13 12:08:18,2025-07-13 12:31:09,1371,0.38
2219,L18,#30,GW252/13600,(2)停机状态,2,2025-07-13 12:08:16,2025-07-13 12:08:18,2,0
2220,L18,#30,GW252/13600,(1)停机过程,1,2025-07-13 12:07:19,2025-07-13 12:08:16,57,0.02
2221,L18,#30,GW252/13600,(5)发电状态,5,2025-07-13 09:09:04,2025-07-13 12:07:19,10695,2.97
2222,L18,#30,GW252/13600,(4)启机状态,4,2025-07-13 09:07:32,2025-07-13 09:09:04,92,0.03
2223,L18,#30,GW252/13600,(3)待机状态,3,2025-07-13 09:06:38,2025-07-13 09:07:32,54,0.02
2224,L18,#30,GW252/13600,(2)停机状态,2,2025-07-13 09:06:37,2025-07-13 09:06:38,1,0
2225,L18,#30,GW252/13600,(1)停机过程,1,2025-07-13 09:05:41,2025-07-13 09:06:37,56,0.02
2226,L18,#30,GW252/13600,(4)启机状态,4,2025-07-13 09:00:41,2025-07-13 09:05:41,300,0.08
2227,L18,#30,GW252/13600,(3)待机状态,3,2025-07-13 08:59:36,2025-07-13 09:00:41,65,0.02
2228,L18,#30,GW252/13600,(2)停机状态,2,2025-07-13 08:59:34,2025-07-13 08:59:36,2,0
2229,L18,#30,GW252/13600,(1)停机过程,1,2025-07-13 08:59:02,2025-07-13 08:59:34,32,0.01
2230,L18,#30,GW252/13600,(4)启机状态,4,2025-07-13 08:54:02,2025-07-13 08:59:02,300,0.08
2231,L18,#30,GW252/13600,(3)待机状态,3,2025-07-13 08:52:51,2025-07-13 08:54:02,71,0.02
2232,L18,#30,GW252/13600,(2)停机状态,2,2025-07-13 08:52:50,2025-07-13 08:52:51,1,0
2233,L18,#30,GW252/13600,(1)停机过程,1,2025-07-13 08:52:18,2025-07-13 08:52:50,32,0.01
2234,L18,#30,GW252/13600,(4)启机状态,4,2025-07-13 08:47:18,2025-07-13 08:52:18,300,0.08
2235,L18,#30,GW252/13600,(3)待机状态,3,2025-07-13 08:46:15,2025-07-13 08:47:18,63,0.02
2236,L18,#30,GW252/13600,(2)停机状态,2,2025-07-13 08:46:13,2025-07-13 08:46:15,2,0
2237,L18,#30,GW252/13600,(1)停机过程,1,2025-07-13 08:45:41,2025-07-13 08:46:13,32,0.01
2238,L18,#30,GW252/13600,(4)启机状态,4,2025-07-13 08:40:40,2025-07-13 08:45:41,301,0.08
2239,L18,#30,GW252/13600,(3)待机状态,3,2025-07-13 08:39:31,2025-07-13 08:40:40,69,0.02
2240,L18,#30,GW252/13600,(2)停机状态,2,2025-07-13 08:39:30,2025-07-13 08:39:31,1,0
2241,L18,#30,GW252/13600,(1)停机过程,1,2025-07-13 08:38:58,2025-07-13 08:39:30,32,0.01
2242,L18,#30,GW252/13600,(4)启机状态,4,2025-07-13 08:33:58,2025-07-13 08:38:58,300,0.08
2243,L18,#30,GW252/13600,(3)待机状态,3,2025-07-13 08:29:55,2025-07-13 08:33:58,243,0.07
2244,L18,#30,GW252/13600,(2)停机状态,2,2025-07-13 08:29:53,2025-07-13 08:29:55,2,0
2245,L18,#30,GW252/13600,(1)停机过程,1,2025-07-13 08:29:21,2025-07-13 08:29:53,32,0.01
2246,L18,#30,GW252/13600,(4)启机状态,4,2025-07-13 08:24:21,2025-07-13 08:29:21,300,0.08
2247,L18,#30,GW252/13600,(3)待机状态,3,2025-07-13 08:23:09,2025-07-13 08:24:21,72,0.02
2248,L18,#30,GW252/13600,(2)停机状态,2,2025-07-13 08:23:08,2025-07-13 08:23:09,1,0
2249,L18,#30,GW252/13600,(1)停机过程,1,2025-07-13 08:22:36,2025-07-13 08:23:08,32,0.01
2250,L18,#30,GW252/13600,(4)启机状态,4,2025-07-13 08:17:36,2025-07-13 08:22:36,300,0.08
2251,L18,#30,GW252/13600,(3)待机状态,3,2025-07-13 08:14:47,2025-07-13 08:17:36,169,0.05
2252,L18,#30,GW252/13600,(2)停机状态,2,2025-07-13 08:14:16,2025-07-13 08:14:47,31,0.01
2253,L18,#30,GW252/13600,(1)停机过程,1,2025-07-13 08:13:44,2025-07-13 08:14:16,32,0.01
2254,L18,#30,GW252/13600,(4)启机状态,4,2025-07-13 08:08:44,2025-07-13 08:13:44,300,0.08
2255,L18,#30,GW252/13600,(3)待机状态,3,2025-07-13 08:07:30,2025-07-13 08:08:44,74,0.02
2256,L18,#30,GW252/13600,(2)停机状态,2,2025-07-13 08:07:27,2025-07-13 08:07:30,3,0
2257,L18,#30,GW252/13600,(1)停机过程,1,2025-07-13 08:06:56,2025-07-13 08:07:27,31,0.01
2258,L18,#30,GW252/13600,(4)启机状态,4,2025-07-13 08:01:56,2025-07-13 08:06:56,300,0.08
2259,L18,#30,GW252/13600,(3)待机状态,3,2025-07-13 08:00:45,2025-07-13 08:01:56,71,0.02
2260,L18,#30,GW252/13600,(2)停机状态,2,2025-07-13 08:00:43,2025-07-13 08:00:45,2,0
2261,L18,#30,GW252/13600,(1)停机过程,1,2025-07-13 08:00:12,2025-07-13 08:00:43,31,0.01
2262,L18,#30,GW252/13600,(4)启机状态,4,2025-07-13 07:55:12,2025-07-13 08:00:12,300,0.08
2263,L18,#30,GW252/13600,(3)待机状态,3,2025-07-13 07:54:03,2025-07-13 07:55:12,69,0.02
2264,L18,#30,GW252/13600,(2)停机状态,2,2025-07-13 07:54:01,2025-07-13 07:54:03,2,0
2265,L18,#30,GW252/13600,(1)停机过程,1,2025-07-13 07:53:29,2025-07-13 07:54:01,32,0.01
2266,L18,#30,GW252/13600,(4)启机状态,4,2025-07-13 07:48:29,2025-07-13 07:53:29,300,0.08
2267,L18,#30,GW252/13600,(3)待机状态,3,2025-07-13 07:47:17,2025-07-13 07:48:29,72,0.02
2268,L18,#30,GW252/13600,(2)停机状态,2,2025-07-13 07:47:16,2025-07-13 07:47:17,1,0
2269,L18,#30,GW252/13600,(1)停机过程,1,2025-07-13 07:46:44,2025-07-13 07:47:16,32,0.01
2270,L18,#30,GW252/13600,(4)启机状态,4,2025-07-13 07:41:44,2025-07-13 07:46:44,300,0.08
2271,L18,#30,GW252/13600,(3)待机状态,3,2025-07-13 07:37:26,2025-07-13 07:41:44,258,0.07
2272,L18,#30,GW252/13600,(2)停机状态,2,2025-07-13 07:37:25,2025-07-13 07:37:26,1,0
2273,L18,#30,GW252/13600,(1)停机过程,1,2025-07-13 07:36:54,2025-07-13 07:37:25,31,0.01
2274,L18,#30,GW252/13600,(4)启机状态,4,2025-07-13 07:31:54,2025-07-13 07:36:54,300,0.08
2275,L18,#30,GW252/13600,(3)待机状态,3,2025-07-13 07:30:48,2025-07-13 07:31:54,66,0.02
2276,L18,#30,GW252/13600,(2)停机状态,2,2025-07-13 07:30:46,2025-07-13 07:30:48,2,0
2277,L18,#30,GW252/13600,(1)停机过程,1,2025-07-13 07:30:14,2025-07-13 07:30:46,32,0.01
2278,L18,#30,GW252/13600,(4)启机状态,4,2025-07-13 07:25:14,2025-07-13 07:30:14,300,0.08
2279,L18,#30,GW252/13600,(3)待机状态,3,2025-07-13 07:24:03,2025-07-13 07:25:14,71,0.02
2280,L18,#30,GW252/13600,(2)停机状态,2,2025-07-13 07:24:01,2025-07-13 07:24:03,2,0
2281,L18,#30,GW252/13600,(1)停机过程,1,2025-07-13 07:23:29,2025-07-13 07:24:01,32,0.01
2282,L18,#30,GW252/13600,(4)启机状态,4,2025-07-13 07:18:29,2025-07-13 07:23:29,300,0.08
2283,L18,#30,GW252/13600,(3)待机状态,3,2025-07-13 07:10:35,2025-07-13 07:18:29,474,0.13
2284,L18,#30,GW252/13600,(2)停机状态,2,2025-07-13 07:10:33,2025-07-13 07:10:35,2,0
2285,L18,#30,GW252/13600,(1)停机过程,1,2025-07-13 07:10:02,2025-07-13 07:10:33,31,0.01
2286,L18,#30,GW252/13600,(4)启机状态,4,2025-07-13 07:05:01,2025-07-13 07:10:02,301,0.08
2287,L18,#30,GW252/13600,(3)待机状态,3,2025-07-13 07:02:36,2025-07-13 07:05:01,145,0.04
2288,L18,#30,GW252/13600,(2)停机状态,2,2025-07-13 07:02:34,2025-07-13 07:02:36,2,0
2289,L18,#30,GW252/13600,(1)停机过程,1,2025-07-13 07:02:02,2025-07-13 07:02:34,32,0.01
2290,L18,#30,GW252/13600,(4)启机状态,4,2025-07-13 06:57:03,2025-07-13 07:02:02,299,0.08
2291,L18,#30,GW252/13600,(3)待机状态,3,2025-07-13 06:55:41,2025-07-13 06:57:03,82,0.02
2292,L18,#30,GW252/13600,(1)停机过程,1,2025-07-13 06:55:09,2025-07-13 06:55:41,32,0.01
2293,L18,#30,GW252/13600,(4)启机状态,4,2025-07-13 06:50:09,2025-07-13 06:55:09,300,0.08
2294,L18,#30,GW252/13600,(3)待机状态,3,2025-07-13 06:17:19,2025-07-13 06:50:09,1970,0.55
2295,L18,#30,GW252/13600,(2)停机状态,2,2025-07-13 06:13:37,2025-07-13 06:17:19,222,0.06
2296,L18,#30,GW252/13600,(1)停机过程,1,2025-07-13 06:12:39,2025-07-13 06:13:37,58,0.02
2297,L18,#30,GW252/13600,(5)发电状态,5,2025-07-12 15:20:33,2025-07-13 06:12:39,53526,14.87
2298,L18,#30,GW252/13600,(4)启机状态,4,2025-07-12 15:19:15,2025-07-12 15:20:33,78,0.02
2299,L18,#30,GW252/13600,(3)待机状态,3,2025-07-12 15:18:21,2025-07-12 15:19:15,54,0.02
2300,L18,#30,GW252/13600,(2)停机状态,2,2025-07-12 15:18:20,2025-07-12 15:18:21,1,0
2301,L18,#30,GW252/13600,(1)停机过程,1,2025-07-12 15:17:48,2025-07-12 15:18:20,32,0.01
2302,L18,#30,GW252/13600,(4)启机状态,4,2025-07-12 15:12:49,2025-07-12 15:17:48,299,0.08
2303,L18,#30,GW252/13600,(3)待机状态,3,2025-07-12 15:11:31,2025-07-12 15:12:49,78,0.02
2304,L18,#30,GW252/13600,(2)停机状态,2,2025-07-12 15:11:29,2025-07-12 15:11:31,2,0
2305,L18,#30,GW252/13600,(1)停机过程,1,2025-07-12 15:10:57,2025-07-12 15:11:29,32,0.01
2306,L18,#30,GW252/13600,(4)启机状态,4,2025-07-12 15:05:57,2025-07-12 15:10:57,300,0.08
2307,L18,#30,GW252/13600,(3)待机状态,3,2025-07-12 11:58:16,2025-07-12 15:05:57,11261,3.13
2308,L18,#30,GW252/13600,(2)停机状态,2,2025-07-12 11:58:15,2025-07-12 11:58:16,1,0
2309,L18,#30,GW252/13600,(1)停机过程,1,2025-07-12 11:57:43,2025-07-12 11:58:15,32,0.01
2310,L18,#30,GW252/13600,(4)启机状态,4,2025-07-12 11:52:43,2025-07-12 11:57:43,300,0.08
2311,L18,#30,GW252/13600,(3)待机状态,3,2025-07-12 11:38:34,2025-07-12 11:52:43,849,0.24
2312,L18,#30,GW252/13600,(2)停机状态,2,2025-07-12 11:38:32,2025-07-12 11:38:34,2,0
2313,L18,#30,GW252/13600,(1)停机过程,1,2025-07-12 11:38:00,2025-07-12 11:38:32,32,0.01
2314,L18,#30,GW252/13600,(4)启机状态,4,2025-07-12 11:33:01,2025-07-12 11:38:00,299,0.08
2315,L18,#30,GW252/13600,(3)待机状态,3,2025-07-12 11:30:34,2025-07-12 11:33:01,147,0.04
2316,L18,#30,GW252/13600,(2)停机状态,2,2025-07-12 11:30:33,2025-07-12 11:30:34,1,0
2317,L18,#30,GW252/13600,(1)停机过程,1,2025-07-12 11:30:01,2025-07-12 11:30:33,32,0.01
2318,L18,#30,GW252/13600,(4)启机状态,4,2025-07-12 11:25:01,2025-07-12 11:30:01,300,0.08
2319,L18,#30,GW252/13600,(3)待机状态,3,2025-07-12 11:22:55,2025-07-12 11:25:01,126,0.04
2320,L18,#30,GW252/13600,(2)停机状态,2,2025-07-12 11:22:54,2025-07-12 11:22:55,1,0
2321,L18,#30,GW252/13600,(1)停机过程,1,2025-07-12 11:22:22,2025-07-12 11:22:54,32,0.01
2322,L18,#30,GW252/13600,(4)启机状态,4,2025-07-12 11:17:23,2025-07-12 11:22:22,299,0.08
2323,L18,#30,GW252/13600,(3)待机状态,3,2025-07-12 11:15:17,2025-07-12 11:17:23,126,0.04
2324,L18,#30,GW252/13600,(2)停机状态,2,2025-07-12 11:15:14,2025-07-12 11:15:17,3,0
2325,L18,#30,GW252/13600,(1)停机过程,1,2025-07-12 11:14:44,2025-07-12 11:15:14,30,0.01
2326,L18,#30,GW252/13600,(4)启机状态,4,2025-07-12 11:09:43,2025-07-12 11:14:44,301,0.08
2327,L18,#30,GW252/13600,(3)待机状态,3,2025-07-12 11:08:15,2025-07-12 11:09:43,88,0.02
2328,L18,#30,GW252/13600,(2)停机状态,2,2025-07-12 11:08:13,2025-07-12 11:08:15,2,0
2329,L18,#30,GW252/13600,(1)停机过程,1,2025-07-12 11:07:42,2025-07-12 11:08:13,31,0.01
2330,L18,#30,GW252/13600,(4)启机状态,4,2025-07-12 11:02:42,2025-07-12 11:07:42,300,0.08
2331,L18,#30,GW252/13600,(3)待机状态,3,2025-07-12 10:58:58,2025-07-12 11:02:42,224,0.06
2332,L18,#30,GW252/13600,(2)停机状态,2,2025-07-12 10:58:55,2025-07-12 10:58:58,3,0
2333,L18,#30,GW252/13600,(1)停机过程,1,2025-07-12 10:58:23,2025-07-12 10:58:55,32,0.01
2334,L18,#30,GW252/13600,(4)启机状态,4,2025-07-12 10:53:23,2025-07-12 10:58:23,300,0.08
2335,L18,#30,GW252/13600,(3)待机状态,3,2025-07-12 08:31:16,2025-07-12 10:53:23,8527,2.37
2336,L18,#30,GW252/13600,(2)停机状态,2,2025-07-12 08:31:15,2025-07-12 08:31:16,1,0
2337,L18,#30,GW252/13600,(1)停机过程,1,2025-07-12 08:30:44,2025-07-12 08:31:15,31,0.01
2338,L18,#30,GW252/13600,(4)启机状态,4,2025-07-12 08:25:44,2025-07-12 08:30:44,300,0.08
2339,L18,#30,GW252/13600,(3)待机状态,3,2025-07-12 08:24:23,2025-07-12 08:25:44,81,0.02
2340,L18,#30,GW252/13600,(2)停机状态,2,2025-07-12 08:24:21,2025-07-12 08:24:23,2,0
2341,L18,#30,GW252/13600,(1)停机过程,1,2025-07-12 08:23:50,2025-07-12 08:24:21,31,0.01
2342,L18,#30,GW252/13600,(4)启机状态,4,2025-07-12 08:18:49,2025-07-12 08:23:50,301,0.08
2343,L18,#30,GW252/13600,(3)待机状态,3,2025-07-12 08:02:46,2025-07-12 08:18:49,963,0.27
2344,L18,#30,GW252/13600,(2)停机状态,2,2025-07-12 08:02:45,2025-07-12 08:02:46,1,0
2345,L18,#30,GW252/13600,(1)停机过程,1,2025-07-12 08:02:14,2025-07-12 08:02:45,31,0.01
2346,L18,#30,GW252/13600,(4)启机状态,4,2025-07-12 07:57:14,2025-07-12 08:02:14,300,0.08
2347,L18,#30,GW252/13600,(3)待机状态,3,2025-07-12 07:41:05,2025-07-12 07:57:14,969,0.27
2348,L18,#30,GW252/13600,(2)停机状态,2,2025-07-12 07:40:10,2025-07-12 07:41:05,55,0.02
2349,L18,#30,GW252/13600,(1)停机过程,1,2025-07-12 07:39:39,2025-07-12 07:40:10,31,0.01
2350,L18,#30,GW252/13600,(4)启机状态,4,2025-07-12 07:34:39,2025-07-12 07:39:39,300,0.08
2351,L18,#30,GW252/13600,(3)待机状态,3,2025-07-12 07:33:18,2025-07-12 07:34:39,81,0.02
2352,L18,#30,GW252/13600,(2)停机状态,2,2025-07-12 07:33:16,2025-07-12 07:33:18,2,0
2353,L18,#30,GW252/13600,(1)停机过程,1,2025-07-12 07:32:45,2025-07-12 07:33:16,31,0.01
2354,L18,#30,GW252/13600,(4)启机状态,4,2025-07-12 07:27:44,2025-07-12 07:32:45,301,0.08
2355,L18,#30,GW252/13600,(3)待机状态,3,2025-07-12 05:56:03,2025-07-12 07:27:44,5501,1.53
2356,L18,#30,GW252/13600,(2)停机状态,2,2025-07-12 05:50:25,2025-07-12 05:56:03,338,0.09
2357,L18,#30,GW252/13600,(1)停机过程,1,2025-07-12 05:49:54,2025-07-12 05:50:25,31,0.01
2358,L18,#30,GW252/13600,(4)启机状态,4,2025-07-12 05:44:53,2025-07-12 05:49:54,301,0.08
2359,L18,#30,GW252/13600,(3)待机状态,3,2025-07-12 05:30:37,2025-07-12 05:44:53,856,0.24
2360,L18,#30,GW252/13600,(2)停机状态,2,2025-07-12 05:26:49,2025-07-12 05:30:37,228,0.06
2361,L18,#30,GW252/13600,(1)停机过程,1,2025-07-12 05:26:16,2025-07-12 05:26:49,33,0.01
2362,L18,#30,GW252/13600,(4)启机状态,4,2025-07-12 05:21:16,2025-07-12 05:26:16,300,0.08
2363,L18,#30,GW252/13600,(3)待机状态,3,2025-07-12 05:19:50,2025-07-12 05:21:16,86,0.02
2364,L18,#30,GW252/13600,(2)停机状态,2,2025-07-12 05:19:49,2025-07-12 05:19:50,1,0
2365,L18,#30,GW252/13600,(1)停机过程,1,2025-07-12 05:19:16,2025-07-12 05:19:49,33,0.01
2366,L18,#30,GW252/13600,(4)启机状态,4,2025-07-12 05:14:16,2025-07-12 05:19:16,300,0.08
2367,L18,#30,GW252/13600,(3)待机状态,3,2025-07-12 05:12:00,2025-07-12 05:14:16,136,0.04
2368,L18,#30,GW252/13600,(2)停机状态,2,2025-07-12 05:11:58,2025-07-12 05:12:00,2,0
2369,L18,#30,GW252/13600,(1)停机过程,1,2025-07-12 05:11:28,2025-07-12 05:11:58,30,0.01
2370,L18,#30,GW252/13600,(4)启机状态,4,2025-07-12 05:06:28,2025-07-12 05:11:28,300,0.08
2371,L18,#30,GW252/13600,(3)待机状态,3,2025-07-12 04:26:56,2025-07-12 05:06:28,2372,0.66
2372,L18,#30,GW252/13600,(2)停机状态,2,2025-07-12 03:57:03,2025-07-12 04:26:56,1793,0.5
2373,L18,#30,GW252/13600,(1)停机过程,1,2025-07-12 03:56:31,2025-07-12 03:57:03,32,0.01
2374,L18,#30,GW252/13600,(4)启机状态,4,2025-07-12 03:51:31,2025-07-12 03:56:31,300,0.08
2375,L18,#30,GW252/13600,(3)待机状态,3,2025-07-12 03:50:22,2025-07-12 03:51:31,69,0.02
2376,L18,#30,GW252/13600,(1)停机过程,1,2025-07-12 03:49:29,2025-07-12 03:50:22,53,0.01
2377,L18,#30,GW252/13600,(4)启机状态,4,2025-07-12 03:44:29,2025-07-12 03:49:29,300,0.08
2378,L18,#30,GW252/13600,(3)待机状态,3,2025-07-12 03:39:23,2025-07-12 03:44:29,306,0.09
2379,L18,#30,GW252/13600,(2)停机状态,2,2025-07-12 03:38:57,2025-07-12 03:39:23,26,0.01
2380,L18,#30,GW252/13600,(1)停机过程,1,2025-07-12 03:38:26,2025-07-12 03:38:57,31,0.01
2381,L18,#30,GW252/13600,(4)启机状态,4,2025-07-12 03:33:25,2025-07-12 03:38:26,301,0.08
2382,L18,#30,GW252/13600,(3)待机状态,3,2025-07-12 03:30:24,2025-07-12 03:33:25,181,0.05
2383,L18,#30,GW252/13600,(2)停机状态,2,2025-07-12 03:25:35,2025-07-12 03:30:24,289,0.08
2384,L18,#30,GW252/13600,(1)停机过程,1,2025-07-12 03:25:04,2025-07-12 03:25:35,31,0.01
2385,L18,#30,GW252/13600,(4)启机状态,4,2025-07-12 03:20:04,2025-07-12 03:25:04,300,0.08
2386,L18,#30,GW252/13600,(3)待机状态,3,2025-07-12 03:18:12,2025-07-12 03:20:04,112,0.03
2387,L18,#30,GW252/13600,(2)停机状态,2,2025-07-12 03:18:11,2025-07-12 03:18:12,1,0
2388,L18,#30,GW252/13600,(1)停机过程,1,2025-07-12 03:17:41,2025-07-12 03:18:11,30,0.01
2389,L18,#30,GW252/13600,(4)启机状态,4,2025-07-12 03:12:41,2025-07-12 03:17:41,300,0.08
2390,L18,#30,GW252/13600,(3)待机状态,3,2025-07-12 03:01:13,2025-07-12 03:12:41,688,0.19
2391,L18,#30,GW252/13600,(2)停机状态,2,2025-07-12 02:57:17,2025-07-12 03:01:13,236,0.07
2392,L18,#30,GW252/13600,(1)停机过程,1,2025-07-12 02:56:19,2025-07-12 02:57:17,58,0.02
2393,L18,#30,GW252/13600,(5)发电状态,5,2025-07-12 02:37:58,2025-07-12 02:56:19,1101,0.31
2394,L18,#30,GW252/13600,(4)启机状态,4,2025-07-12 02:34:11,2025-07-12 02:37:58,227,0.06
2395,L18,#30,GW252/13600,(3)待机状态,3,2025-07-12 02:32:58,2025-07-12 02:34:11,73,0.02
2396,L18,#30,GW252/13600,(2)停机状态,2,2025-07-12 02:32:56,2025-07-12 02:32:58,2,0
2397,L18,#30,GW252/13600,(1)停机过程,1,2025-07-12 02:32:25,2025-07-12 02:32:56,31,0.01
2398,L18,#30,GW252/13600,(4)启机状态,4,2025-07-12 02:27:24,2025-07-12 02:32:25,301,0.08
2399,L18,#30,GW252/13600,(3)待机状态,3,2025-07-12 02:08:02,2025-07-12 02:27:24,1162,0.32
2400,L18,#30,GW252/13600,(2)停机状态,2,2025-07-12 02:05:20,2025-07-12 02:08:02,162,0.05
2401,L18,#30,GW252/13600,(1)停机过程,1,2025-07-12 02:04:49,2025-07-12 02:05:20,31,0.01
2402,L18,#30,GW252/13600,(4)启机状态,4,2025-07-12 01:59:49,2025-07-12 02:04:49,300,0.08
2403,L18,#30,GW252/13600,(3)待机状态,3,2025-07-12 01:53:12,2025-07-12 01:59:49,397,0.11
2404,L18,#30,GW252/13600,(2)停机状态,2,2025-07-12 01:51:55,2025-07-12 01:53:12,77,0.02
2405,L18,#30,GW252/13600,(1)停机过程,1,2025-07-12 01:51:23,2025-07-12 01:51:55,32,0.01
2406,L18,#30,GW252/13600,(4)启机状态,4,2025-07-12 01:46:23,2025-07-12 01:51:23,300,0.08
2407,L18,#30,GW252/13600,(3)待机状态,3,2025-07-12 01:31:11,2025-07-12 01:46:23,912,0.25
2408,L18,#30,GW252/13600,(2)停机状态,2,2025-07-12 01:31:03,2025-07-12 01:31:11,8,0
2409,L18,#30,GW252/13600,(1)停机过程,1,2025-07-12 01:30:33,2025-07-12 01:31:03,30,0.01
2410,L18,#30,GW252/13600,(4)启机状态,4,2025-07-12 01:25:33,2025-07-12 01:30:33,300,0.08
2411,L18,#30,GW252/13600,(3)待机状态,3,2025-07-12 01:24:09,2025-07-12 01:25:33,84,0.02
2412,L18,#30,GW252/13600,(2)停机状态,2,2025-07-12 01:24:08,2025-07-12 01:24:09,1,0
2413,L18,#30,GW252/13600,(1)停机过程,1,2025-07-12 01:23:37,2025-07-12 01:24:08,31,0.01
2414,L18,#30,GW252/13600,(4)启机状态,4,2025-07-12 01:18:37,2025-07-12 01:23:37,300,0.08
2415,L18,#30,GW252/13600,(3)待机状态,3,2025-07-12 00:47:04,2025-07-12 01:18:37,1893,0.53
2416,L18,#30,GW252/13600,(2)停机状态,2,2025-07-12 00:45:33,2025-07-12 00:47:04,91,0.03
2417,L18,#30,GW252/13600,(1)停机过程,1,2025-07-12 00:44:59,2025-07-12 00:45:33,34,0.01
2418,L18,#30,GW252/13600,(4)启机状态,4,2025-07-12 00:40:00,2025-07-12 00:44:59,299,0.08
2419,L18,#30,GW252/13600,(3)待机状态,3,2025-07-12 00:37:07,2025-07-12 00:40:00,173,0.05
2420,L18,#30,GW252/13600,(2)停机状态,2,2025-07-12 00:33:01,2025-07-12 00:37:07,246,0.07
2421,L18,#30,GW252/13600,(1)停机过程,1,2025-07-12 00:32:05,2025-07-12 00:33:01,56,0.02
2422,L18,#30,GW252/13600,(5)发电状态,5,2025-07-12 00:12:08,2025-07-12 00:32:05,1197,0.33
2423,L18,#30,GW252/13600,(4)启机状态,4,2025-07-12 00:10:52,2025-07-12 00:12:08,76,0.02
2424,L18,#30,GW252/13600,(3)待机状态,3,2025-07-12 00:09:59,2025-07-12 00:10:52,53,0.01
2425,L18,#30,GW252/13600,(2)停机状态,2,2025-07-12 00:09:57,2025-07-12 00:09:59,2,0
2426,L18,#30,GW252/13600,(1)停机过程,1,2025-07-12 00:09:19,2025-07-12 00:09:57,38,0.01
2427,L18,#30,GW252/13600,(4)启机状态,4,2025-07-12 00:04:19,2025-07-12 00:09:19,300,0.08
2428,L18,#30,GW252/13600,(3)待机状态,3,2025-07-12 00:03:20,2025-07-12 00:04:19,59,0.02
2429,L18,#30,GW252/13600,(2)停机状态,2,2025-07-12 00:03:18,2025-07-12 00:03:20,2,0
2430,L18,#30,GW252/13600,(1)停机过程,1,2025-07-12 00:02:24,2025-07-12 00:03:18,54,0.02
2431,L18,#30,GW252/13600,(4)启机状态,4,2025-07-11 23:57:24,2025-07-12 00:02:24,300,0.08
2432,L18,#30,GW252/13600,(3)待机状态,3,2025-07-11 23:56:22,2025-07-11 23:57:24,62,0.02
2433,L18,#30,GW252/13600,(2)停机状态,2,2025-07-11 23:56:21,2025-07-11 23:56:22,1,0
2434,L18,#30,GW252/13600,(1)停机过程,1,2025-07-11 23:55:49,2025-07-11 23:56:21,32,0.01
2435,L18,#30,GW252/13600,(4)启机状态,4,2025-07-11 23:50:48,2025-07-11 23:55:49,301,0.08
2436,L18,#30,GW252/13600,(3)待机状态,3,2025-07-11 23:49:48,2025-07-11 23:50:48,60,0.02
2437,L18,#30,GW252/13600,(1)停机过程,1,2025-07-11 23:49:15,2025-07-11 23:49:48,33,0.01
2438,L18,#30,GW252/13600,(4)启机状态,4,2025-07-11 23:44:16,2025-07-11 23:49:15,299,0.08
2439,L18,#30,GW252/13600,(3)待机状态,3,2025-07-11 23:42:52,2025-07-11 23:44:16,84,0.02
2440,L18,#30,GW252/13600,(2)停机状态,2,2025-07-11 23:42:51,2025-07-11 23:42:52,1,0
2441,L18,#30,GW252/13600,(1)停机过程,1,2025-07-11 23:42:18,2025-07-11 23:42:51,33,0.01
2442,L18,#30,GW252/13600,(4)启机状态,4,2025-07-11 23:37:18,2025-07-11 23:42:18,300,0.08
2443,L18,#30,GW252/13600,(3)待机状态,3,2025-07-11 23:36:11,2025-07-11 23:37:18,67,0.02
2444,L18,#30,GW252/13600,(2)停机状态,2,2025-07-11 23:36:09,2025-07-11 23:36:11,2,0
2445,L18,#30,GW252/13600,(1)停机过程,1,2025-07-11 23:35:38,2025-07-11 23:36:09,31,0.01
2446,L18,#30,GW252/13600,(4)启机状态,4,2025-07-11 23:30:38,2025-07-11 23:35:38,300,0.08
2447,L18,#30,GW252/13600,(3)待机状态,3,2025-07-11 23:29:10,2025-07-11 23:30:38,88,0.02
2448,L18,#30,GW252/13600,(2)停机状态,2,2025-07-11 23:29:08,2025-07-11 23:29:10,2,0
2449,L18,#30,GW252/13600,(1)停机过程,1,2025-07-11 23:28:36,2025-07-11 23:29:08,32,0.01
2450,L18,#30,GW252/13600,(4)启机状态,4,2025-07-11 23:23:36,2025-07-11 23:28:36,300,0.08
2451,L18,#30,GW252/13600,(3)待机状态,3,2025-07-11 23:19:54,2025-07-11 23:23:36,222,0.06
2452,L18,#30,GW252/13600,(2)停机状态,2,2025-07-11 23:19:53,2025-07-11 23:19:54,1,0
2453,L18,#30,GW252/13600,(1)停机过程,1,2025-07-11 23:19:22,2025-07-11 23:19:53,31,0.01
2454,L18,#30,GW252/13600,(4)启机状态,4,2025-07-11 23:14:21,2025-07-11 23:19:22,301,0.08
2455,L18,#30,GW252/13600,(3)待机状态,3,2025-07-11 23:11:38,2025-07-11 23:14:21,163,0.05
2456,L18,#30,GW252/13600,(2)停机状态,2,2025-07-11 23:10:49,2025-07-11 23:11:38,49,0.01
2457,L18,#30,GW252/13600,(1)停机过程,1,2025-07-11 23:10:18,2025-07-11 23:10:49,31,0.01
2458,L18,#30,GW252/13600,(4)启机状态,4,2025-07-11 23:05:18,2025-07-11 23:10:18,300,0.08
2459,L18,#30,GW252/13600,(3)待机状态,3,2025-07-11 22:58:29,2025-07-11 23:05:18,409,0.11
2460,L18,#30,GW252/13600,(2)停机状态,2,2025-07-11 22:58:28,2025-07-11 22:58:29,1,0
2461,L18,#30,GW252/13600,(1)停机过程,1,2025-07-11 22:57:56,2025-07-11 22:58:28,32,0.01
2462,L18,#30,GW252/13600,(4)启机状态,4,2025-07-11 22:52:56,2025-07-11 22:57:56,300,0.08
2463,L18,#30,GW252/13600,(3)待机状态,3,2025-07-11 22:47:39,2025-07-11 22:52:56,317,0.09
2464,L18,#30,GW252/13600,(2)停机状态,2,2025-07-11 22:46:58,2025-07-11 22:47:39,41,0.01
2465,L18,#30,GW252/13600,(1)停机过程,1,2025-07-11 22:46:01,2025-07-11 22:46:58,57,0.02
2466,L18,#30,GW252/13600,(5)发电状态,5,2025-07-11 21:46:55,2025-07-11 22:46:01,3546,0.99
2467,L18,#30,GW252/13600,(4)启机状态,4,2025-07-11 21:45:13,2025-07-11 21:46:55,102,0.03
2468,L18,#30,GW252/13600,(3)待机状态,3,2025-07-11 21:44:20,2025-07-11 21:45:13,53,0.01
2469,L18,#30,GW252/13600,(2)停机状态,2,2025-07-11 21:43:19,2025-07-11 21:44:20,61,0.02
2470,L18,#30,GW252/13600,(1)停机过程,1,2025-07-11 21:42:47,2025-07-11 21:43:19,32,0.01
2471,L18,#30,GW252/13600,(4)启机状态,4,2025-07-11 21:37:47,2025-07-11 21:42:47,300,0.08
2472,L18,#30,GW252/13600,(3)待机状态,3,2025-07-11 20:54:00,2025-07-11 21:37:47,2627,0.73
2473,L18,#30,GW252/13600,(2)停机状态,2,2025-07-11 20:53:57,2025-07-11 20:54:00,3,0
2474,L18,#30,GW252/13600,(1)停机过程,1,2025-07-11 20:53:25,2025-07-11 20:53:57,32,0.01
2475,L18,#30,GW252/13600,(4)启机状态,4,2025-07-11 20:48:25,2025-07-11 20:53:25,300,0.08
2476,L18,#30,GW252/13600,(3)待机状态,3,2025-07-11 20:40:51,2025-07-11 20:48:25,454,0.13
2477,L18,#30,GW252/13600,(2)停机状态,2,2025-07-11 20:40:49,2025-07-11 20:40:51,2,0
2478,L18,#30,GW252/13600,(1)停机过程,1,2025-07-11 20:40:16,2025-07-11 20:40:49,33,0.01
2479,L18,#30,GW252/13600,(4)启机状态,4,2025-07-11 20:35:16,2025-07-11 20:40:16,300,0.08
2480,L18,#30,GW252/13600,(3)待机状态,3,2025-07-11 20:33:17,2025-07-11 20:35:16,119,0.03
2481,L18,#30,GW252/13600,(2)停机状态,2,2025-07-11 20:33:09,2025-07-11 20:33:17,8,0
2482,L18,#30,GW252/13600,(1)停机过程,1,2025-07-11 20:32:38,2025-07-11 20:33:09,31,0.01
2483,L18,#30,GW252/13600,(4)启机状态,4,2025-07-11 20:27:38,2025-07-11 20:32:38,300,0.08
2484,L18,#30,GW252/13600,(3)待机状态,3,2025-07-11 20:26:19,2025-07-11 20:27:38,79,0.02
2485,L18,#30,GW252/13600,(2)停机状态,2,2025-07-11 20:26:18,2025-07-11 20:26:19,1,0
2486,L18,#30,GW252/13600,(1)停机过程,1,2025-07-11 20:25:45,2025-07-11 20:26:18,33,0.01
2487,L18,#30,GW252/13600,(4)启机状态,4,2025-07-11 20:20:45,2025-07-11 20:25:45,300,0.08
2488,L18,#30,GW252/13600,(3)待机状态,3,2025-07-11 18:36:55,2025-07-11 20:20:45,6230,1.73
2489,L18,#30,GW252/13600,(2)停机状态,2,2025-07-11 18:36:54,2025-07-11 18:36:55,1,0
2490,L18,#30,GW252/13600,(1)停机过程,1,2025-07-11 18:36:22,2025-07-11 18:36:54,32,0.01
2491,L18,#30,GW252/13600,(4)启机状态,4,2025-07-11 18:31:22,2025-07-11 18:36:22,300,0.08
2492,L18,#30,GW252/13600,(3)待机状态,3,2025-07-11 18:29:47,2025-07-11 18:31:22,95,0.03
2493,L18,#30,GW252/13600,(2)停机状态,2,2025-07-11 18:29:46,2025-07-11 18:29:47,1,0
2494,L18,#30,GW252/13600,(1)停机过程,1,2025-07-11 18:29:14,2025-07-11 18:29:46,32,0.01
2495,L18,#30,GW252/13600,(4)启机状态,4,2025-07-11 18:24:14,2025-07-11 18:29:14,300,0.08
2496,L18,#30,GW252/13600,(3)待机状态,3,2025-07-11 18:22:35,2025-07-11 18:24:14,99,0.03
2497,L18,#30,GW252/13600,(2)停机状态,2,2025-07-11 18:22:33,2025-07-11 18:22:35,2,0
2498,L18,#30,GW252/13600,(1)停机过程,1,2025-07-11 18:22:00,2025-07-11 18:22:33,33,0.01
2499,L18,#30,GW252/13600,(4)启机状态,4,2025-07-11 18:17:01,2025-07-11 18:22:00,299,0.08
2500,L18,#30,GW252/13600,(3)待机状态,3,2025-07-11 18:15:48,2025-07-11 18:17:01,73,0.02
2501,L18,#30,GW252/13600,(2)停机状态,2,2025-07-11 18:15:47,2025-07-11 18:15:48,1,0
2502,L18,#30,GW252/13600,(1)停机过程,1,2025-07-11 18:15:16,2025-07-11 18:15:47,31,0.01
2503,L18,#30,GW252/13600,(4)启机状态,4,2025-07-11 18:10:15,2025-07-11 18:15:16,301,0.08
2504,L18,#30,GW252/13600,(3)待机状态,3,2025-07-11 18:08:42,2025-07-11 18:10:15,93,0.03
2505,L18,#30,GW252/13600,(1)停机过程,1,2025-07-11 18:08:10,2025-07-11 18:08:42,32,0.01
2506,L18,#30,GW252/13600,(4)启机状态,4,2025-07-11 18:03:10,2025-07-11 18:08:10,300,0.08
2507,L18,#30,GW252/13600,(3)待机状态,3,2025-07-11 17:42:34,2025-07-11 18:03:10,1236,0.34
2508,L18,#30,GW252/13600,(2)停机状态,2,2025-07-11 17:42:33,2025-07-11 17:42:34,1,0
2509,L18,#30,GW252/13600,(1)停机过程,1,2025-07-11 17:42:01,2025-07-11 17:42:33,32,0.01
2510,L18,#30,GW252/13600,(4)启机状态,4,2025-07-11 17:37:01,2025-07-11 17:42:01,300,0.08
2511,L18,#30,GW252/13600,(3)待机状态,3,2025-07-11 17:34:55,2025-07-11 17:37:01,126,0.04
2512,L18,#30,GW252/13600,(1)停机过程,1,2025-07-11 17:34:24,2025-07-11 17:34:55,31,0.01
2513,L18,#30,GW252/13600,(4)启机状态,4,2025-07-11 17:29:24,2025-07-11 17:34:24,300,0.08
2514,L18,#30,GW252/13600,(3)待机状态,3,2025-07-11 17:28:04,2025-07-11 17:29:24,80,0.02
2515,L18,#30,GW252/13600,(2)停机状态,2,2025-07-11 17:28:01,2025-07-11 17:28:04,3,0
2516,L18,#30,GW252/13600,(1)停机过程,1,2025-07-11 17:27:30,2025-07-11 17:28:01,31,0.01
2517,L18,#30,GW252/13600,(4)启机状态,4,2025-07-11 17:22:30,2025-07-11 17:27:30,300,0.08
2518,L18,#30,GW252/13600,(3)待机状态,3,2025-07-11 17:21:09,2025-07-11 17:22:30,81,0.02
2519,L18,#30,GW252/13600,(2)停机状态,2,2025-07-11 17:21:08,2025-07-11 17:21:09,1,0
2520,L18,#30,GW252/13600,(1)停机过程,1,2025-07-11 17:20:37,2025-07-11 17:21:08,31,0.01
2521,L18,#30,GW252/13600,(4)启机状态,4,2025-07-11 17:15:36,2025-07-11 17:20:37,301,0.08
2522,L18,#30,GW252/13600,(3)待机状态,3,2025-07-11 17:14:09,2025-07-11 17:15:36,87,0.02
2523,L18,#30,GW252/13600,(2)停机状态,2,2025-07-11 17:14:07,2025-07-11 17:14:09,2,0
2524,L18,#30,GW252/13600,(1)停机过程,1,2025-07-11 17:13:35,2025-07-11 17:14:07,32,0.01
2525,L18,#30,GW252/13600,(4)启机状态,4,2025-07-11 17:08:35,2025-07-11 17:13:35,300,0.08
2526,L18,#30,GW252/13600,(3)待机状态,3,2025-07-11 17:07:22,2025-07-11 17:08:35,73,0.02
2527,L18,#30,GW252/13600,(2)停机状态,2,2025-07-11 17:07:21,2025-07-11 17:07:22,1,0
2528,L18,#30,GW252/13600,(1)停机过程,1,2025-07-11 17:06:50,2025-07-11 17:07:21,31,0.01
2529,L18,#30,GW252/13600,(4)启机状态,4,2025-07-11 17:01:50,2025-07-11 17:06:50,300,0.08
2530,L18,#30,GW252/13600,(3)待机状态,3,2025-07-11 09:46:45,2025-07-11 17:01:50,26105,7.25
2531,L18,#30,GW252/13600,(2)停机状态,2,2025-07-11 09:46:43,2025-07-11 09:46:45,2,0
2532,L18,#30,GW252/13600,(1)停机过程,1,2025-07-11 09:46:13,2025-07-11 09:46:43,30,0.01
2533,L18,#30,GW252/13600,(4)启机状态,4,2025-07-11 09:41:13,2025-07-11 09:46:13,300,0.08
2534,L18,#30,GW252/13600,(3)待机状态,3,2025-07-11 07:27:31,2025-07-11 09:41:13,8022,2.23
2535,L18,#30,GW252/13600,(2)停机状态,2,2025-07-11 07:21:54,2025-07-11 07:27:31,337,0.09
2536,L18,#30,GW252/13600,(1)停机过程,1,2025-07-11 07:21:22,2025-07-11 07:21:54,32,0.01
2537,L18,#30,GW252/13600,(4)启机状态,4,2025-07-11 07:16:22,2025-07-11 07:21:22,300,0.08
2538,L18,#30,GW252/13600,(3)待机状态,3,2025-07-11 05:53:17,2025-07-11 07:16:22,4985,1.38
2539,L18,#30,GW252/13600,(1)停机过程,1,2025-07-11 05:52:44,2025-07-11 05:53:17,33,0.01
2540,L18,#30,GW252/13600,(4)启机状态,4,2025-07-11 05:47:44,2025-07-11 05:52:44,300,0.08
2541,L18,#30,GW252/13600,(3)待机状态,3,2025-07-11 05:40:52,2025-07-11 05:47:44,412,0.11
2542,L18,#30,GW252/13600,(2)停机状态,2,2025-07-11 05:40:50,2025-07-11 05:40:52,2,0
2543,L18,#30,GW252/13600,(1)停机过程,1,2025-07-11 05:40:18,2025-07-11 05:40:50,32,0.01
2544,L18,#30,GW252/13600,(4)启机状态,4,2025-07-11 05:35:18,2025-07-11 05:40:18,300,0.08
2545,L18,#30,GW252/13600,(3)待机状态,3,2025-07-11 05:34:00,2025-07-11 05:35:18,78,0.02
2546,L18,#30,GW252/13600,(2)停机状态,2,2025-07-11 05:33:59,2025-07-11 05:34:00,1,0
2547,L18,#30,GW252/13600,(1)停机过程,1,2025-07-11 05:33:27,2025-07-11 05:33:59,32,0.01
2548,L18,#30,GW252/13600,(4)启机状态,4,2025-07-11 05:28:27,2025-07-11 05:33:27,300,0.08
2549,L18,#30,GW252/13600,(3)待机状态,3,2025-07-11 05:26:38,2025-07-11 05:28:27,109,0.03
2550,L18,#30,GW252/13600,(2)停机状态,2,2025-07-11 05:26:36,2025-07-11 05:26:38,2,0
2551,L18,#30,GW252/13600,(1)停机过程,1,2025-07-11 05:26:03,2025-07-11 05:26:36,33,0.01
2552,L18,#30,GW252/13600,(4)启机状态,4,2025-07-11 05:21:03,2025-07-11 05:26:03,300,0.08
2553,L18,#30,GW252/13600,(3)待机状态,3,2025-07-11 05:19:59,2025-07-11 05:21:03,64,0.02
2554,L18,#30,GW252/13600,(2)停机状态,2,2025-07-11 05:19:58,2025-07-11 05:19:59,1,0
2555,L18,#30,GW252/13600,(1)停机过程,1,2025-07-11 05:19:28,2025-07-11 05:19:58,30,0.01
2556,L18,#30,GW252/13600,(4)启机状态,4,2025-07-11 05:14:28,2025-07-11 05:19:28,300,0.08
2557,L18,#30,GW252/13600,(3)待机状态,3,2025-07-11 05:12:30,2025-07-11 05:14:28,118,0.03
2558,L18,#30,GW252/13600,(2)停机状态,2,2025-07-11 05:10:56,2025-07-11 05:12:30,94,0.03
2559,L18,#30,GW252/13600,(1)停机过程,1,2025-07-11 05:09:58,2025-07-11 05:10:56,58,0.02
2560,L18,#30,GW252/13600,(5)发电状态,5,2025-07-11 04:15:42,2025-07-11 05:09:58,3256,0.9
2561,L18,#30,GW252/13600,(4)启机状态,4,2025-07-11 04:12:59,2025-07-11 04:15:42,163,0.05
2562,L18,#30,GW252/13600,(3)待机状态,3,2025-07-11 04:12:00,2025-07-11 04:12:59,59,0.02
2563,L18,#30,GW252/13600,(2)停机状态,2,2025-07-11 04:11:59,2025-07-11 04:12:00,1,0
2564,L18,#30,GW252/13600,(1)停机过程,1,2025-07-11 04:11:28,2025-07-11 04:11:59,31,0.01
2565,L18,#30,GW252/13600,(4)启机状态,4,2025-07-11 04:06:28,2025-07-11 04:11:28,300,0.08
2566,L18,#30,GW252/13600,(3)待机状态,3,2025-07-11 04:05:24,2025-07-11 04:06:28,64,0.02
2567,L18,#30,GW252/13600,(1)停机过程,1,2025-07-11 04:04:51,2025-07-11 04:05:24,33,0.01
2568,L18,#30,GW252/13600,(4)启机状态,4,2025-07-11 03:59:52,2025-07-11 04:04:51,299,0.08
2569,L18,#30,GW252/13600,(3)待机状态,3,2025-07-11 03:39:37,2025-07-11 03:59:52,1215,0.34
2570,L18,#30,GW252/13600,(2)停机状态,2,2025-07-11 03:39:35,2025-07-11 03:39:37,2,0
2571,L18,#30,GW252/13600,(1)停机过程,1,2025-07-11 03:39:04,2025-07-11 03:39:35,31,0.01
2572,L18,#30,GW252/13600,(4)启机状态,4,2025-07-11 03:34:04,2025-07-11 03:39:04,300,0.08
2573,L18,#30,GW252/13600,(3)待机状态,3,2025-07-11 03:32:28,2025-07-11 03:34:04,96,0.03
2574,L18,#30,GW252/13600,(2)停机状态,2,2025-07-11 03:32:26,2025-07-11 03:32:28,2,0
2575,L18,#30,GW252/13600,(1)停机过程,1,2025-07-11 03:31:55,2025-07-11 03:32:26,31,0.01
2576,L18,#30,GW252/13600,(4)启机状态,4,2025-07-11 03:26:55,2025-07-11 03:31:55,300,0.08
2577,L18,#30,GW252/13600,(3)待机状态,3,2025-07-11 03:25:42,2025-07-11 03:26:55,73,0.02
2578,L18,#30,GW252/13600,(2)停机状态,2,2025-07-11 03:25:41,2025-07-11 03:25:42,1,0
2579,L18,#30,GW252/13600,(1)停机过程,1,2025-07-11 03:25:09,2025-07-11 03:25:41,32,0.01
2580,L18,#30,GW252/13600,(4)启机状态,4,2025-07-11 03:20:08,2025-07-11 03:25:09,301,0.08
2581,L18,#30,GW252/13600,(3)待机状态,3,2025-07-11 03:18:41,2025-07-11 03:20:08,87,0.02
2582,L18,#30,GW252/13600,(2)停机状态,2,2025-07-11 03:18:40,2025-07-11 03:18:41,1,0
2583,L18,#30,GW252/13600,(1)停机过程,1,2025-07-11 03:18:08,2025-07-11 03:18:40,32,0.01
2584,L18,#30,GW252/13600,(4)启机状态,4,2025-07-11 03:13:08,2025-07-11 03:18:08,300,0.08
2585,L18,#30,GW252/13600,(3)待机状态,3,2025-07-11 03:12:05,2025-07-11 03:13:08,63,0.02
2586,L18,#30,GW252/13600,(2)停机状态,2,2025-07-11 03:12:04,2025-07-11 03:12:05,1,0
2587,L18,#30,GW252/13600,(1)停机过程,1,2025-07-11 03:11:32,2025-07-11 03:12:04,32,0.01
2588,L18,#30,GW252/13600,(4)启机状态,4,2025-07-11 03:06:32,2025-07-11 03:11:32,300,0.08
2589,L18,#30,GW252/13600,(3)待机状态,3,2025-07-11 03:05:27,2025-07-11 03:06:32,65,0.02
2590,L18,#30,GW252/13600,(2)停机状态,2,2025-07-11 03:05:25,2025-07-11 03:05:27,2,0
2591,L18,#30,GW252/13600,(1)停机过程,1,2025-07-11 03:04:53,2025-07-11 03:05:25,32,0.01
2592,L18,#30,GW252/13600,(4)启机状态,4,2025-07-11 02:59:53,2025-07-11 03:04:53,300,0.08
2593,L18,#30,GW252/13600,(3)待机状态,3,2025-07-11 02:06:12,2025-07-11 02:59:53,3221,0.89
2594,L18,#30,GW252/13600,(2)停机状态,2,2025-07-11 02:00:35,2025-07-11 02:06:12,337,0.09
2595,L18,#30,GW252/13600,(1)停机过程,1,2025-07-11 01:59:38,2025-07-11 02:00:35,57,0.02
2596,L18,#30,GW252/13600,(5)发电状态,5,2025-07-11 00:49:59,2025-07-11 01:59:38,4179,1.16
2597,L18,#30,GW252/13600,(4)启机状态,4,2025-07-11 00:48:02,2025-07-11 00:49:59,117,0.03
2598,L18,#30,GW252/13600,(3)待机状态,3,2025-07-11 00:47:08,2025-07-11 00:48:02,54,0.02
2599,L18,#30,GW252/13600,(1)停机过程,1,2025-07-11 00:46:14,2025-07-11 00:47:08,54,0.02
2600,L18,#30,GW252/13600,(4)启机状态,4,2025-07-11 00:41:14,2025-07-11 00:46:14,300,0.08
2601,L18,#30,GW252/13600,(3)待机状态,3,2025-07-11 00:39:49,2025-07-11 00:41:14,85,0.02
2602,L18,#30,GW252/13600,(2)停机状态,2,2025-07-11 00:39:48,2025-07-11 00:39:49,1,0
2603,L18,#30,GW252/13600,(1)停机过程,1,2025-07-11 00:39:18,2025-07-11 00:39:48,30,0.01
2604,L18,#30,GW252/13600,(4)启机状态,4,2025-07-11 00:34:18,2025-07-11 00:39:18,300,0.08
2605,L18,#30,GW252/13600,(3)待机状态,3,2025-07-11 00:32:36,2025-07-11 00:34:18,102,0.03
2606,L18,#30,GW252/13600,(2)停机状态,2,2025-07-11 00:31:41,2025-07-11 00:32:36,55,0.02
2607,L18,#30,GW252/13600,(1)停机过程,1,2025-07-11 00:31:09,2025-07-11 00:31:41,32,0.01
2608,L18,#30,GW252/13600,(4)启机状态,4,2025-07-11 00:26:10,2025-07-11 00:31:09,299,0.08
2609,L18,#30,GW252/13600,(3)待机状态,3,2025-07-11 00:07:35,2025-07-11 00:26:10,1115,0.31
2610,L18,#30,GW252/13600,(2)停机状态,2,2025-07-11 00:07:33,2025-07-11 00:07:35,2,0
2611,L18,#30,GW252/13600,(1)停机过程,1,2025-07-11 00:07:00,2025-07-11 00:07:33,33,0.01
2612,L18,#30,GW252/13600,(4)启机状态,4,2025-07-11 00:02:01,2025-07-11 00:07:00,299,0.08
2613,L18,#30,GW252/13600,(3)待机状态,3,2025-07-10 23:51:34,2025-07-11 00:02:01,627,0.17
2614,L18,#30,GW252/13600,(2)停机状态,2,2025-07-10 23:45:58,2025-07-10 23:51:34,336,0.09
2615,L18,#30,GW252/13600,(1)停机过程,1,2025-07-10 23:45:01,2025-07-10 23:45:58,57,0.02
2616,L18,#30,GW252/13600,(5)发电状态,5,2025-07-10 23:33:46,2025-07-10 23:45:01,675,0.19
2617,L18,#30,GW252/13600,(4)启机状态,4,2025-07-10 23:29:12,2025-07-10 23:33:46,274,0.08
2618,L18,#30,GW252/13600,(3)待机状态,3,2025-07-10 23:16:57,2025-07-10 23:29:12,735,0.2
2619,L18,#30,GW252/13600,(2)停机状态,2,2025-07-10 23:11:19,2025-07-10 23:16:57,338,0.09
2620,L18,#30,GW252/13600,(1)停机过程,1,2025-07-10 23:10:22,2025-07-10 23:11:19,57,0.02
2621,L18,#30,GW252/13600,(5)发电状态,5,2025-07-10 22:53:06,2025-07-10 23:10:22,1036,0.29
2622,L18,#30,GW252/13600,(4)启机状态,4,2025-07-10 22:48:21,2025-07-10 22:53:06,285,0.08
2623,L18,#30,GW252/13600,(3)待机状态,3,2025-07-10 22:46:46,2025-07-10 22:48:21,95,0.03
2624,L18,#30,GW252/13600,(2)停机状态,2,2025-07-10 22:43:49,2025-07-10 22:46:46,177,0.05
2625,L18,#30,GW252/13600,(1)停机过程,1,2025-07-10 22:42:54,2025-07-10 22:43:49,55,0.02
2626,L18,#30,GW252/13600,(5)发电状态,5,2025-07-10 22:24:05,2025-07-10 22:42:54,1129,0.31
2627,L18,#30,GW252/13600,(4)启机状态,4,2025-07-10 22:22:45,2025-07-10 22:24:05,80,0.02
2628,L18,#30,GW252/13600,(3)待机状态,3,2025-07-10 22:21:50,2025-07-10 22:22:45,55,0.02
2629,L18,#30,GW252/13600,(2)停机状态,2,2025-07-10 22:21:49,2025-07-10 22:21:50,1,0
2630,L18,#30,GW252/13600,(1)停机过程,1,2025-07-10 22:21:07,2025-07-10 22:21:49,42,0.01
2631,L18,#30,GW252/13600,(4)启机状态,4,2025-07-10 22:16:07,2025-07-10 22:21:07,300,0.08
2632,L18,#30,GW252/13600,(3)待机状态,3,2025-07-10 22:12:17,2025-07-10 22:16:07,230,0.06
2633,L18,#30,GW252/13600,(2)停机状态,2,2025-07-10 22:10:54,2025-07-10 22:12:17,83,0.02
2634,L18,#30,GW252/13600,(1)停机过程,1,2025-07-10 22:10:22,2025-07-10 22:10:54,32,0.01
2635,L18,#30,GW252/13600,(4)启机状态,4,2025-07-10 22:05:22,2025-07-10 22:10:22,300,0.08
2636,L18,#30,GW252/13600,(3)待机状态,3,2025-07-10 22:04:16,2025-07-10 22:05:22,66,0.02
2637,L18,#30,GW252/13600,(2)停机状态,2,2025-07-10 22:04:14,2025-07-10 22:04:16,2,0
2638,L18,#30,GW252/13600,(1)停机过程,1,2025-07-10 22:03:42,2025-07-10 22:04:14,32,0.01
2639,L18,#30,GW252/13600,(4)启机状态,4,2025-07-10 21:58:43,2025-07-10 22:03:42,299,0.08
2640,L18,#30,GW252/13600,(3)待机状态,3,2025-07-10 21:57:27,2025-07-10 21:58:43,76,0.02
2641,L18,#30,GW252/13600,(2)停机状态,2,2025-07-10 21:57:26,2025-07-10 21:57:27,1,0
2642,L18,#30,GW252/13600,(1)停机过程,1,2025-07-10 21:56:54,2025-07-10 21:57:26,32,0.01
2643,L18,#30,GW252/13600,(4)启机状态,4,2025-07-10 21:51:54,2025-07-10 21:56:54,300,0.08
2644,L18,#30,GW252/13600,(3)待机状态,3,2025-07-10 21:09:14,2025-07-10 21:51:54,2560,0.71
2645,L18,#30,GW252/13600,(2)停机状态,2,2025-07-10 21:05:24,2025-07-10 21:09:14,230,0.06
2646,L18,#30,GW252/13600,(1)停机过程,1,2025-07-10 21:04:29,2025-07-10 21:05:24,55,0.02
2647,L18,#30,GW252/13600,(5)发电状态,5,2025-07-10 20:36:34,2025-07-10 21:04:29,1675,0.47
2648,L18,#30,GW252/13600,(4)启机状态,4,2025-07-10 20:36:00,2025-07-10 20:36:34,34,0.01
2649,L18,#30,GW252/13600,(3)待机状态,3,2025-07-10 20:32:27,2025-07-10 20:36:00,213,0.06
2650,L18,#30,GW252/13600,(2)停机状态,2,2025-07-10 20:32:26,2025-07-10 20:32:27,1,0
2651,L18,#30,GW252/13600,(1)停机过程,1,2025-07-10 20:31:55,2025-07-10 20:32:26,31,0.01
2652,L18,#30,GW252/13600,(3)待机状态,3,2025-07-10 20:31:25,2025-07-10 20:31:55,30,0.01
2653,L18,#30,GW252/13600,(2)停机状态,2,2025-07-10 20:31:24,2025-07-10 20:31:25,1,0
2654,L18,#30,GW252/13600,(1)停机过程,1,2025-07-10 20:30:53,2025-07-10 20:31:24,31,0.01
2655,L18,#30,GW252/13600,(3)待机状态,3,2025-07-10 20:29:57,2025-07-10 20:30:53,56,0.02
2656,L18,#30,GW252/13600,(2)停机状态,2,2025-07-10 20:29:56,2025-07-10 20:29:57,1,0
2657,L18,#30,GW252/13600,(1)停机过程,1,2025-07-10 20:29:04,2025-07-10 20:29:56,52,0.01
2658,L18,#30,GW252/13600,(5)发电状态,5,2025-07-09 13:20:02,2025-07-10 20:29:04,112142,31.15
2659,L18,#30,GW252/13600,(4)启机状态,4,2025-07-09 13:15:22,2025-07-09 13:20:02,280,0.08
2660,L18,#30,GW252/13600,(3)待机状态,3,2025-07-09 13:14:22,2025-07-09 13:15:22,60,0.02
2661,L18,#30,GW252/13600,(2)停机状态,2,2025-07-09 13:14:21,2025-07-09 13:14:22,1,0
2662,L18,#30,GW252/13600,(1)停机过程,1,2025-07-09 13:13:50,2025-07-09 13:14:21,31,0.01
2663,L18,#30,GW252/13600,(4)启机状态,4,2025-07-09 13:08:50,2025-07-09 13:13:50,300,0.08
2664,L18,#30,GW252/13600,(3)待机状态,3,2025-07-09 12:58:08,2025-07-09 13:08:50,642,0.18
2665,L18,#30,GW252/13600,(2)停机状态,2,2025-07-09 12:58:06,2025-07-09 12:58:08,2,0
2666,L18,#30,GW252/13600,(1)停机过程,1,2025-07-09 12:57:35,2025-07-09 12:58:06,31,0.01
2667,L18,#30,GW252/13600,(4)启机状态,4,2025-07-09 12:52:34,2025-07-09 12:57:35,301,0.08
2668,L18,#30,GW252/13600,(3)待机状态,3,2025-07-09 12:08:15,2025-07-09 12:52:34,2659,0.74
2669,L18,#30,GW252/13600,(2)停机状态,2,2025-07-09 12:08:13,2025-07-09 12:08:15,2,0
2670,L18,#30,GW252/13600,(1)停机过程,1,2025-07-09 12:07:41,2025-07-09 12:08:13,32,0.01
2671,L18,#30,GW252/13600,(4)启机状态,4,2025-07-09 12:02:41,2025-07-09 12:07:41,300,0.08
2672,L18,#30,GW252/13600,(3)待机状态,3,2025-07-09 12:00:10,2025-07-09 12:02:41,151,0.04
2673,L18,#30,GW252/13600,(2)停机状态,2,2025-07-09 12:00:06,2025-07-09 12:00:10,4,0
2674,L18,#30,GW252/13600,(1)停机过程,1,2025-07-09 11:59:09,2025-07-09 12:00:06,57,0.02
2675,L18,#30,GW252/13600,(5)发电状态,5,2025-07-09 04:05:48,2025-07-09 11:59:09,28401,7.89
2676,L18,#30,GW252/13600,(4)启机状态,4,2025-07-09 04:04:10,2025-07-09 04:05:48,98,0.03
2677,L18,#30,GW252/13600,(3)待机状态,3,2025-07-09 04:03:15,2025-07-09 04:04:10,55,0.02
2678,L18,#30,GW252/13600,(2)停机状态,2,2025-07-09 04:03:14,2025-07-09 04:03:15,1,0
2679,L18,#30,GW252/13600,(1)停机过程,1,2025-07-09 04:02:17,2025-07-09 04:03:14,57,0.02
2680,L18,#30,GW252/13600,(4)启机状态,4,2025-07-09 03:57:17,2025-07-09 04:02:17,300,0.08
2681,L18,#30,GW252/13600,(3)待机状态,3,2025-07-09 03:56:15,2025-07-09 03:57:17,62,0.02
2682,L18,#30,GW252/13600,(2)停机状态,2,2025-07-09 03:56:14,2025-07-09 03:56:15,1,0
2683,L18,#30,GW252/13600,(1)停机过程,1,2025-07-09 03:55:42,2025-07-09 03:56:14,32,0.01
2684,L18,#30,GW252/13600,(4)启机状态,4,2025-07-09 03:50:42,2025-07-09 03:55:42,300,0.08
2685,L18,#30,GW252/13600,(3)待机状态,3,2025-07-09 03:49:39,2025-07-09 03:50:42,63,0.02
2686,L18,#30,GW252/13600,(2)停机状态,2,2025-07-09 03:49:37,2025-07-09 03:49:39,2,0
2687,L18,#30,GW252/13600,(1)停机过程,1,2025-07-09 03:49:05,2025-07-09 03:49:37,32,0.01
2688,L18,#30,GW252/13600,(4)启机状态,4,2025-07-09 03:44:05,2025-07-09 03:49:05,300,0.08
2689,L18,#30,GW252/13600,(3)待机状态,3,2025-07-09 03:05:03,2025-07-09 03:44:05,2342,0.65
2690,L18,#30,GW252/13600,(2)停机状态,2,2025-07-09 03:05:01,2025-07-09 03:05:03,2,0
2691,L18,#30,GW252/13600,(1)停机过程,1,2025-07-09 03:04:29,2025-07-09 03:05:01,32,0.01
2692,L18,#30,GW252/13600,(4)启机状态,4,2025-07-09 02:59:29,2025-07-09 03:04:29,300,0.08
2693,L18,#30,GW252/13600,(3)待机状态,3,2025-07-09 02:56:13,2025-07-09 02:59:29,196,0.05
2694,L18,#30,GW252/13600,(2)停机状态,2,2025-07-09 02:56:12,2025-07-09 02:56:13,1,0
2695,L18,#30,GW252/13600,(1)停机过程,1,2025-07-09 02:55:41,2025-07-09 02:56:12,31,0.01
2696,L18,#30,GW252/13600,(4)启机状态,4,2025-07-09 02:50:40,2025-07-09 02:55:41,301,0.08
2697,L18,#30,GW252/13600,(3)待机状态,3,2025-07-09 02:49:23,2025-07-09 02:50:40,77,0.02
2698,L18,#30,GW252/13600,(2)停机状态,2,2025-07-09 02:49:22,2025-07-09 02:49:23,1,0
2699,L18,#30,GW252/13600,(1)停机过程,1,2025-07-09 02:48:51,2025-07-09 02:49:22,31,0.01
2700,L18,#30,GW252/13600,(4)启机状态,4,2025-07-09 02:43:50,2025-07-09 02:48:51,301,0.08
2701,L18,#30,GW252/13600,(3)待机状态,3,2025-07-09 02:42:38,2025-07-09 02:43:50,72,0.02
2702,L18,#30,GW252/13600,(1)停机过程,1,2025-07-09 02:42:06,2025-07-09 02:42:38,32,0.01
2703,L18,#30,GW252/13600,(4)启机状态,4,2025-07-09 02:37:06,2025-07-09 02:42:06,300,0.08
2704,L18,#30,GW252/13600,(3)待机状态,3,2025-07-09 02:36:07,2025-07-09 02:37:06,59,0.02
2705,L18,#30,GW252/13600,(2)停机状态,2,2025-07-09 02:36:06,2025-07-09 02:36:07,1,0
2706,L18,#30,GW252/13600,(1)停机过程,1,2025-07-09 02:35:35,2025-07-09 02:36:06,31,0.01
2707,L18,#30,GW252/13600,(4)启机状态,4,2025-07-09 02:30:35,2025-07-09 02:35:35,300,0.08
2708,L18,#30,GW252/13600,(3)待机状态,3,2025-07-09 02:29:16,2025-07-09 02:30:35,79,0.02
2709,L18,#30,GW252/13600,(2)停机状态,2,2025-07-09 02:29:14,2025-07-09 02:29:16,2,0
2710,L18,#30,GW252/13600,(1)停机过程,1,2025-07-09 02:28:43,2025-07-09 02:29:14,31,0.01
2711,L18,#30,GW252/13600,(4)启机状态,4,2025-07-09 02:23:43,2025-07-09 02:28:43,300,0.08
2712,L18,#30,GW252/13600,(3)待机状态,3,2025-07-09 02:21:48,2025-07-09 02:23:43,115,0.03
2713,L18,#30,GW252/13600,(2)停机状态,2,2025-07-09 02:21:47,2025-07-09 02:21:48,1,0
2714,L18,#30,GW252/13600,(1)停机过程,1,2025-07-09 02:21:16,2025-07-09 02:21:47,31,0.01
2715,L18,#30,GW252/13600,(4)启机状态,4,2025-07-09 02:16:17,2025-07-09 02:21:16,299,0.08
2716,L18,#30,GW252/13600,(3)待机状态,3,2025-07-09 02:14:53,2025-07-09 02:16:17,84,0.02
2717,L18,#30,GW252/13600,(2)停机状态,2,2025-07-09 02:14:52,2025-07-09 02:14:53,1,0
2718,L18,#30,GW252/13600,(1)停机过程,1,2025-07-09 02:14:19,2025-07-09 02:14:52,33,0.01
2719,L18,#30,GW252/13600,(4)启机状态,4,2025-07-09 02:09:19,2025-07-09 02:14:19,300,0.08
2720,L18,#30,GW252/13600,(3)待机状态,3,2025-07-09 01:03:54,2025-07-09 02:09:19,3925,1.09
2721,L18,#30,GW252/13600,(2)停机状态,2,2025-07-09 01:03:08,2025-07-09 01:03:54,46,0.01
2722,L18,#30,GW252/13600,(1)停机过程,1,2025-07-09 01:02:12,2025-07-09 01:03:08,56,0.02
2723,L18,#30,GW252/13600,(5)发电状态,5,2025-07-08 23:57:34,2025-07-09 01:02:12,3878,1.08
2724,L18,#30,GW252/13600,(4)启机状态,4,2025-07-08 23:54:48,2025-07-08 23:57:34,166,0.05
2725,L18,#30,GW252/13600,(3)待机状态,3,2025-07-08 23:53:48,2025-07-08 23:54:48,60,0.02
2726,L18,#30,GW252/13600,(2)停机状态,2,2025-07-08 23:53:47,2025-07-08 23:53:48,1,0
2727,L18,#30,GW252/13600,(1)停机过程,1,2025-07-08 23:53:15,2025-07-08 23:53:47,32,0.01
2728,L18,#30,GW252/13600,(4)启机状态,4,2025-07-08 23:48:15,2025-07-08 23:53:15,300,0.08
2729,L18,#30,GW252/13600,(3)待机状态,3,2025-07-08 23:47:12,2025-07-08 23:48:15,63,0.02
2730,L18,#30,GW252/13600,(2)停机状态,2,2025-07-08 23:47:10,2025-07-08 23:47:12,2,0
2731,L18,#30,GW252/13600,(1)停机过程,1,2025-07-08 23:46:37,2025-07-08 23:47:10,33,0.01
2732,L18,#30,GW252/13600,(4)启机状态,4,2025-07-08 23:41:38,2025-07-08 23:46:37,299,0.08
2733,L18,#30,GW252/13600,(3)待机状态,3,2025-07-08 23:40:40,2025-07-08 23:41:38,58,0.02
2734,L18,#30,GW252/13600,(2)停机状态,2,2025-07-08 23:40:39,2025-07-08 23:40:40,1,0
2735,L18,#30,GW252/13600,(1)停机过程,1,2025-07-08 23:40:09,2025-07-08 23:40:39,30,0.01
2736,L18,#30,GW252/13600,(4)启机状态,4,2025-07-08 23:35:09,2025-07-08 23:40:09,300,0.08
2737,L18,#30,GW252/13600,(3)待机状态,3,2025-07-08 23:33:54,2025-07-08 23:35:09,75,0.02
2738,L18,#30,GW252/13600,(2)停机状态,2,2025-07-08 23:33:53,2025-07-08 23:33:54,1,0
2739,L18,#30,GW252/13600,(1)停机过程,1,2025-07-08 23:33:21,2025-07-08 23:33:53,32,0.01
2740,L18,#30,GW252/13600,(4)启机状态,4,2025-07-08 23:28:22,2025-07-08 23:33:21,299,0.08
2741,L18,#30,GW252/13600,(3)待机状态,3,2025-07-08 23:21:50,2025-07-08 23:28:22,392,0.11
2742,L18,#30,GW252/13600,(2)停机状态,2,2025-07-08 23:21:48,2025-07-08 23:21:50,2,0
2743,L18,#30,GW252/13600,(1)停机过程,1,2025-07-08 23:21:16,2025-07-08 23:21:48,32,0.01
2744,L18,#30,GW252/13600,(4)启机状态,4,2025-07-08 23:16:17,2025-07-08 23:21:16,299,0.08
2745,L18,#30,GW252/13600,(3)待机状态,3,2025-07-08 23:15:02,2025-07-08 23:16:17,75,0.02
2746,L18,#30,GW252/13600,(2)停机状态,2,2025-07-08 23:15:01,2025-07-08 23:15:02,1,0
2747,L18,#30,GW252/13600,(1)停机过程,1,2025-07-08 23:14:29,2025-07-08 23:15:01,32,0.01
2748,L18,#30,GW252/13600,(4)启机状态,4,2025-07-08 23:09:29,2025-07-08 23:14:29,300,0.08
2749,L18,#30,GW252/13600,(3)待机状态,3,2025-07-08 23:08:28,2025-07-08 23:09:29,61,0.02
2750,L18,#30,GW252/13600,(2)停机状态,2,2025-07-08 23:08:27,2025-07-08 23:08:28,1,0
2751,L18,#30,GW252/13600,(1)停机过程,1,2025-07-08 23:07:56,2025-07-08 23:08:27,31,0.01
2752,L18,#30,GW252/13600,(4)启机状态,4,2025-07-08 23:02:55,2025-07-08 23:07:56,301,0.08
2753,L18,#30,GW252/13600,(3)待机状态,3,2025-07-08 22:28:05,2025-07-08 23:02:55,2090,0.58
2754,L18,#30,GW252/13600,(2)停机状态,2,2025-07-08 22:27:09,2025-07-08 22:28:05,56,0.02
2755,L18,#30,GW252/13600,(1)停机过程,1,2025-07-08 22:26:37,2025-07-08 22:27:09,32,0.01
2756,L18,#30,GW252/13600,(4)启机状态,4,2025-07-08 22:21:37,2025-07-08 22:26:37,300,0.08
2757,L18,#30,GW252/13600,(3)待机状态,3,2025-07-08 22:20:16,2025-07-08 22:21:37,81,0.02
2758,L18,#30,GW252/13600,(2)停机状态,2,2025-07-08 22:20:14,2025-07-08 22:20:16,2,0
2759,L18,#30,GW252/13600,(1)停机过程,1,2025-07-08 22:19:42,2025-07-08 22:20:14,32,0.01
2760,L18,#30,GW252/13600,(4)启机状态,4,2025-07-08 22:14:43,2025-07-08 22:19:42,299,0.08
2761,L18,#30,GW252/13600,(3)待机状态,3,2025-07-08 22:11:20,2025-07-08 22:14:43,203,0.06
2762,L18,#30,GW252/13600,(2)停机状态,2,2025-07-08 22:08:17,2025-07-08 22:11:20,183,0.05
2763,L18,#30,GW252/13600,(1)停机过程,1,2025-07-08 22:07:20,2025-07-08 22:08:17,57,0.02
2764,L18,#30,GW252/13600,(5)发电状态,5,2025-07-08 17:54:30,2025-07-08 22:07:20,15170,4.21
2765,L18,#30,GW252/13600,(4)启机状态,4,2025-07-08 17:49:53,2025-07-08 17:54:30,277,0.08
2766,L18,#30,GW252/13600,(3)待机状态,3,2025-07-08 17:48:48,2025-07-08 17:49:53,65,0.02
2767,L18,#30,GW252/13600,(2)停机状态,2,2025-07-08 17:48:47,2025-07-08 17:48:48,1,0
2768,L18,#30,GW252/13600,(1)停机过程,1,2025-07-08 17:48:15,2025-07-08 17:48:47,32,0.01
2769,L18,#30,GW252/13600,(4)启机状态,4,2025-07-08 17:43:15,2025-07-08 17:48:15,300,0.08
2770,L18,#30,GW252/13600,(3)待机状态,3,2025-07-08 17:42:16,2025-07-08 17:43:15,59,0.02
2771,L18,#30,GW252/13600,(2)停机状态,2,2025-07-08 17:42:14,2025-07-08 17:42:16,2,0
2772,L18,#30,GW252/13600,(1)停机过程,1,2025-07-08 17:41:42,2025-07-08 17:42:14,32,0.01
2773,L18,#30,GW252/13600,(4)启机状态,4,2025-07-08 17:36:42,2025-07-08 17:41:42,300,0.08
2774,L18,#30,GW252/13600,(3)待机状态,3,2025-07-08 17:35:41,2025-07-08 17:36:42,61,0.02
2775,L18,#30,GW252/13600,(2)停机状态,2,2025-07-08 17:35:38,2025-07-08 17:35:41,3,0
2776,L18,#30,GW252/13600,(1)停机过程,1,2025-07-08 17:34:43,2025-07-08 17:35:38,55,0.02
2777,L18,#30,GW252/13600,(4)启机状态,4,2025-07-08 17:29:43,2025-07-08 17:34:43,300,0.08
2778,L18,#30,GW252/13600,(3)待机状态,3,2025-07-08 17:28:41,2025-07-08 17:29:43,62,0.02
2779,L18,#30,GW252/13600,(2)停机状态,2,2025-07-08 17:28:40,2025-07-08 17:28:41,1,0
2780,L18,#30,GW252/13600,(1)停机过程,1,2025-07-08 17:28:07,2025-07-08 17:28:40,33,0.01
2781,L18,#30,GW252/13600,(4)启机状态,4,2025-07-08 17:23:07,2025-07-08 17:28:07,300,0.08
2782,L18,#30,GW252/13600,(3)待机状态,3,2025-07-08 17:21:44,2025-07-08 17:23:07,83,0.02
2783,L18,#30,GW252/13600,(2)停机状态,2,2025-07-08 17:19:33,2025-07-08 17:21:44,131,0.04
2784,L18,#30,GW252/13600,(1)停机过程,1,2025-07-08 17:18:35,2025-07-08 17:19:33,58,0.02
2785,L18,#30,GW252/13600,(5)发电状态,5,2025-07-08 11:25:15,2025-07-08 17:18:35,21200,5.89
2786,L18,#30,GW252/13600,(4)启机状态,4,2025-07-08 11:22:29,2025-07-08 11:25:15,166,0.05
2787,L18,#30,GW252/13600,(3)待机状态,3,2025-07-08 11:21:32,2025-07-08 11:22:29,57,0.02
2788,L18,#30,GW252/13600,(2)停机状态,2,2025-07-08 11:21:30,2025-07-08 11:21:32,2,0
2789,L18,#30,GW252/13600,(1)停机过程,1,2025-07-08 11:20:58,2025-07-08 11:21:30,32,0.01
2790,L18,#30,GW252/13600,(4)启机状态,4,2025-07-08 11:15:58,2025-07-08 11:20:58,300,0.08
2791,L18,#30,GW252/13600,(3)待机状态,3,2025-07-08 11:14:55,2025-07-08 11:15:58,63,0.02
2792,L18,#30,GW252/13600,(2)停机状态,2,2025-07-08 11:14:54,2025-07-08 11:14:55,1,0
2793,L18,#30,GW252/13600,(1)停机过程,1,2025-07-08 11:14:23,2025-07-08 11:14:54,31,0.01
2794,L18,#30,GW252/13600,(4)启机状态,4,2025-07-08 11:09:23,2025-07-08 11:14:23,300,0.08
2795,L18,#30,GW252/13600,(3)待机状态,3,2025-07-08 11:08:06,2025-07-08 11:09:23,77,0.02
2796,L18,#30,GW252/13600,(1)停机过程,1,2025-07-08 11:07:33,2025-07-08 11:08:06,33,0.01
2797,L18,#30,GW252/13600,(4)启机状态,4,2025-07-08 11:02:33,2025-07-08 11:07:33,300,0.08
2798,L18,#30,GW252/13600,(3)待机状态,3,2025-07-08 11:01:11,2025-07-08 11:02:33,82,0.02
2799,L18,#30,GW252/13600,(2)停机状态,2,2025-07-08 11:01:09,2025-07-08 11:01:11,2,0
2800,L18,#30,GW252/13600,(1)停机过程,1,2025-07-08 11:00:39,2025-07-08 11:01:09,30,0.01
2801,L18,#30,GW252/13600,(4)启机状态,4,2025-07-08 10:55:39,2025-07-08 11:00:39,300,0.08
2802,L18,#30,GW252/13600,(3)待机状态,3,2025-07-08 10:54:16,2025-07-08 10:55:39,83,0.02
2803,L18,#30,GW252/13600,(1)停机过程,1,2025-07-08 10:53:45,2025-07-08 10:54:16,31,0.01
2804,L18,#30,GW252/13600,(4)启机状态,4,2025-07-08 10:48:45,2025-07-08 10:53:45,300,0.08
2805,L18,#30,GW252/13600,(3)待机状态,3,2025-07-08 10:46:03,2025-07-08 10:48:45,162,0.05
2806,L18,#30,GW252/13600,(2)停机状态,2,2025-07-08 10:45:23,2025-07-08 10:46:03,40,0.01
2807,L18,#30,GW252/13600,(1)停机过程,1,2025-07-08 10:44:51,2025-07-08 10:45:23,32,0.01
2808,L18,#30,GW252/13600,(4)启机状态,4,2025-07-08 10:39:51,2025-07-08 10:44:51,300,0.08
2809,L18,#30,GW252/13600,(3)待机状态,3,2025-07-08 10:36:35,2025-07-08 10:39:51,196,0.05
2810,L18,#30,GW252/13600,(2)停机状态,2,2025-07-08 10:36:33,2025-07-08 10:36:35,2,0
2811,L18,#30,GW252/13600,(1)停机过程,1,2025-07-08 10:36:00,2025-07-08 10:36:33,33,0.01
2812,L18,#30,GW252/13600,(4)启机状态,4,2025-07-08 10:31:00,2025-07-08 10:36:00,300,0.08
2813,L18,#30,GW252/13600,(3)待机状态,3,2025-07-08 10:28:45,2025-07-08 10:31:00,135,0.04
2814,L18,#30,GW252/13600,(2)停机状态,2,2025-07-08 10:28:44,2025-07-08 10:28:45,1,0
2815,L18,#30,GW252/13600,(1)停机过程,1,2025-07-08 10:28:13,2025-07-08 10:28:44,31,0.01
2816,L18,#30,GW252/13600,(4)启机状态,4,2025-07-08 10:23:13,2025-07-08 10:28:13,300,0.08
2817,L18,#30,GW252/13600,(3)待机状态,3,2025-07-08 10:21:38,2025-07-08 10:23:13,95,0.03
2818,L18,#30,GW252/13600,(2)停机状态,2,2025-07-08 10:21:37,2025-07-08 10:21:38,1,0
2819,L18,#30,GW252/13600,(1)停机过程,1,2025-07-08 10:21:06,2025-07-08 10:21:37,31,0.01
2820,L18,#30,GW252/13600,(4)启机状态,4,2025-07-08 10:16:06,2025-07-08 10:21:06,300,0.08
2821,L18,#30,GW252/13600,(3)待机状态,3,2025-07-08 10:14:47,2025-07-08 10:16:06,79,0.02
2822,L18,#30,GW252/13600,(2)停机状态,2,2025-07-08 10:14:45,2025-07-08 10:14:47,2,0
2823,L18,#30,GW252/13600,(1)停机过程,1,2025-07-08 10:14:12,2025-07-08 10:14:45,33,0.01
2824,L18,#30,GW252/13600,(4)启机状态,4,2025-07-08 10:09:12,2025-07-08 10:14:12,300,0.08
2825,L18,#30,GW252/13600,(3)待机状态,3,2025-07-08 10:08:04,2025-07-08 10:09:12,68,0.02
2826,L18,#30,GW252/13600,(2)停机状态,2,2025-07-08 10:08:02,2025-07-08 10:08:04,2,0
2827,L18,#30,GW252/13600,(1)停机过程,1,2025-07-08 10:07:31,2025-07-08 10:08:02,31,0.01
2828,L18,#30,GW252/13600,(4)启机状态,4,2025-07-08 10:02:31,2025-07-08 10:07:31,300,0.08
2829,L18,#30,GW252/13600,(3)待机状态,3,2025-07-08 10:01:31,2025-07-08 10:02:31,60,0.02
2830,L18,#30,GW252/13600,(2)停机状态,2,2025-07-08 10:01:30,2025-07-08 10:01:31,1,0
2831,L18,#30,GW252/13600,(1)停机过程,1,2025-07-08 10:00:58,2025-07-08 10:01:30,32,0.01
2832,L18,#30,GW252/13600,(4)启机状态,4,2025-07-08 09:55:58,2025-07-08 10:00:58,300,0.08
2833,L18,#30,GW252/13600,(3)待机状态,3,2025-07-08 09:54:46,2025-07-08 09:55:58,72,0.02
2834,L18,#30,GW252/13600,(2)停机状态,2,2025-07-08 09:54:44,2025-07-08 09:54:46,2,0
2835,L18,#30,GW252/13600,(1)停机过程,1,2025-07-08 09:54:13,2025-07-08 09:54:44,31,0.01
2836,L18,#30,GW252/13600,(4)启机状态,4,2025-07-08 09:49:13,2025-07-08 09:54:13,300,0.08
2837,L18,#30,GW252/13600,(3)待机状态,3,2025-07-08 09:48:09,2025-07-08 09:49:13,64,0.02
2838,L18,#30,GW252/13600,(1)停机过程,1,2025-07-08 09:47:36,2025-07-08 09:48:09,33,0.01
2839,L18,#30,GW252/13600,(4)启机状态,4,2025-07-08 09:42:36,2025-07-08 09:47:36,300,0.08
2840,L18,#30,GW252/13600,(3)待机状态,3,2025-07-08 09:41:36,2025-07-08 09:42:36,60,0.02
2841,L18,#30,GW252/13600,(2)停机状态,2,2025-07-08 09:41:35,2025-07-08 09:41:36,1,0
2842,L18,#30,GW252/13600,(1)停机过程,1,2025-07-08 09:41:04,2025-07-08 09:41:35,31,0.01
2843,L18,#30,GW252/13600,(4)启机状态,4,2025-07-08 09:36:04,2025-07-08 09:41:04,300,0.08
2844,L18,#30,GW252/13600,(3)待机状态,3,2025-07-08 09:35:05,2025-07-08 09:36:04,59,0.02
2845,L18,#30,GW252/13600,(2)停机状态,2,2025-07-08 09:35:03,2025-07-08 09:35:05,2,0
2846,L18,#30,GW252/13600,(1)停机过程,1,2025-07-08 09:34:31,2025-07-08 09:35:03,32,0.01
2847,L18,#30,GW252/13600,(4)启机状态,4,2025-07-08 09:29:30,2025-07-08 09:34:31,301,0.08
2848,L18,#30,GW252/13600,(3)待机状态,3,2025-07-08 09:28:24,2025-07-08 09:29:30,66,0.02
2849,L18,#30,GW252/13600,(2)停机状态,2,2025-07-08 09:28:22,2025-07-08 09:28:24,2,0
2850,L18,#30,GW252/13600,(1)停机过程,1,2025-07-08 09:27:50,2025-07-08 09:28:22,32,0.01
2851,L18,#30,GW252/13600,(4)启机状态,4,2025-07-08 09:22:50,2025-07-08 09:27:50,300,0.08
2852,L18,#30,GW252/13600,(3)待机状态,3,2025-07-08 09:21:37,2025-07-08 09:22:50,73,0.02
2853,L18,#30,GW252/13600,(2)停机状态,2,2025-07-08 09:21:35,2025-07-08 09:21:37,2,0
2854,L18,#30,GW252/13600,(1)停机过程,1,2025-07-08 09:21:03,2025-07-08 09:21:35,32,0.01
2855,L18,#30,GW252/13600,(4)启机状态,4,2025-07-08 09:16:03,2025-07-08 09:21:03,300,0.08
2856,L18,#30,GW252/13600,(3)待机状态,3,2025-07-08 09:12:34,2025-07-08 09:16:03,209,0.06
2857,L18,#30,GW252/13600,(2)停机状态,2,2025-07-08 09:09:36,2025-07-08 09:12:34,178,0.05
2858,L18,#30,GW252/13600,(1)停机过程,1,2025-07-08 09:08:39,2025-07-08 09:09:36,57,0.02
2859,L18,#30,GW252/13600,(5)发电状态,5,2025-07-08 08:10:01,2025-07-08 09:08:39,3518,0.98
2860,L18,#30,GW252/13600,(4)启机状态,4,2025-07-08 08:08:25,2025-07-08 08:10:01,96,0.03
2861,L18,#30,GW252/13600,(3)待机状态,3,2025-07-08 08:07:30,2025-07-08 08:08:25,55,0.02
2862,L18,#30,GW252/13600,(2)停机状态,2,2025-07-08 08:07:28,2025-07-08 08:07:30,2,0
2863,L18,#30,GW252/13600,(1)停机过程,1,2025-07-08 08:06:57,2025-07-08 08:07:28,31,0.01
2864,L18,#30,GW252/13600,(4)启机状态,4,2025-07-08 08:01:56,2025-07-08 08:06:57,301,0.08
2865,L18,#30,GW252/13600,(3)待机状态,3,2025-07-08 08:00:33,2025-07-08 08:01:56,83,0.02
2866,L18,#30,GW252/13600,(2)停机状态,2,2025-07-08 08:00:32,2025-07-08 08:00:33,1,0
2867,L18,#30,GW252/13600,(1)停机过程,1,2025-07-08 08:00:01,2025-07-08 08:00:32,31,0.01
2868,L18,#30,GW252/13600,(4)启机状态,4,2025-07-08 07:55:01,2025-07-08 08:00:01,300,0.08
2869,L18,#30,GW252/13600,(3)待机状态,3,2025-07-08 07:53:40,2025-07-08 07:55:01,81,0.02
2870,L18,#30,GW252/13600,(2)停机状态,2,2025-07-08 07:53:38,2025-07-08 07:53:40,2,0
2871,L18,#30,GW252/13600,(1)停机过程,1,2025-07-08 07:53:06,2025-07-08 07:53:38,32,0.01
2872,L18,#30,GW252/13600,(4)启机状态,4,2025-07-08 07:48:06,2025-07-08 07:53:06,300,0.08
2873,L18,#30,GW252/13600,(3)待机状态,3,2025-07-08 07:46:05,2025-07-08 07:48:06,121,0.03
2874,L18,#30,GW252/13600,(1)停机过程,1,2025-07-08 07:45:33,2025-07-08 07:46:05,32,0.01
2875,L18,#30,GW252/13600,(4)启机状态,4,2025-07-08 07:40:34,2025-07-08 07:45:33,299,0.08
2876,L18,#30,GW252/13600,(3)待机状态,3,2025-07-08 07:39:24,2025-07-08 07:40:34,70,0.02
2877,L18,#30,GW252/13600,(2)停机状态,2,2025-07-08 07:39:22,2025-07-08 07:39:24,2,0
2878,L18,#30,GW252/13600,(1)停机过程,1,2025-07-08 07:38:49,2025-07-08 07:39:22,33,0.01
2879,L18,#30,GW252/13600,(4)启机状态,4,2025-07-08 07:33:49,2025-07-08 07:38:49,300,0.08
2880,L18,#30,GW252/13600,(3)待机状态,3,2025-07-08 07:30:19,2025-07-08 07:33:49,210,0.06
2881,L18,#30,GW252/13600,(2)停机状态,2,2025-07-08 07:30:18,2025-07-08 07:30:19,1,0
2882,L18,#30,GW252/13600,(1)停机过程,1,2025-07-08 07:29:47,2025-07-08 07:30:18,31,0.01
2883,L18,#30,GW252/13600,(4)启机状态,4,2025-07-08 07:24:48,2025-07-08 07:29:47,299,0.08
2884,L18,#30,GW252/13600,(3)待机状态,3,2025-07-08 07:23:43,2025-07-08 07:24:48,65,0.02
2885,L18,#30,GW252/13600,(2)停机状态,2,2025-07-08 07:23:42,2025-07-08 07:23:43,1,0
2886,L18,#30,GW252/13600,(1)停机过程,1,2025-07-08 07:23:10,2025-07-08 07:23:42,32,0.01
2887,L18,#30,GW252/13600,(4)启机状态,4,2025-07-08 07:18:09,2025-07-08 07:23:10,301,0.08
2888,L18,#30,GW252/13600,(3)待机状态,3,2025-07-08 07:17:06,2025-07-08 07:18:09,63,0.02
2889,L18,#30,GW252/13600,(2)停机状态,2,2025-07-08 07:17:05,2025-07-08 07:17:06,1,0
2890,L18,#30,GW252/13600,(1)停机过程,1,2025-07-08 07:16:33,2025-07-08 07:17:05,32,0.01
2891,L18,#30,GW252/13600,(4)启机状态,4,2025-07-08 07:11:34,2025-07-08 07:16:33,299,0.08
2892,L18,#30,GW252/13600,(3)待机状态,3,2025-07-08 07:10:25,2025-07-08 07:11:34,69,0.02
2893,L18,#30,GW252/13600,(2)停机状态,2,2025-07-08 07:10:23,2025-07-08 07:10:25,2,0
2894,L18,#30,GW252/13600,(1)停机过程,1,2025-07-08 07:09:51,2025-07-08 07:10:23,32,0.01
2895,L18,#30,GW252/13600,(4)启机状态,4,2025-07-08 07:04:51,2025-07-08 07:09:51,300,0.08
2896,L18,#30,GW252/13600,(3)待机状态,3,2025-07-08 07:03:32,2025-07-08 07:04:51,79,0.02
2897,L18,#30,GW252/13600,(2)停机状态,2,2025-07-08 07:03:30,2025-07-08 07:03:32,2,0
2898,L18,#30,GW252/13600,(1)停机过程,1,2025-07-08 07:02:59,2025-07-08 07:03:30,31,0.01
2899,L18,#30,GW252/13600,(4)启机状态,4,2025-07-08 06:57:59,2025-07-08 07:02:59,300,0.08
2900,L18,#30,GW252/13600,(3)待机状态,3,2025-07-08 06:56:56,2025-07-08 06:57:59,63,0.02
2901,L18,#30,GW252/13600,(2)停机状态,2,2025-07-08 06:56:54,2025-07-08 06:56:56,2,0
2902,L18,#30,GW252/13600,(1)停机过程,1,2025-07-08 06:56:22,2025-07-08 06:56:54,32,0.01
2903,L18,#30,GW252/13600,(4)启机状态,4,2025-07-08 06:51:22,2025-07-08 06:56:22,300,0.08
2904,L18,#30,GW252/13600,(3)待机状态,3,2025-07-08 06:50:14,2025-07-08 06:51:22,68,0.02
2905,L18,#30,GW252/13600,(2)停机状态,2,2025-07-08 06:50:13,2025-07-08 06:50:14,1,0
2906,L18,#30,GW252/13600,(1)停机过程,1,2025-07-08 06:49:43,2025-07-08 06:50:13,30,0.01
2907,L18,#30,GW252/13600,(4)启机状态,4,2025-07-08 06:44:43,2025-07-08 06:49:43,300,0.08
2908,L18,#30,GW252/13600,(3)待机状态,3,2025-07-08 06:43:41,2025-07-08 06:44:43,62,0.02
2909,L18,#30,GW252/13600,(2)停机状态,2,2025-07-08 06:43:39,2025-07-08 06:43:41,2,0
2910,L18,#30,GW252/13600,(1)停机过程,1,2025-07-08 06:43:07,2025-07-08 06:43:39,32,0.01
2911,L18,#30,GW252/13600,(4)启机状态,4,2025-07-08 06:38:06,2025-07-08 06:43:07,301,0.08
2912,L18,#30,GW252/13600,(3)待机状态,3,2025-07-08 06:37:05,2025-07-08 06:38:06,61,0.02
2913,L18,#30,GW252/13600,(2)停机状态,2,2025-07-08 06:36:17,2025-07-08 06:37:05,48,0.01
2914,L18,#30,GW252/13600,(1)停机过程,1,2025-07-08 06:35:44,2025-07-08 06:36:17,33,0.01
2915,L18,#30,GW252/13600,(4)启机状态,4,2025-07-08 06:30:44,2025-07-08 06:35:44,300,0.08
2916,L18,#30,GW252/13600,(3)待机状态,3,2025-07-08 06:29:34,2025-07-08 06:30:44,70,0.02
2917,L18,#30,GW252/13600,(1)停机过程,1,2025-07-08 06:29:03,2025-07-08 06:29:34,31,0.01
2918,L18,#30,GW252/13600,(4)启机状态,4,2025-07-08 06:24:03,2025-07-08 06:29:03,300,0.08
2919,L18,#30,GW252/13600,(3)待机状态,3,2025-07-08 06:22:51,2025-07-08 06:24:03,72,0.02
2920,L18,#30,GW252/13600,(1)停机过程,1,2025-07-08 06:22:19,2025-07-08 06:22:51,32,0.01
2921,L18,#30,GW252/13600,(4)启机状态,4,2025-07-08 06:17:19,2025-07-08 06:22:19,300,0.08
2922,L18,#30,GW252/13600,(3)待机状态,3,2025-07-08 06:14:44,2025-07-08 06:17:19,155,0.04
2923,L18,#30,GW252/13600,(2)停机状态,2,2025-07-08 06:14:43,2025-07-08 06:14:44,1,0
2924,L18,#30,GW252/13600,(1)停机过程,1,2025-07-08 06:14:10,2025-07-08 06:14:43,33,0.01
2925,L18,#30,GW252/13600,(4)启机状态,4,2025-07-08 06:09:10,2025-07-08 06:14:10,300,0.08
2926,L18,#30,GW252/13600,(3)待机状态,3,2025-07-08 05:57:34,2025-07-08 06:09:10,696,0.19
2927,L18,#30,GW252/13600,(2)停机状态,2,2025-07-08 05:57:33,2025-07-08 05:57:34,1,0
2928,L18,#30,GW252/13600,(1)停机过程,1,2025-07-08 05:57:01,2025-07-08 05:57:33,32,0.01
2929,L18,#30,GW252/13600,(4)启机状态,4,2025-07-08 05:52:01,2025-07-08 05:57:01,300,0.08
2930,L18,#30,GW252/13600,(3)待机状态,3,2025-07-08 05:51:00,2025-07-08 05:52:01,61,0.02
2931,L18,#30,GW252/13600,(2)停机状态,2,2025-07-08 05:50:58,2025-07-08 05:51:00,2,0
2932,L18,#30,GW252/13600,(1)停机过程,1,2025-07-08 05:50:27,2025-07-08 05:50:58,31,0.01
2933,L18,#30,GW252/13600,(4)启机状态,4,2025-07-08 05:45:27,2025-07-08 05:50:27,300,0.08
2934,L18,#30,GW252/13600,(3)待机状态,3,2025-07-08 05:44:24,2025-07-08 05:45:27,63,0.02
2935,L18,#30,GW252/13600,(2)停机状态,2,2025-07-08 05:44:18,2025-07-08 05:44:24,6,0
2936,L18,#30,GW252/13600,(1)停机过程,1,2025-07-08 05:43:45,2025-07-08 05:44:18,33,0.01
2937,L18,#30,GW252/13600,(4)启机状态,4,2025-07-08 05:38:45,2025-07-08 05:43:45,300,0.08
2938,L18,#30,GW252/13600,(3)待机状态,3,2025-07-08 05:29:13,2025-07-08 05:38:45,572,0.16
2939,L18,#30,GW252/13600,(2)停机状态,2,2025-07-08 05:28:49,2025-07-08 05:29:13,24,0.01
2940,L18,#30,GW252/13600,(1)停机过程,1,2025-07-08 05:28:17,2025-07-08 05:28:49,32,0.01
2941,L18,#30,GW252/13600,(4)启机状态,4,2025-07-08 05:23:16,2025-07-08 05:28:17,301,0.08
2942,L18,#30,GW252/13600,(3)待机状态,3,2025-07-08 05:21:17,2025-07-08 05:23:16,119,0.03
2943,L18,#30,GW252/13600,(2)停机状态,2,2025-07-08 05:18:53,2025-07-08 05:21:17,144,0.04
2944,L18,#30,GW252/13600,(1)停机过程,1,2025-07-08 05:17:54,2025-07-08 05:18:53,59,0.02
2945,L18,#30,GW252/13600,(5)发电状态,5,2025-07-07 15:25:48,2025-07-08 05:17:54,49926,13.87
2946,L18,#30,GW252/13600,(4)启机状态,4,2025-07-07 15:22:39,2025-07-07 15:25:48,189,0.05
2947,L18,#30,GW252/13600,(3)待机状态,3,2025-07-07 15:21:30,2025-07-07 15:22:39,69,0.02
2948,L18,#30,GW252/13600,(2)停机状态,2,2025-07-07 15:21:28,2025-07-07 15:21:30,2,0
2949,L18,#30,GW252/13600,(1)停机过程,1,2025-07-07 15:20:58,2025-07-07 15:21:28,30,0.01
2950,L18,#30,GW252/13600,(4)启机状态,4,2025-07-07 15:15:57,2025-07-07 15:20:58,301,0.08
2951,L18,#30,GW252/13600,(3)待机状态,3,2025-07-07 15:12:55,2025-07-07 15:15:57,182,0.05
2952,L18,#30,GW252/13600,(2)停机状态,2,2025-07-07 15:12:53,2025-07-07 15:12:55,2,0
2953,L18,#30,GW252/13600,(1)停机过程,1,2025-07-07 15:12:22,2025-07-07 15:12:53,31,0.01
2954,L18,#30,GW252/13600,(4)启机状态,4,2025-07-07 15:07:21,2025-07-07 15:12:22,301,0.08
2955,L18,#30,GW252/13600,(3)待机状态,3,2025-07-07 15:06:11,2025-07-07 15:07:21,70,0.02
2956,L18,#30,GW252/13600,(2)停机状态,2,2025-07-07 15:06:10,2025-07-07 15:06:11,1,0
2957,L18,#30,GW252/13600,(1)停机过程,1,2025-07-07 15:05:39,2025-07-07 15:06:10,31,0.01
2958,L18,#30,GW252/13600,(4)启机状态,4,2025-07-07 15:00:39,2025-07-07 15:05:39,300,0.08
2959,L18,#30,GW252/13600,(3)待机状态,3,2025-07-07 14:58:38,2025-07-07 15:00:39,121,0.03
2960,L18,#30,GW252/13600,(2)停机状态,2,2025-07-07 14:58:37,2025-07-07 14:58:38,1,0
2961,L18,#30,GW252/13600,(1)停机过程,1,2025-07-07 14:58:07,2025-07-07 14:58:37,30,0.01
2962,L18,#30,GW252/13600,(4)启机状态,4,2025-07-07 14:53:07,2025-07-07 14:58:07,300,0.08
2963,L18,#30,GW252/13600,(3)待机状态,3,2025-07-07 14:51:01,2025-07-07 14:53:07,126,0.04
2964,L18,#30,GW252/13600,(2)停机状态,2,2025-07-07 14:51:00,2025-07-07 14:51:01,1,0
2965,L18,#30,GW252/13600,(1)停机过程,1,2025-07-07 14:50:28,2025-07-07 14:51:00,32,0.01
2966,L18,#30,GW252/13600,(4)启机状态,4,2025-07-07 14:45:28,2025-07-07 14:50:28,300,0.08
2967,L18,#30,GW252/13600,(3)待机状态,3,2025-07-07 14:43:59,2025-07-07 14:45:28,89,0.02
2968,L18,#30,GW252/13600,(2)停机状态,2,2025-07-07 14:43:58,2025-07-07 14:43:59,1,0
2969,L18,#30,GW252/13600,(1)停机过程,1,2025-07-07 14:43:26,2025-07-07 14:43:58,32,0.01
2970,L18,#30,GW252/13600,(4)启机状态,4,2025-07-07 14:38:26,2025-07-07 14:43:26,300,0.08
2971,L18,#30,GW252/13600,(3)待机状态,3,2025-07-07 14:36:42,2025-07-07 14:38:26,104,0.03
2972,L18,#30,GW252/13600,(2)停机状态,2,2025-07-07 14:36:40,2025-07-07 14:36:42,2,0
2973,L18,#30,GW252/13600,(1)停机过程,1,2025-07-07 14:36:09,2025-07-07 14:36:40,31,0.01
2974,L18,#30,GW252/13600,(4)启机状态,4,2025-07-07 14:31:09,2025-07-07 14:36:09,300,0.08
2975,L18,#30,GW252/13600,(3)待机状态,3,2025-07-07 14:29:40,2025-07-07 14:31:09,89,0.02
2976,L18,#30,GW252/13600,(2)停机状态,2,2025-07-07 14:29:37,2025-07-07 14:29:40,3,0
2977,L18,#30,GW252/13600,(1)停机过程,1,2025-07-07 14:29:06,2025-07-07 14:29:37,31,0.01
2978,L18,#30,GW252/13600,(4)启机状态,4,2025-07-07 14:24:06,2025-07-07 14:29:06,300,0.08
2979,L18,#30,GW252/13600,(3)待机状态,3,2025-07-07 14:12:56,2025-07-07 14:24:06,670,0.19
2980,L18,#30,GW252/13600,(2)停机状态,2,2025-07-07 14:12:47,2025-07-07 14:12:56,9,0
2981,L18,#30,GW252/13600,(1)停机过程,1,2025-07-07 14:12:16,2025-07-07 14:12:47,31,0.01
2982,L18,#30,GW252/13600,(4)启机状态,4,2025-07-07 14:07:15,2025-07-07 14:12:16,301,0.08
2983,L18,#30,GW252/13600,(3)待机状态,3,2025-07-07 12:13:59,2025-07-07 14:07:15,6796,1.89
2984,L18,#30,GW252/13600,(2)停机状态,2,2025-07-07 12:09:54,2025-07-07 12:13:59,245,0.07
2985,L18,#30,GW252/13600,(1)停机过程,1,2025-07-07 12:08:55,2025-07-07 12:09:54,59,0.02
2986,L18,#30,GW252/13600,(5)发电状态,5,2025-07-07 09:48:29,2025-07-07 12:08:55,8426,2.34
2987,L18,#30,GW252/13600,(4)启机状态,4,2025-07-07 09:44:58,2025-07-07 09:48:29,211,0.06
2988,L18,#30,GW252/13600,(3)待机状态,3,2025-07-07 09:43:58,2025-07-07 09:44:58,60,0.02
2989,L18,#30,GW252/13600,(1)停机过程,1,2025-07-07 09:43:25,2025-07-07 09:43:58,33,0.01
2990,L18,#30,GW252/13600,(4)启机状态,4,2025-07-07 09:38:26,2025-07-07 09:43:25,299,0.08
2991,L18,#30,GW252/13600,(3)待机状态,3,2025-07-07 09:37:23,2025-07-07 09:38:26,63,0.02
2992,L18,#30,GW252/13600,(1)停机过程,1,2025-07-07 09:36:52,2025-07-07 09:37:23,31,0.01
2993,L18,#30,GW252/13600,(4)启机状态,4,2025-07-07 09:31:52,2025-07-07 09:36:52,300,0.08
2994,L18,#30,GW252/13600,(3)待机状态,3,2025-07-07 09:29:29,2025-07-07 09:31:52,143,0.04
2995,L18,#30,GW252/13600,(2)停机状态,2,2025-07-07 09:29:27,2025-07-07 09:29:29,2,0
2996,L18,#30,GW252/13600,(1)停机过程,1,2025-07-07 09:28:55,2025-07-07 09:29:27,32,0.01
2997,L18,#30,GW252/13600,(4)启机状态,4,2025-07-07 09:23:56,2025-07-07 09:28:55,299,0.08
2998,L18,#30,GW252/13600,(3)待机状态,3,2025-07-07 09:22:13,2025-07-07 09:23:56,103,0.03
2999,L18,#30,GW252/13600,(1)停机过程,1,2025-07-07 09:21:40,2025-07-07 09:22:13,33,0.01
3000,L18,#30,GW252/13600,(4)启机状态,4,2025-07-07 09:16:40,2025-07-07 09:21:40,300,0.08
3001,L18,#30,GW252/13600,(3)待机状态,3,2025-07-07 09:15:31,2025-07-07 09:16:40,69,0.02
3002,L18,#30,GW252/13600,(2)停机状态,2,2025-07-07 09:15:29,2025-07-07 09:15:31,2,0
3003,L18,#30,GW252/13600,(1)停机过程,1,2025-07-07 09:14:57,2025-07-07 09:15:29,32,0.01
3004,L18,#30,GW252/13600,(4)启机状态,4,2025-07-07 09:09:57,2025-07-07 09:14:57,300,0.08
3005,L18,#30,GW252/13600,(3)待机状态,3,2025-07-07 09:08:41,2025-07-07 09:09:57,76,0.02
3006,L18,#30,GW252/13600,(2)停机状态,2,2025-07-07 09:08:40,2025-07-07 09:08:41,1,0
3007,L18,#30,GW252/13600,(1)停机过程,1,2025-07-07 09:08:09,2025-07-07 09:08:40,31,0.01
3008,L18,#30,GW252/13600,(4)启机状态,4,2025-07-07 09:03:08,2025-07-07 09:08:09,301,0.08
3009,L18,#30,GW252/13600,(3)待机状态,3,2025-07-07 08:37:17,2025-07-07 09:03:08,1551,0.43
3010,L18,#30,GW252/13600,(1)停机过程,1,2025-07-07 08:36:45,2025-07-07 08:37:17,32,0.01
3011,L18,#30,GW252/13600,(4)启机状态,4,2025-07-07 08:31:45,2025-07-07 08:36:45,300,0.08
3012,L18,#30,GW252/13600,(3)待机状态,3,2025-07-07 08:29:47,2025-07-07 08:31:45,118,0.03
3013,L18,#30,GW252/13600,(1)停机过程,1,2025-07-07 08:29:15,2025-07-07 08:29:47,32,0.01
3014,L18,#30,GW252/13600,(4)启机状态,4,2025-07-07 08:24:15,2025-07-07 08:29:15,300,0.08
3015,L18,#30,GW252/13600,(3)待机状态,3,2025-07-07 08:22:46,2025-07-07 08:24:15,89,0.02
3016,L18,#30,GW252/13600,(2)停机状态,2,2025-07-07 08:22:45,2025-07-07 08:22:46,1,0
3017,L18,#30,GW252/13600,(1)停机过程,1,2025-07-07 08:22:13,2025-07-07 08:22:45,32,0.01
3018,L18,#30,GW252/13600,(4)启机状态,4,2025-07-07 08:17:13,2025-07-07 08:22:13,300,0.08
3019,L18,#30,GW252/13600,(3)待机状态,3,2025-07-07 07:16:22,2025-07-07 08:17:13,3651,1.01
3020,L18,#30,GW252/13600,(2)停机状态,2,2025-07-07 07:16:20,2025-07-07 07:16:22,2,0
3021,L18,#30,GW252/13600,(1)停机过程,1,2025-07-07 07:15:49,2025-07-07 07:16:20,31,0.01
3022,L18,#30,GW252/13600,(4)启机状态,4,2025-07-07 07:10:49,2025-07-07 07:15:49,300,0.08
3023,L18,#30,GW252/13600,(3)待机状态,3,2025-07-07 07:07:31,2025-07-07 07:10:49,198,0.06
3024,L18,#30,GW252/13600,(2)停机状态,2,2025-07-07 07:03:03,2025-07-07 07:07:31,268,0.07
3025,L18,#30,GW252/13600,(1)停机过程,1,2025-07-07 07:02:06,2025-07-07 07:03:03,57,0.02
3026,L18,#30,GW252/13600,(5)发电状态,5,2025-07-06 21:46:29,2025-07-07 07:02:06,33337,9.26
3027,L18,#30,GW252/13600,(4)启机状态,4,2025-07-06 21:42:20,2025-07-06 21:46:29,249,0.07
3028,L18,#30,GW252/13600,(3)待机状态,3,2025-07-06 21:41:24,2025-07-06 21:42:20,56,0.02
3029,L18,#30,GW252/13600,(2)停机状态,2,2025-07-06 21:41:22,2025-07-06 21:41:24,2,0
3030,L18,#30,GW252/13600,(1)停机过程,1,2025-07-06 21:40:51,2025-07-06 21:41:22,31,0.01
3031,L18,#30,GW252/13600,(4)启机状态,4,2025-07-06 21:35:50,2025-07-06 21:40:51,301,0.08
3032,L18,#30,GW252/13600,(3)待机状态,3,2025-07-06 21:34:35,2025-07-06 21:35:50,75,0.02
3033,L18,#30,GW252/13600,(2)停机状态,2,2025-07-06 21:34:34,2025-07-06 21:34:35,1,0
3034,L18,#30,GW252/13600,(1)停机过程,1,2025-07-06 21:34:03,2025-07-06 21:34:34,31,0.01
3035,L18,#30,GW252/13600,(4)启机状态,4,2025-07-06 21:29:03,2025-07-06 21:34:03,300,0.08
3036,L18,#30,GW252/13600,(3)待机状态,3,2025-07-06 21:27:53,2025-07-06 21:29:03,70,0.02
3037,L18,#30,GW252/13600,(2)停机状态,2,2025-07-06 21:27:51,2025-07-06 21:27:53,2,0
3038,L18,#30,GW252/13600,(1)停机过程,1,2025-07-06 21:27:18,2025-07-06 21:27:51,33,0.01
3039,L18,#30,GW252/13600,(4)启机状态,4,2025-07-06 21:22:18,2025-07-06 21:27:18,300,0.08
3040,L18,#30,GW252/13600,(3)待机状态,3,2025-07-06 21:17:39,2025-07-06 21:22:18,279,0.08
3041,L18,#30,GW252/13600,(2)停机状态,2,2025-07-06 21:17:37,2025-07-06 21:17:39,2,0
3042,L18,#30,GW252/13600,(1)停机过程,1,2025-07-06 21:17:07,2025-07-06 21:17:37,30,0.01
3043,L18,#30,GW252/13600,(4)启机状态,4,2025-07-06 21:12:06,2025-07-06 21:17:07,301,0.08
3044,L18,#30,GW252/13600,(3)待机状态,3,2025-07-06 20:37:52,2025-07-06 21:12:06,2054,0.57
3045,L18,#30,GW252/13600,(2)停机状态,2,2025-07-06 20:32:15,2025-07-06 20:37:52,337,0.09
3046,L18,#30,GW252/13600,(1)停机过程,1,2025-07-06 20:31:17,2025-07-06 20:32:15,58,0.02
3047,L18,#30,GW252/13600,(5)发电状态,5,2025-07-06 18:41:37,2025-07-06 20:31:17,6580,1.83
3048,L18,#30,GW252/13600,(4)启机状态,4,2025-07-06 18:39:35,2025-07-06 18:41:37,122,0.03
3049,L18,#30,GW252/13600,(3)待机状态,3,2025-07-06 18:38:39,2025-07-06 18:39:35,56,0.02
3050,L18,#30,GW252/13600,(2)停机状态,2,2025-07-06 18:38:37,2025-07-06 18:38:39,2,0
3051,L18,#30,GW252/13600,(1)停机过程,1,2025-07-06 18:37:43,2025-07-06 18:38:37,54,0.02
3052,L18,#30,GW252/13600,(4)启机状态,4,2025-07-06 18:32:42,2025-07-06 18:37:43,301,0.08
3053,L18,#30,GW252/13600,(3)待机状态,3,2025-07-06 18:31:47,2025-07-06 18:32:42,55,0.02
3054,L18,#30,GW252/13600,(2)停机状态,2,2025-07-06 18:31:45,2025-07-06 18:31:47,2,0
3055,L18,#30,GW252/13600,(1)停机过程,1,2025-07-06 18:31:13,2025-07-06 18:31:45,32,0.01
3056,L18,#30,GW252/13600,(4)启机状态,4,2025-07-06 18:26:13,2025-07-06 18:31:13,300,0.08
3057,L18,#30,GW252/13600,(3)待机状态,3,2025-07-06 18:25:12,2025-07-06 18:26:13,61,0.02
3058,L18,#30,GW252/13600,(2)停机状态,2,2025-07-06 18:25:11,2025-07-06 18:25:12,1,0
3059,L18,#30,GW252/13600,(1)停机过程,1,2025-07-06 18:24:39,2025-07-06 18:25:11,32,0.01
3060,L18,#30,GW252/13600,(4)启机状态,4,2025-07-06 18:19:40,2025-07-06 18:24:39,299,0.08
3061,L18,#30,GW252/13600,(3)待机状态,3,2025-07-06 15:54:53,2025-07-06 18:19:40,8687,2.41
3062,L18,#30,GW252/13600,(2)停机状态,2,2025-07-06 15:54:44,2025-07-06 15:54:53,9,0
3063,L18,#30,GW252/13600,(1)停机过程,1,2025-07-06 15:54:13,2025-07-06 15:54:44,31,0.01
3064,L18,#30,GW252/13600,(4)启机状态,4,2025-07-06 15:49:12,2025-07-06 15:54:13,301,0.08
3065,L18,#30,GW252/13600,(3)待机状态,3,2025-07-06 15:47:42,2025-07-06 15:49:12,90,0.03
3066,L18,#30,GW252/13600,(2)停机状态,2,2025-07-06 15:47:41,2025-07-06 15:47:42,1,0
3067,L18,#30,GW252/13600,(1)停机过程,1,2025-07-06 15:47:11,2025-07-06 15:47:41,30,0.01
3068,L18,#30,GW252/13600,(4)启机状态,4,2025-07-06 15:42:11,2025-07-06 15:47:11,300,0.08
3069,L18,#30,GW252/13600,(3)待机状态,3,2025-07-06 15:40:45,2025-07-06 15:42:11,86,0.02
3070,L18,#30,GW252/13600,(1)停机过程,1,2025-07-06 15:40:13,2025-07-06 15:40:45,32,0.01
3071,L18,#30,GW252/13600,(4)启机状态,4,2025-07-06 15:35:13,2025-07-06 15:40:13,300,0.08
3072,L18,#30,GW252/13600,(3)待机状态,3,2025-07-06 15:28:51,2025-07-06 15:35:13,382,0.11
3073,L18,#30,GW252/13600,(2)停机状态,2,2025-07-06 15:27:23,2025-07-06 15:28:51,88,0.02
3074,L18,#30,GW252/13600,(1)停机过程,1,2025-07-06 15:26:26,2025-07-06 15:27:23,57,0.02
3075,L18,#30,GW252/13600,(5)发电状态,5,2025-07-06 14:41:07,2025-07-06 15:26:26,2719,0.76
3076,L18,#30,GW252/13600,(4)启机状态,4,2025-07-06 14:37:48,2025-07-06 14:41:07,199,0.06
3077,L18,#30,GW252/13600,(3)待机状态,3,2025-07-06 14:36:45,2025-07-06 14:37:48,63,0.02
3078,L18,#30,GW252/13600,(2)停机状态,2,2025-07-06 14:36:44,2025-07-06 14:36:45,1,0
3079,L18,#30,GW252/13600,(1)停机过程,1,2025-07-06 14:36:12,2025-07-06 14:36:44,32,0.01
3080,L18,#30,GW252/13600,(4)启机状态,4,2025-07-06 14:31:12,2025-07-06 14:36:12,300,0.08
3081,L18,#30,GW252/13600,(3)待机状态,3,2025-07-06 14:30:06,2025-07-06 14:31:12,66,0.02
3082,L18,#30,GW252/13600,(2)停机状态,2,2025-07-06 14:30:05,2025-07-06 14:30:06,1,0
3083,L18,#30,GW252/13600,(1)停机过程,1,2025-07-06 14:29:34,2025-07-06 14:30:05,31,0.01
3084,L18,#30,GW252/13600,(4)启机状态,4,2025-07-06 14:24:34,2025-07-06 14:29:34,300,0.08
3085,L18,#30,GW252/13600,(3)待机状态,3,2025-07-06 14:23:17,2025-07-06 14:24:34,77,0.02
3086,L18,#30,GW252/13600,(2)停机状态,2,2025-07-06 14:23:16,2025-07-06 14:23:17,1,0
3087,L18,#30,GW252/13600,(1)停机过程,1,2025-07-06 14:22:45,2025-07-06 14:23:16,31,0.01
3088,L18,#30,GW252/13600,(4)启机状态,4,2025-07-06 14:17:45,2025-07-06 14:22:45,300,0.08
3089,L18,#30,GW252/13600,(3)待机状态,3,2025-07-06 14:09:24,2025-07-06 14:17:45,501,0.14
3090,L18,#30,GW252/13600,(2)停机状态,2,2025-07-06 14:08:31,2025-07-06 14:09:24,53,0.01
3091,L18,#30,GW252/13600,(1)停机过程,1,2025-07-06 14:07:58,2025-07-06 14:08:31,33,0.01
3092,L18,#30,GW252/13600,(4)启机状态,4,2025-07-06 14:02:58,2025-07-06 14:07:58,300,0.08
3093,L18,#30,GW252/13600,(3)待机状态,3,2025-07-06 14:01:00,2025-07-06 14:02:58,118,0.03
3094,L18,#30,GW252/13600,(2)停机状态,2,2025-07-06 14:00:59,2025-07-06 14:01:00,1,0
3095,L18,#30,GW252/13600,(1)停机过程,1,2025-07-06 14:00:27,2025-07-06 14:00:59,32,0.01
3096,L18,#30,GW252/13600,(4)启机状态,4,2025-07-06 13:55:27,2025-07-06 14:00:27,300,0.08
3097,L18,#30,GW252/13600,(3)待机状态,3,2025-07-06 13:44:20,2025-07-06 13:55:27,667,0.19
3098,L18,#30,GW252/13600,(2)停机状态,2,2025-07-06 13:44:18,2025-07-06 13:44:20,2,0
3099,L18,#30,GW252/13600,(1)停机过程,1,2025-07-06 13:43:45,2025-07-06 13:44:18,33,0.01
3100,L18,#30,GW252/13600,(4)启机状态,4,2025-07-06 13:38:45,2025-07-06 13:43:45,300,0.08
3101,L18,#30,GW252/13600,(3)待机状态,3,2025-07-06 13:34:21,2025-07-06 13:38:45,264,0.07
3102,L18,#30,GW252/13600,(2)停机状态,2,2025-07-06 13:34:19,2025-07-06 13:34:21,2,0
3103,L18,#30,GW252/13600,(1)停机过程,1,2025-07-06 13:33:48,2025-07-06 13:34:19,31,0.01
3104,L18,#30,GW252/13600,(4)启机状态,4,2025-07-06 13:28:48,2025-07-06 13:33:48,300,0.08
3105,L18,#30,GW252/13600,(3)待机状态,3,2025-07-06 13:23:14,2025-07-06 13:28:48,334,0.09
3106,L18,#30,GW252/13600,(2)停机状态,2,2025-07-06 13:21:45,2025-07-06 13:23:14,89,0.02
3107,L18,#30,GW252/13600,(1)停机过程,1,2025-07-06 13:21:14,2025-07-06 13:21:45,31,0.01
3108,L18,#30,GW252/13600,(4)启机状态,4,2025-07-06 13:16:12,2025-07-06 13:21:14,302,0.08
3109,L18,#30,GW252/13600,(3)待机状态,3,2025-07-06 13:14:12,2025-07-06 13:16:12,120,0.03
3110,L18,#30,GW252/13600,(1)停机过程,1,2025-07-06 13:13:40,2025-07-06 13:14:12,32,0.01
3111,L18,#30,GW252/13600,(4)启机状态,4,2025-07-06 13:08:38,2025-07-06 13:13:40,302,0.08
3112,L18,#30,GW252/13600,(3)待机状态,3,2025-07-06 09:10:31,2025-07-06 13:08:38,14287,3.97
3113,L18,#30,GW252/13600,(2)停机状态,2,2025-07-06 09:09:22,2025-07-06 09:10:31,69,0.02
3114,L18,#30,GW252/13600,(1)停机过程,1,2025-07-06 09:08:50,2025-07-06 09:09:22,32,0.01
3115,L18,#30,GW252/13600,(4)启机状态,4,2025-07-06 09:03:50,2025-07-06 09:08:50,300,0.08
3116,L18,#30,GW252/13600,(3)待机状态,3,2025-07-06 09:02:33,2025-07-06 09:03:50,77,0.02
3117,L18,#30,GW252/13600,(2)停机状态,2,2025-07-06 09:02:31,2025-07-06 09:02:33,2,0
3118,L18,#30,GW252/13600,(1)停机过程,1,2025-07-06 09:01:59,2025-07-06 09:02:31,32,0.01
3119,L18,#30,GW252/13600,(4)启机状态,4,2025-07-06 08:57:00,2025-07-06 09:01:59,299,0.08
3120,L18,#30,GW252/13600,(3)待机状态,3,2025-07-06 08:47:40,2025-07-06 08:57:00,560,0.16
3121,L18,#30,GW252/13600,(2)停机状态,2,2025-07-06 08:47:38,2025-07-06 08:47:40,2,0
3122,L18,#30,GW252/13600,(1)停机过程,1,2025-07-06 08:47:07,2025-07-06 08:47:38,31,0.01
3123,L18,#30,GW252/13600,(4)启机状态,4,2025-07-06 08:42:07,2025-07-06 08:47:07,300,0.08
3124,L18,#30,GW252/13600,(3)待机状态,3,2025-07-06 08:41:07,2025-07-06 08:42:07,60,0.02
3125,L18,#30,GW252/13600,(2)停机状态,2,2025-07-06 08:41:05,2025-07-06 08:41:07,2,0
3126,L18,#30,GW252/13600,(1)停机过程,1,2025-07-06 08:40:34,2025-07-06 08:41:05,31,0.01
3127,L18,#30,GW252/13600,(4)启机状态,4,2025-07-06 08:35:34,2025-07-06 08:40:34,300,0.08
3128,L18,#30,GW252/13600,(3)待机状态,3,2025-07-06 08:34:32,2025-07-06 08:35:34,62,0.02
3129,L18,#30,GW252/13600,(2)停机状态,2,2025-07-06 08:34:31,2025-07-06 08:34:32,1,0
3130,L18,#30,GW252/13600,(1)停机过程,1,2025-07-06 08:34:00,2025-07-06 08:34:31,31,0.01
3131,L18,#30,GW252/13600,(4)启机状态,4,2025-07-06 08:28:59,2025-07-06 08:34:00,301,0.08
3132,L18,#30,GW252/13600,(3)待机状态,3,2025-07-06 08:26:11,2025-07-06 08:28:59,168,0.05
3133,L18,#30,GW252/13600,(2)停机状态,2,2025-07-06 08:23:28,2025-07-06 08:26:11,163,0.05
3134,L18,#30,GW252/13600,(1)停机过程,1,2025-07-06 08:22:31,2025-07-06 08:23:28,57,0.02
3135,L18,#30,GW252/13600,(5)发电状态,5,2025-07-06 06:35:18,2025-07-06 08:22:31,6433,1.79
3136,L18,#30,GW252/13600,(4)启机状态,4,2025-07-06 06:32:05,2025-07-06 06:35:18,193,0.05
3137,L18,#30,GW252/13600,(3)待机状态,3,2025-07-06 02:59:38,2025-07-06 06:32:05,12747,3.54
3138,L18,#30,GW252/13600,(2)停机状态,2,2025-07-06 02:57:12,2025-07-06 02:59:38,146,0.04
3139,L18,#30,GW252/13600,(1)停机过程,1,2025-07-06 02:56:14,2025-07-06 02:57:12,58,0.02
3140,L18,#30,GW252/13600,(5)发电状态,5,2025-07-05 20:28:26,2025-07-06 02:56:14,23268,6.46
3141,L18,#30,GW252/13600,(4)启机状态,4,2025-07-05 20:26:32,2025-07-05 20:28:26,114,0.03
3142,L18,#30,GW252/13600,(3)待机状态,3,2025-07-05 20:25:34,2025-07-05 20:26:32,58,0.02
3143,L18,#30,GW252/13600,(2)停机状态,2,2025-07-05 20:25:33,2025-07-05 20:25:34,1,0
3144,L18,#30,GW252/13600,(1)停机过程,1,2025-07-05 20:25:01,2025-07-05 20:25:33,32,0.01
3145,L18,#30,GW252/13600,(4)启机状态,4,2025-07-05 20:20:01,2025-07-05 20:25:01,300,0.08
3146,L18,#30,GW252/13600,(3)待机状态,3,2025-07-05 20:19:00,2025-07-05 20:20:01,61,0.02
3147,L18,#30,GW252/13600,(2)停机状态,2,2025-07-05 20:18:59,2025-07-05 20:19:00,1,0
3148,L18,#30,GW252/13600,(1)停机过程,1,2025-07-05 20:18:28,2025-07-05 20:18:59,31,0.01
3149,L18,#30,GW252/13600,(4)启机状态,4,2025-07-05 20:13:28,2025-07-05 20:18:28,300,0.08
3150,L18,#30,GW252/13600,(3)待机状态,3,2025-07-05 20:12:21,2025-07-05 20:13:28,67,0.02
3151,L18,#30,GW252/13600,(2)停机状态,2,2025-07-05 20:12:19,2025-07-05 20:12:21,2,0
3152,L18,#30,GW252/13600,(1)停机过程,1,2025-07-05 20:11:47,2025-07-05 20:12:19,32,0.01
3153,L18,#30,GW252/13600,(4)启机状态,4,2025-07-05 20:06:47,2025-07-05 20:11:47,300,0.08
3154,L18,#30,GW252/13600,(3)待机状态,3,2025-07-05 20:05:43,2025-07-05 20:06:47,64,0.02
3155,L18,#30,GW252/13600,(2)停机状态,2,2025-07-05 20:05:41,2025-07-05 20:05:43,2,0
3156,L18,#30,GW252/13600,(1)停机过程,1,2025-07-05 20:05:11,2025-07-05 20:05:41,30,0.01
3157,L18,#30,GW252/13600,(4)启机状态,4,2025-07-05 20:00:09,2025-07-05 20:05:11,302,0.08
3158,L18,#30,GW252/13600,(3)待机状态,3,2025-07-05 19:59:05,2025-07-05 20:00:09,64,0.02
3159,L18,#30,GW252/13600,(2)停机状态,2,2025-07-05 19:59:04,2025-07-05 19:59:05,1,0
3160,L18,#30,GW252/13600,(1)停机过程,1,2025-07-05 19:58:34,2025-07-05 19:59:04,30,0.01
3161,L18,#30,GW252/13600,(4)启机状态,4,2025-07-05 19:53:31,2025-07-05 19:58:34,303,0.08
3162,L18,#30,GW252/13600,(3)待机状态,3,2025-07-05 19:52:32,2025-07-05 19:53:31,59,0.02
3163,L18,#30,GW252/13600,(2)停机状态,2,2025-07-05 19:52:31,2025-07-05 19:52:32,1,0
3164,L18,#30,GW252/13600,(1)停机过程,1,2025-07-05 19:51:59,2025-07-05 19:52:31,32,0.01
3165,L18,#30,GW252/13600,(4)启机状态,4,2025-07-05 19:46:59,2025-07-05 19:51:59,300,0.08
3166,L18,#30,GW252/13600,(3)待机状态,3,2025-07-05 19:45:49,2025-07-05 19:46:59,70,0.02
3167,L18,#30,GW252/13600,(2)停机状态,2,2025-07-05 19:45:48,2025-07-05 19:45:49,1,0
3168,L18,#30,GW252/13600,(1)停机过程,1,2025-07-05 19:45:17,2025-07-05 19:45:48,31,0.01
3169,L18,#30,GW252/13600,(4)启机状态,4,2025-07-05 19:40:16,2025-07-05 19:45:17,301,0.08
3170,L18,#30,GW252/13600,(3)待机状态,3,2025-07-05 19:39:10,2025-07-05 19:40:16,66,0.02
3171,L18,#30,GW252/13600,(2)停机状态,2,2025-07-05 19:39:08,2025-07-05 19:39:10,2,0
3172,L18,#30,GW252/13600,(1)停机过程,1,2025-07-05 19:38:36,2025-07-05 19:39:08,32,0.01
3173,L18,#30,GW252/13600,(4)启机状态,4,2025-07-05 19:33:36,2025-07-05 19:38:36,300,0.08
3174,L18,#30,GW252/13600,(3)待机状态,3,2025-07-05 19:32:13,2025-07-05 19:33:36,83,0.02
3175,L18,#30,GW252/13600,(1)停机过程,1,2025-07-05 19:31:40,2025-07-05 19:32:13,33,0.01
3176,L18,#30,GW252/13600,(4)启机状态,4,2025-07-05 19:26:41,2025-07-05 19:31:40,299,0.08
3177,L18,#30,GW252/13600,(3)待机状态,3,2025-07-05 19:25:13,2025-07-05 19:26:41,88,0.02
3178,L18,#30,GW252/13600,(2)停机状态,2,2025-07-05 19:25:11,2025-07-05 19:25:13,2,0
3179,L18,#30,GW252/13600,(1)停机过程,1,2025-07-05 19:24:39,2025-07-05 19:25:11,32,0.01
3180,L18,#30,GW252/13600,(4)启机状态,4,2025-07-05 19:19:38,2025-07-05 19:24:39,301,0.08
3181,L18,#30,GW252/13600,(3)待机状态,3,2025-07-05 18:48:35,2025-07-05 19:19:38,1863,0.52
3182,L18,#30,GW252/13600,(2)停机状态,2,2025-07-05 18:48:33,2025-07-05 18:48:35,2,0
3183,L18,#30,GW252/13600,(1)停机过程,1,2025-07-05 18:48:02,2025-07-05 18:48:33,31,0.01
3184,L18,#30,GW252/13600,(4)启机状态,4,2025-07-05 18:43:01,2025-07-05 18:48:02,301,0.08
3185,L18,#30,GW252/13600,(3)待机状态,3,2025-07-05 12:51:18,2025-07-05 18:43:01,21103,5.86
3186,L18,#30,GW252/13600,(2)停机状态,2,2025-07-05 12:51:16,2025-07-05 12:51:18,2,0
3187,L18,#30,GW252/13600,(1)停机过程,1,2025-07-05 12:50:46,2025-07-05 12:51:16,30,0.01
3188,L18,#30,GW252/13600,(4)启机状态,4,2025-07-05 12:45:46,2025-07-05 12:50:46,300,0.08
3189,L18,#30,GW252/13600,(3)待机状态,3,2025-07-05 10:30:36,2025-07-05 12:45:46,8110,2.25
3190,L18,#30,GW252/13600,(2)停机状态,2,2025-07-05 10:30:34,2025-07-05 10:30:36,2,0
3191,L18,#30,GW252/13600,(1)停机过程,1,2025-07-05 10:29:35,2025-07-05 10:30:34,59,0.02
3192,L18,#30,GW252/13600,(5)发电状态,5,2025-07-05 07:53:14,2025-07-05 10:29:35,9381,2.61
3193,L18,#30,GW252/13600,(4)启机状态,4,2025-07-05 07:51:21,2025-07-05 07:53:14,113,0.03
3194,L18,#30,GW252/13600,(3)待机状态,3,2025-07-05 07:50:25,2025-07-05 07:51:21,56,0.02
3195,L18,#30,GW252/13600,(2)停机状态,2,2025-07-05 07:50:23,2025-07-05 07:50:25,2,0
3196,L18,#30,GW252/13600,(1)停机过程,1,2025-07-05 07:49:53,2025-07-05 07:50:23,30,0.01
3197,L18,#30,GW252/13600,(4)启机状态,4,2025-07-05 07:44:51,2025-07-05 07:49:53,302,0.08
3198,L18,#30,GW252/13600,(3)待机状态,3,2025-07-05 07:43:52,2025-07-05 07:44:51,59,0.02
3199,L18,#30,GW252/13600,(2)停机状态,2,2025-07-05 07:43:51,2025-07-05 07:43:52,1,0
3200,L18,#30,GW252/13600,(1)停机过程,1,2025-07-05 07:43:19,2025-07-05 07:43:51,32,0.01
3201,L18,#30,GW252/13600,(4)启机状态,4,2025-07-05 07:38:19,2025-07-05 07:43:19,300,0.08
3202,L18,#30,GW252/13600,(3)待机状态,3,2025-07-05 07:37:18,2025-07-05 07:38:19,61,0.02
3203,L18,#30,GW252/13600,(2)停机状态,2,2025-07-05 07:37:17,2025-07-05 07:37:18,1,0
3204,L18,#30,GW252/13600,(1)停机过程,1,2025-07-05 07:36:46,2025-07-05 07:37:17,31,0.01
3205,L18,#30,GW252/13600,(4)启机状态,4,2025-07-05 07:31:46,2025-07-05 07:36:46,300,0.08
3206,L18,#30,GW252/13600,(3)待机状态,3,2025-07-05 07:29:20,2025-07-05 07:31:46,146,0.04
3207,L18,#30,GW252/13600,(2)停机状态,2,2025-07-05 07:29:19,2025-07-05 07:29:20,1,0
3208,L18,#30,GW252/13600,(1)停机过程,1,2025-07-05 07:28:46,2025-07-05 07:29:19,33,0.01
3209,L18,#30,GW252/13600,(4)启机状态,4,2025-07-05 07:23:46,2025-07-05 07:28:46,300,0.08
3210,L18,#30,GW252/13600,(3)待机状态,3,2025-07-05 07:16:18,2025-07-05 07:23:46,448,0.12
3211,L18,#30,GW252/13600,(2)停机状态,2,2025-07-05 07:16:17,2025-07-05 07:16:18,1,0
3212,L18,#30,GW252/13600,(1)停机过程,1,2025-07-05 07:15:44,2025-07-05 07:16:17,33,0.01
3213,L18,#30,GW252/13600,(4)启机状态,4,2025-07-05 07:10:44,2025-07-05 07:15:44,300,0.08
3214,L18,#30,GW252/13600,(3)待机状态,3,2025-07-05 07:09:29,2025-07-05 07:10:44,75,0.02
3215,L18,#30,GW252/13600,(2)停机状态,2,2025-07-05 07:09:28,2025-07-05 07:09:29,1,0
3216,L18,#30,GW252/13600,(1)停机过程,1,2025-07-05 07:08:58,2025-07-05 07:09:28,30,0.01
3217,L18,#30,GW252/13600,(4)启机状态,4,2025-07-05 07:03:58,2025-07-05 07:08:58,300,0.08
3218,L18,#30,GW252/13600,(3)待机状态,3,2025-07-05 07:02:44,2025-07-05 07:03:58,74,0.02
3219,L18,#30,GW252/13600,(2)停机状态,2,2025-07-05 07:02:42,2025-07-05 07:02:44,2,0
3220,L18,#30,GW252/13600,(1)停机过程,1,2025-07-05 07:02:09,2025-07-05 07:02:42,33,0.01
3221,L18,#30,GW252/13600,(4)启机状态,4,2025-07-05 06:57:09,2025-07-05 07:02:09,300,0.08
3222,L18,#30,GW252/13600,(3)待机状态,3,2025-07-05 06:55:45,2025-07-05 06:57:09,84,0.02
3223,L18,#30,GW252/13600,(1)停机过程,1,2025-07-05 06:55:12,2025-07-05 06:55:45,33,0.01
3224,L18,#30,GW252/13600,(4)启机状态,4,2025-07-05 06:50:12,2025-07-05 06:55:12,300,0.08
3225,L18,#30,GW252/13600,(3)待机状态,3,2025-07-05 06:45:33,2025-07-05 06:50:12,279,0.08
3226,L18,#30,GW252/13600,(2)停机状态,2,2025-07-05 06:45:31,2025-07-05 06:45:33,2,0
3227,L18,#30,GW252/13600,(1)停机过程,1,2025-07-05 06:44:59,2025-07-05 06:45:31,32,0.01
3228,L18,#30,GW252/13600,(4)启机状态,4,2025-07-05 06:40:00,2025-07-05 06:44:59,299,0.08
3229,L18,#30,GW252/13600,(3)待机状态,3,2025-07-05 06:37:41,2025-07-05 06:40:00,139,0.04
3230,L18,#30,GW252/13600,(2)停机状态,2,2025-07-05 06:37:38,2025-07-05 06:37:41,3,0
3231,L18,#30,GW252/13600,(1)停机过程,1,2025-07-05 06:37:07,2025-07-05 06:37:38,31,0.01
3232,L18,#30,GW252/13600,(4)启机状态,4,2025-07-05 06:32:05,2025-07-05 06:37:07,302,0.08
3233,L18,#30,GW252/13600,(3)待机状态,3,2025-07-05 00:53:16,2025-07-05 06:32:05,20329,5.65
3234,L18,#30,GW252/13600,(2)停机状态,2,2025-07-05 00:53:11,2025-07-05 00:53:16,5,0
3235,L18,#30,GW252/13600,(1)停机过程,1,2025-07-05 00:52:14,2025-07-05 00:53:11,57,0.02
3236,L18,#30,GW252/13600,(5)发电状态,5,2025-07-04 23:32:47,2025-07-05 00:52:14,4767,1.32
3237,L18,#30,GW252/13600,(4)启机状态,4,2025-07-04 23:29:51,2025-07-04 23:32:47,176,0.05
3238,L18,#30,GW252/13600,(3)待机状态,3,2025-07-04 23:28:47,2025-07-04 23:29:51,64,0.02
3239,L18,#30,GW252/13600,(2)停机状态,2,2025-07-04 23:28:46,2025-07-04 23:28:47,1,0
3240,L18,#30,GW252/13600,(1)停机过程,1,2025-07-04 23:27:55,2025-07-04 23:28:46,51,0.01
3241,L18,#30,GW252/13600,(4)启机状态,4,2025-07-04 23:22:55,2025-07-04 23:27:55,300,0.08
3242,L18,#30,GW252/13600,(3)待机状态,3,2025-07-04 23:21:30,2025-07-04 23:22:55,85,0.02
3243,L18,#30,GW252/13600,(2)停机状态,2,2025-07-04 23:18:15,2025-07-04 23:21:30,195,0.05
3244,L18,#30,GW252/13600,(1)停机过程,1,2025-07-04 23:17:18,2025-07-04 23:18:15,57,0.02
3245,L18,#30,GW252/13600,(5)发电状态,5,2025-07-01 12:14:18,2025-07-04 23:17:18,298980,83.05
3246,L18,#30,GW252/13600,(4)启机状态,4,2025-07-01 12:11:08,2025-07-01 12:14:18,190,0.05
3247,L18,#30,GW252/13600,(3)待机状态,3,2025-07-01 12:04:38,2025-07-01 12:11:08,390,0.11
3248,L18,#30,GW252/13600,(2)停机状态,2,2025-07-01 11:57:55,2025-07-01 12:04:38,403,0.11
3249,L18,#30,GW252/13600,(1)停机过程,1,2025-07-01 11:56:58,2025-07-01 11:57:55,57,0.02
3250,L18,#30,GW252/13600,(5)发电状态,5,2025-07-01 11:36:49,2025-07-01 11:56:58,1209,0.34
3251,L18,#30,GW252/13600,(4)启机状态,4,2025-07-01 11:33:44,2025-07-01 11:36:49,185,0.05
3252,L18,#30,GW252/13600,(3)待机状态,3,2025-07-01 11:31:39,2025-07-01 11:33:44,125,0.03
3253,L18,#30,GW252/13600,(2)停机状态,2,2025-07-01 11:31:29,2025-07-01 11:31:39,10,0
3254,L18,#30,GW252/13600,(1)停机过程,1,2025-07-01 11:31:19,2025-07-01 11:31:29,10,0
3255,L18,#30,GW252/13600,(9)维护状态,9,2025-07-01 08:29:32,2025-07-01 11:31:19,10907,3.03
3256,L18,#30,GW252/13600,(2)停机状态,2,2025-07-01 07:27:34,2025-07-01 08:29:32,3718,1.03
3257,L18,#30,GW252/13600,(1)停机过程,1,2025-07-01 07:26:36,2025-07-01 07:27:34,58,0.02
3258,L18,#30,GW252/13600,(5)发电状态,5,2025-07-01 05:58:44,2025-07-01 07:26:36,5272,1.46
3259,L18,#30,GW252/13600,(4)启机状态,4,2025-07-01 05:56:11,2025-07-01 05:58:44,153,0.04
3260,L18,#30,GW252/13600,(3)待机状态,3,2025-07-01 05:55:17,2025-07-01 05:56:11,54,0.02
3261,L18,#30,GW252/13600,(2)停机状态,2,2025-07-01 05:55:16,2025-07-01 05:55:17,1,0
3262,L18,#30,GW252/13600,(1)停机过程,1,2025-07-01 05:54:28,2025-07-01 05:55:16,48,0.01
3263,L18,#30,GW252/13600,(4)启机状态,4,2025-07-01 05:49:28,2025-07-01 05:54:28,300,0.08
3264,L18,#30,GW252/13600,(3)待机状态,3,2025-07-01 05:33:33,2025-07-01 05:49:28,955,0.27
3265,L18,#30,GW252/13600,(2)停机状态,2,2025-07-01 05:33:32,2025-07-01 05:33:33,1,0
3266,L18,#30,GW252/13600,(1)停机过程,1,2025-07-01 05:33:01,2025-07-01 05:33:32,31,0.01
3267,L18,#30,GW252/13600,(4)启机状态,4,2025-07-01 05:28:01,2025-07-01 05:33:01,300,0.08
3268,L18,#30,GW252/13600,(3)待机状态,3,2025-07-01 05:14:17,2025-07-01 05:28:01,824,0.23
3269,L18,#30,GW252/13600,(2)停机状态,2,2025-07-01 05:13:33,2025-07-01 05:14:17,44,0.01
3270,L18,#30,GW252/13600,(1)停机过程,1,2025-07-01 05:13:01,2025-07-01 05:13:33,32,0.01
3271,L18,#30,GW252/13600,(4)启机状态,4,2025-07-01 05:08:00,2025-07-01 05:13:01,301,0.08
3272,L18,#30,GW252/13600,(3)待机状态,3,2025-07-01 05:02:01,2025-07-01 05:08:00,359,0.1
3273,L18,#30,GW252/13600,(2)停机状态,2,2025-07-01 04:56:25,2025-07-01 05:02:01,336,0.09
3274,L18,#30,GW252/13600,(1)停机过程,1,2025-07-01 04:55:53,2025-07-01 04:56:25,32,0.01
3275,L18,#30,GW252/13600,(4)启机状态,4,2025-07-01 04:50:53,2025-07-01 04:55:53,300,0.08
3276,L18,#30,GW252/13600,(3)待机状态,3,2025-07-01 04:49:31,2025-07-01 04:50:53,82,0.02
3277,L18,#30,GW252/13600,(2)停机状态,2,2025-07-01 04:49:29,2025-07-01 04:49:31,2,0
3278,L18,#30,GW252/13600,(1)停机过程,1,2025-07-01 04:48:57,2025-07-01 04:49:29,32,0.01
3279,L18,#30,GW252/13600,(4)启机状态,4,2025-07-01 04:43:57,2025-07-01 04:48:57,300,0.08
3280,L18,#30,GW252/13600,(3)待机状态,3,2025-07-01 04:42:15,2025-07-01 04:43:57,102,0.03
3281,L18,#30,GW252/13600,(2)停机状态,2,2025-07-01 04:42:14,2025-07-01 04:42:15,1,0
3282,L18,#30,GW252/13600,(1)停机过程,1,2025-07-01 04:41:42,2025-07-01 04:42:14,32,0.01
3283,L18,#30,GW252/13600,(4)启机状态,4,2025-07-01 04:36:42,2025-07-01 04:41:42,300,0.08
3284,L18,#30,GW252/13600,(3)待机状态,3,2025-07-01 04:33:57,2025-07-01 04:36:42,165,0.05
3285,L18,#30,GW252/13600,(2)停机状态,2,2025-07-01 04:33:56,2025-07-01 04:33:57,1,0
3286,L18,#30,GW252/13600,(1)停机过程,1,2025-07-01 04:33:25,2025-07-01 04:33:56,31,0.01
3287,L18,#30,GW252/13600,(4)启机状态,4,2025-07-01 04:28:25,2025-07-01 04:33:25,300,0.08
3288,L18,#30,GW252/13600,(3)待机状态,3,2025-07-01 04:22:39,2025-07-01 04:28:25,346,0.1
3289,L18,#30,GW252/13600,(2)停机状态,2,2025-07-01 04:22:38,2025-07-01 04:22:39,1,0
3290,L18,#30,GW252/13600,(1)停机过程,1,2025-07-01 04:22:06,2025-07-01 04:22:38,32,0.01
3291,L18,#30,GW252/13600,(4)启机状态,4,2025-07-01 04:17:06,2025-07-01 04:22:06,300,0.08
3292,L18,#30,GW252/13600,(3)待机状态,3,2025-07-01 04:15:27,2025-07-01 04:17:06,99,0.03
3293,L18,#30,GW252/13600,(1)停机过程,1,2025-07-01 04:14:54,2025-07-01 04:15:27,33,0.01
3294,L18,#30,GW252/13600,(4)启机状态,4,2025-07-01 04:09:54,2025-07-01 04:14:54,300,0.08
3295,L18,#30,GW252/13600,(3)待机状态,3,2025-07-01 04:04:02,2025-07-01 04:09:54,352,0.1
3296,L18,#30,GW252/13600,(2)停机状态,2,2025-07-01 04:03:10,2025-07-01 04:04:02,52,0.01
3297,L18,#30,GW252/13600,(1)停机过程,1,2025-07-01 04:02:38,2025-07-01 04:03:10,32,0.01
3298,L18,#30,GW252/13600,(4)启机状态,4,2025-07-01 03:57:38,2025-07-01 04:02:38,300,0.08
3299,L18,#30,GW252/13600,(3)待机状态,3,2025-07-01 03:16:59,2025-07-01 03:57:38,2439,0.68
3300,L18,#30,GW252/13600,(2)停机状态,2,2025-07-01 03:15:49,2025-07-01 03:16:59,70,0.02
3301,L18,#30,GW252/13600,(1)停机过程,1,2025-07-01 03:14:52,2025-07-01 03:15:49,57,0.02
3302,L18,#30,GW252/13600,(5)发电状态,5,2025-06-30 22:52:08,2025-07-01 03:14:52,15764,4.38
3303,L18,#30,GW252/13600,(4)启机状态,4,2025-06-30 22:49:37,2025-06-30 22:52:08,151,0.04
3304,L18,#30,GW252/13600,(3)待机状态,3,2025-06-30 22:48:26,2025-06-30 22:49:37,71,0.02
3305,L18,#30,GW252/13600,(2)停机状态,2,2025-06-30 22:48:25,2025-06-30 22:48:26,1,0
3306,L18,#30,GW252/13600,(1)停机过程,1,2025-06-30 22:47:54,2025-06-30 22:48:25,31,0.01
3307,L18,#30,GW252/13600,(4)启机状态,4,2025-06-30 22:42:54,2025-06-30 22:47:54,300,0.08
3308,L18,#30,GW252/13600,(3)待机状态,3,2025-06-30 22:41:39,2025-06-30 22:42:54,75,0.02
3309,L18,#30,GW252/13600,(2)停机状态,2,2025-06-30 22:39:59,2025-06-30 22:41:39,100,0.03
3310,L18,#30,GW252/13600,(1)停机过程,1,2025-06-30 22:39:01,2025-06-30 22:39:59,58,0.02
3311,L18,#30,GW252/13600,(5)发电状态,5,2025-06-30 17:49:03,2025-06-30 22:39:01,17398,4.83
3312,L18,#30,GW252/13600,(4)启机状态,4,2025-06-30 17:48:05,2025-06-30 17:49:03,58,0.02
3313,L18,#30,GW252/13600,(3)待机状态,3,2025-06-30 17:46:52,2025-06-30 17:48:05,73,0.02
3314,L18,#30,GW252/13600,(2)停机状态,2,2025-06-30 17:46:51,2025-06-30 17:46:52,1,0
3315,L18,#30,GW252/13600,(1)停机过程,1,2025-06-30 17:46:20,2025-06-30 17:46:51,31,0.01
3316,L18,#30,GW252/13600,(4)启机状态,4,2025-06-30 17:41:20,2025-06-30 17:46:20,300,0.08
3317,L18,#30,GW252/13600,(3)待机状态,3,2025-06-30 17:40:05,2025-06-30 17:41:20,75,0.02
3318,L18,#30,GW252/13600,(2)停机状态,2,2025-06-30 17:40:04,2025-06-30 17:40:05,1,0
3319,L18,#30,GW252/13600,(1)停机过程,1,2025-06-30 17:39:31,2025-06-30 17:40:04,33,0.01
3320,L18,#30,GW252/13600,(4)启机状态,4,2025-06-30 17:34:32,2025-06-30 17:39:31,299,0.08
3321,L18,#30,GW252/13600,(3)待机状态,3,2025-06-30 17:28:18,2025-06-30 17:34:32,374,0.1
3322,L18,#30,GW252/13600,(2)停机状态,2,2025-06-30 17:24:47,2025-06-30 17:28:18,211,0.06
3323,L18,#30,GW252/13600,(1)停机过程,1,2025-06-30 17:23:49,2025-06-30 17:24:47,58,0.02
3324,L18,#30,GW252/13600,(5)发电状态,5,2025-06-30 17:16:07,2025-06-30 17:23:49,462,0.13
3325,L18,#30,GW252/13600,(4)启机状态,4,2025-06-30 17:12:08,2025-06-30 17:16:07,239,0.07
3326,L18,#30,GW252/13600,(3)待机状态,3,2025-06-30 17:11:02,2025-06-30 17:12:08,66,0.02
3327,L18,#30,GW252/13600,(2)停机状态,2,2025-06-30 17:11:01,2025-06-30 17:11:02,1,0
3328,L18,#30,GW252/13600,(1)停机过程,1,2025-06-30 17:10:04,2025-06-30 17:11:01,57,0.02
3329,L18,#30,GW252/13600,(4)启机状态,4,2025-06-30 17:05:04,2025-06-30 17:10:04,300,0.08
3330,L18,#30,GW252/13600,(3)待机状态,3,2025-06-30 17:02:40,2025-06-30 17:05:04,144,0.04
3331,L18,#30,GW252/13600,(1)停机过程,1,2025-06-30 17:02:08,2025-06-30 17:02:40,32,0.01
3332,L18,#30,GW252/13600,(4)启机状态,4,2025-06-30 16:57:08,2025-06-30 17:02:08,300,0.08
3333,L18,#30,GW252/13600,(3)待机状态,3,2025-06-30 16:54:53,2025-06-30 16:57:08,135,0.04
3334,L18,#30,GW252/13600,(2)停机状态,2,2025-06-30 16:53:35,2025-06-30 16:54:53,78,0.02
3335,L18,#30,GW252/13600,(1)停机过程,1,2025-06-30 16:53:03,2025-06-30 16:53:35,32,0.01
3336,L18,#30,GW252/13600,(4)启机状态,4,2025-06-30 16:48:03,2025-06-30 16:53:03,300,0.08
3337,L18,#30,GW252/13600,(3)待机状态,3,2025-06-30 16:43:24,2025-06-30 16:48:03,279,0.08
3338,L18,#30,GW252/13600,(2)停机状态,2,2025-06-30 16:42:54,2025-06-30 16:43:24,30,0.01
3339,L18,#30,GW252/13600,(1)停机过程,1,2025-06-30 16:41:57,2025-06-30 16:42:54,57,0.02
3340,L18,#30,GW252/13600,(5)发电状态,5,2025-06-30 16:19:13,2025-06-30 16:41:57,1364,0.38
3341,L18,#30,GW252/13600,(4)启机状态,4,2025-06-30 16:17:18,2025-06-30 16:19:13,115,0.03
3342,L18,#30,GW252/13600,(3)待机状态,3,2025-06-30 16:16:18,2025-06-30 16:17:18,60,0.02
3343,L18,#30,GW252/13600,(2)停机状态,2,2025-06-30 16:15:01,2025-06-30 16:16:18,77,0.02
3344,L18,#30,GW252/13600,(1)停机过程,1,2025-06-30 16:14:29,2025-06-30 16:15:01,32,0.01
3345,L18,#30,GW252/13600,(4)启机状态,4,2025-06-30 16:09:29,2025-06-30 16:14:29,300,0.08
3346,L18,#30,GW252/13600,(3)待机状态,3,2025-06-30 16:03:57,2025-06-30 16:09:29,332,0.09
3347,L18,#30,GW252/13600,(2)停机状态,2,2025-06-30 16:03:56,2025-06-30 16:03:57,1,0
3348,L18,#30,GW252/13600,(1)停机过程,1,2025-06-30 16:03:24,2025-06-30 16:03:56,32,0.01
3349,L18,#30,GW252/13600,(4)启机状态,4,2025-06-30 15:58:23,2025-06-30 16:03:24,301,0.08
3350,L18,#30,GW252/13600,(3)待机状态,3,2025-06-30 15:56:07,2025-06-30 15:58:23,136,0.04
3351,L18,#30,GW252/13600,(2)停机状态,2,2025-06-30 15:54:03,2025-06-30 15:56:07,124,0.03
3352,L18,#30,GW252/13600,(1)停机过程,1,2025-06-30 15:53:07,2025-06-30 15:54:03,56,0.02
3353,L18,#30,GW252/13600,(5)发电状态,5,2025-06-30 14:24:57,2025-06-30 15:53:07,5290,1.47
3354,L18,#30,GW252/13600,(4)启机状态,4,2025-06-30 14:20:19,2025-06-30 14:24:57,278,0.08
3355,L18,#30,GW252/13600,(3)待机状态,3,2025-06-30 14:19:17,2025-06-30 14:20:19,62,0.02
3356,L18,#30,GW252/13600,(1)停机过程,1,2025-06-30 14:18:46,2025-06-30 14:19:17,31,0.01
3357,L18,#30,GW252/13600,(4)启机状态,4,2025-06-30 14:13:46,2025-06-30 14:18:46,300,0.08
3358,L18,#30,GW252/13600,(3)待机状态,3,2025-06-30 14:12:39,2025-06-30 14:13:46,67,0.02
3359,L18,#30,GW252/13600,(2)停机状态,2,2025-06-30 14:12:38,2025-06-30 14:12:39,1,0
3360,L18,#30,GW252/13600,(1)停机过程,1,2025-06-30 14:12:05,2025-06-30 14:12:38,33,0.01
3361,L18,#30,GW252/13600,(4)启机状态,4,2025-06-30 14:07:05,2025-06-30 14:12:05,300,0.08
3362,L18,#30,GW252/13600,(3)待机状态,3,2025-06-30 14:06:04,2025-06-30 14:07:05,61,0.02
3363,L18,#30,GW252/13600,(2)停机状态,2,2025-06-30 14:06:02,2025-06-30 14:06:04,2,0
3364,L18,#30,GW252/13600,(1)停机过程,1,2025-06-30 14:05:32,2025-06-30 14:06:02,30,0.01
3365,L18,#30,GW252/13600,(4)启机状态,4,2025-06-30 14:00:32,2025-06-30 14:05:32,300,0.08
3366,L18,#30,GW252/13600,(3)待机状态,3,2025-06-30 13:59:22,2025-06-30 14:00:32,70,0.02
3367,L18,#30,GW252/13600,(2)停机状态,2,2025-06-30 13:59:20,2025-06-30 13:59:22,2,0
3368,L18,#30,GW252/13600,(1)停机过程,1,2025-06-30 13:58:47,2025-06-30 13:59:20,33,0.01
3369,L18,#30,GW252/13600,(4)启机状态,4,2025-06-30 13:53:47,2025-06-30 13:58:47,300,0.08
3370,L18,#30,GW252/13600,(3)待机状态,3,2025-06-30 13:48:59,2025-06-30 13:53:47,288,0.08
3371,L18,#30,GW252/13600,(2)停机状态,2,2025-06-30 13:48:57,2025-06-30 13:48:59,2,0
3372,L18,#30,GW252/13600,(1)停机过程,1,2025-06-30 13:48:26,2025-06-30 13:48:57,31,0.01
3373,L18,#30,GW252/13600,(4)启机状态,4,2025-06-30 13:43:26,2025-06-30 13:48:26,300,0.08
3374,L18,#30,GW252/13600,(3)待机状态,3,2025-06-30 13:28:34,2025-06-30 13:43:26,892,0.25
3375,L18,#30,GW252/13600,(2)停机状态,2,2025-06-30 13:28:33,2025-06-30 13:28:34,1,0
3376,L18,#30,GW252/13600,(1)停机过程,1,2025-06-30 13:27:38,2025-06-30 13:28:33,55,0.02
3377,L18,#30,GW252/13600,(5)发电状态,5,2025-06-30 10:55:21,2025-06-30 13:27:38,9137,2.54
3378,L18,#30,GW252/13600,(4)启机状态,4,2025-06-30 10:53:19,2025-06-30 10:55:21,122,0.03
3379,L18,#30,GW252/13600,(3)待机状态,3,2025-06-30 10:52:25,2025-06-30 10:53:19,54,0.02
3380,L18,#30,GW252/13600,(1)停机过程,1,2025-06-30 10:51:52,2025-06-30 10:52:25,33,0.01
3381,L18,#30,GW252/13600,(4)启机状态,4,2025-06-30 10:46:52,2025-06-30 10:51:52,300,0.08
3382,L18,#30,GW252/13600,(3)待机状态,3,2025-06-30 10:37:24,2025-06-30 10:46:52,568,0.16
3383,L18,#30,GW252/13600,(2)停机状态,2,2025-06-30 10:31:48,2025-06-30 10:37:24,336,0.09
3384,L18,#30,GW252/13600,(1)停机过程,1,2025-06-30 10:30:51,2025-06-30 10:31:48,57,0.02
3385,L18,#30,GW252/13600,(5)发电状态,5,2025-06-30 07:09:17,2025-06-30 10:30:51,12094,3.36
3386,L18,#30,GW252/13600,(4)启机状态,4,2025-06-30 07:07:40,2025-06-30 07:09:17,97,0.03
3387,L18,#30,GW252/13600,(3)待机状态,3,2025-06-30 07:06:49,2025-06-30 07:07:40,51,0.01
3388,L18,#30,GW252/13600,(2)停机状态,2,2025-06-30 07:06:48,2025-06-30 07:06:49,1,0
3389,L18,#30,GW252/13600,(1)停机过程,1,2025-06-30 07:05:55,2025-06-30 07:06:48,53,0.01
3390,L18,#30,GW252/13600,(4)启机状态,4,2025-06-30 07:00:55,2025-06-30 07:05:55,300,0.08
3391,L18,#30,GW252/13600,(3)待机状态,3,2025-06-30 06:59:42,2025-06-30 07:00:55,73,0.02
3392,L18,#30,GW252/13600,(2)停机状态,2,2025-06-30 06:59:41,2025-06-30 06:59:42,1,0
3393,L18,#30,GW252/13600,(1)停机过程,1,2025-06-30 06:58:48,2025-06-30 06:59:41,53,0.01
3394,L18,#30,GW252/13600,(4)启机状态,4,2025-06-30 06:53:46,2025-06-30 06:58:48,302,0.08
3395,L18,#30,GW252/13600,(3)待机状态,3,2025-06-30 06:44:36,2025-06-30 06:53:46,550,0.15
3396,L18,#30,GW252/13600,(2)停机状态,2,2025-06-30 06:42:48,2025-06-30 06:44:36,108,0.03
3397,L18,#30,GW252/13600,(1)停机过程,1,2025-06-30 06:41:51,2025-06-30 06:42:48,57,0.02
3398,L18,#30,GW252/13600,(5)发电状态,5,2025-06-30 02:52:13,2025-06-30 06:41:51,13778,3.83
3399,L18,#30,GW252/13600,(4)启机状态,4,2025-06-30 02:50:49,2025-06-30 02:52:13,84,0.02
3400,L18,#30,GW252/13600,(3)待机状态,3,2025-06-30 02:49:55,2025-06-30 02:50:49,54,0.02
3401,L18,#30,GW252/13600,(2)停机状态,2,2025-06-30 02:49:54,2025-06-30 02:49:55,1,0
3402,L18,#30,GW252/13600,(1)停机过程,1,2025-06-30 02:49:00,2025-06-30 02:49:54,54,0.02
3403,L18,#30,GW252/13600,(4)启机状态,4,2025-06-30 02:44:00,2025-06-30 02:49:00,300,0.08
3404,L18,#30,GW252/13600,(3)待机状态,3,2025-06-30 02:43:03,2025-06-30 02:44:00,57,0.02
3405,L18,#30,GW252/13600,(2)停机状态,2,2025-06-30 02:43:00,2025-06-30 02:43:03,3,0
3406,L18,#30,GW252/13600,(1)停机过程,1,2025-06-30 02:42:29,2025-06-30 02:43:00,31,0.01
3407,L18,#30,GW252/13600,(4)启机状态,4,2025-06-30 02:37:30,2025-06-30 02:42:29,299,0.08
3408,L18,#30,GW252/13600,(3)待机状态,3,2025-06-30 02:36:14,2025-06-30 02:37:30,76,0.02
3409,L18,#30,GW252/13600,(2)停机状态,2,2025-06-30 02:36:08,2025-06-30 02:36:14,6,0
3410,L18,#30,GW252/13600,(1)停机过程,1,2025-06-30 02:35:36,2025-06-30 02:36:08,32,0.01
3411,L18,#30,GW252/13600,(4)启机状态,4,2025-06-30 02:30:36,2025-06-30 02:35:36,300,0.08
3412,L18,#30,GW252/13600,(3)待机状态,3,2025-06-30 02:28:32,2025-06-30 02:30:36,124,0.03
3413,L18,#30,GW252/13600,(2)停机状态,2,2025-06-30 02:24:54,2025-06-30 02:28:32,218,0.06
3414,L18,#30,GW252/13600,(1)停机过程,1,2025-06-30 02:23:56,2025-06-30 02:24:54,58,0.02
3415,L18,#30,GW252/13600,(5)发电状态,5,2025-06-30 01:36:42,2025-06-30 02:23:56,2834,0.79
3416,L18,#30,GW252/13600,(4)启机状态,4,2025-06-30 01:32:27,2025-06-30 01:36:42,255,0.07
3417,L18,#30,GW252/13600,(3)待机状态,3,2025-06-30 01:31:15,2025-06-30 01:32:27,72,0.02
3418,L18,#30,GW252/13600,(2)停机状态,2,2025-06-30 01:30:17,2025-06-30 01:31:15,58,0.02
3419,L18,#30,GW252/13600,(1)停机过程,1,2025-06-30 01:29:20,2025-06-30 01:30:17,57,0.02
3420,L18,#30,GW252/13600,(5)发电状态,5,2025-06-30 00:52:43,2025-06-30 01:29:20,2197,0.61
3421,L18,#30,GW252/13600,(4)启机状态,4,2025-06-30 00:48:46,2025-06-30 00:52:43,237,0.07
3422,L18,#30,GW252/13600,(3)待机状态,3,2025-06-30 00:47:29,2025-06-30 00:48:46,77,0.02
3423,L18,#30,GW252/13600,(2)停机状态,2,2025-06-30 00:47:28,2025-06-30 00:47:29,1,0
3424,L18,#30,GW252/13600,(1)停机过程,1,2025-06-30 00:46:55,2025-06-30 00:47:28,33,0.01
3425,L18,#30,GW252/13600,(4)启机状态,4,2025-06-30 00:41:55,2025-06-30 00:46:55,300,0.08
3426,L18,#30,GW252/13600,(3)待机状态,3,2025-06-30 00:40:39,2025-06-30 00:41:55,76,0.02
3427,L18,#30,GW252/13600,(2)停机状态,2,2025-06-30 00:39:21,2025-06-30 00:40:39,78,0.02
3428,L18,#30,GW252/13600,(1)停机过程,1,2025-06-30 00:38:24,2025-06-30 00:39:21,57,0.02
3429,L18,#30,GW252/13600,(5)发电状态,5,2025-06-29 18:50:53,2025-06-30 00:38:24,20851,5.79
3430,L18,#30,GW252/13600,(4)启机状态,4,2025-06-29 18:45:56,2025-06-29 18:50:53,297,0.08
3431,L18,#30,GW252/13600,(3)待机状态,3,2025-06-29 18:44:55,2025-06-29 18:45:56,61,0.02
3432,L18,#30,GW252/13600,(2)停机状态,2,2025-06-29 18:44:54,2025-06-29 18:44:55,1,0
3433,L18,#30,GW252/13600,(1)停机过程,1,2025-06-29 18:44:21,2025-06-29 18:44:54,33,0.01
3434,L18,#30,GW252/13600,(4)启机状态,4,2025-06-29 18:39:21,2025-06-29 18:44:21,300,0.08
3435,L18,#30,GW252/13600,(3)待机状态,3,2025-06-29 18:38:09,2025-06-29 18:39:21,72,0.02
3436,L18,#30,GW252/13600,(1)停机过程,1,2025-06-29 18:37:38,2025-06-29 18:38:09,31,0.01
3437,L18,#30,GW252/13600,(4)启机状态,4,2025-06-29 18:32:38,2025-06-29 18:37:38,300,0.08
3438,L18,#30,GW252/13600,(3)待机状态,3,2025-06-29 18:31:26,2025-06-29 18:32:38,72,0.02
3439,L18,#30,GW252/13600,(2)停机状态,2,2025-06-29 18:31:25,2025-06-29 18:31:26,1,0
3440,L18,#30,GW252/13600,(1)停机过程,1,2025-06-29 18:30:53,2025-06-29 18:31:25,32,0.01
3441,L18,#30,GW252/13600,(4)启机状态,4,2025-06-29 18:25:53,2025-06-29 18:30:53,300,0.08
3442,L18,#30,GW252/13600,(3)待机状态,3,2025-06-29 18:24:46,2025-06-29 18:25:53,67,0.02
3443,L18,#30,GW252/13600,(2)停机状态,2,2025-06-29 18:24:45,2025-06-29 18:24:46,1,0
3444,L18,#30,GW252/13600,(1)停机过程,1,2025-06-29 18:24:14,2025-06-29 18:24:45,31,0.01
3445,L18,#30,GW252/13600,(4)启机状态,4,2025-06-29 18:19:14,2025-06-29 18:24:14,300,0.08
3446,L18,#30,GW252/13600,(3)待机状态,3,2025-06-29 18:15:58,2025-06-29 18:19:14,196,0.05
3447,L18,#30,GW252/13600,(2)停机状态,2,2025-06-29 18:15:57,2025-06-29 18:15:58,1,0
3448,L18,#30,GW252/13600,(1)停机过程,1,2025-06-29 18:15:26,2025-06-29 18:15:57,31,0.01
3449,L18,#30,GW252/13600,(4)启机状态,4,2025-06-29 18:10:25,2025-06-29 18:15:26,301,0.08
3450,L18,#30,GW252/13600,(3)待机状态,3,2025-06-29 18:08:51,2025-06-29 18:10:25,94,0.03
3451,L18,#30,GW252/13600,(2)停机状态,2,2025-06-29 18:08:49,2025-06-29 18:08:51,2,0
3452,L18,#30,GW252/13600,(1)停机过程,1,2025-06-29 18:08:18,2025-06-29 18:08:49,31,0.01
3453,L18,#30,GW252/13600,(4)启机状态,4,2025-06-29 18:03:18,2025-06-29 18:08:18,300,0.08
3454,L18,#30,GW252/13600,(3)待机状态,3,2025-06-29 18:01:08,2025-06-29 18:03:18,130,0.04
3455,L18,#30,GW252/13600,(2)停机状态,2,2025-06-29 18:01:07,2025-06-29 18:01:08,1,0
3456,L18,#30,GW252/13600,(1)停机过程,1,2025-06-29 18:00:36,2025-06-29 18:01:07,31,0.01
3457,L18,#30,GW252/13600,(4)启机状态,4,2025-06-29 17:55:36,2025-06-29 18:00:36,300,0.08
3458,L18,#30,GW252/13600,(3)待机状态,3,2025-06-29 17:54:16,2025-06-29 17:55:36,80,0.02
3459,L18,#30,GW252/13600,(2)停机状态,2,2025-06-29 17:54:15,2025-06-29 17:54:16,1,0
3460,L18,#30,GW252/13600,(1)停机过程,1,2025-06-29 17:53:43,2025-06-29 17:54:15,32,0.01
3461,L18,#30,GW252/13600,(4)启机状态,4,2025-06-29 17:48:42,2025-06-29 17:53:43,301,0.08
3462,L18,#30,GW252/13600,(3)待机状态,3,2025-06-29 17:47:34,2025-06-29 17:48:42,68,0.02
3463,L18,#30,GW252/13600,(2)停机状态,2,2025-06-29 17:47:31,2025-06-29 17:47:34,3,0
3464,L18,#30,GW252/13600,(1)停机过程,1,2025-06-29 17:47:01,2025-06-29 17:47:31,30,0.01
3465,L18,#30,GW252/13600,(4)启机状态,4,2025-06-29 17:42:01,2025-06-29 17:47:01,300,0.08
3466,L18,#30,GW252/13600,(3)待机状态,3,2025-06-29 17:41:00,2025-06-29 17:42:01,61,0.02
3467,L18,#30,GW252/13600,(2)停机状态,2,2025-06-29 17:40:58,2025-06-29 17:41:00,2,0
3468,L18,#30,GW252/13600,(1)停机过程,1,2025-06-29 17:40:27,2025-06-29 17:40:58,31,0.01
3469,L18,#30,GW252/13600,(4)启机状态,4,2025-06-29 17:35:27,2025-06-29 17:40:27,300,0.08
3470,L18,#30,GW252/13600,(3)待机状态,3,2025-06-29 17:34:29,2025-06-29 17:35:27,58,0.02
3471,L18,#30,GW252/13600,(2)停机状态,2,2025-06-29 17:34:28,2025-06-29 17:34:29,1,0
3472,L18,#30,GW252/13600,(1)停机过程,1,2025-06-29 17:33:56,2025-06-29 17:34:28,32,0.01
3473,L18,#30,GW252/13600,(4)启机状态,4,2025-06-29 17:28:56,2025-06-29 17:33:56,300,0.08
3474,L18,#30,GW252/13600,(3)待机状态,3,2025-06-29 17:27:39,2025-06-29 17:28:56,77,0.02
3475,L18,#30,GW252/13600,(2)停机状态,2,2025-06-29 17:26:32,2025-06-29 17:27:39,67,0.02
3476,L18,#30,GW252/13600,(1)停机过程,1,2025-06-29 17:26:01,2025-06-29 17:26:32,31,0.01
3477,L18,#30,GW252/13600,(4)启机状态,4,2025-06-29 17:21:00,2025-06-29 17:26:01,301,0.08
3478,L18,#30,GW252/13600,(3)待机状态,3,2025-06-29 17:17:57,2025-06-29 17:21:00,183,0.05
3479,L18,#30,GW252/13600,(2)停机状态,2,2025-06-29 17:17:51,2025-06-29 17:17:57,6,0
3480,L18,#30,GW252/13600,(1)停机过程,1,2025-06-29 17:17:20,2025-06-29 17:17:51,31,0.01
3481,L18,#30,GW252/13600,(4)启机状态,4,2025-06-29 17:12:20,2025-06-29 17:17:20,300,0.08
3482,L18,#30,GW252/13600,(3)待机状态,3,2025-06-29 17:10:28,2025-06-29 17:12:20,112,0.03
3483,L18,#30,GW252/13600,(2)停机状态,2,2025-06-29 17:09:06,2025-06-29 17:10:28,82,0.02
3484,L18,#30,GW252/13600,(1)停机过程,1,2025-06-29 17:08:09,2025-06-29 17:09:06,57,0.02
3485,L18,#30,GW252/13600,(5)发电状态,5,2025-06-29 16:57:23,2025-06-29 17:08:09,646,0.18
3486,L18,#30,GW252/13600,(4)启机状态,4,2025-06-29 16:55:04,2025-06-29 16:57:23,139,0.04
3487,L18,#30,GW252/13600,(3)待机状态,3,2025-06-29 16:53:44,2025-06-29 16:55:04,80,0.02
3488,L18,#30,GW252/13600,(2)停机状态,2,2025-06-29 16:53:19,2025-06-29 16:53:44,25,0.01
3489,L18,#30,GW252/13600,(1)停机过程,1,2025-06-29 16:52:47,2025-06-29 16:53:19,32,0.01
3490,L18,#30,GW252/13600,(4)启机状态,4,2025-06-29 16:47:47,2025-06-29 16:52:47,300,0.08
3491,L18,#30,GW252/13600,(3)待机状态,3,2025-06-29 16:46:38,2025-06-29 16:47:47,69,0.02
3492,L18,#30,GW252/13600,(2)停机状态,2,2025-06-29 16:46:37,2025-06-29 16:46:38,1,0
3493,L18,#30,GW252/13600,(1)停机过程,1,2025-06-29 16:46:06,2025-06-29 16:46:37,31,0.01
3494,L18,#30,GW252/13600,(4)启机状态,4,2025-06-29 16:41:06,2025-06-29 16:46:06,300,0.08
3495,L18,#30,GW252/13600,(3)待机状态,3,2025-06-29 16:39:59,2025-06-29 16:41:06,67,0.02
3496,L18,#30,GW252/13600,(2)停机状态,2,2025-06-29 16:39:57,2025-06-29 16:39:59,2,0
3497,L18,#30,GW252/13600,(1)停机过程,1,2025-06-29 16:39:25,2025-06-29 16:39:57,32,0.01
3498,L18,#30,GW252/13600,(4)启机状态,4,2025-06-29 16:34:25,2025-06-29 16:39:25,300,0.08
3499,L18,#30,GW252/13600,(3)待机状态,3,2025-06-29 16:31:15,2025-06-29 16:34:25,190,0.05
3500,L18,#30,GW252/13600,(1)停机过程,1,2025-06-29 16:30:18,2025-06-29 16:31:15,57,0.02
3501,L18,#30,GW252/13600,(5)发电状态,5,2025-06-29 13:23:34,2025-06-29 16:30:18,11204,3.11
3502,L18,#30,GW252/13600,(4)启机状态,4,2025-06-29 13:20:12,2025-06-29 13:23:34,202,0.06
3503,L18,#30,GW252/13600,(3)待机状态,3,2025-06-29 13:19:18,2025-06-29 13:20:12,54,0.02
3504,L18,#30,GW252/13600,(2)停机状态,2,2025-06-29 13:19:17,2025-06-29 13:19:18,1,0
3505,L18,#30,GW252/13600,(1)停机过程,1,2025-06-29 13:18:23,2025-06-29 13:19:17,54,0.02
3506,L18,#30,GW252/13600,(4)启机状态,4,2025-06-29 13:13:22,2025-06-29 13:18:23,301,0.08
3507,L18,#30,GW252/13600,(3)待机状态,3,2025-06-29 13:11:26,2025-06-29 13:13:22,116,0.03
3508,L18,#30,GW252/13600,(2)停机状态,2,2025-06-29 13:11:24,2025-06-29 13:11:26,2,0
3509,L18,#30,GW252/13600,(1)停机过程,1,2025-06-29 13:10:52,2025-06-29 13:11:24,32,0.01
3510,L18,#30,GW252/13600,(4)启机状态,4,2025-06-29 13:05:52,2025-06-29 13:10:52,300,0.08
3511,L18,#30,GW252/13600,(3)待机状态,3,2025-06-29 13:04:38,2025-06-29 13:05:52,74,0.02
3512,L18,#30,GW252/13600,(2)停机状态,2,2025-06-29 13:04:37,2025-06-29 13:04:38,1,0
3513,L18,#30,GW252/13600,(1)停机过程,1,2025-06-29 13:04:05,2025-06-29 13:04:37,32,0.01
3514,L18,#30,GW252/13600,(4)启机状态,4,2025-06-29 12:59:05,2025-06-29 13:04:05,300,0.08
3515,L18,#30,GW252/13600,(3)待机状态,3,2025-06-29 12:56:44,2025-06-29 12:59:05,141,0.04
3516,L18,#30,GW252/13600,(2)停机状态,2,2025-06-29 12:54:14,2025-06-29 12:56:44,150,0.04
3517,L18,#30,GW252/13600,(1)停机过程,1,2025-06-29 12:53:43,2025-06-29 12:54:14,31,0.01
3518,L18,#30,GW252/13600,(4)启机状态,4,2025-06-29 12:48:43,2025-06-29 12:53:43,300,0.08
3519,L18,#30,GW252/13600,(3)待机状态,3,2025-06-29 12:47:14,2025-06-29 12:48:43,89,0.02
3520,L18,#30,GW252/13600,(2)停机状态,2,2025-06-29 12:45:26,2025-06-29 12:47:14,108,0.03
3521,L18,#30,GW252/13600,(1)停机过程,1,2025-06-29 12:44:29,2025-06-29 12:45:26,57,0.02
3522,L18,#30,GW252/13600,(5)发电状态,5,2025-06-29 12:18:44,2025-06-29 12:44:29,1545,0.43
3523,L18,#30,GW252/13600,(4)启机状态,4,2025-06-29 12:15:37,2025-06-29 12:18:44,187,0.05
3524,L18,#30,GW252/13600,(3)待机状态,3,2025-06-29 12:13:45,2025-06-29 12:15:37,112,0.03
3525,L18,#30,GW252/13600,(2)停机状态,2,2025-06-29 12:13:44,2025-06-29 12:13:45,1,0
3526,L18,#30,GW252/13600,(1)停机过程,1,2025-06-29 12:13:12,2025-06-29 12:13:44,32,0.01
3527,L18,#30,GW252/13600,(4)启机状态,4,2025-06-29 12:08:12,2025-06-29 12:13:12,300,0.08
3528,L18,#30,GW252/13600,(3)待机状态,3,2025-06-29 11:51:09,2025-06-29 12:08:12,1023,0.28
3529,L18,#30,GW252/13600,(2)停机状态,2,2025-06-29 11:46:05,2025-06-29 11:51:09,304,0.08
3530,L18,#30,GW252/13600,(1)停机过程,1,2025-06-29 11:45:33,2025-06-29 11:46:05,32,0.01
3531,L18,#30,GW252/13600,(4)启机状态,4,2025-06-29 11:40:33,2025-06-29 11:45:33,300,0.08
3532,L18,#30,GW252/13600,(3)待机状态,3,2025-06-29 11:38:00,2025-06-29 11:40:33,153,0.04
3533,L18,#30,GW252/13600,(1)停机过程,1,2025-06-29 11:37:28,2025-06-29 11:38:00,32,0.01
3534,L18,#30,GW252/13600,(4)启机状态,4,2025-06-29 11:32:28,2025-06-29 11:37:28,300,0.08
3535,L18,#30,GW252/13600,(3)待机状态,3,2025-06-29 11:27:54,2025-06-29 11:32:28,274,0.08
3536,L18,#30,GW252/13600,(2)停机状态,2,2025-06-29 11:27:53,2025-06-29 11:27:54,1,0
3537,L18,#30,GW252/13600,(1)停机过程,1,2025-06-29 11:27:21,2025-06-29 11:27:53,32,0.01
3538,L18,#30,GW252/13600,(4)启机状态,4,2025-06-29 11:22:21,2025-06-29 11:27:21,300,0.08
3539,L18,#30,GW252/13600,(3)待机状态,3,2025-06-29 11:16:26,2025-06-29 11:22:21,355,0.1
3540,L18,#30,GW252/13600,(2)停机状态,2,2025-06-29 11:16:24,2025-06-29 11:16:26,2,0
3541,L18,#30,GW252/13600,(1)停机过程,1,2025-06-29 11:15:54,2025-06-29 11:16:24,30,0.01
3542,L18,#30,GW252/13600,(4)启机状态,4,2025-06-29 11:10:52,2025-06-29 11:15:54,302,0.08
3543,L18,#30,GW252/13600,(3)待机状态,3,2025-06-29 11:06:58,2025-06-29 11:10:52,234,0.07
3544,L18,#30,GW252/13600,(2)停机状态,2,2025-06-29 11:03:56,2025-06-29 11:06:58,182,0.05
3545,L18,#30,GW252/13600,(1)停机过程,1,2025-06-29 11:02:58,2025-06-29 11:03:56,58,0.02
3546,L18,#30,GW252/13600,(5)发电状态,5,2025-06-28 17:46:58,2025-06-29 11:02:58,62160,17.27
3547,L18,#30,GW252/13600,(4)启机状态,4,2025-06-28 17:42:38,2025-06-28 17:46:58,260,0.07
3548,L18,#30,GW252/13600,(3)待机状态,3,2025-06-28 17:41:38,2025-06-28 17:42:38,60,0.02
3549,L18,#30,GW252/13600,(2)停机状态,2,2025-06-28 17:41:36,2025-06-28 17:41:38,2,0
3550,L18,#30,GW252/13600,(1)停机过程,1,2025-06-28 17:41:04,2025-06-28 17:41:36,32,0.01
3551,L18,#30,GW252/13600,(4)启机状态,4,2025-06-28 17:36:05,2025-06-28 17:41:04,299,0.08
3552,L18,#30,GW252/13600,(3)待机状态,3,2025-06-28 17:28:52,2025-06-28 17:36:05,433,0.12
3553,L18,#30,GW252/13600,(2)停机状态,2,2025-06-28 17:26:03,2025-06-28 17:28:52,169,0.05
3554,L18,#30,GW252/13600,(1)停机过程,1,2025-06-28 17:25:32,2025-06-28 17:26:03,31,0.01
3555,L18,#30,GW252/13600,(4)启机状态,4,2025-06-28 17:20:32,2025-06-28 17:25:32,300,0.08
3556,L18,#30,GW252/13600,(3)待机状态,3,2025-06-28 17:15:11,2025-06-28 17:20:32,321,0.09
3557,L18,#30,GW252/13600,(2)停机状态,2,2025-06-28 17:15:10,2025-06-28 17:15:11,1,0
3558,L18,#30,GW252/13600,(1)停机过程,1,2025-06-28 17:14:39,2025-06-28 17:15:10,31,0.01
3559,L18,#30,GW252/13600,(4)启机状态,4,2025-06-28 17:09:39,2025-06-28 17:14:39,300,0.08
3560,L18,#30,GW252/13600,(3)待机状态,3,2025-06-28 17:06:21,2025-06-28 17:09:39,198,0.06
3561,L18,#30,GW252/13600,(2)停机状态,2,2025-06-28 17:04:28,2025-06-28 17:06:21,113,0.03
3562,L18,#30,GW252/13600,(1)停机过程,1,2025-06-28 17:03:56,2025-06-28 17:04:28,32,0.01
3563,L18,#30,GW252/13600,(4)启机状态,4,2025-06-28 16:58:56,2025-06-28 17:03:56,300,0.08
3564,L18,#30,GW252/13600,(3)待机状态,3,2025-06-28 16:55:36,2025-06-28 16:58:56,200,0.06
3565,L18,#30,GW252/13600,(2)停机状态,2,2025-06-28 16:50:44,2025-06-28 16:55:36,292,0.08
3566,L18,#30,GW252/13600,(1)停机过程,1,2025-06-28 16:50:14,2025-06-28 16:50:44,30,0.01
3567,L18,#30,GW252/13600,(4)启机状态,4,2025-06-28 16:45:13,2025-06-28 16:50:14,301,0.08
3568,L18,#30,GW252/13600,(3)待机状态,3,2025-06-28 16:43:52,2025-06-28 16:45:13,81,0.02
3569,L18,#30,GW252/13600,(2)停机状态,2,2025-06-28 16:43:50,2025-06-28 16:43:52,2,0
3570,L18,#30,GW252/13600,(1)停机过程,1,2025-06-28 16:43:17,2025-06-28 16:43:50,33,0.01
3571,L18,#30,GW252/13600,(4)启机状态,4,2025-06-28 16:38:17,2025-06-28 16:43:17,300,0.08
3572,L18,#30,GW252/13600,(3)待机状态,3,2025-06-28 16:32:51,2025-06-28 16:38:17,326,0.09
3573,L18,#30,GW252/13600,(2)停机状态,2,2025-06-28 16:30:51,2025-06-28 16:32:51,120,0.03
3574,L18,#30,GW252/13600,(1)停机过程,1,2025-06-28 16:29:53,2025-06-28 16:30:51,58,0.02
3575,L18,#30,GW252/13600,(5)发电状态,5,2025-06-28 15:39:37,2025-06-28 16:29:53,3016,0.84
3576,L18,#30,GW252/13600,(4)启机状态,4,2025-06-28 15:36:59,2025-06-28 15:39:37,158,0.04
3577,L18,#30,GW252/13600,(3)待机状态,3,2025-06-28 15:26:34,2025-06-28 15:36:59,625,0.17
3578,L18,#30,GW252/13600,(2)停机状态,2,2025-06-28 15:26:30,2025-06-28 15:26:34,4,0
3579,L18,#30,GW252/13600,(1)停机过程,1,2025-06-28 15:25:58,2025-06-28 15:26:30,32,0.01
3580,L18,#30,GW252/13600,(4)启机状态,4,2025-06-28 15:20:58,2025-06-28 15:25:58,300,0.08
3581,L18,#30,GW252/13600,(3)待机状态,3,2025-06-28 15:13:13,2025-06-28 15:20:58,465,0.13
3582,L18,#30,GW252/13600,(2)停机状态,2,2025-06-28 15:11:55,2025-06-28 15:13:13,78,0.02
3583,L18,#30,GW252/13600,(1)停机过程,1,2025-06-28 15:11:23,2025-06-28 15:11:55,32,0.01
3584,L18,#30,GW252/13600,(4)启机状态,4,2025-06-28 15:06:23,2025-06-28 15:11:23,300,0.08
3585,L18,#30,GW252/13600,(3)待机状态,3,2025-06-28 15:04:23,2025-06-28 15:06:23,120,0.03
3586,L18,#30,GW252/13600,(2)停机状态,2,2025-06-28 15:03:50,2025-06-28 15:04:23,33,0.01
3587,L18,#30,GW252/13600,(1)停机过程,1,2025-06-28 15:03:18,2025-06-28 15:03:50,32,0.01
3588,L18,#30,GW252/13600,(4)启机状态,4,2025-06-28 14:58:16,2025-06-28 15:03:18,302,0.08
3589,L18,#30,GW252/13600,(3)待机状态,3,2025-06-28 14:47:30,2025-06-28 14:58:16,646,0.18
3590,L18,#30,GW252/13600,(2)停机状态,2,2025-06-28 14:47:29,2025-06-28 14:47:30,1,0
3591,L18,#30,GW252/13600,(1)停机过程,1,2025-06-28 14:46:57,2025-06-28 14:47:29,32,0.01
3592,L18,#30,GW252/13600,(4)启机状态,4,2025-06-28 14:41:57,2025-06-28 14:46:57,300,0.08
3593,L18,#30,GW252/13600,(3)待机状态,3,2025-06-28 14:35:39,2025-06-28 14:41:57,378,0.11
3594,L18,#30,GW252/13600,(2)停机状态,2,2025-06-28 14:35:38,2025-06-28 14:35:39,1,0
3595,L18,#30,GW252/13600,(1)停机过程,1,2025-06-28 14:35:05,2025-06-28 14:35:38,33,0.01
3596,L18,#30,GW252/13600,(4)启机状态,4,2025-06-28 14:30:06,2025-06-28 14:35:05,299,0.08
3597,L18,#30,GW252/13600,(3)待机状态,3,2025-06-28 14:28:50,2025-06-28 14:30:06,76,0.02
3598,L18,#30,GW252/13600,(1)停机过程,1,2025-06-28 14:28:18,2025-06-28 14:28:50,32,0.01
3599,L18,#30,GW252/13600,(4)启机状态,4,2025-06-28 14:23:18,2025-06-28 14:28:18,300,0.08
3600,L18,#30,GW252/13600,(3)待机状态,3,2025-06-28 14:22:22,2025-06-28 14:23:18,56,0.02
3601,L18,#30,GW252/13600,(2)停机状态,2,2025-06-28 14:22:21,2025-06-28 14:22:22,1,0
3602,L18,#30,GW252/13600,(1)停机过程,1,2025-06-28 14:21:48,2025-06-28 14:22:21,33,0.01
3603,L18,#30,GW252/13600,(4)启机状态,4,2025-06-28 14:16:49,2025-06-28 14:21:48,299,0.08
3604,L18,#30,GW252/13600,(3)待机状态,3,2025-06-28 14:15:49,2025-06-28 14:16:49,60,0.02
3605,L18,#30,GW252/13600,(2)停机状态,2,2025-06-28 14:15:48,2025-06-28 14:15:49,1,0
3606,L18,#30,GW252/13600,(1)停机过程,1,2025-06-28 14:14:56,2025-06-28 14:15:48,52,0.01
3607,L18,#30,GW252/13600,(4)启机状态,4,2025-06-28 14:09:56,2025-06-28 14:14:56,300,0.08
3608,L18,#30,GW252/13600,(3)待机状态,3,2025-06-28 14:08:35,2025-06-28 14:09:56,81,0.02
3609,L18,#30,GW252/13600,(2)停机状态,2,2025-06-28 14:08:33,2025-06-28 14:08:35,2,0
3610,L18,#30,GW252/13600,(1)停机过程,1,2025-06-28 14:08:02,2025-06-28 14:08:33,31,0.01
3611,L18,#30,GW252/13600,(4)启机状态,4,2025-06-28 14:03:02,2025-06-28 14:08:02,300,0.08
3612,L18,#30,GW252/13600,(3)待机状态,3,2025-06-28 13:57:30,2025-06-28 14:03:02,332,0.09
3613,L18,#30,GW252/13600,(2)停机状态,2,2025-06-28 13:57:28,2025-06-28 13:57:30,2,0
3614,L18,#30,GW252/13600,(1)停机过程,1,2025-06-28 13:56:56,2025-06-28 13:57:28,32,0.01
3615,L18,#30,GW252/13600,(4)启机状态,4,2025-06-28 13:51:56,2025-06-28 13:56:56,300,0.08
3616,L18,#30,GW252/13600,(3)待机状态,3,2025-06-28 12:47:10,2025-06-28 13:51:56,3886,1.08
3617,L18,#30,GW252/13600,(2)停机状态,2,2025-06-28 12:47:08,2025-06-28 12:47:10,2,0
3618,L18,#30,GW252/13600,(1)停机过程,1,2025-06-28 12:46:36,2025-06-28 12:47:08,32,0.01
3619,L18,#30,GW252/13600,(4)启机状态,4,2025-06-28 12:41:36,2025-06-28 12:46:36,300,0.08
3620,L18,#30,GW252/13600,(3)待机状态,3,2025-06-28 12:30:50,2025-06-28 12:41:36,646,0.18
3621,L18,#30,GW252/13600,(1)停机过程,1,2025-06-28 12:30:18,2025-06-28 12:30:50,32,0.01
3622,L18,#30,GW252/13600,(4)启机状态,4,2025-06-28 12:25:18,2025-06-28 12:30:18,300,0.08
3623,L18,#30,GW252/13600,(3)待机状态,3,2025-06-28 12:22:34,2025-06-28 12:25:18,164,0.05
3624,L18,#30,GW252/13600,(2)停机状态,2,2025-06-28 12:22:32,2025-06-28 12:22:34,2,0
3625,L18,#30,GW252/13600,(1)停机过程,1,2025-06-28 12:22:01,2025-06-28 12:22:32,31,0.01
3626,L18,#30,GW252/13600,(4)启机状态,4,2025-06-28 12:17:00,2025-06-28 12:22:01,301,0.08
3627,L18,#30,GW252/13600,(3)待机状态,3,2025-06-28 12:13:59,2025-06-28 12:17:00,181,0.05
3628,L18,#30,GW252/13600,(2)停机状态,2,2025-06-28 12:13:57,2025-06-28 12:13:59,2,0
3629,L18,#30,GW252/13600,(1)停机过程,1,2025-06-28 12:13:26,2025-06-28 12:13:57,31,0.01
3630,L18,#30,GW252/13600,(4)启机状态,4,2025-06-28 12:08:26,2025-06-28 12:13:26,300,0.08
3631,L18,#30,GW252/13600,(3)待机状态,3,2025-06-28 12:05:55,2025-06-28 12:08:26,151,0.04
3632,L18,#30,GW252/13600,(2)停机状态,2,2025-06-28 12:05:54,2025-06-28 12:05:55,1,0
3633,L18,#30,GW252/13600,(1)停机过程,1,2025-06-28 12:05:21,2025-06-28 12:05:54,33,0.01
3634,L18,#30,GW252/13600,(4)启机状态,4,2025-06-28 12:00:23,2025-06-28 12:05:21,298,0.08
3635,L18,#30,GW252/13600,(3)待机状态,3,2025-06-28 11:59:21,2025-06-28 12:00:23,62,0.02
3636,L18,#30,GW252/13600,(1)停机过程,1,2025-06-28 11:58:50,2025-06-28 11:59:21,31,0.01
3637,L18,#30,GW252/13600,(4)启机状态,4,2025-06-28 11:53:49,2025-06-28 11:58:50,301,0.08
3638,L18,#30,GW252/13600,(3)待机状态,3,2025-06-28 11:52:33,2025-06-28 11:53:49,76,0.02
3639,L18,#30,GW252/13600,(2)停机状态,2,2025-06-28 11:52:31,2025-06-28 11:52:33,2,0
3640,L18,#30,GW252/13600,(1)停机过程,1,2025-06-28 11:52:00,2025-06-28 11:52:31,31,0.01
3641,L18,#30,GW252/13600,(4)启机状态,4,2025-06-28 11:47:00,2025-06-28 11:52:00,300,0.08
3642,L18,#30,GW252/13600,(3)待机状态,3,2025-06-28 11:45:54,2025-06-28 11:47:00,66,0.02
3643,L18,#30,GW252/13600,(2)停机状态,2,2025-06-28 11:44:29,2025-06-28 11:45:54,85,0.02
3644,L18,#30,GW252/13600,(1)停机过程,1,2025-06-28 11:43:57,2025-06-28 11:44:29,32,0.01
3645,L18,#30,GW252/13600,(4)启机状态,4,2025-06-28 11:38:57,2025-06-28 11:43:57,300,0.08
3646,L18,#30,GW252/13600,(3)待机状态,3,2025-06-28 11:37:38,2025-06-28 11:38:57,79,0.02
3647,L18,#30,GW252/13600,(2)停机状态,2,2025-06-28 11:37:37,2025-06-28 11:37:38,1,0
3648,L18,#30,GW252/13600,(1)停机过程,1,2025-06-28 11:37:06,2025-06-28 11:37:37,31,0.01
3649,L18,#30,GW252/13600,(4)启机状态,4,2025-06-28 11:32:05,2025-06-28 11:37:06,301,0.08
3650,L18,#30,GW252/13600,(3)待机状态,3,2025-06-28 11:31:04,2025-06-28 11:32:05,61,0.02
3651,L18,#30,GW252/13600,(1)停机过程,1,2025-06-28 11:30:31,2025-06-28 11:31:04,33,0.01
3652,L18,#30,GW252/13600,(4)启机状态,4,2025-06-28 11:25:31,2025-06-28 11:30:31,300,0.08
3653,L18,#30,GW252/13600,(3)待机状态,3,2025-06-28 11:24:15,2025-06-28 11:25:31,76,0.02
3654,L18,#30,GW252/13600,(2)停机状态,2,2025-06-28 11:24:14,2025-06-28 11:24:15,1,0
3655,L18,#30,GW252/13600,(1)停机过程,1,2025-06-28 11:23:43,2025-06-28 11:24:14,31,0.01
3656,L18,#30,GW252/13600,(4)启机状态,4,2025-06-28 11:18:43,2025-06-28 11:23:43,300,0.08
3657,L18,#30,GW252/13600,(3)待机状态,3,2025-06-28 11:17:36,2025-06-28 11:18:43,67,0.02
3658,L18,#30,GW252/13600,(2)停机状态,2,2025-06-28 11:17:35,2025-06-28 11:17:36,1,0
3659,L18,#30,GW252/13600,(1)停机过程,1,2025-06-28 11:17:03,2025-06-28 11:17:35,32,0.01
3660,L18,#30,GW252/13600,(4)启机状态,4,2025-06-28 11:12:04,2025-06-28 11:17:03,299,0.08
3661,L18,#30,GW252/13600,(3)待机状态,3,2025-06-28 11:10:57,2025-06-28 11:12:04,67,0.02
3662,L18,#30,GW252/13600,(2)停机状态,2,2025-06-28 11:10:55,2025-06-28 11:10:57,2,0
3663,L18,#30,GW252/13600,(1)停机过程,1,2025-06-28 11:10:22,2025-06-28 11:10:55,33,0.01
3664,L18,#30,GW252/13600,(4)启机状态,4,2025-06-28 11:05:22,2025-06-28 11:10:22,300,0.08
3665,L18,#30,GW252/13600,(3)待机状态,3,2025-06-28 11:01:09,2025-06-28 11:05:22,253,0.07
3666,L18,#30,GW252/13600,(1)停机过程,1,2025-06-28 11:00:36,2025-06-28 11:01:09,33,0.01
3667,L18,#30,GW252/13600,(4)启机状态,4,2025-06-28 10:55:36,2025-06-28 11:00:36,300,0.08
3668,L18,#30,GW252/13600,(3)待机状态,3,2025-06-28 10:35:18,2025-06-28 10:55:36,1218,0.34
3669,L18,#30,GW252/13600,(2)停机状态,2,2025-06-28 10:35:17,2025-06-28 10:35:18,1,0
3670,L18,#30,GW252/13600,(1)停机过程,1,2025-06-28 10:34:44,2025-06-28 10:35:17,33,0.01
3671,L18,#30,GW252/13600,(4)启机状态,4,2025-06-28 10:29:45,2025-06-28 10:34:44,299,0.08
3672,L18,#30,GW252/13600,(3)待机状态,3,2025-06-28 10:21:10,2025-06-28 10:29:45,515,0.14
3673,L18,#30,GW252/13600,(2)停机状态,2,2025-06-28 10:21:08,2025-06-28 10:21:10,2,0
3674,L18,#30,GW252/13600,(1)停机过程,1,2025-06-28 10:20:36,2025-06-28 10:21:08,32,0.01
3675,L18,#30,GW252/13600,(4)启机状态,4,2025-06-28 10:15:35,2025-06-28 10:20:36,301,0.08
3676,L18,#30,GW252/13600,(3)待机状态,3,2025-06-28 09:54:45,2025-06-28 10:15:35,1250,0.35
3677,L18,#30,GW252/13600,(2)停机状态,2,2025-06-28 09:53:43,2025-06-28 09:54:45,62,0.02
3678,L18,#30,GW252/13600,(1)停机过程,1,2025-06-28 09:53:12,2025-06-28 09:53:43,31,0.01
3679,L18,#30,GW252/13600,(4)启机状态,4,2025-06-28 09:48:12,2025-06-28 09:53:12,300,0.08
3680,L18,#30,GW252/13600,(3)待机状态,3,2025-06-28 09:46:43,2025-06-28 09:48:12,89,0.02
3681,L18,#30,GW252/13600,(2)停机状态,2,2025-06-28 09:46:41,2025-06-28 09:46:43,2,0
3682,L18,#30,GW252/13600,(1)停机过程,1,2025-06-28 09:46:10,2025-06-28 09:46:41,31,0.01
3683,L18,#30,GW252/13600,(4)启机状态,4,2025-06-28 09:41:10,2025-06-28 09:46:10,300,0.08
3684,L18,#30,GW252/13600,(3)待机状态,3,2025-06-28 09:39:47,2025-06-28 09:41:10,83,0.02
3685,L18,#30,GW252/13600,(2)停机状态,2,2025-06-28 09:39:44,2025-06-28 09:39:47,3,0
3686,L18,#30,GW252/13600,(1)停机过程,1,2025-06-28 09:39:12,2025-06-28 09:39:44,32,0.01
3687,L18,#30,GW252/13600,(4)启机状态,4,2025-06-28 09:34:13,2025-06-28 09:39:12,299,0.08
3688,L18,#30,GW252/13600,(3)待机状态,3,2025-06-28 09:32:56,2025-06-28 09:34:13,77,0.02
3689,L18,#30,GW252/13600,(2)停机状态,2,2025-06-28 09:32:55,2025-06-28 09:32:56,1,0
3690,L18,#30,GW252/13600,(1)停机过程,1,2025-06-28 09:32:23,2025-06-28 09:32:55,32,0.01
3691,L18,#30,GW252/13600,(4)启机状态,4,2025-06-28 09:27:23,2025-06-28 09:32:23,300,0.08
3692,L18,#30,GW252/13600,(3)待机状态,3,2025-06-28 09:25:59,2025-06-28 09:27:23,84,0.02
3693,L18,#30,GW252/13600,(2)停机状态,2,2025-06-28 09:24:42,2025-06-28 09:25:59,77,0.02
3694,L18,#30,GW252/13600,(1)停机过程,1,2025-06-28 09:24:11,2025-06-28 09:24:42,31,0.01
3695,L18,#30,GW252/13600,(4)启机状态,4,2025-06-28 09:19:11,2025-06-28 09:24:11,300,0.08
3696,L18,#30,GW252/13600,(3)待机状态,3,2025-06-28 09:17:16,2025-06-28 09:19:11,115,0.03
3697,L18,#30,GW252/13600,(2)停机状态,2,2025-06-28 09:17:14,2025-06-28 09:17:16,2,0
3698,L18,#30,GW252/13600,(1)停机过程,1,2025-06-28 09:16:43,2025-06-28 09:17:14,31,0.01
3699,L18,#30,GW252/13600,(4)启机状态,4,2025-06-28 09:11:42,2025-06-28 09:16:43,301,0.08
3700,L18,#30,GW252/13600,(3)待机状态,3,2025-06-28 09:09:11,2025-06-28 09:11:42,151,0.04
3701,L18,#30,GW252/13600,(2)停机状态,2,2025-06-28 09:09:09,2025-06-28 09:09:11,2,0
3702,L18,#30,GW252/13600,(1)停机过程,1,2025-06-28 09:08:39,2025-06-28 09:09:09,30,0.01
3703,L18,#30,GW252/13600,(4)启机状态,4,2025-06-28 09:03:38,2025-06-28 09:08:39,301,0.08
3704,L18,#30,GW252/13600,(3)待机状态,3,2025-06-28 09:01:59,2025-06-28 09:03:38,99,0.03
3705,L18,#30,GW252/13600,(1)停机过程,1,2025-06-28 09:01:27,2025-06-28 09:01:59,32,0.01
3706,L18,#30,GW252/13600,(4)启机状态,4,2025-06-28 08:56:27,2025-06-28 09:01:27,300,0.08
3707,L18,#30,GW252/13600,(3)待机状态,3,2025-06-28 08:55:13,2025-06-28 08:56:27,74,0.02
3708,L18,#30,GW252/13600,(2)停机状态,2,2025-06-28 08:55:12,2025-06-28 08:55:13,1,0
3709,L18,#30,GW252/13600,(1)停机过程,1,2025-06-28 08:54:40,2025-06-28 08:55:12,32,0.01
3710,L18,#30,GW252/13600,(4)启机状态,4,2025-06-28 08:49:39,2025-06-28 08:54:40,301,0.08
3711,L18,#30,GW252/13600,(3)待机状态,3,2025-06-28 08:47:12,2025-06-28 08:49:39,147,0.04
3712,L18,#30,GW252/13600,(2)停机状态,2,2025-06-28 08:45:47,2025-06-28 08:47:12,85,0.02
3713,L18,#30,GW252/13600,(1)停机过程,1,2025-06-28 08:45:16,2025-06-28 08:45:47,31,0.01
3714,L18,#30,GW252/13600,(4)启机状态,4,2025-06-28 08:40:15,2025-06-28 08:45:16,301,0.08
3715,L18,#30,GW252/13600,(3)待机状态,3,2025-06-28 08:15:49,2025-06-28 08:40:15,1466,0.41
3716,L18,#30,GW252/13600,(2)停机状态,2,2025-06-28 08:15:46,2025-06-28 08:15:49,3,0
3717,L18,#30,GW252/13600,(1)停机过程,1,2025-06-28 08:15:14,2025-06-28 08:15:46,32,0.01
3718,L18,#30,GW252/13600,(4)启机状态,4,2025-06-28 08:10:14,2025-06-28 08:15:14,300,0.08
3719,L18,#30,GW252/13600,(3)待机状态,3,2025-06-28 07:46:03,2025-06-28 08:10:14,1451,0.4
3720,L18,#30,GW252/13600,(2)停机状态,2,2025-06-28 07:43:47,2025-06-28 07:46:03,136,0.04
3721,L18,#30,GW252/13600,(1)停机过程,1,2025-06-28 07:42:49,2025-06-28 07:43:47,58,0.02
3722,L18,#30,GW252/13600,(5)发电状态,5,2025-06-28 05:19:51,2025-06-28 07:42:49,8578,2.38
3723,L18,#30,GW252/13600,(4)启机状态,4,2025-06-28 05:17:36,2025-06-28 05:19:51,135,0.04
3724,L18,#30,GW252/13600,(3)待机状态,3,2025-06-28 05:14:31,2025-06-28 05:17:36,185,0.05
3725,L18,#30,GW252/13600,(2)停机状态,2,2025-06-28 05:13:41,2025-06-28 05:14:31,50,0.01
3726,L18,#30,GW252/13600,(1)停机过程,1,2025-06-28 05:12:45,2025-06-28 05:13:41,56,0.02
3727,L18,#30,GW252/13600,(5)发电状态,5,2025-06-28 04:43:27,2025-06-28 05:12:45,1758,0.49
3728,L18,#30,GW252/13600,(4)启机状态,4,2025-06-28 04:39:00,2025-06-28 04:43:27,267,0.07
3729,L18,#30,GW252/13600,(3)待机状态,3,2025-06-28 04:37:54,2025-06-28 04:39:00,66,0.02
3730,L18,#30,GW252/13600,(2)停机状态,2,2025-06-28 04:37:25,2025-06-28 04:37:54,29,0.01
3731,L18,#30,GW252/13600,(1)停机过程,1,2025-06-28 04:36:54,2025-06-28 04:37:25,31,0.01
3732,L18,#30,GW252/13600,(4)启机状态,4,2025-06-28 04:31:54,2025-06-28 04:36:54,300,0.08
3733,L18,#30,GW252/13600,(3)待机状态,3,2025-06-28 04:30:11,2025-06-28 04:31:54,103,0.03
3734,L18,#30,GW252/13600,(2)停机状态,2,2025-06-28 04:30:10,2025-06-28 04:30:11,1,0
3735,L18,#30,GW252/13600,(1)停机过程,1,2025-06-28 04:29:40,2025-06-28 04:30:10,30,0.01
3736,L18,#30,GW252/13600,(4)启机状态,4,2025-06-28 04:24:40,2025-06-28 04:29:40,300,0.08
3737,L18,#30,GW252/13600,(3)待机状态,3,2025-06-28 04:23:10,2025-06-28 04:24:40,90,0.03
3738,L18,#30,GW252/13600,(2)停机状态,2,2025-06-28 04:23:08,2025-06-28 04:23:10,2,0
3739,L18,#30,GW252/13600,(1)停机过程,1,2025-06-28 04:22:36,2025-06-28 04:23:08,32,0.01
3740,L18,#30,GW252/13600,(4)启机状态,4,2025-06-28 04:17:36,2025-06-28 04:22:36,300,0.08
3741,L18,#30,GW252/13600,(3)待机状态,3,2025-06-28 04:16:30,2025-06-28 04:17:36,66,0.02
3742,L18,#30,GW252/13600,(2)停机状态,2,2025-06-28 04:16:28,2025-06-28 04:16:30,2,0
3743,L18,#30,GW252/13600,(1)停机过程,1,2025-06-28 04:15:56,2025-06-28 04:16:28,32,0.01
3744,L18,#30,GW252/13600,(4)启机状态,4,2025-06-28 04:10:56,2025-06-28 04:15:56,300,0.08
3745,L18,#30,GW252/13600,(3)待机状态,3,2025-06-28 04:09:46,2025-06-28 04:10:56,70,0.02
3746,L18,#30,GW252/13600,(2)停机状态,2,2025-06-28 04:09:45,2025-06-28 04:09:46,1,0
3747,L18,#30,GW252/13600,(1)停机过程,1,2025-06-28 04:09:13,2025-06-28 04:09:45,32,0.01
3748,L18,#30,GW252/13600,(4)启机状态,4,2025-06-28 04:04:13,2025-06-28 04:09:13,300,0.08
3749,L18,#30,GW252/13600,(3)待机状态,3,2025-06-28 04:02:55,2025-06-28 04:04:13,78,0.02
3750,L18,#30,GW252/13600,(2)停机状态,2,2025-06-28 04:02:53,2025-06-28 04:02:55,2,0
3751,L18,#30,GW252/13600,(1)停机过程,1,2025-06-28 04:02:20,2025-06-28 04:02:53,33,0.01
3752,L18,#30,GW252/13600,(4)启机状态,4,2025-06-28 03:57:21,2025-06-28 04:02:20,299,0.08
3753,L18,#30,GW252/13600,(3)待机状态,3,2025-06-28 03:56:14,2025-06-28 03:57:21,67,0.02
3754,L18,#30,GW252/13600,(1)停机过程,1,2025-06-28 03:55:42,2025-06-28 03:56:14,32,0.01
3755,L18,#30,GW252/13600,(4)启机状态,4,2025-06-28 03:50:42,2025-06-28 03:55:42,300,0.08
3756,L18,#30,GW252/13600,(3)待机状态,3,2025-06-28 03:49:46,2025-06-28 03:50:42,56,0.02
3757,L18,#30,GW252/13600,(2)停机状态,2,2025-06-28 03:49:45,2025-06-28 03:49:46,1,0
3758,L18,#30,GW252/13600,(1)停机过程,1,2025-06-28 03:49:13,2025-06-28 03:49:45,32,0.01
3759,L18,#30,GW252/13600,(4)启机状态,4,2025-06-28 03:44:13,2025-06-28 03:49:13,300,0.08
3760,L18,#30,GW252/13600,(3)待机状态,3,2025-06-28 03:42:54,2025-06-28 03:44:13,79,0.02
3761,L18,#30,GW252/13600,(2)停机状态,2,2025-06-28 03:38:22,2025-06-28 03:42:54,272,0.08
3762,L18,#30,GW252/13600,(1)停机过程,1,2025-06-28 03:37:25,2025-06-28 03:38:22,57,0.02
3763,L18,#30,GW252/13600,(5)发电状态,5,2025-06-28 02:52:33,2025-06-28 03:37:25,2692,0.75
3764,L18,#30,GW252/13600,(4)启机状态,4,2025-06-28 02:50:39,2025-06-28 02:52:33,114,0.03
3765,L18,#30,GW252/13600,(3)待机状态,3,2025-06-28 02:49:40,2025-06-28 02:50:39,59,0.02
3766,L18,#30,GW252/13600,(2)停机状态,2,2025-06-28 02:49:38,2025-06-28 02:49:40,2,0
3767,L18,#30,GW252/13600,(1)停机过程,1,2025-06-28 02:49:05,2025-06-28 02:49:38,33,0.01
3768,L18,#30,GW252/13600,(4)启机状态,4,2025-06-28 02:44:05,2025-06-28 02:49:05,300,0.08
3769,L18,#30,GW252/13600,(3)待机状态,3,2025-06-28 02:42:45,2025-06-28 02:44:05,80,0.02
3770,L18,#30,GW252/13600,(2)停机状态,2,2025-06-28 02:41:42,2025-06-28 02:42:45,63,0.02
3771,L18,#30,GW252/13600,(1)停机过程,1,2025-06-28 02:40:45,2025-06-28 02:41:42,57,0.02
3772,L18,#30,GW252/13600,(5)发电状态,5,2025-06-28 02:09:50,2025-06-28 02:40:45,1855,0.52
3773,L18,#30,GW252/13600,(4)启机状态,4,2025-06-28 02:06:53,2025-06-28 02:09:50,177,0.05
3774,L18,#30,GW252/13600,(3)待机状态,3,2025-06-28 02:04:28,2025-06-28 02:06:53,145,0.04
3775,L18,#30,GW252/13600,(1)停机过程,1,2025-06-28 02:03:57,2025-06-28 02:04:28,31,0.01
3776,L18,#30,GW252/13600,(4)启机状态,4,2025-06-28 01:58:57,2025-06-28 02:03:57,300,0.08
3777,L18,#30,GW252/13600,(3)待机状态,3,2025-06-28 01:56:26,2025-06-28 01:58:57,151,0.04
3778,L18,#30,GW252/13600,(2)停机状态,2,2025-06-28 01:56:25,2025-06-28 01:56:26,1,0
3779,L18,#30,GW252/13600,(1)停机过程,1,2025-06-28 01:55:52,2025-06-28 01:56:25,33,0.01
3780,L18,#30,GW252/13600,(4)启机状态,4,2025-06-28 01:50:52,2025-06-28 01:55:52,300,0.08
3781,L18,#30,GW252/13600,(3)待机状态,3,2025-06-28 01:29:57,2025-06-28 01:50:52,1255,0.35
3782,L18,#30,GW252/13600,(2)停机状态,2,2025-06-28 01:29:56,2025-06-28 01:29:57,1,0
3783,L18,#30,GW252/13600,(1)停机过程,1,2025-06-28 01:29:23,2025-06-28 01:29:56,33,0.01
3784,L18,#30,GW252/13600,(4)启机状态,4,2025-06-28 01:24:23,2025-06-28 01:29:23,300,0.08
3785,L18,#30,GW252/13600,(3)待机状态,3,2025-06-28 01:16:19,2025-06-28 01:24:23,484,0.13
3786,L18,#30,GW252/13600,(2)停机状态,2,2025-06-28 01:16:18,2025-06-28 01:16:19,1,0
3787,L18,#30,GW252/13600,(1)停机过程,1,2025-06-28 01:15:46,2025-06-28 01:16:18,32,0.01
3788,L18,#30,GW252/13600,(4)启机状态,4,2025-06-28 01:10:47,2025-06-28 01:15:46,299,0.08
3789,L18,#30,GW252/13600,(3)待机状态,3,2025-06-28 00:31:16,2025-06-28 01:10:47,2371,0.66
3790,L18,#30,GW252/13600,(2)停机状态,2,2025-06-28 00:30:33,2025-06-28 00:31:16,43,0.01
3791,L18,#30,GW252/13600,(1)停机过程,1,2025-06-28 00:29:59,2025-06-28 00:30:33,34,0.01
3792,L18,#30,GW252/13600,(4)启机状态,4,2025-06-28 00:24:59,2025-06-28 00:29:59,300,0.08
3793,L18,#30,GW252/13600,(3)待机状态,3,2025-06-28 00:23:44,2025-06-28 00:24:59,75,0.02
3794,L18,#30,GW252/13600,(2)停机状态,2,2025-06-28 00:23:42,2025-06-28 00:23:44,2,0
3795,L18,#30,GW252/13600,(1)停机过程,1,2025-06-28 00:23:10,2025-06-28 00:23:42,32,0.01
3796,L18,#30,GW252/13600,(4)启机状态,4,2025-06-28 00:18:10,2025-06-28 00:23:10,300,0.08
3797,L18,#30,GW252/13600,(3)待机状态,3,2025-06-28 00:14:55,2025-06-28 00:18:10,195,0.05
3798,L18,#30,GW252/13600,(2)停机状态,2,2025-06-28 00:12:11,2025-06-28 00:14:55,164,0.05
3799,L18,#30,GW252/13600,(1)停机过程,1,2025-06-28 00:11:13,2025-06-28 00:12:11,58,0.02
3800,L18,#30,GW252/13600,(5)发电状态,5,2025-06-27 14:10:41,2025-06-28 00:11:13,36032,10.01
3801,L18,#30,GW252/13600,(4)启机状态,4,2025-06-27 14:09:07,2025-06-27 14:10:41,94,0.03
3802,L18,#30,GW252/13600,(3)待机状态,3,2025-06-27 14:08:11,2025-06-27 14:09:07,56,0.02
3803,L18,#30,GW252/13600,(2)停机状态,2,2025-06-27 14:08:09,2025-06-27 14:08:11,2,0
3804,L18,#30,GW252/13600,(1)停机过程,1,2025-06-27 14:07:33,2025-06-27 14:08:09,36,0.01
3805,L18,#30,GW252/13600,(4)启机状态,4,2025-06-27 14:02:33,2025-06-27 14:07:33,300,0.08
3806,L18,#30,GW252/13600,(3)待机状态,3,2025-06-27 13:51:50,2025-06-27 14:02:33,643,0.18
3807,L18,#30,GW252/13600,(2)停机状态,2,2025-06-27 13:48:42,2025-06-27 13:51:50,188,0.05
3808,L18,#30,GW252/13600,(1)停机过程,1,2025-06-27 13:47:44,2025-06-27 13:48:42,58,0.02
3809,L18,#30,GW252/13600,(5)发电状态,5,2025-06-25 16:52:05,2025-06-27 13:47:44,161739,44.93
3810,L18,#30,GW252/13600,(5)发电状态,5,2025-06-25 11:47:43,2025-06-25 16:52:05,18262,5.07
3811,L18,#30,GW252/13600,(4)启机状态,4,2025-06-25 11:46:01,2025-06-25 11:47:43,102,0.03
3812,L18,#30,GW252/13600,(3)待机状态,3,2025-06-25 11:45:07,2025-06-25 11:46:01,54,0.02
3813,L18,#30,GW252/13600,(2)停机状态,2,2025-06-25 11:45:05,2025-06-25 11:45:07,2,0
3814,L18,#30,GW252/13600,(1)停机过程,1,2025-06-25 11:44:08,2025-06-25 11:45:05,57,0.02
3815,L18,#30,GW252/13600,(4)启机状态,4,2025-06-25 11:39:08,2025-06-25 11:44:08,300,0.08
3816,L18,#30,GW252/13600,(3)待机状态,3,2025-06-25 11:38:07,2025-06-25 11:39:08,61,0.02
3817,L18,#30,GW252/13600,(2)停机状态,2,2025-06-25 11:38:06,2025-06-25 11:38:07,1,0
3818,L18,#30,GW252/13600,(1)停机过程,1,2025-06-25 11:37:34,2025-06-25 11:38:06,32,0.01
3819,L18,#30,GW252/13600,(4)启机状态,4,2025-06-25 11:32:33,2025-06-25 11:37:34,301,0.08
3820,L18,#30,GW252/13600,(3)待机状态,3,2025-06-25 11:31:27,2025-06-25 11:32:33,66,0.02
3821,L18,#30,GW252/13600,(2)停机状态,2,2025-06-25 11:31:24,2025-06-25 11:31:27,3,0
3822,L18,#30,GW252/13600,(1)停机过程,1,2025-06-25 11:30:52,2025-06-25 11:31:24,32,0.01
3823,L18,#30,GW252/13600,(4)启机状态,4,2025-06-25 11:25:52,2025-06-25 11:30:52,300,0.08
3824,L18,#30,GW252/13600,(3)待机状态,3,2025-06-25 11:22:23,2025-06-25 11:25:52,209,0.06
3825,L18,#30,GW252/13600,(2)停机状态,2,2025-06-25 11:22:21,2025-06-25 11:22:23,2,0
3826,L18,#30,GW252/13600,(1)停机过程,1,2025-06-25 11:21:50,2025-06-25 11:22:21,31,0.01
3827,L18,#30,GW252/13600,(4)启机状态,4,2025-06-25 11:16:50,2025-06-25 11:21:50,300,0.08
3828,L18,#30,GW252/13600,(3)待机状态,3,2025-06-25 11:15:40,2025-06-25 11:16:50,70,0.02
3829,L18,#30,GW252/13600,(2)停机状态,2,2025-06-25 11:15:38,2025-06-25 11:15:40,2,0
3830,L18,#30,GW252/13600,(1)停机过程,1,2025-06-25 11:15:07,2025-06-25 11:15:38,31,0.01
3831,L18,#30,GW252/13600,(4)启机状态,4,2025-06-25 11:10:07,2025-06-25 11:15:07,300,0.08
3832,L18,#30,GW252/13600,(3)待机状态,3,2025-06-25 11:09:02,2025-06-25 11:10:07,65,0.02
3833,L18,#30,GW252/13600,(1)停机过程,1,2025-06-25 11:08:30,2025-06-25 11:09:02,32,0.01
3834,L18,#30,GW252/13600,(4)启机状态,4,2025-06-25 11:03:30,2025-06-25 11:08:30,300,0.08
3835,L18,#30,GW252/13600,(3)待机状态,3,2025-06-25 11:02:17,2025-06-25 11:03:30,73,0.02
3836,L18,#30,GW252/13600,(1)停机过程,1,2025-06-25 11:01:44,2025-06-25 11:02:17,33,0.01
3837,L18,#30,GW252/13600,(4)启机状态,4,2025-06-25 10:56:44,2025-06-25 11:01:44,300,0.08
3838,L18,#30,GW252/13600,(3)待机状态,3,2025-06-25 10:53:52,2025-06-25 10:56:44,172,0.05
3839,L18,#30,GW252/13600,(1)停机过程,1,2025-06-25 10:53:20,2025-06-25 10:53:52,32,0.01
3840,L18,#30,GW252/13600,(4)启机状态,4,2025-06-25 10:48:20,2025-06-25 10:53:20,300,0.08
3841,L18,#30,GW252/13600,(3)待机状态,3,2025-06-25 10:45:22,2025-06-25 10:48:20,178,0.05
3842,L18,#30,GW252/13600,(1)停机过程,1,2025-06-25 10:44:49,2025-06-25 10:45:22,33,0.01
3843,L18,#30,GW252/13600,(4)启机状态,4,2025-06-25 10:39:49,2025-06-25 10:44:49,300,0.08
3844,L18,#30,GW252/13600,(3)待机状态,3,2025-06-25 10:38:46,2025-06-25 10:39:49,63,0.02
3845,L18,#30,GW252/13600,(2)停机状态,2,2025-06-25 10:38:45,2025-06-25 10:38:46,1,0
3846,L18,#30,GW252/13600,(1)停机过程,1,2025-06-25 10:38:13,2025-06-25 10:38:45,32,0.01
3847,L18,#30,GW252/13600,(4)启机状态,4,2025-06-25 10:33:14,2025-06-25 10:38:13,299,0.08
3848,L18,#30,GW252/13600,(3)待机状态,3,2025-06-25 10:31:54,2025-06-25 10:33:14,80,0.02
3849,L18,#30,GW252/13600,(2)停机状态,2,2025-06-25 10:31:53,2025-06-25 10:31:54,1,0
3850,L18,#30,GW252/13600,(1)停机过程,1,2025-06-25 10:31:21,2025-06-25 10:31:53,32,0.01
3851,L18,#30,GW252/13600,(4)启机状态,4,2025-06-25 10:26:20,2025-06-25 10:31:21,301,0.08
3852,L18,#30,GW252/13600,(3)待机状态,3,2025-06-25 10:25:12,2025-06-25 10:26:20,68,0.02
3853,L18,#30,GW252/13600,(2)停机状态,2,2025-06-25 10:25:10,2025-06-25 10:25:12,2,0
3854,L18,#30,GW252/13600,(1)停机过程,1,2025-06-25 10:24:39,2025-06-25 10:25:10,31,0.01
3855,L18,#30,GW252/13600,(4)启机状态,4,2025-06-25 10:19:39,2025-06-25 10:24:39,300,0.08
3856,L18,#30,GW252/13600,(3)待机状态,3,2025-06-25 10:18:29,2025-06-25 10:19:39,70,0.02
3857,L18,#30,GW252/13600,(2)停机状态,2,2025-06-25 10:18:26,2025-06-25 10:18:29,3,0
3858,L18,#30,GW252/13600,(1)停机过程,1,2025-06-25 10:17:54,2025-06-25 10:18:26,32,0.01
3859,L18,#30,GW252/13600,(4)启机状态,4,2025-06-25 10:12:54,2025-06-25 10:17:54,300,0.08
3860,L18,#30,GW252/13600,(3)待机状态,3,2025-06-25 10:09:55,2025-06-25 10:12:54,179,0.05
3861,L18,#30,GW252/13600,(2)停机状态,2,2025-06-25 10:09:53,2025-06-25 10:09:55,2,0
3862,L18,#30,GW252/13600,(1)停机过程,1,2025-06-25 10:09:21,2025-06-25 10:09:53,32,0.01
3863,L18,#30,GW252/13600,(4)启机状态,4,2025-06-25 10:04:21,2025-06-25 10:09:21,300,0.08
3864,L18,#30,GW252/13600,(3)待机状态,3,2025-06-25 10:02:53,2025-06-25 10:04:21,88,0.02
3865,L18,#30,GW252/13600,(2)停机状态,2,2025-06-25 10:02:49,2025-06-25 10:02:53,4,0
3866,L18,#30,GW252/13600,(1)停机过程,1,2025-06-25 10:02:16,2025-06-25 10:02:49,33,0.01
3867,L18,#30,GW252/13600,(4)启机状态,4,2025-06-25 09:57:16,2025-06-25 10:02:16,300,0.08
3868,L18,#30,GW252/13600,(3)待机状态,3,2025-06-25 09:54:07,2025-06-25 09:57:16,189,0.05
3869,L18,#30,GW252/13600,(2)停机状态,2,2025-06-25 09:54:05,2025-06-25 09:54:07,2,0
3870,L18,#30,GW252/13600,(1)停机过程,1,2025-06-25 09:53:33,2025-06-25 09:54:05,32,0.01
3871,L18,#30,GW252/13600,(4)启机状态,4,2025-06-25 09:48:33,2025-06-25 09:53:33,300,0.08
3872,L18,#30,GW252/13600,(3)待机状态,3,2025-06-25 09:35:34,2025-06-25 09:48:33,779,0.22
3873,L18,#30,GW252/13600,(1)停机过程,1,2025-06-25 09:35:03,2025-06-25 09:35:34,31,0.01
3874,L18,#30,GW252/13600,(4)启机状态,4,2025-06-25 09:30:03,2025-06-25 09:35:03,300,0.08
3875,L18,#30,GW252/13600,(3)待机状态,3,2025-06-25 09:22:03,2025-06-25 09:30:03,480,0.13
3876,L18,#30,GW252/13600,(1)停机过程,1,2025-06-25 09:21:31,2025-06-25 09:22:03,32,0.01
3877,L18,#30,GW252/13600,(4)启机状态,4,2025-06-25 09:16:31,2025-06-25 09:21:31,300,0.08
3878,L18,#30,GW252/13600,(3)待机状态,3,2025-06-25 08:42:15,2025-06-25 09:16:31,2056,0.57
3879,L18,#30,GW252/13600,(2)停机状态,2,2025-06-25 08:42:11,2025-06-25 08:42:15,4,0
3880,L18,#30,GW252/13600,(1)停机过程,1,2025-06-25 08:41:39,2025-06-25 08:42:11,32,0.01
3881,L18,#30,GW252/13600,(4)启机状态,4,2025-06-25 08:36:39,2025-06-25 08:41:39,300,0.08
3882,L18,#30,GW252/13600,(3)待机状态,3,2025-06-25 08:35:25,2025-06-25 08:36:39,74,0.02
3883,L18,#30,GW252/13600,(2)停机状态,2,2025-06-25 08:35:23,2025-06-25 08:35:25,2,0
3884,L18,#30,GW252/13600,(1)停机过程,1,2025-06-25 08:34:51,2025-06-25 08:35:23,32,0.01
3885,L18,#30,GW252/13600,(4)启机状态,4,2025-06-25 08:29:51,2025-06-25 08:34:51,300,0.08
3886,L18,#30,GW252/13600,(3)待机状态,3,2025-06-25 08:22:28,2025-06-25 08:29:51,443,0.12
3887,L18,#30,GW252/13600,(1)停机过程,1,2025-06-25 08:21:54,2025-06-25 08:22:28,34,0.01
3888,L18,#30,GW252/13600,(4)启机状态,4,2025-06-25 08:16:54,2025-06-25 08:21:54,300,0.08
3889,L18,#30,GW252/13600,(3)待机状态,3,2025-06-25 08:15:04,2025-06-25 08:16:54,110,0.03
3890,L18,#30,GW252/13600,(1)停机过程,1,2025-06-25 08:14:31,2025-06-25 08:15:04,33,0.01
3891,L18,#30,GW252/13600,(4)启机状态,4,2025-06-25 08:09:32,2025-06-25 08:14:31,299,0.08
3892,L18,#30,GW252/13600,(3)待机状态,3,2025-06-25 08:07:07,2025-06-25 08:09:32,145,0.04
3893,L18,#30,GW252/13600,(2)停机状态,2,2025-06-25 08:07:05,2025-06-25 08:07:07,2,0
3894,L18,#30,GW252/13600,(1)停机过程,1,2025-06-25 08:06:34,2025-06-25 08:07:05,31,0.01
3895,L18,#30,GW252/13600,(4)启机状态,4,2025-06-25 08:01:34,2025-06-25 08:06:34,300,0.08
3896,L18,#30,GW252/13600,(3)待机状态,3,2025-06-25 07:38:38,2025-06-25 08:01:34,1376,0.38
3897,L18,#30,GW252/13600,(2)停机状态,2,2025-06-25 07:38:36,2025-06-25 07:38:38,2,0
3898,L18,#30,GW252/13600,(1)停机过程,1,2025-06-25 07:38:05,2025-06-25 07:38:36,31,0.01
3899,L18,#30,GW252/13600,(4)启机状态,4,2025-06-25 07:33:05,2025-06-25 07:38:05,300,0.08
3900,L18,#30,GW252/13600,(3)待机状态,3,2025-06-25 07:14:21,2025-06-25 07:33:05,1124,0.31
3901,L18,#30,GW252/13600,(2)停机状态,2,2025-06-25 07:14:19,2025-06-25 07:14:21,2,0
3902,L18,#30,GW252/13600,(1)停机过程,1,2025-06-25 07:13:48,2025-06-25 07:14:19,31,0.01
3903,L18,#30,GW252/13600,(4)启机状态,4,2025-06-25 07:08:48,2025-06-25 07:13:48,300,0.08
3904,L18,#30,GW252/13600,(3)待机状态,3,2025-06-25 07:04:13,2025-06-25 07:08:48,275,0.08
3905,L18,#30,GW252/13600,(2)停机状态,2,2025-06-25 07:04:11,2025-06-25 07:04:13,2,0
3906,L18,#30,GW252/13600,(1)停机过程,1,2025-06-25 07:03:39,2025-06-25 07:04:11,32,0.01
3907,L18,#30,GW252/13600,(4)启机状态,4,2025-06-25 06:58:39,2025-06-25 07:03:39,300,0.08
3908,L18,#30,GW252/13600,(3)待机状态,3,2025-06-25 02:42:27,2025-06-25 06:58:39,15372,4.27
3909,L18,#30,GW252/13600,(2)停机状态,2,2025-06-25 02:38:47,2025-06-25 02:42:27,220,0.06
3910,L18,#30,GW252/13600,(1)停机过程,1,2025-06-25 02:37:48,2025-06-25 02:38:47,59,0.02
3911,L18,#30,GW252/13600,(5)发电状态,5,2025-06-24 15:34:46,2025-06-25 02:37:48,39782,11.05
3912,L18,#30,GW252/13600,(4)启机状态,4,2025-06-24 15:31:19,2025-06-24 15:34:46,207,0.06
3913,L18,#30,GW252/13600,(3)待机状态,3,2025-06-24 15:30:13,2025-06-24 15:31:19,66,0.02
3914,L18,#30,GW252/13600,(1)停机过程,1,2025-06-24 15:29:42,2025-06-24 15:30:13,31,0.01
3915,L18,#30,GW252/13600,(4)启机状态,4,2025-06-24 15:24:42,2025-06-24 15:29:42,300,0.08
3916,L18,#30,GW252/13600,(3)待机状态,3,2025-06-24 15:23:44,2025-06-24 15:24:42,58,0.02
3917,L18,#30,GW252/13600,(2)停机状态,2,2025-06-24 15:23:43,2025-06-24 15:23:44,1,0
3918,L18,#30,GW252/13600,(1)停机过程,1,2025-06-24 15:23:11,2025-06-24 15:23:43,32,0.01
3919,L18,#30,GW252/13600,(4)启机状态,4,2025-06-24 15:18:11,2025-06-24 15:23:11,300,0.08
3920,L18,#30,GW252/13600,(3)待机状态,3,2025-06-24 15:17:13,2025-06-24 15:18:11,58,0.02
3921,L18,#30,GW252/13600,(2)停机状态,2,2025-06-24 15:17:11,2025-06-24 15:17:13,2,0
3922,L18,#30,GW252/13600,(1)停机过程,1,2025-06-24 15:16:38,2025-06-24 15:17:11,33,0.01
3923,L18,#30,GW252/13600,(4)启机状态,4,2025-06-24 15:11:39,2025-06-24 15:16:38,299,0.08
3924,L18,#30,GW252/13600,(3)待机状态,3,2025-06-24 15:10:12,2025-06-24 15:11:39,87,0.02
3925,L18,#30,GW252/13600,(2)停机状态,2,2025-06-24 15:10:11,2025-06-24 15:10:12,1,0
3926,L18,#30,GW252/13600,(1)停机过程,1,2025-06-24 15:09:39,2025-06-24 15:10:11,32,0.01
3927,L18,#30,GW252/13600,(4)启机状态,4,2025-06-24 15:04:38,2025-06-24 15:09:39,301,0.08
3928,L18,#30,GW252/13600,(3)待机状态,3,2025-06-24 15:03:25,2025-06-24 15:04:38,73,0.02
3929,L18,#30,GW252/13600,(2)停机状态,2,2025-06-24 15:03:24,2025-06-24 15:03:25,1,0
3930,L18,#30,GW252/13600,(1)停机过程,1,2025-06-24 15:02:53,2025-06-24 15:03:24,31,0.01
3931,L18,#30,GW252/13600,(4)启机状态,4,2025-06-24 14:57:53,2025-06-24 15:02:53,300,0.08
3932,L18,#30,GW252/13600,(3)待机状态,3,2025-06-24 14:56:40,2025-06-24 14:57:53,73,0.02
3933,L18,#30,GW252/13600,(1)停机过程,1,2025-06-24 14:56:07,2025-06-24 14:56:40,33,0.01
3934,L18,#30,GW252/13600,(4)启机状态,4,2025-06-24 14:51:08,2025-06-24 14:56:07,299,0.08
3935,L18,#30,GW252/13600,(3)待机状态,3,2025-06-24 14:49:39,2025-06-24 14:51:08,89,0.02
3936,L18,#30,GW252/13600,(2)停机状态,2,2025-06-24 14:49:37,2025-06-24 14:49:39,2,0
3937,L18,#30,GW252/13600,(1)停机过程,1,2025-06-24 14:49:05,2025-06-24 14:49:37,32,0.01
3938,L18,#30,GW252/13600,(4)启机状态,4,2025-06-24 14:44:04,2025-06-24 14:49:05,301,0.08
3939,L18,#30,GW252/13600,(3)待机状态,3,2025-06-24 14:41:54,2025-06-24 14:44:04,130,0.04
3940,L18,#30,GW252/13600,(2)停机状态,2,2025-06-24 14:41:53,2025-06-24 14:41:54,1,0
3941,L18,#30,GW252/13600,(1)停机过程,1,2025-06-24 14:41:22,2025-06-24 14:41:53,31,0.01
3942,L18,#30,GW252/13600,(4)启机状态,4,2025-06-24 14:36:21,2025-06-24 14:41:22,301,0.08
3943,L18,#30,GW252/13600,(3)待机状态,3,2025-06-24 14:31:18,2025-06-24 14:36:21,303,0.08
3944,L18,#30,GW252/13600,(2)停机状态,2,2025-06-24 14:28:53,2025-06-24 14:31:18,145,0.04
3945,L18,#30,GW252/13600,(1)停机过程,1,2025-06-24 14:28:20,2025-06-24 14:28:53,33,0.01
3946,L18,#30,GW252/13600,(4)启机状态,4,2025-06-24 14:23:21,2025-06-24 14:28:20,299,0.08
3947,L18,#30,GW252/13600,(3)待机状态,3,2025-06-24 14:22:15,2025-06-24 14:23:21,66,0.02
3948,L18,#30,GW252/13600,(2)停机状态,2,2025-06-24 14:22:13,2025-06-24 14:22:15,2,0
3949,L18,#30,GW252/13600,(1)停机过程,1,2025-06-24 14:21:42,2025-06-24 14:22:13,31,0.01
3950,L18,#30,GW252/13600,(4)启机状态,4,2025-06-24 14:16:41,2025-06-24 14:21:42,301,0.08
3951,L18,#30,GW252/13600,(3)待机状态,3,2025-06-24 14:15:04,2025-06-24 14:16:41,97,0.03
3952,L18,#30,GW252/13600,(1)停机过程,1,2025-06-24 14:14:33,2025-06-24 14:15:04,31,0.01
3953,L18,#30,GW252/13600,(4)启机状态,4,2025-06-24 14:09:33,2025-06-24 14:14:33,300,0.08
3954,L18,#30,GW252/13600,(3)待机状态,3,2025-06-24 14:08:28,2025-06-24 14:09:33,65,0.02
3955,L18,#30,GW252/13600,(2)停机状态,2,2025-06-24 14:08:25,2025-06-24 14:08:28,3,0
3956,L18,#30,GW252/13600,(1)停机过程,1,2025-06-24 14:07:53,2025-06-24 14:08:25,32,0.01
3957,L18,#30,GW252/13600,(4)启机状态,4,2025-06-24 14:02:53,2025-06-24 14:07:53,300,0.08
3958,L18,#30,GW252/13600,(3)待机状态,3,2025-06-24 14:01:11,2025-06-24 14:02:53,102,0.03
3959,L18,#30,GW252/13600,(2)停机状态,2,2025-06-24 14:01:09,2025-06-24 14:01:11,2,0
3960,L18,#30,GW252/13600,(1)停机过程,1,2025-06-24 14:00:37,2025-06-24 14:01:09,32,0.01
3961,L18,#30,GW252/13600,(4)启机状态,4,2025-06-24 13:55:37,2025-06-24 14:00:37,300,0.08
3962,L18,#30,GW252/13600,(3)待机状态,3,2025-06-24 13:54:04,2025-06-24 13:55:37,93,0.03
3963,L18,#30,GW252/13600,(2)停机状态,2,2025-06-24 13:54:02,2025-06-24 13:54:04,2,0
3964,L18,#30,GW252/13600,(1)停机过程,1,2025-06-24 13:53:30,2025-06-24 13:54:02,32,0.01
3965,L18,#30,GW252/13600,(4)启机状态,4,2025-06-24 13:48:30,2025-06-24 13:53:30,300,0.08
3966,L18,#30,GW252/13600,(3)待机状态,3,2025-06-24 13:45:37,2025-06-24 13:48:30,173,0.05
3967,L18,#30,GW252/13600,(2)停机状态,2,2025-06-24 13:45:36,2025-06-24 13:45:37,1,0
3968,L18,#30,GW252/13600,(1)停机过程,1,2025-06-24 13:45:04,2025-06-24 13:45:36,32,0.01
3969,L18,#30,GW252/13600,(4)启机状态,4,2025-06-24 13:40:04,2025-06-24 13:45:04,300,0.08
3970,L18,#30,GW252/13600,(3)待机状态,3,2025-06-24 13:38:52,2025-06-24 13:40:04,72,0.02
3971,L18,#30,GW252/13600,(1)停机过程,1,2025-06-24 13:38:20,2025-06-24 13:38:52,32,0.01
3972,L18,#30,GW252/13600,(4)启机状态,4,2025-06-24 13:33:20,2025-06-24 13:38:20,300,0.08
3973,L18,#30,GW252/13600,(3)待机状态,3,2025-06-24 13:11:26,2025-06-24 13:33:20,1314,0.37
3974,L18,#30,GW252/13600,(2)停机状态,2,2025-06-24 13:11:24,2025-06-24 13:11:26,2,0
3975,L18,#30,GW252/13600,(1)停机过程,1,2025-06-24 13:10:51,2025-06-24 13:11:24,33,0.01
3976,L18,#30,GW252/13600,(4)启机状态,4,2025-06-24 13:05:51,2025-06-24 13:10:51,300,0.08
3977,L18,#30,GW252/13600,(3)待机状态,3,2025-06-24 13:04:10,2025-06-24 13:05:51,101,0.03
3978,L18,#30,GW252/13600,(2)停机状态,2,2025-06-24 13:04:08,2025-06-24 13:04:10,2,0
3979,L18,#30,GW252/13600,(1)停机过程,1,2025-06-24 13:03:36,2025-06-24 13:04:08,32,0.01
3980,L18,#30,GW252/13600,(4)启机状态,4,2025-06-24 12:58:36,2025-06-24 13:03:36,300,0.08
3981,L18,#30,GW252/13600,(3)待机状态,3,2025-06-24 12:57:38,2025-06-24 12:58:36,58,0.02
3982,L18,#30,GW252/13600,(2)停机状态,2,2025-06-24 12:57:36,2025-06-24 12:57:38,2,0
3983,L18,#30,GW252/13600,(1)停机过程,1,2025-06-24 12:57:03,2025-06-24 12:57:36,33,0.01
3984,L18,#30,GW252/13600,(4)启机状态,4,2025-06-24 12:52:03,2025-06-24 12:57:03,300,0.08
3985,L18,#30,GW252/13600,(3)待机状态,3,2025-06-24 12:47:21,2025-06-24 12:52:03,282,0.08
3986,L18,#30,GW252/13600,(2)停机状态,2,2025-06-24 12:47:20,2025-06-24 12:47:21,1,0
3987,L18,#30,GW252/13600,(1)停机过程,1,2025-06-24 12:46:49,2025-06-24 12:47:20,31,0.01
3988,L18,#30,GW252/13600,(4)启机状态,4,2025-06-24 12:41:48,2025-06-24 12:46:49,301,0.08
3989,L18,#30,GW252/13600,(3)待机状态,3,2025-06-24 12:38:26,2025-06-24 12:41:48,202,0.06
3990,L18,#30,GW252/13600,(2)停机状态,2,2025-06-24 12:38:25,2025-06-24 12:38:26,1,0
3991,L18,#30,GW252/13600,(1)停机过程,1,2025-06-24 12:37:53,2025-06-24 12:38:25,32,0.01
3992,L18,#30,GW252/13600,(4)启机状态,4,2025-06-24 12:32:52,2025-06-24 12:37:53,301,0.08
3993,L18,#30,GW252/13600,(3)待机状态,3,2025-06-24 12:27:10,2025-06-24 12:32:52,342,0.1
3994,L18,#30,GW252/13600,(1)停机过程,1,2025-06-24 12:26:38,2025-06-24 12:27:10,32,0.01
3995,L18,#30,GW252/13600,(4)启机状态,4,2025-06-24 12:21:38,2025-06-24 12:26:38,300,0.08
3996,L18,#30,GW252/13600,(3)待机状态,3,2025-06-24 12:18:51,2025-06-24 12:21:38,167,0.05
3997,L18,#30,GW252/13600,(2)停机状态,2,2025-06-24 12:12:51,2025-06-24 12:18:51,360,0.1
3998,L18,#30,GW252/13600,(1)停机过程,1,2025-06-24 12:11:53,2025-06-24 12:12:51,58,0.02
3999,L18,#30,GW252/13600,(5)发电状态,5,2025-06-14 22:24:29,2025-06-24 12:11:53,827244,229.79
4000,L18,#30,GW252/13600,(4)启机状态,4,2025-06-14 22:23:55,2025-06-14 22:24:29,34,0.01
4001,L18,#30,GW252/13600,(3)待机状态,3,2025-06-14 22:23:21,2025-06-14 22:23:55,34,0.01
4002,L18,#30,GW252/13600,(2)停机状态,2,2025-06-14 22:23:18,2025-06-14 22:23:21,3,0
4003,L18,#30,GW252/13600,(1)停机过程,1,2025-06-14 22:23:08,2025-06-14 22:23:18,10,0
4004,L18,#30,GW252/13600,(9)维护状态,9,2025-06-14 22:22:39,2025-06-14 22:23:08,29,0.01
4005,L18,#30,GW252/13600,(2)停机状态,2,2025-06-14 13:17:51,2025-06-14 22:22:39,32688,9.08
4006,L18,#30,GW252/13600,(1)停机过程,1,2025-06-14 13:16:27,2025-06-14 13:17:51,84,0.02
4007,L18,#30,GW252/13600,(5)发电状态,5,2025-06-10 20:48:57,2025-06-14 13:16:27,318450,88.46
4008,L18,#30,GW252/13600,(4)启机状态,4,2025-06-10 20:48:10,2025-06-10 20:48:57,47,0.01
4009,L18,#30,GW252/13600,(3)待机状态,3,2025-06-10 20:44:28,2025-06-10 20:48:10,222,0.06
4010,L18,#30,GW252/13600,(2)停机状态,2,2025-06-10 20:44:26,2025-06-10 20:44:28,2,0
4011,L18,#30,GW252/13600,(1)停机过程,1,2025-06-10 20:43:55,2025-06-10 20:44:26,31,0.01
4012,L18,#30,GW252/13600,(3)待机状态,3,2025-06-10 20:43:24,2025-06-10 20:43:55,31,0.01
4013,L18,#30,GW252/13600,(2)停机状态,2,2025-06-10 20:43:23,2025-06-10 20:43:24,1,0
4014,L18,#30,GW252/13600,(1)停机过程,1,2025-06-10 20:42:54,2025-06-10 20:43:23,29,0.01
4015,L18,#30,GW252/13600,(3)待机状态,3,2025-06-10 20:42:31,2025-06-10 20:42:54,23,0.01
4016,L18,#30,GW252/13600,(2)停机状态,2,2025-06-10 20:42:30,2025-06-10 20:42:31,1,0
4017,L18,#30,GW252/13600,(1)停机过程,1,2025-06-10 20:42:01,2025-06-10 20:42:30,29,0.01
4018,L18,#30,GW252/13600,(3)待机状态,3,2025-06-10 20:41:39,2025-06-10 20:42:01,22,0.01
4019,L18,#30,GW252/13600,(2)停机状态,2,2025-06-10 20:41:37,2025-06-10 20:41:39,2,0
4020,L18,#30,GW252/13600,(1)停机过程,1,2025-06-10 20:41:06,2025-06-10 20:41:37,31,0.01
4021,L18,#30,GW252/13600,(3)待机状态,3,2025-06-10 20:40:45,2025-06-10 20:41:06,21,0.01
4022,L18,#30,GW252/13600,(2)停机状态,2,2025-06-10 20:40:17,2025-06-10 20:40:45,28,0.01
4023,L18,#30,GW252/13600,(1)停机过程,1,2025-06-10 20:40:06,2025-06-10 20:40:17,11,0
4024,L18,#30,GW252/13600,(9)维护状态,9,2025-06-10 19:50:24,2025-06-10 20:40:06,2982,0.83
4025,L18,#30,GW252/13600,(2)停机状态,2,2025-06-10 19:50:22,2025-06-10 19:50:24,2,0
4026,L18,#30,GW252/13600,(1)停机过程,1,2025-06-10 19:48:48,2025-06-10 19:50:22,94,0.03
4027,L18,#30,GW252/13600,(5)发电状态,5,2025-06-10 18:39:07,2025-06-10 19:48:48,4181,1.16
4028,L18,#30,GW252/13600,(4)启机状态,4,2025-06-10 18:38:17,2025-06-10 18:39:07,50,0.01
4029,L18,#30,GW252/13600,(3)待机状态,3,2025-06-10 18:35:10,2025-06-10 18:38:17,187,0.05
4030,L18,#30,GW252/13600,(2)停机状态,2,2025-06-10 18:35:08,2025-06-10 18:35:10,2,0
4031,L18,#30,GW252/13600,(1)停机过程,1,2025-06-10 18:34:58,2025-06-10 18:35:08,10,0
4032,L18,#30,GW252/13600,(9)维护状态,9,2025-06-10 13:17:53,2025-06-10 18:34:58,19025,5.28
4033,L18,#30,GW252/13600,(2)停机状态,2,2025-06-10 13:00:13,2025-06-10 13:17:53,1060,0.29
4034,L18,#30,GW252/13600,(1)停机过程,1,2025-06-10 12:58:39,2025-06-10 13:00:13,94,0.03
4035,L18,#30,GW252/13600,(5)发电状态,5,2025-06-10 10:53:45,2025-06-10 12:58:39,7494,2.08
4036,L18,#30,GW252/13600,(4)启机状态,4,2025-06-10 10:48:48,2025-06-10 10:53:45,297,0.08
4037,L18,#30,GW252/13600,(3)待机状态,3,2025-06-10 10:47:51,2025-06-10 10:48:48,57,0.02
4038,L18,#30,GW252/13600,(2)停机状态,2,2025-06-10 10:47:50,2025-06-10 10:47:51,1,0
4039,L18,#30,GW252/13600,(1)停机过程,1,2025-06-10 10:47:17,2025-06-10 10:47:50,33,0.01
4040,L18,#30,GW252/13600,(4)启机状态,4,2025-06-10 10:42:17,2025-06-10 10:47:17,300,0.08
4041,L18,#30,GW252/13600,(3)待机状态,3,2025-06-10 10:41:13,2025-06-10 10:42:17,64,0.02
4042,L18,#30,GW252/13600,(1)停机过程,1,2025-06-10 10:40:42,2025-06-10 10:41:13,31,0.01
4043,L18,#30,GW252/13600,(4)启机状态,4,2025-06-10 10:35:42,2025-06-10 10:40:42,300,0.08
4044,L18,#30,GW252/13600,(3)待机状态,3,2025-06-10 10:34:42,2025-06-10 10:35:42,60,0.02
4045,L18,#30,GW252/13600,(2)停机状态,2,2025-06-10 10:34:39,2025-06-10 10:34:42,3,0
4046,L18,#30,GW252/13600,(1)停机过程,1,2025-06-10 10:34:07,2025-06-10 10:34:39,32,0.01
4047,L18,#30,GW252/13600,(4)启机状态,4,2025-06-10 10:29:07,2025-06-10 10:34:07,300,0.08
4048,L18,#30,GW252/13600,(3)待机状态,3,2025-06-10 10:26:45,2025-06-10 10:29:07,142,0.04
4049,L18,#30,GW252/13600,(2)停机状态,2,2025-06-10 10:26:44,2025-06-10 10:26:45,1,0
4050,L18,#30,GW252/13600,(1)停机过程,1,2025-06-10 10:26:13,2025-06-10 10:26:44,31,0.01
4051,L18,#30,GW252/13600,(4)启机状态,4,2025-06-10 10:21:13,2025-06-10 10:26:13,300,0.08
4052,L18,#30,GW252/13600,(3)待机状态,3,2025-06-10 10:19:59,2025-06-10 10:21:13,74,0.02
4053,L18,#30,GW252/13600,(1)停机过程,1,2025-06-10 10:19:26,2025-06-10 10:19:59,33,0.01
4054,L18,#30,GW252/13600,(4)启机状态,4,2025-06-10 10:14:26,2025-06-10 10:19:26,300,0.08
4055,L18,#30,GW252/13600,(3)待机状态,3,2025-06-10 10:07:36,2025-06-10 10:14:26,410,0.11
4056,L18,#30,GW252/13600,(2)停机状态,2,2025-06-10 10:07:34,2025-06-10 10:07:36,2,0
4057,L18,#30,GW252/13600,(1)停机过程,1,2025-06-10 10:07:03,2025-06-10 10:07:34,31,0.01
4058,L18,#30,GW252/13600,(4)启机状态,4,2025-06-10 10:02:03,2025-06-10 10:07:03,300,0.08
4059,L18,#30,GW252/13600,(3)待机状态,3,2025-06-10 10:00:37,2025-06-10 10:02:03,86,0.02
4060,L18,#30,GW252/13600,(2)停机状态,2,2025-06-10 10:00:35,2025-06-10 10:00:37,2,0
4061,L18,#30,GW252/13600,(1)停机过程,1,2025-06-10 10:00:03,2025-06-10 10:00:35,32,0.01
4062,L18,#30,GW252/13600,(4)启机状态,4,2025-06-10 09:55:03,2025-06-10 10:00:03,300,0.08
4063,L18,#30,GW252/13600,(3)待机状态,3,2025-06-10 09:50:11,2025-06-10 09:55:03,292,0.08
4064,L18,#30,GW252/13600,(2)停机状态,2,2025-06-10 09:50:10,2025-06-10 09:50:11,1,0
4065,L18,#30,GW252/13600,(1)停机过程,1,2025-06-10 09:49:38,2025-06-10 09:50:10,32,0.01
4066,L18,#30,GW252/13600,(4)启机状态,4,2025-06-10 09:44:37,2025-06-10 09:49:38,301,0.08
4067,L18,#30,GW252/13600,(3)待机状态,3,2025-06-10 09:32:44,2025-06-10 09:44:37,713,0.2
4068,L18,#30,GW252/13600,(2)停机状态,2,2025-06-10 09:32:42,2025-06-10 09:32:44,2,0
4069,L18,#30,GW252/13600,(1)停机过程,1,2025-06-10 09:32:09,2025-06-10 09:32:42,33,0.01
4070,L18,#30,GW252/13600,(4)启机状态,4,2025-06-10 09:27:10,2025-06-10 09:32:09,299,0.08
4071,L18,#30,GW252/13600,(3)待机状态,3,2025-06-10 09:16:26,2025-06-10 09:27:10,644,0.18
4072,L18,#30,GW252/13600,(2)停机状态,2,2025-06-10 09:16:25,2025-06-10 09:16:26,1,0
4073,L18,#30,GW252/13600,(1)停机过程,1,2025-06-10 09:15:54,2025-06-10 09:16:25,31,0.01
4074,L18,#30,GW252/13600,(4)启机状态,4,2025-06-10 09:10:54,2025-06-10 09:15:54,300,0.08
4075,L18,#30,GW252/13600,(3)待机状态,3,2025-06-10 09:07:30,2025-06-10 09:10:54,204,0.06
4076,L18,#30,GW252/13600,(2)停机状态,2,2025-06-10 09:07:29,2025-06-10 09:07:30,1,0
4077,L18,#30,GW252/13600,(1)停机过程,1,2025-06-10 09:06:56,2025-06-10 09:07:29,33,0.01
4078,L18,#30,GW252/13600,(4)启机状态,4,2025-06-10 09:01:56,2025-06-10 09:06:56,300,0.08
4079,L18,#30,GW252/13600,(3)待机状态,3,2025-06-10 09:00:09,2025-06-10 09:01:56,107,0.03
4080,L18,#30,GW252/13600,(2)停机状态,2,2025-06-10 09:00:08,2025-06-10 09:00:09,1,0
4081,L18,#30,GW252/13600,(1)停机过程,1,2025-06-10 08:59:36,2025-06-10 09:00:08,32,0.01
4082,L18,#30,GW252/13600,(4)启机状态,4,2025-06-10 08:54:36,2025-06-10 08:59:36,300,0.08
4083,L18,#30,GW252/13600,(3)待机状态,3,2025-06-10 08:53:25,2025-06-10 08:54:36,71,0.02
4084,L18,#30,GW252/13600,(1)停机过程,1,2025-06-10 08:52:53,2025-06-10 08:53:25,32,0.01
4085,L18,#30,GW252/13600,(4)启机状态,4,2025-06-10 08:47:53,2025-06-10 08:52:53,300,0.08
4086,L18,#30,GW252/13600,(3)待机状态,3,2025-06-10 08:46:48,2025-06-10 08:47:53,65,0.02
4087,L18,#30,GW252/13600,(1)停机过程,1,2025-06-10 08:46:15,2025-06-10 08:46:48,33,0.01
4088,L18,#30,GW252/13600,(4)启机状态,4,2025-06-10 08:41:16,2025-06-10 08:46:15,299,0.08
4089,L18,#30,GW252/13600,(3)待机状态,3,2025-06-10 08:40:11,2025-06-10 08:41:16,65,0.02
4090,L18,#30,GW252/13600,(1)停机过程,1,2025-06-10 08:39:39,2025-06-10 08:40:11,32,0.01
4091,L18,#30,GW252/13600,(4)启机状态,4,2025-06-10 08:34:39,2025-06-10 08:39:39,300,0.08
4092,L18,#30,GW252/13600,(3)待机状态,3,2025-06-10 08:33:21,2025-06-10 08:34:39,78,0.02
4093,L18,#30,GW252/13600,(2)停机状态,2,2025-06-10 08:33:20,2025-06-10 08:33:21,1,0
4094,L18,#30,GW252/13600,(1)停机过程,1,2025-06-10 08:32:48,2025-06-10 08:33:20,32,0.01
4095,L18,#30,GW252/13600,(4)启机状态,4,2025-06-10 08:27:48,2025-06-10 08:32:48,300,0.08
4096,L18,#30,GW252/13600,(3)待机状态,3,2025-06-10 08:26:49,2025-06-10 08:27:48,59,0.02
4097,L18,#30,GW252/13600,(2)停机状态,2,2025-06-10 08:26:48,2025-06-10 08:26:49,1,0
4098,L18,#30,GW252/13600,(1)停机过程,1,2025-06-10 08:26:16,2025-06-10 08:26:48,32,0.01
4099,L18,#30,GW252/13600,(4)启机状态,4,2025-06-10 08:21:16,2025-06-10 08:26:16,300,0.08
4100,L18,#30,GW252/13600,(3)待机状态,3,2025-06-10 08:20:13,2025-06-10 08:21:16,63,0.02
4101,L18,#30,GW252/13600,(2)停机状态,2,2025-06-10 08:20:11,2025-06-10 08:20:13,2,0
4102,L18,#30,GW252/13600,(1)停机过程,1,2025-06-10 08:19:40,2025-06-10 08:20:11,31,0.01
4103,L18,#30,GW252/13600,(4)启机状态,4,2025-06-10 08:14:40,2025-06-10 08:19:40,300,0.08
4104,L18,#30,GW252/13600,(3)待机状态,3,2025-06-10 08:13:35,2025-06-10 08:14:40,65,0.02
4105,L18,#30,GW252/13600,(2)停机状态,2,2025-06-10 08:13:34,2025-06-10 08:13:35,1,0
4106,L18,#30,GW252/13600,(1)停机过程,1,2025-06-10 08:13:02,2025-06-10 08:13:34,32,0.01
4107,L18,#30,GW252/13600,(4)启机状态,4,2025-06-10 08:08:02,2025-06-10 08:13:02,300,0.08
4108,L18,#30,GW252/13600,(3)待机状态,3,2025-06-10 08:06:58,2025-06-10 08:08:02,64,0.02
4109,L18,#30,GW252/13600,(2)停机状态,2,2025-06-10 08:06:57,2025-06-10 08:06:58,1,0
4110,L18,#30,GW252/13600,(1)停机过程,1,2025-06-10 08:06:24,2025-06-10 08:06:57,33,0.01
4111,L18,#30,GW252/13600,(4)启机状态,4,2025-06-10 08:01:25,2025-06-10 08:06:24,299,0.08
4112,L18,#30,GW252/13600,(3)待机状态,3,2025-06-10 08:00:07,2025-06-10 08:01:25,78,0.02
4113,L18,#30,GW252/13600,(2)停机状态,2,2025-06-10 08:00:05,2025-06-10 08:00:07,2,0
4114,L18,#30,GW252/13600,(1)停机过程,1,2025-06-10 07:59:34,2025-06-10 08:00:05,31,0.01
4115,L18,#30,GW252/13600,(4)启机状态,4,2025-06-10 07:54:34,2025-06-10 07:59:34,300,0.08
4116,L18,#30,GW252/13600,(3)待机状态,3,2025-06-10 07:50:17,2025-06-10 07:54:34,257,0.07
4117,L18,#30,GW252/13600,(2)停机状态,2,2025-06-10 07:50:15,2025-06-10 07:50:17,2,0
4118,L18,#30,GW252/13600,(1)停机过程,1,2025-06-10 07:49:43,2025-06-10 07:50:15,32,0.01
4119,L18,#30,GW252/13600,(4)启机状态,4,2025-06-10 07:44:42,2025-06-10 07:49:43,301,0.08
4120,L18,#30,GW252/13600,(3)待机状态,3,2025-06-09 22:14:15,2025-06-10 07:44:42,34227,9.51
4121,L18,#30,GW252/13600,(2)停机状态,2,2025-06-09 22:14:13,2025-06-09 22:14:15,2,0
4122,L18,#30,GW252/13600,(1)停机过程,1,2025-06-09 22:13:40,2025-06-09 22:14:13,33,0.01
4123,L18,#30,GW252/13600,(4)启机状态,4,2025-06-09 22:08:41,2025-06-09 22:13:40,299,0.08
4124,L18,#30,GW252/13600,(3)待机状态,3,2025-06-09 21:59:43,2025-06-09 22:08:41,538,0.15
4125,L18,#30,GW252/13600,(1)停机过程,1,2025-06-09 21:59:10,2025-06-09 21:59:43,33,0.01
4126,L18,#30,GW252/13600,(4)启机状态,4,2025-06-09 21:54:11,2025-06-09 21:59:10,299,0.08
4127,L18,#30,GW252/13600,(3)待机状态,3,2025-06-09 20:47:40,2025-06-09 21:54:11,3991,1.11
4128,L18,#30,GW252/13600,(2)停机状态,2,2025-06-09 20:47:39,2025-06-09 20:47:40,1,0
4129,L18,#30,GW252/13600,(1)停机过程,1,2025-06-09 20:47:08,2025-06-09 20:47:39,31,0.01
4130,L18,#30,GW252/13600,(4)启机状态,4,2025-06-09 20:42:08,2025-06-09 20:47:08,300,0.08
4131,L18,#30,GW252/13600,(3)待机状态,3,2025-06-09 20:40:45,2025-06-09 20:42:08,83,0.02
4132,L18,#30,GW252/13600,(2)停机状态,2,2025-06-09 20:40:43,2025-06-09 20:40:45,2,0
4133,L18,#30,GW252/13600,(1)停机过程,1,2025-06-09 20:40:12,2025-06-09 20:40:43,31,0.01
4134,L18,#30,GW252/13600,(4)启机状态,4,2025-06-09 20:35:12,2025-06-09 20:40:12,300,0.08
4135,L18,#30,GW252/13600,(3)待机状态,3,2025-06-09 20:33:55,2025-06-09 20:35:12,77,0.02
4136,L18,#30,GW252/13600,(2)停机状态,2,2025-06-09 20:33:49,2025-06-09 20:33:55,6,0
4137,L18,#30,GW252/13600,(1)停机过程,1,2025-06-09 20:33:17,2025-06-09 20:33:49,32,0.01
4138,L18,#30,GW252/13600,(4)启机状态,4,2025-06-09 20:28:17,2025-06-09 20:33:17,300,0.08
4139,L18,#30,GW252/13600,(3)待机状态,3,2025-06-09 20:27:19,2025-06-09 20:28:17,58,0.02
4140,L18,#30,GW252/13600,(1)停机过程,1,2025-06-09 20:26:48,2025-06-09 20:27:19,31,0.01
4141,L18,#30,GW252/13600,(4)启机状态,4,2025-06-09 20:21:48,2025-06-09 20:26:48,300,0.08
4142,L18,#30,GW252/13600,(3)待机状态,3,2025-06-09 20:20:47,2025-06-09 20:21:48,61,0.02
4143,L18,#30,GW252/13600,(2)停机状态,2,2025-06-09 20:20:46,2025-06-09 20:20:47,1,0
4144,L18,#30,GW252/13600,(1)停机过程,1,2025-06-09 20:20:14,2025-06-09 20:20:46,32,0.01
4145,L18,#30,GW252/13600,(4)启机状态,4,2025-06-09 20:15:13,2025-06-09 20:20:14,301,0.08
4146,L18,#30,GW252/13600,(3)待机状态,3,2025-06-09 20:14:13,2025-06-09 20:15:13,60,0.02
4147,L18,#30,GW252/13600,(2)停机状态,2,2025-06-09 20:14:11,2025-06-09 20:14:13,2,0
4148,L18,#30,GW252/13600,(1)停机过程,1,2025-06-09 20:13:40,2025-06-09 20:14:11,31,0.01
4149,L18,#30,GW252/13600,(4)启机状态,4,2025-06-09 20:08:40,2025-06-09 20:13:40,300,0.08
4150,L18,#30,GW252/13600,(3)待机状态,3,2025-06-09 20:06:37,2025-06-09 20:08:40,123,0.03
4151,L18,#30,GW252/13600,(1)停机过程,1,2025-06-09 20:06:05,2025-06-09 20:06:37,32,0.01
4152,L18,#30,GW252/13600,(4)启机状态,4,2025-06-09 20:01:05,2025-06-09 20:06:05,300,0.08
4153,L18,#30,GW252/13600,(3)待机状态,3,2025-06-09 19:50:20,2025-06-09 20:01:05,645,0.18
4154,L18,#30,GW252/13600,(2)停机状态,2,2025-06-09 19:50:18,2025-06-09 19:50:20,2,0
4155,L18,#30,GW252/13600,(1)停机过程,1,2025-06-09 19:49:47,2025-06-09 19:50:18,31,0.01
4156,L18,#30,GW252/13600,(4)启机状态,4,2025-06-09 19:44:47,2025-06-09 19:49:47,300,0.08
4157,L18,#30,GW252/13600,(3)待机状态,3,2025-06-09 19:43:28,2025-06-09 19:44:47,79,0.02
4158,L18,#30,GW252/13600,(2)停机状态,2,2025-06-09 19:43:26,2025-06-09 19:43:28,2,0
4159,L18,#30,GW252/13600,(1)停机过程,1,2025-06-09 19:42:54,2025-06-09 19:43:26,32,0.01
4160,L18,#30,GW252/13600,(4)启机状态,4,2025-06-09 19:37:54,2025-06-09 19:42:54,300,0.08
4161,L18,#30,GW252/13600,(3)待机状态,3,2025-06-09 19:36:39,2025-06-09 19:37:54,75,0.02
4162,L18,#30,GW252/13600,(1)停机过程,1,2025-06-09 19:36:07,2025-06-09 19:36:39,32,0.01
4163,L18,#30,GW252/13600,(4)启机状态,4,2025-06-09 19:31:07,2025-06-09 19:36:07,300,0.08
4164,L18,#30,GW252/13600,(3)待机状态,3,2025-06-09 19:30:05,2025-06-09 19:31:07,62,0.02
4165,L18,#30,GW252/13600,(2)停机状态,2,2025-06-09 19:30:03,2025-06-09 19:30:05,2,0
4166,L18,#30,GW252/13600,(1)停机过程,1,2025-06-09 19:29:32,2025-06-09 19:30:03,31,0.01
4167,L18,#30,GW252/13600,(4)启机状态,4,2025-06-09 19:24:32,2025-06-09 19:29:32,300,0.08
4168,L18,#30,GW252/13600,(3)待机状态,3,2025-06-09 19:23:17,2025-06-09 19:24:32,75,0.02
4169,L18,#30,GW252/13600,(1)停机过程,1,2025-06-09 19:22:44,2025-06-09 19:23:17,33,0.01
4170,L18,#30,GW252/13600,(4)启机状态,4,2025-06-09 19:17:44,2025-06-09 19:22:44,300,0.08
4171,L18,#30,GW252/13600,(3)待机状态,3,2025-06-09 19:16:37,2025-06-09 19:17:44,67,0.02
4172,L18,#30,GW252/13600,(2)停机状态,2,2025-06-09 19:16:35,2025-06-09 19:16:37,2,0
4173,L18,#30,GW252/13600,(1)停机过程,1,2025-06-09 19:16:04,2025-06-09 19:16:35,31,0.01
4174,L18,#30,GW252/13600,(4)启机状态,4,2025-06-09 19:11:04,2025-06-09 19:16:04,300,0.08
4175,L18,#30,GW252/13600,(3)待机状态,3,2025-06-09 19:04:40,2025-06-09 19:11:04,384,0.11
4176,L18,#30,GW252/13600,(2)停机状态,2,2025-06-09 19:04:15,2025-06-09 19:04:40,25,0.01
4177,L18,#30,GW252/13600,(1)停机过程,1,2025-06-09 19:03:43,2025-06-09 19:04:15,32,0.01
4178,L18,#30,GW252/13600,(4)启机状态,4,2025-06-09 18:58:43,2025-06-09 19:03:43,300,0.08
4179,L18,#30,GW252/13600,(3)待机状态,3,2025-06-09 17:24:36,2025-06-09 18:58:43,5647,1.57
4180,L18,#30,GW252/13600,(2)停机状态,2,2025-06-09 17:24:34,2025-06-09 17:24:36,2,0
4181,L18,#30,GW252/13600,(1)停机过程,1,2025-06-09 17:24:02,2025-06-09 17:24:34,32,0.01
4182,L18,#30,GW252/13600,(4)启机状态,4,2025-06-09 17:19:02,2025-06-09 17:24:02,300,0.08
4183,L18,#30,GW252/13600,(3)待机状态,3,2025-06-09 15:47:58,2025-06-09 17:19:02,5464,1.52
4184,L18,#30,GW252/13600,(2)停机状态,2,2025-06-09 15:47:57,2025-06-09 15:47:58,1,0
4185,L18,#30,GW252/13600,(1)停机过程,1,2025-06-09 15:47:25,2025-06-09 15:47:57,32,0.01
4186,L18,#30,GW252/13600,(4)启机状态,4,2025-06-09 15:42:24,2025-06-09 15:47:25,301,0.08
4187,L18,#30,GW252/13600,(3)待机状态,3,2025-06-09 15:20:24,2025-06-09 15:42:24,1320,0.37
4188,L18,#30,GW252/13600,(2)停机状态,2,2025-06-09 15:14:46,2025-06-09 15:20:24,338,0.09
4189,L18,#30,GW252/13600,(1)停机过程,1,2025-06-09 15:14:16,2025-06-09 15:14:46,30,0.01
4190,L18,#30,GW252/13600,(4)启机状态,4,2025-06-09 15:09:16,2025-06-09 15:14:16,300,0.08
4191,L18,#30,GW252/13600,(3)待机状态,3,2025-06-09 15:07:38,2025-06-09 15:09:16,98,0.03
4192,L18,#30,GW252/13600,(2)停机状态,2,2025-06-09 15:07:36,2025-06-09 15:07:38,2,0
4193,L18,#30,GW252/13600,(1)停机过程,1,2025-06-09 15:07:05,2025-06-09 15:07:36,31,0.01
4194,L18,#30,GW252/13600,(4)启机状态,4,2025-06-09 15:02:05,2025-06-09 15:07:05,300,0.08
4195,L18,#30,GW252/13600,(3)待机状态,3,2025-06-09 15:00:24,2025-06-09 15:02:05,101,0.03
4196,L18,#30,GW252/13600,(2)停机状态,2,2025-06-09 15:00:22,2025-06-09 15:00:24,2,0
4197,L18,#30,GW252/13600,(1)停机过程,1,2025-06-09 14:59:51,2025-06-09 15:00:22,31,0.01
4198,L18,#30,GW252/13600,(4)启机状态,4,2025-06-09 14:54:51,2025-06-09 14:59:51,300,0.08
4199,L18,#30,GW252/13600,(3)待机状态,3,2025-06-09 14:50:07,2025-06-09 14:54:51,284,0.08
4200,L18,#30,GW252/13600,(2)停机状态,2,2025-06-09 14:50:05,2025-06-09 14:50:07,2,0
4201,L18,#30,GW252/13600,(1)停机过程,1,2025-06-09 14:49:34,2025-06-09 14:50:05,31,0.01
4202,L18,#30,GW252/13600,(4)启机状态,4,2025-06-09 14:44:34,2025-06-09 14:49:34,300,0.08
4203,L18,#30,GW252/13600,(3)待机状态,3,2025-06-09 14:42:20,2025-06-09 14:44:34,134,0.04
4204,L18,#30,GW252/13600,(2)停机状态,2,2025-06-09 14:42:18,2025-06-09 14:42:20,2,0
4205,L18,#30,GW252/13600,(1)停机过程,1,2025-06-09 14:41:46,2025-06-09 14:42:18,32,0.01
4206,L18,#30,GW252/13600,(4)启机状态,4,2025-06-09 14:36:46,2025-06-09 14:41:46,300,0.08
4207,L18,#30,GW252/13600,(3)待机状态,3,2025-06-09 14:25:14,2025-06-09 14:36:46,692,0.19
4208,L18,#30,GW252/13600,(2)停机状态,2,2025-06-09 14:25:13,2025-06-09 14:25:14,1,0
4209,L18,#30,GW252/13600,(1)停机过程,1,2025-06-09 14:24:42,2025-06-09 14:25:13,31,0.01
4210,L18,#30,GW252/13600,(4)启机状态,4,2025-06-09 14:19:42,2025-06-09 14:24:42,300,0.08
4211,L18,#30,GW252/13600,(3)待机状态,3,2025-06-09 14:17:11,2025-06-09 14:19:42,151,0.04
4212,L18,#30,GW252/13600,(2)停机状态,2,2025-06-09 14:17:09,2025-06-09 14:17:11,2,0
4213,L18,#30,GW252/13600,(1)停机过程,1,2025-06-09 14:16:37,2025-06-09 14:17:09,32,0.01
4214,L18,#30,GW252/13600,(4)启机状态,4,2025-06-09 14:11:37,2025-06-09 14:16:37,300,0.08
4215,L18,#30,GW252/13600,(3)待机状态,3,2025-06-09 14:10:31,2025-06-09 14:11:37,66,0.02
4216,L18,#30,GW252/13600,(2)停机状态,2,2025-06-09 14:10:29,2025-06-09 14:10:31,2,0
4217,L18,#30,GW252/13600,(1)停机过程,1,2025-06-09 14:09:58,2025-06-09 14:10:29,31,0.01
4218,L18,#30,GW252/13600,(4)启机状态,4,2025-06-09 14:04:58,2025-06-09 14:09:58,300,0.08
4219,L18,#30,GW252/13600,(3)待机状态,3,2025-06-09 14:03:56,2025-06-09 14:04:58,62,0.02
4220,L18,#30,GW252/13600,(2)停机状态,2,2025-06-09 14:03:54,2025-06-09 14:03:56,2,0
4221,L18,#30,GW252/13600,(1)停机过程,1,2025-06-09 14:03:22,2025-06-09 14:03:54,32,0.01
4222,L18,#30,GW252/13600,(4)启机状态,4,2025-06-09 13:58:22,2025-06-09 14:03:22,300,0.08
4223,L18,#30,GW252/13600,(3)待机状态,3,2025-06-09 12:44:41,2025-06-09 13:58:22,4421,1.23
4224,L18,#30,GW252/13600,(2)停机状态,2,2025-06-09 12:44:39,2025-06-09 12:44:41,2,0
4225,L18,#30,GW252/13600,(1)停机过程,1,2025-06-09 12:44:07,2025-06-09 12:44:39,32,0.01
4226,L18,#30,GW252/13600,(4)启机状态,4,2025-06-09 12:39:06,2025-06-09 12:44:07,301,0.08
4227,L18,#30,GW252/13600,(3)待机状态,3,2025-06-09 12:37:48,2025-06-09 12:39:06,78,0.02
4228,L18,#30,GW252/13600,(2)停机状态,2,2025-06-09 12:37:47,2025-06-09 12:37:48,1,0
4229,L18,#30,GW252/13600,(1)停机过程,1,2025-06-09 12:37:16,2025-06-09 12:37:47,31,0.01
4230,L18,#30,GW252/13600,(4)启机状态,4,2025-06-09 12:32:16,2025-06-09 12:37:16,300,0.08
4231,L18,#30,GW252/13600,(3)待机状态,3,2025-06-09 12:29:43,2025-06-09 12:32:16,153,0.04
4232,L18,#30,GW252/13600,(1)停机过程,1,2025-06-09 12:29:11,2025-06-09 12:29:43,32,0.01
4233,L18,#30,GW252/13600,(4)启机状态,4,2025-06-09 12:24:12,2025-06-09 12:29:11,299,0.08
4234,L18,#30,GW252/13600,(3)待机状态,3,2025-06-09 12:17:13,2025-06-09 12:24:12,419,0.12
4235,L18,#30,GW252/13600,(2)停机状态,2,2025-06-09 12:17:12,2025-06-09 12:17:13,1,0
4236,L18,#30,GW252/13600,(1)停机过程,1,2025-06-09 12:16:41,2025-06-09 12:17:12,31,0.01
4237,L18,#30,GW252/13600,(4)启机状态,4,2025-06-09 12:11:41,2025-06-09 12:16:41,300,0.08
4238,L18,#30,GW252/13600,(3)待机状态,3,2025-06-09 12:10:18,2025-06-09 12:11:41,83,0.02
4239,L18,#30,GW252/13600,(2)停机状态,2,2025-06-09 12:08:31,2025-06-09 12:10:18,107,0.03
4240,L18,#30,GW252/13600,(1)停机过程,1,2025-06-09 12:07:58,2025-06-09 12:08:31,33,0.01
4241,L18,#30,GW252/13600,(4)启机状态,4,2025-06-09 12:02:58,2025-06-09 12:07:58,300,0.08
4242,L18,#30,GW252/13600,(3)待机状态,3,2025-06-09 04:22:56,2025-06-09 12:02:58,27602,7.67
4243,L18,#30,GW252/13600,(2)停机状态,2,2025-06-09 04:17:20,2025-06-09 04:22:56,336,0.09
4244,L18,#30,GW252/13600,(1)停机过程,1,2025-06-09 04:16:23,2025-06-09 04:17:20,57,0.02
4245,L18,#30,GW252/13600,(5)发电状态,5,2025-06-08 19:04:06,2025-06-09 04:16:23,33137,9.2
4246,L18,#30,GW252/13600,(4)启机状态,4,2025-06-08 19:01:36,2025-06-08 19:04:06,150,0.04
4247,L18,#30,GW252/13600,(3)待机状态,3,2025-06-08 19:00:28,2025-06-08 19:01:36,68,0.02
4248,L18,#30,GW252/13600,(2)停机状态,2,2025-06-08 19:00:27,2025-06-08 19:00:28,1,0
4249,L18,#30,GW252/13600,(1)停机过程,1,2025-06-08 18:59:50,2025-06-08 19:00:27,37,0.01
4250,L18,#30,GW252/13600,(4)启机状态,4,2025-06-08 18:54:50,2025-06-08 18:59:50,300,0.08
4251,L18,#30,GW252/13600,(3)待机状态,3,2025-06-08 18:51:52,2025-06-08 18:54:50,178,0.05
4252,L18,#30,GW252/13600,(2)停机状态,2,2025-06-08 18:46:16,2025-06-08 18:51:52,336,0.09
4253,L18,#30,GW252/13600,(1)停机过程,1,2025-06-08 18:45:19,2025-06-08 18:46:16,57,0.02
4254,L18,#30,GW252/13600,(5)发电状态,5,2025-06-08 17:08:57,2025-06-08 18:45:19,5782,1.61
4255,L18,#30,GW252/13600,(4)启机状态,4,2025-06-08 17:07:25,2025-06-08 17:08:57,92,0.03
4256,L18,#30,GW252/13600,(3)待机状态,3,2025-06-08 17:06:26,2025-06-08 17:07:25,59,0.02
4257,L18,#30,GW252/13600,(2)停机状态,2,2025-06-08 17:06:24,2025-06-08 17:06:26,2,0
4258,L18,#30,GW252/13600,(1)停机过程,1,2025-06-08 17:05:54,2025-06-08 17:06:24,30,0.01
4259,L18,#30,GW252/13600,(4)启机状态,4,2025-06-08 17:00:54,2025-06-08 17:05:54,300,0.08
4260,L18,#30,GW252/13600,(3)待机状态,3,2025-06-08 16:51:05,2025-06-08 17:00:54,589,0.16
4261,L18,#30,GW252/13600,(2)停机状态,2,2025-06-08 16:51:02,2025-06-08 16:51:05,3,0
4262,L18,#30,GW252/13600,(1)停机过程,1,2025-06-08 16:50:31,2025-06-08 16:51:02,31,0.01
4263,L18,#30,GW252/13600,(4)启机状态,4,2025-06-08 16:45:30,2025-06-08 16:50:31,301,0.08
4264,L18,#30,GW252/13600,(3)待机状态,3,2025-06-08 16:44:15,2025-06-08 16:45:30,75,0.02
4265,L18,#30,GW252/13600,(2)停机状态,2,2025-06-08 16:44:14,2025-06-08 16:44:15,1,0
4266,L18,#30,GW252/13600,(1)停机过程,1,2025-06-08 16:43:41,2025-06-08 16:44:14,33,0.01
4267,L18,#30,GW252/13600,(4)启机状态,4,2025-06-08 16:38:41,2025-06-08 16:43:41,300,0.08
4268,L18,#30,GW252/13600,(3)待机状态,3,2025-06-08 16:37:27,2025-06-08 16:38:41,74,0.02
4269,L18,#30,GW252/13600,(2)停机状态,2,2025-06-08 16:37:26,2025-06-08 16:37:27,1,0
4270,L18,#30,GW252/13600,(1)停机过程,1,2025-06-08 16:36:55,2025-06-08 16:37:26,31,0.01
4271,L18,#30,GW252/13600,(4)启机状态,4,2025-06-08 16:31:55,2025-06-08 16:36:55,300,0.08
4272,L18,#30,GW252/13600,(3)待机状态,3,2025-06-08 16:30:47,2025-06-08 16:31:55,68,0.02
4273,L18,#30,GW252/13600,(1)停机过程,1,2025-06-08 16:30:13,2025-06-08 16:30:47,34,0.01
4274,L18,#30,GW252/13600,(4)启机状态,4,2025-06-08 16:25:14,2025-06-08 16:30:13,299,0.08
4275,L18,#30,GW252/13600,(3)待机状态,3,2025-06-08 16:24:02,2025-06-08 16:25:14,72,0.02
4276,L18,#30,GW252/13600,(1)停机过程,1,2025-06-08 16:23:30,2025-06-08 16:24:02,32,0.01
4277,L18,#30,GW252/13600,(4)启机状态,4,2025-06-08 16:18:30,2025-06-08 16:23:30,300,0.08
4278,L18,#30,GW252/13600,(3)待机状态,3,2025-06-08 15:07:18,2025-06-08 16:18:30,4272,1.19
4279,L18,#30,GW252/13600,(2)停机状态,2,2025-06-08 15:01:41,2025-06-08 15:07:18,337,0.09
4280,L18,#30,GW252/13600,(1)停机过程,1,2025-06-08 15:01:10,2025-06-08 15:01:41,31,0.01
4281,L18,#30,GW252/13600,(4)启机状态,4,2025-06-08 14:56:09,2025-06-08 15:01:10,301,0.08
4282,L18,#30,GW252/13600,(3)待机状态,3,2025-06-08 13:52:48,2025-06-08 14:56:09,3801,1.06
4283,L18,#30,GW252/13600,(2)停机状态,2,2025-06-08 13:52:47,2025-06-08 13:52:48,1,0
4284,L18,#30,GW252/13600,(1)停机过程,1,2025-06-08 13:52:15,2025-06-08 13:52:47,32,0.01
4285,L18,#30,GW252/13600,(4)启机状态,4,2025-06-08 13:47:15,2025-06-08 13:52:15,300,0.08
4286,L18,#30,GW252/13600,(3)待机状态,3,2025-06-08 13:29:16,2025-06-08 13:47:15,1079,0.3
4287,L18,#30,GW252/13600,(1)停机过程,1,2025-06-08 13:28:44,2025-06-08 13:29:16,32,0.01
4288,L18,#30,GW252/13600,(4)启机状态,4,2025-06-08 13:23:43,2025-06-08 13:28:44,301,0.08
4289,L18,#30,GW252/13600,(3)待机状态,3,2025-06-08 13:18:32,2025-06-08 13:23:43,311,0.09
4290,L18,#30,GW252/13600,(1)停机过程,1,2025-06-08 13:18:02,2025-06-08 13:18:32,30,0.01
4291,L18,#30,GW252/13600,(4)启机状态,4,2025-06-08 13:13:01,2025-06-08 13:18:02,301,0.08
4292,L18,#30,GW252/13600,(3)待机状态,3,2025-06-08 13:11:17,2025-06-08 13:13:01,104,0.03
4293,L18,#30,GW252/13600,(2)停机状态,2,2025-06-08 13:11:15,2025-06-08 13:11:17,2,0
4294,L18,#30,GW252/13600,(1)停机过程,1,2025-06-08 13:10:45,2025-06-08 13:11:15,30,0.01
4295,L18,#30,GW252/13600,(4)启机状态,4,2025-06-08 13:05:43,2025-06-08 13:10:45,302,0.08
4296,L18,#30,GW252/13600,(3)待机状态,3,2025-06-08 12:56:24,2025-06-08 13:05:43,559,0.16
4297,L18,#30,GW252/13600,(2)停机状态,2,2025-06-08 12:56:22,2025-06-08 12:56:24,2,0
4298,L18,#30,GW252/13600,(1)停机过程,1,2025-06-08 12:55:49,2025-06-08 12:56:22,33,0.01
4299,L18,#30,GW252/13600,(4)启机状态,4,2025-06-08 12:50:49,2025-06-08 12:55:49,300,0.08
4300,L18,#30,GW252/13600,(3)待机状态,3,2025-06-08 12:40:30,2025-06-08 12:50:49,619,0.17
4301,L18,#30,GW252/13600,(2)停机状态,2,2025-06-08 12:36:14,2025-06-08 12:40:30,256,0.07
4302,L18,#30,GW252/13600,(1)停机过程,1,2025-06-08 12:35:17,2025-06-08 12:36:14,57,0.02
4303,L18,#30,GW252/13600,(5)发电状态,5,2025-06-08 11:28:17,2025-06-08 12:35:17,4020,1.12
4304,L18,#30,GW252/13600,(4)启机状态,4,2025-06-08 11:26:32,2025-06-08 11:28:17,105,0.03
4305,L18,#30,GW252/13600,(3)待机状态,3,2025-06-08 11:25:37,2025-06-08 11:26:32,55,0.02
4306,L18,#30,GW252/13600,(2)停机状态,2,2025-06-08 11:25:36,2025-06-08 11:25:37,1,0
4307,L18,#30,GW252/13600,(1)停机过程,1,2025-06-08 11:24:48,2025-06-08 11:25:36,48,0.01
4308,L18,#30,GW252/13600,(4)启机状态,4,2025-06-08 11:19:49,2025-06-08 11:24:48,299,0.08
4309,L18,#30,GW252/13600,(3)待机状态,3,2025-06-08 11:18:47,2025-06-08 11:19:49,62,0.02
4310,L18,#30,GW252/13600,(2)停机状态,2,2025-06-08 11:18:46,2025-06-08 11:18:47,1,0
4311,L18,#30,GW252/13600,(1)停机过程,1,2025-06-08 11:18:15,2025-06-08 11:18:46,31,0.01
4312,L18,#30,GW252/13600,(4)启机状态,4,2025-06-08 11:13:15,2025-06-08 11:18:15,300,0.08
4313,L18,#30,GW252/13600,(3)待机状态,3,2025-06-08 11:12:00,2025-06-08 11:13:15,75,0.02
4314,L18,#30,GW252/13600,(2)停机状态,2,2025-06-08 11:11:57,2025-06-08 11:12:00,3,0
4315,L18,#30,GW252/13600,(1)停机过程,1,2025-06-08 11:11:25,2025-06-08 11:11:57,32,0.01
4316,L18,#30,GW252/13600,(4)启机状态,4,2025-06-08 11:06:26,2025-06-08 11:11:25,299,0.08
4317,L18,#30,GW252/13600,(3)待机状态,3,2025-06-08 11:05:21,2025-06-08 11:06:26,65,0.02
4318,L18,#30,GW252/13600,(2)停机状态,2,2025-06-08 11:05:19,2025-06-08 11:05:21,2,0
4319,L18,#30,GW252/13600,(1)停机过程,1,2025-06-08 11:04:48,2025-06-08 11:05:19,31,0.01
4320,L18,#30,GW252/13600,(4)启机状态,4,2025-06-08 10:59:48,2025-06-08 11:04:48,300,0.08
4321,L18,#30,GW252/13600,(3)待机状态,3,2025-06-08 10:58:34,2025-06-08 10:59:48,74,0.02
4322,L18,#30,GW252/13600,(1)停机过程,1,2025-06-08 10:58:02,2025-06-08 10:58:34,32,0.01
4323,L18,#30,GW252/13600,(4)启机状态,4,2025-06-08 10:53:02,2025-06-08 10:58:02,300,0.08
4324,L18,#30,GW252/13600,(3)待机状态,3,2025-06-08 10:51:47,2025-06-08 10:53:02,75,0.02
4325,L18,#30,GW252/13600,(2)停机状态,2,2025-06-08 10:51:46,2025-06-08 10:51:47,1,0
4326,L18,#30,GW252/13600,(1)停机过程,1,2025-06-08 10:51:13,2025-06-08 10:51:46,33,0.01
4327,L18,#30,GW252/13600,(4)启机状态,4,2025-06-08 10:46:13,2025-06-08 10:51:13,300,0.08
4328,L18,#30,GW252/13600,(3)待机状态,3,2025-06-08 10:45:05,2025-06-08 10:46:13,68,0.02
4329,L18,#30,GW252/13600,(2)停机状态,2,2025-06-08 10:45:04,2025-06-08 10:45:05,1,0
4330,L18,#30,GW252/13600,(1)停机过程,1,2025-06-08 10:44:33,2025-06-08 10:45:04,31,0.01
4331,L18,#30,GW252/13600,(4)启机状态,4,2025-06-08 10:39:33,2025-06-08 10:44:33,300,0.08
4332,L18,#30,GW252/13600,(3)待机状态,3,2025-06-08 10:38:33,2025-06-08 10:39:33,60,0.02
4333,L18,#30,GW252/13600,(2)停机状态,2,2025-06-08 10:38:32,2025-06-08 10:38:33,1,0
4334,L18,#30,GW252/13600,(1)停机过程,1,2025-06-08 10:38:00,2025-06-08 10:38:32,32,0.01
4335,L18,#30,GW252/13600,(4)启机状态,4,2025-06-08 10:32:59,2025-06-08 10:38:00,301,0.08
4336,L18,#30,GW252/13600,(3)待机状态,3,2025-06-08 10:27:39,2025-06-08 10:32:59,320,0.09
4337,L18,#30,GW252/13600,(2)停机状态,2,2025-06-08 10:27:37,2025-06-08 10:27:39,2,0
4338,L18,#30,GW252/13600,(1)停机过程,1,2025-06-08 10:27:05,2025-06-08 10:27:37,32,0.01
4339,L18,#30,GW252/13600,(4)启机状态,4,2025-06-08 10:22:04,2025-06-08 10:27:05,301,0.08
4340,L18,#30,GW252/13600,(3)待机状态,3,2025-06-08 10:20:54,2025-06-08 10:22:04,70,0.02
4341,L18,#30,GW252/13600,(2)停机状态,2,2025-06-08 10:20:53,2025-06-08 10:20:54,1,0
4342,L18,#30,GW252/13600,(1)停机过程,1,2025-06-08 10:20:22,2025-06-08 10:20:53,31,0.01
4343,L18,#30,GW252/13600,(4)启机状态,4,2025-06-08 10:15:22,2025-06-08 10:20:22,300,0.08
4344,L18,#30,GW252/13600,(3)待机状态,3,2025-06-08 09:44:49,2025-06-08 10:15:22,1833,0.51
4345,L18,#30,GW252/13600,(2)停机状态,2,2025-06-08 09:44:43,2025-06-08 09:44:49,6,0
4346,L18,#30,GW252/13600,(1)停机过程,1,2025-06-08 09:44:11,2025-06-08 09:44:43,32,0.01
4347,L18,#30,GW252/13600,(4)启机状态,4,2025-06-08 09:39:11,2025-06-08 09:44:11,300,0.08
4348,L18,#30,GW252/13600,(3)待机状态,3,2025-06-08 09:37:48,2025-06-08 09:39:11,83,0.02
4349,L18,#30,GW252/13600,(2)停机状态,2,2025-06-08 09:34:05,2025-06-08 09:37:48,223,0.06
4350,L18,#30,GW252/13600,(1)停机过程,1,2025-06-08 09:33:33,2025-06-08 09:34:05,32,0.01
4351,L18,#30,GW252/13600,(4)启机状态,4,2025-06-08 09:28:33,2025-06-08 09:33:33,300,0.08
4352,L18,#30,GW252/13600,(3)待机状态,3,2025-06-08 09:26:09,2025-06-08 09:28:33,144,0.04
4353,L18,#30,GW252/13600,(1)停机过程,1,2025-06-08 09:25:37,2025-06-08 09:26:09,32,0.01
4354,L18,#30,GW252/13600,(4)启机状态,4,2025-06-08 09:20:37,2025-06-08 09:25:37,300,0.08
4355,L18,#30,GW252/13600,(3)待机状态,3,2025-06-08 09:18:00,2025-06-08 09:20:37,157,0.04
4356,L18,#30,GW252/13600,(2)停机状态,2,2025-06-08 09:17:59,2025-06-08 09:18:00,1,0
4357,L18,#30,GW252/13600,(1)停机过程,1,2025-06-08 09:17:28,2025-06-08 09:17:59,31,0.01
4358,L18,#30,GW252/13600,(4)启机状态,4,2025-06-08 09:12:27,2025-06-08 09:17:28,301,0.08
4359,L18,#30,GW252/13600,(3)待机状态,3,2025-06-08 09:11:14,2025-06-08 09:12:27,73,0.02
4360,L18,#30,GW252/13600,(2)停机状态,2,2025-06-08 09:11:13,2025-06-08 09:11:14,1,0
4361,L18,#30,GW252/13600,(1)停机过程,1,2025-06-08 09:10:42,2025-06-08 09:11:13,31,0.01
4362,L18,#30,GW252/13600,(4)启机状态,4,2025-06-08 09:05:42,2025-06-08 09:10:42,300,0.08
4363,L18,#30,GW252/13600,(3)待机状态,3,2025-06-08 09:04:38,2025-06-08 09:05:42,64,0.02
4364,L18,#30,GW252/13600,(1)停机过程,1,2025-06-08 09:04:05,2025-06-08 09:04:38,33,0.01
4365,L18,#30,GW252/13600,(4)启机状态,4,2025-06-08 08:59:05,2025-06-08 09:04:05,300,0.08
4366,L18,#30,GW252/13600,(3)待机状态,3,2025-06-08 08:57:55,2025-06-08 08:59:05,70,0.02
4367,L18,#30,GW252/13600,(2)停机状态,2,2025-06-08 08:57:53,2025-06-08 08:57:55,2,0
4368,L18,#30,GW252/13600,(1)停机过程,1,2025-06-08 08:57:22,2025-06-08 08:57:53,31,0.01
4369,L18,#30,GW252/13600,(4)启机状态,4,2025-06-08 08:52:21,2025-06-08 08:57:22,301,0.08
4370,L18,#30,GW252/13600,(3)待机状态,3,2025-06-08 08:49:55,2025-06-08 08:52:21,146,0.04
4371,L18,#30,GW252/13600,(2)停机状态,2,2025-06-08 08:49:53,2025-06-08 08:49:55,2,0
4372,L18,#30,GW252/13600,(1)停机过程,1,2025-06-08 08:49:22,2025-06-08 08:49:53,31,0.01
4373,L18,#30,GW252/13600,(4)启机状态,4,2025-06-08 08:44:22,2025-06-08 08:49:22,300,0.08
4374,L18,#30,GW252/13600,(3)待机状态,3,2025-06-08 08:22:06,2025-06-08 08:44:22,1336,0.37
4375,L18,#30,GW252/13600,(2)停机状态,2,2025-06-08 08:19:05,2025-06-08 08:22:06,181,0.05
4376,L18,#30,GW252/13600,(1)停机过程,1,2025-06-08 08:18:33,2025-06-08 08:19:05,32,0.01
4377,L18,#30,GW252/13600,(4)启机状态,4,2025-06-08 08:13:33,2025-06-08 08:18:33,300,0.08
4378,L18,#30,GW252/13600,(3)待机状态,3,2025-06-08 08:00:52,2025-06-08 08:13:33,761,0.21
4379,L18,#30,GW252/13600,(2)停机状态,2,2025-06-08 07:55:09,2025-06-08 08:00:52,343,0.1
4380,L18,#30,GW252/13600,(1)停机过程,1,2025-06-08 07:54:12,2025-06-08 07:55:09,57,0.02
4381,L18,#30,GW252/13600,(5)发电状态,5,2025-06-07 22:53:38,2025-06-08 07:54:12,32434,9.01
4382,L18,#30,GW252/13600,(9)维护状态,9,2025-06-07 07:09:57,2025-06-07 22:53:38,56621,15.73
4383,L18,#30,GW252/13600,(2)停机状态,2,2025-06-07 07:03:40,2025-06-07 07:09:57,377,0.1
4384,L18,#30,GW252/13600,(1)停机过程,1,2025-06-07 07:02:42,2025-06-07 07:03:40,58,0.02
4385,L18,#30,GW252/13600,(5)发电状态,5,2025-06-06 16:49:52,2025-06-07 07:02:42,51170,14.21
4386,L18,#30,GW252/13600,(4)启机状态,4,2025-06-06 16:47:02,2025-06-06 16:49:52,170,0.05
4387,L18,#30,GW252/13600,(3)待机状态,3,2025-06-06 16:45:10,2025-06-06 16:47:02,112,0.03
4388,L18,#30,GW252/13600,(2)停机状态,2,2025-06-06 16:45:09,2025-06-06 16:45:10,1,0
4389,L18,#30,GW252/13600,(1)停机过程,1,2025-06-06 16:44:38,2025-06-06 16:45:09,31,0.01
4390,L18,#30,GW252/13600,(4)启机状态,4,2025-06-06 16:39:37,2025-06-06 16:44:38,301,0.08
4391,L18,#30,GW252/13600,(3)待机状态,3,2025-06-06 16:37:26,2025-06-06 16:39:37,131,0.04
4392,L18,#30,GW252/13600,(2)停机状态,2,2025-06-06 16:37:25,2025-06-06 16:37:26,1,0
4393,L18,#30,GW252/13600,(1)停机过程,1,2025-06-06 16:36:52,2025-06-06 16:37:25,33,0.01
4394,L18,#30,GW252/13600,(4)启机状态,4,2025-06-06 16:31:52,2025-06-06 16:36:52,300,0.08
4395,L18,#30,GW252/13600,(3)待机状态,3,2025-06-06 16:29:41,2025-06-06 16:31:52,131,0.04
4396,L18,#30,GW252/13600,(2)停机状态,2,2025-06-06 16:27:39,2025-06-06 16:29:41,122,0.03
4397,L18,#30,GW252/13600,(1)停机过程,1,2025-06-06 16:27:06,2025-06-06 16:27:39,33,0.01
4398,L18,#30,GW252/13600,(4)启机状态,4,2025-06-06 16:22:06,2025-06-06 16:27:06,300,0.08
4399,L18,#30,GW252/13600,(3)待机状态,3,2025-06-06 16:21:10,2025-06-06 16:22:06,56,0.02
4400,L18,#30,GW252/13600,(2)停机状态,2,2025-06-06 16:21:09,2025-06-06 16:21:10,1,0
4401,L18,#30,GW252/13600,(1)停机过程,1,2025-06-06 16:20:25,2025-06-06 16:21:09,44,0.01
4402,L18,#30,GW252/13600,(4)启机状态,4,2025-06-06 16:15:24,2025-06-06 16:20:25,301,0.08
4403,L18,#30,GW252/13600,(3)待机状态,3,2025-06-06 16:14:20,2025-06-06 16:15:24,64,0.02
4404,L18,#30,GW252/13600,(2)停机状态,2,2025-06-06 16:13:54,2025-06-06 16:14:20,26,0.01
4405,L18,#30,GW252/13600,(1)停机过程,1,2025-06-06 16:13:22,2025-06-06 16:13:54,32,0.01
4406,L18,#30,GW252/13600,(4)启机状态,4,2025-06-06 16:08:23,2025-06-06 16:13:22,299,0.08
4407,L18,#30,GW252/13600,(3)待机状态,3,2025-06-06 16:07:17,2025-06-06 16:08:23,66,0.02
4408,L18,#30,GW252/13600,(1)停机过程,1,2025-06-06 16:06:19,2025-06-06 16:07:17,58,0.02
4409,L18,#30,GW252/13600,(5)发电状态,5,2025-06-06 14:56:33,2025-06-06 16:06:19,4186,1.16
4410,L18,#30,GW252/13600,(4)启机状态,4,2025-06-06 14:54:31,2025-06-06 14:56:33,122,0.03
4411,L18,#30,GW252/13600,(3)待机状态,3,2025-06-06 14:53:29,2025-06-06 14:54:31,62,0.02
4412,L18,#30,GW252/13600,(2)停机状态,2,2025-06-06 14:53:28,2025-06-06 14:53:29,1,0
4413,L18,#30,GW252/13600,(1)停机过程,1,2025-06-06 14:52:55,2025-06-06 14:53:28,33,0.01
4414,L18,#30,GW252/13600,(4)启机状态,4,2025-06-06 14:47:55,2025-06-06 14:52:55,300,0.08
4415,L18,#30,GW252/13600,(3)待机状态,3,2025-06-06 14:46:50,2025-06-06 14:47:55,65,0.02
4416,L18,#30,GW252/13600,(2)停机状态,2,2025-06-06 14:46:44,2025-06-06 14:46:50,6,0
4417,L18,#30,GW252/13600,(1)停机过程,1,2025-06-06 14:46:14,2025-06-06 14:46:44,30,0.01
4418,L18,#30,GW252/13600,(4)启机状态,4,2025-06-06 14:41:14,2025-06-06 14:46:14,300,0.08
4419,L18,#30,GW252/13600,(3)待机状态,3,2025-06-06 14:40:10,2025-06-06 14:41:14,64,0.02
4420,L18,#30,GW252/13600,(2)停机状态,2,2025-06-06 14:40:08,2025-06-06 14:40:10,2,0
4421,L18,#30,GW252/13600,(1)停机过程,1,2025-06-06 14:39:35,2025-06-06 14:40:08,33,0.01
4422,L18,#30,GW252/13600,(4)启机状态,4,2025-06-06 14:34:35,2025-06-06 14:39:35,300,0.08
4423,L18,#30,GW252/13600,(3)待机状态,3,2025-06-06 14:33:28,2025-06-06 14:34:35,67,0.02
4424,L18,#30,GW252/13600,(2)停机状态,2,2025-06-06 14:33:27,2025-06-06 14:33:28,1,0
4425,L18,#30,GW252/13600,(1)停机过程,1,2025-06-06 14:32:56,2025-06-06 14:33:27,31,0.01
4426,L18,#30,GW252/13600,(4)启机状态,4,2025-06-06 14:27:56,2025-06-06 14:32:56,300,0.08
4427,L18,#30,GW252/13600,(3)待机状态,3,2025-06-06 14:25:55,2025-06-06 14:27:56,121,0.03
4428,L18,#30,GW252/13600,(2)停机状态,2,2025-06-06 14:25:53,2025-06-06 14:25:55,2,0
4429,L18,#30,GW252/13600,(1)停机过程,1,2025-06-06 14:25:22,2025-06-06 14:25:53,31,0.01
4430,L18,#30,GW252/13600,(4)启机状态,4,2025-06-06 14:20:22,2025-06-06 14:25:22,300,0.08
4431,L18,#30,GW252/13600,(3)待机状态,3,2025-06-06 14:19:10,2025-06-06 14:20:22,72,0.02
4432,L18,#30,GW252/13600,(2)停机状态,2,2025-06-06 14:19:09,2025-06-06 14:19:10,1,0
4433,L18,#30,GW252/13600,(1)停机过程,1,2025-06-06 14:18:36,2025-06-06 14:19:09,33,0.01
4434,L18,#30,GW252/13600,(4)启机状态,4,2025-06-06 14:13:37,2025-06-06 14:18:36,299,0.08
4435,L18,#30,GW252/13600,(3)待机状态,3,2025-06-06 14:12:14,2025-06-06 14:13:37,83,0.02
4436,L18,#30,GW252/13600,(2)停机状态,2,2025-06-06 14:12:12,2025-06-06 14:12:14,2,0
4437,L18,#30,GW252/13600,(1)停机过程,1,2025-06-06 14:11:39,2025-06-06 14:12:12,33,0.01
4438,L18,#30,GW252/13600,(4)启机状态,4,2025-06-06 14:06:39,2025-06-06 14:11:39,300,0.08
4439,L18,#30,GW252/13600,(3)待机状态,3,2025-06-06 13:58:34,2025-06-06 14:06:39,485,0.13
4440,L18,#30,GW252/13600,(2)停机状态,2,2025-06-06 13:58:25,2025-06-06 13:58:34,9,0
4441,L18,#30,GW252/13600,(1)停机过程,1,2025-06-06 13:57:54,2025-06-06 13:58:25,31,0.01
4442,L18,#30,GW252/13600,(4)启机状态,4,2025-06-06 13:52:54,2025-06-06 13:57:54,300,0.08
4443,L18,#30,GW252/13600,(3)待机状态,3,2025-06-06 11:54:38,2025-06-06 13:52:54,7096,1.97
4444,L18,#30,GW252/13600,(2)停机状态,2,2025-06-06 11:54:36,2025-06-06 11:54:38,2,0
4445,L18,#30,GW252/13600,(1)停机过程,1,2025-06-06 11:54:04,2025-06-06 11:54:36,32,0.01
4446,L18,#30,GW252/13600,(4)启机状态,4,2025-06-06 11:49:04,2025-06-06 11:54:04,300,0.08
4447,L18,#30,GW252/13600,(3)待机状态,3,2025-06-06 11:10:40,2025-06-06 11:49:04,2304,0.64
4448,L18,#30,GW252/13600,(2)停机状态,2,2025-06-06 11:10:39,2025-06-06 11:10:40,1,0
4449,L18,#30,GW252/13600,(1)停机过程,1,2025-06-06 11:10:09,2025-06-06 11:10:39,30,0.01
4450,L18,#30,GW252/13600,(4)启机状态,4,2025-06-06 11:05:07,2025-06-06 11:10:09,302,0.08
4451,L18,#30,GW252/13600,(3)待机状态,3,2025-06-06 10:51:30,2025-06-06 11:05:07,817,0.23
4452,L18,#30,GW252/13600,(2)停机状态,2,2025-06-06 10:51:01,2025-06-06 10:51:30,29,0.01
4453,L18,#30,GW252/13600,(1)停机过程,1,2025-06-06 10:50:29,2025-06-06 10:51:01,32,0.01
4454,L18,#30,GW252/13600,(4)启机状态,4,2025-06-06 10:45:29,2025-06-06 10:50:29,300,0.08
4455,L18,#30,GW252/13600,(3)待机状态,3,2025-06-06 10:43:44,2025-06-06 10:45:29,105,0.03
4456,L18,#30,GW252/13600,(2)停机状态,2,2025-06-06 10:43:43,2025-06-06 10:43:44,1,0
4457,L18,#30,GW252/13600,(1)停机过程,1,2025-06-06 10:43:12,2025-06-06 10:43:43,31,0.01
4458,L18,#30,GW252/13600,(4)启机状态,4,2025-06-06 10:38:12,2025-06-06 10:43:12,300,0.08
4459,L18,#30,GW252/13600,(3)待机状态,3,2025-06-06 10:21:10,2025-06-06 10:38:12,1022,0.28
4460,L18,#30,GW252/13600,(2)停机状态,2,2025-06-06 10:21:08,2025-06-06 10:21:10,2,0
4461,L18,#30,GW252/13600,(1)停机过程,1,2025-06-06 10:20:37,2025-06-06 10:21:08,31,0.01
4462,L18,#30,GW252/13600,(4)启机状态,4,2025-06-06 10:15:37,2025-06-06 10:20:37,300,0.08
4463,L18,#30,GW252/13600,(3)待机状态,3,2025-06-06 10:11:51,2025-06-06 10:15:37,226,0.06
4464,L18,#30,GW252/13600,(2)停机状态,2,2025-06-06 10:11:49,2025-06-06 10:11:51,2,0
4465,L18,#30,GW252/13600,(1)停机过程,1,2025-06-06 10:11:17,2025-06-06 10:11:49,32,0.01
4466,L18,#30,GW252/13600,(4)启机状态,4,2025-06-06 10:06:17,2025-06-06 10:11:17,300,0.08
4467,L18,#30,GW252/13600,(3)待机状态,3,2025-06-06 10:04:20,2025-06-06 10:06:17,117,0.03
4468,L18,#30,GW252/13600,(2)停机状态,2,2025-06-06 10:04:19,2025-06-06 10:04:20,1,0
4469,L18,#30,GW252/13600,(1)停机过程,1,2025-06-06 10:03:48,2025-06-06 10:04:19,31,0.01
4470,L18,#30,GW252/13600,(4)启机状态,4,2025-06-06 09:58:49,2025-06-06 10:03:48,299,0.08
4471,L18,#30,GW252/13600,(3)待机状态,3,2025-06-06 09:57:25,2025-06-06 09:58:49,84,0.02
4472,L18,#30,GW252/13600,(2)停机状态,2,2025-06-06 09:57:24,2025-06-06 09:57:25,1,0
4473,L18,#30,GW252/13600,(1)停机过程,1,2025-06-06 09:56:52,2025-06-06 09:57:24,32,0.01
4474,L18,#30,GW252/13600,(4)启机状态,4,2025-06-06 09:51:52,2025-06-06 09:56:52,300,0.08
4475,L18,#30,GW252/13600,(3)待机状态,3,2025-06-06 09:49:38,2025-06-06 09:51:52,134,0.04
4476,L18,#30,GW252/13600,(2)停机状态,2,2025-06-06 09:49:37,2025-06-06 09:49:38,1,0
4477,L18,#30,GW252/13600,(1)停机过程,1,2025-06-06 09:49:07,2025-06-06 09:49:37,30,0.01
4478,L18,#30,GW252/13600,(4)启机状态,4,2025-06-06 09:44:07,2025-06-06 09:49:07,300,0.08
4479,L18,#30,GW252/13600,(3)待机状态,3,2025-06-06 09:42:07,2025-06-06 09:44:07,120,0.03
4480,L18,#30,GW252/13600,(2)停机状态,2,2025-06-06 09:42:06,2025-06-06 09:42:07,1,0
4481,L18,#30,GW252/13600,(1)停机过程,1,2025-06-06 09:41:34,2025-06-06 09:42:06,32,0.01
4482,L18,#30,GW252/13600,(4)启机状态,4,2025-06-06 09:36:34,2025-06-06 09:41:34,300,0.08
4483,L18,#30,GW252/13600,(3)待机状态,3,2025-06-06 09:35:17,2025-06-06 09:36:34,77,0.02
4484,L18,#30,GW252/13600,(2)停机状态,2,2025-06-06 09:35:15,2025-06-06 09:35:17,2,0
4485,L18,#30,GW252/13600,(1)停机过程,1,2025-06-06 09:34:44,2025-06-06 09:35:15,31,0.01
4486,L18,#30,GW252/13600,(4)启机状态,4,2025-06-06 09:29:45,2025-06-06 09:34:44,299,0.08
4487,L18,#30,GW252/13600,(3)待机状态,3,2025-06-06 09:28:37,2025-06-06 09:29:45,68,0.02
4488,L18,#30,GW252/13600,(2)停机状态,2,2025-06-06 09:28:36,2025-06-06 09:28:37,1,0
4489,L18,#30,GW252/13600,(1)停机过程,1,2025-06-06 09:28:03,2025-06-06 09:28:36,33,0.01
4490,L18,#30,GW252/13600,(4)启机状态,4,2025-06-06 09:23:02,2025-06-06 09:28:03,301,0.08
4491,L18,#30,GW252/13600,(3)待机状态,3,2025-06-06 09:21:52,2025-06-06 09:23:02,70,0.02
4492,L18,#30,GW252/13600,(2)停机状态,2,2025-06-06 09:21:51,2025-06-06 09:21:52,1,0
4493,L18,#30,GW252/13600,(1)停机过程,1,2025-06-06 09:21:20,2025-06-06 09:21:51,31,0.01
4494,L18,#30,GW252/13600,(4)启机状态,4,2025-06-06 09:16:20,2025-06-06 09:21:20,300,0.08
4495,L18,#30,GW252/13600,(3)待机状态,3,2025-06-06 09:14:41,2025-06-06 09:16:20,99,0.03
4496,L18,#30,GW252/13600,(2)停机状态,2,2025-06-06 09:14:39,2025-06-06 09:14:41,2,0
4497,L18,#30,GW252/13600,(1)停机过程,1,2025-06-06 09:14:08,2025-06-06 09:14:39,31,0.01
4498,L18,#30,GW252/13600,(4)启机状态,4,2025-06-06 09:09:08,2025-06-06 09:14:08,300,0.08
4499,L18,#30,GW252/13600,(3)待机状态,3,2025-06-06 09:07:20,2025-06-06 09:09:08,108,0.03
4500,L18,#30,GW252/13600,(2)停机状态,2,2025-06-06 09:07:18,2025-06-06 09:07:20,2,0
4501,L18,#30,GW252/13600,(1)停机过程,1,2025-06-06 09:06:47,2025-06-06 09:07:18,31,0.01
4502,L18,#30,GW252/13600,(4)启机状态,4,2025-06-06 09:01:47,2025-06-06 09:06:47,300,0.08
4503,L18,#30,GW252/13600,(3)待机状态,3,2025-06-06 09:00:19,2025-06-06 09:01:47,88,0.02
4504,L18,#30,GW252/13600,(2)停机状态,2,2025-06-06 09:00:18,2025-06-06 09:00:19,1,0
4505,L18,#30,GW252/13600,(1)停机过程,1,2025-06-06 08:59:47,2025-06-06 09:00:18,31,0.01
4506,L18,#30,GW252/13600,(4)启机状态,4,2025-06-06 08:54:47,2025-06-06 08:59:47,300,0.08
4507,L18,#30,GW252/13600,(3)待机状态,3,2025-06-06 08:53:42,2025-06-06 08:54:47,65,0.02
4508,L18,#30,GW252/13600,(2)停机状态,2,2025-06-06 08:53:41,2025-06-06 08:53:42,1,0
4509,L18,#30,GW252/13600,(1)停机过程,1,2025-06-06 08:53:10,2025-06-06 08:53:41,31,0.01
4510,L18,#30,GW252/13600,(4)启机状态,4,2025-06-06 08:48:09,2025-06-06 08:53:10,301,0.08
4511,L18,#30,GW252/13600,(3)待机状态,3,2025-06-06 08:39:34,2025-06-06 08:48:09,515,0.14
4512,L18,#30,GW252/13600,(2)停机状态,2,2025-06-06 08:38:50,2025-06-06 08:39:34,44,0.01
4513,L18,#30,GW252/13600,(1)停机过程,1,2025-06-06 08:38:17,2025-06-06 08:38:50,33,0.01
4514,L18,#30,GW252/13600,(4)启机状态,4,2025-06-06 08:33:17,2025-06-06 08:38:17,300,0.08
4515,L18,#30,GW252/13600,(3)待机状态,3,2025-06-06 08:29:10,2025-06-06 08:33:17,247,0.07
4516,L18,#30,GW252/13600,(2)停机状态,2,2025-06-06 08:29:09,2025-06-06 08:29:10,1,0
4517,L18,#30,GW252/13600,(1)停机过程,1,2025-06-06 08:28:36,2025-06-06 08:29:09,33,0.01
4518,L18,#30,GW252/13600,(4)启机状态,4,2025-06-06 08:23:36,2025-06-06 08:28:36,300,0.08
4519,L18,#30,GW252/13600,(3)待机状态,3,2025-06-06 08:22:24,2025-06-06 08:23:36,72,0.02
4520,L18,#30,GW252/13600,(2)停机状态,2,2025-06-06 08:22:23,2025-06-06 08:22:24,1,0
4521,L18,#30,GW252/13600,(1)停机过程,1,2025-06-06 08:21:52,2025-06-06 08:22:23,31,0.01
4522,L18,#30,GW252/13600,(4)启机状态,4,2025-06-06 08:16:52,2025-06-06 08:21:52,300,0.08
4523,L18,#30,GW252/13600,(3)待机状态,3,2025-06-06 08:15:34,2025-06-06 08:16:52,78,0.02
4524,L18,#30,GW252/13600,(2)停机状态,2,2025-06-06 08:15:33,2025-06-06 08:15:34,1,0
4525,L18,#30,GW252/13600,(1)停机过程,1,2025-06-06 08:15:02,2025-06-06 08:15:33,31,0.01
4526,L18,#30,GW252/13600,(4)启机状态,4,2025-06-06 08:10:02,2025-06-06 08:15:02,300,0.08
4527,L18,#30,GW252/13600,(3)待机状态,3,2025-06-06 08:08:09,2025-06-06 08:10:02,113,0.03
4528,L18,#30,GW252/13600,(2)停机状态,2,2025-06-06 08:08:08,2025-06-06 08:08:09,1,0
4529,L18,#30,GW252/13600,(1)停机过程,1,2025-06-06 08:07:37,2025-06-06 08:08:08,31,0.01
4530,L18,#30,GW252/13600,(4)启机状态,4,2025-06-06 08:02:37,2025-06-06 08:07:37,300,0.08
4531,L18,#30,GW252/13600,(3)待机状态,3,2025-06-06 08:01:08,2025-06-06 08:02:37,89,0.02
4532,L18,#30,GW252/13600,(2)停机状态,2,2025-06-06 08:01:06,2025-06-06 08:01:08,2,0
4533,L18,#30,GW252/13600,(1)停机过程,1,2025-06-06 08:00:34,2025-06-06 08:01:06,32,0.01
4534,L18,#30,GW252/13600,(4)启机状态,4,2025-06-06 07:55:34,2025-06-06 08:00:34,300,0.08
4535,L18,#30,GW252/13600,(3)待机状态,3,2025-06-06 07:54:03,2025-06-06 07:55:34,91,0.03
4536,L18,#30,GW252/13600,(2)停机状态,2,2025-06-06 07:54:01,2025-06-06 07:54:03,2,0
4537,L18,#30,GW252/13600,(1)停机过程,1,2025-06-06 07:53:28,2025-06-06 07:54:01,33,0.01
4538,L18,#30,GW252/13600,(4)启机状态,4,2025-06-06 07:48:29,2025-06-06 07:53:28,299,0.08
4539,L18,#30,GW252/13600,(3)待机状态,3,2025-06-06 07:45:34,2025-06-06 07:48:29,175,0.05
4540,L18,#30,GW252/13600,(2)停机状态,2,2025-06-06 07:45:32,2025-06-06 07:45:34,2,0
4541,L18,#30,GW252/13600,(1)停机过程,1,2025-06-06 07:44:59,2025-06-06 07:45:32,33,0.01
4542,L18,#30,GW252/13600,(4)启机状态,4,2025-06-06 07:40:00,2025-06-06 07:44:59,299,0.08
4543,L18,#30,GW252/13600,(3)待机状态,3,2025-06-06 07:38:21,2025-06-06 07:40:00,99,0.03
4544,L18,#30,GW252/13600,(2)停机状态,2,2025-06-06 07:37:12,2025-06-06 07:38:21,69,0.02
4545,L18,#30,GW252/13600,(1)停机过程,1,2025-06-06 07:36:39,2025-06-06 07:37:12,33,0.01
4546,L18,#30,GW252/13600,(4)启机状态,4,2025-06-06 07:31:39,2025-06-06 07:36:39,300,0.08
4547,L18,#30,GW252/13600,(3)待机状态,3,2025-06-06 07:30:18,2025-06-06 07:31:39,81,0.02
4548,L18,#30,GW252/13600,(1)停机过程,1,2025-06-06 07:29:46,2025-06-06 07:30:18,32,0.01
4549,L18,#30,GW252/13600,(4)启机状态,4,2025-06-06 07:24:46,2025-06-06 07:29:46,300,0.08
4550,L18,#30,GW252/13600,(3)待机状态,3,2025-06-06 07:23:22,2025-06-06 07:24:46,84,0.02
4551,L18,#30,GW252/13600,(2)停机状态,2,2025-06-06 07:23:21,2025-06-06 07:23:22,1,0
4552,L18,#30,GW252/13600,(1)停机过程,1,2025-06-06 07:22:50,2025-06-06 07:23:21,31,0.01
4553,L18,#30,GW252/13600,(4)启机状态,4,2025-06-06 07:17:50,2025-06-06 07:22:50,300,0.08
4554,L18,#30,GW252/13600,(3)待机状态,3,2025-06-06 07:16:45,2025-06-06 07:17:50,65,0.02
4555,L18,#30,GW252/13600,(2)停机状态,2,2025-06-06 07:16:44,2025-06-06 07:16:45,1,0
4556,L18,#30,GW252/13600,(1)停机过程,1,2025-06-06 07:16:11,2025-06-06 07:16:44,33,0.01
4557,L18,#30,GW252/13600,(4)启机状态,4,2025-06-06 07:11:11,2025-06-06 07:16:11,300,0.08
4558,L18,#30,GW252/13600,(3)待机状态,3,2025-06-06 07:08:54,2025-06-06 07:11:11,137,0.04
4559,L18,#30,GW252/13600,(2)停机状态,2,2025-06-06 07:08:53,2025-06-06 07:08:54,1,0
4560,L18,#30,GW252/13600,(1)停机过程,1,2025-06-06 07:08:22,2025-06-06 07:08:53,31,0.01
4561,L18,#30,GW252/13600,(4)启机状态,4,2025-06-06 07:03:22,2025-06-06 07:08:22,300,0.08
4562,L18,#30,GW252/13600,(3)待机状态,3,2025-06-06 07:02:00,2025-06-06 07:03:22,82,0.02
4563,L18,#30,GW252/13600,(2)停机状态,2,2025-06-06 07:01:59,2025-06-06 07:02:00,1,0
4564,L18,#30,GW252/13600,(1)停机过程,1,2025-06-06 07:01:28,2025-06-06 07:01:59,31,0.01
4565,L18,#30,GW252/13600,(4)启机状态,4,2025-06-06 06:56:28,2025-06-06 07:01:28,300,0.08
4566,L18,#30,GW252/13600,(3)待机状态,3,2025-06-06 06:53:50,2025-06-06 06:56:28,158,0.04
4567,L18,#30,GW252/13600,(2)停机状态,2,2025-06-06 06:53:49,2025-06-06 06:53:50,1,0
4568,L18,#30,GW252/13600,(1)停机过程,1,2025-06-06 06:53:17,2025-06-06 06:53:49,32,0.01
4569,L18,#30,GW252/13600,(4)启机状态,4,2025-06-06 06:48:16,2025-06-06 06:53:17,301,0.08
4570,L18,#30,GW252/13600,(3)待机状态,3,2025-06-06 06:42:10,2025-06-06 06:48:16,366,0.1
4571,L18,#30,GW252/13600,(2)停机状态,2,2025-06-06 06:42:09,2025-06-06 06:42:10,1,0
4572,L18,#30,GW252/13600,(1)停机过程,1,2025-06-06 06:41:38,2025-06-06 06:42:09,31,0.01
4573,L18,#30,GW252/13600,(4)启机状态,4,2025-06-06 06:36:38,2025-06-06 06:41:38,300,0.08
4574,L18,#30,GW252/13600,(3)待机状态,3,2025-06-06 06:35:20,2025-06-06 06:36:38,78,0.02
4575,L18,#30,GW252/13600,(2)停机状态,2,2025-06-06 06:35:19,2025-06-06 06:35:20,1,0
4576,L18,#30,GW252/13600,(1)停机过程,1,2025-06-06 06:34:47,2025-06-06 06:35:19,32,0.01
4577,L18,#30,GW252/13600,(4)启机状态,4,2025-06-06 06:29:47,2025-06-06 06:34:47,300,0.08
4578,L18,#30,GW252/13600,(3)待机状态,3,2025-06-06 05:59:33,2025-06-06 06:29:47,1814,0.5
4579,L18,#30,GW252/13600,(2)停机状态,2,2025-06-06 05:59:32,2025-06-06 05:59:33,1,0
4580,L18,#30,GW252/13600,(1)停机过程,1,2025-06-06 05:59:00,2025-06-06 05:59:32,32,0.01
4581,L18,#30,GW252/13600,(4)启机状态,4,2025-06-06 05:54:00,2025-06-06 05:59:00,300,0.08
4582,L18,#30,GW252/13600,(3)待机状态,3,2025-06-06 05:51:21,2025-06-06 05:54:00,159,0.04
4583,L18,#30,GW252/13600,(2)停机状态,2,2025-06-06 05:50:40,2025-06-06 05:51:21,41,0.01
4584,L18,#30,GW252/13600,(1)停机过程,1,2025-06-06 05:50:08,2025-06-06 05:50:40,32,0.01
4585,L18,#30,GW252/13600,(4)启机状态,4,2025-06-06 05:45:08,2025-06-06 05:50:08,300,0.08
4586,L18,#30,GW252/13600,(3)待机状态,3,2025-06-06 05:43:48,2025-06-06 05:45:08,80,0.02
4587,L18,#30,GW252/13600,(2)停机状态,2,2025-06-06 05:43:46,2025-06-06 05:43:48,2,0
4588,L18,#30,GW252/13600,(1)停机过程,1,2025-06-06 05:43:15,2025-06-06 05:43:46,31,0.01
4589,L18,#30,GW252/13600,(4)启机状态,4,2025-06-06 05:38:14,2025-06-06 05:43:15,301,0.08
4590,L18,#30,GW252/13600,(3)待机状态,3,2025-06-06 05:36:55,2025-06-06 05:38:14,79,0.02
4591,L18,#30,GW252/13600,(2)停机状态,2,2025-06-06 05:36:53,2025-06-06 05:36:55,2,0
4592,L18,#30,GW252/13600,(1)停机过程,1,2025-06-06 05:36:21,2025-06-06 05:36:53,32,0.01
4593,L18,#30,GW252/13600,(4)启机状态,4,2025-06-06 05:31:21,2025-06-06 05:36:21,300,0.08
4594,L18,#30,GW252/13600,(3)待机状态,3,2025-06-06 05:25:24,2025-06-06 05:31:21,357,0.1
4595,L18,#30,GW252/13600,(2)停机状态,2,2025-06-06 05:25:21,2025-06-06 05:25:24,3,0
4596,L18,#30,GW252/13600,(1)停机过程,1,2025-06-06 05:24:51,2025-06-06 05:25:21,30,0.01
4597,L18,#30,GW252/13600,(4)启机状态,4,2025-06-06 05:19:49,2025-06-06 05:24:51,302,0.08
4598,L18,#30,GW252/13600,(3)待机状态,3,2025-06-06 05:18:47,2025-06-06 05:19:49,62,0.02
4599,L18,#30,GW252/13600,(2)停机状态,2,2025-06-06 05:18:46,2025-06-06 05:18:47,1,0
4600,L18,#30,GW252/13600,(1)停机过程,1,2025-06-06 05:18:14,2025-06-06 05:18:46,32,0.01
4601,L18,#30,GW252/13600,(4)启机状态,4,2025-06-06 05:13:13,2025-06-06 05:18:14,301,0.08
4602,L18,#30,GW252/13600,(3)待机状态,3,2025-06-06 05:12:00,2025-06-06 05:13:13,73,0.02
4603,L18,#30,GW252/13600,(2)停机状态,2,2025-06-06 05:11:59,2025-06-06 05:12:00,1,0
4604,L18,#30,GW252/13600,(1)停机过程,1,2025-06-06 05:11:28,2025-06-06 05:11:59,31,0.01
4605,L18,#30,GW252/13600,(4)启机状态,4,2025-06-06 05:06:27,2025-06-06 05:11:28,301,0.08
4606,L18,#30,GW252/13600,(3)待机状态,3,2025-06-06 05:03:55,2025-06-06 05:06:27,152,0.04
4607,L18,#30,GW252/13600,(2)停机状态,2,2025-06-06 05:03:53,2025-06-06 05:03:55,2,0
4608,L18,#30,GW252/13600,(1)停机过程,1,2025-06-06 05:03:21,2025-06-06 05:03:53,32,0.01
4609,L18,#30,GW252/13600,(4)启机状态,4,2025-06-06 04:58:21,2025-06-06 05:03:21,300,0.08
4610,L18,#30,GW252/13600,(3)待机状态,3,2025-06-06 04:39:35,2025-06-06 04:58:21,1126,0.31
4611,L18,#30,GW252/13600,(2)停机状态,2,2025-06-06 04:39:25,2025-06-06 04:39:35,10,0
4612,L18,#30,GW252/13600,(1)停机过程,1,2025-06-06 04:38:54,2025-06-06 04:39:25,31,0.01
4613,L18,#30,GW252/13600,(4)启机状态,4,2025-06-06 04:33:54,2025-06-06 04:38:54,300,0.08
4614,L18,#30,GW252/13600,(3)待机状态,3,2025-06-06 04:32:48,2025-06-06 04:33:54,66,0.02
4615,L18,#30,GW252/13600,(2)停机状态,2,2025-06-06 04:32:47,2025-06-06 04:32:48,1,0
4616,L18,#30,GW252/13600,(1)停机过程,1,2025-06-06 04:32:14,2025-06-06 04:32:47,33,0.01
4617,L18,#30,GW252/13600,(4)启机状态,4,2025-06-06 04:27:14,2025-06-06 04:32:14,300,0.08
4618,L18,#30,GW252/13600,(3)待机状态,3,2025-06-06 04:25:43,2025-06-06 04:27:14,91,0.03
4619,L18,#30,GW252/13600,(1)停机过程,1,2025-06-06 04:25:10,2025-06-06 04:25:43,33,0.01
4620,L18,#30,GW252/13600,(4)启机状态,4,2025-06-06 04:20:10,2025-06-06 04:25:10,300,0.08
4621,L18,#30,GW252/13600,(3)待机状态,3,2025-06-06 04:18:54,2025-06-06 04:20:10,76,0.02
4622,L18,#30,GW252/13600,(2)停机状态,2,2025-06-06 04:18:52,2025-06-06 04:18:54,2,0
4623,L18,#30,GW252/13600,(1)停机过程,1,2025-06-06 04:18:22,2025-06-06 04:18:52,30,0.01
4624,L18,#30,GW252/13600,(4)启机状态,4,2025-06-06 04:13:22,2025-06-06 04:18:22,300,0.08
4625,L18,#30,GW252/13600,(3)待机状态,3,2025-06-06 04:12:21,2025-06-06 04:13:22,61,0.02
4626,L18,#30,GW252/13600,(2)停机状态,2,2025-06-06 04:12:19,2025-06-06 04:12:21,2,0
4627,L18,#30,GW252/13600,(1)停机过程,1,2025-06-06 04:11:46,2025-06-06 04:12:19,33,0.01
4628,L18,#30,GW252/13600,(4)启机状态,4,2025-06-06 04:06:46,2025-06-06 04:11:46,300,0.08
4629,L18,#30,GW252/13600,(3)待机状态,3,2025-06-06 03:39:17,2025-06-06 04:06:46,1649,0.46
4630,L18,#30,GW252/13600,(2)停机状态,2,2025-06-06 03:36:02,2025-06-06 03:39:17,195,0.05
4631,L18,#30,GW252/13600,(1)停机过程,1,2025-06-06 03:35:04,2025-06-06 03:36:02,58,0.02
4632,L18,#30,GW252/13600,(5)发电状态,5,2025-06-05 09:22:52,2025-06-06 03:35:04,65532,18.2
4633,L18,#30,GW252/13600,(4)启机状态,4,2025-06-05 09:20:25,2025-06-05 09:22:52,147,0.04
4634,L18,#30,GW252/13600,(3)待机状态,3,2025-06-05 09:19:28,2025-06-05 09:20:25,57,0.02
4635,L18,#30,GW252/13600,(2)停机状态,2,2025-06-05 09:19:26,2025-06-05 09:19:28,2,0
4636,L18,#30,GW252/13600,(1)停机过程,1,2025-06-05 09:18:54,2025-06-05 09:19:26,32,0.01
4637,L18,#30,GW252/13600,(4)启机状态,4,2025-06-05 09:13:54,2025-06-05 09:18:54,300,0.08
4638,L18,#30,GW252/13600,(3)待机状态,3,2025-06-05 09:12:37,2025-06-05 09:13:54,77,0.02
4639,L18,#30,GW252/13600,(2)停机状态,2,2025-06-05 09:12:36,2025-06-05 09:12:37,1,0
4640,L18,#30,GW252/13600,(1)停机过程,1,2025-06-05 09:12:04,2025-06-05 09:12:36,32,0.01
4641,L18,#30,GW252/13600,(4)启机状态,4,2025-06-05 09:07:04,2025-06-05 09:12:04,300,0.08
4642,L18,#30,GW252/13600,(3)待机状态,3,2025-06-05 09:04:11,2025-06-05 09:07:04,173,0.05
4643,L18,#30,GW252/13600,(2)停机状态,2,2025-06-05 09:04:10,2025-06-05 09:04:11,1,0
4644,L18,#30,GW252/13600,(1)停机过程,1,2025-06-05 09:03:39,2025-06-05 09:04:10,31,0.01
4645,L18,#30,GW252/13600,(4)启机状态,4,2025-06-05 08:58:39,2025-06-05 09:03:39,300,0.08
4646,L18,#30,GW252/13600,(3)待机状态,3,2025-06-05 08:57:16,2025-06-05 08:58:39,83,0.02
4647,L18,#30,GW252/13600,(2)停机状态,2,2025-06-05 08:57:14,2025-06-05 08:57:16,2,0
4648,L18,#30,GW252/13600,(1)停机过程,1,2025-06-05 08:56:44,2025-06-05 08:57:14,30,0.01
4649,L18,#30,GW252/13600,(4)启机状态,4,2025-06-05 08:51:44,2025-06-05 08:56:44,300,0.08
4650,L18,#30,GW252/13600,(3)待机状态,3,2025-06-05 08:50:26,2025-06-05 08:51:44,78,0.02
4651,L18,#30,GW252/13600,(2)停机状态,2,2025-06-05 08:50:25,2025-06-05 08:50:26,1,0
4652,L18,#30,GW252/13600,(1)停机过程,1,2025-06-05 08:49:52,2025-06-05 08:50:25,33,0.01
4653,L18,#30,GW252/13600,(4)启机状态,4,2025-06-05 08:44:52,2025-06-05 08:49:52,300,0.08
4654,L18,#30,GW252/13600,(3)待机状态,3,2025-06-05 08:43:50,2025-06-05 08:44:52,62,0.02
4655,L18,#30,GW252/13600,(2)停机状态,2,2025-06-05 08:43:48,2025-06-05 08:43:50,2,0
4656,L18,#30,GW252/13600,(1)停机过程,1,2025-06-05 08:43:18,2025-06-05 08:43:48,30,0.01
4657,L18,#30,GW252/13600,(4)启机状态,4,2025-06-05 08:38:17,2025-06-05 08:43:18,301,0.08
4658,L18,#30,GW252/13600,(3)待机状态,3,2025-06-05 08:34:35,2025-06-05 08:38:17,222,0.06
4659,L18,#30,GW252/13600,(2)停机状态,2,2025-06-05 08:28:51,2025-06-05 08:34:35,344,0.1
4660,L18,#30,GW252/13600,(1)停机过程,1,2025-06-05 08:27:54,2025-06-05 08:28:51,57,0.02
4661,L18,#30,GW252/13600,(5)发电状态,5,2025-06-04 13:36:06,2025-06-05 08:27:54,67908,18.86
4662,L18,#30,GW252/13600,(4)启机状态,4,2025-06-04 13:35:15,2025-06-04 13:36:06,51,0.01
4663,L18,#30,GW252/13600,(3)待机状态,3,2025-06-04 13:34:33,2025-06-04 13:35:15,42,0.01
4664,L18,#30,GW252/13600,(2)停机状态,2,2025-06-04 11:00:05,2025-06-04 13:34:33,9268,2.57
4665,L18,#30,GW252/13600,(1)停机过程,1,2025-06-04 10:59:04,2025-06-04 11:00:05,61,0.02
4666,L18,#30,GW252/13600,(5)发电状态,5,2025-06-04 10:23:36,2025-06-04 10:59:04,2128,0.59
4667,L18,#30,GW252/13600,(4)启机状态,4,2025-06-04 10:22:13,2025-06-04 10:23:36,83,0.02
4668,L18,#30,GW252/13600,(3)待机状态,3,2025-06-04 10:21:18,2025-06-04 10:22:13,55,0.02
4669,L18,#30,GW252/13600,(2)停机状态,2,2025-06-04 10:19:48,2025-06-04 10:21:18,90,0.03
4670,L18,#30,GW252/13600,(1)停机过程,1,2025-06-04 10:19:39,2025-06-04 10:19:48,9,0
4671,L18,#30,GW252/13600,(9)维护状态,9,2025-06-04 10:19:03,2025-06-04 10:19:39,36,0.01
4672,L18,#30,GW252/13600,(2)停机状态,2,2025-06-04 10:15:29,2025-06-04 10:19:03,214,0.06
4673,L18,#30,GW252/13600,(1)停机过程,1,2025-06-04 10:15:18,2025-06-04 10:15:29,11,0
4674,L18,#30,GW252/13600,(9)维护状态,9,2025-01-01 00:00:00,2025-06-04 10:15:18,13342518,3706.26
