设备状态统计_历史状态明细,Unnamed: 1,Unnamed: 2,Unnamed: 3,Unnamed: 4,Unnamed: 5,Unnamed: 6,Unnamed: 7,Unnamed: 8,Unnamed: 9
  电场:[三峡阳江海路海风场];  设备类型:风机;  设备:[#32];  查询方式:详情;  开始时间:2025-01-01;  结束时间:2025-12-01,,,,,,,,,
序号,馈线名称,设备名称,型号名称,状态,状态码,开始时间,结束时间,持续时间(s),时长描述(h)
1,L16,#32,GW252/13600,(5)发电状态,5,2025-11-29 19:09:44,2025-12-01 23:59:59,190215,52.84
2,L16,#32,GW252/13600,(4)启机状态,4,2025-11-29 19:08:58,2025-11-29 19:09:44,46,0.01
3,L16,#32,GW252/13600,(3)待机状态,3,2025-11-29 19:08:19,2025-11-29 19:08:58,39,0.01
4,L16,#32,GW252/13600,(2)停机状态,2,2025-11-29 18:30:38,2025-11-29 19:08:19,2261,0.63
5,L16,#32,GW252/13600,(1)停机过程,1,2025-11-29 18:29:51,2025-11-29 18:30:38,47,0.01
6,L16,#32,GW252/13600,(5)发电状态,5,2025-11-28 13:03:20,2025-11-29 18:29:51,105991,29.44
7,L16,#32,GW252/13600,(4)启机状态,4,2025-11-28 13:02:41,2025-11-28 13:03:20,39,0.01
8,L16,#32,GW252/13600,(3)待机状态,3,2025-11-28 13:02:07,2025-11-28 13:02:41,34,0.01
9,L16,#32,GW252/13600,(2)停机状态,2,2025-11-28 12:24:20,2025-11-28 13:02:07,2267,0.63
10,L16,#32,GW252/13600,(1)停机过程,1,2025-11-28 12:23:25,2025-11-28 12:24:20,55,0.02
11,L16,#32,GW252/13600,(5)发电状态,5,2025-11-26 14:13:45,2025-11-28 12:23:25,166180,46.16
12,L16,#32,GW252/13600,(4)启机状态,4,2025-11-26 14:12:56,2025-11-26 14:13:45,49,0.01
13,L16,#32,GW252/13600,(3)待机状态,3,2025-11-26 14:12:16,2025-11-26 14:12:56,40,0.01
14,L16,#32,GW252/13600,(2)停机状态,2,2025-11-26 14:05:26,2025-11-26 14:12:16,410,0.11
15,L16,#32,GW252/13600,(1)停机过程,1,2025-11-26 14:04:29,2025-11-26 14:05:26,57,0.02
16,L16,#32,GW252/13600,(5)发电状态,5,2025-11-26 13:35:06,2025-11-26 14:04:29,1763,0.49
17,L16,#32,GW252/13600,(4)启机状态,4,2025-11-26 13:34:18,2025-11-26 13:35:06,48,0.01
18,L16,#32,GW252/13600,(3)待机状态,3,2025-11-26 13:33:40,2025-11-26 13:34:18,38,0.01
19,L16,#32,GW252/13600,(2)停机状态,2,2025-11-26 13:25:34,2025-11-26 13:33:40,486,0.14
20,L16,#32,GW252/13600,(1)停机过程,1,2025-11-26 13:24:37,2025-11-26 13:25:34,57,0.02
21,L16,#32,GW252/13600,(5)发电状态,5,2025-11-26 12:50:18,2025-11-26 13:24:37,2059,0.57
22,L16,#32,GW252/13600,(4)启机状态,4,2025-11-26 12:49:34,2025-11-26 12:50:18,44,0.01
23,L16,#32,GW252/13600,(3)待机状态,3,2025-11-26 12:48:58,2025-11-26 12:49:34,36,0.01
24,L16,#32,GW252/13600,(2)停机状态,2,2025-11-26 11:39:59,2025-11-26 12:48:58,4139,1.15
25,L16,#32,GW252/13600,(1)停机过程,1,2025-11-26 11:39:04,2025-11-26 11:39:59,55,0.02
26,L16,#32,GW252/13600,(5)发电状态,5,2025-11-25 13:32:53,2025-11-26 11:39:04,79571,22.1
27,L16,#32,GW252/13600,(4)启机状态,4,2025-11-25 13:32:12,2025-11-25 13:32:53,41,0.01
28,L16,#32,GW252/13600,(3)待机状态,3,2025-11-25 13:31:37,2025-11-25 13:32:12,35,0.01
29,L16,#32,GW252/13600,(2)停机状态,2,2025-11-25 13:10:07,2025-11-25 13:31:37,1290,0.36
30,L16,#32,GW252/13600,(1)停机过程,1,2025-11-25 13:09:12,2025-11-25 13:10:07,55,0.02
31,L16,#32,GW252/13600,(5)发电状态,5,2025-11-25 12:59:46,2025-11-25 13:09:12,566,0.16
32,L16,#32,GW252/13600,(4)启机状态,4,2025-11-25 12:59:04,2025-11-25 12:59:46,42,0.01
33,L16,#32,GW252/13600,(3)待机状态,3,2025-11-25 12:58:28,2025-11-25 12:59:04,36,0.01
34,L16,#32,GW252/13600,(2)停机状态,2,2025-11-25 11:12:57,2025-11-25 12:58:28,6331,1.76
35,L16,#32,GW252/13600,(1)停机过程,1,2025-11-25 11:12:01,2025-11-25 11:12:57,56,0.02
36,L16,#32,GW252/13600,(5)发电状态,5,2025-11-25 10:58:27,2025-11-25 11:12:01,814,0.23
37,L16,#32,GW252/13600,(4)启机状态,4,2025-11-25 10:57:50,2025-11-25 10:58:27,37,0.01
38,L16,#32,GW252/13600,(3)待机状态,3,2025-11-25 10:57:16,2025-11-25 10:57:50,34,0.01
39,L16,#32,GW252/13600,(2)停机状态,2,2025-11-25 10:46:53,2025-11-25 10:57:16,623,0.17
40,L16,#32,GW252/13600,(1)停机过程,1,2025-11-25 10:46:00,2025-11-25 10:46:53,53,0.01
41,L16,#32,GW252/13600,(5)发电状态,5,2025-11-25 10:13:03,2025-11-25 10:46:00,1977,0.55
42,L16,#32,GW252/13600,(4)启机状态,4,2025-11-25 10:12:25,2025-11-25 10:13:03,38,0.01
43,L16,#32,GW252/13600,(3)待机状态,3,2025-11-25 10:11:55,2025-11-25 10:12:25,30,0.01
44,L16,#32,GW252/13600,(2)停机状态,2,2025-11-25 09:57:05,2025-11-25 10:11:55,890,0.25
45,L16,#32,GW252/13600,(1)停机过程,1,2025-11-25 09:56:13,2025-11-25 09:57:05,52,0.01
46,L16,#32,GW252/13600,(5)发电状态,5,2025-11-25 09:42:44,2025-11-25 09:56:13,809,0.22
47,L16,#32,GW252/13600,(4)启机状态,4,2025-11-25 09:42:10,2025-11-25 09:42:44,34,0.01
48,L16,#32,GW252/13600,(3)待机状态,3,2025-11-25 09:41:39,2025-11-25 09:42:10,31,0.01
49,L16,#32,GW252/13600,(2)停机状态,2,2025-11-25 08:43:24,2025-11-25 09:41:39,3495,0.97
50,L16,#32,GW252/13600,(1)停机过程,1,2025-11-25 08:42:31,2025-11-25 08:43:24,53,0.01
51,L16,#32,GW252/13600,(5)发电状态,5,2025-11-25 06:59:34,2025-11-25 08:42:31,6177,1.72
52,L16,#32,GW252/13600,(4)启机状态,4,2025-11-25 06:58:58,2025-11-25 06:59:34,36,0.01
53,L16,#32,GW252/13600,(3)待机状态,3,2025-11-25 06:58:25,2025-11-25 06:58:58,33,0.01
54,L16,#32,GW252/13600,(2)停机状态,2,2025-11-25 06:44:30,2025-11-25 06:58:25,835,0.23
55,L16,#32,GW252/13600,(1)停机过程,1,2025-11-25 06:43:38,2025-11-25 06:44:30,52,0.01
56,L16,#32,GW252/13600,(5)发电状态,5,2025-11-24 13:39:00,2025-11-25 06:43:38,61478,17.08
57,L16,#32,GW252/13600,(4)启机状态,4,2025-11-24 13:37:44,2025-11-24 13:39:00,76,0.02
58,L16,#32,GW252/13600,(3)待机状态,3,2025-11-24 13:36:53,2025-11-24 13:37:44,51,0.01
59,L16,#32,GW252/13600,(2)停机状态,2,2025-11-24 13:32:29,2025-11-24 13:36:53,264,0.07
60,L16,#32,GW252/13600,(1)停机过程,1,2025-11-24 13:31:30,2025-11-24 13:32:29,59,0.02
61,L16,#32,GW252/13600,(5)发电状态,5,2025-11-24 13:18:59,2025-11-24 13:31:30,751,0.21
62,L16,#32,GW252/13600,(4)启机状态,4,2025-11-24 13:17:59,2025-11-24 13:18:59,60,0.02
63,L16,#32,GW252/13600,(3)待机状态,3,2025-11-24 13:17:16,2025-11-24 13:17:59,43,0.01
64,L16,#32,GW252/13600,(2)停机状态,2,2025-11-24 13:12:11,2025-11-24 13:17:16,305,0.08
65,L16,#32,GW252/13600,(1)停机过程,1,2025-11-24 13:11:08,2025-11-24 13:12:11,63,0.02
66,L16,#32,GW252/13600,(5)发电状态,5,2025-11-24 12:28:38,2025-11-24 13:11:08,2550,0.71
67,L16,#32,GW252/13600,(4)启机状态,4,2025-11-24 12:27:34,2025-11-24 12:28:38,64,0.02
68,L16,#32,GW252/13600,(3)待机状态,3,2025-11-24 12:26:51,2025-11-24 12:27:34,43,0.01
69,L16,#32,GW252/13600,(2)停机状态,2,2025-11-24 12:22:19,2025-11-24 12:26:51,272,0.08
70,L16,#32,GW252/13600,(1)停机过程,1,2025-11-24 12:21:17,2025-11-24 12:22:19,62,0.02
71,L16,#32,GW252/13600,(5)发电状态,5,2025-11-23 22:10:17,2025-11-24 12:21:17,51060,14.18
72,L16,#32,GW252/13600,(4)启机状态,4,2025-11-23 22:08:05,2025-11-23 22:10:17,132,0.04
73,L16,#32,GW252/13600,(3)待机状态,3,2025-11-23 19:13:45,2025-11-23 22:08:05,10460,2.91
74,L16,#32,GW252/13600,(2)停机状态,2,2025-11-23 18:35:43,2025-11-23 19:13:45,2282,0.63
75,L16,#32,GW252/13600,(1)停机过程,1,2025-11-23 18:34:48,2025-11-23 18:35:43,55,0.02
76,L16,#32,GW252/13600,(5)发电状态,5,2025-11-23 13:18:11,2025-11-23 18:34:48,18997,5.28
77,L16,#32,GW252/13600,(4)启机状态,4,2025-11-23 13:17:17,2025-11-23 13:18:11,54,0.02
78,L16,#32,GW252/13600,(3)待机状态,3,2025-11-23 13:16:36,2025-11-23 13:17:17,41,0.01
79,L16,#32,GW252/13600,(2)停机状态,2,2025-11-23 13:07:19,2025-11-23 13:16:36,557,0.15
80,L16,#32,GW252/13600,(1)停机过程,1,2025-11-23 13:06:17,2025-11-23 13:07:19,62,0.02
81,L16,#32,GW252/13600,(5)发电状态,5,2025-11-23 12:53:32,2025-11-23 13:06:17,765,0.21
82,L16,#32,GW252/13600,(4)启机状态,4,2025-11-23 12:52:40,2025-11-23 12:53:32,52,0.01
83,L16,#32,GW252/13600,(3)待机状态,3,2025-11-23 12:51:59,2025-11-23 12:52:40,41,0.01
84,L16,#32,GW252/13600,(2)停机状态,2,2025-11-23 12:48:29,2025-11-23 12:51:59,210,0.06
85,L16,#32,GW252/13600,(1)停机过程,1,2025-11-23 12:47:27,2025-11-23 12:48:29,62,0.02
86,L16,#32,GW252/13600,(5)发电状态,5,2025-11-22 13:23:01,2025-11-23 12:47:27,84266,23.41
87,L16,#32,GW252/13600,(4)启机状态,4,2025-11-22 13:22:19,2025-11-22 13:23:01,42,0.01
88,L16,#32,GW252/13600,(3)待机状态,3,2025-11-22 13:21:43,2025-11-22 13:22:19,36,0.01
89,L16,#32,GW252/13600,(2)停机状态,2,2025-11-22 11:59:20,2025-11-22 13:21:43,4943,1.37
90,L16,#32,GW252/13600,(1)停机过程,1,2025-11-22 11:58:25,2025-11-22 11:59:20,55,0.02
91,L16,#32,GW252/13600,(5)发电状态,5,2025-11-22 11:50:20,2025-11-22 11:58:25,485,0.13
92,L16,#32,GW252/13600,(4)启机状态,4,2025-11-22 11:49:38,2025-11-22 11:50:20,42,0.01
93,L16,#32,GW252/13600,(3)待机状态,3,2025-11-22 11:49:02,2025-11-22 11:49:38,36,0.01
94,L16,#32,GW252/13600,(2)停机状态,2,2025-11-22 11:14:06,2025-11-22 11:49:02,2096,0.58
95,L16,#32,GW252/13600,(1)停机过程,1,2025-11-22 11:13:11,2025-11-22 11:14:06,55,0.02
96,L16,#32,GW252/13600,(5)发电状态,5,2025-11-22 10:27:53,2025-11-22 11:13:11,2718,0.76
97,L16,#32,GW252/13600,(4)启机状态,4,2025-11-22 10:27:12,2025-11-22 10:27:53,41,0.01
98,L16,#32,GW252/13600,(3)待机状态,3,2025-11-22 10:26:38,2025-11-22 10:27:12,34,0.01
99,L16,#32,GW252/13600,(2)停机状态,2,2025-11-22 10:02:05,2025-11-22 10:26:38,1473,0.41
100,L16,#32,GW252/13600,(1)停机过程,1,2025-11-22 10:01:12,2025-11-22 10:02:05,53,0.01
101,L16,#32,GW252/13600,(5)发电状态,5,2025-11-21 14:14:40,2025-11-22 10:01:12,71192,19.78
102,L16,#32,GW252/13600,(4)启机状态,4,2025-11-21 14:13:50,2025-11-21 14:14:40,50,0.01
103,L16,#32,GW252/13600,(3)待机状态,3,2025-11-21 14:13:12,2025-11-21 14:13:50,38,0.01
104,L16,#32,GW252/13600,(2)停机状态,2,2025-11-21 14:07:17,2025-11-21 14:13:12,355,0.1
105,L16,#32,GW252/13600,(1)停机过程,1,2025-11-21 14:06:20,2025-11-21 14:07:17,57,0.02
106,L16,#32,GW252/13600,(5)发电状态,5,2025-11-21 13:53:05,2025-11-21 14:06:20,795,0.22
107,L16,#32,GW252/13600,(4)启机状态,4,2025-11-21 13:52:17,2025-11-21 13:53:05,48,0.01
108,L16,#32,GW252/13600,(3)待机状态,3,2025-11-21 13:51:38,2025-11-21 13:52:17,39,0.01
109,L16,#32,GW252/13600,(2)停机状态,2,2025-11-21 13:45:27,2025-11-21 13:51:38,371,0.1
110,L16,#32,GW252/13600,(1)停机过程,1,2025-11-21 13:44:25,2025-11-21 13:45:27,62,0.02
111,L16,#32,GW252/13600,(5)发电状态,5,2025-11-21 13:14:26,2025-11-21 13:44:25,1799,0.5
112,L16,#32,GW252/13600,(4)启机状态,4,2025-11-21 13:13:40,2025-11-21 13:14:26,46,0.01
113,L16,#32,GW252/13600,(3)待机状态,3,2025-11-21 13:13:04,2025-11-21 13:13:40,36,0.01
114,L16,#32,GW252/13600,(2)停机状态,2,2025-11-21 12:00:44,2025-11-21 13:13:04,4340,1.21
115,L16,#32,GW252/13600,(1)停机过程,1,2025-11-21 11:59:49,2025-11-21 12:00:44,55,0.02
116,L16,#32,GW252/13600,(5)发电状态,5,2025-11-20 11:04:26,2025-11-21 11:59:49,89723,24.92
117,L16,#32,GW252/13600,(4)启机状态,4,2025-11-20 11:03:46,2025-11-20 11:04:26,40,0.01
118,L16,#32,GW252/13600,(3)待机状态,3,2025-11-20 11:03:10,2025-11-20 11:03:46,36,0.01
119,L16,#32,GW252/13600,(1)停机过程,1,2025-11-20 11:02:20,2025-11-20 11:03:10,50,0.01
120,L16,#32,GW252/13600,(5)发电状态,5,2025-11-18 00:34:25,2025-11-20 11:02:20,210475,58.47
121,L16,#32,GW252/13600,(4)启机状态,4,2025-11-18 00:33:17,2025-11-18 00:34:25,68,0.02
122,L16,#32,GW252/13600,(3)待机状态,3,2025-11-18 00:32:21,2025-11-18 00:33:17,56,0.02
123,L16,#32,GW252/13600,(2)停机状态,2,2025-11-17 23:38:33,2025-11-18 00:32:21,3228,0.9
124,L16,#32,GW252/13600,(1)停机过程,1,2025-11-17 23:37:31,2025-11-17 23:38:33,62,0.02
125,L16,#32,GW252/13600,(5)发电状态,5,2025-11-16 13:59:31,2025-11-17 23:37:31,121080,33.63
126,L16,#32,GW252/13600,(4)启机状态,4,2025-11-16 13:58:53,2025-11-16 13:59:31,38,0.01
127,L16,#32,GW252/13600,(3)待机状态,3,2025-11-16 13:58:19,2025-11-16 13:58:53,34,0.01
128,L16,#32,GW252/13600,(2)停机状态,2,2025-11-16 13:45:55,2025-11-16 13:58:19,744,0.21
129,L16,#32,GW252/13600,(1)停机过程,1,2025-11-16 13:45:00,2025-11-16 13:45:55,55,0.02
130,L16,#32,GW252/13600,(5)发电状态,5,2025-11-16 13:04:32,2025-11-16 13:45:00,2428,0.67
131,L16,#32,GW252/13600,(4)启机状态,4,2025-11-16 13:03:51,2025-11-16 13:04:32,41,0.01
132,L16,#32,GW252/13600,(3)待机状态,3,2025-11-16 13:03:15,2025-11-16 13:03:51,36,0.01
133,L16,#32,GW252/13600,(2)停机状态,2,2025-11-16 12:43:17,2025-11-16 13:03:15,1198,0.33
134,L16,#32,GW252/13600,(1)停机过程,1,2025-11-16 12:42:21,2025-11-16 12:43:17,56,0.02
135,L16,#32,GW252/13600,(5)发电状态,5,2025-11-15 13:21:58,2025-11-16 12:42:21,84023,23.34
136,L16,#32,GW252/13600,(4)启机状态,4,2025-11-15 13:21:16,2025-11-15 13:21:58,42,0.01
137,L16,#32,GW252/13600,(3)待机状态,3,2025-11-15 13:20:41,2025-11-15 13:21:16,35,0.01
138,L16,#32,GW252/13600,(2)停机状态,2,2025-11-15 11:59:08,2025-11-15 13:20:41,4893,1.36
139,L16,#32,GW252/13600,(1)停机过程,1,2025-11-15 11:58:09,2025-11-15 11:59:08,59,0.02
140,L16,#32,GW252/13600,(5)发电状态,5,2025-11-13 19:20:46,2025-11-15 11:58:09,146243,40.62
141,L16,#32,GW252/13600,(4)启机状态,4,2025-11-13 19:18:25,2025-11-13 19:20:46,141,0.04
142,L16,#32,GW252/13600,(3)待机状态,3,2025-11-13 16:04:32,2025-11-13 19:18:25,11633,3.23
143,L16,#32,GW252/13600,(2)停机状态,2,2025-11-13 16:04:31,2025-11-13 16:04:32,1,0
144,L16,#32,GW252/13600,(1)停机过程,1,2025-11-13 16:03:37,2025-11-13 16:04:31,54,0.02
145,L16,#32,GW252/13600,(5)发电状态,5,2025-11-12 21:03:18,2025-11-13 16:03:37,68419,19.01
146,L16,#32,GW252/13600,(4)启机状态,4,2025-11-12 21:01:07,2025-11-12 21:03:18,131,0.04
147,L16,#32,GW252/13600,(3)待机状态,3,2025-11-12 20:54:18,2025-11-12 21:01:07,409,0.11
148,L16,#32,GW252/13600,(2)停机状态,2,2025-11-12 20:51:54,2025-11-12 20:54:18,144,0.04
149,L16,#32,GW252/13600,(1)停机过程,1,2025-11-12 20:51:00,2025-11-12 20:51:54,54,0.02
150,L16,#32,GW252/13600,(4)启机状态,4,2025-11-12 20:45:58,2025-11-12 20:51:00,302,0.08
151,L16,#32,GW252/13600,(3)待机状态,3,2025-11-12 20:38:01,2025-11-12 20:45:58,477,0.13
152,L16,#32,GW252/13600,(2)停机状态,2,2025-11-12 20:34:50,2025-11-12 20:38:01,191,0.05
153,L16,#32,GW252/13600,(1)停机过程,1,2025-11-12 20:33:55,2025-11-12 20:34:50,55,0.02
154,L16,#32,GW252/13600,(5)发电状态,5,2025-11-12 19:32:46,2025-11-12 20:33:55,3669,1.02
155,L16,#32,GW252/13600,(4)启机状态,4,2025-11-12 19:30:14,2025-11-12 19:32:46,152,0.04
156,L16,#32,GW252/13600,(3)待机状态,3,2025-11-12 16:04:25,2025-11-12 19:30:14,12349,3.43
157,L16,#32,GW252/13600,(2)停机状态,2,2025-11-12 16:02:03,2025-11-12 16:04:25,142,0.04
158,L16,#32,GW252/13600,(1)停机过程,1,2025-11-12 16:01:07,2025-11-12 16:02:03,56,0.02
159,L16,#32,GW252/13600,(5)发电状态,5,2025-11-12 15:15:15,2025-11-12 16:01:07,2752,0.76
160,L16,#32,GW252/13600,(4)启机状态,4,2025-11-12 15:12:20,2025-11-12 15:15:15,175,0.05
161,L16,#32,GW252/13600,(3)待机状态,3,2025-11-12 14:53:31,2025-11-12 15:12:20,1129,0.31
162,L16,#32,GW252/13600,(2)停机状态,2,2025-11-12 14:53:26,2025-11-12 14:53:31,5,0
163,L16,#32,GW252/13600,(1)停机过程,1,2025-11-12 14:52:31,2025-11-12 14:53:26,55,0.02
164,L16,#32,GW252/13600,(5)发电状态,5,2025-11-12 14:34:04,2025-11-12 14:52:31,1107,0.31
165,L16,#32,GW252/13600,(4)启机状态,4,2025-11-12 14:32:05,2025-11-12 14:34:04,119,0.03
166,L16,#32,GW252/13600,(3)待机状态,3,2025-11-12 14:30:58,2025-11-12 14:32:05,67,0.02
167,L16,#32,GW252/13600,(2)停机状态,2,2025-11-12 14:30:55,2025-11-12 14:30:58,3,0
168,L16,#32,GW252/13600,(1)停机过程,1,2025-11-12 14:30:00,2025-11-12 14:30:55,55,0.02
169,L16,#32,GW252/13600,(4)启机状态,4,2025-11-12 14:25:00,2025-11-12 14:30:00,300,0.08
170,L16,#32,GW252/13600,(3)待机状态,3,2025-11-12 13:29:51,2025-11-12 14:25:00,3309,0.92
171,L16,#32,GW252/13600,(2)停机状态,2,2025-11-12 12:51:51,2025-11-12 13:29:51,2280,0.63
172,L16,#32,GW252/13600,(1)停机过程,1,2025-11-12 12:50:55,2025-11-12 12:51:51,56,0.02
173,L16,#32,GW252/13600,(5)发电状态,5,2025-11-11 17:02:31,2025-11-12 12:50:55,71304,19.81
174,L16,#32,GW252/13600,(4)启机状态,4,2025-11-11 17:00:54,2025-11-11 17:02:31,97,0.03
175,L16,#32,GW252/13600,(3)待机状态,3,2025-11-11 16:59:54,2025-11-11 17:00:54,60,0.02
176,L16,#32,GW252/13600,(2)停机状态,2,2025-11-11 16:27:36,2025-11-11 16:59:54,1938,0.54
177,L16,#32,GW252/13600,(1)停机过程,1,2025-11-11 16:26:36,2025-11-11 16:27:36,60,0.02
178,L16,#32,GW252/13600,(5)发电状态,5,2025-11-11 15:44:10,2025-11-11 16:26:36,2546,0.71
179,L16,#32,GW252/13600,(4)启机状态,4,2025-11-11 15:42:42,2025-11-11 15:44:10,88,0.02
180,L16,#32,GW252/13600,(3)待机状态,3,2025-11-11 15:41:50,2025-11-11 15:42:42,52,0.01
181,L16,#32,GW252/13600,(2)停机状态,2,2025-11-11 14:59:39,2025-11-11 15:41:50,2531,0.7
182,L16,#32,GW252/13600,(1)停机过程,1,2025-11-11 14:58:36,2025-11-11 14:59:39,63,0.02
183,L16,#32,GW252/13600,(5)发电状态,5,2025-11-10 21:11:15,2025-11-11 14:58:36,64041,17.79
184,L16,#32,GW252/13600,(4)启机状态,4,2025-11-10 21:08:56,2025-11-10 21:11:15,139,0.04
185,L16,#32,GW252/13600,(3)待机状态,3,2025-11-10 21:00:03,2025-11-10 21:08:56,533,0.15
186,L16,#32,GW252/13600,(2)停机状态,2,2025-11-10 20:57:20,2025-11-10 21:00:03,163,0.05
187,L16,#32,GW252/13600,(1)停机过程,1,2025-11-10 20:56:25,2025-11-10 20:57:20,55,0.02
188,L16,#32,GW252/13600,(5)发电状态,5,2025-11-10 20:17:09,2025-11-10 20:56:25,2356,0.65
189,L16,#32,GW252/13600,(4)启机状态,4,2025-11-10 20:14:01,2025-11-10 20:17:09,188,0.05
190,L16,#32,GW252/13600,(3)待机状态,3,2025-11-10 19:19:06,2025-11-10 20:14:01,3295,0.92
191,L16,#32,GW252/13600,(2)停机状态,2,2025-11-10 18:29:51,2025-11-10 19:19:06,2955,0.82
192,L16,#32,GW252/13600,(1)停机过程,1,2025-11-10 18:28:54,2025-11-10 18:29:51,57,0.02
193,L16,#32,GW252/13600,(5)发电状态,5,2025-11-09 21:58:50,2025-11-10 18:28:54,73804,20.5
194,L16,#32,GW252/13600,(4)启机状态,4,2025-11-09 21:57:48,2025-11-09 21:58:50,62,0.02
195,L16,#32,GW252/13600,(3)待机状态,3,2025-11-09 21:57:02,2025-11-09 21:57:48,46,0.01
196,L16,#32,GW252/13600,(2)停机状态,2,2025-11-09 21:41:56,2025-11-09 21:57:02,906,0.25
197,L16,#32,GW252/13600,(1)停机过程,1,2025-11-09 21:40:58,2025-11-09 21:41:56,58,0.02
198,L16,#32,GW252/13600,(5)发电状态,5,2025-11-09 21:38:06,2025-11-09 21:40:58,172,0.05
199,L16,#32,GW252/13600,(4)启机状态,4,2025-11-09 21:36:04,2025-11-09 21:38:06,122,0.03
200,L16,#32,GW252/13600,(3)待机状态,3,2025-11-09 17:17:45,2025-11-09 21:36:04,15499,4.31
201,L16,#32,GW252/13600,(2)停机状态,2,2025-11-09 16:40:42,2025-11-09 17:17:45,2223,0.62
202,L16,#32,GW252/13600,(1)停机过程,1,2025-11-09 16:39:46,2025-11-09 16:40:42,56,0.02
203,L16,#32,GW252/13600,(5)发电状态,5,2025-11-09 15:54:53,2025-11-09 16:39:46,2693,0.75
204,L16,#32,GW252/13600,(4)启机状态,4,2025-11-09 15:50:48,2025-11-09 15:54:53,245,0.07
205,L16,#32,GW252/13600,(3)待机状态,3,2025-11-09 15:42:10,2025-11-09 15:50:48,518,0.14
206,L16,#32,GW252/13600,(2)停机状态,2,2025-11-09 15:40:52,2025-11-09 15:42:10,78,0.02
207,L16,#32,GW252/13600,(1)停机过程,1,2025-11-09 15:39:55,2025-11-09 15:40:52,57,0.02
208,L16,#32,GW252/13600,(4)启机状态,4,2025-11-09 15:34:55,2025-11-09 15:39:55,300,0.08
209,L16,#32,GW252/13600,(3)待机状态,3,2025-11-09 14:14:41,2025-11-09 15:34:55,4814,1.34
210,L16,#32,GW252/13600,(2)停机状态,2,2025-11-09 13:37:33,2025-11-09 14:14:41,2228,0.62
211,L16,#32,GW252/13600,(1)停机过程,1,2025-11-09 13:36:36,2025-11-09 13:37:33,57,0.02
212,L16,#32,GW252/13600,(5)发电状态,5,2025-11-09 11:48:37,2025-11-09 13:36:36,6479,1.8
213,L16,#32,GW252/13600,(4)启机状态,4,2025-11-09 11:47:12,2025-11-09 11:48:37,85,0.02
214,L16,#32,GW252/13600,(3)待机状态,3,2025-11-09 11:46:14,2025-11-09 11:47:12,58,0.02
215,L16,#32,GW252/13600,(2)停机状态,2,2025-11-09 11:40:09,2025-11-09 11:46:14,365,0.1
216,L16,#32,GW252/13600,(1)停机过程,1,2025-11-09 11:39:05,2025-11-09 11:40:09,64,0.02
217,L16,#32,GW252/13600,(5)发电状态,5,2025-11-09 11:16:05,2025-11-09 11:39:05,1380,0.38
218,L16,#32,GW252/13600,(4)启机状态,4,2025-11-09 11:14:46,2025-11-09 11:16:05,79,0.02
219,L16,#32,GW252/13600,(3)待机状态,3,2025-11-09 11:13:40,2025-11-09 11:14:46,66,0.02
220,L16,#32,GW252/13600,(2)停机状态,2,2025-11-09 10:48:31,2025-11-09 11:13:40,1509,0.42
221,L16,#32,GW252/13600,(1)停机过程,1,2025-11-09 10:47:31,2025-11-09 10:48:31,60,0.02
222,L16,#32,GW252/13600,(5)发电状态,5,2025-11-09 10:18:04,2025-11-09 10:47:31,1767,0.49
223,L16,#32,GW252/13600,(4)启机状态,4,2025-11-09 10:16:27,2025-11-09 10:18:04,97,0.03
224,L16,#32,GW252/13600,(3)待机状态,3,2025-11-09 10:15:19,2025-11-09 10:16:27,68,0.02
225,L16,#32,GW252/13600,(2)停机状态,2,2025-11-09 10:03:19,2025-11-09 10:15:19,720,0.2
226,L16,#32,GW252/13600,(1)停机过程,1,2025-11-09 10:02:14,2025-11-09 10:03:19,65,0.02
227,L16,#32,GW252/13600,(5)发电状态,5,2025-11-09 10:01:03,2025-11-09 10:02:14,71,0.02
228,L16,#32,GW252/13600,(4)启机状态,4,2025-11-09 09:59:30,2025-11-09 10:01:03,93,0.03
229,L16,#32,GW252/13600,(3)待机状态,3,2025-11-09 09:58:15,2025-11-09 09:59:30,75,0.02
230,L16,#32,GW252/13600,(2)停机状态,2,2025-11-09 09:32:00,2025-11-09 09:58:15,1575,0.44
231,L16,#32,GW252/13600,(1)停机过程,1,2025-11-09 09:31:00,2025-11-09 09:32:00,60,0.02
232,L16,#32,GW252/13600,(5)发电状态,5,2025-11-04 00:41:56,2025-11-09 09:31:00,463744,128.82
233,L16,#32,GW252/13600,(4)启机状态,4,2025-11-04 00:41:21,2025-11-04 00:41:56,35,0.01
234,L16,#32,GW252/13600,(3)待机状态,3,2025-11-04 00:40:48,2025-11-04 00:41:21,33,0.01
235,L16,#32,GW252/13600,(2)停机状态,2,2025-11-04 00:02:46,2025-11-04 00:40:48,2282,0.63
236,L16,#32,GW252/13600,(1)停机过程,1,2025-11-04 00:02:05,2025-11-04 00:02:46,41,0.01
237,L16,#32,GW252/13600,(5)发电状态,5,2025-11-03 00:01:37,2025-11-04 00:02:05,86428,24.01
238,L16,#32,GW252/13600,(4)启机状态,4,2025-11-03 00:00:58,2025-11-03 00:01:37,39,0.01
239,L16,#32,GW252/13600,(3)待机状态,3,2025-11-03 00:00:27,2025-11-03 00:00:58,31,0.01
240,L16,#32,GW252/13600,(2)停机状态,2,2025-11-02 23:22:25,2025-11-03 00:00:27,2282,0.63
241,L16,#32,GW252/13600,(1)停机过程,1,2025-11-02 23:21:42,2025-11-02 23:22:25,43,0.01
242,L16,#32,GW252/13600,(5)发电状态,5,2025-10-29 13:44:06,2025-11-02 23:21:42,380256,105.63
243,L16,#32,GW252/13600,(4)启机状态,4,2025-10-29 13:43:30,2025-10-29 13:44:06,36,0.01
244,L16,#32,GW252/13600,(3)待机状态,3,2025-10-29 13:42:56,2025-10-29 13:43:30,34,0.01
245,L16,#32,GW252/13600,(2)停机状态,2,2025-10-29 13:35:55,2025-10-29 13:42:56,421,0.12
246,L16,#32,GW252/13600,(1)停机过程,1,2025-10-29 13:35:01,2025-10-29 13:35:55,54,0.02
247,L16,#32,GW252/13600,(5)发电状态,5,2025-10-29 12:57:35,2025-10-29 13:35:01,2246,0.62
248,L16,#32,GW252/13600,(4)启机状态,4,2025-10-29 12:56:59,2025-10-29 12:57:35,36,0.01
249,L16,#32,GW252/13600,(3)待机状态,3,2025-10-29 12:56:27,2025-10-29 12:56:59,32,0.01
250,L16,#32,GW252/13600,(2)停机状态,2,2025-10-29 12:45:34,2025-10-29 12:56:27,653,0.18
251,L16,#32,GW252/13600,(1)停机过程,1,2025-10-29 12:44:42,2025-10-29 12:45:34,52,0.01
252,L16,#32,GW252/13600,(5)发电状态,5,2025-10-29 07:27:26,2025-10-29 12:44:42,19036,5.29
253,L16,#32,GW252/13600,(4)启机状态,4,2025-10-29 07:26:50,2025-10-29 07:27:26,36,0.01
254,L16,#32,GW252/13600,(3)待机状态,3,2025-10-29 07:26:17,2025-10-29 07:26:50,33,0.01
255,L16,#32,GW252/13600,(2)停机状态,2,2025-10-29 07:15:42,2025-10-29 07:26:17,635,0.18
256,L16,#32,GW252/13600,(1)停机过程,1,2025-10-29 07:14:44,2025-10-29 07:15:42,58,0.02
257,L16,#32,GW252/13600,(5)发电状态,5,2025-10-29 06:07:42,2025-10-29 07:14:44,4022,1.12
258,L16,#32,GW252/13600,(4)启机状态,4,2025-10-29 06:07:08,2025-10-29 06:07:42,34,0.01
259,L16,#32,GW252/13600,(3)待机状态,3,2025-10-29 06:06:33,2025-10-29 06:07:08,35,0.01
260,L16,#32,GW252/13600,(2)停机状态,2,2025-10-29 05:57:21,2025-10-29 06:06:33,552,0.15
261,L16,#32,GW252/13600,(1)停机过程,1,2025-10-29 05:56:29,2025-10-29 05:57:21,52,0.01
262,L16,#32,GW252/13600,(5)发电状态,5,2025-10-28 13:40:05,2025-10-29 05:56:29,58584,16.27
263,L16,#32,GW252/13600,(5)发电状态,5,2025-10-28 12:28:33,2025-10-28 13:40:05,4292,1.19
264,L16,#32,GW252/13600,(4)启机状态,4,2025-10-28 12:27:57,2025-10-28 12:28:33,36,0.01
265,L16,#32,GW252/13600,(3)待机状态,3,2025-10-28 12:27:26,2025-10-28 12:27:57,31,0.01
266,L16,#32,GW252/13600,(2)停机状态,2,2025-10-28 12:15:57,2025-10-28 12:27:26,689,0.19
267,L16,#32,GW252/13600,(1)停机过程,1,2025-10-28 12:15:00,2025-10-28 12:15:57,57,0.02
268,L16,#32,GW252/13600,(5)发电状态,5,2025-10-28 12:00:06,2025-10-28 12:15:00,894,0.25
269,L16,#32,GW252/13600,(4)启机状态,4,2025-10-28 11:59:30,2025-10-28 12:00:06,36,0.01
270,L16,#32,GW252/13600,(3)待机状态,3,2025-10-28 11:58:58,2025-10-28 11:59:30,32,0.01
271,L16,#32,GW252/13600,(2)停机状态,2,2025-10-28 11:46:10,2025-10-28 11:58:58,768,0.21
272,L16,#32,GW252/13600,(1)停机过程,1,2025-10-28 11:45:13,2025-10-28 11:46:10,57,0.02
273,L16,#32,GW252/13600,(5)发电状态,5,2025-10-28 09:28:36,2025-10-28 11:45:13,8197,2.28
274,L16,#32,GW252/13600,(4)启机状态,4,2025-10-28 09:28:01,2025-10-28 09:28:36,35,0.01
275,L16,#32,GW252/13600,(3)待机状态,3,2025-10-28 09:27:26,2025-10-28 09:28:01,35,0.01
276,L16,#32,GW252/13600,(2)停机状态,2,2025-10-28 09:26:02,2025-10-28 09:27:26,84,0.02
277,L16,#32,GW252/13600,(1)停机过程,1,2025-10-28 09:25:10,2025-10-28 09:26:02,52,0.01
278,L16,#32,GW252/13600,(5)发电状态,5,2025-10-28 09:19:32,2025-10-28 09:25:10,338,0.09
279,L16,#32,GW252/13600,(4)启机状态,4,2025-10-28 09:18:56,2025-10-28 09:19:32,36,0.01
280,L16,#32,GW252/13600,(3)待机状态,3,2025-10-28 09:18:22,2025-10-28 09:18:56,34,0.01
281,L16,#32,GW252/13600,(2)停机状态,2,2025-10-28 09:00:11,2025-10-28 09:18:22,1091,0.3
282,L16,#32,GW252/13600,(1)停机过程,1,2025-10-28 08:59:18,2025-10-28 09:00:11,53,0.01
283,L16,#32,GW252/13600,(5)发电状态,5,2025-10-24 13:27:27,2025-10-28 08:59:18,329511,91.53
284,L16,#32,GW252/13600,(4)启机状态,4,2025-10-24 13:26:50,2025-10-24 13:27:27,37,0.01
285,L16,#32,GW252/13600,(3)待机状态,3,2025-10-24 13:26:15,2025-10-24 13:26:50,35,0.01
286,L16,#32,GW252/13600,(2)停机状态,2,2025-10-24 13:16:53,2025-10-24 13:26:15,562,0.16
287,L16,#32,GW252/13600,(1)停机过程,1,2025-10-24 13:15:35,2025-10-24 13:16:53,78,0.02
288,L16,#32,GW252/13600,(5)发电状态,5,2025-10-24 13:03:01,2025-10-24 13:15:35,754,0.21
289,L16,#32,GW252/13600,(4)启机状态,4,2025-10-24 13:02:24,2025-10-24 13:03:01,37,0.01
290,L16,#32,GW252/13600,(3)待机状态,3,2025-10-24 13:01:49,2025-10-24 13:02:24,35,0.01
291,L16,#32,GW252/13600,(2)停机状态,2,2025-10-24 12:56:39,2025-10-24 13:01:49,310,0.09
292,L16,#32,GW252/13600,(1)停机过程,1,2025-10-24 12:55:39,2025-10-24 12:56:39,60,0.02
293,L16,#32,GW252/13600,(5)发电状态,5,2025-10-24 12:52:34,2025-10-24 12:55:39,185,0.05
294,L16,#32,GW252/13600,(4)启机状态,4,2025-10-24 12:51:57,2025-10-24 12:52:34,37,0.01
295,L16,#32,GW252/13600,(3)待机状态,3,2025-10-24 12:51:22,2025-10-24 12:51:57,35,0.01
296,L16,#32,GW252/13600,(2)停机状态,2,2025-10-24 12:41:45,2025-10-24 12:51:22,577,0.16
297,L16,#32,GW252/13600,(1)停机过程,1,2025-10-24 12:40:36,2025-10-24 12:41:45,69,0.02
298,L16,#32,GW252/13600,(5)发电状态,5,2025-10-23 14:59:20,2025-10-24 12:40:36,78076,21.69
299,L16,#32,GW252/13600,(4)启机状态,4,2025-10-23 14:58:41,2025-10-23 14:59:20,39,0.01
300,L16,#32,GW252/13600,(3)待机状态,3,2025-10-23 14:58:08,2025-10-23 14:58:41,33,0.01
301,L16,#32,GW252/13600,(2)停机状态,2,2025-10-23 14:43:34,2025-10-23 14:58:08,874,0.24
302,L16,#32,GW252/13600,(1)停机过程,1,2025-10-23 14:42:41,2025-10-23 14:43:34,53,0.01
303,L16,#32,GW252/13600,(5)发电状态,5,2025-10-23 13:27:47,2025-10-23 14:42:41,4494,1.25
304,L16,#32,GW252/13600,(4)启机状态,4,2025-10-23 13:27:14,2025-10-23 13:27:47,33,0.01
305,L16,#32,GW252/13600,(3)待机状态,3,2025-10-23 13:26:41,2025-10-23 13:27:14,33,0.01
306,L16,#32,GW252/13600,(2)停机状态,2,2025-10-23 10:53:54,2025-10-23 13:26:41,9167,2.55
307,L16,#32,GW252/13600,(1)停机过程,1,2025-10-23 10:53:03,2025-10-23 10:53:54,51,0.01
308,L16,#32,GW252/13600,(5)发电状态,5,2025-10-23 10:12:21,2025-10-23 10:53:03,2442,0.68
309,L16,#32,GW252/13600,(4)启机状态,4,2025-10-23 10:11:49,2025-10-23 10:12:21,32,0.01
310,L16,#32,GW252/13600,(3)待机状态,3,2025-10-23 10:11:17,2025-10-23 10:11:49,32,0.01
311,L16,#32,GW252/13600,(2)停机状态,2,2025-10-23 10:06:50,2025-10-23 10:11:17,267,0.07
312,L16,#32,GW252/13600,(1)停机过程,1,2025-10-23 10:05:55,2025-10-23 10:06:50,55,0.02
313,L16,#32,GW252/13600,(5)发电状态,5,2025-10-23 07:43:19,2025-10-23 10:05:55,8556,2.38
314,L16,#32,GW252/13600,(4)启机状态,4,2025-10-23 07:42:45,2025-10-23 07:43:19,34,0.01
315,L16,#32,GW252/13600,(3)待机状态,3,2025-10-23 07:42:11,2025-10-23 07:42:45,34,0.01
316,L16,#32,GW252/13600,(2)停机状态,2,2025-10-23 07:29:31,2025-10-23 07:42:11,760,0.21
317,L16,#32,GW252/13600,(1)停机过程,1,2025-10-23 07:28:39,2025-10-23 07:29:31,52,0.01
318,L16,#32,GW252/13600,(5)发电状态,5,2025-10-23 06:58:21,2025-10-23 07:28:39,1818,0.51
319,L16,#32,GW252/13600,(4)启机状态,4,2025-10-23 06:57:49,2025-10-23 06:58:21,32,0.01
320,L16,#32,GW252/13600,(3)待机状态,3,2025-10-23 06:57:17,2025-10-23 06:57:49,32,0.01
321,L16,#32,GW252/13600,(2)停机状态,2,2025-10-23 06:42:55,2025-10-23 06:57:17,862,0.24
322,L16,#32,GW252/13600,(1)停机过程,1,2025-10-23 06:42:05,2025-10-23 06:42:55,50,0.01
323,L16,#32,GW252/13600,(5)发电状态,5,2025-10-23 05:33:21,2025-10-23 06:42:05,4124,1.15
324,L16,#32,GW252/13600,(4)启机状态,4,2025-10-23 05:32:49,2025-10-23 05:33:21,32,0.01
325,L16,#32,GW252/13600,(3)待机状态,3,2025-10-23 05:32:16,2025-10-23 05:32:49,33,0.01
326,L16,#32,GW252/13600,(2)停机状态,2,2025-10-23 05:23:22,2025-10-23 05:32:16,534,0.15
327,L16,#32,GW252/13600,(1)停机过程,1,2025-10-23 05:22:29,2025-10-23 05:23:22,53,0.01
328,L16,#32,GW252/13600,(5)发电状态,5,2025-10-23 05:18:47,2025-10-23 05:22:29,222,0.06
329,L16,#32,GW252/13600,(4)启机状态,4,2025-10-23 05:18:17,2025-10-23 05:18:47,30,0.01
330,L16,#32,GW252/13600,(3)待机状态,3,2025-10-23 05:17:43,2025-10-23 05:18:17,34,0.01
331,L16,#32,GW252/13600,(2)停机状态,2,2025-10-23 05:13:30,2025-10-23 05:17:43,253,0.07
332,L16,#32,GW252/13600,(1)停机过程,1,2025-10-23 05:12:39,2025-10-23 05:13:30,51,0.01
333,L16,#32,GW252/13600,(5)发电状态,5,2025-10-23 04:23:01,2025-10-23 05:12:39,2978,0.83
334,L16,#32,GW252/13600,(4)启机状态,4,2025-10-23 04:22:27,2025-10-23 04:23:01,34,0.01
335,L16,#32,GW252/13600,(3)待机状态,3,2025-10-23 04:21:57,2025-10-23 04:22:27,30,0.01
336,L16,#32,GW252/13600,(2)停机状态,2,2025-10-23 01:01:44,2025-10-23 04:21:57,12013,3.34
337,L16,#32,GW252/13600,(1)停机过程,1,2025-10-23 01:00:54,2025-10-23 01:01:44,50,0.01
338,L16,#32,GW252/13600,(5)发电状态,5,2025-10-22 23:57:59,2025-10-23 01:00:54,3775,1.05
339,L16,#32,GW252/13600,(4)启机状态,4,2025-10-22 23:57:28,2025-10-22 23:57:59,31,0.01
340,L16,#32,GW252/13600,(3)待机状态,3,2025-10-22 23:56:56,2025-10-22 23:57:28,32,0.01
341,L16,#32,GW252/13600,(2)停机状态,2,2025-10-22 23:43:17,2025-10-22 23:56:56,819,0.23
342,L16,#32,GW252/13600,(1)停机过程,1,2025-10-22 23:42:23,2025-10-22 23:43:17,54,0.02
343,L16,#32,GW252/13600,(5)发电状态,5,2025-10-22 20:37:25,2025-10-22 23:42:23,11098,3.08
344,L16,#32,GW252/13600,(4)启机状态,4,2025-10-22 20:36:48,2025-10-22 20:37:25,37,0.01
345,L16,#32,GW252/13600,(3)待机状态,3,2025-10-22 20:36:17,2025-10-22 20:36:48,31,0.01
346,L16,#32,GW252/13600,(2)停机状态,2,2025-10-22 20:22:57,2025-10-22 20:36:17,800,0.22
347,L16,#32,GW252/13600,(1)停机过程,1,2025-10-22 20:22:02,2025-10-22 20:22:57,55,0.02
348,L16,#32,GW252/13600,(5)发电状态,5,2025-10-22 19:27:37,2025-10-22 20:22:02,3265,0.91
349,L16,#32,GW252/13600,(4)启机状态,4,2025-10-22 19:27:08,2025-10-22 19:27:37,29,0.01
350,L16,#32,GW252/13600,(3)待机状态,3,2025-10-22 19:26:39,2025-10-22 19:27:08,29,0.01
351,L16,#32,GW252/13600,(2)停机状态,2,2025-10-22 19:21:38,2025-10-22 19:26:39,301,0.08
352,L16,#32,GW252/13600,(1)停机过程,1,2025-10-22 19:20:39,2025-10-22 19:21:38,59,0.02
353,L16,#32,GW252/13600,(5)发电状态,5,2025-10-22 16:07:31,2025-10-22 19:20:39,11588,3.22
354,L16,#32,GW252/13600,(4)启机状态,4,2025-10-22 16:06:58,2025-10-22 16:07:31,33,0.01
355,L16,#32,GW252/13600,(3)待机状态,3,2025-10-22 16:06:25,2025-10-22 16:06:58,33,0.01
356,L16,#32,GW252/13600,(2)停机状态,2,2025-10-22 15:31:36,2025-10-22 16:06:25,2089,0.58
357,L16,#32,GW252/13600,(1)停机过程,1,2025-10-22 15:30:41,2025-10-22 15:31:36,55,0.02
358,L16,#32,GW252/13600,(5)发电状态,5,2025-10-22 10:57:50,2025-10-22 15:30:41,16371,4.55
359,L16,#32,GW252/13600,(4)启机状态,4,2025-10-22 10:57:10,2025-10-22 10:57:50,40,0.01
360,L16,#32,GW252/13600,(3)待机状态,3,2025-10-22 10:56:40,2025-10-22 10:57:10,30,0.01
361,L16,#32,GW252/13600,(2)停机状态,2,2025-10-22 08:47:02,2025-10-22 10:56:40,7778,2.16
362,L16,#32,GW252/13600,(1)停机过程,1,2025-10-22 08:46:09,2025-10-22 08:47:02,53,0.01
363,L16,#32,GW252/13600,(5)发电状态,5,2025-10-22 07:27:13,2025-10-22 08:46:09,4736,1.32
364,L16,#32,GW252/13600,(4)启机状态,4,2025-10-22 07:26:39,2025-10-22 07:27:13,34,0.01
365,L16,#32,GW252/13600,(3)待机状态,3,2025-10-22 07:26:08,2025-10-22 07:26:39,31,0.01
366,L16,#32,GW252/13600,(2)停机状态,2,2025-10-22 07:21:13,2025-10-22 07:26:08,295,0.08
367,L16,#32,GW252/13600,(1)停机过程,1,2025-10-22 07:20:23,2025-10-22 07:21:13,50,0.01
368,L16,#32,GW252/13600,(5)发电状态,5,2025-10-22 06:13:04,2025-10-22 07:20:23,4039,1.12
369,L16,#32,GW252/13600,(4)启机状态,4,2025-10-22 06:12:30,2025-10-22 06:13:04,34,0.01
370,L16,#32,GW252/13600,(3)待机状态,3,2025-10-22 06:12:00,2025-10-22 06:12:30,30,0.01
371,L16,#32,GW252/13600,(2)停机状态,2,2025-10-22 05:57:11,2025-10-22 06:12:00,889,0.25
372,L16,#32,GW252/13600,(1)停机过程,1,2025-10-22 05:56:22,2025-10-22 05:57:11,49,0.01
373,L16,#32,GW252/13600,(5)发电状态,5,2025-10-22 04:04:39,2025-10-22 05:56:22,6703,1.86
374,L16,#32,GW252/13600,(4)启机状态,4,2025-10-22 04:04:07,2025-10-22 04:04:39,32,0.01
375,L16,#32,GW252/13600,(3)待机状态,3,2025-10-22 04:03:38,2025-10-22 04:04:07,29,0.01
376,L16,#32,GW252/13600,(2)停机状态,2,2025-10-22 01:41:57,2025-10-22 04:03:38,8501,2.36
377,L16,#32,GW252/13600,(1)停机过程,1,2025-10-22 01:40:45,2025-10-22 01:41:57,72,0.02
378,L16,#32,GW252/13600,(5)发电状态,5,2025-10-22 01:01:49,2025-10-22 01:40:45,2336,0.65
379,L16,#32,GW252/13600,(4)启机状态,4,2025-10-22 01:01:16,2025-10-22 01:01:49,33,0.01
380,L16,#32,GW252/13600,(3)待机状态,3,2025-10-22 01:00:48,2025-10-22 01:01:16,28,0.01
381,L16,#32,GW252/13600,(2)停机状态,2,2025-10-22 00:09:32,2025-10-22 01:00:48,3076,0.85
382,L16,#32,GW252/13600,(1)停机过程,1,2025-10-22 00:08:30,2025-10-22 00:09:32,62,0.02
383,L16,#32,GW252/13600,(5)发电状态,5,2025-10-21 22:57:47,2025-10-22 00:08:30,4243,1.18
384,L16,#32,GW252/13600,(4)启机状态,4,2025-10-21 22:57:18,2025-10-21 22:57:47,29,0.01
385,L16,#32,GW252/13600,(3)待机状态,3,2025-10-21 22:56:48,2025-10-21 22:57:18,30,0.01
386,L16,#32,GW252/13600,(2)停机状态,2,2025-10-21 21:09:52,2025-10-21 22:56:48,6416,1.78
387,L16,#32,GW252/13600,(1)停机过程,1,2025-10-21 21:08:13,2025-10-21 21:09:52,99,0.03
388,L16,#32,GW252/13600,(5)发电状态,5,2025-10-21 21:02:25,2025-10-21 21:08:13,348,0.1
389,L16,#32,GW252/13600,(4)启机状态,4,2025-10-21 21:01:53,2025-10-21 21:02:25,32,0.01
390,L16,#32,GW252/13600,(3)待机状态,3,2025-10-21 21:01:22,2025-10-21 21:01:53,31,0.01
391,L16,#32,GW252/13600,(2)停机状态,2,2025-10-21 20:57:06,2025-10-21 21:01:22,256,0.07
392,L16,#32,GW252/13600,(1)停机过程,1,2025-10-21 20:56:09,2025-10-21 20:57:06,57,0.02
393,L16,#32,GW252/13600,(5)发电状态,5,2025-10-21 20:52:34,2025-10-21 20:56:09,215,0.06
394,L16,#32,GW252/13600,(4)启机状态,4,2025-10-21 20:52:02,2025-10-21 20:52:34,32,0.01
395,L16,#32,GW252/13600,(3)待机状态,3,2025-10-21 20:51:32,2025-10-21 20:52:02,30,0.01
396,L16,#32,GW252/13600,(2)停机状态,2,2025-10-21 20:46:56,2025-10-21 20:51:32,276,0.08
397,L16,#32,GW252/13600,(1)停机过程,1,2025-10-21 20:46:00,2025-10-21 20:46:56,56,0.02
398,L16,#32,GW252/13600,(5)发电状态,5,2025-10-21 17:17:22,2025-10-21 20:46:00,12518,3.48
399,L16,#32,GW252/13600,(4)启机状态,4,2025-10-21 17:16:52,2025-10-21 17:17:22,30,0.01
400,L16,#32,GW252/13600,(3)待机状态,3,2025-10-21 17:16:21,2025-10-21 17:16:52,31,0.01
401,L16,#32,GW252/13600,(2)停机状态,2,2025-10-21 17:01:40,2025-10-21 17:16:21,881,0.24
402,L16,#32,GW252/13600,(1)停机过程,1,2025-10-21 17:00:41,2025-10-21 17:01:40,59,0.02
403,L16,#32,GW252/13600,(5)发电状态,5,2025-10-21 14:02:43,2025-10-21 17:00:41,10678,2.97
404,L16,#32,GW252/13600,(4)启机状态,4,2025-10-21 14:02:10,2025-10-21 14:02:43,33,0.01
405,L16,#32,GW252/13600,(3)待机状态,3,2025-10-21 14:01:38,2025-10-21 14:02:10,32,0.01
406,L16,#32,GW252/13600,(2)停机状态,2,2025-10-21 10:26:50,2025-10-21 14:01:38,12888,3.58
407,L16,#32,GW252/13600,(1)停机过程,1,2025-10-21 10:25:59,2025-10-21 10:26:50,51,0.01
408,L16,#32,GW252/13600,(5)发电状态,5,2025-10-21 09:47:15,2025-10-21 10:25:59,2324,0.65
409,L16,#32,GW252/13600,(4)启机状态,4,2025-10-21 09:46:44,2025-10-21 09:47:15,31,0.01
410,L16,#32,GW252/13600,(3)待机状态,3,2025-10-21 09:46:13,2025-10-21 09:46:44,31,0.01
411,L16,#32,GW252/13600,(2)停机状态,2,2025-10-21 09:45:17,2025-10-21 09:46:13,56,0.02
412,L16,#32,GW252/13600,(1)停机过程,1,2025-10-21 09:44:22,2025-10-21 09:45:17,55,0.02
413,L16,#32,GW252/13600,(5)发电状态,5,2025-10-21 04:44:29,2025-10-21 09:44:22,17993,5
414,L16,#32,GW252/13600,(4)启机状态,4,2025-10-21 04:43:58,2025-10-21 04:44:29,31,0.01
415,L16,#32,GW252/13600,(3)待机状态,3,2025-10-21 04:43:26,2025-10-21 04:43:58,32,0.01
416,L16,#32,GW252/13600,(2)停机状态,2,2025-10-21 03:49:41,2025-10-21 04:43:26,3225,0.9
417,L16,#32,GW252/13600,(1)停机过程,1,2025-10-21 03:48:50,2025-10-21 03:49:41,51,0.01
418,L16,#32,GW252/13600,(5)发电状态,5,2025-10-20 23:16:39,2025-10-21 03:48:50,16331,4.54
419,L16,#32,GW252/13600,(4)启机状态,4,2025-10-20 23:16:05,2025-10-20 23:16:39,34,0.01
420,L16,#32,GW252/13600,(3)待机状态,3,2025-10-20 23:15:36,2025-10-20 23:16:05,29,0.01
421,L16,#32,GW252/13600,(2)停机状态,2,2025-10-20 22:55:17,2025-10-20 23:15:36,1219,0.34
422,L16,#32,GW252/13600,(1)停机过程,1,2025-10-20 22:54:26,2025-10-20 22:55:17,51,0.01
423,L16,#32,GW252/13600,(5)发电状态,5,2025-10-20 21:27:55,2025-10-20 22:54:26,5191,1.44
424,L16,#32,GW252/13600,(4)启机状态,4,2025-10-20 21:27:21,2025-10-20 21:27:55,34,0.01
425,L16,#32,GW252/13600,(3)待机状态,3,2025-10-20 21:26:49,2025-10-20 21:27:21,32,0.01
426,L16,#32,GW252/13600,(2)停机状态,2,2025-10-20 21:00:55,2025-10-20 21:26:49,1554,0.43
427,L16,#32,GW252/13600,(1)停机过程,1,2025-10-20 21:00:04,2025-10-20 21:00:55,51,0.01
428,L16,#32,GW252/13600,(5)发电状态,5,2025-10-20 19:15:52,2025-10-20 21:00:04,6252,1.74
429,L16,#32,GW252/13600,(4)启机状态,4,2025-10-20 19:15:19,2025-10-20 19:15:52,33,0.01
430,L16,#32,GW252/13600,(3)待机状态,3,2025-10-20 19:14:44,2025-10-20 19:15:19,35,0.01
431,L16,#32,GW252/13600,(2)停机状态,2,2025-10-20 18:58:37,2025-10-20 19:14:44,967,0.27
432,L16,#32,GW252/13600,(1)停机过程,1,2025-10-20 18:57:44,2025-10-20 18:58:37,53,0.01
433,L16,#32,GW252/13600,(5)发电状态,5,2025-10-20 15:10:20,2025-10-20 18:57:44,13644,3.79
434,L16,#32,GW252/13600,(4)启机状态,4,2025-10-20 15:09:46,2025-10-20 15:10:20,34,0.01
435,L16,#32,GW252/13600,(3)待机状态,3,2025-10-20 15:09:13,2025-10-20 15:09:46,33,0.01
436,L16,#32,GW252/13600,(2)停机状态,2,2025-10-20 15:09:11,2025-10-20 15:09:13,2,0
437,L16,#32,GW252/13600,(1)停机过程,1,2025-10-20 15:09:02,2025-10-20 15:09:11,9,0
438,L16,#32,GW252/13600,(9)维护状态,9,2025-10-20 15:08:09,2025-10-20 15:09:02,53,0.01
439,L16,#32,GW252/13600,(2)停机状态,2,2025-10-20 15:06:48,2025-10-20 15:08:09,81,0.02
440,L16,#32,GW252/13600,(1)停机过程,1,2025-10-20 15:06:43,2025-10-20 15:06:48,5,0
441,L16,#32,GW252/13600,(9)维护状态,9,2025-10-20 15:03:41,2025-10-20 15:06:43,182,0.05
442,L16,#32,GW252/13600,(1)停机过程,1,2025-10-20 15:02:50,2025-10-20 15:03:41,51,0.01
443,L16,#32,GW252/13600,(5)发电状态,5,2025-10-20 14:54:40,2025-10-20 15:02:50,490,0.14
444,L16,#32,GW252/13600,(4)启机状态,4,2025-10-20 14:54:06,2025-10-20 14:54:40,34,0.01
445,L16,#32,GW252/13600,(3)待机状态,3,2025-10-20 14:53:31,2025-10-20 14:54:06,35,0.01
446,L16,#32,GW252/13600,(2)停机状态,2,2025-10-20 14:44:11,2025-10-20 14:53:31,560,0.16
447,L16,#32,GW252/13600,(1)停机过程,1,2025-10-20 14:43:16,2025-10-20 14:44:11,55,0.02
448,L16,#32,GW252/13600,(5)发电状态,5,2025-10-20 11:44:25,2025-10-20 14:43:16,10731,2.98
449,L16,#32,GW252/13600,(4)启机状态,4,2025-10-20 11:43:50,2025-10-20 11:44:25,35,0.01
450,L16,#32,GW252/13600,(3)待机状态,3,2025-10-20 11:43:17,2025-10-20 11:43:50,33,0.01
451,L16,#32,GW252/13600,(2)停机状态,2,2025-10-20 11:23:25,2025-10-20 11:43:17,1192,0.33
452,L16,#32,GW252/13600,(1)停机过程,1,2025-10-20 11:22:28,2025-10-20 11:23:25,57,0.02
453,L16,#32,GW252/13600,(5)发电状态,5,2025-10-20 00:06:01,2025-10-20 11:22:28,40587,11.27
454,L16,#32,GW252/13600,(4)启机状态,4,2025-10-20 00:05:21,2025-10-20 00:06:01,40,0.01
455,L16,#32,GW252/13600,(3)待机状态,3,2025-10-20 00:04:43,2025-10-20 00:05:21,38,0.01
456,L16,#32,GW252/13600,(2)停机状态,2,2025-10-19 23:24:19,2025-10-20 00:04:43,2424,0.67
457,L16,#32,GW252/13600,(1)停机过程,1,2025-10-19 23:23:17,2025-10-19 23:24:19,62,0.02
458,L16,#32,GW252/13600,(5)发电状态,5,2025-10-18 23:51:41,2025-10-19 23:23:17,84696,23.53
459,L16,#32,GW252/13600,(4)启机状态,4,2025-10-18 23:50:44,2025-10-18 23:51:41,57,0.02
460,L16,#32,GW252/13600,(3)待机状态,3,2025-10-18 23:49:59,2025-10-18 23:50:44,45,0.01
461,L16,#32,GW252/13600,(2)停机状态,2,2025-10-18 23:12:56,2025-10-18 23:49:59,2223,0.62
462,L16,#32,GW252/13600,(1)停机过程,1,2025-10-18 23:12:05,2025-10-18 23:12:56,51,0.01
463,L16,#32,GW252/13600,(5)发电状态,5,2025-10-17 17:57:51,2025-10-18 23:12:05,105254,29.24
464,L16,#32,GW252/13600,(4)启机状态,4,2025-10-17 17:57:01,2025-10-17 17:57:51,50,0.01
465,L16,#32,GW252/13600,(3)待机状态,3,2025-10-17 17:56:23,2025-10-17 17:57:01,38,0.01
466,L16,#32,GW252/13600,(2)停机状态,2,2025-10-17 17:19:16,2025-10-17 17:56:23,2227,0.62
467,L16,#32,GW252/13600,(1)停机过程,1,2025-10-17 17:18:26,2025-10-17 17:19:16,50,0.01
468,L16,#32,GW252/13600,(5)发电状态,5,2025-10-16 00:02:11,2025-10-17 17:18:26,148575,41.27
469,L16,#32,GW252/13600,(4)启机状态,4,2025-10-16 00:01:17,2025-10-16 00:02:11,54,0.02
470,L16,#32,GW252/13600,(3)待机状态,3,2025-10-16 00:00:33,2025-10-16 00:01:17,44,0.01
471,L16,#32,GW252/13600,(2)停机状态,2,2025-10-15 23:39:52,2025-10-16 00:00:33,1241,0.34
472,L16,#32,GW252/13600,(1)停机过程,1,2025-10-15 23:39:43,2025-10-15 23:39:52,9,0
473,L16,#32,GW252/13600,(9)维护状态,9,2025-10-15 21:08:41,2025-10-15 23:39:43,9062,2.52
474,L16,#32,GW252/13600,(2)停机状态,2,2025-10-13 12:28:37,2025-10-15 21:08:41,204004,56.67
475,L16,#32,GW252/13600,(1)停机过程,1,2025-10-13 12:28:27,2025-10-13 12:28:37,10,0
476,L16,#32,GW252/13600,(9)维护状态,9,2025-10-10 09:13:25,2025-10-13 12:28:27,270902,75.25
477,L16,#32,GW252/13600,(1)停机过程,1,2025-10-10 09:08:23,2025-10-10 09:13:25,302,0.08
478,L16,#32,GW252/13600,(9)维护状态,9,2025-10-09 18:44:04,2025-10-10 09:08:23,51859,14.41
479,L16,#32,GW252/13600,(2)停机状态,2,2025-10-07 10:35:38,2025-10-09 18:44:04,202106,56.14
480,L16,#32,GW252/13600,(1)停机过程,1,2025-10-07 10:35:28,2025-10-07 10:35:38,10,0
481,L16,#32,GW252/13600,(9)维护状态,9,2025-10-07 10:33:07,2025-10-07 10:35:28,141,0.04
482,L16,#32,GW252/13600,(2)停机状态,2,2025-10-07 10:26:27,2025-10-07 10:33:07,400,0.11
483,L16,#32,GW252/13600,(0)初始化,0,2025-10-07 10:25:09,2025-10-07 10:26:27,78,0.02
484,L16,#32,GW252/13600,(2)停机状态,2,2025-10-06 16:48:42,2025-10-07 10:25:09,63387,17.61
485,L16,#32,GW252/13600,(1)停机过程,1,2025-10-06 16:48:32,2025-10-06 16:48:42,10,0
486,L16,#32,GW252/13600,(9)维护状态,9,2025-10-06 16:45:07,2025-10-06 16:48:32,205,0.06
487,L16,#32,GW252/13600,(2)停机状态,2,2025-10-03 11:57:09,2025-10-06 16:45:07,276478,76.8
488,L16,#32,GW252/13600,(1)停机过程,1,2025-10-03 11:56:59,2025-10-03 11:57:09,10,0
489,L16,#32,GW252/13600,(9)维护状态,9,2025-10-03 10:54:22,2025-10-03 11:56:59,3757,1.04
490,L16,#32,GW252/13600,(2)停机状态,2,2025-10-03 01:44:17,2025-10-03 10:54:22,33005,9.17
491,L16,#32,GW252/13600,(1)停机过程,1,2025-10-03 01:44:07,2025-10-03 01:44:17,10,0
492,L16,#32,GW252/13600,(9)维护状态,9,2025-10-03 01:43:30,2025-10-03 01:44:07,37,0.01
493,L16,#32,GW252/13600,(2)停机状态,2,2025-10-03 01:43:23,2025-10-03 01:43:30,7,0
494,L16,#32,GW252/13600,(0)初始化,0,2025-10-03 01:42:06,2025-10-03 01:43:23,77,0.02
495,L16,#32,GW252/13600,(2)停机状态,2,2025-10-03 01:30:55,2025-10-03 01:42:06,671,0.19
496,L16,#32,GW252/13600,(1)停机过程,1,2025-10-03 01:30:45,2025-10-03 01:30:55,10,0
497,L16,#32,GW252/13600,(9)维护状态,9,2025-10-02 21:15:13,2025-10-03 01:30:45,15332,4.26
498,L16,#32,GW252/13600,(2)停机状态,2,2025-10-02 17:23:51,2025-10-02 21:15:13,13882,3.86
499,L16,#32,GW252/13600,(1)停机过程,1,2025-10-02 17:23:41,2025-10-02 17:23:51,10,0
500,L16,#32,GW252/13600,(9)维护状态,9,2025-10-02 14:47:19,2025-10-02 17:23:41,9382,2.61
501,L16,#32,GW252/13600,(9)维护状态,9,2025-09-26 21:17:35,2025-10-02 14:47:19,494984,137.5
502,L16,#32,GW252/13600,(2)停机状态,2,2025-09-26 21:03:39,2025-09-26 21:17:35,836,0.23
503,L16,#32,GW252/13600,(1)停机过程,1,2025-09-26 21:03:28,2025-09-26 21:03:39,11,0
504,L16,#32,GW252/13600,(9)维护状态,9,2025-09-25 22:55:24,2025-09-26 21:03:28,79684,22.13
505,L16,#32,GW252/13600,(2)停机状态,2,2025-09-25 22:55:19,2025-09-25 22:55:24,5,0
506,L16,#32,GW252/13600,(1)停机过程,1,2025-09-25 22:55:09,2025-09-25 22:55:19,10,0
507,L16,#32,GW252/13600,(9)维护状态,9,2025-09-25 22:48:45,2025-09-25 22:55:09,384,0.11
508,L16,#32,GW252/13600,(2)停机状态,2,2025-09-25 22:44:26,2025-09-25 22:48:45,259,0.07
509,L16,#32,GW252/13600,(1)停机过程,1,2025-09-25 22:44:16,2025-09-25 22:44:26,10,0
510,L16,#32,GW252/13600,(9)维护状态,9,2025-09-25 14:33:39,2025-09-25 22:44:16,29437,8.18
511,L16,#32,GW252/13600,(2)停机状态,2,2025-09-22 21:27:50,2025-09-25 14:33:39,234349,65.1
512,L16,#32,GW252/13600,(1)停机过程,1,2025-09-22 21:27:40,2025-09-22 21:27:50,10,0
513,L16,#32,GW252/13600,(9)维护状态,9,2025-09-22 20:54:00,2025-09-22 21:27:40,2020,0.56
514,L16,#32,GW252/13600,(2)停机状态,2,2025-09-22 20:44:25,2025-09-22 20:54:00,575,0.16
515,L16,#32,GW252/13600,(1)停机过程,1,2025-09-22 20:44:15,2025-09-22 20:44:25,10,0
516,L16,#32,GW252/13600,(9)维护状态,9,2025-09-22 20:43:53,2025-09-22 20:44:15,22,0.01
517,L16,#32,GW252/13600,(2)停机状态,2,2025-09-22 19:14:56,2025-09-22 20:43:53,5337,1.48
518,L16,#32,GW252/13600,(1)停机过程,1,2025-09-22 19:14:46,2025-09-22 19:14:56,10,0
519,L16,#32,GW252/13600,(9)维护状态,9,2025-09-22 08:33:53,2025-09-22 19:14:46,38453,10.68
520,L16,#32,GW252/13600,(2)停机状态,2,2025-09-21 16:31:26,2025-09-22 08:33:53,57747,16.04
521,L16,#32,GW252/13600,(1)停机过程,1,2025-09-21 16:31:10,2025-09-21 16:31:26,16,0
522,L16,#32,GW252/13600,(3)待机状态,3,2025-09-21 16:31:01,2025-09-21 16:31:10,9,0
523,L16,#32,GW252/13600,(2)停机状态,2,2025-09-21 16:29:21,2025-09-21 16:31:01,100,0.03
524,L16,#32,GW252/13600,(1)停机过程,1,2025-09-21 16:29:09,2025-09-21 16:29:21,12,0
525,L16,#32,GW252/13600,(9)维护状态,9,2025-09-20 19:15:28,2025-09-21 16:29:09,76421,21.23
526,L16,#32,GW252/13600,(2)停机状态,2,2025-09-20 19:09:28,2025-09-20 19:15:28,360,0.1
527,L16,#32,GW252/13600,(1)停机过程,1,2025-09-20 19:09:17,2025-09-20 19:09:28,11,0
528,L16,#32,GW252/13600,(9)维护状态,9,2025-09-20 14:46:16,2025-09-20 19:09:17,15781,4.38
529,L16,#32,GW252/13600,(2)停机状态,2,2025-09-20 14:40:51,2025-09-20 14:46:16,325,0.09
530,L16,#32,GW252/13600,(1)停机过程,1,2025-09-20 14:40:41,2025-09-20 14:40:51,10,0
531,L16,#32,GW252/13600,(9)维护状态,9,2025-09-20 12:00:04,2025-09-20 14:40:41,9637,2.68
532,L16,#32,GW252/13600,(2)停机状态,2,2025-09-20 10:57:32,2025-09-20 12:00:04,3752,1.04
533,L16,#32,GW252/13600,(1)停机过程,1,2025-09-20 10:57:22,2025-09-20 10:57:32,10,0
534,L16,#32,GW252/13600,(9)维护状态,9,2025-09-20 10:18:35,2025-09-20 10:57:22,2327,0.65
535,L16,#32,GW252/13600,(2)停机状态,2,2025-09-20 10:04:30,2025-09-20 10:18:35,845,0.23
536,L16,#32,GW252/13600,(1)停机过程,1,2025-09-20 10:04:20,2025-09-20 10:04:30,10,0
537,L16,#32,GW252/13600,(9)维护状态,9,2025-09-20 09:06:29,2025-09-20 10:04:20,3471,0.96
538,L16,#32,GW252/13600,(2)停机状态,2,2025-09-20 08:53:38,2025-09-20 09:06:29,771,0.21
539,L16,#32,GW252/13600,(1)停机过程,1,2025-09-20 08:52:49,2025-09-20 08:53:38,49,0.01
540,L16,#32,GW252/13600,(5)发电状态,5,2025-09-19 23:43:36,2025-09-20 08:52:49,32953,9.15
541,L16,#32,GW252/13600,(4)启机状态,4,2025-09-19 23:41:34,2025-09-19 23:43:36,122,0.03
542,L16,#32,GW252/13600,(3)待机状态,3,2025-09-19 22:50:12,2025-09-19 23:41:34,3082,0.86
543,L16,#32,GW252/13600,(2)停机状态,2,2025-09-19 22:44:35,2025-09-19 22:50:12,337,0.09
544,L16,#32,GW252/13600,(1)停机过程,1,2025-09-19 22:43:39,2025-09-19 22:44:35,56,0.02
545,L16,#32,GW252/13600,(5)发电状态,5,2025-09-19 21:33:14,2025-09-19 22:43:39,4225,1.17
546,L16,#32,GW252/13600,(4)启机状态,4,2025-09-19 21:31:05,2025-09-19 21:33:14,129,0.04
547,L16,#32,GW252/13600,(3)待机状态,3,2025-09-19 19:46:27,2025-09-19 21:31:05,6278,1.74
548,L16,#32,GW252/13600,(2)停机状态,2,2025-09-19 19:40:50,2025-09-19 19:46:27,337,0.09
549,L16,#32,GW252/13600,(1)停机过程,1,2025-09-19 19:39:55,2025-09-19 19:40:50,55,0.02
550,L16,#32,GW252/13600,(5)发电状态,5,2025-09-19 18:44:39,2025-09-19 19:39:55,3316,0.92
551,L16,#32,GW252/13600,(4)启机状态,4,2025-09-19 18:42:22,2025-09-19 18:44:39,137,0.04
552,L16,#32,GW252/13600,(3)待机状态,3,2025-09-19 11:05:04,2025-09-19 18:42:22,27438,7.62
553,L16,#32,GW252/13600,(2)停机状态,2,2025-09-19 10:27:02,2025-09-19 11:05:04,2282,0.63
554,L16,#32,GW252/13600,(1)停机过程,1,2025-09-19 10:26:06,2025-09-19 10:27:02,56,0.02
555,L16,#32,GW252/13600,(5)发电状态,5,2025-09-19 09:34:42,2025-09-19 10:26:06,3084,0.86
556,L16,#32,GW252/13600,(4)启机状态,4,2025-09-19 09:33:24,2025-09-19 09:34:42,78,0.02
557,L16,#32,GW252/13600,(3)待机状态,3,2025-09-19 09:14:18,2025-09-19 09:33:24,1146,0.32
558,L16,#32,GW252/13600,(2)停机状态,2,2025-09-19 09:14:16,2025-09-19 09:14:18,2,0
559,L16,#32,GW252/13600,(1)停机过程,1,2025-09-19 09:13:42,2025-09-19 09:14:16,34,0.01
560,L16,#32,GW252/13600,(3)待机状态,3,2025-09-19 07:34:26,2025-09-19 09:13:42,5956,1.65
561,L16,#32,GW252/13600,(2)停机状态,2,2025-09-19 07:33:49,2025-09-19 07:34:26,37,0.01
562,L16,#32,GW252/13600,(1)停机过程,1,2025-09-19 07:32:53,2025-09-19 07:33:49,56,0.02
563,L16,#32,GW252/13600,(5)发电状态,5,2025-09-19 07:17:43,2025-09-19 07:32:53,910,0.25
564,L16,#32,GW252/13600,(4)启机状态,4,2025-09-19 07:14:24,2025-09-19 07:17:43,199,0.06
565,L16,#32,GW252/13600,(3)待机状态,3,2025-09-19 06:58:44,2025-09-19 07:14:24,940,0.26
566,L16,#32,GW252/13600,(2)停机状态,2,2025-09-19 06:53:08,2025-09-19 06:58:44,336,0.09
567,L16,#32,GW252/13600,(1)停机过程,1,2025-09-19 06:52:12,2025-09-19 06:53:08,56,0.02
568,L16,#32,GW252/13600,(5)发电状态,5,2025-09-16 22:29:37,2025-09-19 06:52:12,202955,56.38
569,L16,#32,GW252/13600,(4)启机状态,4,2025-09-16 22:29:05,2025-09-16 22:29:37,32,0.01
570,L16,#32,GW252/13600,(3)待机状态,3,2025-09-16 22:25:39,2025-09-16 22:29:05,206,0.06
571,L16,#32,GW252/13600,(2)停机状态,2,2025-09-16 22:25:38,2025-09-16 22:25:39,1,0
572,L16,#32,GW252/13600,(1)停机过程,1,2025-09-16 22:24:49,2025-09-16 22:25:38,49,0.01
573,L16,#32,GW252/13600,(5)发电状态,5,2025-09-16 20:30:01,2025-09-16 22:24:49,6888,1.91
574,L16,#32,GW252/13600,(4)启机状态,4,2025-09-16 20:29:07,2025-09-16 20:30:01,54,0.02
575,L16,#32,GW252/13600,(3)待机状态,3,2025-09-16 20:26:53,2025-09-16 20:29:07,134,0.04
576,L16,#32,GW252/13600,(2)停机状态,2,2025-09-16 20:26:51,2025-09-16 20:26:53,2,0
577,L16,#32,GW252/13600,(1)停机过程,1,2025-09-16 20:25:59,2025-09-16 20:26:51,52,0.01
578,L16,#32,GW252/13600,(5)发电状态,5,2025-09-16 19:58:18,2025-09-16 20:25:59,1661,0.46
579,L16,#32,GW252/13600,(4)启机状态,4,2025-09-16 19:56:56,2025-09-16 19:58:18,82,0.02
580,L16,#32,GW252/13600,(3)待机状态,3,2025-09-16 19:47:48,2025-09-16 19:56:56,548,0.15
581,L16,#32,GW252/13600,(2)停机状态,2,2025-09-16 19:47:47,2025-09-16 19:47:48,1,0
582,L16,#32,GW252/13600,(1)停机过程,1,2025-09-16 19:46:54,2025-09-16 19:47:47,53,0.01
583,L16,#32,GW252/13600,(5)发电状态,5,2025-09-16 19:22:36,2025-09-16 19:46:54,1458,0.41
584,L16,#32,GW252/13600,(4)启机状态,4,2025-09-16 19:20:54,2025-09-16 19:22:36,102,0.03
585,L16,#32,GW252/13600,(3)待机状态,3,2025-09-16 19:16:11,2025-09-16 19:20:54,283,0.08
586,L16,#32,GW252/13600,(2)停机状态,2,2025-09-16 19:16:10,2025-09-16 19:16:11,1,0
587,L16,#32,GW252/13600,(1)停机过程,1,2025-09-16 19:15:14,2025-09-16 19:16:10,56,0.02
588,L16,#32,GW252/13600,(5)发电状态,5,2025-09-16 18:01:08,2025-09-16 19:15:14,4446,1.24
589,L16,#32,GW252/13600,(4)启机状态,4,2025-09-16 17:58:58,2025-09-16 18:01:08,130,0.04
590,L16,#32,GW252/13600,(3)待机状态,3,2025-09-16 17:23:23,2025-09-16 17:58:58,2135,0.59
591,L16,#32,GW252/13600,(2)停机状态,2,2025-09-16 17:23:21,2025-09-16 17:23:23,2,0
592,L16,#32,GW252/13600,(1)停机过程,1,2025-09-16 17:22:26,2025-09-16 17:23:21,55,0.02
593,L16,#32,GW252/13600,(5)发电状态,5,2025-09-16 17:09:05,2025-09-16 17:22:26,801,0.22
594,L16,#32,GW252/13600,(4)启机状态,4,2025-09-16 17:06:42,2025-09-16 17:09:05,143,0.04
595,L16,#32,GW252/13600,(3)待机状态,3,2025-09-16 16:59:27,2025-09-16 17:06:42,435,0.12
596,L16,#32,GW252/13600,(2)停机状态,2,2025-09-16 16:58:10,2025-09-16 16:59:27,77,0.02
597,L16,#32,GW252/13600,(1)停机过程,1,2025-09-16 16:57:14,2025-09-16 16:58:10,56,0.02
598,L16,#32,GW252/13600,(4)启机状态,4,2025-09-16 16:52:14,2025-09-16 16:57:14,300,0.08
599,L16,#32,GW252/13600,(3)待机状态,3,2025-09-16 16:47:05,2025-09-16 16:52:14,309,0.09
600,L16,#32,GW252/13600,(2)停机状态,2,2025-09-16 16:46:25,2025-09-16 16:47:05,40,0.01
601,L16,#32,GW252/13600,(1)停机过程,1,2025-09-16 16:45:30,2025-09-16 16:46:25,55,0.02
602,L16,#32,GW252/13600,(5)发电状态,5,2025-09-16 16:19:43,2025-09-16 16:45:30,1547,0.43
603,L16,#32,GW252/13600,(4)启机状态,4,2025-09-16 16:17:09,2025-09-16 16:19:43,154,0.04
604,L16,#32,GW252/13600,(3)待机状态,3,2025-09-16 16:13:04,2025-09-16 16:17:09,245,0.07
605,L16,#32,GW252/13600,(2)停机状态,2,2025-09-16 16:12:14,2025-09-16 16:13:04,50,0.01
606,L16,#32,GW252/13600,(1)停机过程,1,2025-09-16 16:11:18,2025-09-16 16:12:14,56,0.02
607,L16,#32,GW252/13600,(5)发电状态,5,2025-09-16 15:30:55,2025-09-16 16:11:18,2423,0.67
608,L16,#32,GW252/13600,(4)启机状态,4,2025-09-16 15:29:32,2025-09-16 15:30:55,83,0.02
609,L16,#32,GW252/13600,(3)待机状态,3,2025-09-16 14:49:10,2025-09-16 15:29:32,2422,0.67
610,L16,#32,GW252/13600,(2)停机状态,2,2025-09-16 14:47:16,2025-09-16 14:49:10,114,0.03
611,L16,#32,GW252/13600,(1)停机过程,1,2025-09-16 14:46:20,2025-09-16 14:47:16,56,0.02
612,L16,#32,GW252/13600,(4)启机状态,4,2025-09-16 14:41:20,2025-09-16 14:46:20,300,0.08
613,L16,#32,GW252/13600,(3)待机状态,3,2025-09-16 14:20:00,2025-09-16 14:41:20,1280,0.36
614,L16,#32,GW252/13600,(2)停机状态,2,2025-09-16 14:16:08,2025-09-16 14:20:00,232,0.06
615,L16,#32,GW252/13600,(1)停机过程,1,2025-09-16 14:15:11,2025-09-16 14:16:08,57,0.02
616,L16,#32,GW252/13600,(5)发电状态,5,2025-09-15 14:08:44,2025-09-16 14:15:11,86787,24.11
617,L16,#32,GW252/13600,(4)启机状态,4,2025-09-15 14:06:28,2025-09-15 14:08:44,136,0.04
618,L16,#32,GW252/13600,(3)待机状态,3,2025-09-15 13:34:19,2025-09-15 14:06:28,1929,0.54
619,L16,#32,GW252/13600,(2)停机状态,2,2025-09-15 13:34:18,2025-09-15 13:34:19,1,0
620,L16,#32,GW252/13600,(1)停机过程,1,2025-09-15 13:33:22,2025-09-15 13:34:18,56,0.02
621,L16,#32,GW252/13600,(5)发电状态,5,2025-09-15 09:22:53,2025-09-15 13:33:22,15029,4.17
622,L16,#32,GW252/13600,(4)启机状态,4,2025-09-15 09:20:59,2025-09-15 09:22:53,114,0.03
623,L16,#32,GW252/13600,(3)待机状态,3,2025-09-14 23:54:27,2025-09-15 09:20:59,33992,9.44
624,L16,#32,GW252/13600,(2)停机状态,2,2025-09-14 23:53:25,2025-09-14 23:54:27,62,0.02
625,L16,#32,GW252/13600,(1)停机过程,1,2025-09-14 23:52:28,2025-09-14 23:53:25,57,0.02
626,L16,#32,GW252/13600,(5)发电状态,5,2025-09-14 17:03:01,2025-09-14 23:52:28,24567,6.82
627,L16,#32,GW252/13600,(4)启机状态,4,2025-09-14 17:00:32,2025-09-14 17:03:01,149,0.04
628,L16,#32,GW252/13600,(3)待机状态,3,2025-09-14 15:30:21,2025-09-14 17:00:32,5411,1.5
629,L16,#32,GW252/13600,(2)停机状态,2,2025-09-14 15:28:46,2025-09-14 15:30:21,95,0.03
630,L16,#32,GW252/13600,(1)停机过程,1,2025-09-14 15:27:49,2025-09-14 15:28:46,57,0.02
631,L16,#32,GW252/13600,(5)发电状态,5,2025-09-14 06:43:05,2025-09-14 15:27:49,31484,8.75
632,L16,#32,GW252/13600,(4)启机状态,4,2025-09-14 06:40:36,2025-09-14 06:43:05,149,0.04
633,L16,#32,GW252/13600,(3)待机状态,3,2025-09-14 05:59:53,2025-09-14 06:40:36,2443,0.68
634,L16,#32,GW252/13600,(2)停机状态,2,2025-09-14 05:55:07,2025-09-14 05:59:53,286,0.08
635,L16,#32,GW252/13600,(1)停机过程,1,2025-09-14 05:54:10,2025-09-14 05:55:07,57,0.02
636,L16,#32,GW252/13600,(5)发电状态,5,2025-09-13 14:32:11,2025-09-14 05:54:10,55319,15.37
637,L16,#32,GW252/13600,(4)启机状态,4,2025-09-13 14:30:40,2025-09-13 14:32:11,91,0.03
638,L16,#32,GW252/13600,(3)待机状态,3,2025-09-13 14:06:43,2025-09-13 14:30:40,1437,0.4
639,L16,#32,GW252/13600,(2)停机状态,2,2025-09-13 14:01:05,2025-09-13 14:06:43,338,0.09
640,L16,#32,GW252/13600,(1)停机过程,1,2025-09-13 14:00:11,2025-09-13 14:01:05,54,0.02
641,L16,#32,GW252/13600,(5)发电状态,5,2025-09-13 13:48:06,2025-09-13 14:00:11,725,0.2
642,L16,#32,GW252/13600,(4)启机状态,4,2025-09-13 13:45:25,2025-09-13 13:48:06,161,0.04
643,L16,#32,GW252/13600,(3)待机状态,3,2025-09-13 13:35:16,2025-09-13 13:45:25,609,0.17
644,L16,#32,GW252/13600,(2)停机状态,2,2025-09-13 13:33:29,2025-09-13 13:35:16,107,0.03
645,L16,#32,GW252/13600,(1)停机过程,1,2025-09-13 13:32:33,2025-09-13 13:33:29,56,0.02
646,L16,#32,GW252/13600,(5)发电状态,5,2025-09-13 03:15:00,2025-09-13 13:32:33,37053,10.29
647,L16,#32,GW252/13600,(4)启机状态,4,2025-09-13 03:13:26,2025-09-13 03:15:00,94,0.03
648,L16,#32,GW252/13600,(3)待机状态,3,2025-09-13 02:54:25,2025-09-13 03:13:26,1141,0.32
649,L16,#32,GW252/13600,(2)停机状态,2,2025-09-13 02:53:21,2025-09-13 02:54:25,64,0.02
650,L16,#32,GW252/13600,(1)停机过程,1,2025-09-13 02:52:26,2025-09-13 02:53:21,55,0.02
651,L16,#32,GW252/13600,(5)发电状态,5,2025-09-12 18:59:00,2025-09-13 02:52:26,28406,7.89
652,L16,#32,GW252/13600,(4)启机状态,4,2025-09-12 18:54:41,2025-09-12 18:59:00,259,0.07
653,L16,#32,GW252/13600,(3)待机状态,3,2025-09-12 18:23:02,2025-09-12 18:54:41,1899,0.53
654,L16,#32,GW252/13600,(2)停机状态,2,2025-09-12 18:23:00,2025-09-12 18:23:02,2,0
655,L16,#32,GW252/13600,(1)停机过程,1,2025-09-12 18:22:04,2025-09-12 18:23:00,56,0.02
656,L16,#32,GW252/13600,(5)发电状态,5,2025-09-12 12:31:38,2025-09-12 18:22:04,21026,5.84
657,L16,#32,GW252/13600,(4)启机状态,4,2025-09-12 12:29:27,2025-09-12 12:31:38,131,0.04
658,L16,#32,GW252/13600,(3)待机状态,3,2025-09-12 06:17:28,2025-09-12 12:29:27,22319,6.2
659,L16,#32,GW252/13600,(2)停机状态,2,2025-09-12 05:39:54,2025-09-12 06:17:28,2254,0.63
660,L16,#32,GW252/13600,(1)停机过程,1,2025-09-12 05:38:58,2025-09-12 05:39:54,56,0.02
661,L16,#32,GW252/13600,(5)发电状态,5,2025-09-11 12:47:26,2025-09-12 05:38:58,60692,16.86
662,L16,#32,GW252/13600,(4)启机状态,4,2025-09-11 12:45:27,2025-09-11 12:47:26,119,0.03
663,L16,#32,GW252/13600,(3)待机状态,3,2025-09-11 11:08:55,2025-09-11 12:45:27,5792,1.61
664,L16,#32,GW252/13600,(2)停机状态,2,2025-09-11 11:03:17,2025-09-11 11:08:55,338,0.09
665,L16,#32,GW252/13600,(1)停机过程,1,2025-09-11 11:02:23,2025-09-11 11:03:17,54,0.02
666,L16,#32,GW252/13600,(5)发电状态,5,2025-09-11 09:58:07,2025-09-11 11:02:23,3856,1.07
667,L16,#32,GW252/13600,(4)启机状态,4,2025-09-11 09:55:40,2025-09-11 09:58:07,147,0.04
668,L16,#32,GW252/13600,(3)待机状态,3,2025-09-11 08:05:16,2025-09-11 09:55:40,6624,1.84
669,L16,#32,GW252/13600,(2)停机状态,2,2025-09-11 08:05:14,2025-09-11 08:05:16,2,0
670,L16,#32,GW252/13600,(1)停机过程,1,2025-09-11 08:04:19,2025-09-11 08:05:14,55,0.02
671,L16,#32,GW252/13600,(4)启机状态,4,2025-09-11 07:59:18,2025-09-11 08:04:19,301,0.08
672,L16,#32,GW252/13600,(3)待机状态,3,2025-09-11 07:53:18,2025-09-11 07:59:18,360,0.1
673,L16,#32,GW252/13600,(2)停机状态,2,2025-09-11 07:53:16,2025-09-11 07:53:18,2,0
674,L16,#32,GW252/13600,(1)停机过程,1,2025-09-11 07:52:20,2025-09-11 07:53:16,56,0.02
675,L16,#32,GW252/13600,(5)发电状态,5,2025-09-11 06:40:22,2025-09-11 07:52:20,4318,1.2
676,L16,#32,GW252/13600,(4)启机状态,4,2025-09-11 06:37:51,2025-09-11 06:40:22,151,0.04
677,L16,#32,GW252/13600,(3)待机状态,3,2025-09-11 06:14:10,2025-09-11 06:37:51,1421,0.39
678,L16,#32,GW252/13600,(2)停机状态,2,2025-09-11 06:12:53,2025-09-11 06:14:10,77,0.02
679,L16,#32,GW252/13600,(1)停机过程,1,2025-09-11 06:11:58,2025-09-11 06:12:53,55,0.02
680,L16,#32,GW252/13600,(5)发电状态,5,2025-09-11 06:01:38,2025-09-11 06:11:58,620,0.17
681,L16,#32,GW252/13600,(4)启机状态,4,2025-09-11 06:00:51,2025-09-11 06:01:38,47,0.01
682,L16,#32,GW252/13600,(3)待机状态,3,2025-09-11 03:31:48,2025-09-11 06:00:51,8943,2.48
683,L16,#32,GW252/13600,(2)停机状态,2,2025-09-11 03:27:38,2025-09-11 03:31:48,250,0.07
684,L16,#32,GW252/13600,(1)停机过程,1,2025-09-11 03:26:43,2025-09-11 03:27:38,55,0.02
685,L16,#32,GW252/13600,(5)发电状态,5,2025-09-11 01:40:47,2025-09-11 03:26:43,6356,1.77
686,L16,#32,GW252/13600,(4)启机状态,4,2025-09-11 01:38:51,2025-09-11 01:40:47,116,0.03
687,L16,#32,GW252/13600,(3)待机状态,3,2025-09-10 21:20:46,2025-09-11 01:38:51,15485,4.3
688,L16,#32,GW252/13600,(2)停机状态,2,2025-09-10 21:18:31,2025-09-10 21:20:46,135,0.04
689,L16,#32,GW252/13600,(1)停机过程,1,2025-09-10 21:17:37,2025-09-10 21:18:31,54,0.02
690,L16,#32,GW252/13600,(5)发电状态,5,2025-09-10 21:07:34,2025-09-10 21:17:37,603,0.17
691,L16,#32,GW252/13600,(4)启机状态,4,2025-09-10 21:05:30,2025-09-10 21:07:34,124,0.03
692,L16,#32,GW252/13600,(3)待机状态,3,2025-09-10 20:23:52,2025-09-10 21:05:30,2498,0.69
693,L16,#32,GW252/13600,(2)停机状态,2,2025-09-10 20:22:09,2025-09-10 20:23:52,103,0.03
694,L16,#32,GW252/13600,(1)停机过程,1,2025-09-10 20:21:14,2025-09-10 20:22:09,55,0.02
695,L16,#32,GW252/13600,(5)发电状态,5,2025-09-07 04:02:15,2025-09-10 20:21:14,317939,88.32
696,L16,#32,GW252/13600,(4)启机状态,4,2025-09-07 04:00:02,2025-09-07 04:02:15,133,0.04
697,L16,#32,GW252/13600,(3)待机状态,3,2025-09-06 14:46:59,2025-09-07 04:00:02,47583,13.22
698,L16,#32,GW252/13600,(2)停机状态,2,2025-09-06 14:41:22,2025-09-06 14:46:59,337,0.09
699,L16,#32,GW252/13600,(1)停机过程,1,2025-09-06 14:40:27,2025-09-06 14:41:22,55,0.02
700,L16,#32,GW252/13600,(5)发电状态,5,2025-09-06 11:23:33,2025-09-06 14:40:27,11814,3.28
701,L16,#32,GW252/13600,(4)启机状态,4,2025-09-06 11:21:12,2025-09-06 11:23:33,141,0.04
702,L16,#32,GW252/13600,(3)待机状态,3,2025-09-06 08:19:42,2025-09-06 11:21:12,10890,3.03
703,L16,#32,GW252/13600,(2)停机状态,2,2025-09-06 08:14:04,2025-09-06 08:19:42,338,0.09
704,L16,#32,GW252/13600,(1)停机过程,1,2025-09-06 08:13:08,2025-09-06 08:14:04,56,0.02
705,L16,#32,GW252/13600,(5)发电状态,5,2025-09-06 07:47:45,2025-09-06 08:13:08,1523,0.42
706,L16,#32,GW252/13600,(4)启机状态,4,2025-09-06 07:44:46,2025-09-06 07:47:45,179,0.05
707,L16,#32,GW252/13600,(3)待机状态,3,2025-09-06 04:26:04,2025-09-06 07:44:46,11922,3.31
708,L16,#32,GW252/13600,(2)停机状态,2,2025-09-06 04:20:28,2025-09-06 04:26:04,336,0.09
709,L16,#32,GW252/13600,(1)停机过程,1,2025-09-06 04:19:32,2025-09-06 04:20:28,56,0.02
710,L16,#32,GW252/13600,(5)发电状态,5,2025-09-06 03:04:05,2025-09-06 04:19:32,4527,1.26
711,L16,#32,GW252/13600,(4)启机状态,4,2025-09-06 03:00:27,2025-09-06 03:04:05,218,0.06
712,L16,#32,GW252/13600,(3)待机状态,3,2025-09-06 02:59:05,2025-09-06 03:00:27,82,0.02
713,L16,#32,GW252/13600,(2)停机状态,2,2025-09-06 02:57:42,2025-09-06 02:59:05,83,0.02
714,L16,#32,GW252/13600,(1)停机过程,1,2025-09-06 02:56:48,2025-09-06 02:57:42,54,0.02
715,L16,#32,GW252/13600,(4)启机状态,4,2025-09-06 02:51:47,2025-09-06 02:56:48,301,0.08
716,L16,#32,GW252/13600,(3)待机状态,3,2025-09-06 02:12:38,2025-09-06 02:51:47,2349,0.65
717,L16,#32,GW252/13600,(2)停机状态,2,2025-09-06 02:12:36,2025-09-06 02:12:38,2,0
718,L16,#32,GW252/13600,(1)停机过程,1,2025-09-06 02:11:39,2025-09-06 02:12:36,57,0.02
719,L16,#32,GW252/13600,(5)发电状态,5,2025-09-05 17:06:16,2025-09-06 02:11:39,32723,9.09
720,L16,#32,GW252/13600,(4)启机状态,4,2025-09-05 17:04:03,2025-09-05 17:06:16,133,0.04
721,L16,#32,GW252/13600,(3)待机状态,3,2025-09-05 03:54:03,2025-09-05 17:04:03,47400,13.17
722,L16,#32,GW252/13600,(2)停机状态,2,2025-09-05 03:52:53,2025-09-05 03:54:03,70,0.02
723,L16,#32,GW252/13600,(1)停机过程,1,2025-09-05 03:51:58,2025-09-05 03:52:53,55,0.02
724,L16,#32,GW252/13600,(5)发电状态,5,2025-09-04 18:08:35,2025-09-05 03:51:58,35003,9.72
725,L16,#32,GW252/13600,(4)启机状态,4,2025-09-04 18:06:30,2025-09-04 18:08:35,125,0.03
726,L16,#32,GW252/13600,(3)待机状态,3,2025-09-04 15:30:14,2025-09-04 18:06:30,9376,2.6
727,L16,#32,GW252/13600,(2)停机状态,2,2025-09-04 15:24:37,2025-09-04 15:30:14,337,0.09
728,L16,#32,GW252/13600,(1)停机过程,1,2025-09-04 15:23:42,2025-09-04 15:24:37,55,0.02
729,L16,#32,GW252/13600,(5)发电状态,5,2025-09-04 14:43:51,2025-09-04 15:23:42,2391,0.66
730,L16,#32,GW252/13600,(4)启机状态,4,2025-09-04 14:41:42,2025-09-04 14:43:51,129,0.04
731,L16,#32,GW252/13600,(3)待机状态,3,2025-09-04 11:43:40,2025-09-04 14:41:42,10682,2.97
732,L16,#32,GW252/13600,(2)停机状态,2,2025-09-04 11:43:39,2025-09-04 11:43:40,1,0
733,L16,#32,GW252/13600,(1)停机过程,1,2025-09-04 11:42:43,2025-09-04 11:43:39,56,0.02
734,L16,#32,GW252/13600,(5)发电状态,5,2025-09-04 10:07:28,2025-09-04 11:42:43,5715,1.59
735,L16,#32,GW252/13600,(4)启机状态,4,2025-09-04 10:05:12,2025-09-04 10:07:28,136,0.04
736,L16,#32,GW252/13600,(3)待机状态,3,2025-09-04 04:20:03,2025-09-04 10:05:12,20709,5.75
737,L16,#32,GW252/13600,(2)停机状态,2,2025-09-04 03:42:01,2025-09-04 04:20:03,2282,0.63
738,L16,#32,GW252/13600,(1)停机过程,1,2025-09-04 03:41:05,2025-09-04 03:42:01,56,0.02
739,L16,#32,GW252/13600,(5)发电状态,5,2025-09-03 20:23:58,2025-09-04 03:41:05,26227,7.29
740,L16,#32,GW252/13600,(4)启机状态,4,2025-09-03 20:22:10,2025-09-03 20:23:58,108,0.03
741,L16,#32,GW252/13600,(3)待机状态,3,2025-09-03 13:18:07,2025-09-03 20:22:10,25443,7.07
742,L16,#32,GW252/13600,(2)停机状态,2,2025-09-03 13:16:38,2025-09-03 13:18:07,89,0.02
743,L16,#32,GW252/13600,(1)停机过程,1,2025-09-03 13:15:43,2025-09-03 13:16:38,55,0.02
744,L16,#32,GW252/13600,(5)发电状态,5,2025-09-03 12:28:57,2025-09-03 13:15:43,2806,0.78
745,L16,#32,GW252/13600,(4)启机状态,4,2025-09-03 12:26:32,2025-09-03 12:28:57,145,0.04
746,L16,#32,GW252/13600,(3)待机状态,3,2025-09-03 05:42:59,2025-09-03 12:26:32,24213,6.73
747,L16,#32,GW252/13600,(2)停机状态,2,2025-09-03 05:42:51,2025-09-03 05:42:59,8,0
748,L16,#32,GW252/13600,(1)停机过程,1,2025-09-03 05:41:55,2025-09-03 05:42:51,56,0.02
749,L16,#32,GW252/13600,(5)发电状态,5,2025-09-03 05:14:06,2025-09-03 05:41:55,1669,0.46
750,L16,#32,GW252/13600,(4)启机状态,4,2025-09-03 05:12:30,2025-09-03 05:14:06,96,0.03
751,L16,#32,GW252/13600,(3)待机状态,3,2025-09-03 04:49:13,2025-09-03 05:12:30,1397,0.39
752,L16,#32,GW252/13600,(2)停机状态,2,2025-09-03 04:48:23,2025-09-03 04:49:13,50,0.01
753,L16,#32,GW252/13600,(1)停机过程,1,2025-09-03 04:47:28,2025-09-03 04:48:23,55,0.02
754,L16,#32,GW252/13600,(5)发电状态,5,2025-09-02 16:39:29,2025-09-03 04:47:28,43679,12.13
755,L16,#32,GW252/13600,(4)启机状态,4,2025-09-02 16:37:56,2025-09-02 16:39:29,93,0.03
756,L16,#32,GW252/13600,(3)待机状态,3,2025-09-02 15:24:22,2025-09-02 16:37:56,4414,1.23
757,L16,#32,GW252/13600,(2)停机状态,2,2025-09-02 15:18:46,2025-09-02 15:24:22,336,0.09
758,L16,#32,GW252/13600,(1)停机过程,1,2025-09-02 15:17:50,2025-09-02 15:18:46,56,0.02
759,L16,#32,GW252/13600,(5)发电状态,5,2025-09-02 15:01:13,2025-09-02 15:17:50,997,0.28
760,L16,#32,GW252/13600,(4)启机状态,4,2025-09-02 14:59:06,2025-09-02 15:01:13,127,0.04
761,L16,#32,GW252/13600,(3)待机状态,3,2025-09-02 14:40:16,2025-09-02 14:59:06,1130,0.31
762,L16,#32,GW252/13600,(2)停机状态,2,2025-09-02 14:38:38,2025-09-02 14:40:16,98,0.03
763,L16,#32,GW252/13600,(1)停机过程,1,2025-09-02 14:37:43,2025-09-02 14:38:38,55,0.02
764,L16,#32,GW252/13600,(5)发电状态,5,2025-09-02 11:55:14,2025-09-02 14:37:43,9749,2.71
765,L16,#32,GW252/13600,(4)启机状态,4,2025-09-02 11:53:44,2025-09-02 11:55:14,90,0.03
766,L16,#32,GW252/13600,(3)待机状态,3,2025-09-02 11:42:48,2025-09-02 11:53:44,656,0.18
767,L16,#32,GW252/13600,(2)停机状态,2,2025-09-02 11:38:09,2025-09-02 11:42:48,279,0.08
768,L16,#32,GW252/13600,(1)停机过程,1,2025-09-02 11:37:12,2025-09-02 11:38:09,57,0.02
769,L16,#32,GW252/13600,(5)发电状态,5,2025-09-02 11:26:25,2025-09-02 11:37:12,647,0.18
770,L16,#32,GW252/13600,(4)启机状态,4,2025-09-02 11:24:35,2025-09-02 11:26:25,110,0.03
771,L16,#32,GW252/13600,(3)待机状态,3,2025-09-02 11:09:55,2025-09-02 11:24:35,880,0.24
772,L16,#32,GW252/13600,(2)停机状态,2,2025-09-02 10:32:52,2025-09-02 11:09:55,2223,0.62
773,L16,#32,GW252/13600,(1)停机过程,1,2025-09-02 10:31:55,2025-09-02 10:32:52,57,0.02
774,L16,#32,GW252/13600,(5)发电状态,5,2025-09-02 09:14:12,2025-09-02 10:31:55,4663,1.3
775,L16,#32,GW252/13600,(4)启机状态,4,2025-09-02 09:12:09,2025-09-02 09:14:12,123,0.03
776,L16,#32,GW252/13600,(3)待机状态,3,2025-09-02 02:51:08,2025-09-02 09:12:09,22861,6.35
777,L16,#32,GW252/13600,(2)停机状态,2,2025-09-02 02:50:58,2025-09-02 02:51:08,10,0
778,L16,#32,GW252/13600,(1)停机过程,1,2025-09-02 02:50:03,2025-09-02 02:50:58,55,0.02
779,L16,#32,GW252/13600,(5)发电状态,5,2025-09-02 02:34:30,2025-09-02 02:50:03,933,0.26
780,L16,#32,GW252/13600,(4)启机状态,4,2025-09-02 02:32:22,2025-09-02 02:34:30,128,0.04
781,L16,#32,GW252/13600,(3)待机状态,3,2025-09-02 02:07:20,2025-09-02 02:32:22,1502,0.42
782,L16,#32,GW252/13600,(2)停机状态,2,2025-09-02 01:29:19,2025-09-02 02:07:20,2281,0.63
783,L16,#32,GW252/13600,(1)停机过程,1,2025-09-02 01:28:23,2025-09-02 01:29:19,56,0.02
784,L16,#32,GW252/13600,(5)发电状态,5,2025-09-01 08:07:47,2025-09-02 01:28:23,62436,17.34
785,L16,#32,GW252/13600,(4)启机状态,4,2025-09-01 08:05:42,2025-09-01 08:07:47,125,0.03
786,L16,#32,GW252/13600,(3)待机状态,3,2025-09-01 08:02:20,2025-09-01 08:05:42,202,0.06
787,L16,#32,GW252/13600,(2)停机状态,2,2025-09-01 07:25:15,2025-09-01 08:02:20,2225,0.62
788,L16,#32,GW252/13600,(1)停机过程,1,2025-09-01 07:24:19,2025-09-01 07:25:15,56,0.02
789,L16,#32,GW252/13600,(5)发电状态,5,2025-08-31 06:28:26,2025-09-01 07:24:19,89753,24.93
790,L16,#32,GW252/13600,(4)启机状态,4,2025-08-31 06:27:32,2025-08-31 06:28:26,54,0.02
791,L16,#32,GW252/13600,(3)待机状态,3,2025-08-31 06:26:51,2025-08-31 06:27:32,41,0.01
792,L16,#32,GW252/13600,(2)停机状态,2,2025-08-31 06:26:49,2025-08-31 06:26:51,2,0
793,L16,#32,GW252/13600,(1)停机过程,1,2025-08-31 06:26:39,2025-08-31 06:26:49,10,0
794,L16,#32,GW252/13600,(9)维护状态,9,2025-08-31 06:26:12,2025-08-31 06:26:39,27,0.01
795,L16,#32,GW252/13600,(2)停机状态,2,2025-08-31 06:19:50,2025-08-31 06:26:12,382,0.11
796,L16,#32,GW252/13600,(1)停机过程,1,2025-08-31 06:19:46,2025-08-31 06:19:50,4,0
797,L16,#32,GW252/13600,(9)维护状态,9,2025-08-31 06:16:29,2025-08-31 06:19:46,197,0.05
798,L16,#32,GW252/13600,(1)停机过程,1,2025-08-31 06:15:29,2025-08-31 06:16:29,60,0.02
799,L16,#32,GW252/13600,(5)发电状态,5,2025-08-27 19:24:10,2025-08-31 06:15:29,298279,82.86
800,L16,#32,GW252/13600,(4)启机状态,4,2025-08-27 19:22:02,2025-08-27 19:24:10,128,0.04
801,L16,#32,GW252/13600,(3)待机状态,3,2025-08-27 19:04:22,2025-08-27 19:22:02,1060,0.29
802,L16,#32,GW252/13600,(2)停机状态,2,2025-08-27 18:51:52,2025-08-27 19:04:22,750,0.21
803,L16,#32,GW252/13600,(1)停机过程,1,2025-08-27 18:51:22,2025-08-27 18:51:52,30,0.01
804,L16,#32,GW252/13600,(3)待机状态,3,2025-08-27 03:49:49,2025-08-27 18:51:22,54093,15.03
805,L16,#32,GW252/13600,(2)停机状态,2,2025-08-27 03:11:48,2025-08-27 03:49:49,2281,0.63
806,L16,#32,GW252/13600,(1)停机过程,1,2025-08-27 03:10:52,2025-08-27 03:11:48,56,0.02
807,L16,#32,GW252/13600,(5)发电状态,5,2025-08-27 01:25:44,2025-08-27 03:10:52,6308,1.75
808,L16,#32,GW252/13600,(4)启机状态,4,2025-08-27 01:24:33,2025-08-27 01:25:44,71,0.02
809,L16,#32,GW252/13600,(3)待机状态,3,2025-08-27 01:23:41,2025-08-27 01:24:33,52,0.01
810,L16,#32,GW252/13600,(2)停机状态,2,2025-08-23 07:14:01,2025-08-27 01:23:41,324580,90.16
811,L16,#32,GW252/13600,(1)停机过程,1,2025-08-23 07:13:51,2025-08-23 07:14:01,10,0
812,L16,#32,GW252/13600,(9)维护状态,9,2025-08-23 07:12:04,2025-08-23 07:13:51,107,0.03
813,L16,#32,GW252/13600,(2)停机状态,2,2025-08-23 07:04:35,2025-08-23 07:12:04,449,0.12
814,L16,#32,GW252/13600,(1)停机过程,1,2025-08-23 07:04:30,2025-08-23 07:04:35,5,0
815,L16,#32,GW252/13600,(9)维护状态,9,2025-08-23 07:01:13,2025-08-23 07:04:30,197,0.05
816,L16,#32,GW252/13600,(2)停机状态,2,2025-08-16 13:32:43,2025-08-23 07:01:13,581310,161.48
817,L16,#32,GW252/13600,(1)停机过程,1,2025-08-16 13:32:33,2025-08-16 13:32:43,10,0
818,L16,#32,GW252/13600,(9)维护状态,9,2025-08-16 12:00:44,2025-08-16 13:32:33,5509,1.53
819,L16,#32,GW252/13600,(2)停机状态,2,2025-08-12 09:10:45,2025-08-16 12:00:44,355799,98.83
820,L16,#32,GW252/13600,(1)停机过程,1,2025-08-12 09:10:35,2025-08-12 09:10:45,10,0
821,L16,#32,GW252/13600,(9)维护状态,9,2025-08-12 09:07:36,2025-08-12 09:10:35,179,0.05
822,L16,#32,GW252/13600,(2)停机状态,2,2025-08-10 14:01:03,2025-08-12 09:07:36,155193,43.11
823,L16,#32,GW252/13600,(1)停机过程,1,2025-08-10 14:00:53,2025-08-10 14:01:03,10,0
824,L16,#32,GW252/13600,(9)维护状态,9,2025-08-08 01:32:32,2025-08-10 14:00:53,217701,60.47
825,L16,#32,GW252/13600,(0)初始化,0,2025-08-08 01:29:32,2025-08-08 01:32:32,180,0.05
826,L16,#32,GW252/13600,(9)维护状态,9,2025-08-07 16:38:49,2025-08-08 01:29:32,31843,8.85
827,L16,#32,GW252/13600,(2)停机状态,2,2025-08-06 07:31:10,2025-08-07 16:38:49,119259,33.13
828,L16,#32,GW252/13600,(1)停机过程,1,2025-08-06 07:29:29,2025-08-06 07:31:10,101,0.03
829,L16,#32,GW252/13600,(5)发电状态,5,2025-08-06 06:19:20,2025-08-06 07:29:29,4209,1.17
830,L16,#32,GW252/13600,(4)启机状态,4,2025-08-06 06:18:49,2025-08-06 06:19:20,31,0.01
831,L16,#32,GW252/13600,(3)待机状态,3,2025-08-06 06:18:18,2025-08-06 06:18:49,31,0.01
832,L16,#32,GW252/13600,(2)停机状态,2,2025-08-06 06:18:15,2025-08-06 06:18:18,3,0
833,L16,#32,GW252/13600,(1)停机过程,1,2025-08-06 06:18:05,2025-08-06 06:18:15,10,0
834,L16,#32,GW252/13600,(9)维护状态,9,2025-08-06 06:17:40,2025-08-06 06:18:05,25,0.01
835,L16,#32,GW252/13600,(2)停机状态,2,2025-08-06 05:33:49,2025-08-06 06:17:40,2631,0.73
836,L16,#32,GW252/13600,(1)停机过程,1,2025-08-06 05:33:03,2025-08-06 05:33:49,46,0.01
837,L16,#32,GW252/13600,(5)发电状态,5,2025-08-03 18:15:16,2025-08-06 05:33:03,213467,59.3
838,L16,#32,GW252/13600,(4)启机状态,4,2025-08-03 18:14:22,2025-08-03 18:15:16,54,0.02
839,L16,#32,GW252/13600,(3)待机状态,3,2025-08-03 18:13:41,2025-08-03 18:14:22,41,0.01
840,L16,#32,GW252/13600,(2)停机状态,2,2025-08-03 18:13:39,2025-08-03 18:13:41,2,0
841,L16,#32,GW252/13600,(1)停机过程,1,2025-08-03 18:13:29,2025-08-03 18:13:39,10,0
842,L16,#32,GW252/13600,(9)维护状态,9,2025-08-03 18:10:20,2025-08-03 18:13:29,189,0.05
843,L16,#32,GW252/13600,(2)停机状态,2,2025-08-03 18:06:42,2025-08-03 18:10:20,218,0.06
844,L16,#32,GW252/13600,(1)停机过程,1,2025-08-03 18:06:37,2025-08-03 18:06:42,5,0
845,L16,#32,GW252/13600,(9)维护状态,9,2025-08-03 18:03:18,2025-08-03 18:06:37,199,0.06
846,L16,#32,GW252/13600,(2)停机状态,2,2025-08-03 17:59:30,2025-08-03 18:03:18,228,0.06
847,L16,#32,GW252/13600,(1)停机过程,1,2025-08-03 17:59:19,2025-08-03 17:59:30,11,0
848,L16,#32,GW252/13600,(9)维护状态,9,2025-08-03 17:26:26,2025-08-03 17:59:19,1973,0.55
849,L16,#32,GW252/13600,(2)停机状态,2,2025-08-03 16:43:37,2025-08-03 17:26:26,2569,0.71
850,L16,#32,GW252/13600,(1)停机过程,1,2025-08-03 16:42:34,2025-08-03 16:43:37,63,0.02
851,L16,#32,GW252/13600,(5)发电状态,5,2025-08-03 15:58:00,2025-08-03 16:42:34,2674,0.74
852,L16,#32,GW252/13600,(4)启机状态,4,2025-08-03 15:57:03,2025-08-03 15:58:00,57,0.02
853,L16,#32,GW252/13600,(3)待机状态,3,2025-08-03 15:56:20,2025-08-03 15:57:03,43,0.01
854,L16,#32,GW252/13600,(2)停机状态,2,2025-08-03 15:54:23,2025-08-03 15:56:20,117,0.03
855,L16,#32,GW252/13600,(1)停机过程,1,2025-08-03 15:54:13,2025-08-03 15:54:23,10,0
856,L16,#32,GW252/13600,(9)维护状态,9,2025-08-03 15:52:56,2025-08-03 15:54:13,77,0.02
857,L16,#32,GW252/13600,(2)停机状态,2,2025-08-03 14:32:23,2025-08-03 15:52:56,4833,1.34
858,L16,#32,GW252/13600,(1)停机过程,1,2025-08-03 14:32:13,2025-08-03 14:32:23,10,0
859,L16,#32,GW252/13600,(9)维护状态,9,2025-08-03 14:31:44,2025-08-03 14:32:13,29,0.01
860,L16,#32,GW252/13600,(2)停机状态,2,2025-08-03 14:21:56,2025-08-03 14:31:44,588,0.16
861,L16,#32,GW252/13600,(0)初始化,0,2025-08-03 14:20:42,2025-08-03 14:21:56,74,0.02
862,L16,#32,GW252/13600,(9)维护状态,9,2025-08-03 14:16:28,2025-08-03 14:20:42,254,0.07
863,L16,#32,GW252/13600,(2)停机状态,2,2025-08-03 14:10:46,2025-08-03 14:16:28,342,0.1
864,L16,#32,GW252/13600,(1)停机过程,1,2025-08-03 14:10:36,2025-08-03 14:10:46,10,0
865,L16,#32,GW252/13600,(9)维护状态,9,2025-08-03 06:20:50,2025-08-03 14:10:36,28186,7.83
866,L16,#32,GW252/13600,(2)停机状态,2,2025-08-03 06:10:17,2025-08-03 06:20:50,633,0.18
867,L16,#32,GW252/13600,(1)停机过程,1,2025-08-03 06:10:11,2025-08-03 06:10:17,6,0
868,L16,#32,GW252/13600,(9)维护状态,9,2025-07-25 10:36:30,2025-08-03 06:10:11,761621,211.56
869,L16,#32,GW252/13600,(2)停机状态,2,2025-07-25 10:24:27,2025-07-25 10:36:30,723,0.2
870,L16,#32,GW252/13600,(1)停机过程,1,2025-07-25 10:23:27,2025-07-25 10:24:27,60,0.02
871,L16,#32,GW252/13600,(5)发电状态,5,2025-07-25 06:35:34,2025-07-25 10:23:27,13673,3.8
872,L16,#32,GW252/13600,(4)启机状态,4,2025-07-25 06:30:36,2025-07-25 06:35:34,298,0.08
873,L16,#32,GW252/13600,(3)待机状态,3,2025-07-25 06:29:35,2025-07-25 06:30:36,61,0.02
874,L16,#32,GW252/13600,(2)停机状态,2,2025-07-25 06:29:33,2025-07-25 06:29:35,2,0
875,L16,#32,GW252/13600,(1)停机过程,1,2025-07-25 06:29:03,2025-07-25 06:29:33,30,0.01
876,L16,#32,GW252/13600,(4)启机状态,4,2025-07-25 06:24:01,2025-07-25 06:29:03,302,0.08
877,L16,#32,GW252/13600,(3)待机状态,3,2025-07-25 06:23:05,2025-07-25 06:24:01,56,0.02
878,L16,#32,GW252/13600,(2)停机状态,2,2025-07-25 06:23:03,2025-07-25 06:23:05,2,0
879,L16,#32,GW252/13600,(1)停机过程,1,2025-07-25 06:22:30,2025-07-25 06:23:03,33,0.01
880,L16,#32,GW252/13600,(4)启机状态,4,2025-07-25 06:17:30,2025-07-25 06:22:30,300,0.08
881,L16,#32,GW252/13600,(3)待机状态,3,2025-07-25 06:16:30,2025-07-25 06:17:30,60,0.02
882,L16,#32,GW252/13600,(2)停机状态,2,2025-07-25 06:16:28,2025-07-25 06:16:30,2,0
883,L16,#32,GW252/13600,(1)停机过程,1,2025-07-25 06:15:58,2025-07-25 06:16:28,30,0.01
884,L16,#32,GW252/13600,(4)启机状态,4,2025-07-25 06:10:58,2025-07-25 06:15:58,300,0.08
885,L16,#32,GW252/13600,(3)待机状态,3,2025-07-25 06:10:01,2025-07-25 06:10:58,57,0.02
886,L16,#32,GW252/13600,(1)停机过程,1,2025-07-25 06:09:29,2025-07-25 06:10:01,32,0.01
887,L16,#32,GW252/13600,(4)启机状态,4,2025-07-25 06:04:29,2025-07-25 06:09:29,300,0.08
888,L16,#32,GW252/13600,(3)待机状态,3,2025-07-25 06:03:35,2025-07-25 06:04:29,54,0.02
889,L16,#32,GW252/13600,(2)停机状态,2,2025-07-25 06:03:32,2025-07-25 06:03:35,3,0
890,L16,#32,GW252/13600,(1)停机过程,1,2025-07-25 06:03:01,2025-07-25 06:03:32,31,0.01
891,L16,#32,GW252/13600,(4)启机状态,4,2025-07-25 05:58:01,2025-07-25 06:03:01,300,0.08
892,L16,#32,GW252/13600,(3)待机状态,3,2025-07-25 05:57:06,2025-07-25 05:58:01,55,0.02
893,L16,#32,GW252/13600,(2)停机状态,2,2025-07-25 05:57:05,2025-07-25 05:57:06,1,0
894,L16,#32,GW252/13600,(1)停机过程,1,2025-07-25 05:56:35,2025-07-25 05:57:05,30,0.01
895,L16,#32,GW252/13600,(4)启机状态,4,2025-07-25 05:51:35,2025-07-25 05:56:35,300,0.08
896,L16,#32,GW252/13600,(3)待机状态,3,2025-07-25 05:50:39,2025-07-25 05:51:35,56,0.02
897,L16,#32,GW252/13600,(2)停机状态,2,2025-07-25 05:50:38,2025-07-25 05:50:39,1,0
898,L16,#32,GW252/13600,(1)停机过程,1,2025-07-25 05:50:06,2025-07-25 05:50:38,32,0.01
899,L16,#32,GW252/13600,(4)启机状态,4,2025-07-25 05:45:06,2025-07-25 05:50:06,300,0.08
900,L16,#32,GW252/13600,(3)待机状态,3,2025-07-25 05:44:05,2025-07-25 05:45:06,61,0.02
901,L16,#32,GW252/13600,(2)停机状态,2,2025-07-25 05:44:04,2025-07-25 05:44:05,1,0
902,L16,#32,GW252/13600,(1)停机过程,1,2025-07-25 05:43:32,2025-07-25 05:44:04,32,0.01
903,L16,#32,GW252/13600,(4)启机状态,4,2025-07-25 05:38:33,2025-07-25 05:43:32,299,0.08
904,L16,#32,GW252/13600,(3)待机状态,3,2025-07-25 05:37:31,2025-07-25 05:38:33,62,0.02
905,L16,#32,GW252/13600,(1)停机过程,1,2025-07-25 05:37:00,2025-07-25 05:37:31,31,0.01
906,L16,#32,GW252/13600,(4)启机状态,4,2025-07-25 05:31:59,2025-07-25 05:37:00,301,0.08
907,L16,#32,GW252/13600,(3)待机状态,3,2025-07-25 05:30:56,2025-07-25 05:31:59,63,0.02
908,L16,#32,GW252/13600,(2)停机状态,2,2025-07-25 05:30:55,2025-07-25 05:30:56,1,0
909,L16,#32,GW252/13600,(1)停机过程,1,2025-07-25 05:30:22,2025-07-25 05:30:55,33,0.01
910,L16,#32,GW252/13600,(4)启机状态,4,2025-07-25 05:25:22,2025-07-25 05:30:22,300,0.08
911,L16,#32,GW252/13600,(3)待机状态,3,2025-07-25 05:24:14,2025-07-25 05:25:22,68,0.02
912,L16,#32,GW252/13600,(2)停机状态,2,2025-07-25 05:24:13,2025-07-25 05:24:14,1,0
913,L16,#32,GW252/13600,(1)停机过程,1,2025-07-25 05:23:42,2025-07-25 05:24:13,31,0.01
914,L16,#32,GW252/13600,(4)启机状态,4,2025-07-25 05:18:42,2025-07-25 05:23:42,300,0.08
915,L16,#32,GW252/13600,(3)待机状态,3,2025-07-25 05:17:23,2025-07-25 05:18:42,79,0.02
916,L16,#32,GW252/13600,(2)停机状态,2,2025-07-25 05:17:20,2025-07-25 05:17:23,3,0
917,L16,#32,GW252/13600,(1)停机过程,1,2025-07-25 05:16:50,2025-07-25 05:17:20,30,0.01
918,L16,#32,GW252/13600,(4)启机状态,4,2025-07-25 05:11:50,2025-07-25 05:16:50,300,0.08
919,L16,#32,GW252/13600,(3)待机状态,3,2025-07-25 05:08:02,2025-07-25 05:11:50,228,0.06
920,L16,#32,GW252/13600,(2)停机状态,2,2025-07-25 05:06:27,2025-07-25 05:08:02,95,0.03
921,L16,#32,GW252/13600,(1)停机过程,1,2025-07-25 05:05:56,2025-07-25 05:06:27,31,0.01
922,L16,#32,GW252/13600,(4)启机状态,4,2025-07-25 05:00:56,2025-07-25 05:05:56,300,0.08
923,L16,#32,GW252/13600,(3)待机状态,3,2025-07-25 04:57:39,2025-07-25 05:00:56,197,0.05
924,L16,#32,GW252/13600,(2)停机状态,2,2025-07-25 04:57:32,2025-07-25 04:57:39,7,0
925,L16,#32,GW252/13600,(1)停机过程,1,2025-07-25 04:57:01,2025-07-25 04:57:32,31,0.01
926,L16,#32,GW252/13600,(4)启机状态,4,2025-07-25 04:52:01,2025-07-25 04:57:01,300,0.08
927,L16,#32,GW252/13600,(3)待机状态,3,2025-07-24 17:33:54,2025-07-25 04:52:01,40687,11.3
928,L16,#32,GW252/13600,(2)停机状态,2,2025-07-24 17:28:50,2025-07-24 17:33:54,304,0.08
929,L16,#32,GW252/13600,(1)停机过程,1,2025-07-24 17:28:19,2025-07-24 17:28:50,31,0.01
930,L16,#32,GW252/13600,(4)启机状态,4,2025-07-24 17:23:18,2025-07-24 17:28:19,301,0.08
931,L16,#32,GW252/13600,(3)待机状态,3,2025-07-24 17:22:13,2025-07-24 17:23:18,65,0.02
932,L16,#32,GW252/13600,(2)停机状态,2,2025-07-24 17:22:12,2025-07-24 17:22:13,1,0
933,L16,#32,GW252/13600,(1)停机过程,1,2025-07-24 17:21:40,2025-07-24 17:22:12,32,0.01
934,L16,#32,GW252/13600,(4)启机状态,4,2025-07-24 17:16:40,2025-07-24 17:21:40,300,0.08
935,L16,#32,GW252/13600,(3)待机状态,3,2025-07-24 17:15:45,2025-07-24 17:16:40,55,0.02
936,L16,#32,GW252/13600,(1)停机过程,1,2025-07-24 17:15:13,2025-07-24 17:15:45,32,0.01
937,L16,#32,GW252/13600,(4)启机状态,4,2025-07-24 17:10:13,2025-07-24 17:15:13,300,0.08
938,L16,#32,GW252/13600,(3)待机状态,3,2025-07-24 17:09:03,2025-07-24 17:10:13,70,0.02
939,L16,#32,GW252/13600,(2)停机状态,2,2025-07-24 17:09:01,2025-07-24 17:09:03,2,0
940,L16,#32,GW252/13600,(1)停机过程,1,2025-07-24 17:08:29,2025-07-24 17:09:01,32,0.01
941,L16,#32,GW252/13600,(4)启机状态,4,2025-07-24 17:03:29,2025-07-24 17:08:29,300,0.08
942,L16,#32,GW252/13600,(3)待机状态,3,2025-07-24 17:02:20,2025-07-24 17:03:29,69,0.02
943,L16,#32,GW252/13600,(2)停机状态,2,2025-07-24 17:02:19,2025-07-24 17:02:20,1,0
944,L16,#32,GW252/13600,(1)停机过程,1,2025-07-24 17:01:48,2025-07-24 17:02:19,31,0.01
945,L16,#32,GW252/13600,(4)启机状态,4,2025-07-24 16:56:48,2025-07-24 17:01:48,300,0.08
946,L16,#32,GW252/13600,(3)待机状态,3,2025-07-24 16:55:46,2025-07-24 16:56:48,62,0.02
947,L16,#32,GW252/13600,(2)停机状态,2,2025-07-24 16:55:45,2025-07-24 16:55:46,1,0
948,L16,#32,GW252/13600,(1)停机过程,1,2025-07-24 16:55:13,2025-07-24 16:55:45,32,0.01
949,L16,#32,GW252/13600,(4)启机状态,4,2025-07-24 16:50:13,2025-07-24 16:55:13,300,0.08
950,L16,#32,GW252/13600,(3)待机状态,3,2025-07-24 16:49:13,2025-07-24 16:50:13,60,0.02
951,L16,#32,GW252/13600,(2)停机状态,2,2025-07-24 16:49:11,2025-07-24 16:49:13,2,0
952,L16,#32,GW252/13600,(1)停机过程,1,2025-07-24 16:48:40,2025-07-24 16:49:11,31,0.01
953,L16,#32,GW252/13600,(4)启机状态,4,2025-07-24 16:43:40,2025-07-24 16:48:40,300,0.08
954,L16,#32,GW252/13600,(3)待机状态,3,2025-07-24 16:42:47,2025-07-24 16:43:40,53,0.01
955,L16,#32,GW252/13600,(2)停机状态,2,2025-07-24 16:42:45,2025-07-24 16:42:47,2,0
956,L16,#32,GW252/13600,(1)停机过程,1,2025-07-24 16:42:14,2025-07-24 16:42:45,31,0.01
957,L16,#32,GW252/13600,(4)启机状态,4,2025-07-24 16:37:13,2025-07-24 16:42:14,301,0.08
958,L16,#32,GW252/13600,(3)待机状态,3,2025-07-24 16:36:17,2025-07-24 16:37:13,56,0.02
959,L16,#32,GW252/13600,(2)停机状态,2,2025-07-24 16:36:14,2025-07-24 16:36:17,3,0
960,L16,#32,GW252/13600,(1)停机过程,1,2025-07-24 16:35:44,2025-07-24 16:36:14,30,0.01
961,L16,#32,GW252/13600,(4)启机状态,4,2025-07-24 16:30:43,2025-07-24 16:35:44,301,0.08
962,L16,#32,GW252/13600,(3)待机状态,3,2025-07-24 16:29:40,2025-07-24 16:30:43,63,0.02
963,L16,#32,GW252/13600,(2)停机状态,2,2025-07-24 16:29:39,2025-07-24 16:29:40,1,0
964,L16,#32,GW252/13600,(1)停机过程,1,2025-07-24 16:29:07,2025-07-24 16:29:39,32,0.01
965,L16,#32,GW252/13600,(4)启机状态,4,2025-07-24 16:24:08,2025-07-24 16:29:07,299,0.08
966,L16,#32,GW252/13600,(3)待机状态,3,2025-07-24 16:23:05,2025-07-24 16:24:08,63,0.02
967,L16,#32,GW252/13600,(2)停机状态,2,2025-07-24 16:23:04,2025-07-24 16:23:05,1,0
968,L16,#32,GW252/13600,(1)停机过程,1,2025-07-24 16:22:32,2025-07-24 16:23:04,32,0.01
969,L16,#32,GW252/13600,(4)启机状态,4,2025-07-24 16:17:32,2025-07-24 16:22:32,300,0.08
970,L16,#32,GW252/13600,(3)待机状态,3,2025-07-24 16:16:42,2025-07-24 16:17:32,50,0.01
971,L16,#32,GW252/13600,(2)停机状态,2,2025-07-24 16:16:40,2025-07-24 16:16:42,2,0
972,L16,#32,GW252/13600,(1)停机过程,1,2025-07-24 16:16:07,2025-07-24 16:16:40,33,0.01
973,L16,#32,GW252/13600,(4)启机状态,4,2025-07-24 16:11:07,2025-07-24 16:16:07,300,0.08
974,L16,#32,GW252/13600,(3)待机状态,3,2025-07-24 16:10:03,2025-07-24 16:11:07,64,0.02
975,L16,#32,GW252/13600,(2)停机状态,2,2025-07-24 16:08:36,2025-07-24 16:10:03,87,0.02
976,L16,#32,GW252/13600,(1)停机过程,1,2025-07-24 16:08:05,2025-07-24 16:08:36,31,0.01
977,L16,#32,GW252/13600,(4)启机状态,4,2025-07-24 16:03:04,2025-07-24 16:08:05,301,0.08
978,L16,#32,GW252/13600,(3)待机状态,3,2025-07-24 16:00:46,2025-07-24 16:03:04,138,0.04
979,L16,#32,GW252/13600,(2)停机状态,2,2025-07-24 15:55:10,2025-07-24 16:00:46,336,0.09
980,L16,#32,GW252/13600,(1)停机过程,1,2025-07-24 15:54:38,2025-07-24 15:55:10,32,0.01
981,L16,#32,GW252/13600,(4)启机状态,4,2025-07-24 15:49:38,2025-07-24 15:54:38,300,0.08
982,L16,#32,GW252/13600,(3)待机状态,3,2025-07-24 15:48:07,2025-07-24 15:49:38,91,0.03
983,L16,#32,GW252/13600,(2)停机状态,2,2025-07-24 15:48:05,2025-07-24 15:48:07,2,0
984,L16,#32,GW252/13600,(1)停机过程,1,2025-07-24 15:47:34,2025-07-24 15:48:05,31,0.01
985,L16,#32,GW252/13600,(4)启机状态,4,2025-07-24 15:42:33,2025-07-24 15:47:34,301,0.08
986,L16,#32,GW252/13600,(3)待机状态,3,2025-07-24 15:41:04,2025-07-24 15:42:33,89,0.02
987,L16,#32,GW252/13600,(2)停机状态,2,2025-07-24 15:35:28,2025-07-24 15:41:04,336,0.09
988,L16,#32,GW252/13600,(1)停机过程,1,2025-07-24 15:34:31,2025-07-24 15:35:28,57,0.02
989,L16,#32,GW252/13600,(5)发电状态,5,2025-07-24 15:22:25,2025-07-24 15:34:31,726,0.2
990,L16,#32,GW252/13600,(4)启机状态,4,2025-07-24 15:17:26,2025-07-24 15:22:25,299,0.08
991,L16,#32,GW252/13600,(3)待机状态,3,2025-07-24 15:16:37,2025-07-24 15:17:26,49,0.01
992,L16,#32,GW252/13600,(2)停机状态,2,2025-07-24 15:16:35,2025-07-24 15:16:37,2,0
993,L16,#32,GW252/13600,(1)停机过程,1,2025-07-24 15:15:43,2025-07-24 15:16:35,52,0.01
994,L16,#32,GW252/13600,(4)启机状态,4,2025-07-24 15:10:43,2025-07-24 15:15:43,300,0.08
995,L16,#32,GW252/13600,(3)待机状态,3,2025-07-24 15:09:19,2025-07-24 15:10:43,84,0.02
996,L16,#32,GW252/13600,(2)停机状态,2,2025-07-24 15:09:18,2025-07-24 15:09:19,1,0
997,L16,#32,GW252/13600,(1)停机过程,1,2025-07-24 15:08:47,2025-07-24 15:09:18,31,0.01
998,L16,#32,GW252/13600,(4)启机状态,4,2025-07-24 15:03:46,2025-07-24 15:08:47,301,0.08
999,L16,#32,GW252/13600,(3)待机状态,3,2025-07-24 15:02:51,2025-07-24 15:03:46,55,0.02
1000,L16,#32,GW252/13600,(2)停机状态,2,2025-07-24 15:02:09,2025-07-24 15:02:51,42,0.01
1001,L16,#32,GW252/13600,(1)停机过程,1,2025-07-24 15:01:39,2025-07-24 15:02:09,30,0.01
1002,L16,#32,GW252/13600,(4)启机状态,4,2025-07-24 14:56:39,2025-07-24 15:01:39,300,0.08
1003,L16,#32,GW252/13600,(3)待机状态,3,2025-07-24 14:55:45,2025-07-24 14:56:39,54,0.02
1004,L16,#32,GW252/13600,(1)停机过程,1,2025-07-24 14:55:12,2025-07-24 14:55:45,33,0.01
1005,L16,#32,GW252/13600,(4)启机状态,4,2025-07-24 14:50:12,2025-07-24 14:55:12,300,0.08
1006,L16,#32,GW252/13600,(3)待机状态,3,2025-07-24 14:48:27,2025-07-24 14:50:12,105,0.03
1007,L16,#32,GW252/13600,(2)停机状态,2,2025-07-24 14:48:26,2025-07-24 14:48:27,1,0
1008,L16,#32,GW252/13600,(1)停机过程,1,2025-07-24 14:47:53,2025-07-24 14:48:26,33,0.01
1009,L16,#32,GW252/13600,(4)启机状态,4,2025-07-24 14:42:53,2025-07-24 14:47:53,300,0.08
1010,L16,#32,GW252/13600,(3)待机状态,3,2025-07-24 14:40:19,2025-07-24 14:42:53,154,0.04
1011,L16,#32,GW252/13600,(2)停机状态,2,2025-07-24 14:40:18,2025-07-24 14:40:19,1,0
1012,L16,#32,GW252/13600,(1)停机过程,1,2025-07-24 14:39:46,2025-07-24 14:40:18,32,0.01
1013,L16,#32,GW252/13600,(4)启机状态,4,2025-07-24 14:34:46,2025-07-24 14:39:46,300,0.08
1014,L16,#32,GW252/13600,(3)待机状态,3,2025-07-24 14:33:35,2025-07-24 14:34:46,71,0.02
1015,L16,#32,GW252/13600,(2)停机状态,2,2025-07-24 14:33:34,2025-07-24 14:33:35,1,0
1016,L16,#32,GW252/13600,(1)停机过程,1,2025-07-24 14:33:02,2025-07-24 14:33:34,32,0.01
1017,L16,#32,GW252/13600,(4)启机状态,4,2025-07-24 14:28:02,2025-07-24 14:33:02,300,0.08
1018,L16,#32,GW252/13600,(3)待机状态,3,2025-07-24 14:26:56,2025-07-24 14:28:02,66,0.02
1019,L16,#32,GW252/13600,(2)停机状态,2,2025-07-24 14:26:55,2025-07-24 14:26:56,1,0
1020,L16,#32,GW252/13600,(1)停机过程,1,2025-07-24 14:26:24,2025-07-24 14:26:55,31,0.01
1021,L16,#32,GW252/13600,(4)启机状态,4,2025-07-24 14:21:22,2025-07-24 14:26:24,302,0.08
1022,L16,#32,GW252/13600,(3)待机状态,3,2025-07-24 14:20:22,2025-07-24 14:21:22,60,0.02
1023,L16,#32,GW252/13600,(2)停机状态,2,2025-07-24 14:20:21,2025-07-24 14:20:22,1,0
1024,L16,#32,GW252/13600,(1)停机过程,1,2025-07-24 14:19:48,2025-07-24 14:20:21,33,0.01
1025,L16,#32,GW252/13600,(4)启机状态,4,2025-07-24 14:14:49,2025-07-24 14:19:48,299,0.08
1026,L16,#32,GW252/13600,(3)待机状态,3,2025-07-24 14:13:36,2025-07-24 14:14:49,73,0.02
1027,L16,#32,GW252/13600,(2)停机状态,2,2025-07-24 14:13:35,2025-07-24 14:13:36,1,0
1028,L16,#32,GW252/13600,(1)停机过程,1,2025-07-24 14:13:03,2025-07-24 14:13:35,32,0.01
1029,L16,#32,GW252/13600,(4)启机状态,4,2025-07-24 14:08:02,2025-07-24 14:13:03,301,0.08
1030,L16,#32,GW252/13600,(3)待机状态,3,2025-07-24 14:06:51,2025-07-24 14:08:02,71,0.02
1031,L16,#32,GW252/13600,(2)停机状态,2,2025-07-24 14:06:50,2025-07-24 14:06:51,1,0
1032,L16,#32,GW252/13600,(1)停机过程,1,2025-07-24 14:06:19,2025-07-24 14:06:50,31,0.01
1033,L16,#32,GW252/13600,(4)启机状态,4,2025-07-24 14:01:19,2025-07-24 14:06:19,300,0.08
1034,L16,#32,GW252/13600,(3)待机状态,3,2025-07-24 14:00:01,2025-07-24 14:01:19,78,0.02
1035,L16,#32,GW252/13600,(1)停机过程,1,2025-07-24 13:59:28,2025-07-24 14:00:01,33,0.01
1036,L16,#32,GW252/13600,(4)启机状态,4,2025-07-24 13:54:28,2025-07-24 13:59:28,300,0.08
1037,L16,#32,GW252/13600,(3)待机状态,3,2025-07-24 13:52:56,2025-07-24 13:54:28,92,0.03
1038,L16,#32,GW252/13600,(1)停机过程,1,2025-07-24 13:52:24,2025-07-24 13:52:56,32,0.01
1039,L16,#32,GW252/13600,(4)启机状态,4,2025-07-24 13:47:22,2025-07-24 13:52:24,302,0.08
1040,L16,#32,GW252/13600,(3)待机状态,3,2025-07-24 13:45:51,2025-07-24 13:47:22,91,0.03
1041,L16,#32,GW252/13600,(2)停机状态,2,2025-07-24 13:45:49,2025-07-24 13:45:51,2,0
1042,L16,#32,GW252/13600,(1)停机过程,1,2025-07-24 13:45:16,2025-07-24 13:45:49,33,0.01
1043,L16,#32,GW252/13600,(4)启机状态,4,2025-07-24 13:40:17,2025-07-24 13:45:16,299,0.08
1044,L16,#32,GW252/13600,(3)待机状态,3,2025-07-24 13:39:06,2025-07-24 13:40:17,71,0.02
1045,L16,#32,GW252/13600,(2)停机状态,2,2025-07-24 13:01:09,2025-07-24 13:39:06,2277,0.63
1046,L16,#32,GW252/13600,(1)停机过程,1,2025-07-24 13:00:12,2025-07-24 13:01:09,57,0.02
1047,L16,#32,GW252/13600,(5)发电状态,5,2025-07-24 09:21:09,2025-07-24 13:00:12,13143,3.65
1048,L16,#32,GW252/13600,(4)启机状态,4,2025-07-24 09:20:29,2025-07-24 09:21:09,40,0.01
1049,L16,#32,GW252/13600,(3)待机状态,3,2025-07-24 09:18:20,2025-07-24 09:20:29,129,0.04
1050,L16,#32,GW252/13600,(2)停机状态,2,2025-07-24 09:18:19,2025-07-24 09:18:20,1,0
1051,L16,#32,GW252/13600,(1)停机过程,1,2025-07-24 09:17:27,2025-07-24 09:18:19,52,0.01
1052,L16,#32,GW252/13600,(5)发电状态,5,2025-07-21 07:07:27,2025-07-24 09:17:27,267000,74.17
1053,L16,#32,GW252/13600,(4)启机状态,4,2025-07-21 07:06:53,2025-07-21 07:07:27,34,0.01
1054,L16,#32,GW252/13600,(3)待机状态,3,2025-07-21 07:06:21,2025-07-21 07:06:53,32,0.01
1055,L16,#32,GW252/13600,(2)停机状态,2,2025-07-20 23:08:17,2025-07-21 07:06:21,28684,7.97
1056,L16,#32,GW252/13600,(1)停机过程,1,2025-07-20 23:07:24,2025-07-20 23:08:17,53,0.01
1057,L16,#32,GW252/13600,(5)发电状态,5,2025-07-20 23:07:05,2025-07-20 23:07:24,19,0.01
1058,L16,#32,GW252/13600,(4)启机状态,4,2025-07-20 23:06:37,2025-07-20 23:07:05,28,0.01
1059,L16,#32,GW252/13600,(3)待机状态,3,2025-07-20 23:06:07,2025-07-20 23:06:37,30,0.01
1060,L16,#32,GW252/13600,(2)停机状态,2,2025-07-20 21:04:12,2025-07-20 23:06:07,7315,2.03
1061,L16,#32,GW252/13600,(1)停机过程,1,2025-07-20 21:02:51,2025-07-20 21:04:12,81,0.02
1062,L16,#32,GW252/13600,(5)发电状态,5,2025-07-19 07:23:28,2025-07-20 21:02:51,135563,37.66
1063,L16,#32,GW252/13600,(4)启机状态,4,2025-07-19 07:21:52,2025-07-19 07:23:28,96,0.03
1064,L16,#32,GW252/13600,(3)待机状态,3,2025-07-19 07:17:19,2025-07-19 07:21:52,273,0.08
1065,L16,#32,GW252/13600,(2)停机状态,2,2025-07-19 07:17:17,2025-07-19 07:17:19,2,0
1066,L16,#32,GW252/13600,(1)停机过程,1,2025-07-19 07:16:49,2025-07-19 07:17:17,28,0.01
1067,L16,#32,GW252/13600,(3)待机状态,3,2025-07-19 07:16:26,2025-07-19 07:16:49,23,0.01
1068,L16,#32,GW252/13600,(2)停机状态,2,2025-07-19 07:16:24,2025-07-19 07:16:26,2,0
1069,L16,#32,GW252/13600,(1)停机过程,1,2025-07-19 07:15:56,2025-07-19 07:16:24,28,0.01
1070,L16,#32,GW252/13600,(3)待机状态,3,2025-07-19 07:15:34,2025-07-19 07:15:56,22,0.01
1071,L16,#32,GW252/13600,(2)停机状态,2,2025-07-19 07:15:31,2025-07-19 07:15:34,3,0
1072,L16,#32,GW252/13600,(1)停机过程,1,2025-07-19 07:14:59,2025-07-19 07:15:31,32,0.01
1073,L16,#32,GW252/13600,(3)待机状态,3,2025-07-19 07:03:01,2025-07-19 07:14:59,718,0.2
1074,L16,#32,GW252/13600,(2)停机状态,2,2025-07-19 06:57:24,2025-07-19 07:03:01,337,0.09
1075,L16,#32,GW252/13600,(1)停机过程,1,2025-07-19 06:56:27,2025-07-19 06:57:24,57,0.02
1076,L16,#32,GW252/13600,(5)发电状态,5,2025-07-19 05:50:40,2025-07-19 06:56:27,3947,1.1
1077,L16,#32,GW252/13600,(4)启机状态,4,2025-07-19 05:48:11,2025-07-19 05:50:40,149,0.04
1078,L16,#32,GW252/13600,(3)待机状态,3,2025-07-19 05:46:43,2025-07-19 05:48:11,88,0.02
1079,L16,#32,GW252/13600,(2)停机状态,2,2025-07-19 05:46:42,2025-07-19 05:46:43,1,0
1080,L16,#32,GW252/13600,(1)停机过程,1,2025-07-19 05:46:10,2025-07-19 05:46:42,32,0.01
1081,L16,#32,GW252/13600,(4)启机状态,4,2025-07-19 05:41:10,2025-07-19 05:46:10,300,0.08
1082,L16,#32,GW252/13600,(3)待机状态,3,2025-07-19 05:23:46,2025-07-19 05:41:10,1044,0.29
1083,L16,#32,GW252/13600,(2)停机状态,2,2025-07-19 05:18:10,2025-07-19 05:23:46,336,0.09
1084,L16,#32,GW252/13600,(1)停机过程,1,2025-07-19 05:17:13,2025-07-19 05:18:10,57,0.02
1085,L16,#32,GW252/13600,(5)发电状态,5,2025-07-19 04:36:20,2025-07-19 05:17:13,2453,0.68
1086,L16,#32,GW252/13600,(4)启机状态,4,2025-07-19 04:35:14,2025-07-19 04:36:20,66,0.02
1087,L16,#32,GW252/13600,(3)待机状态,3,2025-07-19 04:29:48,2025-07-19 04:35:14,326,0.09
1088,L16,#32,GW252/13600,(2)停机状态,2,2025-07-19 04:29:46,2025-07-19 04:29:48,2,0
1089,L16,#32,GW252/13600,(1)停机过程,1,2025-07-19 04:29:17,2025-07-19 04:29:46,29,0.01
1090,L16,#32,GW252/13600,(3)待机状态,3,2025-07-19 04:28:55,2025-07-19 04:29:17,22,0.01
1091,L16,#32,GW252/13600,(2)停机状态,2,2025-07-19 04:28:54,2025-07-19 04:28:55,1,0
1092,L16,#32,GW252/13600,(1)停机过程,1,2025-07-19 04:28:24,2025-07-19 04:28:54,30,0.01
1093,L16,#32,GW252/13600,(3)待机状态,3,2025-07-19 04:28:02,2025-07-19 04:28:24,22,0.01
1094,L16,#32,GW252/13600,(2)停机状态,2,2025-07-19 04:28:01,2025-07-19 04:28:02,1,0
1095,L16,#32,GW252/13600,(1)停机过程,1,2025-07-19 04:27:31,2025-07-19 04:28:01,30,0.01
1096,L16,#32,GW252/13600,(3)待机状态,3,2025-07-19 04:27:09,2025-07-19 04:27:31,22,0.01
1097,L16,#32,GW252/13600,(2)停机状态,2,2025-07-19 04:27:08,2025-07-19 04:27:09,1,0
1098,L16,#32,GW252/13600,(1)停机过程,1,2025-07-19 04:26:38,2025-07-19 04:27:08,30,0.01
1099,L16,#32,GW252/13600,(3)待机状态,3,2025-07-19 04:26:16,2025-07-19 04:26:38,22,0.01
1100,L16,#32,GW252/13600,(2)停机状态,2,2025-07-19 04:26:15,2025-07-19 04:26:16,1,0
1101,L16,#32,GW252/13600,(1)停机过程,1,2025-07-19 04:25:43,2025-07-19 04:26:15,32,0.01
1102,L16,#32,GW252/13600,(4)启机状态,4,2025-07-19 04:25:35,2025-07-19 04:25:43,8,0
1103,L16,#32,GW252/13600,(3)待机状态,3,2025-07-19 04:24:26,2025-07-19 04:25:35,69,0.02
1104,L16,#32,GW252/13600,(2)停机状态,2,2025-07-19 04:24:25,2025-07-19 04:24:26,1,0
1105,L16,#32,GW252/13600,(1)停机过程,1,2025-07-19 04:24:14,2025-07-19 04:24:25,11,0
1106,L16,#32,GW252/13600,(9)维护状态,9,2025-07-19 04:23:43,2025-07-19 04:24:14,31,0.01
1107,L16,#32,GW252/13600,(2)停机状态,2,2025-07-19 04:17:21,2025-07-19 04:23:43,382,0.11
1108,L16,#32,GW252/13600,(1)停机过程,1,2025-07-19 04:16:56,2025-07-19 04:17:21,25,0.01
1109,L16,#32,GW252/13600,(3)待机状态,3,2025-07-19 04:15:28,2025-07-19 04:16:56,88,0.02
1110,L16,#32,GW252/13600,(2)停机状态,2,2025-07-19 04:15:27,2025-07-19 04:15:28,1,0
1111,L16,#32,GW252/13600,(1)停机过程,1,2025-07-19 04:14:55,2025-07-19 04:15:27,32,0.01
1112,L16,#32,GW252/13600,(3)待机状态,3,2025-07-19 04:12:02,2025-07-19 04:14:55,173,0.05
1113,L16,#32,GW252/13600,(2)停机状态,2,2025-07-19 04:10:58,2025-07-19 04:12:02,64,0.02
1114,L16,#32,GW252/13600,(1)停机过程,1,2025-07-19 04:10:02,2025-07-19 04:10:58,56,0.02
1115,L16,#32,GW252/13600,(4)启机状态,4,2025-07-19 04:05:01,2025-07-19 04:10:02,301,0.08
1116,L16,#32,GW252/13600,(3)待机状态,3,2025-07-19 04:04:09,2025-07-19 04:05:01,52,0.01
1117,L16,#32,GW252/13600,(2)停机状态,2,2025-07-19 04:04:07,2025-07-19 04:04:09,2,0
1118,L16,#32,GW252/13600,(1)停机过程,1,2025-07-19 04:03:36,2025-07-19 04:04:07,31,0.01
1119,L16,#32,GW252/13600,(4)启机状态,4,2025-07-19 03:58:36,2025-07-19 04:03:36,300,0.08
1120,L16,#32,GW252/13600,(3)待机状态,3,2025-07-19 03:53:30,2025-07-19 03:58:36,306,0.09
1121,L16,#32,GW252/13600,(2)停机状态,2,2025-07-19 03:47:53,2025-07-19 03:53:30,337,0.09
1122,L16,#32,GW252/13600,(1)停机过程,1,2025-07-19 03:46:58,2025-07-19 03:47:53,55,0.02
1123,L16,#32,GW252/13600,(5)发电状态,5,2025-07-19 03:02:19,2025-07-19 03:46:58,2679,0.74
1124,L16,#32,GW252/13600,(4)启机状态,4,2025-07-19 03:00:12,2025-07-19 03:02:19,127,0.04
1125,L16,#32,GW252/13600,(3)待机状态,3,2025-07-19 02:59:10,2025-07-19 03:00:12,62,0.02
1126,L16,#32,GW252/13600,(2)停机状态,2,2025-07-19 02:55:59,2025-07-19 02:59:10,191,0.05
1127,L16,#32,GW252/13600,(1)停机过程,1,2025-07-19 02:55:04,2025-07-19 02:55:59,55,0.02
1128,L16,#32,GW252/13600,(5)发电状态,5,2025-07-18 21:38:09,2025-07-19 02:55:04,19015,5.28
1129,L16,#32,GW252/13600,(4)启机状态,4,2025-07-18 21:34:43,2025-07-18 21:38:09,206,0.06
1130,L16,#32,GW252/13600,(3)待机状态,3,2025-07-18 21:34:21,2025-07-18 21:34:43,22,0.01
1131,L16,#32,GW252/13600,(2)停机状态,2,2025-07-18 21:34:20,2025-07-18 21:34:21,1,0
1132,L16,#32,GW252/13600,(1)停机过程,1,2025-07-18 21:33:23,2025-07-18 21:34:20,57,0.02
1133,L16,#32,GW252/13600,(4)启机状态,4,2025-07-18 21:28:23,2025-07-18 21:33:23,300,0.08
1134,L16,#32,GW252/13600,(3)待机状态,3,2025-07-18 21:27:46,2025-07-18 21:28:23,37,0.01
1135,L16,#32,GW252/13600,(2)停机状态,2,2025-07-18 21:27:44,2025-07-18 21:27:46,2,0
1136,L16,#32,GW252/13600,(1)停机过程,1,2025-07-18 21:26:47,2025-07-18 21:27:44,57,0.02
1137,L16,#32,GW252/13600,(4)启机状态,4,2025-07-18 21:21:47,2025-07-18 21:26:47,300,0.08
1138,L16,#32,GW252/13600,(3)待机状态,3,2025-07-18 21:21:00,2025-07-18 21:21:47,47,0.01
1139,L16,#32,GW252/13600,(2)停机状态,2,2025-07-18 21:20:12,2025-07-18 21:21:00,48,0.01
1140,L16,#32,GW252/13600,(1)停机过程,1,2025-07-18 21:19:15,2025-07-18 21:20:12,57,0.02
1141,L16,#32,GW252/13600,(5)发电状态,5,2025-07-18 19:27:20,2025-07-18 21:19:15,6715,1.87
1142,L16,#32,GW252/13600,(4)启机状态,4,2025-07-18 19:23:04,2025-07-18 19:27:20,256,0.07
1143,L16,#32,GW252/13600,(3)待机状态,3,2025-07-18 19:22:41,2025-07-18 19:23:04,23,0.01
1144,L16,#32,GW252/13600,(2)停机状态,2,2025-07-18 19:22:40,2025-07-18 19:22:41,1,0
1145,L16,#32,GW252/13600,(1)停机过程,1,2025-07-18 19:21:44,2025-07-18 19:22:40,56,0.02
1146,L16,#32,GW252/13600,(4)启机状态,4,2025-07-18 19:16:44,2025-07-18 19:21:44,300,0.08
1147,L16,#32,GW252/13600,(3)待机状态,3,2025-07-18 19:16:13,2025-07-18 19:16:44,31,0.01
1148,L16,#32,GW252/13600,(2)停机状态,2,2025-07-18 19:16:11,2025-07-18 19:16:13,2,0
1149,L16,#32,GW252/13600,(1)停机过程,1,2025-07-18 19:15:13,2025-07-18 19:16:11,58,0.02
1150,L16,#32,GW252/13600,(4)启机状态,4,2025-07-18 19:10:14,2025-07-18 19:15:13,299,0.08
1151,L16,#32,GW252/13600,(3)待机状态,3,2025-07-18 19:09:12,2025-07-18 19:10:14,62,0.02
1152,L16,#32,GW252/13600,(1)停机过程,1,2025-07-18 19:08:17,2025-07-18 19:09:12,55,0.02
1153,L16,#32,GW252/13600,(4)启机状态,4,2025-07-18 19:03:16,2025-07-18 19:08:17,301,0.08
1154,L16,#32,GW252/13600,(3)待机状态,3,2025-07-18 19:01:24,2025-07-18 19:03:16,112,0.03
1155,L16,#32,GW252/13600,(2)停机状态,2,2025-07-18 18:58:28,2025-07-18 19:01:24,176,0.05
1156,L16,#32,GW252/13600,(1)停机过程,1,2025-07-18 18:57:31,2025-07-18 18:58:28,57,0.02
1157,L16,#32,GW252/13600,(5)发电状态,5,2025-07-18 18:25:41,2025-07-18 18:57:31,1910,0.53
1158,L16,#32,GW252/13600,(4)启机状态,4,2025-07-18 18:22:14,2025-07-18 18:25:41,207,0.06
1159,L16,#32,GW252/13600,(3)待机状态,3,2025-07-18 18:21:32,2025-07-18 18:22:14,42,0.01
1160,L16,#32,GW252/13600,(2)停机状态,2,2025-07-18 18:21:31,2025-07-18 18:21:32,1,0
1161,L16,#32,GW252/13600,(1)停机过程,1,2025-07-18 18:20:35,2025-07-18 18:21:31,56,0.02
1162,L16,#32,GW252/13600,(4)启机状态,4,2025-07-18 18:15:35,2025-07-18 18:20:35,300,0.08
1163,L16,#32,GW252/13600,(3)待机状态,3,2025-07-18 18:14:25,2025-07-18 18:15:35,70,0.02
1164,L16,#32,GW252/13600,(2)停机状态,2,2025-07-18 18:11:51,2025-07-18 18:14:25,154,0.04
1165,L16,#32,GW252/13600,(1)停机过程,1,2025-07-18 18:10:54,2025-07-18 18:11:51,57,0.02
1166,L16,#32,GW252/13600,(4)启机状态,4,2025-07-18 18:05:54,2025-07-18 18:10:54,300,0.08
1167,L16,#32,GW252/13600,(3)待机状态,3,2025-07-18 18:04:42,2025-07-18 18:05:54,72,0.02
1168,L16,#32,GW252/13600,(2)停机状态,2,2025-07-18 17:59:06,2025-07-18 18:04:42,336,0.09
1169,L16,#32,GW252/13600,(1)停机过程,1,2025-07-18 17:58:34,2025-07-18 17:59:06,32,0.01
1170,L16,#32,GW252/13600,(4)启机状态,4,2025-07-18 17:53:33,2025-07-18 17:58:34,301,0.08
1171,L16,#32,GW252/13600,(3)待机状态,3,2025-07-18 17:52:43,2025-07-18 17:53:33,50,0.01
1172,L16,#32,GW252/13600,(2)停机状态,2,2025-07-18 17:48:23,2025-07-18 17:52:43,260,0.07
1173,L16,#32,GW252/13600,(1)停机过程,1,2025-07-18 17:47:51,2025-07-18 17:48:23,32,0.01
1174,L16,#32,GW252/13600,(4)启机状态,4,2025-07-18 17:42:51,2025-07-18 17:47:51,300,0.08
1175,L16,#32,GW252/13600,(3)待机状态,3,2025-07-18 17:40:51,2025-07-18 17:42:51,120,0.03
1176,L16,#32,GW252/13600,(2)停机状态,2,2025-07-18 17:40:50,2025-07-18 17:40:51,1,0
1177,L16,#32,GW252/13600,(1)停机过程,1,2025-07-18 17:39:52,2025-07-18 17:40:50,58,0.02
1178,L16,#32,GW252/13600,(5)发电状态,5,2025-07-18 15:04:49,2025-07-18 17:39:52,9303,2.58
1179,L16,#32,GW252/13600,(4)启机状态,4,2025-07-18 15:03:14,2025-07-18 15:04:49,95,0.03
1180,L16,#32,GW252/13600,(3)待机状态,3,2025-07-18 15:02:23,2025-07-18 15:03:14,51,0.01
1181,L16,#32,GW252/13600,(2)停机状态,2,2025-07-18 15:02:21,2025-07-18 15:02:23,2,0
1182,L16,#32,GW252/13600,(1)停机过程,1,2025-07-18 15:01:19,2025-07-18 15:02:21,62,0.02
1183,L16,#32,GW252/13600,(5)发电状态,5,2025-07-18 15:00:42,2025-07-18 15:01:19,37,0.01
1184,L16,#32,GW252/13600,(4)启机状态,4,2025-07-18 14:59:13,2025-07-18 15:00:42,89,0.02
1185,L16,#32,GW252/13600,(3)待机状态,3,2025-07-18 14:54:51,2025-07-18 14:59:13,262,0.07
1186,L16,#32,GW252/13600,(2)停机状态,2,2025-07-18 14:22:47,2025-07-18 14:54:51,1924,0.53
1187,L16,#32,GW252/13600,(1)停机过程,1,2025-07-18 14:21:45,2025-07-18 14:22:47,62,0.02
1188,L16,#32,GW252/13600,(5)发电状态,5,2025-07-18 13:26:09,2025-07-18 14:21:45,3336,0.93
1189,L16,#32,GW252/13600,(9)维护状态,9,2025-07-18 11:28:37,2025-07-18 13:26:09,7052,1.96
1190,L16,#32,GW252/13600,(2)停机状态,2,2025-07-18 05:04:01,2025-07-18 11:28:37,23076,6.41
1191,L16,#32,GW252/13600,(1)停机过程,1,2025-07-18 05:03:31,2025-07-18 05:04:01,30,0.01
1192,L16,#32,GW252/13600,(3)待机状态,3,2025-07-18 05:02:46,2025-07-18 05:03:31,45,0.01
1193,L16,#32,GW252/13600,(2)停机状态,2,2025-07-18 05:02:41,2025-07-18 05:02:46,5,0
1194,L16,#32,GW252/13600,(1)停机过程,1,2025-07-18 05:02:12,2025-07-18 05:02:41,29,0.01
1195,L16,#32,GW252/13600,(3)待机状态,3,2025-07-18 05:01:51,2025-07-18 05:02:12,21,0.01
1196,L16,#32,GW252/13600,(2)停机状态,2,2025-07-18 04:50:03,2025-07-18 05:01:51,708,0.2
1197,L16,#32,GW252/13600,(1)停机过程,1,2025-07-18 04:49:53,2025-07-18 04:50:03,10,0
1198,L16,#32,GW252/13600,(9)维护状态,9,2025-07-18 04:49:42,2025-07-18 04:49:53,11,0
1199,L16,#32,GW252/13600,(2)停机状态,2,2025-07-18 04:42:15,2025-07-18 04:49:42,447,0.12
1200,L16,#32,GW252/13600,(1)停机过程,1,2025-07-18 04:41:18,2025-07-18 04:42:15,57,0.02
1201,L16,#32,GW252/13600,(5)发电状态,5,2025-07-18 02:35:01,2025-07-18 04:41:18,7577,2.1
1202,L16,#32,GW252/13600,(4)启机状态,4,2025-07-18 02:34:10,2025-07-18 02:35:01,51,0.01
1203,L16,#32,GW252/13600,(3)待机状态,3,2025-07-18 02:33:31,2025-07-18 02:34:10,39,0.01
1204,L16,#32,GW252/13600,(2)停机状态,2,2025-07-18 02:30:34,2025-07-18 02:33:31,177,0.05
1205,L16,#32,GW252/13600,(1)停机过程,1,2025-07-18 02:29:36,2025-07-18 02:30:34,58,0.02
1206,L16,#32,GW252/13600,(5)发电状态,5,2025-07-18 02:10:13,2025-07-18 02:29:36,1163,0.32
1207,L16,#32,GW252/13600,(4)启机状态,4,2025-07-18 02:09:23,2025-07-18 02:10:13,50,0.01
1208,L16,#32,GW252/13600,(3)待机状态,3,2025-07-18 02:08:48,2025-07-18 02:09:23,35,0.01
1209,L16,#32,GW252/13600,(2)停机状态,2,2025-07-18 02:05:50,2025-07-18 02:08:48,178,0.05
1210,L16,#32,GW252/13600,(1)停机过程,1,2025-07-18 02:04:54,2025-07-18 02:05:50,56,0.02
1211,L16,#32,GW252/13600,(5)发电状态,5,2025-07-18 01:04:18,2025-07-18 02:04:54,3636,1.01
1212,L16,#32,GW252/13600,(4)启机状态,4,2025-07-18 01:03:24,2025-07-18 01:04:18,54,0.02
1213,L16,#32,GW252/13600,(3)待机状态,3,2025-07-18 01:02:42,2025-07-18 01:03:24,42,0.01
1214,L16,#32,GW252/13600,(2)停机状态,2,2025-07-18 00:59:46,2025-07-18 01:02:42,176,0.05
1215,L16,#32,GW252/13600,(1)停机过程,1,2025-07-18 00:58:49,2025-07-18 00:59:46,57,0.02
1216,L16,#32,GW252/13600,(5)发电状态,5,2025-07-18 00:51:07,2025-07-18 00:58:49,462,0.13
1217,L16,#32,GW252/13600,(4)启机状态,4,2025-07-18 00:50:01,2025-07-18 00:51:07,66,0.02
1218,L16,#32,GW252/13600,(3)待机状态,3,2025-07-18 00:49:18,2025-07-18 00:50:01,43,0.01
1219,L16,#32,GW252/13600,(2)停机状态,2,2025-07-18 00:46:20,2025-07-18 00:49:18,178,0.05
1220,L16,#32,GW252/13600,(1)停机过程,1,2025-07-18 00:45:23,2025-07-18 00:46:20,57,0.02
1221,L16,#32,GW252/13600,(5)发电状态,5,2025-07-17 17:06:44,2025-07-18 00:45:23,27519,7.64
1222,L16,#32,GW252/13600,(4)启机状态,4,2025-07-17 17:02:14,2025-07-17 17:06:44,270,0.08
1223,L16,#32,GW252/13600,(3)待机状态,3,2025-07-17 17:01:13,2025-07-17 17:02:14,61,0.02
1224,L16,#32,GW252/13600,(2)停机状态,2,2025-07-17 17:01:12,2025-07-17 17:01:13,1,0
1225,L16,#32,GW252/13600,(1)停机过程,1,2025-07-17 17:00:41,2025-07-17 17:01:12,31,0.01
1226,L16,#32,GW252/13600,(4)启机状态,4,2025-07-17 16:55:41,2025-07-17 17:00:41,300,0.08
1227,L16,#32,GW252/13600,(3)待机状态,3,2025-07-17 16:54:33,2025-07-17 16:55:41,68,0.02
1228,L16,#32,GW252/13600,(2)停机状态,2,2025-07-17 16:54:31,2025-07-17 16:54:33,2,0
1229,L16,#32,GW252/13600,(1)停机过程,1,2025-07-17 16:53:58,2025-07-17 16:54:31,33,0.01
1230,L16,#32,GW252/13600,(4)启机状态,4,2025-07-17 16:48:58,2025-07-17 16:53:58,300,0.08
1231,L16,#32,GW252/13600,(3)待机状态,3,2025-07-17 16:45:47,2025-07-17 16:48:58,191,0.05
1232,L16,#32,GW252/13600,(2)停机状态,2,2025-07-17 16:45:16,2025-07-17 16:45:47,31,0.01
1233,L16,#32,GW252/13600,(1)停机过程,1,2025-07-17 16:44:46,2025-07-17 16:45:16,30,0.01
1234,L16,#32,GW252/13600,(4)启机状态,4,2025-07-17 16:39:46,2025-07-17 16:44:46,300,0.08
1235,L16,#32,GW252/13600,(3)待机状态,3,2025-07-17 10:12:57,2025-07-17 16:39:46,23209,6.45
1236,L16,#32,GW252/13600,(2)停机状态,2,2025-07-17 10:07:20,2025-07-17 10:12:57,337,0.09
1237,L16,#32,GW252/13600,(1)停机过程,1,2025-07-17 10:06:48,2025-07-17 10:07:20,32,0.01
1238,L16,#32,GW252/13600,(4)启机状态,4,2025-07-17 10:01:48,2025-07-17 10:06:48,300,0.08
1239,L16,#32,GW252/13600,(3)待机状态,3,2025-07-17 09:59:14,2025-07-17 10:01:48,154,0.04
1240,L16,#32,GW252/13600,(2)停机状态,2,2025-07-17 09:59:12,2025-07-17 09:59:14,2,0
1241,L16,#32,GW252/13600,(1)停机过程,1,2025-07-17 09:58:40,2025-07-17 09:59:12,32,0.01
1242,L16,#32,GW252/13600,(4)启机状态,4,2025-07-17 09:53:40,2025-07-17 09:58:40,300,0.08
1243,L16,#32,GW252/13600,(3)待机状态,3,2025-07-17 09:51:41,2025-07-17 09:53:40,119,0.03
1244,L16,#32,GW252/13600,(2)停机状态,2,2025-07-17 09:50:14,2025-07-17 09:51:41,87,0.02
1245,L16,#32,GW252/13600,(1)停机过程,1,2025-07-17 09:49:43,2025-07-17 09:50:14,31,0.01
1246,L16,#32,GW252/13600,(4)启机状态,4,2025-07-17 09:44:43,2025-07-17 09:49:43,300,0.08
1247,L16,#32,GW252/13600,(3)待机状态,3,2025-07-17 09:40:59,2025-07-17 09:44:43,224,0.06
1248,L16,#32,GW252/13600,(2)停机状态,2,2025-07-17 09:38:16,2025-07-17 09:40:59,163,0.05
1249,L16,#32,GW252/13600,(1)停机过程,1,2025-07-17 09:37:45,2025-07-17 09:38:16,31,0.01
1250,L16,#32,GW252/13600,(4)启机状态,4,2025-07-17 09:32:46,2025-07-17 09:37:45,299,0.08
1251,L16,#32,GW252/13600,(3)待机状态,3,2025-07-17 08:54:46,2025-07-17 09:32:46,2280,0.63
1252,L16,#32,GW252/13600,(2)停机状态,2,2025-07-17 08:49:10,2025-07-17 08:54:46,336,0.09
1253,L16,#32,GW252/13600,(1)停机过程,1,2025-07-17 08:48:38,2025-07-17 08:49:10,32,0.01
1254,L16,#32,GW252/13600,(4)启机状态,4,2025-07-17 08:43:38,2025-07-17 08:48:38,300,0.08
1255,L16,#32,GW252/13600,(3)待机状态,3,2025-07-17 08:41:21,2025-07-17 08:43:38,137,0.04
1256,L16,#32,GW252/13600,(2)停机状态,2,2025-07-17 08:41:19,2025-07-17 08:41:21,2,0
1257,L16,#32,GW252/13600,(1)停机过程,1,2025-07-17 08:40:49,2025-07-17 08:41:19,30,0.01
1258,L16,#32,GW252/13600,(4)启机状态,4,2025-07-17 08:35:49,2025-07-17 08:40:49,300,0.08
1259,L16,#32,GW252/13600,(3)待机状态,3,2025-07-17 08:34:26,2025-07-17 08:35:49,83,0.02
1260,L16,#32,GW252/13600,(2)停机状态,2,2025-07-17 08:34:24,2025-07-17 08:34:26,2,0
1261,L16,#32,GW252/13600,(1)停机过程,1,2025-07-17 08:33:52,2025-07-17 08:34:24,32,0.01
1262,L16,#32,GW252/13600,(4)启机状态,4,2025-07-17 08:28:52,2025-07-17 08:33:52,300,0.08
1263,L16,#32,GW252/13600,(3)待机状态,3,2025-07-17 08:27:25,2025-07-17 08:28:52,87,0.02
1264,L16,#32,GW252/13600,(1)停机过程,1,2025-07-17 08:26:53,2025-07-17 08:27:25,32,0.01
1265,L16,#32,GW252/13600,(4)启机状态,4,2025-07-17 08:21:52,2025-07-17 08:26:53,301,0.08
1266,L16,#32,GW252/13600,(3)待机状态,3,2025-07-17 08:20:03,2025-07-17 08:21:52,109,0.03
1267,L16,#32,GW252/13600,(2)停机状态,2,2025-07-17 08:19:12,2025-07-17 08:20:03,51,0.01
1268,L16,#32,GW252/13600,(1)停机过程,1,2025-07-17 08:18:40,2025-07-17 08:19:12,32,0.01
1269,L16,#32,GW252/13600,(4)启机状态,4,2025-07-17 08:13:40,2025-07-17 08:18:40,300,0.08
1270,L16,#32,GW252/13600,(3)待机状态,3,2025-07-17 08:11:25,2025-07-17 08:13:40,135,0.04
1271,L16,#32,GW252/13600,(2)停机状态,2,2025-07-17 08:11:23,2025-07-17 08:11:25,2,0
1272,L16,#32,GW252/13600,(1)停机过程,1,2025-07-17 08:10:52,2025-07-17 08:11:23,31,0.01
1273,L16,#32,GW252/13600,(4)启机状态,4,2025-07-17 08:05:51,2025-07-17 08:10:52,301,0.08
1274,L16,#32,GW252/13600,(3)待机状态,3,2025-07-17 08:04:22,2025-07-17 08:05:51,89,0.02
1275,L16,#32,GW252/13600,(2)停机状态,2,2025-07-17 07:58:44,2025-07-17 08:04:22,338,0.09
1276,L16,#32,GW252/13600,(1)停机过程,1,2025-07-17 07:57:47,2025-07-17 07:58:44,57,0.02
1277,L16,#32,GW252/13600,(5)发电状态,5,2025-07-16 19:24:40,2025-07-17 07:57:47,45187,12.55
1278,L16,#32,GW252/13600,(4)启机状态,4,2025-07-16 19:20:56,2025-07-16 19:24:40,224,0.06
1279,L16,#32,GW252/13600,(3)待机状态,3,2025-07-16 19:20:05,2025-07-16 19:20:56,51,0.01
1280,L16,#32,GW252/13600,(1)停机过程,1,2025-07-16 19:19:33,2025-07-16 19:20:05,32,0.01
1281,L16,#32,GW252/13600,(4)启机状态,4,2025-07-16 19:14:33,2025-07-16 19:19:33,300,0.08
1282,L16,#32,GW252/13600,(3)待机状态,3,2025-07-16 19:13:35,2025-07-16 19:14:33,58,0.02
1283,L16,#32,GW252/13600,(2)停机状态,2,2025-07-16 19:13:34,2025-07-16 19:13:35,1,0
1284,L16,#32,GW252/13600,(1)停机过程,1,2025-07-16 19:13:03,2025-07-16 19:13:34,31,0.01
1285,L16,#32,GW252/13600,(4)启机状态,4,2025-07-16 19:08:03,2025-07-16 19:13:03,300,0.08
1286,L16,#32,GW252/13600,(3)待机状态,3,2025-07-16 19:05:59,2025-07-16 19:08:03,124,0.03
1287,L16,#32,GW252/13600,(2)停机状态,2,2025-07-16 19:05:57,2025-07-16 19:05:59,2,0
1288,L16,#32,GW252/13600,(1)停机过程,1,2025-07-16 19:05:25,2025-07-16 19:05:57,32,0.01
1289,L16,#32,GW252/13600,(4)启机状态,4,2025-07-16 19:00:25,2025-07-16 19:05:25,300,0.08
1290,L16,#32,GW252/13600,(3)待机状态,3,2025-07-16 18:57:54,2025-07-16 19:00:25,151,0.04
1291,L16,#32,GW252/13600,(2)停机状态,2,2025-07-16 18:55:48,2025-07-16 18:57:54,126,0.04
1292,L16,#32,GW252/13600,(1)停机过程,1,2025-07-16 18:55:17,2025-07-16 18:55:48,31,0.01
1293,L16,#32,GW252/13600,(4)启机状态,4,2025-07-16 18:50:17,2025-07-16 18:55:17,300,0.08
1294,L16,#32,GW252/13600,(3)待机状态,3,2025-07-16 18:47:55,2025-07-16 18:50:17,142,0.04
1295,L16,#32,GW252/13600,(1)停机过程,1,2025-07-16 18:47:25,2025-07-16 18:47:55,30,0.01
1296,L16,#32,GW252/13600,(4)启机状态,4,2025-07-16 18:42:23,2025-07-16 18:47:25,302,0.08
1297,L16,#32,GW252/13600,(3)待机状态,3,2025-07-16 18:41:15,2025-07-16 18:42:23,68,0.02
1298,L16,#32,GW252/13600,(2)停机状态,2,2025-07-16 18:41:13,2025-07-16 18:41:15,2,0
1299,L16,#32,GW252/13600,(1)停机过程,1,2025-07-16 18:40:42,2025-07-16 18:41:13,31,0.01
1300,L16,#32,GW252/13600,(4)启机状态,4,2025-07-16 18:35:42,2025-07-16 18:40:42,300,0.08
1301,L16,#32,GW252/13600,(3)待机状态,3,2025-07-16 18:34:15,2025-07-16 18:35:42,87,0.02
1302,L16,#32,GW252/13600,(2)停机状态,2,2025-07-16 18:34:14,2025-07-16 18:34:15,1,0
1303,L16,#32,GW252/13600,(1)停机过程,1,2025-07-16 18:33:41,2025-07-16 18:34:14,33,0.01
1304,L16,#32,GW252/13600,(4)启机状态,4,2025-07-16 18:28:41,2025-07-16 18:33:41,300,0.08
1305,L16,#32,GW252/13600,(3)待机状态,3,2025-07-16 18:26:57,2025-07-16 18:28:41,104,0.03
1306,L16,#32,GW252/13600,(2)停机状态,2,2025-07-16 18:23:11,2025-07-16 18:26:57,226,0.06
1307,L16,#32,GW252/13600,(1)停机过程,1,2025-07-16 18:22:13,2025-07-16 18:23:11,58,0.02
1308,L16,#32,GW252/13600,(5)发电状态,5,2025-07-16 17:52:12,2025-07-16 18:22:13,1801,0.5
1309,L16,#32,GW252/13600,(4)启机状态,4,2025-07-16 17:49:33,2025-07-16 17:52:12,159,0.04
1310,L16,#32,GW252/13600,(3)待机状态,3,2025-07-16 17:48:36,2025-07-16 17:49:33,57,0.02
1311,L16,#32,GW252/13600,(2)停机状态,2,2025-07-16 17:48:35,2025-07-16 17:48:36,1,0
1312,L16,#32,GW252/13600,(1)停机过程,1,2025-07-16 17:47:41,2025-07-16 17:48:35,54,0.02
1313,L16,#32,GW252/13600,(4)启机状态,4,2025-07-16 17:42:41,2025-07-16 17:47:41,300,0.08
1314,L16,#32,GW252/13600,(3)待机状态,3,2025-07-16 17:41:47,2025-07-16 17:42:41,54,0.02
1315,L16,#32,GW252/13600,(2)停机状态,2,2025-07-16 17:41:46,2025-07-16 17:41:47,1,0
1316,L16,#32,GW252/13600,(1)停机过程,1,2025-07-16 17:41:15,2025-07-16 17:41:46,31,0.01
1317,L16,#32,GW252/13600,(4)启机状态,4,2025-07-16 17:36:15,2025-07-16 17:41:15,300,0.08
1318,L16,#32,GW252/13600,(3)待机状态,3,2025-07-16 17:35:21,2025-07-16 17:36:15,54,0.02
1319,L16,#32,GW252/13600,(2)停机状态,2,2025-07-16 17:35:20,2025-07-16 17:35:21,1,0
1320,L16,#32,GW252/13600,(1)停机过程,1,2025-07-16 17:34:49,2025-07-16 17:35:20,31,0.01
1321,L16,#32,GW252/13600,(4)启机状态,4,2025-07-16 17:29:49,2025-07-16 17:34:49,300,0.08
1322,L16,#32,GW252/13600,(3)待机状态,3,2025-07-16 17:28:46,2025-07-16 17:29:49,63,0.02
1323,L16,#32,GW252/13600,(2)停机状态,2,2025-07-16 17:28:45,2025-07-16 17:28:46,1,0
1324,L16,#32,GW252/13600,(1)停机过程,1,2025-07-16 17:28:12,2025-07-16 17:28:45,33,0.01
1325,L16,#32,GW252/13600,(4)启机状态,4,2025-07-16 17:23:13,2025-07-16 17:28:12,299,0.08
1326,L16,#32,GW252/13600,(3)待机状态,3,2025-07-16 17:22:04,2025-07-16 17:23:13,69,0.02
1327,L16,#32,GW252/13600,(2)停机状态,2,2025-07-16 17:22:02,2025-07-16 17:22:04,2,0
1328,L16,#32,GW252/13600,(1)停机过程,1,2025-07-16 17:21:31,2025-07-16 17:22:02,31,0.01
1329,L16,#32,GW252/13600,(4)启机状态,4,2025-07-16 17:16:31,2025-07-16 17:21:31,300,0.08
1330,L16,#32,GW252/13600,(3)待机状态,3,2025-07-16 17:14:51,2025-07-16 17:16:31,100,0.03
1331,L16,#32,GW252/13600,(2)停机状态,2,2025-07-16 17:14:50,2025-07-16 17:14:51,1,0
1332,L16,#32,GW252/13600,(1)停机过程,1,2025-07-16 17:14:19,2025-07-16 17:14:50,31,0.01
1333,L16,#32,GW252/13600,(4)启机状态,4,2025-07-16 17:09:19,2025-07-16 17:14:19,300,0.08
1334,L16,#32,GW252/13600,(3)待机状态,3,2025-07-16 17:07:45,2025-07-16 17:09:19,94,0.03
1335,L16,#32,GW252/13600,(1)停机过程,1,2025-07-16 17:07:14,2025-07-16 17:07:45,31,0.01
1336,L16,#32,GW252/13600,(4)启机状态,4,2025-07-16 17:02:14,2025-07-16 17:07:14,300,0.08
1337,L16,#32,GW252/13600,(3)待机状态,3,2025-07-16 17:00:00,2025-07-16 17:02:14,134,0.04
1338,L16,#32,GW252/13600,(2)停机状态,2,2025-07-16 16:59:59,2025-07-16 17:00:00,1,0
1339,L16,#32,GW252/13600,(1)停机过程,1,2025-07-16 16:59:26,2025-07-16 16:59:59,33,0.01
1340,L16,#32,GW252/13600,(4)启机状态,4,2025-07-16 16:54:26,2025-07-16 16:59:26,300,0.08
1341,L16,#32,GW252/13600,(3)待机状态,3,2025-07-16 16:52:22,2025-07-16 16:54:26,124,0.03
1342,L16,#32,GW252/13600,(2)停机状态,2,2025-07-16 16:52:20,2025-07-16 16:52:22,2,0
1343,L16,#32,GW252/13600,(1)停机过程,1,2025-07-16 16:51:48,2025-07-16 16:52:20,32,0.01
1344,L16,#32,GW252/13600,(4)启机状态,4,2025-07-16 16:46:48,2025-07-16 16:51:48,300,0.08
1345,L16,#32,GW252/13600,(3)待机状态,3,2025-07-16 16:45:29,2025-07-16 16:46:48,79,0.02
1346,L16,#32,GW252/13600,(2)停机状态,2,2025-07-16 16:45:27,2025-07-16 16:45:29,2,0
1347,L16,#32,GW252/13600,(1)停机过程,1,2025-07-16 16:44:56,2025-07-16 16:45:27,31,0.01
1348,L16,#32,GW252/13600,(4)启机状态,4,2025-07-16 16:39:55,2025-07-16 16:44:56,301,0.08
1349,L16,#32,GW252/13600,(3)待机状态,3,2025-07-16 16:38:38,2025-07-16 16:39:55,77,0.02
1350,L16,#32,GW252/13600,(2)停机状态,2,2025-07-16 16:38:36,2025-07-16 16:38:38,2,0
1351,L16,#32,GW252/13600,(1)停机过程,1,2025-07-16 16:38:05,2025-07-16 16:38:36,31,0.01
1352,L16,#32,GW252/13600,(4)启机状态,4,2025-07-16 16:33:05,2025-07-16 16:38:05,300,0.08
1353,L16,#32,GW252/13600,(3)待机状态,3,2025-07-16 16:31:26,2025-07-16 16:33:05,99,0.03
1354,L16,#32,GW252/13600,(2)停机状态,2,2025-07-16 16:31:24,2025-07-16 16:31:26,2,0
1355,L16,#32,GW252/13600,(1)停机过程,1,2025-07-16 16:30:53,2025-07-16 16:31:24,31,0.01
1356,L16,#32,GW252/13600,(4)启机状态,4,2025-07-16 16:25:53,2025-07-16 16:30:53,300,0.08
1357,L16,#32,GW252/13600,(3)待机状态,3,2025-07-16 16:23:49,2025-07-16 16:25:53,124,0.03
1358,L16,#32,GW252/13600,(2)停机状态,2,2025-07-16 16:23:47,2025-07-16 16:23:49,2,0
1359,L16,#32,GW252/13600,(1)停机过程,1,2025-07-16 16:23:15,2025-07-16 16:23:47,32,0.01
1360,L16,#32,GW252/13600,(4)启机状态,4,2025-07-16 16:18:15,2025-07-16 16:23:15,300,0.08
1361,L16,#32,GW252/13600,(3)待机状态,3,2025-07-16 16:17:21,2025-07-16 16:18:15,54,0.02
1362,L16,#32,GW252/13600,(2)停机状态,2,2025-07-16 16:17:20,2025-07-16 16:17:21,1,0
1363,L16,#32,GW252/13600,(1)停机过程,1,2025-07-16 16:16:49,2025-07-16 16:17:20,31,0.01
1364,L16,#32,GW252/13600,(4)启机状态,4,2025-07-16 16:11:49,2025-07-16 16:16:49,300,0.08
1365,L16,#32,GW252/13600,(3)待机状态,3,2025-07-16 16:10:42,2025-07-16 16:11:49,67,0.02
1366,L16,#32,GW252/13600,(2)停机状态,2,2025-07-16 16:10:40,2025-07-16 16:10:42,2,0
1367,L16,#32,GW252/13600,(1)停机过程,1,2025-07-16 16:10:09,2025-07-16 16:10:40,31,0.01
1368,L16,#32,GW252/13600,(4)启机状态,4,2025-07-16 16:05:09,2025-07-16 16:10:09,300,0.08
1369,L16,#32,GW252/13600,(3)待机状态,3,2025-07-16 16:04:06,2025-07-16 16:05:09,63,0.02
1370,L16,#32,GW252/13600,(1)停机过程,1,2025-07-16 16:03:33,2025-07-16 16:04:06,33,0.01
1371,L16,#32,GW252/13600,(4)启机状态,4,2025-07-16 15:58:34,2025-07-16 16:03:33,299,0.08
1372,L16,#32,GW252/13600,(3)待机状态,3,2025-07-16 15:57:25,2025-07-16 15:58:34,69,0.02
1373,L16,#32,GW252/13600,(2)停机状态,2,2025-07-16 15:57:22,2025-07-16 15:57:25,3,0
1374,L16,#32,GW252/13600,(1)停机过程,1,2025-07-16 15:56:51,2025-07-16 15:57:22,31,0.01
1375,L16,#32,GW252/13600,(4)启机状态,4,2025-07-16 15:51:50,2025-07-16 15:56:51,301,0.08
1376,L16,#32,GW252/13600,(3)待机状态,3,2025-07-16 15:50:45,2025-07-16 15:51:50,65,0.02
1377,L16,#32,GW252/13600,(2)停机状态,2,2025-07-16 15:50:44,2025-07-16 15:50:45,1,0
1378,L16,#32,GW252/13600,(1)停机过程,1,2025-07-16 15:50:12,2025-07-16 15:50:44,32,0.01
1379,L16,#32,GW252/13600,(4)启机状态,4,2025-07-16 15:45:12,2025-07-16 15:50:12,300,0.08
1380,L16,#32,GW252/13600,(3)待机状态,3,2025-07-16 15:44:18,2025-07-16 15:45:12,54,0.02
1381,L16,#32,GW252/13600,(2)停机状态,2,2025-07-16 15:44:15,2025-07-16 15:44:18,3,0
1382,L16,#32,GW252/13600,(1)停机过程,1,2025-07-16 15:43:44,2025-07-16 15:44:15,31,0.01
1383,L16,#32,GW252/13600,(4)启机状态,4,2025-07-16 15:38:44,2025-07-16 15:43:44,300,0.08
1384,L16,#32,GW252/13600,(3)待机状态,3,2025-07-16 15:37:50,2025-07-16 15:38:44,54,0.02
1385,L16,#32,GW252/13600,(2)停机状态,2,2025-07-16 15:37:49,2025-07-16 15:37:50,1,0
1386,L16,#32,GW252/13600,(1)停机过程,1,2025-07-16 15:37:17,2025-07-16 15:37:49,32,0.01
1387,L16,#32,GW252/13600,(4)启机状态,4,2025-07-16 15:32:17,2025-07-16 15:37:17,300,0.08
1388,L16,#32,GW252/13600,(3)待机状态,3,2025-07-16 15:31:18,2025-07-16 15:32:17,59,0.02
1389,L16,#32,GW252/13600,(2)停机状态,2,2025-07-16 15:31:17,2025-07-16 15:31:18,1,0
1390,L16,#32,GW252/13600,(1)停机过程,1,2025-07-16 15:30:46,2025-07-16 15:31:17,31,0.01
1391,L16,#32,GW252/13600,(4)启机状态,4,2025-07-16 15:25:45,2025-07-16 15:30:46,301,0.08
1392,L16,#32,GW252/13600,(3)待机状态,3,2025-07-16 15:24:35,2025-07-16 15:25:45,70,0.02
1393,L16,#32,GW252/13600,(2)停机状态,2,2025-07-16 15:24:33,2025-07-16 15:24:35,2,0
1394,L16,#32,GW252/13600,(1)停机过程,1,2025-07-16 15:24:01,2025-07-16 15:24:33,32,0.01
1395,L16,#32,GW252/13600,(4)启机状态,4,2025-07-16 15:19:01,2025-07-16 15:24:01,300,0.08
1396,L16,#32,GW252/13600,(3)待机状态,3,2025-07-16 15:17:23,2025-07-16 15:19:01,98,0.03
1397,L16,#32,GW252/13600,(2)停机状态,2,2025-07-16 15:17:22,2025-07-16 15:17:23,1,0
1398,L16,#32,GW252/13600,(1)停机过程,1,2025-07-16 15:16:50,2025-07-16 15:17:22,32,0.01
1399,L16,#32,GW252/13600,(4)启机状态,4,2025-07-16 15:11:50,2025-07-16 15:16:50,300,0.08
1400,L16,#32,GW252/13600,(3)待机状态,3,2025-07-16 15:10:12,2025-07-16 15:11:50,98,0.03
1401,L16,#32,GW252/13600,(1)停机过程,1,2025-07-16 15:09:40,2025-07-16 15:10:12,32,0.01
1402,L16,#32,GW252/13600,(4)启机状态,4,2025-07-16 15:04:40,2025-07-16 15:09:40,300,0.08
1403,L16,#32,GW252/13600,(3)待机状态,3,2025-07-16 15:03:34,2025-07-16 15:04:40,66,0.02
1404,L16,#32,GW252/13600,(1)停机过程,1,2025-07-16 15:03:03,2025-07-16 15:03:34,31,0.01
1405,L16,#32,GW252/13600,(4)启机状态,4,2025-07-16 14:58:02,2025-07-16 15:03:03,301,0.08
1406,L16,#32,GW252/13600,(3)待机状态,3,2025-07-16 14:56:54,2025-07-16 14:58:02,68,0.02
1407,L16,#32,GW252/13600,(2)停机状态,2,2025-07-16 14:56:53,2025-07-16 14:56:54,1,0
1408,L16,#32,GW252/13600,(1)停机过程,1,2025-07-16 14:56:21,2025-07-16 14:56:53,32,0.01
1409,L16,#32,GW252/13600,(4)启机状态,4,2025-07-16 14:51:21,2025-07-16 14:56:21,300,0.08
1410,L16,#32,GW252/13600,(3)待机状态,3,2025-07-16 14:49:49,2025-07-16 14:51:21,92,0.03
1411,L16,#32,GW252/13600,(2)停机状态,2,2025-07-16 14:49:47,2025-07-16 14:49:49,2,0
1412,L16,#32,GW252/13600,(1)停机过程,1,2025-07-16 14:49:14,2025-07-16 14:49:47,33,0.01
1413,L16,#32,GW252/13600,(4)启机状态,4,2025-07-16 14:44:14,2025-07-16 14:49:14,300,0.08
1414,L16,#32,GW252/13600,(3)待机状态,3,2025-07-16 14:42:59,2025-07-16 14:44:14,75,0.02
1415,L16,#32,GW252/13600,(2)停机状态,2,2025-07-16 14:42:57,2025-07-16 14:42:59,2,0
1416,L16,#32,GW252/13600,(1)停机过程,1,2025-07-16 14:42:26,2025-07-16 14:42:57,31,0.01
1417,L16,#32,GW252/13600,(4)启机状态,4,2025-07-16 14:37:25,2025-07-16 14:42:26,301,0.08
1418,L16,#32,GW252/13600,(3)待机状态,3,2025-07-16 14:35:48,2025-07-16 14:37:25,97,0.03
1419,L16,#32,GW252/13600,(2)停机状态,2,2025-07-16 14:32:16,2025-07-16 14:35:48,212,0.06
1420,L16,#32,GW252/13600,(1)停机过程,1,2025-07-16 14:31:45,2025-07-16 14:32:16,31,0.01
1421,L16,#32,GW252/13600,(4)启机状态,4,2025-07-16 14:26:45,2025-07-16 14:31:45,300,0.08
1422,L16,#32,GW252/13600,(3)待机状态,3,2025-07-16 14:21:53,2025-07-16 14:26:45,292,0.08
1423,L16,#32,GW252/13600,(2)停机状态,2,2025-07-16 14:16:15,2025-07-16 14:21:53,338,0.09
1424,L16,#32,GW252/13600,(1)停机过程,1,2025-07-16 14:15:44,2025-07-16 14:16:15,31,0.01
1425,L16,#32,GW252/13600,(4)启机状态,4,2025-07-16 14:10:44,2025-07-16 14:15:44,300,0.08
1426,L16,#32,GW252/13600,(3)待机状态,3,2025-07-16 14:08:46,2025-07-16 14:10:44,118,0.03
1427,L16,#32,GW252/13600,(2)停机状态,2,2025-07-16 14:08:38,2025-07-16 14:08:46,8,0
1428,L16,#32,GW252/13600,(1)停机过程,1,2025-07-16 14:08:06,2025-07-16 14:08:38,32,0.01
1429,L16,#32,GW252/13600,(4)启机状态,4,2025-07-16 14:03:06,2025-07-16 14:08:06,300,0.08
1430,L16,#32,GW252/13600,(3)待机状态,3,2025-07-16 14:01:29,2025-07-16 14:03:06,97,0.03
1431,L16,#32,GW252/13600,(2)停机状态,2,2025-07-16 13:58:44,2025-07-16 14:01:29,165,0.05
1432,L16,#32,GW252/13600,(1)停机过程,1,2025-07-16 13:57:48,2025-07-16 13:58:44,56,0.02
1433,L16,#32,GW252/13600,(5)发电状态,5,2025-07-15 15:00:47,2025-07-16 13:57:48,82621,22.95
1434,L16,#32,GW252/13600,(4)启机状态,4,2025-07-15 14:58:56,2025-07-15 15:00:47,111,0.03
1435,L16,#32,GW252/13600,(3)待机状态,3,2025-07-15 14:58:05,2025-07-15 14:58:56,51,0.01
1436,L16,#32,GW252/13600,(2)停机状态,2,2025-07-15 14:58:04,2025-07-15 14:58:05,1,0
1437,L16,#32,GW252/13600,(1)停机过程,1,2025-07-15 14:57:08,2025-07-15 14:58:04,56,0.02
1438,L16,#32,GW252/13600,(4)启机状态,4,2025-07-15 14:52:08,2025-07-15 14:57:08,300,0.08
1439,L16,#32,GW252/13600,(3)待机状态,3,2025-07-15 14:51:11,2025-07-15 14:52:08,57,0.02
1440,L16,#32,GW252/13600,(2)停机状态,2,2025-07-15 14:51:10,2025-07-15 14:51:11,1,0
1441,L16,#32,GW252/13600,(1)停机过程,1,2025-07-15 14:50:39,2025-07-15 14:51:10,31,0.01
1442,L16,#32,GW252/13600,(4)启机状态,4,2025-07-15 14:45:40,2025-07-15 14:50:39,299,0.08
1443,L16,#32,GW252/13600,(3)待机状态,3,2025-07-15 14:44:49,2025-07-15 14:45:40,51,0.01
1444,L16,#32,GW252/13600,(2)停机状态,2,2025-07-15 14:44:48,2025-07-15 14:44:49,1,0
1445,L16,#32,GW252/13600,(1)停机过程,1,2025-07-15 14:44:17,2025-07-15 14:44:48,31,0.01
1446,L16,#32,GW252/13600,(4)启机状态,4,2025-07-15 14:39:16,2025-07-15 14:44:17,301,0.08
1447,L16,#32,GW252/13600,(3)待机状态,3,2025-07-15 14:38:24,2025-07-15 14:39:16,52,0.01
1448,L16,#32,GW252/13600,(2)停机状态,2,2025-07-15 14:38:21,2025-07-15 14:38:24,3,0
1449,L16,#32,GW252/13600,(1)停机过程,1,2025-07-15 14:37:49,2025-07-15 14:38:21,32,0.01
1450,L16,#32,GW252/13600,(4)启机状态,4,2025-07-15 14:32:48,2025-07-15 14:37:49,301,0.08
1451,L16,#32,GW252/13600,(3)待机状态,3,2025-07-15 14:31:47,2025-07-15 14:32:48,61,0.02
1452,L16,#32,GW252/13600,(2)停机状态,2,2025-07-15 14:31:46,2025-07-15 14:31:47,1,0
1453,L16,#32,GW252/13600,(1)停机过程,1,2025-07-15 14:31:16,2025-07-15 14:31:46,30,0.01
1454,L16,#32,GW252/13600,(4)启机状态,4,2025-07-15 14:26:15,2025-07-15 14:31:16,301,0.08
1455,L16,#32,GW252/13600,(3)待机状态,3,2025-07-15 14:24:23,2025-07-15 14:26:15,112,0.03
1456,L16,#32,GW252/13600,(2)停机状态,2,2025-07-15 14:24:20,2025-07-15 14:24:23,3,0
1457,L16,#32,GW252/13600,(1)停机过程,1,2025-07-15 14:23:22,2025-07-15 14:24:20,58,0.02
1458,L16,#32,GW252/13600,(5)发电状态,5,2025-07-14 21:04:59,2025-07-15 14:23:22,62303,17.31
1459,L16,#32,GW252/13600,(4)启机状态,4,2025-07-14 21:01:13,2025-07-14 21:04:59,226,0.06
1460,L16,#32,GW252/13600,(3)待机状态,3,2025-07-14 21:00:16,2025-07-14 21:01:13,57,0.02
1461,L16,#32,GW252/13600,(2)停机状态,2,2025-07-14 21:00:14,2025-07-14 21:00:16,2,0
1462,L16,#32,GW252/13600,(1)停机过程,1,2025-07-14 20:59:43,2025-07-14 21:00:14,31,0.01
1463,L16,#32,GW252/13600,(4)启机状态,4,2025-07-14 20:54:44,2025-07-14 20:59:43,299,0.08
1464,L16,#32,GW252/13600,(3)待机状态,3,2025-07-14 20:53:46,2025-07-14 20:54:44,58,0.02
1465,L16,#32,GW252/13600,(2)停机状态,2,2025-07-14 20:53:44,2025-07-14 20:53:46,2,0
1466,L16,#32,GW252/13600,(1)停机过程,1,2025-07-14 20:53:13,2025-07-14 20:53:44,31,0.01
1467,L16,#32,GW252/13600,(4)启机状态,4,2025-07-14 20:48:13,2025-07-14 20:53:13,300,0.08
1468,L16,#32,GW252/13600,(3)待机状态,3,2025-07-14 20:47:14,2025-07-14 20:48:13,59,0.02
1469,L16,#32,GW252/13600,(2)停机状态,2,2025-07-14 20:47:13,2025-07-14 20:47:14,1,0
1470,L16,#32,GW252/13600,(1)停机过程,1,2025-07-14 20:46:42,2025-07-14 20:47:13,31,0.01
1471,L16,#32,GW252/13600,(4)启机状态,4,2025-07-14 20:41:42,2025-07-14 20:46:42,300,0.08
1472,L16,#32,GW252/13600,(3)待机状态,3,2025-07-14 20:40:39,2025-07-14 20:41:42,63,0.02
1473,L16,#32,GW252/13600,(1)停机过程,1,2025-07-14 20:40:08,2025-07-14 20:40:39,31,0.01
1474,L16,#32,GW252/13600,(4)启机状态,4,2025-07-14 20:35:07,2025-07-14 20:40:08,301,0.08
1475,L16,#32,GW252/13600,(3)待机状态,3,2025-07-14 20:33:54,2025-07-14 20:35:07,73,0.02
1476,L16,#32,GW252/13600,(1)停机过程,1,2025-07-14 20:33:22,2025-07-14 20:33:54,32,0.01
1477,L16,#32,GW252/13600,(4)启机状态,4,2025-07-14 20:28:22,2025-07-14 20:33:22,300,0.08
1478,L16,#32,GW252/13600,(3)待机状态,3,2025-07-14 20:26:51,2025-07-14 20:28:22,91,0.03
1479,L16,#32,GW252/13600,(2)停机状态,2,2025-07-14 20:26:50,2025-07-14 20:26:51,1,0
1480,L16,#32,GW252/13600,(1)停机过程,1,2025-07-14 20:26:17,2025-07-14 20:26:50,33,0.01
1481,L16,#32,GW252/13600,(4)启机状态,4,2025-07-14 20:21:17,2025-07-14 20:26:17,300,0.08
1482,L16,#32,GW252/13600,(3)待机状态,3,2025-07-14 20:18:43,2025-07-14 20:21:17,154,0.04
1483,L16,#32,GW252/13600,(2)停机状态,2,2025-07-14 20:18:42,2025-07-14 20:18:43,1,0
1484,L16,#32,GW252/13600,(1)停机过程,1,2025-07-14 20:18:11,2025-07-14 20:18:42,31,0.01
1485,L16,#32,GW252/13600,(4)启机状态,4,2025-07-14 20:13:10,2025-07-14 20:18:11,301,0.08
1486,L16,#32,GW252/13600,(3)待机状态,3,2025-07-14 20:11:41,2025-07-14 20:13:10,89,0.02
1487,L16,#32,GW252/13600,(1)停机过程,1,2025-07-14 20:11:10,2025-07-14 20:11:41,31,0.01
1488,L16,#32,GW252/13600,(4)启机状态,4,2025-07-14 20:06:10,2025-07-14 20:11:10,300,0.08
1489,L16,#32,GW252/13600,(3)待机状态,3,2025-07-14 20:02:27,2025-07-14 20:06:10,223,0.06
1490,L16,#32,GW252/13600,(2)停机状态,2,2025-07-14 20:00:58,2025-07-14 20:02:27,89,0.02
1491,L16,#32,GW252/13600,(1)停机过程,1,2025-07-14 20:00:27,2025-07-14 20:00:58,31,0.01
1492,L16,#32,GW252/13600,(4)启机状态,4,2025-07-14 19:55:27,2025-07-14 20:00:27,300,0.08
1493,L16,#32,GW252/13600,(3)待机状态,3,2025-07-14 19:38:02,2025-07-14 19:55:27,1045,0.29
1494,L16,#32,GW252/13600,(2)停机状态,2,2025-07-14 19:32:26,2025-07-14 19:38:02,336,0.09
1495,L16,#32,GW252/13600,(1)停机过程,1,2025-07-14 19:31:53,2025-07-14 19:32:26,33,0.01
1496,L16,#32,GW252/13600,(4)启机状态,4,2025-07-14 19:26:53,2025-07-14 19:31:53,300,0.08
1497,L16,#32,GW252/13600,(3)待机状态,3,2025-07-14 19:12:31,2025-07-14 19:26:53,862,0.24
1498,L16,#32,GW252/13600,(2)停机状态,2,2025-07-14 19:06:55,2025-07-14 19:12:31,336,0.09
1499,L16,#32,GW252/13600,(1)停机过程,1,2025-07-14 19:06:22,2025-07-14 19:06:55,33,0.01
1500,L16,#32,GW252/13600,(4)启机状态,4,2025-07-14 19:01:22,2025-07-14 19:06:22,300,0.08
1501,L16,#32,GW252/13600,(3)待机状态,3,2025-07-14 18:59:56,2025-07-14 19:01:22,86,0.02
1502,L16,#32,GW252/13600,(2)停机状态,2,2025-07-14 18:59:55,2025-07-14 18:59:56,1,0
1503,L16,#32,GW252/13600,(1)停机过程,1,2025-07-14 18:59:24,2025-07-14 18:59:55,31,0.01
1504,L16,#32,GW252/13600,(4)启机状态,4,2025-07-14 18:54:23,2025-07-14 18:59:24,301,0.08
1505,L16,#32,GW252/13600,(3)待机状态,3,2025-07-14 18:53:05,2025-07-14 18:54:23,78,0.02
1506,L16,#32,GW252/13600,(2)停机状态,2,2025-07-14 18:53:02,2025-07-14 18:53:05,3,0
1507,L16,#32,GW252/13600,(1)停机过程,1,2025-07-14 18:52:32,2025-07-14 18:53:02,30,0.01
1508,L16,#32,GW252/13600,(4)启机状态,4,2025-07-14 18:47:32,2025-07-14 18:52:32,300,0.08
1509,L16,#32,GW252/13600,(3)待机状态,3,2025-07-14 18:45:37,2025-07-14 18:47:32,115,0.03
1510,L16,#32,GW252/13600,(2)停机状态,2,2025-07-14 18:45:35,2025-07-14 18:45:37,2,0
1511,L16,#32,GW252/13600,(1)停机过程,1,2025-07-14 18:45:03,2025-07-14 18:45:35,32,0.01
1512,L16,#32,GW252/13600,(4)启机状态,4,2025-07-14 18:40:02,2025-07-14 18:45:03,301,0.08
1513,L16,#32,GW252/13600,(3)待机状态,3,2025-07-14 18:37:37,2025-07-14 18:40:02,145,0.04
1514,L16,#32,GW252/13600,(2)停机状态,2,2025-07-14 18:37:36,2025-07-14 18:37:37,1,0
1515,L16,#32,GW252/13600,(1)停机过程,1,2025-07-14 18:37:05,2025-07-14 18:37:36,31,0.01
1516,L16,#32,GW252/13600,(4)启机状态,4,2025-07-14 18:32:04,2025-07-14 18:37:05,301,0.08
1517,L16,#32,GW252/13600,(3)待机状态,3,2025-07-14 18:30:08,2025-07-14 18:32:04,116,0.03
1518,L16,#32,GW252/13600,(2)停机状态,2,2025-07-14 18:30:03,2025-07-14 18:30:08,5,0
1519,L16,#32,GW252/13600,(1)停机过程,1,2025-07-14 18:29:33,2025-07-14 18:30:03,30,0.01
1520,L16,#32,GW252/13600,(4)启机状态,4,2025-07-14 18:24:32,2025-07-14 18:29:33,301,0.08
1521,L16,#32,GW252/13600,(3)待机状态,3,2025-07-14 18:21:57,2025-07-14 18:24:32,155,0.04
1522,L16,#32,GW252/13600,(2)停机状态,2,2025-07-14 18:16:20,2025-07-14 18:21:57,337,0.09
1523,L16,#32,GW252/13600,(1)停机过程,1,2025-07-14 18:15:48,2025-07-14 18:16:20,32,0.01
1524,L16,#32,GW252/13600,(4)启机状态,4,2025-07-14 18:10:47,2025-07-14 18:15:48,301,0.08
1525,L16,#32,GW252/13600,(3)待机状态,3,2025-07-14 18:07:17,2025-07-14 18:10:47,210,0.06
1526,L16,#32,GW252/13600,(2)停机状态,2,2025-07-14 18:03:01,2025-07-14 18:07:17,256,0.07
1527,L16,#32,GW252/13600,(1)停机过程,1,2025-07-14 18:02:29,2025-07-14 18:03:01,32,0.01
1528,L16,#32,GW252/13600,(4)启机状态,4,2025-07-14 17:57:28,2025-07-14 18:02:29,301,0.08
1529,L16,#32,GW252/13600,(3)待机状态,3,2025-07-14 17:54:28,2025-07-14 17:57:28,180,0.05
1530,L16,#32,GW252/13600,(2)停机状态,2,2025-07-14 17:49:20,2025-07-14 17:54:28,308,0.09
1531,L16,#32,GW252/13600,(1)停机过程,1,2025-07-14 17:48:49,2025-07-14 17:49:20,31,0.01
1532,L16,#32,GW252/13600,(4)启机状态,4,2025-07-14 17:43:49,2025-07-14 17:48:49,300,0.08
1533,L16,#32,GW252/13600,(3)待机状态,3,2025-07-14 17:40:52,2025-07-14 17:43:49,177,0.05
1534,L16,#32,GW252/13600,(1)停机过程,1,2025-07-14 17:40:21,2025-07-14 17:40:52,31,0.01
1535,L16,#32,GW252/13600,(4)启机状态,4,2025-07-14 17:35:21,2025-07-14 17:40:21,300,0.08
1536,L16,#32,GW252/13600,(3)待机状态,3,2025-07-14 17:33:31,2025-07-14 17:35:21,110,0.03
1537,L16,#32,GW252/13600,(2)停机状态,2,2025-07-14 17:31:50,2025-07-14 17:33:31,101,0.03
1538,L16,#32,GW252/13600,(1)停机过程,1,2025-07-14 17:31:18,2025-07-14 17:31:50,32,0.01
1539,L16,#32,GW252/13600,(4)启机状态,4,2025-07-14 17:26:18,2025-07-14 17:31:18,300,0.08
1540,L16,#32,GW252/13600,(3)待机状态,3,2025-07-14 17:24:02,2025-07-14 17:26:18,136,0.04
1541,L16,#32,GW252/13600,(2)停机状态,2,2025-07-14 17:22:45,2025-07-14 17:24:02,77,0.02
1542,L16,#32,GW252/13600,(1)停机过程,1,2025-07-14 17:22:13,2025-07-14 17:22:45,32,0.01
1543,L16,#32,GW252/13600,(4)启机状态,4,2025-07-14 17:17:13,2025-07-14 17:22:13,300,0.08
1544,L16,#32,GW252/13600,(3)待机状态,3,2025-07-14 17:15:31,2025-07-14 17:17:13,102,0.03
1545,L16,#32,GW252/13600,(2)停机状态,2,2025-07-14 17:14:32,2025-07-14 17:15:31,59,0.02
1546,L16,#32,GW252/13600,(1)停机过程,1,2025-07-14 17:14:00,2025-07-14 17:14:32,32,0.01
1547,L16,#32,GW252/13600,(4)启机状态,4,2025-07-14 17:09:01,2025-07-14 17:14:00,299,0.08
1548,L16,#32,GW252/13600,(3)待机状态,3,2025-07-14 17:06:39,2025-07-14 17:09:01,142,0.04
1549,L16,#32,GW252/13600,(2)停机状态,2,2025-07-14 17:04:59,2025-07-14 17:06:39,100,0.03
1550,L16,#32,GW252/13600,(1)停机过程,1,2025-07-14 17:04:02,2025-07-14 17:04:59,57,0.02
1551,L16,#32,GW252/13600,(5)发电状态,5,2025-07-14 16:28:44,2025-07-14 17:04:02,2118,0.59
1552,L16,#32,GW252/13600,(4)启机状态,4,2025-07-14 16:24:53,2025-07-14 16:28:44,231,0.06
1553,L16,#32,GW252/13600,(3)待机状态,3,2025-07-14 16:23:54,2025-07-14 16:24:53,59,0.02
1554,L16,#32,GW252/13600,(2)停机状态,2,2025-07-14 16:23:53,2025-07-14 16:23:54,1,0
1555,L16,#32,GW252/13600,(1)停机过程,1,2025-07-14 16:23:22,2025-07-14 16:23:53,31,0.01
1556,L16,#32,GW252/13600,(4)启机状态,4,2025-07-14 16:18:21,2025-07-14 16:23:22,301,0.08
1557,L16,#32,GW252/13600,(3)待机状态,3,2025-07-14 16:17:30,2025-07-14 16:18:21,51,0.01
1558,L16,#32,GW252/13600,(2)停机状态,2,2025-07-14 16:17:29,2025-07-14 16:17:30,1,0
1559,L16,#32,GW252/13600,(1)停机过程,1,2025-07-14 16:16:58,2025-07-14 16:17:29,31,0.01
1560,L16,#32,GW252/13600,(4)启机状态,4,2025-07-14 16:11:57,2025-07-14 16:16:58,301,0.08
1561,L16,#32,GW252/13600,(3)待机状态,3,2025-07-14 16:10:44,2025-07-14 16:11:57,73,0.02
1562,L16,#32,GW252/13600,(1)停机过程,1,2025-07-14 16:10:12,2025-07-14 16:10:44,32,0.01
1563,L16,#32,GW252/13600,(4)启机状态,4,2025-07-14 16:05:12,2025-07-14 16:10:12,300,0.08
1564,L16,#32,GW252/13600,(3)待机状态,3,2025-07-14 16:04:12,2025-07-14 16:05:12,60,0.02
1565,L16,#32,GW252/13600,(2)停机状态,2,2025-07-14 16:04:10,2025-07-14 16:04:12,2,0
1566,L16,#32,GW252/13600,(1)停机过程,1,2025-07-14 16:03:14,2025-07-14 16:04:10,56,0.02
1567,L16,#32,GW252/13600,(4)启机状态,4,2025-07-14 15:58:14,2025-07-14 16:03:14,300,0.08
1568,L16,#32,GW252/13600,(3)待机状态,3,2025-07-14 15:57:12,2025-07-14 15:58:14,62,0.02
1569,L16,#32,GW252/13600,(1)停机过程,1,2025-07-14 15:56:40,2025-07-14 15:57:12,32,0.01
1570,L16,#32,GW252/13600,(4)启机状态,4,2025-07-14 15:51:41,2025-07-14 15:56:40,299,0.08
1571,L16,#32,GW252/13600,(3)待机状态,3,2025-07-14 15:50:10,2025-07-14 15:51:41,91,0.03
1572,L16,#32,GW252/13600,(2)停机状态,2,2025-07-14 15:50:08,2025-07-14 15:50:10,2,0
1573,L16,#32,GW252/13600,(1)停机过程,1,2025-07-14 15:49:36,2025-07-14 15:50:08,32,0.01
1574,L16,#32,GW252/13600,(4)启机状态,4,2025-07-14 15:44:35,2025-07-14 15:49:36,301,0.08
1575,L16,#32,GW252/13600,(3)待机状态,3,2025-07-14 15:43:13,2025-07-14 15:44:35,82,0.02
1576,L16,#32,GW252/13600,(1)停机过程,1,2025-07-14 15:42:41,2025-07-14 15:43:13,32,0.01
1577,L16,#32,GW252/13600,(4)启机状态,4,2025-07-14 15:37:41,2025-07-14 15:42:41,300,0.08
1578,L16,#32,GW252/13600,(3)待机状态,3,2025-07-14 15:36:34,2025-07-14 15:37:41,67,0.02
1579,L16,#32,GW252/13600,(2)停机状态,2,2025-07-14 15:36:33,2025-07-14 15:36:34,1,0
1580,L16,#32,GW252/13600,(1)停机过程,1,2025-07-14 15:36:02,2025-07-14 15:36:33,31,0.01
1581,L16,#32,GW252/13600,(4)启机状态,4,2025-07-14 15:31:02,2025-07-14 15:36:02,300,0.08
1582,L16,#32,GW252/13600,(3)待机状态,3,2025-07-14 15:30:05,2025-07-14 15:31:02,57,0.02
1583,L16,#32,GW252/13600,(2)停机状态,2,2025-07-14 15:30:03,2025-07-14 15:30:05,2,0
1584,L16,#32,GW252/13600,(1)停机过程,1,2025-07-14 15:29:31,2025-07-14 15:30:03,32,0.01
1585,L16,#32,GW252/13600,(4)启机状态,4,2025-07-14 15:24:31,2025-07-14 15:29:31,300,0.08
1586,L16,#32,GW252/13600,(3)待机状态,3,2025-07-14 15:23:37,2025-07-14 15:24:31,54,0.02
1587,L16,#32,GW252/13600,(2)停机状态,2,2025-07-14 15:23:36,2025-07-14 15:23:37,1,0
1588,L16,#32,GW252/13600,(1)停机过程,1,2025-07-14 15:23:04,2025-07-14 15:23:36,32,0.01
1589,L16,#32,GW252/13600,(4)启机状态,4,2025-07-14 15:18:04,2025-07-14 15:23:04,300,0.08
1590,L16,#32,GW252/13600,(3)待机状态,3,2025-07-14 15:17:10,2025-07-14 15:18:04,54,0.02
1591,L16,#32,GW252/13600,(2)停机状态,2,2025-07-14 15:17:09,2025-07-14 15:17:10,1,0
1592,L16,#32,GW252/13600,(1)停机过程,1,2025-07-14 15:16:39,2025-07-14 15:17:09,30,0.01
1593,L16,#32,GW252/13600,(4)启机状态,4,2025-07-14 15:11:39,2025-07-14 15:16:39,300,0.08
1594,L16,#32,GW252/13600,(3)待机状态,3,2025-07-14 15:10:31,2025-07-14 15:11:39,68,0.02
1595,L16,#32,GW252/13600,(2)停机状态,2,2025-07-14 15:10:29,2025-07-14 15:10:31,2,0
1596,L16,#32,GW252/13600,(1)停机过程,1,2025-07-14 15:09:56,2025-07-14 15:10:29,33,0.01
1597,L16,#32,GW252/13600,(4)启机状态,4,2025-07-14 15:04:56,2025-07-14 15:09:56,300,0.08
1598,L16,#32,GW252/13600,(3)待机状态,3,2025-07-14 15:01:58,2025-07-14 15:04:56,178,0.05
1599,L16,#32,GW252/13600,(2)停机状态,2,2025-07-14 14:56:21,2025-07-14 15:01:58,337,0.09
1600,L16,#32,GW252/13600,(1)停机过程,1,2025-07-14 14:55:50,2025-07-14 14:56:21,31,0.01
1601,L16,#32,GW252/13600,(4)启机状态,4,2025-07-14 14:50:50,2025-07-14 14:55:50,300,0.08
1602,L16,#32,GW252/13600,(3)待机状态,3,2025-07-14 14:48:50,2025-07-14 14:50:50,120,0.03
1603,L16,#32,GW252/13600,(1)停机过程,1,2025-07-14 14:48:17,2025-07-14 14:48:50,33,0.01
1604,L16,#32,GW252/13600,(4)启机状态,4,2025-07-14 14:43:17,2025-07-14 14:48:17,300,0.08
1605,L16,#32,GW252/13600,(3)待机状态,3,2025-07-14 12:50:40,2025-07-14 14:43:17,6757,1.88
1606,L16,#32,GW252/13600,(2)停机状态,2,2025-07-14 12:45:03,2025-07-14 12:50:40,337,0.09
1607,L16,#32,GW252/13600,(1)停机过程,1,2025-07-14 12:44:32,2025-07-14 12:45:03,31,0.01
1608,L16,#32,GW252/13600,(4)启机状态,4,2025-07-14 12:39:32,2025-07-14 12:44:32,300,0.08
1609,L16,#32,GW252/13600,(3)待机状态,3,2025-07-14 12:19:08,2025-07-14 12:39:32,1224,0.34
1610,L16,#32,GW252/13600,(2)停机状态,2,2025-07-14 12:13:31,2025-07-14 12:19:08,337,0.09
1611,L16,#32,GW252/13600,(1)停机过程,1,2025-07-14 12:12:34,2025-07-14 12:13:31,57,0.02
1612,L16,#32,GW252/13600,(5)发电状态,5,2025-07-14 11:58:48,2025-07-14 12:12:34,826,0.23
1613,L16,#32,GW252/13600,(4)启机状态,4,2025-07-14 11:53:52,2025-07-14 11:58:48,296,0.08
1614,L16,#32,GW252/13600,(3)待机状态,3,2025-07-14 11:47:17,2025-07-14 11:53:52,395,0.11
1615,L16,#32,GW252/13600,(2)停机状态,2,2025-07-14 11:41:41,2025-07-14 11:47:17,336,0.09
1616,L16,#32,GW252/13600,(1)停机过程,1,2025-07-14 11:41:08,2025-07-14 11:41:41,33,0.01
1617,L16,#32,GW252/13600,(4)启机状态,4,2025-07-14 11:36:08,2025-07-14 11:41:08,300,0.08
1618,L16,#32,GW252/13600,(3)待机状态,3,2025-07-14 11:35:10,2025-07-14 11:36:08,58,0.02
1619,L16,#32,GW252/13600,(2)停机状态,2,2025-07-14 11:35:09,2025-07-14 11:35:10,1,0
1620,L16,#32,GW252/13600,(1)停机过程,1,2025-07-14 11:34:38,2025-07-14 11:35:09,31,0.01
1621,L16,#32,GW252/13600,(4)启机状态,4,2025-07-14 11:29:39,2025-07-14 11:34:38,299,0.08
1622,L16,#32,GW252/13600,(3)待机状态,3,2025-07-14 11:28:28,2025-07-14 11:29:39,71,0.02
1623,L16,#32,GW252/13600,(2)停机状态,2,2025-07-14 11:26:06,2025-07-14 11:28:28,142,0.04
1624,L16,#32,GW252/13600,(1)停机过程,1,2025-07-14 11:25:08,2025-07-14 11:26:06,58,0.02
1625,L16,#32,GW252/13600,(5)发电状态,5,2025-07-13 22:35:19,2025-07-14 11:25:08,46189,12.83
1626,L16,#32,GW252/13600,(4)启机状态,4,2025-07-13 22:32:34,2025-07-13 22:35:19,165,0.05
1627,L16,#32,GW252/13600,(3)待机状态,3,2025-07-13 22:31:28,2025-07-13 22:32:34,66,0.02
1628,L16,#32,GW252/13600,(2)停机状态,2,2025-07-13 22:31:27,2025-07-13 22:31:28,1,0
1629,L16,#32,GW252/13600,(1)停机过程,1,2025-07-13 22:30:55,2025-07-13 22:31:27,32,0.01
1630,L16,#32,GW252/13600,(4)启机状态,4,2025-07-13 22:25:55,2025-07-13 22:30:55,300,0.08
1631,L16,#32,GW252/13600,(3)待机状态,3,2025-07-13 22:24:51,2025-07-13 22:25:55,64,0.02
1632,L16,#32,GW252/13600,(1)停机过程,1,2025-07-13 22:24:19,2025-07-13 22:24:51,32,0.01
1633,L16,#32,GW252/13600,(4)启机状态,4,2025-07-13 22:19:19,2025-07-13 22:24:19,300,0.08
1634,L16,#32,GW252/13600,(3)待机状态,3,2025-07-13 22:18:13,2025-07-13 22:19:19,66,0.02
1635,L16,#32,GW252/13600,(2)停机状态,2,2025-07-13 22:18:11,2025-07-13 22:18:13,2,0
1636,L16,#32,GW252/13600,(1)停机过程,1,2025-07-13 22:17:39,2025-07-13 22:18:11,32,0.01
1637,L16,#32,GW252/13600,(4)启机状态,4,2025-07-13 22:12:39,2025-07-13 22:17:39,300,0.08
1638,L16,#32,GW252/13600,(3)待机状态,3,2025-07-13 22:11:28,2025-07-13 22:12:39,71,0.02
1639,L16,#32,GW252/13600,(2)停机状态,2,2025-07-13 22:11:27,2025-07-13 22:11:28,1,0
1640,L16,#32,GW252/13600,(1)停机过程,1,2025-07-13 22:10:55,2025-07-13 22:11:27,32,0.01
1641,L16,#32,GW252/13600,(4)启机状态,4,2025-07-13 22:05:55,2025-07-13 22:10:55,300,0.08
1642,L16,#32,GW252/13600,(3)待机状态,3,2025-07-13 22:03:52,2025-07-13 22:05:55,123,0.03
1643,L16,#32,GW252/13600,(2)停机状态,2,2025-07-13 21:58:46,2025-07-13 22:03:52,306,0.09
1644,L16,#32,GW252/13600,(1)停机过程,1,2025-07-13 21:58:15,2025-07-13 21:58:46,31,0.01
1645,L16,#32,GW252/13600,(4)启机状态,4,2025-07-13 21:53:14,2025-07-13 21:58:15,301,0.08
1646,L16,#32,GW252/13600,(3)待机状态,3,2025-07-13 21:49:35,2025-07-13 21:53:14,219,0.06
1647,L16,#32,GW252/13600,(2)停机状态,2,2025-07-13 21:48:59,2025-07-13 21:49:35,36,0.01
1648,L16,#32,GW252/13600,(1)停机过程,1,2025-07-13 21:48:28,2025-07-13 21:48:59,31,0.01
1649,L16,#32,GW252/13600,(4)启机状态,4,2025-07-13 21:43:28,2025-07-13 21:48:28,300,0.08
1650,L16,#32,GW252/13600,(3)待机状态,3,2025-07-13 21:15:23,2025-07-13 21:43:28,1685,0.47
1651,L16,#32,GW252/13600,(2)停机状态,2,2025-07-13 21:14:33,2025-07-13 21:15:23,50,0.01
1652,L16,#32,GW252/13600,(1)停机过程,1,2025-07-13 21:14:01,2025-07-13 21:14:33,32,0.01
1653,L16,#32,GW252/13600,(4)启机状态,4,2025-07-13 21:09:01,2025-07-13 21:14:01,300,0.08
1654,L16,#32,GW252/13600,(3)待机状态,3,2025-07-13 21:06:27,2025-07-13 21:09:01,154,0.04
1655,L16,#32,GW252/13600,(2)停机状态,2,2025-07-13 21:05:29,2025-07-13 21:06:27,58,0.02
1656,L16,#32,GW252/13600,(1)停机过程,1,2025-07-13 21:04:32,2025-07-13 21:05:29,57,0.02
1657,L16,#32,GW252/13600,(5)发电状态,5,2025-07-13 15:42:12,2025-07-13 21:04:32,19340,5.37
1658,L16,#32,GW252/13600,(4)启机状态,4,2025-07-13 15:39:34,2025-07-13 15:42:12,158,0.04
1659,L16,#32,GW252/13600,(3)待机状态,3,2025-07-13 15:38:42,2025-07-13 15:39:34,52,0.01
1660,L16,#32,GW252/13600,(1)停机过程,1,2025-07-13 15:38:09,2025-07-13 15:38:42,33,0.01
1661,L16,#32,GW252/13600,(4)启机状态,4,2025-07-13 15:33:10,2025-07-13 15:38:09,299,0.08
1662,L16,#32,GW252/13600,(3)待机状态,3,2025-07-13 15:30:55,2025-07-13 15:33:10,135,0.04
1663,L16,#32,GW252/13600,(2)停机状态,2,2025-07-13 15:29:36,2025-07-13 15:30:55,79,0.02
1664,L16,#32,GW252/13600,(1)停机过程,1,2025-07-13 15:29:06,2025-07-13 15:29:36,30,0.01
1665,L16,#32,GW252/13600,(4)启机状态,4,2025-07-13 15:24:05,2025-07-13 15:29:06,301,0.08
1666,L16,#32,GW252/13600,(3)待机状态,3,2025-07-13 15:22:49,2025-07-13 15:24:05,76,0.02
1667,L16,#32,GW252/13600,(2)停机状态,2,2025-07-13 15:22:47,2025-07-13 15:22:49,2,0
1668,L16,#32,GW252/13600,(1)停机过程,1,2025-07-13 15:22:17,2025-07-13 15:22:47,30,0.01
1669,L16,#32,GW252/13600,(4)启机状态,4,2025-07-13 15:17:17,2025-07-13 15:22:17,300,0.08
1670,L16,#32,GW252/13600,(3)待机状态,3,2025-07-13 15:15:22,2025-07-13 15:17:17,115,0.03
1671,L16,#32,GW252/13600,(2)停机状态,2,2025-07-13 15:15:21,2025-07-13 15:15:22,1,0
1672,L16,#32,GW252/13600,(1)停机过程,1,2025-07-13 15:14:51,2025-07-13 15:15:21,30,0.01
1673,L16,#32,GW252/13600,(4)启机状态,4,2025-07-13 15:09:50,2025-07-13 15:14:51,301,0.08
1674,L16,#32,GW252/13600,(3)待机状态,3,2025-07-13 15:08:29,2025-07-13 15:09:50,81,0.02
1675,L16,#32,GW252/13600,(2)停机状态,2,2025-07-13 15:08:28,2025-07-13 15:08:29,1,0
1676,L16,#32,GW252/13600,(1)停机过程,1,2025-07-13 15:07:56,2025-07-13 15:08:28,32,0.01
1677,L16,#32,GW252/13600,(4)启机状态,4,2025-07-13 15:02:57,2025-07-13 15:07:56,299,0.08
1678,L16,#32,GW252/13600,(3)待机状态,3,2025-07-13 14:59:58,2025-07-13 15:02:57,179,0.05
1679,L16,#32,GW252/13600,(1)停机过程,1,2025-07-13 14:59:25,2025-07-13 14:59:58,33,0.01
1680,L16,#32,GW252/13600,(4)启机状态,4,2025-07-13 14:54:26,2025-07-13 14:59:25,299,0.08
1681,L16,#32,GW252/13600,(3)待机状态,3,2025-07-13 14:53:09,2025-07-13 14:54:26,77,0.02
1682,L16,#32,GW252/13600,(2)停机状态,2,2025-07-13 14:51:46,2025-07-13 14:53:09,83,0.02
1683,L16,#32,GW252/13600,(1)停机过程,1,2025-07-13 14:51:13,2025-07-13 14:51:46,33,0.01
1684,L16,#32,GW252/13600,(4)启机状态,4,2025-07-13 14:46:13,2025-07-13 14:51:13,300,0.08
1685,L16,#32,GW252/13600,(3)待机状态,3,2025-07-13 14:44:51,2025-07-13 14:46:13,82,0.02
1686,L16,#32,GW252/13600,(2)停机状态,2,2025-07-13 14:44:50,2025-07-13 14:44:51,1,0
1687,L16,#32,GW252/13600,(1)停机过程,1,2025-07-13 14:44:19,2025-07-13 14:44:50,31,0.01
1688,L16,#32,GW252/13600,(4)启机状态,4,2025-07-13 14:39:18,2025-07-13 14:44:19,301,0.08
1689,L16,#32,GW252/13600,(3)待机状态,3,2025-07-13 14:38:24,2025-07-13 14:39:18,54,0.02
1690,L16,#32,GW252/13600,(2)停机状态,2,2025-07-13 14:38:23,2025-07-13 14:38:24,1,0
1691,L16,#32,GW252/13600,(1)停机过程,1,2025-07-13 14:37:51,2025-07-13 14:38:23,32,0.01
1692,L16,#32,GW252/13600,(4)启机状态,4,2025-07-13 14:32:51,2025-07-13 14:37:51,300,0.08
1693,L16,#32,GW252/13600,(3)待机状态,3,2025-07-13 14:31:56,2025-07-13 14:32:51,55,0.02
1694,L16,#32,GW252/13600,(2)停机状态,2,2025-07-13 14:31:54,2025-07-13 14:31:56,2,0
1695,L16,#32,GW252/13600,(1)停机过程,1,2025-07-13 14:31:23,2025-07-13 14:31:54,31,0.01
1696,L16,#32,GW252/13600,(4)启机状态,4,2025-07-13 14:26:23,2025-07-13 14:31:23,300,0.08
1697,L16,#32,GW252/13600,(3)待机状态,3,2025-07-13 14:24:59,2025-07-13 14:26:23,84,0.02
1698,L16,#32,GW252/13600,(2)停机状态,2,2025-07-13 14:24:57,2025-07-13 14:24:59,2,0
1699,L16,#32,GW252/13600,(1)停机过程,1,2025-07-13 14:24:24,2025-07-13 14:24:57,33,0.01
1700,L16,#32,GW252/13600,(4)启机状态,4,2025-07-13 14:19:25,2025-07-13 14:24:24,299,0.08
1701,L16,#32,GW252/13600,(3)待机状态,3,2025-07-13 14:18:18,2025-07-13 14:19:25,67,0.02
1702,L16,#32,GW252/13600,(1)停机过程,1,2025-07-13 14:17:46,2025-07-13 14:18:18,32,0.01
1703,L16,#32,GW252/13600,(4)启机状态,4,2025-07-13 14:12:46,2025-07-13 14:17:46,300,0.08
1704,L16,#32,GW252/13600,(3)待机状态,3,2025-07-13 14:11:43,2025-07-13 14:12:46,63,0.02
1705,L16,#32,GW252/13600,(2)停机状态,2,2025-07-13 14:11:42,2025-07-13 14:11:43,1,0
1706,L16,#32,GW252/13600,(1)停机过程,1,2025-07-13 14:11:09,2025-07-13 14:11:42,33,0.01
1707,L16,#32,GW252/13600,(4)启机状态,4,2025-07-13 14:06:10,2025-07-13 14:11:09,299,0.08
1708,L16,#32,GW252/13600,(3)待机状态,3,2025-07-13 14:05:09,2025-07-13 14:06:10,61,0.02
1709,L16,#32,GW252/13600,(2)停机状态,2,2025-07-13 14:05:02,2025-07-13 14:05:09,7,0
1710,L16,#32,GW252/13600,(1)停机过程,1,2025-07-13 14:04:32,2025-07-13 14:05:02,30,0.01
1711,L16,#32,GW252/13600,(4)启机状态,4,2025-07-13 13:59:30,2025-07-13 14:04:32,302,0.08
1712,L16,#32,GW252/13600,(3)待机状态,3,2025-07-13 13:58:31,2025-07-13 13:59:30,59,0.02
1713,L16,#32,GW252/13600,(2)停机状态,2,2025-07-13 13:58:30,2025-07-13 13:58:31,1,0
1714,L16,#32,GW252/13600,(1)停机过程,1,2025-07-13 13:57:58,2025-07-13 13:58:30,32,0.01
1715,L16,#32,GW252/13600,(4)启机状态,4,2025-07-13 13:52:57,2025-07-13 13:57:58,301,0.08
1716,L16,#32,GW252/13600,(3)待机状态,3,2025-07-13 13:51:50,2025-07-13 13:52:57,67,0.02
1717,L16,#32,GW252/13600,(2)停机状态,2,2025-07-13 13:50:46,2025-07-13 13:51:50,64,0.02
1718,L16,#32,GW252/13600,(1)停机过程,1,2025-07-13 13:50:14,2025-07-13 13:50:46,32,0.01
1719,L16,#32,GW252/13600,(4)启机状态,4,2025-07-13 13:45:14,2025-07-13 13:50:14,300,0.08
1720,L16,#32,GW252/13600,(3)待机状态,3,2025-07-13 13:44:17,2025-07-13 13:45:14,57,0.02
1721,L16,#32,GW252/13600,(2)停机状态,2,2025-07-13 13:44:15,2025-07-13 13:44:17,2,0
1722,L16,#32,GW252/13600,(1)停机过程,1,2025-07-13 13:43:43,2025-07-13 13:44:15,32,0.01
1723,L16,#32,GW252/13600,(4)启机状态,4,2025-07-13 13:38:43,2025-07-13 13:43:43,300,0.08
1724,L16,#32,GW252/13600,(3)待机状态,3,2025-07-13 13:37:51,2025-07-13 13:38:43,52,0.01
1725,L16,#32,GW252/13600,(2)停机状态,2,2025-07-13 13:37:49,2025-07-13 13:37:51,2,0
1726,L16,#32,GW252/13600,(1)停机过程,1,2025-07-13 13:37:16,2025-07-13 13:37:49,33,0.01
1727,L16,#32,GW252/13600,(4)启机状态,4,2025-07-13 13:32:17,2025-07-13 13:37:16,299,0.08
1728,L16,#32,GW252/13600,(3)待机状态,3,2025-07-13 13:31:27,2025-07-13 13:32:17,50,0.01
1729,L16,#32,GW252/13600,(1)停机过程,1,2025-07-13 13:30:55,2025-07-13 13:31:27,32,0.01
1730,L16,#32,GW252/13600,(4)启机状态,4,2025-07-13 13:25:55,2025-07-13 13:30:55,300,0.08
1731,L16,#32,GW252/13600,(3)待机状态,3,2025-07-13 13:24:41,2025-07-13 13:25:55,74,0.02
1732,L16,#32,GW252/13600,(2)停机状态,2,2025-07-13 13:24:39,2025-07-13 13:24:41,2,0
1733,L16,#32,GW252/13600,(1)停机过程,1,2025-07-13 13:24:07,2025-07-13 13:24:39,32,0.01
1734,L16,#32,GW252/13600,(4)启机状态,4,2025-07-13 13:19:07,2025-07-13 13:24:07,300,0.08
1735,L16,#32,GW252/13600,(3)待机状态,3,2025-07-13 13:17:52,2025-07-13 13:19:07,75,0.02
1736,L16,#32,GW252/13600,(2)停机状态,2,2025-07-13 13:17:50,2025-07-13 13:17:52,2,0
1737,L16,#32,GW252/13600,(1)停机过程,1,2025-07-13 13:17:18,2025-07-13 13:17:50,32,0.01
1738,L16,#32,GW252/13600,(4)启机状态,4,2025-07-13 13:12:18,2025-07-13 13:17:18,300,0.08
1739,L16,#32,GW252/13600,(3)待机状态,3,2025-07-13 13:10:57,2025-07-13 13:12:18,81,0.02
1740,L16,#32,GW252/13600,(2)停机状态,2,2025-07-13 13:10:56,2025-07-13 13:10:57,1,0
1741,L16,#32,GW252/13600,(1)停机过程,1,2025-07-13 13:10:24,2025-07-13 13:10:56,32,0.01
1742,L16,#32,GW252/13600,(4)启机状态,4,2025-07-13 13:05:24,2025-07-13 13:10:24,300,0.08
1743,L16,#32,GW252/13600,(3)待机状态,3,2025-07-13 13:03:13,2025-07-13 13:05:24,131,0.04
1744,L16,#32,GW252/13600,(2)停机状态,2,2025-07-13 13:03:11,2025-07-13 13:03:13,2,0
1745,L16,#32,GW252/13600,(1)停机过程,1,2025-07-13 13:02:40,2025-07-13 13:03:11,31,0.01
1746,L16,#32,GW252/13600,(4)启机状态,4,2025-07-13 12:57:40,2025-07-13 13:02:40,300,0.08
1747,L16,#32,GW252/13600,(3)待机状态,3,2025-07-13 12:55:32,2025-07-13 12:57:40,128,0.04
1748,L16,#32,GW252/13600,(2)停机状态,2,2025-07-13 12:54:41,2025-07-13 12:55:32,51,0.01
1749,L16,#32,GW252/13600,(1)停机过程,1,2025-07-13 12:54:09,2025-07-13 12:54:41,32,0.01
1750,L16,#32,GW252/13600,(4)启机状态,4,2025-07-13 12:49:09,2025-07-13 12:54:09,300,0.08
1751,L16,#32,GW252/13600,(3)待机状态,3,2025-07-13 12:47:26,2025-07-13 12:49:09,103,0.03
1752,L16,#32,GW252/13600,(2)停机状态,2,2025-07-13 12:47:24,2025-07-13 12:47:26,2,0
1753,L16,#32,GW252/13600,(1)停机过程,1,2025-07-13 12:46:53,2025-07-13 12:47:24,31,0.01
1754,L16,#32,GW252/13600,(4)启机状态,4,2025-07-13 12:41:53,2025-07-13 12:46:53,300,0.08
1755,L16,#32,GW252/13600,(3)待机状态,3,2025-07-13 12:37:36,2025-07-13 12:41:53,257,0.07
1756,L16,#32,GW252/13600,(2)停机状态,2,2025-07-13 12:37:35,2025-07-13 12:37:36,1,0
1757,L16,#32,GW252/13600,(1)停机过程,1,2025-07-13 12:37:03,2025-07-13 12:37:35,32,0.01
1758,L16,#32,GW252/13600,(4)启机状态,4,2025-07-13 12:32:03,2025-07-13 12:37:03,300,0.08
1759,L16,#32,GW252/13600,(3)待机状态,3,2025-07-13 12:28:57,2025-07-13 12:32:03,186,0.05
1760,L16,#32,GW252/13600,(2)停机状态,2,2025-07-13 12:26:44,2025-07-13 12:28:57,133,0.04
1761,L16,#32,GW252/13600,(1)停机过程,1,2025-07-13 12:26:13,2025-07-13 12:26:44,31,0.01
1762,L16,#32,GW252/13600,(4)启机状态,4,2025-07-13 12:21:13,2025-07-13 12:26:13,300,0.08
1763,L16,#32,GW252/13600,(3)待机状态,3,2025-07-13 12:19:31,2025-07-13 12:21:13,102,0.03
1764,L16,#32,GW252/13600,(2)停机状态,2,2025-07-13 12:17:08,2025-07-13 12:19:31,143,0.04
1765,L16,#32,GW252/13600,(1)停机过程,1,2025-07-13 12:16:37,2025-07-13 12:17:08,31,0.01
1766,L16,#32,GW252/13600,(4)启机状态,4,2025-07-13 12:11:37,2025-07-13 12:16:37,300,0.08
1767,L16,#32,GW252/13600,(3)待机状态,3,2025-07-13 12:09:00,2025-07-13 12:11:37,157,0.04
1768,L16,#32,GW252/13600,(2)停机状态,2,2025-07-13 12:08:54,2025-07-13 12:09:00,6,0
1769,L16,#32,GW252/13600,(1)停机过程,1,2025-07-13 12:08:22,2025-07-13 12:08:54,32,0.01
1770,L16,#32,GW252/13600,(4)启机状态,4,2025-07-13 12:03:21,2025-07-13 12:08:22,301,0.08
1771,L16,#32,GW252/13600,(3)待机状态,3,2025-07-13 11:59:43,2025-07-13 12:03:21,218,0.06
1772,L16,#32,GW252/13600,(2)停机状态,2,2025-07-13 11:54:25,2025-07-13 11:59:43,318,0.09
1773,L16,#32,GW252/13600,(1)停机过程,1,2025-07-13 11:53:53,2025-07-13 11:54:25,32,0.01
1774,L16,#32,GW252/13600,(4)启机状态,4,2025-07-13 11:48:52,2025-07-13 11:53:53,301,0.08
1775,L16,#32,GW252/13600,(3)待机状态,3,2025-07-13 11:46:59,2025-07-13 11:48:52,113,0.03
1776,L16,#32,GW252/13600,(2)停机状态,2,2025-07-13 11:46:58,2025-07-13 11:46:59,1,0
1777,L16,#32,GW252/13600,(1)停机过程,1,2025-07-13 11:46:26,2025-07-13 11:46:58,32,0.01
1778,L16,#32,GW252/13600,(4)启机状态,4,2025-07-13 11:41:26,2025-07-13 11:46:26,300,0.08
1779,L16,#32,GW252/13600,(3)待机状态,3,2025-07-13 11:39:14,2025-07-13 11:41:26,132,0.04
1780,L16,#32,GW252/13600,(2)停机状态,2,2025-07-13 11:39:12,2025-07-13 11:39:14,2,0
1781,L16,#32,GW252/13600,(1)停机过程,1,2025-07-13 11:38:42,2025-07-13 11:39:12,30,0.01
1782,L16,#32,GW252/13600,(4)启机状态,4,2025-07-13 11:33:41,2025-07-13 11:38:42,301,0.08
1783,L16,#32,GW252/13600,(3)待机状态,3,2025-07-13 11:32:38,2025-07-13 11:33:41,63,0.02
1784,L16,#32,GW252/13600,(2)停机状态,2,2025-07-13 11:32:37,2025-07-13 11:32:38,1,0
1785,L16,#32,GW252/13600,(1)停机过程,1,2025-07-13 11:32:04,2025-07-13 11:32:37,33,0.01
1786,L16,#32,GW252/13600,(4)启机状态,4,2025-07-13 11:27:04,2025-07-13 11:32:04,300,0.08
1787,L16,#32,GW252/13600,(3)待机状态,3,2025-07-13 11:26:07,2025-07-13 11:27:04,57,0.02
1788,L16,#32,GW252/13600,(2)停机状态,2,2025-07-13 11:26:06,2025-07-13 11:26:07,1,0
1789,L16,#32,GW252/13600,(1)停机过程,1,2025-07-13 11:25:36,2025-07-13 11:26:06,30,0.01
1790,L16,#32,GW252/13600,(4)启机状态,4,2025-07-13 11:20:35,2025-07-13 11:25:36,301,0.08
1791,L16,#32,GW252/13600,(3)待机状态,3,2025-07-13 11:19:35,2025-07-13 11:20:35,60,0.02
1792,L16,#32,GW252/13600,(1)停机过程,1,2025-07-13 11:19:02,2025-07-13 11:19:35,33,0.01
1793,L16,#32,GW252/13600,(4)启机状态,4,2025-07-13 11:14:02,2025-07-13 11:19:02,300,0.08
1794,L16,#32,GW252/13600,(3)待机状态,3,2025-07-13 11:13:07,2025-07-13 11:14:02,55,0.02
1795,L16,#32,GW252/13600,(2)停机状态,2,2025-07-13 11:13:04,2025-07-13 11:13:07,3,0
1796,L16,#32,GW252/13600,(1)停机过程,1,2025-07-13 11:12:32,2025-07-13 11:13:04,32,0.01
1797,L16,#32,GW252/13600,(4)启机状态,4,2025-07-13 11:07:31,2025-07-13 11:12:32,301,0.08
1798,L16,#32,GW252/13600,(3)待机状态,3,2025-07-13 11:06:27,2025-07-13 11:07:31,64,0.02
1799,L16,#32,GW252/13600,(1)停机过程,1,2025-07-13 11:05:56,2025-07-13 11:06:27,31,0.01
1800,L16,#32,GW252/13600,(4)启机状态,4,2025-07-13 11:00:54,2025-07-13 11:05:56,302,0.08
1801,L16,#32,GW252/13600,(3)待机状态,3,2025-07-13 10:59:49,2025-07-13 11:00:54,65,0.02
1802,L16,#32,GW252/13600,(2)停机状态,2,2025-07-13 10:59:47,2025-07-13 10:59:49,2,0
1803,L16,#32,GW252/13600,(1)停机过程,1,2025-07-13 10:59:15,2025-07-13 10:59:47,32,0.01
1804,L16,#32,GW252/13600,(4)启机状态,4,2025-07-13 10:54:15,2025-07-13 10:59:15,300,0.08
1805,L16,#32,GW252/13600,(3)待机状态,3,2025-07-13 10:51:39,2025-07-13 10:54:15,156,0.04
1806,L16,#32,GW252/13600,(2)停机状态,2,2025-07-13 10:49:34,2025-07-13 10:51:39,125,0.03
1807,L16,#32,GW252/13600,(1)停机过程,1,2025-07-13 10:48:36,2025-07-13 10:49:34,58,0.02
1808,L16,#32,GW252/13600,(5)发电状态,5,2025-07-13 08:51:04,2025-07-13 10:48:36,7052,1.96
1809,L16,#32,GW252/13600,(4)启机状态,4,2025-07-13 08:48:00,2025-07-13 08:51:04,184,0.05
1810,L16,#32,GW252/13600,(3)待机状态,3,2025-07-13 08:46:59,2025-07-13 08:48:00,61,0.02
1811,L16,#32,GW252/13600,(2)停机状态,2,2025-07-13 08:46:57,2025-07-13 08:46:59,2,0
1812,L16,#32,GW252/13600,(1)停机过程,1,2025-07-13 08:46:26,2025-07-13 08:46:57,31,0.01
1813,L16,#32,GW252/13600,(4)启机状态,4,2025-07-13 08:41:25,2025-07-13 08:46:26,301,0.08
1814,L16,#32,GW252/13600,(3)待机状态,3,2025-07-13 08:40:23,2025-07-13 08:41:25,62,0.02
1815,L16,#32,GW252/13600,(2)停机状态,2,2025-07-13 08:40:22,2025-07-13 08:40:23,1,0
1816,L16,#32,GW252/13600,(1)停机过程,1,2025-07-13 08:39:50,2025-07-13 08:40:22,32,0.01
1817,L16,#32,GW252/13600,(4)启机状态,4,2025-07-13 08:34:50,2025-07-13 08:39:50,300,0.08
1818,L16,#32,GW252/13600,(3)待机状态,3,2025-07-13 08:33:55,2025-07-13 08:34:50,55,0.02
1819,L16,#32,GW252/13600,(2)停机状态,2,2025-07-13 08:33:53,2025-07-13 08:33:55,2,0
1820,L16,#32,GW252/13600,(1)停机过程,1,2025-07-13 08:33:22,2025-07-13 08:33:53,31,0.01
1821,L16,#32,GW252/13600,(4)启机状态,4,2025-07-13 08:28:22,2025-07-13 08:33:22,300,0.08
1822,L16,#32,GW252/13600,(3)待机状态,3,2025-07-13 08:27:29,2025-07-13 08:28:22,53,0.01
1823,L16,#32,GW252/13600,(2)停机状态,2,2025-07-13 08:27:26,2025-07-13 08:27:29,3,0
1824,L16,#32,GW252/13600,(1)停机过程,1,2025-07-13 08:26:55,2025-07-13 08:27:26,31,0.01
1825,L16,#32,GW252/13600,(4)启机状态,4,2025-07-13 08:21:54,2025-07-13 08:26:55,301,0.08
1826,L16,#32,GW252/13600,(3)待机状态,3,2025-07-13 08:21:02,2025-07-13 08:21:54,52,0.01
1827,L16,#32,GW252/13600,(2)停机状态,2,2025-07-13 08:21:00,2025-07-13 08:21:02,2,0
1828,L16,#32,GW252/13600,(1)停机过程,1,2025-07-13 08:20:28,2025-07-13 08:21:00,32,0.01
1829,L16,#32,GW252/13600,(4)启机状态,4,2025-07-13 08:15:27,2025-07-13 08:20:28,301,0.08
1830,L16,#32,GW252/13600,(3)待机状态,3,2025-07-13 08:14:17,2025-07-13 08:15:27,70,0.02
1831,L16,#32,GW252/13600,(2)停机状态,2,2025-07-13 08:14:16,2025-07-13 08:14:17,1,0
1832,L16,#32,GW252/13600,(1)停机过程,1,2025-07-13 08:13:44,2025-07-13 08:14:16,32,0.01
1833,L16,#32,GW252/13600,(4)启机状态,4,2025-07-13 08:08:45,2025-07-13 08:13:44,299,0.08
1834,L16,#32,GW252/13600,(3)待机状态,3,2025-07-13 08:07:17,2025-07-13 08:08:45,88,0.02
1835,L16,#32,GW252/13600,(2)停机状态,2,2025-07-13 08:07:16,2025-07-13 08:07:17,1,0
1836,L16,#32,GW252/13600,(1)停机过程,1,2025-07-13 08:06:44,2025-07-13 08:07:16,32,0.01
1837,L16,#32,GW252/13600,(4)启机状态,4,2025-07-13 08:01:44,2025-07-13 08:06:44,300,0.08
1838,L16,#32,GW252/13600,(3)待机状态,3,2025-07-13 08:00:22,2025-07-13 08:01:44,82,0.02
1839,L16,#32,GW252/13600,(2)停机状态,2,2025-07-13 08:00:20,2025-07-13 08:00:22,2,0
1840,L16,#32,GW252/13600,(1)停机过程,1,2025-07-13 07:59:47,2025-07-13 08:00:20,33,0.01
1841,L16,#32,GW252/13600,(4)启机状态,4,2025-07-13 07:54:47,2025-07-13 07:59:47,300,0.08
1842,L16,#32,GW252/13600,(3)待机状态,3,2025-07-13 07:53:52,2025-07-13 07:54:47,55,0.02
1843,L16,#32,GW252/13600,(2)停机状态,2,2025-07-13 07:53:51,2025-07-13 07:53:52,1,0
1844,L16,#32,GW252/13600,(1)停机过程,1,2025-07-13 07:53:20,2025-07-13 07:53:51,31,0.01
1845,L16,#32,GW252/13600,(4)启机状态,4,2025-07-13 07:48:20,2025-07-13 07:53:20,300,0.08
1846,L16,#32,GW252/13600,(3)待机状态,3,2025-07-13 07:47:29,2025-07-13 07:48:20,51,0.01
1847,L16,#32,GW252/13600,(2)停机状态,2,2025-07-13 07:47:27,2025-07-13 07:47:29,2,0
1848,L16,#32,GW252/13600,(1)停机过程,1,2025-07-13 07:46:56,2025-07-13 07:47:27,31,0.01
1849,L16,#32,GW252/13600,(4)启机状态,4,2025-07-13 07:41:55,2025-07-13 07:46:56,301,0.08
1850,L16,#32,GW252/13600,(3)待机状态,3,2025-07-13 07:41:03,2025-07-13 07:41:55,52,0.01
1851,L16,#32,GW252/13600,(2)停机状态,2,2025-07-13 07:41:02,2025-07-13 07:41:03,1,0
1852,L16,#32,GW252/13600,(1)停机过程,1,2025-07-13 07:40:29,2025-07-13 07:41:02,33,0.01
1853,L16,#32,GW252/13600,(4)启机状态,4,2025-07-13 07:35:29,2025-07-13 07:40:29,300,0.08
1854,L16,#32,GW252/13600,(3)待机状态,3,2025-07-13 07:34:36,2025-07-13 07:35:29,53,0.01
1855,L16,#32,GW252/13600,(2)停机状态,2,2025-07-13 07:34:35,2025-07-13 07:34:36,1,0
1856,L16,#32,GW252/13600,(1)停机过程,1,2025-07-13 07:34:03,2025-07-13 07:34:35,32,0.01
1857,L16,#32,GW252/13600,(4)启机状态,4,2025-07-13 07:29:03,2025-07-13 07:34:03,300,0.08
1858,L16,#32,GW252/13600,(3)待机状态,3,2025-07-13 07:28:06,2025-07-13 07:29:03,57,0.02
1859,L16,#32,GW252/13600,(2)停机状态,2,2025-07-13 07:28:05,2025-07-13 07:28:06,1,0
1860,L16,#32,GW252/13600,(1)停机过程,1,2025-07-13 07:27:34,2025-07-13 07:28:05,31,0.01
1861,L16,#32,GW252/13600,(4)启机状态,4,2025-07-13 07:22:33,2025-07-13 07:27:34,301,0.08
1862,L16,#32,GW252/13600,(3)待机状态,3,2025-07-13 07:21:25,2025-07-13 07:22:33,68,0.02
1863,L16,#32,GW252/13600,(2)停机状态,2,2025-07-13 07:18:30,2025-07-13 07:21:25,175,0.05
1864,L16,#32,GW252/13600,(1)停机过程,1,2025-07-13 07:17:33,2025-07-13 07:18:30,57,0.02
1865,L16,#32,GW252/13600,(5)发电状态,5,2025-07-13 03:03:29,2025-07-13 07:17:33,15244,4.23
1866,L16,#32,GW252/13600,(4)启机状态,4,2025-07-13 02:59:33,2025-07-13 03:03:29,236,0.07
1867,L16,#32,GW252/13600,(3)待机状态,3,2025-07-13 02:58:41,2025-07-13 02:59:33,52,0.01
1868,L16,#32,GW252/13600,(2)停机状态,2,2025-07-13 02:58:40,2025-07-13 02:58:41,1,0
1869,L16,#32,GW252/13600,(1)停机过程,1,2025-07-13 02:58:08,2025-07-13 02:58:40,32,0.01
1870,L16,#32,GW252/13600,(4)启机状态,4,2025-07-13 02:53:08,2025-07-13 02:58:08,300,0.08
1871,L16,#32,GW252/13600,(3)待机状态,3,2025-07-13 02:52:07,2025-07-13 02:53:08,61,0.02
1872,L16,#32,GW252/13600,(2)停机状态,2,2025-07-13 02:52:05,2025-07-13 02:52:07,2,0
1873,L16,#32,GW252/13600,(1)停机过程,1,2025-07-13 02:51:33,2025-07-13 02:52:05,32,0.01
1874,L16,#32,GW252/13600,(4)启机状态,4,2025-07-13 02:46:33,2025-07-13 02:51:33,300,0.08
1875,L16,#32,GW252/13600,(3)待机状态,3,2025-07-13 02:44:28,2025-07-13 02:46:33,125,0.03
1876,L16,#32,GW252/13600,(2)停机状态,2,2025-07-13 02:43:47,2025-07-13 02:44:28,41,0.01
1877,L16,#32,GW252/13600,(1)停机过程,1,2025-07-13 02:42:49,2025-07-13 02:43:47,58,0.02
1878,L16,#32,GW252/13600,(5)发电状态,5,2025-07-12 15:14:18,2025-07-13 02:42:49,41311,11.48
1879,L16,#32,GW252/13600,(4)启机状态,4,2025-07-12 15:11:59,2025-07-12 15:14:18,139,0.04
1880,L16,#32,GW252/13600,(3)待机状态,3,2025-07-12 15:10:58,2025-07-12 15:11:59,61,0.02
1881,L16,#32,GW252/13600,(1)停机过程,1,2025-07-12 15:10:26,2025-07-12 15:10:58,32,0.01
1882,L16,#32,GW252/13600,(4)启机状态,4,2025-07-12 15:05:26,2025-07-12 15:10:26,300,0.08
1883,L16,#32,GW252/13600,(3)待机状态,3,2025-07-12 15:02:30,2025-07-12 15:05:26,176,0.05
1884,L16,#32,GW252/13600,(1)停机过程,1,2025-07-12 15:01:59,2025-07-12 15:02:30,31,0.01
1885,L16,#32,GW252/13600,(4)启机状态,4,2025-07-12 14:56:59,2025-07-12 15:01:59,300,0.08
1886,L16,#32,GW252/13600,(3)待机状态,3,2025-07-12 14:53:05,2025-07-12 14:56:59,234,0.07
1887,L16,#32,GW252/13600,(2)停机状态,2,2025-07-12 14:47:32,2025-07-12 14:53:05,333,0.09
1888,L16,#32,GW252/13600,(1)停机过程,1,2025-07-12 14:46:59,2025-07-12 14:47:32,33,0.01
1889,L16,#32,GW252/13600,(4)启机状态,4,2025-07-12 14:41:59,2025-07-12 14:46:59,300,0.08
1890,L16,#32,GW252/13600,(3)待机状态,3,2025-07-12 12:58:13,2025-07-12 14:41:59,6226,1.73
1891,L16,#32,GW252/13600,(2)停机状态,2,2025-07-12 12:52:37,2025-07-12 12:58:13,336,0.09
1892,L16,#32,GW252/13600,(1)停机过程,1,2025-07-12 12:52:06,2025-07-12 12:52:37,31,0.01
1893,L16,#32,GW252/13600,(4)启机状态,4,2025-07-12 12:47:06,2025-07-12 12:52:06,300,0.08
1894,L16,#32,GW252/13600,(3)待机状态,3,2025-07-12 12:44:08,2025-07-12 12:47:06,178,0.05
1895,L16,#32,GW252/13600,(2)停机状态,2,2025-07-12 12:44:07,2025-07-12 12:44:08,1,0
1896,L16,#32,GW252/13600,(1)停机过程,1,2025-07-12 12:43:36,2025-07-12 12:44:07,31,0.01
1897,L16,#32,GW252/13600,(4)启机状态,4,2025-07-12 12:38:36,2025-07-12 12:43:36,300,0.08
1898,L16,#32,GW252/13600,(3)待机状态,3,2025-07-12 12:36:26,2025-07-12 12:38:36,130,0.04
1899,L16,#32,GW252/13600,(2)停机状态,2,2025-07-12 12:35:21,2025-07-12 12:36:26,65,0.02
1900,L16,#32,GW252/13600,(1)停机过程,1,2025-07-12 12:34:49,2025-07-12 12:35:21,32,0.01
1901,L16,#32,GW252/13600,(4)启机状态,4,2025-07-12 12:29:49,2025-07-12 12:34:49,300,0.08
1902,L16,#32,GW252/13600,(3)待机状态,3,2025-07-12 12:26:54,2025-07-12 12:29:49,175,0.05
1903,L16,#32,GW252/13600,(2)停机状态,2,2025-07-12 12:26:52,2025-07-12 12:26:54,2,0
1904,L16,#32,GW252/13600,(1)停机过程,1,2025-07-12 12:26:20,2025-07-12 12:26:52,32,0.01
1905,L16,#32,GW252/13600,(4)启机状态,4,2025-07-12 12:21:20,2025-07-12 12:26:20,300,0.08
1906,L16,#32,GW252/13600,(3)待机状态,3,2025-07-12 12:18:17,2025-07-12 12:21:20,183,0.05
1907,L16,#32,GW252/13600,(2)停机状态,2,2025-07-12 12:16:02,2025-07-12 12:18:17,135,0.04
1908,L16,#32,GW252/13600,(1)停机过程,1,2025-07-12 12:15:32,2025-07-12 12:16:02,30,0.01
1909,L16,#32,GW252/13600,(4)启机状态,4,2025-07-12 12:10:30,2025-07-12 12:15:32,302,0.08
1910,L16,#32,GW252/13600,(3)待机状态,3,2025-07-12 12:07:23,2025-07-12 12:10:30,187,0.05
1911,L16,#32,GW252/13600,(2)停机状态,2,2025-07-12 12:06:02,2025-07-12 12:07:23,81,0.02
1912,L16,#32,GW252/13600,(1)停机过程,1,2025-07-12 12:05:30,2025-07-12 12:06:02,32,0.01
1913,L16,#32,GW252/13600,(4)启机状态,4,2025-07-12 12:00:30,2025-07-12 12:05:30,300,0.08
1914,L16,#32,GW252/13600,(3)待机状态,3,2025-07-12 11:58:55,2025-07-12 12:00:30,95,0.03
1915,L16,#32,GW252/13600,(2)停机状态,2,2025-07-12 11:58:53,2025-07-12 11:58:55,2,0
1916,L16,#32,GW252/13600,(1)停机过程,1,2025-07-12 11:58:21,2025-07-12 11:58:53,32,0.01
1917,L16,#32,GW252/13600,(4)启机状态,4,2025-07-12 11:53:21,2025-07-12 11:58:21,300,0.08
1918,L16,#32,GW252/13600,(3)待机状态,3,2025-07-12 11:50:44,2025-07-12 11:53:21,157,0.04
1919,L16,#32,GW252/13600,(2)停机状态,2,2025-07-12 11:50:43,2025-07-12 11:50:44,1,0
1920,L16,#32,GW252/13600,(1)停机过程,1,2025-07-12 11:50:13,2025-07-12 11:50:43,30,0.01
1921,L16,#32,GW252/13600,(4)启机状态,4,2025-07-12 11:45:13,2025-07-12 11:50:13,300,0.08
1922,L16,#32,GW252/13600,(3)待机状态,3,2025-07-12 11:42:45,2025-07-12 11:45:13,148,0.04
1923,L16,#32,GW252/13600,(1)停机过程,1,2025-07-12 11:42:12,2025-07-12 11:42:45,33,0.01
1924,L16,#32,GW252/13600,(4)启机状态,4,2025-07-12 11:37:13,2025-07-12 11:42:12,299,0.08
1925,L16,#32,GW252/13600,(3)待机状态,3,2025-07-12 11:36:14,2025-07-12 11:37:13,59,0.02
1926,L16,#32,GW252/13600,(2)停机状态,2,2025-07-12 11:35:47,2025-07-12 11:36:14,27,0.01
1927,L16,#32,GW252/13600,(1)停机过程,1,2025-07-12 11:35:15,2025-07-12 11:35:47,32,0.01
1928,L16,#32,GW252/13600,(4)启机状态,4,2025-07-12 11:30:15,2025-07-12 11:35:15,300,0.08
1929,L16,#32,GW252/13600,(3)待机状态,3,2025-07-12 11:29:19,2025-07-12 11:30:15,56,0.02
1930,L16,#32,GW252/13600,(2)停机状态,2,2025-07-12 11:29:17,2025-07-12 11:29:19,2,0
1931,L16,#32,GW252/13600,(1)停机过程,1,2025-07-12 11:28:47,2025-07-12 11:29:17,30,0.01
1932,L16,#32,GW252/13600,(4)启机状态,4,2025-07-12 11:23:46,2025-07-12 11:28:47,301,0.08
1933,L16,#32,GW252/13600,(3)待机状态,3,2025-07-12 11:22:34,2025-07-12 11:23:46,72,0.02
1934,L16,#32,GW252/13600,(2)停机状态,2,2025-07-12 11:22:31,2025-07-12 11:22:34,3,0
1935,L16,#32,GW252/13600,(1)停机过程,1,2025-07-12 11:21:59,2025-07-12 11:22:31,32,0.01
1936,L16,#32,GW252/13600,(4)启机状态,4,2025-07-12 11:16:59,2025-07-12 11:21:59,300,0.08
1937,L16,#32,GW252/13600,(3)待机状态,3,2025-07-12 11:15:40,2025-07-12 11:16:59,79,0.02
1938,L16,#32,GW252/13600,(2)停机状态,2,2025-07-12 11:15:38,2025-07-12 11:15:40,2,0
1939,L16,#32,GW252/13600,(1)停机过程,1,2025-07-12 11:15:07,2025-07-12 11:15:38,31,0.01
1940,L16,#32,GW252/13600,(4)启机状态,4,2025-07-12 11:10:07,2025-07-12 11:15:07,300,0.08
1941,L16,#32,GW252/13600,(3)待机状态,3,2025-07-12 11:09:03,2025-07-12 11:10:07,64,0.02
1942,L16,#32,GW252/13600,(1)停机过程,1,2025-07-12 11:08:30,2025-07-12 11:09:03,33,0.01
1943,L16,#32,GW252/13600,(4)启机状态,4,2025-07-12 11:03:30,2025-07-12 11:08:30,300,0.08
1944,L16,#32,GW252/13600,(3)待机状态,3,2025-07-12 11:02:29,2025-07-12 11:03:30,61,0.02
1945,L16,#32,GW252/13600,(2)停机状态,2,2025-07-12 11:02:28,2025-07-12 11:02:29,1,0
1946,L16,#32,GW252/13600,(1)停机过程,1,2025-07-12 11:01:57,2025-07-12 11:02:28,31,0.01
1947,L16,#32,GW252/13600,(4)启机状态,4,2025-07-12 10:56:57,2025-07-12 11:01:57,300,0.08
1948,L16,#32,GW252/13600,(3)待机状态,3,2025-07-12 10:54:51,2025-07-12 10:56:57,126,0.04
1949,L16,#32,GW252/13600,(2)停机状态,2,2025-07-12 10:54:50,2025-07-12 10:54:51,1,0
1950,L16,#32,GW252/13600,(1)停机过程,1,2025-07-12 10:54:18,2025-07-12 10:54:50,32,0.01
1951,L16,#32,GW252/13600,(4)启机状态,4,2025-07-12 10:49:17,2025-07-12 10:54:18,301,0.08
1952,L16,#32,GW252/13600,(3)待机状态,3,2025-07-12 10:47:22,2025-07-12 10:49:17,115,0.03
1953,L16,#32,GW252/13600,(2)停机状态,2,2025-07-12 10:47:21,2025-07-12 10:47:22,1,0
1954,L16,#32,GW252/13600,(1)停机过程,1,2025-07-12 10:46:48,2025-07-12 10:47:21,33,0.01
1955,L16,#32,GW252/13600,(4)启机状态,4,2025-07-12 10:41:48,2025-07-12 10:46:48,300,0.08
1956,L16,#32,GW252/13600,(3)待机状态,3,2025-07-12 10:39:45,2025-07-12 10:41:48,123,0.03
1957,L16,#32,GW252/13600,(1)停机过程,1,2025-07-12 10:39:13,2025-07-12 10:39:45,32,0.01
1958,L16,#32,GW252/13600,(4)启机状态,4,2025-07-12 10:34:13,2025-07-12 10:39:13,300,0.08
1959,L16,#32,GW252/13600,(3)待机状态,3,2025-07-12 10:32:03,2025-07-12 10:34:13,130,0.04
1960,L16,#32,GW252/13600,(2)停机状态,2,2025-07-12 10:32:02,2025-07-12 10:32:03,1,0
1961,L16,#32,GW252/13600,(1)停机过程,1,2025-07-12 10:31:31,2025-07-12 10:32:02,31,0.01
1962,L16,#32,GW252/13600,(4)启机状态,4,2025-07-12 10:26:30,2025-07-12 10:31:31,301,0.08
1963,L16,#32,GW252/13600,(3)待机状态,3,2025-07-12 10:24:37,2025-07-12 10:26:30,113,0.03
1964,L16,#32,GW252/13600,(2)停机状态,2,2025-07-12 10:23:19,2025-07-12 10:24:37,78,0.02
1965,L16,#32,GW252/13600,(1)停机过程,1,2025-07-12 10:22:48,2025-07-12 10:23:19,31,0.01
1966,L16,#32,GW252/13600,(4)启机状态,4,2025-07-12 10:17:47,2025-07-12 10:22:48,301,0.08
1967,L16,#32,GW252/13600,(3)待机状态,3,2025-07-12 09:34:06,2025-07-12 10:17:47,2621,0.73
1968,L16,#32,GW252/13600,(2)停机状态,2,2025-07-12 09:28:28,2025-07-12 09:34:06,338,0.09
1969,L16,#32,GW252/13600,(1)停机过程,1,2025-07-12 09:27:57,2025-07-12 09:28:28,31,0.01
1970,L16,#32,GW252/13600,(4)启机状态,4,2025-07-12 09:22:56,2025-07-12 09:27:57,301,0.08
1971,L16,#32,GW252/13600,(3)待机状态,3,2025-07-12 09:07:56,2025-07-12 09:22:56,900,0.25
1972,L16,#32,GW252/13600,(2)停机状态,2,2025-07-12 09:02:19,2025-07-12 09:07:56,337,0.09
1973,L16,#32,GW252/13600,(1)停机过程,1,2025-07-12 09:01:47,2025-07-12 09:02:19,32,0.01
1974,L16,#32,GW252/13600,(4)启机状态,4,2025-07-12 08:56:47,2025-07-12 09:01:47,300,0.08
1975,L16,#32,GW252/13600,(3)待机状态,3,2025-07-12 08:55:27,2025-07-12 08:56:47,80,0.02
1976,L16,#32,GW252/13600,(2)停机状态,2,2025-07-12 08:55:26,2025-07-12 08:55:27,1,0
1977,L16,#32,GW252/13600,(1)停机过程,1,2025-07-12 08:54:53,2025-07-12 08:55:26,33,0.01
1978,L16,#32,GW252/13600,(4)启机状态,4,2025-07-12 08:49:53,2025-07-12 08:54:53,300,0.08
1979,L16,#32,GW252/13600,(3)待机状态,3,2025-07-12 08:48:58,2025-07-12 08:49:53,55,0.02
1980,L16,#32,GW252/13600,(1)停机过程,1,2025-07-12 08:48:27,2025-07-12 08:48:58,31,0.01
1981,L16,#32,GW252/13600,(4)启机状态,4,2025-07-12 08:43:26,2025-07-12 08:48:27,301,0.08
1982,L16,#32,GW252/13600,(3)待机状态,3,2025-07-12 08:42:27,2025-07-12 08:43:26,59,0.02
1983,L16,#32,GW252/13600,(2)停机状态,2,2025-07-12 08:42:26,2025-07-12 08:42:27,1,0
1984,L16,#32,GW252/13600,(1)停机过程,1,2025-07-12 08:41:54,2025-07-12 08:42:26,32,0.01
1985,L16,#32,GW252/13600,(4)启机状态,4,2025-07-12 08:36:54,2025-07-12 08:41:54,300,0.08
1986,L16,#32,GW252/13600,(3)待机状态,3,2025-07-12 08:35:35,2025-07-12 08:36:54,79,0.02
1987,L16,#32,GW252/13600,(1)停机过程,1,2025-07-12 08:35:03,2025-07-12 08:35:35,32,0.01
1988,L16,#32,GW252/13600,(4)启机状态,4,2025-07-12 08:30:04,2025-07-12 08:35:03,299,0.08
1989,L16,#32,GW252/13600,(3)待机状态,3,2025-07-12 08:28:46,2025-07-12 08:30:04,78,0.02
1990,L16,#32,GW252/13600,(2)停机状态,2,2025-07-12 08:28:43,2025-07-12 08:28:46,3,0
1991,L16,#32,GW252/13600,(1)停机过程,1,2025-07-12 08:28:11,2025-07-12 08:28:43,32,0.01
1992,L16,#32,GW252/13600,(4)启机状态,4,2025-07-12 08:23:11,2025-07-12 08:28:11,300,0.08
1993,L16,#32,GW252/13600,(3)待机状态,3,2025-07-12 08:21:38,2025-07-12 08:23:11,93,0.03
1994,L16,#32,GW252/13600,(2)停机状态,2,2025-07-12 08:21:37,2025-07-12 08:21:38,1,0
1995,L16,#32,GW252/13600,(1)停机过程,1,2025-07-12 08:21:04,2025-07-12 08:21:37,33,0.01
1996,L16,#32,GW252/13600,(4)启机状态,4,2025-07-12 08:16:04,2025-07-12 08:21:04,300,0.08
1997,L16,#32,GW252/13600,(3)待机状态,3,2025-07-12 08:12:50,2025-07-12 08:16:04,194,0.05
1998,L16,#32,GW252/13600,(2)停机状态,2,2025-07-12 08:07:13,2025-07-12 08:12:50,337,0.09
1999,L16,#32,GW252/13600,(1)停机过程,1,2025-07-12 08:06:16,2025-07-12 08:07:13,57,0.02
2000,L16,#32,GW252/13600,(5)发电状态,5,2025-07-12 07:50:39,2025-07-12 08:06:16,937,0.26
2001,L16,#32,GW252/13600,(4)启机状态,4,2025-07-12 07:47:09,2025-07-12 07:50:39,210,0.06
2002,L16,#32,GW252/13600,(3)待机状态,3,2025-07-12 07:46:17,2025-07-12 07:47:09,52,0.01
2003,L16,#32,GW252/13600,(2)停机状态,2,2025-07-12 07:46:16,2025-07-12 07:46:17,1,0
2004,L16,#32,GW252/13600,(1)停机过程,1,2025-07-12 07:45:44,2025-07-12 07:46:16,32,0.01
2005,L16,#32,GW252/13600,(4)启机状态,4,2025-07-12 07:40:44,2025-07-12 07:45:44,300,0.08
2006,L16,#32,GW252/13600,(3)待机状态,3,2025-07-12 07:39:39,2025-07-12 07:40:44,65,0.02
2007,L16,#32,GW252/13600,(2)停机状态,2,2025-07-12 07:39:37,2025-07-12 07:39:39,2,0
2008,L16,#32,GW252/13600,(1)停机过程,1,2025-07-12 07:39:06,2025-07-12 07:39:37,31,0.01
2009,L16,#32,GW252/13600,(4)启机状态,4,2025-07-12 07:34:05,2025-07-12 07:39:06,301,0.08
2010,L16,#32,GW252/13600,(3)待机状态,3,2025-07-12 07:23:07,2025-07-12 07:34:05,658,0.18
2011,L16,#32,GW252/13600,(2)停机状态,2,2025-07-12 07:17:31,2025-07-12 07:23:07,336,0.09
2012,L16,#32,GW252/13600,(1)停机过程,1,2025-07-12 07:16:58,2025-07-12 07:17:31,33,0.01
2013,L16,#32,GW252/13600,(4)启机状态,4,2025-07-12 07:11:58,2025-07-12 07:16:58,300,0.08
2014,L16,#32,GW252/13600,(3)待机状态,3,2025-07-12 05:56:45,2025-07-12 07:11:58,4513,1.25
2015,L16,#32,GW252/13600,(2)停机状态,2,2025-07-12 05:51:08,2025-07-12 05:56:45,337,0.09
2016,L16,#32,GW252/13600,(1)停机过程,1,2025-07-12 05:50:11,2025-07-12 05:51:08,57,0.02
2017,L16,#32,GW252/13600,(5)发电状态,5,2025-07-12 05:21:38,2025-07-12 05:50:11,1713,0.48
2018,L16,#32,GW252/13600,(4)启机状态,4,2025-07-12 05:17:52,2025-07-12 05:21:38,226,0.06
2019,L16,#32,GW252/13600,(3)待机状态,3,2025-07-12 05:16:20,2025-07-12 05:17:52,92,0.03
2020,L16,#32,GW252/13600,(2)停机状态,2,2025-07-12 05:16:13,2025-07-12 05:16:20,7,0
2021,L16,#32,GW252/13600,(1)停机过程,1,2025-07-12 05:15:41,2025-07-12 05:16:13,32,0.01
2022,L16,#32,GW252/13600,(4)启机状态,4,2025-07-12 05:10:41,2025-07-12 05:15:41,300,0.08
2023,L16,#32,GW252/13600,(3)待机状态,3,2025-07-12 05:09:46,2025-07-12 05:10:41,55,0.02
2024,L16,#32,GW252/13600,(2)停机状态,2,2025-07-12 05:04:10,2025-07-12 05:09:46,336,0.09
2025,L16,#32,GW252/13600,(1)停机过程,1,2025-07-12 05:03:38,2025-07-12 05:04:10,32,0.01
2026,L16,#32,GW252/13600,(4)启机状态,4,2025-07-12 04:58:38,2025-07-12 05:03:38,300,0.08
2027,L16,#32,GW252/13600,(3)待机状态,3,2025-07-12 04:55:25,2025-07-12 04:58:38,193,0.05
2028,L16,#32,GW252/13600,(2)停机状态,2,2025-07-12 04:49:48,2025-07-12 04:55:25,337,0.09
2029,L16,#32,GW252/13600,(1)停机过程,1,2025-07-12 04:49:15,2025-07-12 04:49:48,33,0.01
2030,L16,#32,GW252/13600,(4)启机状态,4,2025-07-12 04:44:16,2025-07-12 04:49:15,299,0.08
2031,L16,#32,GW252/13600,(3)待机状态,3,2025-07-12 04:33:22,2025-07-12 04:44:16,654,0.18
2032,L16,#32,GW252/13600,(2)停机状态,2,2025-07-12 04:27:45,2025-07-12 04:33:22,337,0.09
2033,L16,#32,GW252/13600,(1)停机过程,1,2025-07-12 04:27:14,2025-07-12 04:27:45,31,0.01
2034,L16,#32,GW252/13600,(4)启机状态,4,2025-07-12 04:22:14,2025-07-12 04:27:14,300,0.08
2035,L16,#32,GW252/13600,(3)待机状态,3,2025-07-12 04:21:12,2025-07-12 04:22:14,62,0.02
2036,L16,#32,GW252/13600,(2)停机状态,2,2025-07-12 04:21:05,2025-07-12 04:21:12,7,0
2037,L16,#32,GW252/13600,(1)停机过程,1,2025-07-12 04:20:33,2025-07-12 04:21:05,32,0.01
2038,L16,#32,GW252/13600,(4)启机状态,4,2025-07-12 04:15:33,2025-07-12 04:20:33,300,0.08
2039,L16,#32,GW252/13600,(3)待机状态,3,2025-07-12 04:14:40,2025-07-12 04:15:33,53,0.01
2040,L16,#32,GW252/13600,(1)停机过程,1,2025-07-12 04:14:09,2025-07-12 04:14:40,31,0.01
2041,L16,#32,GW252/13600,(4)启机状态,4,2025-07-12 04:09:08,2025-07-12 04:14:09,301,0.08
2042,L16,#32,GW252/13600,(3)待机状态,3,2025-07-12 04:08:12,2025-07-12 04:09:08,56,0.02
2043,L16,#32,GW252/13600,(2)停机状态,2,2025-07-12 04:08:11,2025-07-12 04:08:12,1,0
2044,L16,#32,GW252/13600,(1)停机过程,1,2025-07-12 04:07:40,2025-07-12 04:08:11,31,0.01
2045,L16,#32,GW252/13600,(4)启机状态,4,2025-07-12 04:02:39,2025-07-12 04:07:40,301,0.08
2046,L16,#32,GW252/13600,(3)待机状态,3,2025-07-12 04:00:55,2025-07-12 04:02:39,104,0.03
2047,L16,#32,GW252/13600,(2)停机状态,2,2025-07-12 03:57:36,2025-07-12 04:00:55,199,0.06
2048,L16,#32,GW252/13600,(1)停机过程,1,2025-07-12 03:57:05,2025-07-12 03:57:36,31,0.01
2049,L16,#32,GW252/13600,(4)启机状态,4,2025-07-12 03:52:05,2025-07-12 03:57:05,300,0.08
2050,L16,#32,GW252/13600,(3)待机状态,3,2025-07-12 03:23:36,2025-07-12 03:52:05,1709,0.47
2051,L16,#32,GW252/13600,(2)停机状态,2,2025-07-12 03:17:59,2025-07-12 03:23:36,337,0.09
2052,L16,#32,GW252/13600,(1)停机过程,1,2025-07-12 03:17:02,2025-07-12 03:17:59,57,0.02
2053,L16,#32,GW252/13600,(5)发电状态,5,2025-07-12 03:08:38,2025-07-12 03:17:02,504,0.14
2054,L16,#32,GW252/13600,(4)启机状态,4,2025-07-12 03:07:21,2025-07-12 03:08:38,77,0.02
2055,L16,#32,GW252/13600,(3)待机状态,3,2025-07-12 03:02:42,2025-07-12 03:07:21,279,0.08
2056,L16,#32,GW252/13600,(2)停机状态,2,2025-07-12 03:02:41,2025-07-12 03:02:42,1,0
2057,L16,#32,GW252/13600,(1)停机过程,1,2025-07-12 03:02:08,2025-07-12 03:02:41,33,0.01
2058,L16,#32,GW252/13600,(3)待机状态,3,2025-07-12 03:01:39,2025-07-12 03:02:08,29,0.01
2059,L16,#32,GW252/13600,(2)停机状态,2,2025-07-12 03:01:37,2025-07-12 03:01:39,2,0
2060,L16,#32,GW252/13600,(1)停机过程,1,2025-07-12 03:01:07,2025-07-12 03:01:37,30,0.01
2061,L16,#32,GW252/13600,(3)待机状态,3,2025-07-12 03:00:45,2025-07-12 03:01:07,22,0.01
2062,L16,#32,GW252/13600,(2)停机状态,2,2025-07-12 03:00:43,2025-07-12 03:00:45,2,0
2063,L16,#32,GW252/13600,(1)停机过程,1,2025-07-12 02:59:51,2025-07-12 03:00:43,52,0.01
2064,L16,#32,GW252/13600,(5)发电状态,5,2025-07-12 02:43:34,2025-07-12 02:59:51,977,0.27
2065,L16,#32,GW252/13600,(4)启机状态,4,2025-07-12 02:40:38,2025-07-12 02:43:34,176,0.05
2066,L16,#32,GW252/13600,(3)待机状态,3,2025-07-12 02:39:25,2025-07-12 02:40:38,73,0.02
2067,L16,#32,GW252/13600,(2)停机状态,2,2025-07-12 02:39:23,2025-07-12 02:39:25,2,0
2068,L16,#32,GW252/13600,(1)停机过程,1,2025-07-12 02:38:52,2025-07-12 02:39:23,31,0.01
2069,L16,#32,GW252/13600,(4)启机状态,4,2025-07-12 02:33:53,2025-07-12 02:38:52,299,0.08
2070,L16,#32,GW252/13600,(3)待机状态,3,2025-07-12 02:32:30,2025-07-12 02:33:53,83,0.02
2071,L16,#32,GW252/13600,(1)停机过程,1,2025-07-12 02:31:57,2025-07-12 02:32:30,33,0.01
2072,L16,#32,GW252/13600,(4)启机状态,4,2025-07-12 02:26:57,2025-07-12 02:31:57,300,0.08
2073,L16,#32,GW252/13600,(3)待机状态,3,2025-07-12 02:24:35,2025-07-12 02:26:57,142,0.04
2074,L16,#32,GW252/13600,(2)停机状态,2,2025-07-12 02:18:59,2025-07-12 02:24:35,336,0.09
2075,L16,#32,GW252/13600,(1)停机过程,1,2025-07-12 02:18:26,2025-07-12 02:18:59,33,0.01
2076,L16,#32,GW252/13600,(4)启机状态,4,2025-07-12 02:13:26,2025-07-12 02:18:26,300,0.08
2077,L16,#32,GW252/13600,(3)待机状态,3,2025-07-12 02:12:23,2025-07-12 02:13:26,63,0.02
2078,L16,#32,GW252/13600,(2)停机状态,2,2025-07-12 02:09:37,2025-07-12 02:12:23,166,0.05
2079,L16,#32,GW252/13600,(1)停机过程,1,2025-07-12 02:09:05,2025-07-12 02:09:37,32,0.01
2080,L16,#32,GW252/13600,(4)启机状态,4,2025-07-12 02:04:05,2025-07-12 02:09:05,300,0.08
2081,L16,#32,GW252/13600,(3)待机状态,3,2025-07-12 02:03:05,2025-07-12 02:04:05,60,0.02
2082,L16,#32,GW252/13600,(2)停机状态,2,2025-07-12 02:03:03,2025-07-12 02:03:05,2,0
2083,L16,#32,GW252/13600,(1)停机过程,1,2025-07-12 02:02:32,2025-07-12 02:03:03,31,0.01
2084,L16,#32,GW252/13600,(4)启机状态,4,2025-07-12 01:57:32,2025-07-12 02:02:32,300,0.08
2085,L16,#32,GW252/13600,(3)待机状态,3,2025-07-12 01:56:31,2025-07-12 01:57:32,61,0.02
2086,L16,#32,GW252/13600,(1)停机过程,1,2025-07-12 01:56:00,2025-07-12 01:56:31,31,0.01
2087,L16,#32,GW252/13600,(4)启机状态,4,2025-07-12 01:50:59,2025-07-12 01:56:00,301,0.08
2088,L16,#32,GW252/13600,(3)待机状态,3,2025-07-12 01:49:23,2025-07-12 01:50:59,96,0.03
2089,L16,#32,GW252/13600,(2)停机状态,2,2025-07-12 01:45:01,2025-07-12 01:49:23,262,0.07
2090,L16,#32,GW252/13600,(1)停机过程,1,2025-07-12 01:44:28,2025-07-12 01:45:01,33,0.01
2091,L16,#32,GW252/13600,(4)启机状态,4,2025-07-12 01:39:29,2025-07-12 01:44:28,299,0.08
2092,L16,#32,GW252/13600,(3)待机状态,3,2025-07-12 01:38:15,2025-07-12 01:39:29,74,0.02
2093,L16,#32,GW252/13600,(2)停机状态,2,2025-07-12 01:38:13,2025-07-12 01:38:15,2,0
2094,L16,#32,GW252/13600,(1)停机过程,1,2025-07-12 01:37:40,2025-07-12 01:38:13,33,0.01
2095,L16,#32,GW252/13600,(4)启机状态,4,2025-07-12 01:32:40,2025-07-12 01:37:40,300,0.08
2096,L16,#32,GW252/13600,(3)待机状态,3,2025-07-12 01:31:31,2025-07-12 01:32:40,69,0.02
2097,L16,#32,GW252/13600,(2)停机状态,2,2025-07-12 01:31:30,2025-07-12 01:31:31,1,0
2098,L16,#32,GW252/13600,(1)停机过程,1,2025-07-12 01:30:59,2025-07-12 01:31:30,31,0.01
2099,L16,#32,GW252/13600,(4)启机状态,4,2025-07-12 01:25:59,2025-07-12 01:30:59,300,0.08
2100,L16,#32,GW252/13600,(3)待机状态,3,2025-07-12 01:25:08,2025-07-12 01:25:59,51,0.01
2101,L16,#32,GW252/13600,(2)停机状态,2,2025-07-12 01:25:07,2025-07-12 01:25:08,1,0
2102,L16,#32,GW252/13600,(1)停机过程,1,2025-07-12 01:24:36,2025-07-12 01:25:07,31,0.01
2103,L16,#32,GW252/13600,(4)启机状态,4,2025-07-12 01:19:36,2025-07-12 01:24:36,300,0.08
2104,L16,#32,GW252/13600,(3)待机状态,3,2025-07-12 01:18:43,2025-07-12 01:19:36,53,0.01
2105,L16,#32,GW252/13600,(2)停机状态,2,2025-07-12 01:18:41,2025-07-12 01:18:43,2,0
2106,L16,#32,GW252/13600,(1)停机过程,1,2025-07-12 01:18:10,2025-07-12 01:18:41,31,0.01
2107,L16,#32,GW252/13600,(4)启机状态,4,2025-07-12 01:13:10,2025-07-12 01:18:10,300,0.08
2108,L16,#32,GW252/13600,(3)待机状态,3,2025-07-12 01:11:28,2025-07-12 01:13:10,102,0.03
2109,L16,#32,GW252/13600,(2)停机状态,2,2025-07-12 01:08:50,2025-07-12 01:11:28,158,0.04
2110,L16,#32,GW252/13600,(1)停机过程,1,2025-07-12 01:08:17,2025-07-12 01:08:50,33,0.01
2111,L16,#32,GW252/13600,(4)启机状态,4,2025-07-12 01:03:18,2025-07-12 01:08:17,299,0.08
2112,L16,#32,GW252/13600,(3)待机状态,3,2025-07-12 01:01:23,2025-07-12 01:03:18,115,0.03
2113,L16,#32,GW252/13600,(2)停机状态,2,2025-07-12 01:01:21,2025-07-12 01:01:23,2,0
2114,L16,#32,GW252/13600,(1)停机过程,1,2025-07-12 01:00:49,2025-07-12 01:01:21,32,0.01
2115,L16,#32,GW252/13600,(4)启机状态,4,2025-07-12 00:55:49,2025-07-12 01:00:49,300,0.08
2116,L16,#32,GW252/13600,(3)待机状态,3,2025-07-12 00:54:52,2025-07-12 00:55:49,57,0.02
2117,L16,#32,GW252/13600,(2)停机状态,2,2025-07-12 00:54:50,2025-07-12 00:54:52,2,0
2118,L16,#32,GW252/13600,(1)停机过程,1,2025-07-12 00:54:18,2025-07-12 00:54:50,32,0.01
2119,L16,#32,GW252/13600,(4)启机状态,4,2025-07-12 00:49:18,2025-07-12 00:54:18,300,0.08
2120,L16,#32,GW252/13600,(3)待机状态,3,2025-07-12 00:47:38,2025-07-12 00:49:18,100,0.03
2121,L16,#32,GW252/13600,(2)停机状态,2,2025-07-12 00:44:07,2025-07-12 00:47:38,211,0.06
2122,L16,#32,GW252/13600,(1)停机过程,1,2025-07-12 00:43:37,2025-07-12 00:44:07,30,0.01
2123,L16,#32,GW252/13600,(4)启机状态,4,2025-07-12 00:38:36,2025-07-12 00:43:37,301,0.08
2124,L16,#32,GW252/13600,(3)待机状态,3,2025-07-12 00:37:28,2025-07-12 00:38:36,68,0.02
2125,L16,#32,GW252/13600,(2)停机状态,2,2025-07-12 00:34:33,2025-07-12 00:37:28,175,0.05
2126,L16,#32,GW252/13600,(1)停机过程,1,2025-07-12 00:33:37,2025-07-12 00:34:33,56,0.02
2127,L16,#32,GW252/13600,(5)发电状态,5,2025-07-12 00:12:17,2025-07-12 00:33:37,1280,0.36
2128,L16,#32,GW252/13600,(4)启机状态,4,2025-07-12 00:10:10,2025-07-12 00:12:17,127,0.04
2129,L16,#32,GW252/13600,(3)待机状态,3,2025-07-12 00:09:15,2025-07-12 00:10:10,55,0.02
2130,L16,#32,GW252/13600,(2)停机状态,2,2025-07-12 00:09:13,2025-07-12 00:09:15,2,0
2131,L16,#32,GW252/13600,(1)停机过程,1,2025-07-12 00:08:26,2025-07-12 00:09:13,47,0.01
2132,L16,#32,GW252/13600,(4)启机状态,4,2025-07-12 00:03:26,2025-07-12 00:08:26,300,0.08
2133,L16,#32,GW252/13600,(3)待机状态,3,2025-07-12 00:02:31,2025-07-12 00:03:26,55,0.02
2134,L16,#32,GW252/13600,(2)停机状态,2,2025-07-12 00:02:29,2025-07-12 00:02:31,2,0
2135,L16,#32,GW252/13600,(1)停机过程,1,2025-07-12 00:01:58,2025-07-12 00:02:29,31,0.01
2136,L16,#32,GW252/13600,(4)启机状态,4,2025-07-11 23:56:56,2025-07-12 00:01:58,302,0.08
2137,L16,#32,GW252/13600,(3)待机状态,3,2025-07-11 23:56:02,2025-07-11 23:56:56,54,0.02
2138,L16,#32,GW252/13600,(2)停机状态,2,2025-07-11 23:55:59,2025-07-11 23:56:02,3,0
2139,L16,#32,GW252/13600,(1)停机过程,1,2025-07-11 23:55:28,2025-07-11 23:55:59,31,0.01
2140,L16,#32,GW252/13600,(4)启机状态,4,2025-07-11 23:50:28,2025-07-11 23:55:28,300,0.08
2141,L16,#32,GW252/13600,(3)待机状态,3,2025-07-11 23:48:43,2025-07-11 23:50:28,105,0.03
2142,L16,#32,GW252/13600,(2)停机状态,2,2025-07-11 23:48:42,2025-07-11 23:48:43,1,0
2143,L16,#32,GW252/13600,(1)停机过程,1,2025-07-11 23:48:10,2025-07-11 23:48:42,32,0.01
2144,L16,#32,GW252/13600,(4)启机状态,4,2025-07-11 23:43:10,2025-07-11 23:48:10,300,0.08
2145,L16,#32,GW252/13600,(3)待机状态,3,2025-07-11 23:42:06,2025-07-11 23:43:10,64,0.02
2146,L16,#32,GW252/13600,(2)停机状态,2,2025-07-11 23:42:05,2025-07-11 23:42:06,1,0
2147,L16,#32,GW252/13600,(1)停机过程,1,2025-07-11 23:41:33,2025-07-11 23:42:05,32,0.01
2148,L16,#32,GW252/13600,(4)启机状态,4,2025-07-11 23:36:33,2025-07-11 23:41:33,300,0.08
2149,L16,#32,GW252/13600,(3)待机状态,3,2025-07-11 23:35:27,2025-07-11 23:36:33,66,0.02
2150,L16,#32,GW252/13600,(2)停机状态,2,2025-07-11 23:35:25,2025-07-11 23:35:27,2,0
2151,L16,#32,GW252/13600,(1)停机过程,1,2025-07-11 23:34:53,2025-07-11 23:35:25,32,0.01
2152,L16,#32,GW252/13600,(4)启机状态,4,2025-07-11 23:29:53,2025-07-11 23:34:53,300,0.08
2153,L16,#32,GW252/13600,(3)待机状态,3,2025-07-11 23:28:56,2025-07-11 23:29:53,57,0.02
2154,L16,#32,GW252/13600,(2)停机状态,2,2025-07-11 23:28:54,2025-07-11 23:28:56,2,0
2155,L16,#32,GW252/13600,(1)停机过程,1,2025-07-11 23:28:22,2025-07-11 23:28:54,32,0.01
2156,L16,#32,GW252/13600,(4)启机状态,4,2025-07-11 23:23:22,2025-07-11 23:28:22,300,0.08
2157,L16,#32,GW252/13600,(3)待机状态,3,2025-07-11 23:22:33,2025-07-11 23:23:22,49,0.01
2158,L16,#32,GW252/13600,(2)停机状态,2,2025-07-11 23:22:31,2025-07-11 23:22:33,2,0
2159,L16,#32,GW252/13600,(1)停机过程,1,2025-07-11 23:21:59,2025-07-11 23:22:31,32,0.01
2160,L16,#32,GW252/13600,(4)启机状态,4,2025-07-11 23:16:59,2025-07-11 23:21:59,300,0.08
2161,L16,#32,GW252/13600,(3)待机状态,3,2025-07-11 23:16:06,2025-07-11 23:16:59,53,0.01
2162,L16,#32,GW252/13600,(2)停机状态,2,2025-07-11 23:16:05,2025-07-11 23:16:06,1,0
2163,L16,#32,GW252/13600,(1)停机过程,1,2025-07-11 23:15:34,2025-07-11 23:16:05,31,0.01
2164,L16,#32,GW252/13600,(4)启机状态,4,2025-07-11 23:10:34,2025-07-11 23:15:34,300,0.08
2165,L16,#32,GW252/13600,(3)待机状态,3,2025-07-11 23:09:20,2025-07-11 23:10:34,74,0.02
2166,L16,#32,GW252/13600,(2)停机状态,2,2025-07-11 23:09:18,2025-07-11 23:09:20,2,0
2167,L16,#32,GW252/13600,(1)停机过程,1,2025-07-11 23:08:46,2025-07-11 23:09:18,32,0.01
2168,L16,#32,GW252/13600,(4)启机状态,4,2025-07-11 23:03:47,2025-07-11 23:08:46,299,0.08
2169,L16,#32,GW252/13600,(3)待机状态,3,2025-07-11 23:02:23,2025-07-11 23:03:47,84,0.02
2170,L16,#32,GW252/13600,(2)停机状态,2,2025-07-11 23:02:20,2025-07-11 23:02:23,3,0
2171,L16,#32,GW252/13600,(1)停机过程,1,2025-07-11 23:01:49,2025-07-11 23:02:20,31,0.01
2172,L16,#32,GW252/13600,(4)启机状态,4,2025-07-11 22:56:49,2025-07-11 23:01:49,300,0.08
2173,L16,#32,GW252/13600,(3)待机状态,3,2025-07-11 22:52:23,2025-07-11 22:56:49,266,0.07
2174,L16,#32,GW252/13600,(2)停机状态,2,2025-07-11 22:49:24,2025-07-11 22:52:23,179,0.05
2175,L16,#32,GW252/13600,(1)停机过程,1,2025-07-11 22:48:26,2025-07-11 22:49:24,58,0.02
2176,L16,#32,GW252/13600,(5)发电状态,5,2025-07-11 21:47:49,2025-07-11 22:48:26,3637,1.01
2177,L16,#32,GW252/13600,(4)启机状态,4,2025-07-11 21:46:40,2025-07-11 21:47:49,69,0.02
2178,L16,#32,GW252/13600,(3)待机状态,3,2025-07-11 21:45:58,2025-07-11 21:46:40,42,0.01
2179,L16,#32,GW252/13600,(2)停机状态,2,2025-07-11 21:45:56,2025-07-11 21:45:58,2,0
2180,L16,#32,GW252/13600,(1)停机过程,1,2025-07-11 21:45:20,2025-07-11 21:45:56,36,0.01
2181,L16,#32,GW252/13600,(4)启机状态,4,2025-07-11 21:40:21,2025-07-11 21:45:20,299,0.08
2182,L16,#32,GW252/13600,(3)待机状态,3,2025-07-11 21:38:02,2025-07-11 21:40:21,139,0.04
2183,L16,#32,GW252/13600,(2)停机状态,2,2025-07-11 21:37:22,2025-07-11 21:38:02,40,0.01
2184,L16,#32,GW252/13600,(1)停机过程,1,2025-07-11 21:36:51,2025-07-11 21:37:22,31,0.01
2185,L16,#32,GW252/13600,(4)启机状态,4,2025-07-11 21:31:51,2025-07-11 21:36:51,300,0.08
2186,L16,#32,GW252/13600,(3)待机状态,3,2025-07-11 21:30:14,2025-07-11 21:31:51,97,0.03
2187,L16,#32,GW252/13600,(2)停机状态,2,2025-07-11 21:30:12,2025-07-11 21:30:14,2,0
2188,L16,#32,GW252/13600,(1)停机过程,1,2025-07-11 21:29:41,2025-07-11 21:30:12,31,0.01
2189,L16,#32,GW252/13600,(4)启机状态,4,2025-07-11 21:24:41,2025-07-11 21:29:41,300,0.08
2190,L16,#32,GW252/13600,(3)待机状态,3,2025-07-11 21:22:53,2025-07-11 21:24:41,108,0.03
2191,L16,#32,GW252/13600,(2)停机状态,2,2025-07-11 21:22:51,2025-07-11 21:22:53,2,0
2192,L16,#32,GW252/13600,(1)停机过程,1,2025-07-11 21:22:20,2025-07-11 21:22:51,31,0.01
2193,L16,#32,GW252/13600,(4)启机状态,4,2025-07-11 21:17:20,2025-07-11 21:22:20,300,0.08
2194,L16,#32,GW252/13600,(3)待机状态,3,2025-07-11 21:16:20,2025-07-11 21:17:20,60,0.02
2195,L16,#32,GW252/13600,(2)停机状态,2,2025-07-11 21:16:19,2025-07-11 21:16:20,1,0
2196,L16,#32,GW252/13600,(1)停机过程,1,2025-07-11 21:15:46,2025-07-11 21:16:19,33,0.01
2197,L16,#32,GW252/13600,(4)启机状态,4,2025-07-11 21:10:46,2025-07-11 21:15:46,300,0.08
2198,L16,#32,GW252/13600,(3)待机状态,3,2025-07-11 21:09:07,2025-07-11 21:10:46,99,0.03
2199,L16,#32,GW252/13600,(2)停机状态,2,2025-07-11 21:04:49,2025-07-11 21:09:07,258,0.07
2200,L16,#32,GW252/13600,(1)停机过程,1,2025-07-11 21:04:17,2025-07-11 21:04:49,32,0.01
2201,L16,#32,GW252/13600,(4)启机状态,4,2025-07-11 20:59:18,2025-07-11 21:04:17,299,0.08
2202,L16,#32,GW252/13600,(3)待机状态,3,2025-07-11 20:57:56,2025-07-11 20:59:18,82,0.02
2203,L16,#32,GW252/13600,(2)停机状态,2,2025-07-11 20:57:54,2025-07-11 20:57:56,2,0
2204,L16,#32,GW252/13600,(1)停机过程,1,2025-07-11 20:57:21,2025-07-11 20:57:54,33,0.01
2205,L16,#32,GW252/13600,(4)启机状态,4,2025-07-11 20:52:21,2025-07-11 20:57:21,300,0.08
2206,L16,#32,GW252/13600,(3)待机状态,3,2025-07-11 20:50:20,2025-07-11 20:52:21,121,0.03
2207,L16,#32,GW252/13600,(2)停机状态,2,2025-07-11 20:50:13,2025-07-11 20:50:20,7,0
2208,L16,#32,GW252/13600,(1)停机过程,1,2025-07-11 20:49:43,2025-07-11 20:50:13,30,0.01
2209,L16,#32,GW252/13600,(4)启机状态,4,2025-07-11 20:44:42,2025-07-11 20:49:43,301,0.08
2210,L16,#32,GW252/13600,(3)待机状态,3,2025-07-11 20:43:29,2025-07-11 20:44:42,73,0.02
2211,L16,#32,GW252/13600,(2)停机状态,2,2025-07-11 20:42:25,2025-07-11 20:43:29,64,0.02
2212,L16,#32,GW252/13600,(1)停机过程,1,2025-07-11 20:41:54,2025-07-11 20:42:25,31,0.01
2213,L16,#32,GW252/13600,(4)启机状态,4,2025-07-11 20:36:52,2025-07-11 20:41:54,302,0.08
2214,L16,#32,GW252/13600,(3)待机状态,3,2025-07-11 20:35:59,2025-07-11 20:36:52,53,0.01
2215,L16,#32,GW252/13600,(2)停机状态,2,2025-07-11 20:35:57,2025-07-11 20:35:59,2,0
2216,L16,#32,GW252/13600,(1)停机过程,1,2025-07-11 20:35:24,2025-07-11 20:35:57,33,0.01
2217,L16,#32,GW252/13600,(4)启机状态,4,2025-07-11 20:30:25,2025-07-11 20:35:24,299,0.08
2218,L16,#32,GW252/13600,(3)待机状态,3,2025-07-11 20:29:19,2025-07-11 20:30:25,66,0.02
2219,L16,#32,GW252/13600,(2)停机状态,2,2025-07-11 20:29:15,2025-07-11 20:29:19,4,0
2220,L16,#32,GW252/13600,(1)停机过程,1,2025-07-11 20:28:43,2025-07-11 20:29:15,32,0.01
2221,L16,#32,GW252/13600,(4)启机状态,4,2025-07-11 20:23:43,2025-07-11 20:28:43,300,0.08
2222,L16,#32,GW252/13600,(3)待机状态,3,2025-07-11 20:22:08,2025-07-11 20:23:43,95,0.03
2223,L16,#32,GW252/13600,(2)停机状态,2,2025-07-11 20:19:00,2025-07-11 20:22:08,188,0.05
2224,L16,#32,GW252/13600,(1)停机过程,1,2025-07-11 20:18:27,2025-07-11 20:19:00,33,0.01
2225,L16,#32,GW252/13600,(4)启机状态,4,2025-07-11 20:13:28,2025-07-11 20:18:27,299,0.08
2226,L16,#32,GW252/13600,(3)待机状态,3,2025-07-11 20:10:04,2025-07-11 20:13:28,204,0.06
2227,L16,#32,GW252/13600,(2)停机状态,2,2025-07-11 20:07:23,2025-07-11 20:10:04,161,0.04
2228,L16,#32,GW252/13600,(1)停机过程,1,2025-07-11 20:06:52,2025-07-11 20:07:23,31,0.01
2229,L16,#32,GW252/13600,(4)启机状态,4,2025-07-11 20:01:52,2025-07-11 20:06:52,300,0.08
2230,L16,#32,GW252/13600,(3)待机状态,3,2025-07-11 19:59:06,2025-07-11 20:01:52,166,0.05
2231,L16,#32,GW252/13600,(2)停机状态,2,2025-07-11 19:53:30,2025-07-11 19:59:06,336,0.09
2232,L16,#32,GW252/13600,(1)停机过程,1,2025-07-11 19:52:58,2025-07-11 19:53:30,32,0.01
2233,L16,#32,GW252/13600,(4)启机状态,4,2025-07-11 19:47:58,2025-07-11 19:52:58,300,0.08
2234,L16,#32,GW252/13600,(3)待机状态,3,2025-07-11 19:44:31,2025-07-11 19:47:58,207,0.06
2235,L16,#32,GW252/13600,(2)停机状态,2,2025-07-11 19:40:31,2025-07-11 19:44:31,240,0.07
2236,L16,#32,GW252/13600,(1)停机过程,1,2025-07-11 19:39:58,2025-07-11 19:40:31,33,0.01
2237,L16,#32,GW252/13600,(4)启机状态,4,2025-07-11 19:34:58,2025-07-11 19:39:58,300,0.08
2238,L16,#32,GW252/13600,(3)待机状态,3,2025-07-11 19:28:51,2025-07-11 19:34:58,367,0.1
2239,L16,#32,GW252/13600,(2)停机状态,2,2025-07-11 19:24:39,2025-07-11 19:28:51,252,0.07
2240,L16,#32,GW252/13600,(1)停机过程,1,2025-07-11 19:24:06,2025-07-11 19:24:39,33,0.01
2241,L16,#32,GW252/13600,(4)启机状态,4,2025-07-11 19:19:07,2025-07-11 19:24:06,299,0.08
2242,L16,#32,GW252/13600,(3)待机状态,3,2025-07-11 19:15:56,2025-07-11 19:19:07,191,0.05
2243,L16,#32,GW252/13600,(2)停机状态,2,2025-07-11 19:15:23,2025-07-11 19:15:56,33,0.01
2244,L16,#32,GW252/13600,(1)停机过程,1,2025-07-11 19:14:51,2025-07-11 19:15:23,32,0.01
2245,L16,#32,GW252/13600,(4)启机状态,4,2025-07-11 19:09:51,2025-07-11 19:14:51,300,0.08
2246,L16,#32,GW252/13600,(3)待机状态,3,2025-07-11 19:07:47,2025-07-11 19:09:51,124,0.03
2247,L16,#32,GW252/13600,(2)停机状态,2,2025-07-11 19:07:45,2025-07-11 19:07:47,2,0
2248,L16,#32,GW252/13600,(1)停机过程,1,2025-07-11 19:07:13,2025-07-11 19:07:45,32,0.01
2249,L16,#32,GW252/13600,(4)启机状态,4,2025-07-11 19:02:13,2025-07-11 19:07:13,300,0.08
2250,L16,#32,GW252/13600,(3)待机状态,3,2025-07-11 18:58:46,2025-07-11 19:02:13,207,0.06
2251,L16,#32,GW252/13600,(2)停机状态,2,2025-07-11 18:58:44,2025-07-11 18:58:46,2,0
2252,L16,#32,GW252/13600,(1)停机过程,1,2025-07-11 18:58:15,2025-07-11 18:58:44,29,0.01
2253,L16,#32,GW252/13600,(4)启机状态,4,2025-07-11 18:53:14,2025-07-11 18:58:15,301,0.08
2254,L16,#32,GW252/13600,(3)待机状态,3,2025-07-11 18:51:18,2025-07-11 18:53:14,116,0.03
2255,L16,#32,GW252/13600,(2)停机状态,2,2025-07-11 18:50:15,2025-07-11 18:51:18,63,0.02
2256,L16,#32,GW252/13600,(1)停机过程,1,2025-07-11 18:49:45,2025-07-11 18:50:15,30,0.01
2257,L16,#32,GW252/13600,(4)启机状态,4,2025-07-11 18:44:45,2025-07-11 18:49:45,300,0.08
2258,L16,#32,GW252/13600,(3)待机状态,3,2025-07-11 18:43:28,2025-07-11 18:44:45,77,0.02
2259,L16,#32,GW252/13600,(2)停机状态,2,2025-07-11 18:43:26,2025-07-11 18:43:28,2,0
2260,L16,#32,GW252/13600,(1)停机过程,1,2025-07-11 18:42:55,2025-07-11 18:43:26,31,0.01
2261,L16,#32,GW252/13600,(4)启机状态,4,2025-07-11 18:37:55,2025-07-11 18:42:55,300,0.08
2262,L16,#32,GW252/13600,(3)待机状态,3,2025-07-11 18:36:18,2025-07-11 18:37:55,97,0.03
2263,L16,#32,GW252/13600,(1)停机过程,1,2025-07-11 18:35:46,2025-07-11 18:36:18,32,0.01
2264,L16,#32,GW252/13600,(4)启机状态,4,2025-07-11 18:30:46,2025-07-11 18:35:46,300,0.08
2265,L16,#32,GW252/13600,(3)待机状态,3,2025-07-11 18:28:43,2025-07-11 18:30:46,123,0.03
2266,L16,#32,GW252/13600,(2)停机状态,2,2025-07-11 18:28:41,2025-07-11 18:28:43,2,0
2267,L16,#32,GW252/13600,(1)停机过程,1,2025-07-11 18:28:10,2025-07-11 18:28:41,31,0.01
2268,L16,#32,GW252/13600,(4)启机状态,4,2025-07-11 18:23:09,2025-07-11 18:28:10,301,0.08
2269,L16,#32,GW252/13600,(3)待机状态,3,2025-07-11 18:21:48,2025-07-11 18:23:09,81,0.02
2270,L16,#32,GW252/13600,(2)停机状态,2,2025-07-11 18:21:46,2025-07-11 18:21:48,2,0
2271,L16,#32,GW252/13600,(1)停机过程,1,2025-07-11 18:21:15,2025-07-11 18:21:46,31,0.01
2272,L16,#32,GW252/13600,(4)启机状态,4,2025-07-11 18:16:14,2025-07-11 18:21:15,301,0.08
2273,L16,#32,GW252/13600,(3)待机状态,3,2025-07-11 18:13:47,2025-07-11 18:16:14,147,0.04
2274,L16,#32,GW252/13600,(2)停机状态,2,2025-07-11 18:13:46,2025-07-11 18:13:47,1,0
2275,L16,#32,GW252/13600,(1)停机过程,1,2025-07-11 18:13:15,2025-07-11 18:13:46,31,0.01
2276,L16,#32,GW252/13600,(4)启机状态,4,2025-07-11 18:08:15,2025-07-11 18:13:15,300,0.08
2277,L16,#32,GW252/13600,(3)待机状态,3,2025-07-11 18:06:57,2025-07-11 18:08:15,78,0.02
2278,L16,#32,GW252/13600,(1)停机过程,1,2025-07-11 18:06:25,2025-07-11 18:06:57,32,0.01
2279,L16,#32,GW252/13600,(4)启机状态,4,2025-07-11 18:01:25,2025-07-11 18:06:25,300,0.08
2280,L16,#32,GW252/13600,(3)待机状态,3,2025-07-11 17:59:36,2025-07-11 18:01:25,109,0.03
2281,L16,#32,GW252/13600,(2)停机状态,2,2025-07-11 17:59:35,2025-07-11 17:59:36,1,0
2282,L16,#32,GW252/13600,(1)停机过程,1,2025-07-11 17:59:03,2025-07-11 17:59:35,32,0.01
2283,L16,#32,GW252/13600,(4)启机状态,4,2025-07-11 17:54:03,2025-07-11 17:59:03,300,0.08
2284,L16,#32,GW252/13600,(3)待机状态,3,2025-07-11 17:52:09,2025-07-11 17:54:03,114,0.03
2285,L16,#32,GW252/13600,(2)停机状态,2,2025-07-11 17:52:07,2025-07-11 17:52:09,2,0
2286,L16,#32,GW252/13600,(1)停机过程,1,2025-07-11 17:51:35,2025-07-11 17:52:07,32,0.01
2287,L16,#32,GW252/13600,(4)启机状态,4,2025-07-11 17:46:35,2025-07-11 17:51:35,300,0.08
2288,L16,#32,GW252/13600,(3)待机状态,3,2025-07-11 17:45:20,2025-07-11 17:46:35,75,0.02
2289,L16,#32,GW252/13600,(2)停机状态,2,2025-07-11 17:45:19,2025-07-11 17:45:20,1,0
2290,L16,#32,GW252/13600,(1)停机过程,1,2025-07-11 17:44:47,2025-07-11 17:45:19,32,0.01
2291,L16,#32,GW252/13600,(4)启机状态,4,2025-07-11 17:39:47,2025-07-11 17:44:47,300,0.08
2292,L16,#32,GW252/13600,(3)待机状态,3,2025-07-11 17:38:31,2025-07-11 17:39:47,76,0.02
2293,L16,#32,GW252/13600,(2)停机状态,2,2025-07-11 17:01:31,2025-07-11 17:38:31,2220,0.62
2294,L16,#32,GW252/13600,(1)停机过程,1,2025-07-11 17:00:59,2025-07-11 17:01:31,32,0.01
2295,L16,#32,GW252/13600,(4)启机状态,4,2025-07-11 16:55:59,2025-07-11 17:00:59,300,0.08
2296,L16,#32,GW252/13600,(3)待机状态,3,2025-07-11 12:35:30,2025-07-11 16:55:59,15629,4.34
2297,L16,#32,GW252/13600,(2)停机状态,2,2025-07-11 12:29:54,2025-07-11 12:35:30,336,0.09
2298,L16,#32,GW252/13600,(1)停机过程,1,2025-07-11 12:29:22,2025-07-11 12:29:54,32,0.01
2299,L16,#32,GW252/13600,(4)启机状态,4,2025-07-11 12:24:22,2025-07-11 12:29:22,300,0.08
2300,L16,#32,GW252/13600,(3)待机状态,3,2025-07-11 11:44:10,2025-07-11 12:24:22,2412,0.67
2301,L16,#32,GW252/13600,(2)停机状态,2,2025-07-11 11:38:33,2025-07-11 11:44:10,337,0.09
2302,L16,#32,GW252/13600,(1)停机过程,1,2025-07-11 11:38:01,2025-07-11 11:38:33,32,0.01
2303,L16,#32,GW252/13600,(4)启机状态,4,2025-07-11 11:33:02,2025-07-11 11:38:01,299,0.08
2304,L16,#32,GW252/13600,(3)待机状态,3,2025-07-11 11:27:52,2025-07-11 11:33:02,310,0.09
2305,L16,#32,GW252/13600,(2)停机状态,2,2025-07-11 11:26:51,2025-07-11 11:27:52,61,0.02
2306,L16,#32,GW252/13600,(1)停机过程,1,2025-07-11 11:26:18,2025-07-11 11:26:51,33,0.01
2307,L16,#32,GW252/13600,(4)启机状态,4,2025-07-11 11:21:18,2025-07-11 11:26:18,300,0.08
2308,L16,#32,GW252/13600,(3)待机状态,3,2025-07-11 11:18:08,2025-07-11 11:21:18,190,0.05
2309,L16,#32,GW252/13600,(2)停机状态,2,2025-07-11 11:18:06,2025-07-11 11:18:08,2,0
2310,L16,#32,GW252/13600,(1)停机过程,1,2025-07-11 11:17:33,2025-07-11 11:18:06,33,0.01
2311,L16,#32,GW252/13600,(4)启机状态,4,2025-07-11 11:12:34,2025-07-11 11:17:33,299,0.08
2312,L16,#32,GW252/13600,(3)待机状态,3,2025-07-11 09:57:05,2025-07-11 11:12:34,4529,1.26
2313,L16,#32,GW252/13600,(2)停机状态,2,2025-07-11 09:51:28,2025-07-11 09:57:05,337,0.09
2314,L16,#32,GW252/13600,(1)停机过程,1,2025-07-11 09:50:57,2025-07-11 09:51:28,31,0.01
2315,L16,#32,GW252/13600,(4)启机状态,4,2025-07-11 09:45:56,2025-07-11 09:50:57,301,0.08
2316,L16,#32,GW252/13600,(3)待机状态,3,2025-07-11 09:43:17,2025-07-11 09:45:56,159,0.04
2317,L16,#32,GW252/13600,(2)停机状态,2,2025-07-11 09:40:10,2025-07-11 09:43:17,187,0.05
2318,L16,#32,GW252/13600,(1)停机过程,1,2025-07-11 09:39:38,2025-07-11 09:40:10,32,0.01
2319,L16,#32,GW252/13600,(4)启机状态,4,2025-07-11 09:34:38,2025-07-11 09:39:38,300,0.08
2320,L16,#32,GW252/13600,(3)待机状态,3,2025-07-11 07:31:18,2025-07-11 09:34:38,7400,2.06
2321,L16,#32,GW252/13600,(2)停机状态,2,2025-07-11 07:25:40,2025-07-11 07:31:18,338,0.09
2322,L16,#32,GW252/13600,(1)停机过程,1,2025-07-11 07:25:08,2025-07-11 07:25:40,32,0.01
2323,L16,#32,GW252/13600,(4)启机状态,4,2025-07-11 07:20:08,2025-07-11 07:25:08,300,0.08
2324,L16,#32,GW252/13600,(3)待机状态,3,2025-07-11 07:17:07,2025-07-11 07:20:08,181,0.05
2325,L16,#32,GW252/13600,(2)停机状态,2,2025-07-11 07:16:36,2025-07-11 07:17:07,31,0.01
2326,L16,#32,GW252/13600,(1)停机过程,1,2025-07-11 07:16:06,2025-07-11 07:16:36,30,0.01
2327,L16,#32,GW252/13600,(4)启机状态,4,2025-07-11 07:11:05,2025-07-11 07:16:06,301,0.08
2328,L16,#32,GW252/13600,(3)待机状态,3,2025-07-11 07:09:07,2025-07-11 07:11:05,118,0.03
2329,L16,#32,GW252/13600,(2)停机状态,2,2025-07-11 07:07:38,2025-07-11 07:09:07,89,0.02
2330,L16,#32,GW252/13600,(1)停机过程,1,2025-07-11 07:07:07,2025-07-11 07:07:38,31,0.01
2331,L16,#32,GW252/13600,(4)启机状态,4,2025-07-11 07:02:06,2025-07-11 07:07:07,301,0.08
2332,L16,#32,GW252/13600,(3)待机状态,3,2025-07-11 06:30:49,2025-07-11 07:02:06,1877,0.52
2333,L16,#32,GW252/13600,(2)停机状态,2,2025-07-11 06:25:12,2025-07-11 06:30:49,337,0.09
2334,L16,#32,GW252/13600,(1)停机过程,1,2025-07-11 06:24:40,2025-07-11 06:25:12,32,0.01
2335,L16,#32,GW252/13600,(4)启机状态,4,2025-07-11 06:19:39,2025-07-11 06:24:40,301,0.08
2336,L16,#32,GW252/13600,(3)待机状态,3,2025-07-11 06:16:41,2025-07-11 06:19:39,178,0.05
2337,L16,#32,GW252/13600,(2)停机状态,2,2025-07-11 06:16:39,2025-07-11 06:16:41,2,0
2338,L16,#32,GW252/13600,(1)停机过程,1,2025-07-11 06:16:08,2025-07-11 06:16:39,31,0.01
2339,L16,#32,GW252/13600,(4)启机状态,4,2025-07-11 06:11:07,2025-07-11 06:16:08,301,0.08
2340,L16,#32,GW252/13600,(3)待机状态,3,2025-07-11 06:07:26,2025-07-11 06:11:07,221,0.06
2341,L16,#32,GW252/13600,(2)停机状态,2,2025-07-11 06:06:36,2025-07-11 06:07:26,50,0.01
2342,L16,#32,GW252/13600,(1)停机过程,1,2025-07-11 06:06:03,2025-07-11 06:06:36,33,0.01
2343,L16,#32,GW252/13600,(4)启机状态,4,2025-07-11 06:01:04,2025-07-11 06:06:03,299,0.08
2344,L16,#32,GW252/13600,(3)待机状态,3,2025-07-11 05:56:25,2025-07-11 06:01:04,279,0.08
2345,L16,#32,GW252/13600,(2)停机状态,2,2025-07-11 05:55:59,2025-07-11 05:56:25,26,0.01
2346,L16,#32,GW252/13600,(1)停机过程,1,2025-07-11 05:55:27,2025-07-11 05:55:59,32,0.01
2347,L16,#32,GW252/13600,(4)启机状态,4,2025-07-11 05:50:27,2025-07-11 05:55:27,300,0.08
2348,L16,#32,GW252/13600,(3)待机状态,3,2025-07-11 05:47:48,2025-07-11 05:50:27,159,0.04
2349,L16,#32,GW252/13600,(2)停机状态,2,2025-07-11 05:47:47,2025-07-11 05:47:48,1,0
2350,L16,#32,GW252/13600,(1)停机过程,1,2025-07-11 05:47:15,2025-07-11 05:47:47,32,0.01
2351,L16,#32,GW252/13600,(4)启机状态,4,2025-07-11 05:42:15,2025-07-11 05:47:15,300,0.08
2352,L16,#32,GW252/13600,(3)待机状态,3,2025-07-11 05:40:43,2025-07-11 05:42:15,92,0.03
2353,L16,#32,GW252/13600,(2)停机状态,2,2025-07-11 05:38:30,2025-07-11 05:40:43,133,0.04
2354,L16,#32,GW252/13600,(1)停机过程,1,2025-07-11 05:37:33,2025-07-11 05:38:30,57,0.02
2355,L16,#32,GW252/13600,(5)发电状态,5,2025-07-11 04:17:04,2025-07-11 05:37:33,4829,1.34
2356,L16,#32,GW252/13600,(4)启机状态,4,2025-07-11 04:14:33,2025-07-11 04:17:04,151,0.04
2357,L16,#32,GW252/13600,(3)待机状态,3,2025-07-11 04:13:29,2025-07-11 04:14:33,64,0.02
2358,L16,#32,GW252/13600,(2)停机状态,2,2025-07-11 04:13:27,2025-07-11 04:13:29,2,0
2359,L16,#32,GW252/13600,(1)停机过程,1,2025-07-11 04:12:55,2025-07-11 04:13:27,32,0.01
2360,L16,#32,GW252/13600,(4)启机状态,4,2025-07-11 04:07:55,2025-07-11 04:12:55,300,0.08
2361,L16,#32,GW252/13600,(3)待机状态,3,2025-07-11 04:06:32,2025-07-11 04:07:55,83,0.02
2362,L16,#32,GW252/13600,(2)停机状态,2,2025-07-11 04:06:30,2025-07-11 04:06:32,2,0
2363,L16,#32,GW252/13600,(1)停机过程,1,2025-07-11 04:05:58,2025-07-11 04:06:30,32,0.01
2364,L16,#32,GW252/13600,(4)启机状态,4,2025-07-11 04:00:58,2025-07-11 04:05:58,300,0.08
2365,L16,#32,GW252/13600,(3)待机状态,3,2025-07-11 03:59:19,2025-07-11 04:00:58,99,0.03
2366,L16,#32,GW252/13600,(2)停机状态,2,2025-07-11 03:58:42,2025-07-11 03:59:19,37,0.01
2367,L16,#32,GW252/13600,(1)停机过程,1,2025-07-11 03:58:10,2025-07-11 03:58:42,32,0.01
2368,L16,#32,GW252/13600,(4)启机状态,4,2025-07-11 03:53:10,2025-07-11 03:58:10,300,0.08
2369,L16,#32,GW252/13600,(3)待机状态,3,2025-07-11 03:51:32,2025-07-11 03:53:10,98,0.03
2370,L16,#32,GW252/13600,(2)停机状态,2,2025-07-11 03:50:22,2025-07-11 03:51:32,70,0.02
2371,L16,#32,GW252/13600,(1)停机过程,1,2025-07-11 03:49:51,2025-07-11 03:50:22,31,0.01
2372,L16,#32,GW252/13600,(4)启机状态,4,2025-07-11 03:44:51,2025-07-11 03:49:51,300,0.08
2373,L16,#32,GW252/13600,(3)待机状态,3,2025-07-11 03:43:49,2025-07-11 03:44:51,62,0.02
2374,L16,#32,GW252/13600,(2)停机状态,2,2025-07-11 03:39:23,2025-07-11 03:43:49,266,0.07
2375,L16,#32,GW252/13600,(1)停机过程,1,2025-07-11 03:38:52,2025-07-11 03:39:23,31,0.01
2376,L16,#32,GW252/13600,(4)启机状态,4,2025-07-11 03:33:51,2025-07-11 03:38:52,301,0.08
2377,L16,#32,GW252/13600,(3)待机状态,3,2025-07-11 03:32:58,2025-07-11 03:33:51,53,0.01
2378,L16,#32,GW252/13600,(2)停机状态,2,2025-07-11 03:32:57,2025-07-11 03:32:58,1,0
2379,L16,#32,GW252/13600,(1)停机过程,1,2025-07-11 03:32:27,2025-07-11 03:32:57,30,0.01
2380,L16,#32,GW252/13600,(4)启机状态,4,2025-07-11 03:27:26,2025-07-11 03:32:27,301,0.08
2381,L16,#32,GW252/13600,(3)待机状态,3,2025-07-11 03:26:32,2025-07-11 03:27:26,54,0.02
2382,L16,#32,GW252/13600,(2)停机状态,2,2025-07-11 03:26:31,2025-07-11 03:26:32,1,0
2383,L16,#32,GW252/13600,(1)停机过程,1,2025-07-11 03:25:59,2025-07-11 03:26:31,32,0.01
2384,L16,#32,GW252/13600,(4)启机状态,4,2025-07-11 03:20:59,2025-07-11 03:25:59,300,0.08
2385,L16,#32,GW252/13600,(3)待机状态,3,2025-07-11 03:19:51,2025-07-11 03:20:59,68,0.02
2386,L16,#32,GW252/13600,(2)停机状态,2,2025-07-11 03:19:22,2025-07-11 03:19:51,29,0.01
2387,L16,#32,GW252/13600,(1)停机过程,1,2025-07-11 03:18:50,2025-07-11 03:19:22,32,0.01
2388,L16,#32,GW252/13600,(4)启机状态,4,2025-07-11 03:13:50,2025-07-11 03:18:50,300,0.08
2389,L16,#32,GW252/13600,(3)待机状态,3,2025-07-11 03:12:57,2025-07-11 03:13:50,53,0.01
2390,L16,#32,GW252/13600,(2)停机状态,2,2025-07-11 03:12:55,2025-07-11 03:12:57,2,0
2391,L16,#32,GW252/13600,(1)停机过程,1,2025-07-11 03:12:24,2025-07-11 03:12:55,31,0.01
2392,L16,#32,GW252/13600,(4)启机状态,4,2025-07-11 03:07:24,2025-07-11 03:12:24,300,0.08
2393,L16,#32,GW252/13600,(3)待机状态,3,2025-07-11 03:06:18,2025-07-11 03:07:24,66,0.02
2394,L16,#32,GW252/13600,(2)停机状态,2,2025-07-11 03:06:17,2025-07-11 03:06:18,1,0
2395,L16,#32,GW252/13600,(1)停机过程,1,2025-07-11 03:05:46,2025-07-11 03:06:17,31,0.01
2396,L16,#32,GW252/13600,(4)启机状态,4,2025-07-11 03:00:45,2025-07-11 03:05:46,301,0.08
2397,L16,#32,GW252/13600,(3)待机状态,3,2025-07-11 02:57:44,2025-07-11 03:00:45,181,0.05
2398,L16,#32,GW252/13600,(2)停机状态,2,2025-07-11 02:55:10,2025-07-11 02:57:44,154,0.04
2399,L16,#32,GW252/13600,(1)停机过程,1,2025-07-11 02:54:37,2025-07-11 02:55:10,33,0.01
2400,L16,#32,GW252/13600,(4)启机状态,4,2025-07-11 02:49:37,2025-07-11 02:54:37,300,0.08
2401,L16,#32,GW252/13600,(3)待机状态,3,2025-07-11 02:17:14,2025-07-11 02:49:37,1943,0.54
2402,L16,#32,GW252/13600,(2)停机状态,2,2025-07-11 02:13:07,2025-07-11 02:17:14,247,0.07
2403,L16,#32,GW252/13600,(1)停机过程,1,2025-07-11 02:12:10,2025-07-11 02:13:07,57,0.02
2404,L16,#32,GW252/13600,(5)发电状态,5,2025-07-11 00:43:44,2025-07-11 02:12:10,5306,1.47
2405,L16,#32,GW252/13600,(4)启机状态,4,2025-07-11 00:41:09,2025-07-11 00:43:44,155,0.04
2406,L16,#32,GW252/13600,(3)待机状态,3,2025-07-11 00:40:18,2025-07-11 00:41:09,51,0.01
2407,L16,#32,GW252/13600,(2)停机状态,2,2025-07-11 00:40:17,2025-07-11 00:40:18,1,0
2408,L16,#32,GW252/13600,(1)停机过程,1,2025-07-11 00:39:45,2025-07-11 00:40:17,32,0.01
2409,L16,#32,GW252/13600,(4)启机状态,4,2025-07-11 00:34:45,2025-07-11 00:39:45,300,0.08
2410,L16,#32,GW252/13600,(3)待机状态,3,2025-07-11 00:33:43,2025-07-11 00:34:45,62,0.02
2411,L16,#32,GW252/13600,(2)停机状态,2,2025-07-11 00:33:42,2025-07-11 00:33:43,1,0
2412,L16,#32,GW252/13600,(1)停机过程,1,2025-07-11 00:33:10,2025-07-11 00:33:42,32,0.01
2413,L16,#32,GW252/13600,(4)启机状态,4,2025-07-11 00:28:10,2025-07-11 00:33:10,300,0.08
2414,L16,#32,GW252/13600,(3)待机状态,3,2025-07-11 00:26:24,2025-07-11 00:28:10,106,0.03
2415,L16,#32,GW252/13600,(1)停机过程,1,2025-07-11 00:25:52,2025-07-11 00:26:24,32,0.01
2416,L16,#32,GW252/13600,(4)启机状态,4,2025-07-11 00:20:52,2025-07-11 00:25:52,300,0.08
2417,L16,#32,GW252/13600,(3)待机状态,3,2025-07-11 00:18:49,2025-07-11 00:20:52,123,0.03
2418,L16,#32,GW252/13600,(2)停机状态,2,2025-07-11 00:17:13,2025-07-11 00:18:49,96,0.03
2419,L16,#32,GW252/13600,(1)停机过程,1,2025-07-11 00:16:41,2025-07-11 00:17:13,32,0.01
2420,L16,#32,GW252/13600,(4)启机状态,4,2025-07-11 00:11:41,2025-07-11 00:16:41,300,0.08
2421,L16,#32,GW252/13600,(3)待机状态,3,2025-07-11 00:09:01,2025-07-11 00:11:41,160,0.04
2422,L16,#32,GW252/13600,(2)停机状态,2,2025-07-11 00:06:25,2025-07-11 00:09:01,156,0.04
2423,L16,#32,GW252/13600,(1)停机过程,1,2025-07-11 00:05:54,2025-07-11 00:06:25,31,0.01
2424,L16,#32,GW252/13600,(4)启机状态,4,2025-07-11 00:00:53,2025-07-11 00:05:54,301,0.08
2425,L16,#32,GW252/13600,(3)待机状态,3,2025-07-10 23:57:09,2025-07-11 00:00:53,224,0.06
2426,L16,#32,GW252/13600,(2)停机状态,2,2025-07-10 23:55:03,2025-07-10 23:57:09,126,0.04
2427,L16,#32,GW252/13600,(1)停机过程,1,2025-07-10 23:54:31,2025-07-10 23:55:03,32,0.01
2428,L16,#32,GW252/13600,(4)启机状态,4,2025-07-10 23:49:31,2025-07-10 23:54:31,300,0.08
2429,L16,#32,GW252/13600,(3)待机状态,3,2025-07-10 23:47:36,2025-07-10 23:49:31,115,0.03
2430,L16,#32,GW252/13600,(2)停机状态,2,2025-07-10 23:47:07,2025-07-10 23:47:36,29,0.01
2431,L16,#32,GW252/13600,(1)停机过程,1,2025-07-10 23:46:09,2025-07-10 23:47:07,58,0.02
2432,L16,#32,GW252/13600,(5)发电状态,5,2025-07-10 23:35:34,2025-07-10 23:46:09,635,0.18
2433,L16,#32,GW252/13600,(4)启机状态,4,2025-07-10 23:32:06,2025-07-10 23:35:34,208,0.06
2434,L16,#32,GW252/13600,(3)待机状态,3,2025-07-10 23:31:18,2025-07-10 23:32:06,48,0.01
2435,L16,#32,GW252/13600,(2)停机状态,2,2025-07-10 23:31:17,2025-07-10 23:31:18,1,0
2436,L16,#32,GW252/13600,(1)停机过程,1,2025-07-10 23:30:46,2025-07-10 23:31:17,31,0.01
2437,L16,#32,GW252/13600,(4)启机状态,4,2025-07-10 23:25:46,2025-07-10 23:30:46,300,0.08
2438,L16,#32,GW252/13600,(3)待机状态,3,2025-07-10 23:08:26,2025-07-10 23:25:46,1040,0.29
2439,L16,#32,GW252/13600,(2)停机状态,2,2025-07-10 23:03:55,2025-07-10 23:08:26,271,0.08
2440,L16,#32,GW252/13600,(1)停机过程,1,2025-07-10 23:02:58,2025-07-10 23:03:55,57,0.02
2441,L16,#32,GW252/13600,(5)发电状态,5,2025-07-10 22:19:50,2025-07-10 23:02:58,2588,0.72
2442,L16,#32,GW252/13600,(4)启机状态,4,2025-07-10 22:15:48,2025-07-10 22:19:50,242,0.07
2443,L16,#32,GW252/13600,(3)待机状态,3,2025-07-10 22:14:57,2025-07-10 22:15:48,51,0.01
2444,L16,#32,GW252/13600,(2)停机状态,2,2025-07-10 22:14:56,2025-07-10 22:14:57,1,0
2445,L16,#32,GW252/13600,(1)停机过程,1,2025-07-10 22:14:23,2025-07-10 22:14:56,33,0.01
2446,L16,#32,GW252/13600,(4)启机状态,4,2025-07-10 22:09:23,2025-07-10 22:14:23,300,0.08
2447,L16,#32,GW252/13600,(3)待机状态,3,2025-07-10 22:08:16,2025-07-10 22:09:23,67,0.02
2448,L16,#32,GW252/13600,(1)停机过程,1,2025-07-10 22:07:45,2025-07-10 22:08:16,31,0.01
2449,L16,#32,GW252/13600,(4)启机状态,4,2025-07-10 22:02:45,2025-07-10 22:07:45,300,0.08
2450,L16,#32,GW252/13600,(3)待机状态,3,2025-07-10 22:01:14,2025-07-10 22:02:45,91,0.03
2451,L16,#32,GW252/13600,(2)停机状态,2,2025-07-10 22:01:12,2025-07-10 22:01:14,2,0
2452,L16,#32,GW252/13600,(1)停机过程,1,2025-07-10 22:00:40,2025-07-10 22:01:12,32,0.01
2453,L16,#32,GW252/13600,(4)启机状态,4,2025-07-10 21:55:41,2025-07-10 22:00:40,299,0.08
2454,L16,#32,GW252/13600,(3)待机状态,3,2025-07-10 21:53:56,2025-07-10 21:55:41,105,0.03
2455,L16,#32,GW252/13600,(2)停机状态,2,2025-07-10 21:53:54,2025-07-10 21:53:56,2,0
2456,L16,#32,GW252/13600,(1)停机过程,1,2025-07-10 21:53:23,2025-07-10 21:53:54,31,0.01
2457,L16,#32,GW252/13600,(4)启机状态,4,2025-07-10 21:48:24,2025-07-10 21:53:23,299,0.08
2458,L16,#32,GW252/13600,(3)待机状态,3,2025-07-10 21:03:14,2025-07-10 21:48:24,2710,0.75
2459,L16,#32,GW252/13600,(2)停机状态,2,2025-07-10 20:59:37,2025-07-10 21:03:14,217,0.06
2460,L16,#32,GW252/13600,(1)停机过程,1,2025-07-10 20:58:41,2025-07-10 20:59:37,56,0.02
2461,L16,#32,GW252/13600,(5)发电状态,5,2025-07-10 20:34:15,2025-07-10 20:58:41,1466,0.41
2462,L16,#32,GW252/13600,(4)启机状态,4,2025-07-10 20:33:41,2025-07-10 20:34:15,34,0.01
2463,L16,#32,GW252/13600,(3)待机状态,3,2025-07-10 20:31:54,2025-07-10 20:33:41,107,0.03
2464,L16,#32,GW252/13600,(2)停机状态,2,2025-07-10 20:31:53,2025-07-10 20:31:54,1,0
2465,L16,#32,GW252/13600,(1)停机过程,1,2025-07-10 20:31:00,2025-07-10 20:31:53,53,0.01
2466,L16,#32,GW252/13600,(5)发电状态,5,2025-07-09 13:20:43,2025-07-10 20:31:00,112217,31.17
2467,L16,#32,GW252/13600,(4)启机状态,4,2025-07-09 13:19:00,2025-07-09 13:20:43,103,0.03
2468,L16,#32,GW252/13600,(3)待机状态,3,2025-07-09 13:18:11,2025-07-09 13:19:00,49,0.01
2469,L16,#32,GW252/13600,(2)停机状态,2,2025-07-09 13:18:09,2025-07-09 13:18:11,2,0
2470,L16,#32,GW252/13600,(1)停机过程,1,2025-07-09 13:17:36,2025-07-09 13:18:09,33,0.01
2471,L16,#32,GW252/13600,(4)启机状态,4,2025-07-09 13:12:36,2025-07-09 13:17:36,300,0.08
2472,L16,#32,GW252/13600,(3)待机状态,3,2025-07-09 13:11:21,2025-07-09 13:12:36,75,0.02
2473,L16,#32,GW252/13600,(2)停机状态,2,2025-07-09 13:11:19,2025-07-09 13:11:21,2,0
2474,L16,#32,GW252/13600,(1)停机过程,1,2025-07-09 13:10:48,2025-07-09 13:11:19,31,0.01
2475,L16,#32,GW252/13600,(4)启机状态,4,2025-07-09 13:05:47,2025-07-09 13:10:48,301,0.08
2476,L16,#32,GW252/13600,(3)待机状态,3,2025-07-09 13:03:35,2025-07-09 13:05:47,132,0.04
2477,L16,#32,GW252/13600,(2)停机状态,2,2025-07-09 13:03:27,2025-07-09 13:03:35,8,0
2478,L16,#32,GW252/13600,(1)停机过程,1,2025-07-09 13:02:55,2025-07-09 13:03:27,32,0.01
2479,L16,#32,GW252/13600,(4)启机状态,4,2025-07-09 12:57:56,2025-07-09 13:02:55,299,0.08
2480,L16,#32,GW252/13600,(3)待机状态,3,2025-07-09 12:55:43,2025-07-09 12:57:56,133,0.04
2481,L16,#32,GW252/13600,(2)停机状态,2,2025-07-09 12:55:40,2025-07-09 12:55:43,3,0
2482,L16,#32,GW252/13600,(1)停机过程,1,2025-07-09 12:55:10,2025-07-09 12:55:40,30,0.01
2483,L16,#32,GW252/13600,(4)启机状态,4,2025-07-09 12:50:10,2025-07-09 12:55:10,300,0.08
2484,L16,#32,GW252/13600,(3)待机状态,3,2025-07-09 12:48:14,2025-07-09 12:50:10,116,0.03
2485,L16,#32,GW252/13600,(1)停机过程,1,2025-07-09 12:47:42,2025-07-09 12:48:14,32,0.01
2486,L16,#32,GW252/13600,(4)启机状态,4,2025-07-09 12:42:40,2025-07-09 12:47:42,302,0.08
2487,L16,#32,GW252/13600,(3)待机状态,3,2025-07-09 12:41:09,2025-07-09 12:42:40,91,0.03
2488,L16,#32,GW252/13600,(2)停机状态,2,2025-07-09 12:38:35,2025-07-09 12:41:09,154,0.04
2489,L16,#32,GW252/13600,(1)停机过程,1,2025-07-09 12:38:03,2025-07-09 12:38:35,32,0.01
2490,L16,#32,GW252/13600,(4)启机状态,4,2025-07-09 12:33:02,2025-07-09 12:38:03,301,0.08
2491,L16,#32,GW252/13600,(3)待机状态,3,2025-07-09 12:31:57,2025-07-09 12:33:02,65,0.02
2492,L16,#32,GW252/13600,(2)停机状态,2,2025-07-09 12:31:55,2025-07-09 12:31:57,2,0
2493,L16,#32,GW252/13600,(1)停机过程,1,2025-07-09 12:31:23,2025-07-09 12:31:55,32,0.01
2494,L16,#32,GW252/13600,(4)启机状态,4,2025-07-09 12:26:23,2025-07-09 12:31:23,300,0.08
2495,L16,#32,GW252/13600,(3)待机状态,3,2025-07-09 12:25:24,2025-07-09 12:26:23,59,0.02
2496,L16,#32,GW252/13600,(2)停机状态,2,2025-07-09 12:25:23,2025-07-09 12:25:24,1,0
2497,L16,#32,GW252/13600,(1)停机过程,1,2025-07-09 12:24:52,2025-07-09 12:25:23,31,0.01
2498,L16,#32,GW252/13600,(4)启机状态,4,2025-07-09 12:19:52,2025-07-09 12:24:52,300,0.08
2499,L16,#32,GW252/13600,(3)待机状态,3,2025-07-09 12:18:51,2025-07-09 12:19:52,61,0.02
2500,L16,#32,GW252/13600,(2)停机状态,2,2025-07-09 12:18:50,2025-07-09 12:18:51,1,0
2501,L16,#32,GW252/13600,(1)停机过程,1,2025-07-09 12:18:18,2025-07-09 12:18:50,32,0.01
2502,L16,#32,GW252/13600,(4)启机状态,4,2025-07-09 12:13:18,2025-07-09 12:18:18,300,0.08
2503,L16,#32,GW252/13600,(3)待机状态,3,2025-07-09 12:12:13,2025-07-09 12:13:18,65,0.02
2504,L16,#32,GW252/13600,(2)停机状态,2,2025-07-09 12:12:11,2025-07-09 12:12:13,2,0
2505,L16,#32,GW252/13600,(1)停机过程,1,2025-07-09 12:11:41,2025-07-09 12:12:11,30,0.01
2506,L16,#32,GW252/13600,(4)启机状态,4,2025-07-09 12:06:41,2025-07-09 12:11:41,300,0.08
2507,L16,#32,GW252/13600,(3)待机状态,3,2025-07-09 12:05:34,2025-07-09 12:06:41,67,0.02
2508,L16,#32,GW252/13600,(2)停机状态,2,2025-07-09 12:05:26,2025-07-09 12:05:34,8,0
2509,L16,#32,GW252/13600,(1)停机过程,1,2025-07-09 12:04:29,2025-07-09 12:05:26,57,0.02
2510,L16,#32,GW252/13600,(5)发电状态,5,2025-07-09 03:54:06,2025-07-09 12:04:29,29423,8.17
2511,L16,#32,GW252/13600,(4)启机状态,4,2025-07-09 03:49:58,2025-07-09 03:54:06,248,0.07
2512,L16,#32,GW252/13600,(3)待机状态,3,2025-07-09 03:49:08,2025-07-09 03:49:58,50,0.01
2513,L16,#32,GW252/13600,(2)停机状态,2,2025-07-09 03:49:07,2025-07-09 03:49:08,1,0
2514,L16,#32,GW252/13600,(1)停机过程,1,2025-07-09 03:48:35,2025-07-09 03:49:07,32,0.01
2515,L16,#32,GW252/13600,(4)启机状态,4,2025-07-09 03:43:36,2025-07-09 03:48:35,299,0.08
2516,L16,#32,GW252/13600,(3)待机状态,3,2025-07-09 03:42:32,2025-07-09 03:43:36,64,0.02
2517,L16,#32,GW252/13600,(2)停机状态,2,2025-07-09 03:42:31,2025-07-09 03:42:32,1,0
2518,L16,#32,GW252/13600,(1)停机过程,1,2025-07-09 03:42:00,2025-07-09 03:42:31,31,0.01
2519,L16,#32,GW252/13600,(4)启机状态,4,2025-07-09 03:36:58,2025-07-09 03:42:00,302,0.08
2520,L16,#32,GW252/13600,(3)待机状态,3,2025-07-09 03:29:51,2025-07-09 03:36:58,427,0.12
2521,L16,#32,GW252/13600,(2)停机状态,2,2025-07-09 03:24:14,2025-07-09 03:29:51,337,0.09
2522,L16,#32,GW252/13600,(1)停机过程,1,2025-07-09 03:23:41,2025-07-09 03:24:14,33,0.01
2523,L16,#32,GW252/13600,(4)启机状态,4,2025-07-09 03:18:41,2025-07-09 03:23:41,300,0.08
2524,L16,#32,GW252/13600,(3)待机状态,3,2025-07-09 03:16:12,2025-07-09 03:18:41,149,0.04
2525,L16,#32,GW252/13600,(2)停机状态,2,2025-07-09 03:16:10,2025-07-09 03:16:12,2,0
2526,L16,#32,GW252/13600,(1)停机过程,1,2025-07-09 03:15:40,2025-07-09 03:16:10,30,0.01
2527,L16,#32,GW252/13600,(4)启机状态,4,2025-07-09 03:10:40,2025-07-09 03:15:40,300,0.08
2528,L16,#32,GW252/13600,(3)待机状态,3,2025-07-09 03:09:17,2025-07-09 03:10:40,83,0.02
2529,L16,#32,GW252/13600,(1)停机过程,1,2025-07-09 03:08:45,2025-07-09 03:09:17,32,0.01
2530,L16,#32,GW252/13600,(4)启机状态,4,2025-07-09 03:03:45,2025-07-09 03:08:45,300,0.08
2531,L16,#32,GW252/13600,(3)待机状态,3,2025-07-09 03:02:39,2025-07-09 03:03:45,66,0.02
2532,L16,#32,GW252/13600,(2)停机状态,2,2025-07-09 03:02:31,2025-07-09 03:02:39,8,0
2533,L16,#32,GW252/13600,(1)停机过程,1,2025-07-09 03:02:00,2025-07-09 03:02:31,31,0.01
2534,L16,#32,GW252/13600,(4)启机状态,4,2025-07-09 02:56:59,2025-07-09 03:02:00,301,0.08
2535,L16,#32,GW252/13600,(3)待机状态,3,2025-07-09 02:56:01,2025-07-09 02:56:59,58,0.02
2536,L16,#32,GW252/13600,(2)停机状态,2,2025-07-09 02:55:58,2025-07-09 02:56:01,3,0
2537,L16,#32,GW252/13600,(1)停机过程,1,2025-07-09 02:55:27,2025-07-09 02:55:58,31,0.01
2538,L16,#32,GW252/13600,(4)启机状态,4,2025-07-09 02:50:26,2025-07-09 02:55:27,301,0.08
2539,L16,#32,GW252/13600,(3)待机状态,3,2025-07-09 02:49:32,2025-07-09 02:50:26,54,0.02
2540,L16,#32,GW252/13600,(2)停机状态,2,2025-07-09 02:49:31,2025-07-09 02:49:32,1,0
2541,L16,#32,GW252/13600,(1)停机过程,1,2025-07-09 02:49:00,2025-07-09 02:49:31,31,0.01
2542,L16,#32,GW252/13600,(4)启机状态,4,2025-07-09 02:44:00,2025-07-09 02:49:00,300,0.08
2543,L16,#32,GW252/13600,(3)待机状态,3,2025-07-09 02:43:06,2025-07-09 02:44:00,54,0.02
2544,L16,#32,GW252/13600,(2)停机状态,2,2025-07-09 02:43:05,2025-07-09 02:43:06,1,0
2545,L16,#32,GW252/13600,(1)停机过程,1,2025-07-09 02:42:34,2025-07-09 02:43:05,31,0.01
2546,L16,#32,GW252/13600,(4)启机状态,4,2025-07-09 02:37:33,2025-07-09 02:42:34,301,0.08
2547,L16,#32,GW252/13600,(3)待机状态,3,2025-07-09 02:36:42,2025-07-09 02:37:33,51,0.01
2548,L16,#32,GW252/13600,(2)停机状态,2,2025-07-09 02:36:40,2025-07-09 02:36:42,2,0
2549,L16,#32,GW252/13600,(1)停机过程,1,2025-07-09 02:36:08,2025-07-09 02:36:40,32,0.01
2550,L16,#32,GW252/13600,(4)启机状态,4,2025-07-09 02:31:08,2025-07-09 02:36:08,300,0.08
2551,L16,#32,GW252/13600,(3)待机状态,3,2025-07-09 02:30:11,2025-07-09 02:31:08,57,0.02
2552,L16,#32,GW252/13600,(2)停机状态,2,2025-07-09 02:30:09,2025-07-09 02:30:11,2,0
2553,L16,#32,GW252/13600,(1)停机过程,1,2025-07-09 02:29:39,2025-07-09 02:30:09,30,0.01
2554,L16,#32,GW252/13600,(4)启机状态,4,2025-07-09 02:24:39,2025-07-09 02:29:39,300,0.08
2555,L16,#32,GW252/13600,(3)待机状态,3,2025-07-09 02:23:22,2025-07-09 02:24:39,77,0.02
2556,L16,#32,GW252/13600,(2)停机状态,2,2025-07-09 02:23:21,2025-07-09 02:23:22,1,0
2557,L16,#32,GW252/13600,(1)停机过程,1,2025-07-09 02:22:49,2025-07-09 02:23:21,32,0.01
2558,L16,#32,GW252/13600,(4)启机状态,4,2025-07-09 02:17:49,2025-07-09 02:22:49,300,0.08
2559,L16,#32,GW252/13600,(3)待机状态,3,2025-07-09 02:15:55,2025-07-09 02:17:49,114,0.03
2560,L16,#32,GW252/13600,(2)停机状态,2,2025-07-09 02:15:49,2025-07-09 02:15:55,6,0
2561,L16,#32,GW252/13600,(1)停机过程,1,2025-07-09 02:15:18,2025-07-09 02:15:49,31,0.01
2562,L16,#32,GW252/13600,(4)启机状态,4,2025-07-09 02:10:18,2025-07-09 02:15:18,300,0.08
2563,L16,#32,GW252/13600,(3)待机状态,3,2025-07-09 01:46:38,2025-07-09 02:10:18,1420,0.39
2564,L16,#32,GW252/13600,(2)停机状态,2,2025-07-09 01:43:21,2025-07-09 01:46:38,197,0.05
2565,L16,#32,GW252/13600,(1)停机过程,1,2025-07-09 01:42:50,2025-07-09 01:43:21,31,0.01
2566,L16,#32,GW252/13600,(4)启机状态,4,2025-07-09 01:37:49,2025-07-09 01:42:50,301,0.08
2567,L16,#32,GW252/13600,(3)待机状态,3,2025-07-09 01:31:48,2025-07-09 01:37:49,361,0.1
2568,L16,#32,GW252/13600,(2)停机状态,2,2025-07-09 01:31:02,2025-07-09 01:31:48,46,0.01
2569,L16,#32,GW252/13600,(1)停机过程,1,2025-07-09 01:30:30,2025-07-09 01:31:02,32,0.01
2570,L16,#32,GW252/13600,(4)启机状态,4,2025-07-09 01:25:30,2025-07-09 01:30:30,300,0.08
2571,L16,#32,GW252/13600,(3)待机状态,3,2025-07-09 01:22:55,2025-07-09 01:25:30,155,0.04
2572,L16,#32,GW252/13600,(2)停机状态,2,2025-07-09 01:17:34,2025-07-09 01:22:55,321,0.09
2573,L16,#32,GW252/13600,(1)停机过程,1,2025-07-09 01:17:03,2025-07-09 01:17:34,31,0.01
2574,L16,#32,GW252/13600,(4)启机状态,4,2025-07-09 01:12:03,2025-07-09 01:17:03,300,0.08
2575,L16,#32,GW252/13600,(3)待机状态,3,2025-07-09 01:10:33,2025-07-09 01:12:03,90,0.03
2576,L16,#32,GW252/13600,(2)停机状态,2,2025-07-09 01:07:13,2025-07-09 01:10:33,200,0.06
2577,L16,#32,GW252/13600,(1)停机过程,1,2025-07-09 01:06:15,2025-07-09 01:07:13,58,0.02
2578,L16,#32,GW252/13600,(5)发电状态,5,2025-07-09 00:00:48,2025-07-09 01:06:15,3927,1.09
2579,L16,#32,GW252/13600,(4)启机状态,4,2025-07-08 23:56:42,2025-07-09 00:00:48,246,0.07
2580,L16,#32,GW252/13600,(3)待机状态,3,2025-07-08 23:55:46,2025-07-08 23:56:42,56,0.02
2581,L16,#32,GW252/13600,(2)停机状态,2,2025-07-08 23:55:45,2025-07-08 23:55:46,1,0
2582,L16,#32,GW252/13600,(1)停机过程,1,2025-07-08 23:55:14,2025-07-08 23:55:45,31,0.01
2583,L16,#32,GW252/13600,(4)启机状态,4,2025-07-08 23:50:13,2025-07-08 23:55:14,301,0.08
2584,L16,#32,GW252/13600,(3)待机状态,3,2025-07-08 23:49:20,2025-07-08 23:50:13,53,0.01
2585,L16,#32,GW252/13600,(2)停机状态,2,2025-07-08 23:49:19,2025-07-08 23:49:20,1,0
2586,L16,#32,GW252/13600,(1)停机过程,1,2025-07-08 23:48:46,2025-07-08 23:49:19,33,0.01
2587,L16,#32,GW252/13600,(4)启机状态,4,2025-07-08 23:43:46,2025-07-08 23:48:46,300,0.08
2588,L16,#32,GW252/13600,(3)待机状态,3,2025-07-08 23:42:50,2025-07-08 23:43:46,56,0.02
2589,L16,#32,GW252/13600,(2)停机状态,2,2025-07-08 23:42:49,2025-07-08 23:42:50,1,0
2590,L16,#32,GW252/13600,(1)停机过程,1,2025-07-08 23:42:17,2025-07-08 23:42:49,32,0.01
2591,L16,#32,GW252/13600,(4)启机状态,4,2025-07-08 23:37:18,2025-07-08 23:42:17,299,0.08
2592,L16,#32,GW252/13600,(3)待机状态,3,2025-07-08 23:35:45,2025-07-08 23:37:18,93,0.03
2593,L16,#32,GW252/13600,(2)停机状态,2,2025-07-08 23:35:44,2025-07-08 23:35:45,1,0
2594,L16,#32,GW252/13600,(1)停机过程,1,2025-07-08 23:35:12,2025-07-08 23:35:44,32,0.01
2595,L16,#32,GW252/13600,(4)启机状态,4,2025-07-08 23:30:13,2025-07-08 23:35:12,299,0.08
2596,L16,#32,GW252/13600,(3)待机状态,3,2025-07-08 23:28:24,2025-07-08 23:30:13,109,0.03
2597,L16,#32,GW252/13600,(2)停机状态,2,2025-07-08 23:26:52,2025-07-08 23:28:24,92,0.03
2598,L16,#32,GW252/13600,(1)停机过程,1,2025-07-08 23:26:21,2025-07-08 23:26:52,31,0.01
2599,L16,#32,GW252/13600,(4)启机状态,4,2025-07-08 23:21:21,2025-07-08 23:26:21,300,0.08
2600,L16,#32,GW252/13600,(3)待机状态,3,2025-07-08 23:17:45,2025-07-08 23:21:21,216,0.06
2601,L16,#32,GW252/13600,(2)停机状态,2,2025-07-08 23:13:31,2025-07-08 23:17:45,254,0.07
2602,L16,#32,GW252/13600,(1)停机过程,1,2025-07-08 23:13:00,2025-07-08 23:13:31,31,0.01
2603,L16,#32,GW252/13600,(4)启机状态,4,2025-07-08 23:08:00,2025-07-08 23:13:00,300,0.08
2604,L16,#32,GW252/13600,(3)待机状态,3,2025-07-08 23:06:39,2025-07-08 23:08:00,81,0.02
2605,L16,#32,GW252/13600,(2)停机状态,2,2025-07-08 23:06:37,2025-07-08 23:06:39,2,0
2606,L16,#32,GW252/13600,(1)停机过程,1,2025-07-08 23:06:05,2025-07-08 23:06:37,32,0.01
2607,L16,#32,GW252/13600,(4)启机状态,4,2025-07-08 23:01:06,2025-07-08 23:06:05,299,0.08
2608,L16,#32,GW252/13600,(3)待机状态,3,2025-07-08 22:58:55,2025-07-08 23:01:06,131,0.04
2609,L16,#32,GW252/13600,(2)停机状态,2,2025-07-08 22:58:54,2025-07-08 22:58:55,1,0
2610,L16,#32,GW252/13600,(1)停机过程,1,2025-07-08 22:58:23,2025-07-08 22:58:54,31,0.01
2611,L16,#32,GW252/13600,(4)启机状态,4,2025-07-08 22:53:23,2025-07-08 22:58:23,300,0.08
2612,L16,#32,GW252/13600,(3)待机状态,3,2025-07-08 22:52:18,2025-07-08 22:53:23,65,0.02
2613,L16,#32,GW252/13600,(2)停机状态,2,2025-07-08 22:52:17,2025-07-08 22:52:18,1,0
2614,L16,#32,GW252/13600,(1)停机过程,1,2025-07-08 22:51:44,2025-07-08 22:52:17,33,0.01
2615,L16,#32,GW252/13600,(4)启机状态,4,2025-07-08 22:46:44,2025-07-08 22:51:44,300,0.08
2616,L16,#32,GW252/13600,(3)待机状态,3,2025-07-08 22:43:28,2025-07-08 22:46:44,196,0.05
2617,L16,#32,GW252/13600,(2)停机状态,2,2025-07-08 22:42:11,2025-07-08 22:43:28,77,0.02
2618,L16,#32,GW252/13600,(1)停机过程,1,2025-07-08 22:41:40,2025-07-08 22:42:11,31,0.01
2619,L16,#32,GW252/13600,(4)启机状态,4,2025-07-08 22:36:40,2025-07-08 22:41:40,300,0.08
2620,L16,#32,GW252/13600,(3)待机状态,3,2025-07-08 22:34:33,2025-07-08 22:36:40,127,0.04
2621,L16,#32,GW252/13600,(2)停机状态,2,2025-07-08 22:33:16,2025-07-08 22:34:33,77,0.02
2622,L16,#32,GW252/13600,(1)停机过程,1,2025-07-08 22:32:44,2025-07-08 22:33:16,32,0.01
2623,L16,#32,GW252/13600,(4)启机状态,4,2025-07-08 22:27:44,2025-07-08 22:32:44,300,0.08
2624,L16,#32,GW252/13600,(3)待机状态,3,2025-07-08 22:25:17,2025-07-08 22:27:44,147,0.04
2625,L16,#32,GW252/13600,(2)停机状态,2,2025-07-08 22:24:42,2025-07-08 22:25:17,35,0.01
2626,L16,#32,GW252/13600,(1)停机过程,1,2025-07-08 22:23:46,2025-07-08 22:24:42,56,0.02
2627,L16,#32,GW252/13600,(5)发电状态,5,2025-07-08 11:21:05,2025-07-08 22:23:46,39761,11.04
2628,L16,#32,GW252/13600,(4)启机状态,4,2025-07-08 11:19:14,2025-07-08 11:21:05,111,0.03
2629,L16,#32,GW252/13600,(3)待机状态,3,2025-07-08 11:18:22,2025-07-08 11:19:14,52,0.01
2630,L16,#32,GW252/13600,(2)停机状态,2,2025-07-08 11:18:20,2025-07-08 11:18:22,2,0
2631,L16,#32,GW252/13600,(1)停机过程,1,2025-07-08 11:17:48,2025-07-08 11:18:20,32,0.01
2632,L16,#32,GW252/13600,(4)启机状态,4,2025-07-08 11:12:48,2025-07-08 11:17:48,300,0.08
2633,L16,#32,GW252/13600,(3)待机状态,3,2025-07-08 11:11:07,2025-07-08 11:12:48,101,0.03
2634,L16,#32,GW252/13600,(1)停机过程,1,2025-07-08 11:10:35,2025-07-08 11:11:07,32,0.01
2635,L16,#32,GW252/13600,(4)启机状态,4,2025-07-08 11:05:35,2025-07-08 11:10:35,300,0.08
2636,L16,#32,GW252/13600,(3)待机状态,3,2025-07-08 11:03:54,2025-07-08 11:05:35,101,0.03
2637,L16,#32,GW252/13600,(2)停机状态,2,2025-07-08 11:03:53,2025-07-08 11:03:54,1,0
2638,L16,#32,GW252/13600,(1)停机过程,1,2025-07-08 11:03:20,2025-07-08 11:03:53,33,0.01
2639,L16,#32,GW252/13600,(4)启机状态,4,2025-07-08 10:58:20,2025-07-08 11:03:20,300,0.08
2640,L16,#32,GW252/13600,(3)待机状态,3,2025-07-08 10:55:51,2025-07-08 10:58:20,149,0.04
2641,L16,#32,GW252/13600,(2)停机状态,2,2025-07-08 10:55:04,2025-07-08 10:55:51,47,0.01
2642,L16,#32,GW252/13600,(1)停机过程,1,2025-07-08 10:54:32,2025-07-08 10:55:04,32,0.01
2643,L16,#32,GW252/13600,(4)启机状态,4,2025-07-08 10:49:32,2025-07-08 10:54:32,300,0.08
2644,L16,#32,GW252/13600,(3)待机状态,3,2025-07-08 10:48:24,2025-07-08 10:49:32,68,0.02
2645,L16,#32,GW252/13600,(2)停机状态,2,2025-07-08 10:42:47,2025-07-08 10:48:24,337,0.09
2646,L16,#32,GW252/13600,(1)停机过程,1,2025-07-08 10:41:50,2025-07-08 10:42:47,57,0.02
2647,L16,#32,GW252/13600,(5)发电状态,5,2025-07-08 10:14:42,2025-07-08 10:41:50,1628,0.45
2648,L16,#32,GW252/13600,(4)启机状态,4,2025-07-08 10:11:11,2025-07-08 10:14:42,211,0.06
2649,L16,#32,GW252/13600,(3)待机状态,3,2025-07-08 10:10:18,2025-07-08 10:11:11,53,0.01
2650,L16,#32,GW252/13600,(1)停机过程,1,2025-07-08 10:09:46,2025-07-08 10:10:18,32,0.01
2651,L16,#32,GW252/13600,(4)启机状态,4,2025-07-08 10:04:47,2025-07-08 10:09:46,299,0.08
2652,L16,#32,GW252/13600,(3)待机状态,3,2025-07-08 10:03:53,2025-07-08 10:04:47,54,0.02
2653,L16,#32,GW252/13600,(2)停机状态,2,2025-07-08 10:03:52,2025-07-08 10:03:53,1,0
2654,L16,#32,GW252/13600,(1)停机过程,1,2025-07-08 10:03:22,2025-07-08 10:03:52,30,0.01
2655,L16,#32,GW252/13600,(4)启机状态,4,2025-07-08 09:58:20,2025-07-08 10:03:22,302,0.08
2656,L16,#32,GW252/13600,(3)待机状态,3,2025-07-08 09:57:12,2025-07-08 09:58:20,68,0.02
2657,L16,#32,GW252/13600,(2)停机状态,2,2025-07-08 09:57:11,2025-07-08 09:57:12,1,0
2658,L16,#32,GW252/13600,(1)停机过程,1,2025-07-08 09:56:39,2025-07-08 09:57:11,32,0.01
2659,L16,#32,GW252/13600,(4)启机状态,4,2025-07-08 09:51:39,2025-07-08 09:56:39,300,0.08
2660,L16,#32,GW252/13600,(3)待机状态,3,2025-07-08 09:50:37,2025-07-08 09:51:39,62,0.02
2661,L16,#32,GW252/13600,(2)停机状态,2,2025-07-08 09:50:35,2025-07-08 09:50:37,2,0
2662,L16,#32,GW252/13600,(1)停机过程,1,2025-07-08 09:50:05,2025-07-08 09:50:35,30,0.01
2663,L16,#32,GW252/13600,(4)启机状态,4,2025-07-08 09:45:04,2025-07-08 09:50:05,301,0.08
2664,L16,#32,GW252/13600,(3)待机状态,3,2025-07-08 09:44:09,2025-07-08 09:45:04,55,0.02
2665,L16,#32,GW252/13600,(2)停机状态,2,2025-07-08 09:44:08,2025-07-08 09:44:09,1,0
2666,L16,#32,GW252/13600,(1)停机过程,1,2025-07-08 09:43:35,2025-07-08 09:44:08,33,0.01
2667,L16,#32,GW252/13600,(4)启机状态,4,2025-07-08 09:38:35,2025-07-08 09:43:35,300,0.08
2668,L16,#32,GW252/13600,(3)待机状态,3,2025-07-08 09:37:41,2025-07-08 09:38:35,54,0.02
2669,L16,#32,GW252/13600,(1)停机过程,1,2025-07-08 09:37:09,2025-07-08 09:37:41,32,0.01
2670,L16,#32,GW252/13600,(4)启机状态,4,2025-07-08 09:32:10,2025-07-08 09:37:09,299,0.08
2671,L16,#32,GW252/13600,(3)待机状态,3,2025-07-08 09:31:17,2025-07-08 09:32:10,53,0.01
2672,L16,#32,GW252/13600,(2)停机状态,2,2025-07-08 09:31:16,2025-07-08 09:31:17,1,0
2673,L16,#32,GW252/13600,(1)停机过程,1,2025-07-08 09:30:45,2025-07-08 09:31:16,31,0.01
2674,L16,#32,GW252/13600,(4)启机状态,4,2025-07-08 09:25:45,2025-07-08 09:30:45,300,0.08
2675,L16,#32,GW252/13600,(3)待机状态,3,2025-07-08 09:24:43,2025-07-08 09:25:45,62,0.02
2676,L16,#32,GW252/13600,(2)停机状态,2,2025-07-08 09:24:41,2025-07-08 09:24:43,2,0
2677,L16,#32,GW252/13600,(1)停机过程,1,2025-07-08 09:24:08,2025-07-08 09:24:41,33,0.01
2678,L16,#32,GW252/13600,(4)启机状态,4,2025-07-08 09:19:08,2025-07-08 09:24:08,300,0.08
2679,L16,#32,GW252/13600,(3)待机状态,3,2025-07-08 09:17:05,2025-07-08 09:19:08,123,0.03
2680,L16,#32,GW252/13600,(1)停机过程,1,2025-07-08 09:16:33,2025-07-08 09:17:05,32,0.01
2681,L16,#32,GW252/13600,(4)启机状态,4,2025-07-08 09:11:34,2025-07-08 09:16:33,299,0.08
2682,L16,#32,GW252/13600,(3)待机状态,3,2025-07-08 09:10:31,2025-07-08 09:11:34,63,0.02
2683,L16,#32,GW252/13600,(2)停机状态,2,2025-07-08 09:10:30,2025-07-08 09:10:31,1,0
2684,L16,#32,GW252/13600,(1)停机过程,1,2025-07-08 09:09:58,2025-07-08 09:10:30,32,0.01
2685,L16,#32,GW252/13600,(4)启机状态,4,2025-07-08 09:04:57,2025-07-08 09:09:58,301,0.08
2686,L16,#32,GW252/13600,(3)待机状态,3,2025-07-08 09:03:55,2025-07-08 09:04:57,62,0.02
2687,L16,#32,GW252/13600,(2)停机状态,2,2025-07-08 09:03:52,2025-07-08 09:03:55,3,0
2688,L16,#32,GW252/13600,(1)停机过程,1,2025-07-08 09:03:21,2025-07-08 09:03:52,31,0.01
2689,L16,#32,GW252/13600,(4)启机状态,4,2025-07-08 08:58:22,2025-07-08 09:03:21,299,0.08
2690,L16,#32,GW252/13600,(3)待机状态,3,2025-07-08 08:57:27,2025-07-08 08:58:22,55,0.02
2691,L16,#32,GW252/13600,(2)停机状态,2,2025-07-08 08:57:25,2025-07-08 08:57:27,2,0
2692,L16,#32,GW252/13600,(1)停机过程,1,2025-07-08 08:56:54,2025-07-08 08:57:25,31,0.01
2693,L16,#32,GW252/13600,(4)启机状态,4,2025-07-08 08:51:54,2025-07-08 08:56:54,300,0.08
2694,L16,#32,GW252/13600,(3)待机状态,3,2025-07-08 08:50:59,2025-07-08 08:51:54,55,0.02
2695,L16,#32,GW252/13600,(2)停机状态,2,2025-07-08 08:50:58,2025-07-08 08:50:59,1,0
2696,L16,#32,GW252/13600,(1)停机过程,1,2025-07-08 08:50:25,2025-07-08 08:50:58,33,0.01
2697,L16,#32,GW252/13600,(4)启机状态,4,2025-07-08 08:45:25,2025-07-08 08:50:25,300,0.08
2698,L16,#32,GW252/13600,(3)待机状态,3,2025-07-08 08:44:10,2025-07-08 08:45:25,75,0.02
2699,L16,#32,GW252/13600,(2)停机状态,2,2025-07-08 08:44:08,2025-07-08 08:44:10,2,0
2700,L16,#32,GW252/13600,(1)停机过程,1,2025-07-08 08:43:37,2025-07-08 08:44:08,31,0.01
2701,L16,#32,GW252/13600,(4)启机状态,4,2025-07-08 08:38:37,2025-07-08 08:43:37,300,0.08
2702,L16,#32,GW252/13600,(3)待机状态,3,2025-07-08 08:37:09,2025-07-08 08:38:37,88,0.02
2703,L16,#32,GW252/13600,(2)停机状态,2,2025-07-08 08:35:10,2025-07-08 08:37:09,119,0.03
2704,L16,#32,GW252/13600,(1)停机过程,1,2025-07-08 08:34:37,2025-07-08 08:35:10,33,0.01
2705,L16,#32,GW252/13600,(4)启机状态,4,2025-07-08 08:29:37,2025-07-08 08:34:37,300,0.08
2706,L16,#32,GW252/13600,(3)待机状态,3,2025-07-08 08:26:27,2025-07-08 08:29:37,190,0.05
2707,L16,#32,GW252/13600,(2)停机状态,2,2025-07-08 08:25:58,2025-07-08 08:26:27,29,0.01
2708,L16,#32,GW252/13600,(1)停机过程,1,2025-07-08 08:25:27,2025-07-08 08:25:58,31,0.01
2709,L16,#32,GW252/13600,(4)启机状态,4,2025-07-08 08:20:27,2025-07-08 08:25:27,300,0.08
2710,L16,#32,GW252/13600,(3)待机状态,3,2025-07-08 08:19:10,2025-07-08 08:20:27,77,0.02
2711,L16,#32,GW252/13600,(2)停机状态,2,2025-07-08 08:18:37,2025-07-08 08:19:10,33,0.01
2712,L16,#32,GW252/13600,(1)停机过程,1,2025-07-08 08:17:39,2025-07-08 08:18:37,58,0.02
2713,L16,#32,GW252/13600,(5)发电状态,5,2025-07-08 06:59:14,2025-07-08 08:17:39,4705,1.31
2714,L16,#32,GW252/13600,(4)启机状态,4,2025-07-08 06:55:28,2025-07-08 06:59:14,226,0.06
2715,L16,#32,GW252/13600,(3)待机状态,3,2025-07-08 06:54:24,2025-07-08 06:55:28,64,0.02
2716,L16,#32,GW252/13600,(1)停机过程,1,2025-07-08 06:53:52,2025-07-08 06:54:24,32,0.01
2717,L16,#32,GW252/13600,(4)启机状态,4,2025-07-08 06:48:52,2025-07-08 06:53:52,300,0.08
2718,L16,#32,GW252/13600,(3)待机状态,3,2025-07-08 06:48:02,2025-07-08 06:48:52,50,0.01
2719,L16,#32,GW252/13600,(2)停机状态,2,2025-07-08 06:48:00,2025-07-08 06:48:02,2,0
2720,L16,#32,GW252/13600,(1)停机过程,1,2025-07-08 06:47:28,2025-07-08 06:48:00,32,0.01
2721,L16,#32,GW252/13600,(4)启机状态,4,2025-07-08 06:42:28,2025-07-08 06:47:28,300,0.08
2722,L16,#32,GW252/13600,(3)待机状态,3,2025-07-08 06:41:32,2025-07-08 06:42:28,56,0.02
2723,L16,#32,GW252/13600,(2)停机状态,2,2025-07-08 06:41:31,2025-07-08 06:41:32,1,0
2724,L16,#32,GW252/13600,(1)停机过程,1,2025-07-08 06:41:00,2025-07-08 06:41:31,31,0.01
2725,L16,#32,GW252/13600,(4)启机状态,4,2025-07-08 06:36:00,2025-07-08 06:41:00,300,0.08
2726,L16,#32,GW252/13600,(3)待机状态,3,2025-07-08 06:34:58,2025-07-08 06:36:00,62,0.02
2727,L16,#32,GW252/13600,(2)停机状态,2,2025-07-08 06:34:56,2025-07-08 06:34:58,2,0
2728,L16,#32,GW252/13600,(1)停机过程,1,2025-07-08 06:34:24,2025-07-08 06:34:56,32,0.01
2729,L16,#32,GW252/13600,(4)启机状态,4,2025-07-08 06:29:24,2025-07-08 06:34:24,300,0.08
2730,L16,#32,GW252/13600,(3)待机状态,3,2025-07-08 06:28:01,2025-07-08 06:29:24,83,0.02
2731,L16,#32,GW252/13600,(2)停机状态,2,2025-07-08 06:27:59,2025-07-08 06:28:01,2,0
2732,L16,#32,GW252/13600,(1)停机过程,1,2025-07-08 06:27:27,2025-07-08 06:27:59,32,0.01
2733,L16,#32,GW252/13600,(4)启机状态,4,2025-07-08 06:22:27,2025-07-08 06:27:27,300,0.08
2734,L16,#32,GW252/13600,(3)待机状态,3,2025-07-08 06:20:57,2025-07-08 06:22:27,90,0.03
2735,L16,#32,GW252/13600,(2)停机状态,2,2025-07-08 06:20:54,2025-07-08 06:20:57,3,0
2736,L16,#32,GW252/13600,(1)停机过程,1,2025-07-08 06:20:23,2025-07-08 06:20:54,31,0.01
2737,L16,#32,GW252/13600,(4)启机状态,4,2025-07-08 06:15:24,2025-07-08 06:20:23,299,0.08
2738,L16,#32,GW252/13600,(3)待机状态,3,2025-07-08 06:13:51,2025-07-08 06:15:24,93,0.03
2739,L16,#32,GW252/13600,(2)停机状态,2,2025-07-08 06:13:49,2025-07-08 06:13:51,2,0
2740,L16,#32,GW252/13600,(1)停机过程,1,2025-07-08 06:13:17,2025-07-08 06:13:49,32,0.01
2741,L16,#32,GW252/13600,(4)启机状态,4,2025-07-08 06:08:17,2025-07-08 06:13:17,300,0.08
2742,L16,#32,GW252/13600,(3)待机状态,3,2025-07-08 06:06:21,2025-07-08 06:08:17,116,0.03
2743,L16,#32,GW252/13600,(2)停机状态,2,2025-07-08 06:04:44,2025-07-08 06:06:21,97,0.03
2744,L16,#32,GW252/13600,(1)停机过程,1,2025-07-08 06:03:47,2025-07-08 06:04:44,57,0.02
2745,L16,#32,GW252/13600,(5)发电状态,5,2025-07-07 16:02:26,2025-07-08 06:03:47,50481,14.02
2746,L16,#32,GW252/13600,(4)启机状态,4,2025-07-07 15:58:49,2025-07-07 16:02:26,217,0.06
2747,L16,#32,GW252/13600,(3)待机状态,3,2025-07-07 15:57:58,2025-07-07 15:58:49,51,0.01
2748,L16,#32,GW252/13600,(2)停机状态,2,2025-07-07 15:57:56,2025-07-07 15:57:58,2,0
2749,L16,#32,GW252/13600,(1)停机过程,1,2025-07-07 15:57:25,2025-07-07 15:57:56,31,0.01
2750,L16,#32,GW252/13600,(4)启机状态,4,2025-07-07 15:52:25,2025-07-07 15:57:25,300,0.08
2751,L16,#32,GW252/13600,(3)待机状态,3,2025-07-07 15:51:35,2025-07-07 15:52:25,50,0.01
2752,L16,#32,GW252/13600,(2)停机状态,2,2025-07-07 15:51:34,2025-07-07 15:51:35,1,0
2753,L16,#32,GW252/13600,(1)停机过程,1,2025-07-07 15:51:03,2025-07-07 15:51:34,31,0.01
2754,L16,#32,GW252/13600,(4)启机状态,4,2025-07-07 15:46:04,2025-07-07 15:51:03,299,0.08
2755,L16,#32,GW252/13600,(3)待机状态,3,2025-07-07 15:45:03,2025-07-07 15:46:04,61,0.02
2756,L16,#32,GW252/13600,(2)停机状态,2,2025-07-07 15:45:02,2025-07-07 15:45:03,1,0
2757,L16,#32,GW252/13600,(1)停机过程,1,2025-07-07 15:44:30,2025-07-07 15:45:02,32,0.01
2758,L16,#32,GW252/13600,(4)启机状态,4,2025-07-07 15:39:30,2025-07-07 15:44:30,300,0.08
2759,L16,#32,GW252/13600,(3)待机状态,3,2025-07-07 15:38:40,2025-07-07 15:39:30,50,0.01
2760,L16,#32,GW252/13600,(1)停机过程,1,2025-07-07 15:38:07,2025-07-07 15:38:40,33,0.01
2761,L16,#32,GW252/13600,(4)启机状态,4,2025-07-07 15:33:07,2025-07-07 15:38:07,300,0.08
2762,L16,#32,GW252/13600,(3)待机状态,3,2025-07-07 15:32:12,2025-07-07 15:33:07,55,0.02
2763,L16,#32,GW252/13600,(2)停机状态,2,2025-07-07 15:32:11,2025-07-07 15:32:12,1,0
2764,L16,#32,GW252/13600,(1)停机过程,1,2025-07-07 15:31:14,2025-07-07 15:32:11,57,0.02
2765,L16,#32,GW252/13600,(4)启机状态,4,2025-07-07 15:26:14,2025-07-07 15:31:14,300,0.08
2766,L16,#32,GW252/13600,(3)待机状态,3,2025-07-07 15:25:14,2025-07-07 15:26:14,60,0.02
2767,L16,#32,GW252/13600,(2)停机状态,2,2025-07-07 15:25:13,2025-07-07 15:25:14,1,0
2768,L16,#32,GW252/13600,(1)停机过程,1,2025-07-07 15:24:40,2025-07-07 15:25:13,33,0.01
2769,L16,#32,GW252/13600,(4)启机状态,4,2025-07-07 15:19:40,2025-07-07 15:24:40,300,0.08
2770,L16,#32,GW252/13600,(3)待机状态,3,2025-07-07 15:18:21,2025-07-07 15:19:40,79,0.02
2771,L16,#32,GW252/13600,(2)停机状态,2,2025-07-07 15:18:19,2025-07-07 15:18:21,2,0
2772,L16,#32,GW252/13600,(1)停机过程,1,2025-07-07 15:17:47,2025-07-07 15:18:19,32,0.01
2773,L16,#32,GW252/13600,(4)启机状态,4,2025-07-07 15:12:47,2025-07-07 15:17:47,300,0.08
2774,L16,#32,GW252/13600,(3)待机状态,3,2025-07-07 15:11:23,2025-07-07 15:12:47,84,0.02
2775,L16,#32,GW252/13600,(2)停机状态,2,2025-07-07 15:11:22,2025-07-07 15:11:23,1,0
2776,L16,#32,GW252/13600,(1)停机过程,1,2025-07-07 15:10:50,2025-07-07 15:11:22,32,0.01
2777,L16,#32,GW252/13600,(4)启机状态,4,2025-07-07 15:05:50,2025-07-07 15:10:50,300,0.08
2778,L16,#32,GW252/13600,(3)待机状态,3,2025-07-07 15:04:39,2025-07-07 15:05:50,71,0.02
2779,L16,#32,GW252/13600,(2)停机状态,2,2025-07-07 15:04:38,2025-07-07 15:04:39,1,0
2780,L16,#32,GW252/13600,(1)停机过程,1,2025-07-07 15:04:05,2025-07-07 15:04:38,33,0.01
2781,L16,#32,GW252/13600,(4)启机状态,4,2025-07-07 14:59:05,2025-07-07 15:04:05,300,0.08
2782,L16,#32,GW252/13600,(3)待机状态,3,2025-07-07 14:58:12,2025-07-07 14:59:05,53,0.01
2783,L16,#32,GW252/13600,(1)停机过程,1,2025-07-07 14:57:41,2025-07-07 14:58:12,31,0.01
2784,L16,#32,GW252/13600,(4)启机状态,4,2025-07-07 14:52:41,2025-07-07 14:57:41,300,0.08
2785,L16,#32,GW252/13600,(3)待机状态,3,2025-07-07 14:51:47,2025-07-07 14:52:41,54,0.02
2786,L16,#32,GW252/13600,(2)停机状态,2,2025-07-07 14:51:46,2025-07-07 14:51:47,1,0
2787,L16,#32,GW252/13600,(1)停机过程,1,2025-07-07 14:51:15,2025-07-07 14:51:46,31,0.01
2788,L16,#32,GW252/13600,(4)启机状态,4,2025-07-07 14:46:14,2025-07-07 14:51:15,301,0.08
2789,L16,#32,GW252/13600,(3)待机状态,3,2025-07-07 14:45:17,2025-07-07 14:46:14,57,0.02
2790,L16,#32,GW252/13600,(1)停机过程,1,2025-07-07 14:44:44,2025-07-07 14:45:17,33,0.01
2791,L16,#32,GW252/13600,(4)启机状态,4,2025-07-07 14:39:44,2025-07-07 14:44:44,300,0.08
2792,L16,#32,GW252/13600,(3)待机状态,3,2025-07-07 14:38:30,2025-07-07 14:39:44,74,0.02
2793,L16,#32,GW252/13600,(2)停机状态,2,2025-07-07 14:38:01,2025-07-07 14:38:30,29,0.01
2794,L16,#32,GW252/13600,(1)停机过程,1,2025-07-07 14:37:29,2025-07-07 14:38:01,32,0.01
2795,L16,#32,GW252/13600,(4)启机状态,4,2025-07-07 14:32:29,2025-07-07 14:37:29,300,0.08
2796,L16,#32,GW252/13600,(3)待机状态,3,2025-07-07 14:30:58,2025-07-07 14:32:29,91,0.03
2797,L16,#32,GW252/13600,(2)停机状态,2,2025-07-07 14:29:04,2025-07-07 14:30:58,114,0.03
2798,L16,#32,GW252/13600,(1)停机过程,1,2025-07-07 14:28:33,2025-07-07 14:29:04,31,0.01
2799,L16,#32,GW252/13600,(4)启机状态,4,2025-07-07 14:23:33,2025-07-07 14:28:33,300,0.08
2800,L16,#32,GW252/13600,(3)待机状态,3,2025-07-07 14:21:20,2025-07-07 14:23:33,133,0.04
2801,L16,#32,GW252/13600,(2)停机状态,2,2025-07-07 14:20:12,2025-07-07 14:21:20,68,0.02
2802,L16,#32,GW252/13600,(1)停机过程,1,2025-07-07 14:19:40,2025-07-07 14:20:12,32,0.01
2803,L16,#32,GW252/13600,(4)启机状态,4,2025-07-07 14:14:40,2025-07-07 14:19:40,300,0.08
2804,L16,#32,GW252/13600,(3)待机状态,3,2025-07-07 14:13:27,2025-07-07 14:14:40,73,0.02
2805,L16,#32,GW252/13600,(2)停机状态,2,2025-07-07 14:13:20,2025-07-07 14:13:27,7,0
2806,L16,#32,GW252/13600,(1)停机过程,1,2025-07-07 14:12:49,2025-07-07 14:13:20,31,0.01
2807,L16,#32,GW252/13600,(4)启机状态,4,2025-07-07 14:07:49,2025-07-07 14:12:49,300,0.08
2808,L16,#32,GW252/13600,(3)待机状态,3,2025-07-07 14:06:22,2025-07-07 14:07:49,87,0.02
2809,L16,#32,GW252/13600,(2)停机状态,2,2025-07-07 14:06:20,2025-07-07 14:06:22,2,0
2810,L16,#32,GW252/13600,(1)停机过程,1,2025-07-07 14:05:50,2025-07-07 14:06:20,30,0.01
2811,L16,#32,GW252/13600,(4)启机状态,4,2025-07-07 14:00:50,2025-07-07 14:05:50,300,0.08
2812,L16,#32,GW252/13600,(3)待机状态,3,2025-07-07 12:40:50,2025-07-07 14:00:50,4800,1.33
2813,L16,#32,GW252/13600,(2)停机状态,2,2025-07-07 12:35:13,2025-07-07 12:40:50,337,0.09
2814,L16,#32,GW252/13600,(1)停机过程,1,2025-07-07 12:34:42,2025-07-07 12:35:13,31,0.01
2815,L16,#32,GW252/13600,(4)启机状态,4,2025-07-07 12:29:41,2025-07-07 12:34:42,301,0.08
2816,L16,#32,GW252/13600,(3)待机状态,3,2025-07-07 12:25:39,2025-07-07 12:29:41,242,0.07
2817,L16,#32,GW252/13600,(2)停机状态,2,2025-07-07 12:23:14,2025-07-07 12:25:39,145,0.04
2818,L16,#32,GW252/13600,(1)停机过程,1,2025-07-07 12:22:41,2025-07-07 12:23:14,33,0.01
2819,L16,#32,GW252/13600,(4)启机状态,4,2025-07-07 12:17:41,2025-07-07 12:22:41,300,0.08
2820,L16,#32,GW252/13600,(3)待机状态,3,2025-07-07 12:14:07,2025-07-07 12:17:41,214,0.06
2821,L16,#32,GW252/13600,(2)停机状态,2,2025-07-07 12:09:03,2025-07-07 12:14:07,304,0.08
2822,L16,#32,GW252/13600,(1)停机过程,1,2025-07-07 12:08:06,2025-07-07 12:09:03,57,0.02
2823,L16,#32,GW252/13600,(5)发电状态,5,2025-07-07 09:16:59,2025-07-07 12:08:06,10267,2.85
2824,L16,#32,GW252/13600,(4)启机状态,4,2025-07-07 09:12:24,2025-07-07 09:16:59,275,0.08
2825,L16,#32,GW252/13600,(3)待机状态,3,2025-07-07 09:11:31,2025-07-07 09:12:24,53,0.01
2826,L16,#32,GW252/13600,(2)停机状态,2,2025-07-07 09:11:30,2025-07-07 09:11:31,1,0
2827,L16,#32,GW252/13600,(1)停机过程,1,2025-07-07 09:11:00,2025-07-07 09:11:30,30,0.01
2828,L16,#32,GW252/13600,(4)启机状态,4,2025-07-07 09:06:00,2025-07-07 09:11:00,300,0.08
2829,L16,#32,GW252/13600,(3)待机状态,3,2025-07-07 09:04:44,2025-07-07 09:06:00,76,0.02
2830,L16,#32,GW252/13600,(2)停机状态,2,2025-07-07 09:04:43,2025-07-07 09:04:44,1,0
2831,L16,#32,GW252/13600,(1)停机过程,1,2025-07-07 09:04:10,2025-07-07 09:04:43,33,0.01
2832,L16,#32,GW252/13600,(4)启机状态,4,2025-07-07 08:59:11,2025-07-07 09:04:10,299,0.08
2833,L16,#32,GW252/13600,(3)待机状态,3,2025-07-07 08:55:41,2025-07-07 08:59:11,210,0.06
2834,L16,#32,GW252/13600,(2)停机状态,2,2025-07-07 08:54:19,2025-07-07 08:55:41,82,0.02
2835,L16,#32,GW252/13600,(1)停机过程,1,2025-07-07 08:53:47,2025-07-07 08:54:19,32,0.01
2836,L16,#32,GW252/13600,(4)启机状态,4,2025-07-07 08:48:47,2025-07-07 08:53:47,300,0.08
2837,L16,#32,GW252/13600,(3)待机状态,3,2025-07-07 08:47:26,2025-07-07 08:48:47,81,0.02
2838,L16,#32,GW252/13600,(2)停机状态,2,2025-07-07 08:43:08,2025-07-07 08:47:26,258,0.07
2839,L16,#32,GW252/13600,(1)停机过程,1,2025-07-07 08:42:36,2025-07-07 08:43:08,32,0.01
2840,L16,#32,GW252/13600,(4)启机状态,4,2025-07-07 08:37:36,2025-07-07 08:42:36,300,0.08
2841,L16,#32,GW252/13600,(3)待机状态,3,2025-07-07 08:36:37,2025-07-07 08:37:36,59,0.02
2842,L16,#32,GW252/13600,(2)停机状态,2,2025-07-07 08:35:44,2025-07-07 08:36:37,53,0.01
2843,L16,#32,GW252/13600,(1)停机过程,1,2025-07-07 08:35:11,2025-07-07 08:35:44,33,0.01
2844,L16,#32,GW252/13600,(4)启机状态,4,2025-07-07 08:30:12,2025-07-07 08:35:11,299,0.08
2845,L16,#32,GW252/13600,(3)待机状态,3,2025-07-07 08:29:19,2025-07-07 08:30:12,53,0.01
2846,L16,#32,GW252/13600,(2)停机状态,2,2025-07-07 08:29:16,2025-07-07 08:29:19,3,0
2847,L16,#32,GW252/13600,(1)停机过程,1,2025-07-07 08:28:46,2025-07-07 08:29:16,30,0.01
2848,L16,#32,GW252/13600,(4)启机状态,4,2025-07-07 08:23:46,2025-07-07 08:28:46,300,0.08
2849,L16,#32,GW252/13600,(3)待机状态,3,2025-07-07 08:22:50,2025-07-07 08:23:46,56,0.02
2850,L16,#32,GW252/13600,(1)停机过程,1,2025-07-07 08:22:18,2025-07-07 08:22:50,32,0.01
2851,L16,#32,GW252/13600,(4)启机状态,4,2025-07-07 08:17:18,2025-07-07 08:22:18,300,0.08
2852,L16,#32,GW252/13600,(3)待机状态,3,2025-07-07 08:16:00,2025-07-07 08:17:18,78,0.02
2853,L16,#32,GW252/13600,(2)停机状态,2,2025-07-07 08:15:58,2025-07-07 08:16:00,2,0
2854,L16,#32,GW252/13600,(1)停机过程,1,2025-07-07 08:15:27,2025-07-07 08:15:58,31,0.01
2855,L16,#32,GW252/13600,(4)启机状态,4,2025-07-07 08:10:26,2025-07-07 08:15:27,301,0.08
2856,L16,#32,GW252/13600,(3)待机状态,3,2025-07-07 08:08:21,2025-07-07 08:10:26,125,0.03
2857,L16,#32,GW252/13600,(2)停机状态,2,2025-07-07 08:07:52,2025-07-07 08:08:21,29,0.01
2858,L16,#32,GW252/13600,(1)停机过程,1,2025-07-07 08:07:20,2025-07-07 08:07:52,32,0.01
2859,L16,#32,GW252/13600,(4)启机状态,4,2025-07-07 08:02:20,2025-07-07 08:07:20,300,0.08
2860,L16,#32,GW252/13600,(3)待机状态,3,2025-07-07 07:58:24,2025-07-07 08:02:20,236,0.07
2861,L16,#32,GW252/13600,(2)停机状态,2,2025-07-07 07:52:46,2025-07-07 07:58:24,338,0.09
2862,L16,#32,GW252/13600,(1)停机过程,1,2025-07-07 07:52:15,2025-07-07 07:52:46,31,0.01
2863,L16,#32,GW252/13600,(4)启机状态,4,2025-07-07 07:47:15,2025-07-07 07:52:15,300,0.08
2864,L16,#32,GW252/13600,(3)待机状态,3,2025-07-07 07:32:46,2025-07-07 07:47:15,869,0.24
2865,L16,#32,GW252/13600,(2)停机状态,2,2025-07-07 07:27:09,2025-07-07 07:32:46,337,0.09
2866,L16,#32,GW252/13600,(1)停机过程,1,2025-07-07 07:26:38,2025-07-07 07:27:09,31,0.01
2867,L16,#32,GW252/13600,(4)启机状态,4,2025-07-07 07:21:38,2025-07-07 07:26:38,300,0.08
2868,L16,#32,GW252/13600,(3)待机状态,3,2025-07-07 07:19:05,2025-07-07 07:21:38,153,0.04
2869,L16,#32,GW252/13600,(2)停机状态,2,2025-07-07 07:14:12,2025-07-07 07:19:05,293,0.08
2870,L16,#32,GW252/13600,(1)停机过程,1,2025-07-07 07:13:41,2025-07-07 07:14:12,31,0.01
2871,L16,#32,GW252/13600,(4)启机状态,4,2025-07-07 07:08:41,2025-07-07 07:13:41,300,0.08
2872,L16,#32,GW252/13600,(3)待机状态,3,2025-07-07 07:06:52,2025-07-07 07:08:41,109,0.03
2873,L16,#32,GW252/13600,(2)停机状态,2,2025-07-07 07:06:49,2025-07-07 07:06:52,3,0
2874,L16,#32,GW252/13600,(1)停机过程,1,2025-07-07 07:06:17,2025-07-07 07:06:49,32,0.01
2875,L16,#32,GW252/13600,(4)启机状态,4,2025-07-07 07:01:17,2025-07-07 07:06:17,300,0.08
2876,L16,#32,GW252/13600,(3)待机状态,3,2025-07-07 07:00:13,2025-07-07 07:01:17,64,0.02
2877,L16,#32,GW252/13600,(2)停机状态,2,2025-07-07 06:55:34,2025-07-07 07:00:13,279,0.08
2878,L16,#32,GW252/13600,(1)停机过程,1,2025-07-07 06:54:37,2025-07-07 06:55:34,57,0.02
2879,L16,#32,GW252/13600,(5)发电状态,5,2025-07-06 21:45:51,2025-07-07 06:54:37,32926,9.15
2880,L16,#32,GW252/13600,(4)启机状态,4,2025-07-06 21:43:19,2025-07-06 21:45:51,152,0.04
2881,L16,#32,GW252/13600,(3)待机状态,3,2025-07-06 21:42:28,2025-07-06 21:43:19,51,0.01
2882,L16,#32,GW252/13600,(2)停机状态,2,2025-07-06 21:42:26,2025-07-06 21:42:28,2,0
2883,L16,#32,GW252/13600,(1)停机过程,1,2025-07-06 21:41:30,2025-07-06 21:42:26,56,0.02
2884,L16,#32,GW252/13600,(4)启机状态,4,2025-07-06 21:36:30,2025-07-06 21:41:30,300,0.08
2885,L16,#32,GW252/13600,(3)待机状态,3,2025-07-06 21:35:33,2025-07-06 21:36:30,57,0.02
2886,L16,#32,GW252/13600,(2)停机状态,2,2025-07-06 21:35:30,2025-07-06 21:35:33,3,0
2887,L16,#32,GW252/13600,(1)停机过程,1,2025-07-06 21:34:59,2025-07-06 21:35:30,31,0.01
2888,L16,#32,GW252/13600,(4)启机状态,4,2025-07-06 21:29:59,2025-07-06 21:34:59,300,0.08
2889,L16,#32,GW252/13600,(3)待机状态,3,2025-07-06 21:29:06,2025-07-06 21:29:59,53,0.01
2890,L16,#32,GW252/13600,(2)停机状态,2,2025-07-06 21:29:05,2025-07-06 21:29:06,1,0
2891,L16,#32,GW252/13600,(1)停机过程,1,2025-07-06 21:28:33,2025-07-06 21:29:05,32,0.01
2892,L16,#32,GW252/13600,(4)启机状态,4,2025-07-06 21:23:34,2025-07-06 21:28:33,299,0.08
2893,L16,#32,GW252/13600,(3)待机状态,3,2025-07-06 21:22:28,2025-07-06 21:23:34,66,0.02
2894,L16,#32,GW252/13600,(2)停机状态,2,2025-07-06 21:22:26,2025-07-06 21:22:28,2,0
2895,L16,#32,GW252/13600,(1)停机过程,1,2025-07-06 21:21:53,2025-07-06 21:22:26,33,0.01
2896,L16,#32,GW252/13600,(4)启机状态,4,2025-07-06 21:16:53,2025-07-06 21:21:53,300,0.08
2897,L16,#32,GW252/13600,(3)待机状态,3,2025-07-06 21:15:36,2025-07-06 21:16:53,77,0.02
2898,L16,#32,GW252/13600,(2)停机状态,2,2025-07-06 21:15:04,2025-07-06 21:15:36,32,0.01
2899,L16,#32,GW252/13600,(1)停机过程,1,2025-07-06 21:14:31,2025-07-06 21:15:04,33,0.01
2900,L16,#32,GW252/13600,(4)启机状态,4,2025-07-06 21:09:31,2025-07-06 21:14:31,300,0.08
2901,L16,#32,GW252/13600,(3)待机状态,3,2025-07-06 21:07:57,2025-07-06 21:09:31,94,0.03
2902,L16,#32,GW252/13600,(2)停机状态,2,2025-07-06 21:06:31,2025-07-06 21:07:57,86,0.02
2903,L16,#32,GW252/13600,(1)停机过程,1,2025-07-06 21:06:00,2025-07-06 21:06:31,31,0.01
2904,L16,#32,GW252/13600,(4)启机状态,4,2025-07-06 21:00:59,2025-07-06 21:06:00,301,0.08
2905,L16,#32,GW252/13600,(3)待机状态,3,2025-07-06 20:57:38,2025-07-06 21:00:59,201,0.06
2906,L16,#32,GW252/13600,(2)停机状态,2,2025-07-06 20:52:03,2025-07-06 20:57:38,335,0.09
2907,L16,#32,GW252/13600,(1)停机过程,1,2025-07-06 20:51:30,2025-07-06 20:52:03,33,0.01
2908,L16,#32,GW252/13600,(4)启机状态,4,2025-07-06 20:46:30,2025-07-06 20:51:30,300,0.08
2909,L16,#32,GW252/13600,(3)待机状态,3,2025-07-06 20:43:49,2025-07-06 20:46:30,161,0.04
2910,L16,#32,GW252/13600,(2)停机状态,2,2025-07-06 20:43:23,2025-07-06 20:43:49,26,0.01
2911,L16,#32,GW252/13600,(1)停机过程,1,2025-07-06 20:42:51,2025-07-06 20:43:23,32,0.01
2912,L16,#32,GW252/13600,(4)启机状态,4,2025-07-06 20:37:51,2025-07-06 20:42:51,300,0.08
2913,L16,#32,GW252/13600,(3)待机状态,3,2025-07-06 20:34:54,2025-07-06 20:37:51,177,0.05
2914,L16,#32,GW252/13600,(2)停机状态,2,2025-07-06 20:34:22,2025-07-06 20:34:54,32,0.01
2915,L16,#32,GW252/13600,(1)停机过程,1,2025-07-06 20:33:25,2025-07-06 20:34:22,57,0.02
2916,L16,#32,GW252/13600,(5)发电状态,5,2025-07-06 18:32:26,2025-07-06 20:33:25,7259,2.02
2917,L16,#32,GW252/13600,(4)启机状态,4,2025-07-06 18:28:46,2025-07-06 18:32:26,220,0.06
2918,L16,#32,GW252/13600,(3)待机状态,3,2025-07-06 18:27:51,2025-07-06 18:28:46,55,0.02
2919,L16,#32,GW252/13600,(2)停机状态,2,2025-07-06 18:27:50,2025-07-06 18:27:51,1,0
2920,L16,#32,GW252/13600,(1)停机过程,1,2025-07-06 18:26:54,2025-07-06 18:27:50,56,0.02
2921,L16,#32,GW252/13600,(4)启机状态,4,2025-07-06 18:21:54,2025-07-06 18:26:54,300,0.08
2922,L16,#32,GW252/13600,(3)待机状态,3,2025-07-06 18:20:36,2025-07-06 18:21:54,78,0.02
2923,L16,#32,GW252/13600,(2)停机状态,2,2025-07-06 18:20:34,2025-07-06 18:20:36,2,0
2924,L16,#32,GW252/13600,(1)停机过程,1,2025-07-06 18:20:02,2025-07-06 18:20:34,32,0.01
2925,L16,#32,GW252/13600,(4)启机状态,4,2025-07-06 18:15:02,2025-07-06 18:20:02,300,0.08
2926,L16,#32,GW252/13600,(3)待机状态,3,2025-07-06 16:15:26,2025-07-06 18:15:02,7176,1.99
2927,L16,#32,GW252/13600,(2)停机状态,2,2025-07-06 16:14:21,2025-07-06 16:15:26,65,0.02
2928,L16,#32,GW252/13600,(1)停机过程,1,2025-07-06 16:13:47,2025-07-06 16:14:21,34,0.01
2929,L16,#32,GW252/13600,(4)启机状态,4,2025-07-06 16:08:47,2025-07-06 16:13:47,300,0.08
2930,L16,#32,GW252/13600,(3)待机状态,3,2025-07-06 16:05:20,2025-07-06 16:08:47,207,0.06
2931,L16,#32,GW252/13600,(2)停机状态,2,2025-07-06 16:01:00,2025-07-06 16:05:20,260,0.07
2932,L16,#32,GW252/13600,(1)停机过程,1,2025-07-06 16:00:27,2025-07-06 16:01:00,33,0.01
2933,L16,#32,GW252/13600,(4)启机状态,4,2025-07-06 15:55:27,2025-07-06 16:00:27,300,0.08
2934,L16,#32,GW252/13600,(3)待机状态,3,2025-07-06 15:54:28,2025-07-06 15:55:27,59,0.02
2935,L16,#32,GW252/13600,(2)停机状态,2,2025-07-06 15:48:51,2025-07-06 15:54:28,337,0.09
2936,L16,#32,GW252/13600,(1)停机过程,1,2025-07-06 15:48:20,2025-07-06 15:48:51,31,0.01
2937,L16,#32,GW252/13600,(4)启机状态,4,2025-07-06 15:43:20,2025-07-06 15:48:20,300,0.08
2938,L16,#32,GW252/13600,(3)待机状态,3,2025-07-06 15:42:26,2025-07-06 15:43:20,54,0.02
2939,L16,#32,GW252/13600,(2)停机状态,2,2025-07-06 15:42:24,2025-07-06 15:42:26,2,0
2940,L16,#32,GW252/13600,(1)停机过程,1,2025-07-06 15:41:27,2025-07-06 15:42:24,57,0.02
2941,L16,#32,GW252/13600,(4)启机状态,4,2025-07-06 15:36:27,2025-07-06 15:41:27,300,0.08
2942,L16,#32,GW252/13600,(3)待机状态,3,2025-07-06 15:35:26,2025-07-06 15:36:27,61,0.02
2943,L16,#32,GW252/13600,(2)停机状态,2,2025-07-06 15:32:40,2025-07-06 15:35:26,166,0.05
2944,L16,#32,GW252/13600,(1)停机过程,1,2025-07-06 15:32:09,2025-07-06 15:32:40,31,0.01
2945,L16,#32,GW252/13600,(4)启机状态,4,2025-07-06 15:27:09,2025-07-06 15:32:09,300,0.08
2946,L16,#32,GW252/13600,(3)待机状态,3,2025-07-06 15:26:07,2025-07-06 15:27:09,62,0.02
2947,L16,#32,GW252/13600,(2)停机状态,2,2025-07-06 15:26:06,2025-07-06 15:26:07,1,0
2948,L16,#32,GW252/13600,(1)停机过程,1,2025-07-06 15:25:34,2025-07-06 15:26:06,32,0.01
2949,L16,#32,GW252/13600,(4)启机状态,4,2025-07-06 15:20:34,2025-07-06 15:25:34,300,0.08
2950,L16,#32,GW252/13600,(3)待机状态,3,2025-07-06 15:19:20,2025-07-06 15:20:34,74,0.02
2951,L16,#32,GW252/13600,(2)停机状态,2,2025-07-06 15:19:19,2025-07-06 15:19:20,1,0
2952,L16,#32,GW252/13600,(1)停机过程,1,2025-07-06 15:18:48,2025-07-06 15:19:19,31,0.01
2953,L16,#32,GW252/13600,(4)启机状态,4,2025-07-06 15:13:48,2025-07-06 15:18:48,300,0.08
2954,L16,#32,GW252/13600,(3)待机状态,3,2025-07-06 15:11:58,2025-07-06 15:13:48,110,0.03
2955,L16,#32,GW252/13600,(2)停机状态,2,2025-07-06 15:11:55,2025-07-06 15:11:58,3,0
2956,L16,#32,GW252/13600,(1)停机过程,1,2025-07-06 15:11:24,2025-07-06 15:11:55,31,0.01
2957,L16,#32,GW252/13600,(4)启机状态,4,2025-07-06 15:06:23,2025-07-06 15:11:24,301,0.08
2958,L16,#32,GW252/13600,(3)待机状态,3,2025-07-06 15:05:01,2025-07-06 15:06:23,82,0.02
2959,L16,#32,GW252/13600,(2)停机状态,2,2025-07-06 15:02:14,2025-07-06 15:05:01,167,0.05
2960,L16,#32,GW252/13600,(1)停机过程,1,2025-07-06 15:01:16,2025-07-06 15:02:14,58,0.02
2961,L16,#32,GW252/13600,(5)发电状态,5,2025-07-06 14:35:41,2025-07-06 15:01:16,1535,0.43
2962,L16,#32,GW252/13600,(4)启机状态,4,2025-07-06 14:31:14,2025-07-06 14:35:41,267,0.07
2963,L16,#32,GW252/13600,(3)待机状态,3,2025-07-06 14:30:22,2025-07-06 14:31:14,52,0.01
2964,L16,#32,GW252/13600,(1)停机过程,1,2025-07-06 14:29:49,2025-07-06 14:30:22,33,0.01
2965,L16,#32,GW252/13600,(4)启机状态,4,2025-07-06 14:24:49,2025-07-06 14:29:49,300,0.08
2966,L16,#32,GW252/13600,(3)待机状态,3,2025-07-06 14:23:47,2025-07-06 14:24:49,62,0.02
2967,L16,#32,GW252/13600,(2)停机状态,2,2025-07-06 14:23:46,2025-07-06 14:23:47,1,0
2968,L16,#32,GW252/13600,(1)停机过程,1,2025-07-06 14:23:15,2025-07-06 14:23:46,31,0.01
2969,L16,#32,GW252/13600,(4)启机状态,4,2025-07-06 14:18:15,2025-07-06 14:23:15,300,0.08
2970,L16,#32,GW252/13600,(3)待机状态,3,2025-07-06 14:15:59,2025-07-06 14:18:15,136,0.04
2971,L16,#32,GW252/13600,(2)停机状态,2,2025-07-06 14:15:58,2025-07-06 14:15:59,1,0
2972,L16,#32,GW252/13600,(1)停机过程,1,2025-07-06 14:15:26,2025-07-06 14:15:58,32,0.01
2973,L16,#32,GW252/13600,(4)启机状态,4,2025-07-06 14:10:26,2025-07-06 14:15:26,300,0.08
2974,L16,#32,GW252/13600,(3)待机状态,3,2025-07-06 14:08:19,2025-07-06 14:10:26,127,0.04
2975,L16,#32,GW252/13600,(2)停机状态,2,2025-07-06 14:08:10,2025-07-06 14:08:19,9,0
2976,L16,#32,GW252/13600,(1)停机过程,1,2025-07-06 14:07:39,2025-07-06 14:08:10,31,0.01
2977,L16,#32,GW252/13600,(4)启机状态,4,2025-07-06 14:02:39,2025-07-06 14:07:39,300,0.08
2978,L16,#32,GW252/13600,(3)待机状态,3,2025-07-06 14:00:59,2025-07-06 14:02:39,100,0.03
2979,L16,#32,GW252/13600,(2)停机状态,2,2025-07-06 14:00:58,2025-07-06 14:00:59,1,0
2980,L16,#32,GW252/13600,(1)停机过程,1,2025-07-06 14:00:26,2025-07-06 14:00:58,32,0.01
2981,L16,#32,GW252/13600,(4)启机状态,4,2025-07-06 13:55:26,2025-07-06 14:00:26,300,0.08
2982,L16,#32,GW252/13600,(3)待机状态,3,2025-07-06 13:53:04,2025-07-06 13:55:26,142,0.04
2983,L16,#32,GW252/13600,(2)停机状态,2,2025-07-06 13:50:15,2025-07-06 13:53:04,169,0.05
2984,L16,#32,GW252/13600,(1)停机过程,1,2025-07-06 13:49:43,2025-07-06 13:50:15,32,0.01
2985,L16,#32,GW252/13600,(4)启机状态,4,2025-07-06 13:44:43,2025-07-06 13:49:43,300,0.08
2986,L16,#32,GW252/13600,(3)待机状态,3,2025-07-06 13:43:13,2025-07-06 13:44:43,90,0.03
2987,L16,#32,GW252/13600,(2)停机状态,2,2025-07-06 13:43:12,2025-07-06 13:43:13,1,0
2988,L16,#32,GW252/13600,(1)停机过程,1,2025-07-06 13:42:39,2025-07-06 13:43:12,33,0.01
2989,L16,#32,GW252/13600,(4)启机状态,4,2025-07-06 13:37:39,2025-07-06 13:42:39,300,0.08
2990,L16,#32,GW252/13600,(3)待机状态,3,2025-07-06 13:36:13,2025-07-06 13:37:39,86,0.02
2991,L16,#32,GW252/13600,(2)停机状态,2,2025-07-06 13:36:11,2025-07-06 13:36:13,2,0
2992,L16,#32,GW252/13600,(1)停机过程,1,2025-07-06 13:35:39,2025-07-06 13:36:11,32,0.01
2993,L16,#32,GW252/13600,(4)启机状态,4,2025-07-06 13:30:39,2025-07-06 13:35:39,300,0.08
2994,L16,#32,GW252/13600,(3)待机状态,3,2025-07-06 13:28:09,2025-07-06 13:30:39,150,0.04
2995,L16,#32,GW252/13600,(2)停机状态,2,2025-07-06 13:26:50,2025-07-06 13:28:09,79,0.02
2996,L16,#32,GW252/13600,(1)停机过程,1,2025-07-06 13:26:18,2025-07-06 13:26:50,32,0.01
2997,L16,#32,GW252/13600,(4)启机状态,4,2025-07-06 13:21:18,2025-07-06 13:26:18,300,0.08
2998,L16,#32,GW252/13600,(3)待机状态,3,2025-07-06 13:18:59,2025-07-06 13:21:18,139,0.04
2999,L16,#32,GW252/13600,(2)停机状态,2,2025-07-06 13:18:58,2025-07-06 13:18:59,1,0
3000,L16,#32,GW252/13600,(1)停机过程,1,2025-07-06 13:18:25,2025-07-06 13:18:58,33,0.01
3001,L16,#32,GW252/13600,(4)启机状态,4,2025-07-06 13:13:26,2025-07-06 13:18:25,299,0.08
3002,L16,#32,GW252/13600,(3)待机状态,3,2025-07-06 13:11:52,2025-07-06 13:13:26,94,0.03
3003,L16,#32,GW252/13600,(2)停机状态,2,2025-07-06 13:11:51,2025-07-06 13:11:52,1,0
3004,L16,#32,GW252/13600,(1)停机过程,1,2025-07-06 13:11:19,2025-07-06 13:11:51,32,0.01
3005,L16,#32,GW252/13600,(4)启机状态,4,2025-07-06 13:06:18,2025-07-06 13:11:19,301,0.08
3006,L16,#32,GW252/13600,(3)待机状态,3,2025-07-06 13:03:19,2025-07-06 13:06:18,179,0.05
3007,L16,#32,GW252/13600,(2)停机状态,2,2025-07-06 13:02:39,2025-07-06 13:03:19,40,0.01
3008,L16,#32,GW252/13600,(1)停机过程,1,2025-07-06 13:02:09,2025-07-06 13:02:39,30,0.01
3009,L16,#32,GW252/13600,(4)启机状态,4,2025-07-06 12:57:09,2025-07-06 13:02:09,300,0.08
3010,L16,#32,GW252/13600,(3)待机状态,3,2025-07-06 12:54:13,2025-07-06 12:57:09,176,0.05
3011,L16,#32,GW252/13600,(2)停机状态,2,2025-07-06 12:48:37,2025-07-06 12:54:13,336,0.09
3012,L16,#32,GW252/13600,(1)停机过程,1,2025-07-06 12:48:06,2025-07-06 12:48:37,31,0.01
3013,L16,#32,GW252/13600,(4)启机状态,4,2025-07-06 12:43:06,2025-07-06 12:48:06,300,0.08
3014,L16,#32,GW252/13600,(3)待机状态,3,2025-07-06 12:41:20,2025-07-06 12:43:06,106,0.03
3015,L16,#32,GW252/13600,(2)停机状态,2,2025-07-06 12:41:15,2025-07-06 12:41:20,5,0
3016,L16,#32,GW252/13600,(1)停机过程,1,2025-07-06 12:40:43,2025-07-06 12:41:15,32,0.01
3017,L16,#32,GW252/13600,(4)启机状态,4,2025-07-06 12:35:43,2025-07-06 12:40:43,300,0.08
3018,L16,#32,GW252/13600,(3)待机状态,3,2025-07-06 09:47:09,2025-07-06 12:35:43,10114,2.81
3019,L16,#32,GW252/13600,(2)停机状态,2,2025-07-06 09:41:34,2025-07-06 09:47:09,335,0.09
3020,L16,#32,GW252/13600,(1)停机过程,1,2025-07-06 09:41:01,2025-07-06 09:41:34,33,0.01
3021,L16,#32,GW252/13600,(4)启机状态,4,2025-07-06 09:36:02,2025-07-06 09:41:01,299,0.08
3022,L16,#32,GW252/13600,(3)待机状态,3,2025-07-06 09:34:53,2025-07-06 09:36:02,69,0.02
3023,L16,#32,GW252/13600,(2)停机状态,2,2025-07-06 09:29:15,2025-07-06 09:34:53,338,0.09
3024,L16,#32,GW252/13600,(1)停机过程,1,2025-07-06 09:28:44,2025-07-06 09:29:15,31,0.01
3025,L16,#32,GW252/13600,(4)启机状态,4,2025-07-06 09:23:44,2025-07-06 09:28:44,300,0.08
3026,L16,#32,GW252/13600,(3)待机状态,3,2025-07-06 09:22:12,2025-07-06 09:23:44,92,0.03
3027,L16,#32,GW252/13600,(2)停机状态,2,2025-07-06 09:17:23,2025-07-06 09:22:12,289,0.08
3028,L16,#32,GW252/13600,(1)停机过程,1,2025-07-06 09:16:51,2025-07-06 09:17:23,32,0.01
3029,L16,#32,GW252/13600,(4)启机状态,4,2025-07-06 09:11:52,2025-07-06 09:16:51,299,0.08
3030,L16,#32,GW252/13600,(3)待机状态,3,2025-07-06 09:10:50,2025-07-06 09:11:52,62,0.02
3031,L16,#32,GW252/13600,(2)停机状态,2,2025-07-06 09:10:48,2025-07-06 09:10:50,2,0
3032,L16,#32,GW252/13600,(1)停机过程,1,2025-07-06 09:10:18,2025-07-06 09:10:48,30,0.01
3033,L16,#32,GW252/13600,(4)启机状态,4,2025-07-06 09:05:17,2025-07-06 09:10:18,301,0.08
3034,L16,#32,GW252/13600,(3)待机状态,3,2025-07-06 09:04:24,2025-07-06 09:05:17,53,0.01
3035,L16,#32,GW252/13600,(2)停机状态,2,2025-07-06 09:04:22,2025-07-06 09:04:24,2,0
3036,L16,#32,GW252/13600,(1)停机过程,1,2025-07-06 09:03:50,2025-07-06 09:04:22,32,0.01
3037,L16,#32,GW252/13600,(4)启机状态,4,2025-07-06 08:58:50,2025-07-06 09:03:50,300,0.08
3038,L16,#32,GW252/13600,(3)待机状态,3,2025-07-06 08:57:55,2025-07-06 08:58:50,55,0.02
3039,L16,#32,GW252/13600,(2)停机状态,2,2025-07-06 08:55:24,2025-07-06 08:57:55,151,0.04
3040,L16,#32,GW252/13600,(1)停机过程,1,2025-07-06 08:54:28,2025-07-06 08:55:24,56,0.02
3041,L16,#32,GW252/13600,(5)发电状态,5,2025-07-06 07:08:49,2025-07-06 08:54:28,6339,1.76
3042,L16,#32,GW252/13600,(4)启机状态,4,2025-07-06 07:04:49,2025-07-06 07:08:49,240,0.07
3043,L16,#32,GW252/13600,(3)待机状态,3,2025-07-06 07:03:47,2025-07-06 07:04:49,62,0.02
3044,L16,#32,GW252/13600,(2)停机状态,2,2025-07-06 06:58:14,2025-07-06 07:03:47,333,0.09
3045,L16,#32,GW252/13600,(1)停机过程,1,2025-07-06 06:57:17,2025-07-06 06:58:14,57,0.02
3046,L16,#32,GW252/13600,(5)发电状态,5,2025-07-06 06:30:57,2025-07-06 06:57:17,1580,0.44
3047,L16,#32,GW252/13600,(4)启机状态,4,2025-07-06 06:27:28,2025-07-06 06:30:57,209,0.06
3048,L16,#32,GW252/13600,(3)待机状态,3,2025-07-06 06:25:41,2025-07-06 06:27:28,107,0.03
3049,L16,#32,GW252/13600,(2)停机状态,2,2025-07-06 06:21:15,2025-07-06 06:25:41,266,0.07
3050,L16,#32,GW252/13600,(1)停机过程,1,2025-07-06 06:20:43,2025-07-06 06:21:15,32,0.01
3051,L16,#32,GW252/13600,(4)启机状态,4,2025-07-06 06:15:43,2025-07-06 06:20:43,300,0.08
3052,L16,#32,GW252/13600,(3)待机状态,3,2025-07-06 03:38:44,2025-07-06 06:15:43,9419,2.62
3053,L16,#32,GW252/13600,(2)停机状态,2,2025-07-06 03:33:07,2025-07-06 03:38:44,337,0.09
3054,L16,#32,GW252/13600,(1)停机过程,1,2025-07-06 03:32:35,2025-07-06 03:33:07,32,0.01
3055,L16,#32,GW252/13600,(4)启机状态,4,2025-07-06 03:27:35,2025-07-06 03:32:35,300,0.08
3056,L16,#32,GW252/13600,(3)待机状态,3,2025-07-06 03:22:15,2025-07-06 03:27:35,320,0.09
3057,L16,#32,GW252/13600,(2)停机状态,2,2025-07-06 03:16:38,2025-07-06 03:22:15,337,0.09
3058,L16,#32,GW252/13600,(1)停机过程,1,2025-07-06 03:16:07,2025-07-06 03:16:38,31,0.01
3059,L16,#32,GW252/13600,(4)启机状态,4,2025-07-06 03:11:07,2025-07-06 03:16:07,300,0.08
3060,L16,#32,GW252/13600,(3)待机状态,3,2025-07-06 03:07:43,2025-07-06 03:11:07,204,0.06
3061,L16,#32,GW252/13600,(2)停机状态,2,2025-07-06 03:05:02,2025-07-06 03:07:43,161,0.04
3062,L16,#32,GW252/13600,(1)停机过程,1,2025-07-06 03:04:30,2025-07-06 03:05:02,32,0.01
3063,L16,#32,GW252/13600,(4)启机状态,4,2025-07-06 02:59:30,2025-07-06 03:04:30,300,0.08
3064,L16,#32,GW252/13600,(3)待机状态,3,2025-07-06 02:57:15,2025-07-06 02:59:30,135,0.04
3065,L16,#32,GW252/13600,(2)停机状态,2,2025-07-06 02:51:45,2025-07-06 02:57:15,330,0.09
3066,L16,#32,GW252/13600,(1)停机过程,1,2025-07-06 02:50:42,2025-07-06 02:51:45,63,0.02
3067,L16,#32,GW252/13600,(5)发电状态,5,2025-07-05 19:50:18,2025-07-06 02:50:42,25224,7.01
3068,L16,#32,GW252/13600,(4)启机状态,4,2025-07-05 19:46:50,2025-07-05 19:50:18,208,0.06
3069,L16,#32,GW252/13600,(3)待机状态,3,2025-07-05 19:45:57,2025-07-05 19:46:50,53,0.01
3070,L16,#32,GW252/13600,(2)停机状态,2,2025-07-05 19:45:56,2025-07-05 19:45:57,1,0
3071,L16,#32,GW252/13600,(1)停机过程,1,2025-07-05 19:45:25,2025-07-05 19:45:56,31,0.01
3072,L16,#32,GW252/13600,(4)启机状态,4,2025-07-05 19:40:25,2025-07-05 19:45:25,300,0.08
3073,L16,#32,GW252/13600,(3)待机状态,3,2025-07-05 19:39:28,2025-07-05 19:40:25,57,0.02
3074,L16,#32,GW252/13600,(2)停机状态,2,2025-07-05 19:39:26,2025-07-05 19:39:28,2,0
3075,L16,#32,GW252/13600,(1)停机过程,1,2025-07-05 19:38:56,2025-07-05 19:39:26,30,0.01
3076,L16,#32,GW252/13600,(4)启机状态,4,2025-07-05 19:33:56,2025-07-05 19:38:56,300,0.08
3077,L16,#32,GW252/13600,(3)待机状态,3,2025-07-05 19:32:44,2025-07-05 19:33:56,72,0.02
3078,L16,#32,GW252/13600,(2)停机状态,2,2025-07-05 19:32:42,2025-07-05 19:32:44,2,0
3079,L16,#32,GW252/13600,(1)停机过程,1,2025-07-05 19:32:09,2025-07-05 19:32:42,33,0.01
3080,L16,#32,GW252/13600,(4)启机状态,4,2025-07-05 19:27:10,2025-07-05 19:32:09,299,0.08
3081,L16,#32,GW252/13600,(3)待机状态,3,2025-07-05 19:26:11,2025-07-05 19:27:10,59,0.02
3082,L16,#32,GW252/13600,(2)停机状态,2,2025-07-05 19:26:10,2025-07-05 19:26:11,1,0
3083,L16,#32,GW252/13600,(1)停机过程,1,2025-07-05 19:25:40,2025-07-05 19:26:10,30,0.01
3084,L16,#32,GW252/13600,(4)启机状态,4,2025-07-05 19:20:39,2025-07-05 19:25:40,301,0.08
3085,L16,#32,GW252/13600,(3)待机状态,3,2025-07-05 19:19:23,2025-07-05 19:20:39,76,0.02
3086,L16,#32,GW252/13600,(1)停机过程,1,2025-07-05 19:18:51,2025-07-05 19:19:23,32,0.01
3087,L16,#32,GW252/13600,(4)启机状态,4,2025-07-05 19:13:51,2025-07-05 19:18:51,300,0.08
3088,L16,#32,GW252/13600,(3)待机状态,3,2025-07-05 19:11:36,2025-07-05 19:13:51,135,0.04
3089,L16,#32,GW252/13600,(2)停机状态,2,2025-07-05 19:11:35,2025-07-05 19:11:36,1,0
3090,L16,#32,GW252/13600,(1)停机过程,1,2025-07-05 19:11:03,2025-07-05 19:11:35,32,0.01
3091,L16,#32,GW252/13600,(4)启机状态,4,2025-07-05 19:06:03,2025-07-05 19:11:03,300,0.08
3092,L16,#32,GW252/13600,(3)待机状态,3,2025-07-05 19:02:28,2025-07-05 19:06:03,215,0.06
3093,L16,#32,GW252/13600,(2)停机状态,2,2025-07-05 19:02:27,2025-07-05 19:02:28,1,0
3094,L16,#32,GW252/13600,(1)停机过程,1,2025-07-05 19:01:56,2025-07-05 19:02:27,31,0.01
3095,L16,#32,GW252/13600,(4)启机状态,4,2025-07-05 18:56:56,2025-07-05 19:01:56,300,0.08
3096,L16,#32,GW252/13600,(3)待机状态,3,2025-07-05 18:54:05,2025-07-05 18:56:56,171,0.05
3097,L16,#32,GW252/13600,(2)停机状态,2,2025-07-05 18:48:44,2025-07-05 18:54:05,321,0.09
3098,L16,#32,GW252/13600,(1)停机过程,1,2025-07-05 18:48:13,2025-07-05 18:48:44,31,0.01
3099,L16,#32,GW252/13600,(4)启机状态,4,2025-07-05 18:43:13,2025-07-05 18:48:13,300,0.08
3100,L16,#32,GW252/13600,(3)待机状态,3,2025-07-05 18:41:23,2025-07-05 18:43:13,110,0.03
3101,L16,#32,GW252/13600,(2)停机状态,2,2025-07-05 18:40:57,2025-07-05 18:41:23,26,0.01
3102,L16,#32,GW252/13600,(1)停机过程,1,2025-07-05 18:40:25,2025-07-05 18:40:57,32,0.01
3103,L16,#32,GW252/13600,(4)启机状态,4,2025-07-05 18:35:25,2025-07-05 18:40:25,300,0.08
3104,L16,#32,GW252/13600,(3)待机状态,3,2025-07-05 14:02:10,2025-07-05 18:35:25,16395,4.55
3105,L16,#32,GW252/13600,(2)停机状态,2,2025-07-05 13:56:32,2025-07-05 14:02:10,338,0.09
3106,L16,#32,GW252/13600,(1)停机过程,1,2025-07-05 13:56:02,2025-07-05 13:56:32,30,0.01
3107,L16,#32,GW252/13600,(4)启机状态,4,2025-07-05 13:51:02,2025-07-05 13:56:02,300,0.08
3108,L16,#32,GW252/13600,(3)待机状态,3,2025-07-05 13:04:34,2025-07-05 13:51:02,2788,0.77
3109,L16,#32,GW252/13600,(2)停机状态,2,2025-07-05 12:58:57,2025-07-05 13:04:34,337,0.09
3110,L16,#32,GW252/13600,(1)停机过程,1,2025-07-05 12:58:25,2025-07-05 12:58:57,32,0.01
3111,L16,#32,GW252/13600,(4)启机状态,4,2025-07-05 12:53:25,2025-07-05 12:58:25,300,0.08
3112,L16,#32,GW252/13600,(3)待机状态,3,2025-07-05 12:51:06,2025-07-05 12:53:25,139,0.04
3113,L16,#32,GW252/13600,(2)停机状态,2,2025-07-05 12:49:24,2025-07-05 12:51:06,102,0.03
3114,L16,#32,GW252/13600,(1)停机过程,1,2025-07-05 12:48:52,2025-07-05 12:49:24,32,0.01
3115,L16,#32,GW252/13600,(4)启机状态,4,2025-07-05 12:43:52,2025-07-05 12:48:52,300,0.08
3116,L16,#32,GW252/13600,(3)待机状态,3,2025-07-05 12:41:52,2025-07-05 12:43:52,120,0.03
3117,L16,#32,GW252/13600,(2)停机状态,2,2025-07-05 12:41:50,2025-07-05 12:41:52,2,0
3118,L16,#32,GW252/13600,(1)停机过程,1,2025-07-05 12:41:18,2025-07-05 12:41:50,32,0.01
3119,L16,#32,GW252/13600,(4)启机状态,4,2025-07-05 12:36:18,2025-07-05 12:41:18,300,0.08
3120,L16,#32,GW252/13600,(3)待机状态,3,2025-07-05 12:33:24,2025-07-05 12:36:18,174,0.05
3121,L16,#32,GW252/13600,(2)停机状态,2,2025-07-05 12:31:23,2025-07-05 12:33:24,121,0.03
3122,L16,#32,GW252/13600,(1)停机过程,1,2025-07-05 12:30:51,2025-07-05 12:31:23,32,0.01
3123,L16,#32,GW252/13600,(4)启机状态,4,2025-07-05 12:25:52,2025-07-05 12:30:51,299,0.08
3124,L16,#32,GW252/13600,(3)待机状态,3,2025-07-05 11:04:39,2025-07-05 12:25:52,4873,1.35
3125,L16,#32,GW252/13600,(2)停机状态,2,2025-07-05 10:59:01,2025-07-05 11:04:39,338,0.09
3126,L16,#32,GW252/13600,(1)停机过程,1,2025-07-05 10:58:29,2025-07-05 10:59:01,32,0.01
3127,L16,#32,GW252/13600,(4)启机状态,4,2025-07-05 10:53:29,2025-07-05 10:58:29,300,0.08
3128,L16,#32,GW252/13600,(3)待机状态,3,2025-07-05 10:50:51,2025-07-05 10:53:29,158,0.04
3129,L16,#32,GW252/13600,(2)停机状态,2,2025-07-05 10:50:50,2025-07-05 10:50:51,1,0
3130,L16,#32,GW252/13600,(1)停机过程,1,2025-07-05 10:50:19,2025-07-05 10:50:50,31,0.01
3131,L16,#32,GW252/13600,(4)启机状态,4,2025-07-05 10:45:19,2025-07-05 10:50:19,300,0.08
3132,L16,#32,GW252/13600,(3)待机状态,3,2025-07-05 10:41:45,2025-07-05 10:45:19,214,0.06
3133,L16,#32,GW252/13600,(2)停机状态,2,2025-07-05 10:37:48,2025-07-05 10:41:45,237,0.07
3134,L16,#32,GW252/13600,(1)停机过程,1,2025-07-05 10:36:52,2025-07-05 10:37:48,56,0.02
3135,L16,#32,GW252/13600,(5)发电状态,5,2025-07-05 07:45:14,2025-07-05 10:36:52,10298,2.86
3136,L16,#32,GW252/13600,(4)启机状态,4,2025-07-05 07:41:28,2025-07-05 07:45:14,226,0.06
3137,L16,#32,GW252/13600,(3)待机状态,3,2025-07-05 07:40:36,2025-07-05 07:41:28,52,0.01
3138,L16,#32,GW252/13600,(2)停机状态,2,2025-07-05 07:40:35,2025-07-05 07:40:36,1,0
3139,L16,#32,GW252/13600,(1)停机过程,1,2025-07-05 07:40:04,2025-07-05 07:40:35,31,0.01
3140,L16,#32,GW252/13600,(4)启机状态,4,2025-07-05 07:35:03,2025-07-05 07:40:04,301,0.08
3141,L16,#32,GW252/13600,(3)待机状态,3,2025-07-05 07:34:05,2025-07-05 07:35:03,58,0.02
3142,L16,#32,GW252/13600,(2)停机状态,2,2025-07-05 07:34:04,2025-07-05 07:34:05,1,0
3143,L16,#32,GW252/13600,(1)停机过程,1,2025-07-05 07:33:32,2025-07-05 07:34:04,32,0.01
3144,L16,#32,GW252/13600,(4)启机状态,4,2025-07-05 07:28:32,2025-07-05 07:33:32,300,0.08
3145,L16,#32,GW252/13600,(3)待机状态,3,2025-07-05 07:27:24,2025-07-05 07:28:32,68,0.02
3146,L16,#32,GW252/13600,(2)停机状态,2,2025-07-05 07:27:23,2025-07-05 07:27:24,1,0
3147,L16,#32,GW252/13600,(1)停机过程,1,2025-07-05 07:26:51,2025-07-05 07:27:23,32,0.01
3148,L16,#32,GW252/13600,(4)启机状态,4,2025-07-05 07:21:51,2025-07-05 07:26:51,300,0.08
3149,L16,#32,GW252/13600,(3)待机状态,3,2025-07-05 07:20:29,2025-07-05 07:21:51,82,0.02
3150,L16,#32,GW252/13600,(2)停机状态,2,2025-07-05 07:20:28,2025-07-05 07:20:29,1,0
3151,L16,#32,GW252/13600,(1)停机过程,1,2025-07-05 07:19:56,2025-07-05 07:20:28,32,0.01
3152,L16,#32,GW252/13600,(4)启机状态,4,2025-07-05 07:14:56,2025-07-05 07:19:56,300,0.08
3153,L16,#32,GW252/13600,(3)待机状态,3,2025-07-05 07:13:09,2025-07-05 07:14:56,107,0.03
3154,L16,#32,GW252/13600,(2)停机状态,2,2025-07-05 07:13:07,2025-07-05 07:13:09,2,0
3155,L16,#32,GW252/13600,(1)停机过程,1,2025-07-05 07:12:34,2025-07-05 07:13:07,33,0.01
3156,L16,#32,GW252/13600,(4)启机状态,4,2025-07-05 07:07:34,2025-07-05 07:12:34,300,0.08
3157,L16,#32,GW252/13600,(3)待机状态,3,2025-07-05 07:06:10,2025-07-05 07:07:34,84,0.02
3158,L16,#32,GW252/13600,(2)停机状态,2,2025-07-05 07:06:08,2025-07-05 07:06:10,2,0
3159,L16,#32,GW252/13600,(1)停机过程,1,2025-07-05 07:05:36,2025-07-05 07:06:08,32,0.01
3160,L16,#32,GW252/13600,(4)启机状态,4,2025-07-05 07:00:36,2025-07-05 07:05:36,300,0.08
3161,L16,#32,GW252/13600,(3)待机状态,3,2025-07-05 06:59:07,2025-07-05 07:00:36,89,0.02
3162,L16,#32,GW252/13600,(2)停机状态,2,2025-07-05 06:59:04,2025-07-05 06:59:07,3,0
3163,L16,#32,GW252/13600,(1)停机过程,1,2025-07-05 06:58:34,2025-07-05 06:59:04,30,0.01
3164,L16,#32,GW252/13600,(4)启机状态,4,2025-07-05 06:53:33,2025-07-05 06:58:34,301,0.08
3165,L16,#32,GW252/13600,(3)待机状态,3,2025-07-05 06:52:10,2025-07-05 06:53:33,83,0.02
3166,L16,#32,GW252/13600,(2)停机状态,2,2025-07-05 06:52:09,2025-07-05 06:52:10,1,0
3167,L16,#32,GW252/13600,(1)停机过程,1,2025-07-05 06:51:37,2025-07-05 06:52:09,32,0.01
3168,L16,#32,GW252/13600,(4)启机状态,4,2025-07-05 06:46:38,2025-07-05 06:51:37,299,0.08
3169,L16,#32,GW252/13600,(3)待机状态,3,2025-07-05 06:44:32,2025-07-05 06:46:38,126,0.04
3170,L16,#32,GW252/13600,(2)停机状态,2,2025-07-05 06:44:31,2025-07-05 06:44:32,1,0
3171,L16,#32,GW252/13600,(1)停机过程,1,2025-07-05 06:44:01,2025-07-05 06:44:31,30,0.01
3172,L16,#32,GW252/13600,(4)启机状态,4,2025-07-05 06:38:59,2025-07-05 06:44:01,302,0.08
3173,L16,#32,GW252/13600,(3)待机状态,3,2025-07-05 06:37:07,2025-07-05 06:38:59,112,0.03
3174,L16,#32,GW252/13600,(1)停机过程,1,2025-07-05 06:36:35,2025-07-05 06:37:07,32,0.01
3175,L16,#32,GW252/13600,(4)启机状态,4,2025-07-05 06:31:35,2025-07-05 06:36:35,300,0.08
3176,L16,#32,GW252/13600,(3)待机状态,3,2025-07-05 06:29:56,2025-07-05 06:31:35,99,0.03
3177,L16,#32,GW252/13600,(2)停机状态,2,2025-07-05 06:29:55,2025-07-05 06:29:56,1,0
3178,L16,#32,GW252/13600,(1)停机过程,1,2025-07-05 06:29:24,2025-07-05 06:29:55,31,0.01
3179,L16,#32,GW252/13600,(4)启机状态,4,2025-07-05 06:24:23,2025-07-05 06:29:24,301,0.08
3180,L16,#32,GW252/13600,(3)待机状态,3,2025-07-05 06:21:48,2025-07-05 06:24:23,155,0.04
3181,L16,#32,GW252/13600,(2)停机状态,2,2025-07-05 06:20:31,2025-07-05 06:21:48,77,0.02
3182,L16,#32,GW252/13600,(1)停机过程,1,2025-07-05 06:20:00,2025-07-05 06:20:31,31,0.01
3183,L16,#32,GW252/13600,(4)启机状态,4,2025-07-05 06:15:00,2025-07-05 06:20:00,300,0.08
3184,L16,#32,GW252/13600,(3)待机状态,3,2025-07-05 06:12:59,2025-07-05 06:15:00,121,0.03
3185,L16,#32,GW252/13600,(2)停机状态,2,2025-07-05 06:12:57,2025-07-05 06:12:59,2,0
3186,L16,#32,GW252/13600,(1)停机过程,1,2025-07-05 06:12:26,2025-07-05 06:12:57,31,0.01
3187,L16,#32,GW252/13600,(4)启机状态,4,2025-07-05 06:07:25,2025-07-05 06:12:26,301,0.08
3188,L16,#32,GW252/13600,(3)待机状态,3,2025-07-05 06:04:50,2025-07-05 06:07:25,155,0.04
3189,L16,#32,GW252/13600,(2)停机状态,2,2025-07-05 06:03:12,2025-07-05 06:04:50,98,0.03
3190,L16,#32,GW252/13600,(1)停机过程,1,2025-07-05 06:02:42,2025-07-05 06:03:12,30,0.01
3191,L16,#32,GW252/13600,(4)启机状态,4,2025-07-05 05:57:40,2025-07-05 06:02:42,302,0.08
3192,L16,#32,GW252/13600,(3)待机状态,3,2025-07-05 05:55:41,2025-07-05 05:57:40,119,0.03
3193,L16,#32,GW252/13600,(2)停机状态,2,2025-07-05 05:55:35,2025-07-05 05:55:41,6,0
3194,L16,#32,GW252/13600,(1)停机过程,1,2025-07-05 05:55:03,2025-07-05 05:55:35,32,0.01
3195,L16,#32,GW252/13600,(4)启机状态,4,2025-07-05 05:50:02,2025-07-05 05:55:03,301,0.08
3196,L16,#32,GW252/13600,(3)待机状态,3,2025-07-05 05:47:28,2025-07-05 05:50:02,154,0.04
3197,L16,#32,GW252/13600,(2)停机状态,2,2025-07-05 05:46:16,2025-07-05 05:47:28,72,0.02
3198,L16,#32,GW252/13600,(1)停机过程,1,2025-07-05 05:45:43,2025-07-05 05:46:16,33,0.01
3199,L16,#32,GW252/13600,(4)启机状态,4,2025-07-05 05:40:42,2025-07-05 05:45:43,301,0.08
3200,L16,#32,GW252/13600,(3)待机状态,3,2025-07-05 05:38:33,2025-07-05 05:40:42,129,0.04
3201,L16,#32,GW252/13600,(2)停机状态,2,2025-07-05 05:36:43,2025-07-05 05:38:33,110,0.03
3202,L16,#32,GW252/13600,(1)停机过程,1,2025-07-05 05:36:13,2025-07-05 05:36:43,30,0.01
3203,L16,#32,GW252/13600,(4)启机状态,4,2025-07-05 05:31:13,2025-07-05 05:36:13,300,0.08
3204,L16,#32,GW252/13600,(3)待机状态,3,2025-07-05 05:28:04,2025-07-05 05:31:13,189,0.05
3205,L16,#32,GW252/13600,(2)停机状态,2,2025-07-05 05:27:56,2025-07-05 05:28:04,8,0
3206,L16,#32,GW252/13600,(1)停机过程,1,2025-07-05 05:27:24,2025-07-05 05:27:56,32,0.01
3207,L16,#32,GW252/13600,(4)启机状态,4,2025-07-05 05:22:24,2025-07-05 05:27:24,300,0.08
3208,L16,#32,GW252/13600,(3)待机状态,3,2025-07-05 00:56:36,2025-07-05 05:22:24,15948,4.43
3209,L16,#32,GW252/13600,(2)停机状态,2,2025-07-05 00:50:59,2025-07-05 00:56:36,337,0.09
3210,L16,#32,GW252/13600,(1)停机过程,1,2025-07-05 00:50:28,2025-07-05 00:50:59,31,0.01
3211,L16,#32,GW252/13600,(4)启机状态,4,2025-07-05 00:45:28,2025-07-05 00:50:28,300,0.08
3212,L16,#32,GW252/13600,(3)待机状态,3,2025-07-05 00:43:23,2025-07-05 00:45:28,125,0.03
3213,L16,#32,GW252/13600,(2)停机状态,2,2025-07-05 00:43:22,2025-07-05 00:43:23,1,0
3214,L16,#32,GW252/13600,(1)停机过程,1,2025-07-05 00:42:51,2025-07-05 00:43:22,31,0.01
3215,L16,#32,GW252/13600,(4)启机状态,4,2025-07-05 00:37:51,2025-07-05 00:42:51,300,0.08
3216,L16,#32,GW252/13600,(3)待机状态,3,2025-07-05 00:36:51,2025-07-05 00:37:51,60,0.02
3217,L16,#32,GW252/13600,(2)停机状态,2,2025-07-05 00:36:48,2025-07-05 00:36:51,3,0
3218,L16,#32,GW252/13600,(1)停机过程,1,2025-07-05 00:36:17,2025-07-05 00:36:48,31,0.01
3219,L16,#32,GW252/13600,(4)启机状态,4,2025-07-05 00:31:17,2025-07-05 00:36:17,300,0.08
3220,L16,#32,GW252/13600,(3)待机状态,3,2025-07-05 00:30:21,2025-07-05 00:31:17,56,0.02
3221,L16,#32,GW252/13600,(2)停机状态,2,2025-07-05 00:30:19,2025-07-05 00:30:21,2,0
3222,L16,#32,GW252/13600,(1)停机过程,1,2025-07-05 00:29:48,2025-07-05 00:30:19,31,0.01
3223,L16,#32,GW252/13600,(4)启机状态,4,2025-07-05 00:24:48,2025-07-05 00:29:48,300,0.08
3224,L16,#32,GW252/13600,(3)待机状态,3,2025-07-05 00:23:54,2025-07-05 00:24:48,54,0.02
3225,L16,#32,GW252/13600,(2)停机状态,2,2025-07-05 00:23:52,2025-07-05 00:23:54,2,0
3226,L16,#32,GW252/13600,(1)停机过程,1,2025-07-05 00:23:21,2025-07-05 00:23:52,31,0.01
3227,L16,#32,GW252/13600,(4)启机状态,4,2025-07-05 00:18:19,2025-07-05 00:23:21,302,0.08
3228,L16,#32,GW252/13600,(3)待机状态,3,2025-07-05 00:15:15,2025-07-05 00:18:19,184,0.05
3229,L16,#32,GW252/13600,(2)停机状态,2,2025-07-05 00:11:22,2025-07-05 00:15:15,233,0.06
3230,L16,#32,GW252/13600,(1)停机过程,1,2025-07-05 00:10:25,2025-07-05 00:11:22,57,0.02
3231,L16,#32,GW252/13600,(5)发电状态,5,2025-07-04 23:20:20,2025-07-05 00:10:25,3005,0.83
3232,L16,#32,GW252/13600,(4)启机状态,4,2025-07-04 23:17:24,2025-07-04 23:20:20,176,0.05
3233,L16,#32,GW252/13600,(3)待机状态,3,2025-07-04 23:16:23,2025-07-04 23:17:24,61,0.02
3234,L16,#32,GW252/13600,(2)停机状态,2,2025-07-04 23:15:55,2025-07-04 23:16:23,28,0.01
3235,L16,#32,GW252/13600,(1)停机过程,1,2025-07-04 23:15:23,2025-07-04 23:15:55,32,0.01
3236,L16,#32,GW252/13600,(4)启机状态,4,2025-07-04 23:10:22,2025-07-04 23:15:23,301,0.08
3237,L16,#32,GW252/13600,(3)待机状态,3,2025-07-04 23:09:28,2025-07-04 23:10:22,54,0.02
3238,L16,#32,GW252/13600,(2)停机状态,2,2025-07-04 23:08:32,2025-07-04 23:09:28,56,0.02
3239,L16,#32,GW252/13600,(1)停机过程,1,2025-07-04 23:07:59,2025-07-04 23:08:32,33,0.01
3240,L16,#32,GW252/13600,(4)启机状态,4,2025-07-04 23:02:59,2025-07-04 23:07:59,300,0.08
3241,L16,#32,GW252/13600,(3)待机状态,3,2025-07-04 23:02:08,2025-07-04 23:02:59,51,0.01
3242,L16,#32,GW252/13600,(1)停机过程,1,2025-07-04 23:01:36,2025-07-04 23:02:08,32,0.01
3243,L16,#32,GW252/13600,(4)启机状态,4,2025-07-04 22:56:36,2025-07-04 23:01:36,300,0.08
3244,L16,#32,GW252/13600,(3)待机状态,3,2025-07-04 22:55:45,2025-07-04 22:56:36,51,0.01
3245,L16,#32,GW252/13600,(2)停机状态,2,2025-07-04 22:55:39,2025-07-04 22:55:45,6,0
3246,L16,#32,GW252/13600,(1)停机过程,1,2025-07-04 22:55:07,2025-07-04 22:55:39,32,0.01
3247,L16,#32,GW252/13600,(4)启机状态,4,2025-07-04 22:50:07,2025-07-04 22:55:07,300,0.08
3248,L16,#32,GW252/13600,(3)待机状态,3,2025-07-04 22:49:10,2025-07-04 22:50:07,57,0.02
3249,L16,#32,GW252/13600,(2)停机状态,2,2025-07-04 22:49:08,2025-07-04 22:49:10,2,0
3250,L16,#32,GW252/13600,(1)停机过程,1,2025-07-04 22:48:35,2025-07-04 22:49:08,33,0.01
3251,L16,#32,GW252/13600,(4)启机状态,4,2025-07-04 22:43:36,2025-07-04 22:48:35,299,0.08
3252,L16,#32,GW252/13600,(3)待机状态,3,2025-07-04 22:42:43,2025-07-04 22:43:36,53,0.01
3253,L16,#32,GW252/13600,(2)停机状态,2,2025-07-04 22:42:41,2025-07-04 22:42:43,2,0
3254,L16,#32,GW252/13600,(1)停机过程,1,2025-07-04 22:42:10,2025-07-04 22:42:41,31,0.01
3255,L16,#32,GW252/13600,(4)启机状态,4,2025-07-04 22:37:10,2025-07-04 22:42:10,300,0.08
3256,L16,#32,GW252/13600,(3)待机状态,3,2025-07-04 22:36:21,2025-07-04 22:37:10,49,0.01
3257,L16,#32,GW252/13600,(2)停机状态,2,2025-07-04 22:36:20,2025-07-04 22:36:21,1,0
3258,L16,#32,GW252/13600,(1)停机过程,1,2025-07-04 22:35:48,2025-07-04 22:36:20,32,0.01
3259,L16,#32,GW252/13600,(4)启机状态,4,2025-07-04 22:30:48,2025-07-04 22:35:48,300,0.08
3260,L16,#32,GW252/13600,(3)待机状态,3,2025-07-04 22:29:48,2025-07-04 22:30:48,60,0.02
3261,L16,#32,GW252/13600,(2)停机状态,2,2025-07-04 22:29:46,2025-07-04 22:29:48,2,0
3262,L16,#32,GW252/13600,(1)停机过程,1,2025-07-04 22:29:14,2025-07-04 22:29:46,32,0.01
3263,L16,#32,GW252/13600,(4)启机状态,4,2025-07-04 22:24:14,2025-07-04 22:29:14,300,0.08
3264,L16,#32,GW252/13600,(3)待机状态,3,2025-07-04 22:22:59,2025-07-04 22:24:14,75,0.02
3265,L16,#32,GW252/13600,(2)停机状态,2,2025-07-04 22:22:56,2025-07-04 22:22:59,3,0
3266,L16,#32,GW252/13600,(1)停机过程,1,2025-07-04 22:22:25,2025-07-04 22:22:56,31,0.01
3267,L16,#32,GW252/13600,(4)启机状态,4,2025-07-04 22:17:25,2025-07-04 22:22:25,300,0.08
3268,L16,#32,GW252/13600,(3)待机状态,3,2025-07-04 22:15:55,2025-07-04 22:17:25,90,0.03
3269,L16,#32,GW252/13600,(1)停机过程,1,2025-07-04 22:15:22,2025-07-04 22:15:55,33,0.01
3270,L16,#32,GW252/13600,(4)启机状态,4,2025-07-04 22:10:22,2025-07-04 22:15:22,300,0.08
3271,L16,#32,GW252/13600,(3)待机状态,3,2025-07-04 22:09:07,2025-07-04 22:10:22,75,0.02
3272,L16,#32,GW252/13600,(2)停机状态,2,2025-07-04 22:07:02,2025-07-04 22:09:07,125,0.03
3273,L16,#32,GW252/13600,(1)停机过程,1,2025-07-04 22:06:05,2025-07-04 22:07:02,57,0.02
3274,L16,#32,GW252/13600,(5)发电状态,5,2025-07-04 13:00:25,2025-07-04 22:06:05,32740,9.09
3275,L16,#32,GW252/13600,(4)启机状态,4,2025-07-04 12:57:27,2025-07-04 13:00:25,178,0.05
3276,L16,#32,GW252/13600,(3)待机状态,3,2025-07-04 12:56:35,2025-07-04 12:57:27,52,0.01
3277,L16,#32,GW252/13600,(2)停机状态,2,2025-07-04 12:19:33,2025-07-04 12:56:35,2222,0.62
3278,L16,#32,GW252/13600,(1)停机过程,1,2025-07-04 12:18:36,2025-07-04 12:19:33,57,0.02
3279,L16,#32,GW252/13600,(5)发电状态,5,2025-07-01 12:16:16,2025-07-04 12:18:36,259340,72.04
3280,L16,#32,GW252/13600,(4)启机状态,4,2025-07-01 12:14:23,2025-07-01 12:16:16,113,0.03
3281,L16,#32,GW252/13600,(3)待机状态,3,2025-07-01 12:13:32,2025-07-01 12:14:23,51,0.01
3282,L16,#32,GW252/13600,(2)停机状态,2,2025-07-01 12:13:30,2025-07-01 12:13:32,2,0
3283,L16,#32,GW252/13600,(1)停机过程,1,2025-07-01 12:12:35,2025-07-01 12:13:30,55,0.02
3284,L16,#32,GW252/13600,(4)启机状态,4,2025-07-01 12:07:34,2025-07-01 12:12:35,301,0.08
3285,L16,#32,GW252/13600,(3)待机状态,3,2025-07-01 12:06:36,2025-07-01 12:07:34,58,0.02
3286,L16,#32,GW252/13600,(2)停机状态,2,2025-07-01 12:06:35,2025-07-01 12:06:36,1,0
3287,L16,#32,GW252/13600,(1)停机过程,1,2025-07-01 12:06:02,2025-07-01 12:06:35,33,0.01
3288,L16,#32,GW252/13600,(4)启机状态,4,2025-07-01 12:01:03,2025-07-01 12:06:02,299,0.08
3289,L16,#32,GW252/13600,(3)待机状态,3,2025-07-01 11:59:34,2025-07-01 12:01:03,89,0.02
3290,L16,#32,GW252/13600,(2)停机状态,2,2025-07-01 11:59:32,2025-07-01 11:59:34,2,0
3291,L16,#32,GW252/13600,(1)停机过程,1,2025-07-01 11:59:00,2025-07-01 11:59:32,32,0.01
3292,L16,#32,GW252/13600,(4)启机状态,4,2025-07-01 11:54:00,2025-07-01 11:59:00,300,0.08
3293,L16,#32,GW252/13600,(3)待机状态,3,2025-07-01 11:53:02,2025-07-01 11:54:00,58,0.02
3294,L16,#32,GW252/13600,(2)停机状态,2,2025-07-01 11:49:11,2025-07-01 11:53:02,231,0.06
3295,L16,#32,GW252/13600,(1)停机过程,1,2025-07-01 11:48:14,2025-07-01 11:49:11,57,0.02
3296,L16,#32,GW252/13600,(5)发电状态,5,2025-07-01 07:37:24,2025-07-01 11:48:14,15050,4.18
3297,L16,#32,GW252/13600,(4)启机状态,4,2025-07-01 07:35:51,2025-07-01 07:37:24,93,0.03
3298,L16,#32,GW252/13600,(3)待机状态,3,2025-07-01 07:35:04,2025-07-01 07:35:51,47,0.01
3299,L16,#32,GW252/13600,(2)停机状态,2,2025-07-01 07:35:03,2025-07-01 07:35:04,1,0
3300,L16,#32,GW252/13600,(1)停机过程,1,2025-07-01 07:34:31,2025-07-01 07:35:03,32,0.01
3301,L16,#32,GW252/13600,(4)启机状态,4,2025-07-01 07:29:30,2025-07-01 07:34:31,301,0.08
3302,L16,#32,GW252/13600,(3)待机状态,3,2025-07-01 07:28:21,2025-07-01 07:29:30,69,0.02
3303,L16,#32,GW252/13600,(2)停机状态,2,2025-07-01 07:28:20,2025-07-01 07:28:21,1,0
3304,L16,#32,GW252/13600,(1)停机过程,1,2025-07-01 07:27:49,2025-07-01 07:28:20,31,0.01
3305,L16,#32,GW252/13600,(4)启机状态,4,2025-07-01 07:22:49,2025-07-01 07:27:49,300,0.08
3306,L16,#32,GW252/13600,(3)待机状态,3,2025-07-01 07:21:53,2025-07-01 07:22:49,56,0.02
3307,L16,#32,GW252/13600,(2)停机状态,2,2025-07-01 07:21:51,2025-07-01 07:21:53,2,0
3308,L16,#32,GW252/13600,(1)停机过程,1,2025-07-01 07:20:54,2025-07-01 07:21:51,57,0.02
3309,L16,#32,GW252/13600,(5)发电状态,5,2025-07-01 05:59:37,2025-07-01 07:20:54,4877,1.35
3310,L16,#32,GW252/13600,(4)启机状态,4,2025-07-01 05:56:37,2025-07-01 05:59:37,180,0.05
3311,L16,#32,GW252/13600,(3)待机状态,3,2025-07-01 05:55:42,2025-07-01 05:56:37,55,0.02
3312,L16,#32,GW252/13600,(2)停机状态,2,2025-07-01 05:55:01,2025-07-01 05:55:42,41,0.01
3313,L16,#32,GW252/13600,(1)停机过程,1,2025-07-01 05:54:05,2025-07-01 05:55:01,56,0.02
3314,L16,#32,GW252/13600,(4)启机状态,4,2025-07-01 05:49:04,2025-07-01 05:54:05,301,0.08
3315,L16,#32,GW252/13600,(3)待机状态,3,2025-07-01 05:48:09,2025-07-01 05:49:04,55,0.02
3316,L16,#32,GW252/13600,(1)停机过程,1,2025-07-01 05:47:37,2025-07-01 05:48:09,32,0.01
3317,L16,#32,GW252/13600,(4)启机状态,4,2025-07-01 05:42:36,2025-07-01 05:47:37,301,0.08
3318,L16,#32,GW252/13600,(3)待机状态,3,2025-07-01 05:10:35,2025-07-01 05:42:36,1921,0.53
3319,L16,#32,GW252/13600,(2)停机状态,2,2025-07-01 05:04:57,2025-07-01 05:10:35,338,0.09
3320,L16,#32,GW252/13600,(1)停机过程,1,2025-07-01 05:04:00,2025-07-01 05:04:57,57,0.02
3321,L16,#32,GW252/13600,(5)发电状态,5,2025-07-01 05:00:58,2025-07-01 05:04:00,182,0.05
3322,L16,#32,GW252/13600,(4)启机状态,4,2025-07-01 04:57:53,2025-07-01 05:00:58,185,0.05
3323,L16,#32,GW252/13600,(3)待机状态,3,2025-07-01 04:57:03,2025-07-01 04:57:53,50,0.01
3324,L16,#32,GW252/13600,(2)停机状态,2,2025-07-01 04:57:02,2025-07-01 04:57:03,1,0
3325,L16,#32,GW252/13600,(1)停机过程,1,2025-07-01 04:56:05,2025-07-01 04:57:02,57,0.02
3326,L16,#32,GW252/13600,(4)启机状态,4,2025-07-01 04:51:05,2025-07-01 04:56:05,300,0.08
3327,L16,#32,GW252/13600,(3)待机状态,3,2025-07-01 04:49:52,2025-07-01 04:51:05,73,0.02
3328,L16,#32,GW252/13600,(2)停机状态,2,2025-07-01 04:49:50,2025-07-01 04:49:52,2,0
3329,L16,#32,GW252/13600,(1)停机过程,1,2025-07-01 04:49:17,2025-07-01 04:49:50,33,0.01
3330,L16,#32,GW252/13600,(4)启机状态,4,2025-07-01 04:44:17,2025-07-01 04:49:17,300,0.08
3331,L16,#32,GW252/13600,(3)待机状态,3,2025-07-01 04:42:28,2025-07-01 04:44:17,109,0.03
3332,L16,#32,GW252/13600,(2)停机状态,2,2025-07-01 04:40:55,2025-07-01 04:42:28,93,0.03
3333,L16,#32,GW252/13600,(1)停机过程,1,2025-07-01 04:40:24,2025-07-01 04:40:55,31,0.01
3334,L16,#32,GW252/13600,(4)启机状态,4,2025-07-01 04:35:24,2025-07-01 04:40:24,300,0.08
3335,L16,#32,GW252/13600,(3)待机状态,3,2025-07-01 04:33:54,2025-07-01 04:35:24,90,0.03
3336,L16,#32,GW252/13600,(2)停机状态,2,2025-07-01 04:28:31,2025-07-01 04:33:54,323,0.09
3337,L16,#32,GW252/13600,(1)停机过程,1,2025-07-01 04:28:00,2025-07-01 04:28:31,31,0.01
3338,L16,#32,GW252/13600,(4)启机状态,4,2025-07-01 04:23:00,2025-07-01 04:28:00,300,0.08
3339,L16,#32,GW252/13600,(3)待机状态,3,2025-07-01 04:19:13,2025-07-01 04:23:00,227,0.06
3340,L16,#32,GW252/13600,(2)停机状态,2,2025-07-01 04:13:36,2025-07-01 04:19:13,337,0.09
3341,L16,#32,GW252/13600,(1)停机过程,1,2025-07-01 04:13:04,2025-07-01 04:13:36,32,0.01
3342,L16,#32,GW252/13600,(4)启机状态,4,2025-07-01 04:08:04,2025-07-01 04:13:04,300,0.08
3343,L16,#32,GW252/13600,(3)待机状态,3,2025-07-01 04:06:13,2025-07-01 04:08:04,111,0.03
3344,L16,#32,GW252/13600,(2)停机状态,2,2025-07-01 04:03:59,2025-07-01 04:06:13,134,0.04
3345,L16,#32,GW252/13600,(1)停机过程,1,2025-07-01 04:03:01,2025-07-01 04:03:59,58,0.02
3346,L16,#32,GW252/13600,(4)启机状态,4,2025-07-01 03:58:02,2025-07-01 04:03:01,299,0.08
3347,L16,#32,GW252/13600,(3)待机状态,3,2025-07-01 03:57:05,2025-07-01 03:58:02,57,0.02
3348,L16,#32,GW252/13600,(2)停机状态,2,2025-07-01 03:57:04,2025-07-01 03:57:05,1,0
3349,L16,#32,GW252/13600,(1)停机过程,1,2025-07-01 03:56:33,2025-07-01 03:57:04,31,0.01
3350,L16,#32,GW252/13600,(4)启机状态,4,2025-07-01 03:51:33,2025-07-01 03:56:33,300,0.08
3351,L16,#32,GW252/13600,(3)待机状态,3,2025-07-01 03:50:19,2025-07-01 03:51:33,74,0.02
3352,L16,#32,GW252/13600,(1)停机过程,1,2025-07-01 03:49:46,2025-07-01 03:50:19,33,0.01
3353,L16,#32,GW252/13600,(4)启机状态,4,2025-07-01 03:44:47,2025-07-01 03:49:46,299,0.08
3354,L16,#32,GW252/13600,(3)待机状态,3,2025-07-01 03:43:33,2025-07-01 03:44:47,74,0.02
3355,L16,#32,GW252/13600,(1)停机过程,1,2025-07-01 03:43:01,2025-07-01 03:43:33,32,0.01
3356,L16,#32,GW252/13600,(4)启机状态,4,2025-07-01 03:38:01,2025-07-01 03:43:01,300,0.08
3357,L16,#32,GW252/13600,(3)待机状态,3,2025-07-01 03:35:28,2025-07-01 03:38:01,153,0.04
3358,L16,#32,GW252/13600,(2)停机状态,2,2025-07-01 03:35:27,2025-07-01 03:35:28,1,0
3359,L16,#32,GW252/13600,(1)停机过程,1,2025-07-01 03:34:56,2025-07-01 03:35:27,31,0.01
3360,L16,#32,GW252/13600,(4)启机状态,4,2025-07-01 03:29:56,2025-07-01 03:34:56,300,0.08
3361,L16,#32,GW252/13600,(3)待机状态,3,2025-07-01 03:27:17,2025-07-01 03:29:56,159,0.04
3362,L16,#32,GW252/13600,(2)停机状态,2,2025-07-01 03:26:26,2025-07-01 03:27:17,51,0.01
3363,L16,#32,GW252/13600,(1)停机过程,1,2025-07-01 03:25:54,2025-07-01 03:26:26,32,0.01
3364,L16,#32,GW252/13600,(4)启机状态,4,2025-07-01 03:20:53,2025-07-01 03:25:54,301,0.08
3365,L16,#32,GW252/13600,(3)待机状态,3,2025-07-01 03:19:50,2025-07-01 03:20:53,63,0.02
3366,L16,#32,GW252/13600,(2)停机状态,2,2025-07-01 03:17:40,2025-07-01 03:19:50,130,0.04
3367,L16,#32,GW252/13600,(1)停机过程,1,2025-07-01 03:16:42,2025-07-01 03:17:40,58,0.02
3368,L16,#32,GW252/13600,(5)发电状态,5,2025-06-30 16:55:41,2025-07-01 03:16:42,37261,10.35
3369,L16,#32,GW252/13600,(4)启机状态,4,2025-06-30 16:51:25,2025-06-30 16:55:41,256,0.07
3370,L16,#32,GW252/13600,(3)待机状态,3,2025-06-30 16:47:14,2025-06-30 16:51:25,251,0.07
3371,L16,#32,GW252/13600,(2)停机状态,2,2025-06-30 16:45:15,2025-06-30 16:47:14,119,0.03
3372,L16,#32,GW252/13600,(1)停机过程,1,2025-06-30 16:44:19,2025-06-30 16:45:15,56,0.02
3373,L16,#32,GW252/13600,(5)发电状态,5,2025-06-30 14:13:18,2025-06-30 16:44:19,9061,2.52
3374,L16,#32,GW252/13600,(4)启机状态,4,2025-06-30 14:08:24,2025-06-30 14:13:18,294,0.08
3375,L16,#32,GW252/13600,(3)待机状态,3,2025-06-30 14:07:23,2025-06-30 14:08:24,61,0.02
3376,L16,#32,GW252/13600,(2)停机状态,2,2025-06-30 14:07:22,2025-06-30 14:07:23,1,0
3377,L16,#32,GW252/13600,(1)停机过程,1,2025-06-30 14:06:24,2025-06-30 14:07:22,58,0.02
3378,L16,#32,GW252/13600,(4)启机状态,4,2025-06-30 14:01:25,2025-06-30 14:06:24,299,0.08
3379,L16,#32,GW252/13600,(3)待机状态,3,2025-06-30 14:00:24,2025-06-30 14:01:25,61,0.02
3380,L16,#32,GW252/13600,(1)停机过程,1,2025-06-30 13:59:53,2025-06-30 14:00:24,31,0.01
3381,L16,#32,GW252/13600,(4)启机状态,4,2025-06-30 13:54:53,2025-06-30 13:59:53,300,0.08
3382,L16,#32,GW252/13600,(3)待机状态,3,2025-06-30 13:54:07,2025-06-30 13:54:53,46,0.01
3383,L16,#32,GW252/13600,(2)停机状态,2,2025-06-30 13:54:06,2025-06-30 13:54:07,1,0
3384,L16,#32,GW252/13600,(1)停机过程,1,2025-06-30 13:53:35,2025-06-30 13:54:06,31,0.01
3385,L16,#32,GW252/13600,(4)启机状态,4,2025-06-30 13:48:35,2025-06-30 13:53:35,300,0.08
3386,L16,#32,GW252/13600,(3)待机状态,3,2025-06-30 13:46:41,2025-06-30 13:48:35,114,0.03
3387,L16,#32,GW252/13600,(2)停机状态,2,2025-06-30 13:41:03,2025-06-30 13:46:41,338,0.09
3388,L16,#32,GW252/13600,(1)停机过程,1,2025-06-30 13:40:32,2025-06-30 13:41:03,31,0.01
3389,L16,#32,GW252/13600,(4)启机状态,4,2025-06-30 13:35:32,2025-06-30 13:40:32,300,0.08
3390,L16,#32,GW252/13600,(3)待机状态,3,2025-06-30 13:34:19,2025-06-30 13:35:32,73,0.02
3391,L16,#32,GW252/13600,(2)停机状态,2,2025-06-30 13:32:11,2025-06-30 13:34:19,128,0.04
3392,L16,#32,GW252/13600,(1)停机过程,1,2025-06-30 13:31:14,2025-06-30 13:32:11,57,0.02
3393,L16,#32,GW252/13600,(5)发电状态,5,2025-06-30 12:44:40,2025-06-30 13:31:14,2794,0.78
3394,L16,#32,GW252/13600,(4)启机状态,4,2025-06-30 12:41:35,2025-06-30 12:44:40,185,0.05
3395,L16,#32,GW252/13600,(3)待机状态,3,2025-06-30 12:40:34,2025-06-30 12:41:35,61,0.02
3396,L16,#32,GW252/13600,(2)停机状态,2,2025-06-30 12:34:57,2025-06-30 12:40:34,337,0.09
3397,L16,#32,GW252/13600,(1)停机过程,1,2025-06-30 12:34:25,2025-06-30 12:34:57,32,0.01
3398,L16,#32,GW252/13600,(4)启机状态,4,2025-06-30 12:29:25,2025-06-30 12:34:25,300,0.08
3399,L16,#32,GW252/13600,(3)待机状态,3,2025-06-30 12:26:08,2025-06-30 12:29:25,197,0.05
3400,L16,#32,GW252/13600,(2)停机状态,2,2025-06-30 12:24:01,2025-06-30 12:26:08,127,0.04
3401,L16,#32,GW252/13600,(1)停机过程,1,2025-06-30 12:23:03,2025-06-30 12:24:01,58,0.02
3402,L16,#32,GW252/13600,(5)发电状态,5,2025-06-30 10:47:29,2025-06-30 12:23:03,5734,1.59
3403,L16,#32,GW252/13600,(4)启机状态,4,2025-06-30 10:43:08,2025-06-30 10:47:29,261,0.07
3404,L16,#32,GW252/13600,(3)待机状态,3,2025-06-30 10:42:09,2025-06-30 10:43:08,59,0.02
3405,L16,#32,GW252/13600,(2)停机状态,2,2025-06-30 10:39:09,2025-06-30 10:42:09,180,0.05
3406,L16,#32,GW252/13600,(1)停机过程,1,2025-06-30 10:38:38,2025-06-30 10:39:09,31,0.01
3407,L16,#32,GW252/13600,(4)启机状态,4,2025-06-30 10:33:39,2025-06-30 10:38:38,299,0.08
3408,L16,#32,GW252/13600,(3)待机状态,3,2025-06-30 10:32:35,2025-06-30 10:33:39,64,0.02
3409,L16,#32,GW252/13600,(2)停机状态,2,2025-06-30 10:30:12,2025-06-30 10:32:35,143,0.04
3410,L16,#32,GW252/13600,(1)停机过程,1,2025-06-30 10:29:15,2025-06-30 10:30:12,57,0.02
3411,L16,#32,GW252/13600,(5)发电状态,5,2025-06-30 01:24:16,2025-06-30 10:29:15,32699,9.08
3412,L16,#32,GW252/13600,(4)启机状态,4,2025-06-30 01:22:24,2025-06-30 01:24:16,112,0.03
3413,L16,#32,GW252/13600,(3)待机状态,3,2025-06-30 01:21:34,2025-06-30 01:22:24,50,0.01
3414,L16,#32,GW252/13600,(1)停机过程,1,2025-06-30 01:21:00,2025-06-30 01:21:34,34,0.01
3415,L16,#32,GW252/13600,(4)启机状态,4,2025-06-30 01:16:00,2025-06-30 01:21:00,300,0.08
3416,L16,#32,GW252/13600,(3)待机状态,3,2025-06-30 01:15:02,2025-06-30 01:16:00,58,0.02
3417,L16,#32,GW252/13600,(2)停机状态,2,2025-06-30 01:14:59,2025-06-30 01:15:02,3,0
3418,L16,#32,GW252/13600,(1)停机过程,1,2025-06-30 01:14:28,2025-06-30 01:14:59,31,0.01
3419,L16,#32,GW252/13600,(4)启机状态,4,2025-06-30 01:09:28,2025-06-30 01:14:28,300,0.08
3420,L16,#32,GW252/13600,(3)待机状态,3,2025-06-30 01:08:04,2025-06-30 01:09:28,84,0.02
3421,L16,#32,GW252/13600,(2)停机状态,2,2025-06-30 01:07:25,2025-06-30 01:08:04,39,0.01
3422,L16,#32,GW252/13600,(1)停机过程,1,2025-06-30 01:06:53,2025-06-30 01:07:25,32,0.01
3423,L16,#32,GW252/13600,(4)启机状态,4,2025-06-30 01:01:53,2025-06-30 01:06:53,300,0.08
3424,L16,#32,GW252/13600,(3)待机状态,3,2025-06-30 00:58:43,2025-06-30 01:01:53,190,0.05
3425,L16,#32,GW252/13600,(2)停机状态,2,2025-06-30 00:57:23,2025-06-30 00:58:43,80,0.02
3426,L16,#32,GW252/13600,(1)停机过程,1,2025-06-30 00:56:50,2025-06-30 00:57:23,33,0.01
3427,L16,#32,GW252/13600,(4)启机状态,4,2025-06-30 00:51:50,2025-06-30 00:56:50,300,0.08
3428,L16,#32,GW252/13600,(3)待机状态,3,2025-06-30 00:50:53,2025-06-30 00:51:50,57,0.02
3429,L16,#32,GW252/13600,(2)停机状态,2,2025-06-30 00:50:01,2025-06-30 00:50:53,52,0.01
3430,L16,#32,GW252/13600,(1)停机过程,1,2025-06-30 00:49:04,2025-06-30 00:50:01,57,0.02
3431,L16,#32,GW252/13600,(5)发电状态,5,2025-06-29 19:19:41,2025-06-30 00:49:04,19763,5.49
3432,L16,#32,GW252/13600,(4)启机状态,4,2025-06-29 19:14:44,2025-06-29 19:19:41,297,0.08
3433,L16,#32,GW252/13600,(3)待机状态,3,2025-06-29 19:13:46,2025-06-29 19:14:44,58,0.02
3434,L16,#32,GW252/13600,(2)停机状态,2,2025-06-29 19:13:44,2025-06-29 19:13:46,2,0
3435,L16,#32,GW252/13600,(1)停机过程,1,2025-06-29 19:13:13,2025-06-29 19:13:44,31,0.01
3436,L16,#32,GW252/13600,(4)启机状态,4,2025-06-29 19:08:13,2025-06-29 19:13:13,300,0.08
3437,L16,#32,GW252/13600,(3)待机状态,3,2025-06-29 19:05:56,2025-06-29 19:08:13,137,0.04
3438,L16,#32,GW252/13600,(2)停机状态,2,2025-06-29 19:05:51,2025-06-29 19:05:56,5,0
3439,L16,#32,GW252/13600,(1)停机过程,1,2025-06-29 19:05:18,2025-06-29 19:05:51,33,0.01
3440,L16,#32,GW252/13600,(4)启机状态,4,2025-06-29 19:00:19,2025-06-29 19:05:18,299,0.08
3441,L16,#32,GW252/13600,(3)待机状态,3,2025-06-29 18:56:30,2025-06-29 19:00:19,229,0.06
3442,L16,#32,GW252/13600,(2)停机状态,2,2025-06-29 18:54:54,2025-06-29 18:56:30,96,0.03
3443,L16,#32,GW252/13600,(1)停机过程,1,2025-06-29 18:53:57,2025-06-29 18:54:54,57,0.02
3444,L16,#32,GW252/13600,(5)发电状态,5,2025-06-29 17:45:33,2025-06-29 18:53:57,4104,1.14
3445,L16,#32,GW252/13600,(4)启机状态,4,2025-06-29 17:41:09,2025-06-29 17:45:33,264,0.07
3446,L16,#32,GW252/13600,(3)待机状态,3,2025-06-29 17:40:22,2025-06-29 17:41:09,47,0.01
3447,L16,#32,GW252/13600,(2)停机状态,2,2025-06-29 17:40:18,2025-06-29 17:40:22,4,0
3448,L16,#32,GW252/13600,(1)停机过程,1,2025-06-29 17:39:27,2025-06-29 17:40:18,51,0.01
3449,L16,#32,GW252/13600,(4)启机状态,4,2025-06-29 17:34:26,2025-06-29 17:39:27,301,0.08
3450,L16,#32,GW252/13600,(3)待机状态,3,2025-06-29 17:33:36,2025-06-29 17:34:26,50,0.01
3451,L16,#32,GW252/13600,(2)停机状态,2,2025-06-29 17:33:35,2025-06-29 17:33:36,1,0
3452,L16,#32,GW252/13600,(1)停机过程,1,2025-06-29 17:33:03,2025-06-29 17:33:35,32,0.01
3453,L16,#32,GW252/13600,(4)启机状态,4,2025-06-29 17:28:03,2025-06-29 17:33:03,300,0.08
3454,L16,#32,GW252/13600,(3)待机状态,3,2025-06-29 17:26:30,2025-06-29 17:28:03,93,0.03
3455,L16,#32,GW252/13600,(2)停机状态,2,2025-06-29 17:20:53,2025-06-29 17:26:30,337,0.09
3456,L16,#32,GW252/13600,(1)停机过程,1,2025-06-29 17:19:56,2025-06-29 17:20:53,57,0.02
3457,L16,#32,GW252/13600,(5)发电状态,5,2025-06-29 13:15:49,2025-06-29 17:19:56,14647,4.07
3458,L16,#32,GW252/13600,(4)启机状态,4,2025-06-29 13:11:12,2025-06-29 13:15:49,277,0.08
3459,L16,#32,GW252/13600,(3)待机状态,3,2025-06-29 13:09:36,2025-06-29 13:11:12,96,0.03
3460,L16,#32,GW252/13600,(2)停机状态,2,2025-06-29 13:07:31,2025-06-29 13:09:36,125,0.03
3461,L16,#32,GW252/13600,(1)停机过程,1,2025-06-29 13:06:59,2025-06-29 13:07:31,32,0.01
3462,L16,#32,GW252/13600,(4)启机状态,4,2025-06-29 13:01:59,2025-06-29 13:06:59,300,0.08
3463,L16,#32,GW252/13600,(3)待机状态,3,2025-06-29 13:00:24,2025-06-29 13:01:59,95,0.03
3464,L16,#32,GW252/13600,(2)停机状态,2,2025-06-29 12:59:57,2025-06-29 13:00:24,27,0.01
3465,L16,#32,GW252/13600,(1)停机过程,1,2025-06-29 12:59:25,2025-06-29 12:59:57,32,0.01
3466,L16,#32,GW252/13600,(4)启机状态,4,2025-06-29 12:54:25,2025-06-29 12:59:25,300,0.08
3467,L16,#32,GW252/13600,(3)待机状态,3,2025-06-29 12:51:53,2025-06-29 12:54:25,152,0.04
3468,L16,#32,GW252/13600,(2)停机状态,2,2025-06-29 12:50:02,2025-06-29 12:51:53,111,0.03
3469,L16,#32,GW252/13600,(1)停机过程,1,2025-06-29 12:49:30,2025-06-29 12:50:02,32,0.01
3470,L16,#32,GW252/13600,(4)启机状态,4,2025-06-29 12:44:30,2025-06-29 12:49:30,300,0.08
3471,L16,#32,GW252/13600,(3)待机状态,3,2025-06-29 12:42:51,2025-06-29 12:44:30,99,0.03
3472,L16,#32,GW252/13600,(2)停机状态,2,2025-06-29 12:40:33,2025-06-29 12:42:51,138,0.04
3473,L16,#32,GW252/13600,(1)停机过程,1,2025-06-29 12:39:36,2025-06-29 12:40:33,57,0.02
3474,L16,#32,GW252/13600,(5)发电状态,5,2025-06-29 10:38:04,2025-06-29 12:39:36,7292,2.03
3475,L16,#32,GW252/13600,(4)启机状态,4,2025-06-29 10:33:44,2025-06-29 10:38:04,260,0.07
3476,L16,#32,GW252/13600,(3)待机状态,3,2025-06-29 10:32:37,2025-06-29 10:33:44,67,0.02
3477,L16,#32,GW252/13600,(2)停机状态,2,2025-06-29 10:31:05,2025-06-29 10:32:37,92,0.03
3478,L16,#32,GW252/13600,(1)停机过程,1,2025-06-29 10:30:09,2025-06-29 10:31:05,56,0.02
3479,L16,#32,GW252/13600,(5)发电状态,5,2025-06-28 22:49:33,2025-06-29 10:30:09,42036,11.68
3480,L16,#32,GW252/13600,(4)启机状态,4,2025-06-28 22:46:21,2025-06-28 22:49:33,192,0.05
3481,L16,#32,GW252/13600,(3)待机状态,3,2025-06-28 22:44:31,2025-06-28 22:46:21,110,0.03
3482,L16,#32,GW252/13600,(2)停机状态,2,2025-06-28 22:44:30,2025-06-28 22:44:31,1,0
3483,L16,#32,GW252/13600,(1)停机过程,1,2025-06-28 22:43:32,2025-06-28 22:44:30,58,0.02
3484,L16,#32,GW252/13600,(5)发电状态,5,2025-06-28 17:49:06,2025-06-28 22:43:32,17666,4.91
3485,L16,#32,GW252/13600,(4)启机状态,4,2025-06-28 17:44:45,2025-06-28 17:49:06,261,0.07
3486,L16,#32,GW252/13600,(3)待机状态,3,2025-06-28 17:43:42,2025-06-28 17:44:45,63,0.02
3487,L16,#32,GW252/13600,(1)停机过程,1,2025-06-28 17:43:09,2025-06-28 17:43:42,33,0.01
3488,L16,#32,GW252/13600,(4)启机状态,4,2025-06-28 17:38:09,2025-06-28 17:43:09,300,0.08
3489,L16,#32,GW252/13600,(3)待机状态,3,2025-06-28 17:37:12,2025-06-28 17:38:09,57,0.02
3490,L16,#32,GW252/13600,(2)停机状态,2,2025-06-28 17:37:11,2025-06-28 17:37:12,1,0
3491,L16,#32,GW252/13600,(1)停机过程,1,2025-06-28 17:36:40,2025-06-28 17:37:11,31,0.01
3492,L16,#32,GW252/13600,(4)启机状态,4,2025-06-28 17:31:41,2025-06-28 17:36:40,299,0.08
3493,L16,#32,GW252/13600,(3)待机状态,3,2025-06-28 17:25:56,2025-06-28 17:31:41,345,0.1
3494,L16,#32,GW252/13600,(2)停机状态,2,2025-06-28 17:23:38,2025-06-28 17:25:56,138,0.04
3495,L16,#32,GW252/13600,(1)停机过程,1,2025-06-28 17:23:07,2025-06-28 17:23:38,31,0.01
3496,L16,#32,GW252/13600,(4)启机状态,4,2025-06-28 17:18:06,2025-06-28 17:23:07,301,0.08
3497,L16,#32,GW252/13600,(3)待机状态,3,2025-06-28 17:15:15,2025-06-28 17:18:06,171,0.05
3498,L16,#32,GW252/13600,(2)停机状态,2,2025-06-28 17:14:04,2025-06-28 17:15:15,71,0.02
3499,L16,#32,GW252/13600,(1)停机过程,1,2025-06-28 17:13:33,2025-06-28 17:14:04,31,0.01
3500,L16,#32,GW252/13600,(4)启机状态,4,2025-06-28 17:08:33,2025-06-28 17:13:33,300,0.08
3501,L16,#32,GW252/13600,(3)待机状态,3,2025-06-28 17:05:46,2025-06-28 17:08:33,167,0.05
3502,L16,#32,GW252/13600,(2)停机状态,2,2025-06-28 17:04:09,2025-06-28 17:05:46,97,0.03
3503,L16,#32,GW252/13600,(1)停机过程,1,2025-06-28 17:03:38,2025-06-28 17:04:09,31,0.01
3504,L16,#32,GW252/13600,(4)启机状态,4,2025-06-28 16:58:37,2025-06-28 17:03:38,301,0.08
3505,L16,#32,GW252/13600,(3)待机状态,3,2025-06-28 16:54:43,2025-06-28 16:58:37,234,0.07
3506,L16,#32,GW252/13600,(2)停机状态,2,2025-06-28 16:50:28,2025-06-28 16:54:43,255,0.07
3507,L16,#32,GW252/13600,(1)停机过程,1,2025-06-28 16:49:55,2025-06-28 16:50:28,33,0.01
3508,L16,#32,GW252/13600,(4)启机状态,4,2025-06-28 16:44:55,2025-06-28 16:49:55,300,0.08
3509,L16,#32,GW252/13600,(3)待机状态,3,2025-06-28 16:42:47,2025-06-28 16:44:55,128,0.04
3510,L16,#32,GW252/13600,(2)停机状态,2,2025-06-28 16:40:29,2025-06-28 16:42:47,138,0.04
3511,L16,#32,GW252/13600,(1)停机过程,1,2025-06-28 16:39:57,2025-06-28 16:40:29,32,0.01
3512,L16,#32,GW252/13600,(4)启机状态,4,2025-06-28 16:34:58,2025-06-28 16:39:57,299,0.08
3513,L16,#32,GW252/13600,(3)待机状态,3,2025-06-28 16:31:17,2025-06-28 16:34:58,221,0.06
3514,L16,#32,GW252/13600,(2)停机状态,2,2025-06-28 16:30:41,2025-06-28 16:31:17,36,0.01
3515,L16,#32,GW252/13600,(1)停机过程,1,2025-06-28 16:29:45,2025-06-28 16:30:41,56,0.02
3516,L16,#32,GW252/13600,(5)发电状态,5,2025-06-28 15:45:32,2025-06-28 16:29:45,2653,0.74
3517,L16,#32,GW252/13600,(4)启机状态,4,2025-06-28 15:43:16,2025-06-28 15:45:32,136,0.04
3518,L16,#32,GW252/13600,(3)待机状态,3,2025-06-28 15:42:23,2025-06-28 15:43:16,53,0.01
3519,L16,#32,GW252/13600,(2)停机状态,2,2025-06-28 15:42:22,2025-06-28 15:42:23,1,0
3520,L16,#32,GW252/13600,(1)停机过程,1,2025-06-28 15:41:50,2025-06-28 15:42:22,32,0.01
3521,L16,#32,GW252/13600,(4)启机状态,4,2025-06-28 15:36:50,2025-06-28 15:41:50,300,0.08
3522,L16,#32,GW252/13600,(3)待机状态,3,2025-06-28 15:35:25,2025-06-28 15:36:50,85,0.02
3523,L16,#32,GW252/13600,(2)停机状态,2,2025-06-28 15:35:23,2025-06-28 15:35:25,2,0
3524,L16,#32,GW252/13600,(1)停机过程,1,2025-06-28 15:34:50,2025-06-28 15:35:23,33,0.01
3525,L16,#32,GW252/13600,(4)启机状态,4,2025-06-28 15:29:50,2025-06-28 15:34:50,300,0.08
3526,L16,#32,GW252/13600,(3)待机状态,3,2025-06-28 15:27:03,2025-06-28 15:29:50,167,0.05
3527,L16,#32,GW252/13600,(1)停机过程,1,2025-06-28 15:26:30,2025-06-28 15:27:03,33,0.01
3528,L16,#32,GW252/13600,(4)启机状态,4,2025-06-28 15:21:30,2025-06-28 15:26:30,300,0.08
3529,L16,#32,GW252/13600,(3)待机状态,3,2025-06-28 15:20:00,2025-06-28 15:21:30,90,0.03
3530,L16,#32,GW252/13600,(2)停机状态,2,2025-06-28 15:19:51,2025-06-28 15:20:00,9,0
3531,L16,#32,GW252/13600,(1)停机过程,1,2025-06-28 15:19:19,2025-06-28 15:19:51,32,0.01
3532,L16,#32,GW252/13600,(4)启机状态,4,2025-06-28 15:14:18,2025-06-28 15:19:19,301,0.08
3533,L16,#32,GW252/13600,(3)待机状态,3,2025-06-28 15:09:35,2025-06-28 15:14:18,283,0.08
3534,L16,#32,GW252/13600,(1)停机过程,1,2025-06-28 15:09:03,2025-06-28 15:09:35,32,0.01
3535,L16,#32,GW252/13600,(4)启机状态,4,2025-06-28 15:04:03,2025-06-28 15:09:03,300,0.08
3536,L16,#32,GW252/13600,(3)待机状态,3,2025-06-28 15:02:41,2025-06-28 15:04:03,82,0.02
3537,L16,#32,GW252/13600,(2)停机状态,2,2025-06-28 15:01:07,2025-06-28 15:02:41,94,0.03
3538,L16,#32,GW252/13600,(1)停机过程,1,2025-06-28 15:00:09,2025-06-28 15:01:07,58,0.02
3539,L16,#32,GW252/13600,(5)发电状态,5,2025-06-28 14:14:20,2025-06-28 15:00:09,2749,0.76
3540,L16,#32,GW252/13600,(4)启机状态,4,2025-06-28 14:09:22,2025-06-28 14:14:20,298,0.08
3541,L16,#32,GW252/13600,(3)待机状态,3,2025-06-28 14:08:17,2025-06-28 14:09:22,65,0.02
3542,L16,#32,GW252/13600,(1)停机过程,1,2025-06-28 14:07:45,2025-06-28 14:08:17,32,0.01
3543,L16,#32,GW252/13600,(4)启机状态,4,2025-06-28 14:02:45,2025-06-28 14:07:45,300,0.08
3544,L16,#32,GW252/13600,(3)待机状态,3,2025-06-28 14:01:00,2025-06-28 14:02:45,105,0.03
3545,L16,#32,GW252/13600,(2)停机状态,2,2025-06-28 14:00:56,2025-06-28 14:01:00,4,0
3546,L16,#32,GW252/13600,(1)停机过程,1,2025-06-28 14:00:24,2025-06-28 14:00:56,32,0.01
3547,L16,#32,GW252/13600,(4)启机状态,4,2025-06-28 13:55:24,2025-06-28 14:00:24,300,0.08
3548,L16,#32,GW252/13600,(3)待机状态,3,2025-06-28 13:22:36,2025-06-28 13:55:24,1968,0.55
3549,L16,#32,GW252/13600,(2)停机状态,2,2025-06-28 13:19:03,2025-06-28 13:22:36,213,0.06
3550,L16,#32,GW252/13600,(1)停机过程,1,2025-06-28 13:18:31,2025-06-28 13:19:03,32,0.01
3551,L16,#32,GW252/13600,(4)启机状态,4,2025-06-28 13:13:31,2025-06-28 13:18:31,300,0.08
3552,L16,#32,GW252/13600,(3)待机状态,3,2025-06-28 13:11:30,2025-06-28 13:13:31,121,0.03
3553,L16,#32,GW252/13600,(2)停机状态,2,2025-06-28 13:09:10,2025-06-28 13:11:30,140,0.04
3554,L16,#32,GW252/13600,(1)停机过程,1,2025-06-28 13:08:39,2025-06-28 13:09:10,31,0.01
3555,L16,#32,GW252/13600,(4)启机状态,4,2025-06-28 13:03:40,2025-06-28 13:08:39,299,0.08
3556,L16,#32,GW252/13600,(3)待机状态,3,2025-06-28 13:02:21,2025-06-28 13:03:40,79,0.02
3557,L16,#32,GW252/13600,(2)停机状态,2,2025-06-28 13:01:17,2025-06-28 13:02:21,64,0.02
3558,L16,#32,GW252/13600,(1)停机过程,1,2025-06-28 13:00:19,2025-06-28 13:01:17,58,0.02
3559,L16,#32,GW252/13600,(5)发电状态,5,2025-06-28 11:26:07,2025-06-28 13:00:19,5652,1.57
3560,L16,#32,GW252/13600,(4)启机状态,4,2025-06-28 11:21:53,2025-06-28 11:26:07,254,0.07
3561,L16,#32,GW252/13600,(3)待机状态,3,2025-06-28 11:20:43,2025-06-28 11:21:53,70,0.02
3562,L16,#32,GW252/13600,(2)停机状态,2,2025-06-28 11:20:42,2025-06-28 11:20:43,1,0
3563,L16,#32,GW252/13600,(1)停机过程,1,2025-06-28 11:20:09,2025-06-28 11:20:42,33,0.01
3564,L16,#32,GW252/13600,(4)启机状态,4,2025-06-28 11:15:09,2025-06-28 11:20:09,300,0.08
3565,L16,#32,GW252/13600,(3)待机状态,3,2025-06-28 11:14:18,2025-06-28 11:15:09,51,0.01
3566,L16,#32,GW252/13600,(2)停机状态,2,2025-06-28 11:14:16,2025-06-28 11:14:18,2,0
3567,L16,#32,GW252/13600,(1)停机过程,1,2025-06-28 11:13:46,2025-06-28 11:14:16,30,0.01
3568,L16,#32,GW252/13600,(4)启机状态,4,2025-06-28 11:08:46,2025-06-28 11:13:46,300,0.08
3569,L16,#32,GW252/13600,(3)待机状态,3,2025-06-28 11:07:51,2025-06-28 11:08:46,55,0.02
3570,L16,#32,GW252/13600,(2)停机状态,2,2025-06-28 11:07:50,2025-06-28 11:07:51,1,0
3571,L16,#32,GW252/13600,(1)停机过程,1,2025-06-28 11:07:19,2025-06-28 11:07:50,31,0.01
3572,L16,#32,GW252/13600,(4)启机状态,4,2025-06-28 11:02:19,2025-06-28 11:07:19,300,0.08
3573,L16,#32,GW252/13600,(3)待机状态,3,2025-06-28 11:01:22,2025-06-28 11:02:19,57,0.02
3574,L16,#32,GW252/13600,(2)停机状态,2,2025-06-28 11:01:20,2025-06-28 11:01:22,2,0
3575,L16,#32,GW252/13600,(1)停机过程,1,2025-06-28 11:00:48,2025-06-28 11:01:20,32,0.01
3576,L16,#32,GW252/13600,(4)启机状态,4,2025-06-28 10:55:48,2025-06-28 11:00:48,300,0.08
3577,L16,#32,GW252/13600,(3)待机状态,3,2025-06-28 10:52:59,2025-06-28 10:55:48,169,0.05
3578,L16,#32,GW252/13600,(2)停机状态,2,2025-06-28 10:50:37,2025-06-28 10:52:59,142,0.04
3579,L16,#32,GW252/13600,(1)停机过程,1,2025-06-28 10:50:05,2025-06-28 10:50:37,32,0.01
3580,L16,#32,GW252/13600,(4)启机状态,4,2025-06-28 10:45:04,2025-06-28 10:50:05,301,0.08
3581,L16,#32,GW252/13600,(3)待机状态,3,2025-06-28 10:43:58,2025-06-28 10:45:04,66,0.02
3582,L16,#32,GW252/13600,(2)停机状态,2,2025-06-28 10:43:57,2025-06-28 10:43:58,1,0
3583,L16,#32,GW252/13600,(1)停机过程,1,2025-06-28 10:43:26,2025-06-28 10:43:57,31,0.01
3584,L16,#32,GW252/13600,(4)启机状态,4,2025-06-28 10:38:26,2025-06-28 10:43:26,300,0.08
3585,L16,#32,GW252/13600,(3)待机状态,3,2025-06-28 10:36:52,2025-06-28 10:38:26,94,0.03
3586,L16,#32,GW252/13600,(2)停机状态,2,2025-06-28 10:36:51,2025-06-28 10:36:52,1,0
3587,L16,#32,GW252/13600,(1)停机过程,1,2025-06-28 10:36:19,2025-06-28 10:36:51,32,0.01
3588,L16,#32,GW252/13600,(4)启机状态,4,2025-06-28 10:31:19,2025-06-28 10:36:19,300,0.08
3589,L16,#32,GW252/13600,(3)待机状态,3,2025-06-28 10:29:49,2025-06-28 10:31:19,90,0.03
3590,L16,#32,GW252/13600,(2)停机状态,2,2025-06-28 10:29:48,2025-06-28 10:29:49,1,0
3591,L16,#32,GW252/13600,(1)停机过程,1,2025-06-28 10:29:16,2025-06-28 10:29:48,32,0.01
3592,L16,#32,GW252/13600,(4)启机状态,4,2025-06-28 10:24:17,2025-06-28 10:29:16,299,0.08
3593,L16,#32,GW252/13600,(3)待机状态,3,2025-06-28 10:23:02,2025-06-28 10:24:17,75,0.02
3594,L16,#32,GW252/13600,(2)停机状态,2,2025-06-28 10:23:00,2025-06-28 10:23:02,2,0
3595,L16,#32,GW252/13600,(1)停机过程,1,2025-06-28 10:22:28,2025-06-28 10:23:00,32,0.01
3596,L16,#32,GW252/13600,(4)启机状态,4,2025-06-28 10:17:28,2025-06-28 10:22:28,300,0.08
3597,L16,#32,GW252/13600,(3)待机状态,3,2025-06-28 10:15:13,2025-06-28 10:17:28,135,0.04
3598,L16,#32,GW252/13600,(2)停机状态,2,2025-06-28 10:15:11,2025-06-28 10:15:13,2,0
3599,L16,#32,GW252/13600,(1)停机过程,1,2025-06-28 10:14:39,2025-06-28 10:15:11,32,0.01
3600,L16,#32,GW252/13600,(4)启机状态,4,2025-06-28 10:09:39,2025-06-28 10:14:39,300,0.08
3601,L16,#32,GW252/13600,(3)待机状态,3,2025-06-28 10:05:57,2025-06-28 10:09:39,222,0.06
3602,L16,#32,GW252/13600,(2)停机状态,2,2025-06-28 10:04:56,2025-06-28 10:05:57,61,0.02
3603,L16,#32,GW252/13600,(1)停机过程,1,2025-06-28 10:04:24,2025-06-28 10:04:56,32,0.01
3604,L16,#32,GW252/13600,(4)启机状态,4,2025-06-28 09:59:24,2025-06-28 10:04:24,300,0.08
3605,L16,#32,GW252/13600,(3)待机状态,3,2025-06-28 09:57:04,2025-06-28 09:59:24,140,0.04
3606,L16,#32,GW252/13600,(2)停机状态,2,2025-06-28 09:54:13,2025-06-28 09:57:04,171,0.05
3607,L16,#32,GW252/13600,(1)停机过程,1,2025-06-28 09:53:42,2025-06-28 09:54:13,31,0.01
3608,L16,#32,GW252/13600,(4)启机状态,4,2025-06-28 09:48:42,2025-06-28 09:53:42,300,0.08
3609,L16,#32,GW252/13600,(3)待机状态,3,2025-06-28 09:46:45,2025-06-28 09:48:42,117,0.03
3610,L16,#32,GW252/13600,(1)停机过程,1,2025-06-28 09:46:13,2025-06-28 09:46:45,32,0.01
3611,L16,#32,GW252/13600,(4)启机状态,4,2025-06-28 09:41:13,2025-06-28 09:46:13,300,0.08
3612,L16,#32,GW252/13600,(3)待机状态,3,2025-06-28 09:40:14,2025-06-28 09:41:13,59,0.02
3613,L16,#32,GW252/13600,(2)停机状态,2,2025-06-28 09:40:13,2025-06-28 09:40:14,1,0
3614,L16,#32,GW252/13600,(1)停机过程,1,2025-06-28 09:39:40,2025-06-28 09:40:13,33,0.01
3615,L16,#32,GW252/13600,(4)启机状态,4,2025-06-28 09:34:41,2025-06-28 09:39:40,299,0.08
3616,L16,#32,GW252/13600,(3)待机状态,3,2025-06-28 09:33:38,2025-06-28 09:34:41,63,0.02
3617,L16,#32,GW252/13600,(2)停机状态,2,2025-06-28 09:33:37,2025-06-28 09:33:38,1,0
3618,L16,#32,GW252/13600,(1)停机过程,1,2025-06-28 09:33:05,2025-06-28 09:33:37,32,0.01
3619,L16,#32,GW252/13600,(4)启机状态,4,2025-06-28 09:28:05,2025-06-28 09:33:05,300,0.08
3620,L16,#32,GW252/13600,(3)待机状态,3,2025-06-28 09:26:46,2025-06-28 09:28:05,79,0.02
3621,L16,#32,GW252/13600,(2)停机状态,2,2025-06-28 09:25:28,2025-06-28 09:26:46,78,0.02
3622,L16,#32,GW252/13600,(1)停机过程,1,2025-06-28 09:24:56,2025-06-28 09:25:28,32,0.01
3623,L16,#32,GW252/13600,(4)启机状态,4,2025-06-28 09:19:56,2025-06-28 09:24:56,300,0.08
3624,L16,#32,GW252/13600,(3)待机状态,3,2025-06-28 09:17:46,2025-06-28 09:19:56,130,0.04
3625,L16,#32,GW252/13600,(2)停机状态,2,2025-06-28 09:16:29,2025-06-28 09:17:46,77,0.02
3626,L16,#32,GW252/13600,(1)停机过程,1,2025-06-28 09:15:57,2025-06-28 09:16:29,32,0.01
3627,L16,#32,GW252/13600,(4)启机状态,4,2025-06-28 09:10:57,2025-06-28 09:15:57,300,0.08
3628,L16,#32,GW252/13600,(3)待机状态,3,2025-06-28 09:09:42,2025-06-28 09:10:57,75,0.02
3629,L16,#32,GW252/13600,(2)停机状态,2,2025-06-28 09:07:58,2025-06-28 09:09:42,104,0.03
3630,L16,#32,GW252/13600,(1)停机过程,1,2025-06-28 09:07:26,2025-06-28 09:07:58,32,0.01
3631,L16,#32,GW252/13600,(4)启机状态,4,2025-06-28 09:02:26,2025-06-28 09:07:26,300,0.08
3632,L16,#32,GW252/13600,(3)待机状态,3,2025-06-28 09:01:18,2025-06-28 09:02:26,68,0.02
3633,L16,#32,GW252/13600,(2)停机状态,2,2025-06-28 09:01:10,2025-06-28 09:01:18,8,0
3634,L16,#32,GW252/13600,(1)停机过程,1,2025-06-28 09:00:39,2025-06-28 09:01:10,31,0.01
3635,L16,#32,GW252/13600,(4)启机状态,4,2025-06-28 08:55:39,2025-06-28 09:00:39,300,0.08
3636,L16,#32,GW252/13600,(3)待机状态,3,2025-06-28 08:54:28,2025-06-28 08:55:39,71,0.02
3637,L16,#32,GW252/13600,(2)停机状态,2,2025-06-28 08:54:27,2025-06-28 08:54:28,1,0
3638,L16,#32,GW252/13600,(1)停机过程,1,2025-06-28 08:53:55,2025-06-28 08:54:27,32,0.01
3639,L16,#32,GW252/13600,(4)启机状态,4,2025-06-28 08:48:56,2025-06-28 08:53:55,299,0.08
3640,L16,#32,GW252/13600,(3)待机状态,3,2025-06-28 08:45:50,2025-06-28 08:48:56,186,0.05
3641,L16,#32,GW252/13600,(2)停机状态,2,2025-06-28 08:40:13,2025-06-28 08:45:50,337,0.09
3642,L16,#32,GW252/13600,(1)停机过程,1,2025-06-28 08:39:41,2025-06-28 08:40:13,32,0.01
3643,L16,#32,GW252/13600,(4)启机状态,4,2025-06-28 08:34:41,2025-06-28 08:39:41,300,0.08
3644,L16,#32,GW252/13600,(3)待机状态,3,2025-06-28 08:32:12,2025-06-28 08:34:41,149,0.04
3645,L16,#32,GW252/13600,(2)停机状态,2,2025-06-28 08:26:47,2025-06-28 08:32:12,325,0.09
3646,L16,#32,GW252/13600,(1)停机过程,1,2025-06-28 08:25:51,2025-06-28 08:26:47,56,0.02
3647,L16,#32,GW252/13600,(5)发电状态,5,2025-06-28 06:29:54,2025-06-28 08:25:51,6957,1.93
3648,L16,#32,GW252/13600,(4)启机状态,4,2025-06-28 06:26:39,2025-06-28 06:29:54,195,0.05
3649,L16,#32,GW252/13600,(3)待机状态,3,2025-06-28 06:25:28,2025-06-28 06:26:39,71,0.02
3650,L16,#32,GW252/13600,(2)停机状态,2,2025-06-28 06:25:26,2025-06-28 06:25:28,2,0
3651,L16,#32,GW252/13600,(1)停机过程,1,2025-06-28 06:24:30,2025-06-28 06:25:26,56,0.02
3652,L16,#32,GW252/13600,(5)发电状态,5,2025-06-28 05:27:05,2025-06-28 06:24:30,3445,0.96
3653,L16,#32,GW252/13600,(4)启机状态,4,2025-06-28 05:23:55,2025-06-28 05:27:05,190,0.05
3654,L16,#32,GW252/13600,(3)待机状态,3,2025-06-28 05:23:04,2025-06-28 05:23:55,51,0.01
3655,L16,#32,GW252/13600,(2)停机状态,2,2025-06-28 05:23:02,2025-06-28 05:23:04,2,0
3656,L16,#32,GW252/13600,(1)停机过程,1,2025-06-28 05:22:30,2025-06-28 05:23:02,32,0.01
3657,L16,#32,GW252/13600,(4)启机状态,4,2025-06-28 05:17:30,2025-06-28 05:22:30,300,0.08
3658,L16,#32,GW252/13600,(3)待机状态,3,2025-06-28 05:16:19,2025-06-28 05:17:30,71,0.02
3659,L16,#32,GW252/13600,(2)停机状态,2,2025-06-28 05:15:42,2025-06-28 05:16:19,37,0.01
3660,L16,#32,GW252/13600,(1)停机过程,1,2025-06-28 05:14:45,2025-06-28 05:15:42,57,0.02
3661,L16,#32,GW252/13600,(5)发电状态,5,2025-06-28 05:00:13,2025-06-28 05:14:45,872,0.24
3662,L16,#32,GW252/13600,(4)启机状态,4,2025-06-28 04:57:13,2025-06-28 05:00:13,180,0.05
3663,L16,#32,GW252/13600,(3)待机状态,3,2025-06-28 04:55:49,2025-06-28 04:57:13,84,0.02
3664,L16,#32,GW252/13600,(2)停机状态,2,2025-06-28 04:55:47,2025-06-28 04:55:49,2,0
3665,L16,#32,GW252/13600,(1)停机过程,1,2025-06-28 04:54:50,2025-06-28 04:55:47,57,0.02
3666,L16,#32,GW252/13600,(4)启机状态,4,2025-06-28 04:49:50,2025-06-28 04:54:50,300,0.08
3667,L16,#32,GW252/13600,(3)待机状态,3,2025-06-28 04:47:41,2025-06-28 04:49:50,129,0.04
3668,L16,#32,GW252/13600,(2)停机状态,2,2025-06-28 04:46:21,2025-06-28 04:47:41,80,0.02
3669,L16,#32,GW252/13600,(1)停机过程,1,2025-06-28 04:45:23,2025-06-28 04:46:21,58,0.02
3670,L16,#32,GW252/13600,(5)发电状态,5,2025-06-28 04:32:17,2025-06-28 04:45:23,786,0.22
3671,L16,#32,GW252/13600,(4)启机状态,4,2025-06-28 04:27:42,2025-06-28 04:32:17,275,0.08
3672,L16,#32,GW252/13600,(3)待机状态,3,2025-06-28 04:26:46,2025-06-28 04:27:42,56,0.02
3673,L16,#32,GW252/13600,(2)停机状态,2,2025-06-28 04:26:45,2025-06-28 04:26:46,1,0
3674,L16,#32,GW252/13600,(1)停机过程,1,2025-06-28 04:26:14,2025-06-28 04:26:45,31,0.01
3675,L16,#32,GW252/13600,(4)启机状态,4,2025-06-28 04:21:14,2025-06-28 04:26:14,300,0.08
3676,L16,#32,GW252/13600,(3)待机状态,3,2025-06-28 04:20:24,2025-06-28 04:21:14,50,0.01
3677,L16,#32,GW252/13600,(2)停机状态,2,2025-06-28 04:20:23,2025-06-28 04:20:24,1,0
3678,L16,#32,GW252/13600,(1)停机过程,1,2025-06-28 04:19:51,2025-06-28 04:20:23,32,0.01
3679,L16,#32,GW252/13600,(4)启机状态,4,2025-06-28 04:14:52,2025-06-28 04:19:51,299,0.08
3680,L16,#32,GW252/13600,(3)待机状态,3,2025-06-28 04:13:50,2025-06-28 04:14:52,62,0.02
3681,L16,#32,GW252/13600,(2)停机状态,2,2025-06-28 04:09:51,2025-06-28 04:13:50,239,0.07
3682,L16,#32,GW252/13600,(1)停机过程,1,2025-06-28 04:08:54,2025-06-28 04:09:51,57,0.02
3683,L16,#32,GW252/13600,(5)发电状态,5,2025-06-28 02:28:56,2025-06-28 04:08:54,5998,1.67
3684,L16,#32,GW252/13600,(4)启机状态,4,2025-06-28 02:24:45,2025-06-28 02:28:56,251,0.07
3685,L16,#32,GW252/13600,(3)待机状态,3,2025-06-28 02:23:58,2025-06-28 02:24:45,47,0.01
3686,L16,#32,GW252/13600,(2)停机状态,2,2025-06-28 02:23:52,2025-06-28 02:23:58,6,0
3687,L16,#32,GW252/13600,(1)停机过程,1,2025-06-28 02:22:55,2025-06-28 02:23:52,57,0.02
3688,L16,#32,GW252/13600,(4)启机状态,4,2025-06-28 02:17:55,2025-06-28 02:22:55,300,0.08
3689,L16,#32,GW252/13600,(3)待机状态,3,2025-06-28 02:16:51,2025-06-28 02:17:55,64,0.02
3690,L16,#32,GW252/13600,(2)停机状态,2,2025-06-28 02:16:50,2025-06-28 02:16:51,1,0
3691,L16,#32,GW252/13600,(1)停机过程,1,2025-06-28 02:15:57,2025-06-28 02:16:50,53,0.01
3692,L16,#32,GW252/13600,(4)启机状态,4,2025-06-28 02:10:56,2025-06-28 02:15:57,301,0.08
3693,L16,#32,GW252/13600,(3)待机状态,3,2025-06-28 02:09:45,2025-06-28 02:10:56,71,0.02
3694,L16,#32,GW252/13600,(2)停机状态,2,2025-06-28 02:09:37,2025-06-28 02:09:45,8,0
3695,L16,#32,GW252/13600,(1)停机过程,1,2025-06-28 02:09:06,2025-06-28 02:09:37,31,0.01
3696,L16,#32,GW252/13600,(4)启机状态,4,2025-06-28 02:04:06,2025-06-28 02:09:06,300,0.08
3697,L16,#32,GW252/13600,(3)待机状态,3,2025-06-28 02:02:59,2025-06-28 02:04:06,67,0.02
3698,L16,#32,GW252/13600,(2)停机状态,2,2025-06-28 02:02:58,2025-06-28 02:02:59,1,0
3699,L16,#32,GW252/13600,(1)停机过程,1,2025-06-28 02:02:26,2025-06-28 02:02:58,32,0.01
3700,L16,#32,GW252/13600,(4)启机状态,4,2025-06-28 01:57:25,2025-06-28 02:02:26,301,0.08
3701,L16,#32,GW252/13600,(3)待机状态,3,2025-06-28 01:54:48,2025-06-28 01:57:25,157,0.04
3702,L16,#32,GW252/13600,(2)停机状态,2,2025-06-28 01:54:47,2025-06-28 01:54:48,1,0
3703,L16,#32,GW252/13600,(1)停机过程,1,2025-06-28 01:54:15,2025-06-28 01:54:47,32,0.01
3704,L16,#32,GW252/13600,(4)启机状态,4,2025-06-28 01:49:15,2025-06-28 01:54:15,300,0.08
3705,L16,#32,GW252/13600,(3)待机状态,3,2025-06-28 01:47:31,2025-06-28 01:49:15,104,0.03
3706,L16,#32,GW252/13600,(2)停机状态,2,2025-06-28 01:46:59,2025-06-28 01:47:31,32,0.01
3707,L16,#32,GW252/13600,(1)停机过程,1,2025-06-28 01:46:02,2025-06-28 01:46:59,57,0.02
3708,L16,#32,GW252/13600,(5)发电状态,5,2025-06-28 01:12:24,2025-06-28 01:46:02,2018,0.56
3709,L16,#32,GW252/13600,(4)启机状态,4,2025-06-28 01:10:25,2025-06-28 01:12:24,119,0.03
3710,L16,#32,GW252/13600,(3)待机状态,3,2025-06-28 01:09:32,2025-06-28 01:10:25,53,0.01
3711,L16,#32,GW252/13600,(1)停机过程,1,2025-06-28 01:08:59,2025-06-28 01:09:32,33,0.01
3712,L16,#32,GW252/13600,(4)启机状态,4,2025-06-28 01:04:00,2025-06-28 01:08:59,299,0.08
3713,L16,#32,GW252/13600,(3)待机状态,3,2025-06-28 01:01:03,2025-06-28 01:04:00,177,0.05
3714,L16,#32,GW252/13600,(2)停机状态,2,2025-06-28 01:00:08,2025-06-28 01:01:03,55,0.02
3715,L16,#32,GW252/13600,(1)停机过程,1,2025-06-28 00:59:36,2025-06-28 01:00:08,32,0.01
3716,L16,#32,GW252/13600,(4)启机状态,4,2025-06-28 00:54:35,2025-06-28 00:59:36,301,0.08
3717,L16,#32,GW252/13600,(3)待机状态,3,2025-06-28 00:52:35,2025-06-28 00:54:35,120,0.03
3718,L16,#32,GW252/13600,(2)停机状态,2,2025-06-28 00:51:42,2025-06-28 00:52:35,53,0.01
3719,L16,#32,GW252/13600,(1)停机过程,1,2025-06-28 00:51:10,2025-06-28 00:51:42,32,0.01
3720,L16,#32,GW252/13600,(4)启机状态,4,2025-06-28 00:46:10,2025-06-28 00:51:10,300,0.08
3721,L16,#32,GW252/13600,(3)待机状态,3,2025-06-28 00:42:47,2025-06-28 00:46:10,203,0.06
3722,L16,#32,GW252/13600,(2)停机状态,2,2025-06-28 00:38:17,2025-06-28 00:42:47,270,0.08
3723,L16,#32,GW252/13600,(1)停机过程,1,2025-06-28 00:37:45,2025-06-28 00:38:17,32,0.01
3724,L16,#32,GW252/13600,(4)启机状态,4,2025-06-28 00:32:44,2025-06-28 00:37:45,301,0.08
3725,L16,#32,GW252/13600,(3)待机状态,3,2025-06-28 00:31:46,2025-06-28 00:32:44,58,0.02
3726,L16,#32,GW252/13600,(2)停机状态,2,2025-06-28 00:31:45,2025-06-28 00:31:46,1,0
3727,L16,#32,GW252/13600,(1)停机过程,1,2025-06-28 00:31:14,2025-06-28 00:31:45,31,0.01
3728,L16,#32,GW252/13600,(4)启机状态,4,2025-06-28 00:26:13,2025-06-28 00:31:14,301,0.08
3729,L16,#32,GW252/13600,(3)待机状态,3,2025-06-28 00:25:03,2025-06-28 00:26:13,70,0.02
3730,L16,#32,GW252/13600,(2)停机状态,2,2025-06-28 00:24:31,2025-06-28 00:25:03,32,0.01
3731,L16,#32,GW252/13600,(1)停机过程,1,2025-06-28 00:23:59,2025-06-28 00:24:31,32,0.01
3732,L16,#32,GW252/13600,(4)启机状态,4,2025-06-28 00:18:59,2025-06-28 00:23:59,300,0.08
3733,L16,#32,GW252/13600,(3)待机状态,3,2025-06-28 00:14:33,2025-06-28 00:18:59,266,0.07
3734,L16,#32,GW252/13600,(2)停机状态,2,2025-06-28 00:14:04,2025-06-28 00:14:33,29,0.01
3735,L16,#32,GW252/13600,(1)停机过程,1,2025-06-28 00:13:32,2025-06-28 00:14:04,32,0.01
3736,L16,#32,GW252/13600,(4)启机状态,4,2025-06-28 00:08:32,2025-06-28 00:13:32,300,0.08
3737,L16,#32,GW252/13600,(3)待机状态,3,2025-06-28 00:07:17,2025-06-28 00:08:32,75,0.02
3738,L16,#32,GW252/13600,(2)停机状态,2,2025-06-28 00:07:15,2025-06-28 00:07:17,2,0
3739,L16,#32,GW252/13600,(1)停机过程,1,2025-06-28 00:06:44,2025-06-28 00:07:15,31,0.01
3740,L16,#32,GW252/13600,(4)启机状态,4,2025-06-28 00:01:44,2025-06-28 00:06:44,300,0.08
3741,L16,#32,GW252/13600,(3)待机状态,3,2025-06-27 23:59:58,2025-06-28 00:01:44,106,0.03
3742,L16,#32,GW252/13600,(2)停机状态,2,2025-06-27 23:59:57,2025-06-27 23:59:58,1,0
3743,L16,#32,GW252/13600,(1)停机过程,1,2025-06-27 23:59:25,2025-06-27 23:59:57,32,0.01
3744,L16,#32,GW252/13600,(4)启机状态,4,2025-06-27 23:54:25,2025-06-27 23:59:25,300,0.08
3745,L16,#32,GW252/13600,(3)待机状态,3,2025-06-27 23:53:17,2025-06-27 23:54:25,68,0.02
3746,L16,#32,GW252/13600,(2)停机状态,2,2025-06-27 23:53:16,2025-06-27 23:53:17,1,0
3747,L16,#32,GW252/13600,(1)停机过程,1,2025-06-27 23:52:44,2025-06-27 23:53:16,32,0.01
3748,L16,#32,GW252/13600,(4)启机状态,4,2025-06-27 23:47:44,2025-06-27 23:52:44,300,0.08
3749,L16,#32,GW252/13600,(3)待机状态,3,2025-06-27 23:46:33,2025-06-27 23:47:44,71,0.02
3750,L16,#32,GW252/13600,(2)停机状态,2,2025-06-27 23:46:30,2025-06-27 23:46:33,3,0
3751,L16,#32,GW252/13600,(1)停机过程,1,2025-06-27 23:45:50,2025-06-27 23:46:30,40,0.01
3752,L16,#32,GW252/13600,(4)启机状态,4,2025-06-27 23:40:50,2025-06-27 23:45:50,300,0.08
3753,L16,#32,GW252/13600,(3)待机状态,3,2025-06-27 23:39:52,2025-06-27 23:40:50,58,0.02
3754,L16,#32,GW252/13600,(2)停机状态,2,2025-06-27 23:39:50,2025-06-27 23:39:52,2,0
3755,L16,#32,GW252/13600,(1)停机过程,1,2025-06-27 23:39:18,2025-06-27 23:39:50,32,0.01
3756,L16,#32,GW252/13600,(4)启机状态,4,2025-06-27 23:34:18,2025-06-27 23:39:18,300,0.08
3757,L16,#32,GW252/13600,(3)待机状态,3,2025-06-27 23:33:17,2025-06-27 23:34:18,61,0.02
3758,L16,#32,GW252/13600,(2)停机状态,2,2025-06-27 23:32:30,2025-06-27 23:33:17,47,0.01
3759,L16,#32,GW252/13600,(1)停机过程,1,2025-06-27 23:31:58,2025-06-27 23:32:30,32,0.01
3760,L16,#32,GW252/13600,(4)启机状态,4,2025-06-27 23:26:58,2025-06-27 23:31:58,300,0.08
3761,L16,#32,GW252/13600,(3)待机状态,3,2025-06-27 23:26:06,2025-06-27 23:26:58,52,0.01
3762,L16,#32,GW252/13600,(2)停机状态,2,2025-06-27 23:26:04,2025-06-27 23:26:06,2,0
3763,L16,#32,GW252/13600,(1)停机过程,1,2025-06-27 23:25:32,2025-06-27 23:26:04,32,0.01
3764,L16,#32,GW252/13600,(4)启机状态,4,2025-06-27 23:20:32,2025-06-27 23:25:32,300,0.08
3765,L16,#32,GW252/13600,(3)待机状态,3,2025-06-27 23:19:36,2025-06-27 23:20:32,56,0.02
3766,L16,#32,GW252/13600,(2)停机状态,2,2025-06-27 23:15:03,2025-06-27 23:19:36,273,0.08
3767,L16,#32,GW252/13600,(1)停机过程,1,2025-06-27 23:14:07,2025-06-27 23:15:03,56,0.02
3768,L16,#32,GW252/13600,(5)发电状态,5,2025-06-27 19:02:31,2025-06-27 23:14:07,15096,4.19
3769,L16,#32,GW252/13600,(4)启机状态,4,2025-06-27 18:58:52,2025-06-27 19:02:31,219,0.06
3770,L16,#32,GW252/13600,(3)待机状态,3,2025-06-27 18:57:49,2025-06-27 18:58:52,63,0.02
3771,L16,#32,GW252/13600,(2)停机状态,2,2025-06-27 18:57:48,2025-06-27 18:57:49,1,0
3772,L16,#32,GW252/13600,(1)停机过程,1,2025-06-27 18:57:16,2025-06-27 18:57:48,32,0.01
3773,L16,#32,GW252/13600,(4)启机状态,4,2025-06-27 18:52:16,2025-06-27 18:57:16,300,0.08
3774,L16,#32,GW252/13600,(3)待机状态,3,2025-06-27 18:51:30,2025-06-27 18:52:16,46,0.01
3775,L16,#32,GW252/13600,(2)停机状态,2,2025-06-27 18:51:29,2025-06-27 18:51:30,1,0
3776,L16,#32,GW252/13600,(1)停机过程,1,2025-06-27 18:50:59,2025-06-27 18:51:29,30,0.01
3777,L16,#32,GW252/13600,(4)启机状态,4,2025-06-27 18:45:58,2025-06-27 18:50:59,301,0.08
3778,L16,#32,GW252/13600,(3)待机状态,3,2025-06-27 18:42:46,2025-06-27 18:45:58,192,0.05
3779,L16,#32,GW252/13600,(2)停机状态,2,2025-06-27 18:42:09,2025-06-27 18:42:46,37,0.01
3780,L16,#32,GW252/13600,(1)停机过程,1,2025-06-27 18:41:13,2025-06-27 18:42:09,56,0.02
3781,L16,#32,GW252/13600,(4)启机状态,4,2025-06-27 18:36:12,2025-06-27 18:41:13,301,0.08
3782,L16,#32,GW252/13600,(3)待机状态,3,2025-06-27 18:34:42,2025-06-27 18:36:12,90,0.03
3783,L16,#32,GW252/13600,(1)停机过程,1,2025-06-27 18:33:44,2025-06-27 18:34:42,58,0.02
3784,L16,#32,GW252/13600,(5)发电状态,5,2025-06-27 16:51:00,2025-06-27 18:33:44,6164,1.71
3785,L16,#32,GW252/13600,(4)启机状态,4,2025-06-27 16:46:31,2025-06-27 16:51:00,269,0.07
3786,L16,#32,GW252/13600,(3)待机状态,3,2025-06-27 16:45:31,2025-06-27 16:46:31,60,0.02
3787,L16,#32,GW252/13600,(2)停机状态,2,2025-06-27 16:43:15,2025-06-27 16:45:31,136,0.04
3788,L16,#32,GW252/13600,(1)停机过程,1,2025-06-27 16:42:18,2025-06-27 16:43:15,57,0.02
3789,L16,#32,GW252/13600,(5)发电状态,5,2025-06-27 14:52:48,2025-06-27 16:42:18,6570,1.83
3790,L16,#32,GW252/13600,(4)启机状态,4,2025-06-27 14:49:32,2025-06-27 14:52:48,196,0.05
3791,L16,#32,GW252/13600,(3)待机状态,3,2025-06-27 14:48:38,2025-06-27 14:49:32,54,0.02
3792,L16,#32,GW252/13600,(2)停机状态,2,2025-06-27 14:48:36,2025-06-27 14:48:38,2,0
3793,L16,#32,GW252/13600,(1)停机过程,1,2025-06-27 14:48:05,2025-06-27 14:48:36,31,0.01
3794,L16,#32,GW252/13600,(4)启机状态,4,2025-06-27 14:43:05,2025-06-27 14:48:05,300,0.08
3795,L16,#32,GW252/13600,(3)待机状态,3,2025-06-27 14:42:14,2025-06-27 14:43:05,51,0.01
3796,L16,#32,GW252/13600,(2)停机状态,2,2025-06-27 14:42:11,2025-06-27 14:42:14,3,0
3797,L16,#32,GW252/13600,(1)停机过程,1,2025-06-27 14:41:39,2025-06-27 14:42:11,32,0.01
3798,L16,#32,GW252/13600,(4)启机状态,4,2025-06-27 14:36:39,2025-06-27 14:41:39,300,0.08
3799,L16,#32,GW252/13600,(3)待机状态,3,2025-06-27 14:35:46,2025-06-27 14:36:39,53,0.01
3800,L16,#32,GW252/13600,(2)停机状态,2,2025-06-27 13:58:46,2025-06-27 14:35:46,2220,0.62
3801,L16,#32,GW252/13600,(1)停机过程,1,2025-06-27 13:57:47,2025-06-27 13:58:46,59,0.02
3802,L16,#32,GW252/13600,(5)发电状态,5,2025-06-25 16:52:05,2025-06-27 13:57:47,162342,45.1
3803,L16,#32,GW252/13600,(5)发电状态,5,2025-06-25 10:37:49,2025-06-25 16:52:05,22456,6.24
3804,L16,#32,GW252/13600,(4)启机状态,4,2025-06-25 10:34:31,2025-06-25 10:37:49,198,0.06
3805,L16,#32,GW252/13600,(3)待机状态,3,2025-06-25 10:33:35,2025-06-25 10:34:31,56,0.02
3806,L16,#32,GW252/13600,(2)停机状态,2,2025-06-25 10:33:33,2025-06-25 10:33:35,2,0
3807,L16,#32,GW252/13600,(1)停机过程,1,2025-06-25 10:33:00,2025-06-25 10:33:33,33,0.01
3808,L16,#32,GW252/13600,(4)启机状态,4,2025-06-25 10:28:00,2025-06-25 10:33:00,300,0.08
3809,L16,#32,GW252/13600,(3)待机状态,3,2025-06-25 10:27:05,2025-06-25 10:28:00,55,0.02
3810,L16,#32,GW252/13600,(2)停机状态,2,2025-06-25 10:27:04,2025-06-25 10:27:05,1,0
3811,L16,#32,GW252/13600,(1)停机过程,1,2025-06-25 10:26:33,2025-06-25 10:27:04,31,0.01
3812,L16,#32,GW252/13600,(4)启机状态,4,2025-06-25 10:21:33,2025-06-25 10:26:33,300,0.08
3813,L16,#32,GW252/13600,(3)待机状态,3,2025-06-25 10:20:38,2025-06-25 10:21:33,55,0.02
3814,L16,#32,GW252/13600,(2)停机状态,2,2025-06-25 10:20:36,2025-06-25 10:20:38,2,0
3815,L16,#32,GW252/13600,(1)停机过程,1,2025-06-25 10:20:04,2025-06-25 10:20:36,32,0.01
3816,L16,#32,GW252/13600,(4)启机状态,4,2025-06-25 10:15:03,2025-06-25 10:20:04,301,0.08
3817,L16,#32,GW252/13600,(3)待机状态,3,2025-06-25 10:13:39,2025-06-25 10:15:03,84,0.02
3818,L16,#32,GW252/13600,(2)停机状态,2,2025-06-25 10:13:37,2025-06-25 10:13:39,2,0
3819,L16,#32,GW252/13600,(1)停机过程,1,2025-06-25 10:13:07,2025-06-25 10:13:37,30,0.01
3820,L16,#32,GW252/13600,(4)启机状态,4,2025-06-25 10:08:07,2025-06-25 10:13:07,300,0.08
3821,L16,#32,GW252/13600,(3)待机状态,3,2025-06-25 10:06:36,2025-06-25 10:08:07,91,0.03
3822,L16,#32,GW252/13600,(2)停机状态,2,2025-06-25 10:06:35,2025-06-25 10:06:36,1,0
3823,L16,#32,GW252/13600,(1)停机过程,1,2025-06-25 10:06:05,2025-06-25 10:06:35,30,0.01
3824,L16,#32,GW252/13600,(4)启机状态,4,2025-06-25 10:01:05,2025-06-25 10:06:05,300,0.08
3825,L16,#32,GW252/13600,(3)待机状态,3,2025-06-25 09:59:35,2025-06-25 10:01:05,90,0.03
3826,L16,#32,GW252/13600,(2)停机状态,2,2025-06-25 09:59:33,2025-06-25 09:59:35,2,0
3827,L16,#32,GW252/13600,(1)停机过程,1,2025-06-25 09:59:01,2025-06-25 09:59:33,32,0.01
3828,L16,#32,GW252/13600,(4)启机状态,4,2025-06-25 09:54:02,2025-06-25 09:59:01,299,0.08
3829,L16,#32,GW252/13600,(3)待机状态,3,2025-06-25 09:52:35,2025-06-25 09:54:02,87,0.02
3830,L16,#32,GW252/13600,(2)停机状态,2,2025-06-25 09:52:33,2025-06-25 09:52:35,2,0
3831,L16,#32,GW252/13600,(1)停机过程,1,2025-06-25 09:52:00,2025-06-25 09:52:33,33,0.01
3832,L16,#32,GW252/13600,(4)启机状态,4,2025-06-25 09:47:00,2025-06-25 09:52:00,300,0.08
3833,L16,#32,GW252/13600,(3)待机状态,3,2025-06-25 09:44:41,2025-06-25 09:47:00,139,0.04
3834,L16,#32,GW252/13600,(2)停机状态,2,2025-06-25 09:44:40,2025-06-25 09:44:41,1,0
3835,L16,#32,GW252/13600,(1)停机过程,1,2025-06-25 09:44:09,2025-06-25 09:44:40,31,0.01
3836,L16,#32,GW252/13600,(4)启机状态,4,2025-06-25 09:39:09,2025-06-25 09:44:09,300,0.08
3837,L16,#32,GW252/13600,(3)待机状态,3,2025-06-25 09:37:29,2025-06-25 09:39:09,100,0.03
3838,L16,#32,GW252/13600,(2)停机状态,2,2025-06-25 09:37:27,2025-06-25 09:37:29,2,0
3839,L16,#32,GW252/13600,(1)停机过程,1,2025-06-25 09:36:57,2025-06-25 09:37:27,30,0.01
3840,L16,#32,GW252/13600,(4)启机状态,4,2025-06-25 09:31:57,2025-06-25 09:36:57,300,0.08
3841,L16,#32,GW252/13600,(3)待机状态,3,2025-06-25 09:29:59,2025-06-25 09:31:57,118,0.03
3842,L16,#32,GW252/13600,(1)停机过程,1,2025-06-25 09:29:28,2025-06-25 09:29:59,31,0.01
3843,L16,#32,GW252/13600,(4)启机状态,4,2025-06-25 09:24:28,2025-06-25 09:29:28,300,0.08
3844,L16,#32,GW252/13600,(3)待机状态,3,2025-06-25 09:22:42,2025-06-25 09:24:28,106,0.03
3845,L16,#32,GW252/13600,(2)停机状态,2,2025-06-25 09:22:40,2025-06-25 09:22:42,2,0
3846,L16,#32,GW252/13600,(1)停机过程,1,2025-06-25 09:22:09,2025-06-25 09:22:40,31,0.01
3847,L16,#32,GW252/13600,(4)启机状态,4,2025-06-25 09:17:09,2025-06-25 09:22:09,300,0.08
3848,L16,#32,GW252/13600,(3)待机状态,3,2025-06-25 09:13:07,2025-06-25 09:17:09,242,0.07
3849,L16,#32,GW252/13600,(2)停机状态,2,2025-06-25 09:11:46,2025-06-25 09:13:07,81,0.02
3850,L16,#32,GW252/13600,(1)停机过程,1,2025-06-25 09:11:15,2025-06-25 09:11:46,31,0.01
3851,L16,#32,GW252/13600,(4)启机状态,4,2025-06-25 09:06:14,2025-06-25 09:11:15,301,0.08
3852,L16,#32,GW252/13600,(3)待机状态,3,2025-06-25 09:04:17,2025-06-25 09:06:14,117,0.03
3853,L16,#32,GW252/13600,(2)停机状态,2,2025-06-25 09:04:15,2025-06-25 09:04:17,2,0
3854,L16,#32,GW252/13600,(1)停机过程,1,2025-06-25 09:03:44,2025-06-25 09:04:15,31,0.01
3855,L16,#32,GW252/13600,(4)启机状态,4,2025-06-25 08:58:42,2025-06-25 09:03:44,302,0.08
3856,L16,#32,GW252/13600,(3)待机状态,3,2025-06-25 08:56:31,2025-06-25 08:58:42,131,0.04
3857,L16,#32,GW252/13600,(1)停机过程,1,2025-06-25 08:55:59,2025-06-25 08:56:31,32,0.01
3858,L16,#32,GW252/13600,(4)启机状态,4,2025-06-25 08:50:59,2025-06-25 08:55:59,300,0.08
3859,L16,#32,GW252/13600,(3)待机状态,3,2025-06-25 08:49:14,2025-06-25 08:50:59,105,0.03
3860,L16,#32,GW252/13600,(2)停机状态,2,2025-06-25 08:49:11,2025-06-25 08:49:14,3,0
3861,L16,#32,GW252/13600,(1)停机过程,1,2025-06-25 08:48:41,2025-06-25 08:49:11,30,0.01
3862,L16,#32,GW252/13600,(4)启机状态,4,2025-06-25 08:43:41,2025-06-25 08:48:41,300,0.08
3863,L16,#32,GW252/13600,(3)待机状态,3,2025-06-25 08:41:41,2025-06-25 08:43:41,120,0.03
3864,L16,#32,GW252/13600,(2)停机状态,2,2025-06-25 08:41:40,2025-06-25 08:41:41,1,0
3865,L16,#32,GW252/13600,(1)停机过程,1,2025-06-25 08:41:09,2025-06-25 08:41:40,31,0.01
3866,L16,#32,GW252/13600,(4)启机状态,4,2025-06-25 08:36:09,2025-06-25 08:41:09,300,0.08
3867,L16,#32,GW252/13600,(3)待机状态,3,2025-06-25 08:34:36,2025-06-25 08:36:09,93,0.03
3868,L16,#32,GW252/13600,(2)停机状态,2,2025-06-25 08:34:35,2025-06-25 08:34:36,1,0
3869,L16,#32,GW252/13600,(1)停机过程,1,2025-06-25 08:34:03,2025-06-25 08:34:35,32,0.01
3870,L16,#32,GW252/13600,(4)启机状态,4,2025-06-25 08:29:03,2025-06-25 08:34:03,300,0.08
3871,L16,#32,GW252/13600,(3)待机状态,3,2025-06-25 08:27:28,2025-06-25 08:29:03,95,0.03
3872,L16,#32,GW252/13600,(2)停机状态,2,2025-06-25 08:27:26,2025-06-25 08:27:28,2,0
3873,L16,#32,GW252/13600,(1)停机过程,1,2025-06-25 08:26:54,2025-06-25 08:27:26,32,0.01
3874,L16,#32,GW252/13600,(4)启机状态,4,2025-06-25 08:21:54,2025-06-25 08:26:54,300,0.08
3875,L16,#32,GW252/13600,(3)待机状态,3,2025-06-25 08:20:03,2025-06-25 08:21:54,111,0.03
3876,L16,#32,GW252/13600,(2)停机状态,2,2025-06-25 08:18:29,2025-06-25 08:20:03,94,0.03
3877,L16,#32,GW252/13600,(1)停机过程,1,2025-06-25 08:17:58,2025-06-25 08:18:29,31,0.01
3878,L16,#32,GW252/13600,(4)启机状态,4,2025-06-25 08:12:57,2025-06-25 08:17:58,301,0.08
3879,L16,#32,GW252/13600,(3)待机状态,3,2025-06-25 08:11:50,2025-06-25 08:12:57,67,0.02
3880,L16,#32,GW252/13600,(1)停机过程,1,2025-06-25 08:11:18,2025-06-25 08:11:50,32,0.01
3881,L16,#32,GW252/13600,(4)启机状态,4,2025-06-25 08:06:18,2025-06-25 08:11:18,300,0.08
3882,L16,#32,GW252/13600,(3)待机状态,3,2025-06-25 08:04:39,2025-06-25 08:06:18,99,0.03
3883,L16,#32,GW252/13600,(2)停机状态,2,2025-06-25 08:04:37,2025-06-25 08:04:39,2,0
3884,L16,#32,GW252/13600,(1)停机过程,1,2025-06-25 08:04:05,2025-06-25 08:04:37,32,0.01
3885,L16,#32,GW252/13600,(4)启机状态,4,2025-06-25 07:59:05,2025-06-25 08:04:05,300,0.08
3886,L16,#32,GW252/13600,(3)待机状态,3,2025-06-25 07:56:06,2025-06-25 07:59:05,179,0.05
3887,L16,#32,GW252/13600,(2)停机状态,2,2025-06-25 07:56:04,2025-06-25 07:56:06,2,0
3888,L16,#32,GW252/13600,(1)停机过程,1,2025-06-25 07:55:33,2025-06-25 07:56:04,31,0.01
3889,L16,#32,GW252/13600,(4)启机状态,4,2025-06-25 07:50:32,2025-06-25 07:55:33,301,0.08
3890,L16,#32,GW252/13600,(3)待机状态,3,2025-06-25 07:47:50,2025-06-25 07:50:32,162,0.05
3891,L16,#32,GW252/13600,(2)停机状态,2,2025-06-25 07:46:55,2025-06-25 07:47:50,55,0.02
3892,L16,#32,GW252/13600,(1)停机过程,1,2025-06-25 07:46:23,2025-06-25 07:46:55,32,0.01
3893,L16,#32,GW252/13600,(4)启机状态,4,2025-06-25 07:41:23,2025-06-25 07:46:23,300,0.08
3894,L16,#32,GW252/13600,(3)待机状态,3,2025-06-25 07:38:53,2025-06-25 07:41:23,150,0.04
3895,L16,#32,GW252/13600,(2)停机状态,2,2025-06-25 07:38:51,2025-06-25 07:38:53,2,0
3896,L16,#32,GW252/13600,(1)停机过程,1,2025-06-25 07:38:19,2025-06-25 07:38:51,32,0.01
3897,L16,#32,GW252/13600,(4)启机状态,4,2025-06-25 07:33:19,2025-06-25 07:38:19,300,0.08
3898,L16,#32,GW252/13600,(3)待机状态,3,2025-06-25 07:31:43,2025-06-25 07:33:19,96,0.03
3899,L16,#32,GW252/13600,(1)停机过程,1,2025-06-25 07:31:11,2025-06-25 07:31:43,32,0.01
3900,L16,#32,GW252/13600,(4)启机状态,4,2025-06-25 07:26:11,2025-06-25 07:31:11,300,0.08
3901,L16,#32,GW252/13600,(3)待机状态,3,2025-06-25 07:23:43,2025-06-25 07:26:11,148,0.04
3902,L16,#32,GW252/13600,(2)停机状态,2,2025-06-25 07:23:41,2025-06-25 07:23:43,2,0
3903,L16,#32,GW252/13600,(1)停机过程,1,2025-06-25 07:23:11,2025-06-25 07:23:41,30,0.01
3904,L16,#32,GW252/13600,(4)启机状态,4,2025-06-25 07:18:11,2025-06-25 07:23:11,300,0.08
3905,L16,#32,GW252/13600,(3)待机状态,3,2025-06-25 07:15:48,2025-06-25 07:18:11,143,0.04
3906,L16,#32,GW252/13600,(2)停机状态,2,2025-06-25 07:15:39,2025-06-25 07:15:48,9,0
3907,L16,#32,GW252/13600,(1)停机过程,1,2025-06-25 07:15:07,2025-06-25 07:15:39,32,0.01
3908,L16,#32,GW252/13600,(4)启机状态,4,2025-06-25 07:10:07,2025-06-25 07:15:07,300,0.08
3909,L16,#32,GW252/13600,(3)待机状态,3,2025-06-25 07:07:48,2025-06-25 07:10:07,139,0.04
3910,L16,#32,GW252/13600,(2)停机状态,2,2025-06-25 07:07:46,2025-06-25 07:07:48,2,0
3911,L16,#32,GW252/13600,(1)停机过程,1,2025-06-25 07:07:14,2025-06-25 07:07:46,32,0.01
3912,L16,#32,GW252/13600,(4)启机状态,4,2025-06-25 07:02:14,2025-06-25 07:07:14,300,0.08
3913,L16,#32,GW252/13600,(3)待机状态,3,2025-06-25 07:00:15,2025-06-25 07:02:14,119,0.03
3914,L16,#32,GW252/13600,(2)停机状态,2,2025-06-25 06:57:40,2025-06-25 07:00:15,155,0.04
3915,L16,#32,GW252/13600,(1)停机过程,1,2025-06-25 06:57:07,2025-06-25 06:57:40,33,0.01
3916,L16,#32,GW252/13600,(4)启机状态,4,2025-06-25 06:52:07,2025-06-25 06:57:07,300,0.08
3917,L16,#32,GW252/13600,(3)待机状态,3,2025-06-25 06:49:44,2025-06-25 06:52:07,143,0.04
3918,L16,#32,GW252/13600,(2)停机状态,2,2025-06-25 06:47:09,2025-06-25 06:49:44,155,0.04
3919,L16,#32,GW252/13600,(1)停机过程,1,2025-06-25 06:46:39,2025-06-25 06:47:09,30,0.01
3920,L16,#32,GW252/13600,(4)启机状态,4,2025-06-25 06:41:38,2025-06-25 06:46:39,301,0.08
3921,L16,#32,GW252/13600,(3)待机状态,3,2025-06-25 06:38:52,2025-06-25 06:41:38,166,0.05
3922,L16,#32,GW252/13600,(2)停机状态,2,2025-06-25 06:34:37,2025-06-25 06:38:52,255,0.07
3923,L16,#32,GW252/13600,(1)停机过程,1,2025-06-25 06:34:04,2025-06-25 06:34:37,33,0.01
3924,L16,#32,GW252/13600,(4)启机状态,4,2025-06-25 06:29:04,2025-06-25 06:34:04,300,0.08
3925,L16,#32,GW252/13600,(3)待机状态,3,2025-06-25 06:24:44,2025-06-25 06:29:04,260,0.07
3926,L16,#32,GW252/13600,(2)停机状态,2,2025-06-25 06:19:08,2025-06-25 06:24:44,336,0.09
3927,L16,#32,GW252/13600,(1)停机过程,1,2025-06-25 06:18:35,2025-06-25 06:19:08,33,0.01
3928,L16,#32,GW252/13600,(4)启机状态,4,2025-06-25 06:13:35,2025-06-25 06:18:35,300,0.08
3929,L16,#32,GW252/13600,(3)待机状态,3,2025-06-25 06:09:36,2025-06-25 06:13:35,239,0.07
3930,L16,#32,GW252/13600,(2)停机状态,2,2025-06-25 06:03:59,2025-06-25 06:09:36,337,0.09
3931,L16,#32,GW252/13600,(1)停机过程,1,2025-06-25 06:03:29,2025-06-25 06:03:59,30,0.01
3932,L16,#32,GW252/13600,(4)启机状态,4,2025-06-25 05:58:29,2025-06-25 06:03:29,300,0.08
3933,L16,#32,GW252/13600,(3)待机状态,3,2025-06-25 03:39:07,2025-06-25 05:58:29,8362,2.32
3934,L16,#32,GW252/13600,(2)停机状态,2,2025-06-25 03:36:20,2025-06-25 03:39:07,167,0.05
3935,L16,#32,GW252/13600,(1)停机过程,1,2025-06-25 03:35:48,2025-06-25 03:36:20,32,0.01
3936,L16,#32,GW252/13600,(4)启机状态,4,2025-06-25 03:30:48,2025-06-25 03:35:48,300,0.08
3937,L16,#32,GW252/13600,(3)待机状态,3,2025-06-25 03:26:53,2025-06-25 03:30:48,235,0.07
3938,L16,#32,GW252/13600,(2)停机状态,2,2025-06-25 03:23:11,2025-06-25 03:26:53,222,0.06
3939,L16,#32,GW252/13600,(1)停机过程,1,2025-06-25 03:22:40,2025-06-25 03:23:11,31,0.01
3940,L16,#32,GW252/13600,(4)启机状态,4,2025-06-25 03:17:40,2025-06-25 03:22:40,300,0.08
3941,L16,#32,GW252/13600,(3)待机状态,3,2025-06-25 03:15:51,2025-06-25 03:17:40,109,0.03
3942,L16,#32,GW252/13600,(2)停机状态,2,2025-06-25 03:15:50,2025-06-25 03:15:51,1,0
3943,L16,#32,GW252/13600,(1)停机过程,1,2025-06-25 03:15:19,2025-06-25 03:15:50,31,0.01
3944,L16,#32,GW252/13600,(4)启机状态,4,2025-06-25 03:10:19,2025-06-25 03:15:19,300,0.08
3945,L16,#32,GW252/13600,(3)待机状态,3,2025-06-25 03:07:49,2025-06-25 03:10:19,150,0.04
3946,L16,#32,GW252/13600,(2)停机状态,2,2025-06-25 03:02:36,2025-06-25 03:07:49,313,0.09
3947,L16,#32,GW252/13600,(1)停机过程,1,2025-06-25 03:01:39,2025-06-25 03:02:36,57,0.02
3948,L16,#32,GW252/13600,(5)发电状态,5,2025-06-24 15:53:59,2025-06-25 03:01:39,40060,11.13
3949,L16,#32,GW252/13600,(4)启机状态,4,2025-06-24 15:49:35,2025-06-24 15:53:59,264,0.07
3950,L16,#32,GW252/13600,(3)待机状态,3,2025-06-24 15:48:42,2025-06-24 15:49:35,53,0.01
3951,L16,#32,GW252/13600,(2)停机状态,2,2025-06-24 15:48:40,2025-06-24 15:48:42,2,0
3952,L16,#32,GW252/13600,(1)停机过程,1,2025-06-24 15:47:44,2025-06-24 15:48:40,56,0.02
3953,L16,#32,GW252/13600,(4)启机状态,4,2025-06-24 15:42:44,2025-06-24 15:47:44,300,0.08
3954,L16,#32,GW252/13600,(3)待机状态,3,2025-06-24 15:39:10,2025-06-24 15:42:44,214,0.06
3955,L16,#32,GW252/13600,(2)停机状态,2,2025-06-24 15:39:08,2025-06-24 15:39:10,2,0
3956,L16,#32,GW252/13600,(1)停机过程,1,2025-06-24 15:38:37,2025-06-24 15:39:08,31,0.01
3957,L16,#32,GW252/13600,(4)启机状态,4,2025-06-24 15:33:37,2025-06-24 15:38:37,300,0.08
3958,L16,#32,GW252/13600,(3)待机状态,3,2025-06-24 15:31:22,2025-06-24 15:33:37,135,0.04
3959,L16,#32,GW252/13600,(2)停机状态,2,2025-06-24 14:54:18,2025-06-24 15:31:22,2224,0.62
3960,L16,#32,GW252/13600,(1)停机过程,1,2025-06-24 14:53:47,2025-06-24 14:54:18,31,0.01
3961,L16,#32,GW252/13600,(4)启机状态,4,2025-06-24 14:48:47,2025-06-24 14:53:47,300,0.08
3962,L16,#32,GW252/13600,(3)待机状态,3,2025-06-24 14:47:47,2025-06-24 14:48:47,60,0.02
3963,L16,#32,GW252/13600,(2)停机状态,2,2025-06-24 14:47:44,2025-06-24 14:47:47,3,0
3964,L16,#32,GW252/13600,(1)停机过程,1,2025-06-24 14:47:11,2025-06-24 14:47:44,33,0.01
3965,L16,#32,GW252/13600,(4)启机状态,4,2025-06-24 14:42:12,2025-06-24 14:47:11,299,0.08
3966,L16,#32,GW252/13600,(3)待机状态,3,2025-06-24 14:41:05,2025-06-24 14:42:12,67,0.02
3967,L16,#32,GW252/13600,(2)停机状态,2,2025-06-24 14:41:03,2025-06-24 14:41:05,2,0
3968,L16,#32,GW252/13600,(1)停机过程,1,2025-06-24 14:40:32,2025-06-24 14:41:03,31,0.01
3969,L16,#32,GW252/13600,(4)启机状态,4,2025-06-24 14:35:32,2025-06-24 14:40:32,300,0.08
3970,L16,#32,GW252/13600,(3)待机状态,3,2025-06-24 14:33:37,2025-06-24 14:35:32,115,0.03
3971,L16,#32,GW252/13600,(2)停机状态,2,2025-06-24 14:31:22,2025-06-24 14:33:37,135,0.04
3972,L16,#32,GW252/13600,(1)停机过程,1,2025-06-24 14:30:26,2025-06-24 14:31:22,56,0.02
3973,L16,#32,GW252/13600,(5)发电状态,5,2025-06-24 14:15:48,2025-06-24 14:30:26,878,0.24
3974,L16,#32,GW252/13600,(4)启机状态,4,2025-06-24 14:12:54,2025-06-24 14:15:48,174,0.05
3975,L16,#32,GW252/13600,(3)待机状态,3,2025-06-24 14:12:06,2025-06-24 14:12:54,48,0.01
3976,L16,#32,GW252/13600,(2)停机状态,2,2025-06-24 14:12:03,2025-06-24 14:12:06,3,0
3977,L16,#32,GW252/13600,(1)停机过程,1,2025-06-24 14:11:08,2025-06-24 14:12:03,55,0.02
3978,L16,#32,GW252/13600,(4)启机状态,4,2025-06-24 14:06:07,2025-06-24 14:11:08,301,0.08
3979,L16,#32,GW252/13600,(3)待机状态,3,2025-06-24 14:05:15,2025-06-24 14:06:07,52,0.01
3980,L16,#32,GW252/13600,(1)停机过程,1,2025-06-24 14:04:43,2025-06-24 14:05:15,32,0.01
3981,L16,#32,GW252/13600,(4)启机状态,4,2025-06-24 13:59:43,2025-06-24 14:04:43,300,0.08
3982,L16,#32,GW252/13600,(3)待机状态,3,2025-06-24 13:58:47,2025-06-24 13:59:43,56,0.02
3983,L16,#32,GW252/13600,(2)停机状态,2,2025-06-24 13:58:46,2025-06-24 13:58:47,1,0
3984,L16,#32,GW252/13600,(1)停机过程,1,2025-06-24 13:58:14,2025-06-24 13:58:46,32,0.01
3985,L16,#32,GW252/13600,(4)启机状态,4,2025-06-24 13:53:14,2025-06-24 13:58:14,300,0.08
3986,L16,#32,GW252/13600,(3)待机状态,3,2025-06-24 13:52:24,2025-06-24 13:53:14,50,0.01
3987,L16,#32,GW252/13600,(2)停机状态,2,2025-06-24 13:52:23,2025-06-24 13:52:24,1,0
3988,L16,#32,GW252/13600,(1)停机过程,1,2025-06-24 13:51:52,2025-06-24 13:52:23,31,0.01
3989,L16,#32,GW252/13600,(4)启机状态,4,2025-06-24 13:46:51,2025-06-24 13:51:52,301,0.08
3990,L16,#32,GW252/13600,(3)待机状态,3,2025-06-24 13:45:58,2025-06-24 13:46:51,53,0.01
3991,L16,#32,GW252/13600,(2)停机状态,2,2025-06-24 13:45:56,2025-06-24 13:45:58,2,0
3992,L16,#32,GW252/13600,(1)停机过程,1,2025-06-24 13:45:25,2025-06-24 13:45:56,31,0.01
3993,L16,#32,GW252/13600,(4)启机状态,4,2025-06-24 13:40:25,2025-06-24 13:45:25,300,0.08
3994,L16,#32,GW252/13600,(3)待机状态,3,2025-06-24 13:38:53,2025-06-24 13:40:25,92,0.03
3995,L16,#32,GW252/13600,(2)停机状态,2,2025-06-24 13:37:33,2025-06-24 13:38:53,80,0.02
3996,L16,#32,GW252/13600,(1)停机过程,1,2025-06-24 13:37:01,2025-06-24 13:37:33,32,0.01
3997,L16,#32,GW252/13600,(4)启机状态,4,2025-06-24 13:32:01,2025-06-24 13:37:01,300,0.08
3998,L16,#32,GW252/13600,(3)待机状态,3,2025-06-24 13:28:50,2025-06-24 13:32:01,191,0.05
3999,L16,#32,GW252/13600,(2)停机状态,2,2025-06-24 13:23:29,2025-06-24 13:28:50,321,0.09
4000,L16,#32,GW252/13600,(1)停机过程,1,2025-06-24 13:22:33,2025-06-24 13:23:29,56,0.02
4001,L16,#32,GW252/13600,(5)发电状态,5,2025-06-24 12:53:11,2025-06-24 13:22:33,1762,0.49
4002,L16,#32,GW252/13600,(4)启机状态,4,2025-06-24 12:51:20,2025-06-24 12:53:11,111,0.03
4003,L16,#32,GW252/13600,(3)待机状态,3,2025-06-24 12:50:26,2025-06-24 12:51:20,54,0.02
4004,L16,#32,GW252/13600,(2)停机状态,2,2025-06-24 12:13:26,2025-06-24 12:50:26,2220,0.62
4005,L16,#32,GW252/13600,(1)停机过程,1,2025-06-24 12:12:29,2025-06-24 12:13:26,57,0.02
4006,L16,#32,GW252/13600,(5)发电状态,5,2025-06-22 10:18:05,2025-06-24 12:12:29,179664,49.91
4007,L16,#32,GW252/13600,(2)停机状态,2,2025-06-15 12:37:43,2025-06-22 10:18:05,596422,165.67
4008,L16,#32,GW252/13600,(1)停机过程,1,2025-06-15 12:37:33,2025-06-15 12:37:43,10,0
4009,L16,#32,GW252/13600,(9)维护状态,9,2025-06-15 12:31:54,2025-06-15 12:37:33,339,0.09
4010,L16,#32,GW252/13600,(2)停机状态,2,2025-06-15 12:30:12,2025-06-15 12:31:54,102,0.03
4011,L16,#32,GW252/13600,(1)停机过程,1,2025-06-15 12:30:07,2025-06-15 12:30:12,5,0
4012,L16,#32,GW252/13600,(9)维护状态,9,2025-06-15 12:25:03,2025-06-15 12:30:07,304,0.08
4013,L16,#32,GW252/13600,(2)停机状态,2,2025-06-13 14:15:19,2025-06-15 12:25:03,166184,46.16
4014,L16,#32,GW252/13600,(1)停机过程,1,2025-06-13 14:15:08,2025-06-13 14:15:19,11,0
4015,L16,#32,GW252/13600,(9)维护状态,9,2025-06-13 14:03:40,2025-06-13 14:15:08,688,0.19
4016,L16,#32,GW252/13600,(2)停机状态,2,2025-06-13 14:03:31,2025-06-13 14:03:40,9,0
4017,L16,#32,GW252/13600,(1)停机过程,1,2025-06-13 14:03:21,2025-06-13 14:03:31,10,0
4018,L16,#32,GW252/13600,(9)维护状态,9,2025-06-13 13:59:12,2025-06-13 14:03:21,249,0.07
4019,L16,#32,GW252/13600,(2)停机状态,2,2025-06-13 13:57:35,2025-06-13 13:59:12,97,0.03
4020,L16,#32,GW252/13600,(1)停机过程,1,2025-06-13 13:57:25,2025-06-13 13:57:35,10,0
4021,L16,#32,GW252/13600,(9)维护状态,9,2025-06-12 04:13:44,2025-06-13 13:57:25,121421,33.73
4022,L16,#32,GW252/13600,(0)初始化,0,2025-06-12 04:10:47,2025-06-12 04:13:44,177,0.05
4023,L16,#32,GW252/13600,(9)维护状态,9,2025-06-12 04:00:53,2025-06-12 04:10:47,594,0.17
4024,L16,#32,GW252/13600,(2)停机状态,2,2025-06-12 03:55:49,2025-06-12 04:00:53,304,0.08
4025,L16,#32,GW252/13600,(1)停机过程,1,2025-06-12 03:55:06,2025-06-12 03:55:49,43,0.01
4026,L16,#32,GW252/13600,(5)发电状态,5,2025-06-12 03:17:20,2025-06-12 03:55:06,2266,0.63
4027,L16,#32,GW252/13600,(4)启机状态,4,2025-06-12 03:16:48,2025-06-12 03:17:20,32,0.01
4028,L16,#32,GW252/13600,(3)待机状态,3,2025-06-12 03:16:16,2025-06-12 03:16:48,32,0.01
4029,L16,#32,GW252/13600,(2)停机状态,2,2025-06-12 03:16:10,2025-06-12 03:16:16,6,0
4030,L16,#32,GW252/13600,(1)停机过程,1,2025-06-12 03:16:00,2025-06-12 03:16:10,10,0
4031,L16,#32,GW252/13600,(9)维护状态,9,2025-06-12 03:15:20,2025-06-12 03:16:00,40,0.01
4032,L16,#32,GW252/13600,(2)停机状态,2,2025-06-12 03:07:04,2025-06-12 03:15:20,496,0.14
4033,L16,#32,GW252/13600,(1)停机过程,1,2025-06-12 03:06:18,2025-06-12 03:07:04,46,0.01
4034,L16,#32,GW252/13600,(5)发电状态,5,2025-06-10 14:12:02,2025-06-12 03:06:18,132856,36.9
4035,L16,#32,GW252/13600,(4)启机状态,4,2025-06-10 14:08:19,2025-06-10 14:12:02,223,0.06
4036,L16,#32,GW252/13600,(3)待机状态,3,2025-06-10 14:07:24,2025-06-10 14:08:19,55,0.02
4037,L16,#32,GW252/13600,(2)停机状态,2,2025-06-10 14:04:56,2025-06-10 14:07:24,148,0.04
4038,L16,#32,GW252/13600,(1)停机过程,1,2025-06-10 14:03:59,2025-06-10 14:04:56,57,0.02
4039,L16,#32,GW252/13600,(5)发电状态,5,2025-06-10 10:21:13,2025-06-10 14:03:59,13366,3.71
4040,L16,#32,GW252/13600,(4)启机状态,4,2025-06-10 10:17:32,2025-06-10 10:21:13,221,0.06
4041,L16,#32,GW252/13600,(3)待机状态,3,2025-06-10 10:16:25,2025-06-10 10:17:32,67,0.02
4042,L16,#32,GW252/13600,(2)停机状态,2,2025-06-10 10:16:24,2025-06-10 10:16:25,1,0
4043,L16,#32,GW252/13600,(1)停机过程,1,2025-06-10 10:15:51,2025-06-10 10:16:24,33,0.01
4044,L16,#32,GW252/13600,(4)启机状态,4,2025-06-10 10:10:52,2025-06-10 10:15:51,299,0.08
4045,L16,#32,GW252/13600,(3)待机状态,3,2025-06-10 10:09:44,2025-06-10 10:10:52,68,0.02
4046,L16,#32,GW252/13600,(2)停机状态,2,2025-06-10 10:09:43,2025-06-10 10:09:44,1,0
4047,L16,#32,GW252/13600,(1)停机过程,1,2025-06-10 10:09:12,2025-06-10 10:09:43,31,0.01
4048,L16,#32,GW252/13600,(4)启机状态,4,2025-06-10 10:04:12,2025-06-10 10:09:12,300,0.08
4049,L16,#32,GW252/13600,(3)待机状态,3,2025-06-10 10:03:01,2025-06-10 10:04:12,71,0.02
4050,L16,#32,GW252/13600,(2)停机状态,2,2025-06-10 10:02:59,2025-06-10 10:03:01,2,0
4051,L16,#32,GW252/13600,(1)停机过程,1,2025-06-10 10:02:27,2025-06-10 10:02:59,32,0.01
4052,L16,#32,GW252/13600,(4)启机状态,4,2025-06-10 09:57:28,2025-06-10 10:02:27,299,0.08
4053,L16,#32,GW252/13600,(3)待机状态,3,2025-06-10 09:56:23,2025-06-10 09:57:28,65,0.02
4054,L16,#32,GW252/13600,(2)停机状态,2,2025-06-10 09:56:22,2025-06-10 09:56:23,1,0
4055,L16,#32,GW252/13600,(1)停机过程,1,2025-06-10 09:55:50,2025-06-10 09:56:22,32,0.01
4056,L16,#32,GW252/13600,(4)启机状态,4,2025-06-10 09:50:50,2025-06-10 09:55:50,300,0.08
4057,L16,#32,GW252/13600,(3)待机状态,3,2025-06-10 09:49:32,2025-06-10 09:50:50,78,0.02
4058,L16,#32,GW252/13600,(2)停机状态,2,2025-06-10 09:49:31,2025-06-10 09:49:32,1,0
4059,L16,#32,GW252/13600,(1)停机过程,1,2025-06-10 09:48:59,2025-06-10 09:49:31,32,0.01
4060,L16,#32,GW252/13600,(4)启机状态,4,2025-06-10 09:43:59,2025-06-10 09:48:59,300,0.08
4061,L16,#32,GW252/13600,(3)待机状态,3,2025-06-10 09:42:49,2025-06-10 09:43:59,70,0.02
4062,L16,#32,GW252/13600,(2)停机状态,2,2025-06-10 09:41:01,2025-06-10 09:42:49,108,0.03
4063,L16,#32,GW252/13600,(1)停机过程,1,2025-06-10 09:40:04,2025-06-10 09:41:01,57,0.02
4064,L16,#32,GW252/13600,(5)发电状态,5,2025-06-10 08:12:34,2025-06-10 09:40:04,5250,1.46
4065,L16,#32,GW252/13600,(4)启机状态,4,2025-06-10 08:08:18,2025-06-10 08:12:34,256,0.07
4066,L16,#32,GW252/13600,(3)待机状态,3,2025-06-10 08:07:28,2025-06-10 08:08:18,50,0.01
4067,L16,#32,GW252/13600,(2)停机状态,2,2025-06-10 08:07:26,2025-06-10 08:07:28,2,0
4068,L16,#32,GW252/13600,(1)停机过程,1,2025-06-10 08:06:55,2025-06-10 08:07:26,31,0.01
4069,L16,#32,GW252/13600,(4)启机状态,4,2025-06-10 08:01:55,2025-06-10 08:06:55,300,0.08
4070,L16,#32,GW252/13600,(3)待机状态,3,2025-06-10 08:01:03,2025-06-10 08:01:55,52,0.01
4071,L16,#32,GW252/13600,(2)停机状态,2,2025-06-10 08:00:28,2025-06-10 08:01:03,35,0.01
4072,L16,#32,GW252/13600,(1)停机过程,1,2025-06-10 07:59:56,2025-06-10 08:00:28,32,0.01
4073,L16,#32,GW252/13600,(4)启机状态,4,2025-06-10 07:54:56,2025-06-10 07:59:56,300,0.08
4074,L16,#32,GW252/13600,(3)待机状态,3,2025-06-10 07:54:03,2025-06-10 07:54:56,53,0.01
4075,L16,#32,GW252/13600,(2)停机状态,2,2025-06-10 07:54:01,2025-06-10 07:54:03,2,0
4076,L16,#32,GW252/13600,(1)停机过程,1,2025-06-10 07:53:30,2025-06-10 07:54:01,31,0.01
4077,L16,#32,GW252/13600,(4)启机状态,4,2025-06-10 07:48:30,2025-06-10 07:53:30,300,0.08
4078,L16,#32,GW252/13600,(3)待机状态,3,2025-06-10 07:47:40,2025-06-10 07:48:30,50,0.01
4079,L16,#32,GW252/13600,(1)停机过程,1,2025-06-10 07:47:09,2025-06-10 07:47:40,31,0.01
4080,L16,#32,GW252/13600,(4)启机状态,4,2025-06-10 07:42:09,2025-06-10 07:47:09,300,0.08
4081,L16,#32,GW252/13600,(3)待机状态,3,2025-06-10 07:40:56,2025-06-10 07:42:09,73,0.02
4082,L16,#32,GW252/13600,(2)停机状态,2,2025-06-10 07:40:54,2025-06-10 07:40:56,2,0
4083,L16,#32,GW252/13600,(1)停机过程,1,2025-06-10 07:40:22,2025-06-10 07:40:54,32,0.01
4084,L16,#32,GW252/13600,(4)启机状态,4,2025-06-10 07:35:22,2025-06-10 07:40:22,300,0.08
4085,L16,#32,GW252/13600,(3)待机状态,3,2025-06-10 07:33:15,2025-06-10 07:35:22,127,0.04
4086,L16,#32,GW252/13600,(2)停机状态,2,2025-06-10 07:31:06,2025-06-10 07:33:15,129,0.04
4087,L16,#32,GW252/13600,(1)停机过程,1,2025-06-10 07:30:35,2025-06-10 07:31:06,31,0.01
4088,L16,#32,GW252/13600,(4)启机状态,4,2025-06-10 07:25:34,2025-06-10 07:30:35,301,0.08
4089,L16,#32,GW252/13600,(3)待机状态,3,2025-06-10 07:24:30,2025-06-10 07:25:34,64,0.02
4090,L16,#32,GW252/13600,(2)停机状态,2,2025-06-10 07:24:04,2025-06-10 07:24:30,26,0.01
4091,L16,#32,GW252/13600,(1)停机过程,1,2025-06-10 07:23:31,2025-06-10 07:24:04,33,0.01
4092,L16,#32,GW252/13600,(4)启机状态,4,2025-06-10 07:18:31,2025-06-10 07:23:31,300,0.08
4093,L16,#32,GW252/13600,(3)待机状态,3,2025-06-10 07:17:25,2025-06-10 07:18:31,66,0.02
4094,L16,#32,GW252/13600,(2)停机状态,2,2025-06-10 07:17:23,2025-06-10 07:17:25,2,0
4095,L16,#32,GW252/13600,(1)停机过程,1,2025-06-10 07:16:53,2025-06-10 07:17:23,30,0.01
4096,L16,#32,GW252/13600,(4)启机状态,4,2025-06-10 07:11:53,2025-06-10 07:16:53,300,0.08
4097,L16,#32,GW252/13600,(3)待机状态,3,2025-06-10 06:58:20,2025-06-10 07:11:53,813,0.23
4098,L16,#32,GW252/13600,(2)停机状态,2,2025-06-10 06:56:10,2025-06-10 06:58:20,130,0.04
4099,L16,#32,GW252/13600,(1)停机过程,1,2025-06-10 06:55:38,2025-06-10 06:56:10,32,0.01
4100,L16,#32,GW252/13600,(4)启机状态,4,2025-06-10 06:50:38,2025-06-10 06:55:38,300,0.08
4101,L16,#32,GW252/13600,(3)待机状态,3,2025-06-10 06:49:26,2025-06-10 06:50:38,72,0.02
4102,L16,#32,GW252/13600,(2)停机状态,2,2025-06-10 06:48:00,2025-06-10 06:49:26,86,0.02
4103,L16,#32,GW252/13600,(1)停机过程,1,2025-06-10 06:47:27,2025-06-10 06:48:00,33,0.01
4104,L16,#32,GW252/13600,(4)启机状态,4,2025-06-10 06:42:27,2025-06-10 06:47:27,300,0.08
4105,L16,#32,GW252/13600,(3)待机状态,3,2025-06-10 06:34:11,2025-06-10 06:42:27,496,0.14
4106,L16,#32,GW252/13600,(2)停机状态,2,2025-06-10 06:28:43,2025-06-10 06:34:11,328,0.09
4107,L16,#32,GW252/13600,(1)停机过程,1,2025-06-10 06:28:11,2025-06-10 06:28:43,32,0.01
4108,L16,#32,GW252/13600,(4)启机状态,4,2025-06-10 06:23:11,2025-06-10 06:28:11,300,0.08
4109,L16,#32,GW252/13600,(3)待机状态,3,2025-06-10 06:20:58,2025-06-10 06:23:11,133,0.04
4110,L16,#32,GW252/13600,(2)停机状态,2,2025-06-10 06:15:21,2025-06-10 06:20:58,337,0.09
4111,L16,#32,GW252/13600,(1)停机过程,1,2025-06-10 06:14:49,2025-06-10 06:15:21,32,0.01
4112,L16,#32,GW252/13600,(4)启机状态,4,2025-06-10 06:09:48,2025-06-10 06:14:49,301,0.08
4113,L16,#32,GW252/13600,(3)待机状态,3,2025-06-09 23:38:04,2025-06-10 06:09:48,23504,6.53
4114,L16,#32,GW252/13600,(2)停机状态,2,2025-06-09 23:32:26,2025-06-09 23:38:04,338,0.09
4115,L16,#32,GW252/13600,(1)停机过程,1,2025-06-09 23:31:55,2025-06-09 23:32:26,31,0.01
4116,L16,#32,GW252/13600,(4)启机状态,4,2025-06-09 23:26:55,2025-06-09 23:31:55,300,0.08
4117,L16,#32,GW252/13600,(3)待机状态,3,2025-06-09 23:25:53,2025-06-09 23:26:55,62,0.02
4118,L16,#32,GW252/13600,(2)停机状态,2,2025-06-09 23:20:15,2025-06-09 23:25:53,338,0.09
4119,L16,#32,GW252/13600,(1)停机过程,1,2025-06-09 23:19:44,2025-06-09 23:20:15,31,0.01
4120,L16,#32,GW252/13600,(4)启机状态,4,2025-06-09 23:14:44,2025-06-09 23:19:44,300,0.08
4121,L16,#32,GW252/13600,(3)待机状态,3,2025-06-09 23:13:28,2025-06-09 23:14:44,76,0.02
4122,L16,#32,GW252/13600,(2)停机状态,2,2025-06-09 23:07:51,2025-06-09 23:13:28,337,0.09
4123,L16,#32,GW252/13600,(1)停机过程,1,2025-06-09 23:07:19,2025-06-09 23:07:51,32,0.01
4124,L16,#32,GW252/13600,(4)启机状态,4,2025-06-09 23:02:19,2025-06-09 23:07:19,300,0.08
4125,L16,#32,GW252/13600,(3)待机状态,3,2025-06-09 22:58:51,2025-06-09 23:02:19,208,0.06
4126,L16,#32,GW252/13600,(2)停机状态,2,2025-06-09 22:53:14,2025-06-09 22:58:51,337,0.09
4127,L16,#32,GW252/13600,(1)停机过程,1,2025-06-09 22:52:43,2025-06-09 22:53:14,31,0.01
4128,L16,#32,GW252/13600,(4)启机状态,4,2025-06-09 22:47:43,2025-06-09 22:52:43,300,0.08
4129,L16,#32,GW252/13600,(3)待机状态,3,2025-06-09 22:46:12,2025-06-09 22:47:43,91,0.03
4130,L16,#32,GW252/13600,(2)停机状态,2,2025-06-09 22:40:35,2025-06-09 22:46:12,337,0.09
4131,L16,#32,GW252/13600,(1)停机过程,1,2025-06-09 22:40:03,2025-06-09 22:40:35,32,0.01
4132,L16,#32,GW252/13600,(4)启机状态,4,2025-06-09 22:35:03,2025-06-09 22:40:03,300,0.08
4133,L16,#32,GW252/13600,(3)待机状态,3,2025-06-09 22:31:23,2025-06-09 22:35:03,220,0.06
4134,L16,#32,GW252/13600,(2)停机状态,2,2025-06-09 22:29:59,2025-06-09 22:31:23,84,0.02
4135,L16,#32,GW252/13600,(1)停机过程,1,2025-06-09 22:29:26,2025-06-09 22:29:59,33,0.01
4136,L16,#32,GW252/13600,(4)启机状态,4,2025-06-09 22:24:26,2025-06-09 22:29:26,300,0.08
4137,L16,#32,GW252/13600,(3)待机状态,3,2025-06-09 22:23:13,2025-06-09 22:24:26,73,0.02
4138,L16,#32,GW252/13600,(2)停机状态,2,2025-06-09 22:23:11,2025-06-09 22:23:13,2,0
4139,L16,#32,GW252/13600,(1)停机过程,1,2025-06-09 22:22:40,2025-06-09 22:23:11,31,0.01
4140,L16,#32,GW252/13600,(4)启机状态,4,2025-06-09 22:17:39,2025-06-09 22:22:40,301,0.08
4141,L16,#32,GW252/13600,(3)待机状态,3,2025-06-09 22:15:59,2025-06-09 22:17:39,100,0.03
4142,L16,#32,GW252/13600,(2)停机状态,2,2025-06-09 22:11:31,2025-06-09 22:15:59,268,0.07
4143,L16,#32,GW252/13600,(1)停机过程,1,2025-06-09 22:11:00,2025-06-09 22:11:31,31,0.01
4144,L16,#32,GW252/13600,(4)启机状态,4,2025-06-09 22:05:59,2025-06-09 22:11:00,301,0.08
4145,L16,#32,GW252/13600,(3)待机状态,3,2025-06-09 22:05:01,2025-06-09 22:05:59,58,0.02
4146,L16,#32,GW252/13600,(2)停机状态,2,2025-06-09 22:05:00,2025-06-09 22:05:01,1,0
4147,L16,#32,GW252/13600,(1)停机过程,1,2025-06-09 22:04:28,2025-06-09 22:05:00,32,0.01
4148,L16,#32,GW252/13600,(4)启机状态,4,2025-06-09 21:59:28,2025-06-09 22:04:28,300,0.08
4149,L16,#32,GW252/13600,(3)待机状态,3,2025-06-09 21:58:33,2025-06-09 21:59:28,55,0.02
4150,L16,#32,GW252/13600,(2)停机状态,2,2025-06-09 21:58:31,2025-06-09 21:58:33,2,0
4151,L16,#32,GW252/13600,(1)停机过程,1,2025-06-09 21:57:59,2025-06-09 21:58:31,32,0.01
4152,L16,#32,GW252/13600,(4)启机状态,4,2025-06-09 21:52:59,2025-06-09 21:57:59,300,0.08
4153,L16,#32,GW252/13600,(3)待机状态,3,2025-06-09 21:52:08,2025-06-09 21:52:59,51,0.01
4154,L16,#32,GW252/13600,(2)停机状态,2,2025-06-09 21:52:07,2025-06-09 21:52:08,1,0
4155,L16,#32,GW252/13600,(1)停机过程,1,2025-06-09 21:51:10,2025-06-09 21:52:07,57,0.02
4156,L16,#32,GW252/13600,(4)启机状态,4,2025-06-09 21:46:10,2025-06-09 21:51:10,300,0.08
4157,L16,#32,GW252/13600,(3)待机状态,3,2025-06-09 21:45:20,2025-06-09 21:46:10,50,0.01
4158,L16,#32,GW252/13600,(2)停机状态,2,2025-06-09 21:45:18,2025-06-09 21:45:20,2,0
4159,L16,#32,GW252/13600,(1)停机过程,1,2025-06-09 21:44:46,2025-06-09 21:45:18,32,0.01
4160,L16,#32,GW252/13600,(4)启机状态,4,2025-06-09 21:39:46,2025-06-09 21:44:46,300,0.08
4161,L16,#32,GW252/13600,(3)待机状态,3,2025-06-09 21:38:54,2025-06-09 21:39:46,52,0.01
4162,L16,#32,GW252/13600,(2)停机状态,2,2025-06-09 21:38:17,2025-06-09 21:38:54,37,0.01
4163,L16,#32,GW252/13600,(1)停机过程,1,2025-06-09 21:37:45,2025-06-09 21:38:17,32,0.01
4164,L16,#32,GW252/13600,(4)启机状态,4,2025-06-09 21:32:45,2025-06-09 21:37:45,300,0.08
4165,L16,#32,GW252/13600,(3)待机状态,3,2025-06-09 21:31:48,2025-06-09 21:32:45,57,0.02
4166,L16,#32,GW252/13600,(2)停机状态,2,2025-06-09 21:31:47,2025-06-09 21:31:48,1,0
4167,L16,#32,GW252/13600,(1)停机过程,1,2025-06-09 21:31:16,2025-06-09 21:31:47,31,0.01
4168,L16,#32,GW252/13600,(4)启机状态,4,2025-06-09 21:26:16,2025-06-09 21:31:16,300,0.08
4169,L16,#32,GW252/13600,(3)待机状态,3,2025-06-09 21:24:14,2025-06-09 21:26:16,122,0.03
4170,L16,#32,GW252/13600,(2)停机状态,2,2025-06-09 21:19:39,2025-06-09 21:24:14,275,0.08
4171,L16,#32,GW252/13600,(1)停机过程,1,2025-06-09 21:19:07,2025-06-09 21:19:39,32,0.01
4172,L16,#32,GW252/13600,(4)启机状态,4,2025-06-09 21:14:07,2025-06-09 21:19:07,300,0.08
4173,L16,#32,GW252/13600,(3)待机状态,3,2025-06-09 21:12:43,2025-06-09 21:14:07,84,0.02
4174,L16,#32,GW252/13600,(2)停机状态,2,2025-06-09 21:07:09,2025-06-09 21:12:43,334,0.09
4175,L16,#32,GW252/13600,(1)停机过程,1,2025-06-09 21:06:37,2025-06-09 21:07:09,32,0.01
4176,L16,#32,GW252/13600,(4)启机状态,4,2025-06-09 21:01:37,2025-06-09 21:06:37,300,0.08
4177,L16,#32,GW252/13600,(3)待机状态,3,2025-06-09 21:00:28,2025-06-09 21:01:37,69,0.02
4178,L16,#32,GW252/13600,(2)停机状态,2,2025-06-09 21:00:27,2025-06-09 21:00:28,1,0
4179,L16,#32,GW252/13600,(1)停机过程,1,2025-06-09 20:59:57,2025-06-09 21:00:27,30,0.01
4180,L16,#32,GW252/13600,(4)启机状态,4,2025-06-09 20:54:55,2025-06-09 20:59:57,302,0.08
4181,L16,#32,GW252/13600,(3)待机状态,3,2025-06-09 20:53:32,2025-06-09 20:54:55,83,0.02
4182,L16,#32,GW252/13600,(2)停机状态,2,2025-06-09 20:47:56,2025-06-09 20:53:32,336,0.09
4183,L16,#32,GW252/13600,(1)停机过程,1,2025-06-09 20:46:57,2025-06-09 20:47:56,59,0.02
4184,L16,#32,GW252/13600,(5)发电状态,5,2025-06-09 19:19:49,2025-06-09 20:46:57,5228,1.45
4185,L16,#32,GW252/13600,(4)启机状态,4,2025-06-09 19:15:15,2025-06-09 19:19:49,274,0.08
4186,L16,#32,GW252/13600,(3)待机状态,3,2025-06-09 19:14:29,2025-06-09 19:15:15,46,0.01
4187,L16,#32,GW252/13600,(2)停机状态,2,2025-06-09 19:14:27,2025-06-09 19:14:29,2,0
4188,L16,#32,GW252/13600,(1)停机过程,1,2025-06-09 19:13:54,2025-06-09 19:14:27,33,0.01
4189,L16,#32,GW252/13600,(4)启机状态,4,2025-06-09 19:08:55,2025-06-09 19:13:54,299,0.08
4190,L16,#32,GW252/13600,(3)待机状态,3,2025-06-09 19:08:04,2025-06-09 19:08:55,51,0.01
4191,L16,#32,GW252/13600,(2)停机状态,2,2025-06-09 19:08:01,2025-06-09 19:08:04,3,0
4192,L16,#32,GW252/13600,(1)停机过程,1,2025-06-09 19:07:31,2025-06-09 19:08:01,30,0.01
4193,L16,#32,GW252/13600,(4)启机状态,4,2025-06-09 19:02:31,2025-06-09 19:07:31,300,0.08
4194,L16,#32,GW252/13600,(3)待机状态,3,2025-06-09 19:01:38,2025-06-09 19:02:31,53,0.01
4195,L16,#32,GW252/13600,(2)停机状态,2,2025-06-09 19:01:37,2025-06-09 19:01:38,1,0
4196,L16,#32,GW252/13600,(1)停机过程,1,2025-06-09 19:01:05,2025-06-09 19:01:37,32,0.01
4197,L16,#32,GW252/13600,(4)启机状态,4,2025-06-09 18:56:04,2025-06-09 19:01:05,301,0.08
4198,L16,#32,GW252/13600,(3)待机状态,3,2025-06-09 18:55:15,2025-06-09 18:56:04,49,0.01
4199,L16,#32,GW252/13600,(2)停机状态,2,2025-06-09 18:55:14,2025-06-09 18:55:15,1,0
4200,L16,#32,GW252/13600,(1)停机过程,1,2025-06-09 18:54:41,2025-06-09 18:55:14,33,0.01
4201,L16,#32,GW252/13600,(4)启机状态,4,2025-06-09 18:49:41,2025-06-09 18:54:41,300,0.08
4202,L16,#32,GW252/13600,(3)待机状态,3,2025-06-09 18:48:40,2025-06-09 18:49:41,61,0.02
4203,L16,#32,GW252/13600,(2)停机状态,2,2025-06-09 18:44:57,2025-06-09 18:48:40,223,0.06
4204,L16,#32,GW252/13600,(1)停机过程,1,2025-06-09 18:44:26,2025-06-09 18:44:57,31,0.01
4205,L16,#32,GW252/13600,(4)启机状态,4,2025-06-09 18:39:26,2025-06-09 18:44:26,300,0.08
4206,L16,#32,GW252/13600,(3)待机状态,3,2025-06-09 17:35:33,2025-06-09 18:39:26,3833,1.06
4207,L16,#32,GW252/13600,(2)停机状态,2,2025-06-09 17:33:35,2025-06-09 17:35:33,118,0.03
4208,L16,#32,GW252/13600,(1)停机过程,1,2025-06-09 17:33:03,2025-06-09 17:33:35,32,0.01
4209,L16,#32,GW252/13600,(4)启机状态,4,2025-06-09 17:28:03,2025-06-09 17:33:03,300,0.08
4210,L16,#32,GW252/13600,(3)待机状态,3,2025-06-09 17:26:57,2025-06-09 17:28:03,66,0.02
4211,L16,#32,GW252/13600,(2)停机状态,2,2025-06-09 17:26:25,2025-06-09 17:26:57,32,0.01
4212,L16,#32,GW252/13600,(1)停机过程,1,2025-06-09 17:25:54,2025-06-09 17:26:25,31,0.01
4213,L16,#32,GW252/13600,(4)启机状态,4,2025-06-09 17:20:54,2025-06-09 17:25:54,300,0.08
4214,L16,#32,GW252/13600,(3)待机状态,3,2025-06-09 17:20:06,2025-06-09 17:20:54,48,0.01
4215,L16,#32,GW252/13600,(1)停机过程,1,2025-06-09 17:19:13,2025-06-09 17:20:06,53,0.01
4216,L16,#32,GW252/13600,(4)启机状态,4,2025-06-09 17:14:13,2025-06-09 17:19:13,300,0.08
4217,L16,#32,GW252/13600,(3)待机状态,3,2025-06-09 17:12:40,2025-06-09 17:14:13,93,0.03
4218,L16,#32,GW252/13600,(2)停机状态,2,2025-06-09 17:12:39,2025-06-09 17:12:40,1,0
4219,L16,#32,GW252/13600,(1)停机过程,1,2025-06-09 17:12:07,2025-06-09 17:12:39,32,0.01
4220,L16,#32,GW252/13600,(4)启机状态,4,2025-06-09 17:07:07,2025-06-09 17:12:07,300,0.08
4221,L16,#32,GW252/13600,(3)待机状态,3,2025-06-09 17:05:48,2025-06-09 17:07:07,79,0.02
4222,L16,#32,GW252/13600,(2)停机状态,2,2025-06-09 17:04:23,2025-06-09 17:05:48,85,0.02
4223,L16,#32,GW252/13600,(1)停机过程,1,2025-06-09 17:03:52,2025-06-09 17:04:23,31,0.01
4224,L16,#32,GW252/13600,(4)启机状态,4,2025-06-09 16:58:52,2025-06-09 17:03:52,300,0.08
4225,L16,#32,GW252/13600,(3)待机状态,3,2025-06-09 16:56:48,2025-06-09 16:58:52,124,0.03
4226,L16,#32,GW252/13600,(2)停机状态,2,2025-06-09 16:56:45,2025-06-09 16:56:48,3,0
4227,L16,#32,GW252/13600,(1)停机过程,1,2025-06-09 16:56:13,2025-06-09 16:56:45,32,0.01
4228,L16,#32,GW252/13600,(4)启机状态,4,2025-06-09 16:51:13,2025-06-09 16:56:13,300,0.08
4229,L16,#32,GW252/13600,(3)待机状态,3,2025-06-09 16:50:14,2025-06-09 16:51:13,59,0.02
4230,L16,#32,GW252/13600,(2)停机状态,2,2025-06-09 16:46:31,2025-06-09 16:50:14,223,0.06
4231,L16,#32,GW252/13600,(1)停机过程,1,2025-06-09 16:45:59,2025-06-09 16:46:31,32,0.01
4232,L16,#32,GW252/13600,(4)启机状态,4,2025-06-09 16:40:59,2025-06-09 16:45:59,300,0.08
4233,L16,#32,GW252/13600,(3)待机状态,3,2025-06-09 16:40:09,2025-06-09 16:40:59,50,0.01
4234,L16,#32,GW252/13600,(2)停机状态,2,2025-06-09 16:39:30,2025-06-09 16:40:09,39,0.01
4235,L16,#32,GW252/13600,(1)停机过程,1,2025-06-09 16:38:59,2025-06-09 16:39:30,31,0.01
4236,L16,#32,GW252/13600,(4)启机状态,4,2025-06-09 16:33:59,2025-06-09 16:38:59,300,0.08
4237,L16,#32,GW252/13600,(3)待机状态,3,2025-06-09 16:33:06,2025-06-09 16:33:59,53,0.01
4238,L16,#32,GW252/13600,(2)停机状态,2,2025-06-09 16:32:30,2025-06-09 16:33:06,36,0.01
4239,L16,#32,GW252/13600,(1)停机过程,1,2025-06-09 16:31:58,2025-06-09 16:32:30,32,0.01
4240,L16,#32,GW252/13600,(4)启机状态,4,2025-06-09 16:26:58,2025-06-09 16:31:58,300,0.08
4241,L16,#32,GW252/13600,(3)待机状态,3,2025-06-09 16:21:13,2025-06-09 16:26:58,345,0.1
4242,L16,#32,GW252/13600,(2)停机状态,2,2025-06-09 16:15:36,2025-06-09 16:21:13,337,0.09
4243,L16,#32,GW252/13600,(1)停机过程,1,2025-06-09 16:15:04,2025-06-09 16:15:36,32,0.01
4244,L16,#32,GW252/13600,(4)启机状态,4,2025-06-09 16:10:04,2025-06-09 16:15:04,300,0.08
4245,L16,#32,GW252/13600,(3)待机状态,3,2025-06-09 15:51:15,2025-06-09 16:10:04,1129,0.31
4246,L16,#32,GW252/13600,(2)停机状态,2,2025-06-09 15:48:00,2025-06-09 15:51:15,195,0.05
4247,L16,#32,GW252/13600,(1)停机过程,1,2025-06-09 15:47:04,2025-06-09 15:48:00,56,0.02
4248,L16,#32,GW252/13600,(5)发电状态,5,2025-06-09 15:36:01,2025-06-09 15:47:04,663,0.18
4249,L16,#32,GW252/13600,(4)启机状态,4,2025-06-09 15:32:15,2025-06-09 15:36:01,226,0.06
4250,L16,#32,GW252/13600,(3)待机状态,3,2025-06-09 15:30:45,2025-06-09 15:32:15,90,0.03
4251,L16,#32,GW252/13600,(2)停机状态,2,2025-06-09 15:30:43,2025-06-09 15:30:45,2,0
4252,L16,#32,GW252/13600,(1)停机过程,1,2025-06-09 15:30:12,2025-06-09 15:30:43,31,0.01
4253,L16,#32,GW252/13600,(4)启机状态,4,2025-06-09 15:25:11,2025-06-09 15:30:12,301,0.08
4254,L16,#32,GW252/13600,(3)待机状态,3,2025-06-09 15:24:19,2025-06-09 15:25:11,52,0.01
4255,L16,#32,GW252/13600,(2)停机状态,2,2025-06-09 15:21:18,2025-06-09 15:24:19,181,0.05
4256,L16,#32,GW252/13600,(1)停机过程,1,2025-06-09 15:20:20,2025-06-09 15:21:18,58,0.02
4257,L16,#32,GW252/13600,(5)发电状态,5,2025-06-09 14:09:46,2025-06-09 15:20:20,4234,1.18
4258,L16,#32,GW252/13600,(4)启机状态,4,2025-06-09 14:06:01,2025-06-09 14:09:46,225,0.06
4259,L16,#32,GW252/13600,(3)待机状态,3,2025-06-09 14:04:04,2025-06-09 14:06:01,117,0.03
4260,L16,#32,GW252/13600,(2)停机状态,2,2025-06-09 13:59:42,2025-06-09 14:04:04,262,0.07
4261,L16,#32,GW252/13600,(1)停机过程,1,2025-06-09 13:59:10,2025-06-09 13:59:42,32,0.01
4262,L16,#32,GW252/13600,(4)启机状态,4,2025-06-09 13:54:10,2025-06-09 13:59:10,300,0.08
4263,L16,#32,GW252/13600,(3)待机状态,3,2025-06-09 13:50:10,2025-06-09 13:54:10,240,0.07
4264,L16,#32,GW252/13600,(2)停机状态,2,2025-06-09 13:44:32,2025-06-09 13:50:10,338,0.09
4265,L16,#32,GW252/13600,(1)停机过程,1,2025-06-09 13:44:01,2025-06-09 13:44:32,31,0.01
4266,L16,#32,GW252/13600,(4)启机状态,4,2025-06-09 13:39:01,2025-06-09 13:44:01,300,0.08
4267,L16,#32,GW252/13600,(3)待机状态,3,2025-06-09 13:34:29,2025-06-09 13:39:01,272,0.08
4268,L16,#32,GW252/13600,(2)停机状态,2,2025-06-09 13:28:52,2025-06-09 13:34:29,337,0.09
4269,L16,#32,GW252/13600,(1)停机过程,1,2025-06-09 13:28:21,2025-06-09 13:28:52,31,0.01
4270,L16,#32,GW252/13600,(4)启机状态,4,2025-06-09 13:23:21,2025-06-09 13:28:21,300,0.08
4271,L16,#32,GW252/13600,(3)待机状态,3,2025-06-09 13:19:57,2025-06-09 13:23:21,204,0.06
4272,L16,#32,GW252/13600,(2)停机状态,2,2025-06-09 13:16:07,2025-06-09 13:19:57,230,0.06
4273,L16,#32,GW252/13600,(1)停机过程,1,2025-06-09 13:15:35,2025-06-09 13:16:07,32,0.01
4274,L16,#32,GW252/13600,(4)启机状态,4,2025-06-09 13:10:34,2025-06-09 13:15:35,301,0.08
4275,L16,#32,GW252/13600,(3)待机状态,3,2025-06-09 13:07:38,2025-06-09 13:10:34,176,0.05
4276,L16,#32,GW252/13600,(2)停机状态,2,2025-06-09 13:06:57,2025-06-09 13:07:38,41,0.01
4277,L16,#32,GW252/13600,(1)停机过程,1,2025-06-09 13:06:26,2025-06-09 13:06:57,31,0.01
4278,L16,#32,GW252/13600,(4)启机状态,4,2025-06-09 13:01:26,2025-06-09 13:06:26,300,0.08
4279,L16,#32,GW252/13600,(3)待机状态,3,2025-06-09 13:00:13,2025-06-09 13:01:26,73,0.02
4280,L16,#32,GW252/13600,(2)停机状态,2,2025-06-09 12:58:40,2025-06-09 13:00:13,93,0.03
4281,L16,#32,GW252/13600,(1)停机过程,1,2025-06-09 12:58:08,2025-06-09 12:58:40,32,0.01
4282,L16,#32,GW252/13600,(4)启机状态,4,2025-06-09 12:53:08,2025-06-09 12:58:08,300,0.08
4283,L16,#32,GW252/13600,(3)待机状态,3,2025-06-09 12:52:10,2025-06-09 12:53:08,58,0.02
4284,L16,#32,GW252/13600,(1)停机过程,1,2025-06-09 12:51:38,2025-06-09 12:52:10,32,0.01
4285,L16,#32,GW252/13600,(4)启机状态,4,2025-06-09 12:46:38,2025-06-09 12:51:38,300,0.08
4286,L16,#32,GW252/13600,(3)待机状态,3,2025-06-09 12:45:42,2025-06-09 12:46:38,56,0.02
4287,L16,#32,GW252/13600,(2)停机状态,2,2025-06-09 12:45:39,2025-06-09 12:45:42,3,0
4288,L16,#32,GW252/13600,(1)停机过程,1,2025-06-09 12:44:43,2025-06-09 12:45:39,56,0.02
4289,L16,#32,GW252/13600,(4)启机状态,4,2025-06-09 12:39:43,2025-06-09 12:44:43,300,0.08
4290,L16,#32,GW252/13600,(3)待机状态,3,2025-06-09 12:38:56,2025-06-09 12:39:43,47,0.01
4291,L16,#32,GW252/13600,(2)停机状态,2,2025-06-09 12:38:55,2025-06-09 12:38:56,1,0
4292,L16,#32,GW252/13600,(1)停机过程,1,2025-06-09 12:37:57,2025-06-09 12:38:55,58,0.02
4293,L16,#32,GW252/13600,(4)启机状态,4,2025-06-09 12:32:57,2025-06-09 12:37:57,300,0.08
4294,L16,#32,GW252/13600,(3)待机状态,3,2025-06-09 12:32:09,2025-06-09 12:32:57,48,0.01
4295,L16,#32,GW252/13600,(2)停机状态,2,2025-06-09 12:32:08,2025-06-09 12:32:09,1,0
4296,L16,#32,GW252/13600,(1)停机过程,1,2025-06-09 12:31:14,2025-06-09 12:32:08,54,0.02
4297,L16,#32,GW252/13600,(4)启机状态,4,2025-06-09 12:26:13,2025-06-09 12:31:14,301,0.08
4298,L16,#32,GW252/13600,(3)待机状态,3,2025-06-09 12:24:11,2025-06-09 12:26:13,122,0.03
4299,L16,#32,GW252/13600,(2)停机状态,2,2025-06-09 12:21:03,2025-06-09 12:24:11,188,0.05
4300,L16,#32,GW252/13600,(1)停机过程,1,2025-06-09 12:20:31,2025-06-09 12:21:03,32,0.01
4301,L16,#32,GW252/13600,(4)启机状态,4,2025-06-09 12:15:31,2025-06-09 12:20:31,300,0.08
4302,L16,#32,GW252/13600,(3)待机状态,3,2025-06-09 12:14:36,2025-06-09 12:15:31,55,0.02
4303,L16,#32,GW252/13600,(2)停机状态,2,2025-06-09 12:14:34,2025-06-09 12:14:36,2,0
4304,L16,#32,GW252/13600,(1)停机过程,1,2025-06-09 12:14:03,2025-06-09 12:14:34,31,0.01
4305,L16,#32,GW252/13600,(4)启机状态,4,2025-06-09 12:09:03,2025-06-09 12:14:03,300,0.08
4306,L16,#32,GW252/13600,(3)待机状态,3,2025-06-09 12:08:17,2025-06-09 12:09:03,46,0.01
4307,L16,#32,GW252/13600,(2)停机状态,2,2025-06-09 12:08:12,2025-06-09 12:08:17,5,0
4308,L16,#32,GW252/13600,(1)停机过程,1,2025-06-09 12:07:18,2025-06-09 12:08:12,54,0.02
4309,L16,#32,GW252/13600,(4)启机状态,4,2025-06-09 12:02:18,2025-06-09 12:07:18,300,0.08
4310,L16,#32,GW252/13600,(3)待机状态,3,2025-06-09 04:54:58,2025-06-09 12:02:18,25640,7.12
4311,L16,#32,GW252/13600,(2)停机状态,2,2025-06-09 04:52:09,2025-06-09 04:54:58,169,0.05
4312,L16,#32,GW252/13600,(1)停机过程,1,2025-06-09 04:51:38,2025-06-09 04:52:09,31,0.01
4313,L16,#32,GW252/13600,(4)启机状态,4,2025-06-09 04:46:38,2025-06-09 04:51:38,300,0.08
4314,L16,#32,GW252/13600,(3)待机状态,3,2025-06-09 04:42:25,2025-06-09 04:46:38,253,0.07
4315,L16,#32,GW252/13600,(2)停机状态,2,2025-06-09 04:39:11,2025-06-09 04:42:25,194,0.05
4316,L16,#32,GW252/13600,(1)停机过程,1,2025-06-09 04:38:39,2025-06-09 04:39:11,32,0.01
4317,L16,#32,GW252/13600,(4)启机状态,4,2025-06-09 04:33:39,2025-06-09 04:38:39,300,0.08
4318,L16,#32,GW252/13600,(3)待机状态,3,2025-06-09 04:32:04,2025-06-09 04:33:39,95,0.03
4319,L16,#32,GW252/13600,(2)停机状态,2,2025-06-09 04:32:02,2025-06-09 04:32:04,2,0
4320,L16,#32,GW252/13600,(1)停机过程,1,2025-06-09 04:31:30,2025-06-09 04:32:02,32,0.01
4321,L16,#32,GW252/13600,(4)启机状态,4,2025-06-09 04:26:30,2025-06-09 04:31:30,300,0.08
4322,L16,#32,GW252/13600,(3)待机状态,3,2025-06-09 04:23:26,2025-06-09 04:26:30,184,0.05
4323,L16,#32,GW252/13600,(2)停机状态,2,2025-06-09 04:17:50,2025-06-09 04:23:26,336,0.09
4324,L16,#32,GW252/13600,(1)停机过程,1,2025-06-09 04:16:52,2025-06-09 04:17:50,58,0.02
4325,L16,#32,GW252/13600,(5)发电状态,5,2025-06-08 18:59:57,2025-06-09 04:16:52,33415,9.28
4326,L16,#32,GW252/13600,(4)启机状态,4,2025-06-08 18:55:31,2025-06-08 18:59:57,266,0.07
4327,L16,#32,GW252/13600,(3)待机状态,3,2025-06-08 18:54:42,2025-06-08 18:55:31,49,0.01
4328,L16,#32,GW252/13600,(2)停机状态,2,2025-06-08 18:54:40,2025-06-08 18:54:42,2,0
4329,L16,#32,GW252/13600,(1)停机过程,1,2025-06-08 18:53:43,2025-06-08 18:54:40,57,0.02
4330,L16,#32,GW252/13600,(4)启机状态,4,2025-06-08 18:48:43,2025-06-08 18:53:43,300,0.08
4331,L16,#32,GW252/13600,(3)待机状态,3,2025-06-08 18:47:19,2025-06-08 18:48:43,84,0.02
4332,L16,#32,GW252/13600,(2)停机状态,2,2025-06-08 18:45:38,2025-06-08 18:47:19,101,0.03
4333,L16,#32,GW252/13600,(1)停机过程,1,2025-06-08 18:44:41,2025-06-08 18:45:38,57,0.02
4334,L16,#32,GW252/13600,(5)发电状态,5,2025-06-08 17:52:23,2025-06-08 18:44:41,3138,0.87
4335,L16,#32,GW252/13600,(4)启机状态,4,2025-06-08 17:50:04,2025-06-08 17:52:23,139,0.04
4336,L16,#32,GW252/13600,(3)待机状态,3,2025-06-08 17:48:52,2025-06-08 17:50:04,72,0.02
4337,L16,#32,GW252/13600,(2)停机状态,2,2025-06-08 17:48:51,2025-06-08 17:48:52,1,0
4338,L16,#32,GW252/13600,(1)停机过程,1,2025-06-08 17:48:19,2025-06-08 17:48:51,32,0.01
4339,L16,#32,GW252/13600,(4)启机状态,4,2025-06-08 17:43:19,2025-06-08 17:48:19,300,0.08
4340,L16,#32,GW252/13600,(3)待机状态,3,2025-06-08 17:42:07,2025-06-08 17:43:19,72,0.02
4341,L16,#32,GW252/13600,(2)停机状态,2,2025-06-08 17:42:04,2025-06-08 17:42:07,3,0
4342,L16,#32,GW252/13600,(1)停机过程,1,2025-06-08 17:41:08,2025-06-08 17:42:04,56,0.02
4343,L16,#32,GW252/13600,(5)发电状态,5,2025-06-08 16:31:47,2025-06-08 17:41:08,4161,1.16
4344,L16,#32,GW252/13600,(4)启机状态,4,2025-06-08 16:29:54,2025-06-08 16:31:47,113,0.03
4345,L16,#32,GW252/13600,(3)待机状态,3,2025-06-08 16:29:07,2025-06-08 16:29:54,47,0.01
4346,L16,#32,GW252/13600,(1)停机过程,1,2025-06-08 16:28:12,2025-06-08 16:29:07,55,0.02
4347,L16,#32,GW252/13600,(4)启机状态,4,2025-06-08 16:23:12,2025-06-08 16:28:12,300,0.08
4348,L16,#32,GW252/13600,(3)待机状态,3,2025-06-08 16:22:06,2025-06-08 16:23:12,66,0.02
4349,L16,#32,GW252/13600,(2)停机状态,2,2025-06-08 16:22:05,2025-06-08 16:22:06,1,0
4350,L16,#32,GW252/13600,(1)停机过程,1,2025-06-08 16:21:34,2025-06-08 16:22:05,31,0.01
4351,L16,#32,GW252/13600,(4)启机状态,4,2025-06-08 16:16:34,2025-06-08 16:21:34,300,0.08
4352,L16,#32,GW252/13600,(3)待机状态,3,2025-06-08 16:12:24,2025-06-08 16:16:34,250,0.07
4353,L16,#32,GW252/13600,(2)停机状态,2,2025-06-08 16:09:48,2025-06-08 16:12:24,156,0.04
4354,L16,#32,GW252/13600,(1)停机过程,1,2025-06-08 16:09:17,2025-06-08 16:09:48,31,0.01
4355,L16,#32,GW252/13600,(4)启机状态,4,2025-06-08 16:04:17,2025-06-08 16:09:17,300,0.08
4356,L16,#32,GW252/13600,(3)待机状态,3,2025-06-08 16:00:07,2025-06-08 16:04:17,250,0.07
4357,L16,#32,GW252/13600,(2)停机状态,2,2025-06-08 15:58:00,2025-06-08 16:00:07,127,0.04
4358,L16,#32,GW252/13600,(1)停机过程,1,2025-06-08 15:57:29,2025-06-08 15:58:00,31,0.01
4359,L16,#32,GW252/13600,(4)启机状态,4,2025-06-08 15:52:29,2025-06-08 15:57:29,300,0.08
4360,L16,#32,GW252/13600,(3)待机状态,3,2025-06-08 15:51:25,2025-06-08 15:52:29,64,0.02
4361,L16,#32,GW252/13600,(2)停机状态,2,2025-06-08 15:48:01,2025-06-08 15:51:25,204,0.06
4362,L16,#32,GW252/13600,(1)停机过程,1,2025-06-08 15:47:30,2025-06-08 15:48:01,31,0.01
4363,L16,#32,GW252/13600,(4)启机状态,4,2025-06-08 15:42:30,2025-06-08 15:47:30,300,0.08
4364,L16,#32,GW252/13600,(3)待机状态,3,2025-06-08 15:18:07,2025-06-08 15:42:30,1463,0.41
4365,L16,#32,GW252/13600,(2)停机状态,2,2025-06-08 15:12:30,2025-06-08 15:18:07,337,0.09
4366,L16,#32,GW252/13600,(1)停机过程,1,2025-06-08 15:11:57,2025-06-08 15:12:30,33,0.01
4367,L16,#32,GW252/13600,(4)启机状态,4,2025-06-08 15:06:58,2025-06-08 15:11:57,299,0.08
4368,L16,#32,GW252/13600,(3)待机状态,3,2025-06-08 15:06:03,2025-06-08 15:06:58,55,0.02
4369,L16,#32,GW252/13600,(2)停机状态,2,2025-06-08 15:06:01,2025-06-08 15:06:03,2,0
4370,L16,#32,GW252/13600,(1)停机过程,1,2025-06-08 15:05:29,2025-06-08 15:06:01,32,0.01
4371,L16,#32,GW252/13600,(4)启机状态,4,2025-06-08 15:00:29,2025-06-08 15:05:29,300,0.08
4372,L16,#32,GW252/13600,(3)待机状态,3,2025-06-08 14:58:59,2025-06-08 15:00:29,90,0.03
4373,L16,#32,GW252/13600,(2)停机状态,2,2025-06-08 14:58:58,2025-06-08 14:58:59,1,0
4374,L16,#32,GW252/13600,(1)停机过程,1,2025-06-08 14:58:27,2025-06-08 14:58:58,31,0.01
4375,L16,#32,GW252/13600,(4)启机状态,4,2025-06-08 14:53:26,2025-06-08 14:58:27,301,0.08
4376,L16,#32,GW252/13600,(3)待机状态,3,2025-06-08 14:52:18,2025-06-08 14:53:26,68,0.02
4377,L16,#32,GW252/13600,(1)停机过程,1,2025-06-08 14:51:46,2025-06-08 14:52:18,32,0.01
4378,L16,#32,GW252/13600,(4)启机状态,4,2025-06-08 14:46:46,2025-06-08 14:51:46,300,0.08
4379,L16,#32,GW252/13600,(3)待机状态,3,2025-06-08 14:45:52,2025-06-08 14:46:46,54,0.02
4380,L16,#32,GW252/13600,(2)停机状态,2,2025-06-08 14:45:51,2025-06-08 14:45:52,1,0
4381,L16,#32,GW252/13600,(1)停机过程,1,2025-06-08 14:45:18,2025-06-08 14:45:51,33,0.01
4382,L16,#32,GW252/13600,(4)启机状态,4,2025-06-08 14:40:19,2025-06-08 14:45:18,299,0.08
4383,L16,#32,GW252/13600,(3)待机状态,3,2025-06-08 14:39:16,2025-06-08 14:40:19,63,0.02
4384,L16,#32,GW252/13600,(2)停机状态,2,2025-06-08 14:37:38,2025-06-08 14:39:16,98,0.03
4385,L16,#32,GW252/13600,(1)停机过程,1,2025-06-08 14:37:07,2025-06-08 14:37:38,31,0.01
4386,L16,#32,GW252/13600,(4)启机状态,4,2025-06-08 14:32:07,2025-06-08 14:37:07,300,0.08
4387,L16,#32,GW252/13600,(3)待机状态,3,2025-06-08 14:28:00,2025-06-08 14:32:07,247,0.07
4388,L16,#32,GW252/13600,(2)停机状态,2,2025-06-08 14:26:23,2025-06-08 14:28:00,97,0.03
4389,L16,#32,GW252/13600,(1)停机过程,1,2025-06-08 14:25:52,2025-06-08 14:26:23,31,0.01
4390,L16,#32,GW252/13600,(4)启机状态,4,2025-06-08 14:20:52,2025-06-08 14:25:52,300,0.08
4391,L16,#32,GW252/13600,(3)待机状态,3,2025-06-08 14:16:51,2025-06-08 14:20:52,241,0.07
4392,L16,#32,GW252/13600,(2)停机状态,2,2025-06-08 14:16:49,2025-06-08 14:16:51,2,0
4393,L16,#32,GW252/13600,(1)停机过程,1,2025-06-08 14:16:17,2025-06-08 14:16:49,32,0.01
4394,L16,#32,GW252/13600,(4)启机状态,4,2025-06-08 14:11:17,2025-06-08 14:16:17,300,0.08
4395,L16,#32,GW252/13600,(3)待机状态,3,2025-06-08 14:10:03,2025-06-08 14:11:17,74,0.02
4396,L16,#32,GW252/13600,(2)停机状态,2,2025-06-08 14:10:00,2025-06-08 14:10:03,3,0
4397,L16,#32,GW252/13600,(1)停机过程,1,2025-06-08 14:09:28,2025-06-08 14:10:00,32,0.01
4398,L16,#32,GW252/13600,(4)启机状态,4,2025-06-08 14:04:28,2025-06-08 14:09:28,300,0.08
4399,L16,#32,GW252/13600,(3)待机状态,3,2025-06-08 14:03:33,2025-06-08 14:04:28,55,0.02
4400,L16,#32,GW252/13600,(2)停机状态,2,2025-06-08 14:03:31,2025-06-08 14:03:33,2,0
4401,L16,#32,GW252/13600,(1)停机过程,1,2025-06-08 14:03:01,2025-06-08 14:03:31,30,0.01
4402,L16,#32,GW252/13600,(4)启机状态,4,2025-06-08 13:58:01,2025-06-08 14:03:01,300,0.08
4403,L16,#32,GW252/13600,(3)待机状态,3,2025-06-08 13:57:02,2025-06-08 13:58:01,59,0.02
4404,L16,#32,GW252/13600,(2)停机状态,2,2025-06-08 13:55:37,2025-06-08 13:57:02,85,0.02
4405,L16,#32,GW252/13600,(1)停机过程,1,2025-06-08 13:55:05,2025-06-08 13:55:37,32,0.01
4406,L16,#32,GW252/13600,(4)启机状态,4,2025-06-08 13:50:05,2025-06-08 13:55:05,300,0.08
4407,L16,#32,GW252/13600,(3)待机状态,3,2025-06-08 13:47:43,2025-06-08 13:50:05,142,0.04
4408,L16,#32,GW252/13600,(2)停机状态,2,2025-06-08 13:46:20,2025-06-08 13:47:43,83,0.02
4409,L16,#32,GW252/13600,(1)停机过程,1,2025-06-08 13:45:48,2025-06-08 13:46:20,32,0.01
4410,L16,#32,GW252/13600,(4)启机状态,4,2025-06-08 13:40:48,2025-06-08 13:45:48,300,0.08
4411,L16,#32,GW252/13600,(3)待机状态,3,2025-06-08 13:39:47,2025-06-08 13:40:48,61,0.02
4412,L16,#32,GW252/13600,(2)停机状态,2,2025-06-08 13:36:24,2025-06-08 13:39:47,203,0.06
4413,L16,#32,GW252/13600,(1)停机过程,1,2025-06-08 13:35:26,2025-06-08 13:36:24,58,0.02
4414,L16,#32,GW252/13600,(5)发电状态,5,2025-06-08 12:55:06,2025-06-08 13:35:26,2420,0.67
4415,L16,#32,GW252/13600,(4)启机状态,4,2025-06-08 12:51:38,2025-06-08 12:55:06,208,0.06
4416,L16,#32,GW252/13600,(3)待机状态,3,2025-06-08 12:50:29,2025-06-08 12:51:38,69,0.02
4417,L16,#32,GW252/13600,(2)停机状态,2,2025-06-08 12:50:28,2025-06-08 12:50:29,1,0
4418,L16,#32,GW252/13600,(1)停机过程,1,2025-06-08 12:49:30,2025-06-08 12:50:28,58,0.02
4419,L16,#32,GW252/13600,(5)发电状态,5,2025-06-08 10:37:33,2025-06-08 12:49:30,7917,2.2
4420,L16,#32,GW252/13600,(4)启机状态,4,2025-06-08 10:34:09,2025-06-08 10:37:33,204,0.06
4421,L16,#32,GW252/13600,(3)待机状态,3,2025-06-08 10:33:20,2025-06-08 10:34:09,49,0.01
4422,L16,#32,GW252/13600,(2)停机状态,2,2025-06-08 10:33:19,2025-06-08 10:33:20,1,0
4423,L16,#32,GW252/13600,(1)停机过程,1,2025-06-08 10:32:26,2025-06-08 10:33:19,53,0.01
4424,L16,#32,GW252/13600,(4)启机状态,4,2025-06-08 10:27:26,2025-06-08 10:32:26,300,0.08
4425,L16,#32,GW252/13600,(3)待机状态,3,2025-06-08 10:26:17,2025-06-08 10:27:26,69,0.02
4426,L16,#32,GW252/13600,(2)停机状态,2,2025-06-08 10:26:15,2025-06-08 10:26:17,2,0
4427,L16,#32,GW252/13600,(1)停机过程,1,2025-06-08 10:25:43,2025-06-08 10:26:15,32,0.01
4428,L16,#32,GW252/13600,(4)启机状态,4,2025-06-08 10:20:44,2025-06-08 10:25:43,299,0.08
4429,L16,#32,GW252/13600,(3)待机状态,3,2025-06-08 10:17:42,2025-06-08 10:20:44,182,0.05
4430,L16,#32,GW252/13600,(2)停机状态,2,2025-06-08 10:17:40,2025-06-08 10:17:42,2,0
4431,L16,#32,GW252/13600,(1)停机过程,1,2025-06-08 10:16:44,2025-06-08 10:17:40,56,0.02
4432,L16,#32,GW252/13600,(4)启机状态,4,2025-06-08 10:11:43,2025-06-08 10:16:44,301,0.08
4433,L16,#32,GW252/13600,(3)待机状态,3,2025-06-08 10:08:51,2025-06-08 10:11:43,172,0.05
4434,L16,#32,GW252/13600,(2)停机状态,2,2025-06-08 10:03:15,2025-06-08 10:08:51,336,0.09
4435,L16,#32,GW252/13600,(1)停机过程,1,2025-06-08 10:02:43,2025-06-08 10:03:15,32,0.01
4436,L16,#32,GW252/13600,(4)启机状态,4,2025-06-08 09:57:43,2025-06-08 10:02:43,300,0.08
4437,L16,#32,GW252/13600,(3)待机状态,3,2025-06-08 09:56:41,2025-06-08 09:57:43,62,0.02
4438,L16,#32,GW252/13600,(2)停机状态,2,2025-06-08 09:53:44,2025-06-08 09:56:41,177,0.05
4439,L16,#32,GW252/13600,(1)停机过程,1,2025-06-08 09:52:47,2025-06-08 09:53:44,57,0.02
4440,L16,#32,GW252/13600,(5)发电状态,5,2025-06-07 14:30:11,2025-06-08 09:52:47,69756,19.38
4441,L16,#32,GW252/13600,(4)启机状态,4,2025-06-07 14:25:44,2025-06-07 14:30:11,267,0.07
4442,L16,#32,GW252/13600,(3)待机状态,3,2025-06-07 14:25:01,2025-06-07 14:25:44,43,0.01
4443,L16,#32,GW252/13600,(2)停机状态,2,2025-06-07 14:25:00,2025-06-07 14:25:01,1,0
4444,L16,#32,GW252/13600,(1)停机过程,1,2025-06-07 14:24:03,2025-06-07 14:25:00,57,0.02
4445,L16,#32,GW252/13600,(4)启机状态,4,2025-06-07 14:19:03,2025-06-07 14:24:03,300,0.08
4446,L16,#32,GW252/13600,(3)待机状态,3,2025-06-07 14:18:08,2025-06-07 14:19:03,55,0.02
4447,L16,#32,GW252/13600,(2)停机状态,2,2025-06-07 14:18:06,2025-06-07 14:18:08,2,0
4448,L16,#32,GW252/13600,(1)停机过程,1,2025-06-07 14:17:34,2025-06-07 14:18:06,32,0.01
4449,L16,#32,GW252/13600,(4)启机状态,4,2025-06-07 14:12:33,2025-06-07 14:17:34,301,0.08
4450,L16,#32,GW252/13600,(3)待机状态,3,2025-06-07 14:11:42,2025-06-07 14:12:33,51,0.01
4451,L16,#32,GW252/13600,(2)停机状态,2,2025-06-07 14:11:36,2025-06-07 14:11:42,6,0
4452,L16,#32,GW252/13600,(1)停机过程,1,2025-06-07 14:11:04,2025-06-07 14:11:36,32,0.01
4453,L16,#32,GW252/13600,(4)启机状态,4,2025-06-07 14:06:05,2025-06-07 14:11:04,299,0.08
4454,L16,#32,GW252/13600,(3)待机状态,3,2025-06-07 14:04:48,2025-06-07 14:06:05,77,0.02
4455,L16,#32,GW252/13600,(2)停机状态,2,2025-06-07 14:04:41,2025-06-07 14:04:48,7,0
4456,L16,#32,GW252/13600,(1)停机过程,1,2025-06-07 14:04:08,2025-06-07 14:04:41,33,0.01
4457,L16,#32,GW252/13600,(4)启机状态,4,2025-06-07 13:59:08,2025-06-07 14:04:08,300,0.08
4458,L16,#32,GW252/13600,(3)待机状态,3,2025-06-07 13:57:53,2025-06-07 13:59:08,75,0.02
4459,L16,#32,GW252/13600,(2)停机状态,2,2025-06-07 13:57:52,2025-06-07 13:57:53,1,0
4460,L16,#32,GW252/13600,(1)停机过程,1,2025-06-07 13:57:21,2025-06-07 13:57:52,31,0.01
4461,L16,#32,GW252/13600,(4)启机状态,4,2025-06-07 13:52:21,2025-06-07 13:57:21,300,0.08
4462,L16,#32,GW252/13600,(3)待机状态,3,2025-06-07 13:51:11,2025-06-07 13:52:21,70,0.02
4463,L16,#32,GW252/13600,(2)停机状态,2,2025-06-07 13:49:58,2025-06-07 13:51:11,73,0.02
4464,L16,#32,GW252/13600,(1)停机过程,1,2025-06-07 13:49:25,2025-06-07 13:49:58,33,0.01
4465,L16,#32,GW252/13600,(4)启机状态,4,2025-06-07 13:44:24,2025-06-07 13:49:25,301,0.08
4466,L16,#32,GW252/13600,(3)待机状态,3,2025-06-07 13:40:04,2025-06-07 13:44:24,260,0.07
4467,L16,#32,GW252/13600,(2)停机状态,2,2025-06-07 13:38:09,2025-06-07 13:40:04,115,0.03
4468,L16,#32,GW252/13600,(1)停机过程,1,2025-06-07 13:37:37,2025-06-07 13:38:09,32,0.01
4469,L16,#32,GW252/13600,(4)启机状态,4,2025-06-07 13:32:36,2025-06-07 13:37:37,301,0.08
4470,L16,#32,GW252/13600,(3)待机状态,3,2025-06-07 13:31:27,2025-06-07 13:32:36,69,0.02
4471,L16,#32,GW252/13600,(2)停机状态,2,2025-06-07 13:31:25,2025-06-07 13:31:27,2,0
4472,L16,#32,GW252/13600,(1)停机过程,1,2025-06-07 13:30:54,2025-06-07 13:31:25,31,0.01
4473,L16,#32,GW252/13600,(4)启机状态,4,2025-06-07 13:25:54,2025-06-07 13:30:54,300,0.08
4474,L16,#32,GW252/13600,(3)待机状态,3,2025-06-07 13:24:57,2025-06-07 13:25:54,57,0.02
4475,L16,#32,GW252/13600,(2)停机状态,2,2025-06-07 13:24:24,2025-06-07 13:24:57,33,0.01
4476,L16,#32,GW252/13600,(1)停机过程,1,2025-06-07 13:23:52,2025-06-07 13:24:24,32,0.01
4477,L16,#32,GW252/13600,(4)启机状态,4,2025-06-07 13:18:52,2025-06-07 13:23:52,300,0.08
4478,L16,#32,GW252/13600,(3)待机状态,3,2025-06-07 13:17:50,2025-06-07 13:18:52,62,0.02
4479,L16,#32,GW252/13600,(1)停机过程,1,2025-06-07 13:17:19,2025-06-07 13:17:50,31,0.01
4480,L16,#32,GW252/13600,(4)启机状态,4,2025-06-07 13:12:19,2025-06-07 13:17:19,300,0.08
4481,L16,#32,GW252/13600,(3)待机状态,3,2025-06-07 13:11:05,2025-06-07 13:12:19,74,0.02
4482,L16,#32,GW252/13600,(2)停机状态,2,2025-06-07 13:11:04,2025-06-07 13:11:05,1,0
4483,L16,#32,GW252/13600,(1)停机过程,1,2025-06-07 13:10:33,2025-06-07 13:11:04,31,0.01
4484,L16,#32,GW252/13600,(4)启机状态,4,2025-06-07 13:05:33,2025-06-07 13:10:33,300,0.08
4485,L16,#32,GW252/13600,(3)待机状态,3,2025-06-07 13:03:11,2025-06-07 13:05:33,142,0.04
4486,L16,#32,GW252/13600,(2)停机状态,2,2025-06-07 13:03:09,2025-06-07 13:03:11,2,0
4487,L16,#32,GW252/13600,(1)停机过程,1,2025-06-07 13:02:37,2025-06-07 13:03:09,32,0.01
4488,L16,#32,GW252/13600,(4)启机状态,4,2025-06-07 12:57:37,2025-06-07 13:02:37,300,0.08
4489,L16,#32,GW252/13600,(3)待机状态,3,2025-06-07 12:56:45,2025-06-07 12:57:37,52,0.01
4490,L16,#32,GW252/13600,(2)停机状态,2,2025-06-07 12:55:23,2025-06-07 12:56:45,82,0.02
4491,L16,#32,GW252/13600,(1)停机过程,1,2025-06-07 12:54:52,2025-06-07 12:55:23,31,0.01
4492,L16,#32,GW252/13600,(4)启机状态,4,2025-06-07 12:49:52,2025-06-07 12:54:52,300,0.08
4493,L16,#32,GW252/13600,(3)待机状态,3,2025-06-07 12:46:57,2025-06-07 12:49:52,175,0.05
4494,L16,#32,GW252/13600,(2)停机状态,2,2025-06-07 12:46:56,2025-06-07 12:46:57,1,0
4495,L16,#32,GW252/13600,(1)停机过程,1,2025-06-07 12:46:24,2025-06-07 12:46:56,32,0.01
4496,L16,#32,GW252/13600,(4)启机状态,4,2025-06-07 12:41:24,2025-06-07 12:46:24,300,0.08
4497,L16,#32,GW252/13600,(3)待机状态,3,2025-06-07 12:16:49,2025-06-07 12:41:24,1475,0.41
4498,L16,#32,GW252/13600,(2)停机状态,2,2025-06-07 12:11:12,2025-06-07 12:16:49,337,0.09
4499,L16,#32,GW252/13600,(1)停机过程,1,2025-06-07 12:10:40,2025-06-07 12:11:12,32,0.01
4500,L16,#32,GW252/13600,(4)启机状态,4,2025-06-07 12:05:40,2025-06-07 12:10:40,300,0.08
4501,L16,#32,GW252/13600,(3)待机状态,3,2025-06-07 08:58:35,2025-06-07 12:05:40,11225,3.12
4502,L16,#32,GW252/13600,(2)停机状态,2,2025-06-07 08:52:59,2025-06-07 08:58:35,336,0.09
4503,L16,#32,GW252/13600,(1)停机过程,1,2025-06-07 08:52:26,2025-06-07 08:52:59,33,0.01
4504,L16,#32,GW252/13600,(4)启机状态,4,2025-06-07 08:47:26,2025-06-07 08:52:26,300,0.08
4505,L16,#32,GW252/13600,(3)待机状态,3,2025-06-07 08:46:25,2025-06-07 08:47:26,61,0.02
4506,L16,#32,GW252/13600,(2)停机状态,2,2025-06-07 08:40:49,2025-06-07 08:46:25,336,0.09
4507,L16,#32,GW252/13600,(1)停机过程,1,2025-06-07 08:40:16,2025-06-07 08:40:49,33,0.01
4508,L16,#32,GW252/13600,(4)启机状态,4,2025-06-07 08:35:17,2025-06-07 08:40:16,299,0.08
4509,L16,#32,GW252/13600,(3)待机状态,3,2025-06-07 08:31:58,2025-06-07 08:35:17,199,0.06
4510,L16,#32,GW252/13600,(2)停机状态,2,2025-06-07 08:31:07,2025-06-07 08:31:58,51,0.01
4511,L16,#32,GW252/13600,(1)停机过程,1,2025-06-07 08:30:35,2025-06-07 08:31:07,32,0.01
4512,L16,#32,GW252/13600,(4)启机状态,4,2025-06-07 08:25:36,2025-06-07 08:30:35,299,0.08
4513,L16,#32,GW252/13600,(3)待机状态,3,2025-06-07 08:24:35,2025-06-07 08:25:36,61,0.02
4514,L16,#32,GW252/13600,(2)停机状态,2,2025-06-07 08:24:10,2025-06-07 08:24:35,25,0.01
4515,L16,#32,GW252/13600,(1)停机过程,1,2025-06-07 08:23:38,2025-06-07 08:24:10,32,0.01
4516,L16,#32,GW252/13600,(4)启机状态,4,2025-06-07 08:18:37,2025-06-07 08:23:38,301,0.08
4517,L16,#32,GW252/13600,(3)待机状态,3,2025-06-07 08:17:44,2025-06-07 08:18:37,53,0.01
4518,L16,#32,GW252/13600,(2)停机状态,2,2025-06-07 08:17:42,2025-06-07 08:17:44,2,0
4519,L16,#32,GW252/13600,(1)停机过程,1,2025-06-07 08:17:10,2025-06-07 08:17:42,32,0.01
4520,L16,#32,GW252/13600,(4)启机状态,4,2025-06-07 08:12:10,2025-06-07 08:17:10,300,0.08
4521,L16,#32,GW252/13600,(3)待机状态,3,2025-06-07 08:10:53,2025-06-07 08:12:10,77,0.02
4522,L16,#32,GW252/13600,(2)停机状态,2,2025-06-07 08:07:43,2025-06-07 08:10:53,190,0.05
4523,L16,#32,GW252/13600,(1)停机过程,1,2025-06-07 08:06:46,2025-06-07 08:07:43,57,0.02
4524,L16,#32,GW252/13600,(5)发电状态,5,2025-06-06 17:19:56,2025-06-07 08:06:46,53210,14.78
4525,L16,#32,GW252/13600,(4)启机状态,4,2025-06-06 17:16:37,2025-06-06 17:19:56,199,0.06
4526,L16,#32,GW252/13600,(3)待机状态,3,2025-06-06 17:15:44,2025-06-06 17:16:37,53,0.01
4527,L16,#32,GW252/13600,(2)停机状态,2,2025-06-06 17:15:42,2025-06-06 17:15:44,2,0
4528,L16,#32,GW252/13600,(1)停机过程,1,2025-06-06 17:14:46,2025-06-06 17:15:42,56,0.02
4529,L16,#32,GW252/13600,(5)发电状态,5,2025-06-06 16:43:40,2025-06-06 17:14:46,1866,0.52
4530,L16,#32,GW252/13600,(4)启机状态,4,2025-06-06 16:39:45,2025-06-06 16:43:40,235,0.07
4531,L16,#32,GW252/13600,(3)待机状态,3,2025-06-06 16:38:40,2025-06-06 16:39:45,65,0.02
4532,L16,#32,GW252/13600,(2)停机状态,2,2025-06-06 16:38:38,2025-06-06 16:38:40,2,0
4533,L16,#32,GW252/13600,(1)停机过程,1,2025-06-06 16:38:05,2025-06-06 16:38:38,33,0.01
4534,L16,#32,GW252/13600,(4)启机状态,4,2025-06-06 16:33:04,2025-06-06 16:38:05,301,0.08
4535,L16,#32,GW252/13600,(3)待机状态,3,2025-06-06 16:31:48,2025-06-06 16:33:04,76,0.02
4536,L16,#32,GW252/13600,(2)停机状态,2,2025-06-06 16:28:24,2025-06-06 16:31:48,204,0.06
4537,L16,#32,GW252/13600,(1)停机过程,1,2025-06-06 16:27:28,2025-06-06 16:28:24,56,0.02
4538,L16,#32,GW252/13600,(5)发电状态,5,2025-06-06 16:07:29,2025-06-06 16:27:28,1199,0.33
4539,L16,#32,GW252/13600,(4)启机状态,4,2025-06-06 16:04:30,2025-06-06 16:07:29,179,0.05
4540,L16,#32,GW252/13600,(3)待机状态,3,2025-06-06 16:03:08,2025-06-06 16:04:30,82,0.02
4541,L16,#32,GW252/13600,(1)停机过程,1,2025-06-06 16:02:11,2025-06-06 16:03:08,57,0.02
4542,L16,#32,GW252/13600,(4)启机状态,4,2025-06-06 15:57:11,2025-06-06 16:02:11,300,0.08
4543,L16,#32,GW252/13600,(3)待机状态,3,2025-06-06 15:55:52,2025-06-06 15:57:11,79,0.02
4544,L16,#32,GW252/13600,(2)停机状态,2,2025-06-06 15:54:17,2025-06-06 15:55:52,95,0.03
4545,L16,#32,GW252/13600,(1)停机过程,1,2025-06-06 15:53:20,2025-06-06 15:54:17,57,0.02
4546,L16,#32,GW252/13600,(5)发电状态,5,2025-06-06 14:06:26,2025-06-06 15:53:20,6414,1.78
4547,L16,#32,GW252/13600,(4)启机状态,4,2025-06-06 14:02:04,2025-06-06 14:06:26,262,0.07
4548,L16,#32,GW252/13600,(3)待机状态,3,2025-06-06 14:01:06,2025-06-06 14:02:04,58,0.02
4549,L16,#32,GW252/13600,(2)停机状态,2,2025-06-06 14:01:04,2025-06-06 14:01:06,2,0
4550,L16,#32,GW252/13600,(1)停机过程,1,2025-06-06 14:00:32,2025-06-06 14:01:04,32,0.01
4551,L16,#32,GW252/13600,(4)启机状态,4,2025-06-06 13:55:32,2025-06-06 14:00:32,300,0.08
4552,L16,#32,GW252/13600,(3)待机状态,3,2025-06-06 13:54:13,2025-06-06 13:55:32,79,0.02
4553,L16,#32,GW252/13600,(2)停机状态,2,2025-06-06 13:54:12,2025-06-06 13:54:13,1,0
4554,L16,#32,GW252/13600,(1)停机过程,1,2025-06-06 13:53:41,2025-06-06 13:54:12,31,0.01
4555,L16,#32,GW252/13600,(4)启机状态,4,2025-06-06 13:48:42,2025-06-06 13:53:41,299,0.08
4556,L16,#32,GW252/13600,(3)待机状态,3,2025-06-06 13:47:12,2025-06-06 13:48:42,90,0.03
4557,L16,#32,GW252/13600,(2)停机状态,2,2025-06-06 13:47:10,2025-06-06 13:47:12,2,0
4558,L16,#32,GW252/13600,(1)停机过程,1,2025-06-06 13:46:39,2025-06-06 13:47:10,31,0.01
4559,L16,#32,GW252/13600,(4)启机状态,4,2025-06-06 13:41:39,2025-06-06 13:46:39,300,0.08
4560,L16,#32,GW252/13600,(3)待机状态,3,2025-06-06 13:40:26,2025-06-06 13:41:39,73,0.02
4561,L16,#32,GW252/13600,(2)停机状态,2,2025-06-06 13:37:16,2025-06-06 13:40:26,190,0.05
4562,L16,#32,GW252/13600,(1)停机过程,1,2025-06-06 13:36:44,2025-06-06 13:37:16,32,0.01
4563,L16,#32,GW252/13600,(4)启机状态,4,2025-06-06 13:31:44,2025-06-06 13:36:44,300,0.08
4564,L16,#32,GW252/13600,(3)待机状态,3,2025-06-06 13:30:53,2025-06-06 13:31:44,51,0.01
4565,L16,#32,GW252/13600,(2)停机状态,2,2025-06-06 13:30:52,2025-06-06 13:30:53,1,0
4566,L16,#32,GW252/13600,(1)停机过程,1,2025-06-06 13:30:21,2025-06-06 13:30:52,31,0.01
4567,L16,#32,GW252/13600,(4)启机状态,4,2025-06-06 13:25:20,2025-06-06 13:30:21,301,0.08
4568,L16,#32,GW252/13600,(3)待机状态,3,2025-06-06 13:24:08,2025-06-06 13:25:20,72,0.02
4569,L16,#32,GW252/13600,(2)停机状态,2,2025-06-06 13:23:29,2025-06-06 13:24:08,39,0.01
4570,L16,#32,GW252/13600,(1)停机过程,1,2025-06-06 13:22:56,2025-06-06 13:23:29,33,0.01
4571,L16,#32,GW252/13600,(4)启机状态,4,2025-06-06 13:17:56,2025-06-06 13:22:56,300,0.08
4572,L16,#32,GW252/13600,(3)待机状态,3,2025-06-06 13:15:07,2025-06-06 13:17:56,169,0.05
4573,L16,#32,GW252/13600,(2)停机状态,2,2025-06-06 13:13:46,2025-06-06 13:15:07,81,0.02
4574,L16,#32,GW252/13600,(1)停机过程,1,2025-06-06 13:13:13,2025-06-06 13:13:46,33,0.01
4575,L16,#32,GW252/13600,(4)启机状态,4,2025-06-06 13:08:13,2025-06-06 13:13:13,300,0.08
4576,L16,#32,GW252/13600,(3)待机状态,3,2025-06-06 13:06:31,2025-06-06 13:08:13,102,0.03
4577,L16,#32,GW252/13600,(2)停机状态,2,2025-06-06 13:05:55,2025-06-06 13:06:31,36,0.01
4578,L16,#32,GW252/13600,(1)停机过程,1,2025-06-06 13:05:23,2025-06-06 13:05:55,32,0.01
4579,L16,#32,GW252/13600,(4)启机状态,4,2025-06-06 13:00:24,2025-06-06 13:05:23,299,0.08
4580,L16,#32,GW252/13600,(3)待机状态,3,2025-06-06 12:58:08,2025-06-06 13:00:24,136,0.04
4581,L16,#32,GW252/13600,(2)停机状态,2,2025-06-06 12:57:40,2025-06-06 12:58:08,28,0.01
4582,L16,#32,GW252/13600,(1)停机过程,1,2025-06-06 12:57:07,2025-06-06 12:57:40,33,0.01
4583,L16,#32,GW252/13600,(4)启机状态,4,2025-06-06 12:52:07,2025-06-06 12:57:07,300,0.08
4584,L16,#32,GW252/13600,(3)待机状态,3,2025-06-06 12:49:36,2025-06-06 12:52:07,151,0.04
4585,L16,#32,GW252/13600,(2)停机状态,2,2025-06-06 12:43:58,2025-06-06 12:49:36,338,0.09
4586,L16,#32,GW252/13600,(1)停机过程,1,2025-06-06 12:43:27,2025-06-06 12:43:58,31,0.01
4587,L16,#32,GW252/13600,(4)启机状态,4,2025-06-06 12:38:27,2025-06-06 12:43:27,300,0.08
4588,L16,#32,GW252/13600,(3)待机状态,3,2025-06-06 12:35:48,2025-06-06 12:38:27,159,0.04
4589,L16,#32,GW252/13600,(2)停机状态,2,2025-06-06 12:35:47,2025-06-06 12:35:48,1,0
4590,L16,#32,GW252/13600,(1)停机过程,1,2025-06-06 12:35:14,2025-06-06 12:35:47,33,0.01
4591,L16,#32,GW252/13600,(4)启机状态,4,2025-06-06 12:30:15,2025-06-06 12:35:14,299,0.08
4592,L16,#32,GW252/13600,(3)待机状态,3,2025-06-06 12:28:13,2025-06-06 12:30:15,122,0.03
4593,L16,#32,GW252/13600,(2)停机状态,2,2025-06-06 12:24:16,2025-06-06 12:28:13,237,0.07
4594,L16,#32,GW252/13600,(1)停机过程,1,2025-06-06 12:23:44,2025-06-06 12:24:16,32,0.01
4595,L16,#32,GW252/13600,(4)启机状态,4,2025-06-06 12:18:43,2025-06-06 12:23:44,301,0.08
4596,L16,#32,GW252/13600,(3)待机状态,3,2025-06-06 12:17:31,2025-06-06 12:18:43,72,0.02
4597,L16,#32,GW252/13600,(1)停机过程,1,2025-06-06 12:17:00,2025-06-06 12:17:31,31,0.01
4598,L16,#32,GW252/13600,(4)启机状态,4,2025-06-06 12:12:00,2025-06-06 12:17:00,300,0.08
4599,L16,#32,GW252/13600,(3)待机状态,3,2025-06-06 12:10:50,2025-06-06 12:12:00,70,0.02
4600,L16,#32,GW252/13600,(2)停机状态,2,2025-06-06 12:10:49,2025-06-06 12:10:50,1,0
4601,L16,#32,GW252/13600,(1)停机过程,1,2025-06-06 12:10:17,2025-06-06 12:10:49,32,0.01
4602,L16,#32,GW252/13600,(4)启机状态,4,2025-06-06 12:05:16,2025-06-06 12:10:17,301,0.08
4603,L16,#32,GW252/13600,(3)待机状态,3,2025-06-06 12:04:06,2025-06-06 12:05:16,70,0.02
4604,L16,#32,GW252/13600,(2)停机状态,2,2025-06-06 12:01:07,2025-06-06 12:04:06,179,0.05
4605,L16,#32,GW252/13600,(1)停机过程,1,2025-06-06 12:00:36,2025-06-06 12:01:07,31,0.01
4606,L16,#32,GW252/13600,(4)启机状态,4,2025-06-06 11:55:35,2025-06-06 12:00:36,301,0.08
4607,L16,#32,GW252/13600,(3)待机状态,3,2025-06-06 11:54:27,2025-06-06 11:55:35,68,0.02
4608,L16,#32,GW252/13600,(2)停机状态,2,2025-06-06 11:53:03,2025-06-06 11:54:27,84,0.02
4609,L16,#32,GW252/13600,(1)停机过程,1,2025-06-06 11:52:32,2025-06-06 11:53:03,31,0.01
4610,L16,#32,GW252/13600,(4)启机状态,4,2025-06-06 11:47:32,2025-06-06 11:52:32,300,0.08
4611,L16,#32,GW252/13600,(3)待机状态,3,2025-06-06 11:45:53,2025-06-06 11:47:32,99,0.03
4612,L16,#32,GW252/13600,(2)停机状态,2,2025-06-06 11:45:01,2025-06-06 11:45:53,52,0.01
4613,L16,#32,GW252/13600,(1)停机过程,1,2025-06-06 11:44:28,2025-06-06 11:45:01,33,0.01
4614,L16,#32,GW252/13600,(4)启机状态,4,2025-06-06 11:39:29,2025-06-06 11:44:28,299,0.08
4615,L16,#32,GW252/13600,(3)待机状态,3,2025-06-06 11:38:28,2025-06-06 11:39:29,61,0.02
4616,L16,#32,GW252/13600,(2)停机状态,2,2025-06-06 11:36:11,2025-06-06 11:38:28,137,0.04
4617,L16,#32,GW252/13600,(1)停机过程,1,2025-06-06 11:35:14,2025-06-06 11:36:11,57,0.02
4618,L16,#32,GW252/13600,(5)发电状态,5,2025-06-06 11:11:43,2025-06-06 11:35:14,1411,0.39
4619,L16,#32,GW252/13600,(4)启机状态,4,2025-06-06 11:07:10,2025-06-06 11:11:43,273,0.08
4620,L16,#32,GW252/13600,(3)待机状态,3,2025-06-06 11:05:58,2025-06-06 11:07:10,72,0.02
4621,L16,#32,GW252/13600,(2)停机状态,2,2025-06-06 11:04:30,2025-06-06 11:05:58,88,0.02
4622,L16,#32,GW252/13600,(1)停机过程,1,2025-06-06 11:03:59,2025-06-06 11:04:30,31,0.01
4623,L16,#32,GW252/13600,(4)启机状态,4,2025-06-06 10:58:59,2025-06-06 11:03:59,300,0.08
4624,L16,#32,GW252/13600,(3)待机状态,3,2025-06-06 10:57:59,2025-06-06 10:58:59,60,0.02
4625,L16,#32,GW252/13600,(2)停机状态,2,2025-06-06 10:56:19,2025-06-06 10:57:59,100,0.03
4626,L16,#32,GW252/13600,(1)停机过程,1,2025-06-06 10:55:49,2025-06-06 10:56:19,30,0.01
4627,L16,#32,GW252/13600,(4)启机状态,4,2025-06-06 10:50:48,2025-06-06 10:55:49,301,0.08
4628,L16,#32,GW252/13600,(3)待机状态,3,2025-06-06 10:49:36,2025-06-06 10:50:48,72,0.02
4629,L16,#32,GW252/13600,(2)停机状态,2,2025-06-06 10:48:19,2025-06-06 10:49:36,77,0.02
4630,L16,#32,GW252/13600,(1)停机过程,1,2025-06-06 10:47:22,2025-06-06 10:48:19,57,0.02
4631,L16,#32,GW252/13600,(5)发电状态,5,2025-06-06 09:02:25,2025-06-06 10:47:22,6297,1.75
4632,L16,#32,GW252/13600,(4)启机状态,4,2025-06-06 08:58:27,2025-06-06 09:02:25,238,0.07
4633,L16,#32,GW252/13600,(3)待机状态,3,2025-06-06 08:57:13,2025-06-06 08:58:27,74,0.02
4634,L16,#32,GW252/13600,(2)停机状态,2,2025-06-06 08:57:12,2025-06-06 08:57:13,1,0
4635,L16,#32,GW252/13600,(1)停机过程,1,2025-06-06 08:56:40,2025-06-06 08:57:12,32,0.01
4636,L16,#32,GW252/13600,(4)启机状态,4,2025-06-06 08:51:41,2025-06-06 08:56:40,299,0.08
4637,L16,#32,GW252/13600,(3)待机状态,3,2025-06-06 08:50:09,2025-06-06 08:51:41,92,0.03
4638,L16,#32,GW252/13600,(2)停机状态,2,2025-06-06 08:50:06,2025-06-06 08:50:09,3,0
4639,L16,#32,GW252/13600,(1)停机过程,1,2025-06-06 08:49:35,2025-06-06 08:50:06,31,0.01
4640,L16,#32,GW252/13600,(4)启机状态,4,2025-06-06 08:44:35,2025-06-06 08:49:35,300,0.08
4641,L16,#32,GW252/13600,(3)待机状态,3,2025-06-06 08:43:08,2025-06-06 08:44:35,87,0.02
4642,L16,#32,GW252/13600,(2)停机状态,2,2025-06-06 08:40:58,2025-06-06 08:43:08,130,0.04
4643,L16,#32,GW252/13600,(1)停机过程,1,2025-06-06 08:40:00,2025-06-06 08:40:58,58,0.02
4644,L16,#32,GW252/13600,(5)发电状态,5,2025-06-06 07:17:27,2025-06-06 08:40:00,4953,1.38
4645,L16,#32,GW252/13600,(4)启机状态,4,2025-06-06 07:13:48,2025-06-06 07:17:27,219,0.06
4646,L16,#32,GW252/13600,(3)待机状态,3,2025-06-06 07:12:28,2025-06-06 07:13:48,80,0.02
4647,L16,#32,GW252/13600,(2)停机状态,2,2025-06-06 07:10:44,2025-06-06 07:12:28,104,0.03
4648,L16,#32,GW252/13600,(1)停机过程,1,2025-06-06 07:09:48,2025-06-06 07:10:44,56,0.02
4649,L16,#32,GW252/13600,(5)发电状态,5,2025-06-06 06:36:41,2025-06-06 07:09:48,1987,0.55
4650,L16,#32,GW252/13600,(4)启机状态,4,2025-06-06 06:32:03,2025-06-06 06:36:41,278,0.08
4651,L16,#32,GW252/13600,(3)待机状态,3,2025-06-06 06:31:09,2025-06-06 06:32:03,54,0.02
4652,L16,#32,GW252/13600,(2)停机状态,2,2025-06-06 06:31:07,2025-06-06 06:31:09,2,0
4653,L16,#32,GW252/13600,(1)停机过程,1,2025-06-06 06:30:34,2025-06-06 06:31:07,33,0.01
4654,L16,#32,GW252/13600,(4)启机状态,4,2025-06-06 06:25:35,2025-06-06 06:30:34,299,0.08
4655,L16,#32,GW252/13600,(3)待机状态,3,2025-06-06 06:24:13,2025-06-06 06:25:35,82,0.02
4656,L16,#32,GW252/13600,(2)停机状态,2,2025-06-06 06:21:28,2025-06-06 06:24:13,165,0.05
4657,L16,#32,GW252/13600,(1)停机过程,1,2025-06-06 06:20:55,2025-06-06 06:21:28,33,0.01
4658,L16,#32,GW252/13600,(4)启机状态,4,2025-06-06 06:15:56,2025-06-06 06:20:55,299,0.08
4659,L16,#32,GW252/13600,(3)待机状态,3,2025-06-06 06:14:42,2025-06-06 06:15:56,74,0.02
4660,L16,#32,GW252/13600,(2)停机状态,2,2025-06-06 06:09:05,2025-06-06 06:14:42,337,0.09
4661,L16,#32,GW252/13600,(1)停机过程,1,2025-06-06 06:08:08,2025-06-06 06:09:05,57,0.02
4662,L16,#32,GW252/13600,(5)发电状态,5,2025-06-06 05:21:48,2025-06-06 06:08:08,2780,0.77
4663,L16,#32,GW252/13600,(4)启机状态,4,2025-06-06 05:18:32,2025-06-06 05:21:48,196,0.05
4664,L16,#32,GW252/13600,(3)待机状态,3,2025-06-06 05:17:31,2025-06-06 05:18:32,61,0.02
4665,L16,#32,GW252/13600,(2)停机状态,2,2025-06-06 05:17:29,2025-06-06 05:17:31,2,0
4666,L16,#32,GW252/13600,(1)停机过程,1,2025-06-06 05:16:58,2025-06-06 05:17:29,31,0.01
4667,L16,#32,GW252/13600,(4)启机状态,4,2025-06-06 05:11:58,2025-06-06 05:16:58,300,0.08
4668,L16,#32,GW252/13600,(3)待机状态,3,2025-06-06 05:11:01,2025-06-06 05:11:58,57,0.02
4669,L16,#32,GW252/13600,(2)停机状态,2,2025-06-06 05:11:00,2025-06-06 05:11:01,1,0
4670,L16,#32,GW252/13600,(1)停机过程,1,2025-06-06 05:10:04,2025-06-06 05:11:00,56,0.02
4671,L16,#32,GW252/13600,(4)启机状态,4,2025-06-06 05:05:04,2025-06-06 05:10:04,300,0.08
4672,L16,#32,GW252/13600,(3)待机状态,3,2025-06-06 05:03:54,2025-06-06 05:05:04,70,0.02
4673,L16,#32,GW252/13600,(2)停机状态,2,2025-06-06 05:03:52,2025-06-06 05:03:54,2,0
4674,L16,#32,GW252/13600,(1)停机过程,1,2025-06-06 05:03:20,2025-06-06 05:03:52,32,0.01
4675,L16,#32,GW252/13600,(4)启机状态,4,2025-06-06 04:58:20,2025-06-06 05:03:20,300,0.08
4676,L16,#32,GW252/13600,(3)待机状态,3,2025-06-06 04:57:08,2025-06-06 04:58:20,72,0.02
4677,L16,#32,GW252/13600,(2)停机状态,2,2025-06-06 04:54:49,2025-06-06 04:57:08,139,0.04
4678,L16,#32,GW252/13600,(1)停机过程,1,2025-06-06 04:53:51,2025-06-06 04:54:49,58,0.02
4679,L16,#32,GW252/13600,(5)发电状态,5,2025-06-06 04:25:32,2025-06-06 04:53:51,1699,0.47
4680,L16,#32,GW252/13600,(4)启机状态,4,2025-06-06 04:22:09,2025-06-06 04:25:32,203,0.06
4681,L16,#32,GW252/13600,(3)待机状态,3,2025-06-06 04:21:16,2025-06-06 04:22:09,53,0.01
4682,L16,#32,GW252/13600,(1)停机过程,1,2025-06-06 04:20:42,2025-06-06 04:21:16,34,0.01
4683,L16,#32,GW252/13600,(4)启机状态,4,2025-06-06 04:15:42,2025-06-06 04:20:42,300,0.08
4684,L16,#32,GW252/13600,(3)待机状态,3,2025-06-06 04:14:09,2025-06-06 04:15:42,93,0.03
4685,L16,#32,GW252/13600,(2)停机状态,2,2025-06-06 04:09:48,2025-06-06 04:14:09,261,0.07
4686,L16,#32,GW252/13600,(1)停机过程,1,2025-06-06 04:09:17,2025-06-06 04:09:48,31,0.01
4687,L16,#32,GW252/13600,(4)启机状态,4,2025-06-06 04:04:18,2025-06-06 04:09:17,299,0.08
4688,L16,#32,GW252/13600,(3)待机状态,3,2025-06-06 04:03:13,2025-06-06 04:04:18,65,0.02
4689,L16,#32,GW252/13600,(2)停机状态,2,2025-06-06 03:59:41,2025-06-06 04:03:13,212,0.06
4690,L16,#32,GW252/13600,(1)停机过程,1,2025-06-06 03:58:44,2025-06-06 03:59:41,57,0.02
4691,L16,#32,GW252/13600,(5)发电状态,5,2025-06-05 08:41:18,2025-06-06 03:58:44,69446,19.29
4692,L16,#32,GW252/13600,(4)启机状态,4,2025-06-05 08:37:56,2025-06-05 08:41:18,202,0.06
4693,L16,#32,GW252/13600,(3)待机状态,3,2025-06-05 08:37:02,2025-06-05 08:37:56,54,0.02
4694,L16,#32,GW252/13600,(2)停机状态,2,2025-06-05 08:37:01,2025-06-05 08:37:02,1,0
4695,L16,#32,GW252/13600,(1)停机过程,1,2025-06-05 08:36:26,2025-06-05 08:37:01,35,0.01
4696,L16,#32,GW252/13600,(4)启机状态,4,2025-06-05 08:31:26,2025-06-05 08:36:26,300,0.08
4697,L16,#32,GW252/13600,(3)待机状态,3,2025-06-05 08:30:19,2025-06-05 08:31:26,67,0.02
4698,L16,#32,GW252/13600,(2)停机状态,2,2025-06-05 08:29:06,2025-06-05 08:30:19,73,0.02
4699,L16,#32,GW252/13600,(1)停机过程,1,2025-06-05 08:28:34,2025-06-05 08:29:06,32,0.01
4700,L16,#32,GW252/13600,(4)启机状态,4,2025-06-05 08:23:33,2025-06-05 08:28:34,301,0.08
4701,L16,#32,GW252/13600,(3)待机状态,3,2025-06-05 08:22:39,2025-06-05 08:23:33,54,0.02
4702,L16,#32,GW252/13600,(2)停机状态,2,2025-06-05 08:22:36,2025-06-05 08:22:39,3,0
4703,L16,#32,GW252/13600,(1)停机过程,1,2025-06-05 08:21:41,2025-06-05 08:22:36,55,0.02
4704,L16,#32,GW252/13600,(4)启机状态,4,2025-06-05 08:16:41,2025-06-05 08:21:41,300,0.08
4705,L16,#32,GW252/13600,(3)待机状态,3,2025-06-05 08:15:48,2025-06-05 08:16:41,53,0.01
4706,L16,#32,GW252/13600,(2)停机状态,2,2025-06-05 08:14:15,2025-06-05 08:15:48,93,0.03
4707,L16,#32,GW252/13600,(1)停机过程,1,2025-06-05 08:13:17,2025-06-05 08:14:15,58,0.02
4708,L16,#32,GW252/13600,(5)发电状态,5,2025-06-03 20:21:42,2025-06-05 08:13:17,129095,35.86
4709,L16,#32,GW252/13600,(4)启机状态,4,2025-06-03 20:18:16,2025-06-03 20:21:42,206,0.06
4710,L16,#32,GW252/13600,(3)待机状态,3,2025-06-03 20:15:49,2025-06-03 20:18:16,147,0.04
4711,L16,#32,GW252/13600,(2)停机状态,2,2025-06-03 19:38:48,2025-06-03 20:15:49,2221,0.62
4712,L16,#32,GW252/13600,(1)停机过程,1,2025-06-03 19:38:16,2025-06-03 19:38:48,32,0.01
4713,L16,#32,GW252/13600,(4)启机状态,4,2025-06-03 19:33:16,2025-06-03 19:38:16,300,0.08
4714,L16,#32,GW252/13600,(3)待机状态,3,2025-06-03 09:04:07,2025-06-03 19:33:16,37749,10.49
4715,L16,#32,GW252/13600,(2)停机状态,2,2025-06-03 08:26:09,2025-06-03 09:04:07,2278,0.63
4716,L16,#32,GW252/13600,(1)停机过程,1,2025-06-03 08:25:11,2025-06-03 08:26:09,58,0.02
4717,L16,#32,GW252/13600,(5)发电状态,5,2025-06-03 04:45:49,2025-06-03 08:25:11,13162,3.66
4718,L16,#32,GW252/13600,(4)启机状态,4,2025-06-03 04:43:36,2025-06-03 04:45:49,133,0.04
4719,L16,#32,GW252/13600,(3)待机状态,3,2025-06-03 04:42:49,2025-06-03 04:43:36,47,0.01
4720,L16,#32,GW252/13600,(2)停机状态,2,2025-06-03 04:05:47,2025-06-03 04:42:49,2222,0.62
4721,L16,#32,GW252/13600,(1)停机过程,1,2025-06-03 04:04:50,2025-06-03 04:05:47,57,0.02
4722,L16,#32,GW252/13600,(5)发电状态,5,2025-06-03 01:30:26,2025-06-03 04:04:50,9264,2.57
4723,L16,#32,GW252/13600,(4)启机状态,4,2025-06-03 01:27:15,2025-06-03 01:30:26,191,0.05
4724,L16,#32,GW252/13600,(3)待机状态,3,2025-06-03 01:25:58,2025-06-03 01:27:15,77,0.02
4725,L16,#32,GW252/13600,(2)停机状态,2,2025-06-03 00:48:56,2025-06-03 01:25:58,2222,0.62
4726,L16,#32,GW252/13600,(1)停机过程,1,2025-06-03 00:48:25,2025-06-03 00:48:56,31,0.01
4727,L16,#32,GW252/13600,(4)启机状态,4,2025-06-03 00:43:25,2025-06-03 00:48:25,300,0.08
4728,L16,#32,GW252/13600,(3)待机状态,3,2025-06-03 00:41:12,2025-06-03 00:43:25,133,0.04
4729,L16,#32,GW252/13600,(2)停机状态,2,2025-06-03 00:37:57,2025-06-03 00:41:12,195,0.05
4730,L16,#32,GW252/13600,(1)停机过程,1,2025-06-03 00:37:00,2025-06-03 00:37:57,57,0.02
4731,L16,#32,GW252/13600,(5)发电状态,5,2025-06-02 09:09:11,2025-06-03 00:37:00,55669,15.46
4732,L16,#32,GW252/13600,(4)启机状态,4,2025-06-02 09:07:27,2025-06-02 09:09:11,104,0.03
4733,L16,#32,GW252/13600,(3)待机状态,3,2025-06-02 09:06:47,2025-06-02 09:07:27,40,0.01
4734,L16,#32,GW252/13600,(2)停机状态,2,2025-06-02 09:04:01,2025-06-02 09:06:47,166,0.05
4735,L16,#32,GW252/13600,(1)停机过程,1,2025-06-02 09:03:50,2025-06-02 09:04:01,11,0
4736,L16,#32,GW252/13600,(9)维护状态,9,2025-06-01 23:18:20,2025-06-02 09:03:50,35130,9.76
4737,L16,#32,GW252/13600,(1)停机过程,1,2025-06-01 23:17:28,2025-06-01 23:18:20,52,0.01
4738,L16,#32,GW252/13600,(4)启机状态,4,2025-06-01 23:16:56,2025-06-01 23:17:28,32,0.01
4739,L16,#32,GW252/13600,(3)待机状态,3,2025-06-01 23:16:20,2025-06-01 23:16:56,36,0.01
4740,L16,#32,GW252/13600,(2)停机状态,2,2025-06-01 23:14:49,2025-06-01 23:16:20,91,0.03
4741,L16,#32,GW252/13600,(1)停机过程,1,2025-06-01 23:14:39,2025-06-01 23:14:49,10,0
4742,L16,#32,GW252/13600,(9)维护状态,9,2025-06-01 23:08:21,2025-06-01 23:14:39,378,0.11
4743,L16,#32,GW252/13600,(2)停机状态,2,2025-06-01 23:03:57,2025-06-01 23:08:21,264,0.07
4744,L16,#32,GW252/13600,(1)停机过程,1,2025-06-01 23:03:47,2025-06-01 23:03:57,10,0
4745,L16,#32,GW252/13600,(3)待机状态,3,2025-06-01 23:03:46,2025-06-01 23:03:47,1,0
4746,L16,#32,GW252/13600,(2)停机状态,2,2025-06-01 23:01:06,2025-06-01 23:03:46,160,0.04
4747,L16,#32,GW252/13600,(1)停机过程,1,2025-06-01 23:00:56,2025-06-01 23:01:06,10,0
4748,L16,#32,GW252/13600,(9)维护状态,9,2025-06-01 14:16:47,2025-06-01 23:00:56,31449,8.74
4749,L16,#32,GW252/13600,(2)停机状态,2,2025-05-25 12:57:01,2025-06-01 14:16:47,609586,169.33
4750,L16,#32,GW252/13600,(1)停机过程,1,2025-05-25 12:56:30,2025-05-25 12:57:01,31,0.01
4751,L16,#32,GW252/13600,(3)待机状态,3,2025-05-25 12:56:02,2025-05-25 12:56:30,28,0.01
4752,L16,#32,GW252/13600,(2)停机状态,2,2025-05-25 12:55:58,2025-05-25 12:56:02,4,0
4753,L16,#32,GW252/13600,(1)停机过程,1,2025-05-25 12:55:48,2025-05-25 12:55:58,10,0
4754,L16,#32,GW252/13600,(9)维护状态,9,2025-05-25 12:49:53,2025-05-25 12:55:48,355,0.1
4755,L16,#32,GW252/13600,(2)停机状态,2,2025-05-25 12:47:52,2025-05-25 12:49:53,121,0.03
4756,L16,#32,GW252/13600,(1)停机过程,1,2025-05-25 12:47:04,2025-05-25 12:47:52,48,0.01
4757,L16,#32,GW252/13600,(5)发电状态,5,2025-05-25 12:45:38,2025-05-25 12:47:04,86,0.02
4758,L16,#32,GW252/13600,(4)启机状态,4,2025-05-25 12:44:56,2025-05-25 12:45:38,42,0.01
4759,L16,#32,GW252/13600,(3)待机状态,3,2025-05-25 12:44:22,2025-05-25 12:44:56,34,0.01
4760,L16,#32,GW252/13600,(2)停机状态,2,2025-05-25 12:44:20,2025-05-25 12:44:22,2,0
4761,L16,#32,GW252/13600,(1)停机过程,1,2025-05-25 12:44:10,2025-05-25 12:44:20,10,0
4762,L16,#32,GW252/13600,(9)维护状态,9,2025-05-25 12:35:55,2025-05-25 12:44:10,495,0.14
4763,L16,#32,GW252/13600,(2)停机状态,2,2025-05-25 12:34:31,2025-05-25 12:35:55,84,0.02
4764,L16,#32,GW252/13600,(1)停机过程,1,2025-05-25 12:33:43,2025-05-25 12:34:31,48,0.01
4765,L16,#32,GW252/13600,(5)发电状态,5,2025-05-25 05:48:29,2025-05-25 12:33:43,24314,6.75
4766,L16,#32,GW252/13600,(4)启机状态,4,2025-05-25 05:47:45,2025-05-25 05:48:29,44,0.01
4767,L16,#32,GW252/13600,(3)待机状态,3,2025-05-25 05:47:09,2025-05-25 05:47:45,36,0.01
4768,L16,#32,GW252/13600,(2)停机状态,2,2025-05-25 05:43:15,2025-05-25 05:47:09,234,0.07
4769,L16,#32,GW252/13600,(1)停机过程,1,2025-05-25 05:43:05,2025-05-25 05:43:15,10,0
4770,L16,#32,GW252/13600,(9)维护状态,9,2025-05-25 05:34:35,2025-05-25 05:43:05,510,0.14
4771,L16,#32,GW252/13600,(2)停机状态,2,2025-05-25 05:30:32,2025-05-25 05:34:35,243,0.07
4772,L16,#32,GW252/13600,(1)停机过程,1,2025-05-25 05:30:22,2025-05-25 05:30:32,10,0
4773,L16,#32,GW252/13600,(2)停机状态,2,2025-05-25 05:22:55,2025-05-25 05:30:22,447,0.12
4774,L16,#32,GW252/13600,(1)停机过程,1,2025-05-25 05:22:45,2025-05-25 05:22:55,10,0
4775,L16,#32,GW252/13600,(9)维护状态,9,2025-05-25 05:12:32,2025-05-25 05:22:45,613,0.17
4776,L16,#32,GW252/13600,(2)停机状态,2,2025-05-25 05:00:48,2025-05-25 05:12:32,704,0.2
4777,L16,#32,GW252/13600,(1)停机过程,1,2025-05-25 05:00:00,2025-05-25 05:00:48,48,0.01
4778,L16,#32,GW252/13600,(5)发电状态,5,2025-05-24 14:31:47,2025-05-25 05:00:00,52093,14.47
4779,L16,#32,GW252/13600,(9)维护状态,9,2025-05-22 18:46:33,2025-05-24 14:31:47,157514,43.75
4780,L16,#32,GW252/13600,(0)初始化,0,2025-05-22 18:43:33,2025-05-22 18:46:33,180,0.05
4781,L16,#32,GW252/13600,(9)维护状态,9,2025-01-01 00:00:00,2025-05-22 18:43:33,12249813,3402.73
