设备状态统计_历史状态明细,Unnamed: 1,Unnamed: 2,Unnamed: 3,Unnamed: 4,Unnamed: 5,Unnamed: 6,Unnamed: 7,Unnamed: 8,Unnamed: 9
  电场:[三峡阳江海路海风场];  设备类型:风机;  设备:[#35];  查询方式:详情;  开始时间:2025-01-01;  结束时间:2025-12-01,,,,,,,,,
序号,馈线名称,设备名称,型号名称,状态,状态码,开始时间,结束时间,持续时间(s),时长描述(h)
1,L14,#35,GW252/13600,(5)发电状态,5,2025-11-28 13:03:22,2025-12-01 23:59:59,298597,82.94
2,L14,#35,GW252/13600,(4)启机状态,4,2025-11-28 13:02:42,2025-11-28 13:03:22,40,0.01
3,L14,#35,GW252/13600,(3)待机状态,3,2025-11-28 13:02:08,2025-11-28 13:02:42,34,0.01
4,L14,#35,GW252/13600,(2)停机状态,2,2025-11-28 12:24:19,2025-11-28 13:02:08,2269,0.63
5,L14,#35,GW252/13600,(1)停机过程,1,2025-11-28 12:23:25,2025-11-28 12:24:19,54,0.02
6,L14,#35,GW252/13600,(5)发电状态,5,2025-11-26 14:16:38,2025-11-28 12:23:25,166007,46.11
7,L14,#35,GW252/13600,(4)启机状态,4,2025-11-26 14:15:49,2025-11-26 14:16:38,49,0.01
8,L14,#35,GW252/13600,(3)待机状态,3,2025-11-26 14:15:08,2025-11-26 14:15:49,41,0.01
9,L14,#35,GW252/13600,(2)停机状态,2,2025-11-26 14:05:26,2025-11-26 14:15:08,582,0.16
10,L14,#35,GW252/13600,(1)停机过程,1,2025-11-26 14:04:28,2025-11-26 14:05:26,58,0.02
11,L14,#35,GW252/13600,(5)发电状态,5,2025-11-26 13:35:39,2025-11-26 14:04:28,1729,0.48
12,L14,#35,GW252/13600,(4)启机状态,4,2025-11-26 13:34:51,2025-11-26 13:35:39,48,0.01
13,L14,#35,GW252/13600,(3)待机状态,3,2025-11-26 13:34:12,2025-11-26 13:34:51,39,0.01
14,L14,#35,GW252/13600,(2)停机状态,2,2025-11-26 13:25:34,2025-11-26 13:34:12,518,0.14
15,L14,#35,GW252/13600,(1)停机过程,1,2025-11-26 13:24:37,2025-11-26 13:25:34,57,0.02
16,L14,#35,GW252/13600,(5)发电状态,5,2025-11-26 12:50:17,2025-11-26 13:24:37,2060,0.57
17,L14,#35,GW252/13600,(4)启机状态,4,2025-11-26 12:49:30,2025-11-26 12:50:17,47,0.01
18,L14,#35,GW252/13600,(3)待机状态,3,2025-11-26 12:48:53,2025-11-26 12:49:30,37,0.01
19,L14,#35,GW252/13600,(2)停机状态,2,2025-11-26 11:40:00,2025-11-26 12:48:53,4133,1.15
20,L14,#35,GW252/13600,(1)停机过程,1,2025-11-26 11:39:04,2025-11-26 11:40:00,56,0.02
21,L14,#35,GW252/13600,(5)发电状态,5,2025-11-25 17:14:40,2025-11-26 11:39:04,66264,18.41
22,L14,#35,GW252/13600,(4)启机状态,4,2025-11-25 17:13:53,2025-11-25 17:14:40,47,0.01
23,L14,#35,GW252/13600,(3)待机状态,3,2025-11-25 17:13:12,2025-11-25 17:13:53,41,0.01
24,L14,#35,GW252/13600,(2)停机状态,2,2025-11-25 17:03:57,2025-11-25 17:13:12,555,0.15
25,L14,#35,GW252/13600,(1)停机过程,1,2025-11-25 17:03:01,2025-11-25 17:03:57,56,0.02
26,L14,#35,GW252/13600,(5)发电状态,5,2025-11-25 13:33:15,2025-11-25 17:03:01,12586,3.5
27,L14,#35,GW252/13600,(4)启机状态,4,2025-11-25 13:32:33,2025-11-25 13:33:15,42,0.01
28,L14,#35,GW252/13600,(3)待机状态,3,2025-11-25 13:31:56,2025-11-25 13:32:33,37,0.01
29,L14,#35,GW252/13600,(2)停机状态,2,2025-11-25 13:10:07,2025-11-25 13:31:56,1309,0.36
30,L14,#35,GW252/13600,(1)停机过程,1,2025-11-25 13:09:13,2025-11-25 13:10:07,54,0.02
31,L14,#35,GW252/13600,(5)发电状态,5,2025-11-25 12:59:34,2025-11-25 13:09:13,579,0.16
32,L14,#35,GW252/13600,(4)启机状态,4,2025-11-25 12:58:56,2025-11-25 12:59:34,38,0.01
33,L14,#35,GW252/13600,(3)待机状态,3,2025-11-25 12:58:21,2025-11-25 12:58:56,35,0.01
34,L14,#35,GW252/13600,(2)停机状态,2,2025-11-25 11:12:55,2025-11-25 12:58:21,6326,1.76
35,L14,#35,GW252/13600,(1)停机过程,1,2025-11-25 11:12:02,2025-11-25 11:12:55,53,0.01
36,L14,#35,GW252/13600,(5)发电状态,5,2025-11-25 10:58:31,2025-11-25 11:12:02,811,0.23
37,L14,#35,GW252/13600,(4)启机状态,4,2025-11-25 10:57:57,2025-11-25 10:58:31,34,0.01
38,L14,#35,GW252/13600,(3)待机状态,3,2025-11-25 10:57:23,2025-11-25 10:57:57,34,0.01
39,L14,#35,GW252/13600,(2)停机状态,2,2025-11-25 10:46:53,2025-11-25 10:57:23,630,0.18
40,L14,#35,GW252/13600,(1)停机过程,1,2025-11-25 10:46:00,2025-11-25 10:46:53,53,0.01
41,L14,#35,GW252/13600,(5)发电状态,5,2025-11-25 10:13:00,2025-11-25 10:46:00,1980,0.55
42,L14,#35,GW252/13600,(4)启机状态,4,2025-11-25 10:12:27,2025-11-25 10:13:00,33,0.01
43,L14,#35,GW252/13600,(3)待机状态,3,2025-11-25 10:11:55,2025-11-25 10:12:27,32,0.01
44,L14,#35,GW252/13600,(2)停机状态,2,2025-11-25 09:57:05,2025-11-25 10:11:55,890,0.25
45,L14,#35,GW252/13600,(1)停机过程,1,2025-11-25 09:56:13,2025-11-25 09:57:05,52,0.01
46,L14,#35,GW252/13600,(5)发电状态,5,2025-11-25 09:42:41,2025-11-25 09:56:13,812,0.23
47,L14,#35,GW252/13600,(4)启机状态,4,2025-11-25 09:42:10,2025-11-25 09:42:41,31,0.01
48,L14,#35,GW252/13600,(3)待机状态,3,2025-11-25 09:41:39,2025-11-25 09:42:10,31,0.01
49,L14,#35,GW252/13600,(2)停机状态,2,2025-11-25 08:43:24,2025-11-25 09:41:39,3495,0.97
50,L14,#35,GW252/13600,(1)停机过程,1,2025-11-25 08:42:31,2025-11-25 08:43:24,53,0.01
51,L14,#35,GW252/13600,(5)发电状态,5,2025-11-25 06:59:31,2025-11-25 08:42:31,6180,1.72
52,L14,#35,GW252/13600,(4)启机状态,4,2025-11-25 06:58:57,2025-11-25 06:59:31,34,0.01
53,L14,#35,GW252/13600,(3)待机状态,3,2025-11-25 06:58:26,2025-11-25 06:58:57,31,0.01
54,L14,#35,GW252/13600,(2)停机状态,2,2025-11-25 06:44:30,2025-11-25 06:58:26,836,0.23
55,L14,#35,GW252/13600,(1)停机过程,1,2025-11-25 06:43:38,2025-11-25 06:44:30,52,0.01
56,L14,#35,GW252/13600,(5)发电状态,5,2025-11-24 14:15:05,2025-11-25 06:43:38,59313,16.48
57,L14,#35,GW252/13600,(4)启机状态,4,2025-11-24 14:13:52,2025-11-24 14:15:05,73,0.02
58,L14,#35,GW252/13600,(3)待机状态,3,2025-11-24 14:13:01,2025-11-24 14:13:52,51,0.01
59,L14,#35,GW252/13600,(2)停机状态,2,2025-11-24 13:58:04,2025-11-24 14:13:01,897,0.25
60,L14,#35,GW252/13600,(1)停机过程,1,2025-11-24 13:56:52,2025-11-24 13:58:04,72,0.02
61,L14,#35,GW252/13600,(5)发电状态,5,2025-11-24 13:53:37,2025-11-24 13:56:52,195,0.05
62,L14,#35,GW252/13600,(4)启机状态,4,2025-11-24 13:52:30,2025-11-24 13:53:37,67,0.02
63,L14,#35,GW252/13600,(3)待机状态,3,2025-11-24 13:51:45,2025-11-24 13:52:30,45,0.01
64,L14,#35,GW252/13600,(2)停机状态,2,2025-11-24 13:43:09,2025-11-24 13:51:45,516,0.14
65,L14,#35,GW252/13600,(1)停机过程,1,2025-11-24 13:41:57,2025-11-24 13:43:09,72,0.02
66,L14,#35,GW252/13600,(5)发电状态,5,2025-11-24 13:31:16,2025-11-24 13:41:57,641,0.18
67,L14,#35,GW252/13600,(4)启机状态,4,2025-11-24 13:30:14,2025-11-24 13:31:16,62,0.02
68,L14,#35,GW252/13600,(3)待机状态,3,2025-11-24 13:29:27,2025-11-24 13:30:14,47,0.01
69,L14,#35,GW252/13600,(2)停机状态,2,2025-11-24 13:23:26,2025-11-24 13:29:27,361,0.1
70,L14,#35,GW252/13600,(1)停机过程,1,2025-11-24 13:22:28,2025-11-24 13:23:26,58,0.02
71,L14,#35,GW252/13600,(5)发电状态,5,2025-11-24 13:18:57,2025-11-24 13:22:28,211,0.06
72,L14,#35,GW252/13600,(4)启机状态,4,2025-11-24 13:17:54,2025-11-24 13:18:57,63,0.02
73,L14,#35,GW252/13600,(3)待机状态,3,2025-11-24 13:17:11,2025-11-24 13:17:54,43,0.01
74,L14,#35,GW252/13600,(2)停机状态,2,2025-11-24 12:42:06,2025-11-24 13:17:11,2105,0.58
75,L14,#35,GW252/13600,(1)停机过程,1,2025-11-24 12:41:04,2025-11-24 12:42:06,62,0.02
76,L14,#35,GW252/13600,(5)发电状态,5,2025-11-24 12:28:37,2025-11-24 12:41:04,747,0.21
77,L14,#35,GW252/13600,(4)启机状态,4,2025-11-24 12:27:35,2025-11-24 12:28:37,62,0.02
78,L14,#35,GW252/13600,(3)待机状态,3,2025-11-24 12:26:51,2025-11-24 12:27:35,44,0.01
79,L14,#35,GW252/13600,(2)停机状态,2,2025-11-24 12:22:18,2025-11-24 12:26:51,273,0.08
80,L14,#35,GW252/13600,(1)停机过程,1,2025-11-24 12:21:17,2025-11-24 12:22:18,61,0.02
81,L14,#35,GW252/13600,(5)发电状态,5,2025-11-23 22:20:10,2025-11-24 12:21:17,50467,14.02
82,L14,#35,GW252/13600,(4)启机状态,4,2025-11-23 22:17:46,2025-11-23 22:20:10,144,0.04
83,L14,#35,GW252/13600,(3)待机状态,3,2025-11-23 19:15:27,2025-11-23 22:17:46,10939,3.04
84,L14,#35,GW252/13600,(2)停机状态,2,2025-11-23 18:37:49,2025-11-23 19:15:27,2258,0.63
85,L14,#35,GW252/13600,(1)停机过程,1,2025-11-23 18:36:52,2025-11-23 18:37:49,57,0.02
86,L14,#35,GW252/13600,(5)发电状态,5,2025-11-23 13:18:35,2025-11-23 18:36:52,19097,5.3
87,L14,#35,GW252/13600,(4)启机状态,4,2025-11-23 13:17:33,2025-11-23 13:18:35,62,0.02
88,L14,#35,GW252/13600,(3)待机状态,3,2025-11-23 13:16:49,2025-11-23 13:17:33,44,0.01
89,L14,#35,GW252/13600,(2)停机状态,2,2025-11-23 13:07:25,2025-11-23 13:16:49,564,0.16
90,L14,#35,GW252/13600,(1)停机过程,1,2025-11-23 13:06:17,2025-11-23 13:07:25,68,0.02
91,L14,#35,GW252/13600,(5)发电状态,5,2025-11-23 12:53:52,2025-11-23 13:06:17,745,0.21
92,L14,#35,GW252/13600,(4)启机状态,4,2025-11-23 12:52:53,2025-11-23 12:53:52,59,0.02
93,L14,#35,GW252/13600,(3)待机状态,3,2025-11-23 12:52:10,2025-11-23 12:52:53,43,0.01
94,L14,#35,GW252/13600,(2)停机状态,2,2025-11-23 12:48:45,2025-11-23 12:52:10,205,0.06
95,L14,#35,GW252/13600,(1)停机过程,1,2025-11-23 12:47:28,2025-11-23 12:48:45,77,0.02
96,L14,#35,GW252/13600,(5)发电状态,5,2025-11-22 13:22:58,2025-11-23 12:47:28,84270,23.41
97,L14,#35,GW252/13600,(4)启机状态,4,2025-11-22 13:22:15,2025-11-22 13:22:58,43,0.01
98,L14,#35,GW252/13600,(3)待机状态,3,2025-11-22 13:21:40,2025-11-22 13:22:15,35,0.01
99,L14,#35,GW252/13600,(2)停机状态,2,2025-11-22 11:59:20,2025-11-22 13:21:40,4940,1.37
100,L14,#35,GW252/13600,(1)停机过程,1,2025-11-22 11:58:26,2025-11-22 11:59:20,54,0.02
101,L14,#35,GW252/13600,(5)发电状态,5,2025-11-22 11:50:20,2025-11-22 11:58:26,486,0.14
102,L14,#35,GW252/13600,(4)启机状态,4,2025-11-22 11:49:39,2025-11-22 11:50:20,41,0.01
103,L14,#35,GW252/13600,(3)待机状态,3,2025-11-22 11:49:02,2025-11-22 11:49:39,37,0.01
104,L14,#35,GW252/13600,(2)停机状态,2,2025-11-22 11:14:08,2025-11-22 11:49:02,2094,0.58
105,L14,#35,GW252/13600,(1)停机过程,1,2025-11-22 11:13:10,2025-11-22 11:14:08,58,0.02
106,L14,#35,GW252/13600,(5)发电状态,5,2025-11-21 14:14:18,2025-11-22 11:13:10,75532,20.98
107,L14,#35,GW252/13600,(4)启机状态,4,2025-11-21 14:13:32,2025-11-21 14:14:18,46,0.01
108,L14,#35,GW252/13600,(3)待机状态,3,2025-11-21 14:12:50,2025-11-21 14:13:32,42,0.01
109,L14,#35,GW252/13600,(2)停机状态,2,2025-11-21 13:45:22,2025-11-21 14:12:50,1648,0.46
110,L14,#35,GW252/13600,(1)停机过程,1,2025-11-21 13:44:25,2025-11-21 13:45:22,57,0.02
111,L14,#35,GW252/13600,(5)发电状态,5,2025-11-21 13:38:01,2025-11-21 13:44:25,384,0.11
112,L14,#35,GW252/13600,(4)启机状态,4,2025-11-21 13:37:09,2025-11-21 13:38:01,52,0.01
113,L14,#35,GW252/13600,(3)待机状态,3,2025-11-21 13:36:30,2025-11-21 13:37:09,39,0.01
114,L14,#35,GW252/13600,(2)停机状态,2,2025-11-21 13:27:21,2025-11-21 13:36:30,549,0.15
115,L14,#35,GW252/13600,(1)停机过程,1,2025-11-21 13:26:20,2025-11-21 13:27:21,61,0.02
116,L14,#35,GW252/13600,(5)发电状态,5,2025-11-17 20:04:53,2025-11-21 13:26:20,321687,89.36
117,L14,#35,GW252/13600,(4)启机状态,4,2025-11-17 20:03:13,2025-11-17 20:04:53,100,0.03
118,L14,#35,GW252/13600,(3)待机状态,3,2025-11-17 20:02:14,2025-11-17 20:03:13,59,0.02
119,L14,#35,GW252/13600,(2)停机状态,2,2025-11-17 19:42:36,2025-11-17 20:02:14,1178,0.33
120,L14,#35,GW252/13600,(1)停机过程,1,2025-11-17 19:41:33,2025-11-17 19:42:36,63,0.02
121,L14,#35,GW252/13600,(5)发电状态,5,2025-11-16 13:59:38,2025-11-17 19:41:33,106915,29.7
122,L14,#35,GW252/13600,(4)启机状态,4,2025-11-16 13:58:58,2025-11-16 13:59:38,40,0.01
123,L14,#35,GW252/13600,(3)待机状态,3,2025-11-16 13:58:23,2025-11-16 13:58:58,35,0.01
124,L14,#35,GW252/13600,(2)停机状态,2,2025-11-16 13:45:54,2025-11-16 13:58:23,749,0.21
125,L14,#35,GW252/13600,(1)停机过程,1,2025-11-16 13:45:00,2025-11-16 13:45:54,54,0.02
126,L14,#35,GW252/13600,(5)发电状态,5,2025-11-15 13:21:46,2025-11-16 13:45:00,87794,24.39
127,L14,#35,GW252/13600,(4)启机状态,4,2025-11-15 13:21:05,2025-11-15 13:21:46,41,0.01
128,L14,#35,GW252/13600,(3)待机状态,3,2025-11-15 13:20:30,2025-11-15 13:21:05,35,0.01
129,L14,#35,GW252/13600,(2)停机状态,2,2025-11-15 11:52:44,2025-11-15 13:20:30,5266,1.46
130,L14,#35,GW252/13600,(1)停机过程,1,2025-11-15 11:51:49,2025-11-15 11:52:44,55,0.02
131,L14,#35,GW252/13600,(5)发电状态,5,2025-11-13 19:29:20,2025-11-15 11:51:49,145349,40.37
132,L14,#35,GW252/13600,(4)启机状态,4,2025-11-13 19:27:07,2025-11-13 19:29:20,133,0.04
133,L14,#35,GW252/13600,(3)待机状态,3,2025-11-13 18:25:52,2025-11-13 19:27:07,3675,1.02
134,L14,#35,GW252/13600,(2)停机状态,2,2025-11-13 18:24:09,2025-11-13 18:25:52,103,0.03
135,L14,#35,GW252/13600,(1)停机过程,1,2025-11-13 18:23:59,2025-11-13 18:24:09,10,0
136,L14,#35,GW252/13600,(9)维护状态,9,2025-11-13 17:16:29,2025-11-13 18:23:59,4050,1.13
137,L14,#35,GW252/13600,(2)停机状态,2,2025-11-13 17:02:49,2025-11-13 17:16:29,820,0.23
138,L14,#35,GW252/13600,(1)停机过程,1,2025-11-13 17:02:02,2025-11-13 17:02:49,47,0.01
139,L14,#35,GW252/13600,(5)发电状态,5,2025-11-13 16:59:14,2025-11-13 17:02:02,168,0.05
140,L14,#35,GW252/13600,(4)启机状态,4,2025-11-13 16:56:44,2025-11-13 16:59:14,150,0.04
141,L14,#35,GW252/13600,(3)待机状态,3,2025-11-13 16:31:21,2025-11-13 16:56:44,1523,0.42
142,L14,#35,GW252/13600,(2)停机状态,2,2025-11-13 16:31:19,2025-11-13 16:31:21,2,0
143,L14,#35,GW252/13600,(1)停机过程,1,2025-11-13 16:30:23,2025-11-13 16:31:19,56,0.02
144,L14,#35,GW252/13600,(5)发电状态,5,2025-11-12 21:04:04,2025-11-13 16:30:23,69979,19.44
145,L14,#35,GW252/13600,(4)启机状态,4,2025-11-12 21:00:11,2025-11-12 21:04:04,233,0.06
146,L14,#35,GW252/13600,(3)待机状态,3,2025-11-12 15:55:07,2025-11-12 21:00:11,18304,5.08
147,L14,#35,GW252/13600,(2)停机状态,2,2025-11-12 15:53:40,2025-11-12 15:55:07,87,0.02
148,L14,#35,GW252/13600,(1)停机过程,1,2025-11-12 15:52:45,2025-11-12 15:53:40,55,0.02
149,L14,#35,GW252/13600,(5)发电状态,5,2025-11-12 14:13:55,2025-11-12 15:52:45,5930,1.65
150,L14,#35,GW252/13600,(4)启机状态,4,2025-11-12 14:10:18,2025-11-12 14:13:55,217,0.06
151,L14,#35,GW252/13600,(3)待机状态,3,2025-11-12 13:21:11,2025-11-12 14:10:18,2947,0.82
152,L14,#35,GW252/13600,(2)停机状态,2,2025-11-12 12:44:30,2025-11-12 13:21:11,2201,0.61
153,L14,#35,GW252/13600,(1)停机过程,1,2025-11-12 12:43:34,2025-11-12 12:44:30,56,0.02
154,L14,#35,GW252/13600,(5)发电状态,5,2025-11-11 15:44:02,2025-11-12 12:43:34,75572,20.99
155,L14,#35,GW252/13600,(4)启机状态,4,2025-11-11 15:42:20,2025-11-11 15:44:02,102,0.03
156,L14,#35,GW252/13600,(3)待机状态,3,2025-11-11 15:38:04,2025-11-11 15:42:20,256,0.07
157,L14,#35,GW252/13600,(2)停机状态,2,2025-11-11 14:47:23,2025-11-11 15:38:04,3041,0.84
158,L14,#35,GW252/13600,(1)停机过程,1,2025-11-11 14:46:23,2025-11-11 14:47:23,60,0.02
159,L14,#35,GW252/13600,(5)发电状态,5,2025-11-10 20:19:45,2025-11-11 14:46:23,66398,18.44
160,L14,#35,GW252/13600,(4)启机状态,4,2025-11-10 20:16:58,2025-11-10 20:19:45,167,0.05
161,L14,#35,GW252/13600,(3)待机状态,3,2025-11-10 19:27:41,2025-11-10 20:16:58,2957,0.82
162,L14,#35,GW252/13600,(2)停机状态,2,2025-11-10 18:29:49,2025-11-10 19:27:41,3472,0.96
163,L14,#35,GW252/13600,(1)停机过程,1,2025-11-10 18:28:53,2025-11-10 18:29:49,56,0.02
164,L14,#35,GW252/13600,(5)发电状态,5,2025-11-09 21:45:14,2025-11-10 18:28:53,74619,20.73
165,L14,#35,GW252/13600,(4)启机状态,4,2025-11-09 21:43:53,2025-11-09 21:45:14,81,0.02
166,L14,#35,GW252/13600,(3)待机状态,3,2025-11-09 17:23:31,2025-11-09 21:43:53,15622,4.34
167,L14,#35,GW252/13600,(2)停机状态,2,2025-11-09 16:46:51,2025-11-09 17:23:31,2200,0.61
168,L14,#35,GW252/13600,(1)停机过程,1,2025-11-09 16:45:55,2025-11-09 16:46:51,56,0.02
169,L14,#35,GW252/13600,(5)发电状态,5,2025-11-09 15:42:40,2025-11-09 16:45:55,3795,1.05
170,L14,#35,GW252/13600,(4)启机状态,4,2025-11-09 15:39:14,2025-11-09 15:42:40,206,0.06
171,L14,#35,GW252/13600,(3)待机状态,3,2025-11-09 14:12:16,2025-11-09 15:39:14,5218,1.45
172,L14,#35,GW252/13600,(2)停机状态,2,2025-11-09 13:34:37,2025-11-09 14:12:16,2259,0.63
173,L14,#35,GW252/13600,(1)停机过程,1,2025-11-09 13:33:41,2025-11-09 13:34:37,56,0.02
174,L14,#35,GW252/13600,(5)发电状态,5,2025-11-09 11:59:08,2025-11-09 13:33:41,5673,1.58
175,L14,#35,GW252/13600,(4)启机状态,4,2025-11-09 11:57:43,2025-11-09 11:59:08,85,0.02
176,L14,#35,GW252/13600,(3)待机状态,3,2025-11-09 11:56:39,2025-11-09 11:57:43,64,0.02
177,L14,#35,GW252/13600,(2)停机状态,2,2025-11-09 11:49:35,2025-11-09 11:56:39,424,0.12
178,L14,#35,GW252/13600,(1)停机过程,1,2025-11-09 11:48:31,2025-11-09 11:49:35,64,0.02
179,L14,#35,GW252/13600,(5)发电状态,5,2025-11-09 10:06:15,2025-11-09 11:48:31,6136,1.7
180,L14,#35,GW252/13600,(4)启机状态,4,2025-11-09 10:04:15,2025-11-09 10:06:15,120,0.03
181,L14,#35,GW252/13600,(3)待机状态,3,2025-11-09 09:58:26,2025-11-09 10:04:15,349,0.1
182,L14,#35,GW252/13600,(2)停机状态,2,2025-11-09 09:31:57,2025-11-09 09:58:26,1589,0.44
183,L14,#35,GW252/13600,(1)停机过程,1,2025-11-09 09:31:00,2025-11-09 09:31:57,57,0.02
184,L14,#35,GW252/13600,(5)发电状态,5,2025-11-05 13:52:42,2025-11-09 09:31:00,329898,91.64
185,L14,#35,GW252/13600,(4)启机状态,4,2025-11-05 13:51:54,2025-11-05 13:52:42,48,0.01
186,L14,#35,GW252/13600,(3)待机状态,3,2025-11-05 13:51:14,2025-11-05 13:51:54,40,0.01
187,L14,#35,GW252/13600,(2)停机状态,2,2025-11-05 13:45:39,2025-11-05 13:51:14,335,0.09
188,L14,#35,GW252/13600,(1)停机过程,1,2025-11-05 13:44:14,2025-11-05 13:45:39,85,0.02
189,L14,#35,GW252/13600,(5)发电状态,5,2025-10-29 13:44:06,2025-11-05 13:44:14,604808,168
190,L14,#35,GW252/13600,(4)启机状态,4,2025-10-29 13:43:31,2025-10-29 13:44:06,35,0.01
191,L14,#35,GW252/13600,(3)待机状态,3,2025-10-29 13:42:55,2025-10-29 13:43:31,36,0.01
192,L14,#35,GW252/13600,(2)停机状态,2,2025-10-29 13:35:54,2025-10-29 13:42:55,421,0.12
193,L14,#35,GW252/13600,(1)停机过程,1,2025-10-29 13:35:02,2025-10-29 13:35:54,52,0.01
194,L14,#35,GW252/13600,(5)发电状态,5,2025-10-29 12:57:35,2025-10-29 13:35:02,2247,0.62
195,L14,#35,GW252/13600,(4)启机状态,4,2025-10-29 12:56:58,2025-10-29 12:57:35,37,0.01
196,L14,#35,GW252/13600,(3)待机状态,3,2025-10-29 12:56:27,2025-10-29 12:56:58,31,0.01
197,L14,#35,GW252/13600,(2)停机状态,2,2025-10-29 12:45:34,2025-10-29 12:56:27,653,0.18
198,L14,#35,GW252/13600,(1)停机过程,1,2025-10-29 12:44:41,2025-10-29 12:45:34,53,0.01
199,L14,#35,GW252/13600,(5)发电状态,5,2025-10-29 07:27:28,2025-10-29 12:44:41,19033,5.29
200,L14,#35,GW252/13600,(4)启机状态,4,2025-10-29 07:26:52,2025-10-29 07:27:28,36,0.01
201,L14,#35,GW252/13600,(3)待机状态,3,2025-10-29 07:26:18,2025-10-29 07:26:52,34,0.01
202,L14,#35,GW252/13600,(2)停机状态,2,2025-10-29 07:16:05,2025-10-29 07:26:18,613,0.17
203,L14,#35,GW252/13600,(1)停机过程,1,2025-10-29 07:14:45,2025-10-29 07:16:05,80,0.02
204,L14,#35,GW252/13600,(5)发电状态,5,2025-10-29 06:07:51,2025-10-29 07:14:45,4014,1.12
205,L14,#35,GW252/13600,(4)启机状态,4,2025-10-29 06:07:16,2025-10-29 06:07:51,35,0.01
206,L14,#35,GW252/13600,(3)待机状态,3,2025-10-29 06:06:42,2025-10-29 06:07:16,34,0.01
207,L14,#35,GW252/13600,(2)停机状态,2,2025-10-29 05:57:25,2025-10-29 06:06:42,557,0.15
208,L14,#35,GW252/13600,(1)停机过程,1,2025-10-29 05:56:28,2025-10-29 05:57:25,57,0.02
209,L14,#35,GW252/13600,(5)发电状态,5,2025-10-28 13:40:05,2025-10-29 05:56:28,58583,16.27
210,L14,#35,GW252/13600,(5)发电状态,5,2025-10-28 12:28:36,2025-10-28 13:40:05,4289,1.19
211,L14,#35,GW252/13600,(4)启机状态,4,2025-10-28 12:27:59,2025-10-28 12:28:36,37,0.01
212,L14,#35,GW252/13600,(3)待机状态,3,2025-10-28 12:27:24,2025-10-28 12:27:59,35,0.01
213,L14,#35,GW252/13600,(2)停机状态,2,2025-10-28 12:15:52,2025-10-28 12:27:24,692,0.19
214,L14,#35,GW252/13600,(1)停机过程,1,2025-10-28 12:15:00,2025-10-28 12:15:52,52,0.01
215,L14,#35,GW252/13600,(5)发电状态,5,2025-10-28 12:00:25,2025-10-28 12:15:00,875,0.24
216,L14,#35,GW252/13600,(4)启机状态,4,2025-10-28 11:59:47,2025-10-28 12:00:25,38,0.01
217,L14,#35,GW252/13600,(3)待机状态,3,2025-10-28 11:59:10,2025-10-28 11:59:47,37,0.01
218,L14,#35,GW252/13600,(2)停机状态,2,2025-10-28 11:46:07,2025-10-28 11:59:10,783,0.22
219,L14,#35,GW252/13600,(1)停机过程,1,2025-10-28 11:45:14,2025-10-28 11:46:07,53,0.01
220,L14,#35,GW252/13600,(5)发电状态,5,2025-10-28 09:28:36,2025-10-28 11:45:14,8198,2.28
221,L14,#35,GW252/13600,(4)启机状态,4,2025-10-28 09:27:58,2025-10-28 09:28:36,38,0.01
222,L14,#35,GW252/13600,(3)待机状态,3,2025-10-28 09:27:25,2025-10-28 09:27:58,33,0.01
223,L14,#35,GW252/13600,(2)停机状态,2,2025-10-28 09:00:13,2025-10-28 09:27:25,1632,0.45
224,L14,#35,GW252/13600,(1)停机过程,1,2025-10-28 08:59:19,2025-10-28 09:00:13,54,0.02
225,L14,#35,GW252/13600,(5)发电状态,5,2025-10-24 13:27:32,2025-10-28 08:59:19,329507,91.53
226,L14,#35,GW252/13600,(4)启机状态,4,2025-10-24 13:26:51,2025-10-24 13:27:32,41,0.01
227,L14,#35,GW252/13600,(3)待机状态,3,2025-10-24 13:26:15,2025-10-24 13:26:51,36,0.01
228,L14,#35,GW252/13600,(2)停机状态,2,2025-10-24 13:16:52,2025-10-24 13:26:15,563,0.16
229,L14,#35,GW252/13600,(1)停机过程,1,2025-10-24 13:15:35,2025-10-24 13:16:52,77,0.02
230,L14,#35,GW252/13600,(5)发电状态,5,2025-10-24 13:02:52,2025-10-24 13:15:35,763,0.21
231,L14,#35,GW252/13600,(4)启机状态,4,2025-10-24 13:02:13,2025-10-24 13:02:52,39,0.01
232,L14,#35,GW252/13600,(3)待机状态,3,2025-10-24 13:01:37,2025-10-24 13:02:13,36,0.01
233,L14,#35,GW252/13600,(2)停机状态,2,2025-10-24 12:56:34,2025-10-24 13:01:37,303,0.08
234,L14,#35,GW252/13600,(1)停机过程,1,2025-10-24 12:55:37,2025-10-24 12:56:34,57,0.02
235,L14,#35,GW252/13600,(5)发电状态,5,2025-10-24 12:52:36,2025-10-24 12:55:37,181,0.05
236,L14,#35,GW252/13600,(4)启机状态,4,2025-10-24 12:51:55,2025-10-24 12:52:36,41,0.01
237,L14,#35,GW252/13600,(3)待机状态,3,2025-10-24 12:51:22,2025-10-24 12:51:55,33,0.01
238,L14,#35,GW252/13600,(2)停机状态,2,2025-10-24 12:41:46,2025-10-24 12:51:22,576,0.16
239,L14,#35,GW252/13600,(1)停机过程,1,2025-10-24 12:40:36,2025-10-24 12:41:46,70,0.02
240,L14,#35,GW252/13600,(5)发电状态,5,2025-10-23 14:59:27,2025-10-24 12:40:36,78069,21.69
241,L14,#35,GW252/13600,(4)启机状态,4,2025-10-23 14:58:51,2025-10-23 14:59:27,36,0.01
242,L14,#35,GW252/13600,(3)待机状态,3,2025-10-23 14:58:17,2025-10-23 14:58:51,34,0.01
243,L14,#35,GW252/13600,(2)停机状态,2,2025-10-23 14:43:33,2025-10-23 14:58:17,884,0.25
244,L14,#35,GW252/13600,(1)停机过程,1,2025-10-23 14:42:42,2025-10-23 14:43:33,51,0.01
245,L14,#35,GW252/13600,(5)发电状态,5,2025-10-23 13:28:04,2025-10-23 14:42:42,4478,1.24
246,L14,#35,GW252/13600,(4)启机状态,4,2025-10-23 13:27:27,2025-10-23 13:28:04,37,0.01
247,L14,#35,GW252/13600,(3)待机状态,3,2025-10-23 13:26:55,2025-10-23 13:27:27,32,0.01
248,L14,#35,GW252/13600,(2)停机状态,2,2025-10-23 13:16:47,2025-10-23 13:26:55,608,0.17
249,L14,#35,GW252/13600,(1)停机过程,1,2025-10-23 13:15:51,2025-10-23 13:16:47,56,0.02
250,L14,#35,GW252/13600,(5)发电状态,5,2025-10-23 06:58:27,2025-10-23 13:15:51,22644,6.29
251,L14,#35,GW252/13600,(4)启机状态,4,2025-10-23 06:57:54,2025-10-23 06:58:27,33,0.01
252,L14,#35,GW252/13600,(3)待机状态,3,2025-10-23 06:57:21,2025-10-23 06:57:54,33,0.01
253,L14,#35,GW252/13600,(2)停机状态,2,2025-10-23 06:42:54,2025-10-23 06:57:21,867,0.24
254,L14,#35,GW252/13600,(1)停机过程,1,2025-10-23 06:42:04,2025-10-23 06:42:54,50,0.01
255,L14,#35,GW252/13600,(5)发电状态,5,2025-10-23 05:33:29,2025-10-23 06:42:04,4115,1.14
256,L14,#35,GW252/13600,(4)启机状态,4,2025-10-23 05:32:53,2025-10-23 05:33:29,36,0.01
257,L14,#35,GW252/13600,(3)待机状态,3,2025-10-23 05:32:21,2025-10-23 05:32:53,32,0.01
258,L14,#35,GW252/13600,(2)停机状态,2,2025-10-23 05:23:19,2025-10-23 05:32:21,542,0.15
259,L14,#35,GW252/13600,(1)停机过程,1,2025-10-23 05:22:30,2025-10-23 05:23:19,49,0.01
260,L14,#35,GW252/13600,(5)发电状态,5,2025-10-23 05:18:52,2025-10-23 05:22:30,218,0.06
261,L14,#35,GW252/13600,(4)启机状态,4,2025-10-23 05:18:20,2025-10-23 05:18:52,32,0.01
262,L14,#35,GW252/13600,(3)待机状态,3,2025-10-23 05:17:48,2025-10-23 05:18:20,32,0.01
263,L14,#35,GW252/13600,(2)停机状态,2,2025-10-23 05:13:30,2025-10-23 05:17:48,258,0.07
264,L14,#35,GW252/13600,(1)停机过程,1,2025-10-23 05:12:39,2025-10-23 05:13:30,51,0.01
265,L14,#35,GW252/13600,(5)发电状态,5,2025-10-23 04:23:05,2025-10-23 05:12:39,2974,0.83
266,L14,#35,GW252/13600,(4)启机状态,4,2025-10-23 04:22:33,2025-10-23 04:23:05,32,0.01
267,L14,#35,GW252/13600,(3)待机状态,3,2025-10-23 04:22:00,2025-10-23 04:22:33,33,0.01
268,L14,#35,GW252/13600,(2)停机状态,2,2025-10-23 03:59:36,2025-10-23 04:22:00,1344,0.37
269,L14,#35,GW252/13600,(1)停机过程,1,2025-10-23 03:58:44,2025-10-23 03:59:36,52,0.01
270,L14,#35,GW252/13600,(5)发电状态,5,2025-10-22 20:37:19,2025-10-23 03:58:44,26485,7.36
271,L14,#35,GW252/13600,(4)启机状态,4,2025-10-22 20:36:46,2025-10-22 20:37:19,33,0.01
272,L14,#35,GW252/13600,(3)待机状态,3,2025-10-22 20:36:17,2025-10-22 20:36:46,29,0.01
273,L14,#35,GW252/13600,(2)停机状态,2,2025-10-22 20:22:57,2025-10-22 20:36:17,800,0.22
274,L14,#35,GW252/13600,(1)停机过程,1,2025-10-22 20:22:02,2025-10-22 20:22:57,55,0.02
275,L14,#35,GW252/13600,(5)发电状态,5,2025-10-22 20:02:45,2025-10-22 20:22:02,1157,0.32
276,L14,#35,GW252/13600,(4)启机状态,4,2025-10-22 20:02:12,2025-10-22 20:02:45,33,0.01
277,L14,#35,GW252/13600,(3)待机状态,3,2025-10-22 20:01:42,2025-10-22 20:02:12,30,0.01
278,L14,#35,GW252/13600,(2)停机状态,2,2025-10-22 19:21:38,2025-10-22 20:01:42,2404,0.67
279,L14,#35,GW252/13600,(1)停机过程,1,2025-10-22 19:20:39,2025-10-22 19:21:38,59,0.02
280,L14,#35,GW252/13600,(5)发电状态,5,2025-10-22 16:07:28,2025-10-22 19:20:39,11591,3.22
281,L14,#35,GW252/13600,(4)启机状态,4,2025-10-22 16:06:57,2025-10-22 16:07:28,31,0.01
282,L14,#35,GW252/13600,(3)待机状态,3,2025-10-22 16:06:24,2025-10-22 16:06:57,33,0.01
283,L14,#35,GW252/13600,(2)停机状态,2,2025-10-22 16:01:55,2025-10-22 16:06:24,269,0.07
284,L14,#35,GW252/13600,(1)停机过程,1,2025-10-22 16:00:35,2025-10-22 16:01:55,80,0.02
285,L14,#35,GW252/13600,(5)发电状态,5,2025-10-22 13:12:36,2025-10-22 16:00:35,10079,2.8
286,L14,#35,GW252/13600,(4)启机状态,4,2025-10-22 13:12:06,2025-10-22 13:12:36,30,0.01
287,L14,#35,GW252/13600,(3)待机状态,3,2025-10-22 13:11:33,2025-10-22 13:12:06,33,0.01
288,L14,#35,GW252/13600,(2)停机状态,2,2025-10-22 12:57:06,2025-10-22 13:11:33,867,0.24
289,L14,#35,GW252/13600,(1)停机过程,1,2025-10-22 12:56:17,2025-10-22 12:57:06,49,0.01
290,L14,#35,GW252/13600,(5)发电状态,5,2025-10-22 10:57:55,2025-10-22 12:56:17,7102,1.97
291,L14,#35,GW252/13600,(4)启机状态,4,2025-10-22 10:57:19,2025-10-22 10:57:55,36,0.01
292,L14,#35,GW252/13600,(3)待机状态,3,2025-10-22 10:56:50,2025-10-22 10:57:19,29,0.01
293,L14,#35,GW252/13600,(2)停机状态,2,2025-10-22 08:46:59,2025-10-22 10:56:50,7791,2.16
294,L14,#35,GW252/13600,(1)停机过程,1,2025-10-22 08:46:10,2025-10-22 08:46:59,49,0.01
295,L14,#35,GW252/13600,(5)发电状态,5,2025-10-22 07:27:10,2025-10-22 08:46:10,4740,1.32
296,L14,#35,GW252/13600,(4)启机状态,4,2025-10-22 07:26:40,2025-10-22 07:27:10,30,0.01
297,L14,#35,GW252/13600,(3)待机状态,3,2025-10-22 07:26:09,2025-10-22 07:26:40,31,0.01
298,L14,#35,GW252/13600,(2)停机状态,2,2025-10-22 07:21:13,2025-10-22 07:26:09,296,0.08
299,L14,#35,GW252/13600,(1)停机过程,1,2025-10-22 07:20:24,2025-10-22 07:21:13,49,0.01
300,L14,#35,GW252/13600,(5)发电状态,5,2025-10-22 06:13:03,2025-10-22 07:20:24,4041,1.12
301,L14,#35,GW252/13600,(4)启机状态,4,2025-10-22 06:12:30,2025-10-22 06:13:03,33,0.01
302,L14,#35,GW252/13600,(3)待机状态,3,2025-10-22 06:12:00,2025-10-22 06:12:30,30,0.01
303,L14,#35,GW252/13600,(2)停机状态,2,2025-10-22 05:57:12,2025-10-22 06:12:00,888,0.25
304,L14,#35,GW252/13600,(1)停机过程,1,2025-10-22 05:56:22,2025-10-22 05:57:12,50,0.01
305,L14,#35,GW252/13600,(5)发电状态,5,2025-10-22 04:06:14,2025-10-22 05:56:22,6608,1.84
306,L14,#35,GW252/13600,(4)启机状态,4,2025-10-22 04:05:42,2025-10-22 04:06:14,32,0.01
307,L14,#35,GW252/13600,(3)待机状态,3,2025-10-22 04:05:13,2025-10-22 04:05:42,29,0.01
308,L14,#35,GW252/13600,(2)停机状态,2,2025-10-22 00:03:36,2025-10-22 04:05:13,14497,4.03
309,L14,#35,GW252/13600,(1)停机过程,1,2025-10-22 00:02:40,2025-10-22 00:03:36,56,0.02
310,L14,#35,GW252/13600,(5)发电状态,5,2025-10-21 23:25:20,2025-10-22 00:02:40,2240,0.62
311,L14,#35,GW252/13600,(4)启机状态,4,2025-10-21 23:24:50,2025-10-21 23:25:20,30,0.01
312,L14,#35,GW252/13600,(3)待机状态,3,2025-10-21 23:24:19,2025-10-21 23:24:50,31,0.01
313,L14,#35,GW252/13600,(2)停机状态,2,2025-10-21 22:28:45,2025-10-21 23:24:19,3334,0.93
314,L14,#35,GW252/13600,(1)停机过程,1,2025-10-21 22:27:52,2025-10-21 22:28:45,53,0.01
315,L14,#35,GW252/13600,(5)发电状态,5,2025-10-21 22:12:22,2025-10-21 22:27:52,930,0.26
316,L14,#35,GW252/13600,(4)启机状态,4,2025-10-21 22:11:54,2025-10-21 22:12:22,28,0.01
317,L14,#35,GW252/13600,(3)待机状态,3,2025-10-21 22:11:22,2025-10-21 22:11:54,32,0.01
318,L14,#35,GW252/13600,(2)停机状态,2,2025-10-21 21:15:59,2025-10-21 22:11:22,3323,0.92
319,L14,#35,GW252/13600,(1)停机过程,1,2025-10-21 21:14:52,2025-10-21 21:15:59,67,0.02
320,L14,#35,GW252/13600,(5)发电状态,5,2025-10-21 21:02:21,2025-10-21 21:14:52,751,0.21
321,L14,#35,GW252/13600,(4)启机状态,4,2025-10-21 21:01:50,2025-10-21 21:02:21,31,0.01
322,L14,#35,GW252/13600,(3)待机状态,3,2025-10-21 21:01:17,2025-10-21 21:01:50,33,0.01
323,L14,#35,GW252/13600,(2)停机状态,2,2025-10-21 20:57:17,2025-10-21 21:01:17,240,0.07
324,L14,#35,GW252/13600,(1)停机过程,1,2025-10-21 20:56:08,2025-10-21 20:57:17,69,0.02
325,L14,#35,GW252/13600,(5)发电状态,5,2025-10-21 20:52:28,2025-10-21 20:56:08,220,0.06
326,L14,#35,GW252/13600,(4)启机状态,4,2025-10-21 20:51:58,2025-10-21 20:52:28,30,0.01
327,L14,#35,GW252/13600,(3)待机状态,3,2025-10-21 20:51:26,2025-10-21 20:51:58,32,0.01
328,L14,#35,GW252/13600,(2)停机状态,2,2025-10-21 20:46:57,2025-10-21 20:51:26,269,0.07
329,L14,#35,GW252/13600,(1)停机过程,1,2025-10-21 20:46:01,2025-10-21 20:46:57,56,0.02
330,L14,#35,GW252/13600,(5)发电状态,5,2025-10-21 17:17:25,2025-10-21 20:46:01,12516,3.48
331,L14,#35,GW252/13600,(4)启机状态,4,2025-10-21 17:16:53,2025-10-21 17:17:25,32,0.01
332,L14,#35,GW252/13600,(3)待机状态,3,2025-10-21 17:16:21,2025-10-21 17:16:53,32,0.01
333,L14,#35,GW252/13600,(2)停机状态,2,2025-10-21 17:01:40,2025-10-21 17:16:21,881,0.24
334,L14,#35,GW252/13600,(1)停机过程,1,2025-10-21 17:00:41,2025-10-21 17:01:40,59,0.02
335,L14,#35,GW252/13600,(5)发电状态,5,2025-10-21 09:47:14,2025-10-21 17:00:41,26007,7.22
336,L14,#35,GW252/13600,(4)启机状态,4,2025-10-21 09:46:45,2025-10-21 09:47:14,29,0.01
337,L14,#35,GW252/13600,(3)待机状态,3,2025-10-21 09:46:12,2025-10-21 09:46:45,33,0.01
338,L14,#35,GW252/13600,(2)停机状态,2,2025-10-21 09:45:16,2025-10-21 09:46:12,56,0.02
339,L14,#35,GW252/13600,(1)停机过程,1,2025-10-21 09:44:22,2025-10-21 09:45:16,54,0.02
340,L14,#35,GW252/13600,(5)发电状态,5,2025-10-21 04:44:35,2025-10-21 09:44:22,17987,5
341,L14,#35,GW252/13600,(4)启机状态,4,2025-10-21 04:44:03,2025-10-21 04:44:35,32,0.01
342,L14,#35,GW252/13600,(3)待机状态,3,2025-10-21 04:43:33,2025-10-21 04:44:03,30,0.01
343,L14,#35,GW252/13600,(2)停机状态,2,2025-10-21 03:49:40,2025-10-21 04:43:33,3233,0.9
344,L14,#35,GW252/13600,(1)停机过程,1,2025-10-21 03:48:50,2025-10-21 03:49:40,50,0.01
345,L14,#35,GW252/13600,(5)发电状态,5,2025-10-20 23:16:29,2025-10-21 03:48:50,16341,4.54
346,L14,#35,GW252/13600,(4)启机状态,4,2025-10-20 23:15:57,2025-10-20 23:16:29,32,0.01
347,L14,#35,GW252/13600,(3)待机状态,3,2025-10-20 23:15:26,2025-10-20 23:15:57,31,0.01
348,L14,#35,GW252/13600,(2)停机状态,2,2025-10-20 22:55:16,2025-10-20 23:15:26,1210,0.34
349,L14,#35,GW252/13600,(1)停机过程,1,2025-10-20 22:54:27,2025-10-20 22:55:16,49,0.01
350,L14,#35,GW252/13600,(5)发电状态,5,2025-10-20 21:28:00,2025-10-20 22:54:27,5187,1.44
351,L14,#35,GW252/13600,(4)启机状态,4,2025-10-20 21:27:30,2025-10-20 21:28:00,30,0.01
352,L14,#35,GW252/13600,(3)待机状态,3,2025-10-20 21:26:58,2025-10-20 21:27:30,32,0.01
353,L14,#35,GW252/13600,(2)停机状态,2,2025-10-20 21:14:24,2025-10-20 21:26:58,754,0.21
354,L14,#35,GW252/13600,(1)停机过程,1,2025-10-20 21:13:32,2025-10-20 21:14:24,52,0.01
355,L14,#35,GW252/13600,(5)发电状态,5,2025-10-20 19:58:16,2025-10-20 21:13:32,4516,1.25
356,L14,#35,GW252/13600,(4)启机状态,4,2025-10-20 19:57:42,2025-10-20 19:58:16,34,0.01
357,L14,#35,GW252/13600,(3)待机状态,3,2025-10-20 19:57:09,2025-10-20 19:57:42,33,0.01
358,L14,#35,GW252/13600,(2)停机状态,2,2025-10-20 19:41:56,2025-10-20 19:57:09,913,0.25
359,L14,#35,GW252/13600,(1)停机过程,1,2025-10-20 19:41:04,2025-10-20 19:41:56,52,0.01
360,L14,#35,GW252/13600,(5)发电状态,5,2025-10-20 17:20:55,2025-10-20 19:41:04,8409,2.34
361,L14,#35,GW252/13600,(4)启机状态,4,2025-10-20 17:20:19,2025-10-20 17:20:55,36,0.01
362,L14,#35,GW252/13600,(3)待机状态,3,2025-10-20 17:19:44,2025-10-20 17:20:19,35,0.01
363,L14,#35,GW252/13600,(2)停机状态,2,2025-10-20 17:19:43,2025-10-20 17:19:44,1,0
364,L14,#35,GW252/13600,(1)停机过程,1,2025-10-20 17:19:33,2025-10-20 17:19:43,10,0
365,L14,#35,GW252/13600,(9)维护状态,9,2025-10-20 17:18:12,2025-10-20 17:19:33,81,0.02
366,L14,#35,GW252/13600,(2)停机状态,2,2025-10-20 17:01:11,2025-10-20 17:18:12,1021,0.28
367,L14,#35,GW252/13600,(0)初始化,0,2025-10-20 16:59:55,2025-10-20 17:01:11,76,0.02
368,L14,#35,GW252/13600,(9)维护状态,9,2025-10-20 16:58:02,2025-10-20 16:59:55,113,0.03
369,L14,#35,GW252/13600,(2)停机状态,2,2025-10-20 16:55:39,2025-10-20 16:58:02,143,0.04
370,L14,#35,GW252/13600,(1)停机过程,1,2025-10-20 16:55:29,2025-10-20 16:55:39,10,0
371,L14,#35,GW252/13600,(9)维护状态,9,2025-10-20 16:54:41,2025-10-20 16:55:29,48,0.01
372,L14,#35,GW252/13600,(2)停机状态,2,2025-10-20 16:49:52,2025-10-20 16:54:41,289,0.08
373,L14,#35,GW252/13600,(0)初始化,0,2025-10-20 16:48:36,2025-10-20 16:49:52,76,0.02
374,L14,#35,GW252/13600,(9)维护状态,9,2025-10-20 16:37:32,2025-10-20 16:48:36,664,0.18
375,L14,#35,GW252/13600,(2)停机状态,2,2025-10-20 16:36:58,2025-10-20 16:37:32,34,0.01
376,L14,#35,GW252/13600,(1)停机过程,1,2025-10-20 16:35:55,2025-10-20 16:36:58,63,0.02
377,L14,#35,GW252/13600,(5)发电状态,5,2025-10-20 14:54:39,2025-10-20 16:35:55,6076,1.69
378,L14,#35,GW252/13600,(4)启机状态,4,2025-10-20 14:54:03,2025-10-20 14:54:39,36,0.01
379,L14,#35,GW252/13600,(3)待机状态,3,2025-10-20 14:53:31,2025-10-20 14:54:03,32,0.01
380,L14,#35,GW252/13600,(2)停机状态,2,2025-10-20 14:40:03,2025-10-20 14:53:31,808,0.22
381,L14,#35,GW252/13600,(1)停机过程,1,2025-10-20 14:39:11,2025-10-20 14:40:03,52,0.01
382,L14,#35,GW252/13600,(5)发电状态,5,2025-10-20 11:44:30,2025-10-20 14:39:11,10481,2.91
383,L14,#35,GW252/13600,(4)启机状态,4,2025-10-20 11:43:54,2025-10-20 11:44:30,36,0.01
384,L14,#35,GW252/13600,(3)待机状态,3,2025-10-20 11:43:22,2025-10-20 11:43:54,32,0.01
385,L14,#35,GW252/13600,(2)停机状态,2,2025-10-20 11:16:23,2025-10-20 11:43:22,1619,0.45
386,L14,#35,GW252/13600,(1)停机过程,1,2025-10-20 11:15:26,2025-10-20 11:16:23,57,0.02
387,L14,#35,GW252/13600,(5)发电状态,5,2025-10-18 00:28:55,2025-10-20 11:15:26,211591,58.78
388,L14,#35,GW252/13600,(4)启机状态,4,2025-10-18 00:27:49,2025-10-18 00:28:55,66,0.02
389,L14,#35,GW252/13600,(3)待机状态,3,2025-10-18 00:26:42,2025-10-18 00:27:49,67,0.02
390,L14,#35,GW252/13600,(2)停机状态,2,2025-10-18 00:26:41,2025-10-18 00:26:42,1,0
391,L14,#35,GW252/13600,(1)停机过程,1,2025-10-18 00:26:31,2025-10-18 00:26:41,10,0
392,L14,#35,GW252/13600,(9)维护状态,9,2025-10-17 21:05:57,2025-10-18 00:26:31,12034,3.34
393,L14,#35,GW252/13600,(2)停机状态,2,2025-10-16 15:33:34,2025-10-17 21:05:57,106343,29.54
394,L14,#35,GW252/13600,(1)停机过程,1,2025-10-16 15:33:23,2025-10-16 15:33:34,11,0
395,L14,#35,GW252/13600,(9)维护状态,9,2025-10-16 10:10:57,2025-10-16 15:33:23,19346,5.37
396,L14,#35,GW252/13600,(0)初始化,0,2025-10-16 10:07:57,2025-10-16 10:10:57,180,0.05
397,L14,#35,GW252/13600,(9)维护状态,9,2025-10-16 01:35:54,2025-10-16 10:07:57,30723,8.53
398,L14,#35,GW252/13600,(0)初始化,0,2025-10-16 01:32:54,2025-10-16 01:35:54,180,0.05
399,L14,#35,GW252/13600,(9)维护状态,9,2025-10-14 13:01:45,2025-10-16 01:32:54,131469,36.52
400,L14,#35,GW252/13600,(2)停机状态,2,2025-10-12 10:14:50,2025-10-14 13:01:45,182815,50.78
401,L14,#35,GW252/13600,(1)停机过程,1,2025-10-12 10:14:40,2025-10-12 10:14:50,10,0
402,L14,#35,GW252/13600,(9)维护状态,9,2025-10-12 10:14:29,2025-10-12 10:14:40,11,0
403,L14,#35,GW252/13600,(2)停机状态,2,2025-10-12 08:23:55,2025-10-12 10:14:29,6634,1.84
404,L14,#35,GW252/13600,(1)停机过程,1,2025-10-12 08:23:46,2025-10-12 08:23:55,9,0
405,L14,#35,GW252/13600,(9)维护状态,9,2025-10-11 16:36:06,2025-10-12 08:23:46,56860,15.79
406,L14,#35,GW252/13600,(1)停机过程,1,2025-10-11 16:35:56,2025-10-11 16:36:06,10,0
407,L14,#35,GW252/13600,(9)维护状态,9,2025-10-11 16:07:37,2025-10-11 16:35:56,1699,0.47
408,L14,#35,GW252/13600,(1)停机过程,1,2025-10-11 16:07:36,2025-10-11 16:07:37,1,0
409,L14,#35,GW252/13600,(9)维护状态,9,2025-10-06 23:31:17,2025-10-11 16:07:36,405379,112.61
410,L14,#35,GW252/13600,(2)停机状态,2,2025-10-06 23:28:56,2025-10-06 23:31:17,141,0.04
411,L14,#35,GW252/13600,(1)停机过程,1,2025-10-06 23:28:46,2025-10-06 23:28:56,10,0
412,L14,#35,GW252/13600,(9)维护状态,9,2025-10-06 16:32:49,2025-10-06 23:28:46,24957,6.93
413,L14,#35,GW252/13600,(2)停机状态,2,2025-10-05 02:24:16,2025-10-06 16:32:49,137313,38.14
414,L14,#35,GW252/13600,(1)停机过程,1,2025-10-05 02:23:07,2025-10-05 02:24:16,69,0.02
415,L14,#35,GW252/13600,(5)发电状态,5,2025-10-05 01:57:22,2025-10-05 02:23:07,1545,0.43
416,L14,#35,GW252/13600,(4)启机状态,4,2025-10-05 01:56:52,2025-10-05 01:57:22,30,0.01
417,L14,#35,GW252/13600,(3)待机状态,3,2025-10-05 01:56:21,2025-10-05 01:56:52,31,0.01
418,L14,#35,GW252/13600,(2)停机状态,2,2025-10-05 01:49:36,2025-10-05 01:56:21,405,0.11
419,L14,#35,GW252/13600,(1)停机过程,1,2025-10-05 01:48:23,2025-10-05 01:49:36,73,0.02
420,L14,#35,GW252/13600,(5)发电状态,5,2025-10-04 18:59:54,2025-10-05 01:48:23,24509,6.81
421,L14,#35,GW252/13600,(4)启机状态,4,2025-10-04 18:59:15,2025-10-04 18:59:54,39,0.01
422,L14,#35,GW252/13600,(3)待机状态,3,2025-10-04 18:58:35,2025-10-04 18:59:15,40,0.01
423,L14,#35,GW252/13600,(2)停机状态,2,2025-10-04 18:38:58,2025-10-04 18:58:35,1177,0.33
424,L14,#35,GW252/13600,(1)停机过程,1,2025-10-04 18:37:58,2025-10-04 18:38:58,60,0.02
425,L14,#35,GW252/13600,(5)发电状态,5,2025-10-04 18:18:19,2025-10-04 18:37:58,1179,0.33
426,L14,#35,GW252/13600,(4)启机状态,4,2025-10-04 18:17:49,2025-10-04 18:18:19,30,0.01
427,L14,#35,GW252/13600,(3)待机状态,3,2025-10-04 18:17:18,2025-10-04 18:17:49,31,0.01
428,L14,#35,GW252/13600,(2)停机状态,2,2025-10-04 18:11:42,2025-10-04 18:17:18,336,0.09
429,L14,#35,GW252/13600,(1)停机过程,1,2025-10-04 18:10:45,2025-10-04 18:11:42,57,0.02
430,L14,#35,GW252/13600,(5)发电状态,5,2025-10-04 17:20:40,2025-10-04 18:10:45,3005,0.83
431,L14,#35,GW252/13600,(4)启机状态,4,2025-10-04 17:17:58,2025-10-04 17:20:40,162,0.05
432,L14,#35,GW252/13600,(3)待机状态,3,2025-10-04 17:07:23,2025-10-04 17:17:58,635,0.18
433,L14,#35,GW252/13600,(2)停机状态,2,2025-10-04 17:06:56,2025-10-04 17:07:23,27,0.01
434,L14,#35,GW252/13600,(1)停机过程,1,2025-10-04 17:06:00,2025-10-04 17:06:56,56,0.02
435,L14,#35,GW252/13600,(5)发电状态,5,2025-10-04 16:46:05,2025-10-04 17:06:00,1195,0.33
436,L14,#35,GW252/13600,(4)启机状态,4,2025-10-04 16:42:01,2025-10-04 16:46:05,244,0.07
437,L14,#35,GW252/13600,(3)待机状态,3,2025-10-04 14:46:00,2025-10-04 16:42:01,6961,1.93
438,L14,#35,GW252/13600,(2)停机状态,2,2025-10-04 14:40:23,2025-10-04 14:46:00,337,0.09
439,L14,#35,GW252/13600,(1)停机过程,1,2025-10-04 14:39:26,2025-10-04 14:40:23,57,0.02
440,L14,#35,GW252/13600,(5)发电状态,5,2025-10-04 07:57:13,2025-10-04 14:39:26,24133,6.7
441,L14,#35,GW252/13600,(4)启机状态,4,2025-10-04 07:55:27,2025-10-04 07:57:13,106,0.03
442,L14,#35,GW252/13600,(3)待机状态,3,2025-10-04 01:12:12,2025-10-04 07:55:27,24195,6.72
443,L14,#35,GW252/13600,(2)停机状态,2,2025-10-04 00:35:29,2025-10-04 01:12:12,2203,0.61
444,L14,#35,GW252/13600,(1)停机过程,1,2025-10-04 00:34:35,2025-10-04 00:35:29,54,0.02
445,L14,#35,GW252/13600,(5)发电状态,5,2025-10-03 04:08:24,2025-10-04 00:34:35,73571,20.44
446,L14,#35,GW252/13600,(4)启机状态,4,2025-10-03 04:06:54,2025-10-03 04:08:24,90,0.03
447,L14,#35,GW252/13600,(3)待机状态,3,2025-10-03 04:05:35,2025-10-03 04:06:54,79,0.02
448,L14,#35,GW252/13600,(2)停机状态,2,2025-10-03 03:14:50,2025-10-03 04:05:35,3045,0.85
449,L14,#35,GW252/13600,(1)停机过程,1,2025-10-03 03:14:40,2025-10-03 03:14:50,10,0
450,L14,#35,GW252/13600,(9)维护状态,9,2025-10-02 14:47:19,2025-10-03 03:14:40,44841,12.46
451,L14,#35,GW252/13600,(9)维护状态,9,2025-10-02 12:18:31,2025-10-02 14:47:19,8928,2.48
452,L14,#35,GW252/13600,(2)停机状态,2,2025-10-02 10:07:06,2025-10-02 12:18:31,7885,2.19
453,L14,#35,GW252/13600,(1)停机过程,1,2025-10-02 10:05:57,2025-10-02 10:07:06,69,0.02
454,L14,#35,GW252/13600,(5)发电状态,5,2025-10-02 09:29:45,2025-10-02 10:05:57,2172,0.6
455,L14,#35,GW252/13600,(4)启机状态,4,2025-10-02 09:28:15,2025-10-02 09:29:45,90,0.03
456,L14,#35,GW252/13600,(3)待机状态,3,2025-10-02 09:27:19,2025-10-02 09:28:15,56,0.02
457,L14,#35,GW252/13600,(2)停机状态,2,2025-10-02 08:48:21,2025-10-02 09:27:19,2338,0.65
458,L14,#35,GW252/13600,(1)停机过程,1,2025-10-02 08:47:20,2025-10-02 08:48:21,61,0.02
459,L14,#35,GW252/13600,(5)发电状态,5,2025-10-02 08:46:23,2025-10-02 08:47:20,57,0.02
460,L14,#35,GW252/13600,(4)启机状态,4,2025-10-02 08:44:59,2025-10-02 08:46:23,84,0.02
461,L14,#35,GW252/13600,(3)待机状态,3,2025-10-02 08:44:03,2025-10-02 08:44:59,56,0.02
462,L14,#35,GW252/13600,(2)停机状态,2,2025-10-02 08:09:03,2025-10-02 08:44:03,2100,0.58
463,L14,#35,GW252/13600,(1)停机过程,1,2025-10-02 08:08:06,2025-10-02 08:09:03,57,0.02
464,L14,#35,GW252/13600,(5)发电状态,5,2025-10-02 02:44:25,2025-10-02 08:08:06,19421,5.39
465,L14,#35,GW252/13600,(4)启机状态,4,2025-10-02 02:42:21,2025-10-02 02:44:25,124,0.03
466,L14,#35,GW252/13600,(3)待机状态,3,2025-10-02 00:58:56,2025-10-02 02:42:21,6205,1.72
467,L14,#35,GW252/13600,(2)停机状态,2,2025-10-02 00:36:21,2025-10-02 00:58:56,1355,0.38
468,L14,#35,GW252/13600,(1)停机过程,1,2025-10-02 00:35:17,2025-10-02 00:36:21,64,0.02
469,L14,#35,GW252/13600,(5)发电状态,5,2025-10-01 21:04:23,2025-10-02 00:35:17,12654,3.52
470,L14,#35,GW252/13600,(4)启机状态,4,2025-10-01 21:03:10,2025-10-01 21:04:23,73,0.02
471,L14,#35,GW252/13600,(3)待机状态,3,2025-10-01 21:02:16,2025-10-01 21:03:10,54,0.02
472,L14,#35,GW252/13600,(2)停机状态,2,2025-10-01 20:50:51,2025-10-01 21:02:16,685,0.19
473,L14,#35,GW252/13600,(1)停机过程,1,2025-10-01 20:49:47,2025-10-01 20:50:51,64,0.02
474,L14,#35,GW252/13600,(5)发电状态,5,2025-10-01 20:21:06,2025-10-01 20:49:47,1721,0.48
475,L14,#35,GW252/13600,(4)启机状态,4,2025-10-01 20:19:33,2025-10-01 20:21:06,93,0.03
476,L14,#35,GW252/13600,(3)待机状态,3,2025-10-01 20:18:01,2025-10-01 20:19:33,92,0.03
477,L14,#35,GW252/13600,(2)停机状态,2,2025-10-01 20:13:57,2025-10-01 20:18:01,244,0.07
478,L14,#35,GW252/13600,(1)停机过程,1,2025-10-01 20:12:57,2025-10-01 20:13:57,60,0.02
479,L14,#35,GW252/13600,(5)发电状态,5,2025-10-01 20:00:54,2025-10-01 20:12:57,723,0.2
480,L14,#35,GW252/13600,(4)启机状态,4,2025-10-01 19:59:09,2025-10-01 20:00:54,105,0.03
481,L14,#35,GW252/13600,(3)待机状态,3,2025-10-01 19:57:59,2025-10-01 19:59:09,70,0.02
482,L14,#35,GW252/13600,(2)停机状态,2,2025-10-01 19:23:29,2025-10-01 19:57:59,2070,0.58
483,L14,#35,GW252/13600,(1)停机过程,1,2025-10-01 19:22:29,2025-10-01 19:23:29,60,0.02
484,L14,#35,GW252/13600,(5)发电状态,5,2025-10-01 17:59:23,2025-10-01 19:22:29,4986,1.39
485,L14,#35,GW252/13600,(4)启机状态,4,2025-10-01 17:57:22,2025-10-01 17:59:23,121,0.03
486,L14,#35,GW252/13600,(3)待机状态,3,2025-09-30 10:37:15,2025-10-01 17:57:22,112807,31.34
487,L14,#35,GW252/13600,(2)停机状态,2,2025-09-30 10:37:06,2025-09-30 10:37:15,9,0
488,L14,#35,GW252/13600,(1)停机过程,1,2025-09-30 10:36:09,2025-09-30 10:37:06,57,0.02
489,L14,#35,GW252/13600,(5)发电状态,5,2025-09-30 08:17:22,2025-09-30 10:36:09,8327,2.31
490,L14,#35,GW252/13600,(4)启机状态,4,2025-09-30 08:15:50,2025-09-30 08:17:22,92,0.03
491,L14,#35,GW252/13600,(3)待机状态,3,2025-09-30 08:14:57,2025-09-30 08:15:50,53,0.01
492,L14,#35,GW252/13600,(2)停机状态,2,2025-09-30 06:54:44,2025-09-30 08:14:57,4813,1.34
493,L14,#35,GW252/13600,(1)停机过程,1,2025-09-30 06:53:43,2025-09-30 06:54:44,61,0.02
494,L14,#35,GW252/13600,(5)发电状态,5,2025-09-30 02:51:38,2025-09-30 06:53:43,14525,4.03
495,L14,#35,GW252/13600,(4)启机状态,4,2025-09-30 02:50:36,2025-09-30 02:51:38,62,0.02
496,L14,#35,GW252/13600,(3)待机状态,3,2025-09-30 02:49:48,2025-09-30 02:50:36,48,0.01
497,L14,#35,GW252/13600,(2)停机状态,2,2025-09-30 02:07:33,2025-09-30 02:49:48,2535,0.7
498,L14,#35,GW252/13600,(1)停机过程,1,2025-09-30 02:06:32,2025-09-30 02:07:33,61,0.02
499,L14,#35,GW252/13600,(5)发电状态,5,2025-09-25 16:39:41,2025-09-30 02:06:32,379611,105.45
500,L14,#35,GW252/13600,(4)启机状态,4,2025-09-25 16:38:56,2025-09-25 16:39:41,45,0.01
501,L14,#35,GW252/13600,(3)待机状态,3,2025-09-25 16:37:37,2025-09-25 16:38:56,79,0.02
502,L14,#35,GW252/13600,(1)停机过程,1,2025-09-25 16:37:25,2025-09-25 16:37:37,12,0
503,L14,#35,GW252/13600,(9)维护状态,9,2025-09-25 14:49:31,2025-09-25 16:37:25,6474,1.8
504,L14,#35,GW252/13600,(2)停机状态,2,2025-09-25 14:43:06,2025-09-25 14:49:31,385,0.11
505,L14,#35,GW252/13600,(0)初始化,0,2025-09-25 14:42:00,2025-09-25 14:43:06,66,0.02
506,L14,#35,GW252/13600,(9)维护状态,9,2025-09-25 14:30:01,2025-09-25 14:42:00,719,0.2
507,L14,#35,GW252/13600,(2)停机状态,2,2025-09-23 17:02:44,2025-09-25 14:30:01,163637,45.45
508,L14,#35,GW252/13600,(1)停机过程,1,2025-09-23 17:01:40,2025-09-23 17:02:44,64,0.02
509,L14,#35,GW252/13600,(5)发电状态,5,2025-09-22 22:21:24,2025-09-23 17:01:40,67216,18.67
510,L14,#35,GW252/13600,(4)启机状态,4,2025-09-22 22:19:13,2025-09-22 22:21:24,131,0.04
511,L14,#35,GW252/13600,(3)待机状态,3,2025-09-22 19:20:24,2025-09-22 22:19:13,10729,2.98
512,L14,#35,GW252/13600,(2)停机状态,2,2025-09-22 19:15:06,2025-09-22 19:20:24,318,0.09
513,L14,#35,GW252/13600,(1)停机过程,1,2025-09-22 19:14:56,2025-09-22 19:15:06,10,0
514,L14,#35,GW252/13600,(9)维护状态,9,2025-09-22 18:28:02,2025-09-22 19:14:56,2814,0.78
515,L14,#35,GW252/13600,(2)停机状态,2,2025-09-22 18:25:11,2025-09-22 18:28:02,171,0.05
516,L14,#35,GW252/13600,(1)停机过程,1,2025-09-22 18:24:14,2025-09-22 18:25:11,57,0.02
517,L14,#35,GW252/13600,(5)发电状态,5,2025-09-22 05:30:27,2025-09-22 18:24:14,46427,12.9
518,L14,#35,GW252/13600,(4)启机状态,4,2025-09-22 05:29:05,2025-09-22 05:30:27,82,0.02
519,L14,#35,GW252/13600,(3)待机状态,3,2025-09-22 05:28:04,2025-09-22 05:29:05,61,0.02
520,L14,#35,GW252/13600,(2)停机状态,2,2025-09-22 04:51:23,2025-09-22 05:28:04,2201,0.61
521,L14,#35,GW252/13600,(1)停机过程,1,2025-09-22 04:50:28,2025-09-22 04:51:23,55,0.02
522,L14,#35,GW252/13600,(5)发电状态,5,2025-09-21 17:27:31,2025-09-22 04:50:28,40977,11.38
523,L14,#35,GW252/13600,(4)启机状态,4,2025-09-21 17:26:29,2025-09-21 17:27:31,62,0.02
524,L14,#35,GW252/13600,(3)待机状态,3,2025-09-21 17:22:43,2025-09-21 17:26:29,226,0.06
525,L14,#35,GW252/13600,(2)停机状态,2,2025-09-21 17:22:41,2025-09-21 17:22:43,2,0
526,L14,#35,GW252/13600,(1)停机过程,1,2025-09-21 17:22:10,2025-09-21 17:22:41,31,0.01
527,L14,#35,GW252/13600,(3)待机状态,3,2025-09-21 17:20:39,2025-09-21 17:22:10,91,0.03
528,L14,#35,GW252/13600,(2)停机状态,2,2025-09-21 17:20:37,2025-09-21 17:20:39,2,0
529,L14,#35,GW252/13600,(1)停机过程,1,2025-09-21 17:20:06,2025-09-21 17:20:37,31,0.01
530,L14,#35,GW252/13600,(3)待机状态,3,2025-09-21 17:19:44,2025-09-21 17:20:06,22,0.01
531,L14,#35,GW252/13600,(2)停机状态,2,2025-09-21 17:19:40,2025-09-21 17:19:44,4,0
532,L14,#35,GW252/13600,(1)停机过程,1,2025-09-21 17:19:11,2025-09-21 17:19:40,29,0.01
533,L14,#35,GW252/13600,(3)待机状态,3,2025-09-21 17:18:49,2025-09-21 17:19:11,22,0.01
534,L14,#35,GW252/13600,(2)停机状态,2,2025-09-21 17:18:47,2025-09-21 17:18:49,2,0
535,L14,#35,GW252/13600,(1)停机过程,1,2025-09-21 17:18:18,2025-09-21 17:18:47,29,0.01
536,L14,#35,GW252/13600,(3)待机状态,3,2025-09-21 17:17:55,2025-09-21 17:18:18,23,0.01
537,L14,#35,GW252/13600,(1)停机过程,1,2025-09-21 17:17:25,2025-09-21 17:17:55,30,0.01
538,L14,#35,GW252/13600,(3)待机状态,3,2025-09-21 17:17:04,2025-09-21 17:17:25,21,0.01
539,L14,#35,GW252/13600,(2)停机状态,2,2025-09-21 17:17:02,2025-09-21 17:17:04,2,0
540,L14,#35,GW252/13600,(1)停机过程,1,2025-09-21 17:16:31,2025-09-21 17:17:02,31,0.01
541,L14,#35,GW252/13600,(3)待机状态,3,2025-09-21 17:16:09,2025-09-21 17:16:31,22,0.01
542,L14,#35,GW252/13600,(2)停机状态,2,2025-09-21 17:16:08,2025-09-21 17:16:09,1,0
543,L14,#35,GW252/13600,(1)停机过程,1,2025-09-21 17:15:39,2025-09-21 17:16:08,29,0.01
544,L14,#35,GW252/13600,(3)待机状态,3,2025-09-21 17:15:16,2025-09-21 17:15:39,23,0.01
545,L14,#35,GW252/13600,(2)停机状态,2,2025-09-21 17:15:14,2025-09-21 17:15:16,2,0
546,L14,#35,GW252/13600,(1)停机过程,1,2025-09-21 17:14:44,2025-09-21 17:15:14,30,0.01
547,L14,#35,GW252/13600,(3)待机状态,3,2025-09-21 17:14:23,2025-09-21 17:14:44,21,0.01
548,L14,#35,GW252/13600,(1)停机过程,1,2025-09-21 17:13:52,2025-09-21 17:14:23,31,0.01
549,L14,#35,GW252/13600,(3)待机状态,3,2025-09-21 17:13:30,2025-09-21 17:13:52,22,0.01
550,L14,#35,GW252/13600,(2)停机状态,2,2025-09-21 17:13:29,2025-09-21 17:13:30,1,0
551,L14,#35,GW252/13600,(1)停机过程,1,2025-09-21 17:12:58,2025-09-21 17:13:29,31,0.01
552,L14,#35,GW252/13600,(3)待机状态,3,2025-09-21 17:12:36,2025-09-21 17:12:58,22,0.01
553,L14,#35,GW252/13600,(2)停机状态,2,2025-09-21 17:12:34,2025-09-21 17:12:36,2,0
554,L14,#35,GW252/13600,(1)停机过程,1,2025-09-21 17:12:05,2025-09-21 17:12:34,29,0.01
555,L14,#35,GW252/13600,(3)待机状态,3,2025-09-21 17:11:42,2025-09-21 17:12:05,23,0.01
556,L14,#35,GW252/13600,(2)停机状态,2,2025-09-21 17:11:39,2025-09-21 17:11:42,3,0
557,L14,#35,GW252/13600,(1)停机过程,1,2025-09-21 17:11:09,2025-09-21 17:11:39,30,0.01
558,L14,#35,GW252/13600,(3)待机状态,3,2025-09-21 17:10:48,2025-09-21 17:11:09,21,0.01
559,L14,#35,GW252/13600,(2)停机状态,2,2025-09-21 17:10:44,2025-09-21 17:10:48,4,0
560,L14,#35,GW252/13600,(1)停机过程,1,2025-09-21 17:10:33,2025-09-21 17:10:44,11,0
561,L14,#35,GW252/13600,(9)维护状态,9,2025-09-21 16:51:27,2025-09-21 17:10:33,1146,0.32
562,L14,#35,GW252/13600,(2)停机状态,2,2025-09-21 16:46:44,2025-09-21 16:51:27,283,0.08
563,L14,#35,GW252/13600,(1)停机过程,1,2025-09-21 16:45:42,2025-09-21 16:46:44,62,0.02
564,L14,#35,GW252/13600,(5)发电状态,5,2025-09-21 16:19:12,2025-09-21 16:45:42,1590,0.44
565,L14,#35,GW252/13600,(3)待机状态,3,2025-09-21 09:53:48,2025-09-21 16:19:12,23124,6.42
566,L14,#35,GW252/13600,(2)停机状态,2,2025-09-21 09:53:46,2025-09-21 09:53:48,2,0
567,L14,#35,GW252/13600,(1)停机过程,1,2025-09-21 09:53:36,2025-09-21 09:53:46,10,0
568,L14,#35,GW252/13600,(9)维护状态,9,2025-09-21 09:52:48,2025-09-21 09:53:36,48,0.01
569,L14,#35,GW252/13600,(1)停机过程,1,2025-09-21 09:52:38,2025-09-21 09:52:48,10,0
570,L14,#35,GW252/13600,(9)维护状态,9,2025-09-20 22:01:47,2025-09-21 09:52:38,42651,11.85
571,L14,#35,GW252/13600,(2)停机状态,2,2025-09-20 20:28:41,2025-09-20 22:01:47,5586,1.55
572,L14,#35,GW252/13600,(1)停机过程,1,2025-09-20 20:27:46,2025-09-20 20:28:41,55,0.02
573,L14,#35,GW252/13600,(5)发电状态,5,2025-09-20 19:56:05,2025-09-20 20:27:46,1901,0.53
574,L14,#35,GW252/13600,(4)启机状态,4,2025-09-20 19:53:05,2025-09-20 19:56:05,180,0.05
575,L14,#35,GW252/13600,(3)待机状态,3,2025-09-20 19:42:30,2025-09-20 19:53:05,635,0.18
576,L14,#35,GW252/13600,(2)停机状态,2,2025-09-20 19:42:29,2025-09-20 19:42:30,1,0
577,L14,#35,GW252/13600,(1)停机过程,1,2025-09-20 19:42:00,2025-09-20 19:42:29,29,0.01
578,L14,#35,GW252/13600,(3)待机状态,3,2025-09-20 19:41:37,2025-09-20 19:42:00,23,0.01
579,L14,#35,GW252/13600,(2)停机状态,2,2025-09-20 19:41:35,2025-09-20 19:41:37,2,0
580,L14,#35,GW252/13600,(1)停机过程,1,2025-09-20 19:41:05,2025-09-20 19:41:35,30,0.01
581,L14,#35,GW252/13600,(3)待机状态,3,2025-09-20 19:40:44,2025-09-20 19:41:05,21,0.01
582,L14,#35,GW252/13600,(2)停机状态,2,2025-09-20 19:40:43,2025-09-20 19:40:44,1,0
583,L14,#35,GW252/13600,(1)停机过程,1,2025-09-20 19:40:12,2025-09-20 19:40:43,31,0.01
584,L14,#35,GW252/13600,(3)待机状态,3,2025-09-20 19:39:50,2025-09-20 19:40:12,22,0.01
585,L14,#35,GW252/13600,(2)停机状态,2,2025-09-20 19:39:48,2025-09-20 19:39:50,2,0
586,L14,#35,GW252/13600,(1)停机过程,1,2025-09-20 19:39:19,2025-09-20 19:39:48,29,0.01
587,L14,#35,GW252/13600,(3)待机状态,3,2025-09-20 19:38:56,2025-09-20 19:39:19,23,0.01
588,L14,#35,GW252/13600,(2)停机状态,2,2025-09-20 19:38:55,2025-09-20 19:38:56,1,0
589,L14,#35,GW252/13600,(1)停机过程,1,2025-09-20 19:38:26,2025-09-20 19:38:55,29,0.01
590,L14,#35,GW252/13600,(3)待机状态,3,2025-09-20 19:38:04,2025-09-20 19:38:26,22,0.01
591,L14,#35,GW252/13600,(2)停机状态,2,2025-09-20 19:38:02,2025-09-20 19:38:04,2,0
592,L14,#35,GW252/13600,(1)停机过程,1,2025-09-20 19:37:31,2025-09-20 19:38:02,31,0.01
593,L14,#35,GW252/13600,(3)待机状态,3,2025-09-20 19:37:10,2025-09-20 19:37:31,21,0.01
594,L14,#35,GW252/13600,(2)停机状态,2,2025-09-20 19:37:08,2025-09-20 19:37:10,2,0
595,L14,#35,GW252/13600,(1)停机过程,1,2025-09-20 19:36:37,2025-09-20 19:37:08,31,0.01
596,L14,#35,GW252/13600,(3)待机状态,3,2025-09-20 19:36:15,2025-09-20 19:36:37,22,0.01
597,L14,#35,GW252/13600,(2)停机状态,2,2025-09-20 19:36:14,2025-09-20 19:36:15,1,0
598,L14,#35,GW252/13600,(1)停机过程,1,2025-09-20 19:35:43,2025-09-20 19:36:14,31,0.01
599,L14,#35,GW252/13600,(3)待机状态,3,2025-09-20 19:34:45,2025-09-20 19:35:43,58,0.02
600,L14,#35,GW252/13600,(2)停机状态,2,2025-09-20 19:34:44,2025-09-20 19:34:45,1,0
601,L14,#35,GW252/13600,(1)停机过程,1,2025-09-20 19:34:11,2025-09-20 19:34:44,33,0.01
602,L14,#35,GW252/13600,(3)待机状态,3,2025-09-20 19:16:34,2025-09-20 19:34:11,1057,0.29
603,L14,#35,GW252/13600,(2)停机状态,2,2025-09-20 19:10:56,2025-09-20 19:16:34,338,0.09
604,L14,#35,GW252/13600,(1)停机过程,1,2025-09-20 19:10:00,2025-09-20 19:10:56,56,0.02
605,L14,#35,GW252/13600,(5)发电状态,5,2025-09-19 23:52:06,2025-09-20 19:10:00,69474,19.3
606,L14,#35,GW252/13600,(4)启机状态,4,2025-09-19 23:50:13,2025-09-19 23:52:06,113,0.03
607,L14,#35,GW252/13600,(3)待机状态,3,2025-09-19 22:39:22,2025-09-19 23:50:13,4251,1.18
608,L14,#35,GW252/13600,(2)停机状态,2,2025-09-19 22:39:20,2025-09-19 22:39:22,2,0
609,L14,#35,GW252/13600,(1)停机过程,1,2025-09-19 22:38:24,2025-09-19 22:39:20,56,0.02
610,L14,#35,GW252/13600,(5)发电状态,5,2025-09-19 21:47:05,2025-09-19 22:38:24,3079,0.86
611,L14,#35,GW252/13600,(4)启机状态,4,2025-09-19 21:45:00,2025-09-19 21:47:05,125,0.03
612,L14,#35,GW252/13600,(3)待机状态,3,2025-09-19 19:43:10,2025-09-19 21:45:00,7310,2.03
613,L14,#35,GW252/13600,(2)停机状态,2,2025-09-19 19:43:09,2025-09-19 19:43:10,1,0
614,L14,#35,GW252/13600,(1)停机过程,1,2025-09-19 19:42:13,2025-09-19 19:43:09,56,0.02
615,L14,#35,GW252/13600,(5)发电状态,5,2025-09-19 18:45:14,2025-09-19 19:42:13,3419,0.95
616,L14,#35,GW252/13600,(4)启机状态,4,2025-09-19 18:43:15,2025-09-19 18:45:14,119,0.03
617,L14,#35,GW252/13600,(3)待机状态,3,2025-09-19 09:43:07,2025-09-19 18:43:15,32408,9
618,L14,#35,GW252/13600,(2)停机状态,2,2025-09-19 09:43:06,2025-09-19 09:43:07,1,0
619,L14,#35,GW252/13600,(1)停机过程,1,2025-09-19 09:42:35,2025-09-19 09:43:06,31,0.01
620,L14,#35,GW252/13600,(3)待机状态,3,2025-09-19 09:41:12,2025-09-19 09:42:35,83,0.02
621,L14,#35,GW252/13600,(2)停机状态,2,2025-09-19 09:41:10,2025-09-19 09:41:12,2,0
622,L14,#35,GW252/13600,(1)停机过程,1,2025-09-19 09:40:38,2025-09-19 09:41:10,32,0.01
623,L14,#35,GW252/13600,(3)待机状态,3,2025-09-19 09:39:43,2025-09-19 09:40:38,55,0.02
624,L14,#35,GW252/13600,(2)停机状态,2,2025-09-19 09:39:40,2025-09-19 09:39:43,3,0
625,L14,#35,GW252/13600,(1)停机过程,1,2025-09-19 09:39:10,2025-09-19 09:39:40,30,0.01
626,L14,#35,GW252/13600,(3)待机状态,3,2025-09-19 08:10:10,2025-09-19 09:39:10,5340,1.48
627,L14,#35,GW252/13600,(2)停机状态,2,2025-09-19 08:05:32,2025-09-19 08:10:10,278,0.08
628,L14,#35,GW252/13600,(1)停机过程,1,2025-09-19 08:04:36,2025-09-19 08:05:32,56,0.02
629,L14,#35,GW252/13600,(5)发电状态,5,2025-09-19 07:33:58,2025-09-19 08:04:36,1838,0.51
630,L14,#35,GW252/13600,(4)启机状态,4,2025-09-19 07:32:29,2025-09-19 07:33:58,89,0.02
631,L14,#35,GW252/13600,(3)待机状态,3,2025-09-19 07:06:28,2025-09-19 07:32:29,1561,0.43
632,L14,#35,GW252/13600,(2)停机状态,2,2025-09-19 07:03:53,2025-09-19 07:06:28,155,0.04
633,L14,#35,GW252/13600,(1)停机过程,1,2025-09-19 07:02:57,2025-09-19 07:03:53,56,0.02
634,L14,#35,GW252/13600,(5)发电状态,5,2025-09-19 06:47:41,2025-09-19 07:02:57,916,0.25
635,L14,#35,GW252/13600,(4)启机状态,4,2025-09-19 06:45:39,2025-09-19 06:47:41,122,0.03
636,L14,#35,GW252/13600,(3)待机状态,3,2025-09-19 06:36:03,2025-09-19 06:45:39,576,0.16
637,L14,#35,GW252/13600,(2)停机状态,2,2025-09-19 06:33:47,2025-09-19 06:36:03,136,0.04
638,L14,#35,GW252/13600,(1)停机过程,1,2025-09-19 06:32:51,2025-09-19 06:33:47,56,0.02
639,L14,#35,GW252/13600,(5)发电状态,5,2025-09-18 17:11:34,2025-09-19 06:32:51,48077,13.35
640,L14,#35,GW252/13600,(4)启机状态,4,2025-09-18 17:09:49,2025-09-18 17:11:34,105,0.03
641,L14,#35,GW252/13600,(3)待机状态,3,2025-09-18 16:04:49,2025-09-18 17:09:49,3900,1.08
642,L14,#35,GW252/13600,(2)停机状态,2,2025-09-18 16:04:46,2025-09-18 16:04:49,3,0
643,L14,#35,GW252/13600,(1)停机过程,1,2025-09-18 16:03:53,2025-09-18 16:04:46,53,0.01
644,L14,#35,GW252/13600,(5)发电状态,5,2025-09-16 20:09:24,2025-09-18 16:03:53,158069,43.91
645,L14,#35,GW252/13600,(4)启机状态,4,2025-09-16 20:08:19,2025-09-16 20:09:24,65,0.02
646,L14,#35,GW252/13600,(3)待机状态,3,2025-09-16 20:01:55,2025-09-16 20:08:19,384,0.11
647,L14,#35,GW252/13600,(2)停机状态,2,2025-09-16 20:01:53,2025-09-16 20:01:55,2,0
648,L14,#35,GW252/13600,(1)停机过程,1,2025-09-16 20:01:22,2025-09-16 20:01:53,31,0.01
649,L14,#35,GW252/13600,(3)待机状态,3,2025-09-16 20:00:51,2025-09-16 20:01:22,31,0.01
650,L14,#35,GW252/13600,(2)停机状态,2,2025-09-16 20:00:50,2025-09-16 20:00:51,1,0
651,L14,#35,GW252/13600,(1)停机过程,1,2025-09-16 20:00:19,2025-09-16 20:00:50,31,0.01
652,L14,#35,GW252/13600,(3)待机状态,3,2025-09-16 19:55:14,2025-09-16 20:00:19,305,0.08
653,L14,#35,GW252/13600,(2)停机状态,2,2025-09-16 19:55:13,2025-09-16 19:55:14,1,0
654,L14,#35,GW252/13600,(1)停机过程,1,2025-09-16 19:54:17,2025-09-16 19:55:13,56,0.02
655,L14,#35,GW252/13600,(5)发电状态,5,2025-09-16 19:26:41,2025-09-16 19:54:17,1656,0.46
656,L14,#35,GW252/13600,(4)启机状态,4,2025-09-16 19:24:41,2025-09-16 19:26:41,120,0.03
657,L14,#35,GW252/13600,(3)待机状态,3,2025-09-16 19:22:42,2025-09-16 19:24:41,119,0.03
658,L14,#35,GW252/13600,(2)停机状态,2,2025-09-16 19:17:41,2025-09-16 19:22:42,301,0.08
659,L14,#35,GW252/13600,(1)停机过程,1,2025-09-16 19:16:44,2025-09-16 19:17:41,57,0.02
660,L14,#35,GW252/13600,(5)发电状态,5,2025-09-16 18:05:21,2025-09-16 19:16:44,4283,1.19
661,L14,#35,GW252/13600,(4)启机状态,4,2025-09-16 18:03:47,2025-09-16 18:05:21,94,0.03
662,L14,#35,GW252/13600,(3)待机状态,3,2025-09-16 17:42:15,2025-09-16 18:03:47,1292,0.36
663,L14,#35,GW252/13600,(2)停机状态,2,2025-09-16 17:42:14,2025-09-16 17:42:15,1,0
664,L14,#35,GW252/13600,(1)停机过程,1,2025-09-16 17:41:19,2025-09-16 17:42:14,55,0.02
665,L14,#35,GW252/13600,(4)启机状态,4,2025-09-16 17:36:20,2025-09-16 17:41:19,299,0.08
666,L14,#35,GW252/13600,(3)待机状态,3,2025-09-16 17:11:48,2025-09-16 17:36:20,1472,0.41
667,L14,#35,GW252/13600,(2)停机状态,2,2025-09-16 17:06:10,2025-09-16 17:11:48,338,0.09
668,L14,#35,GW252/13600,(1)停机过程,1,2025-09-16 17:05:14,2025-09-16 17:06:10,56,0.02
669,L14,#35,GW252/13600,(5)发电状态,5,2025-09-16 16:58:38,2025-09-16 17:05:14,396,0.11
670,L14,#35,GW252/13600,(4)启机状态,4,2025-09-16 16:56:38,2025-09-16 16:58:38,120,0.03
671,L14,#35,GW252/13600,(3)待机状态,3,2025-09-16 16:44:13,2025-09-16 16:56:38,745,0.21
672,L14,#35,GW252/13600,(2)停机状态,2,2025-09-16 16:42:15,2025-09-16 16:44:13,118,0.03
673,L14,#35,GW252/13600,(1)停机过程,1,2025-09-16 16:41:21,2025-09-16 16:42:15,54,0.02
674,L14,#35,GW252/13600,(5)发电状态,5,2025-09-16 16:15:22,2025-09-16 16:41:21,1559,0.43
675,L14,#35,GW252/13600,(4)启机状态,4,2025-09-16 16:12:46,2025-09-16 16:15:22,156,0.04
676,L14,#35,GW252/13600,(3)待机状态,3,2025-09-16 16:10:07,2025-09-16 16:12:46,159,0.04
677,L14,#35,GW252/13600,(2)停机状态,2,2025-09-16 16:10:05,2025-09-16 16:10:07,2,0
678,L14,#35,GW252/13600,(1)停机过程,1,2025-09-16 16:09:09,2025-09-16 16:10:05,56,0.02
679,L14,#35,GW252/13600,(5)发电状态,5,2025-09-16 15:28:48,2025-09-16 16:09:09,2421,0.67
680,L14,#35,GW252/13600,(4)启机状态,4,2025-09-16 15:26:50,2025-09-16 15:28:48,118,0.03
681,L14,#35,GW252/13600,(3)待机状态,3,2025-09-16 14:12:14,2025-09-16 15:26:50,4476,1.24
682,L14,#35,GW252/13600,(2)停机状态,2,2025-09-16 14:06:36,2025-09-16 14:12:14,338,0.09
683,L14,#35,GW252/13600,(1)停机过程,1,2025-09-16 14:05:41,2025-09-16 14:06:36,55,0.02
684,L14,#35,GW252/13600,(5)发电状态,5,2025-09-15 14:22:54,2025-09-16 14:05:41,85367,23.71
685,L14,#35,GW252/13600,(4)启机状态,4,2025-09-15 14:20:57,2025-09-15 14:22:54,117,0.03
686,L14,#35,GW252/13600,(3)待机状态,3,2025-09-15 13:37:05,2025-09-15 14:20:57,2632,0.73
687,L14,#35,GW252/13600,(2)停机状态,2,2025-09-15 13:31:29,2025-09-15 13:37:05,336,0.09
688,L14,#35,GW252/13600,(1)停机过程,1,2025-09-15 13:30:33,2025-09-15 13:31:29,56,0.02
689,L14,#35,GW252/13600,(5)发电状态,5,2025-09-15 08:09:55,2025-09-15 13:30:33,19238,5.34
690,L14,#35,GW252/13600,(4)启机状态,4,2025-09-15 08:07:45,2025-09-15 08:09:55,130,0.04
691,L14,#35,GW252/13600,(3)待机状态,3,2025-09-15 04:49:00,2025-09-15 08:07:45,11925,3.31
692,L14,#35,GW252/13600,(2)停机状态,2,2025-09-15 04:48:10,2025-09-15 04:49:00,50,0.01
693,L14,#35,GW252/13600,(1)停机过程,1,2025-09-15 04:47:14,2025-09-15 04:48:10,56,0.02
694,L14,#35,GW252/13600,(5)发电状态,5,2025-09-15 03:11:49,2025-09-15 04:47:14,5725,1.59
695,L14,#35,GW252/13600,(4)启机状态,4,2025-09-15 03:08:36,2025-09-15 03:11:49,193,0.05
696,L14,#35,GW252/13600,(3)待机状态,3,2025-09-14 23:38:36,2025-09-15 03:08:36,12600,3.5
697,L14,#35,GW252/13600,(2)停机状态,2,2025-09-14 23:36:59,2025-09-14 23:38:36,97,0.03
698,L14,#35,GW252/13600,(1)停机过程,1,2025-09-14 23:36:02,2025-09-14 23:36:59,57,0.02
699,L14,#35,GW252/13600,(5)发电状态,5,2025-09-14 17:00:56,2025-09-14 23:36:02,23706,6.59
700,L14,#35,GW252/13600,(4)启机状态,4,2025-09-14 16:58:28,2025-09-14 17:00:56,148,0.04
701,L14,#35,GW252/13600,(3)待机状态,3,2025-09-14 15:19:41,2025-09-14 16:58:28,5927,1.65
702,L14,#35,GW252/13600,(2)停机状态,2,2025-09-14 15:18:51,2025-09-14 15:19:41,50,0.01
703,L14,#35,GW252/13600,(1)停机过程,1,2025-09-14 15:17:55,2025-09-14 15:18:51,56,0.02
704,L14,#35,GW252/13600,(5)发电状态,5,2025-09-14 06:40:22,2025-09-14 15:17:55,31053,8.63
705,L14,#35,GW252/13600,(4)启机状态,4,2025-09-14 06:38:05,2025-09-14 06:40:22,137,0.04
706,L14,#35,GW252/13600,(3)待机状态,3,2025-09-14 05:23:04,2025-09-14 06:38:05,4501,1.25
707,L14,#35,GW252/13600,(2)停机状态,2,2025-09-14 04:46:22,2025-09-14 05:23:04,2202,0.61
708,L14,#35,GW252/13600,(1)停机过程,1,2025-09-14 04:45:28,2025-09-14 04:46:22,54,0.02
709,L14,#35,GW252/13600,(5)发电状态,5,2025-09-13 14:40:22,2025-09-14 04:45:28,50706,14.09
710,L14,#35,GW252/13600,(4)启机状态,4,2025-09-13 14:38:52,2025-09-13 14:40:22,90,0.03
711,L14,#35,GW252/13600,(3)待机状态,3,2025-09-13 13:43:43,2025-09-13 14:38:52,3309,0.92
712,L14,#35,GW252/13600,(2)停机状态,2,2025-09-13 13:38:07,2025-09-13 13:43:43,336,0.09
713,L14,#35,GW252/13600,(1)停机过程,1,2025-09-13 13:37:11,2025-09-13 13:38:07,56,0.02
714,L14,#35,GW252/13600,(5)发电状态,5,2025-09-13 03:26:03,2025-09-13 13:37:11,36668,10.19
715,L14,#35,GW252/13600,(4)启机状态,4,2025-09-13 03:23:56,2025-09-13 03:26:03,127,0.04
716,L14,#35,GW252/13600,(3)待机状态,3,2025-09-13 02:54:48,2025-09-13 03:23:56,1748,0.49
717,L14,#35,GW252/13600,(2)停机状态,2,2025-09-13 02:54:46,2025-09-13 02:54:48,2,0
718,L14,#35,GW252/13600,(1)停机过程,1,2025-09-13 02:53:51,2025-09-13 02:54:46,55,0.02
719,L14,#35,GW252/13600,(5)发电状态,5,2025-09-12 12:52:17,2025-09-13 02:53:51,50494,14.03
720,L14,#35,GW252/13600,(4)启机状态,4,2025-09-12 12:50:21,2025-09-12 12:52:17,116,0.03
721,L14,#35,GW252/13600,(3)待机状态,3,2025-09-12 05:13:28,2025-09-12 12:50:21,27413,7.61
722,L14,#35,GW252/13600,(2)停机状态,2,2025-09-12 05:11:04,2025-09-12 05:13:28,144,0.04
723,L14,#35,GW252/13600,(1)停机过程,1,2025-09-12 05:10:08,2025-09-12 05:11:04,56,0.02
724,L14,#35,GW252/13600,(5)发电状态,5,2025-09-11 14:51:20,2025-09-12 05:10:08,51528,14.31
725,L14,#35,GW252/13600,(4)启机状态,4,2025-09-11 14:49:21,2025-09-11 14:51:20,119,0.03
726,L14,#35,GW252/13600,(3)待机状态,3,2025-09-11 14:06:34,2025-09-11 14:49:21,2567,0.71
727,L14,#35,GW252/13600,(2)停机状态,2,2025-09-11 14:04:00,2025-09-11 14:06:34,154,0.04
728,L14,#35,GW252/13600,(1)停机过程,1,2025-09-11 14:03:05,2025-09-11 14:04:00,55,0.02
729,L14,#35,GW252/13600,(5)发电状态,5,2025-09-11 12:54:56,2025-09-11 14:03:05,4089,1.14
730,L14,#35,GW252/13600,(4)启机状态,4,2025-09-11 12:52:54,2025-09-11 12:54:56,122,0.03
731,L14,#35,GW252/13600,(3)待机状态,3,2025-09-11 11:25:04,2025-09-11 12:52:54,5270,1.46
732,L14,#35,GW252/13600,(2)停机状态,2,2025-09-11 11:22:22,2025-09-11 11:25:04,162,0.05
733,L14,#35,GW252/13600,(1)停机过程,1,2025-09-11 11:21:26,2025-09-11 11:22:22,56,0.02
734,L14,#35,GW252/13600,(5)发电状态,5,2025-09-11 09:43:54,2025-09-11 11:21:26,5852,1.63
735,L14,#35,GW252/13600,(4)启机状态,4,2025-09-11 09:41:43,2025-09-11 09:43:54,131,0.04
736,L14,#35,GW252/13600,(3)待机状态,3,2025-09-11 08:48:41,2025-09-11 09:41:43,3182,0.88
737,L14,#35,GW252/13600,(2)停机状态,2,2025-09-11 08:47:05,2025-09-11 08:48:41,96,0.03
738,L14,#35,GW252/13600,(1)停机过程,1,2025-09-11 08:46:09,2025-09-11 08:47:05,56,0.02
739,L14,#35,GW252/13600,(5)发电状态,5,2025-09-11 06:05:20,2025-09-11 08:46:09,9649,2.68
740,L14,#35,GW252/13600,(4)启机状态,4,2025-09-11 06:03:31,2025-09-11 06:05:20,109,0.03
741,L14,#35,GW252/13600,(3)待机状态,3,2025-09-11 03:27:27,2025-09-11 06:03:31,9364,2.6
742,L14,#35,GW252/13600,(2)停机状态,2,2025-09-11 03:27:26,2025-09-11 03:27:27,1,0
743,L14,#35,GW252/13600,(1)停机过程,1,2025-09-11 03:26:29,2025-09-11 03:27:26,57,0.02
744,L14,#35,GW252/13600,(5)发电状态,5,2025-09-11 02:03:03,2025-09-11 03:26:29,5006,1.39
745,L14,#35,GW252/13600,(4)启机状态,4,2025-09-11 02:00:43,2025-09-11 02:03:03,140,0.04
746,L14,#35,GW252/13600,(3)待机状态,3,2025-09-10 21:22:03,2025-09-11 02:00:43,16720,4.64
747,L14,#35,GW252/13600,(2)停机状态,2,2025-09-10 21:22:01,2025-09-10 21:22:03,2,0
748,L14,#35,GW252/13600,(1)停机过程,1,2025-09-10 21:21:06,2025-09-10 21:22:01,55,0.02
749,L14,#35,GW252/13600,(5)发电状态,5,2025-09-10 21:00:40,2025-09-10 21:21:06,1226,0.34
750,L14,#35,GW252/13600,(4)启机状态,4,2025-09-10 20:58:49,2025-09-10 21:00:40,111,0.03
751,L14,#35,GW252/13600,(3)待机状态,3,2025-09-10 20:26:51,2025-09-10 20:58:49,1918,0.53
752,L14,#35,GW252/13600,(2)停机状态,2,2025-09-10 20:24:53,2025-09-10 20:26:51,118,0.03
753,L14,#35,GW252/13600,(1)停机过程,1,2025-09-10 20:23:57,2025-09-10 20:24:53,56,0.02
754,L14,#35,GW252/13600,(5)发电状态,5,2025-09-07 12:38:31,2025-09-10 20:23:57,287126,79.76
755,L14,#35,GW252/13600,(4)启机状态,4,2025-09-07 12:37:27,2025-09-07 12:38:31,64,0.02
756,L14,#35,GW252/13600,(3)待机状态,3,2025-09-07 12:34:07,2025-09-07 12:37:27,200,0.06
757,L14,#35,GW252/13600,(2)停机状态,2,2025-09-07 12:34:06,2025-09-07 12:34:07,1,0
758,L14,#35,GW252/13600,(1)停机过程,1,2025-09-07 12:33:13,2025-09-07 12:34:06,53,0.01
759,L14,#35,GW252/13600,(5)发电状态,5,2025-09-07 04:01:40,2025-09-07 12:33:13,30693,8.53
760,L14,#35,GW252/13600,(4)启机状态,4,2025-09-07 03:59:09,2025-09-07 04:01:40,151,0.04
761,L14,#35,GW252/13600,(3)待机状态,3,2025-09-06 21:24:08,2025-09-07 03:59:09,23701,6.58
762,L14,#35,GW252/13600,(2)停机状态,2,2025-09-06 21:24:05,2025-09-06 21:24:08,3,0
763,L14,#35,GW252/13600,(1)停机过程,1,2025-09-06 21:23:55,2025-09-06 21:24:05,10,0
764,L14,#35,GW252/13600,(9)维护状态,9,2025-09-06 20:00:56,2025-09-06 21:23:55,4979,1.38
765,L14,#35,GW252/13600,(2)停机状态,2,2025-09-06 19:59:47,2025-09-06 20:00:56,69,0.02
766,L14,#35,GW252/13600,(1)停机过程,1,2025-09-06 19:59:14,2025-09-06 19:59:47,33,0.01
767,L14,#35,GW252/13600,(3)待机状态,3,2025-09-06 13:24:35,2025-09-06 19:59:14,23679,6.58
768,L14,#35,GW252/13600,(2)停机状态,2,2025-09-06 12:47:54,2025-09-06 13:24:35,2201,0.61
769,L14,#35,GW252/13600,(1)停机过程,1,2025-09-06 12:46:58,2025-09-06 12:47:54,56,0.02
770,L14,#35,GW252/13600,(5)发电状态,5,2025-09-06 12:19:30,2025-09-06 12:46:58,1648,0.46
771,L14,#35,GW252/13600,(4)启机状态,4,2025-09-06 12:17:46,2025-09-06 12:19:30,104,0.03
772,L14,#35,GW252/13600,(3)待机状态,3,2025-09-06 04:00:21,2025-09-06 12:17:46,29845,8.29
773,L14,#35,GW252/13600,(2)停机状态,2,2025-09-06 04:00:15,2025-09-06 04:00:21,6,0
774,L14,#35,GW252/13600,(1)停机过程,1,2025-09-06 03:59:19,2025-09-06 04:00:15,56,0.02
775,L14,#35,GW252/13600,(5)发电状态,5,2025-09-05 17:20:56,2025-09-06 03:59:19,38303,10.64
776,L14,#35,GW252/13600,(4)启机状态,4,2025-09-05 17:19:01,2025-09-05 17:20:56,115,0.03
777,L14,#35,GW252/13600,(3)待机状态,3,2025-09-05 11:50:52,2025-09-05 17:19:01,19689,5.47
778,L14,#35,GW252/13600,(2)停机状态,2,2025-09-05 11:45:15,2025-09-05 11:50:52,337,0.09
779,L14,#35,GW252/13600,(1)停机过程,1,2025-09-05 11:44:19,2025-09-05 11:45:15,56,0.02
780,L14,#35,GW252/13600,(5)发电状态,5,2025-09-05 11:35:35,2025-09-05 11:44:19,524,0.15
781,L14,#35,GW252/13600,(4)启机状态,4,2025-09-05 11:32:58,2025-09-05 11:35:35,157,0.04
782,L14,#35,GW252/13600,(3)待机状态,3,2025-09-05 04:02:02,2025-09-05 11:32:58,27056,7.52
783,L14,#35,GW252/13600,(2)停机状态,2,2025-09-05 04:00:11,2025-09-05 04:02:02,111,0.03
784,L14,#35,GW252/13600,(1)停机过程,1,2025-09-05 03:59:16,2025-09-05 04:00:11,55,0.02
785,L14,#35,GW252/13600,(5)发电状态,5,2025-09-04 18:15:34,2025-09-05 03:59:16,35022,9.73
786,L14,#35,GW252/13600,(4)启机状态,4,2025-09-04 18:13:36,2025-09-04 18:15:34,118,0.03
787,L14,#35,GW252/13600,(3)待机状态,3,2025-09-04 15:14:21,2025-09-04 18:13:36,10755,2.99
788,L14,#35,GW252/13600,(2)停机状态,2,2025-09-04 15:12:49,2025-09-04 15:14:21,92,0.03
789,L14,#35,GW252/13600,(1)停机过程,1,2025-09-04 15:11:53,2025-09-04 15:12:49,56,0.02
790,L14,#35,GW252/13600,(5)发电状态,5,2025-09-04 14:52:15,2025-09-04 15:11:53,1178,0.33
791,L14,#35,GW252/13600,(4)启机状态,4,2025-09-04 14:50:11,2025-09-04 14:52:15,124,0.03
792,L14,#35,GW252/13600,(3)待机状态,3,2025-09-04 11:47:22,2025-09-04 14:50:11,10969,3.05
793,L14,#35,GW252/13600,(2)停机状态,2,2025-09-04 11:45:47,2025-09-04 11:47:22,95,0.03
794,L14,#35,GW252/13600,(1)停机过程,1,2025-09-04 11:44:51,2025-09-04 11:45:47,56,0.02
795,L14,#35,GW252/13600,(5)发电状态,5,2025-09-04 11:12:33,2025-09-04 11:44:51,1938,0.54
796,L14,#35,GW252/13600,(4)启机状态,4,2025-09-04 11:10:26,2025-09-04 11:12:33,127,0.04
797,L14,#35,GW252/13600,(3)待机状态,3,2025-09-04 03:45:25,2025-09-04 11:10:26,26701,7.42
798,L14,#35,GW252/13600,(2)停机状态,2,2025-09-04 03:39:48,2025-09-04 03:45:25,337,0.09
799,L14,#35,GW252/13600,(1)停机过程,1,2025-09-04 03:38:53,2025-09-04 03:39:48,55,0.02
800,L14,#35,GW252/13600,(5)发电状态,5,2025-09-04 01:39:39,2025-09-04 03:38:53,7154,1.99
801,L14,#35,GW252/13600,(4)启机状态,4,2025-09-04 01:37:49,2025-09-04 01:39:39,110,0.03
802,L14,#35,GW252/13600,(3)待机状态,3,2025-09-04 01:35:48,2025-09-04 01:37:49,121,0.03
803,L14,#35,GW252/13600,(2)停机状态,2,2025-09-04 01:33:22,2025-09-04 01:35:48,146,0.04
804,L14,#35,GW252/13600,(1)停机过程,1,2025-09-04 01:32:25,2025-09-04 01:33:22,57,0.02
805,L14,#35,GW252/13600,(5)发电状态,5,2025-09-04 00:56:22,2025-09-04 01:32:25,2163,0.6
806,L14,#35,GW252/13600,(4)启机状态,4,2025-09-04 00:54:22,2025-09-04 00:56:22,120,0.03
807,L14,#35,GW252/13600,(3)待机状态,3,2025-09-04 00:22:49,2025-09-04 00:54:22,1893,0.53
808,L14,#35,GW252/13600,(2)停机状态,2,2025-09-04 00:22:20,2025-09-04 00:22:49,29,0.01
809,L14,#35,GW252/13600,(1)停机过程,1,2025-09-04 00:21:24,2025-09-04 00:22:20,56,0.02
810,L14,#35,GW252/13600,(5)发电状态,5,2025-09-03 20:23:35,2025-09-04 00:21:24,14269,3.96
811,L14,#35,GW252/13600,(4)启机状态,4,2025-09-03 20:21:36,2025-09-03 20:23:35,119,0.03
812,L14,#35,GW252/13600,(3)待机状态,3,2025-09-03 13:16:27,2025-09-03 20:21:36,25509,7.09
813,L14,#35,GW252/13600,(2)停机状态,2,2025-09-03 13:13:20,2025-09-03 13:16:27,187,0.05
814,L14,#35,GW252/13600,(1)停机过程,1,2025-09-03 13:12:24,2025-09-03 13:13:20,56,0.02
815,L14,#35,GW252/13600,(5)发电状态,5,2025-09-03 12:16:08,2025-09-03 13:12:24,3376,0.94
816,L14,#35,GW252/13600,(4)启机状态,4,2025-09-03 12:13:58,2025-09-03 12:16:08,130,0.04
817,L14,#35,GW252/13600,(3)待机状态,3,2025-09-03 05:41:47,2025-09-03 12:13:58,23531,6.54
818,L14,#35,GW252/13600,(2)停机状态,2,2025-09-03 05:41:46,2025-09-03 05:41:47,1,0
819,L14,#35,GW252/13600,(1)停机过程,1,2025-09-03 05:40:51,2025-09-03 05:41:46,55,0.02
820,L14,#35,GW252/13600,(5)发电状态,5,2025-09-03 05:10:04,2025-09-03 05:40:51,1847,0.51
821,L14,#35,GW252/13600,(4)启机状态,4,2025-09-03 05:08:03,2025-09-03 05:10:04,121,0.03
822,L14,#35,GW252/13600,(3)待机状态,3,2025-09-03 04:38:05,2025-09-03 05:08:03,1798,0.5
823,L14,#35,GW252/13600,(2)停机状态,2,2025-09-03 04:36:34,2025-09-03 04:38:05,91,0.03
824,L14,#35,GW252/13600,(1)停机过程,1,2025-09-03 04:35:38,2025-09-03 04:36:34,56,0.02
825,L14,#35,GW252/13600,(5)发电状态,5,2025-09-02 16:27:18,2025-09-03 04:35:38,43700,12.14
826,L14,#35,GW252/13600,(4)启机状态,4,2025-09-02 16:25:29,2025-09-02 16:27:18,109,0.03
827,L14,#35,GW252/13600,(3)待机状态,3,2025-09-02 14:54:26,2025-09-02 16:25:29,5463,1.52
828,L14,#35,GW252/13600,(2)停机状态,2,2025-09-02 14:50:29,2025-09-02 14:54:26,237,0.07
829,L14,#35,GW252/13600,(1)停机过程,1,2025-09-02 14:49:33,2025-09-02 14:50:29,56,0.02
830,L14,#35,GW252/13600,(5)发电状态,5,2025-09-02 12:48:40,2025-09-02 14:49:33,7253,2.01
831,L14,#35,GW252/13600,(4)启机状态,4,2025-09-02 12:47:08,2025-09-02 12:48:40,92,0.03
832,L14,#35,GW252/13600,(3)待机状态,3,2025-09-02 12:43:30,2025-09-02 12:47:08,218,0.06
833,L14,#35,GW252/13600,(2)停机状态,2,2025-09-02 12:41:00,2025-09-02 12:43:30,150,0.04
834,L14,#35,GW252/13600,(1)停机过程,1,2025-09-02 12:40:04,2025-09-02 12:41:00,56,0.02
835,L14,#35,GW252/13600,(5)发电状态,5,2025-09-02 11:59:09,2025-09-02 12:40:04,2455,0.68
836,L14,#35,GW252/13600,(4)启机状态,4,2025-09-02 11:57:03,2025-09-02 11:59:09,126,0.04
837,L14,#35,GW252/13600,(3)待机状态,3,2025-09-02 11:43:15,2025-09-02 11:57:03,828,0.23
838,L14,#35,GW252/13600,(2)停机状态,2,2025-09-02 11:38:31,2025-09-02 11:43:15,284,0.08
839,L14,#35,GW252/13600,(1)停机过程,1,2025-09-02 11:37:36,2025-09-02 11:38:31,55,0.02
840,L14,#35,GW252/13600,(5)发电状态,5,2025-09-02 11:18:47,2025-09-02 11:37:36,1129,0.31
841,L14,#35,GW252/13600,(4)启机状态,4,2025-09-02 11:15:17,2025-09-02 11:18:47,210,0.06
842,L14,#35,GW252/13600,(3)待机状态,3,2025-09-02 10:27:26,2025-09-02 11:15:17,2871,0.8
843,L14,#35,GW252/13600,(2)停机状态,2,2025-09-02 10:27:20,2025-09-02 10:27:26,6,0
844,L14,#35,GW252/13600,(1)停机过程,1,2025-09-02 10:26:23,2025-09-02 10:27:20,57,0.02
845,L14,#35,GW252/13600,(5)发电状态,5,2025-09-02 09:26:24,2025-09-02 10:26:23,3599,1
846,L14,#35,GW252/13600,(4)启机状态,4,2025-09-02 09:24:20,2025-09-02 09:26:24,124,0.03
847,L14,#35,GW252/13600,(3)待机状态,3,2025-09-02 07:15:36,2025-09-02 09:24:20,7724,2.15
848,L14,#35,GW252/13600,(2)停机状态,2,2025-09-02 07:10:00,2025-09-02 07:15:36,336,0.09
849,L14,#35,GW252/13600,(1)停机过程,1,2025-09-02 07:09:04,2025-09-02 07:10:00,56,0.02
850,L14,#35,GW252/13600,(4)启机状态,4,2025-09-02 07:04:04,2025-09-02 07:09:04,300,0.08
851,L14,#35,GW252/13600,(3)待机状态,3,2025-09-02 03:32:26,2025-09-02 07:04:04,12698,3.53
852,L14,#35,GW252/13600,(2)停机状态,2,2025-09-02 03:29:33,2025-09-02 03:32:26,173,0.05
853,L14,#35,GW252/13600,(1)停机过程,1,2025-09-02 03:28:36,2025-09-02 03:29:33,57,0.02
854,L14,#35,GW252/13600,(5)发电状态,5,2025-09-02 02:43:09,2025-09-02 03:28:36,2727,0.76
855,L14,#35,GW252/13600,(4)启机状态,4,2025-09-02 02:40:51,2025-09-02 02:43:09,138,0.04
856,L14,#35,GW252/13600,(3)待机状态,3,2025-09-02 02:18:54,2025-09-02 02:40:51,1317,0.37
857,L14,#35,GW252/13600,(2)停机状态,2,2025-09-02 02:13:17,2025-09-02 02:18:54,337,0.09
858,L14,#35,GW252/13600,(1)停机过程,1,2025-09-02 02:12:20,2025-09-02 02:13:17,57,0.02
859,L14,#35,GW252/13600,(5)发电状态,5,2025-09-02 02:00:39,2025-09-02 02:12:20,701,0.19
860,L14,#35,GW252/13600,(4)启机状态,4,2025-09-02 01:57:29,2025-09-02 02:00:39,190,0.05
861,L14,#35,GW252/13600,(3)待机状态,3,2025-09-02 01:34:20,2025-09-02 01:57:29,1389,0.39
862,L14,#35,GW252/13600,(2)停机状态,2,2025-09-02 01:32:05,2025-09-02 01:34:20,135,0.04
863,L14,#35,GW252/13600,(1)停机过程,1,2025-09-02 01:31:10,2025-09-02 01:32:05,55,0.02
864,L14,#35,GW252/13600,(5)发电状态,5,2025-09-01 06:38:46,2025-09-02 01:31:10,67944,18.87
865,L14,#35,GW252/13600,(4)启机状态,4,2025-09-01 06:36:49,2025-09-01 06:38:46,117,0.03
866,L14,#35,GW252/13600,(3)待机状态,3,2025-09-01 05:32:29,2025-09-01 06:36:49,3860,1.07
867,L14,#35,GW252/13600,(2)停机状态,2,2025-09-01 04:54:50,2025-09-01 05:32:29,2259,0.63
868,L14,#35,GW252/13600,(1)停机过程,1,2025-09-01 04:53:54,2025-09-01 04:54:50,56,0.02
869,L14,#35,GW252/13600,(5)发电状态,5,2025-09-01 01:19:48,2025-09-01 04:53:54,12846,3.57
870,L14,#35,GW252/13600,(4)启机状态,4,2025-09-01 01:18:10,2025-09-01 01:19:48,98,0.03
871,L14,#35,GW252/13600,(3)待机状态,3,2025-09-01 01:16:13,2025-09-01 01:18:10,117,0.03
872,L14,#35,GW252/13600,(2)停机状态,2,2025-09-01 01:16:06,2025-09-01 01:16:13,7,0
873,L14,#35,GW252/13600,(1)停机过程,1,2025-09-01 01:15:56,2025-09-01 01:16:06,10,0
874,L14,#35,GW252/13600,(9)维护状态,9,2025-09-01 01:15:26,2025-09-01 01:15:56,30,0.01
875,L14,#35,GW252/13600,(2)停机状态,2,2025-09-01 01:11:28,2025-09-01 01:15:26,238,0.07
876,L14,#35,GW252/13600,(1)停机过程,1,2025-09-01 01:11:23,2025-09-01 01:11:28,5,0
877,L14,#35,GW252/13600,(9)维护状态,9,2025-09-01 01:08:03,2025-09-01 01:11:23,200,0.06
878,L14,#35,GW252/13600,(1)停机过程,1,2025-09-01 01:07:03,2025-09-01 01:08:03,60,0.02
879,L14,#35,GW252/13600,(5)发电状态,5,2025-08-27 19:57:46,2025-09-01 01:07:03,364157,101.15
880,L14,#35,GW252/13600,(4)启机状态,4,2025-08-27 19:52:49,2025-08-27 19:57:46,297,0.08
881,L14,#35,GW252/13600,(3)待机状态,3,2025-08-27 19:51:54,2025-08-27 19:52:49,55,0.02
882,L14,#35,GW252/13600,(1)停机过程,1,2025-08-27 19:51:22,2025-08-27 19:51:54,32,0.01
883,L14,#35,GW252/13600,(4)启机状态,4,2025-08-27 19:46:21,2025-08-27 19:51:22,301,0.08
884,L14,#35,GW252/13600,(3)待机状态,3,2025-08-27 19:45:17,2025-08-27 19:46:21,64,0.02
885,L14,#35,GW252/13600,(2)停机状态,2,2025-08-27 19:45:16,2025-08-27 19:45:17,1,0
886,L14,#35,GW252/13600,(1)停机过程,1,2025-08-27 19:44:44,2025-08-27 19:45:16,32,0.01
887,L14,#35,GW252/13600,(4)启机状态,4,2025-08-27 19:39:45,2025-08-27 19:44:44,299,0.08
888,L14,#35,GW252/13600,(3)待机状态,3,2025-08-27 19:38:32,2025-08-27 19:39:45,73,0.02
889,L14,#35,GW252/13600,(2)停机状态,2,2025-08-27 19:38:30,2025-08-27 19:38:32,2,0
890,L14,#35,GW252/13600,(1)停机过程,1,2025-08-27 19:37:58,2025-08-27 19:38:30,32,0.01
891,L14,#35,GW252/13600,(4)启机状态,4,2025-08-27 19:32:58,2025-08-27 19:37:58,300,0.08
892,L14,#35,GW252/13600,(3)待机状态,3,2025-08-27 19:31:49,2025-08-27 19:32:58,69,0.02
893,L14,#35,GW252/13600,(2)停机状态,2,2025-08-27 19:31:48,2025-08-27 19:31:49,1,0
894,L14,#35,GW252/13600,(1)停机过程,1,2025-08-27 19:31:17,2025-08-27 19:31:48,31,0.01
895,L14,#35,GW252/13600,(4)启机状态,4,2025-08-27 19:26:17,2025-08-27 19:31:17,300,0.08
896,L14,#35,GW252/13600,(3)待机状态,3,2025-08-27 19:25:14,2025-08-27 19:26:17,63,0.02
897,L14,#35,GW252/13600,(2)停机状态,2,2025-08-27 19:25:13,2025-08-27 19:25:14,1,0
898,L14,#35,GW252/13600,(1)停机过程,1,2025-08-27 19:24:40,2025-08-27 19:25:13,33,0.01
899,L14,#35,GW252/13600,(4)启机状态,4,2025-08-27 19:19:40,2025-08-27 19:24:40,300,0.08
900,L14,#35,GW252/13600,(3)待机状态,3,2025-08-27 19:18:42,2025-08-27 19:19:40,58,0.02
901,L14,#35,GW252/13600,(2)停机状态,2,2025-08-27 19:18:40,2025-08-27 19:18:42,2,0
902,L14,#35,GW252/13600,(1)停机过程,1,2025-08-27 19:18:08,2025-08-27 19:18:40,32,0.01
903,L14,#35,GW252/13600,(4)启机状态,4,2025-08-27 19:13:09,2025-08-27 19:18:08,299,0.08
904,L14,#35,GW252/13600,(3)待机状态,3,2025-08-27 19:11:46,2025-08-27 19:13:09,83,0.02
905,L14,#35,GW252/13600,(2)停机状态,2,2025-08-27 19:11:45,2025-08-27 19:11:46,1,0
906,L14,#35,GW252/13600,(1)停机过程,1,2025-08-27 19:11:13,2025-08-27 19:11:45,32,0.01
907,L14,#35,GW252/13600,(4)启机状态,4,2025-08-27 19:06:13,2025-08-27 19:11:13,300,0.08
908,L14,#35,GW252/13600,(3)待机状态,3,2025-08-27 19:04:17,2025-08-27 19:06:13,116,0.03
909,L14,#35,GW252/13600,(2)停机状态,2,2025-08-27 18:51:46,2025-08-27 19:04:17,751,0.21
910,L14,#35,GW252/13600,(1)停机过程,1,2025-08-27 18:51:15,2025-08-27 18:51:46,31,0.01
911,L14,#35,GW252/13600,(3)待机状态,3,2025-08-27 14:12:39,2025-08-27 18:51:15,16716,4.64
912,L14,#35,GW252/13600,(2)停机状态,2,2025-08-27 14:12:38,2025-08-27 14:12:39,1,0
913,L14,#35,GW252/13600,(1)停机过程,1,2025-08-27 14:12:07,2025-08-27 14:12:38,31,0.01
914,L14,#35,GW252/13600,(4)启机状态,4,2025-08-27 14:07:07,2025-08-27 14:12:07,300,0.08
915,L14,#35,GW252/13600,(3)待机状态,3,2025-08-27 13:58:55,2025-08-27 14:07:07,492,0.14
916,L14,#35,GW252/13600,(2)停机状态,2,2025-08-27 13:58:52,2025-08-27 13:58:55,3,0
917,L14,#35,GW252/13600,(1)停机过程,1,2025-08-27 13:58:20,2025-08-27 13:58:52,32,0.01
918,L14,#35,GW252/13600,(4)启机状态,4,2025-08-27 13:53:20,2025-08-27 13:58:20,300,0.08
919,L14,#35,GW252/13600,(3)待机状态,3,2025-08-27 13:47:41,2025-08-27 13:53:20,339,0.09
920,L14,#35,GW252/13600,(1)停机过程,1,2025-08-27 13:47:10,2025-08-27 13:47:41,31,0.01
921,L14,#35,GW252/13600,(4)启机状态,4,2025-08-27 13:42:10,2025-08-27 13:47:10,300,0.08
922,L14,#35,GW252/13600,(3)待机状态,3,2025-08-27 13:39:59,2025-08-27 13:42:10,131,0.04
923,L14,#35,GW252/13600,(2)停机状态,2,2025-08-27 13:39:57,2025-08-27 13:39:59,2,0
924,L14,#35,GW252/13600,(1)停机过程,1,2025-08-27 13:39:25,2025-08-27 13:39:57,32,0.01
925,L14,#35,GW252/13600,(4)启机状态,4,2025-08-27 13:34:25,2025-08-27 13:39:25,300,0.08
926,L14,#35,GW252/13600,(3)待机状态,3,2025-08-27 13:33:20,2025-08-27 13:34:25,65,0.02
927,L14,#35,GW252/13600,(2)停机状态,2,2025-08-27 13:33:18,2025-08-27 13:33:20,2,0
928,L14,#35,GW252/13600,(1)停机过程,1,2025-08-27 13:32:47,2025-08-27 13:33:18,31,0.01
929,L14,#35,GW252/13600,(4)启机状态,4,2025-08-27 13:27:47,2025-08-27 13:32:47,300,0.08
930,L14,#35,GW252/13600,(3)待机状态,3,2025-08-27 13:26:33,2025-08-27 13:27:47,74,0.02
931,L14,#35,GW252/13600,(2)停机状态,2,2025-08-27 13:26:32,2025-08-27 13:26:33,1,0
932,L14,#35,GW252/13600,(1)停机过程,1,2025-08-27 13:25:59,2025-08-27 13:26:32,33,0.01
933,L14,#35,GW252/13600,(4)启机状态,4,2025-08-27 13:20:59,2025-08-27 13:25:59,300,0.08
934,L14,#35,GW252/13600,(3)待机状态,3,2025-08-27 13:19:03,2025-08-27 13:20:59,116,0.03
935,L14,#35,GW252/13600,(2)停机状态,2,2025-08-27 13:19:01,2025-08-27 13:19:03,2,0
936,L14,#35,GW252/13600,(1)停机过程,1,2025-08-27 13:18:28,2025-08-27 13:19:01,33,0.01
937,L14,#35,GW252/13600,(4)启机状态,4,2025-08-27 13:13:28,2025-08-27 13:18:28,300,0.08
938,L14,#35,GW252/13600,(3)待机状态,3,2025-08-27 13:06:55,2025-08-27 13:13:28,393,0.11
939,L14,#35,GW252/13600,(2)停机状态,2,2025-08-27 13:06:53,2025-08-27 13:06:55,2,0
940,L14,#35,GW252/13600,(1)停机过程,1,2025-08-27 13:06:20,2025-08-27 13:06:53,33,0.01
941,L14,#35,GW252/13600,(4)启机状态,4,2025-08-27 13:01:21,2025-08-27 13:06:20,299,0.08
942,L14,#35,GW252/13600,(3)待机状态,3,2025-08-27 12:59:56,2025-08-27 13:01:21,85,0.02
943,L14,#35,GW252/13600,(1)停机过程,1,2025-08-27 12:59:23,2025-08-27 12:59:56,33,0.01
944,L14,#35,GW252/13600,(4)启机状态,4,2025-08-27 12:54:23,2025-08-27 12:59:23,300,0.08
945,L14,#35,GW252/13600,(3)待机状态,3,2025-08-27 12:52:46,2025-08-27 12:54:23,97,0.03
946,L14,#35,GW252/13600,(2)停机状态,2,2025-08-27 12:52:45,2025-08-27 12:52:46,1,0
947,L14,#35,GW252/13600,(1)停机过程,1,2025-08-27 12:52:14,2025-08-27 12:52:45,31,0.01
948,L14,#35,GW252/13600,(4)启机状态,4,2025-08-27 12:47:13,2025-08-27 12:52:14,301,0.08
949,L14,#35,GW252/13600,(3)待机状态,3,2025-08-27 12:46:01,2025-08-27 12:47:13,72,0.02
950,L14,#35,GW252/13600,(2)停机状态,2,2025-08-27 12:45:59,2025-08-27 12:46:01,2,0
951,L14,#35,GW252/13600,(1)停机过程,1,2025-08-27 12:45:29,2025-08-27 12:45:59,30,0.01
952,L14,#35,GW252/13600,(4)启机状态,4,2025-08-27 12:40:28,2025-08-27 12:45:29,301,0.08
953,L14,#35,GW252/13600,(3)待机状态,3,2025-08-27 12:38:50,2025-08-27 12:40:28,98,0.03
954,L14,#35,GW252/13600,(2)停机状态,2,2025-08-27 12:38:48,2025-08-27 12:38:50,2,0
955,L14,#35,GW252/13600,(1)停机过程,1,2025-08-27 12:38:17,2025-08-27 12:38:48,31,0.01
956,L14,#35,GW252/13600,(4)启机状态,4,2025-08-27 12:33:17,2025-08-27 12:38:17,300,0.08
957,L14,#35,GW252/13600,(3)待机状态,3,2025-08-27 12:32:06,2025-08-27 12:33:17,71,0.02
958,L14,#35,GW252/13600,(2)停机状态,2,2025-08-27 12:32:05,2025-08-27 12:32:06,1,0
959,L14,#35,GW252/13600,(1)停机过程,1,2025-08-27 12:31:32,2025-08-27 12:32:05,33,0.01
960,L14,#35,GW252/13600,(4)启机状态,4,2025-08-27 12:26:32,2025-08-27 12:31:32,300,0.08
961,L14,#35,GW252/13600,(3)待机状态,3,2025-08-27 12:25:18,2025-08-27 12:26:32,74,0.02
962,L14,#35,GW252/13600,(2)停机状态,2,2025-08-27 12:25:16,2025-08-27 12:25:18,2,0
963,L14,#35,GW252/13600,(1)停机过程,1,2025-08-27 12:24:46,2025-08-27 12:25:16,30,0.01
964,L14,#35,GW252/13600,(4)启机状态,4,2025-08-27 12:19:46,2025-08-27 12:24:46,300,0.08
965,L14,#35,GW252/13600,(3)待机状态,3,2025-08-27 12:18:44,2025-08-27 12:19:46,62,0.02
966,L14,#35,GW252/13600,(2)停机状态,2,2025-08-27 12:18:42,2025-08-27 12:18:44,2,0
967,L14,#35,GW252/13600,(1)停机过程,1,2025-08-27 12:18:10,2025-08-27 12:18:42,32,0.01
968,L14,#35,GW252/13600,(4)启机状态,4,2025-08-27 12:13:10,2025-08-27 12:18:10,300,0.08
969,L14,#35,GW252/13600,(3)待机状态,3,2025-08-27 12:05:29,2025-08-27 12:13:10,461,0.13
970,L14,#35,GW252/13600,(2)停机状态,2,2025-08-27 12:05:27,2025-08-27 12:05:29,2,0
971,L14,#35,GW252/13600,(1)停机过程,1,2025-08-27 12:04:54,2025-08-27 12:05:27,33,0.01
972,L14,#35,GW252/13600,(4)启机状态,4,2025-08-27 11:59:54,2025-08-27 12:04:54,300,0.08
973,L14,#35,GW252/13600,(3)待机状态,3,2025-08-27 11:58:30,2025-08-27 11:59:54,84,0.02
974,L14,#35,GW252/13600,(2)停机状态,2,2025-08-27 11:58:27,2025-08-27 11:58:30,3,0
975,L14,#35,GW252/13600,(1)停机过程,1,2025-08-27 11:57:55,2025-08-27 11:58:27,32,0.01
976,L14,#35,GW252/13600,(4)启机状态,4,2025-08-27 11:52:55,2025-08-27 11:57:55,300,0.08
977,L14,#35,GW252/13600,(3)待机状态,3,2025-08-27 11:49:55,2025-08-27 11:52:55,180,0.05
978,L14,#35,GW252/13600,(2)停机状态,2,2025-08-27 11:49:54,2025-08-27 11:49:55,1,0
979,L14,#35,GW252/13600,(1)停机过程,1,2025-08-27 11:49:23,2025-08-27 11:49:54,31,0.01
980,L14,#35,GW252/13600,(4)启机状态,4,2025-08-27 11:44:23,2025-08-27 11:49:23,300,0.08
981,L14,#35,GW252/13600,(3)待机状态,3,2025-08-27 11:43:01,2025-08-27 11:44:23,82,0.02
982,L14,#35,GW252/13600,(2)停机状态,2,2025-08-27 11:43:00,2025-08-27 11:43:01,1,0
983,L14,#35,GW252/13600,(1)停机过程,1,2025-08-27 11:42:31,2025-08-27 11:43:00,29,0.01
984,L14,#35,GW252/13600,(4)启机状态,4,2025-08-27 11:37:29,2025-08-27 11:42:31,302,0.08
985,L14,#35,GW252/13600,(3)待机状态,3,2025-08-27 11:21:47,2025-08-27 11:37:29,942,0.26
986,L14,#35,GW252/13600,(2)停机状态,2,2025-08-27 11:21:46,2025-08-27 11:21:47,1,0
987,L14,#35,GW252/13600,(1)停机过程,1,2025-08-27 11:21:13,2025-08-27 11:21:46,33,0.01
988,L14,#35,GW252/13600,(4)启机状态,4,2025-08-27 11:16:14,2025-08-27 11:21:13,299,0.08
989,L14,#35,GW252/13600,(3)待机状态,3,2025-08-27 11:14:59,2025-08-27 11:16:14,75,0.02
990,L14,#35,GW252/13600,(2)停机状态,2,2025-08-27 11:14:57,2025-08-27 11:14:59,2,0
991,L14,#35,GW252/13600,(1)停机过程,1,2025-08-27 11:14:25,2025-08-27 11:14:57,32,0.01
992,L14,#35,GW252/13600,(4)启机状态,4,2025-08-27 11:09:25,2025-08-27 11:14:25,300,0.08
993,L14,#35,GW252/13600,(3)待机状态,3,2025-08-27 11:06:47,2025-08-27 11:09:25,158,0.04
994,L14,#35,GW252/13600,(2)停机状态,2,2025-08-27 11:06:45,2025-08-27 11:06:47,2,0
995,L14,#35,GW252/13600,(1)停机过程,1,2025-08-27 11:06:14,2025-08-27 11:06:45,31,0.01
996,L14,#35,GW252/13600,(4)启机状态,4,2025-08-27 11:01:14,2025-08-27 11:06:14,300,0.08
997,L14,#35,GW252/13600,(3)待机状态,3,2025-08-27 11:00:05,2025-08-27 11:01:14,69,0.02
998,L14,#35,GW252/13600,(2)停机状态,2,2025-08-27 11:00:03,2025-08-27 11:00:05,2,0
999,L14,#35,GW252/13600,(1)停机过程,1,2025-08-27 10:59:30,2025-08-27 11:00:03,33,0.01
1000,L14,#35,GW252/13600,(4)启机状态,4,2025-08-27 10:54:31,2025-08-27 10:59:30,299,0.08
1001,L14,#35,GW252/13600,(3)待机状态,3,2025-08-27 10:53:01,2025-08-27 10:54:31,90,0.03
1002,L14,#35,GW252/13600,(2)停机状态,2,2025-08-27 10:53:00,2025-08-27 10:53:01,1,0
1003,L14,#35,GW252/13600,(1)停机过程,1,2025-08-27 10:52:28,2025-08-27 10:53:00,32,0.01
1004,L14,#35,GW252/13600,(4)启机状态,4,2025-08-27 10:47:28,2025-08-27 10:52:28,300,0.08
1005,L14,#35,GW252/13600,(3)待机状态,3,2025-08-27 10:46:13,2025-08-27 10:47:28,75,0.02
1006,L14,#35,GW252/13600,(2)停机状态,2,2025-08-27 10:46:10,2025-08-27 10:46:13,3,0
1007,L14,#35,GW252/13600,(1)停机过程,1,2025-08-27 10:45:40,2025-08-27 10:46:10,30,0.01
1008,L14,#35,GW252/13600,(4)启机状态,4,2025-08-27 10:40:40,2025-08-27 10:45:40,300,0.08
1009,L14,#35,GW252/13600,(3)待机状态,3,2025-08-27 10:37:47,2025-08-27 10:40:40,173,0.05
1010,L14,#35,GW252/13600,(2)停机状态,2,2025-08-27 10:37:46,2025-08-27 10:37:47,1,0
1011,L14,#35,GW252/13600,(1)停机过程,1,2025-08-27 10:37:14,2025-08-27 10:37:46,32,0.01
1012,L14,#35,GW252/13600,(4)启机状态,4,2025-08-27 10:32:14,2025-08-27 10:37:14,300,0.08
1013,L14,#35,GW252/13600,(3)待机状态,3,2025-08-27 10:31:11,2025-08-27 10:32:14,63,0.02
1014,L14,#35,GW252/13600,(2)停机状态,2,2025-08-27 10:31:10,2025-08-27 10:31:11,1,0
1015,L14,#35,GW252/13600,(1)停机过程,1,2025-08-27 10:30:39,2025-08-27 10:31:10,31,0.01
1016,L14,#35,GW252/13600,(4)启机状态,4,2025-08-27 10:25:39,2025-08-27 10:30:39,300,0.08
1017,L14,#35,GW252/13600,(3)待机状态,3,2025-08-27 10:24:29,2025-08-27 10:25:39,70,0.02
1018,L14,#35,GW252/13600,(2)停机状态,2,2025-08-27 10:24:25,2025-08-27 10:24:29,4,0
1019,L14,#35,GW252/13600,(1)停机过程,1,2025-08-27 10:23:54,2025-08-27 10:24:25,31,0.01
1020,L14,#35,GW252/13600,(4)启机状态,4,2025-08-27 10:18:54,2025-08-27 10:23:54,300,0.08
1021,L14,#35,GW252/13600,(3)待机状态,3,2025-08-27 10:17:51,2025-08-27 10:18:54,63,0.02
1022,L14,#35,GW252/13600,(2)停机状态,2,2025-08-27 10:17:50,2025-08-27 10:17:51,1,0
1023,L14,#35,GW252/13600,(1)停机过程,1,2025-08-27 10:17:18,2025-08-27 10:17:50,32,0.01
1024,L14,#35,GW252/13600,(4)启机状态,4,2025-08-27 10:12:19,2025-08-27 10:17:18,299,0.08
1025,L14,#35,GW252/13600,(3)待机状态,3,2025-08-27 10:11:11,2025-08-27 10:12:19,68,0.02
1026,L14,#35,GW252/13600,(2)停机状态,2,2025-08-27 10:11:09,2025-08-27 10:11:11,2,0
1027,L14,#35,GW252/13600,(1)停机过程,1,2025-08-27 10:10:37,2025-08-27 10:11:09,32,0.01
1028,L14,#35,GW252/13600,(4)启机状态,4,2025-08-27 10:05:37,2025-08-27 10:10:37,300,0.08
1029,L14,#35,GW252/13600,(3)待机状态,3,2025-08-27 10:00:33,2025-08-27 10:05:37,304,0.08
1030,L14,#35,GW252/13600,(2)停机状态,2,2025-08-27 10:00:31,2025-08-27 10:00:33,2,0
1031,L14,#35,GW252/13600,(1)停机过程,1,2025-08-27 10:00:00,2025-08-27 10:00:31,31,0.01
1032,L14,#35,GW252/13600,(4)启机状态,4,2025-08-27 09:55:00,2025-08-27 10:00:00,300,0.08
1033,L14,#35,GW252/13600,(3)待机状态,3,2025-08-27 09:50:21,2025-08-27 09:55:00,279,0.08
1034,L14,#35,GW252/13600,(2)停机状态,2,2025-08-27 09:50:20,2025-08-27 09:50:21,1,0
1035,L14,#35,GW252/13600,(1)停机过程,1,2025-08-27 09:49:48,2025-08-27 09:50:20,32,0.01
1036,L14,#35,GW252/13600,(4)启机状态,4,2025-08-27 09:44:48,2025-08-27 09:49:48,300,0.08
1037,L14,#35,GW252/13600,(3)待机状态,3,2025-08-27 09:42:59,2025-08-27 09:44:48,109,0.03
1038,L14,#35,GW252/13600,(2)停机状态,2,2025-08-27 09:42:19,2025-08-27 09:42:59,40,0.01
1039,L14,#35,GW252/13600,(1)停机过程,1,2025-08-27 09:41:48,2025-08-27 09:42:19,31,0.01
1040,L14,#35,GW252/13600,(4)启机状态,4,2025-08-27 09:36:48,2025-08-27 09:41:48,300,0.08
1041,L14,#35,GW252/13600,(3)待机状态,3,2025-08-27 09:22:30,2025-08-27 09:36:48,858,0.24
1042,L14,#35,GW252/13600,(2)停机状态,2,2025-08-27 09:22:28,2025-08-27 09:22:30,2,0
1043,L14,#35,GW252/13600,(1)停机过程,1,2025-08-27 09:21:56,2025-08-27 09:22:28,32,0.01
1044,L14,#35,GW252/13600,(4)启机状态,4,2025-08-27 09:16:56,2025-08-27 09:21:56,300,0.08
1045,L14,#35,GW252/13600,(3)待机状态,3,2025-08-27 09:15:43,2025-08-27 09:16:56,73,0.02
1046,L14,#35,GW252/13600,(1)停机过程,1,2025-08-27 09:15:11,2025-08-27 09:15:43,32,0.01
1047,L14,#35,GW252/13600,(4)启机状态,4,2025-08-27 09:10:11,2025-08-27 09:15:11,300,0.08
1048,L14,#35,GW252/13600,(3)待机状态,3,2025-08-27 09:08:58,2025-08-27 09:10:11,73,0.02
1049,L14,#35,GW252/13600,(2)停机状态,2,2025-08-27 09:08:57,2025-08-27 09:08:58,1,0
1050,L14,#35,GW252/13600,(1)停机过程,1,2025-08-27 09:08:26,2025-08-27 09:08:57,31,0.01
1051,L14,#35,GW252/13600,(4)启机状态,4,2025-08-27 09:03:27,2025-08-27 09:08:26,299,0.08
1052,L14,#35,GW252/13600,(3)待机状态,3,2025-08-27 09:02:09,2025-08-27 09:03:27,78,0.02
1053,L14,#35,GW252/13600,(2)停机状态,2,2025-08-27 09:02:08,2025-08-27 09:02:09,1,0
1054,L14,#35,GW252/13600,(1)停机过程,1,2025-08-27 09:01:35,2025-08-27 09:02:08,33,0.01
1055,L14,#35,GW252/13600,(4)启机状态,4,2025-08-27 08:56:35,2025-08-27 09:01:35,300,0.08
1056,L14,#35,GW252/13600,(3)待机状态,3,2025-08-27 08:54:08,2025-08-27 08:56:35,147,0.04
1057,L14,#35,GW252/13600,(2)停机状态,2,2025-08-27 08:54:07,2025-08-27 08:54:08,1,0
1058,L14,#35,GW252/13600,(1)停机过程,1,2025-08-27 08:53:37,2025-08-27 08:54:07,30,0.01
1059,L14,#35,GW252/13600,(4)启机状态,4,2025-08-27 08:48:36,2025-08-27 08:53:37,301,0.08
1060,L14,#35,GW252/13600,(3)待机状态,3,2025-08-27 08:47:24,2025-08-27 08:48:36,72,0.02
1061,L14,#35,GW252/13600,(2)停机状态,2,2025-08-27 08:47:23,2025-08-27 08:47:24,1,0
1062,L14,#35,GW252/13600,(1)停机过程,1,2025-08-27 08:46:51,2025-08-27 08:47:23,32,0.01
1063,L14,#35,GW252/13600,(4)启机状态,4,2025-08-27 08:41:51,2025-08-27 08:46:51,300,0.08
1064,L14,#35,GW252/13600,(3)待机状态,3,2025-08-27 08:40:39,2025-08-27 08:41:51,72,0.02
1065,L14,#35,GW252/13600,(1)停机过程,1,2025-08-27 08:40:06,2025-08-27 08:40:39,33,0.01
1066,L14,#35,GW252/13600,(4)启机状态,4,2025-08-27 08:35:07,2025-08-27 08:40:06,299,0.08
1067,L14,#35,GW252/13600,(3)待机状态,3,2025-08-27 08:33:57,2025-08-27 08:35:07,70,0.02
1068,L14,#35,GW252/13600,(1)停机过程,1,2025-08-27 08:33:25,2025-08-27 08:33:57,32,0.01
1069,L14,#35,GW252/13600,(4)启机状态,4,2025-08-27 08:28:25,2025-08-27 08:33:25,300,0.08
1070,L14,#35,GW252/13600,(3)待机状态,3,2025-08-27 08:27:15,2025-08-27 08:28:25,70,0.02
1071,L14,#35,GW252/13600,(2)停机状态,2,2025-08-27 08:27:14,2025-08-27 08:27:15,1,0
1072,L14,#35,GW252/13600,(1)停机过程,1,2025-08-27 08:26:41,2025-08-27 08:27:14,33,0.01
1073,L14,#35,GW252/13600,(4)启机状态,4,2025-08-27 08:21:41,2025-08-27 08:26:41,300,0.08
1074,L14,#35,GW252/13600,(3)待机状态,3,2025-08-27 08:20:05,2025-08-27 08:21:41,96,0.03
1075,L14,#35,GW252/13600,(2)停机状态,2,2025-08-27 08:20:02,2025-08-27 08:20:05,3,0
1076,L14,#35,GW252/13600,(1)停机过程,1,2025-08-27 08:19:31,2025-08-27 08:20:02,31,0.01
1077,L14,#35,GW252/13600,(4)启机状态,4,2025-08-27 08:14:31,2025-08-27 08:19:31,300,0.08
1078,L14,#35,GW252/13600,(3)待机状态,3,2025-08-27 08:13:11,2025-08-27 08:14:31,80,0.02
1079,L14,#35,GW252/13600,(2)停机状态,2,2025-08-27 08:13:10,2025-08-27 08:13:11,1,0
1080,L14,#35,GW252/13600,(1)停机过程,1,2025-08-27 08:12:40,2025-08-27 08:13:10,30,0.01
1081,L14,#35,GW252/13600,(4)启机状态,4,2025-08-27 08:07:40,2025-08-27 08:12:40,300,0.08
1082,L14,#35,GW252/13600,(3)待机状态,3,2025-08-27 08:06:31,2025-08-27 08:07:40,69,0.02
1083,L14,#35,GW252/13600,(1)停机过程,1,2025-08-27 08:05:58,2025-08-27 08:06:31,33,0.01
1084,L14,#35,GW252/13600,(4)启机状态,4,2025-08-27 08:00:58,2025-08-27 08:05:58,300,0.08
1085,L14,#35,GW252/13600,(3)待机状态,3,2025-08-27 07:59:39,2025-08-27 08:00:58,79,0.02
1086,L14,#35,GW252/13600,(2)停机状态,2,2025-08-27 07:59:38,2025-08-27 07:59:39,1,0
1087,L14,#35,GW252/13600,(1)停机过程,1,2025-08-27 07:59:08,2025-08-27 07:59:38,30,0.01
1088,L14,#35,GW252/13600,(4)启机状态,4,2025-08-27 07:54:07,2025-08-27 07:59:08,301,0.08
1089,L14,#35,GW252/13600,(3)待机状态,3,2025-08-27 07:50:57,2025-08-27 07:54:07,190,0.05
1090,L14,#35,GW252/13600,(2)停机状态,2,2025-08-27 07:50:21,2025-08-27 07:50:57,36,0.01
1091,L14,#35,GW252/13600,(1)停机过程,1,2025-08-27 07:49:51,2025-08-27 07:50:21,30,0.01
1092,L14,#35,GW252/13600,(4)启机状态,4,2025-08-27 07:44:51,2025-08-27 07:49:51,300,0.08
1093,L14,#35,GW252/13600,(3)待机状态,3,2025-08-27 07:43:37,2025-08-27 07:44:51,74,0.02
1094,L14,#35,GW252/13600,(1)停机过程,1,2025-08-27 07:43:04,2025-08-27 07:43:37,33,0.01
1095,L14,#35,GW252/13600,(4)启机状态,4,2025-08-27 07:38:04,2025-08-27 07:43:04,300,0.08
1096,L14,#35,GW252/13600,(3)待机状态,3,2025-08-27 04:48:45,2025-08-27 07:38:04,10159,2.82
1097,L14,#35,GW252/13600,(1)停机过程,1,2025-08-27 04:48:12,2025-08-27 04:48:45,33,0.01
1098,L14,#35,GW252/13600,(4)启机状态,4,2025-08-27 04:43:12,2025-08-27 04:48:12,300,0.08
1099,L14,#35,GW252/13600,(3)待机状态,3,2025-08-27 04:33:01,2025-08-27 04:43:12,611,0.17
1100,L14,#35,GW252/13600,(2)停机状态,2,2025-08-27 04:31:57,2025-08-27 04:33:01,64,0.02
1101,L14,#35,GW252/13600,(1)停机过程,1,2025-08-27 04:31:26,2025-08-27 04:31:57,31,0.01
1102,L14,#35,GW252/13600,(4)启机状态,4,2025-08-27 04:26:25,2025-08-27 04:31:26,301,0.08
1103,L14,#35,GW252/13600,(3)待机状态,3,2025-08-27 03:07:21,2025-08-27 04:26:25,4744,1.32
1104,L14,#35,GW252/13600,(2)停机状态,2,2025-08-27 03:02:17,2025-08-27 03:07:21,304,0.08
1105,L14,#35,GW252/13600,(1)停机过程,1,2025-08-27 03:01:44,2025-08-27 03:02:17,33,0.01
1106,L14,#35,GW252/13600,(4)启机状态,4,2025-08-27 02:56:44,2025-08-27 03:01:44,300,0.08
1107,L14,#35,GW252/13600,(3)待机状态,3,2025-08-27 02:50:49,2025-08-27 02:56:44,355,0.1
1108,L14,#35,GW252/13600,(2)停机状态,2,2025-08-27 02:49:13,2025-08-27 02:50:49,96,0.03
1109,L14,#35,GW252/13600,(1)停机过程,1,2025-08-27 02:48:16,2025-08-27 02:49:13,57,0.02
1110,L14,#35,GW252/13600,(5)发电状态,5,2025-08-23 16:00:41,2025-08-27 02:48:16,298055,82.79
1111,L14,#35,GW252/13600,(4)启机状态,4,2025-08-23 15:56:25,2025-08-23 16:00:41,256,0.07
1112,L14,#35,GW252/13600,(3)待机状态,3,2025-08-23 15:55:01,2025-08-23 15:56:25,84,0.02
1113,L14,#35,GW252/13600,(2)停机状态,2,2025-08-23 15:54:15,2025-08-23 15:55:01,46,0.01
1114,L14,#35,GW252/13600,(1)停机过程,1,2025-08-23 15:53:44,2025-08-23 15:54:15,31,0.01
1115,L14,#35,GW252/13600,(4)启机状态,4,2025-08-23 15:48:43,2025-08-23 15:53:44,301,0.08
1116,L14,#35,GW252/13600,(3)待机状态,3,2025-08-23 15:47:18,2025-08-23 15:48:43,85,0.02
1117,L14,#35,GW252/13600,(2)停机状态,2,2025-08-23 15:12:05,2025-08-23 15:47:18,2113,0.59
1118,L14,#35,GW252/13600,(1)停机过程,1,2025-08-23 15:11:33,2025-08-23 15:12:05,32,0.01
1119,L14,#35,GW252/13600,(4)启机状态,4,2025-08-23 15:06:33,2025-08-23 15:11:33,300,0.08
1120,L14,#35,GW252/13600,(3)待机状态,3,2025-08-23 15:00:42,2025-08-23 15:06:33,351,0.1
1121,L14,#35,GW252/13600,(2)停机状态,2,2025-08-23 14:56:07,2025-08-23 15:00:42,275,0.08
1122,L14,#35,GW252/13600,(1)停机过程,1,2025-08-23 14:55:11,2025-08-23 14:56:07,56,0.02
1123,L14,#35,GW252/13600,(5)发电状态,5,2025-08-23 09:29:54,2025-08-23 14:55:11,19517,5.42
1124,L14,#35,GW252/13600,(4)启机状态,4,2025-08-23 09:27:40,2025-08-23 09:29:54,134,0.04
1125,L14,#35,GW252/13600,(3)待机状态,3,2025-08-23 09:26:43,2025-08-23 09:27:40,57,0.02
1126,L14,#35,GW252/13600,(2)停机状态,2,2025-08-23 09:26:42,2025-08-23 09:26:43,1,0
1127,L14,#35,GW252/13600,(1)停机过程,1,2025-08-23 09:26:11,2025-08-23 09:26:42,31,0.01
1128,L14,#35,GW252/13600,(4)启机状态,4,2025-08-23 09:21:11,2025-08-23 09:26:11,300,0.08
1129,L14,#35,GW252/13600,(3)待机状态,3,2025-08-23 09:20:07,2025-08-23 09:21:11,64,0.02
1130,L14,#35,GW252/13600,(2)停机状态,2,2025-08-23 09:20:06,2025-08-23 09:20:07,1,0
1131,L14,#35,GW252/13600,(1)停机过程,1,2025-08-23 09:19:34,2025-08-23 09:20:06,32,0.01
1132,L14,#35,GW252/13600,(4)启机状态,4,2025-08-23 09:14:34,2025-08-23 09:19:34,300,0.08
1133,L14,#35,GW252/13600,(3)待机状态,3,2025-08-23 09:13:24,2025-08-23 09:14:34,70,0.02
1134,L14,#35,GW252/13600,(2)停机状态,2,2025-08-23 09:13:22,2025-08-23 09:13:24,2,0
1135,L14,#35,GW252/13600,(1)停机过程,1,2025-08-23 09:12:50,2025-08-23 09:13:22,32,0.01
1136,L14,#35,GW252/13600,(4)启机状态,4,2025-08-23 09:07:50,2025-08-23 09:12:50,300,0.08
1137,L14,#35,GW252/13600,(3)待机状态,3,2025-08-23 09:05:05,2025-08-23 09:07:50,165,0.05
1138,L14,#35,GW252/13600,(2)停机状态,2,2025-08-23 09:05:03,2025-08-23 09:05:05,2,0
1139,L14,#35,GW252/13600,(1)停机过程,1,2025-08-23 09:04:31,2025-08-23 09:05:03,32,0.01
1140,L14,#35,GW252/13600,(4)启机状态,4,2025-08-23 08:59:31,2025-08-23 09:04:31,300,0.08
1141,L14,#35,GW252/13600,(3)待机状态,3,2025-08-23 08:58:26,2025-08-23 08:59:31,65,0.02
1142,L14,#35,GW252/13600,(2)停机状态,2,2025-08-23 08:58:25,2025-08-23 08:58:26,1,0
1143,L14,#35,GW252/13600,(1)停机过程,1,2025-08-23 08:57:53,2025-08-23 08:58:25,32,0.01
1144,L14,#35,GW252/13600,(4)启机状态,4,2025-08-23 08:52:53,2025-08-23 08:57:53,300,0.08
1145,L14,#35,GW252/13600,(3)待机状态,3,2025-08-23 08:51:13,2025-08-23 08:52:53,100,0.03
1146,L14,#35,GW252/13600,(2)停机状态,2,2025-08-23 08:51:11,2025-08-23 08:51:13,2,0
1147,L14,#35,GW252/13600,(1)停机过程,1,2025-08-23 08:50:40,2025-08-23 08:51:11,31,0.01
1148,L14,#35,GW252/13600,(4)启机状态,4,2025-08-23 08:45:39,2025-08-23 08:50:40,301,0.08
1149,L14,#35,GW252/13600,(3)待机状态,3,2025-08-23 08:44:17,2025-08-23 08:45:39,82,0.02
1150,L14,#35,GW252/13600,(2)停机状态,2,2025-08-23 08:44:16,2025-08-23 08:44:17,1,0
1151,L14,#35,GW252/13600,(1)停机过程,1,2025-08-23 08:43:44,2025-08-23 08:44:16,32,0.01
1152,L14,#35,GW252/13600,(4)启机状态,4,2025-08-23 08:38:43,2025-08-23 08:43:44,301,0.08
1153,L14,#35,GW252/13600,(3)待机状态,3,2025-08-23 08:37:08,2025-08-23 08:38:43,95,0.03
1154,L14,#35,GW252/13600,(2)停机状态,2,2025-08-23 08:37:06,2025-08-23 08:37:08,2,0
1155,L14,#35,GW252/13600,(1)停机过程,1,2025-08-23 08:36:35,2025-08-23 08:37:06,31,0.01
1156,L14,#35,GW252/13600,(4)启机状态,4,2025-08-23 08:31:35,2025-08-23 08:36:35,300,0.08
1157,L14,#35,GW252/13600,(3)待机状态,3,2025-08-23 08:16:04,2025-08-23 08:31:35,931,0.26
1158,L14,#35,GW252/13600,(2)停机状态,2,2025-08-23 08:15:58,2025-08-23 08:16:04,6,0
1159,L14,#35,GW252/13600,(1)停机过程,1,2025-08-23 08:15:26,2025-08-23 08:15:58,32,0.01
1160,L14,#35,GW252/13600,(4)启机状态,4,2025-08-23 08:10:26,2025-08-23 08:15:26,300,0.08
1161,L14,#35,GW252/13600,(3)待机状态,3,2025-08-23 08:09:17,2025-08-23 08:10:26,69,0.02
1162,L14,#35,GW252/13600,(2)停机状态,2,2025-08-23 08:09:15,2025-08-23 08:09:17,2,0
1163,L14,#35,GW252/13600,(1)停机过程,1,2025-08-23 08:08:43,2025-08-23 08:09:15,32,0.01
1164,L14,#35,GW252/13600,(4)启机状态,4,2025-08-23 08:03:43,2025-08-23 08:08:43,300,0.08
1165,L14,#35,GW252/13600,(3)待机状态,3,2025-08-23 08:02:34,2025-08-23 08:03:43,69,0.02
1166,L14,#35,GW252/13600,(2)停机状态,2,2025-08-23 08:02:32,2025-08-23 08:02:34,2,0
1167,L14,#35,GW252/13600,(1)停机过程,1,2025-08-23 08:02:00,2025-08-23 08:02:32,32,0.01
1168,L14,#35,GW252/13600,(4)启机状态,4,2025-08-23 07:57:00,2025-08-23 08:02:00,300,0.08
1169,L14,#35,GW252/13600,(3)待机状态,3,2025-08-23 07:55:26,2025-08-23 07:57:00,94,0.03
1170,L14,#35,GW252/13600,(2)停机状态,2,2025-08-23 07:55:24,2025-08-23 07:55:26,2,0
1171,L14,#35,GW252/13600,(1)停机过程,1,2025-08-23 07:54:52,2025-08-23 07:55:24,32,0.01
1172,L14,#35,GW252/13600,(4)启机状态,4,2025-08-23 07:49:52,2025-08-23 07:54:52,300,0.08
1173,L14,#35,GW252/13600,(3)待机状态,3,2025-08-23 07:48:17,2025-08-23 07:49:52,95,0.03
1174,L14,#35,GW252/13600,(2)停机状态,2,2025-08-23 07:48:13,2025-08-23 07:48:17,4,0
1175,L14,#35,GW252/13600,(1)停机过程,1,2025-08-23 07:47:41,2025-08-23 07:48:13,32,0.01
1176,L14,#35,GW252/13600,(4)启机状态,4,2025-08-23 07:42:41,2025-08-23 07:47:41,300,0.08
1177,L14,#35,GW252/13600,(3)待机状态,3,2025-08-23 07:39:59,2025-08-23 07:42:41,162,0.05
1178,L14,#35,GW252/13600,(2)停机状态,2,2025-08-23 07:39:58,2025-08-23 07:39:59,1,0
1179,L14,#35,GW252/13600,(1)停机过程,1,2025-08-23 07:39:27,2025-08-23 07:39:58,31,0.01
1180,L14,#35,GW252/13600,(4)启机状态,4,2025-08-23 07:34:27,2025-08-23 07:39:27,300,0.08
1181,L14,#35,GW252/13600,(3)待机状态,3,2025-08-23 07:33:25,2025-08-23 07:34:27,62,0.02
1182,L14,#35,GW252/13600,(2)停机状态,2,2025-08-23 07:33:23,2025-08-23 07:33:25,2,0
1183,L14,#35,GW252/13600,(1)停机过程,1,2025-08-23 07:32:51,2025-08-23 07:33:23,32,0.01
1184,L14,#35,GW252/13600,(4)启机状态,4,2025-08-23 07:27:50,2025-08-23 07:32:51,301,0.08
1185,L14,#35,GW252/13600,(3)待机状态,3,2025-08-23 07:26:45,2025-08-23 07:27:50,65,0.02
1186,L14,#35,GW252/13600,(2)停机状态,2,2025-08-23 07:26:43,2025-08-23 07:26:45,2,0
1187,L14,#35,GW252/13600,(1)停机过程,1,2025-08-23 07:26:12,2025-08-23 07:26:43,31,0.01
1188,L14,#35,GW252/13600,(4)启机状态,4,2025-08-23 07:21:12,2025-08-23 07:26:12,300,0.08
1189,L14,#35,GW252/13600,(3)待机状态,3,2025-08-23 07:20:09,2025-08-23 07:21:12,63,0.02
1190,L14,#35,GW252/13600,(2)停机状态,2,2025-08-23 07:20:08,2025-08-23 07:20:09,1,0
1191,L14,#35,GW252/13600,(1)停机过程,1,2025-08-23 07:19:36,2025-08-23 07:20:08,32,0.01
1192,L14,#35,GW252/13600,(4)启机状态,4,2025-08-23 07:14:36,2025-08-23 07:19:36,300,0.08
1193,L14,#35,GW252/13600,(3)待机状态,3,2025-08-23 07:13:04,2025-08-23 07:14:36,92,0.03
1194,L14,#35,GW252/13600,(2)停机状态,2,2025-08-23 07:13:03,2025-08-23 07:13:04,1,0
1195,L14,#35,GW252/13600,(1)停机过程,1,2025-08-23 07:12:32,2025-08-23 07:13:03,31,0.01
1196,L14,#35,GW252/13600,(4)启机状态,4,2025-08-23 07:07:32,2025-08-23 07:12:32,300,0.08
1197,L14,#35,GW252/13600,(3)待机状态,3,2025-08-23 07:06:08,2025-08-23 07:07:32,84,0.02
1198,L14,#35,GW252/13600,(2)停机状态,2,2025-08-23 07:06:01,2025-08-23 07:06:08,7,0
1199,L14,#35,GW252/13600,(1)停机过程,1,2025-08-23 07:05:30,2025-08-23 07:06:01,31,0.01
1200,L14,#35,GW252/13600,(4)启机状态,4,2025-08-23 07:00:30,2025-08-23 07:05:30,300,0.08
1201,L14,#35,GW252/13600,(3)待机状态,3,2025-08-23 06:58:31,2025-08-23 07:00:30,119,0.03
1202,L14,#35,GW252/13600,(2)停机状态,2,2025-08-23 06:58:29,2025-08-23 06:58:31,2,0
1203,L14,#35,GW252/13600,(1)停机过程,1,2025-08-23 06:57:58,2025-08-23 06:58:29,31,0.01
1204,L14,#35,GW252/13600,(4)启机状态,4,2025-08-23 06:52:57,2025-08-23 06:57:58,301,0.08
1205,L14,#35,GW252/13600,(3)待机状态,3,2025-08-23 04:01:15,2025-08-23 06:52:57,10302,2.86
1206,L14,#35,GW252/13600,(2)停机状态,2,2025-08-23 04:00:19,2025-08-23 04:01:15,56,0.02
1207,L14,#35,GW252/13600,(1)停机过程,1,2025-08-23 03:59:46,2025-08-23 04:00:19,33,0.01
1208,L14,#35,GW252/13600,(4)启机状态,4,2025-08-23 03:54:47,2025-08-23 03:59:46,299,0.08
1209,L14,#35,GW252/13600,(3)待机状态,3,2025-08-23 03:45:18,2025-08-23 03:54:47,569,0.16
1210,L14,#35,GW252/13600,(2)停机状态,2,2025-08-23 03:45:13,2025-08-23 03:45:18,5,0
1211,L14,#35,GW252/13600,(1)停机过程,1,2025-08-23 03:44:42,2025-08-23 03:45:13,31,0.01
1212,L14,#35,GW252/13600,(4)启机状态,4,2025-08-23 03:39:42,2025-08-23 03:44:42,300,0.08
1213,L14,#35,GW252/13600,(3)待机状态,3,2025-08-23 03:24:13,2025-08-23 03:39:42,929,0.26
1214,L14,#35,GW252/13600,(2)停机状态,2,2025-08-23 03:23:13,2025-08-23 03:24:13,60,0.02
1215,L14,#35,GW252/13600,(1)停机过程,1,2025-08-23 03:22:41,2025-08-23 03:23:13,32,0.01
1216,L14,#35,GW252/13600,(4)启机状态,4,2025-08-23 03:17:41,2025-08-23 03:22:41,300,0.08
1217,L14,#35,GW252/13600,(3)待机状态,3,2025-08-23 03:16:06,2025-08-23 03:17:41,95,0.03
1218,L14,#35,GW252/13600,(2)停机状态,2,2025-08-23 03:16:05,2025-08-23 03:16:06,1,0
1219,L14,#35,GW252/13600,(1)停机过程,1,2025-08-23 03:15:34,2025-08-23 03:16:05,31,0.01
1220,L14,#35,GW252/13600,(4)启机状态,4,2025-08-23 03:10:34,2025-08-23 03:15:34,300,0.08
1221,L14,#35,GW252/13600,(3)待机状态,3,2025-08-23 03:06:58,2025-08-23 03:10:34,216,0.06
1222,L14,#35,GW252/13600,(2)停机状态,2,2025-08-23 03:06:56,2025-08-23 03:06:58,2,0
1223,L14,#35,GW252/13600,(1)停机过程,1,2025-08-23 03:06:24,2025-08-23 03:06:56,32,0.01
1224,L14,#35,GW252/13600,(4)启机状态,4,2025-08-23 03:01:24,2025-08-23 03:06:24,300,0.08
1225,L14,#35,GW252/13600,(3)待机状态,3,2025-08-23 03:00:11,2025-08-23 03:01:24,73,0.02
1226,L14,#35,GW252/13600,(2)停机状态,2,2025-08-23 03:00:09,2025-08-23 03:00:11,2,0
1227,L14,#35,GW252/13600,(1)停机过程,1,2025-08-23 02:59:38,2025-08-23 03:00:09,31,0.01
1228,L14,#35,GW252/13600,(4)启机状态,4,2025-08-23 02:54:38,2025-08-23 02:59:38,300,0.08
1229,L14,#35,GW252/13600,(3)待机状态,3,2025-08-23 02:53:19,2025-08-23 02:54:38,79,0.02
1230,L14,#35,GW252/13600,(1)停机过程,1,2025-08-23 02:52:46,2025-08-23 02:53:19,33,0.01
1231,L14,#35,GW252/13600,(4)启机状态,4,2025-08-23 02:47:46,2025-08-23 02:52:46,300,0.08
1232,L14,#35,GW252/13600,(3)待机状态,3,2025-08-23 02:43:20,2025-08-23 02:47:46,266,0.07
1233,L14,#35,GW252/13600,(2)停机状态,2,2025-08-23 02:41:19,2025-08-23 02:43:20,121,0.03
1234,L14,#35,GW252/13600,(1)停机过程,1,2025-08-23 02:40:46,2025-08-23 02:41:19,33,0.01
1235,L14,#35,GW252/13600,(4)启机状态,4,2025-08-23 02:35:46,2025-08-23 02:40:46,300,0.08
1236,L14,#35,GW252/13600,(3)待机状态,3,2025-08-23 00:09:56,2025-08-23 02:35:46,8750,2.43
1237,L14,#35,GW252/13600,(2)停机状态,2,2025-08-23 00:07:28,2025-08-23 00:09:56,148,0.04
1238,L14,#35,GW252/13600,(1)停机过程,1,2025-08-23 00:06:56,2025-08-23 00:07:28,32,0.01
1239,L14,#35,GW252/13600,(4)启机状态,4,2025-08-23 00:01:55,2025-08-23 00:06:56,301,0.08
1240,L14,#35,GW252/13600,(3)待机状态,3,2025-08-22 23:56:49,2025-08-23 00:01:55,306,0.09
1241,L14,#35,GW252/13600,(2)停机状态,2,2025-08-22 23:54:24,2025-08-22 23:56:49,145,0.04
1242,L14,#35,GW252/13600,(1)停机过程,1,2025-08-22 23:53:52,2025-08-22 23:54:24,32,0.01
1243,L14,#35,GW252/13600,(4)启机状态,4,2025-08-22 23:48:52,2025-08-22 23:53:52,300,0.08
1244,L14,#35,GW252/13600,(3)待机状态,3,2025-08-22 23:46:01,2025-08-22 23:48:52,171,0.05
1245,L14,#35,GW252/13600,(2)停机状态,2,2025-08-22 23:45:34,2025-08-22 23:46:01,27,0.01
1246,L14,#35,GW252/13600,(1)停机过程,1,2025-08-22 23:45:02,2025-08-22 23:45:34,32,0.01
1247,L14,#35,GW252/13600,(4)启机状态,4,2025-08-22 23:40:03,2025-08-22 23:45:02,299,0.08
1248,L14,#35,GW252/13600,(3)待机状态,3,2025-08-22 23:38:58,2025-08-22 23:40:03,65,0.02
1249,L14,#35,GW252/13600,(2)停机状态,2,2025-08-22 23:38:56,2025-08-22 23:38:58,2,0
1250,L14,#35,GW252/13600,(1)停机过程,1,2025-08-22 23:38:24,2025-08-22 23:38:56,32,0.01
1251,L14,#35,GW252/13600,(4)启机状态,4,2025-08-22 23:33:24,2025-08-22 23:38:24,300,0.08
1252,L14,#35,GW252/13600,(3)待机状态,3,2025-08-22 23:32:15,2025-08-22 23:33:24,69,0.02
1253,L14,#35,GW252/13600,(2)停机状态,2,2025-08-22 23:32:13,2025-08-22 23:32:15,2,0
1254,L14,#35,GW252/13600,(1)停机过程,1,2025-08-22 23:31:42,2025-08-22 23:32:13,31,0.01
1255,L14,#35,GW252/13600,(4)启机状态,4,2025-08-22 23:26:42,2025-08-22 23:31:42,300,0.08
1256,L14,#35,GW252/13600,(3)待机状态,3,2025-08-22 23:24:52,2025-08-22 23:26:42,110,0.03
1257,L14,#35,GW252/13600,(2)停机状态,2,2025-08-22 23:24:50,2025-08-22 23:24:52,2,0
1258,L14,#35,GW252/13600,(1)停机过程,1,2025-08-22 23:24:21,2025-08-22 23:24:50,29,0.01
1259,L14,#35,GW252/13600,(4)启机状态,4,2025-08-22 23:19:20,2025-08-22 23:24:21,301,0.08
1260,L14,#35,GW252/13600,(3)待机状态,3,2025-08-22 23:15:34,2025-08-22 23:19:20,226,0.06
1261,L14,#35,GW252/13600,(1)停机过程,1,2025-08-22 23:15:01,2025-08-22 23:15:34,33,0.01
1262,L14,#35,GW252/13600,(4)启机状态,4,2025-08-22 23:10:00,2025-08-22 23:15:01,301,0.08
1263,L14,#35,GW252/13600,(3)待机状态,3,2025-08-22 23:08:31,2025-08-22 23:10:00,89,0.02
1264,L14,#35,GW252/13600,(2)停机状态,2,2025-08-22 23:08:30,2025-08-22 23:08:31,1,0
1265,L14,#35,GW252/13600,(1)停机过程,1,2025-08-22 23:07:59,2025-08-22 23:08:30,31,0.01
1266,L14,#35,GW252/13600,(4)启机状态,4,2025-08-22 23:02:58,2025-08-22 23:07:59,301,0.08
1267,L14,#35,GW252/13600,(3)待机状态,3,2025-08-22 22:21:07,2025-08-22 23:02:58,2511,0.7
1268,L14,#35,GW252/13600,(2)停机状态,2,2025-08-22 22:18:05,2025-08-22 22:21:07,182,0.05
1269,L14,#35,GW252/13600,(1)停机过程,1,2025-08-22 22:17:34,2025-08-22 22:18:05,31,0.01
1270,L14,#35,GW252/13600,(4)启机状态,4,2025-08-22 22:12:34,2025-08-22 22:17:34,300,0.08
1271,L14,#35,GW252/13600,(3)待机状态,3,2025-08-22 21:47:07,2025-08-22 22:12:34,1527,0.42
1272,L14,#35,GW252/13600,(2)停机状态,2,2025-08-22 21:44:07,2025-08-22 21:47:07,180,0.05
1273,L14,#35,GW252/13600,(1)停机过程,1,2025-08-22 21:43:35,2025-08-22 21:44:07,32,0.01
1274,L14,#35,GW252/13600,(4)启机状态,4,2025-08-22 21:38:35,2025-08-22 21:43:35,300,0.08
1275,L14,#35,GW252/13600,(3)待机状态,3,2025-08-22 21:34:22,2025-08-22 21:38:35,253,0.07
1276,L14,#35,GW252/13600,(2)停机状态,2,2025-08-22 21:34:21,2025-08-22 21:34:22,1,0
1277,L14,#35,GW252/13600,(1)停机过程,1,2025-08-22 21:33:49,2025-08-22 21:34:21,32,0.01
1278,L14,#35,GW252/13600,(4)启机状态,4,2025-08-22 21:28:49,2025-08-22 21:33:49,300,0.08
1279,L14,#35,GW252/13600,(3)待机状态,3,2025-08-22 21:17:42,2025-08-22 21:28:49,667,0.19
1280,L14,#35,GW252/13600,(2)停机状态,2,2025-08-22 21:15:11,2025-08-22 21:17:42,151,0.04
1281,L14,#35,GW252/13600,(1)停机过程,1,2025-08-22 21:14:15,2025-08-22 21:15:11,56,0.02
1282,L14,#35,GW252/13600,(5)发电状态,5,2025-08-22 19:22:43,2025-08-22 21:14:15,6692,1.86
1283,L14,#35,GW252/13600,(4)启机状态,4,2025-08-22 19:19:57,2025-08-22 19:22:43,166,0.05
1284,L14,#35,GW252/13600,(3)待机状态,3,2025-08-22 19:19:00,2025-08-22 19:19:57,57,0.02
1285,L14,#35,GW252/13600,(2)停机状态,2,2025-08-22 19:18:58,2025-08-22 19:19:00,2,0
1286,L14,#35,GW252/13600,(1)停机过程,1,2025-08-22 19:18:26,2025-08-22 19:18:58,32,0.01
1287,L14,#35,GW252/13600,(4)启机状态,4,2025-08-22 19:13:26,2025-08-22 19:18:26,300,0.08
1288,L14,#35,GW252/13600,(3)待机状态,3,2025-08-22 19:12:13,2025-08-22 19:13:26,73,0.02
1289,L14,#35,GW252/13600,(2)停机状态,2,2025-08-22 19:12:12,2025-08-22 19:12:13,1,0
1290,L14,#35,GW252/13600,(1)停机过程,1,2025-08-22 19:11:41,2025-08-22 19:12:12,31,0.01
1291,L14,#35,GW252/13600,(4)启机状态,4,2025-08-22 19:06:40,2025-08-22 19:11:41,301,0.08
1292,L14,#35,GW252/13600,(3)待机状态,3,2025-08-22 19:05:37,2025-08-22 19:06:40,63,0.02
1293,L14,#35,GW252/13600,(2)停机状态,2,2025-08-22 19:05:36,2025-08-22 19:05:37,1,0
1294,L14,#35,GW252/13600,(1)停机过程,1,2025-08-22 19:05:03,2025-08-22 19:05:36,33,0.01
1295,L14,#35,GW252/13600,(4)启机状态,4,2025-08-22 19:00:04,2025-08-22 19:05:03,299,0.08
1296,L14,#35,GW252/13600,(3)待机状态,3,2025-08-22 18:58:52,2025-08-22 19:00:04,72,0.02
1297,L14,#35,GW252/13600,(2)停机状态,2,2025-08-22 18:58:51,2025-08-22 18:58:52,1,0
1298,L14,#35,GW252/13600,(1)停机过程,1,2025-08-22 18:58:21,2025-08-22 18:58:51,30,0.01
1299,L14,#35,GW252/13600,(4)启机状态,4,2025-08-22 18:53:20,2025-08-22 18:58:21,301,0.08
1300,L14,#35,GW252/13600,(3)待机状态,3,2025-08-22 18:51:14,2025-08-22 18:53:20,126,0.04
1301,L14,#35,GW252/13600,(2)停机状态,2,2025-08-22 18:51:13,2025-08-22 18:51:14,1,0
1302,L14,#35,GW252/13600,(1)停机过程,1,2025-08-22 18:50:41,2025-08-22 18:51:13,32,0.01
1303,L14,#35,GW252/13600,(4)启机状态,4,2025-08-22 18:45:41,2025-08-22 18:50:41,300,0.08
1304,L14,#35,GW252/13600,(3)待机状态,3,2025-08-22 18:44:34,2025-08-22 18:45:41,67,0.02
1305,L14,#35,GW252/13600,(2)停机状态,2,2025-08-22 18:44:33,2025-08-22 18:44:34,1,0
1306,L14,#35,GW252/13600,(1)停机过程,1,2025-08-22 18:44:02,2025-08-22 18:44:33,31,0.01
1307,L14,#35,GW252/13600,(4)启机状态,4,2025-08-22 18:39:02,2025-08-22 18:44:02,300,0.08
1308,L14,#35,GW252/13600,(3)待机状态,3,2025-08-22 18:37:53,2025-08-22 18:39:02,69,0.02
1309,L14,#35,GW252/13600,(1)停机过程,1,2025-08-22 18:37:20,2025-08-22 18:37:53,33,0.01
1310,L14,#35,GW252/13600,(4)启机状态,4,2025-08-22 18:32:20,2025-08-22 18:37:20,300,0.08
1311,L14,#35,GW252/13600,(3)待机状态,3,2025-08-22 18:31:16,2025-08-22 18:32:20,64,0.02
1312,L14,#35,GW252/13600,(2)停机状态,2,2025-08-22 18:31:14,2025-08-22 18:31:16,2,0
1313,L14,#35,GW252/13600,(1)停机过程,1,2025-08-22 18:30:43,2025-08-22 18:31:14,31,0.01
1314,L14,#35,GW252/13600,(4)启机状态,4,2025-08-22 18:25:43,2025-08-22 18:30:43,300,0.08
1315,L14,#35,GW252/13600,(3)待机状态,3,2025-08-22 18:24:39,2025-08-22 18:25:43,64,0.02
1316,L14,#35,GW252/13600,(2)停机状态,2,2025-08-22 18:24:38,2025-08-22 18:24:39,1,0
1317,L14,#35,GW252/13600,(1)停机过程,1,2025-08-22 18:24:05,2025-08-22 18:24:38,33,0.01
1318,L14,#35,GW252/13600,(4)启机状态,4,2025-08-22 18:19:05,2025-08-22 18:24:05,300,0.08
1319,L14,#35,GW252/13600,(3)待机状态,3,2025-08-22 18:17:51,2025-08-22 18:19:05,74,0.02
1320,L14,#35,GW252/13600,(1)停机过程,1,2025-08-22 18:17:20,2025-08-22 18:17:51,31,0.01
1321,L14,#35,GW252/13600,(4)启机状态,4,2025-08-22 18:12:20,2025-08-22 18:17:20,300,0.08
1322,L14,#35,GW252/13600,(3)待机状态,3,2025-08-22 18:11:09,2025-08-22 18:12:20,71,0.02
1323,L14,#35,GW252/13600,(2)停机状态,2,2025-08-22 18:11:08,2025-08-22 18:11:09,1,0
1324,L14,#35,GW252/13600,(1)停机过程,1,2025-08-22 18:10:35,2025-08-22 18:11:08,33,0.01
1325,L14,#35,GW252/13600,(4)启机状态,4,2025-08-22 18:05:36,2025-08-22 18:10:35,299,0.08
1326,L14,#35,GW252/13600,(3)待机状态,3,2025-08-22 18:04:28,2025-08-22 18:05:36,68,0.02
1327,L14,#35,GW252/13600,(2)停机状态,2,2025-08-22 18:04:26,2025-08-22 18:04:28,2,0
1328,L14,#35,GW252/13600,(1)停机过程,1,2025-08-22 18:03:54,2025-08-22 18:04:26,32,0.01
1329,L14,#35,GW252/13600,(4)启机状态,4,2025-08-22 17:58:53,2025-08-22 18:03:54,301,0.08
1330,L14,#35,GW252/13600,(3)待机状态,3,2025-08-22 17:57:46,2025-08-22 17:58:53,67,0.02
1331,L14,#35,GW252/13600,(2)停机状态,2,2025-08-22 17:57:43,2025-08-22 17:57:46,3,0
1332,L14,#35,GW252/13600,(1)停机过程,1,2025-08-22 17:57:12,2025-08-22 17:57:43,31,0.01
1333,L14,#35,GW252/13600,(4)启机状态,4,2025-08-22 17:52:12,2025-08-22 17:57:12,300,0.08
1334,L14,#35,GW252/13600,(3)待机状态,3,2025-08-22 17:50:45,2025-08-22 17:52:12,87,0.02
1335,L14,#35,GW252/13600,(1)停机过程,1,2025-08-22 17:50:12,2025-08-22 17:50:45,33,0.01
1336,L14,#35,GW252/13600,(4)启机状态,4,2025-08-22 17:45:12,2025-08-22 17:50:12,300,0.08
1337,L14,#35,GW252/13600,(3)待机状态,3,2025-08-22 17:44:05,2025-08-22 17:45:12,67,0.02
1338,L14,#35,GW252/13600,(2)停机状态,2,2025-08-22 17:44:04,2025-08-22 17:44:05,1,0
1339,L14,#35,GW252/13600,(1)停机过程,1,2025-08-22 17:43:33,2025-08-22 17:44:04,31,0.01
1340,L14,#35,GW252/13600,(4)启机状态,4,2025-08-22 17:38:33,2025-08-22 17:43:33,300,0.08
1341,L14,#35,GW252/13600,(3)待机状态,3,2025-08-22 17:37:18,2025-08-22 17:38:33,75,0.02
1342,L14,#35,GW252/13600,(2)停机状态,2,2025-08-22 17:37:13,2025-08-22 17:37:18,5,0
1343,L14,#35,GW252/13600,(1)停机过程,1,2025-08-22 17:36:42,2025-08-22 17:37:13,31,0.01
1344,L14,#35,GW252/13600,(4)启机状态,4,2025-08-22 17:31:42,2025-08-22 17:36:42,300,0.08
1345,L14,#35,GW252/13600,(3)待机状态,3,2025-08-22 17:29:28,2025-08-22 17:31:42,134,0.04
1346,L14,#35,GW252/13600,(2)停机状态,2,2025-08-22 17:29:27,2025-08-22 17:29:28,1,0
1347,L14,#35,GW252/13600,(1)停机过程,1,2025-08-22 17:28:56,2025-08-22 17:29:27,31,0.01
1348,L14,#35,GW252/13600,(4)启机状态,4,2025-08-22 17:23:56,2025-08-22 17:28:56,300,0.08
1349,L14,#35,GW252/13600,(3)待机状态,3,2025-08-22 17:21:55,2025-08-22 17:23:56,121,0.03
1350,L14,#35,GW252/13600,(2)停机状态,2,2025-08-22 17:21:53,2025-08-22 17:21:55,2,0
1351,L14,#35,GW252/13600,(1)停机过程,1,2025-08-22 17:21:20,2025-08-22 17:21:53,33,0.01
1352,L14,#35,GW252/13600,(4)启机状态,4,2025-08-22 17:16:20,2025-08-22 17:21:20,300,0.08
1353,L14,#35,GW252/13600,(3)待机状态,3,2025-08-22 17:03:40,2025-08-22 17:16:20,760,0.21
1354,L14,#35,GW252/13600,(2)停机状态,2,2025-08-22 17:01:28,2025-08-22 17:03:40,132,0.04
1355,L14,#35,GW252/13600,(1)停机过程,1,2025-08-22 17:00:57,2025-08-22 17:01:28,31,0.01
1356,L14,#35,GW252/13600,(4)启机状态,4,2025-08-22 16:55:55,2025-08-22 17:00:57,302,0.08
1357,L14,#35,GW252/13600,(3)待机状态,3,2025-08-22 16:17:58,2025-08-22 16:55:55,2277,0.63
1358,L14,#35,GW252/13600,(2)停机状态,2,2025-08-22 16:16:34,2025-08-22 16:17:58,84,0.02
1359,L14,#35,GW252/13600,(1)停机过程,1,2025-08-22 16:16:02,2025-08-22 16:16:34,32,0.01
1360,L14,#35,GW252/13600,(4)启机状态,4,2025-08-22 16:11:01,2025-08-22 16:16:02,301,0.08
1361,L14,#35,GW252/13600,(3)待机状态,3,2025-08-22 15:45:06,2025-08-22 16:11:01,1555,0.43
1362,L14,#35,GW252/13600,(2)停机状态,2,2025-08-22 15:43:02,2025-08-22 15:45:06,124,0.03
1363,L14,#35,GW252/13600,(1)停机过程,1,2025-08-22 15:42:30,2025-08-22 15:43:02,32,0.01
1364,L14,#35,GW252/13600,(4)启机状态,4,2025-08-22 15:37:30,2025-08-22 15:42:30,300,0.08
1365,L14,#35,GW252/13600,(3)待机状态,3,2025-08-22 09:37:13,2025-08-22 15:37:30,21617,6
1366,L14,#35,GW252/13600,(2)停机状态,2,2025-08-22 09:37:06,2025-08-22 09:37:13,7,0
1367,L14,#35,GW252/13600,(1)停机过程,1,2025-08-22 09:36:34,2025-08-22 09:37:06,32,0.01
1368,L14,#35,GW252/13600,(4)启机状态,4,2025-08-22 09:31:34,2025-08-22 09:36:34,300,0.08
1369,L14,#35,GW252/13600,(3)待机状态,3,2025-08-22 09:13:24,2025-08-22 09:31:34,1090,0.3
1370,L14,#35,GW252/13600,(2)停机状态,2,2025-08-22 09:13:23,2025-08-22 09:13:24,1,0
1371,L14,#35,GW252/13600,(1)停机过程,1,2025-08-22 09:12:52,2025-08-22 09:13:23,31,0.01
1372,L14,#35,GW252/13600,(4)启机状态,4,2025-08-22 09:07:51,2025-08-22 09:12:52,301,0.08
1373,L14,#35,GW252/13600,(3)待机状态,3,2025-08-22 09:02:58,2025-08-22 09:07:51,293,0.08
1374,L14,#35,GW252/13600,(2)停机状态,2,2025-08-22 09:02:26,2025-08-22 09:02:58,32,0.01
1375,L14,#35,GW252/13600,(1)停机过程,1,2025-08-22 09:01:55,2025-08-22 09:02:26,31,0.01
1376,L14,#35,GW252/13600,(4)启机状态,4,2025-08-22 08:56:55,2025-08-22 09:01:55,300,0.08
1377,L14,#35,GW252/13600,(3)待机状态,3,2025-08-22 08:55:25,2025-08-22 08:56:55,90,0.03
1378,L14,#35,GW252/13600,(2)停机状态,2,2025-08-22 08:55:24,2025-08-22 08:55:25,1,0
1379,L14,#35,GW252/13600,(1)停机过程,1,2025-08-22 08:54:52,2025-08-22 08:55:24,32,0.01
1380,L14,#35,GW252/13600,(4)启机状态,4,2025-08-22 08:49:52,2025-08-22 08:54:52,300,0.08
1381,L14,#35,GW252/13600,(3)待机状态,3,2025-08-22 08:47:58,2025-08-22 08:49:52,114,0.03
1382,L14,#35,GW252/13600,(2)停机状态,2,2025-08-22 08:46:45,2025-08-22 08:47:58,73,0.02
1383,L14,#35,GW252/13600,(1)停机过程,1,2025-08-22 08:46:13,2025-08-22 08:46:45,32,0.01
1384,L14,#35,GW252/13600,(4)启机状态,4,2025-08-22 08:41:13,2025-08-22 08:46:13,300,0.08
1385,L14,#35,GW252/13600,(3)待机状态,3,2025-08-22 08:38:06,2025-08-22 08:41:13,187,0.05
1386,L14,#35,GW252/13600,(2)停机状态,2,2025-08-22 08:38:04,2025-08-22 08:38:06,2,0
1387,L14,#35,GW252/13600,(1)停机过程,1,2025-08-22 08:37:31,2025-08-22 08:38:04,33,0.01
1388,L14,#35,GW252/13600,(4)启机状态,4,2025-08-22 08:32:31,2025-08-22 08:37:31,300,0.08
1389,L14,#35,GW252/13600,(3)待机状态,3,2025-08-22 08:26:26,2025-08-22 08:32:31,365,0.1
1390,L14,#35,GW252/13600,(2)停机状态,2,2025-08-22 08:26:23,2025-08-22 08:26:26,3,0
1391,L14,#35,GW252/13600,(1)停机过程,1,2025-08-22 08:25:27,2025-08-22 08:26:23,56,0.02
1392,L14,#35,GW252/13600,(5)发电状态,5,2025-08-22 07:05:28,2025-08-22 08:25:27,4799,1.33
1393,L14,#35,GW252/13600,(4)启机状态,4,2025-08-22 07:02:26,2025-08-22 07:05:28,182,0.05
1394,L14,#35,GW252/13600,(3)待机状态,3,2025-08-22 07:01:22,2025-08-22 07:02:26,64,0.02
1395,L14,#35,GW252/13600,(2)停机状态,2,2025-08-22 07:01:21,2025-08-22 07:01:22,1,0
1396,L14,#35,GW252/13600,(1)停机过程,1,2025-08-22 07:00:48,2025-08-22 07:01:21,33,0.01
1397,L14,#35,GW252/13600,(4)启机状态,4,2025-08-22 06:55:48,2025-08-22 07:00:48,300,0.08
1398,L14,#35,GW252/13600,(3)待机状态,3,2025-08-22 06:54:41,2025-08-22 06:55:48,67,0.02
1399,L14,#35,GW252/13600,(2)停机状态,2,2025-08-22 06:54:39,2025-08-22 06:54:41,2,0
1400,L14,#35,GW252/13600,(1)停机过程,1,2025-08-22 06:54:08,2025-08-22 06:54:39,31,0.01
1401,L14,#35,GW252/13600,(4)启机状态,4,2025-08-22 06:49:08,2025-08-22 06:54:08,300,0.08
1402,L14,#35,GW252/13600,(3)待机状态,3,2025-08-22 06:47:43,2025-08-22 06:49:08,85,0.02
1403,L14,#35,GW252/13600,(2)停机状态,2,2025-08-22 06:47:42,2025-08-22 06:47:43,1,0
1404,L14,#35,GW252/13600,(1)停机过程,1,2025-08-22 06:47:09,2025-08-22 06:47:42,33,0.01
1405,L14,#35,GW252/13600,(4)启机状态,4,2025-08-22 06:42:10,2025-08-22 06:47:09,299,0.08
1406,L14,#35,GW252/13600,(3)待机状态,3,2025-08-22 06:41:07,2025-08-22 06:42:10,63,0.02
1407,L14,#35,GW252/13600,(2)停机状态,2,2025-08-22 06:41:06,2025-08-22 06:41:07,1,0
1408,L14,#35,GW252/13600,(1)停机过程,1,2025-08-22 06:40:35,2025-08-22 06:41:06,31,0.01
1409,L14,#35,GW252/13600,(4)启机状态,4,2025-08-22 06:35:35,2025-08-22 06:40:35,300,0.08
1410,L14,#35,GW252/13600,(3)待机状态,3,2025-08-22 06:33:23,2025-08-22 06:35:35,132,0.04
1411,L14,#35,GW252/13600,(2)停机状态,2,2025-08-22 06:33:21,2025-08-22 06:33:23,2,0
1412,L14,#35,GW252/13600,(1)停机过程,1,2025-08-22 06:32:49,2025-08-22 06:33:21,32,0.01
1413,L14,#35,GW252/13600,(4)启机状态,4,2025-08-22 06:27:49,2025-08-22 06:32:49,300,0.08
1414,L14,#35,GW252/13600,(3)待机状态,3,2025-08-22 06:26:13,2025-08-22 06:27:49,96,0.03
1415,L14,#35,GW252/13600,(2)停机状态,2,2025-08-22 06:26:12,2025-08-22 06:26:13,1,0
1416,L14,#35,GW252/13600,(1)停机过程,1,2025-08-22 06:25:39,2025-08-22 06:26:12,33,0.01
1417,L14,#35,GW252/13600,(4)启机状态,4,2025-08-22 06:20:39,2025-08-22 06:25:39,300,0.08
1418,L14,#35,GW252/13600,(3)待机状态,3,2025-08-22 06:19:30,2025-08-22 06:20:39,69,0.02
1419,L14,#35,GW252/13600,(2)停机状态,2,2025-08-22 05:42:54,2025-08-22 06:19:30,2196,0.61
1420,L14,#35,GW252/13600,(1)停机过程,1,2025-08-22 05:41:57,2025-08-22 05:42:54,57,0.02
1421,L14,#35,GW252/13600,(5)发电状态,5,2025-08-21 18:57:10,2025-08-22 05:41:57,38687,10.75
1422,L14,#35,GW252/13600,(4)启机状态,4,2025-08-21 18:54:50,2025-08-21 18:57:10,140,0.04
1423,L14,#35,GW252/13600,(3)待机状态,3,2025-08-21 18:53:55,2025-08-21 18:54:50,55,0.02
1424,L14,#35,GW252/13600,(2)停机状态,2,2025-08-21 18:53:54,2025-08-21 18:53:55,1,0
1425,L14,#35,GW252/13600,(1)停机过程,1,2025-08-21 18:53:22,2025-08-21 18:53:54,32,0.01
1426,L14,#35,GW252/13600,(4)启机状态,4,2025-08-21 18:48:23,2025-08-21 18:53:22,299,0.08
1427,L14,#35,GW252/13600,(3)待机状态,3,2025-08-21 18:46:40,2025-08-21 18:48:23,103,0.03
1428,L14,#35,GW252/13600,(2)停机状态,2,2025-08-21 18:46:39,2025-08-21 18:46:40,1,0
1429,L14,#35,GW252/13600,(1)停机过程,1,2025-08-21 18:46:09,2025-08-21 18:46:39,30,0.01
1430,L14,#35,GW252/13600,(4)启机状态,4,2025-08-21 18:41:09,2025-08-21 18:46:09,300,0.08
1431,L14,#35,GW252/13600,(3)待机状态,3,2025-08-21 18:20:01,2025-08-21 18:41:09,1268,0.35
1432,L14,#35,GW252/13600,(2)停机状态,2,2025-08-21 18:19:28,2025-08-21 18:20:01,33,0.01
1433,L14,#35,GW252/13600,(1)停机过程,1,2025-08-21 18:18:56,2025-08-21 18:19:28,32,0.01
1434,L14,#35,GW252/13600,(4)启机状态,4,2025-08-21 18:13:55,2025-08-21 18:18:56,301,0.08
1435,L14,#35,GW252/13600,(3)待机状态,3,2025-08-21 18:10:16,2025-08-21 18:13:55,219,0.06
1436,L14,#35,GW252/13600,(2)停机状态,2,2025-08-21 18:06:58,2025-08-21 18:10:16,198,0.06
1437,L14,#35,GW252/13600,(1)停机过程,1,2025-08-21 18:06:01,2025-08-21 18:06:58,57,0.02
1438,L14,#35,GW252/13600,(5)发电状态,5,2025-08-15 13:53:19,2025-08-21 18:06:01,533562,148.21
1439,L14,#35,GW252/13600,(4)启机状态,4,2025-08-15 13:51:00,2025-08-15 13:53:19,139,0.04
1440,L14,#35,GW252/13600,(3)待机状态,3,2025-08-15 13:47:16,2025-08-15 13:51:00,224,0.06
1441,L14,#35,GW252/13600,(2)停机状态,2,2025-08-15 13:42:35,2025-08-15 13:47:16,281,0.08
1442,L14,#35,GW252/13600,(1)停机过程,1,2025-08-15 13:42:03,2025-08-15 13:42:35,32,0.01
1443,L14,#35,GW252/13600,(4)启机状态,4,2025-08-15 13:37:03,2025-08-15 13:42:03,300,0.08
1444,L14,#35,GW252/13600,(3)待机状态,3,2025-08-15 13:34:21,2025-08-15 13:37:03,162,0.05
1445,L14,#35,GW252/13600,(2)停机状态,2,2025-08-15 13:33:51,2025-08-15 13:34:21,30,0.01
1446,L14,#35,GW252/13600,(1)停机过程,1,2025-08-15 13:32:55,2025-08-15 13:33:51,56,0.02
1447,L14,#35,GW252/13600,(5)发电状态,5,2025-08-15 05:33:39,2025-08-15 13:32:55,28756,7.99
1448,L14,#35,GW252/13600,(4)启机状态,4,2025-08-15 05:30:17,2025-08-15 05:33:39,202,0.06
1449,L14,#35,GW252/13600,(3)待机状态,3,2025-08-15 05:03:06,2025-08-15 05:30:17,1631,0.45
1450,L14,#35,GW252/13600,(2)停机状态,2,2025-08-15 04:25:30,2025-08-15 05:03:06,2256,0.63
1451,L14,#35,GW252/13600,(1)停机过程,1,2025-08-15 04:24:34,2025-08-15 04:25:30,56,0.02
1452,L14,#35,GW252/13600,(5)发电状态,5,2025-08-14 01:25:43,2025-08-15 04:24:34,97131,26.98
1453,L14,#35,GW252/13600,(4)启机状态,4,2025-08-14 01:23:26,2025-08-14 01:25:43,137,0.04
1454,L14,#35,GW252/13600,(3)待机状态,3,2025-08-14 01:22:27,2025-08-14 01:23:26,59,0.02
1455,L14,#35,GW252/13600,(2)停机状态,2,2025-08-14 01:22:26,2025-08-14 01:22:27,1,0
1456,L14,#35,GW252/13600,(1)停机过程,1,2025-08-14 01:21:46,2025-08-14 01:22:26,40,0.01
1457,L14,#35,GW252/13600,(4)启机状态,4,2025-08-14 01:16:46,2025-08-14 01:21:46,300,0.08
1458,L14,#35,GW252/13600,(3)待机状态,3,2025-08-14 01:15:43,2025-08-14 01:16:46,63,0.02
1459,L14,#35,GW252/13600,(2)停机状态,2,2025-08-14 01:15:41,2025-08-14 01:15:43,2,0
1460,L14,#35,GW252/13600,(1)停机过程,1,2025-08-14 01:15:10,2025-08-14 01:15:41,31,0.01
1461,L14,#35,GW252/13600,(4)启机状态,4,2025-08-14 01:10:10,2025-08-14 01:15:10,300,0.08
1462,L14,#35,GW252/13600,(3)待机状态,3,2025-08-14 01:05:54,2025-08-14 01:10:10,256,0.07
1463,L14,#35,GW252/13600,(2)停机状态,2,2025-08-14 01:05:52,2025-08-14 01:05:54,2,0
1464,L14,#35,GW252/13600,(1)停机过程,1,2025-08-14 01:05:19,2025-08-14 01:05:52,33,0.01
1465,L14,#35,GW252/13600,(4)启机状态,4,2025-08-14 01:00:20,2025-08-14 01:05:19,299,0.08
1466,L14,#35,GW252/13600,(3)待机状态,3,2025-08-14 00:58:57,2025-08-14 01:00:20,83,0.02
1467,L14,#35,GW252/13600,(2)停机状态,2,2025-08-14 00:58:56,2025-08-14 00:58:57,1,0
1468,L14,#35,GW252/13600,(1)停机过程,1,2025-08-14 00:58:24,2025-08-14 00:58:56,32,0.01
1469,L14,#35,GW252/13600,(4)启机状态,4,2025-08-14 00:53:24,2025-08-14 00:58:24,300,0.08
1470,L14,#35,GW252/13600,(3)待机状态,3,2025-08-13 22:10:32,2025-08-14 00:53:24,9772,2.71
1471,L14,#35,GW252/13600,(2)停机状态,2,2025-08-13 22:04:56,2025-08-13 22:10:32,336,0.09
1472,L14,#35,GW252/13600,(1)停机过程,1,2025-08-13 22:04:24,2025-08-13 22:04:56,32,0.01
1473,L14,#35,GW252/13600,(4)启机状态,4,2025-08-13 21:59:24,2025-08-13 22:04:24,300,0.08
1474,L14,#35,GW252/13600,(3)待机状态,3,2025-08-13 21:52:23,2025-08-13 21:59:24,421,0.12
1475,L14,#35,GW252/13600,(2)停机状态,2,2025-08-13 21:46:47,2025-08-13 21:52:23,336,0.09
1476,L14,#35,GW252/13600,(1)停机过程,1,2025-08-13 21:45:50,2025-08-13 21:46:47,57,0.02
1477,L14,#35,GW252/13600,(5)发电状态,5,2025-08-13 17:29:01,2025-08-13 21:45:50,15409,4.28
1478,L14,#35,GW252/13600,(4)启机状态,4,2025-08-13 17:24:28,2025-08-13 17:29:01,273,0.08
1479,L14,#35,GW252/13600,(3)待机状态,3,2025-08-13 17:23:30,2025-08-13 17:24:28,58,0.02
1480,L14,#35,GW252/13600,(2)停机状态,2,2025-08-13 17:23:29,2025-08-13 17:23:30,1,0
1481,L14,#35,GW252/13600,(1)停机过程,1,2025-08-13 17:22:57,2025-08-13 17:23:29,32,0.01
1482,L14,#35,GW252/13600,(4)启机状态,4,2025-08-13 17:17:58,2025-08-13 17:22:57,299,0.08
1483,L14,#35,GW252/13600,(3)待机状态,3,2025-08-13 17:16:16,2025-08-13 17:17:58,102,0.03
1484,L14,#35,GW252/13600,(2)停机状态,2,2025-08-13 17:16:15,2025-08-13 17:16:16,1,0
1485,L14,#35,GW252/13600,(1)停机过程,1,2025-08-13 17:15:43,2025-08-13 17:16:15,32,0.01
1486,L14,#35,GW252/13600,(4)启机状态,4,2025-08-13 17:10:44,2025-08-13 17:15:43,299,0.08
1487,L14,#35,GW252/13600,(3)待机状态,3,2025-08-13 17:09:37,2025-08-13 17:10:44,67,0.02
1488,L14,#35,GW252/13600,(2)停机状态,2,2025-08-13 17:09:35,2025-08-13 17:09:37,2,0
1489,L14,#35,GW252/13600,(1)停机过程,1,2025-08-13 17:09:03,2025-08-13 17:09:35,32,0.01
1490,L14,#35,GW252/13600,(4)启机状态,4,2025-08-13 17:04:03,2025-08-13 17:09:03,300,0.08
1491,L14,#35,GW252/13600,(3)待机状态,3,2025-08-13 17:02:50,2025-08-13 17:04:03,73,0.02
1492,L14,#35,GW252/13600,(2)停机状态,2,2025-08-13 17:01:02,2025-08-13 17:02:50,108,0.03
1493,L14,#35,GW252/13600,(1)停机过程,1,2025-08-13 17:00:29,2025-08-13 17:01:02,33,0.01
1494,L14,#35,GW252/13600,(4)启机状态,4,2025-08-13 16:55:29,2025-08-13 17:00:29,300,0.08
1495,L14,#35,GW252/13600,(3)待机状态,3,2025-08-13 16:53:23,2025-08-13 16:55:29,126,0.04
1496,L14,#35,GW252/13600,(2)停机状态,2,2025-08-13 16:53:20,2025-08-13 16:53:23,3,0
1497,L14,#35,GW252/13600,(1)停机过程,1,2025-08-13 16:52:48,2025-08-13 16:53:20,32,0.01
1498,L14,#35,GW252/13600,(4)启机状态,4,2025-08-13 16:47:48,2025-08-13 16:52:48,300,0.08
1499,L14,#35,GW252/13600,(3)待机状态,3,2025-08-13 16:43:54,2025-08-13 16:47:48,234,0.07
1500,L14,#35,GW252/13600,(2)停机状态,2,2025-08-13 16:43:53,2025-08-13 16:43:54,1,0
1501,L14,#35,GW252/13600,(1)停机过程,1,2025-08-13 16:43:21,2025-08-13 16:43:53,32,0.01
1502,L14,#35,GW252/13600,(4)启机状态,4,2025-08-13 16:38:20,2025-08-13 16:43:21,301,0.08
1503,L14,#35,GW252/13600,(3)待机状态,3,2025-08-13 16:36:09,2025-08-13 16:38:20,131,0.04
1504,L14,#35,GW252/13600,(2)停机状态,2,2025-08-13 16:36:08,2025-08-13 16:36:09,1,0
1505,L14,#35,GW252/13600,(1)停机过程,1,2025-08-13 16:35:38,2025-08-13 16:36:08,30,0.01
1506,L14,#35,GW252/13600,(4)启机状态,4,2025-08-13 16:30:38,2025-08-13 16:35:38,300,0.08
1507,L14,#35,GW252/13600,(3)待机状态,3,2025-08-13 14:25:36,2025-08-13 16:30:38,7502,2.08
1508,L14,#35,GW252/13600,(1)停机过程,1,2025-08-13 14:25:03,2025-08-13 14:25:36,33,0.01
1509,L14,#35,GW252/13600,(4)启机状态,4,2025-08-13 14:20:03,2025-08-13 14:25:03,300,0.08
1510,L14,#35,GW252/13600,(3)待机状态,3,2025-08-13 14:18:49,2025-08-13 14:20:03,74,0.02
1511,L14,#35,GW252/13600,(2)停机状态,2,2025-08-13 14:18:48,2025-08-13 14:18:49,1,0
1512,L14,#35,GW252/13600,(1)停机过程,1,2025-08-13 14:18:15,2025-08-13 14:18:48,33,0.01
1513,L14,#35,GW252/13600,(4)启机状态,4,2025-08-13 14:13:15,2025-08-13 14:18:15,300,0.08
1514,L14,#35,GW252/13600,(3)待机状态,3,2025-08-13 14:11:43,2025-08-13 14:13:15,92,0.03
1515,L14,#35,GW252/13600,(2)停机状态,2,2025-08-13 14:11:42,2025-08-13 14:11:43,1,0
1516,L14,#35,GW252/13600,(1)停机过程,1,2025-08-13 14:11:10,2025-08-13 14:11:42,32,0.01
1517,L14,#35,GW252/13600,(4)启机状态,4,2025-08-13 14:06:10,2025-08-13 14:11:10,300,0.08
1518,L14,#35,GW252/13600,(3)待机状态,3,2025-08-13 13:45:25,2025-08-13 14:06:10,1245,0.35
1519,L14,#35,GW252/13600,(2)停机状态,2,2025-08-13 13:45:24,2025-08-13 13:45:25,1,0
1520,L14,#35,GW252/13600,(1)停机过程,1,2025-08-13 13:44:52,2025-08-13 13:45:24,32,0.01
1521,L14,#35,GW252/13600,(4)启机状态,4,2025-08-13 13:39:52,2025-08-13 13:44:52,300,0.08
1522,L14,#35,GW252/13600,(3)待机状态,3,2025-08-13 13:38:42,2025-08-13 13:39:52,70,0.02
1523,L14,#35,GW252/13600,(2)停机状态,2,2025-08-13 13:38:40,2025-08-13 13:38:42,2,0
1524,L14,#35,GW252/13600,(1)停机过程,1,2025-08-13 13:38:08,2025-08-13 13:38:40,32,0.01
1525,L14,#35,GW252/13600,(4)启机状态,4,2025-08-13 13:33:08,2025-08-13 13:38:08,300,0.08
1526,L14,#35,GW252/13600,(3)待机状态,3,2025-08-13 13:27:13,2025-08-13 13:33:08,355,0.1
1527,L14,#35,GW252/13600,(2)停机状态,2,2025-08-13 13:26:34,2025-08-13 13:27:13,39,0.01
1528,L14,#35,GW252/13600,(1)停机过程,1,2025-08-13 13:25:37,2025-08-13 13:26:34,57,0.02
1529,L14,#35,GW252/13600,(5)发电状态,5,2025-08-12 14:57:06,2025-08-13 13:25:37,80911,22.48
1530,L14,#35,GW252/13600,(4)启机状态,4,2025-08-12 14:52:32,2025-08-12 14:57:06,274,0.08
1531,L14,#35,GW252/13600,(3)待机状态,3,2025-08-12 14:51:14,2025-08-12 14:52:32,78,0.02
1532,L14,#35,GW252/13600,(1)停机过程,1,2025-08-12 14:50:42,2025-08-12 14:51:14,32,0.01
1533,L14,#35,GW252/13600,(4)启机状态,4,2025-08-12 14:45:42,2025-08-12 14:50:42,300,0.08
1534,L14,#35,GW252/13600,(3)待机状态,3,2025-08-12 14:43:49,2025-08-12 14:45:42,113,0.03
1535,L14,#35,GW252/13600,(1)停机过程,1,2025-08-12 14:43:17,2025-08-12 14:43:49,32,0.01
1536,L14,#35,GW252/13600,(4)启机状态,4,2025-08-12 14:38:17,2025-08-12 14:43:17,300,0.08
1537,L14,#35,GW252/13600,(3)待机状态,3,2025-08-12 14:37:19,2025-08-12 14:38:17,58,0.02
1538,L14,#35,GW252/13600,(2)停机状态,2,2025-08-12 14:37:18,2025-08-12 14:37:19,1,0
1539,L14,#35,GW252/13600,(1)停机过程,1,2025-08-12 14:36:47,2025-08-12 14:37:18,31,0.01
1540,L14,#35,GW252/13600,(4)启机状态,4,2025-08-12 14:31:47,2025-08-12 14:36:47,300,0.08
1541,L14,#35,GW252/13600,(3)待机状态,3,2025-08-12 14:28:25,2025-08-12 14:31:47,202,0.06
1542,L14,#35,GW252/13600,(2)停机状态,2,2025-08-12 14:28:24,2025-08-12 14:28:25,1,0
1543,L14,#35,GW252/13600,(1)停机过程,1,2025-08-12 14:27:52,2025-08-12 14:28:24,32,0.01
1544,L14,#35,GW252/13600,(4)启机状态,4,2025-08-12 14:22:52,2025-08-12 14:27:52,300,0.08
1545,L14,#35,GW252/13600,(3)待机状态,3,2025-08-12 14:20:18,2025-08-12 14:22:52,154,0.04
1546,L14,#35,GW252/13600,(2)停机状态,2,2025-08-12 14:20:16,2025-08-12 14:20:18,2,0
1547,L14,#35,GW252/13600,(1)停机过程,1,2025-08-12 14:19:43,2025-08-12 14:20:16,33,0.01
1548,L14,#35,GW252/13600,(4)启机状态,4,2025-08-12 14:14:45,2025-08-12 14:19:43,298,0.08
1549,L14,#35,GW252/13600,(3)待机状态,3,2025-08-12 13:00:51,2025-08-12 14:14:45,4434,1.23
1550,L14,#35,GW252/13600,(2)停机状态,2,2025-08-12 12:57:55,2025-08-12 13:00:51,176,0.05
1551,L14,#35,GW252/13600,(1)停机过程,1,2025-08-12 12:56:58,2025-08-12 12:57:55,57,0.02
1552,L14,#35,GW252/13600,(5)发电状态,5,2025-08-11 17:05:17,2025-08-12 12:56:58,71501,19.86
1553,L14,#35,GW252/13600,(4)启机状态,4,2025-08-11 17:03:19,2025-08-11 17:05:17,118,0.03
1554,L14,#35,GW252/13600,(3)待机状态,3,2025-08-11 17:02:24,2025-08-11 17:03:19,55,0.02
1555,L14,#35,GW252/13600,(2)停机状态,2,2025-08-11 17:02:22,2025-08-11 17:02:24,2,0
1556,L14,#35,GW252/13600,(1)停机过程,1,2025-08-11 17:01:50,2025-08-11 17:02:22,32,0.01
1557,L14,#35,GW252/13600,(4)启机状态,4,2025-08-11 16:56:49,2025-08-11 17:01:50,301,0.08
1558,L14,#35,GW252/13600,(3)待机状态,3,2025-08-11 16:55:27,2025-08-11 16:56:49,82,0.02
1559,L14,#35,GW252/13600,(2)停机状态,2,2025-08-11 16:55:25,2025-08-11 16:55:27,2,0
1560,L14,#35,GW252/13600,(1)停机过程,1,2025-08-11 16:54:55,2025-08-11 16:55:25,30,0.01
1561,L14,#35,GW252/13600,(4)启机状态,4,2025-08-11 16:49:55,2025-08-11 16:54:55,300,0.08
1562,L14,#35,GW252/13600,(3)待机状态,3,2025-08-11 16:48:51,2025-08-11 16:49:55,64,0.02
1563,L14,#35,GW252/13600,(2)停机状态,2,2025-08-11 16:48:50,2025-08-11 16:48:51,1,0
1564,L14,#35,GW252/13600,(1)停机过程,1,2025-08-11 16:48:17,2025-08-11 16:48:50,33,0.01
1565,L14,#35,GW252/13600,(4)启机状态,4,2025-08-11 16:43:17,2025-08-11 16:48:17,300,0.08
1566,L14,#35,GW252/13600,(3)待机状态,3,2025-08-11 16:42:15,2025-08-11 16:43:17,62,0.02
1567,L14,#35,GW252/13600,(1)停机过程,1,2025-08-11 16:41:44,2025-08-11 16:42:15,31,0.01
1568,L14,#35,GW252/13600,(4)启机状态,4,2025-08-11 16:36:44,2025-08-11 16:41:44,300,0.08
1569,L14,#35,GW252/13600,(3)待机状态,3,2025-08-11 16:35:34,2025-08-11 16:36:44,70,0.02
1570,L14,#35,GW252/13600,(2)停机状态,2,2025-08-11 16:35:33,2025-08-11 16:35:34,1,0
1571,L14,#35,GW252/13600,(1)停机过程,1,2025-08-11 16:35:00,2025-08-11 16:35:33,33,0.01
1572,L14,#35,GW252/13600,(4)启机状态,4,2025-08-11 16:30:00,2025-08-11 16:35:00,300,0.08
1573,L14,#35,GW252/13600,(3)待机状态,3,2025-08-11 16:28:51,2025-08-11 16:30:00,69,0.02
1574,L14,#35,GW252/13600,(2)停机状态,2,2025-08-11 16:28:50,2025-08-11 16:28:51,1,0
1575,L14,#35,GW252/13600,(1)停机过程,1,2025-08-11 16:28:20,2025-08-11 16:28:50,30,0.01
1576,L14,#35,GW252/13600,(4)启机状态,4,2025-08-11 16:23:20,2025-08-11 16:28:20,300,0.08
1577,L14,#35,GW252/13600,(3)待机状态,3,2025-08-11 16:21:52,2025-08-11 16:23:20,88,0.02
1578,L14,#35,GW252/13600,(2)停机状态,2,2025-08-11 16:21:50,2025-08-11 16:21:52,2,0
1579,L14,#35,GW252/13600,(1)停机过程,1,2025-08-11 16:21:18,2025-08-11 16:21:50,32,0.01
1580,L14,#35,GW252/13600,(4)启机状态,4,2025-08-11 16:16:18,2025-08-11 16:21:18,300,0.08
1581,L14,#35,GW252/13600,(3)待机状态,3,2025-08-11 16:14:43,2025-08-11 16:16:18,95,0.03
1582,L14,#35,GW252/13600,(2)停机状态,2,2025-08-11 16:14:42,2025-08-11 16:14:43,1,0
1583,L14,#35,GW252/13600,(1)停机过程,1,2025-08-11 16:14:10,2025-08-11 16:14:42,32,0.01
1584,L14,#35,GW252/13600,(4)启机状态,4,2025-08-11 16:09:10,2025-08-11 16:14:10,300,0.08
1585,L14,#35,GW252/13600,(3)待机状态,3,2025-08-11 16:08:04,2025-08-11 16:09:10,66,0.02
1586,L14,#35,GW252/13600,(2)停机状态,2,2025-08-11 16:08:03,2025-08-11 16:08:04,1,0
1587,L14,#35,GW252/13600,(1)停机过程,1,2025-08-11 16:07:31,2025-08-11 16:08:03,32,0.01
1588,L14,#35,GW252/13600,(4)启机状态,4,2025-08-11 16:02:31,2025-08-11 16:07:31,300,0.08
1589,L14,#35,GW252/13600,(3)待机状态,3,2025-08-11 15:52:47,2025-08-11 16:02:31,584,0.16
1590,L14,#35,GW252/13600,(2)停机状态,2,2025-08-11 15:52:46,2025-08-11 15:52:47,1,0
1591,L14,#35,GW252/13600,(1)停机过程,1,2025-08-11 15:52:15,2025-08-11 15:52:46,31,0.01
1592,L14,#35,GW252/13600,(4)启机状态,4,2025-08-11 15:47:15,2025-08-11 15:52:15,300,0.08
1593,L14,#35,GW252/13600,(3)待机状态,3,2025-08-11 11:15:03,2025-08-11 15:47:15,16332,4.54
1594,L14,#35,GW252/13600,(2)停机状态,2,2025-08-11 11:09:27,2025-08-11 11:15:03,336,0.09
1595,L14,#35,GW252/13600,(1)停机过程,1,2025-08-11 11:08:55,2025-08-11 11:09:27,32,0.01
1596,L14,#35,GW252/13600,(4)启机状态,4,2025-08-11 11:03:56,2025-08-11 11:08:55,299,0.08
1597,L14,#35,GW252/13600,(3)待机状态,3,2025-08-11 10:34:59,2025-08-11 11:03:56,1737,0.48
1598,L14,#35,GW252/13600,(2)停机状态,2,2025-08-11 10:29:22,2025-08-11 10:34:59,337,0.09
1599,L14,#35,GW252/13600,(1)停机过程,1,2025-08-11 10:28:50,2025-08-11 10:29:22,32,0.01
1600,L14,#35,GW252/13600,(4)启机状态,4,2025-08-11 10:23:50,2025-08-11 10:28:50,300,0.08
1601,L14,#35,GW252/13600,(3)待机状态,3,2025-08-11 10:22:30,2025-08-11 10:23:50,80,0.02
1602,L14,#35,GW252/13600,(2)停机状态,2,2025-08-11 10:22:28,2025-08-11 10:22:30,2,0
1603,L14,#35,GW252/13600,(1)停机过程,1,2025-08-11 10:21:56,2025-08-11 10:22:28,32,0.01
1604,L14,#35,GW252/13600,(4)启机状态,4,2025-08-11 10:16:55,2025-08-11 10:21:56,301,0.08
1605,L14,#35,GW252/13600,(3)待机状态,3,2025-08-11 10:14:23,2025-08-11 10:16:55,152,0.04
1606,L14,#35,GW252/13600,(2)停机状态,2,2025-08-11 10:14:18,2025-08-11 10:14:23,5,0
1607,L14,#35,GW252/13600,(1)停机过程,1,2025-08-11 10:13:46,2025-08-11 10:14:18,32,0.01
1608,L14,#35,GW252/13600,(4)启机状态,4,2025-08-11 10:08:46,2025-08-11 10:13:46,300,0.08
1609,L14,#35,GW252/13600,(3)待机状态,3,2025-08-11 10:07:42,2025-08-11 10:08:46,64,0.02
1610,L14,#35,GW252/13600,(2)停机状态,2,2025-08-11 10:07:41,2025-08-11 10:07:42,1,0
1611,L14,#35,GW252/13600,(1)停机过程,1,2025-08-11 10:07:10,2025-08-11 10:07:41,31,0.01
1612,L14,#35,GW252/13600,(4)启机状态,4,2025-08-11 10:02:10,2025-08-11 10:07:10,300,0.08
1613,L14,#35,GW252/13600,(3)待机状态,3,2025-08-11 10:01:12,2025-08-11 10:02:10,58,0.02
1614,L14,#35,GW252/13600,(2)停机状态,2,2025-08-11 10:01:10,2025-08-11 10:01:12,2,0
1615,L14,#35,GW252/13600,(1)停机过程,1,2025-08-11 10:00:40,2025-08-11 10:01:10,30,0.01
1616,L14,#35,GW252/13600,(4)启机状态,4,2025-08-11 09:55:39,2025-08-11 10:00:40,301,0.08
1617,L14,#35,GW252/13600,(3)待机状态,3,2025-08-11 09:54:32,2025-08-11 09:55:39,67,0.02
1618,L14,#35,GW252/13600,(2)停机状态,2,2025-08-11 09:54:31,2025-08-11 09:54:32,1,0
1619,L14,#35,GW252/13600,(1)停机过程,1,2025-08-11 09:54:00,2025-08-11 09:54:31,31,0.01
1620,L14,#35,GW252/13600,(4)启机状态,4,2025-08-11 09:49:00,2025-08-11 09:54:00,300,0.08
1621,L14,#35,GW252/13600,(3)待机状态,3,2025-08-11 09:48:05,2025-08-11 09:49:00,55,0.02
1622,L14,#35,GW252/13600,(2)停机状态,2,2025-08-11 09:48:04,2025-08-11 09:48:05,1,0
1623,L14,#35,GW252/13600,(1)停机过程,1,2025-08-11 09:47:32,2025-08-11 09:48:04,32,0.01
1624,L14,#35,GW252/13600,(4)启机状态,4,2025-08-11 09:42:32,2025-08-11 09:47:32,300,0.08
1625,L14,#35,GW252/13600,(3)待机状态,3,2025-08-11 09:41:22,2025-08-11 09:42:32,70,0.02
1626,L14,#35,GW252/13600,(1)停机过程,1,2025-08-11 09:40:51,2025-08-11 09:41:22,31,0.01
1627,L14,#35,GW252/13600,(4)启机状态,4,2025-08-11 09:35:50,2025-08-11 09:40:51,301,0.08
1628,L14,#35,GW252/13600,(3)待机状态,3,2025-08-11 09:34:53,2025-08-11 09:35:50,57,0.02
1629,L14,#35,GW252/13600,(2)停机状态,2,2025-08-11 09:34:52,2025-08-11 09:34:53,1,0
1630,L14,#35,GW252/13600,(1)停机过程,1,2025-08-11 09:34:20,2025-08-11 09:34:52,32,0.01
1631,L14,#35,GW252/13600,(4)启机状态,4,2025-08-11 09:29:19,2025-08-11 09:34:20,301,0.08
1632,L14,#35,GW252/13600,(3)待机状态,3,2025-08-11 09:28:08,2025-08-11 09:29:19,71,0.02
1633,L14,#35,GW252/13600,(2)停机状态,2,2025-08-11 09:28:07,2025-08-11 09:28:08,1,0
1634,L14,#35,GW252/13600,(1)停机过程,1,2025-08-11 09:27:34,2025-08-11 09:28:07,33,0.01
1635,L14,#35,GW252/13600,(4)启机状态,4,2025-08-11 09:22:34,2025-08-11 09:27:34,300,0.08
1636,L14,#35,GW252/13600,(3)待机状态,3,2025-08-11 09:21:38,2025-08-11 09:22:34,56,0.02
1637,L14,#35,GW252/13600,(2)停机状态,2,2025-08-11 09:21:37,2025-08-11 09:21:38,1,0
1638,L14,#35,GW252/13600,(1)停机过程,1,2025-08-11 09:21:05,2025-08-11 09:21:37,32,0.01
1639,L14,#35,GW252/13600,(4)启机状态,4,2025-08-11 09:16:05,2025-08-11 09:21:05,300,0.08
1640,L14,#35,GW252/13600,(3)待机状态,3,2025-08-11 09:14:51,2025-08-11 09:16:05,74,0.02
1641,L14,#35,GW252/13600,(1)停机过程,1,2025-08-11 09:14:19,2025-08-11 09:14:51,32,0.01
1642,L14,#35,GW252/13600,(4)启机状态,4,2025-08-11 09:09:19,2025-08-11 09:14:19,300,0.08
1643,L14,#35,GW252/13600,(3)待机状态,3,2025-08-11 09:08:14,2025-08-11 09:09:19,65,0.02
1644,L14,#35,GW252/13600,(2)停机状态,2,2025-08-11 09:08:12,2025-08-11 09:08:14,2,0
1645,L14,#35,GW252/13600,(1)停机过程,1,2025-08-11 09:07:41,2025-08-11 09:08:12,31,0.01
1646,L14,#35,GW252/13600,(4)启机状态,4,2025-08-11 09:02:41,2025-08-11 09:07:41,300,0.08
1647,L14,#35,GW252/13600,(3)待机状态,3,2025-08-11 09:01:39,2025-08-11 09:02:41,62,0.02
1648,L14,#35,GW252/13600,(2)停机状态,2,2025-08-11 09:01:37,2025-08-11 09:01:39,2,0
1649,L14,#35,GW252/13600,(1)停机过程,1,2025-08-11 09:01:06,2025-08-11 09:01:37,31,0.01
1650,L14,#35,GW252/13600,(4)启机状态,4,2025-08-11 08:56:06,2025-08-11 09:01:06,300,0.08
1651,L14,#35,GW252/13600,(3)待机状态,3,2025-08-11 08:53:33,2025-08-11 08:56:06,153,0.04
1652,L14,#35,GW252/13600,(2)停机状态,2,2025-08-11 08:53:31,2025-08-11 08:53:33,2,0
1653,L14,#35,GW252/13600,(1)停机过程,1,2025-08-11 08:52:59,2025-08-11 08:53:31,32,0.01
1654,L14,#35,GW252/13600,(4)启机状态,4,2025-08-11 08:47:58,2025-08-11 08:52:59,301,0.08
1655,L14,#35,GW252/13600,(3)待机状态,3,2025-08-11 08:46:56,2025-08-11 08:47:58,62,0.02
1656,L14,#35,GW252/13600,(2)停机状态,2,2025-08-11 08:46:53,2025-08-11 08:46:56,3,0
1657,L14,#35,GW252/13600,(1)停机过程,1,2025-08-11 08:46:21,2025-08-11 08:46:53,32,0.01
1658,L14,#35,GW252/13600,(4)启机状态,4,2025-08-11 08:41:22,2025-08-11 08:46:21,299,0.08
1659,L14,#35,GW252/13600,(3)待机状态,3,2025-08-11 08:40:09,2025-08-11 08:41:22,73,0.02
1660,L14,#35,GW252/13600,(2)停机状态,2,2025-08-11 08:40:08,2025-08-11 08:40:09,1,0
1661,L14,#35,GW252/13600,(1)停机过程,1,2025-08-11 08:39:35,2025-08-11 08:40:08,33,0.01
1662,L14,#35,GW252/13600,(4)启机状态,4,2025-08-11 08:34:35,2025-08-11 08:39:35,300,0.08
1663,L14,#35,GW252/13600,(3)待机状态,3,2025-08-11 08:33:30,2025-08-11 08:34:35,65,0.02
1664,L14,#35,GW252/13600,(2)停机状态,2,2025-08-11 08:33:28,2025-08-11 08:33:30,2,0
1665,L14,#35,GW252/13600,(1)停机过程,1,2025-08-11 08:32:58,2025-08-11 08:33:28,30,0.01
1666,L14,#35,GW252/13600,(4)启机状态,4,2025-08-11 08:27:58,2025-08-11 08:32:58,300,0.08
1667,L14,#35,GW252/13600,(3)待机状态,3,2025-08-11 08:26:54,2025-08-11 08:27:58,64,0.02
1668,L14,#35,GW252/13600,(2)停机状态,2,2025-08-11 08:26:53,2025-08-11 08:26:54,1,0
1669,L14,#35,GW252/13600,(1)停机过程,1,2025-08-11 08:26:21,2025-08-11 08:26:53,32,0.01
1670,L14,#35,GW252/13600,(4)启机状态,4,2025-08-11 08:21:21,2025-08-11 08:26:21,300,0.08
1671,L14,#35,GW252/13600,(3)待机状态,3,2025-08-11 08:19:42,2025-08-11 08:21:21,99,0.03
1672,L14,#35,GW252/13600,(2)停机状态,2,2025-08-11 08:19:40,2025-08-11 08:19:42,2,0
1673,L14,#35,GW252/13600,(1)停机过程,1,2025-08-11 08:19:07,2025-08-11 08:19:40,33,0.01
1674,L14,#35,GW252/13600,(4)启机状态,4,2025-08-11 08:14:07,2025-08-11 08:19:07,300,0.08
1675,L14,#35,GW252/13600,(3)待机状态,3,2025-08-11 08:13:07,2025-08-11 08:14:07,60,0.02
1676,L14,#35,GW252/13600,(2)停机状态,2,2025-08-11 08:13:06,2025-08-11 08:13:07,1,0
1677,L14,#35,GW252/13600,(1)停机过程,1,2025-08-11 08:12:34,2025-08-11 08:13:06,32,0.01
1678,L14,#35,GW252/13600,(4)启机状态,4,2025-08-11 08:07:35,2025-08-11 08:12:34,299,0.08
1679,L14,#35,GW252/13600,(3)待机状态,3,2025-08-11 08:04:30,2025-08-11 08:07:35,185,0.05
1680,L14,#35,GW252/13600,(2)停机状态,2,2025-08-11 08:04:29,2025-08-11 08:04:30,1,0
1681,L14,#35,GW252/13600,(1)停机过程,1,2025-08-11 08:03:58,2025-08-11 08:04:29,31,0.01
1682,L14,#35,GW252/13600,(4)启机状态,4,2025-08-11 07:58:58,2025-08-11 08:03:58,300,0.08
1683,L14,#35,GW252/13600,(3)待机状态,3,2025-08-11 07:57:52,2025-08-11 07:58:58,66,0.02
1684,L14,#35,GW252/13600,(2)停机状态,2,2025-08-11 07:57:50,2025-08-11 07:57:52,2,0
1685,L14,#35,GW252/13600,(1)停机过程,1,2025-08-11 07:57:18,2025-08-11 07:57:50,32,0.01
1686,L14,#35,GW252/13600,(4)启机状态,4,2025-08-11 07:52:18,2025-08-11 07:57:18,300,0.08
1687,L14,#35,GW252/13600,(3)待机状态,3,2025-08-11 07:51:09,2025-08-11 07:52:18,69,0.02
1688,L14,#35,GW252/13600,(2)停机状态,2,2025-08-11 07:51:08,2025-08-11 07:51:09,1,0
1689,L14,#35,GW252/13600,(1)停机过程,1,2025-08-11 07:50:38,2025-08-11 07:51:08,30,0.01
1690,L14,#35,GW252/13600,(4)启机状态,4,2025-08-11 07:45:37,2025-08-11 07:50:38,301,0.08
1691,L14,#35,GW252/13600,(3)待机状态,3,2025-08-11 07:43:29,2025-08-11 07:45:37,128,0.04
1692,L14,#35,GW252/13600,(2)停机状态,2,2025-08-11 07:40:27,2025-08-11 07:43:29,182,0.05
1693,L14,#35,GW252/13600,(1)停机过程,1,2025-08-11 07:39:31,2025-08-11 07:40:27,56,0.02
1694,L14,#35,GW252/13600,(5)发电状态,5,2025-08-10 18:03:45,2025-08-11 07:39:31,48946,13.6
1695,L14,#35,GW252/13600,(4)启机状态,4,2025-08-10 18:00:01,2025-08-10 18:03:45,224,0.06
1696,L14,#35,GW252/13600,(3)待机状态,3,2025-08-10 17:59:05,2025-08-10 18:00:01,56,0.02
1697,L14,#35,GW252/13600,(2)停机状态,2,2025-08-10 17:59:04,2025-08-10 17:59:05,1,0
1698,L14,#35,GW252/13600,(1)停机过程,1,2025-08-10 17:58:33,2025-08-10 17:59:04,31,0.01
1699,L14,#35,GW252/13600,(4)启机状态,4,2025-08-10 17:53:33,2025-08-10 17:58:33,300,0.08
1700,L14,#35,GW252/13600,(3)待机状态,3,2025-08-10 17:52:17,2025-08-10 17:53:33,76,0.02
1701,L14,#35,GW252/13600,(2)停机状态,2,2025-08-10 17:52:15,2025-08-10 17:52:17,2,0
1702,L14,#35,GW252/13600,(1)停机过程,1,2025-08-10 17:51:42,2025-08-10 17:52:15,33,0.01
1703,L14,#35,GW252/13600,(4)启机状态,4,2025-08-10 17:46:44,2025-08-10 17:51:42,298,0.08
1704,L14,#35,GW252/13600,(3)待机状态,3,2025-08-10 17:45:39,2025-08-10 17:46:44,65,0.02
1705,L14,#35,GW252/13600,(2)停机状态,2,2025-08-10 17:45:37,2025-08-10 17:45:39,2,0
1706,L14,#35,GW252/13600,(1)停机过程,1,2025-08-10 17:45:06,2025-08-10 17:45:37,31,0.01
1707,L14,#35,GW252/13600,(4)启机状态,4,2025-08-10 17:40:06,2025-08-10 17:45:06,300,0.08
1708,L14,#35,GW252/13600,(3)待机状态,3,2025-08-10 17:39:07,2025-08-10 17:40:06,59,0.02
1709,L14,#35,GW252/13600,(2)停机状态,2,2025-08-10 17:39:06,2025-08-10 17:39:07,1,0
1710,L14,#35,GW252/13600,(1)停机过程,1,2025-08-10 17:38:34,2025-08-10 17:39:06,32,0.01
1711,L14,#35,GW252/13600,(4)启机状态,4,2025-08-10 17:33:33,2025-08-10 17:38:34,301,0.08
1712,L14,#35,GW252/13600,(3)待机状态,3,2025-08-10 17:32:19,2025-08-10 17:33:33,74,0.02
1713,L14,#35,GW252/13600,(2)停机状态,2,2025-08-10 17:32:18,2025-08-10 17:32:19,1,0
1714,L14,#35,GW252/13600,(1)停机过程,1,2025-08-10 17:31:47,2025-08-10 17:32:18,31,0.01
1715,L14,#35,GW252/13600,(4)启机状态,4,2025-08-10 17:26:47,2025-08-10 17:31:47,300,0.08
1716,L14,#35,GW252/13600,(3)待机状态,3,2025-08-10 17:25:32,2025-08-10 17:26:47,75,0.02
1717,L14,#35,GW252/13600,(2)停机状态,2,2025-08-10 17:25:30,2025-08-10 17:25:32,2,0
1718,L14,#35,GW252/13600,(1)停机过程,1,2025-08-10 17:24:58,2025-08-10 17:25:30,32,0.01
1719,L14,#35,GW252/13600,(4)启机状态,4,2025-08-10 17:19:58,2025-08-10 17:24:58,300,0.08
1720,L14,#35,GW252/13600,(3)待机状态,3,2025-08-10 17:07:18,2025-08-10 17:19:58,760,0.21
1721,L14,#35,GW252/13600,(1)停机过程,1,2025-08-10 17:06:46,2025-08-10 17:07:18,32,0.01
1722,L14,#35,GW252/13600,(4)启机状态,4,2025-08-10 17:01:46,2025-08-10 17:06:46,300,0.08
1723,L14,#35,GW252/13600,(3)待机状态,3,2025-08-10 16:59:44,2025-08-10 17:01:46,122,0.03
1724,L14,#35,GW252/13600,(2)停机状态,2,2025-08-10 16:59:42,2025-08-10 16:59:44,2,0
1725,L14,#35,GW252/13600,(1)停机过程,1,2025-08-10 16:59:11,2025-08-10 16:59:42,31,0.01
1726,L14,#35,GW252/13600,(4)启机状态,4,2025-08-10 16:54:11,2025-08-10 16:59:11,300,0.08
1727,L14,#35,GW252/13600,(3)待机状态,3,2025-08-10 16:49:05,2025-08-10 16:54:11,306,0.09
1728,L14,#35,GW252/13600,(1)停机过程,1,2025-08-10 16:48:33,2025-08-10 16:49:05,32,0.01
1729,L14,#35,GW252/13600,(4)启机状态,4,2025-08-10 16:43:34,2025-08-10 16:48:33,299,0.08
1730,L14,#35,GW252/13600,(3)待机状态,3,2025-08-10 16:42:16,2025-08-10 16:43:34,78,0.02
1731,L14,#35,GW252/13600,(2)停机状态,2,2025-08-10 16:42:09,2025-08-10 16:42:16,7,0
1732,L14,#35,GW252/13600,(1)停机过程,1,2025-08-10 16:41:37,2025-08-10 16:42:09,32,0.01
1733,L14,#35,GW252/13600,(4)启机状态,4,2025-08-10 16:36:38,2025-08-10 16:41:37,299,0.08
1734,L14,#35,GW252/13600,(3)待机状态,3,2025-08-10 12:37:27,2025-08-10 16:36:38,14351,3.99
1735,L14,#35,GW252/13600,(2)停机状态,2,2025-08-10 12:34:52,2025-08-10 12:37:27,155,0.04
1736,L14,#35,GW252/13600,(1)停机过程,1,2025-08-10 12:34:20,2025-08-10 12:34:52,32,0.01
1737,L14,#35,GW252/13600,(4)启机状态,4,2025-08-10 12:29:19,2025-08-10 12:34:20,301,0.08
1738,L14,#35,GW252/13600,(3)待机状态,3,2025-08-10 12:07:04,2025-08-10 12:29:19,1335,0.37
1739,L14,#35,GW252/13600,(2)停机状态,2,2025-08-10 12:06:37,2025-08-10 12:07:04,27,0.01
1740,L14,#35,GW252/13600,(1)停机过程,1,2025-08-10 12:06:06,2025-08-10 12:06:37,31,0.01
1741,L14,#35,GW252/13600,(4)启机状态,4,2025-08-10 12:01:06,2025-08-10 12:06:06,300,0.08
1742,L14,#35,GW252/13600,(3)待机状态,3,2025-08-10 11:54:39,2025-08-10 12:01:06,387,0.11
1743,L14,#35,GW252/13600,(2)停机状态,2,2025-08-10 11:52:56,2025-08-10 11:54:39,103,0.03
1744,L14,#35,GW252/13600,(1)停机过程,1,2025-08-10 11:52:33,2025-08-10 11:52:56,23,0.01
1745,L14,#35,GW252/13600,(4)启机状态,4,2025-08-10 11:47:24,2025-08-10 11:52:33,309,0.09
1746,L14,#35,GW252/13600,(3)待机状态,3,2025-08-10 07:29:31,2025-08-10 11:47:24,15473,4.3
1747,L14,#35,GW252/13600,(2)停机状态,2,2025-08-10 07:27:24,2025-08-10 07:29:31,127,0.04
1748,L14,#35,GW252/13600,(1)停机过程,1,2025-08-10 07:26:54,2025-08-10 07:27:24,30,0.01
1749,L14,#35,GW252/13600,(4)启机状态,4,2025-08-10 07:21:54,2025-08-10 07:26:54,300,0.08
1750,L14,#35,GW252/13600,(3)待机状态,3,2025-08-10 07:09:49,2025-08-10 07:21:54,725,0.2
1751,L14,#35,GW252/13600,(1)停机过程,1,2025-08-10 07:09:16,2025-08-10 07:09:49,33,0.01
1752,L14,#35,GW252/13600,(4)启机状态,4,2025-08-10 07:04:17,2025-08-10 07:09:16,299,0.08
1753,L14,#35,GW252/13600,(3)待机状态,3,2025-08-10 07:01:38,2025-08-10 07:04:17,159,0.04
1754,L14,#35,GW252/13600,(2)停机状态,2,2025-08-10 07:00:55,2025-08-10 07:01:38,43,0.01
1755,L14,#35,GW252/13600,(1)停机过程,1,2025-08-10 07:00:25,2025-08-10 07:00:55,30,0.01
1756,L14,#35,GW252/13600,(4)启机状态,4,2025-08-10 06:55:25,2025-08-10 07:00:25,300,0.08
1757,L14,#35,GW252/13600,(3)待机状态,3,2025-08-10 06:48:31,2025-08-10 06:55:25,414,0.12
1758,L14,#35,GW252/13600,(1)停机过程,1,2025-08-10 06:47:59,2025-08-10 06:48:31,32,0.01
1759,L14,#35,GW252/13600,(4)启机状态,4,2025-08-10 06:42:58,2025-08-10 06:47:59,301,0.08
1760,L14,#35,GW252/13600,(3)待机状态,3,2025-08-10 06:41:23,2025-08-10 06:42:58,95,0.03
1761,L14,#35,GW252/13600,(2)停机状态,2,2025-08-10 06:41:22,2025-08-10 06:41:23,1,0
1762,L14,#35,GW252/13600,(1)停机过程,1,2025-08-10 06:40:50,2025-08-10 06:41:22,32,0.01
1763,L14,#35,GW252/13600,(4)启机状态,4,2025-08-10 06:35:50,2025-08-10 06:40:50,300,0.08
1764,L14,#35,GW252/13600,(3)待机状态,3,2025-08-10 06:28:48,2025-08-10 06:35:50,422,0.12
1765,L14,#35,GW252/13600,(2)停机状态,2,2025-08-10 06:23:11,2025-08-10 06:28:48,337,0.09
1766,L14,#35,GW252/13600,(1)停机过程,1,2025-08-10 06:22:14,2025-08-10 06:23:11,57,0.02
1767,L14,#35,GW252/13600,(5)发电状态,5,2025-08-09 16:03:10,2025-08-10 06:22:14,51544,14.32
1768,L14,#35,GW252/13600,(4)启机状态,4,2025-08-09 15:59:52,2025-08-09 16:03:10,198,0.06
1769,L14,#35,GW252/13600,(3)待机状态,3,2025-08-09 15:58:34,2025-08-09 15:59:52,78,0.02
1770,L14,#35,GW252/13600,(1)停机过程,1,2025-08-09 15:58:01,2025-08-09 15:58:34,33,0.01
1771,L14,#35,GW252/13600,(4)启机状态,4,2025-08-09 15:53:01,2025-08-09 15:58:01,300,0.08
1772,L14,#35,GW252/13600,(3)待机状态,3,2025-08-09 15:51:56,2025-08-09 15:53:01,65,0.02
1773,L14,#35,GW252/13600,(2)停机状态,2,2025-08-09 15:51:54,2025-08-09 15:51:56,2,0
1774,L14,#35,GW252/13600,(1)停机过程,1,2025-08-09 15:51:23,2025-08-09 15:51:54,31,0.01
1775,L14,#35,GW252/13600,(4)启机状态,4,2025-08-09 15:46:22,2025-08-09 15:51:23,301,0.08
1776,L14,#35,GW252/13600,(3)待机状态,3,2025-08-09 15:45:19,2025-08-09 15:46:22,63,0.02
1777,L14,#35,GW252/13600,(1)停机过程,1,2025-08-09 15:44:46,2025-08-09 15:45:19,33,0.01
1778,L14,#35,GW252/13600,(4)启机状态,4,2025-08-09 15:39:46,2025-08-09 15:44:46,300,0.08
1779,L14,#35,GW252/13600,(3)待机状态,3,2025-08-09 15:34:11,2025-08-09 15:39:46,335,0.09
1780,L14,#35,GW252/13600,(2)停机状态,2,2025-08-09 15:32:28,2025-08-09 15:34:11,103,0.03
1781,L14,#35,GW252/13600,(1)停机过程,1,2025-08-09 15:31:57,2025-08-09 15:32:28,31,0.01
1782,L14,#35,GW252/13600,(4)启机状态,4,2025-08-09 15:26:56,2025-08-09 15:31:57,301,0.08
1783,L14,#35,GW252/13600,(3)待机状态,3,2025-08-09 10:38:56,2025-08-09 15:26:56,17280,4.8
1784,L14,#35,GW252/13600,(2)停机状态,2,2025-08-09 10:38:53,2025-08-09 10:38:56,3,0
1785,L14,#35,GW252/13600,(1)停机过程,1,2025-08-09 10:38:21,2025-08-09 10:38:53,32,0.01
1786,L14,#35,GW252/13600,(4)启机状态,4,2025-08-09 10:33:21,2025-08-09 10:38:21,300,0.08
1787,L14,#35,GW252/13600,(3)待机状态,3,2025-08-09 10:30:04,2025-08-09 10:33:21,197,0.05
1788,L14,#35,GW252/13600,(2)停机状态,2,2025-08-09 10:30:02,2025-08-09 10:30:04,2,0
1789,L14,#35,GW252/13600,(1)停机过程,1,2025-08-09 10:29:07,2025-08-09 10:30:02,55,0.02
1790,L14,#35,GW252/13600,(5)发电状态,5,2025-08-09 07:34:21,2025-08-09 10:29:07,10486,2.91
1791,L14,#35,GW252/13600,(4)启机状态,4,2025-08-09 07:29:52,2025-08-09 07:34:21,269,0.07
1792,L14,#35,GW252/13600,(3)待机状态,3,2025-08-09 07:28:54,2025-08-09 07:29:52,58,0.02
1793,L14,#35,GW252/13600,(2)停机状态,2,2025-08-09 07:28:51,2025-08-09 07:28:54,3,0
1794,L14,#35,GW252/13600,(1)停机过程,1,2025-08-09 07:28:19,2025-08-09 07:28:51,32,0.01
1795,L14,#35,GW252/13600,(4)启机状态,4,2025-08-09 07:23:19,2025-08-09 07:28:19,300,0.08
1796,L14,#35,GW252/13600,(3)待机状态,3,2025-08-09 07:21:31,2025-08-09 07:23:19,108,0.03
1797,L14,#35,GW252/13600,(2)停机状态,2,2025-08-09 07:21:29,2025-08-09 07:21:31,2,0
1798,L14,#35,GW252/13600,(1)停机过程,1,2025-08-09 07:20:57,2025-08-09 07:21:29,32,0.01
1799,L14,#35,GW252/13600,(4)启机状态,4,2025-08-09 07:15:58,2025-08-09 07:20:57,299,0.08
1800,L14,#35,GW252/13600,(3)待机状态,3,2025-08-09 07:14:52,2025-08-09 07:15:58,66,0.02
1801,L14,#35,GW252/13600,(1)停机过程,1,2025-08-09 07:14:21,2025-08-09 07:14:52,31,0.01
1802,L14,#35,GW252/13600,(4)启机状态,4,2025-08-09 07:09:21,2025-08-09 07:14:21,300,0.08
1803,L14,#35,GW252/13600,(3)待机状态,3,2025-08-09 07:07:55,2025-08-09 07:09:21,86,0.02
1804,L14,#35,GW252/13600,(2)停机状态,2,2025-08-09 07:07:54,2025-08-09 07:07:55,1,0
1805,L14,#35,GW252/13600,(1)停机过程,1,2025-08-09 07:07:22,2025-08-09 07:07:54,32,0.01
1806,L14,#35,GW252/13600,(4)启机状态,4,2025-08-09 07:02:22,2025-08-09 07:07:22,300,0.08
1807,L14,#35,GW252/13600,(3)待机状态,3,2025-08-09 07:00:52,2025-08-09 07:02:22,90,0.03
1808,L14,#35,GW252/13600,(1)停机过程,1,2025-08-09 07:00:19,2025-08-09 07:00:52,33,0.01
1809,L14,#35,GW252/13600,(4)启机状态,4,2025-08-09 06:55:20,2025-08-09 07:00:19,299,0.08
1810,L14,#35,GW252/13600,(3)待机状态,3,2025-08-09 06:50:33,2025-08-09 06:55:20,287,0.08
1811,L14,#35,GW252/13600,(2)停机状态,2,2025-08-09 06:44:56,2025-08-09 06:50:33,337,0.09
1812,L14,#35,GW252/13600,(1)停机过程,1,2025-08-09 06:44:24,2025-08-09 06:44:56,32,0.01
1813,L14,#35,GW252/13600,(4)启机状态,4,2025-08-09 06:39:24,2025-08-09 06:44:24,300,0.08
1814,L14,#35,GW252/13600,(3)待机状态,3,2025-08-09 06:36:50,2025-08-09 06:39:24,154,0.04
1815,L14,#35,GW252/13600,(1)停机过程,1,2025-08-09 06:36:17,2025-08-09 06:36:50,33,0.01
1816,L14,#35,GW252/13600,(4)启机状态,4,2025-08-09 06:31:18,2025-08-09 06:36:17,299,0.08
1817,L14,#35,GW252/13600,(3)待机状态,3,2025-08-09 05:59:04,2025-08-09 06:31:18,1934,0.54
1818,L14,#35,GW252/13600,(2)停机状态,2,2025-08-09 05:53:27,2025-08-09 05:59:04,337,0.09
1819,L14,#35,GW252/13600,(1)停机过程,1,2025-08-09 05:52:55,2025-08-09 05:53:27,32,0.01
1820,L14,#35,GW252/13600,(4)启机状态,4,2025-08-09 05:47:55,2025-08-09 05:52:55,300,0.08
1821,L14,#35,GW252/13600,(3)待机状态,3,2025-08-09 05:25:23,2025-08-09 05:47:55,1352,0.38
1822,L14,#35,GW252/13600,(2)停机状态,2,2025-08-09 05:23:57,2025-08-09 05:25:23,86,0.02
1823,L14,#35,GW252/13600,(1)停机过程,1,2025-08-09 05:23:25,2025-08-09 05:23:57,32,0.01
1824,L14,#35,GW252/13600,(4)启机状态,4,2025-08-09 05:18:25,2025-08-09 05:23:25,300,0.08
1825,L14,#35,GW252/13600,(3)待机状态,3,2025-08-09 05:16:36,2025-08-09 05:18:25,109,0.03
1826,L14,#35,GW252/13600,(2)停机状态,2,2025-08-09 05:15:27,2025-08-09 05:16:36,69,0.02
1827,L14,#35,GW252/13600,(1)停机过程,1,2025-08-09 05:14:56,2025-08-09 05:15:27,31,0.01
1828,L14,#35,GW252/13600,(4)启机状态,4,2025-08-09 05:09:56,2025-08-09 05:14:56,300,0.08
1829,L14,#35,GW252/13600,(3)待机状态,3,2025-08-09 05:07:42,2025-08-09 05:09:56,134,0.04
1830,L14,#35,GW252/13600,(2)停机状态,2,2025-08-09 05:07:14,2025-08-09 05:07:42,28,0.01
1831,L14,#35,GW252/13600,(1)停机过程,1,2025-08-09 05:06:44,2025-08-09 05:07:14,30,0.01
1832,L14,#35,GW252/13600,(4)启机状态,4,2025-08-09 05:01:43,2025-08-09 05:06:44,301,0.08
1833,L14,#35,GW252/13600,(3)待机状态,3,2025-08-09 03:35:04,2025-08-09 05:01:43,5199,1.44
1834,L14,#35,GW252/13600,(2)停机状态,2,2025-08-09 03:33:41,2025-08-09 03:35:04,83,0.02
1835,L14,#35,GW252/13600,(1)停机过程,1,2025-08-09 03:33:09,2025-08-09 03:33:41,32,0.01
1836,L14,#35,GW252/13600,(4)启机状态,4,2025-08-09 03:28:09,2025-08-09 03:33:09,300,0.08
1837,L14,#35,GW252/13600,(3)待机状态,3,2025-08-09 03:20:08,2025-08-09 03:28:09,481,0.13
1838,L14,#35,GW252/13600,(2)停机状态,2,2025-08-09 03:17:41,2025-08-09 03:20:08,147,0.04
1839,L14,#35,GW252/13600,(1)停机过程,1,2025-08-09 03:16:45,2025-08-09 03:17:41,56,0.02
1840,L14,#35,GW252/13600,(5)发电状态,5,2025-08-08 17:21:45,2025-08-09 03:16:45,35700,9.92
1841,L14,#35,GW252/13600,(4)启机状态,4,2025-08-08 17:19:16,2025-08-08 17:21:45,149,0.04
1842,L14,#35,GW252/13600,(3)待机状态,3,2025-08-08 17:18:12,2025-08-08 17:19:16,64,0.02
1843,L14,#35,GW252/13600,(2)停机状态,2,2025-08-08 17:18:10,2025-08-08 17:18:12,2,0
1844,L14,#35,GW252/13600,(1)停机过程,1,2025-08-08 17:17:39,2025-08-08 17:18:10,31,0.01
1845,L14,#35,GW252/13600,(4)启机状态,4,2025-08-08 17:12:38,2025-08-08 17:17:39,301,0.08
1846,L14,#35,GW252/13600,(3)待机状态,3,2025-08-08 17:11:22,2025-08-08 17:12:38,76,0.02
1847,L14,#35,GW252/13600,(2)停机状态,2,2025-08-08 17:11:21,2025-08-08 17:11:22,1,0
1848,L14,#35,GW252/13600,(1)停机过程,1,2025-08-08 17:10:50,2025-08-08 17:11:21,31,0.01
1849,L14,#35,GW252/13600,(4)启机状态,4,2025-08-08 17:05:50,2025-08-08 17:10:50,300,0.08
1850,L14,#35,GW252/13600,(3)待机状态,3,2025-08-08 17:04:09,2025-08-08 17:05:50,101,0.03
1851,L14,#35,GW252/13600,(2)停机状态,2,2025-08-08 17:04:07,2025-08-08 17:04:09,2,0
1852,L14,#35,GW252/13600,(1)停机过程,1,2025-08-08 17:03:35,2025-08-08 17:04:07,32,0.01
1853,L14,#35,GW252/13600,(4)启机状态,4,2025-08-08 16:58:36,2025-08-08 17:03:35,299,0.08
1854,L14,#35,GW252/13600,(3)待机状态,3,2025-08-08 16:53:49,2025-08-08 16:58:36,287,0.08
1855,L14,#35,GW252/13600,(2)停机状态,2,2025-08-08 16:53:20,2025-08-08 16:53:49,29,0.01
1856,L14,#35,GW252/13600,(1)停机过程,1,2025-08-08 16:52:24,2025-08-08 16:53:20,56,0.02
1857,L14,#35,GW252/13600,(5)发电状态,5,2025-08-08 12:59:13,2025-08-08 16:52:24,13991,3.89
1858,L14,#35,GW252/13600,(4)启机状态,4,2025-08-08 12:57:02,2025-08-08 12:59:13,131,0.04
1859,L14,#35,GW252/13600,(3)待机状态,3,2025-08-08 12:56:08,2025-08-08 12:57:02,54,0.02
1860,L14,#35,GW252/13600,(2)停机状态,2,2025-08-08 12:56:05,2025-08-08 12:56:08,3,0
1861,L14,#35,GW252/13600,(1)停机过程,1,2025-08-08 12:55:10,2025-08-08 12:56:05,55,0.02
1862,L14,#35,GW252/13600,(5)发电状态,5,2025-08-06 12:53:40,2025-08-08 12:55:10,172890,48.03
1863,L14,#35,GW252/13600,(4)启机状态,4,2025-08-06 12:49:22,2025-08-06 12:53:40,258,0.07
1864,L14,#35,GW252/13600,(3)待机状态,3,2025-08-06 12:48:20,2025-08-06 12:49:22,62,0.02
1865,L14,#35,GW252/13600,(2)停机状态,2,2025-08-06 12:48:19,2025-08-06 12:48:20,1,0
1866,L14,#35,GW252/13600,(1)停机过程,1,2025-08-06 12:47:48,2025-08-06 12:48:19,31,0.01
1867,L14,#35,GW252/13600,(4)启机状态,4,2025-08-06 12:42:48,2025-08-06 12:47:48,300,0.08
1868,L14,#35,GW252/13600,(3)待机状态,3,2025-08-06 11:22:24,2025-08-06 12:42:48,4824,1.34
1869,L14,#35,GW252/13600,(2)停机状态,2,2025-08-06 10:44:47,2025-08-06 11:22:24,2257,0.63
1870,L14,#35,GW252/13600,(1)停机过程,1,2025-08-06 10:43:51,2025-08-06 10:44:47,56,0.02
1871,L14,#35,GW252/13600,(5)发电状态,5,2025-08-06 08:05:10,2025-08-06 10:43:51,9521,2.64
1872,L14,#35,GW252/13600,(4)启机状态,4,2025-08-06 08:04:36,2025-08-06 08:05:10,34,0.01
1873,L14,#35,GW252/13600,(3)待机状态,3,2025-08-06 08:03:16,2025-08-06 08:04:36,80,0.02
1874,L14,#35,GW252/13600,(2)停机状态,2,2025-08-06 08:03:15,2025-08-06 08:03:16,1,0
1875,L14,#35,GW252/13600,(1)停机过程,1,2025-08-06 08:02:21,2025-08-06 08:03:15,54,0.02
1876,L14,#35,GW252/13600,(5)发电状态,5,2025-08-03 15:30:34,2025-08-06 08:02:21,232307,64.53
1877,L14,#35,GW252/13600,(4)启机状态,4,2025-08-03 15:29:42,2025-08-03 15:30:34,52,0.01
1878,L14,#35,GW252/13600,(3)待机状态,3,2025-08-03 15:29:00,2025-08-03 15:29:42,42,0.01
1879,L14,#35,GW252/13600,(2)停机状态,2,2025-08-03 14:24:49,2025-08-03 15:29:00,3851,1.07
1880,L14,#35,GW252/13600,(1)停机过程,1,2025-08-03 14:24:38,2025-08-03 14:24:49,11,0
1881,L14,#35,GW252/13600,(9)维护状态,9,2025-08-03 06:27:49,2025-08-03 14:24:38,28609,7.95
1882,L14,#35,GW252/13600,(2)停机状态,2,2025-08-03 06:07:15,2025-08-03 06:27:49,1234,0.34
1883,L14,#35,GW252/13600,(1)停机过程,1,2025-08-03 06:07:10,2025-08-03 06:07:15,5,0
1884,L14,#35,GW252/13600,(9)维护状态,9,2025-07-25 10:37:55,2025-08-03 06:07:10,761355,211.49
1885,L14,#35,GW252/13600,(2)停机状态,2,2025-07-25 10:24:21,2025-07-25 10:37:55,814,0.23
1886,L14,#35,GW252/13600,(1)停机过程,1,2025-07-25 10:23:21,2025-07-25 10:24:21,60,0.02
1887,L14,#35,GW252/13600,(5)发电状态,5,2025-07-25 06:50:48,2025-07-25 10:23:21,12753,3.54
1888,L14,#35,GW252/13600,(4)启机状态,4,2025-07-25 06:49:11,2025-07-25 06:50:48,97,0.03
1889,L14,#35,GW252/13600,(3)待机状态,3,2025-07-25 06:48:14,2025-07-25 06:49:11,57,0.02
1890,L14,#35,GW252/13600,(2)停机状态,2,2025-07-25 06:48:12,2025-07-25 06:48:14,2,0
1891,L14,#35,GW252/13600,(1)停机过程,1,2025-07-25 06:47:35,2025-07-25 06:48:12,37,0.01
1892,L14,#35,GW252/13600,(4)启机状态,4,2025-07-25 06:42:34,2025-07-25 06:47:35,301,0.08
1893,L14,#35,GW252/13600,(3)待机状态,3,2025-07-25 06:41:34,2025-07-25 06:42:34,60,0.02
1894,L14,#35,GW252/13600,(2)停机状态,2,2025-07-25 06:41:33,2025-07-25 06:41:34,1,0
1895,L14,#35,GW252/13600,(1)停机过程,1,2025-07-25 06:41:02,2025-07-25 06:41:33,31,0.01
1896,L14,#35,GW252/13600,(4)启机状态,4,2025-07-25 06:36:02,2025-07-25 06:41:02,300,0.08
1897,L14,#35,GW252/13600,(3)待机状态,3,2025-07-25 06:34:48,2025-07-25 06:36:02,74,0.02
1898,L14,#35,GW252/13600,(1)停机过程,1,2025-07-25 06:34:16,2025-07-25 06:34:48,32,0.01
1899,L14,#35,GW252/13600,(4)启机状态,4,2025-07-25 06:29:16,2025-07-25 06:34:16,300,0.08
1900,L14,#35,GW252/13600,(3)待机状态,3,2025-07-25 06:28:06,2025-07-25 06:29:16,70,0.02
1901,L14,#35,GW252/13600,(2)停机状态,2,2025-07-25 06:28:04,2025-07-25 06:28:06,2,0
1902,L14,#35,GW252/13600,(1)停机过程,1,2025-07-25 06:27:32,2025-07-25 06:28:04,32,0.01
1903,L14,#35,GW252/13600,(4)启机状态,4,2025-07-25 06:22:32,2025-07-25 06:27:32,300,0.08
1904,L14,#35,GW252/13600,(3)待机状态,3,2025-07-25 06:21:21,2025-07-25 06:22:32,71,0.02
1905,L14,#35,GW252/13600,(2)停机状态,2,2025-07-25 06:21:20,2025-07-25 06:21:21,1,0
1906,L14,#35,GW252/13600,(1)停机过程,1,2025-07-25 06:20:49,2025-07-25 06:21:20,31,0.01
1907,L14,#35,GW252/13600,(4)启机状态,4,2025-07-25 06:15:50,2025-07-25 06:20:49,299,0.08
1908,L14,#35,GW252/13600,(3)待机状态,3,2025-07-25 06:14:45,2025-07-25 06:15:50,65,0.02
1909,L14,#35,GW252/13600,(2)停机状态,2,2025-07-25 06:14:42,2025-07-25 06:14:45,3,0
1910,L14,#35,GW252/13600,(1)停机过程,1,2025-07-25 06:14:10,2025-07-25 06:14:42,32,0.01
1911,L14,#35,GW252/13600,(4)启机状态,4,2025-07-25 06:09:10,2025-07-25 06:14:10,300,0.08
1912,L14,#35,GW252/13600,(3)待机状态,3,2025-07-25 06:07:57,2025-07-25 06:09:10,73,0.02
1913,L14,#35,GW252/13600,(1)停机过程,1,2025-07-25 06:07:26,2025-07-25 06:07:57,31,0.01
1914,L14,#35,GW252/13600,(4)启机状态,4,2025-07-25 06:02:26,2025-07-25 06:07:26,300,0.08
1915,L14,#35,GW252/13600,(3)待机状态,3,2025-07-25 06:01:04,2025-07-25 06:02:26,82,0.02
1916,L14,#35,GW252/13600,(2)停机状态,2,2025-07-25 06:01:03,2025-07-25 06:01:04,1,0
1917,L14,#35,GW252/13600,(1)停机过程,1,2025-07-25 06:00:31,2025-07-25 06:01:03,32,0.01
1918,L14,#35,GW252/13600,(4)启机状态,4,2025-07-25 05:55:30,2025-07-25 06:00:31,301,0.08
1919,L14,#35,GW252/13600,(3)待机状态,3,2025-07-25 05:54:11,2025-07-25 05:55:30,79,0.02
1920,L14,#35,GW252/13600,(2)停机状态,2,2025-07-25 05:54:10,2025-07-25 05:54:11,1,0
1921,L14,#35,GW252/13600,(1)停机过程,1,2025-07-25 05:53:36,2025-07-25 05:54:10,34,0.01
1922,L14,#35,GW252/13600,(4)启机状态,4,2025-07-25 05:48:36,2025-07-25 05:53:36,300,0.08
1923,L14,#35,GW252/13600,(3)待机状态,3,2025-07-25 05:45:20,2025-07-25 05:48:36,196,0.05
1924,L14,#35,GW252/13600,(2)停机状态,2,2025-07-25 05:45:16,2025-07-25 05:45:20,4,0
1925,L14,#35,GW252/13600,(1)停机过程,1,2025-07-25 05:44:44,2025-07-25 05:45:16,32,0.01
1926,L14,#35,GW252/13600,(4)启机状态,4,2025-07-25 05:39:44,2025-07-25 05:44:44,300,0.08
1927,L14,#35,GW252/13600,(3)待机状态,3,2025-07-25 05:38:27,2025-07-25 05:39:44,77,0.02
1928,L14,#35,GW252/13600,(2)停机状态,2,2025-07-25 05:38:25,2025-07-25 05:38:27,2,0
1929,L14,#35,GW252/13600,(1)停机过程,1,2025-07-25 05:37:52,2025-07-25 05:38:25,33,0.01
1930,L14,#35,GW252/13600,(4)启机状态,4,2025-07-25 05:32:52,2025-07-25 05:37:52,300,0.08
1931,L14,#35,GW252/13600,(3)待机状态,3,2025-07-24 17:21:17,2025-07-25 05:32:52,43895,12.19
1932,L14,#35,GW252/13600,(2)停机状态,2,2025-07-24 17:21:07,2025-07-24 17:21:17,10,0
1933,L14,#35,GW252/13600,(1)停机过程,1,2025-07-24 17:20:36,2025-07-24 17:21:07,31,0.01
1934,L14,#35,GW252/13600,(4)启机状态,4,2025-07-24 17:15:36,2025-07-24 17:20:36,300,0.08
1935,L14,#35,GW252/13600,(3)待机状态,3,2025-07-24 17:14:02,2025-07-24 17:15:36,94,0.03
1936,L14,#35,GW252/13600,(2)停机状态,2,2025-07-24 17:14:01,2025-07-24 17:14:02,1,0
1937,L14,#35,GW252/13600,(1)停机过程,1,2025-07-24 17:13:30,2025-07-24 17:14:01,31,0.01
1938,L14,#35,GW252/13600,(4)启机状态,4,2025-07-24 17:08:30,2025-07-24 17:13:30,300,0.08
1939,L14,#35,GW252/13600,(3)待机状态,3,2025-07-24 17:07:12,2025-07-24 17:08:30,78,0.02
1940,L14,#35,GW252/13600,(2)停机状态,2,2025-07-24 17:07:11,2025-07-24 17:07:12,1,0
1941,L14,#35,GW252/13600,(1)停机过程,1,2025-07-24 17:06:39,2025-07-24 17:07:11,32,0.01
1942,L14,#35,GW252/13600,(4)启机状态,4,2025-07-24 17:01:38,2025-07-24 17:06:39,301,0.08
1943,L14,#35,GW252/13600,(3)待机状态,3,2025-07-24 17:00:33,2025-07-24 17:01:38,65,0.02
1944,L14,#35,GW252/13600,(2)停机状态,2,2025-07-24 17:00:31,2025-07-24 17:00:33,2,0
1945,L14,#35,GW252/13600,(1)停机过程,1,2025-07-24 16:59:59,2025-07-24 17:00:31,32,0.01
1946,L14,#35,GW252/13600,(4)启机状态,4,2025-07-24 16:54:59,2025-07-24 16:59:59,300,0.08
1947,L14,#35,GW252/13600,(3)待机状态,3,2025-07-24 16:53:43,2025-07-24 16:54:59,76,0.02
1948,L14,#35,GW252/13600,(2)停机状态,2,2025-07-24 16:53:42,2025-07-24 16:53:43,1,0
1949,L14,#35,GW252/13600,(1)停机过程,1,2025-07-24 16:53:09,2025-07-24 16:53:42,33,0.01
1950,L14,#35,GW252/13600,(4)启机状态,4,2025-07-24 16:48:10,2025-07-24 16:53:09,299,0.08
1951,L14,#35,GW252/13600,(3)待机状态,3,2025-07-24 16:46:26,2025-07-24 16:48:10,104,0.03
1952,L14,#35,GW252/13600,(2)停机状态,2,2025-07-24 16:46:25,2025-07-24 16:46:26,1,0
1953,L14,#35,GW252/13600,(1)停机过程,1,2025-07-24 16:45:52,2025-07-24 16:46:25,33,0.01
1954,L14,#35,GW252/13600,(4)启机状态,4,2025-07-24 16:40:53,2025-07-24 16:45:52,299,0.08
1955,L14,#35,GW252/13600,(3)待机状态,3,2025-07-24 16:39:47,2025-07-24 16:40:53,66,0.02
1956,L14,#35,GW252/13600,(1)停机过程,1,2025-07-24 16:39:16,2025-07-24 16:39:47,31,0.01
1957,L14,#35,GW252/13600,(4)启机状态,4,2025-07-24 16:34:16,2025-07-24 16:39:16,300,0.08
1958,L14,#35,GW252/13600,(3)待机状态,3,2025-07-24 16:33:14,2025-07-24 16:34:16,62,0.02
1959,L14,#35,GW252/13600,(2)停机状态,2,2025-07-24 16:33:13,2025-07-24 16:33:14,1,0
1960,L14,#35,GW252/13600,(1)停机过程,1,2025-07-24 16:32:42,2025-07-24 16:33:13,31,0.01
1961,L14,#35,GW252/13600,(4)启机状态,4,2025-07-24 16:27:41,2025-07-24 16:32:42,301,0.08
1962,L14,#35,GW252/13600,(3)待机状态,3,2025-07-24 16:26:44,2025-07-24 16:27:41,57,0.02
1963,L14,#35,GW252/13600,(1)停机过程,1,2025-07-24 16:26:12,2025-07-24 16:26:44,32,0.01
1964,L14,#35,GW252/13600,(4)启机状态,4,2025-07-24 16:21:12,2025-07-24 16:26:12,300,0.08
1965,L14,#35,GW252/13600,(3)待机状态,3,2025-07-24 16:20:00,2025-07-24 16:21:12,72,0.02
1966,L14,#35,GW252/13600,(2)停机状态,2,2025-07-24 16:19:59,2025-07-24 16:20:00,1,0
1967,L14,#35,GW252/13600,(1)停机过程,1,2025-07-24 16:19:27,2025-07-24 16:19:59,32,0.01
1968,L14,#35,GW252/13600,(4)启机状态,4,2025-07-24 16:14:27,2025-07-24 16:19:27,300,0.08
1969,L14,#35,GW252/13600,(3)待机状态,3,2025-07-24 16:12:08,2025-07-24 16:14:27,139,0.04
1970,L14,#35,GW252/13600,(2)停机状态,2,2025-07-24 16:12:07,2025-07-24 16:12:08,1,0
1971,L14,#35,GW252/13600,(1)停机过程,1,2025-07-24 16:11:35,2025-07-24 16:12:07,32,0.01
1972,L14,#35,GW252/13600,(4)启机状态,4,2025-07-24 16:06:35,2025-07-24 16:11:35,300,0.08
1973,L14,#35,GW252/13600,(3)待机状态,3,2025-07-24 15:47:59,2025-07-24 16:06:35,1116,0.31
1974,L14,#35,GW252/13600,(2)停机状态,2,2025-07-24 15:47:57,2025-07-24 15:47:59,2,0
1975,L14,#35,GW252/13600,(1)停机过程,1,2025-07-24 15:47:26,2025-07-24 15:47:57,31,0.01
1976,L14,#35,GW252/13600,(4)启机状态,4,2025-07-24 15:42:26,2025-07-24 15:47:26,300,0.08
1977,L14,#35,GW252/13600,(3)待机状态,3,2025-07-24 15:36:11,2025-07-24 15:42:26,375,0.1
1978,L14,#35,GW252/13600,(2)停机状态,2,2025-07-24 15:35:24,2025-07-24 15:36:11,47,0.01
1979,L14,#35,GW252/13600,(1)停机过程,1,2025-07-24 15:34:52,2025-07-24 15:35:24,32,0.01
1980,L14,#35,GW252/13600,(4)启机状态,4,2025-07-24 15:29:52,2025-07-24 15:34:52,300,0.08
1981,L14,#35,GW252/13600,(3)待机状态,3,2025-07-24 15:28:38,2025-07-24 15:29:52,74,0.02
1982,L14,#35,GW252/13600,(2)停机状态,2,2025-07-24 15:28:37,2025-07-24 15:28:38,1,0
1983,L14,#35,GW252/13600,(1)停机过程,1,2025-07-24 15:28:06,2025-07-24 15:28:37,31,0.01
1984,L14,#35,GW252/13600,(4)启机状态,4,2025-07-24 15:23:06,2025-07-24 15:28:06,300,0.08
1985,L14,#35,GW252/13600,(3)待机状态,3,2025-07-24 15:20:22,2025-07-24 15:23:06,164,0.05
1986,L14,#35,GW252/13600,(2)停机状态,2,2025-07-24 15:20:21,2025-07-24 15:20:22,1,0
1987,L14,#35,GW252/13600,(1)停机过程,1,2025-07-24 15:19:48,2025-07-24 15:20:21,33,0.01
1988,L14,#35,GW252/13600,(4)启机状态,4,2025-07-24 15:14:48,2025-07-24 15:19:48,300,0.08
1989,L14,#35,GW252/13600,(3)待机状态,3,2025-07-24 15:13:21,2025-07-24 15:14:48,87,0.02
1990,L14,#35,GW252/13600,(2)停机状态,2,2025-07-24 15:13:20,2025-07-24 15:13:21,1,0
1991,L14,#35,GW252/13600,(1)停机过程,1,2025-07-24 15:12:48,2025-07-24 15:13:20,32,0.01
1992,L14,#35,GW252/13600,(4)启机状态,4,2025-07-24 15:07:49,2025-07-24 15:12:48,299,0.08
1993,L14,#35,GW252/13600,(3)待机状态,3,2025-07-24 15:06:14,2025-07-24 15:07:49,95,0.03
1994,L14,#35,GW252/13600,(1)停机过程,1,2025-07-24 15:05:42,2025-07-24 15:06:14,32,0.01
1995,L14,#35,GW252/13600,(4)启机状态,4,2025-07-24 15:00:43,2025-07-24 15:05:42,299,0.08
1996,L14,#35,GW252/13600,(3)待机状态,3,2025-07-24 14:57:50,2025-07-24 15:00:43,173,0.05
1997,L14,#35,GW252/13600,(2)停机状态,2,2025-07-24 14:57:48,2025-07-24 14:57:50,2,0
1998,L14,#35,GW252/13600,(1)停机过程,1,2025-07-24 14:57:17,2025-07-24 14:57:48,31,0.01
1999,L14,#35,GW252/13600,(4)启机状态,4,2025-07-24 14:52:17,2025-07-24 14:57:17,300,0.08
2000,L14,#35,GW252/13600,(3)待机状态,3,2025-07-24 14:51:03,2025-07-24 14:52:17,74,0.02
2001,L14,#35,GW252/13600,(1)停机过程,1,2025-07-24 14:50:30,2025-07-24 14:51:03,33,0.01
2002,L14,#35,GW252/13600,(4)启机状态,4,2025-07-24 14:45:30,2025-07-24 14:50:30,300,0.08
2003,L14,#35,GW252/13600,(3)待机状态,3,2025-07-24 14:41:41,2025-07-24 14:45:30,229,0.06
2004,L14,#35,GW252/13600,(2)停机状态,2,2025-07-24 14:41:40,2025-07-24 14:41:41,1,0
2005,L14,#35,GW252/13600,(1)停机过程,1,2025-07-24 14:41:09,2025-07-24 14:41:40,31,0.01
2006,L14,#35,GW252/13600,(4)启机状态,4,2025-07-24 14:36:08,2025-07-24 14:41:09,301,0.08
2007,L14,#35,GW252/13600,(3)待机状态,3,2025-07-24 14:34:56,2025-07-24 14:36:08,72,0.02
2008,L14,#35,GW252/13600,(2)停机状态,2,2025-07-24 14:34:55,2025-07-24 14:34:56,1,0
2009,L14,#35,GW252/13600,(1)停机过程,1,2025-07-24 14:34:23,2025-07-24 14:34:55,32,0.01
2010,L14,#35,GW252/13600,(4)启机状态,4,2025-07-24 14:29:23,2025-07-24 14:34:23,300,0.08
2011,L14,#35,GW252/13600,(3)待机状态,3,2025-07-24 14:27:36,2025-07-24 14:29:23,107,0.03
2012,L14,#35,GW252/13600,(2)停机状态,2,2025-07-24 14:27:35,2025-07-24 14:27:36,1,0
2013,L14,#35,GW252/13600,(1)停机过程,1,2025-07-24 14:27:03,2025-07-24 14:27:35,32,0.01
2014,L14,#35,GW252/13600,(4)启机状态,4,2025-07-24 14:22:04,2025-07-24 14:27:03,299,0.08
2015,L14,#35,GW252/13600,(3)待机状态,3,2025-07-24 14:20:42,2025-07-24 14:22:04,82,0.02
2016,L14,#35,GW252/13600,(2)停机状态,2,2025-07-24 14:20:40,2025-07-24 14:20:42,2,0
2017,L14,#35,GW252/13600,(1)停机过程,1,2025-07-24 14:20:08,2025-07-24 14:20:40,32,0.01
2018,L14,#35,GW252/13600,(4)启机状态,4,2025-07-24 14:15:08,2025-07-24 14:20:08,300,0.08
2019,L14,#35,GW252/13600,(3)待机状态,3,2025-07-24 14:14:01,2025-07-24 14:15:08,67,0.02
2020,L14,#35,GW252/13600,(2)停机状态,2,2025-07-24 14:14:00,2025-07-24 14:14:01,1,0
2021,L14,#35,GW252/13600,(1)停机过程,1,2025-07-24 14:13:30,2025-07-24 14:14:00,30,0.01
2022,L14,#35,GW252/13600,(4)启机状态,4,2025-07-24 14:08:29,2025-07-24 14:13:30,301,0.08
2023,L14,#35,GW252/13600,(3)待机状态,3,2025-07-24 14:07:28,2025-07-24 14:08:29,61,0.02
2024,L14,#35,GW252/13600,(2)停机状态,2,2025-07-24 14:07:26,2025-07-24 14:07:28,2,0
2025,L14,#35,GW252/13600,(1)停机过程,1,2025-07-24 14:06:53,2025-07-24 14:07:26,33,0.01
2026,L14,#35,GW252/13600,(4)启机状态,4,2025-07-24 14:01:53,2025-07-24 14:06:53,300,0.08
2027,L14,#35,GW252/13600,(3)待机状态,3,2025-07-24 13:46:10,2025-07-24 14:01:53,943,0.26
2028,L14,#35,GW252/13600,(2)停机状态,2,2025-07-24 13:09:34,2025-07-24 13:46:10,2196,0.61
2029,L14,#35,GW252/13600,(1)停机过程,1,2025-07-24 13:08:37,2025-07-24 13:09:34,57,0.02
2030,L14,#35,GW252/13600,(5)发电状态,5,2025-07-21 07:07:34,2025-07-24 13:08:37,280863,78.02
2031,L14,#35,GW252/13600,(4)启机状态,4,2025-07-21 07:07:04,2025-07-21 07:07:34,30,0.01
2032,L14,#35,GW252/13600,(3)待机状态,3,2025-07-21 07:06:32,2025-07-21 07:07:04,32,0.01
2033,L14,#35,GW252/13600,(2)停机状态,2,2025-07-20 23:34:23,2025-07-21 07:06:32,27129,7.54
2034,L14,#35,GW252/13600,(1)停机过程,1,2025-07-20 23:33:38,2025-07-20 23:34:23,45,0.01
2035,L14,#35,GW252/13600,(4)启机状态,4,2025-07-20 23:33:10,2025-07-20 23:33:38,28,0.01
2036,L14,#35,GW252/13600,(3)待机状态,3,2025-07-20 23:32:38,2025-07-20 23:33:10,32,0.01
2037,L14,#35,GW252/13600,(2)停机状态,2,2025-07-20 19:26:04,2025-07-20 23:32:38,14794,4.11
2038,L14,#35,GW252/13600,(1)停机过程,1,2025-07-20 19:24:42,2025-07-20 19:26:04,82,0.02
2039,L14,#35,GW252/13600,(5)发电状态,5,2025-07-19 07:31:13,2025-07-20 19:24:42,129209,35.89
2040,L14,#35,GW252/13600,(4)启机状态,4,2025-07-19 07:28:01,2025-07-19 07:31:13,192,0.05
2041,L14,#35,GW252/13600,(3)待机状态,3,2025-07-19 07:27:09,2025-07-19 07:28:01,52,0.01
2042,L14,#35,GW252/13600,(2)停机状态,2,2025-07-19 07:27:07,2025-07-19 07:27:09,2,0
2043,L14,#35,GW252/13600,(1)停机过程,1,2025-07-19 07:26:13,2025-07-19 07:27:07,54,0.02
2044,L14,#35,GW252/13600,(4)启机状态,4,2025-07-19 07:21:13,2025-07-19 07:26:13,300,0.08
2045,L14,#35,GW252/13600,(3)待机状态,3,2025-07-19 07:20:06,2025-07-19 07:21:13,67,0.02
2046,L14,#35,GW252/13600,(2)停机状态,2,2025-07-19 07:20:00,2025-07-19 07:20:06,6,0
2047,L14,#35,GW252/13600,(1)停机过程,1,2025-07-19 07:19:29,2025-07-19 07:20:00,31,0.01
2048,L14,#35,GW252/13600,(4)启机状态,4,2025-07-19 07:14:28,2025-07-19 07:19:29,301,0.08
2049,L14,#35,GW252/13600,(3)待机状态,3,2025-07-19 07:02:13,2025-07-19 07:14:28,735,0.2
2050,L14,#35,GW252/13600,(2)停机状态,2,2025-07-19 06:56:37,2025-07-19 07:02:13,336,0.09
2051,L14,#35,GW252/13600,(1)停机过程,1,2025-07-19 06:55:40,2025-07-19 06:56:37,57,0.02
2052,L14,#35,GW252/13600,(5)发电状态,5,2025-07-19 05:55:47,2025-07-19 06:55:40,3593,1
2053,L14,#35,GW252/13600,(4)启机状态,4,2025-07-19 05:55:14,2025-07-19 05:55:47,33,0.01
2054,L14,#35,GW252/13600,(3)待机状态,3,2025-07-19 05:51:25,2025-07-19 05:55:14,229,0.06
2055,L14,#35,GW252/13600,(2)停机状态,2,2025-07-19 05:51:24,2025-07-19 05:51:25,1,0
2056,L14,#35,GW252/13600,(1)停机过程,1,2025-07-19 05:50:51,2025-07-19 05:51:24,33,0.01
2057,L14,#35,GW252/13600,(3)待机状态,3,2025-07-19 05:49:57,2025-07-19 05:50:51,54,0.02
2058,L14,#35,GW252/13600,(2)停机状态,2,2025-07-19 05:49:56,2025-07-19 05:49:57,1,0
2059,L14,#35,GW252/13600,(1)停机过程,1,2025-07-19 05:49:25,2025-07-19 05:49:56,31,0.01
2060,L14,#35,GW252/13600,(3)待机状态,3,2025-07-19 05:49:03,2025-07-19 05:49:25,22,0.01
2061,L14,#35,GW252/13600,(2)停机状态,2,2025-07-19 05:49:02,2025-07-19 05:49:03,1,0
2062,L14,#35,GW252/13600,(1)停机过程,1,2025-07-19 05:48:30,2025-07-19 05:49:02,32,0.01
2063,L14,#35,GW252/13600,(3)待机状态,3,2025-07-19 05:24:18,2025-07-19 05:48:30,1452,0.4
2064,L14,#35,GW252/13600,(2)停机状态,2,2025-07-19 05:19:49,2025-07-19 05:24:18,269,0.07
2065,L14,#35,GW252/13600,(1)停机过程,1,2025-07-19 05:18:52,2025-07-19 05:19:49,57,0.02
2066,L14,#35,GW252/13600,(5)发电状态,5,2025-07-19 04:55:16,2025-07-19 05:18:52,1416,0.39
2067,L14,#35,GW252/13600,(4)启机状态,4,2025-07-19 04:51:35,2025-07-19 04:55:16,221,0.06
2068,L14,#35,GW252/13600,(3)待机状态,3,2025-07-19 04:50:32,2025-07-19 04:51:35,63,0.02
2069,L14,#35,GW252/13600,(1)停机过程,1,2025-07-19 04:49:36,2025-07-19 04:50:32,56,0.02
2070,L14,#35,GW252/13600,(4)启机状态,4,2025-07-19 04:44:36,2025-07-19 04:49:36,300,0.08
2071,L14,#35,GW252/13600,(3)待机状态,3,2025-07-19 04:43:38,2025-07-19 04:44:36,58,0.02
2072,L14,#35,GW252/13600,(2)停机状态,2,2025-07-19 04:43:36,2025-07-19 04:43:38,2,0
2073,L14,#35,GW252/13600,(1)停机过程,1,2025-07-19 04:42:39,2025-07-19 04:43:36,57,0.02
2074,L14,#35,GW252/13600,(4)启机状态,4,2025-07-19 04:37:40,2025-07-19 04:42:39,299,0.08
2075,L14,#35,GW252/13600,(3)待机状态,3,2025-07-19 04:35:04,2025-07-19 04:37:40,156,0.04
2076,L14,#35,GW252/13600,(2)停机状态,2,2025-07-19 04:35:02,2025-07-19 04:35:04,2,0
2077,L14,#35,GW252/13600,(1)停机过程,1,2025-07-19 04:34:05,2025-07-19 04:35:02,57,0.02
2078,L14,#35,GW252/13600,(5)发电状态,5,2025-07-19 04:16:58,2025-07-19 04:34:05,1027,0.29
2079,L14,#35,GW252/13600,(4)启机状态,4,2025-07-19 04:15:59,2025-07-19 04:16:58,59,0.02
2080,L14,#35,GW252/13600,(3)待机状态,3,2025-07-19 04:08:15,2025-07-19 04:15:59,464,0.13
2081,L14,#35,GW252/13600,(2)停机状态,2,2025-07-19 04:06:20,2025-07-19 04:08:15,115,0.03
2082,L14,#35,GW252/13600,(1)停机过程,1,2025-07-19 04:05:23,2025-07-19 04:06:20,57,0.02
2083,L14,#35,GW252/13600,(5)发电状态,5,2025-07-19 03:10:51,2025-07-19 04:05:23,3272,0.91
2084,L14,#35,GW252/13600,(4)启机状态,4,2025-07-19 03:08:36,2025-07-19 03:10:51,135,0.04
2085,L14,#35,GW252/13600,(3)待机状态,3,2025-07-19 03:05:19,2025-07-19 03:08:36,197,0.05
2086,L14,#35,GW252/13600,(2)停机状态,2,2025-07-19 03:03:25,2025-07-19 03:05:19,114,0.03
2087,L14,#35,GW252/13600,(1)停机过程,1,2025-07-19 03:02:27,2025-07-19 03:03:25,58,0.02
2088,L14,#35,GW252/13600,(5)发电状态,5,2025-07-18 18:25:06,2025-07-19 03:02:27,31041,8.62
2089,L14,#35,GW252/13600,(4)启机状态,4,2025-07-18 18:20:47,2025-07-18 18:25:06,259,0.07
2090,L14,#35,GW252/13600,(3)待机状态,3,2025-07-18 18:19:50,2025-07-18 18:20:47,57,0.02
2091,L14,#35,GW252/13600,(2)停机状态,2,2025-07-18 18:19:49,2025-07-18 18:19:50,1,0
2092,L14,#35,GW252/13600,(1)停机过程,1,2025-07-18 18:18:54,2025-07-18 18:19:49,55,0.02
2093,L14,#35,GW252/13600,(4)启机状态,4,2025-07-18 18:13:52,2025-07-18 18:18:54,302,0.08
2094,L14,#35,GW252/13600,(3)待机状态,3,2025-07-18 18:13:00,2025-07-18 18:13:52,52,0.01
2095,L14,#35,GW252/13600,(2)停机状态,2,2025-07-18 18:12:34,2025-07-18 18:13:00,26,0.01
2096,L14,#35,GW252/13600,(1)停机过程,1,2025-07-18 18:11:39,2025-07-18 18:12:34,55,0.02
2097,L14,#35,GW252/13600,(4)启机状态,4,2025-07-18 18:06:38,2025-07-18 18:11:39,301,0.08
2098,L14,#35,GW252/13600,(3)待机状态,3,2025-07-18 18:05:49,2025-07-18 18:06:38,49,0.01
2099,L14,#35,GW252/13600,(1)停机过程,1,2025-07-18 18:05:16,2025-07-18 18:05:49,33,0.01
2100,L14,#35,GW252/13600,(4)启机状态,4,2025-07-18 18:00:16,2025-07-18 18:05:16,300,0.08
2101,L14,#35,GW252/13600,(3)待机状态,3,2025-07-18 17:58:13,2025-07-18 18:00:16,123,0.03
2102,L14,#35,GW252/13600,(2)停机状态,2,2025-07-18 17:57:06,2025-07-18 17:58:13,67,0.02
2103,L14,#35,GW252/13600,(1)停机过程,1,2025-07-18 17:56:35,2025-07-18 17:57:06,31,0.01
2104,L14,#35,GW252/13600,(4)启机状态,4,2025-07-18 17:51:35,2025-07-18 17:56:35,300,0.08
2105,L14,#35,GW252/13600,(3)待机状态,3,2025-07-18 17:49:54,2025-07-18 17:51:35,101,0.03
2106,L14,#35,GW252/13600,(2)停机状态,2,2025-07-18 17:46:21,2025-07-18 17:49:54,213,0.06
2107,L14,#35,GW252/13600,(1)停机过程,1,2025-07-18 17:45:25,2025-07-18 17:46:21,56,0.02
2108,L14,#35,GW252/13600,(5)发电状态,5,2025-07-18 17:11:23,2025-07-18 17:45:25,2042,0.57
2109,L14,#35,GW252/13600,(4)启机状态,4,2025-07-18 17:09:51,2025-07-18 17:11:23,92,0.03
2110,L14,#35,GW252/13600,(3)待机状态,3,2025-07-18 17:08:55,2025-07-18 17:09:51,56,0.02
2111,L14,#35,GW252/13600,(1)停机过程,1,2025-07-18 17:07:59,2025-07-18 17:08:55,56,0.02
2112,L14,#35,GW252/13600,(5)发电状态,5,2025-07-17 17:07:22,2025-07-18 17:07:59,86437,24.01
2113,L14,#35,GW252/13600,(4)启机状态,4,2025-07-17 17:02:30,2025-07-17 17:07:22,292,0.08
2114,L14,#35,GW252/13600,(3)待机状态,3,2025-07-17 17:01:14,2025-07-17 17:02:30,76,0.02
2115,L14,#35,GW252/13600,(2)停机状态,2,2025-07-17 17:01:12,2025-07-17 17:01:14,2,0
2116,L14,#35,GW252/13600,(1)停机过程,1,2025-07-17 17:00:40,2025-07-17 17:01:12,32,0.01
2117,L14,#35,GW252/13600,(4)启机状态,4,2025-07-17 16:55:41,2025-07-17 17:00:40,299,0.08
2118,L14,#35,GW252/13600,(3)待机状态,3,2025-07-17 16:54:27,2025-07-17 16:55:41,74,0.02
2119,L14,#35,GW252/13600,(2)停机状态,2,2025-07-17 16:54:26,2025-07-17 16:54:27,1,0
2120,L14,#35,GW252/13600,(1)停机过程,1,2025-07-17 16:53:53,2025-07-17 16:54:26,33,0.01
2121,L14,#35,GW252/13600,(4)启机状态,4,2025-07-17 16:48:53,2025-07-17 16:53:53,300,0.08
2122,L14,#35,GW252/13600,(3)待机状态,3,2025-07-17 16:43:20,2025-07-17 16:48:53,333,0.09
2123,L14,#35,GW252/13600,(2)停机状态,2,2025-07-17 16:43:13,2025-07-17 16:43:20,7,0
2124,L14,#35,GW252/13600,(1)停机过程,1,2025-07-17 16:42:40,2025-07-17 16:43:13,33,0.01
2125,L14,#35,GW252/13600,(4)启机状态,4,2025-07-17 16:37:40,2025-07-17 16:42:40,300,0.08
2126,L14,#35,GW252/13600,(3)待机状态,3,2025-07-17 10:02:25,2025-07-17 16:37:40,23715,6.59
2127,L14,#35,GW252/13600,(2)停机状态,2,2025-07-17 09:58:39,2025-07-17 10:02:25,226,0.06
2128,L14,#35,GW252/13600,(1)停机过程,1,2025-07-17 09:58:06,2025-07-17 09:58:39,33,0.01
2129,L14,#35,GW252/13600,(4)启机状态,4,2025-07-17 09:53:07,2025-07-17 09:58:06,299,0.08
2130,L14,#35,GW252/13600,(3)待机状态,3,2025-07-17 08:52:49,2025-07-17 09:53:07,3618,1.01
2131,L14,#35,GW252/13600,(2)停机状态,2,2025-07-17 08:48:02,2025-07-17 08:52:49,287,0.08
2132,L14,#35,GW252/13600,(1)停机过程,1,2025-07-17 08:47:31,2025-07-17 08:48:02,31,0.01
2133,L14,#35,GW252/13600,(4)启机状态,4,2025-07-17 08:42:31,2025-07-17 08:47:31,300,0.08
2134,L14,#35,GW252/13600,(3)待机状态,3,2025-07-17 08:37:06,2025-07-17 08:42:31,325,0.09
2135,L14,#35,GW252/13600,(2)停机状态,2,2025-07-17 08:37:05,2025-07-17 08:37:06,1,0
2136,L14,#35,GW252/13600,(1)停机过程,1,2025-07-17 08:36:34,2025-07-17 08:37:05,31,0.01
2137,L14,#35,GW252/13600,(4)启机状态,4,2025-07-17 08:31:33,2025-07-17 08:36:34,301,0.08
2138,L14,#35,GW252/13600,(3)待机状态,3,2025-07-17 08:15:03,2025-07-17 08:31:33,990,0.28
2139,L14,#35,GW252/13600,(2)停机状态,2,2025-07-17 08:13:01,2025-07-17 08:15:03,122,0.03
2140,L14,#35,GW252/13600,(1)停机过程,1,2025-07-17 08:12:29,2025-07-17 08:13:01,32,0.01
2141,L14,#35,GW252/13600,(4)启机状态,4,2025-07-17 08:07:29,2025-07-17 08:12:29,300,0.08
2142,L14,#35,GW252/13600,(3)待机状态,3,2025-07-17 08:05:49,2025-07-17 08:07:29,100,0.03
2143,L14,#35,GW252/13600,(2)停机状态,2,2025-07-17 08:00:12,2025-07-17 08:05:49,337,0.09
2144,L14,#35,GW252/13600,(1)停机过程,1,2025-07-17 07:59:16,2025-07-17 08:00:12,56,0.02
2145,L14,#35,GW252/13600,(5)发电状态,5,2025-07-16 19:30:48,2025-07-17 07:59:16,44908,12.47
2146,L14,#35,GW252/13600,(4)启机状态,4,2025-07-16 19:29:03,2025-07-16 19:30:48,105,0.03
2147,L14,#35,GW252/13600,(3)待机状态,3,2025-07-16 19:28:08,2025-07-16 19:29:03,55,0.02
2148,L14,#35,GW252/13600,(1)停机过程,1,2025-07-16 19:27:35,2025-07-16 19:28:08,33,0.01
2149,L14,#35,GW252/13600,(4)启机状态,4,2025-07-16 19:22:36,2025-07-16 19:27:35,299,0.08
2150,L14,#35,GW252/13600,(3)待机状态,3,2025-07-16 19:21:29,2025-07-16 19:22:36,67,0.02
2151,L14,#35,GW252/13600,(2)停机状态,2,2025-07-16 19:21:27,2025-07-16 19:21:29,2,0
2152,L14,#35,GW252/13600,(1)停机过程,1,2025-07-16 19:20:57,2025-07-16 19:21:27,30,0.01
2153,L14,#35,GW252/13600,(4)启机状态,4,2025-07-16 19:15:56,2025-07-16 19:20:57,301,0.08
2154,L14,#35,GW252/13600,(3)待机状态,3,2025-07-16 19:14:55,2025-07-16 19:15:56,61,0.02
2155,L14,#35,GW252/13600,(2)停机状态,2,2025-07-16 19:14:54,2025-07-16 19:14:55,1,0
2156,L14,#35,GW252/13600,(1)停机过程,1,2025-07-16 19:14:21,2025-07-16 19:14:54,33,0.01
2157,L14,#35,GW252/13600,(4)启机状态,4,2025-07-16 19:09:21,2025-07-16 19:14:21,300,0.08
2158,L14,#35,GW252/13600,(3)待机状态,3,2025-07-16 19:00:28,2025-07-16 19:09:21,533,0.15
2159,L14,#35,GW252/13600,(2)停机状态,2,2025-07-16 19:00:22,2025-07-16 19:00:28,6,0
2160,L14,#35,GW252/13600,(1)停机过程,1,2025-07-16 18:59:51,2025-07-16 19:00:22,31,0.01
2161,L14,#35,GW252/13600,(4)启机状态,4,2025-07-16 18:54:51,2025-07-16 18:59:51,300,0.08
2162,L14,#35,GW252/13600,(3)待机状态,3,2025-07-16 18:46:25,2025-07-16 18:54:51,506,0.14
2163,L14,#35,GW252/13600,(1)停机过程,1,2025-07-16 18:45:54,2025-07-16 18:46:25,31,0.01
2164,L14,#35,GW252/13600,(4)启机状态,4,2025-07-16 18:40:54,2025-07-16 18:45:54,300,0.08
2165,L14,#35,GW252/13600,(3)待机状态,3,2025-07-16 18:39:45,2025-07-16 18:40:54,69,0.02
2166,L14,#35,GW252/13600,(2)停机状态,2,2025-07-16 18:39:44,2025-07-16 18:39:45,1,0
2167,L14,#35,GW252/13600,(1)停机过程,1,2025-07-16 18:39:12,2025-07-16 18:39:44,32,0.01
2168,L14,#35,GW252/13600,(4)启机状态,4,2025-07-16 18:34:13,2025-07-16 18:39:12,299,0.08
2169,L14,#35,GW252/13600,(3)待机状态,3,2025-07-16 18:21:36,2025-07-16 18:34:13,757,0.21
2170,L14,#35,GW252/13600,(2)停机状态,2,2025-07-16 18:21:35,2025-07-16 18:21:36,1,0
2171,L14,#35,GW252/13600,(1)停机过程,1,2025-07-16 18:21:02,2025-07-16 18:21:35,33,0.01
2172,L14,#35,GW252/13600,(4)启机状态,4,2025-07-16 18:16:03,2025-07-16 18:21:02,299,0.08
2173,L14,#35,GW252/13600,(3)待机状态,3,2025-07-16 18:14:09,2025-07-16 18:16:03,114,0.03
2174,L14,#35,GW252/13600,(2)停机状态,2,2025-07-16 18:14:05,2025-07-16 18:14:09,4,0
2175,L14,#35,GW252/13600,(1)停机过程,1,2025-07-16 18:13:35,2025-07-16 18:14:05,30,0.01
2176,L14,#35,GW252/13600,(4)启机状态,4,2025-07-16 18:08:35,2025-07-16 18:13:35,300,0.08
2177,L14,#35,GW252/13600,(3)待机状态,3,2025-07-16 18:07:24,2025-07-16 18:08:35,71,0.02
2178,L14,#35,GW252/13600,(2)停机状态,2,2025-07-16 18:07:23,2025-07-16 18:07:24,1,0
2179,L14,#35,GW252/13600,(1)停机过程,1,2025-07-16 18:06:52,2025-07-16 18:07:23,31,0.01
2180,L14,#35,GW252/13600,(4)启机状态,4,2025-07-16 18:01:51,2025-07-16 18:06:52,301,0.08
2181,L14,#35,GW252/13600,(3)待机状态,3,2025-07-16 18:00:42,2025-07-16 18:01:51,69,0.02
2182,L14,#35,GW252/13600,(1)停机过程,1,2025-07-16 18:00:11,2025-07-16 18:00:42,31,0.01
2183,L14,#35,GW252/13600,(4)启机状态,4,2025-07-16 17:55:11,2025-07-16 18:00:11,300,0.08
2184,L14,#35,GW252/13600,(3)待机状态,3,2025-07-16 17:54:06,2025-07-16 17:55:11,65,0.02
2185,L14,#35,GW252/13600,(1)停机过程,1,2025-07-16 17:53:34,2025-07-16 17:54:06,32,0.01
2186,L14,#35,GW252/13600,(4)启机状态,4,2025-07-16 17:48:33,2025-07-16 17:53:34,301,0.08
2187,L14,#35,GW252/13600,(3)待机状态,3,2025-07-16 17:47:24,2025-07-16 17:48:33,69,0.02
2188,L14,#35,GW252/13600,(1)停机过程,1,2025-07-16 17:46:53,2025-07-16 17:47:24,31,0.01
2189,L14,#35,GW252/13600,(4)启机状态,4,2025-07-16 17:41:53,2025-07-16 17:46:53,300,0.08
2190,L14,#35,GW252/13600,(3)待机状态,3,2025-07-16 17:40:46,2025-07-16 17:41:53,67,0.02
2191,L14,#35,GW252/13600,(2)停机状态,2,2025-07-16 17:40:44,2025-07-16 17:40:46,2,0
2192,L14,#35,GW252/13600,(1)停机过程,1,2025-07-16 17:40:12,2025-07-16 17:40:44,32,0.01
2193,L14,#35,GW252/13600,(4)启机状态,4,2025-07-16 17:35:11,2025-07-16 17:40:12,301,0.08
2194,L14,#35,GW252/13600,(3)待机状态,3,2025-07-16 17:34:03,2025-07-16 17:35:11,68,0.02
2195,L14,#35,GW252/13600,(1)停机过程,1,2025-07-16 17:33:32,2025-07-16 17:34:03,31,0.01
2196,L14,#35,GW252/13600,(4)启机状态,4,2025-07-16 17:28:32,2025-07-16 17:33:32,300,0.08
2197,L14,#35,GW252/13600,(3)待机状态,3,2025-07-16 17:26:31,2025-07-16 17:28:32,121,0.03
2198,L14,#35,GW252/13600,(1)停机过程,1,2025-07-16 17:25:59,2025-07-16 17:26:31,32,0.01
2199,L14,#35,GW252/13600,(4)启机状态,4,2025-07-16 17:20:59,2025-07-16 17:25:59,300,0.08
2200,L14,#35,GW252/13600,(3)待机状态,3,2025-07-16 17:19:56,2025-07-16 17:20:59,63,0.02
2201,L14,#35,GW252/13600,(2)停机状态,2,2025-07-16 17:19:54,2025-07-16 17:19:56,2,0
2202,L14,#35,GW252/13600,(1)停机过程,1,2025-07-16 17:19:23,2025-07-16 17:19:54,31,0.01
2203,L14,#35,GW252/13600,(4)启机状态,4,2025-07-16 17:14:22,2025-07-16 17:19:23,301,0.08
2204,L14,#35,GW252/13600,(3)待机状态,3,2025-07-16 17:11:07,2025-07-16 17:14:22,195,0.05
2205,L14,#35,GW252/13600,(2)停机状态,2,2025-07-16 17:11:04,2025-07-16 17:11:07,3,0
2206,L14,#35,GW252/13600,(1)停机过程,1,2025-07-16 17:10:34,2025-07-16 17:11:04,30,0.01
2207,L14,#35,GW252/13600,(4)启机状态,4,2025-07-16 17:05:34,2025-07-16 17:10:34,300,0.08
2208,L14,#35,GW252/13600,(3)待机状态,3,2025-07-16 17:03:44,2025-07-16 17:05:34,110,0.03
2209,L14,#35,GW252/13600,(1)停机过程,1,2025-07-16 17:03:12,2025-07-16 17:03:44,32,0.01
2210,L14,#35,GW252/13600,(4)启机状态,4,2025-07-16 16:58:12,2025-07-16 17:03:12,300,0.08
2211,L14,#35,GW252/13600,(3)待机状态,3,2025-07-16 16:56:56,2025-07-16 16:58:12,76,0.02
2212,L14,#35,GW252/13600,(2)停机状态,2,2025-07-16 16:56:54,2025-07-16 16:56:56,2,0
2213,L14,#35,GW252/13600,(1)停机过程,1,2025-07-16 16:56:22,2025-07-16 16:56:54,32,0.01
2214,L14,#35,GW252/13600,(4)启机状态,4,2025-07-16 16:51:22,2025-07-16 16:56:22,300,0.08
2215,L14,#35,GW252/13600,(3)待机状态,3,2025-07-16 16:46:40,2025-07-16 16:51:22,282,0.08
2216,L14,#35,GW252/13600,(2)停机状态,2,2025-07-16 16:46:39,2025-07-16 16:46:40,1,0
2217,L14,#35,GW252/13600,(1)停机过程,1,2025-07-16 16:46:07,2025-07-16 16:46:39,32,0.01
2218,L14,#35,GW252/13600,(4)启机状态,4,2025-07-16 16:41:07,2025-07-16 16:46:07,300,0.08
2219,L14,#35,GW252/13600,(3)待机状态,3,2025-07-16 16:39:45,2025-07-16 16:41:07,82,0.02
2220,L14,#35,GW252/13600,(1)停机过程,1,2025-07-16 16:39:13,2025-07-16 16:39:45,32,0.01
2221,L14,#35,GW252/13600,(4)启机状态,4,2025-07-16 16:34:13,2025-07-16 16:39:13,300,0.08
2222,L14,#35,GW252/13600,(3)待机状态,3,2025-07-16 16:32:36,2025-07-16 16:34:13,97,0.03
2223,L14,#35,GW252/13600,(2)停机状态,2,2025-07-16 16:32:35,2025-07-16 16:32:36,1,0
2224,L14,#35,GW252/13600,(1)停机过程,1,2025-07-16 16:32:03,2025-07-16 16:32:35,32,0.01
2225,L14,#35,GW252/13600,(4)启机状态,4,2025-07-16 16:27:03,2025-07-16 16:32:03,300,0.08
2226,L14,#35,GW252/13600,(3)待机状态,3,2025-07-16 16:20:06,2025-07-16 16:27:03,417,0.12
2227,L14,#35,GW252/13600,(2)停机状态,2,2025-07-16 16:20:00,2025-07-16 16:20:06,6,0
2228,L14,#35,GW252/13600,(1)停机过程,1,2025-07-16 16:19:29,2025-07-16 16:20:00,31,0.01
2229,L14,#35,GW252/13600,(4)启机状态,4,2025-07-16 16:14:29,2025-07-16 16:19:29,300,0.08
2230,L14,#35,GW252/13600,(3)待机状态,3,2025-07-16 16:13:24,2025-07-16 16:14:29,65,0.02
2231,L14,#35,GW252/13600,(2)停机状态,2,2025-07-16 16:13:23,2025-07-16 16:13:24,1,0
2232,L14,#35,GW252/13600,(1)停机过程,1,2025-07-16 16:12:52,2025-07-16 16:13:23,31,0.01
2233,L14,#35,GW252/13600,(4)启机状态,4,2025-07-16 16:07:52,2025-07-16 16:12:52,300,0.08
2234,L14,#35,GW252/13600,(3)待机状态,3,2025-07-16 16:06:23,2025-07-16 16:07:52,89,0.02
2235,L14,#35,GW252/13600,(2)停机状态,2,2025-07-16 16:06:21,2025-07-16 16:06:23,2,0
2236,L14,#35,GW252/13600,(1)停机过程,1,2025-07-16 16:05:50,2025-07-16 16:06:21,31,0.01
2237,L14,#35,GW252/13600,(4)启机状态,4,2025-07-16 16:00:50,2025-07-16 16:05:50,300,0.08
2238,L14,#35,GW252/13600,(3)待机状态,3,2025-07-16 15:59:20,2025-07-16 16:00:50,90,0.03
2239,L14,#35,GW252/13600,(2)停机状态,2,2025-07-16 15:59:18,2025-07-16 15:59:20,2,0
2240,L14,#35,GW252/13600,(1)停机过程,1,2025-07-16 15:58:46,2025-07-16 15:59:18,32,0.01
2241,L14,#35,GW252/13600,(4)启机状态,4,2025-07-16 15:53:46,2025-07-16 15:58:46,300,0.08
2242,L14,#35,GW252/13600,(3)待机状态,3,2025-07-16 15:52:31,2025-07-16 15:53:46,75,0.02
2243,L14,#35,GW252/13600,(1)停机过程,1,2025-07-16 15:51:58,2025-07-16 15:52:31,33,0.01
2244,L14,#35,GW252/13600,(4)启机状态,4,2025-07-16 15:46:58,2025-07-16 15:51:58,300,0.08
2245,L14,#35,GW252/13600,(3)待机状态,3,2025-07-16 15:45:58,2025-07-16 15:46:58,60,0.02
2246,L14,#35,GW252/13600,(2)停机状态,2,2025-07-16 15:45:57,2025-07-16 15:45:58,1,0
2247,L14,#35,GW252/13600,(1)停机过程,1,2025-07-16 15:45:25,2025-07-16 15:45:57,32,0.01
2248,L14,#35,GW252/13600,(4)启机状态,4,2025-07-16 15:40:26,2025-07-16 15:45:25,299,0.08
2249,L14,#35,GW252/13600,(3)待机状态,3,2025-07-16 15:39:13,2025-07-16 15:40:26,73,0.02
2250,L14,#35,GW252/13600,(2)停机状态,2,2025-07-16 15:39:12,2025-07-16 15:39:13,1,0
2251,L14,#35,GW252/13600,(1)停机过程,1,2025-07-16 15:38:39,2025-07-16 15:39:12,33,0.01
2252,L14,#35,GW252/13600,(4)启机状态,4,2025-07-16 15:33:39,2025-07-16 15:38:39,300,0.08
2253,L14,#35,GW252/13600,(3)待机状态,3,2025-07-16 15:32:15,2025-07-16 15:33:39,84,0.02
2254,L14,#35,GW252/13600,(1)停机过程,1,2025-07-16 15:31:44,2025-07-16 15:32:15,31,0.01
2255,L14,#35,GW252/13600,(4)启机状态,4,2025-07-16 15:26:43,2025-07-16 15:31:44,301,0.08
2256,L14,#35,GW252/13600,(3)待机状态,3,2025-07-16 15:25:36,2025-07-16 15:26:43,67,0.02
2257,L14,#35,GW252/13600,(2)停机状态,2,2025-07-16 15:25:34,2025-07-16 15:25:36,2,0
2258,L14,#35,GW252/13600,(1)停机过程,1,2025-07-16 15:25:02,2025-07-16 15:25:34,32,0.01
2259,L14,#35,GW252/13600,(4)启机状态,4,2025-07-16 15:20:02,2025-07-16 15:25:02,300,0.08
2260,L14,#35,GW252/13600,(3)待机状态,3,2025-07-16 15:18:46,2025-07-16 15:20:02,76,0.02
2261,L14,#35,GW252/13600,(1)停机过程,1,2025-07-16 15:18:14,2025-07-16 15:18:46,32,0.01
2262,L14,#35,GW252/13600,(4)启机状态,4,2025-07-16 15:13:14,2025-07-16 15:18:14,300,0.08
2263,L14,#35,GW252/13600,(3)待机状态,3,2025-07-16 15:11:42,2025-07-16 15:13:14,92,0.03
2264,L14,#35,GW252/13600,(1)停机过程,1,2025-07-16 15:11:11,2025-07-16 15:11:42,31,0.01
2265,L14,#35,GW252/13600,(4)启机状态,4,2025-07-16 15:06:10,2025-07-16 15:11:11,301,0.08
2266,L14,#35,GW252/13600,(3)待机状态,3,2025-07-16 14:59:02,2025-07-16 15:06:10,428,0.12
2267,L14,#35,GW252/13600,(2)停机状态,2,2025-07-16 14:58:58,2025-07-16 14:59:02,4,0
2268,L14,#35,GW252/13600,(1)停机过程,1,2025-07-16 14:58:27,2025-07-16 14:58:58,31,0.01
2269,L14,#35,GW252/13600,(4)启机状态,4,2025-07-16 14:53:27,2025-07-16 14:58:27,300,0.08
2270,L14,#35,GW252/13600,(3)待机状态,3,2025-07-16 14:52:16,2025-07-16 14:53:27,71,0.02
2271,L14,#35,GW252/13600,(2)停机状态,2,2025-07-16 14:52:15,2025-07-16 14:52:16,1,0
2272,L14,#35,GW252/13600,(1)停机过程,1,2025-07-16 14:51:44,2025-07-16 14:52:15,31,0.01
2273,L14,#35,GW252/13600,(4)启机状态,4,2025-07-16 14:46:43,2025-07-16 14:51:44,301,0.08
2274,L14,#35,GW252/13600,(3)待机状态,3,2025-07-16 14:45:14,2025-07-16 14:46:43,89,0.02
2275,L14,#35,GW252/13600,(2)停机状态,2,2025-07-16 14:45:13,2025-07-16 14:45:14,1,0
2276,L14,#35,GW252/13600,(1)停机过程,1,2025-07-16 14:44:42,2025-07-16 14:45:13,31,0.01
2277,L14,#35,GW252/13600,(4)启机状态,4,2025-07-16 14:39:42,2025-07-16 14:44:42,300,0.08
2278,L14,#35,GW252/13600,(3)待机状态,3,2025-07-16 14:01:36,2025-07-16 14:39:42,2286,0.64
2279,L14,#35,GW252/13600,(2)停机状态,2,2025-07-16 13:59:24,2025-07-16 14:01:36,132,0.04
2280,L14,#35,GW252/13600,(1)停机过程,1,2025-07-16 13:58:54,2025-07-16 13:59:24,30,0.01
2281,L14,#35,GW252/13600,(4)启机状态,4,2025-07-16 13:53:54,2025-07-16 13:58:54,300,0.08
2282,L14,#35,GW252/13600,(3)待机状态,3,2025-07-16 13:52:38,2025-07-16 13:53:54,76,0.02
2283,L14,#35,GW252/13600,(2)停机状态,2,2025-07-16 13:52:37,2025-07-16 13:52:38,1,0
2284,L14,#35,GW252/13600,(1)停机过程,1,2025-07-16 13:52:04,2025-07-16 13:52:37,33,0.01
2285,L14,#35,GW252/13600,(4)启机状态,4,2025-07-16 13:47:04,2025-07-16 13:52:04,300,0.08
2286,L14,#35,GW252/13600,(3)待机状态,3,2025-07-16 13:45:51,2025-07-16 13:47:04,73,0.02
2287,L14,#35,GW252/13600,(1)停机过程,1,2025-07-16 13:45:20,2025-07-16 13:45:51,31,0.01
2288,L14,#35,GW252/13600,(4)启机状态,4,2025-07-16 13:40:20,2025-07-16 13:45:20,300,0.08
2289,L14,#35,GW252/13600,(3)待机状态,3,2025-07-16 13:36:26,2025-07-16 13:40:20,234,0.07
2290,L14,#35,GW252/13600,(2)停机状态,2,2025-07-16 13:33:45,2025-07-16 13:36:26,161,0.04
2291,L14,#35,GW252/13600,(1)停机过程,1,2025-07-16 13:32:49,2025-07-16 13:33:45,56,0.02
2292,L14,#35,GW252/13600,(5)发电状态,5,2025-07-14 21:20:33,2025-07-16 13:32:49,144736,40.2
2293,L14,#35,GW252/13600,(4)启机状态,4,2025-07-14 21:18:53,2025-07-14 21:20:33,100,0.03
2294,L14,#35,GW252/13600,(3)待机状态,3,2025-07-14 21:18:02,2025-07-14 21:18:53,51,0.01
2295,L14,#35,GW252/13600,(2)停机状态,2,2025-07-14 21:18:01,2025-07-14 21:18:02,1,0
2296,L14,#35,GW252/13600,(1)停机过程,1,2025-07-14 21:17:05,2025-07-14 21:18:01,56,0.02
2297,L14,#35,GW252/13600,(4)启机状态,4,2025-07-14 21:12:05,2025-07-14 21:17:05,300,0.08
2298,L14,#35,GW252/13600,(3)待机状态,3,2025-07-14 21:11:04,2025-07-14 21:12:05,61,0.02
2299,L14,#35,GW252/13600,(1)停机过程,1,2025-07-14 21:10:32,2025-07-14 21:11:04,32,0.01
2300,L14,#35,GW252/13600,(4)启机状态,4,2025-07-14 21:05:32,2025-07-14 21:10:32,300,0.08
2301,L14,#35,GW252/13600,(3)待机状态,3,2025-07-14 21:04:29,2025-07-14 21:05:32,63,0.02
2302,L14,#35,GW252/13600,(2)停机状态,2,2025-07-14 21:04:28,2025-07-14 21:04:29,1,0
2303,L14,#35,GW252/13600,(1)停机过程,1,2025-07-14 21:03:58,2025-07-14 21:04:28,30,0.01
2304,L14,#35,GW252/13600,(4)启机状态,4,2025-07-14 20:58:57,2025-07-14 21:03:58,301,0.08
2305,L14,#35,GW252/13600,(3)待机状态,3,2025-07-14 20:57:50,2025-07-14 20:58:57,67,0.02
2306,L14,#35,GW252/13600,(2)停机状态,2,2025-07-14 20:57:48,2025-07-14 20:57:50,2,0
2307,L14,#35,GW252/13600,(1)停机过程,1,2025-07-14 20:57:16,2025-07-14 20:57:48,32,0.01
2308,L14,#35,GW252/13600,(4)启机状态,4,2025-07-14 20:52:16,2025-07-14 20:57:16,300,0.08
2309,L14,#35,GW252/13600,(3)待机状态,3,2025-07-14 20:51:06,2025-07-14 20:52:16,70,0.02
2310,L14,#35,GW252/13600,(2)停机状态,2,2025-07-14 20:51:05,2025-07-14 20:51:06,1,0
2311,L14,#35,GW252/13600,(1)停机过程,1,2025-07-14 20:50:33,2025-07-14 20:51:05,32,0.01
2312,L14,#35,GW252/13600,(4)启机状态,4,2025-07-14 20:45:33,2025-07-14 20:50:33,300,0.08
2313,L14,#35,GW252/13600,(3)待机状态,3,2025-07-14 20:44:17,2025-07-14 20:45:33,76,0.02
2314,L14,#35,GW252/13600,(2)停机状态,2,2025-07-14 20:44:16,2025-07-14 20:44:17,1,0
2315,L14,#35,GW252/13600,(1)停机过程,1,2025-07-14 20:43:45,2025-07-14 20:44:16,31,0.01
2316,L14,#35,GW252/13600,(4)启机状态,4,2025-07-14 20:38:45,2025-07-14 20:43:45,300,0.08
2317,L14,#35,GW252/13600,(3)待机状态,3,2025-07-14 20:37:23,2025-07-14 20:38:45,82,0.02
2318,L14,#35,GW252/13600,(1)停机过程,1,2025-07-14 20:36:50,2025-07-14 20:37:23,33,0.01
2319,L14,#35,GW252/13600,(4)启机状态,4,2025-07-14 20:31:50,2025-07-14 20:36:50,300,0.08
2320,L14,#35,GW252/13600,(3)待机状态,3,2025-07-14 20:30:31,2025-07-14 20:31:50,79,0.02
2321,L14,#35,GW252/13600,(2)停机状态,2,2025-07-14 20:27:34,2025-07-14 20:30:31,177,0.05
2322,L14,#35,GW252/13600,(1)停机过程,1,2025-07-14 20:27:02,2025-07-14 20:27:34,32,0.01
2323,L14,#35,GW252/13600,(4)启机状态,4,2025-07-14 20:22:03,2025-07-14 20:27:02,299,0.08
2324,L14,#35,GW252/13600,(3)待机状态,3,2025-07-14 20:19:34,2025-07-14 20:22:03,149,0.04
2325,L14,#35,GW252/13600,(2)停机状态,2,2025-07-14 20:19:32,2025-07-14 20:19:34,2,0
2326,L14,#35,GW252/13600,(1)停机过程,1,2025-07-14 20:19:00,2025-07-14 20:19:32,32,0.01
2327,L14,#35,GW252/13600,(4)启机状态,4,2025-07-14 20:14:00,2025-07-14 20:19:00,300,0.08
2328,L14,#35,GW252/13600,(3)待机状态,3,2025-07-14 19:03:52,2025-07-14 20:14:00,4208,1.17
2329,L14,#35,GW252/13600,(2)停机状态,2,2025-07-14 19:02:35,2025-07-14 19:03:52,77,0.02
2330,L14,#35,GW252/13600,(1)停机过程,1,2025-07-14 19:02:04,2025-07-14 19:02:35,31,0.01
2331,L14,#35,GW252/13600,(4)启机状态,4,2025-07-14 18:57:04,2025-07-14 19:02:04,300,0.08
2332,L14,#35,GW252/13600,(3)待机状态,3,2025-07-14 18:50:04,2025-07-14 18:57:04,420,0.12
2333,L14,#35,GW252/13600,(2)停机状态,2,2025-07-14 18:49:27,2025-07-14 18:50:04,37,0.01
2334,L14,#35,GW252/13600,(1)停机过程,1,2025-07-14 18:48:56,2025-07-14 18:49:27,31,0.01
2335,L14,#35,GW252/13600,(4)启机状态,4,2025-07-14 18:43:55,2025-07-14 18:48:56,301,0.08
2336,L14,#35,GW252/13600,(3)待机状态,3,2025-07-14 18:42:38,2025-07-14 18:43:55,77,0.02
2337,L14,#35,GW252/13600,(2)停机状态,2,2025-07-14 18:42:37,2025-07-14 18:42:38,1,0
2338,L14,#35,GW252/13600,(1)停机过程,1,2025-07-14 18:42:05,2025-07-14 18:42:37,32,0.01
2339,L14,#35,GW252/13600,(4)启机状态,4,2025-07-14 18:37:05,2025-07-14 18:42:05,300,0.08
2340,L14,#35,GW252/13600,(3)待机状态,3,2025-07-14 18:31:13,2025-07-14 18:37:05,352,0.1
2341,L14,#35,GW252/13600,(2)停机状态,2,2025-07-14 18:30:21,2025-07-14 18:31:13,52,0.01
2342,L14,#35,GW252/13600,(1)停机过程,1,2025-07-14 18:29:48,2025-07-14 18:30:21,33,0.01
2343,L14,#35,GW252/13600,(4)启机状态,4,2025-07-14 18:24:49,2025-07-14 18:29:48,299,0.08
2344,L14,#35,GW252/13600,(3)待机状态,3,2025-07-14 17:29:43,2025-07-14 18:24:49,3306,0.92
2345,L14,#35,GW252/13600,(2)停机状态,2,2025-07-14 17:29:13,2025-07-14 17:29:43,30,0.01
2346,L14,#35,GW252/13600,(1)停机过程,1,2025-07-14 17:28:16,2025-07-14 17:29:13,57,0.02
2347,L14,#35,GW252/13600,(5)发电状态,5,2025-07-14 16:43:24,2025-07-14 17:28:16,2692,0.75
2348,L14,#35,GW252/13600,(4)启机状态,4,2025-07-14 16:39:30,2025-07-14 16:43:24,234,0.07
2349,L14,#35,GW252/13600,(3)待机状态,3,2025-07-14 16:38:35,2025-07-14 16:39:30,55,0.02
2350,L14,#35,GW252/13600,(2)停机状态,2,2025-07-14 16:38:33,2025-07-14 16:38:35,2,0
2351,L14,#35,GW252/13600,(1)停机过程,1,2025-07-14 16:38:00,2025-07-14 16:38:33,33,0.01
2352,L14,#35,GW252/13600,(4)启机状态,4,2025-07-14 16:33:00,2025-07-14 16:38:00,300,0.08
2353,L14,#35,GW252/13600,(3)待机状态,3,2025-07-14 16:31:01,2025-07-14 16:33:00,119,0.03
2354,L14,#35,GW252/13600,(1)停机过程,1,2025-07-14 16:30:29,2025-07-14 16:31:01,32,0.01
2355,L14,#35,GW252/13600,(4)启机状态,4,2025-07-14 16:25:28,2025-07-14 16:30:29,301,0.08
2356,L14,#35,GW252/13600,(3)待机状态,3,2025-07-14 16:24:30,2025-07-14 16:25:28,58,0.02
2357,L14,#35,GW252/13600,(2)停机状态,2,2025-07-14 16:24:29,2025-07-14 16:24:30,1,0
2358,L14,#35,GW252/13600,(1)停机过程,1,2025-07-14 16:23:57,2025-07-14 16:24:29,32,0.01
2359,L14,#35,GW252/13600,(4)启机状态,4,2025-07-14 16:18:57,2025-07-14 16:23:57,300,0.08
2360,L14,#35,GW252/13600,(3)待机状态,3,2025-07-14 16:17:58,2025-07-14 16:18:57,59,0.02
2361,L14,#35,GW252/13600,(1)停机过程,1,2025-07-14 16:17:25,2025-07-14 16:17:58,33,0.01
2362,L14,#35,GW252/13600,(4)启机状态,4,2025-07-14 16:12:25,2025-07-14 16:17:25,300,0.08
2363,L14,#35,GW252/13600,(3)待机状态,3,2025-07-14 16:11:12,2025-07-14 16:12:25,73,0.02
2364,L14,#35,GW252/13600,(2)停机状态,2,2025-07-14 16:11:10,2025-07-14 16:11:12,2,0
2365,L14,#35,GW252/13600,(1)停机过程,1,2025-07-14 16:10:39,2025-07-14 16:11:10,31,0.01
2366,L14,#35,GW252/13600,(4)启机状态,4,2025-07-14 16:05:38,2025-07-14 16:10:39,301,0.08
2367,L14,#35,GW252/13600,(3)待机状态,3,2025-07-14 16:04:12,2025-07-14 16:05:38,86,0.02
2368,L14,#35,GW252/13600,(2)停机状态,2,2025-07-14 16:04:10,2025-07-14 16:04:12,2,0
2369,L14,#35,GW252/13600,(1)停机过程,1,2025-07-14 16:03:40,2025-07-14 16:04:10,30,0.01
2370,L14,#35,GW252/13600,(4)启机状态,4,2025-07-14 15:58:40,2025-07-14 16:03:40,300,0.08
2371,L14,#35,GW252/13600,(3)待机状态,3,2025-07-14 15:57:33,2025-07-14 15:58:40,67,0.02
2372,L14,#35,GW252/13600,(2)停机状态,2,2025-07-14 15:57:31,2025-07-14 15:57:33,2,0
2373,L14,#35,GW252/13600,(1)停机过程,1,2025-07-14 15:56:59,2025-07-14 15:57:31,32,0.01
2374,L14,#35,GW252/13600,(4)启机状态,4,2025-07-14 15:51:59,2025-07-14 15:56:59,300,0.08
2375,L14,#35,GW252/13600,(3)待机状态,3,2025-07-14 15:50:36,2025-07-14 15:51:59,83,0.02
2376,L14,#35,GW252/13600,(2)停机状态,2,2025-07-14 15:50:35,2025-07-14 15:50:36,1,0
2377,L14,#35,GW252/13600,(1)停机过程,1,2025-07-14 15:50:04,2025-07-14 15:50:35,31,0.01
2378,L14,#35,GW252/13600,(4)启机状态,4,2025-07-14 15:45:03,2025-07-14 15:50:04,301,0.08
2379,L14,#35,GW252/13600,(3)待机状态,3,2025-07-14 15:42:57,2025-07-14 15:45:03,126,0.04
2380,L14,#35,GW252/13600,(2)停机状态,2,2025-07-14 15:42:55,2025-07-14 15:42:57,2,0
2381,L14,#35,GW252/13600,(1)停机过程,1,2025-07-14 15:42:22,2025-07-14 15:42:55,33,0.01
2382,L14,#35,GW252/13600,(4)启机状态,4,2025-07-14 15:37:22,2025-07-14 15:42:22,300,0.08
2383,L14,#35,GW252/13600,(3)待机状态,3,2025-07-14 15:36:16,2025-07-14 15:37:22,66,0.02
2384,L14,#35,GW252/13600,(2)停机状态,2,2025-07-14 15:36:15,2025-07-14 15:36:16,1,0
2385,L14,#35,GW252/13600,(1)停机过程,1,2025-07-14 15:35:45,2025-07-14 15:36:15,30,0.01
2386,L14,#35,GW252/13600,(4)启机状态,4,2025-07-14 15:30:45,2025-07-14 15:35:45,300,0.08
2387,L14,#35,GW252/13600,(3)待机状态,3,2025-07-14 15:29:15,2025-07-14 15:30:45,90,0.03
2388,L14,#35,GW252/13600,(2)停机状态,2,2025-07-14 15:29:14,2025-07-14 15:29:15,1,0
2389,L14,#35,GW252/13600,(1)停机过程,1,2025-07-14 15:28:43,2025-07-14 15:29:14,31,0.01
2390,L14,#35,GW252/13600,(4)启机状态,4,2025-07-14 15:23:44,2025-07-14 15:28:43,299,0.08
2391,L14,#35,GW252/13600,(3)待机状态,3,2025-07-14 15:22:02,2025-07-14 15:23:44,102,0.03
2392,L14,#35,GW252/13600,(2)停机状态,2,2025-07-14 15:22:00,2025-07-14 15:22:02,2,0
2393,L14,#35,GW252/13600,(1)停机过程,1,2025-07-14 15:21:28,2025-07-14 15:22:00,32,0.01
2394,L14,#35,GW252/13600,(4)启机状态,4,2025-07-14 15:16:29,2025-07-14 15:21:28,299,0.08
2395,L14,#35,GW252/13600,(3)待机状态,3,2025-07-14 15:14:36,2025-07-14 15:16:29,113,0.03
2396,L14,#35,GW252/13600,(2)停机状态,2,2025-07-14 15:14:35,2025-07-14 15:14:36,1,0
2397,L14,#35,GW252/13600,(1)停机过程,1,2025-07-14 15:14:05,2025-07-14 15:14:35,30,0.01
2398,L14,#35,GW252/13600,(4)启机状态,4,2025-07-14 15:09:05,2025-07-14 15:14:05,300,0.08
2399,L14,#35,GW252/13600,(3)待机状态,3,2025-07-14 15:07:59,2025-07-14 15:09:05,66,0.02
2400,L14,#35,GW252/13600,(2)停机状态,2,2025-07-14 15:07:57,2025-07-14 15:07:59,2,0
2401,L14,#35,GW252/13600,(1)停机过程,1,2025-07-14 15:07:24,2025-07-14 15:07:57,33,0.01
2402,L14,#35,GW252/13600,(4)启机状态,4,2025-07-14 15:02:24,2025-07-14 15:07:24,300,0.08
2403,L14,#35,GW252/13600,(3)待机状态,3,2025-07-14 14:50:07,2025-07-14 15:02:24,737,0.2
2404,L14,#35,GW252/13600,(2)停机状态,2,2025-07-14 14:46:57,2025-07-14 14:50:07,190,0.05
2405,L14,#35,GW252/13600,(1)停机过程,1,2025-07-14 14:46:25,2025-07-14 14:46:57,32,0.01
2406,L14,#35,GW252/13600,(4)启机状态,4,2025-07-14 14:41:26,2025-07-14 14:46:25,299,0.08
2407,L14,#35,GW252/13600,(3)待机状态,3,2025-07-14 12:16:06,2025-07-14 14:41:26,8720,2.42
2408,L14,#35,GW252/13600,(2)停机状态,2,2025-07-14 12:10:29,2025-07-14 12:16:06,337,0.09
2409,L14,#35,GW252/13600,(1)停机过程,1,2025-07-14 12:09:33,2025-07-14 12:10:29,56,0.02
2410,L14,#35,GW252/13600,(5)发电状态,5,2025-07-14 11:59:20,2025-07-14 12:09:33,613,0.17
2411,L14,#35,GW252/13600,(4)启机状态,4,2025-07-14 11:58:03,2025-07-14 11:59:20,77,0.02
2412,L14,#35,GW252/13600,(3)待机状态,3,2025-07-14 11:53:02,2025-07-14 11:58:03,301,0.08
2413,L14,#35,GW252/13600,(2)停机状态,2,2025-07-14 11:53:01,2025-07-14 11:53:02,1,0
2414,L14,#35,GW252/13600,(1)停机过程,1,2025-07-14 11:52:31,2025-07-14 11:53:01,30,0.01
2415,L14,#35,GW252/13600,(3)待机状态,3,2025-07-14 11:45:29,2025-07-14 11:52:31,422,0.12
2416,L14,#35,GW252/13600,(2)停机状态,2,2025-07-14 11:39:52,2025-07-14 11:45:29,337,0.09
2417,L14,#35,GW252/13600,(1)停机过程,1,2025-07-14 11:38:56,2025-07-14 11:39:52,56,0.02
2418,L14,#35,GW252/13600,(5)发电状态,5,2025-07-13 23:12:10,2025-07-14 11:38:56,44806,12.45
2419,L14,#35,GW252/13600,(4)启机状态,4,2025-07-13 23:10:43,2025-07-13 23:12:10,87,0.02
2420,L14,#35,GW252/13600,(3)待机状态,3,2025-07-13 23:09:50,2025-07-13 23:10:43,53,0.01
2421,L14,#35,GW252/13600,(2)停机状态,2,2025-07-13 23:09:49,2025-07-13 23:09:50,1,0
2422,L14,#35,GW252/13600,(1)停机过程,1,2025-07-13 23:08:55,2025-07-13 23:09:49,54,0.02
2423,L14,#35,GW252/13600,(4)启机状态,4,2025-07-13 23:03:54,2025-07-13 23:08:55,301,0.08
2424,L14,#35,GW252/13600,(3)待机状态,3,2025-07-13 23:02:57,2025-07-13 23:03:54,57,0.02
2425,L14,#35,GW252/13600,(2)停机状态,2,2025-07-13 23:02:56,2025-07-13 23:02:57,1,0
2426,L14,#35,GW252/13600,(1)停机过程,1,2025-07-13 23:02:23,2025-07-13 23:02:56,33,0.01
2427,L14,#35,GW252/13600,(4)启机状态,4,2025-07-13 22:57:23,2025-07-13 23:02:23,300,0.08
2428,L14,#35,GW252/13600,(3)待机状态,3,2025-07-13 22:56:18,2025-07-13 22:57:23,65,0.02
2429,L14,#35,GW252/13600,(2)停机状态,2,2025-07-13 22:56:16,2025-07-13 22:56:18,2,0
2430,L14,#35,GW252/13600,(1)停机过程,1,2025-07-13 22:55:46,2025-07-13 22:56:16,30,0.01
2431,L14,#35,GW252/13600,(4)启机状态,4,2025-07-13 22:50:46,2025-07-13 22:55:46,300,0.08
2432,L14,#35,GW252/13600,(3)待机状态,3,2025-07-13 22:49:39,2025-07-13 22:50:46,67,0.02
2433,L14,#35,GW252/13600,(2)停机状态,2,2025-07-13 22:49:38,2025-07-13 22:49:39,1,0
2434,L14,#35,GW252/13600,(1)停机过程,1,2025-07-13 22:49:06,2025-07-13 22:49:38,32,0.01
2435,L14,#35,GW252/13600,(4)启机状态,4,2025-07-13 22:44:04,2025-07-13 22:49:06,302,0.08
2436,L14,#35,GW252/13600,(3)待机状态,3,2025-07-13 22:42:51,2025-07-13 22:44:04,73,0.02
2437,L14,#35,GW252/13600,(1)停机过程,1,2025-07-13 22:42:19,2025-07-13 22:42:51,32,0.01
2438,L14,#35,GW252/13600,(4)启机状态,4,2025-07-13 22:37:19,2025-07-13 22:42:19,300,0.08
2439,L14,#35,GW252/13600,(3)待机状态,3,2025-07-13 22:36:07,2025-07-13 22:37:19,72,0.02
2440,L14,#35,GW252/13600,(2)停机状态,2,2025-07-13 22:36:05,2025-07-13 22:36:07,2,0
2441,L14,#35,GW252/13600,(1)停机过程,1,2025-07-13 22:35:34,2025-07-13 22:36:05,31,0.01
2442,L14,#35,GW252/13600,(4)启机状态,4,2025-07-13 22:30:34,2025-07-13 22:35:34,300,0.08
2443,L14,#35,GW252/13600,(3)待机状态,3,2025-07-13 22:29:27,2025-07-13 22:30:34,67,0.02
2444,L14,#35,GW252/13600,(1)停机过程,1,2025-07-13 22:28:55,2025-07-13 22:29:27,32,0.01
2445,L14,#35,GW252/13600,(4)启机状态,4,2025-07-13 22:23:54,2025-07-13 22:28:55,301,0.08
2446,L14,#35,GW252/13600,(3)待机状态,3,2025-07-13 22:22:37,2025-07-13 22:23:54,77,0.02
2447,L14,#35,GW252/13600,(1)停机过程,1,2025-07-13 22:22:06,2025-07-13 22:22:37,31,0.01
2448,L14,#35,GW252/13600,(4)启机状态,4,2025-07-13 22:17:06,2025-07-13 22:22:06,300,0.08
2449,L14,#35,GW252/13600,(3)待机状态,3,2025-07-13 22:16:00,2025-07-13 22:17:06,66,0.02
2450,L14,#35,GW252/13600,(2)停机状态,2,2025-07-13 22:15:51,2025-07-13 22:16:00,9,0
2451,L14,#35,GW252/13600,(1)停机过程,1,2025-07-13 22:15:18,2025-07-13 22:15:51,33,0.01
2452,L14,#35,GW252/13600,(4)启机状态,4,2025-07-13 22:10:18,2025-07-13 22:15:18,300,0.08
2453,L14,#35,GW252/13600,(3)待机状态,3,2025-07-13 22:09:03,2025-07-13 22:10:18,75,0.02
2454,L14,#35,GW252/13600,(2)停机状态,2,2025-07-13 22:09:02,2025-07-13 22:09:03,1,0
2455,L14,#35,GW252/13600,(1)停机过程,1,2025-07-13 22:08:31,2025-07-13 22:09:02,31,0.01
2456,L14,#35,GW252/13600,(4)启机状态,4,2025-07-13 22:03:31,2025-07-13 22:08:31,300,0.08
2457,L14,#35,GW252/13600,(3)待机状态,3,2025-07-13 21:54:48,2025-07-13 22:03:31,523,0.15
2458,L14,#35,GW252/13600,(2)停机状态,2,2025-07-13 21:18:14,2025-07-13 21:54:48,2194,0.61
2459,L14,#35,GW252/13600,(1)停机过程,1,2025-07-13 21:17:17,2025-07-13 21:18:14,57,0.02
2460,L14,#35,GW252/13600,(5)发电状态,5,2025-07-13 16:40:38,2025-07-13 21:17:17,16599,4.61
2461,L14,#35,GW252/13600,(4)启机状态,4,2025-07-13 16:38:44,2025-07-13 16:40:38,114,0.03
2462,L14,#35,GW252/13600,(3)待机状态,3,2025-07-13 16:37:49,2025-07-13 16:38:44,55,0.02
2463,L14,#35,GW252/13600,(2)停机状态,2,2025-07-13 16:37:47,2025-07-13 16:37:49,2,0
2464,L14,#35,GW252/13600,(1)停机过程,1,2025-07-13 16:36:50,2025-07-13 16:37:47,57,0.02
2465,L14,#35,GW252/13600,(4)启机状态,4,2025-07-13 16:31:50,2025-07-13 16:36:50,300,0.08
2466,L14,#35,GW252/13600,(3)待机状态,3,2025-07-13 16:30:44,2025-07-13 16:31:50,66,0.02
2467,L14,#35,GW252/13600,(2)停机状态,2,2025-07-13 16:30:42,2025-07-13 16:30:44,2,0
2468,L14,#35,GW252/13600,(1)停机过程,1,2025-07-13 16:30:10,2025-07-13 16:30:42,32,0.01
2469,L14,#35,GW252/13600,(4)启机状态,4,2025-07-13 16:25:09,2025-07-13 16:30:10,301,0.08
2470,L14,#35,GW252/13600,(3)待机状态,3,2025-07-13 16:24:11,2025-07-13 16:25:09,58,0.02
2471,L14,#35,GW252/13600,(2)停机状态,2,2025-07-13 16:24:10,2025-07-13 16:24:11,1,0
2472,L14,#35,GW252/13600,(1)停机过程,1,2025-07-13 16:23:38,2025-07-13 16:24:10,32,0.01
2473,L14,#35,GW252/13600,(4)启机状态,4,2025-07-13 16:18:38,2025-07-13 16:23:38,300,0.08
2474,L14,#35,GW252/13600,(3)待机状态,3,2025-07-13 16:17:30,2025-07-13 16:18:38,68,0.02
2475,L14,#35,GW252/13600,(2)停机状态,2,2025-07-13 16:17:29,2025-07-13 16:17:30,1,0
2476,L14,#35,GW252/13600,(1)停机过程,1,2025-07-13 16:16:57,2025-07-13 16:17:29,32,0.01
2477,L14,#35,GW252/13600,(4)启机状态,4,2025-07-13 16:11:57,2025-07-13 16:16:57,300,0.08
2478,L14,#35,GW252/13600,(3)待机状态,3,2025-07-13 16:09:25,2025-07-13 16:11:57,152,0.04
2479,L14,#35,GW252/13600,(1)停机过程,1,2025-07-13 16:08:54,2025-07-13 16:09:25,31,0.01
2480,L14,#35,GW252/13600,(4)启机状态,4,2025-07-13 16:03:54,2025-07-13 16:08:54,300,0.08
2481,L14,#35,GW252/13600,(3)待机状态,3,2025-07-13 16:02:45,2025-07-13 16:03:54,69,0.02
2482,L14,#35,GW252/13600,(2)停机状态,2,2025-07-13 16:02:19,2025-07-13 16:02:45,26,0.01
2483,L14,#35,GW252/13600,(1)停机过程,1,2025-07-13 16:01:47,2025-07-13 16:02:19,32,0.01
2484,L14,#35,GW252/13600,(4)启机状态,4,2025-07-13 15:56:47,2025-07-13 16:01:47,300,0.08
2485,L14,#35,GW252/13600,(3)待机状态,3,2025-07-13 15:54:29,2025-07-13 15:56:47,138,0.04
2486,L14,#35,GW252/13600,(2)停机状态,2,2025-07-13 15:54:28,2025-07-13 15:54:29,1,0
2487,L14,#35,GW252/13600,(1)停机过程,1,2025-07-13 15:53:57,2025-07-13 15:54:28,31,0.01
2488,L14,#35,GW252/13600,(4)启机状态,4,2025-07-13 15:48:56,2025-07-13 15:53:57,301,0.08
2489,L14,#35,GW252/13600,(3)待机状态,3,2025-07-13 15:47:46,2025-07-13 15:48:56,70,0.02
2490,L14,#35,GW252/13600,(2)停机状态,2,2025-07-13 15:47:44,2025-07-13 15:47:46,2,0
2491,L14,#35,GW252/13600,(1)停机过程,1,2025-07-13 15:47:13,2025-07-13 15:47:44,31,0.01
2492,L14,#35,GW252/13600,(4)启机状态,4,2025-07-13 15:42:13,2025-07-13 15:47:13,300,0.08
2493,L14,#35,GW252/13600,(3)待机状态,3,2025-07-13 15:41:12,2025-07-13 15:42:13,61,0.02
2494,L14,#35,GW252/13600,(2)停机状态,2,2025-07-13 15:41:10,2025-07-13 15:41:12,2,0
2495,L14,#35,GW252/13600,(1)停机过程,1,2025-07-13 15:40:39,2025-07-13 15:41:10,31,0.01
2496,L14,#35,GW252/13600,(4)启机状态,4,2025-07-13 15:35:39,2025-07-13 15:40:39,300,0.08
2497,L14,#35,GW252/13600,(3)待机状态,3,2025-07-13 15:34:29,2025-07-13 15:35:39,70,0.02
2498,L14,#35,GW252/13600,(2)停机状态,2,2025-07-13 15:34:28,2025-07-13 15:34:29,1,0
2499,L14,#35,GW252/13600,(1)停机过程,1,2025-07-13 15:33:57,2025-07-13 15:34:28,31,0.01
2500,L14,#35,GW252/13600,(4)启机状态,4,2025-07-13 15:28:56,2025-07-13 15:33:57,301,0.08
2501,L14,#35,GW252/13600,(3)待机状态,3,2025-07-13 15:25:38,2025-07-13 15:28:56,198,0.06
2502,L14,#35,GW252/13600,(2)停机状态,2,2025-07-13 15:25:37,2025-07-13 15:25:38,1,0
2503,L14,#35,GW252/13600,(1)停机过程,1,2025-07-13 15:25:05,2025-07-13 15:25:37,32,0.01
2504,L14,#35,GW252/13600,(4)启机状态,4,2025-07-13 15:20:05,2025-07-13 15:25:05,300,0.08
2505,L14,#35,GW252/13600,(3)待机状态,3,2025-07-13 15:18:47,2025-07-13 15:20:05,78,0.02
2506,L14,#35,GW252/13600,(2)停机状态,2,2025-07-13 15:18:46,2025-07-13 15:18:47,1,0
2507,L14,#35,GW252/13600,(1)停机过程,1,2025-07-13 15:18:15,2025-07-13 15:18:46,31,0.01
2508,L14,#35,GW252/13600,(4)启机状态,4,2025-07-13 15:13:15,2025-07-13 15:18:15,300,0.08
2509,L14,#35,GW252/13600,(3)待机状态,3,2025-07-13 15:11:55,2025-07-13 15:13:15,80,0.02
2510,L14,#35,GW252/13600,(2)停机状态,2,2025-07-13 15:11:54,2025-07-13 15:11:55,1,0
2511,L14,#35,GW252/13600,(1)停机过程,1,2025-07-13 15:11:23,2025-07-13 15:11:54,31,0.01
2512,L14,#35,GW252/13600,(4)启机状态,4,2025-07-13 15:06:23,2025-07-13 15:11:23,300,0.08
2513,L14,#35,GW252/13600,(3)待机状态,3,2025-07-13 15:04:22,2025-07-13 15:06:23,121,0.03
2514,L14,#35,GW252/13600,(1)停机过程,1,2025-07-13 15:03:50,2025-07-13 15:04:22,32,0.01
2515,L14,#35,GW252/13600,(4)启机状态,4,2025-07-13 14:58:50,2025-07-13 15:03:50,300,0.08
2516,L14,#35,GW252/13600,(3)待机状态,3,2025-07-13 14:57:04,2025-07-13 14:58:50,106,0.03
2517,L14,#35,GW252/13600,(2)停机状态,2,2025-07-13 14:57:02,2025-07-13 14:57:04,2,0
2518,L14,#35,GW252/13600,(1)停机过程,1,2025-07-13 14:56:30,2025-07-13 14:57:02,32,0.01
2519,L14,#35,GW252/13600,(4)启机状态,4,2025-07-13 14:51:30,2025-07-13 14:56:30,300,0.08
2520,L14,#35,GW252/13600,(3)待机状态,3,2025-07-13 14:50:21,2025-07-13 14:51:30,69,0.02
2521,L14,#35,GW252/13600,(2)停机状态,2,2025-07-13 14:50:20,2025-07-13 14:50:21,1,0
2522,L14,#35,GW252/13600,(1)停机过程,1,2025-07-13 14:49:48,2025-07-13 14:50:20,32,0.01
2523,L14,#35,GW252/13600,(4)启机状态,4,2025-07-13 14:44:48,2025-07-13 14:49:48,300,0.08
2524,L14,#35,GW252/13600,(3)待机状态,3,2025-07-13 14:41:48,2025-07-13 14:44:48,180,0.05
2525,L14,#35,GW252/13600,(1)停机过程,1,2025-07-13 14:41:16,2025-07-13 14:41:48,32,0.01
2526,L14,#35,GW252/13600,(4)启机状态,4,2025-07-13 14:36:17,2025-07-13 14:41:16,299,0.08
2527,L14,#35,GW252/13600,(3)待机状态,3,2025-07-13 14:35:08,2025-07-13 14:36:17,69,0.02
2528,L14,#35,GW252/13600,(2)停机状态,2,2025-07-13 14:35:07,2025-07-13 14:35:08,1,0
2529,L14,#35,GW252/13600,(1)停机过程,1,2025-07-13 14:34:35,2025-07-13 14:35:07,32,0.01
2530,L14,#35,GW252/13600,(4)启机状态,4,2025-07-13 14:29:35,2025-07-13 14:34:35,300,0.08
2531,L14,#35,GW252/13600,(3)待机状态,3,2025-07-13 14:28:28,2025-07-13 14:29:35,67,0.02
2532,L14,#35,GW252/13600,(2)停机状态,2,2025-07-13 14:28:27,2025-07-13 14:28:28,1,0
2533,L14,#35,GW252/13600,(1)停机过程,1,2025-07-13 14:27:55,2025-07-13 14:28:27,32,0.01
2534,L14,#35,GW252/13600,(4)启机状态,4,2025-07-13 14:22:56,2025-07-13 14:27:55,299,0.08
2535,L14,#35,GW252/13600,(3)待机状态,3,2025-07-13 14:21:47,2025-07-13 14:22:56,69,0.02
2536,L14,#35,GW252/13600,(2)停机状态,2,2025-07-13 14:21:46,2025-07-13 14:21:47,1,0
2537,L14,#35,GW252/13600,(1)停机过程,1,2025-07-13 14:21:13,2025-07-13 14:21:46,33,0.01
2538,L14,#35,GW252/13600,(4)启机状态,4,2025-07-13 14:16:13,2025-07-13 14:21:13,300,0.08
2539,L14,#35,GW252/13600,(3)待机状态,3,2025-07-13 14:14:45,2025-07-13 14:16:13,88,0.02
2540,L14,#35,GW252/13600,(2)停机状态,2,2025-07-13 14:14:44,2025-07-13 14:14:45,1,0
2541,L14,#35,GW252/13600,(1)停机过程,1,2025-07-13 14:14:12,2025-07-13 14:14:44,32,0.01
2542,L14,#35,GW252/13600,(4)启机状态,4,2025-07-13 14:09:12,2025-07-13 14:14:12,300,0.08
2543,L14,#35,GW252/13600,(3)待机状态,3,2025-07-13 14:07:53,2025-07-13 14:09:12,79,0.02
2544,L14,#35,GW252/13600,(2)停机状态,2,2025-07-13 14:07:51,2025-07-13 14:07:53,2,0
2545,L14,#35,GW252/13600,(1)停机过程,1,2025-07-13 14:07:19,2025-07-13 14:07:51,32,0.01
2546,L14,#35,GW252/13600,(4)启机状态,4,2025-07-13 14:02:20,2025-07-13 14:07:19,299,0.08
2547,L14,#35,GW252/13600,(3)待机状态,3,2025-07-13 14:01:13,2025-07-13 14:02:20,67,0.02
2548,L14,#35,GW252/13600,(2)停机状态,2,2025-07-13 14:01:12,2025-07-13 14:01:13,1,0
2549,L14,#35,GW252/13600,(1)停机过程,1,2025-07-13 14:00:39,2025-07-13 14:01:12,33,0.01
2550,L14,#35,GW252/13600,(4)启机状态,4,2025-07-13 13:55:38,2025-07-13 14:00:39,301,0.08
2551,L14,#35,GW252/13600,(3)待机状态,3,2025-07-13 13:54:20,2025-07-13 13:55:38,78,0.02
2552,L14,#35,GW252/13600,(2)停机状态,2,2025-07-13 13:54:19,2025-07-13 13:54:20,1,0
2553,L14,#35,GW252/13600,(1)停机过程,1,2025-07-13 13:53:48,2025-07-13 13:54:19,31,0.01
2554,L14,#35,GW252/13600,(4)启机状态,4,2025-07-13 13:48:46,2025-07-13 13:53:48,302,0.08
2555,L14,#35,GW252/13600,(3)待机状态,3,2025-07-13 13:47:17,2025-07-13 13:48:46,89,0.02
2556,L14,#35,GW252/13600,(1)停机过程,1,2025-07-13 13:46:45,2025-07-13 13:47:17,32,0.01
2557,L14,#35,GW252/13600,(4)启机状态,4,2025-07-13 13:41:45,2025-07-13 13:46:45,300,0.08
2558,L14,#35,GW252/13600,(3)待机状态,3,2025-07-13 13:40:06,2025-07-13 13:41:45,99,0.03
2559,L14,#35,GW252/13600,(2)停机状态,2,2025-07-13 13:40:04,2025-07-13 13:40:06,2,0
2560,L14,#35,GW252/13600,(1)停机过程,1,2025-07-13 13:39:32,2025-07-13 13:40:04,32,0.01
2561,L14,#35,GW252/13600,(4)启机状态,4,2025-07-13 13:34:33,2025-07-13 13:39:32,299,0.08
2562,L14,#35,GW252/13600,(3)待机状态,3,2025-07-13 13:33:29,2025-07-13 13:34:33,64,0.02
2563,L14,#35,GW252/13600,(2)停机状态,2,2025-07-13 13:33:26,2025-07-13 13:33:29,3,0
2564,L14,#35,GW252/13600,(1)停机过程,1,2025-07-13 13:32:54,2025-07-13 13:33:26,32,0.01
2565,L14,#35,GW252/13600,(4)启机状态,4,2025-07-13 13:27:54,2025-07-13 13:32:54,300,0.08
2566,L14,#35,GW252/13600,(3)待机状态,3,2025-07-13 13:26:54,2025-07-13 13:27:54,60,0.02
2567,L14,#35,GW252/13600,(2)停机状态,2,2025-07-13 13:26:53,2025-07-13 13:26:54,1,0
2568,L14,#35,GW252/13600,(1)停机过程,1,2025-07-13 13:26:22,2025-07-13 13:26:53,31,0.01
2569,L14,#35,GW252/13600,(4)启机状态,4,2025-07-13 13:21:22,2025-07-13 13:26:22,300,0.08
2570,L14,#35,GW252/13600,(3)待机状态,3,2025-07-13 13:20:02,2025-07-13 13:21:22,80,0.02
2571,L14,#35,GW252/13600,(2)停机状态,2,2025-07-13 13:20:01,2025-07-13 13:20:02,1,0
2572,L14,#35,GW252/13600,(1)停机过程,1,2025-07-13 13:19:29,2025-07-13 13:20:01,32,0.01
2573,L14,#35,GW252/13600,(4)启机状态,4,2025-07-13 13:14:28,2025-07-13 13:19:29,301,0.08
2574,L14,#35,GW252/13600,(3)待机状态,3,2025-07-13 13:12:23,2025-07-13 13:14:28,125,0.03
2575,L14,#35,GW252/13600,(2)停机状态,2,2025-07-13 13:12:14,2025-07-13 13:12:23,9,0
2576,L14,#35,GW252/13600,(1)停机过程,1,2025-07-13 13:11:43,2025-07-13 13:12:14,31,0.01
2577,L14,#35,GW252/13600,(4)启机状态,4,2025-07-13 13:06:43,2025-07-13 13:11:43,300,0.08
2578,L14,#35,GW252/13600,(3)待机状态,3,2025-07-13 12:53:27,2025-07-13 13:06:43,796,0.22
2579,L14,#35,GW252/13600,(2)停机状态,2,2025-07-13 12:53:25,2025-07-13 12:53:27,2,0
2580,L14,#35,GW252/13600,(1)停机过程,1,2025-07-13 12:52:53,2025-07-13 12:53:25,32,0.01
2581,L14,#35,GW252/13600,(4)启机状态,4,2025-07-13 12:47:52,2025-07-13 12:52:53,301,0.08
2582,L14,#35,GW252/13600,(3)待机状态,3,2025-07-13 12:45:45,2025-07-13 12:47:52,127,0.04
2583,L14,#35,GW252/13600,(2)停机状态,2,2025-07-13 12:45:43,2025-07-13 12:45:45,2,0
2584,L14,#35,GW252/13600,(1)停机过程,1,2025-07-13 12:45:12,2025-07-13 12:45:43,31,0.01
2585,L14,#35,GW252/13600,(4)启机状态,4,2025-07-13 12:40:13,2025-07-13 12:45:12,299,0.08
2586,L14,#35,GW252/13600,(3)待机状态,3,2025-07-13 12:29:18,2025-07-13 12:40:13,655,0.18
2587,L14,#35,GW252/13600,(2)停机状态,2,2025-07-13 12:29:14,2025-07-13 12:29:18,4,0
2588,L14,#35,GW252/13600,(1)停机过程,1,2025-07-13 12:28:41,2025-07-13 12:29:14,33,0.01
2589,L14,#35,GW252/13600,(4)启机状态,4,2025-07-13 12:23:41,2025-07-13 12:28:41,300,0.08
2590,L14,#35,GW252/13600,(3)待机状态,3,2025-07-13 12:12:46,2025-07-13 12:23:41,655,0.18
2591,L14,#35,GW252/13600,(2)停机状态,2,2025-07-13 12:12:37,2025-07-13 12:12:46,9,0
2592,L14,#35,GW252/13600,(1)停机过程,1,2025-07-13 12:11:41,2025-07-13 12:12:37,56,0.02
2593,L14,#35,GW252/13600,(5)发电状态,5,2025-07-12 15:18:50,2025-07-13 12:11:41,75171,20.88
2594,L14,#35,GW252/13600,(4)启机状态,4,2025-07-12 15:14:17,2025-07-12 15:18:50,273,0.08
2595,L14,#35,GW252/13600,(3)待机状态,3,2025-07-12 15:13:21,2025-07-12 15:14:17,56,0.02
2596,L14,#35,GW252/13600,(2)停机状态,2,2025-07-12 15:13:20,2025-07-12 15:13:21,1,0
2597,L14,#35,GW252/13600,(1)停机过程,1,2025-07-12 15:12:50,2025-07-12 15:13:20,30,0.01
2598,L14,#35,GW252/13600,(4)启机状态,4,2025-07-12 15:07:50,2025-07-12 15:12:50,300,0.08
2599,L14,#35,GW252/13600,(3)待机状态,3,2025-07-12 15:06:45,2025-07-12 15:07:50,65,0.02
2600,L14,#35,GW252/13600,(2)停机状态,2,2025-07-12 15:06:43,2025-07-12 15:06:45,2,0
2601,L14,#35,GW252/13600,(1)停机过程,1,2025-07-12 15:06:11,2025-07-12 15:06:43,32,0.01
2602,L14,#35,GW252/13600,(4)启机状态,4,2025-07-12 15:01:11,2025-07-12 15:06:11,300,0.08
2603,L14,#35,GW252/13600,(3)待机状态,3,2025-07-12 12:19:27,2025-07-12 15:01:11,9704,2.7
2604,L14,#35,GW252/13600,(2)停机状态,2,2025-07-12 12:19:26,2025-07-12 12:19:27,1,0
2605,L14,#35,GW252/13600,(1)停机过程,1,2025-07-12 12:18:54,2025-07-12 12:19:26,32,0.01
2606,L14,#35,GW252/13600,(4)启机状态,4,2025-07-12 12:13:54,2025-07-12 12:18:54,300,0.08
2607,L14,#35,GW252/13600,(3)待机状态,3,2025-07-12 12:08:53,2025-07-12 12:13:54,301,0.08
2608,L14,#35,GW252/13600,(2)停机状态,2,2025-07-12 12:07:20,2025-07-12 12:08:53,93,0.03
2609,L14,#35,GW252/13600,(1)停机过程,1,2025-07-12 12:06:49,2025-07-12 12:07:20,31,0.01
2610,L14,#35,GW252/13600,(4)启机状态,4,2025-07-12 12:01:49,2025-07-12 12:06:49,300,0.08
2611,L14,#35,GW252/13600,(3)待机状态,3,2025-07-12 11:59:50,2025-07-12 12:01:49,119,0.03
2612,L14,#35,GW252/13600,(2)停机状态,2,2025-07-12 11:59:49,2025-07-12 11:59:50,1,0
2613,L14,#35,GW252/13600,(1)停机过程,1,2025-07-12 11:59:18,2025-07-12 11:59:49,31,0.01
2614,L14,#35,GW252/13600,(4)启机状态,4,2025-07-12 11:54:18,2025-07-12 11:59:18,300,0.08
2615,L14,#35,GW252/13600,(3)待机状态,3,2025-07-12 11:51:25,2025-07-12 11:54:18,173,0.05
2616,L14,#35,GW252/13600,(2)停机状态,2,2025-07-12 11:51:24,2025-07-12 11:51:25,1,0
2617,L14,#35,GW252/13600,(1)停机过程,1,2025-07-12 11:50:51,2025-07-12 11:51:24,33,0.01
2618,L14,#35,GW252/13600,(4)启机状态,4,2025-07-12 11:45:51,2025-07-12 11:50:51,300,0.08
2619,L14,#35,GW252/13600,(3)待机状态,3,2025-07-12 11:44:52,2025-07-12 11:45:51,59,0.02
2620,L14,#35,GW252/13600,(2)停机状态,2,2025-07-12 11:44:50,2025-07-12 11:44:52,2,0
2621,L14,#35,GW252/13600,(1)停机过程,1,2025-07-12 11:44:20,2025-07-12 11:44:50,30,0.01
2622,L14,#35,GW252/13600,(4)启机状态,4,2025-07-12 11:39:20,2025-07-12 11:44:20,300,0.08
2623,L14,#35,GW252/13600,(3)待机状态,3,2025-07-12 11:38:09,2025-07-12 11:39:20,71,0.02
2624,L14,#35,GW252/13600,(2)停机状态,2,2025-07-12 11:38:08,2025-07-12 11:38:09,1,0
2625,L14,#35,GW252/13600,(1)停机过程,1,2025-07-12 11:37:35,2025-07-12 11:38:08,33,0.01
2626,L14,#35,GW252/13600,(4)启机状态,4,2025-07-12 11:32:35,2025-07-12 11:37:35,300,0.08
2627,L14,#35,GW252/13600,(3)待机状态,3,2025-07-12 11:31:27,2025-07-12 11:32:35,68,0.02
2628,L14,#35,GW252/13600,(2)停机状态,2,2025-07-12 11:31:25,2025-07-12 11:31:27,2,0
2629,L14,#35,GW252/13600,(1)停机过程,1,2025-07-12 11:30:55,2025-07-12 11:31:25,30,0.01
2630,L14,#35,GW252/13600,(4)启机状态,4,2025-07-12 11:25:54,2025-07-12 11:30:55,301,0.08
2631,L14,#35,GW252/13600,(3)待机状态,3,2025-07-12 11:24:52,2025-07-12 11:25:54,62,0.02
2632,L14,#35,GW252/13600,(2)停机状态,2,2025-07-12 11:24:51,2025-07-12 11:24:52,1,0
2633,L14,#35,GW252/13600,(1)停机过程,1,2025-07-12 11:24:19,2025-07-12 11:24:51,32,0.01
2634,L14,#35,GW252/13600,(4)启机状态,4,2025-07-12 11:19:19,2025-07-12 11:24:19,300,0.08
2635,L14,#35,GW252/13600,(3)待机状态,3,2025-07-12 11:17:57,2025-07-12 11:19:19,82,0.02
2636,L14,#35,GW252/13600,(2)停机状态,2,2025-07-12 11:17:54,2025-07-12 11:17:57,3,0
2637,L14,#35,GW252/13600,(1)停机过程,1,2025-07-12 11:17:23,2025-07-12 11:17:54,31,0.01
2638,L14,#35,GW252/13600,(4)启机状态,4,2025-07-12 11:12:23,2025-07-12 11:17:23,300,0.08
2639,L14,#35,GW252/13600,(3)待机状态,3,2025-07-12 11:10:39,2025-07-12 11:12:23,104,0.03
2640,L14,#35,GW252/13600,(2)停机状态,2,2025-07-12 11:10:37,2025-07-12 11:10:39,2,0
2641,L14,#35,GW252/13600,(1)停机过程,1,2025-07-12 11:10:05,2025-07-12 11:10:37,32,0.01
2642,L14,#35,GW252/13600,(4)启机状态,4,2025-07-12 11:05:04,2025-07-12 11:10:05,301,0.08
2643,L14,#35,GW252/13600,(3)待机状态,3,2025-07-12 11:03:11,2025-07-12 11:05:04,113,0.03
2644,L14,#35,GW252/13600,(1)停机过程,1,2025-07-12 11:02:39,2025-07-12 11:03:11,32,0.01
2645,L14,#35,GW252/13600,(4)启机状态,4,2025-07-12 10:57:38,2025-07-12 11:02:39,301,0.08
2646,L14,#35,GW252/13600,(3)待机状态,3,2025-07-12 10:56:19,2025-07-12 10:57:38,79,0.02
2647,L14,#35,GW252/13600,(1)停机过程,1,2025-07-12 10:55:49,2025-07-12 10:56:19,30,0.01
2648,L14,#35,GW252/13600,(4)启机状态,4,2025-07-12 10:50:48,2025-07-12 10:55:49,301,0.08
2649,L14,#35,GW252/13600,(3)待机状态,3,2025-07-12 10:49:28,2025-07-12 10:50:48,80,0.02
2650,L14,#35,GW252/13600,(2)停机状态,2,2025-07-12 10:49:27,2025-07-12 10:49:28,1,0
2651,L14,#35,GW252/13600,(1)停机过程,1,2025-07-12 10:48:55,2025-07-12 10:49:27,32,0.01
2652,L14,#35,GW252/13600,(4)启机状态,4,2025-07-12 10:43:56,2025-07-12 10:48:55,299,0.08
2653,L14,#35,GW252/13600,(3)待机状态,3,2025-07-12 10:42:14,2025-07-12 10:43:56,102,0.03
2654,L14,#35,GW252/13600,(2)停机状态,2,2025-07-12 10:42:13,2025-07-12 10:42:14,1,0
2655,L14,#35,GW252/13600,(1)停机过程,1,2025-07-12 10:41:41,2025-07-12 10:42:13,32,0.01
2656,L14,#35,GW252/13600,(4)启机状态,4,2025-07-12 10:36:42,2025-07-12 10:41:41,299,0.08
2657,L14,#35,GW252/13600,(3)待机状态,3,2025-07-12 10:31:58,2025-07-12 10:36:42,284,0.08
2658,L14,#35,GW252/13600,(2)停机状态,2,2025-07-12 10:31:56,2025-07-12 10:31:58,2,0
2659,L14,#35,GW252/13600,(1)停机过程,1,2025-07-12 10:31:25,2025-07-12 10:31:56,31,0.01
2660,L14,#35,GW252/13600,(4)启机状态,4,2025-07-12 10:26:25,2025-07-12 10:31:25,300,0.08
2661,L14,#35,GW252/13600,(3)待机状态,3,2025-07-12 10:25:21,2025-07-12 10:26:25,64,0.02
2662,L14,#35,GW252/13600,(2)停机状态,2,2025-07-12 10:25:20,2025-07-12 10:25:21,1,0
2663,L14,#35,GW252/13600,(1)停机过程,1,2025-07-12 10:24:48,2025-07-12 10:25:20,32,0.01
2664,L14,#35,GW252/13600,(4)启机状态,4,2025-07-12 10:19:49,2025-07-12 10:24:48,299,0.08
2665,L14,#35,GW252/13600,(3)待机状态,3,2025-07-12 09:03:37,2025-07-12 10:19:49,4572,1.27
2666,L14,#35,GW252/13600,(2)停机状态,2,2025-07-12 09:03:31,2025-07-12 09:03:37,6,0
2667,L14,#35,GW252/13600,(1)停机过程,1,2025-07-12 09:02:59,2025-07-12 09:03:31,32,0.01
2668,L14,#35,GW252/13600,(4)启机状态,4,2025-07-12 08:57:58,2025-07-12 09:02:59,301,0.08
2669,L14,#35,GW252/13600,(3)待机状态,3,2025-07-12 08:56:15,2025-07-12 08:57:58,103,0.03
2670,L14,#35,GW252/13600,(2)停机状态,2,2025-07-12 08:56:13,2025-07-12 08:56:15,2,0
2671,L14,#35,GW252/13600,(1)停机过程,1,2025-07-12 08:56:03,2025-07-12 08:56:13,10,0
2672,L14,#35,GW252/13600,(9)维护状态,9,2025-07-12 08:54:54,2025-07-12 08:56:03,69,0.02
2673,L14,#35,GW252/13600,(2)停机状态,2,2025-07-12 08:33:08,2025-07-12 08:54:54,1306,0.36
2674,L14,#35,GW252/13600,(1)停机过程,1,2025-07-12 08:32:55,2025-07-12 08:33:08,13,0
2675,L14,#35,GW252/13600,(3)待机状态,3,2025-07-12 08:32:51,2025-07-12 08:32:55,4,0
2676,L14,#35,GW252/13600,(2)停机状态,2,2025-07-12 08:32:50,2025-07-12 08:32:51,1,0
2677,L14,#35,GW252/13600,(1)停机过程,1,2025-07-12 08:32:18,2025-07-12 08:32:50,32,0.01
2678,L14,#35,GW252/13600,(4)启机状态,4,2025-07-12 08:27:18,2025-07-12 08:32:18,300,0.08
2679,L14,#35,GW252/13600,(3)待机状态,3,2025-07-12 08:26:08,2025-07-12 08:27:18,70,0.02
2680,L14,#35,GW252/13600,(2)停机状态,2,2025-07-12 08:26:06,2025-07-12 08:26:08,2,0
2681,L14,#35,GW252/13600,(1)停机过程,1,2025-07-12 08:25:34,2025-07-12 08:26:06,32,0.01
2682,L14,#35,GW252/13600,(4)启机状态,4,2025-07-12 08:20:34,2025-07-12 08:25:34,300,0.08
2683,L14,#35,GW252/13600,(3)待机状态,3,2025-07-12 08:19:29,2025-07-12 08:20:34,65,0.02
2684,L14,#35,GW252/13600,(1)停机过程,1,2025-07-12 08:18:57,2025-07-12 08:19:29,32,0.01
2685,L14,#35,GW252/13600,(4)启机状态,4,2025-07-12 08:13:57,2025-07-12 08:18:57,300,0.08
2686,L14,#35,GW252/13600,(3)待机状态,3,2025-07-12 08:12:31,2025-07-12 08:13:57,86,0.02
2687,L14,#35,GW252/13600,(1)停机过程,1,2025-07-12 08:11:58,2025-07-12 08:12:31,33,0.01
2688,L14,#35,GW252/13600,(4)启机状态,4,2025-07-12 08:06:59,2025-07-12 08:11:58,299,0.08
2689,L14,#35,GW252/13600,(3)待机状态,3,2025-07-12 08:02:43,2025-07-12 08:06:59,256,0.07
2690,L14,#35,GW252/13600,(1)停机过程,1,2025-07-12 08:02:11,2025-07-12 08:02:43,32,0.01
2691,L14,#35,GW252/13600,(4)启机状态,4,2025-07-12 07:57:11,2025-07-12 08:02:11,300,0.08
2692,L14,#35,GW252/13600,(3)待机状态,3,2025-07-12 07:55:53,2025-07-12 07:57:11,78,0.02
2693,L14,#35,GW252/13600,(2)停机状态,2,2025-07-12 07:54:43,2025-07-12 07:55:53,70,0.02
2694,L14,#35,GW252/13600,(1)停机过程,1,2025-07-12 07:54:12,2025-07-12 07:54:43,31,0.01
2695,L14,#35,GW252/13600,(4)启机状态,4,2025-07-12 07:49:12,2025-07-12 07:54:12,300,0.08
2696,L14,#35,GW252/13600,(3)待机状态,3,2025-07-12 07:47:14,2025-07-12 07:49:12,118,0.03
2697,L14,#35,GW252/13600,(1)停机过程,1,2025-07-12 07:46:42,2025-07-12 07:47:14,32,0.01
2698,L14,#35,GW252/13600,(4)启机状态,4,2025-07-12 07:41:42,2025-07-12 07:46:42,300,0.08
2699,L14,#35,GW252/13600,(3)待机状态,3,2025-07-12 07:39:47,2025-07-12 07:41:42,115,0.03
2700,L14,#35,GW252/13600,(2)停机状态,2,2025-07-12 07:38:29,2025-07-12 07:39:47,78,0.02
2701,L14,#35,GW252/13600,(1)停机过程,1,2025-07-12 07:37:57,2025-07-12 07:38:29,32,0.01
2702,L14,#35,GW252/13600,(4)启机状态,4,2025-07-12 07:32:57,2025-07-12 07:37:57,300,0.08
2703,L14,#35,GW252/13600,(3)待机状态,3,2025-07-12 06:26:34,2025-07-12 07:32:57,3983,1.11
2704,L14,#35,GW252/13600,(2)停机状态,2,2025-07-12 06:20:56,2025-07-12 06:26:34,338,0.09
2705,L14,#35,GW252/13600,(1)停机过程,1,2025-07-12 06:20:25,2025-07-12 06:20:56,31,0.01
2706,L14,#35,GW252/13600,(4)启机状态,4,2025-07-12 06:15:25,2025-07-12 06:20:25,300,0.08
2707,L14,#35,GW252/13600,(3)待机状态,3,2025-07-12 06:08:02,2025-07-12 06:15:25,443,0.12
2708,L14,#35,GW252/13600,(2)停机状态,2,2025-07-12 06:02:26,2025-07-12 06:08:02,336,0.09
2709,L14,#35,GW252/13600,(1)停机过程,1,2025-07-12 06:01:53,2025-07-12 06:02:26,33,0.01
2710,L14,#35,GW252/13600,(4)启机状态,4,2025-07-12 05:56:53,2025-07-12 06:01:53,300,0.08
2711,L14,#35,GW252/13600,(3)待机状态,3,2025-07-12 05:49:04,2025-07-12 05:56:53,469,0.13
2712,L14,#35,GW252/13600,(2)停机状态,2,2025-07-12 05:49:03,2025-07-12 05:49:04,1,0
2713,L14,#35,GW252/13600,(1)停机过程,1,2025-07-12 05:48:31,2025-07-12 05:49:03,32,0.01
2714,L14,#35,GW252/13600,(4)启机状态,4,2025-07-12 05:43:31,2025-07-12 05:48:31,300,0.08
2715,L14,#35,GW252/13600,(3)待机状态,3,2025-07-12 05:42:20,2025-07-12 05:43:31,71,0.02
2716,L14,#35,GW252/13600,(2)停机状态,2,2025-07-12 05:42:18,2025-07-12 05:42:20,2,0
2717,L14,#35,GW252/13600,(1)停机过程,1,2025-07-12 05:41:47,2025-07-12 05:42:18,31,0.01
2718,L14,#35,GW252/13600,(4)启机状态,4,2025-07-12 05:36:46,2025-07-12 05:41:47,301,0.08
2719,L14,#35,GW252/13600,(3)待机状态,3,2025-07-12 05:32:30,2025-07-12 05:36:46,256,0.07
2720,L14,#35,GW252/13600,(1)停机过程,1,2025-07-12 05:31:58,2025-07-12 05:32:30,32,0.01
2721,L14,#35,GW252/13600,(4)启机状态,4,2025-07-12 05:26:58,2025-07-12 05:31:58,300,0.08
2722,L14,#35,GW252/13600,(3)待机状态,3,2025-07-12 05:04:30,2025-07-12 05:26:58,1348,0.37
2723,L14,#35,GW252/13600,(2)停机状态,2,2025-07-12 04:58:51,2025-07-12 05:04:30,339,0.09
2724,L14,#35,GW252/13600,(1)停机过程,1,2025-07-12 04:58:22,2025-07-12 04:58:51,29,0.01
2725,L14,#35,GW252/13600,(4)启机状态,4,2025-07-12 04:53:21,2025-07-12 04:58:22,301,0.08
2726,L14,#35,GW252/13600,(3)待机状态,3,2025-07-12 04:50:20,2025-07-12 04:53:21,181,0.05
2727,L14,#35,GW252/13600,(2)停机状态,2,2025-07-12 04:47:46,2025-07-12 04:50:20,154,0.04
2728,L14,#35,GW252/13600,(1)停机过程,1,2025-07-12 04:47:14,2025-07-12 04:47:46,32,0.01
2729,L14,#35,GW252/13600,(4)启机状态,4,2025-07-12 04:42:13,2025-07-12 04:47:14,301,0.08
2730,L14,#35,GW252/13600,(3)待机状态,3,2025-07-12 04:23:04,2025-07-12 04:42:13,1149,0.32
2731,L14,#35,GW252/13600,(1)停机过程,1,2025-07-12 04:22:31,2025-07-12 04:23:04,33,0.01
2732,L14,#35,GW252/13600,(4)启机状态,4,2025-07-12 04:17:32,2025-07-12 04:22:31,299,0.08
2733,L14,#35,GW252/13600,(3)待机状态,3,2025-07-12 04:15:55,2025-07-12 04:17:32,97,0.03
2734,L14,#35,GW252/13600,(2)停机状态,2,2025-07-12 04:10:18,2025-07-12 04:15:55,337,0.09
2735,L14,#35,GW252/13600,(1)停机过程,1,2025-07-12 04:09:46,2025-07-12 04:10:18,32,0.01
2736,L14,#35,GW252/13600,(4)启机状态,4,2025-07-12 04:04:46,2025-07-12 04:09:46,300,0.08
2737,L14,#35,GW252/13600,(3)待机状态,3,2025-07-12 04:00:58,2025-07-12 04:04:46,228,0.06
2738,L14,#35,GW252/13600,(2)停机状态,2,2025-07-12 04:00:12,2025-07-12 04:00:58,46,0.01
2739,L14,#35,GW252/13600,(1)停机过程,1,2025-07-12 03:59:39,2025-07-12 04:00:12,33,0.01
2740,L14,#35,GW252/13600,(3)待机状态,3,2025-07-12 03:22:35,2025-07-12 03:59:39,2224,0.62
2741,L14,#35,GW252/13600,(2)停机状态,2,2025-07-12 03:21:29,2025-07-12 03:22:35,66,0.02
2742,L14,#35,GW252/13600,(1)停机过程,1,2025-07-12 03:20:33,2025-07-12 03:21:29,56,0.02
2743,L14,#35,GW252/13600,(5)发电状态,5,2025-07-12 03:01:17,2025-07-12 03:20:33,1156,0.32
2744,L14,#35,GW252/13600,(4)启机状态,4,2025-07-12 03:00:13,2025-07-12 03:01:17,64,0.02
2745,L14,#35,GW252/13600,(3)待机状态,3,2025-07-12 02:51:42,2025-07-12 03:00:13,511,0.14
2746,L14,#35,GW252/13600,(2)停机状态,2,2025-07-12 02:51:41,2025-07-12 02:51:42,1,0
2747,L14,#35,GW252/13600,(1)停机过程,1,2025-07-12 02:51:09,2025-07-12 02:51:41,32,0.01
2748,L14,#35,GW252/13600,(3)待机状态,3,2025-07-12 02:28:21,2025-07-12 02:51:09,1368,0.38
2749,L14,#35,GW252/13600,(2)停机状态,2,2025-07-12 02:22:44,2025-07-12 02:28:21,337,0.09
2750,L14,#35,GW252/13600,(1)停机过程,1,2025-07-12 02:22:12,2025-07-12 02:22:44,32,0.01
2751,L14,#35,GW252/13600,(4)启机状态,4,2025-07-12 02:17:12,2025-07-12 02:22:12,300,0.08
2752,L14,#35,GW252/13600,(3)待机状态,3,2025-07-12 02:04:13,2025-07-12 02:17:12,779,0.22
2753,L14,#35,GW252/13600,(2)停机状态,2,2025-07-12 02:04:12,2025-07-12 02:04:13,1,0
2754,L14,#35,GW252/13600,(1)停机过程,1,2025-07-12 02:03:40,2025-07-12 02:04:12,32,0.01
2755,L14,#35,GW252/13600,(4)启机状态,4,2025-07-12 01:58:40,2025-07-12 02:03:40,300,0.08
2756,L14,#35,GW252/13600,(3)待机状态,3,2025-07-12 01:57:36,2025-07-12 01:58:40,64,0.02
2757,L14,#35,GW252/13600,(2)停机状态,2,2025-07-12 01:57:34,2025-07-12 01:57:36,2,0
2758,L14,#35,GW252/13600,(1)停机过程,1,2025-07-12 01:57:03,2025-07-12 01:57:34,31,0.01
2759,L14,#35,GW252/13600,(4)启机状态,4,2025-07-12 01:52:02,2025-07-12 01:57:03,301,0.08
2760,L14,#35,GW252/13600,(3)待机状态,3,2025-07-12 01:50:55,2025-07-12 01:52:02,67,0.02
2761,L14,#35,GW252/13600,(2)停机状态,2,2025-07-12 01:50:53,2025-07-12 01:50:55,2,0
2762,L14,#35,GW252/13600,(1)停机过程,1,2025-07-12 01:50:21,2025-07-12 01:50:53,32,0.01
2763,L14,#35,GW252/13600,(4)启机状态,4,2025-07-12 01:45:22,2025-07-12 01:50:21,299,0.08
2764,L14,#35,GW252/13600,(3)待机状态,3,2025-07-12 01:43:58,2025-07-12 01:45:22,84,0.02
2765,L14,#35,GW252/13600,(2)停机状态,2,2025-07-12 01:43:57,2025-07-12 01:43:58,1,0
2766,L14,#35,GW252/13600,(1)停机过程,1,2025-07-12 01:43:26,2025-07-12 01:43:57,31,0.01
2767,L14,#35,GW252/13600,(4)启机状态,4,2025-07-12 01:38:26,2025-07-12 01:43:26,300,0.08
2768,L14,#35,GW252/13600,(3)待机状态,3,2025-07-12 01:35:47,2025-07-12 01:38:26,159,0.04
2769,L14,#35,GW252/13600,(2)停机状态,2,2025-07-12 01:35:46,2025-07-12 01:35:47,1,0
2770,L14,#35,GW252/13600,(1)停机过程,1,2025-07-12 01:35:13,2025-07-12 01:35:46,33,0.01
2771,L14,#35,GW252/13600,(4)启机状态,4,2025-07-12 01:30:13,2025-07-12 01:35:13,300,0.08
2772,L14,#35,GW252/13600,(3)待机状态,3,2025-07-12 01:28:48,2025-07-12 01:30:13,85,0.02
2773,L14,#35,GW252/13600,(1)停机过程,1,2025-07-12 01:28:16,2025-07-12 01:28:48,32,0.01
2774,L14,#35,GW252/13600,(4)启机状态,4,2025-07-12 01:23:16,2025-07-12 01:28:16,300,0.08
2775,L14,#35,GW252/13600,(3)待机状态,3,2025-07-12 01:22:12,2025-07-12 01:23:16,64,0.02
2776,L14,#35,GW252/13600,(1)停机过程,1,2025-07-12 01:21:40,2025-07-12 01:22:12,32,0.01
2777,L14,#35,GW252/13600,(4)启机状态,4,2025-07-12 01:16:40,2025-07-12 01:21:40,300,0.08
2778,L14,#35,GW252/13600,(3)待机状态,3,2025-07-12 01:15:22,2025-07-12 01:16:40,78,0.02
2779,L14,#35,GW252/13600,(1)停机过程,1,2025-07-12 01:14:50,2025-07-12 01:15:22,32,0.01
2780,L14,#35,GW252/13600,(4)启机状态,4,2025-07-12 01:09:50,2025-07-12 01:14:50,300,0.08
2781,L14,#35,GW252/13600,(3)待机状态,3,2025-07-12 01:08:54,2025-07-12 01:09:50,56,0.02
2782,L14,#35,GW252/13600,(2)停机状态,2,2025-07-12 01:08:52,2025-07-12 01:08:54,2,0
2783,L14,#35,GW252/13600,(1)停机过程,1,2025-07-12 01:08:21,2025-07-12 01:08:52,31,0.01
2784,L14,#35,GW252/13600,(4)启机状态,4,2025-07-12 01:03:21,2025-07-12 01:08:21,300,0.08
2785,L14,#35,GW252/13600,(3)待机状态,3,2025-07-12 01:01:57,2025-07-12 01:03:21,84,0.02
2786,L14,#35,GW252/13600,(2)停机状态,2,2025-07-12 01:01:55,2025-07-12 01:01:57,2,0
2787,L14,#35,GW252/13600,(1)停机过程,1,2025-07-12 01:01:22,2025-07-12 01:01:55,33,0.01
2788,L14,#35,GW252/13600,(4)启机状态,4,2025-07-12 00:56:22,2025-07-12 01:01:22,300,0.08
2789,L14,#35,GW252/13600,(3)待机状态,3,2025-07-12 00:55:17,2025-07-12 00:56:22,65,0.02
2790,L14,#35,GW252/13600,(2)停机状态,2,2025-07-12 00:55:14,2025-07-12 00:55:17,3,0
2791,L14,#35,GW252/13600,(1)停机过程,1,2025-07-12 00:54:45,2025-07-12 00:55:14,29,0.01
2792,L14,#35,GW252/13600,(4)启机状态,4,2025-07-12 00:49:45,2025-07-12 00:54:45,300,0.08
2793,L14,#35,GW252/13600,(3)待机状态,3,2025-07-12 00:43:10,2025-07-12 00:49:45,395,0.11
2794,L14,#35,GW252/13600,(2)停机状态,2,2025-07-12 00:37:35,2025-07-12 00:43:10,335,0.09
2795,L14,#35,GW252/13600,(1)停机过程,1,2025-07-12 00:36:38,2025-07-12 00:37:35,57,0.02
2796,L14,#35,GW252/13600,(5)发电状态,5,2025-07-12 00:15:24,2025-07-12 00:36:38,1274,0.35
2797,L14,#35,GW252/13600,(4)启机状态,4,2025-07-12 00:13:08,2025-07-12 00:15:24,136,0.04
2798,L14,#35,GW252/13600,(3)待机状态,3,2025-07-12 00:12:03,2025-07-12 00:13:08,65,0.02
2799,L14,#35,GW252/13600,(2)停机状态,2,2025-07-12 00:12:01,2025-07-12 00:12:03,2,0
2800,L14,#35,GW252/13600,(1)停机过程,1,2025-07-12 00:11:28,2025-07-12 00:12:01,33,0.01
2801,L14,#35,GW252/13600,(4)启机状态,4,2025-07-12 00:06:28,2025-07-12 00:11:28,300,0.08
2802,L14,#35,GW252/13600,(3)待机状态,3,2025-07-12 00:05:24,2025-07-12 00:06:28,64,0.02
2803,L14,#35,GW252/13600,(2)停机状态,2,2025-07-12 00:05:23,2025-07-12 00:05:24,1,0
2804,L14,#35,GW252/13600,(1)停机过程,1,2025-07-12 00:04:52,2025-07-12 00:05:23,31,0.01
2805,L14,#35,GW252/13600,(4)启机状态,4,2025-07-11 23:59:51,2025-07-12 00:04:52,301,0.08
2806,L14,#35,GW252/13600,(3)待机状态,3,2025-07-11 23:55:24,2025-07-11 23:59:51,267,0.07
2807,L14,#35,GW252/13600,(2)停机状态,2,2025-07-11 23:54:35,2025-07-11 23:55:24,49,0.01
2808,L14,#35,GW252/13600,(1)停机过程,1,2025-07-11 23:54:05,2025-07-11 23:54:35,30,0.01
2809,L14,#35,GW252/13600,(4)启机状态,4,2025-07-11 23:49:05,2025-07-11 23:54:05,300,0.08
2810,L14,#35,GW252/13600,(3)待机状态,3,2025-07-11 23:36:50,2025-07-11 23:49:05,735,0.2
2811,L14,#35,GW252/13600,(2)停机状态,2,2025-07-11 23:36:49,2025-07-11 23:36:50,1,0
2812,L14,#35,GW252/13600,(1)停机过程,1,2025-07-11 23:36:18,2025-07-11 23:36:49,31,0.01
2813,L14,#35,GW252/13600,(4)启机状态,4,2025-07-11 23:31:18,2025-07-11 23:36:18,300,0.08
2814,L14,#35,GW252/13600,(3)待机状态,3,2025-07-11 23:28:36,2025-07-11 23:31:18,162,0.05
2815,L14,#35,GW252/13600,(2)停机状态,2,2025-07-11 23:28:35,2025-07-11 23:28:36,1,0
2816,L14,#35,GW252/13600,(1)停机过程,1,2025-07-11 23:28:02,2025-07-11 23:28:35,33,0.01
2817,L14,#35,GW252/13600,(4)启机状态,4,2025-07-11 23:23:02,2025-07-11 23:28:02,300,0.08
2818,L14,#35,GW252/13600,(3)待机状态,3,2025-07-11 23:21:35,2025-07-11 23:23:02,87,0.02
2819,L14,#35,GW252/13600,(2)停机状态,2,2025-07-11 23:21:33,2025-07-11 23:21:35,2,0
2820,L14,#35,GW252/13600,(1)停机过程,1,2025-07-11 23:21:00,2025-07-11 23:21:33,33,0.01
2821,L14,#35,GW252/13600,(4)启机状态,4,2025-07-11 23:16:00,2025-07-11 23:21:00,300,0.08
2822,L14,#35,GW252/13600,(3)待机状态,3,2025-07-11 23:14:48,2025-07-11 23:16:00,72,0.02
2823,L14,#35,GW252/13600,(2)停机状态,2,2025-07-11 23:14:47,2025-07-11 23:14:48,1,0
2824,L14,#35,GW252/13600,(1)停机过程,1,2025-07-11 23:14:16,2025-07-11 23:14:47,31,0.01
2825,L14,#35,GW252/13600,(4)启机状态,4,2025-07-11 23:09:16,2025-07-11 23:14:16,300,0.08
2826,L14,#35,GW252/13600,(3)待机状态,3,2025-07-11 23:07:20,2025-07-11 23:09:16,116,0.03
2827,L14,#35,GW252/13600,(2)停机状态,2,2025-07-11 23:07:19,2025-07-11 23:07:20,1,0
2828,L14,#35,GW252/13600,(1)停机过程,1,2025-07-11 23:06:47,2025-07-11 23:07:19,32,0.01
2829,L14,#35,GW252/13600,(4)启机状态,4,2025-07-11 23:01:47,2025-07-11 23:06:47,300,0.08
2830,L14,#35,GW252/13600,(3)待机状态,3,2025-07-11 23:00:52,2025-07-11 23:01:47,55,0.02
2831,L14,#35,GW252/13600,(2)停机状态,2,2025-07-11 23:00:50,2025-07-11 23:00:52,2,0
2832,L14,#35,GW252/13600,(1)停机过程,1,2025-07-11 23:00:17,2025-07-11 23:00:50,33,0.01
2833,L14,#35,GW252/13600,(4)启机状态,4,2025-07-11 22:55:17,2025-07-11 23:00:17,300,0.08
2834,L14,#35,GW252/13600,(3)待机状态,3,2025-07-11 22:52:34,2025-07-11 22:55:17,163,0.05
2835,L14,#35,GW252/13600,(2)停机状态,2,2025-07-11 22:51:30,2025-07-11 22:52:34,64,0.02
2836,L14,#35,GW252/13600,(1)停机过程,1,2025-07-11 22:50:58,2025-07-11 22:51:30,32,0.01
2837,L14,#35,GW252/13600,(4)启机状态,4,2025-07-11 22:45:58,2025-07-11 22:50:58,300,0.08
2838,L14,#35,GW252/13600,(3)待机状态,3,2025-07-11 22:38:20,2025-07-11 22:45:58,458,0.13
2839,L14,#35,GW252/13600,(2)停机状态,2,2025-07-11 22:38:18,2025-07-11 22:38:20,2,0
2840,L14,#35,GW252/13600,(1)停机过程,1,2025-07-11 22:37:22,2025-07-11 22:38:18,56,0.02
2841,L14,#35,GW252/13600,(4)启机状态,4,2025-07-11 22:32:22,2025-07-11 22:37:22,300,0.08
2842,L14,#35,GW252/13600,(3)待机状态,3,2025-07-11 22:31:22,2025-07-11 22:32:22,60,0.02
2843,L14,#35,GW252/13600,(1)停机过程,1,2025-07-11 22:30:27,2025-07-11 22:31:22,55,0.02
2844,L14,#35,GW252/13600,(5)发电状态,5,2025-07-11 21:51:03,2025-07-11 22:30:27,2364,0.66
2845,L14,#35,GW252/13600,(4)启机状态,4,2025-07-11 21:50:09,2025-07-11 21:51:03,54,0.02
2846,L14,#35,GW252/13600,(3)待机状态,3,2025-07-11 21:49:24,2025-07-11 21:50:09,45,0.01
2847,L14,#35,GW252/13600,(2)停机状态,2,2025-07-11 21:49:23,2025-07-11 21:49:24,1,0
2848,L14,#35,GW252/13600,(1)停机过程,1,2025-07-11 21:48:48,2025-07-11 21:49:23,35,0.01
2849,L14,#35,GW252/13600,(4)启机状态,4,2025-07-11 21:43:48,2025-07-11 21:48:48,300,0.08
2850,L14,#35,GW252/13600,(3)待机状态,3,2025-07-11 21:35:24,2025-07-11 21:43:48,504,0.14
2851,L14,#35,GW252/13600,(2)停机状态,2,2025-07-11 21:35:23,2025-07-11 21:35:24,1,0
2852,L14,#35,GW252/13600,(1)停机过程,1,2025-07-11 21:34:52,2025-07-11 21:35:23,31,0.01
2853,L14,#35,GW252/13600,(4)启机状态,4,2025-07-11 21:29:52,2025-07-11 21:34:52,300,0.08
2854,L14,#35,GW252/13600,(3)待机状态,3,2025-07-11 21:28:21,2025-07-11 21:29:52,91,0.03
2855,L14,#35,GW252/13600,(2)停机状态,2,2025-07-11 21:28:20,2025-07-11 21:28:21,1,0
2856,L14,#35,GW252/13600,(1)停机过程,1,2025-07-11 21:27:49,2025-07-11 21:28:20,31,0.01
2857,L14,#35,GW252/13600,(4)启机状态,4,2025-07-11 21:22:49,2025-07-11 21:27:49,300,0.08
2858,L14,#35,GW252/13600,(3)待机状态,3,2025-07-11 21:20:53,2025-07-11 21:22:49,116,0.03
2859,L14,#35,GW252/13600,(2)停机状态,2,2025-07-11 21:20:51,2025-07-11 21:20:53,2,0
2860,L14,#35,GW252/13600,(1)停机过程,1,2025-07-11 21:20:20,2025-07-11 21:20:51,31,0.01
2861,L14,#35,GW252/13600,(4)启机状态,4,2025-07-11 21:15:20,2025-07-11 21:20:20,300,0.08
2862,L14,#35,GW252/13600,(3)待机状态,3,2025-07-11 21:14:17,2025-07-11 21:15:20,63,0.02
2863,L14,#35,GW252/13600,(2)停机状态,2,2025-07-11 21:14:15,2025-07-11 21:14:17,2,0
2864,L14,#35,GW252/13600,(1)停机过程,1,2025-07-11 21:13:44,2025-07-11 21:14:15,31,0.01
2865,L14,#35,GW252/13600,(4)启机状态,4,2025-07-11 21:08:43,2025-07-11 21:13:44,301,0.08
2866,L14,#35,GW252/13600,(3)待机状态,3,2025-07-11 21:07:43,2025-07-11 21:08:43,60,0.02
2867,L14,#35,GW252/13600,(2)停机状态,2,2025-07-11 21:07:41,2025-07-11 21:07:43,2,0
2868,L14,#35,GW252/13600,(1)停机过程,1,2025-07-11 21:07:10,2025-07-11 21:07:41,31,0.01
2869,L14,#35,GW252/13600,(4)启机状态,4,2025-07-11 21:02:10,2025-07-11 21:07:10,300,0.08
2870,L14,#35,GW252/13600,(3)待机状态,3,2025-07-11 20:31:53,2025-07-11 21:02:10,1817,0.5
2871,L14,#35,GW252/13600,(2)停机状态,2,2025-07-11 20:30:09,2025-07-11 20:31:53,104,0.03
2872,L14,#35,GW252/13600,(1)停机过程,1,2025-07-11 20:29:37,2025-07-11 20:30:09,32,0.01
2873,L14,#35,GW252/13600,(4)启机状态,4,2025-07-11 20:24:37,2025-07-11 20:29:37,300,0.08
2874,L14,#35,GW252/13600,(3)待机状态,3,2025-07-11 19:16:03,2025-07-11 20:24:37,4114,1.14
2875,L14,#35,GW252/13600,(2)停机状态,2,2025-07-11 19:15:23,2025-07-11 19:16:03,40,0.01
2876,L14,#35,GW252/13600,(1)停机过程,1,2025-07-11 19:14:50,2025-07-11 19:15:23,33,0.01
2877,L14,#35,GW252/13600,(4)启机状态,4,2025-07-11 19:09:50,2025-07-11 19:14:50,300,0.08
2878,L14,#35,GW252/13600,(3)待机状态,3,2025-07-11 18:54:40,2025-07-11 19:09:50,910,0.25
2879,L14,#35,GW252/13600,(2)停机状态,2,2025-07-11 18:54:38,2025-07-11 18:54:40,2,0
2880,L14,#35,GW252/13600,(1)停机过程,1,2025-07-11 18:54:05,2025-07-11 18:54:38,33,0.01
2881,L14,#35,GW252/13600,(4)启机状态,4,2025-07-11 18:49:05,2025-07-11 18:54:05,300,0.08
2882,L14,#35,GW252/13600,(3)待机状态,3,2025-07-11 18:47:27,2025-07-11 18:49:05,98,0.03
2883,L14,#35,GW252/13600,(2)停机状态,2,2025-07-11 18:47:25,2025-07-11 18:47:27,2,0
2884,L14,#35,GW252/13600,(1)停机过程,1,2025-07-11 18:46:53,2025-07-11 18:47:25,32,0.01
2885,L14,#35,GW252/13600,(4)启机状态,4,2025-07-11 18:41:53,2025-07-11 18:46:53,300,0.08
2886,L14,#35,GW252/13600,(3)待机状态,3,2025-07-11 18:40:38,2025-07-11 18:41:53,75,0.02
2887,L14,#35,GW252/13600,(2)停机状态,2,2025-07-11 18:40:37,2025-07-11 18:40:38,1,0
2888,L14,#35,GW252/13600,(1)停机过程,1,2025-07-11 18:40:04,2025-07-11 18:40:37,33,0.01
2889,L14,#35,GW252/13600,(4)启机状态,4,2025-07-11 18:35:06,2025-07-11 18:40:04,298,0.08
2890,L14,#35,GW252/13600,(3)待机状态,3,2025-07-11 18:33:31,2025-07-11 18:35:06,95,0.03
2891,L14,#35,GW252/13600,(2)停机状态,2,2025-07-11 18:33:30,2025-07-11 18:33:31,1,0
2892,L14,#35,GW252/13600,(1)停机过程,1,2025-07-11 18:33:00,2025-07-11 18:33:30,30,0.01
2893,L14,#35,GW252/13600,(4)启机状态,4,2025-07-11 18:27:59,2025-07-11 18:33:00,301,0.08
2894,L14,#35,GW252/13600,(3)待机状态,3,2025-07-11 18:25:57,2025-07-11 18:27:59,122,0.03
2895,L14,#35,GW252/13600,(2)停机状态,2,2025-07-11 18:25:56,2025-07-11 18:25:57,1,0
2896,L14,#35,GW252/13600,(1)停机过程,1,2025-07-11 18:25:25,2025-07-11 18:25:56,31,0.01
2897,L14,#35,GW252/13600,(4)启机状态,4,2025-07-11 18:20:23,2025-07-11 18:25:25,302,0.08
2898,L14,#35,GW252/13600,(3)待机状态,3,2025-07-11 18:19:06,2025-07-11 18:20:23,77,0.02
2899,L14,#35,GW252/13600,(1)停机过程,1,2025-07-11 18:18:35,2025-07-11 18:19:06,31,0.01
2900,L14,#35,GW252/13600,(4)启机状态,4,2025-07-11 18:13:35,2025-07-11 18:18:35,300,0.08
2901,L14,#35,GW252/13600,(3)待机状态,3,2025-07-11 18:12:20,2025-07-11 18:13:35,75,0.02
2902,L14,#35,GW252/13600,(1)停机过程,1,2025-07-11 18:11:47,2025-07-11 18:12:20,33,0.01
2903,L14,#35,GW252/13600,(4)启机状态,4,2025-07-11 18:06:47,2025-07-11 18:11:47,300,0.08
2904,L14,#35,GW252/13600,(3)待机状态,3,2025-07-11 17:53:55,2025-07-11 18:06:47,772,0.21
2905,L14,#35,GW252/13600,(2)停机状态,2,2025-07-11 17:53:47,2025-07-11 17:53:55,8,0
2906,L14,#35,GW252/13600,(1)停机过程,1,2025-07-11 17:53:16,2025-07-11 17:53:47,31,0.01
2907,L14,#35,GW252/13600,(4)启机状态,4,2025-07-11 17:48:16,2025-07-11 17:53:16,300,0.08
2908,L14,#35,GW252/13600,(3)待机状态,3,2025-07-11 17:45:40,2025-07-11 17:48:16,156,0.04
2909,L14,#35,GW252/13600,(2)停机状态,2,2025-07-11 17:45:38,2025-07-11 17:45:40,2,0
2910,L14,#35,GW252/13600,(1)停机过程,1,2025-07-11 17:45:05,2025-07-11 17:45:38,33,0.01
2911,L14,#35,GW252/13600,(4)启机状态,4,2025-07-11 17:40:05,2025-07-11 17:45:05,300,0.08
2912,L14,#35,GW252/13600,(3)待机状态,3,2025-07-11 17:38:16,2025-07-11 17:40:05,109,0.03
2913,L14,#35,GW252/13600,(1)停机过程,1,2025-07-11 17:37:43,2025-07-11 17:38:16,33,0.01
2914,L14,#35,GW252/13600,(4)启机状态,4,2025-07-11 17:32:44,2025-07-11 17:37:43,299,0.08
2915,L14,#35,GW252/13600,(3)待机状态,3,2025-07-11 17:31:16,2025-07-11 17:32:44,88,0.02
2916,L14,#35,GW252/13600,(2)停机状态,2,2025-07-11 17:31:15,2025-07-11 17:31:16,1,0
2917,L14,#35,GW252/13600,(1)停机过程,1,2025-07-11 17:30:42,2025-07-11 17:31:15,33,0.01
2918,L14,#35,GW252/13600,(4)启机状态,4,2025-07-11 17:25:42,2025-07-11 17:30:42,300,0.08
2919,L14,#35,GW252/13600,(3)待机状态,3,2025-07-11 17:15:09,2025-07-11 17:25:42,633,0.18
2920,L14,#35,GW252/13600,(2)停机状态,2,2025-07-11 17:15:08,2025-07-11 17:15:09,1,0
2921,L14,#35,GW252/13600,(1)停机过程,1,2025-07-11 17:14:37,2025-07-11 17:15:08,31,0.01
2922,L14,#35,GW252/13600,(4)启机状态,4,2025-07-11 17:09:35,2025-07-11 17:14:37,302,0.08
2923,L14,#35,GW252/13600,(3)待机状态,3,2025-07-11 17:08:04,2025-07-11 17:09:35,91,0.03
2924,L14,#35,GW252/13600,(2)停机状态,2,2025-07-11 17:08:02,2025-07-11 17:08:04,2,0
2925,L14,#35,GW252/13600,(1)停机过程,1,2025-07-11 17:07:30,2025-07-11 17:08:02,32,0.01
2926,L14,#35,GW252/13600,(4)启机状态,4,2025-07-11 17:02:30,2025-07-11 17:07:30,300,0.08
2927,L14,#35,GW252/13600,(3)待机状态,3,2025-07-11 11:27:18,2025-07-11 17:02:30,20112,5.59
2928,L14,#35,GW252/13600,(2)停机状态,2,2025-07-11 11:25:58,2025-07-11 11:27:18,80,0.02
2929,L14,#35,GW252/13600,(1)停机过程,1,2025-07-11 11:25:27,2025-07-11 11:25:58,31,0.01
2930,L14,#35,GW252/13600,(4)启机状态,4,2025-07-11 11:20:27,2025-07-11 11:25:27,300,0.08
2931,L14,#35,GW252/13600,(3)待机状态,3,2025-07-11 11:06:16,2025-07-11 11:20:27,851,0.24
2932,L14,#35,GW252/13600,(2)停机状态,2,2025-07-11 11:03:53,2025-07-11 11:06:16,143,0.04
2933,L14,#35,GW252/13600,(1)停机过程,1,2025-07-11 11:03:21,2025-07-11 11:03:53,32,0.01
2934,L14,#35,GW252/13600,(4)启机状态,4,2025-07-11 10:58:20,2025-07-11 11:03:21,301,0.08
2935,L14,#35,GW252/13600,(3)待机状态,3,2025-07-11 05:46:56,2025-07-11 10:58:20,18684,5.19
2936,L14,#35,GW252/13600,(2)停机状态,2,2025-07-11 05:45:59,2025-07-11 05:46:56,57,0.02
2937,L14,#35,GW252/13600,(1)停机过程,1,2025-07-11 05:45:03,2025-07-11 05:45:59,56,0.02
2938,L14,#35,GW252/13600,(5)发电状态,5,2025-07-11 04:48:07,2025-07-11 05:45:03,3416,0.95
2939,L14,#35,GW252/13600,(4)启机状态,4,2025-07-11 04:44:44,2025-07-11 04:48:07,203,0.06
2940,L14,#35,GW252/13600,(3)待机状态,3,2025-07-11 04:43:42,2025-07-11 04:44:44,62,0.02
2941,L14,#35,GW252/13600,(1)停机过程,1,2025-07-11 04:43:10,2025-07-11 04:43:42,32,0.01
2942,L14,#35,GW252/13600,(4)启机状态,4,2025-07-11 04:38:10,2025-07-11 04:43:10,300,0.08
2943,L14,#35,GW252/13600,(3)待机状态,3,2025-07-11 04:37:03,2025-07-11 04:38:10,67,0.02
2944,L14,#35,GW252/13600,(2)停机状态,2,2025-07-11 04:37:01,2025-07-11 04:37:03,2,0
2945,L14,#35,GW252/13600,(1)停机过程,1,2025-07-11 04:36:29,2025-07-11 04:37:01,32,0.01
2946,L14,#35,GW252/13600,(4)启机状态,4,2025-07-11 04:31:30,2025-07-11 04:36:29,299,0.08
2947,L14,#35,GW252/13600,(3)待机状态,3,2025-07-11 04:28:22,2025-07-11 04:31:30,188,0.05
2948,L14,#35,GW252/13600,(1)停机过程,1,2025-07-11 04:27:49,2025-07-11 04:28:22,33,0.01
2949,L14,#35,GW252/13600,(4)启机状态,4,2025-07-11 04:22:50,2025-07-11 04:27:49,299,0.08
2950,L14,#35,GW252/13600,(3)待机状态,3,2025-07-11 04:21:52,2025-07-11 04:22:50,58,0.02
2951,L14,#35,GW252/13600,(2)停机状态,2,2025-07-11 04:21:51,2025-07-11 04:21:52,1,0
2952,L14,#35,GW252/13600,(1)停机过程,1,2025-07-11 04:21:18,2025-07-11 04:21:51,33,0.01
2953,L14,#35,GW252/13600,(4)启机状态,4,2025-07-11 04:16:18,2025-07-11 04:21:18,300,0.08
2954,L14,#35,GW252/13600,(3)待机状态,3,2025-07-11 04:15:16,2025-07-11 04:16:18,62,0.02
2955,L14,#35,GW252/13600,(2)停机状态,2,2025-07-11 04:15:14,2025-07-11 04:15:16,2,0
2956,L14,#35,GW252/13600,(1)停机过程,1,2025-07-11 04:14:43,2025-07-11 04:15:14,31,0.01
2957,L14,#35,GW252/13600,(4)启机状态,4,2025-07-11 04:09:43,2025-07-11 04:14:43,300,0.08
2958,L14,#35,GW252/13600,(3)待机状态,3,2025-07-11 04:07:09,2025-07-11 04:09:43,154,0.04
2959,L14,#35,GW252/13600,(2)停机状态,2,2025-07-11 04:07:08,2025-07-11 04:07:09,1,0
2960,L14,#35,GW252/13600,(1)停机过程,1,2025-07-11 04:06:37,2025-07-11 04:07:08,31,0.01
2961,L14,#35,GW252/13600,(4)启机状态,4,2025-07-11 04:01:37,2025-07-11 04:06:37,300,0.08
2962,L14,#35,GW252/13600,(3)待机状态,3,2025-07-11 03:58:26,2025-07-11 04:01:37,191,0.05
2963,L14,#35,GW252/13600,(2)停机状态,2,2025-07-11 03:58:24,2025-07-11 03:58:26,2,0
2964,L14,#35,GW252/13600,(1)停机过程,1,2025-07-11 03:57:52,2025-07-11 03:58:24,32,0.01
2965,L14,#35,GW252/13600,(4)启机状态,4,2025-07-11 03:52:53,2025-07-11 03:57:52,299,0.08
2966,L14,#35,GW252/13600,(3)待机状态,3,2025-07-11 03:48:10,2025-07-11 03:52:53,283,0.08
2967,L14,#35,GW252/13600,(2)停机状态,2,2025-07-11 03:47:26,2025-07-11 03:48:10,44,0.01
2968,L14,#35,GW252/13600,(1)停机过程,1,2025-07-11 03:46:56,2025-07-11 03:47:26,30,0.01
2969,L14,#35,GW252/13600,(4)启机状态,4,2025-07-11 03:41:56,2025-07-11 03:46:56,300,0.08
2970,L14,#35,GW252/13600,(3)待机状态,3,2025-07-11 03:40:03,2025-07-11 03:41:56,113,0.03
2971,L14,#35,GW252/13600,(2)停机状态,2,2025-07-11 03:40:01,2025-07-11 03:40:03,2,0
2972,L14,#35,GW252/13600,(1)停机过程,1,2025-07-11 03:39:30,2025-07-11 03:40:01,31,0.01
2973,L14,#35,GW252/13600,(4)启机状态,4,2025-07-11 03:34:30,2025-07-11 03:39:30,300,0.08
2974,L14,#35,GW252/13600,(3)待机状态,3,2025-07-11 03:33:09,2025-07-11 03:34:30,81,0.02
2975,L14,#35,GW252/13600,(2)停机状态,2,2025-07-11 03:33:07,2025-07-11 03:33:09,2,0
2976,L14,#35,GW252/13600,(1)停机过程,1,2025-07-11 03:32:35,2025-07-11 03:33:07,32,0.01
2977,L14,#35,GW252/13600,(4)启机状态,4,2025-07-11 03:27:36,2025-07-11 03:32:35,299,0.08
2978,L14,#35,GW252/13600,(3)待机状态,3,2025-07-11 03:25:48,2025-07-11 03:27:36,108,0.03
2979,L14,#35,GW252/13600,(2)停机状态,2,2025-07-11 03:25:46,2025-07-11 03:25:48,2,0
2980,L14,#35,GW252/13600,(1)停机过程,1,2025-07-11 03:25:15,2025-07-11 03:25:46,31,0.01
2981,L14,#35,GW252/13600,(4)启机状态,4,2025-07-11 03:20:16,2025-07-11 03:25:15,299,0.08
2982,L14,#35,GW252/13600,(3)待机状态,3,2025-07-11 03:19:02,2025-07-11 03:20:16,74,0.02
2983,L14,#35,GW252/13600,(2)停机状态,2,2025-07-11 03:19:00,2025-07-11 03:19:02,2,0
2984,L14,#35,GW252/13600,(1)停机过程,1,2025-07-11 03:18:28,2025-07-11 03:19:00,32,0.01
2985,L14,#35,GW252/13600,(4)启机状态,4,2025-07-11 03:13:28,2025-07-11 03:18:28,300,0.08
2986,L14,#35,GW252/13600,(3)待机状态,3,2025-07-11 03:09:35,2025-07-11 03:13:28,233,0.06
2987,L14,#35,GW252/13600,(2)停机状态,2,2025-07-11 03:09:34,2025-07-11 03:09:35,1,0
2988,L14,#35,GW252/13600,(1)停机过程,1,2025-07-11 03:09:04,2025-07-11 03:09:34,30,0.01
2989,L14,#35,GW252/13600,(4)启机状态,4,2025-07-11 03:04:03,2025-07-11 03:09:04,301,0.08
2990,L14,#35,GW252/13600,(3)待机状态,3,2025-07-11 02:18:48,2025-07-11 03:04:03,2715,0.75
2991,L14,#35,GW252/13600,(2)停机状态,2,2025-07-11 02:18:21,2025-07-11 02:18:48,27,0.01
2992,L14,#35,GW252/13600,(1)停机过程,1,2025-07-11 02:17:25,2025-07-11 02:18:21,56,0.02
2993,L14,#35,GW252/13600,(5)发电状态,5,2025-07-11 00:50:42,2025-07-11 02:17:25,5203,1.45
2994,L14,#35,GW252/13600,(4)启机状态,4,2025-07-11 00:47:21,2025-07-11 00:50:42,201,0.06
2995,L14,#35,GW252/13600,(3)待机状态,3,2025-07-11 00:46:14,2025-07-11 00:47:21,67,0.02
2996,L14,#35,GW252/13600,(2)停机状态,2,2025-07-11 00:46:12,2025-07-11 00:46:14,2,0
2997,L14,#35,GW252/13600,(1)停机过程,1,2025-07-11 00:45:40,2025-07-11 00:46:12,32,0.01
2998,L14,#35,GW252/13600,(4)启机状态,4,2025-07-11 00:40:40,2025-07-11 00:45:40,300,0.08
2999,L14,#35,GW252/13600,(3)待机状态,3,2025-07-11 00:12:40,2025-07-11 00:40:40,1680,0.47
3000,L14,#35,GW252/13600,(2)停机状态,2,2025-07-11 00:12:38,2025-07-11 00:12:40,2,0
3001,L14,#35,GW252/13600,(1)停机过程,1,2025-07-11 00:12:06,2025-07-11 00:12:38,32,0.01
3002,L14,#35,GW252/13600,(4)启机状态,4,2025-07-11 00:07:06,2025-07-11 00:12:06,300,0.08
3003,L14,#35,GW252/13600,(3)待机状态,3,2025-07-10 23:51:31,2025-07-11 00:07:06,935,0.26
3004,L14,#35,GW252/13600,(2)停机状态,2,2025-07-10 23:47:52,2025-07-10 23:51:31,219,0.06
3005,L14,#35,GW252/13600,(1)停机过程,1,2025-07-10 23:46:55,2025-07-10 23:47:52,57,0.02
3006,L14,#35,GW252/13600,(5)发电状态,5,2025-07-10 23:32:08,2025-07-10 23:46:55,887,0.25
3007,L14,#35,GW252/13600,(4)启机状态,4,2025-07-10 23:30:28,2025-07-10 23:32:08,100,0.03
3008,L14,#35,GW252/13600,(3)待机状态,3,2025-07-10 23:29:36,2025-07-10 23:30:28,52,0.01
3009,L14,#35,GW252/13600,(2)停机状态,2,2025-07-10 23:29:35,2025-07-10 23:29:36,1,0
3010,L14,#35,GW252/13600,(1)停机过程,1,2025-07-10 23:29:04,2025-07-10 23:29:35,31,0.01
3011,L14,#35,GW252/13600,(4)启机状态,4,2025-07-10 23:24:03,2025-07-10 23:29:04,301,0.08
3012,L14,#35,GW252/13600,(3)待机状态,3,2025-07-10 23:14:57,2025-07-10 23:24:03,546,0.15
3013,L14,#35,GW252/13600,(2)停机状态,2,2025-07-10 23:09:20,2025-07-10 23:14:57,337,0.09
3014,L14,#35,GW252/13600,(1)停机过程,1,2025-07-10 23:08:24,2025-07-10 23:09:20,56,0.02
3015,L14,#35,GW252/13600,(5)发电状态,5,2025-07-10 22:46:22,2025-07-10 23:08:24,1322,0.37
3016,L14,#35,GW252/13600,(4)启机状态,4,2025-07-10 22:44:31,2025-07-10 22:46:22,111,0.03
3017,L14,#35,GW252/13600,(3)待机状态,3,2025-07-10 22:43:36,2025-07-10 22:44:31,55,0.02
3018,L14,#35,GW252/13600,(1)停机过程,1,2025-07-10 22:43:03,2025-07-10 22:43:36,33,0.01
3019,L14,#35,GW252/13600,(4)启机状态,4,2025-07-10 22:38:03,2025-07-10 22:43:03,300,0.08
3020,L14,#35,GW252/13600,(3)待机状态,3,2025-07-10 22:36:10,2025-07-10 22:38:03,113,0.03
3021,L14,#35,GW252/13600,(2)停机状态,2,2025-07-10 22:34:36,2025-07-10 22:36:10,94,0.03
3022,L14,#35,GW252/13600,(1)停机过程,1,2025-07-10 22:33:40,2025-07-10 22:34:36,56,0.02
3023,L14,#35,GW252/13600,(5)发电状态,5,2025-07-10 21:40:16,2025-07-10 22:33:40,3204,0.89
3024,L14,#35,GW252/13600,(4)启机状态,4,2025-07-10 21:36:37,2025-07-10 21:40:16,219,0.06
3025,L14,#35,GW252/13600,(3)待机状态,3,2025-07-10 21:08:29,2025-07-10 21:36:37,1688,0.47
3026,L14,#35,GW252/13600,(2)停机状态,2,2025-07-10 21:04:21,2025-07-10 21:08:29,248,0.07
3027,L14,#35,GW252/13600,(1)停机过程,1,2025-07-10 21:03:25,2025-07-10 21:04:21,56,0.02
3028,L14,#35,GW252/13600,(5)发电状态,5,2025-07-10 20:30:52,2025-07-10 21:03:25,1953,0.54
3029,L14,#35,GW252/13600,(4)启机状态,4,2025-07-10 20:30:20,2025-07-10 20:30:52,32,0.01
3030,L14,#35,GW252/13600,(3)待机状态,3,2025-07-10 20:24:19,2025-07-10 20:30:20,361,0.1
3031,L14,#35,GW252/13600,(2)停机状态,2,2025-07-10 20:24:17,2025-07-10 20:24:19,2,0
3032,L14,#35,GW252/13600,(1)停机过程,1,2025-07-10 20:23:26,2025-07-10 20:24:17,51,0.01
3033,L14,#35,GW252/13600,(5)发电状态,5,2025-07-09 04:07:10,2025-07-10 20:23:26,144976,40.27
3034,L14,#35,GW252/13600,(4)启机状态,4,2025-07-09 04:03:58,2025-07-09 04:07:10,192,0.05
3035,L14,#35,GW252/13600,(3)待机状态,3,2025-07-09 04:02:56,2025-07-09 04:03:58,62,0.02
3036,L14,#35,GW252/13600,(2)停机状态,2,2025-07-09 04:02:55,2025-07-09 04:02:56,1,0
3037,L14,#35,GW252/13600,(1)停机过程,1,2025-07-09 04:02:23,2025-07-09 04:02:55,32,0.01
3038,L14,#35,GW252/13600,(4)启机状态,4,2025-07-09 03:57:23,2025-07-09 04:02:23,300,0.08
3039,L14,#35,GW252/13600,(3)待机状态,3,2025-07-09 03:56:21,2025-07-09 03:57:23,62,0.02
3040,L14,#35,GW252/13600,(2)停机状态,2,2025-07-09 03:56:20,2025-07-09 03:56:21,1,0
3041,L14,#35,GW252/13600,(1)停机过程,1,2025-07-09 03:55:49,2025-07-09 03:56:20,31,0.01
3042,L14,#35,GW252/13600,(4)启机状态,4,2025-07-09 03:50:49,2025-07-09 03:55:49,300,0.08
3043,L14,#35,GW252/13600,(3)待机状态,3,2025-07-09 03:49:38,2025-07-09 03:50:49,71,0.02
3044,L14,#35,GW252/13600,(2)停机状态,2,2025-07-09 03:49:36,2025-07-09 03:49:38,2,0
3045,L14,#35,GW252/13600,(1)停机过程,1,2025-07-09 03:49:03,2025-07-09 03:49:36,33,0.01
3046,L14,#35,GW252/13600,(4)启机状态,4,2025-07-09 03:44:03,2025-07-09 03:49:03,300,0.08
3047,L14,#35,GW252/13600,(3)待机状态,3,2025-07-09 03:42:54,2025-07-09 03:44:03,69,0.02
3048,L14,#35,GW252/13600,(2)停机状态,2,2025-07-09 03:42:53,2025-07-09 03:42:54,1,0
3049,L14,#35,GW252/13600,(1)停机过程,1,2025-07-09 03:42:22,2025-07-09 03:42:53,31,0.01
3050,L14,#35,GW252/13600,(4)启机状态,4,2025-07-09 03:37:22,2025-07-09 03:42:22,300,0.08
3051,L14,#35,GW252/13600,(3)待机状态,3,2025-07-09 03:36:04,2025-07-09 03:37:22,78,0.02
3052,L14,#35,GW252/13600,(2)停机状态,2,2025-07-09 03:36:03,2025-07-09 03:36:04,1,0
3053,L14,#35,GW252/13600,(1)停机过程,1,2025-07-09 03:35:31,2025-07-09 03:36:03,32,0.01
3054,L14,#35,GW252/13600,(4)启机状态,4,2025-07-09 03:30:31,2025-07-09 03:35:31,300,0.08
3055,L14,#35,GW252/13600,(3)待机状态,3,2025-07-09 03:29:06,2025-07-09 03:30:31,85,0.02
3056,L14,#35,GW252/13600,(1)停机过程,1,2025-07-09 03:28:33,2025-07-09 03:29:06,33,0.01
3057,L14,#35,GW252/13600,(4)启机状态,4,2025-07-09 03:23:33,2025-07-09 03:28:33,300,0.08
3058,L14,#35,GW252/13600,(3)待机状态,3,2025-07-09 03:22:08,2025-07-09 03:23:33,85,0.02
3059,L14,#35,GW252/13600,(2)停机状态,2,2025-07-09 03:22:06,2025-07-09 03:22:08,2,0
3060,L14,#35,GW252/13600,(1)停机过程,1,2025-07-09 03:21:36,2025-07-09 03:22:06,30,0.01
3061,L14,#35,GW252/13600,(4)启机状态,4,2025-07-09 03:16:36,2025-07-09 03:21:36,300,0.08
3062,L14,#35,GW252/13600,(3)待机状态,3,2025-07-09 03:14:52,2025-07-09 03:16:36,104,0.03
3063,L14,#35,GW252/13600,(2)停机状态,2,2025-07-09 03:14:51,2025-07-09 03:14:52,1,0
3064,L14,#35,GW252/13600,(1)停机过程,1,2025-07-09 03:14:21,2025-07-09 03:14:51,30,0.01
3065,L14,#35,GW252/13600,(4)启机状态,4,2025-07-09 03:09:21,2025-07-09 03:14:21,300,0.08
3066,L14,#35,GW252/13600,(3)待机状态,3,2025-07-09 03:08:16,2025-07-09 03:09:21,65,0.02
3067,L14,#35,GW252/13600,(2)停机状态,2,2025-07-09 03:08:14,2025-07-09 03:08:16,2,0
3068,L14,#35,GW252/13600,(1)停机过程,1,2025-07-09 03:07:41,2025-07-09 03:08:14,33,0.01
3069,L14,#35,GW252/13600,(4)启机状态,4,2025-07-09 03:02:41,2025-07-09 03:07:41,300,0.08
3070,L14,#35,GW252/13600,(3)待机状态,3,2025-07-09 03:00:08,2025-07-09 03:02:41,153,0.04
3071,L14,#35,GW252/13600,(1)停机过程,1,2025-07-09 02:59:36,2025-07-09 03:00:08,32,0.01
3072,L14,#35,GW252/13600,(4)启机状态,4,2025-07-09 02:54:35,2025-07-09 02:59:36,301,0.08
3073,L14,#35,GW252/13600,(3)待机状态,3,2025-07-09 02:53:17,2025-07-09 02:54:35,78,0.02
3074,L14,#35,GW252/13600,(2)停机状态,2,2025-07-09 02:53:16,2025-07-09 02:53:17,1,0
3075,L14,#35,GW252/13600,(1)停机过程,1,2025-07-09 02:52:45,2025-07-09 02:53:16,31,0.01
3076,L14,#35,GW252/13600,(4)启机状态,4,2025-07-09 02:47:45,2025-07-09 02:52:45,300,0.08
3077,L14,#35,GW252/13600,(3)待机状态,3,2025-07-09 02:46:32,2025-07-09 02:47:45,73,0.02
3078,L14,#35,GW252/13600,(2)停机状态,2,2025-07-09 02:46:30,2025-07-09 02:46:32,2,0
3079,L14,#35,GW252/13600,(1)停机过程,1,2025-07-09 02:45:58,2025-07-09 02:46:30,32,0.01
3080,L14,#35,GW252/13600,(4)启机状态,4,2025-07-09 02:40:58,2025-07-09 02:45:58,300,0.08
3081,L14,#35,GW252/13600,(3)待机状态,3,2025-07-09 02:39:45,2025-07-09 02:40:58,73,0.02
3082,L14,#35,GW252/13600,(2)停机状态,2,2025-07-09 02:39:43,2025-07-09 02:39:45,2,0
3083,L14,#35,GW252/13600,(1)停机过程,1,2025-07-09 02:39:12,2025-07-09 02:39:43,31,0.01
3084,L14,#35,GW252/13600,(4)启机状态,4,2025-07-09 02:34:12,2025-07-09 02:39:12,300,0.08
3085,L14,#35,GW252/13600,(3)待机状态,3,2025-07-09 02:32:20,2025-07-09 02:34:12,112,0.03
3086,L14,#35,GW252/13600,(2)停机状态,2,2025-07-09 02:32:19,2025-07-09 02:32:20,1,0
3087,L14,#35,GW252/13600,(1)停机过程,1,2025-07-09 02:31:47,2025-07-09 02:32:19,32,0.01
3088,L14,#35,GW252/13600,(4)启机状态,4,2025-07-09 02:26:46,2025-07-09 02:31:47,301,0.08
3089,L14,#35,GW252/13600,(3)待机状态,3,2025-07-09 02:25:20,2025-07-09 02:26:46,86,0.02
3090,L14,#35,GW252/13600,(2)停机状态,2,2025-07-09 02:25:18,2025-07-09 02:25:20,2,0
3091,L14,#35,GW252/13600,(1)停机过程,1,2025-07-09 02:24:48,2025-07-09 02:25:18,30,0.01
3092,L14,#35,GW252/13600,(4)启机状态,4,2025-07-09 02:19:48,2025-07-09 02:24:48,300,0.08
3093,L14,#35,GW252/13600,(3)待机状态,3,2025-07-09 02:16:54,2025-07-09 02:19:48,174,0.05
3094,L14,#35,GW252/13600,(2)停机状态,2,2025-07-09 02:15:41,2025-07-09 02:16:54,73,0.02
3095,L14,#35,GW252/13600,(1)停机过程,1,2025-07-09 02:15:11,2025-07-09 02:15:41,30,0.01
3096,L14,#35,GW252/13600,(4)启机状态,4,2025-07-09 02:10:11,2025-07-09 02:15:11,300,0.08
3097,L14,#35,GW252/13600,(3)待机状态,3,2025-07-09 02:09:11,2025-07-09 02:10:11,60,0.02
3098,L14,#35,GW252/13600,(2)停机状态,2,2025-07-09 02:09:10,2025-07-09 02:09:11,1,0
3099,L14,#35,GW252/13600,(1)停机过程,1,2025-07-09 02:08:38,2025-07-09 02:09:10,32,0.01
3100,L14,#35,GW252/13600,(4)启机状态,4,2025-07-09 02:03:37,2025-07-09 02:08:38,301,0.08
3101,L14,#35,GW252/13600,(3)待机状态,3,2025-07-09 01:50:39,2025-07-09 02:03:37,778,0.22
3102,L14,#35,GW252/13600,(2)停机状态,2,2025-07-09 01:50:38,2025-07-09 01:50:39,1,0
3103,L14,#35,GW252/13600,(1)停机过程,1,2025-07-09 01:49:42,2025-07-09 01:50:38,56,0.02
3104,L14,#35,GW252/13600,(5)发电状态,5,2025-07-08 16:09:03,2025-07-09 01:49:42,34839,9.68
3105,L14,#35,GW252/13600,(4)启机状态,4,2025-07-08 16:07:20,2025-07-08 16:09:03,103,0.03
3106,L14,#35,GW252/13600,(3)待机状态,3,2025-07-08 16:06:27,2025-07-08 16:07:20,53,0.01
3107,L14,#35,GW252/13600,(2)停机状态,2,2025-07-08 16:06:25,2025-07-08 16:06:27,2,0
3108,L14,#35,GW252/13600,(1)停机过程,1,2025-07-08 16:05:30,2025-07-08 16:06:25,55,0.02
3109,L14,#35,GW252/13600,(5)发电状态,5,2025-07-07 16:04:54,2025-07-08 16:05:30,86436,24.01
3110,L14,#35,GW252/13600,(4)启机状态,4,2025-07-07 16:03:03,2025-07-07 16:04:54,111,0.03
3111,L14,#35,GW252/13600,(3)待机状态,3,2025-07-07 16:02:05,2025-07-07 16:03:03,58,0.02
3112,L14,#35,GW252/13600,(1)停机过程,1,2025-07-07 16:01:09,2025-07-07 16:02:05,56,0.02
3113,L14,#35,GW252/13600,(4)启机状态,4,2025-07-07 15:56:09,2025-07-07 16:01:09,300,0.08
3114,L14,#35,GW252/13600,(3)待机状态,3,2025-07-07 15:54:58,2025-07-07 15:56:09,71,0.02
3115,L14,#35,GW252/13600,(2)停机状态,2,2025-07-07 15:54:56,2025-07-07 15:54:58,2,0
3116,L14,#35,GW252/13600,(1)停机过程,1,2025-07-07 15:54:24,2025-07-07 15:54:56,32,0.01
3117,L14,#35,GW252/13600,(4)启机状态,4,2025-07-07 15:49:25,2025-07-07 15:54:24,299,0.08
3118,L14,#35,GW252/13600,(3)待机状态,3,2025-07-07 15:48:20,2025-07-07 15:49:25,65,0.02
3119,L14,#35,GW252/13600,(2)停机状态,2,2025-07-07 15:48:19,2025-07-07 15:48:20,1,0
3120,L14,#35,GW252/13600,(1)停机过程,1,2025-07-07 15:47:46,2025-07-07 15:48:19,33,0.01
3121,L14,#35,GW252/13600,(4)启机状态,4,2025-07-07 15:42:46,2025-07-07 15:47:46,300,0.08
3122,L14,#35,GW252/13600,(3)待机状态,3,2025-07-07 15:38:43,2025-07-07 15:42:46,243,0.07
3123,L14,#35,GW252/13600,(2)停机状态,2,2025-07-07 15:38:42,2025-07-07 15:38:43,1,0
3124,L14,#35,GW252/13600,(1)停机过程,1,2025-07-07 15:38:11,2025-07-07 15:38:42,31,0.01
3125,L14,#35,GW252/13600,(4)启机状态,4,2025-07-07 15:33:11,2025-07-07 15:38:11,300,0.08
3126,L14,#35,GW252/13600,(3)待机状态,3,2025-07-07 15:31:32,2025-07-07 15:33:11,99,0.03
3127,L14,#35,GW252/13600,(2)停机状态,2,2025-07-07 15:31:30,2025-07-07 15:31:32,2,0
3128,L14,#35,GW252/13600,(1)停机过程,1,2025-07-07 15:30:59,2025-07-07 15:31:30,31,0.01
3129,L14,#35,GW252/13600,(4)启机状态,4,2025-07-07 15:25:59,2025-07-07 15:30:59,300,0.08
3130,L14,#35,GW252/13600,(3)待机状态,3,2025-07-07 15:24:54,2025-07-07 15:25:59,65,0.02
3131,L14,#35,GW252/13600,(1)停机过程,1,2025-07-07 15:24:22,2025-07-07 15:24:54,32,0.01
3132,L14,#35,GW252/13600,(4)启机状态,4,2025-07-07 15:19:22,2025-07-07 15:24:22,300,0.08
3133,L14,#35,GW252/13600,(3)待机状态,3,2025-07-07 15:18:06,2025-07-07 15:19:22,76,0.02
3134,L14,#35,GW252/13600,(2)停机状态,2,2025-07-07 15:18:04,2025-07-07 15:18:06,2,0
3135,L14,#35,GW252/13600,(1)停机过程,1,2025-07-07 15:17:31,2025-07-07 15:18:04,33,0.01
3136,L14,#35,GW252/13600,(4)启机状态,4,2025-07-07 15:12:31,2025-07-07 15:17:31,300,0.08
3137,L14,#35,GW252/13600,(3)待机状态,3,2025-07-07 15:11:14,2025-07-07 15:12:31,77,0.02
3138,L14,#35,GW252/13600,(2)停机状态,2,2025-07-07 15:11:12,2025-07-07 15:11:14,2,0
3139,L14,#35,GW252/13600,(1)停机过程,1,2025-07-07 15:10:41,2025-07-07 15:11:12,31,0.01
3140,L14,#35,GW252/13600,(4)启机状态,4,2025-07-07 15:05:40,2025-07-07 15:10:41,301,0.08
3141,L14,#35,GW252/13600,(3)待机状态,3,2025-07-07 15:04:29,2025-07-07 15:05:40,71,0.02
3142,L14,#35,GW252/13600,(2)停机状态,2,2025-07-07 15:04:27,2025-07-07 15:04:29,2,0
3143,L14,#35,GW252/13600,(1)停机过程,1,2025-07-07 15:03:55,2025-07-07 15:04:27,32,0.01
3144,L14,#35,GW252/13600,(4)启机状态,4,2025-07-07 14:58:55,2025-07-07 15:03:55,300,0.08
3145,L14,#35,GW252/13600,(3)待机状态,3,2025-07-07 14:57:52,2025-07-07 14:58:55,63,0.02
3146,L14,#35,GW252/13600,(2)停机状态,2,2025-07-07 14:57:50,2025-07-07 14:57:52,2,0
3147,L14,#35,GW252/13600,(1)停机过程,1,2025-07-07 14:57:19,2025-07-07 14:57:50,31,0.01
3148,L14,#35,GW252/13600,(4)启机状态,4,2025-07-07 14:52:18,2025-07-07 14:57:19,301,0.08
3149,L14,#35,GW252/13600,(3)待机状态,3,2025-07-07 14:49:34,2025-07-07 14:52:18,164,0.05
3150,L14,#35,GW252/13600,(2)停机状态,2,2025-07-07 14:49:32,2025-07-07 14:49:34,2,0
3151,L14,#35,GW252/13600,(1)停机过程,1,2025-07-07 14:49:02,2025-07-07 14:49:32,30,0.01
3152,L14,#35,GW252/13600,(4)启机状态,4,2025-07-07 14:44:03,2025-07-07 14:49:02,299,0.08
3153,L14,#35,GW252/13600,(3)待机状态,3,2025-07-07 14:43:02,2025-07-07 14:44:03,61,0.02
3154,L14,#35,GW252/13600,(2)停机状态,2,2025-07-07 14:43:00,2025-07-07 14:43:02,2,0
3155,L14,#35,GW252/13600,(1)停机过程,1,2025-07-07 14:42:27,2025-07-07 14:43:00,33,0.01
3156,L14,#35,GW252/13600,(4)启机状态,4,2025-07-07 14:37:27,2025-07-07 14:42:27,300,0.08
3157,L14,#35,GW252/13600,(3)待机状态,3,2025-07-07 14:33:00,2025-07-07 14:37:27,267,0.07
3158,L14,#35,GW252/13600,(2)停机状态,2,2025-07-07 14:32:57,2025-07-07 14:33:00,3,0
3159,L14,#35,GW252/13600,(1)停机过程,1,2025-07-07 14:32:26,2025-07-07 14:32:57,31,0.01
3160,L14,#35,GW252/13600,(4)启机状态,4,2025-07-07 14:27:26,2025-07-07 14:32:26,300,0.08
3161,L14,#35,GW252/13600,(3)待机状态,3,2025-07-07 14:25:04,2025-07-07 14:27:26,142,0.04
3162,L14,#35,GW252/13600,(2)停机状态,2,2025-07-07 14:25:02,2025-07-07 14:25:04,2,0
3163,L14,#35,GW252/13600,(1)停机过程,1,2025-07-07 14:24:32,2025-07-07 14:25:02,30,0.01
3164,L14,#35,GW252/13600,(4)启机状态,4,2025-07-07 14:19:31,2025-07-07 14:24:32,301,0.08
3165,L14,#35,GW252/13600,(3)待机状态,3,2025-07-07 14:15:18,2025-07-07 14:19:31,253,0.07
3166,L14,#35,GW252/13600,(2)停机状态,2,2025-07-07 14:15:16,2025-07-07 14:15:18,2,0
3167,L14,#35,GW252/13600,(1)停机过程,1,2025-07-07 14:14:43,2025-07-07 14:15:16,33,0.01
3168,L14,#35,GW252/13600,(4)启机状态,4,2025-07-07 14:09:43,2025-07-07 14:14:43,300,0.08
3169,L14,#35,GW252/13600,(3)待机状态,3,2025-07-07 14:08:04,2025-07-07 14:09:43,99,0.03
3170,L14,#35,GW252/13600,(2)停机状态,2,2025-07-07 14:08:02,2025-07-07 14:08:04,2,0
3171,L14,#35,GW252/13600,(1)停机过程,1,2025-07-07 14:07:30,2025-07-07 14:08:02,32,0.01
3172,L14,#35,GW252/13600,(4)启机状态,4,2025-07-07 14:02:30,2025-07-07 14:07:30,300,0.08
3173,L14,#35,GW252/13600,(3)待机状态,3,2025-07-07 12:12:53,2025-07-07 14:02:30,6577,1.83
3174,L14,#35,GW252/13600,(2)停机状态,2,2025-07-07 12:07:17,2025-07-07 12:12:53,336,0.09
3175,L14,#35,GW252/13600,(1)停机过程,1,2025-07-07 12:06:19,2025-07-07 12:07:17,58,0.02
3176,L14,#35,GW252/13600,(5)发电状态,5,2025-07-07 09:45:17,2025-07-07 12:06:19,8462,2.35
3177,L14,#35,GW252/13600,(4)启机状态,4,2025-07-07 09:42:14,2025-07-07 09:45:17,183,0.05
3178,L14,#35,GW252/13600,(3)待机状态,3,2025-07-07 09:41:13,2025-07-07 09:42:14,61,0.02
3179,L14,#35,GW252/13600,(2)停机状态,2,2025-07-07 09:41:11,2025-07-07 09:41:13,2,0
3180,L14,#35,GW252/13600,(1)停机过程,1,2025-07-07 09:40:38,2025-07-07 09:41:11,33,0.01
3181,L14,#35,GW252/13600,(4)启机状态,4,2025-07-07 09:35:38,2025-07-07 09:40:38,300,0.08
3182,L14,#35,GW252/13600,(3)待机状态,3,2025-07-07 09:34:31,2025-07-07 09:35:38,67,0.02
3183,L14,#35,GW252/13600,(1)停机过程,1,2025-07-07 09:34:00,2025-07-07 09:34:31,31,0.01
3184,L14,#35,GW252/13600,(4)启机状态,4,2025-07-07 09:29:00,2025-07-07 09:34:00,300,0.08
3185,L14,#35,GW252/13600,(3)待机状态,3,2025-07-07 09:27:53,2025-07-07 09:29:00,67,0.02
3186,L14,#35,GW252/13600,(2)停机状态,2,2025-07-07 09:27:52,2025-07-07 09:27:53,1,0
3187,L14,#35,GW252/13600,(1)停机过程,1,2025-07-07 09:27:19,2025-07-07 09:27:52,33,0.01
3188,L14,#35,GW252/13600,(4)启机状态,4,2025-07-07 09:22:19,2025-07-07 09:27:19,300,0.08
3189,L14,#35,GW252/13600,(3)待机状态,3,2025-07-07 09:21:15,2025-07-07 09:22:19,64,0.02
3190,L14,#35,GW252/13600,(2)停机状态,2,2025-07-07 09:21:14,2025-07-07 09:21:15,1,0
3191,L14,#35,GW252/13600,(1)停机过程,1,2025-07-07 09:20:44,2025-07-07 09:21:14,30,0.01
3192,L14,#35,GW252/13600,(4)启机状态,4,2025-07-07 09:15:43,2025-07-07 09:20:44,301,0.08
3193,L14,#35,GW252/13600,(3)待机状态,3,2025-07-07 09:14:43,2025-07-07 09:15:43,60,0.02
3194,L14,#35,GW252/13600,(1)停机过程,1,2025-07-07 09:13:53,2025-07-07 09:14:43,50,0.01
3195,L14,#35,GW252/13600,(4)启机状态,4,2025-07-07 09:08:53,2025-07-07 09:13:53,300,0.08
3196,L14,#35,GW252/13600,(3)待机状态,3,2025-07-07 09:07:53,2025-07-07 09:08:53,60,0.02
3197,L14,#35,GW252/13600,(2)停机状态,2,2025-07-07 09:07:51,2025-07-07 09:07:53,2,0
3198,L14,#35,GW252/13600,(1)停机过程,1,2025-07-07 09:07:20,2025-07-07 09:07:51,31,0.01
3199,L14,#35,GW252/13600,(4)启机状态,4,2025-07-07 09:02:20,2025-07-07 09:07:20,300,0.08
3200,L14,#35,GW252/13600,(3)待机状态,3,2025-07-07 08:50:10,2025-07-07 09:02:20,730,0.2
3201,L14,#35,GW252/13600,(2)停机状态,2,2025-07-07 08:46:56,2025-07-07 08:50:10,194,0.05
3202,L14,#35,GW252/13600,(1)停机过程,1,2025-07-07 08:46:24,2025-07-07 08:46:56,32,0.01
3203,L14,#35,GW252/13600,(4)启机状态,4,2025-07-07 08:41:23,2025-07-07 08:46:24,301,0.08
3204,L14,#35,GW252/13600,(3)待机状态,3,2025-07-07 08:33:39,2025-07-07 08:41:23,464,0.13
3205,L14,#35,GW252/13600,(2)停机状态,2,2025-07-07 08:33:38,2025-07-07 08:33:39,1,0
3206,L14,#35,GW252/13600,(1)停机过程,1,2025-07-07 08:33:06,2025-07-07 08:33:38,32,0.01
3207,L14,#35,GW252/13600,(4)启机状态,4,2025-07-07 08:28:05,2025-07-07 08:33:06,301,0.08
3208,L14,#35,GW252/13600,(3)待机状态,3,2025-07-07 08:26:07,2025-07-07 08:28:05,118,0.03
3209,L14,#35,GW252/13600,(2)停机状态,2,2025-07-07 08:26:06,2025-07-07 08:26:07,1,0
3210,L14,#35,GW252/13600,(1)停机过程,1,2025-07-07 08:25:34,2025-07-07 08:26:06,32,0.01
3211,L14,#35,GW252/13600,(4)启机状态,4,2025-07-07 08:20:34,2025-07-07 08:25:34,300,0.08
3212,L14,#35,GW252/13600,(3)待机状态,3,2025-07-07 08:19:00,2025-07-07 08:20:34,94,0.03
3213,L14,#35,GW252/13600,(2)停机状态,2,2025-07-07 08:18:59,2025-07-07 08:19:00,1,0
3214,L14,#35,GW252/13600,(1)停机过程,1,2025-07-07 08:18:28,2025-07-07 08:18:59,31,0.01
3215,L14,#35,GW252/13600,(4)启机状态,4,2025-07-07 08:13:26,2025-07-07 08:18:28,302,0.08
3216,L14,#35,GW252/13600,(3)待机状态,3,2025-07-07 08:08:17,2025-07-07 08:13:26,309,0.09
3217,L14,#35,GW252/13600,(2)停机状态,2,2025-07-07 08:08:13,2025-07-07 08:08:17,4,0
3218,L14,#35,GW252/13600,(1)停机过程,1,2025-07-07 08:07:41,2025-07-07 08:08:13,32,0.01
3219,L14,#35,GW252/13600,(4)启机状态,4,2025-07-07 08:02:40,2025-07-07 08:07:41,301,0.08
3220,L14,#35,GW252/13600,(3)待机状态,3,2025-07-07 07:15:41,2025-07-07 08:02:40,2819,0.78
3221,L14,#35,GW252/13600,(2)停机状态,2,2025-07-07 07:15:34,2025-07-07 07:15:41,7,0
3222,L14,#35,GW252/13600,(1)停机过程,1,2025-07-07 07:15:02,2025-07-07 07:15:34,32,0.01
3223,L14,#35,GW252/13600,(4)启机状态,4,2025-07-07 07:10:02,2025-07-07 07:15:02,300,0.08
3224,L14,#35,GW252/13600,(3)待机状态,3,2025-07-07 06:55:36,2025-07-07 07:10:02,866,0.24
3225,L14,#35,GW252/13600,(2)停机状态,2,2025-07-07 06:51:21,2025-07-07 06:55:36,255,0.07
3226,L14,#35,GW252/13600,(1)停机过程,1,2025-07-07 06:50:25,2025-07-07 06:51:21,56,0.02
3227,L14,#35,GW252/13600,(5)发电状态,5,2025-07-06 21:45:08,2025-07-07 06:50:25,32717,9.09
3228,L14,#35,GW252/13600,(4)启机状态,4,2025-07-06 21:41:44,2025-07-06 21:45:08,204,0.06
3229,L14,#35,GW252/13600,(3)待机状态,3,2025-07-06 21:40:48,2025-07-06 21:41:44,56,0.02
3230,L14,#35,GW252/13600,(2)停机状态,2,2025-07-06 21:40:47,2025-07-06 21:40:48,1,0
3231,L14,#35,GW252/13600,(1)停机过程,1,2025-07-06 21:40:17,2025-07-06 21:40:47,30,0.01
3232,L14,#35,GW252/13600,(4)启机状态,4,2025-07-06 21:35:16,2025-07-06 21:40:17,301,0.08
3233,L14,#35,GW252/13600,(3)待机状态,3,2025-07-06 21:33:58,2025-07-06 21:35:16,78,0.02
3234,L14,#35,GW252/13600,(2)停机状态,2,2025-07-06 21:33:57,2025-07-06 21:33:58,1,0
3235,L14,#35,GW252/13600,(1)停机过程,1,2025-07-06 21:33:24,2025-07-06 21:33:57,33,0.01
3236,L14,#35,GW252/13600,(4)启机状态,4,2025-07-06 21:28:24,2025-07-06 21:33:24,300,0.08
3237,L14,#35,GW252/13600,(3)待机状态,3,2025-07-06 21:27:21,2025-07-06 21:28:24,63,0.02
3238,L14,#35,GW252/13600,(2)停机状态,2,2025-07-06 21:27:20,2025-07-06 21:27:21,1,0
3239,L14,#35,GW252/13600,(1)停机过程,1,2025-07-06 21:26:50,2025-07-06 21:27:20,30,0.01
3240,L14,#35,GW252/13600,(4)启机状态,4,2025-07-06 21:21:50,2025-07-06 21:26:50,300,0.08
3241,L14,#35,GW252/13600,(3)待机状态,3,2025-07-06 21:20:40,2025-07-06 21:21:50,70,0.02
3242,L14,#35,GW252/13600,(2)停机状态,2,2025-07-06 21:20:39,2025-07-06 21:20:40,1,0
3243,L14,#35,GW252/13600,(1)停机过程,1,2025-07-06 21:20:06,2025-07-06 21:20:39,33,0.01
3244,L14,#35,GW252/13600,(4)启机状态,4,2025-07-06 21:15:06,2025-07-06 21:20:06,300,0.08
3245,L14,#35,GW252/13600,(3)待机状态,3,2025-07-06 21:13:59,2025-07-06 21:15:06,67,0.02
3246,L14,#35,GW252/13600,(2)停机状态,2,2025-07-06 21:13:58,2025-07-06 21:13:59,1,0
3247,L14,#35,GW252/13600,(1)停机过程,1,2025-07-06 21:13:28,2025-07-06 21:13:58,30,0.01
3248,L14,#35,GW252/13600,(4)启机状态,4,2025-07-06 21:08:28,2025-07-06 21:13:28,300,0.08
3249,L14,#35,GW252/13600,(3)待机状态,3,2025-07-06 21:06:27,2025-07-06 21:08:28,121,0.03
3250,L14,#35,GW252/13600,(2)停机状态,2,2025-07-06 21:03:49,2025-07-06 21:06:27,158,0.04
3251,L14,#35,GW252/13600,(1)停机过程,1,2025-07-06 21:03:16,2025-07-06 21:03:49,33,0.01
3252,L14,#35,GW252/13600,(4)启机状态,4,2025-07-06 20:58:15,2025-07-06 21:03:16,301,0.08
3253,L14,#35,GW252/13600,(3)待机状态,3,2025-07-06 20:56:18,2025-07-06 20:58:15,117,0.03
3254,L14,#35,GW252/13600,(2)停机状态,2,2025-07-06 20:56:09,2025-07-06 20:56:18,9,0
3255,L14,#35,GW252/13600,(1)停机过程,1,2025-07-06 20:55:14,2025-07-06 20:56:09,55,0.02
3256,L14,#35,GW252/13600,(5)发电状态,5,2025-07-06 18:35:03,2025-07-06 20:55:14,8411,2.34
3257,L14,#35,GW252/13600,(4)启机状态,4,2025-07-06 18:30:15,2025-07-06 18:35:03,288,0.08
3258,L14,#35,GW252/13600,(3)待机状态,3,2025-07-06 18:29:03,2025-07-06 18:30:15,72,0.02
3259,L14,#35,GW252/13600,(1)停机过程,1,2025-07-06 18:28:31,2025-07-06 18:29:03,32,0.01
3260,L14,#35,GW252/13600,(4)启机状态,4,2025-07-06 18:23:32,2025-07-06 18:28:31,299,0.08
3261,L14,#35,GW252/13600,(3)待机状态,3,2025-07-06 18:22:30,2025-07-06 18:23:32,62,0.02
3262,L14,#35,GW252/13600,(2)停机状态,2,2025-07-06 18:22:29,2025-07-06 18:22:30,1,0
3263,L14,#35,GW252/13600,(1)停机过程,1,2025-07-06 18:21:58,2025-07-06 18:22:29,31,0.01
3264,L14,#35,GW252/13600,(4)启机状态,4,2025-07-06 18:16:58,2025-07-06 18:21:58,300,0.08
3265,L14,#35,GW252/13600,(3)待机状态,3,2025-07-06 16:09:09,2025-07-06 18:16:58,7669,2.13
3266,L14,#35,GW252/13600,(2)停机状态,2,2025-07-06 16:08:10,2025-07-06 16:09:09,59,0.02
3267,L14,#35,GW252/13600,(1)停机过程,1,2025-07-06 16:07:37,2025-07-06 16:08:10,33,0.01
3268,L14,#35,GW252/13600,(4)启机状态,4,2025-07-06 16:02:37,2025-07-06 16:07:37,300,0.08
3269,L14,#35,GW252/13600,(3)待机状态,3,2025-07-06 16:01:01,2025-07-06 16:02:37,96,0.03
3270,L14,#35,GW252/13600,(2)停机状态,2,2025-07-06 15:59:50,2025-07-06 16:01:01,71,0.02
3271,L14,#35,GW252/13600,(1)停机过程,1,2025-07-06 15:59:19,2025-07-06 15:59:50,31,0.01
3272,L14,#35,GW252/13600,(4)启机状态,4,2025-07-06 15:54:18,2025-07-06 15:59:19,301,0.08
3273,L14,#35,GW252/13600,(3)待机状态,3,2025-07-06 15:52:59,2025-07-06 15:54:18,79,0.02
3274,L14,#35,GW252/13600,(1)停机过程,1,2025-07-06 15:52:28,2025-07-06 15:52:59,31,0.01
3275,L14,#35,GW252/13600,(4)启机状态,4,2025-07-06 15:47:28,2025-07-06 15:52:28,300,0.08
3276,L14,#35,GW252/13600,(3)待机状态,3,2025-07-06 15:45:18,2025-07-06 15:47:28,130,0.04
3277,L14,#35,GW252/13600,(2)停机状态,2,2025-07-06 15:44:38,2025-07-06 15:45:18,40,0.01
3278,L14,#35,GW252/13600,(1)停机过程,1,2025-07-06 15:44:07,2025-07-06 15:44:38,31,0.01
3279,L14,#35,GW252/13600,(4)启机状态,4,2025-07-06 15:39:06,2025-07-06 15:44:07,301,0.08
3280,L14,#35,GW252/13600,(3)待机状态,3,2025-07-06 15:37:52,2025-07-06 15:39:06,74,0.02
3281,L14,#35,GW252/13600,(1)停机过程,1,2025-07-06 15:37:20,2025-07-06 15:37:52,32,0.01
3282,L14,#35,GW252/13600,(4)启机状态,4,2025-07-06 15:32:20,2025-07-06 15:37:20,300,0.08
3283,L14,#35,GW252/13600,(3)待机状态,3,2025-07-06 15:30:56,2025-07-06 15:32:20,84,0.02
3284,L14,#35,GW252/13600,(2)停机状态,2,2025-07-06 15:30:54,2025-07-06 15:30:56,2,0
3285,L14,#35,GW252/13600,(1)停机过程,1,2025-07-06 15:30:23,2025-07-06 15:30:54,31,0.01
3286,L14,#35,GW252/13600,(4)启机状态,4,2025-07-06 15:25:23,2025-07-06 15:30:23,300,0.08
3287,L14,#35,GW252/13600,(3)待机状态,3,2025-07-06 15:24:13,2025-07-06 15:25:23,70,0.02
3288,L14,#35,GW252/13600,(2)停机状态,2,2025-07-06 15:24:12,2025-07-06 15:24:13,1,0
3289,L14,#35,GW252/13600,(1)停机过程,1,2025-07-06 15:23:40,2025-07-06 15:24:12,32,0.01
3290,L14,#35,GW252/13600,(4)启机状态,4,2025-07-06 15:18:40,2025-07-06 15:23:40,300,0.08
3291,L14,#35,GW252/13600,(3)待机状态,3,2025-07-06 15:16:52,2025-07-06 15:18:40,108,0.03
3292,L14,#35,GW252/13600,(2)停机状态,2,2025-07-06 15:15:21,2025-07-06 15:16:52,91,0.03
3293,L14,#35,GW252/13600,(1)停机过程,1,2025-07-06 15:14:26,2025-07-06 15:15:21,55,0.02
3294,L14,#35,GW252/13600,(5)发电状态,5,2025-07-06 14:42:41,2025-07-06 15:14:26,1905,0.53
3295,L14,#35,GW252/13600,(4)启机状态,4,2025-07-06 14:38:52,2025-07-06 14:42:41,229,0.06
3296,L14,#35,GW252/13600,(3)待机状态,3,2025-07-06 14:37:58,2025-07-06 14:38:52,54,0.02
3297,L14,#35,GW252/13600,(2)停机状态,2,2025-07-06 14:37:56,2025-07-06 14:37:58,2,0
3298,L14,#35,GW252/13600,(1)停机过程,1,2025-07-06 14:37:26,2025-07-06 14:37:56,30,0.01
3299,L14,#35,GW252/13600,(4)启机状态,4,2025-07-06 14:32:26,2025-07-06 14:37:26,300,0.08
3300,L14,#35,GW252/13600,(3)待机状态,3,2025-07-06 14:31:13,2025-07-06 14:32:26,73,0.02
3301,L14,#35,GW252/13600,(2)停机状态,2,2025-07-06 14:31:11,2025-07-06 14:31:13,2,0
3302,L14,#35,GW252/13600,(1)停机过程,1,2025-07-06 14:30:39,2025-07-06 14:31:11,32,0.01
3303,L14,#35,GW252/13600,(4)启机状态,4,2025-07-06 14:25:40,2025-07-06 14:30:39,299,0.08
3304,L14,#35,GW252/13600,(3)待机状态,3,2025-07-06 14:24:26,2025-07-06 14:25:40,74,0.02
3305,L14,#35,GW252/13600,(2)停机状态,2,2025-07-06 14:24:24,2025-07-06 14:24:26,2,0
3306,L14,#35,GW252/13600,(1)停机过程,1,2025-07-06 14:23:53,2025-07-06 14:24:24,31,0.01
3307,L14,#35,GW252/13600,(4)启机状态,4,2025-07-06 14:18:53,2025-07-06 14:23:53,300,0.08
3308,L14,#35,GW252/13600,(3)待机状态,3,2025-07-06 14:17:29,2025-07-06 14:18:53,84,0.02
3309,L14,#35,GW252/13600,(2)停机状态,2,2025-07-06 14:17:27,2025-07-06 14:17:29,2,0
3310,L14,#35,GW252/13600,(1)停机过程,1,2025-07-06 14:16:55,2025-07-06 14:17:27,32,0.01
3311,L14,#35,GW252/13600,(4)启机状态,4,2025-07-06 14:11:55,2025-07-06 14:16:55,300,0.08
3312,L14,#35,GW252/13600,(3)待机状态,3,2025-07-06 14:10:17,2025-07-06 14:11:55,98,0.03
3313,L14,#35,GW252/13600,(2)停机状态,2,2025-07-06 14:10:15,2025-07-06 14:10:17,2,0
3314,L14,#35,GW252/13600,(1)停机过程,1,2025-07-06 14:09:44,2025-07-06 14:10:15,31,0.01
3315,L14,#35,GW252/13600,(4)启机状态,4,2025-07-06 14:04:44,2025-07-06 14:09:44,300,0.08
3316,L14,#35,GW252/13600,(3)待机状态,3,2025-07-06 14:03:11,2025-07-06 14:04:44,93,0.03
3317,L14,#35,GW252/13600,(1)停机过程,1,2025-07-06 14:02:39,2025-07-06 14:03:11,32,0.01
3318,L14,#35,GW252/13600,(4)启机状态,4,2025-07-06 13:57:39,2025-07-06 14:02:39,300,0.08
3319,L14,#35,GW252/13600,(3)待机状态,3,2025-07-06 13:50:05,2025-07-06 13:57:39,454,0.13
3320,L14,#35,GW252/13600,(2)停机状态,2,2025-07-06 13:50:03,2025-07-06 13:50:05,2,0
3321,L14,#35,GW252/13600,(1)停机过程,1,2025-07-06 13:49:32,2025-07-06 13:50:03,31,0.01
3322,L14,#35,GW252/13600,(4)启机状态,4,2025-07-06 13:44:31,2025-07-06 13:49:32,301,0.08
3323,L14,#35,GW252/13600,(3)待机状态,3,2025-07-06 13:43:15,2025-07-06 13:44:31,76,0.02
3324,L14,#35,GW252/13600,(2)停机状态,2,2025-07-06 13:43:13,2025-07-06 13:43:15,2,0
3325,L14,#35,GW252/13600,(1)停机过程,1,2025-07-06 13:42:41,2025-07-06 13:43:13,32,0.01
3326,L14,#35,GW252/13600,(4)启机状态,4,2025-07-06 13:37:41,2025-07-06 13:42:41,300,0.08
3327,L14,#35,GW252/13600,(3)待机状态,3,2025-07-06 13:35:51,2025-07-06 13:37:41,110,0.03
3328,L14,#35,GW252/13600,(2)停机状态,2,2025-07-06 13:35:50,2025-07-06 13:35:51,1,0
3329,L14,#35,GW252/13600,(1)停机过程,1,2025-07-06 13:35:18,2025-07-06 13:35:50,32,0.01
3330,L14,#35,GW252/13600,(4)启机状态,4,2025-07-06 13:30:18,2025-07-06 13:35:18,300,0.08
3331,L14,#35,GW252/13600,(3)待机状态,3,2025-07-06 13:16:04,2025-07-06 13:30:18,854,0.24
3332,L14,#35,GW252/13600,(2)停机状态,2,2025-07-06 13:16:02,2025-07-06 13:16:04,2,0
3333,L14,#35,GW252/13600,(1)停机过程,1,2025-07-06 13:15:30,2025-07-06 13:16:02,32,0.01
3334,L14,#35,GW252/13600,(4)启机状态,4,2025-07-06 13:10:30,2025-07-06 13:15:30,300,0.08
3335,L14,#35,GW252/13600,(3)待机状态,3,2025-07-06 13:01:36,2025-07-06 13:10:30,534,0.15
3336,L14,#35,GW252/13600,(2)停机状态,2,2025-07-06 13:00:18,2025-07-06 13:01:36,78,0.02
3337,L14,#35,GW252/13600,(1)停机过程,1,2025-07-06 12:59:46,2025-07-06 13:00:18,32,0.01
3338,L14,#35,GW252/13600,(4)启机状态,4,2025-07-06 12:54:46,2025-07-06 12:59:46,300,0.08
3339,L14,#35,GW252/13600,(3)待机状态,3,2025-07-06 12:49:27,2025-07-06 12:54:46,319,0.09
3340,L14,#35,GW252/13600,(2)停机状态,2,2025-07-06 12:48:10,2025-07-06 12:49:27,77,0.02
3341,L14,#35,GW252/13600,(1)停机过程,1,2025-07-06 12:47:38,2025-07-06 12:48:10,32,0.01
3342,L14,#35,GW252/13600,(4)启机状态,4,2025-07-06 12:42:38,2025-07-06 12:47:38,300,0.08
3343,L14,#35,GW252/13600,(3)待机状态,3,2025-07-06 09:29:18,2025-07-06 12:42:38,11600,3.22
3344,L14,#35,GW252/13600,(2)停机状态,2,2025-07-06 09:23:41,2025-07-06 09:29:18,337,0.09
3345,L14,#35,GW252/13600,(1)停机过程,1,2025-07-06 09:22:44,2025-07-06 09:23:41,57,0.02
3346,L14,#35,GW252/13600,(5)发电状态,5,2025-07-06 06:23:50,2025-07-06 09:22:44,10734,2.98
3347,L14,#35,GW252/13600,(4)启机状态,4,2025-07-06 06:22:23,2025-07-06 06:23:50,87,0.02
3348,L14,#35,GW252/13600,(3)待机状态,3,2025-07-06 03:41:56,2025-07-06 06:22:23,9627,2.67
3349,L14,#35,GW252/13600,(2)停机状态,2,2025-07-06 03:04:21,2025-07-06 03:41:56,2255,0.63
3350,L14,#35,GW252/13600,(1)停机过程,1,2025-07-06 03:03:23,2025-07-06 03:04:21,58,0.02
3351,L14,#35,GW252/13600,(5)发电状态,5,2025-07-05 20:22:15,2025-07-06 03:03:23,24068,6.69
3352,L14,#35,GW252/13600,(4)启机状态,4,2025-07-05 20:18:02,2025-07-05 20:22:15,253,0.07
3353,L14,#35,GW252/13600,(3)待机状态,3,2025-07-05 20:16:54,2025-07-05 20:18:02,68,0.02
3354,L14,#35,GW252/13600,(2)停机状态,2,2025-07-05 20:16:53,2025-07-05 20:16:54,1,0
3355,L14,#35,GW252/13600,(1)停机过程,1,2025-07-05 20:16:23,2025-07-05 20:16:53,30,0.01
3356,L14,#35,GW252/13600,(4)启机状态,4,2025-07-05 20:11:22,2025-07-05 20:16:23,301,0.08
3357,L14,#35,GW252/13600,(3)待机状态,3,2025-07-05 20:10:15,2025-07-05 20:11:22,67,0.02
3358,L14,#35,GW252/13600,(2)停机状态,2,2025-07-05 20:10:14,2025-07-05 20:10:15,1,0
3359,L14,#35,GW252/13600,(1)停机过程,1,2025-07-05 20:09:41,2025-07-05 20:10:14,33,0.01
3360,L14,#35,GW252/13600,(4)启机状态,4,2025-07-05 20:04:41,2025-07-05 20:09:41,300,0.08
3361,L14,#35,GW252/13600,(3)待机状态,3,2025-07-05 20:03:38,2025-07-05 20:04:41,63,0.02
3362,L14,#35,GW252/13600,(2)停机状态,2,2025-07-05 20:03:37,2025-07-05 20:03:38,1,0
3363,L14,#35,GW252/13600,(1)停机过程,1,2025-07-05 20:03:07,2025-07-05 20:03:37,30,0.01
3364,L14,#35,GW252/13600,(4)启机状态,4,2025-07-05 19:58:07,2025-07-05 20:03:07,300,0.08
3365,L14,#35,GW252/13600,(3)待机状态,3,2025-07-05 19:57:01,2025-07-05 19:58:07,66,0.02
3366,L14,#35,GW252/13600,(1)停机过程,1,2025-07-05 19:56:28,2025-07-05 19:57:01,33,0.01
3367,L14,#35,GW252/13600,(4)启机状态,4,2025-07-05 19:51:28,2025-07-05 19:56:28,300,0.08
3368,L14,#35,GW252/13600,(3)待机状态,3,2025-07-05 19:50:26,2025-07-05 19:51:28,62,0.02
3369,L14,#35,GW252/13600,(2)停机状态,2,2025-07-05 19:50:24,2025-07-05 19:50:26,2,0
3370,L14,#35,GW252/13600,(1)停机过程,1,2025-07-05 19:49:53,2025-07-05 19:50:24,31,0.01
3371,L14,#35,GW252/13600,(4)启机状态,4,2025-07-05 19:44:53,2025-07-05 19:49:53,300,0.08
3372,L14,#35,GW252/13600,(3)待机状态,3,2025-07-05 19:42:46,2025-07-05 19:44:53,127,0.04
3373,L14,#35,GW252/13600,(2)停机状态,2,2025-07-05 19:42:45,2025-07-05 19:42:46,1,0
3374,L14,#35,GW252/13600,(1)停机过程,1,2025-07-05 19:42:13,2025-07-05 19:42:45,32,0.01
3375,L14,#35,GW252/13600,(4)启机状态,4,2025-07-05 19:37:13,2025-07-05 19:42:13,300,0.08
3376,L14,#35,GW252/13600,(3)待机状态,3,2025-07-05 19:36:06,2025-07-05 19:37:13,67,0.02
3377,L14,#35,GW252/13600,(2)停机状态,2,2025-07-05 19:36:04,2025-07-05 19:36:06,2,0
3378,L14,#35,GW252/13600,(1)停机过程,1,2025-07-05 19:35:34,2025-07-05 19:36:04,30,0.01
3379,L14,#35,GW252/13600,(4)启机状态,4,2025-07-05 19:30:33,2025-07-05 19:35:34,301,0.08
3380,L14,#35,GW252/13600,(3)待机状态,3,2025-07-05 19:29:28,2025-07-05 19:30:33,65,0.02
3381,L14,#35,GW252/13600,(2)停机状态,2,2025-07-05 19:29:02,2025-07-05 19:29:28,26,0.01
3382,L14,#35,GW252/13600,(1)停机过程,1,2025-07-05 19:28:29,2025-07-05 19:29:02,33,0.01
3383,L14,#35,GW252/13600,(4)启机状态,4,2025-07-05 19:23:30,2025-07-05 19:28:29,299,0.08
3384,L14,#35,GW252/13600,(3)待机状态,3,2025-07-05 19:21:49,2025-07-05 19:23:30,101,0.03
3385,L14,#35,GW252/13600,(2)停机状态,2,2025-07-05 19:21:48,2025-07-05 19:21:49,1,0
3386,L14,#35,GW252/13600,(1)停机过程,1,2025-07-05 19:21:16,2025-07-05 19:21:48,32,0.01
3387,L14,#35,GW252/13600,(4)启机状态,4,2025-07-05 19:16:16,2025-07-05 19:21:16,300,0.08
3388,L14,#35,GW252/13600,(3)待机状态,3,2025-07-05 19:11:07,2025-07-05 19:16:16,309,0.09
3389,L14,#35,GW252/13600,(2)停机状态,2,2025-07-05 19:05:29,2025-07-05 19:11:07,338,0.09
3390,L14,#35,GW252/13600,(1)停机过程,1,2025-07-05 19:04:59,2025-07-05 19:05:29,30,0.01
3391,L14,#35,GW252/13600,(4)启机状态,4,2025-07-05 18:59:59,2025-07-05 19:04:59,300,0.08
3392,L14,#35,GW252/13600,(3)待机状态,3,2025-07-05 10:59:17,2025-07-05 18:59:59,28842,8.01
3393,L14,#35,GW252/13600,(2)停机状态,2,2025-07-05 10:57:54,2025-07-05 10:59:17,83,0.02
3394,L14,#35,GW252/13600,(1)停机过程,1,2025-07-05 10:56:58,2025-07-05 10:57:54,56,0.02
3395,L14,#35,GW252/13600,(5)发电状态,5,2025-07-05 07:57:31,2025-07-05 10:56:58,10767,2.99
3396,L14,#35,GW252/13600,(4)启机状态,4,2025-07-05 07:55:26,2025-07-05 07:57:31,125,0.03
3397,L14,#35,GW252/13600,(3)待机状态,3,2025-07-05 07:54:28,2025-07-05 07:55:26,58,0.02
3398,L14,#35,GW252/13600,(2)停机状态,2,2025-07-05 07:54:27,2025-07-05 07:54:28,1,0
3399,L14,#35,GW252/13600,(1)停机过程,1,2025-07-05 07:53:34,2025-07-05 07:54:27,53,0.01
3400,L14,#35,GW252/13600,(4)启机状态,4,2025-07-05 07:48:34,2025-07-05 07:53:34,300,0.08
3401,L14,#35,GW252/13600,(3)待机状态,3,2025-07-05 07:47:37,2025-07-05 07:48:34,57,0.02
3402,L14,#35,GW252/13600,(2)停机状态,2,2025-07-05 07:47:36,2025-07-05 07:47:37,1,0
3403,L14,#35,GW252/13600,(1)停机过程,1,2025-07-05 07:47:04,2025-07-05 07:47:36,32,0.01
3404,L14,#35,GW252/13600,(4)启机状态,4,2025-07-05 07:42:04,2025-07-05 07:47:04,300,0.08
3405,L14,#35,GW252/13600,(3)待机状态,3,2025-07-05 07:41:00,2025-07-05 07:42:04,64,0.02
3406,L14,#35,GW252/13600,(2)停机状态,2,2025-07-05 07:40:59,2025-07-05 07:41:00,1,0
3407,L14,#35,GW252/13600,(1)停机过程,1,2025-07-05 07:40:28,2025-07-05 07:40:59,31,0.01
3408,L14,#35,GW252/13600,(4)启机状态,4,2025-07-05 07:35:28,2025-07-05 07:40:28,300,0.08
3409,L14,#35,GW252/13600,(3)待机状态,3,2025-07-05 07:34:26,2025-07-05 07:35:28,62,0.02
3410,L14,#35,GW252/13600,(2)停机状态,2,2025-07-05 07:34:25,2025-07-05 07:34:26,1,0
3411,L14,#35,GW252/13600,(1)停机过程,1,2025-07-05 07:33:52,2025-07-05 07:34:25,33,0.01
3412,L14,#35,GW252/13600,(4)启机状态,4,2025-07-05 07:28:52,2025-07-05 07:33:52,300,0.08
3413,L14,#35,GW252/13600,(3)待机状态,3,2025-07-05 07:27:17,2025-07-05 07:28:52,95,0.03
3414,L14,#35,GW252/13600,(2)停机状态,2,2025-07-05 07:27:15,2025-07-05 07:27:17,2,0
3415,L14,#35,GW252/13600,(1)停机过程,1,2025-07-05 07:26:44,2025-07-05 07:27:15,31,0.01
3416,L14,#35,GW252/13600,(4)启机状态,4,2025-07-05 07:21:43,2025-07-05 07:26:44,301,0.08
3417,L14,#35,GW252/13600,(3)待机状态,3,2025-07-05 07:20:35,2025-07-05 07:21:43,68,0.02
3418,L14,#35,GW252/13600,(1)停机过程,1,2025-07-05 07:20:03,2025-07-05 07:20:35,32,0.01
3419,L14,#35,GW252/13600,(4)启机状态,4,2025-07-05 07:15:03,2025-07-05 07:20:03,300,0.08
3420,L14,#35,GW252/13600,(3)待机状态,3,2025-07-05 07:14:02,2025-07-05 07:15:03,61,0.02
3421,L14,#35,GW252/13600,(2)停机状态,2,2025-07-05 07:14:01,2025-07-05 07:14:02,1,0
3422,L14,#35,GW252/13600,(1)停机过程,1,2025-07-05 07:13:29,2025-07-05 07:14:01,32,0.01
3423,L14,#35,GW252/13600,(4)启机状态,4,2025-07-05 07:08:29,2025-07-05 07:13:29,300,0.08
3424,L14,#35,GW252/13600,(3)待机状态,3,2025-07-05 07:07:09,2025-07-05 07:08:29,80,0.02
3425,L14,#35,GW252/13600,(2)停机状态,2,2025-07-05 07:07:07,2025-07-05 07:07:09,2,0
3426,L14,#35,GW252/13600,(1)停机过程,1,2025-07-05 07:06:36,2025-07-05 07:07:07,31,0.01
3427,L14,#35,GW252/13600,(4)启机状态,4,2025-07-05 07:01:36,2025-07-05 07:06:36,300,0.08
3428,L14,#35,GW252/13600,(3)待机状态,3,2025-07-05 06:59:56,2025-07-05 07:01:36,100,0.03
3429,L14,#35,GW252/13600,(2)停机状态,2,2025-07-05 06:59:46,2025-07-05 06:59:56,10,0
3430,L14,#35,GW252/13600,(1)停机过程,1,2025-07-05 06:59:15,2025-07-05 06:59:46,31,0.01
3431,L14,#35,GW252/13600,(4)启机状态,4,2025-07-05 06:54:15,2025-07-05 06:59:15,300,0.08
3432,L14,#35,GW252/13600,(3)待机状态,3,2025-07-05 06:50:22,2025-07-05 06:54:15,233,0.06
3433,L14,#35,GW252/13600,(2)停机状态,2,2025-07-05 06:50:20,2025-07-05 06:50:22,2,0
3434,L14,#35,GW252/13600,(1)停机过程,1,2025-07-05 06:49:49,2025-07-05 06:50:20,31,0.01
3435,L14,#35,GW252/13600,(4)启机状态,4,2025-07-05 06:44:49,2025-07-05 06:49:49,300,0.08
3436,L14,#35,GW252/13600,(3)待机状态,3,2025-07-05 06:43:40,2025-07-05 06:44:49,69,0.02
3437,L14,#35,GW252/13600,(2)停机状态,2,2025-07-05 06:43:39,2025-07-05 06:43:40,1,0
3438,L14,#35,GW252/13600,(1)停机过程,1,2025-07-05 06:43:07,2025-07-05 06:43:39,32,0.01
3439,L14,#35,GW252/13600,(4)启机状态,4,2025-07-05 06:38:06,2025-07-05 06:43:07,301,0.08
3440,L14,#35,GW252/13600,(3)待机状态,3,2025-07-05 06:36:33,2025-07-05 06:38:06,93,0.03
3441,L14,#35,GW252/13600,(2)停机状态,2,2025-07-05 06:36:32,2025-07-05 06:36:33,1,0
3442,L14,#35,GW252/13600,(1)停机过程,1,2025-07-05 06:36:00,2025-07-05 06:36:32,32,0.01
3443,L14,#35,GW252/13600,(4)启机状态,4,2025-07-05 06:31:00,2025-07-05 06:36:00,300,0.08
3444,L14,#35,GW252/13600,(3)待机状态,3,2025-07-05 05:56:18,2025-07-05 06:31:00,2082,0.58
3445,L14,#35,GW252/13600,(2)停机状态,2,2025-07-05 05:56:16,2025-07-05 05:56:18,2,0
3446,L14,#35,GW252/13600,(1)停机过程,1,2025-07-05 05:55:45,2025-07-05 05:56:16,31,0.01
3447,L14,#35,GW252/13600,(4)启机状态,4,2025-07-05 05:50:44,2025-07-05 05:55:45,301,0.08
3448,L14,#35,GW252/13600,(3)待机状态,3,2025-07-05 05:49:20,2025-07-05 05:50:44,84,0.02
3449,L14,#35,GW252/13600,(1)停机过程,1,2025-07-05 05:48:49,2025-07-05 05:49:20,31,0.01
3450,L14,#35,GW252/13600,(4)启机状态,4,2025-07-05 05:43:48,2025-07-05 05:48:49,301,0.08
3451,L14,#35,GW252/13600,(3)待机状态,3,2025-07-05 00:31:55,2025-07-05 05:43:48,18713,5.2
3452,L14,#35,GW252/13600,(2)停机状态,2,2025-07-05 00:31:54,2025-07-05 00:31:55,1,0
3453,L14,#35,GW252/13600,(1)停机过程,1,2025-07-05 00:31:22,2025-07-05 00:31:54,32,0.01
3454,L14,#35,GW252/13600,(4)启机状态,4,2025-07-05 00:26:22,2025-07-05 00:31:22,300,0.08
3455,L14,#35,GW252/13600,(3)待机状态,3,2025-07-05 00:23:32,2025-07-05 00:26:22,170,0.05
3456,L14,#35,GW252/13600,(2)停机状态,2,2025-07-05 00:20:04,2025-07-05 00:23:32,208,0.06
3457,L14,#35,GW252/13600,(1)停机过程,1,2025-07-05 00:19:32,2025-07-05 00:20:04,32,0.01
3458,L14,#35,GW252/13600,(4)启机状态,4,2025-07-05 00:14:32,2025-07-05 00:19:32,300,0.08
3459,L14,#35,GW252/13600,(3)待机状态,3,2025-07-05 00:12:46,2025-07-05 00:14:32,106,0.03
3460,L14,#35,GW252/13600,(2)停机状态,2,2025-07-05 00:10:42,2025-07-05 00:12:46,124,0.03
3461,L14,#35,GW252/13600,(1)停机过程,1,2025-07-05 00:10:10,2025-07-05 00:10:42,32,0.01
3462,L14,#35,GW252/13600,(4)启机状态,4,2025-07-05 00:05:09,2025-07-05 00:10:10,301,0.08
3463,L14,#35,GW252/13600,(3)待机状态,3,2025-07-04 23:52:44,2025-07-05 00:05:09,745,0.21
3464,L14,#35,GW252/13600,(2)停机状态,2,2025-07-04 23:47:07,2025-07-04 23:52:44,337,0.09
3465,L14,#35,GW252/13600,(1)停机过程,1,2025-07-04 23:46:36,2025-07-04 23:47:07,31,0.01
3466,L14,#35,GW252/13600,(4)启机状态,4,2025-07-04 23:41:36,2025-07-04 23:46:36,300,0.08
3467,L14,#35,GW252/13600,(3)待机状态,3,2025-07-04 23:37:52,2025-07-04 23:41:36,224,0.06
3468,L14,#35,GW252/13600,(2)停机状态,2,2025-07-04 23:36:51,2025-07-04 23:37:52,61,0.02
3469,L14,#35,GW252/13600,(1)停机过程,1,2025-07-04 23:36:19,2025-07-04 23:36:51,32,0.01
3470,L14,#35,GW252/13600,(4)启机状态,4,2025-07-04 23:31:19,2025-07-04 23:36:19,300,0.08
3471,L14,#35,GW252/13600,(3)待机状态,3,2025-07-04 23:22:54,2025-07-04 23:31:19,505,0.14
3472,L14,#35,GW252/13600,(2)停机状态,2,2025-07-04 23:22:12,2025-07-04 23:22:54,42,0.01
3473,L14,#35,GW252/13600,(1)停机过程,1,2025-07-04 23:21:40,2025-07-04 23:22:12,32,0.01
3474,L14,#35,GW252/13600,(4)启机状态,4,2025-07-04 23:16:40,2025-07-04 23:21:40,300,0.08
3475,L14,#35,GW252/13600,(3)待机状态,3,2025-07-04 23:15:17,2025-07-04 23:16:40,83,0.02
3476,L14,#35,GW252/13600,(2)停机状态,2,2025-07-04 23:09:40,2025-07-04 23:15:17,337,0.09
3477,L14,#35,GW252/13600,(1)停机过程,1,2025-07-04 23:09:08,2025-07-04 23:09:40,32,0.01
3478,L14,#35,GW252/13600,(4)启机状态,4,2025-07-04 23:04:08,2025-07-04 23:09:08,300,0.08
3479,L14,#35,GW252/13600,(3)待机状态,3,2025-07-04 23:03:07,2025-07-04 23:04:08,61,0.02
3480,L14,#35,GW252/13600,(2)停机状态,2,2025-07-04 23:03:06,2025-07-04 23:03:07,1,0
3481,L14,#35,GW252/13600,(1)停机过程,1,2025-07-04 23:02:35,2025-07-04 23:03:06,31,0.01
3482,L14,#35,GW252/13600,(4)启机状态,4,2025-07-04 22:57:34,2025-07-04 23:02:35,301,0.08
3483,L14,#35,GW252/13600,(3)待机状态,3,2025-07-04 22:56:01,2025-07-04 22:57:34,93,0.03
3484,L14,#35,GW252/13600,(2)停机状态,2,2025-07-04 22:56:00,2025-07-04 22:56:01,1,0
3485,L14,#35,GW252/13600,(1)停机过程,1,2025-07-04 22:55:29,2025-07-04 22:56:00,31,0.01
3486,L14,#35,GW252/13600,(4)启机状态,4,2025-07-04 22:50:29,2025-07-04 22:55:29,300,0.08
3487,L14,#35,GW252/13600,(3)待机状态,3,2025-07-04 22:48:55,2025-07-04 22:50:29,94,0.03
3488,L14,#35,GW252/13600,(2)停机状态,2,2025-07-04 22:48:53,2025-07-04 22:48:55,2,0
3489,L14,#35,GW252/13600,(1)停机过程,1,2025-07-04 22:48:21,2025-07-04 22:48:53,32,0.01
3490,L14,#35,GW252/13600,(4)启机状态,4,2025-07-04 22:43:22,2025-07-04 22:48:21,299,0.08
3491,L14,#35,GW252/13600,(3)待机状态,3,2025-07-04 22:35:02,2025-07-04 22:43:22,500,0.14
3492,L14,#35,GW252/13600,(2)停机状态,2,2025-07-04 22:35:01,2025-07-04 22:35:02,1,0
3493,L14,#35,GW252/13600,(1)停机过程,1,2025-07-04 22:34:29,2025-07-04 22:35:01,32,0.01
3494,L14,#35,GW252/13600,(4)启机状态,4,2025-07-04 22:29:29,2025-07-04 22:34:29,300,0.08
3495,L14,#35,GW252/13600,(3)待机状态,3,2025-07-04 22:28:27,2025-07-04 22:29:29,62,0.02
3496,L14,#35,GW252/13600,(2)停机状态,2,2025-07-04 22:28:25,2025-07-04 22:28:27,2,0
3497,L14,#35,GW252/13600,(1)停机过程,1,2025-07-04 22:27:54,2025-07-04 22:28:25,31,0.01
3498,L14,#35,GW252/13600,(4)启机状态,4,2025-07-04 22:22:55,2025-07-04 22:27:54,299,0.08
3499,L14,#35,GW252/13600,(3)待机状态,3,2025-07-04 22:21:27,2025-07-04 22:22:55,88,0.02
3500,L14,#35,GW252/13600,(2)停机状态,2,2025-07-04 22:19:59,2025-07-04 22:21:27,88,0.02
3501,L14,#35,GW252/13600,(1)停机过程,1,2025-07-04 22:19:27,2025-07-04 22:19:59,32,0.01
3502,L14,#35,GW252/13600,(4)启机状态,4,2025-07-04 22:14:28,2025-07-04 22:19:27,299,0.08
3503,L14,#35,GW252/13600,(3)待机状态,3,2025-07-04 22:06:06,2025-07-04 22:14:28,502,0.14
3504,L14,#35,GW252/13600,(2)停机状态,2,2025-07-04 22:06:04,2025-07-04 22:06:06,2,0
3505,L14,#35,GW252/13600,(1)停机过程,1,2025-07-04 22:05:34,2025-07-04 22:06:04,30,0.01
3506,L14,#35,GW252/13600,(4)启机状态,4,2025-07-04 22:00:33,2025-07-04 22:05:34,301,0.08
3507,L14,#35,GW252/13600,(3)待机状态,3,2025-07-04 21:59:29,2025-07-04 22:00:33,64,0.02
3508,L14,#35,GW252/13600,(2)停机状态,2,2025-07-04 21:59:27,2025-07-04 21:59:29,2,0
3509,L14,#35,GW252/13600,(1)停机过程,1,2025-07-04 21:58:55,2025-07-04 21:59:27,32,0.01
3510,L14,#35,GW252/13600,(4)启机状态,4,2025-07-04 21:53:56,2025-07-04 21:58:55,299,0.08
3511,L14,#35,GW252/13600,(3)待机状态,3,2025-07-04 21:52:41,2025-07-04 21:53:56,75,0.02
3512,L14,#35,GW252/13600,(1)停机过程,1,2025-07-04 21:52:08,2025-07-04 21:52:41,33,0.01
3513,L14,#35,GW252/13600,(4)启机状态,4,2025-07-04 21:47:08,2025-07-04 21:52:08,300,0.08
3514,L14,#35,GW252/13600,(3)待机状态,3,2025-07-04 21:42:46,2025-07-04 21:47:08,262,0.07
3515,L14,#35,GW252/13600,(2)停机状态,2,2025-07-04 21:42:10,2025-07-04 21:42:46,36,0.01
3516,L14,#35,GW252/13600,(1)停机过程,1,2025-07-04 21:41:39,2025-07-04 21:42:10,31,0.01
3517,L14,#35,GW252/13600,(4)启机状态,4,2025-07-04 21:36:39,2025-07-04 21:41:39,300,0.08
3518,L14,#35,GW252/13600,(3)待机状态,3,2025-07-04 21:32:26,2025-07-04 21:36:39,253,0.07
3519,L14,#35,GW252/13600,(2)停机状态,2,2025-07-04 21:28:16,2025-07-04 21:32:26,250,0.07
3520,L14,#35,GW252/13600,(1)停机过程,1,2025-07-04 21:27:20,2025-07-04 21:28:16,56,0.02
3521,L14,#35,GW252/13600,(5)发电状态,5,2025-07-04 15:53:45,2025-07-04 21:27:20,20015,5.56
3522,L14,#35,GW252/13600,(4)启机状态,4,2025-07-04 15:51:22,2025-07-04 15:53:45,143,0.04
3523,L14,#35,GW252/13600,(3)待机状态,3,2025-07-04 15:50:22,2025-07-04 15:51:22,60,0.02
3524,L14,#35,GW252/13600,(2)停机状态,2,2025-07-04 15:50:21,2025-07-04 15:50:22,1,0
3525,L14,#35,GW252/13600,(1)停机过程,1,2025-07-04 15:49:49,2025-07-04 15:50:21,32,0.01
3526,L14,#35,GW252/13600,(4)启机状态,4,2025-07-04 15:44:48,2025-07-04 15:49:49,301,0.08
3527,L14,#35,GW252/13600,(3)待机状态,3,2025-07-04 15:43:48,2025-07-04 15:44:48,60,0.02
3528,L14,#35,GW252/13600,(1)停机过程,1,2025-07-04 15:42:51,2025-07-04 15:43:48,57,0.02
3529,L14,#35,GW252/13600,(5)发电状态,5,2025-07-01 15:40:25,2025-07-04 15:42:51,259346,72.04
3530,L14,#35,GW252/13600,(4)启机状态,4,2025-07-01 15:39:25,2025-07-01 15:40:25,60,0.02
3531,L14,#35,GW252/13600,(3)待机状态,3,2025-07-01 15:38:41,2025-07-01 15:39:25,44,0.01
3532,L14,#35,GW252/13600,(2)停机状态,2,2025-07-01 15:38:32,2025-07-01 15:38:41,9,0
3533,L14,#35,GW252/13600,(1)停机过程,1,2025-07-01 15:38:21,2025-07-01 15:38:32,11,0
3534,L14,#35,GW252/13600,(9)维护状态,9,2025-07-01 12:32:44,2025-07-01 15:38:21,11137,3.09
3535,L14,#35,GW252/13600,(1)停机过程,1,2025-07-01 12:31:43,2025-07-01 12:32:44,61,0.02
3536,L14,#35,GW252/13600,(5)发电状态,5,2025-07-01 12:24:05,2025-07-01 12:31:43,458,0.13
3537,L14,#35,GW252/13600,(4)启机状态,4,2025-07-01 12:19:06,2025-07-01 12:24:05,299,0.08
3538,L14,#35,GW252/13600,(3)待机状态,3,2025-07-01 12:18:05,2025-07-01 12:19:06,61,0.02
3539,L14,#35,GW252/13600,(2)停机状态,2,2025-07-01 12:18:04,2025-07-01 12:18:05,1,0
3540,L14,#35,GW252/13600,(1)停机过程,1,2025-07-01 12:17:33,2025-07-01 12:18:04,31,0.01
3541,L14,#35,GW252/13600,(4)启机状态,4,2025-07-01 12:12:33,2025-07-01 12:17:33,300,0.08
3542,L14,#35,GW252/13600,(3)待机状态,3,2025-07-01 12:11:28,2025-07-01 12:12:33,65,0.02
3543,L14,#35,GW252/13600,(2)停机状态,2,2025-07-01 12:11:27,2025-07-01 12:11:28,1,0
3544,L14,#35,GW252/13600,(1)停机过程,1,2025-07-01 12:10:55,2025-07-01 12:11:27,32,0.01
3545,L14,#35,GW252/13600,(4)启机状态,4,2025-07-01 12:05:54,2025-07-01 12:10:55,301,0.08
3546,L14,#35,GW252/13600,(3)待机状态,3,2025-07-01 12:00:32,2025-07-01 12:05:54,322,0.09
3547,L14,#35,GW252/13600,(2)停机状态,2,2025-07-01 11:59:16,2025-07-01 12:00:32,76,0.02
3548,L14,#35,GW252/13600,(1)停机过程,1,2025-07-01 11:58:19,2025-07-01 11:59:16,57,0.02
3549,L14,#35,GW252/13600,(5)发电状态,5,2025-07-01 08:09:59,2025-07-01 11:58:19,13700,3.81
3550,L14,#35,GW252/13600,(4)启机状态,4,2025-07-01 08:07:24,2025-07-01 08:09:59,155,0.04
3551,L14,#35,GW252/13600,(3)待机状态,3,2025-07-01 08:06:30,2025-07-01 08:07:24,54,0.02
3552,L14,#35,GW252/13600,(2)停机状态,2,2025-07-01 08:06:29,2025-07-01 08:06:30,1,0
3553,L14,#35,GW252/13600,(1)停机过程,1,2025-07-01 08:05:32,2025-07-01 08:06:29,57,0.02
3554,L14,#35,GW252/13600,(5)发电状态,5,2025-07-01 05:54:09,2025-07-01 08:05:32,7883,2.19
3555,L14,#35,GW252/13600,(4)启机状态,4,2025-07-01 05:50:52,2025-07-01 05:54:09,197,0.05
3556,L14,#35,GW252/13600,(3)待机状态,3,2025-07-01 05:49:45,2025-07-01 05:50:52,67,0.02
3557,L14,#35,GW252/13600,(2)停机状态,2,2025-07-01 05:49:44,2025-07-01 05:49:45,1,0
3558,L14,#35,GW252/13600,(1)停机过程,1,2025-07-01 05:49:11,2025-07-01 05:49:44,33,0.01
3559,L14,#35,GW252/13600,(4)启机状态,4,2025-07-01 05:44:11,2025-07-01 05:49:11,300,0.08
3560,L14,#35,GW252/13600,(3)待机状态,3,2025-07-01 05:41:28,2025-07-01 05:44:11,163,0.05
3561,L14,#35,GW252/13600,(2)停机状态,2,2025-07-01 05:41:26,2025-07-01 05:41:28,2,0
3562,L14,#35,GW252/13600,(1)停机过程,1,2025-07-01 05:40:55,2025-07-01 05:41:26,31,0.01
3563,L14,#35,GW252/13600,(4)启机状态,4,2025-07-01 05:35:53,2025-07-01 05:40:55,302,0.08
3564,L14,#35,GW252/13600,(3)待机状态,3,2025-07-01 05:34:37,2025-07-01 05:35:53,76,0.02
3565,L14,#35,GW252/13600,(2)停机状态,2,2025-07-01 05:34:36,2025-07-01 05:34:37,1,0
3566,L14,#35,GW252/13600,(1)停机过程,1,2025-07-01 05:33:43,2025-07-01 05:34:36,53,0.01
3567,L14,#35,GW252/13600,(4)启机状态,4,2025-07-01 05:28:43,2025-07-01 05:33:43,300,0.08
3568,L14,#35,GW252/13600,(3)待机状态,3,2025-07-01 03:58:05,2025-07-01 05:28:43,5438,1.51
3569,L14,#35,GW252/13600,(2)停机状态,2,2025-07-01 03:58:01,2025-07-01 03:58:05,4,0
3570,L14,#35,GW252/13600,(1)停机过程,1,2025-07-01 03:57:29,2025-07-01 03:58:01,32,0.01
3571,L14,#35,GW252/13600,(4)启机状态,4,2025-07-01 03:52:29,2025-07-01 03:57:29,300,0.08
3572,L14,#35,GW252/13600,(3)待机状态,3,2025-07-01 03:44:25,2025-07-01 03:52:29,484,0.13
3573,L14,#35,GW252/13600,(2)停机状态,2,2025-07-01 03:44:22,2025-07-01 03:44:25,3,0
3574,L14,#35,GW252/13600,(1)停机过程,1,2025-07-01 03:43:50,2025-07-01 03:44:22,32,0.01
3575,L14,#35,GW252/13600,(4)启机状态,4,2025-07-01 03:38:50,2025-07-01 03:43:50,300,0.08
3576,L14,#35,GW252/13600,(3)待机状态,3,2025-07-01 03:21:37,2025-07-01 03:38:50,1033,0.29
3577,L14,#35,GW252/13600,(2)停机状态,2,2025-07-01 03:15:59,2025-07-01 03:21:37,338,0.09
3578,L14,#35,GW252/13600,(1)停机过程,1,2025-07-01 03:15:02,2025-07-01 03:15:59,57,0.02
3579,L14,#35,GW252/13600,(5)发电状态,5,2025-06-30 16:57:54,2025-07-01 03:15:02,37028,10.29
3580,L14,#35,GW252/13600,(4)启机状态,4,2025-06-30 16:53:43,2025-06-30 16:57:54,251,0.07
3581,L14,#35,GW252/13600,(3)待机状态,3,2025-06-30 16:52:12,2025-06-30 16:53:43,91,0.03
3582,L14,#35,GW252/13600,(2)停机状态,2,2025-06-30 16:50:28,2025-06-30 16:52:12,104,0.03
3583,L14,#35,GW252/13600,(1)停机过程,1,2025-06-30 16:49:57,2025-06-30 16:50:28,31,0.01
3584,L14,#35,GW252/13600,(4)启机状态,4,2025-06-30 16:44:57,2025-06-30 16:49:57,300,0.08
3585,L14,#35,GW252/13600,(3)待机状态,3,2025-06-30 16:41:52,2025-06-30 16:44:57,185,0.05
3586,L14,#35,GW252/13600,(2)停机状态,2,2025-06-30 16:40:10,2025-06-30 16:41:52,102,0.03
3587,L14,#35,GW252/13600,(1)停机过程,1,2025-06-30 16:39:14,2025-06-30 16:40:10,56,0.02
3588,L14,#35,GW252/13600,(5)发电状态,5,2025-06-30 14:12:24,2025-06-30 16:39:14,8810,2.45
3589,L14,#35,GW252/13600,(4)启机状态,4,2025-06-30 14:07:42,2025-06-30 14:12:24,282,0.08
3590,L14,#35,GW252/13600,(3)待机状态,3,2025-06-30 14:06:46,2025-06-30 14:07:42,56,0.02
3591,L14,#35,GW252/13600,(1)停机过程,1,2025-06-30 14:06:12,2025-06-30 14:06:46,34,0.01
3592,L14,#35,GW252/13600,(4)启机状态,4,2025-06-30 14:01:12,2025-06-30 14:06:12,300,0.08
3593,L14,#35,GW252/13600,(3)待机状态,3,2025-06-30 13:54:26,2025-06-30 14:01:12,406,0.11
3594,L14,#35,GW252/13600,(2)停机状态,2,2025-06-30 13:54:25,2025-06-30 13:54:26,1,0
3595,L14,#35,GW252/13600,(1)停机过程,1,2025-06-30 13:53:30,2025-06-30 13:54:25,55,0.02
3596,L14,#35,GW252/13600,(5)发电状态,5,2025-06-30 12:49:39,2025-06-30 13:53:30,3831,1.06
3597,L14,#35,GW252/13600,(4)启机状态,4,2025-06-30 12:45:42,2025-06-30 12:49:39,237,0.07
3598,L14,#35,GW252/13600,(3)待机状态,3,2025-06-30 12:43:38,2025-06-30 12:45:42,124,0.03
3599,L14,#35,GW252/13600,(2)停机状态,2,2025-06-30 12:43:36,2025-06-30 12:43:38,2,0
3600,L14,#35,GW252/13600,(1)停机过程,1,2025-06-30 12:42:39,2025-06-30 12:43:36,57,0.02
3601,L14,#35,GW252/13600,(5)发电状态,5,2025-06-30 01:37:34,2025-06-30 12:42:39,39905,11.08
3602,L14,#35,GW252/13600,(4)启机状态,4,2025-06-30 01:35:55,2025-06-30 01:37:34,99,0.03
3603,L14,#35,GW252/13600,(3)待机状态,3,2025-06-30 01:34:59,2025-06-30 01:35:55,56,0.02
3604,L14,#35,GW252/13600,(2)停机状态,2,2025-06-30 01:34:56,2025-06-30 01:34:59,3,0
3605,L14,#35,GW252/13600,(1)停机过程,1,2025-06-30 01:34:25,2025-06-30 01:34:56,31,0.01
3606,L14,#35,GW252/13600,(4)启机状态,4,2025-06-30 01:29:25,2025-06-30 01:34:25,300,0.08
3607,L14,#35,GW252/13600,(3)待机状态,3,2025-06-30 01:26:32,2025-06-30 01:29:25,173,0.05
3608,L14,#35,GW252/13600,(2)停机状态,2,2025-06-30 01:26:31,2025-06-30 01:26:32,1,0
3609,L14,#35,GW252/13600,(1)停机过程,1,2025-06-30 01:25:59,2025-06-30 01:26:31,32,0.01
3610,L14,#35,GW252/13600,(4)启机状态,4,2025-06-30 01:20:59,2025-06-30 01:25:59,300,0.08
3611,L14,#35,GW252/13600,(3)待机状态,3,2025-06-30 01:20:01,2025-06-30 01:20:59,58,0.02
3612,L14,#35,GW252/13600,(2)停机状态,2,2025-06-30 01:19:59,2025-06-30 01:20:01,2,0
3613,L14,#35,GW252/13600,(1)停机过程,1,2025-06-30 01:19:27,2025-06-30 01:19:59,32,0.01
3614,L14,#35,GW252/13600,(4)启机状态,4,2025-06-30 01:14:28,2025-06-30 01:19:27,299,0.08
3615,L14,#35,GW252/13600,(3)待机状态,3,2025-06-30 01:13:30,2025-06-30 01:14:28,58,0.02
3616,L14,#35,GW252/13600,(2)停机状态,2,2025-06-30 01:10:54,2025-06-30 01:13:30,156,0.04
3617,L14,#35,GW252/13600,(1)停机过程,1,2025-06-30 01:09:59,2025-06-30 01:10:54,55,0.02
3618,L14,#35,GW252/13600,(5)发电状态,5,2025-06-29 18:39:18,2025-06-30 01:09:59,23441,6.51
3619,L14,#35,GW252/13600,(4)启机状态,4,2025-06-29 18:34:46,2025-06-29 18:39:18,272,0.08
3620,L14,#35,GW252/13600,(3)待机状态,3,2025-06-29 18:33:34,2025-06-29 18:34:46,72,0.02
3621,L14,#35,GW252/13600,(2)停机状态,2,2025-06-29 18:33:32,2025-06-29 18:33:34,2,0
3622,L14,#35,GW252/13600,(1)停机过程,1,2025-06-29 18:33:00,2025-06-29 18:33:32,32,0.01
3623,L14,#35,GW252/13600,(4)启机状态,4,2025-06-29 18:28:00,2025-06-29 18:33:00,300,0.08
3624,L14,#35,GW252/13600,(3)待机状态,3,2025-06-29 18:27:07,2025-06-29 18:28:00,53,0.01
3625,L14,#35,GW252/13600,(2)停机状态,2,2025-06-29 18:27:06,2025-06-29 18:27:07,1,0
3626,L14,#35,GW252/13600,(1)停机过程,1,2025-06-29 18:26:10,2025-06-29 18:27:06,56,0.02
3627,L14,#35,GW252/13600,(4)启机状态,4,2025-06-29 18:21:10,2025-06-29 18:26:10,300,0.08
3628,L14,#35,GW252/13600,(3)待机状态,3,2025-06-29 18:18:31,2025-06-29 18:21:10,159,0.04
3629,L14,#35,GW252/13600,(2)停机状态,2,2025-06-29 18:16:47,2025-06-29 18:18:31,104,0.03
3630,L14,#35,GW252/13600,(1)停机过程,1,2025-06-29 18:16:15,2025-06-29 18:16:47,32,0.01
3631,L14,#35,GW252/13600,(4)启机状态,4,2025-06-29 18:11:15,2025-06-29 18:16:15,300,0.08
3632,L14,#35,GW252/13600,(3)待机状态,3,2025-06-29 18:09:42,2025-06-29 18:11:15,93,0.03
3633,L14,#35,GW252/13600,(2)停机状态,2,2025-06-29 18:09:39,2025-06-29 18:09:42,3,0
3634,L14,#35,GW252/13600,(1)停机过程,1,2025-06-29 18:09:08,2025-06-29 18:09:39,31,0.01
3635,L14,#35,GW252/13600,(4)启机状态,4,2025-06-29 18:04:08,2025-06-29 18:09:08,300,0.08
3636,L14,#35,GW252/13600,(3)待机状态,3,2025-06-29 18:01:20,2025-06-29 18:04:08,168,0.05
3637,L14,#35,GW252/13600,(2)停机状态,2,2025-06-29 18:01:19,2025-06-29 18:01:20,1,0
3638,L14,#35,GW252/13600,(1)停机过程,1,2025-06-29 18:00:47,2025-06-29 18:01:19,32,0.01
3639,L14,#35,GW252/13600,(4)启机状态,4,2025-06-29 17:55:47,2025-06-29 18:00:47,300,0.08
3640,L14,#35,GW252/13600,(3)待机状态,3,2025-06-29 17:54:49,2025-06-29 17:55:47,58,0.02
3641,L14,#35,GW252/13600,(2)停机状态,2,2025-06-29 17:54:47,2025-06-29 17:54:49,2,0
3642,L14,#35,GW252/13600,(1)停机过程,1,2025-06-29 17:54:15,2025-06-29 17:54:47,32,0.01
3643,L14,#35,GW252/13600,(4)启机状态,4,2025-06-29 17:49:15,2025-06-29 17:54:15,300,0.08
3644,L14,#35,GW252/13600,(3)待机状态,3,2025-06-29 17:39:59,2025-06-29 17:49:15,556,0.15
3645,L14,#35,GW252/13600,(2)停机状态,2,2025-06-29 17:34:23,2025-06-29 17:39:59,336,0.09
3646,L14,#35,GW252/13600,(1)停机过程,1,2025-06-29 17:33:26,2025-06-29 17:34:23,57,0.02
3647,L14,#35,GW252/13600,(5)发电状态,5,2025-06-29 16:52:51,2025-06-29 17:33:26,2435,0.68
3648,L14,#35,GW252/13600,(4)启机状态,4,2025-06-29 16:48:45,2025-06-29 16:52:51,246,0.07
3649,L14,#35,GW252/13600,(3)待机状态,3,2025-06-29 16:43:27,2025-06-29 16:48:45,318,0.09
3650,L14,#35,GW252/13600,(2)停机状态,2,2025-06-29 16:43:25,2025-06-29 16:43:27,2,0
3651,L14,#35,GW252/13600,(1)停机过程,1,2025-06-29 16:42:30,2025-06-29 16:43:25,55,0.02
3652,L14,#35,GW252/13600,(5)发电状态,5,2025-06-29 16:04:21,2025-06-29 16:42:30,2289,0.64
3653,L14,#35,GW252/13600,(4)启机状态,4,2025-06-29 16:02:40,2025-06-29 16:04:21,101,0.03
3654,L14,#35,GW252/13600,(3)待机状态,3,2025-06-29 16:01:44,2025-06-29 16:02:40,56,0.02
3655,L14,#35,GW252/13600,(2)停机状态,2,2025-06-29 16:01:42,2025-06-29 16:01:44,2,0
3656,L14,#35,GW252/13600,(1)停机过程,1,2025-06-29 16:00:46,2025-06-29 16:01:42,56,0.02
3657,L14,#35,GW252/13600,(4)启机状态,4,2025-06-29 15:55:46,2025-06-29 16:00:46,300,0.08
3658,L14,#35,GW252/13600,(3)待机状态,3,2025-06-29 15:54:40,2025-06-29 15:55:46,66,0.02
3659,L14,#35,GW252/13600,(2)停机状态,2,2025-06-29 15:54:38,2025-06-29 15:54:40,2,0
3660,L14,#35,GW252/13600,(1)停机过程,1,2025-06-29 15:54:07,2025-06-29 15:54:38,31,0.01
3661,L14,#35,GW252/13600,(4)启机状态,4,2025-06-29 15:49:07,2025-06-29 15:54:07,300,0.08
3662,L14,#35,GW252/13600,(3)待机状态,3,2025-06-29 15:44:28,2025-06-29 15:49:07,279,0.08
3663,L14,#35,GW252/13600,(2)停机状态,2,2025-06-29 15:44:27,2025-06-29 15:44:28,1,0
3664,L14,#35,GW252/13600,(1)停机过程,1,2025-06-29 15:43:54,2025-06-29 15:44:27,33,0.01
3665,L14,#35,GW252/13600,(4)启机状态,4,2025-06-29 15:38:54,2025-06-29 15:43:54,300,0.08
3666,L14,#35,GW252/13600,(3)待机状态,3,2025-06-29 15:37:44,2025-06-29 15:38:54,70,0.02
3667,L14,#35,GW252/13600,(2)停机状态,2,2025-06-29 15:37:43,2025-06-29 15:37:44,1,0
3668,L14,#35,GW252/13600,(1)停机过程,1,2025-06-29 15:37:13,2025-06-29 15:37:43,30,0.01
3669,L14,#35,GW252/13600,(4)启机状态,4,2025-06-29 15:32:13,2025-06-29 15:37:13,300,0.08
3670,L14,#35,GW252/13600,(3)待机状态,3,2025-06-29 15:31:07,2025-06-29 15:32:13,66,0.02
3671,L14,#35,GW252/13600,(2)停机状态,2,2025-06-29 15:31:06,2025-06-29 15:31:07,1,0
3672,L14,#35,GW252/13600,(1)停机过程,1,2025-06-29 15:30:34,2025-06-29 15:31:06,32,0.01
3673,L14,#35,GW252/13600,(4)启机状态,4,2025-06-29 15:25:34,2025-06-29 15:30:34,300,0.08
3674,L14,#35,GW252/13600,(3)待机状态,3,2025-06-29 15:24:27,2025-06-29 15:25:34,67,0.02
3675,L14,#35,GW252/13600,(2)停机状态,2,2025-06-29 15:24:26,2025-06-29 15:24:27,1,0
3676,L14,#35,GW252/13600,(1)停机过程,1,2025-06-29 15:23:55,2025-06-29 15:24:26,31,0.01
3677,L14,#35,GW252/13600,(4)启机状态,4,2025-06-29 15:18:55,2025-06-29 15:23:55,300,0.08
3678,L14,#35,GW252/13600,(3)待机状态,3,2025-06-29 15:17:58,2025-06-29 15:18:55,57,0.02
3679,L14,#35,GW252/13600,(2)停机状态,2,2025-06-29 15:17:56,2025-06-29 15:17:58,2,0
3680,L14,#35,GW252/13600,(1)停机过程,1,2025-06-29 15:17:25,2025-06-29 15:17:56,31,0.01
3681,L14,#35,GW252/13600,(4)启机状态,4,2025-06-29 15:12:23,2025-06-29 15:17:25,302,0.08
3682,L14,#35,GW252/13600,(3)待机状态,3,2025-06-29 15:11:20,2025-06-29 15:12:23,63,0.02
3683,L14,#35,GW252/13600,(2)停机状态,2,2025-06-29 15:11:18,2025-06-29 15:11:20,2,0
3684,L14,#35,GW252/13600,(1)停机过程,1,2025-06-29 15:10:47,2025-06-29 15:11:18,31,0.01
3685,L14,#35,GW252/13600,(4)启机状态,4,2025-06-29 15:05:47,2025-06-29 15:10:47,300,0.08
3686,L14,#35,GW252/13600,(3)待机状态,3,2025-06-29 15:04:31,2025-06-29 15:05:47,76,0.02
3687,L14,#35,GW252/13600,(2)停机状态,2,2025-06-29 15:01:45,2025-06-29 15:04:31,166,0.05
3688,L14,#35,GW252/13600,(1)停机过程,1,2025-06-29 15:00:48,2025-06-29 15:01:45,57,0.02
3689,L14,#35,GW252/13600,(5)发电状态,5,2025-06-29 13:19:15,2025-06-29 15:00:48,6093,1.69
3690,L14,#35,GW252/13600,(4)启机状态,4,2025-06-29 13:17:18,2025-06-29 13:19:15,117,0.03
3691,L14,#35,GW252/13600,(3)待机状态,3,2025-06-29 13:16:27,2025-06-29 13:17:18,51,0.01
3692,L14,#35,GW252/13600,(2)停机状态,2,2025-06-29 13:16:25,2025-06-29 13:16:27,2,0
3693,L14,#35,GW252/13600,(1)停机过程,1,2025-06-29 13:15:30,2025-06-29 13:16:25,55,0.02
3694,L14,#35,GW252/13600,(4)启机状态,4,2025-06-29 13:10:29,2025-06-29 13:15:30,301,0.08
3695,L14,#35,GW252/13600,(3)待机状态,3,2025-06-29 13:09:30,2025-06-29 13:10:29,59,0.02
3696,L14,#35,GW252/13600,(1)停机过程,1,2025-06-29 13:08:56,2025-06-29 13:09:30,34,0.01
3697,L14,#35,GW252/13600,(4)启机状态,4,2025-06-29 13:03:57,2025-06-29 13:08:56,299,0.08
3698,L14,#35,GW252/13600,(3)待机状态,3,2025-06-29 12:56:47,2025-06-29 13:03:57,430,0.12
3699,L14,#35,GW252/13600,(2)停机状态,2,2025-06-29 12:54:28,2025-06-29 12:56:47,139,0.04
3700,L14,#35,GW252/13600,(1)停机过程,1,2025-06-29 12:53:32,2025-06-29 12:54:28,56,0.02
3701,L14,#35,GW252/13600,(5)发电状态,5,2025-06-29 12:19:50,2025-06-29 12:53:32,2022,0.56
3702,L14,#35,GW252/13600,(4)启机状态,4,2025-06-29 12:16:21,2025-06-29 12:19:50,209,0.06
3703,L14,#35,GW252/13600,(3)待机状态,3,2025-06-29 12:15:28,2025-06-29 12:16:21,53,0.01
3704,L14,#35,GW252/13600,(1)停机过程,1,2025-06-29 12:14:56,2025-06-29 12:15:28,32,0.01
3705,L14,#35,GW252/13600,(4)启机状态,4,2025-06-29 12:09:56,2025-06-29 12:14:56,300,0.08
3706,L14,#35,GW252/13600,(3)待机状态,3,2025-06-29 12:08:12,2025-06-29 12:09:56,104,0.03
3707,L14,#35,GW252/13600,(2)停机状态,2,2025-06-29 12:08:11,2025-06-29 12:08:12,1,0
3708,L14,#35,GW252/13600,(1)停机过程,1,2025-06-29 12:07:15,2025-06-29 12:08:11,56,0.02
3709,L14,#35,GW252/13600,(5)发电状态,5,2025-06-29 10:47:31,2025-06-29 12:07:15,4784,1.33
3710,L14,#35,GW252/13600,(4)启机状态,4,2025-06-29 10:45:17,2025-06-29 10:47:31,134,0.04
3711,L14,#35,GW252/13600,(3)待机状态,3,2025-06-29 10:44:08,2025-06-29 10:45:17,69,0.02
3712,L14,#35,GW252/13600,(2)停机状态,2,2025-06-29 10:44:07,2025-06-29 10:44:08,1,0
3713,L14,#35,GW252/13600,(1)停机过程,1,2025-06-29 10:43:11,2025-06-29 10:44:07,56,0.02
3714,L14,#35,GW252/13600,(4)启机状态,4,2025-06-29 10:38:10,2025-06-29 10:43:11,301,0.08
3715,L14,#35,GW252/13600,(3)待机状态,3,2025-06-29 10:37:05,2025-06-29 10:38:10,65,0.02
3716,L14,#35,GW252/13600,(2)停机状态,2,2025-06-29 10:37:01,2025-06-29 10:37:05,4,0
3717,L14,#35,GW252/13600,(1)停机过程,1,2025-06-29 10:36:05,2025-06-29 10:37:01,56,0.02
3718,L14,#35,GW252/13600,(4)启机状态,4,2025-06-29 10:31:05,2025-06-29 10:36:05,300,0.08
3719,L14,#35,GW252/13600,(3)待机状态,3,2025-06-29 10:28:02,2025-06-29 10:31:05,183,0.05
3720,L14,#35,GW252/13600,(2)停机状态,2,2025-06-29 10:26:52,2025-06-29 10:28:02,70,0.02
3721,L14,#35,GW252/13600,(1)停机过程,1,2025-06-29 10:25:54,2025-06-29 10:26:52,58,0.02
3722,L14,#35,GW252/13600,(5)发电状态,5,2025-06-28 17:39:09,2025-06-29 10:25:54,60405,16.78
3723,L14,#35,GW252/13600,(4)启机状态,4,2025-06-28 17:35:33,2025-06-28 17:39:09,216,0.06
3724,L14,#35,GW252/13600,(3)待机状态,3,2025-06-28 17:33:59,2025-06-28 17:35:33,94,0.03
3725,L14,#35,GW252/13600,(2)停机状态,2,2025-06-28 17:33:58,2025-06-28 17:33:59,1,0
3726,L14,#35,GW252/13600,(1)停机过程,1,2025-06-28 17:33:26,2025-06-28 17:33:58,32,0.01
3727,L14,#35,GW252/13600,(4)启机状态,4,2025-06-28 17:28:25,2025-06-28 17:33:26,301,0.08
3728,L14,#35,GW252/13600,(3)待机状态,3,2025-06-28 17:27:19,2025-06-28 17:28:25,66,0.02
3729,L14,#35,GW252/13600,(2)停机状态,2,2025-06-28 17:27:17,2025-06-28 17:27:19,2,0
3730,L14,#35,GW252/13600,(1)停机过程,1,2025-06-28 17:26:45,2025-06-28 17:27:17,32,0.01
3731,L14,#35,GW252/13600,(4)启机状态,4,2025-06-28 17:21:46,2025-06-28 17:26:45,299,0.08
3732,L14,#35,GW252/13600,(3)待机状态,3,2025-06-28 17:13:02,2025-06-28 17:21:46,524,0.15
3733,L14,#35,GW252/13600,(2)停机状态,2,2025-06-28 17:12:17,2025-06-28 17:13:02,45,0.01
3734,L14,#35,GW252/13600,(1)停机过程,1,2025-06-28 17:11:46,2025-06-28 17:12:17,31,0.01
3735,L14,#35,GW252/13600,(4)启机状态,4,2025-06-28 17:06:46,2025-06-28 17:11:46,300,0.08
3736,L14,#35,GW252/13600,(3)待机状态,3,2025-06-28 17:04:41,2025-06-28 17:06:46,125,0.03
3737,L14,#35,GW252/13600,(2)停机状态,2,2025-06-28 17:04:37,2025-06-28 17:04:41,4,0
3738,L14,#35,GW252/13600,(1)停机过程,1,2025-06-28 17:04:04,2025-06-28 17:04:37,33,0.01
3739,L14,#35,GW252/13600,(4)启机状态,4,2025-06-28 16:59:04,2025-06-28 17:04:04,300,0.08
3740,L14,#35,GW252/13600,(3)待机状态,3,2025-06-28 16:54:14,2025-06-28 16:59:04,290,0.08
3741,L14,#35,GW252/13600,(2)停机状态,2,2025-06-28 16:54:12,2025-06-28 16:54:14,2,0
3742,L14,#35,GW252/13600,(1)停机过程,1,2025-06-28 16:53:42,2025-06-28 16:54:12,30,0.01
3743,L14,#35,GW252/13600,(4)启机状态,4,2025-06-28 16:48:41,2025-06-28 16:53:42,301,0.08
3744,L14,#35,GW252/13600,(3)待机状态,3,2025-06-28 16:46:27,2025-06-28 16:48:41,134,0.04
3745,L14,#35,GW252/13600,(2)停机状态,2,2025-06-28 16:45:57,2025-06-28 16:46:27,30,0.01
3746,L14,#35,GW252/13600,(1)停机过程,1,2025-06-28 16:45:26,2025-06-28 16:45:57,31,0.01
3747,L14,#35,GW252/13600,(4)启机状态,4,2025-06-28 16:40:26,2025-06-28 16:45:26,300,0.08
3748,L14,#35,GW252/13600,(3)待机状态,3,2025-06-28 16:37:15,2025-06-28 16:40:26,191,0.05
3749,L14,#35,GW252/13600,(2)停机状态,2,2025-06-28 16:37:13,2025-06-28 16:37:15,2,0
3750,L14,#35,GW252/13600,(1)停机过程,1,2025-06-28 16:36:41,2025-06-28 16:37:13,32,0.01
3751,L14,#35,GW252/13600,(4)启机状态,4,2025-06-28 16:31:41,2025-06-28 16:36:41,300,0.08
3752,L14,#35,GW252/13600,(3)待机状态,3,2025-06-28 16:30:28,2025-06-28 16:31:41,73,0.02
3753,L14,#35,GW252/13600,(2)停机状态,2,2025-06-28 16:30:27,2025-06-28 16:30:28,1,0
3754,L14,#35,GW252/13600,(1)停机过程,1,2025-06-28 16:29:31,2025-06-28 16:30:27,56,0.02
3755,L14,#35,GW252/13600,(5)发电状态,5,2025-06-28 15:56:12,2025-06-28 16:29:31,1999,0.56
3756,L14,#35,GW252/13600,(4)启机状态,4,2025-06-28 15:53:49,2025-06-28 15:56:12,143,0.04
3757,L14,#35,GW252/13600,(3)待机状态,3,2025-06-28 15:52:44,2025-06-28 15:53:49,65,0.02
3758,L14,#35,GW252/13600,(2)停机状态,2,2025-06-28 15:52:42,2025-06-28 15:52:44,2,0
3759,L14,#35,GW252/13600,(1)停机过程,1,2025-06-28 15:52:12,2025-06-28 15:52:42,30,0.01
3760,L14,#35,GW252/13600,(4)启机状态,4,2025-06-28 15:47:12,2025-06-28 15:52:12,300,0.08
3761,L14,#35,GW252/13600,(3)待机状态,3,2025-06-28 15:45:51,2025-06-28 15:47:12,81,0.02
3762,L14,#35,GW252/13600,(2)停机状态,2,2025-06-28 15:45:50,2025-06-28 15:45:51,1,0
3763,L14,#35,GW252/13600,(1)停机过程,1,2025-06-28 15:45:18,2025-06-28 15:45:50,32,0.01
3764,L14,#35,GW252/13600,(4)启机状态,4,2025-06-28 15:40:18,2025-06-28 15:45:18,300,0.08
3765,L14,#35,GW252/13600,(3)待机状态,3,2025-06-28 15:38:49,2025-06-28 15:40:18,89,0.02
3766,L14,#35,GW252/13600,(2)停机状态,2,2025-06-28 15:34:19,2025-06-28 15:38:49,270,0.08
3767,L14,#35,GW252/13600,(1)停机过程,1,2025-06-28 15:33:47,2025-06-28 15:34:19,32,0.01
3768,L14,#35,GW252/13600,(4)启机状态,4,2025-06-28 15:28:45,2025-06-28 15:33:47,302,0.08
3769,L14,#35,GW252/13600,(3)待机状态,3,2025-06-28 15:26:58,2025-06-28 15:28:45,107,0.03
3770,L14,#35,GW252/13600,(1)停机过程,1,2025-06-28 15:26:24,2025-06-28 15:26:58,34,0.01
3771,L14,#35,GW252/13600,(4)启机状态,4,2025-06-28 15:21:25,2025-06-28 15:26:24,299,0.08
3772,L14,#35,GW252/13600,(3)待机状态,3,2025-06-28 15:17:27,2025-06-28 15:21:25,238,0.07
3773,L14,#35,GW252/13600,(2)停机状态,2,2025-06-28 15:12:03,2025-06-28 15:17:27,324,0.09
3774,L14,#35,GW252/13600,(1)停机过程,1,2025-06-28 15:11:31,2025-06-28 15:12:03,32,0.01
3775,L14,#35,GW252/13600,(4)启机状态,4,2025-06-28 15:06:32,2025-06-28 15:11:31,299,0.08
3776,L14,#35,GW252/13600,(3)待机状态,3,2025-06-28 15:04:41,2025-06-28 15:06:32,111,0.03
3777,L14,#35,GW252/13600,(2)停机状态,2,2025-06-28 14:59:04,2025-06-28 15:04:41,337,0.09
3778,L14,#35,GW252/13600,(1)停机过程,1,2025-06-28 14:58:08,2025-06-28 14:59:04,56,0.02
3779,L14,#35,GW252/13600,(5)发电状态,5,2025-06-28 14:24:55,2025-06-28 14:58:08,1993,0.55
3780,L14,#35,GW252/13600,(4)启机状态,4,2025-06-28 14:21:10,2025-06-28 14:24:55,225,0.06
3781,L14,#35,GW252/13600,(3)待机状态,3,2025-06-28 14:19:40,2025-06-28 14:21:10,90,0.03
3782,L14,#35,GW252/13600,(2)停机状态,2,2025-06-28 14:19:38,2025-06-28 14:19:40,2,0
3783,L14,#35,GW252/13600,(1)停机过程,1,2025-06-28 14:19:07,2025-06-28 14:19:38,31,0.01
3784,L14,#35,GW252/13600,(4)启机状态,4,2025-06-28 14:14:07,2025-06-28 14:19:07,300,0.08
3785,L14,#35,GW252/13600,(3)待机状态,3,2025-06-28 14:12:57,2025-06-28 14:14:07,70,0.02
3786,L14,#35,GW252/13600,(2)停机状态,2,2025-06-28 14:12:56,2025-06-28 14:12:57,1,0
3787,L14,#35,GW252/13600,(1)停机过程,1,2025-06-28 14:12:23,2025-06-28 14:12:56,33,0.01
3788,L14,#35,GW252/13600,(4)启机状态,4,2025-06-28 14:07:24,2025-06-28 14:12:23,299,0.08
3789,L14,#35,GW252/13600,(3)待机状态,3,2025-06-28 14:06:15,2025-06-28 14:07:24,69,0.02
3790,L14,#35,GW252/13600,(2)停机状态,2,2025-06-28 14:06:13,2025-06-28 14:06:15,2,0
3791,L14,#35,GW252/13600,(1)停机过程,1,2025-06-28 14:05:42,2025-06-28 14:06:13,31,0.01
3792,L14,#35,GW252/13600,(4)启机状态,4,2025-06-28 14:00:42,2025-06-28 14:05:42,300,0.08
3793,L14,#35,GW252/13600,(3)待机状态,3,2025-06-28 13:36:38,2025-06-28 14:00:42,1444,0.4
3794,L14,#35,GW252/13600,(2)停机状态,2,2025-06-28 13:36:11,2025-06-28 13:36:38,27,0.01
3795,L14,#35,GW252/13600,(1)停机过程,1,2025-06-28 13:35:40,2025-06-28 13:36:11,31,0.01
3796,L14,#35,GW252/13600,(4)启机状态,4,2025-06-28 13:30:40,2025-06-28 13:35:40,300,0.08
3797,L14,#35,GW252/13600,(3)待机状态,3,2025-06-28 13:24:38,2025-06-28 13:30:40,362,0.1
3798,L14,#35,GW252/13600,(2)停机状态,2,2025-06-28 13:22:16,2025-06-28 13:24:38,142,0.04
3799,L14,#35,GW252/13600,(1)停机过程,1,2025-06-28 13:21:45,2025-06-28 13:22:16,31,0.01
3800,L14,#35,GW252/13600,(4)启机状态,4,2025-06-28 13:16:45,2025-06-28 13:21:45,300,0.08
3801,L14,#35,GW252/13600,(3)待机状态,3,2025-06-28 13:12:30,2025-06-28 13:16:45,255,0.07
3802,L14,#35,GW252/13600,(2)停机状态,2,2025-06-28 13:11:47,2025-06-28 13:12:30,43,0.01
3803,L14,#35,GW252/13600,(1)停机过程,1,2025-06-28 13:11:15,2025-06-28 13:11:47,32,0.01
3804,L14,#35,GW252/13600,(4)启机状态,4,2025-06-28 13:06:15,2025-06-28 13:11:15,300,0.08
3805,L14,#35,GW252/13600,(3)待机状态,3,2025-06-28 12:47:20,2025-06-28 13:06:15,1135,0.32
3806,L14,#35,GW252/13600,(2)停机状态,2,2025-06-28 12:44:33,2025-06-28 12:47:20,167,0.05
3807,L14,#35,GW252/13600,(1)停机过程,1,2025-06-28 12:44:01,2025-06-28 12:44:33,32,0.01
3808,L14,#35,GW252/13600,(4)启机状态,4,2025-06-28 12:39:01,2025-06-28 12:44:01,300,0.08
3809,L14,#35,GW252/13600,(3)待机状态,3,2025-06-28 12:36:05,2025-06-28 12:39:01,176,0.05
3810,L14,#35,GW252/13600,(2)停机状态,2,2025-06-28 12:36:03,2025-06-28 12:36:05,2,0
3811,L14,#35,GW252/13600,(1)停机过程,1,2025-06-28 12:35:32,2025-06-28 12:36:03,31,0.01
3812,L14,#35,GW252/13600,(4)启机状态,4,2025-06-28 12:30:32,2025-06-28 12:35:32,300,0.08
3813,L14,#35,GW252/13600,(3)待机状态,3,2025-06-28 12:29:31,2025-06-28 12:30:32,61,0.02
3814,L14,#35,GW252/13600,(2)停机状态,2,2025-06-28 12:29:29,2025-06-28 12:29:31,2,0
3815,L14,#35,GW252/13600,(1)停机过程,1,2025-06-28 12:28:57,2025-06-28 12:29:29,32,0.01
3816,L14,#35,GW252/13600,(4)启机状态,4,2025-06-28 12:23:57,2025-06-28 12:28:57,300,0.08
3817,L14,#35,GW252/13600,(3)待机状态,3,2025-06-28 12:22:57,2025-06-28 12:23:57,60,0.02
3818,L14,#35,GW252/13600,(2)停机状态,2,2025-06-28 12:22:55,2025-06-28 12:22:57,2,0
3819,L14,#35,GW252/13600,(1)停机过程,1,2025-06-28 12:22:23,2025-06-28 12:22:55,32,0.01
3820,L14,#35,GW252/13600,(4)启机状态,4,2025-06-28 12:17:23,2025-06-28 12:22:23,300,0.08
3821,L14,#35,GW252/13600,(3)待机状态,3,2025-06-28 12:09:19,2025-06-28 12:17:23,484,0.13
3822,L14,#35,GW252/13600,(2)停机状态,2,2025-06-28 12:09:18,2025-06-28 12:09:19,1,0
3823,L14,#35,GW252/13600,(1)停机过程,1,2025-06-28 12:08:46,2025-06-28 12:09:18,32,0.01
3824,L14,#35,GW252/13600,(4)启机状态,4,2025-06-28 12:03:46,2025-06-28 12:08:46,300,0.08
3825,L14,#35,GW252/13600,(3)待机状态,3,2025-06-28 12:01:18,2025-06-28 12:03:46,148,0.04
3826,L14,#35,GW252/13600,(2)停机状态,2,2025-06-28 11:59:48,2025-06-28 12:01:18,90,0.03
3827,L14,#35,GW252/13600,(1)停机过程,1,2025-06-28 11:59:17,2025-06-28 11:59:48,31,0.01
3828,L14,#35,GW252/13600,(4)启机状态,4,2025-06-28 11:54:16,2025-06-28 11:59:17,301,0.08
3829,L14,#35,GW252/13600,(3)待机状态,3,2025-06-28 11:52:11,2025-06-28 11:54:16,125,0.03
3830,L14,#35,GW252/13600,(2)停机状态,2,2025-06-28 11:52:09,2025-06-28 11:52:11,2,0
3831,L14,#35,GW252/13600,(1)停机过程,1,2025-06-28 11:51:37,2025-06-28 11:52:09,32,0.01
3832,L14,#35,GW252/13600,(4)启机状态,4,2025-06-28 11:46:37,2025-06-28 11:51:37,300,0.08
3833,L14,#35,GW252/13600,(3)待机状态,3,2025-06-28 11:43:01,2025-06-28 11:46:37,216,0.06
3834,L14,#35,GW252/13600,(2)停机状态,2,2025-06-28 11:42:59,2025-06-28 11:43:01,2,0
3835,L14,#35,GW252/13600,(1)停机过程,1,2025-06-28 11:42:29,2025-06-28 11:42:59,30,0.01
3836,L14,#35,GW252/13600,(4)启机状态,4,2025-06-28 11:37:29,2025-06-28 11:42:29,300,0.08
3837,L14,#35,GW252/13600,(3)待机状态,3,2025-06-28 11:36:25,2025-06-28 11:37:29,64,0.02
3838,L14,#35,GW252/13600,(2)停机状态,2,2025-06-28 11:36:24,2025-06-28 11:36:25,1,0
3839,L14,#35,GW252/13600,(1)停机过程,1,2025-06-28 11:35:52,2025-06-28 11:36:24,32,0.01
3840,L14,#35,GW252/13600,(4)启机状态,4,2025-06-28 11:30:52,2025-06-28 11:35:52,300,0.08
3841,L14,#35,GW252/13600,(3)待机状态,3,2025-06-28 11:29:32,2025-06-28 11:30:52,80,0.02
3842,L14,#35,GW252/13600,(2)停机状态,2,2025-06-28 11:29:31,2025-06-28 11:29:32,1,0
3843,L14,#35,GW252/13600,(1)停机过程,1,2025-06-28 11:29:00,2025-06-28 11:29:31,31,0.01
3844,L14,#35,GW252/13600,(4)启机状态,4,2025-06-28 11:23:59,2025-06-28 11:29:00,301,0.08
3845,L14,#35,GW252/13600,(3)待机状态,3,2025-06-28 11:21:36,2025-06-28 11:23:59,143,0.04
3846,L14,#35,GW252/13600,(2)停机状态,2,2025-06-28 11:21:34,2025-06-28 11:21:36,2,0
3847,L14,#35,GW252/13600,(1)停机过程,1,2025-06-28 11:21:02,2025-06-28 11:21:34,32,0.01
3848,L14,#35,GW252/13600,(4)启机状态,4,2025-06-28 11:16:03,2025-06-28 11:21:02,299,0.08
3849,L14,#35,GW252/13600,(3)待机状态,3,2025-06-28 11:14:53,2025-06-28 11:16:03,70,0.02
3850,L14,#35,GW252/13600,(2)停机状态,2,2025-06-28 11:14:52,2025-06-28 11:14:53,1,0
3851,L14,#35,GW252/13600,(1)停机过程,1,2025-06-28 11:14:20,2025-06-28 11:14:52,32,0.01
3852,L14,#35,GW252/13600,(4)启机状态,4,2025-06-28 11:09:20,2025-06-28 11:14:20,300,0.08
3853,L14,#35,GW252/13600,(3)待机状态,3,2025-06-28 11:07:55,2025-06-28 11:09:20,85,0.02
3854,L14,#35,GW252/13600,(2)停机状态,2,2025-06-28 11:07:53,2025-06-28 11:07:55,2,0
3855,L14,#35,GW252/13600,(1)停机过程,1,2025-06-28 11:07:22,2025-06-28 11:07:53,31,0.01
3856,L14,#35,GW252/13600,(4)启机状态,4,2025-06-28 11:02:22,2025-06-28 11:07:22,300,0.08
3857,L14,#35,GW252/13600,(3)待机状态,3,2025-06-28 11:01:05,2025-06-28 11:02:22,77,0.02
3858,L14,#35,GW252/13600,(2)停机状态,2,2025-06-28 11:01:02,2025-06-28 11:01:05,3,0
3859,L14,#35,GW252/13600,(1)停机过程,1,2025-06-28 11:00:31,2025-06-28 11:01:02,31,0.01
3860,L14,#35,GW252/13600,(4)启机状态,4,2025-06-28 10:55:32,2025-06-28 11:00:31,299,0.08
3861,L14,#35,GW252/13600,(3)待机状态,3,2025-06-28 10:47:43,2025-06-28 10:55:32,469,0.13
3862,L14,#35,GW252/13600,(2)停机状态,2,2025-06-28 10:47:40,2025-06-28 10:47:43,3,0
3863,L14,#35,GW252/13600,(1)停机过程,1,2025-06-28 10:47:09,2025-06-28 10:47:40,31,0.01
3864,L14,#35,GW252/13600,(4)启机状态,4,2025-06-28 10:42:10,2025-06-28 10:47:09,299,0.08
3865,L14,#35,GW252/13600,(3)待机状态,3,2025-06-28 10:41:07,2025-06-28 10:42:10,63,0.02
3866,L14,#35,GW252/13600,(2)停机状态,2,2025-06-28 10:04:31,2025-06-28 10:41:07,2196,0.61
3867,L14,#35,GW252/13600,(1)停机过程,1,2025-06-28 10:03:59,2025-06-28 10:04:31,32,0.01
3868,L14,#35,GW252/13600,(4)启机状态,4,2025-06-28 09:58:59,2025-06-28 10:03:59,300,0.08
3869,L14,#35,GW252/13600,(3)待机状态,3,2025-06-28 09:57:16,2025-06-28 09:58:59,103,0.03
3870,L14,#35,GW252/13600,(2)停机状态,2,2025-06-28 09:57:15,2025-06-28 09:57:16,1,0
3871,L14,#35,GW252/13600,(1)停机过程,1,2025-06-28 09:56:42,2025-06-28 09:57:15,33,0.01
3872,L14,#35,GW252/13600,(4)启机状态,4,2025-06-28 09:51:42,2025-06-28 09:56:42,300,0.08
3873,L14,#35,GW252/13600,(3)待机状态,3,2025-06-28 09:44:46,2025-06-28 09:51:42,416,0.12
3874,L14,#35,GW252/13600,(2)停机状态,2,2025-06-28 09:44:44,2025-06-28 09:44:46,2,0
3875,L14,#35,GW252/13600,(1)停机过程,1,2025-06-28 09:44:13,2025-06-28 09:44:44,31,0.01
3876,L14,#35,GW252/13600,(4)启机状态,4,2025-06-28 09:39:13,2025-06-28 09:44:13,300,0.08
3877,L14,#35,GW252/13600,(3)待机状态,3,2025-06-28 09:38:11,2025-06-28 09:39:13,62,0.02
3878,L14,#35,GW252/13600,(2)停机状态,2,2025-06-28 09:38:10,2025-06-28 09:38:11,1,0
3879,L14,#35,GW252/13600,(1)停机过程,1,2025-06-28 09:37:39,2025-06-28 09:38:10,31,0.01
3880,L14,#35,GW252/13600,(4)启机状态,4,2025-06-28 09:32:39,2025-06-28 09:37:39,300,0.08
3881,L14,#35,GW252/13600,(3)待机状态,3,2025-06-28 09:31:14,2025-06-28 09:32:39,85,0.02
3882,L14,#35,GW252/13600,(2)停机状态,2,2025-06-28 09:28:59,2025-06-28 09:31:14,135,0.04
3883,L14,#35,GW252/13600,(1)停机过程,1,2025-06-28 09:28:29,2025-06-28 09:28:59,30,0.01
3884,L14,#35,GW252/13600,(4)启机状态,4,2025-06-28 09:23:29,2025-06-28 09:28:29,300,0.08
3885,L14,#35,GW252/13600,(3)待机状态,3,2025-06-28 09:18:21,2025-06-28 09:23:29,308,0.09
3886,L14,#35,GW252/13600,(2)停机状态,2,2025-06-28 09:15:21,2025-06-28 09:18:21,180,0.05
3887,L14,#35,GW252/13600,(1)停机过程,1,2025-06-28 09:14:51,2025-06-28 09:15:21,30,0.01
3888,L14,#35,GW252/13600,(4)启机状态,4,2025-06-28 09:09:51,2025-06-28 09:14:51,300,0.08
3889,L14,#35,GW252/13600,(3)待机状态,3,2025-06-28 09:08:32,2025-06-28 09:09:51,79,0.02
3890,L14,#35,GW252/13600,(2)停机状态,2,2025-06-28 09:08:30,2025-06-28 09:08:32,2,0
3891,L14,#35,GW252/13600,(1)停机过程,1,2025-06-28 09:07:58,2025-06-28 09:08:30,32,0.01
3892,L14,#35,GW252/13600,(4)启机状态,4,2025-06-28 09:02:58,2025-06-28 09:07:58,300,0.08
3893,L14,#35,GW252/13600,(3)待机状态,3,2025-06-28 09:01:35,2025-06-28 09:02:58,83,0.02
3894,L14,#35,GW252/13600,(2)停机状态,2,2025-06-28 09:01:33,2025-06-28 09:01:35,2,0
3895,L14,#35,GW252/13600,(1)停机过程,1,2025-06-28 09:01:01,2025-06-28 09:01:33,32,0.01
3896,L14,#35,GW252/13600,(4)启机状态,4,2025-06-28 08:56:01,2025-06-28 09:01:01,300,0.08
3897,L14,#35,GW252/13600,(3)待机状态,3,2025-06-28 08:54:56,2025-06-28 08:56:01,65,0.02
3898,L14,#35,GW252/13600,(2)停机状态,2,2025-06-28 08:54:54,2025-06-28 08:54:56,2,0
3899,L14,#35,GW252/13600,(1)停机过程,1,2025-06-28 08:54:24,2025-06-28 08:54:54,30,0.01
3900,L14,#35,GW252/13600,(4)启机状态,4,2025-06-28 08:49:24,2025-06-28 08:54:24,300,0.08
3901,L14,#35,GW252/13600,(3)待机状态,3,2025-06-28 08:39:47,2025-06-28 08:49:24,577,0.16
3902,L14,#35,GW252/13600,(2)停机状态,2,2025-06-28 08:34:10,2025-06-28 08:39:47,337,0.09
3903,L14,#35,GW252/13600,(1)停机过程,1,2025-06-28 08:33:13,2025-06-28 08:34:10,57,0.02
3904,L14,#35,GW252/13600,(5)发电状态,5,2025-06-28 07:24:13,2025-06-28 08:33:13,4140,1.15
3905,L14,#35,GW252/13600,(4)启机状态,4,2025-06-28 07:19:33,2025-06-28 07:24:13,280,0.08
3906,L14,#35,GW252/13600,(3)待机状态,3,2025-06-28 07:18:22,2025-06-28 07:19:33,71,0.02
3907,L14,#35,GW252/13600,(2)停机状态,2,2025-06-28 07:18:20,2025-06-28 07:18:22,2,0
3908,L14,#35,GW252/13600,(1)停机过程,1,2025-06-28 07:17:49,2025-06-28 07:18:20,31,0.01
3909,L14,#35,GW252/13600,(4)启机状态,4,2025-06-28 07:12:49,2025-06-28 07:17:49,300,0.08
3910,L14,#35,GW252/13600,(3)待机状态,3,2025-06-28 07:04:57,2025-06-28 07:12:49,472,0.13
3911,L14,#35,GW252/13600,(2)停机状态,2,2025-06-28 07:03:02,2025-06-28 07:04:57,115,0.03
3912,L14,#35,GW252/13600,(1)停机过程,1,2025-06-28 07:02:06,2025-06-28 07:03:02,56,0.02
3913,L14,#35,GW252/13600,(5)发电状态,5,2025-06-28 06:37:37,2025-06-28 07:02:06,1469,0.41
3914,L14,#35,GW252/13600,(4)启机状态,4,2025-06-28 06:34:34,2025-06-28 06:37:37,183,0.05
3915,L14,#35,GW252/13600,(3)待机状态,3,2025-06-28 06:33:36,2025-06-28 06:34:34,58,0.02
3916,L14,#35,GW252/13600,(2)停机状态,2,2025-06-28 06:33:35,2025-06-28 06:33:36,1,0
3917,L14,#35,GW252/13600,(1)停机过程,1,2025-06-28 06:32:44,2025-06-28 06:33:35,51,0.01
3918,L14,#35,GW252/13600,(4)启机状态,4,2025-06-28 06:27:44,2025-06-28 06:32:44,300,0.08
3919,L14,#35,GW252/13600,(3)待机状态,3,2025-06-28 06:24:24,2025-06-28 06:27:44,200,0.06
3920,L14,#35,GW252/13600,(2)停机状态,2,2025-06-28 06:21:53,2025-06-28 06:24:24,151,0.04
3921,L14,#35,GW252/13600,(1)停机过程,1,2025-06-28 06:20:57,2025-06-28 06:21:53,56,0.02
3922,L14,#35,GW252/13600,(5)发电状态,5,2025-06-28 05:25:00,2025-06-28 06:20:57,3357,0.93
3923,L14,#35,GW252/13600,(4)启机状态,4,2025-06-28 05:21:43,2025-06-28 05:25:00,197,0.05
3924,L14,#35,GW252/13600,(3)待机状态,3,2025-06-28 05:20:50,2025-06-28 05:21:43,53,0.01
3925,L14,#35,GW252/13600,(2)停机状态,2,2025-06-28 05:20:49,2025-06-28 05:20:50,1,0
3926,L14,#35,GW252/13600,(1)停机过程,1,2025-06-28 05:20:16,2025-06-28 05:20:49,33,0.01
3927,L14,#35,GW252/13600,(4)启机状态,4,2025-06-28 05:15:16,2025-06-28 05:20:16,300,0.08
3928,L14,#35,GW252/13600,(3)待机状态,3,2025-06-28 05:14:02,2025-06-28 05:15:16,74,0.02
3929,L14,#35,GW252/13600,(2)停机状态,2,2025-06-28 05:14:01,2025-06-28 05:14:02,1,0
3930,L14,#35,GW252/13600,(1)停机过程,1,2025-06-28 05:13:05,2025-06-28 05:14:01,56,0.02
3931,L14,#35,GW252/13600,(4)启机状态,4,2025-06-28 05:08:05,2025-06-28 05:13:05,300,0.08
3932,L14,#35,GW252/13600,(3)待机状态,3,2025-06-28 05:06:59,2025-06-28 05:08:05,66,0.02
3933,L14,#35,GW252/13600,(1)停机过程,1,2025-06-28 05:06:28,2025-06-28 05:06:59,31,0.01
3934,L14,#35,GW252/13600,(4)启机状态,4,2025-06-28 05:01:28,2025-06-28 05:06:28,300,0.08
3935,L14,#35,GW252/13600,(3)待机状态,3,2025-06-28 05:00:29,2025-06-28 05:01:28,59,0.02
3936,L14,#35,GW252/13600,(2)停机状态,2,2025-06-28 05:00:27,2025-06-28 05:00:29,2,0
3937,L14,#35,GW252/13600,(1)停机过程,1,2025-06-28 04:59:54,2025-06-28 05:00:27,33,0.01
3938,L14,#35,GW252/13600,(4)启机状态,4,2025-06-28 04:54:54,2025-06-28 04:59:54,300,0.08
3939,L14,#35,GW252/13600,(3)待机状态,3,2025-06-28 04:53:23,2025-06-28 04:54:54,91,0.03
3940,L14,#35,GW252/13600,(2)停机状态,2,2025-06-28 04:51:50,2025-06-28 04:53:23,93,0.03
3941,L14,#35,GW252/13600,(1)停机过程,1,2025-06-28 04:51:17,2025-06-28 04:51:50,33,0.01
3942,L14,#35,GW252/13600,(4)启机状态,4,2025-06-28 04:46:17,2025-06-28 04:51:17,300,0.08
3943,L14,#35,GW252/13600,(3)待机状态,3,2025-06-28 04:44:55,2025-06-28 04:46:17,82,0.02
3944,L14,#35,GW252/13600,(2)停机状态,2,2025-06-28 04:44:53,2025-06-28 04:44:55,2,0
3945,L14,#35,GW252/13600,(1)停机过程,1,2025-06-28 04:44:22,2025-06-28 04:44:53,31,0.01
3946,L14,#35,GW252/13600,(4)启机状态,4,2025-06-28 04:39:21,2025-06-28 04:44:22,301,0.08
3947,L14,#35,GW252/13600,(3)待机状态,3,2025-06-28 04:38:05,2025-06-28 04:39:21,76,0.02
3948,L14,#35,GW252/13600,(2)停机状态,2,2025-06-28 04:37:24,2025-06-28 04:38:05,41,0.01
3949,L14,#35,GW252/13600,(1)停机过程,1,2025-06-28 04:36:52,2025-06-28 04:37:24,32,0.01
3950,L14,#35,GW252/13600,(4)启机状态,4,2025-06-28 04:31:51,2025-06-28 04:36:52,301,0.08
3951,L14,#35,GW252/13600,(3)待机状态,3,2025-06-28 04:30:24,2025-06-28 04:31:51,87,0.02
3952,L14,#35,GW252/13600,(2)停机状态,2,2025-06-28 04:26:59,2025-06-28 04:30:24,205,0.06
3953,L14,#35,GW252/13600,(1)停机过程,1,2025-06-28 04:26:28,2025-06-28 04:26:59,31,0.01
3954,L14,#35,GW252/13600,(4)启机状态,4,2025-06-28 04:21:28,2025-06-28 04:26:28,300,0.08
3955,L14,#35,GW252/13600,(3)待机状态,3,2025-06-28 04:18:55,2025-06-28 04:21:28,153,0.04
3956,L14,#35,GW252/13600,(1)停机过程,1,2025-06-28 04:17:58,2025-06-28 04:18:55,57,0.02
3957,L14,#35,GW252/13600,(4)启机状态,4,2025-06-28 04:12:56,2025-06-28 04:17:58,302,0.08
3958,L14,#35,GW252/13600,(3)待机状态,3,2025-06-28 04:11:36,2025-06-28 04:12:56,80,0.02
3959,L14,#35,GW252/13600,(2)停机状态,2,2025-06-28 04:11:29,2025-06-28 04:11:36,7,0
3960,L14,#35,GW252/13600,(1)停机过程,1,2025-06-28 04:10:58,2025-06-28 04:11:29,31,0.01
3961,L14,#35,GW252/13600,(4)启机状态,4,2025-06-28 04:05:58,2025-06-28 04:10:58,300,0.08
3962,L14,#35,GW252/13600,(3)待机状态,3,2025-06-28 04:05:01,2025-06-28 04:05:58,57,0.02
3963,L14,#35,GW252/13600,(2)停机状态,2,2025-06-28 04:05:00,2025-06-28 04:05:01,1,0
3964,L14,#35,GW252/13600,(1)停机过程,1,2025-06-28 04:04:06,2025-06-28 04:05:00,54,0.02
3965,L14,#35,GW252/13600,(4)启机状态,4,2025-06-28 03:59:05,2025-06-28 04:04:06,301,0.08
3966,L14,#35,GW252/13600,(3)待机状态,3,2025-06-28 03:56:31,2025-06-28 03:59:05,154,0.04
3967,L14,#35,GW252/13600,(2)停机状态,2,2025-06-28 03:56:29,2025-06-28 03:56:31,2,0
3968,L14,#35,GW252/13600,(1)停机过程,1,2025-06-28 03:55:31,2025-06-28 03:56:29,58,0.02
3969,L14,#35,GW252/13600,(5)发电状态,5,2025-06-28 02:33:21,2025-06-28 03:55:31,4930,1.37
3970,L14,#35,GW252/13600,(4)启机状态,4,2025-06-28 02:30:39,2025-06-28 02:33:21,162,0.05
3971,L14,#35,GW252/13600,(3)待机状态,3,2025-06-28 02:29:39,2025-06-28 02:30:39,60,0.02
3972,L14,#35,GW252/13600,(2)停机状态,2,2025-06-28 02:29:38,2025-06-28 02:29:39,1,0
3973,L14,#35,GW252/13600,(1)停机过程,1,2025-06-28 02:28:43,2025-06-28 02:29:38,55,0.02
3974,L14,#35,GW252/13600,(4)启机状态,4,2025-06-28 02:23:43,2025-06-28 02:28:43,300,0.08
3975,L14,#35,GW252/13600,(3)待机状态,3,2025-06-28 02:16:45,2025-06-28 02:23:43,418,0.12
3976,L14,#35,GW252/13600,(2)停机状态,2,2025-06-28 02:16:43,2025-06-28 02:16:45,2,0
3977,L14,#35,GW252/13600,(1)停机过程,1,2025-06-28 02:16:12,2025-06-28 02:16:43,31,0.01
3978,L14,#35,GW252/13600,(4)启机状态,4,2025-06-28 02:11:12,2025-06-28 02:16:12,300,0.08
3979,L14,#35,GW252/13600,(3)待机状态,3,2025-06-28 02:05:46,2025-06-28 02:11:12,326,0.09
3980,L14,#35,GW252/13600,(2)停机状态,2,2025-06-28 02:05:19,2025-06-28 02:05:46,27,0.01
3981,L14,#35,GW252/13600,(1)停机过程,1,2025-06-28 02:04:48,2025-06-28 02:05:19,31,0.01
3982,L14,#35,GW252/13600,(4)启机状态,4,2025-06-28 01:59:48,2025-06-28 02:04:48,300,0.08
3983,L14,#35,GW252/13600,(3)待机状态,3,2025-06-28 01:58:09,2025-06-28 01:59:48,99,0.03
3984,L14,#35,GW252/13600,(2)停机状态,2,2025-06-28 01:57:04,2025-06-28 01:58:09,65,0.02
3985,L14,#35,GW252/13600,(1)停机过程,1,2025-06-28 01:56:33,2025-06-28 01:57:04,31,0.01
3986,L14,#35,GW252/13600,(4)启机状态,4,2025-06-28 01:51:33,2025-06-28 01:56:33,300,0.08
3987,L14,#35,GW252/13600,(3)待机状态,3,2025-06-28 01:49:58,2025-06-28 01:51:33,95,0.03
3988,L14,#35,GW252/13600,(2)停机状态,2,2025-06-28 01:49:57,2025-06-28 01:49:58,1,0
3989,L14,#35,GW252/13600,(1)停机过程,1,2025-06-28 01:49:26,2025-06-28 01:49:57,31,0.01
3990,L14,#35,GW252/13600,(4)启机状态,4,2025-06-28 01:44:26,2025-06-28 01:49:26,300,0.08
3991,L14,#35,GW252/13600,(3)待机状态,3,2025-06-28 01:43:01,2025-06-28 01:44:26,85,0.02
3992,L14,#35,GW252/13600,(2)停机状态,2,2025-06-28 01:43:00,2025-06-28 01:43:01,1,0
3993,L14,#35,GW252/13600,(1)停机过程,1,2025-06-28 01:42:29,2025-06-28 01:43:00,31,0.01
3994,L14,#35,GW252/13600,(4)启机状态,4,2025-06-28 01:37:29,2025-06-28 01:42:29,300,0.08
3995,L14,#35,GW252/13600,(3)待机状态,3,2025-06-28 01:36:23,2025-06-28 01:37:29,66,0.02
3996,L14,#35,GW252/13600,(2)停机状态,2,2025-06-28 01:36:22,2025-06-28 01:36:23,1,0
3997,L14,#35,GW252/13600,(1)停机过程,1,2025-06-28 01:35:50,2025-06-28 01:36:22,32,0.01
3998,L14,#35,GW252/13600,(4)启机状态,4,2025-06-28 01:30:50,2025-06-28 01:35:50,300,0.08
3999,L14,#35,GW252/13600,(3)待机状态,3,2025-06-28 01:29:44,2025-06-28 01:30:50,66,0.02
4000,L14,#35,GW252/13600,(2)停机状态,2,2025-06-28 01:29:42,2025-06-28 01:29:44,2,0
4001,L14,#35,GW252/13600,(1)停机过程,1,2025-06-28 01:29:11,2025-06-28 01:29:42,31,0.01
4002,L14,#35,GW252/13600,(4)启机状态,4,2025-06-28 01:24:10,2025-06-28 01:29:11,301,0.08
4003,L14,#35,GW252/13600,(3)待机状态,3,2025-06-28 01:23:11,2025-06-28 01:24:10,59,0.02
4004,L14,#35,GW252/13600,(2)停机状态,2,2025-06-28 01:23:10,2025-06-28 01:23:11,1,0
4005,L14,#35,GW252/13600,(1)停机过程,1,2025-06-28 01:22:37,2025-06-28 01:23:10,33,0.01
4006,L14,#35,GW252/13600,(4)启机状态,4,2025-06-28 01:17:37,2025-06-28 01:22:37,300,0.08
4007,L14,#35,GW252/13600,(3)待机状态,3,2025-06-28 01:16:16,2025-06-28 01:17:37,81,0.02
4008,L14,#35,GW252/13600,(2)停机状态,2,2025-06-28 01:16:14,2025-06-28 01:16:16,2,0
4009,L14,#35,GW252/13600,(1)停机过程,1,2025-06-28 01:15:43,2025-06-28 01:16:14,31,0.01
4010,L14,#35,GW252/13600,(4)启机状态,4,2025-06-28 01:10:43,2025-06-28 01:15:43,300,0.08
4011,L14,#35,GW252/13600,(3)待机状态,3,2025-06-28 01:09:30,2025-06-28 01:10:43,73,0.02
4012,L14,#35,GW252/13600,(2)停机状态,2,2025-06-28 01:09:29,2025-06-28 01:09:30,1,0
4013,L14,#35,GW252/13600,(1)停机过程,1,2025-06-28 01:08:58,2025-06-28 01:09:29,31,0.01
4014,L14,#35,GW252/13600,(4)启机状态,4,2025-06-28 01:03:57,2025-06-28 01:08:58,301,0.08
4015,L14,#35,GW252/13600,(3)待机状态,3,2025-06-28 00:38:09,2025-06-28 01:03:57,1548,0.43
4016,L14,#35,GW252/13600,(2)停机状态,2,2025-06-28 00:38:07,2025-06-28 00:38:09,2,0
4017,L14,#35,GW252/13600,(1)停机过程,1,2025-06-28 00:37:36,2025-06-28 00:38:07,31,0.01
4018,L14,#35,GW252/13600,(4)启机状态,4,2025-06-28 00:32:36,2025-06-28 00:37:36,300,0.08
4019,L14,#35,GW252/13600,(3)待机状态,3,2025-06-28 00:25:20,2025-06-28 00:32:36,436,0.12
4020,L14,#35,GW252/13600,(2)停机状态,2,2025-06-28 00:25:19,2025-06-28 00:25:20,1,0
4021,L14,#35,GW252/13600,(1)停机过程,1,2025-06-28 00:24:47,2025-06-28 00:25:19,32,0.01
4022,L14,#35,GW252/13600,(4)启机状态,4,2025-06-28 00:19:47,2025-06-28 00:24:47,300,0.08
4023,L14,#35,GW252/13600,(3)待机状态,3,2025-06-28 00:16:19,2025-06-28 00:19:47,208,0.06
4024,L14,#35,GW252/13600,(2)停机状态,2,2025-06-28 00:14:25,2025-06-28 00:16:19,114,0.03
4025,L14,#35,GW252/13600,(1)停机过程,1,2025-06-28 00:13:29,2025-06-28 00:14:25,56,0.02
4026,L14,#35,GW252/13600,(5)发电状态,5,2025-06-27 14:29:39,2025-06-28 00:13:29,35030,9.73
4027,L14,#35,GW252/13600,(4)启机状态,4,2025-06-27 14:25:16,2025-06-27 14:29:39,263,0.07
4028,L14,#35,GW252/13600,(3)待机状态,3,2025-06-27 14:11:06,2025-06-27 14:25:16,850,0.24
4029,L14,#35,GW252/13600,(2)停机状态,2,2025-06-27 14:10:32,2025-06-27 14:11:06,34,0.01
4030,L14,#35,GW252/13600,(1)停机过程,1,2025-06-27 14:09:35,2025-06-27 14:10:32,57,0.02
4031,L14,#35,GW252/13600,(5)发电状态,5,2025-06-27 12:45:52,2025-06-27 14:09:35,5023,1.4
4032,L14,#35,GW252/13600,(4)启机状态,4,2025-06-27 12:43:05,2025-06-27 12:45:52,167,0.05
4033,L14,#35,GW252/13600,(3)待机状态,3,2025-06-27 12:42:08,2025-06-27 12:43:05,57,0.02
4034,L14,#35,GW252/13600,(2)停机状态,2,2025-06-27 12:42:07,2025-06-27 12:42:08,1,0
4035,L14,#35,GW252/13600,(1)停机过程,1,2025-06-27 12:41:12,2025-06-27 12:42:07,55,0.02
4036,L14,#35,GW252/13600,(5)发电状态,5,2025-06-25 16:52:05,2025-06-27 12:41:12,157747,43.82
4037,L14,#35,GW252/13600,(5)发电状态,5,2025-06-25 11:17:52,2025-06-25 16:52:05,20053,5.57
4038,L14,#35,GW252/13600,(4)启机状态,4,2025-06-25 11:13:10,2025-06-25 11:17:52,282,0.08
4039,L14,#35,GW252/13600,(3)待机状态,3,2025-06-25 11:12:12,2025-06-25 11:13:10,58,0.02
4040,L14,#35,GW252/13600,(1)停机过程,1,2025-06-25 11:11:34,2025-06-25 11:12:12,38,0.01
4041,L14,#35,GW252/13600,(4)启机状态,4,2025-06-25 11:06:33,2025-06-25 11:11:34,301,0.08
4042,L14,#35,GW252/13600,(3)待机状态,3,2025-06-25 11:05:36,2025-06-25 11:06:33,57,0.02
4043,L14,#35,GW252/13600,(2)停机状态,2,2025-06-25 11:05:35,2025-06-25 11:05:36,1,0
4044,L14,#35,GW252/13600,(1)停机过程,1,2025-06-25 11:05:02,2025-06-25 11:05:35,33,0.01
4045,L14,#35,GW252/13600,(4)启机状态,4,2025-06-25 11:00:03,2025-06-25 11:05:02,299,0.08
4046,L14,#35,GW252/13600,(3)待机状态,3,2025-06-25 10:58:56,2025-06-25 11:00:03,67,0.02
4047,L14,#35,GW252/13600,(1)停机过程,1,2025-06-25 10:58:24,2025-06-25 10:58:56,32,0.01
4048,L14,#35,GW252/13600,(4)启机状态,4,2025-06-25 10:53:24,2025-06-25 10:58:24,300,0.08
4049,L14,#35,GW252/13600,(3)待机状态,3,2025-06-25 10:52:04,2025-06-25 10:53:24,80,0.02
4050,L14,#35,GW252/13600,(2)停机状态,2,2025-06-25 10:52:03,2025-06-25 10:52:04,1,0
4051,L14,#35,GW252/13600,(1)停机过程,1,2025-06-25 10:51:32,2025-06-25 10:52:03,31,0.01
4052,L14,#35,GW252/13600,(4)启机状态,4,2025-06-25 10:46:32,2025-06-25 10:51:32,300,0.08
4053,L14,#35,GW252/13600,(3)待机状态,3,2025-06-25 10:45:11,2025-06-25 10:46:32,81,0.02
4054,L14,#35,GW252/13600,(1)停机过程,1,2025-06-25 10:44:38,2025-06-25 10:45:11,33,0.01
4055,L14,#35,GW252/13600,(4)启机状态,4,2025-06-25 10:39:39,2025-06-25 10:44:38,299,0.08
4056,L14,#35,GW252/13600,(3)待机状态,3,2025-06-25 10:38:34,2025-06-25 10:39:39,65,0.02
4057,L14,#35,GW252/13600,(2)停机状态,2,2025-06-25 10:38:33,2025-06-25 10:38:34,1,0
4058,L14,#35,GW252/13600,(1)停机过程,1,2025-06-25 10:38:02,2025-06-25 10:38:33,31,0.01
4059,L14,#35,GW252/13600,(4)启机状态,4,2025-06-25 10:33:02,2025-06-25 10:38:02,300,0.08
4060,L14,#35,GW252/13600,(3)待机状态,3,2025-06-25 10:31:46,2025-06-25 10:33:02,76,0.02
4061,L14,#35,GW252/13600,(2)停机状态,2,2025-06-25 10:31:45,2025-06-25 10:31:46,1,0
4062,L14,#35,GW252/13600,(1)停机过程,1,2025-06-25 10:31:12,2025-06-25 10:31:45,33,0.01
4063,L14,#35,GW252/13600,(4)启机状态,4,2025-06-25 10:26:13,2025-06-25 10:31:12,299,0.08
4064,L14,#35,GW252/13600,(3)待机状态,3,2025-06-25 10:25:07,2025-06-25 10:26:13,66,0.02
4065,L14,#35,GW252/13600,(2)停机状态,2,2025-06-25 10:25:05,2025-06-25 10:25:07,2,0
4066,L14,#35,GW252/13600,(1)停机过程,1,2025-06-25 10:24:33,2025-06-25 10:25:05,32,0.01
4067,L14,#35,GW252/13600,(4)启机状态,4,2025-06-25 10:19:33,2025-06-25 10:24:33,300,0.08
4068,L14,#35,GW252/13600,(3)待机状态,3,2025-06-25 10:04:27,2025-06-25 10:19:33,906,0.25
4069,L14,#35,GW252/13600,(1)停机过程,1,2025-06-25 10:03:55,2025-06-25 10:04:27,32,0.01
4070,L14,#35,GW252/13600,(4)启机状态,4,2025-06-25 09:58:55,2025-06-25 10:03:55,300,0.08
4071,L14,#35,GW252/13600,(3)待机状态,3,2025-06-25 09:57:40,2025-06-25 09:58:55,75,0.02
4072,L14,#35,GW252/13600,(2)停机状态,2,2025-06-25 09:57:30,2025-06-25 09:57:40,10,0
4073,L14,#35,GW252/13600,(1)停机过程,1,2025-06-25 09:57:00,2025-06-25 09:57:30,30,0.01
4074,L14,#35,GW252/13600,(4)启机状态,4,2025-06-25 09:52:00,2025-06-25 09:57:00,300,0.08
4075,L14,#35,GW252/13600,(3)待机状态,3,2025-06-25 09:49:59,2025-06-25 09:52:00,121,0.03
4076,L14,#35,GW252/13600,(2)停机状态,2,2025-06-25 09:47:33,2025-06-25 09:49:59,146,0.04
4077,L14,#35,GW252/13600,(1)停机过程,1,2025-06-25 09:47:01,2025-06-25 09:47:33,32,0.01
4078,L14,#35,GW252/13600,(4)启机状态,4,2025-06-25 09:42:01,2025-06-25 09:47:01,300,0.08
4079,L14,#35,GW252/13600,(3)待机状态,3,2025-06-25 09:40:14,2025-06-25 09:42:01,107,0.03
4080,L14,#35,GW252/13600,(2)停机状态,2,2025-06-25 09:40:13,2025-06-25 09:40:14,1,0
4081,L14,#35,GW252/13600,(1)停机过程,1,2025-06-25 09:39:41,2025-06-25 09:40:13,32,0.01
4082,L14,#35,GW252/13600,(4)启机状态,4,2025-06-25 09:34:41,2025-06-25 09:39:41,300,0.08
4083,L14,#35,GW252/13600,(3)待机状态,3,2025-06-25 09:30:45,2025-06-25 09:34:41,236,0.07
4084,L14,#35,GW252/13600,(2)停机状态,2,2025-06-25 09:30:43,2025-06-25 09:30:45,2,0
4085,L14,#35,GW252/13600,(1)停机过程,1,2025-06-25 09:30:12,2025-06-25 09:30:43,31,0.01
4086,L14,#35,GW252/13600,(4)启机状态,4,2025-06-25 09:25:12,2025-06-25 09:30:12,300,0.08
4087,L14,#35,GW252/13600,(3)待机状态,3,2025-06-25 09:24:01,2025-06-25 09:25:12,71,0.02
4088,L14,#35,GW252/13600,(2)停机状态,2,2025-06-25 09:24:00,2025-06-25 09:24:01,1,0
4089,L14,#35,GW252/13600,(1)停机过程,1,2025-06-25 09:23:29,2025-06-25 09:24:00,31,0.01
4090,L14,#35,GW252/13600,(4)启机状态,4,2025-06-25 09:18:28,2025-06-25 09:23:29,301,0.08
4091,L14,#35,GW252/13600,(3)待机状态,3,2025-06-25 08:54:16,2025-06-25 09:18:28,1452,0.4
4092,L14,#35,GW252/13600,(2)停机状态,2,2025-06-25 08:54:15,2025-06-25 08:54:16,1,0
4093,L14,#35,GW252/13600,(1)停机过程,1,2025-06-25 08:53:43,2025-06-25 08:54:15,32,0.01
4094,L14,#35,GW252/13600,(4)启机状态,4,2025-06-25 08:48:43,2025-06-25 08:53:43,300,0.08
4095,L14,#35,GW252/13600,(3)待机状态,3,2025-06-25 08:47:13,2025-06-25 08:48:43,90,0.03
4096,L14,#35,GW252/13600,(2)停机状态,2,2025-06-25 08:46:45,2025-06-25 08:47:13,28,0.01
4097,L14,#35,GW252/13600,(1)停机过程,1,2025-06-25 08:46:14,2025-06-25 08:46:45,31,0.01
4098,L14,#35,GW252/13600,(4)启机状态,4,2025-06-25 08:41:14,2025-06-25 08:46:14,300,0.08
4099,L14,#35,GW252/13600,(3)待机状态,3,2025-06-25 08:36:52,2025-06-25 08:41:14,262,0.07
4100,L14,#35,GW252/13600,(2)停机状态,2,2025-06-25 08:36:51,2025-06-25 08:36:52,1,0
4101,L14,#35,GW252/13600,(1)停机过程,1,2025-06-25 08:36:19,2025-06-25 08:36:51,32,0.01
4102,L14,#35,GW252/13600,(4)启机状态,4,2025-06-25 08:31:19,2025-06-25 08:36:19,300,0.08
4103,L14,#35,GW252/13600,(3)待机状态,3,2025-06-25 08:30:01,2025-06-25 08:31:19,78,0.02
4104,L14,#35,GW252/13600,(1)停机过程,1,2025-06-25 08:29:29,2025-06-25 08:30:01,32,0.01
4105,L14,#35,GW252/13600,(4)启机状态,4,2025-06-25 08:24:29,2025-06-25 08:29:29,300,0.08
4106,L14,#35,GW252/13600,(3)待机状态,3,2025-06-25 08:22:51,2025-06-25 08:24:29,98,0.03
4107,L14,#35,GW252/13600,(2)停机状态,2,2025-06-25 08:22:49,2025-06-25 08:22:51,2,0
4108,L14,#35,GW252/13600,(1)停机过程,1,2025-06-25 08:22:18,2025-06-25 08:22:49,31,0.01
4109,L14,#35,GW252/13600,(4)启机状态,4,2025-06-25 08:17:18,2025-06-25 08:22:18,300,0.08
4110,L14,#35,GW252/13600,(3)待机状态,3,2025-06-25 08:15:31,2025-06-25 08:17:18,107,0.03
4111,L14,#35,GW252/13600,(2)停机状态,2,2025-06-25 08:15:29,2025-06-25 08:15:31,2,0
4112,L14,#35,GW252/13600,(1)停机过程,1,2025-06-25 08:14:57,2025-06-25 08:15:29,32,0.01
4113,L14,#35,GW252/13600,(4)启机状态,4,2025-06-25 08:09:57,2025-06-25 08:14:57,300,0.08
4114,L14,#35,GW252/13600,(3)待机状态,3,2025-06-25 08:08:14,2025-06-25 08:09:57,103,0.03
4115,L14,#35,GW252/13600,(2)停机状态,2,2025-06-25 08:07:45,2025-06-25 08:08:14,29,0.01
4116,L14,#35,GW252/13600,(1)停机过程,1,2025-06-25 08:07:14,2025-06-25 08:07:45,31,0.01
4117,L14,#35,GW252/13600,(4)启机状态,4,2025-06-25 08:02:13,2025-06-25 08:07:14,301,0.08
4118,L14,#35,GW252/13600,(3)待机状态,3,2025-06-25 07:53:23,2025-06-25 08:02:13,530,0.15
4119,L14,#35,GW252/13600,(2)停机状态,2,2025-06-25 07:53:22,2025-06-25 07:53:23,1,0
4120,L14,#35,GW252/13600,(1)停机过程,1,2025-06-25 07:52:51,2025-06-25 07:53:22,31,0.01
4121,L14,#35,GW252/13600,(4)启机状态,4,2025-06-25 07:47:50,2025-06-25 07:52:51,301,0.08
4122,L14,#35,GW252/13600,(3)待机状态,3,2025-06-25 07:46:33,2025-06-25 07:47:50,77,0.02
4123,L14,#35,GW252/13600,(2)停机状态,2,2025-06-25 07:46:32,2025-06-25 07:46:33,1,0
4124,L14,#35,GW252/13600,(1)停机过程,1,2025-06-25 07:46:00,2025-06-25 07:46:32,32,0.01
4125,L14,#35,GW252/13600,(4)启机状态,4,2025-06-25 07:41:00,2025-06-25 07:46:00,300,0.08
4126,L14,#35,GW252/13600,(3)待机状态,3,2025-06-25 07:23:58,2025-06-25 07:41:00,1022,0.28
4127,L14,#35,GW252/13600,(2)停机状态,2,2025-06-25 07:23:57,2025-06-25 07:23:58,1,0
4128,L14,#35,GW252/13600,(1)停机过程,1,2025-06-25 07:23:24,2025-06-25 07:23:57,33,0.01
4129,L14,#35,GW252/13600,(4)启机状态,4,2025-06-25 07:18:24,2025-06-25 07:23:24,300,0.08
4130,L14,#35,GW252/13600,(3)待机状态,3,2025-06-25 07:12:30,2025-06-25 07:18:24,354,0.1
4131,L14,#35,GW252/13600,(2)停机状态,2,2025-06-25 07:10:25,2025-06-25 07:12:30,125,0.03
4132,L14,#35,GW252/13600,(1)停机过程,1,2025-06-25 07:09:52,2025-06-25 07:10:25,33,0.01
4133,L14,#35,GW252/13600,(4)启机状态,4,2025-06-25 07:04:52,2025-06-25 07:09:52,300,0.08
4134,L14,#35,GW252/13600,(3)待机状态,3,2025-06-25 06:59:17,2025-06-25 07:04:52,335,0.09
4135,L14,#35,GW252/13600,(2)停机状态,2,2025-06-25 06:59:14,2025-06-25 06:59:17,3,0
4136,L14,#35,GW252/13600,(1)停机过程,1,2025-06-25 06:58:42,2025-06-25 06:59:14,32,0.01
4137,L14,#35,GW252/13600,(4)启机状态,4,2025-06-25 06:53:43,2025-06-25 06:58:42,299,0.08
4138,L14,#35,GW252/13600,(3)待机状态,3,2025-06-25 03:25:06,2025-06-25 06:53:43,12517,3.48
4139,L14,#35,GW252/13600,(2)停机状态,2,2025-06-25 03:23:16,2025-06-25 03:25:06,110,0.03
4140,L14,#35,GW252/13600,(1)停机过程,1,2025-06-25 03:22:20,2025-06-25 03:23:16,56,0.02
4141,L14,#35,GW252/13600,(5)发电状态,5,2025-06-24 13:04:24,2025-06-25 03:22:20,51476,14.3
4142,L14,#35,GW252/13600,(4)启机状态,4,2025-06-24 13:02:51,2025-06-24 13:04:24,93,0.03
4143,L14,#35,GW252/13600,(3)待机状态,3,2025-06-24 13:01:51,2025-06-24 13:02:51,60,0.02
4144,L14,#35,GW252/13600,(2)停机状态,2,2025-06-24 13:01:50,2025-06-24 13:01:51,1,0
4145,L14,#35,GW252/13600,(1)停机过程,1,2025-06-24 13:01:19,2025-06-24 13:01:50,31,0.01
4146,L14,#35,GW252/13600,(4)启机状态,4,2025-06-24 12:56:19,2025-06-24 13:01:19,300,0.08
4147,L14,#35,GW252/13600,(3)待机状态,3,2025-06-24 12:52:44,2025-06-24 12:56:19,215,0.06
4148,L14,#35,GW252/13600,(2)停机状态,2,2025-06-24 12:52:43,2025-06-24 12:52:44,1,0
4149,L14,#35,GW252/13600,(1)停机过程,1,2025-06-24 12:51:48,2025-06-24 12:52:43,55,0.02
4150,L14,#35,GW252/13600,(4)启机状态,4,2025-06-24 12:46:48,2025-06-24 12:51:48,300,0.08
4151,L14,#35,GW252/13600,(3)待机状态,3,2025-06-24 12:45:03,2025-06-24 12:46:48,105,0.03
4152,L14,#35,GW252/13600,(2)停机状态,2,2025-06-24 12:08:26,2025-06-24 12:45:03,2197,0.61
4153,L14,#35,GW252/13600,(1)停机过程,1,2025-06-24 12:07:29,2025-06-24 12:08:26,57,0.02
4154,L14,#35,GW252/13600,(5)发电状态,5,2025-06-20 07:24:14,2025-06-24 12:07:29,362595,100.72
4155,L14,#35,GW252/13600,(4)启机状态,4,2025-06-20 07:23:12,2025-06-20 07:24:14,62,0.02
4156,L14,#35,GW252/13600,(3)待机状态,3,2025-06-20 07:22:29,2025-06-20 07:23:12,43,0.01
4157,L14,#35,GW252/13600,(2)停机状态,2,2025-06-20 07:22:28,2025-06-20 07:22:29,1,0
4158,L14,#35,GW252/13600,(1)停机过程,1,2025-06-20 07:22:18,2025-06-20 07:22:28,10,0
4159,L14,#35,GW252/13600,(9)维护状态,9,2025-06-20 07:21:11,2025-06-20 07:22:18,67,0.02
4160,L14,#35,GW252/13600,(2)停机状态,2,2025-06-20 07:09:47,2025-06-20 07:21:11,684,0.19
4161,L14,#35,GW252/13600,(1)停机过程,1,2025-06-20 07:09:38,2025-06-20 07:09:47,9,0
4162,L14,#35,GW252/13600,(9)维护状态,9,2025-06-19 18:44:34,2025-06-20 07:09:38,44704,12.42
4163,L14,#35,GW252/13600,(2)停机状态,2,2025-06-13 21:35:52,2025-06-19 18:44:34,508122,141.15
4164,L14,#35,GW252/13600,(1)停机过程,1,2025-06-13 21:34:15,2025-06-13 21:35:52,97,0.03
4165,L14,#35,GW252/13600,(5)发电状态,5,2025-06-10 14:28:27,2025-06-13 21:34:15,284748,79.1
4166,L14,#35,GW252/13600,(4)启机状态,4,2025-06-10 14:25:06,2025-06-10 14:28:27,201,0.06
4167,L14,#35,GW252/13600,(3)待机状态,3,2025-06-10 14:24:08,2025-06-10 14:25:06,58,0.02
4168,L14,#35,GW252/13600,(2)停机状态,2,2025-06-10 14:24:07,2025-06-10 14:24:08,1,0
4169,L14,#35,GW252/13600,(1)停机过程,1,2025-06-10 14:23:35,2025-06-10 14:24:07,32,0.01
4170,L14,#35,GW252/13600,(4)启机状态,4,2025-06-10 14:18:36,2025-06-10 14:23:35,299,0.08
4171,L14,#35,GW252/13600,(3)待机状态,3,2025-06-10 14:12:53,2025-06-10 14:18:36,343,0.1
4172,L14,#35,GW252/13600,(2)停机状态,2,2025-06-10 14:12:48,2025-06-10 14:12:53,5,0
4173,L14,#35,GW252/13600,(1)停机过程,1,2025-06-10 14:12:17,2025-06-10 14:12:48,31,0.01
4174,L14,#35,GW252/13600,(4)启机状态,4,2025-06-10 14:07:17,2025-06-10 14:12:17,300,0.08
4175,L14,#35,GW252/13600,(3)待机状态,3,2025-06-10 14:05:29,2025-06-10 14:07:17,108,0.03
4176,L14,#35,GW252/13600,(2)停机状态,2,2025-06-10 14:00:02,2025-06-10 14:05:29,327,0.09
4177,L14,#35,GW252/13600,(1)停机过程,1,2025-06-10 13:59:06,2025-06-10 14:00:02,56,0.02
4178,L14,#35,GW252/13600,(5)发电状态,5,2025-06-10 10:45:31,2025-06-10 13:59:06,11615,3.23
4179,L14,#35,GW252/13600,(4)启机状态,4,2025-06-10 10:42:11,2025-06-10 10:45:31,200,0.06
4180,L14,#35,GW252/13600,(3)待机状态,3,2025-06-10 10:41:11,2025-06-10 10:42:11,60,0.02
4181,L14,#35,GW252/13600,(2)停机状态,2,2025-06-10 10:41:10,2025-06-10 10:41:11,1,0
4182,L14,#35,GW252/13600,(1)停机过程,1,2025-06-10 10:40:38,2025-06-10 10:41:10,32,0.01
4183,L14,#35,GW252/13600,(4)启机状态,4,2025-06-10 10:35:37,2025-06-10 10:40:38,301,0.08
4184,L14,#35,GW252/13600,(3)待机状态,3,2025-06-10 10:34:28,2025-06-10 10:35:37,69,0.02
4185,L14,#35,GW252/13600,(2)停机状态,2,2025-06-10 10:34:26,2025-06-10 10:34:28,2,0
4186,L14,#35,GW252/13600,(1)停机过程,1,2025-06-10 10:33:55,2025-06-10 10:34:26,31,0.01
4187,L14,#35,GW252/13600,(4)启机状态,4,2025-06-10 10:28:55,2025-06-10 10:33:55,300,0.08
4188,L14,#35,GW252/13600,(3)待机状态,3,2025-06-10 10:27:14,2025-06-10 10:28:55,101,0.03
4189,L14,#35,GW252/13600,(1)停机过程,1,2025-06-10 10:26:43,2025-06-10 10:27:14,31,0.01
4190,L14,#35,GW252/13600,(4)启机状态,4,2025-06-10 10:21:43,2025-06-10 10:26:43,300,0.08
4191,L14,#35,GW252/13600,(3)待机状态,3,2025-06-10 10:20:42,2025-06-10 10:21:43,61,0.02
4192,L14,#35,GW252/13600,(1)停机过程,1,2025-06-10 10:20:10,2025-06-10 10:20:42,32,0.01
4193,L14,#35,GW252/13600,(4)启机状态,4,2025-06-10 10:15:10,2025-06-10 10:20:10,300,0.08
4194,L14,#35,GW252/13600,(3)待机状态,3,2025-06-10 10:14:01,2025-06-10 10:15:10,69,0.02
4195,L14,#35,GW252/13600,(2)停机状态,2,2025-06-10 10:14:00,2025-06-10 10:14:01,1,0
4196,L14,#35,GW252/13600,(1)停机过程,1,2025-06-10 10:13:28,2025-06-10 10:14:00,32,0.01
4197,L14,#35,GW252/13600,(4)启机状态,4,2025-06-10 10:08:28,2025-06-10 10:13:28,300,0.08
4198,L14,#35,GW252/13600,(3)待机状态,3,2025-06-10 10:06:46,2025-06-10 10:08:28,102,0.03
4199,L14,#35,GW252/13600,(2)停机状态,2,2025-06-10 10:06:45,2025-06-10 10:06:46,1,0
4200,L14,#35,GW252/13600,(1)停机过程,1,2025-06-10 10:06:12,2025-06-10 10:06:45,33,0.01
4201,L14,#35,GW252/13600,(4)启机状态,4,2025-06-10 10:01:13,2025-06-10 10:06:12,299,0.08
4202,L14,#35,GW252/13600,(3)待机状态,3,2025-06-10 09:59:35,2025-06-10 10:01:13,98,0.03
4203,L14,#35,GW252/13600,(2)停机状态,2,2025-06-10 09:59:34,2025-06-10 09:59:35,1,0
4204,L14,#35,GW252/13600,(1)停机过程,1,2025-06-10 09:59:03,2025-06-10 09:59:34,31,0.01
4205,L14,#35,GW252/13600,(4)启机状态,4,2025-06-10 09:54:03,2025-06-10 09:59:03,300,0.08
4206,L14,#35,GW252/13600,(3)待机状态,3,2025-06-10 09:51:03,2025-06-10 09:54:03,180,0.05
4207,L14,#35,GW252/13600,(2)停机状态,2,2025-06-10 09:51:00,2025-06-10 09:51:03,3,0
4208,L14,#35,GW252/13600,(1)停机过程,1,2025-06-10 09:50:49,2025-06-10 09:51:00,11,0
4209,L14,#35,GW252/13600,(9)维护状态,9,2025-06-10 09:43:11,2025-06-10 09:50:49,458,0.13
4210,L14,#35,GW252/13600,(2)停机状态,2,2025-06-10 08:34:29,2025-06-10 09:43:11,4122,1.15
4211,L14,#35,GW252/13600,(1)停机过程,1,2025-06-10 08:34:14,2025-06-10 08:34:29,15,0
4212,L14,#35,GW252/13600,(3)待机状态,3,2025-06-10 08:34:10,2025-06-10 08:34:14,4,0
4213,L14,#35,GW252/13600,(2)停机状态,2,2025-06-10 08:34:09,2025-06-10 08:34:10,1,0
4214,L14,#35,GW252/13600,(1)停机过程,1,2025-06-10 08:33:12,2025-06-10 08:34:09,57,0.02
4215,L14,#35,GW252/13600,(4)启机状态,4,2025-06-10 08:28:13,2025-06-10 08:33:12,299,0.08
4216,L14,#35,GW252/13600,(3)待机状态,3,2025-06-10 08:27:17,2025-06-10 08:28:13,56,0.02
4217,L14,#35,GW252/13600,(2)停机状态,2,2025-06-10 08:27:16,2025-06-10 08:27:17,1,0
4218,L14,#35,GW252/13600,(1)停机过程,1,2025-06-10 08:26:44,2025-06-10 08:27:16,32,0.01
4219,L14,#35,GW252/13600,(4)启机状态,4,2025-06-10 08:21:44,2025-06-10 08:26:44,300,0.08
4220,L14,#35,GW252/13600,(3)待机状态,3,2025-06-10 08:20:25,2025-06-10 08:21:44,79,0.02
4221,L14,#35,GW252/13600,(2)停机状态,2,2025-06-10 08:20:24,2025-06-10 08:20:25,1,0
4222,L14,#35,GW252/13600,(1)停机过程,1,2025-06-10 08:19:52,2025-06-10 08:20:24,32,0.01
4223,L14,#35,GW252/13600,(4)启机状态,4,2025-06-10 08:14:52,2025-06-10 08:19:52,300,0.08
4224,L14,#35,GW252/13600,(3)待机状态,3,2025-06-10 08:13:54,2025-06-10 08:14:52,58,0.02
4225,L14,#35,GW252/13600,(2)停机状态,2,2025-06-10 08:13:52,2025-06-10 08:13:54,2,0
4226,L14,#35,GW252/13600,(1)停机过程,1,2025-06-10 08:13:20,2025-06-10 08:13:52,32,0.01
4227,L14,#35,GW252/13600,(4)启机状态,4,2025-06-10 08:08:20,2025-06-10 08:13:20,300,0.08
4228,L14,#35,GW252/13600,(3)待机状态,3,2025-06-10 08:07:14,2025-06-10 08:08:20,66,0.02
4229,L14,#35,GW252/13600,(2)停机状态,2,2025-06-10 08:07:13,2025-06-10 08:07:14,1,0
4230,L14,#35,GW252/13600,(1)停机过程,1,2025-06-10 08:06:42,2025-06-10 08:07:13,31,0.01
4231,L14,#35,GW252/13600,(4)启机状态,4,2025-06-10 08:01:41,2025-06-10 08:06:42,301,0.08
4232,L14,#35,GW252/13600,(3)待机状态,3,2025-06-10 08:00:29,2025-06-10 08:01:41,72,0.02
4233,L14,#35,GW252/13600,(1)停机过程,1,2025-06-10 07:59:57,2025-06-10 08:00:29,32,0.01
4234,L14,#35,GW252/13600,(4)启机状态,4,2025-06-10 07:54:57,2025-06-10 07:59:57,300,0.08
4235,L14,#35,GW252/13600,(3)待机状态,3,2025-06-10 07:53:41,2025-06-10 07:54:57,76,0.02
4236,L14,#35,GW252/13600,(2)停机状态,2,2025-06-10 07:53:39,2025-06-10 07:53:41,2,0
4237,L14,#35,GW252/13600,(1)停机过程,1,2025-06-10 07:53:07,2025-06-10 07:53:39,32,0.01
4238,L14,#35,GW252/13600,(4)启机状态,4,2025-06-10 07:48:07,2025-06-10 07:53:07,300,0.08
4239,L14,#35,GW252/13600,(3)待机状态,3,2025-06-10 07:30:06,2025-06-10 07:48:07,1081,0.3
4240,L14,#35,GW252/13600,(2)停机状态,2,2025-06-10 07:29:58,2025-06-10 07:30:06,8,0
4241,L14,#35,GW252/13600,(1)停机过程,1,2025-06-10 07:29:27,2025-06-10 07:29:58,31,0.01
4242,L14,#35,GW252/13600,(4)启机状态,4,2025-06-10 07:24:28,2025-06-10 07:29:27,299,0.08
4243,L14,#35,GW252/13600,(3)待机状态,3,2025-06-09 22:26:30,2025-06-10 07:24:28,32278,8.97
4244,L14,#35,GW252/13600,(2)停机状态,2,2025-06-09 22:26:29,2025-06-09 22:26:30,1,0
4245,L14,#35,GW252/13600,(1)停机过程,1,2025-06-09 22:25:58,2025-06-09 22:26:29,31,0.01
4246,L14,#35,GW252/13600,(4)启机状态,4,2025-06-09 22:20:58,2025-06-09 22:25:58,300,0.08
4247,L14,#35,GW252/13600,(3)待机状态,3,2025-06-09 22:19:52,2025-06-09 22:20:58,66,0.02
4248,L14,#35,GW252/13600,(2)停机状态,2,2025-06-09 22:19:50,2025-06-09 22:19:52,2,0
4249,L14,#35,GW252/13600,(1)停机过程,1,2025-06-09 22:19:17,2025-06-09 22:19:50,33,0.01
4250,L14,#35,GW252/13600,(4)启机状态,4,2025-06-09 22:14:17,2025-06-09 22:19:17,300,0.08
4251,L14,#35,GW252/13600,(3)待机状态,3,2025-06-09 22:12:31,2025-06-09 22:14:17,106,0.03
4252,L14,#35,GW252/13600,(2)停机状态,2,2025-06-09 22:12:29,2025-06-09 22:12:31,2,0
4253,L14,#35,GW252/13600,(1)停机过程,1,2025-06-09 22:11:56,2025-06-09 22:12:29,33,0.01
4254,L14,#35,GW252/13600,(4)启机状态,4,2025-06-09 22:06:56,2025-06-09 22:11:56,300,0.08
4255,L14,#35,GW252/13600,(3)待机状态,3,2025-06-09 22:05:47,2025-06-09 22:06:56,69,0.02
4256,L14,#35,GW252/13600,(2)停机状态,2,2025-06-09 22:05:46,2025-06-09 22:05:47,1,0
4257,L14,#35,GW252/13600,(1)停机过程,1,2025-06-09 22:05:15,2025-06-09 22:05:46,31,0.01
4258,L14,#35,GW252/13600,(4)启机状态,4,2025-06-09 22:00:14,2025-06-09 22:05:15,301,0.08
4259,L14,#35,GW252/13600,(3)待机状态,3,2025-06-09 21:54:29,2025-06-09 22:00:14,345,0.1
4260,L14,#35,GW252/13600,(2)停机状态,2,2025-06-09 21:52:26,2025-06-09 21:54:29,123,0.03
4261,L14,#35,GW252/13600,(1)停机过程,1,2025-06-09 21:51:55,2025-06-09 21:52:26,31,0.01
4262,L14,#35,GW252/13600,(4)启机状态,4,2025-06-09 21:46:54,2025-06-09 21:51:55,301,0.08
4263,L14,#35,GW252/13600,(3)待机状态,3,2025-06-09 21:45:47,2025-06-09 21:46:54,67,0.02
4264,L14,#35,GW252/13600,(2)停机状态,2,2025-06-09 21:45:46,2025-06-09 21:45:47,1,0
4265,L14,#35,GW252/13600,(1)停机过程,1,2025-06-09 21:45:13,2025-06-09 21:45:46,33,0.01
4266,L14,#35,GW252/13600,(4)启机状态,4,2025-06-09 21:40:13,2025-06-09 21:45:13,300,0.08
4267,L14,#35,GW252/13600,(3)待机状态,3,2025-06-09 21:08:54,2025-06-09 21:40:13,1879,0.52
4268,L14,#35,GW252/13600,(2)停机状态,2,2025-06-09 21:08:50,2025-06-09 21:08:54,4,0
4269,L14,#35,GW252/13600,(1)停机过程,1,2025-06-09 21:08:19,2025-06-09 21:08:50,31,0.01
4270,L14,#35,GW252/13600,(4)启机状态,4,2025-06-09 21:03:19,2025-06-09 21:08:19,300,0.08
4271,L14,#35,GW252/13600,(3)待机状态,3,2025-06-09 20:59:16,2025-06-09 21:03:19,243,0.07
4272,L14,#35,GW252/13600,(2)停机状态,2,2025-06-09 20:55:57,2025-06-09 20:59:16,199,0.06
4273,L14,#35,GW252/13600,(1)停机过程,1,2025-06-09 20:55:02,2025-06-09 20:55:57,55,0.02
4274,L14,#35,GW252/13600,(5)发电状态,5,2025-06-09 19:51:06,2025-06-09 20:55:02,3836,1.07
4275,L14,#35,GW252/13600,(4)启机状态,4,2025-06-09 19:49:09,2025-06-09 19:51:06,117,0.03
4276,L14,#35,GW252/13600,(3)待机状态,3,2025-06-09 19:48:09,2025-06-09 19:49:09,60,0.02
4277,L14,#35,GW252/13600,(2)停机状态,2,2025-06-09 19:48:08,2025-06-09 19:48:09,1,0
4278,L14,#35,GW252/13600,(1)停机过程,1,2025-06-09 19:47:36,2025-06-09 19:48:08,32,0.01
4279,L14,#35,GW252/13600,(4)启机状态,4,2025-06-09 19:42:36,2025-06-09 19:47:36,300,0.08
4280,L14,#35,GW252/13600,(3)待机状态,3,2025-06-09 19:41:28,2025-06-09 19:42:36,68,0.02
4281,L14,#35,GW252/13600,(2)停机状态,2,2025-06-09 19:41:27,2025-06-09 19:41:28,1,0
4282,L14,#35,GW252/13600,(1)停机过程,1,2025-06-09 19:40:55,2025-06-09 19:41:27,32,0.01
4283,L14,#35,GW252/13600,(4)启机状态,4,2025-06-09 19:35:53,2025-06-09 19:40:55,302,0.08
4284,L14,#35,GW252/13600,(3)待机状态,3,2025-06-09 19:34:55,2025-06-09 19:35:53,58,0.02
4285,L14,#35,GW252/13600,(2)停机状态,2,2025-06-09 19:34:54,2025-06-09 19:34:55,1,0
4286,L14,#35,GW252/13600,(1)停机过程,1,2025-06-09 19:34:23,2025-06-09 19:34:54,31,0.01
4287,L14,#35,GW252/13600,(4)启机状态,4,2025-06-09 19:29:23,2025-06-09 19:34:23,300,0.08
4288,L14,#35,GW252/13600,(3)待机状态,3,2025-06-09 19:28:14,2025-06-09 19:29:23,69,0.02
4289,L14,#35,GW252/13600,(2)停机状态,2,2025-06-09 19:28:12,2025-06-09 19:28:14,2,0
4290,L14,#35,GW252/13600,(1)停机过程,1,2025-06-09 19:27:41,2025-06-09 19:28:12,31,0.01
4291,L14,#35,GW252/13600,(4)启机状态,4,2025-06-09 19:22:40,2025-06-09 19:27:41,301,0.08
4292,L14,#35,GW252/13600,(3)待机状态,3,2025-06-09 19:21:34,2025-06-09 19:22:40,66,0.02
4293,L14,#35,GW252/13600,(2)停机状态,2,2025-06-09 19:21:33,2025-06-09 19:21:34,1,0
4294,L14,#35,GW252/13600,(1)停机过程,1,2025-06-09 19:21:02,2025-06-09 19:21:33,31,0.01
4295,L14,#35,GW252/13600,(4)启机状态,4,2025-06-09 19:16:02,2025-06-09 19:21:02,300,0.08
4296,L14,#35,GW252/13600,(3)待机状态,3,2025-06-09 19:14:55,2025-06-09 19:16:02,67,0.02
4297,L14,#35,GW252/13600,(2)停机状态,2,2025-06-09 19:14:54,2025-06-09 19:14:55,1,0
4298,L14,#35,GW252/13600,(1)停机过程,1,2025-06-09 19:14:22,2025-06-09 19:14:54,32,0.01
4299,L14,#35,GW252/13600,(4)启机状态,4,2025-06-09 19:09:22,2025-06-09 19:14:22,300,0.08
4300,L14,#35,GW252/13600,(3)待机状态,3,2025-06-09 19:07:50,2025-06-09 19:09:22,92,0.03
4301,L14,#35,GW252/13600,(2)停机状态,2,2025-06-09 19:07:47,2025-06-09 19:07:50,3,0
4302,L14,#35,GW252/13600,(1)停机过程,1,2025-06-09 19:07:16,2025-06-09 19:07:47,31,0.01
4303,L14,#35,GW252/13600,(4)启机状态,4,2025-06-09 19:02:16,2025-06-09 19:07:16,300,0.08
4304,L14,#35,GW252/13600,(3)待机状态,3,2025-06-09 18:58:23,2025-06-09 19:02:16,233,0.06
4305,L14,#35,GW252/13600,(1)停机过程,1,2025-06-09 18:57:51,2025-06-09 18:58:23,32,0.01
4306,L14,#35,GW252/13600,(4)启机状态,4,2025-06-09 18:52:51,2025-06-09 18:57:51,300,0.08
4307,L14,#35,GW252/13600,(3)待机状态,3,2025-06-09 17:26:46,2025-06-09 18:52:51,5165,1.43
4308,L14,#35,GW252/13600,(2)停机状态,2,2025-06-09 17:25:18,2025-06-09 17:26:46,88,0.02
4309,L14,#35,GW252/13600,(1)停机过程,1,2025-06-09 17:24:46,2025-06-09 17:25:18,32,0.01
4310,L14,#35,GW252/13600,(4)启机状态,4,2025-06-09 17:19:45,2025-06-09 17:24:46,301,0.08
4311,L14,#35,GW252/13600,(3)待机状态,3,2025-06-09 17:13:09,2025-06-09 17:19:45,396,0.11
4312,L14,#35,GW252/13600,(2)停机状态,2,2025-06-09 17:11:52,2025-06-09 17:13:09,77,0.02
4313,L14,#35,GW252/13600,(1)停机过程,1,2025-06-09 17:11:19,2025-06-09 17:11:52,33,0.01
4314,L14,#35,GW252/13600,(4)启机状态,4,2025-06-09 17:06:19,2025-06-09 17:11:19,300,0.08
4315,L14,#35,GW252/13600,(3)待机状态,3,2025-06-09 17:05:03,2025-06-09 17:06:19,76,0.02
4316,L14,#35,GW252/13600,(2)停机状态,2,2025-06-09 17:05:02,2025-06-09 17:05:03,1,0
4317,L14,#35,GW252/13600,(1)停机过程,1,2025-06-09 17:04:30,2025-06-09 17:05:02,32,0.01
4318,L14,#35,GW252/13600,(4)启机状态,4,2025-06-09 16:59:30,2025-06-09 17:04:30,300,0.08
4319,L14,#35,GW252/13600,(3)待机状态,3,2025-06-09 16:58:19,2025-06-09 16:59:30,71,0.02
4320,L14,#35,GW252/13600,(2)停机状态,2,2025-06-09 16:58:17,2025-06-09 16:58:19,2,0
4321,L14,#35,GW252/13600,(1)停机过程,1,2025-06-09 16:57:47,2025-06-09 16:58:17,30,0.01
4322,L14,#35,GW252/13600,(4)启机状态,4,2025-06-09 16:52:48,2025-06-09 16:57:47,299,0.08
4323,L14,#35,GW252/13600,(3)待机状态,3,2025-06-09 16:51:17,2025-06-09 16:52:48,91,0.03
4324,L14,#35,GW252/13600,(2)停机状态,2,2025-06-09 16:50:48,2025-06-09 16:51:17,29,0.01
4325,L14,#35,GW252/13600,(1)停机过程,1,2025-06-09 16:50:17,2025-06-09 16:50:48,31,0.01
4326,L14,#35,GW252/13600,(4)启机状态,4,2025-06-09 16:45:17,2025-06-09 16:50:17,300,0.08
4327,L14,#35,GW252/13600,(3)待机状态,3,2025-06-09 15:57:43,2025-06-09 16:45:17,2854,0.79
4328,L14,#35,GW252/13600,(2)停机状态,2,2025-06-09 15:57:42,2025-06-09 15:57:43,1,0
4329,L14,#35,GW252/13600,(1)停机过程,1,2025-06-09 15:57:11,2025-06-09 15:57:42,31,0.01
4330,L14,#35,GW252/13600,(4)启机状态,4,2025-06-09 15:52:11,2025-06-09 15:57:11,300,0.08
4331,L14,#35,GW252/13600,(3)待机状态,3,2025-06-09 15:49:39,2025-06-09 15:52:11,152,0.04
4332,L14,#35,GW252/13600,(1)停机过程,1,2025-06-09 15:49:06,2025-06-09 15:49:39,33,0.01
4333,L14,#35,GW252/13600,(4)启机状态,4,2025-06-09 15:44:06,2025-06-09 15:49:06,300,0.08
4334,L14,#35,GW252/13600,(3)待机状态,3,2025-06-09 15:42:37,2025-06-09 15:44:06,89,0.02
4335,L14,#35,GW252/13600,(2)停机状态,2,2025-06-09 15:42:34,2025-06-09 15:42:37,3,0
4336,L14,#35,GW252/13600,(1)停机过程,1,2025-06-09 15:42:03,2025-06-09 15:42:34,31,0.01
4337,L14,#35,GW252/13600,(4)启机状态,4,2025-06-09 15:37:02,2025-06-09 15:42:03,301,0.08
4338,L14,#35,GW252/13600,(3)待机状态,3,2025-06-09 15:33:10,2025-06-09 15:37:02,232,0.06
4339,L14,#35,GW252/13600,(2)停机状态,2,2025-06-09 15:33:08,2025-06-09 15:33:10,2,0
4340,L14,#35,GW252/13600,(1)停机过程,1,2025-06-09 15:32:37,2025-06-09 15:33:08,31,0.01
4341,L14,#35,GW252/13600,(4)启机状态,4,2025-06-09 15:27:37,2025-06-09 15:32:37,300,0.08
4342,L14,#35,GW252/13600,(3)待机状态,3,2025-06-09 15:00:20,2025-06-09 15:27:37,1637,0.45
4343,L14,#35,GW252/13600,(2)停机状态,2,2025-06-09 14:58:13,2025-06-09 15:00:20,127,0.04
4344,L14,#35,GW252/13600,(1)停机过程,1,2025-06-09 14:57:18,2025-06-09 14:58:13,55,0.02
4345,L14,#35,GW252/13600,(5)发电状态,5,2025-06-09 14:19:33,2025-06-09 14:57:18,2265,0.63
4346,L14,#35,GW252/13600,(4)启机状态,4,2025-06-09 14:15:54,2025-06-09 14:19:33,219,0.06
4347,L14,#35,GW252/13600,(3)待机状态,3,2025-06-09 14:14:56,2025-06-09 14:15:54,58,0.02
4348,L14,#35,GW252/13600,(2)停机状态,2,2025-06-09 14:14:55,2025-06-09 14:14:56,1,0
4349,L14,#35,GW252/13600,(1)停机过程,1,2025-06-09 14:14:22,2025-06-09 14:14:55,33,0.01
4350,L14,#35,GW252/13600,(4)启机状态,4,2025-06-09 14:09:22,2025-06-09 14:14:22,300,0.08
4351,L14,#35,GW252/13600,(3)待机状态,3,2025-06-09 14:07:16,2025-06-09 14:09:22,126,0.04
4352,L14,#35,GW252/13600,(2)停机状态,2,2025-06-09 14:07:11,2025-06-09 14:07:16,5,0
4353,L14,#35,GW252/13600,(1)停机过程,1,2025-06-09 14:06:40,2025-06-09 14:07:11,31,0.01
4354,L14,#35,GW252/13600,(4)启机状态,4,2025-06-09 14:01:40,2025-06-09 14:06:40,300,0.08
4355,L14,#35,GW252/13600,(3)待机状态,3,2025-06-09 13:04:23,2025-06-09 14:01:40,3437,0.95
4356,L14,#35,GW252/13600,(2)停机状态,2,2025-06-09 13:04:22,2025-06-09 13:04:23,1,0
4357,L14,#35,GW252/13600,(1)停机过程,1,2025-06-09 13:03:49,2025-06-09 13:04:22,33,0.01
4358,L14,#35,GW252/13600,(4)启机状态,4,2025-06-09 12:58:49,2025-06-09 13:03:49,300,0.08
4359,L14,#35,GW252/13600,(3)待机状态,3,2025-06-09 12:56:23,2025-06-09 12:58:49,146,0.04
4360,L14,#35,GW252/13600,(2)停机状态,2,2025-06-09 12:56:22,2025-06-09 12:56:23,1,0
4361,L14,#35,GW252/13600,(1)停机过程,1,2025-06-09 12:55:52,2025-06-09 12:56:22,30,0.01
4362,L14,#35,GW252/13600,(4)启机状态,4,2025-06-09 12:50:51,2025-06-09 12:55:52,301,0.08
4363,L14,#35,GW252/13600,(3)待机状态,3,2025-06-09 12:48:09,2025-06-09 12:50:51,162,0.05
4364,L14,#35,GW252/13600,(1)停机过程,1,2025-06-09 12:47:38,2025-06-09 12:48:09,31,0.01
4365,L14,#35,GW252/13600,(4)启机状态,4,2025-06-09 12:42:38,2025-06-09 12:47:38,300,0.08
4366,L14,#35,GW252/13600,(3)待机状态,3,2025-06-09 12:41:20,2025-06-09 12:42:38,78,0.02
4367,L14,#35,GW252/13600,(2)停机状态,2,2025-06-09 12:41:19,2025-06-09 12:41:20,1,0
4368,L14,#35,GW252/13600,(1)停机过程,1,2025-06-09 12:40:47,2025-06-09 12:41:19,32,0.01
4369,L14,#35,GW252/13600,(4)启机状态,4,2025-06-09 12:35:47,2025-06-09 12:40:47,300,0.08
4370,L14,#35,GW252/13600,(3)待机状态,3,2025-06-09 12:31:32,2025-06-09 12:35:47,255,0.07
4371,L14,#35,GW252/13600,(1)停机过程,1,2025-06-09 12:30:59,2025-06-09 12:31:32,33,0.01
4372,L14,#35,GW252/13600,(4)启机状态,4,2025-06-09 12:25:59,2025-06-09 12:30:59,300,0.08
4373,L14,#35,GW252/13600,(3)待机状态,3,2025-06-09 12:24:32,2025-06-09 12:25:59,87,0.02
4374,L14,#35,GW252/13600,(2)停机状态,2,2025-06-09 12:24:31,2025-06-09 12:24:32,1,0
4375,L14,#35,GW252/13600,(1)停机过程,1,2025-06-09 12:23:59,2025-06-09 12:24:31,32,0.01
4376,L14,#35,GW252/13600,(4)启机状态,4,2025-06-09 12:18:59,2025-06-09 12:23:59,300,0.08
4377,L14,#35,GW252/13600,(3)待机状态,3,2025-06-09 12:17:42,2025-06-09 12:18:59,77,0.02
4378,L14,#35,GW252/13600,(2)停机状态,2,2025-06-09 12:17:41,2025-06-09 12:17:42,1,0
4379,L14,#35,GW252/13600,(1)停机过程,1,2025-06-09 12:17:10,2025-06-09 12:17:41,31,0.01
4380,L14,#35,GW252/13600,(4)启机状态,4,2025-06-09 12:12:10,2025-06-09 12:17:10,300,0.08
4381,L14,#35,GW252/13600,(3)待机状态,3,2025-06-09 04:21:40,2025-06-09 12:12:10,28230,7.84
4382,L14,#35,GW252/13600,(2)停机状态,2,2025-06-09 04:16:02,2025-06-09 04:21:40,338,0.09
4383,L14,#35,GW252/13600,(1)停机过程,1,2025-06-09 04:15:06,2025-06-09 04:16:02,56,0.02
4384,L14,#35,GW252/13600,(5)发电状态,5,2025-06-08 18:59:34,2025-06-09 04:15:06,33332,9.26
4385,L14,#35,GW252/13600,(4)启机状态,4,2025-06-08 18:55:49,2025-06-08 18:59:34,225,0.06
4386,L14,#35,GW252/13600,(3)待机状态,3,2025-06-08 18:54:48,2025-06-08 18:55:49,61,0.02
4387,L14,#35,GW252/13600,(2)停机状态,2,2025-06-08 18:54:47,2025-06-08 18:54:48,1,0
4388,L14,#35,GW252/13600,(1)停机过程,1,2025-06-08 18:54:16,2025-06-08 18:54:47,31,0.01
4389,L14,#35,GW252/13600,(4)启机状态,4,2025-06-08 18:49:16,2025-06-08 18:54:16,300,0.08
4390,L14,#35,GW252/13600,(3)待机状态,3,2025-06-08 18:48:13,2025-06-08 18:49:16,63,0.02
4391,L14,#35,GW252/13600,(2)停机状态,2,2025-06-08 18:48:11,2025-06-08 18:48:13,2,0
4392,L14,#35,GW252/13600,(1)停机过程,1,2025-06-08 18:47:38,2025-06-08 18:48:11,33,0.01
4393,L14,#35,GW252/13600,(4)启机状态,4,2025-06-08 18:42:38,2025-06-08 18:47:38,300,0.08
4394,L14,#35,GW252/13600,(3)待机状态,3,2025-06-08 18:41:28,2025-06-08 18:42:38,70,0.02
4395,L14,#35,GW252/13600,(2)停机状态,2,2025-06-08 18:41:26,2025-06-08 18:41:28,2,0
4396,L14,#35,GW252/13600,(1)停机过程,1,2025-06-08 18:40:56,2025-06-08 18:41:26,30,0.01
4397,L14,#35,GW252/13600,(4)启机状态,4,2025-06-08 18:35:56,2025-06-08 18:40:56,300,0.08
4398,L14,#35,GW252/13600,(3)待机状态,3,2025-06-08 18:31:21,2025-06-08 18:35:56,275,0.08
4399,L14,#35,GW252/13600,(2)停机状态,2,2025-06-08 18:31:19,2025-06-08 18:31:21,2,0
4400,L14,#35,GW252/13600,(1)停机过程,1,2025-06-08 18:30:47,2025-06-08 18:31:19,32,0.01
4401,L14,#35,GW252/13600,(4)启机状态,4,2025-06-08 18:25:47,2025-06-08 18:30:47,300,0.08
4402,L14,#35,GW252/13600,(3)待机状态,3,2025-06-08 18:24:14,2025-06-08 18:25:47,93,0.03
4403,L14,#35,GW252/13600,(1)停机过程,1,2025-06-08 18:23:43,2025-06-08 18:24:14,31,0.01
4404,L14,#35,GW252/13600,(4)启机状态,4,2025-06-08 18:18:42,2025-06-08 18:23:43,301,0.08
4405,L14,#35,GW252/13600,(3)待机状态,3,2025-06-08 18:14:39,2025-06-08 18:18:42,243,0.07
4406,L14,#35,GW252/13600,(2)停机状态,2,2025-06-08 18:14:38,2025-06-08 18:14:39,1,0
4407,L14,#35,GW252/13600,(1)停机过程,1,2025-06-08 18:14:07,2025-06-08 18:14:38,31,0.01
4408,L14,#35,GW252/13600,(4)启机状态,4,2025-06-08 18:09:07,2025-06-08 18:14:07,300,0.08
4409,L14,#35,GW252/13600,(3)待机状态,3,2025-06-08 18:02:12,2025-06-08 18:09:07,415,0.12
4410,L14,#35,GW252/13600,(2)停机状态,2,2025-06-08 18:00:49,2025-06-08 18:02:12,83,0.02
4411,L14,#35,GW252/13600,(1)停机过程,1,2025-06-08 17:59:52,2025-06-08 18:00:49,57,0.02
4412,L14,#35,GW252/13600,(5)发电状态,5,2025-06-08 16:40:16,2025-06-08 17:59:52,4776,1.33
4413,L14,#35,GW252/13600,(4)启机状态,4,2025-06-08 16:38:34,2025-06-08 16:40:16,102,0.03
4414,L14,#35,GW252/13600,(3)待机状态,3,2025-06-08 16:37:37,2025-06-08 16:38:34,57,0.02
4415,L14,#35,GW252/13600,(2)停机状态,2,2025-06-08 16:37:36,2025-06-08 16:37:37,1,0
4416,L14,#35,GW252/13600,(1)停机过程,1,2025-06-08 16:37:04,2025-06-08 16:37:36,32,0.01
4417,L14,#35,GW252/13600,(4)启机状态,4,2025-06-08 16:32:04,2025-06-08 16:37:04,300,0.08
4418,L14,#35,GW252/13600,(3)待机状态,3,2025-06-08 16:31:05,2025-06-08 16:32:04,59,0.02
4419,L14,#35,GW252/13600,(2)停机状态,2,2025-06-08 16:31:03,2025-06-08 16:31:05,2,0
4420,L14,#35,GW252/13600,(1)停机过程,1,2025-06-08 16:30:32,2025-06-08 16:31:03,31,0.01
4421,L14,#35,GW252/13600,(4)启机状态,4,2025-06-08 16:25:31,2025-06-08 16:30:32,301,0.08
4422,L14,#35,GW252/13600,(3)待机状态,3,2025-06-08 16:21:44,2025-06-08 16:25:31,227,0.06
4423,L14,#35,GW252/13600,(1)停机过程,1,2025-06-08 16:21:12,2025-06-08 16:21:44,32,0.01
4424,L14,#35,GW252/13600,(4)启机状态,4,2025-06-08 16:16:10,2025-06-08 16:21:12,302,0.08
4425,L14,#35,GW252/13600,(3)待机状态,3,2025-06-08 16:15:00,2025-06-08 16:16:10,70,0.02
4426,L14,#35,GW252/13600,(2)停机状态,2,2025-06-08 16:14:59,2025-06-08 16:15:00,1,0
4427,L14,#35,GW252/13600,(1)停机过程,1,2025-06-08 16:14:28,2025-06-08 16:14:59,31,0.01
4428,L14,#35,GW252/13600,(4)启机状态,4,2025-06-08 16:09:28,2025-06-08 16:14:28,300,0.08
4429,L14,#35,GW252/13600,(3)待机状态,3,2025-06-08 14:54:53,2025-06-08 16:09:28,4475,1.24
4430,L14,#35,GW252/13600,(2)停机状态,2,2025-06-08 14:53:07,2025-06-08 14:54:53,106,0.03
4431,L14,#35,GW252/13600,(1)停机过程,1,2025-06-08 14:52:37,2025-06-08 14:53:07,30,0.01
4432,L14,#35,GW252/13600,(4)启机状态,4,2025-06-08 14:47:36,2025-06-08 14:52:37,301,0.08
4433,L14,#35,GW252/13600,(3)待机状态,3,2025-06-08 14:17:19,2025-06-08 14:47:36,1817,0.5
4434,L14,#35,GW252/13600,(2)停机状态,2,2025-06-08 14:11:43,2025-06-08 14:17:19,336,0.09
4435,L14,#35,GW252/13600,(1)停机过程,1,2025-06-08 14:10:46,2025-06-08 14:11:43,57,0.02
4436,L14,#35,GW252/13600,(5)发电状态,5,2025-06-08 11:54:38,2025-06-08 14:10:46,8168,2.27
4437,L14,#35,GW252/13600,(4)启机状态,4,2025-06-08 11:51:25,2025-06-08 11:54:38,193,0.05
4438,L14,#35,GW252/13600,(3)待机状态,3,2025-06-08 11:50:27,2025-06-08 11:51:25,58,0.02
4439,L14,#35,GW252/13600,(2)停机状态,2,2025-06-08 11:50:26,2025-06-08 11:50:27,1,0
4440,L14,#35,GW252/13600,(1)停机过程,1,2025-06-08 11:49:30,2025-06-08 11:50:26,56,0.02
4441,L14,#35,GW252/13600,(4)启机状态,4,2025-06-08 11:44:29,2025-06-08 11:49:30,301,0.08
4442,L14,#35,GW252/13600,(3)待机状态,3,2025-06-08 11:43:29,2025-06-08 11:44:29,60,0.02
4443,L14,#35,GW252/13600,(2)停机状态,2,2025-06-08 11:43:28,2025-06-08 11:43:29,1,0
4444,L14,#35,GW252/13600,(1)停机过程,1,2025-06-08 11:42:56,2025-06-08 11:43:28,32,0.01
4445,L14,#35,GW252/13600,(4)启机状态,4,2025-06-08 11:37:56,2025-06-08 11:42:56,300,0.08
4446,L14,#35,GW252/13600,(3)待机状态,3,2025-06-08 11:35:53,2025-06-08 11:37:56,123,0.03
4447,L14,#35,GW252/13600,(2)停机状态,2,2025-06-08 11:35:51,2025-06-08 11:35:53,2,0
4448,L14,#35,GW252/13600,(1)停机过程,1,2025-06-08 11:35:20,2025-06-08 11:35:51,31,0.01
4449,L14,#35,GW252/13600,(4)启机状态,4,2025-06-08 11:30:20,2025-06-08 11:35:20,300,0.08
4450,L14,#35,GW252/13600,(3)待机状态,3,2025-06-08 11:29:07,2025-06-08 11:30:20,73,0.02
4451,L14,#35,GW252/13600,(2)停机状态,2,2025-06-08 11:29:06,2025-06-08 11:29:07,1,0
4452,L14,#35,GW252/13600,(1)停机过程,1,2025-06-08 11:28:35,2025-06-08 11:29:06,31,0.01
4453,L14,#35,GW252/13600,(4)启机状态,4,2025-06-08 11:23:35,2025-06-08 11:28:35,300,0.08
4454,L14,#35,GW252/13600,(3)待机状态,3,2025-06-08 11:22:22,2025-06-08 11:23:35,73,0.02
4455,L14,#35,GW252/13600,(2)停机状态,2,2025-06-08 11:22:21,2025-06-08 11:22:22,1,0
4456,L14,#35,GW252/13600,(1)停机过程,1,2025-06-08 11:21:50,2025-06-08 11:22:21,31,0.01
4457,L14,#35,GW252/13600,(4)启机状态,4,2025-06-08 11:16:50,2025-06-08 11:21:50,300,0.08
4458,L14,#35,GW252/13600,(3)待机状态,3,2025-06-08 11:15:39,2025-06-08 11:16:50,71,0.02
4459,L14,#35,GW252/13600,(2)停机状态,2,2025-06-08 11:15:38,2025-06-08 11:15:39,1,0
4460,L14,#35,GW252/13600,(1)停机过程,1,2025-06-08 11:15:06,2025-06-08 11:15:38,32,0.01
4461,L14,#35,GW252/13600,(4)启机状态,4,2025-06-08 11:10:06,2025-06-08 11:15:06,300,0.08
4462,L14,#35,GW252/13600,(3)待机状态,3,2025-06-08 11:08:48,2025-06-08 11:10:06,78,0.02
4463,L14,#35,GW252/13600,(2)停机状态,2,2025-06-08 11:08:46,2025-06-08 11:08:48,2,0
4464,L14,#35,GW252/13600,(1)停机过程,1,2025-06-08 11:08:15,2025-06-08 11:08:46,31,0.01
4465,L14,#35,GW252/13600,(4)启机状态,4,2025-06-08 11:03:15,2025-06-08 11:08:15,300,0.08
4466,L14,#35,GW252/13600,(3)待机状态,3,2025-06-08 11:02:12,2025-06-08 11:03:15,63,0.02
4467,L14,#35,GW252/13600,(2)停机状态,2,2025-06-08 11:02:09,2025-06-08 11:02:12,3,0
4468,L14,#35,GW252/13600,(1)停机过程,1,2025-06-08 11:01:38,2025-06-08 11:02:09,31,0.01
4469,L14,#35,GW252/13600,(4)启机状态,4,2025-06-08 10:56:38,2025-06-08 11:01:38,300,0.08
4470,L14,#35,GW252/13600,(3)待机状态,3,2025-06-08 10:55:35,2025-06-08 10:56:38,63,0.02
4471,L14,#35,GW252/13600,(2)停机状态,2,2025-06-08 10:55:34,2025-06-08 10:55:35,1,0
4472,L14,#35,GW252/13600,(1)停机过程,1,2025-06-08 10:55:02,2025-06-08 10:55:34,32,0.01
4473,L14,#35,GW252/13600,(4)启机状态,4,2025-06-08 10:50:03,2025-06-08 10:55:02,299,0.08
4474,L14,#35,GW252/13600,(3)待机状态,3,2025-06-08 10:48:21,2025-06-08 10:50:03,102,0.03
4475,L14,#35,GW252/13600,(2)停机状态,2,2025-06-08 10:48:20,2025-06-08 10:48:21,1,0
4476,L14,#35,GW252/13600,(1)停机过程,1,2025-06-08 10:47:48,2025-06-08 10:48:20,32,0.01
4477,L14,#35,GW252/13600,(4)启机状态,4,2025-06-08 10:42:49,2025-06-08 10:47:48,299,0.08
4478,L14,#35,GW252/13600,(3)待机状态,3,2025-06-08 10:41:31,2025-06-08 10:42:49,78,0.02
4479,L14,#35,GW252/13600,(1)停机过程,1,2025-06-08 10:41:00,2025-06-08 10:41:31,31,0.01
4480,L14,#35,GW252/13600,(4)启机状态,4,2025-06-08 10:36:00,2025-06-08 10:41:00,300,0.08
4481,L14,#35,GW252/13600,(3)待机状态,3,2025-06-08 10:34:55,2025-06-08 10:36:00,65,0.02
4482,L14,#35,GW252/13600,(2)停机状态,2,2025-06-08 10:34:53,2025-06-08 10:34:55,2,0
4483,L14,#35,GW252/13600,(1)停机过程,1,2025-06-08 10:34:23,2025-06-08 10:34:53,30,0.01
4484,L14,#35,GW252/13600,(4)启机状态,4,2025-06-08 10:29:22,2025-06-08 10:34:23,301,0.08
4485,L14,#35,GW252/13600,(3)待机状态,3,2025-06-08 10:28:20,2025-06-08 10:29:22,62,0.02
4486,L14,#35,GW252/13600,(2)停机状态,2,2025-06-08 10:28:19,2025-06-08 10:28:20,1,0
4487,L14,#35,GW252/13600,(1)停机过程,1,2025-06-08 10:27:46,2025-06-08 10:28:19,33,0.01
4488,L14,#35,GW252/13600,(4)启机状态,4,2025-06-08 10:22:46,2025-06-08 10:27:46,300,0.08
4489,L14,#35,GW252/13600,(3)待机状态,3,2025-06-08 10:14:58,2025-06-08 10:22:46,468,0.13
4490,L14,#35,GW252/13600,(2)停机状态,2,2025-06-08 10:14:19,2025-06-08 10:14:58,39,0.01
4491,L14,#35,GW252/13600,(1)停机过程,1,2025-06-08 10:13:48,2025-06-08 10:14:19,31,0.01
4492,L14,#35,GW252/13600,(4)启机状态,4,2025-06-08 10:08:47,2025-06-08 10:13:48,301,0.08
4493,L14,#35,GW252/13600,(3)待机状态,3,2025-06-08 10:06:53,2025-06-08 10:08:47,114,0.03
4494,L14,#35,GW252/13600,(2)停机状态,2,2025-06-08 10:04:55,2025-06-08 10:06:53,118,0.03
4495,L14,#35,GW252/13600,(1)停机过程,1,2025-06-08 10:04:00,2025-06-08 10:04:55,55,0.02
4496,L14,#35,GW252/13600,(5)发电状态,5,2025-06-07 15:13:17,2025-06-08 10:04:00,67843,18.85
4497,L14,#35,GW252/13600,(4)启机状态,4,2025-06-07 15:11:46,2025-06-07 15:13:17,91,0.03
4498,L14,#35,GW252/13600,(3)待机状态,3,2025-06-07 15:10:53,2025-06-07 15:11:46,53,0.01
4499,L14,#35,GW252/13600,(2)停机状态,2,2025-06-07 15:10:52,2025-06-07 15:10:53,1,0
4500,L14,#35,GW252/13600,(1)停机过程,1,2025-06-07 15:09:58,2025-06-07 15:10:52,54,0.02
4501,L14,#35,GW252/13600,(4)启机状态,4,2025-06-07 15:04:57,2025-06-07 15:09:58,301,0.08
4502,L14,#35,GW252/13600,(3)待机状态,3,2025-06-07 15:03:46,2025-06-07 15:04:57,71,0.02
4503,L14,#35,GW252/13600,(2)停机状态,2,2025-06-07 15:03:45,2025-06-07 15:03:46,1,0
4504,L14,#35,GW252/13600,(1)停机过程,1,2025-06-07 15:03:13,2025-06-07 15:03:45,32,0.01
4505,L14,#35,GW252/13600,(4)启机状态,4,2025-06-07 14:58:14,2025-06-07 15:03:13,299,0.08
4506,L14,#35,GW252/13600,(3)待机状态,3,2025-06-07 14:57:08,2025-06-07 14:58:14,66,0.02
4507,L14,#35,GW252/13600,(2)停机状态,2,2025-06-07 14:57:06,2025-06-07 14:57:08,2,0
4508,L14,#35,GW252/13600,(1)停机过程,1,2025-06-07 14:56:34,2025-06-07 14:57:06,32,0.01
4509,L14,#35,GW252/13600,(4)启机状态,4,2025-06-07 14:51:34,2025-06-07 14:56:34,300,0.08
4510,L14,#35,GW252/13600,(3)待机状态,3,2025-06-07 14:50:26,2025-06-07 14:51:34,68,0.02
4511,L14,#35,GW252/13600,(2)停机状态,2,2025-06-07 14:50:25,2025-06-07 14:50:26,1,0
4512,L14,#35,GW252/13600,(1)停机过程,1,2025-06-07 14:49:54,2025-06-07 14:50:25,31,0.01
4513,L14,#35,GW252/13600,(4)启机状态,4,2025-06-07 14:44:54,2025-06-07 14:49:54,300,0.08
4514,L14,#35,GW252/13600,(3)待机状态,3,2025-06-07 14:43:43,2025-06-07 14:44:54,71,0.02
4515,L14,#35,GW252/13600,(2)停机状态,2,2025-06-07 14:43:42,2025-06-07 14:43:43,1,0
4516,L14,#35,GW252/13600,(1)停机过程,1,2025-06-07 14:43:10,2025-06-07 14:43:42,32,0.01
4517,L14,#35,GW252/13600,(4)启机状态,4,2025-06-07 14:38:10,2025-06-07 14:43:10,300,0.08
4518,L14,#35,GW252/13600,(3)待机状态,3,2025-06-07 14:36:56,2025-06-07 14:38:10,74,0.02
4519,L14,#35,GW252/13600,(1)停机过程,1,2025-06-07 14:36:25,2025-06-07 14:36:56,31,0.01
4520,L14,#35,GW252/13600,(4)启机状态,4,2025-06-07 14:31:25,2025-06-07 14:36:25,300,0.08
4521,L14,#35,GW252/13600,(3)待机状态,3,2025-06-07 14:30:14,2025-06-07 14:31:25,71,0.02
4522,L14,#35,GW252/13600,(2)停机状态,2,2025-06-07 14:30:13,2025-06-07 14:30:14,1,0
4523,L14,#35,GW252/13600,(1)停机过程,1,2025-06-07 14:29:40,2025-06-07 14:30:13,33,0.01
4524,L14,#35,GW252/13600,(4)启机状态,4,2025-06-07 14:24:40,2025-06-07 14:29:40,300,0.08
4525,L14,#35,GW252/13600,(3)待机状态,3,2025-06-07 09:00:45,2025-06-07 14:24:40,19435,5.4
4526,L14,#35,GW252/13600,(2)停机状态,2,2025-06-07 08:23:10,2025-06-07 09:00:45,2255,0.63
4527,L14,#35,GW252/13600,(1)停机过程,1,2025-06-07 08:22:14,2025-06-07 08:23:10,56,0.02
4528,L14,#35,GW252/13600,(5)发电状态,5,2025-06-06 16:32:24,2025-06-07 08:22:14,56990,15.83
4529,L14,#35,GW252/13600,(4)启机状态,4,2025-06-06 16:28:13,2025-06-06 16:32:24,251,0.07
4530,L14,#35,GW252/13600,(3)待机状态,3,2025-06-06 16:26:56,2025-06-06 16:28:13,77,0.02
4531,L14,#35,GW252/13600,(2)停机状态,2,2025-06-06 16:26:54,2025-06-06 16:26:56,2,0
4532,L14,#35,GW252/13600,(1)停机过程,1,2025-06-06 16:26:22,2025-06-06 16:26:54,32,0.01
4533,L14,#35,GW252/13600,(4)启机状态,4,2025-06-06 16:21:22,2025-06-06 16:26:22,300,0.08
4534,L14,#35,GW252/13600,(3)待机状态,3,2025-06-06 16:19:12,2025-06-06 16:21:22,130,0.04
4535,L14,#35,GW252/13600,(2)停机状态,2,2025-06-06 16:19:11,2025-06-06 16:19:12,1,0
4536,L14,#35,GW252/13600,(1)停机过程,1,2025-06-06 16:18:41,2025-06-06 16:19:11,30,0.01
4537,L14,#35,GW252/13600,(4)启机状态,4,2025-06-06 16:13:41,2025-06-06 16:18:41,300,0.08
4538,L14,#35,GW252/13600,(3)待机状态,3,2025-06-06 16:12:21,2025-06-06 16:13:41,80,0.02
4539,L14,#35,GW252/13600,(2)停机状态,2,2025-06-06 16:12:20,2025-06-06 16:12:21,1,0
4540,L14,#35,GW252/13600,(1)停机过程,1,2025-06-06 16:11:47,2025-06-06 16:12:20,33,0.01
4541,L14,#35,GW252/13600,(4)启机状态,4,2025-06-06 16:06:47,2025-06-06 16:11:47,300,0.08
4542,L14,#35,GW252/13600,(3)待机状态,3,2025-06-06 16:01:29,2025-06-06 16:06:47,318,0.09
4543,L14,#35,GW252/13600,(2)停机状态,2,2025-06-06 16:01:23,2025-06-06 16:01:29,6,0
4544,L14,#35,GW252/13600,(1)停机过程,1,2025-06-06 16:00:27,2025-06-06 16:01:23,56,0.02
4545,L14,#35,GW252/13600,(5)发电状态,5,2025-06-06 14:50:39,2025-06-06 16:00:27,4188,1.16
4546,L14,#35,GW252/13600,(4)启机状态,4,2025-06-06 14:47:47,2025-06-06 14:50:39,172,0.05
4547,L14,#35,GW252/13600,(3)待机状态,3,2025-06-06 14:46:48,2025-06-06 14:47:47,59,0.02
4548,L14,#35,GW252/13600,(1)停机过程,1,2025-06-06 14:46:16,2025-06-06 14:46:48,32,0.01
4549,L14,#35,GW252/13600,(4)启机状态,4,2025-06-06 14:41:16,2025-06-06 14:46:16,300,0.08
4550,L14,#35,GW252/13600,(3)待机状态,3,2025-06-06 14:40:00,2025-06-06 14:41:16,76,0.02
4551,L14,#35,GW252/13600,(1)停机过程,1,2025-06-06 14:39:29,2025-06-06 14:40:00,31,0.01
4552,L14,#35,GW252/13600,(4)启机状态,4,2025-06-06 14:34:29,2025-06-06 14:39:29,300,0.08
4553,L14,#35,GW252/13600,(3)待机状态,3,2025-06-06 14:33:22,2025-06-06 14:34:29,67,0.02
4554,L14,#35,GW252/13600,(2)停机状态,2,2025-06-06 14:33:20,2025-06-06 14:33:22,2,0
4555,L14,#35,GW252/13600,(1)停机过程,1,2025-06-06 14:32:48,2025-06-06 14:33:20,32,0.01
4556,L14,#35,GW252/13600,(4)启机状态,4,2025-06-06 14:27:47,2025-06-06 14:32:48,301,0.08
4557,L14,#35,GW252/13600,(3)待机状态,3,2025-06-06 14:26:38,2025-06-06 14:27:47,69,0.02
4558,L14,#35,GW252/13600,(1)停机过程,1,2025-06-06 14:26:07,2025-06-06 14:26:38,31,0.01
4559,L14,#35,GW252/13600,(4)启机状态,4,2025-06-06 14:21:07,2025-06-06 14:26:07,300,0.08
4560,L14,#35,GW252/13600,(3)待机状态,3,2025-06-06 14:19:47,2025-06-06 14:21:07,80,0.02
4561,L14,#35,GW252/13600,(2)停机状态,2,2025-06-06 14:19:46,2025-06-06 14:19:47,1,0
4562,L14,#35,GW252/13600,(1)停机过程,1,2025-06-06 14:19:14,2025-06-06 14:19:46,32,0.01
4563,L14,#35,GW252/13600,(4)启机状态,4,2025-06-06 14:14:14,2025-06-06 14:19:14,300,0.08
4564,L14,#35,GW252/13600,(3)待机状态,3,2025-06-06 14:12:56,2025-06-06 14:14:14,78,0.02
4565,L14,#35,GW252/13600,(1)停机过程,1,2025-06-06 14:12:24,2025-06-06 14:12:56,32,0.01
4566,L14,#35,GW252/13600,(4)启机状态,4,2025-06-06 14:07:24,2025-06-06 14:12:24,300,0.08
4567,L14,#35,GW252/13600,(3)待机状态,3,2025-06-06 14:04:56,2025-06-06 14:07:24,148,0.04
4568,L14,#35,GW252/13600,(2)停机状态,2,2025-06-06 14:04:55,2025-06-06 14:04:56,1,0
4569,L14,#35,GW252/13600,(1)停机过程,1,2025-06-06 14:04:23,2025-06-06 14:04:55,32,0.01
4570,L14,#35,GW252/13600,(4)启机状态,4,2025-06-06 13:59:23,2025-06-06 14:04:23,300,0.08
4571,L14,#35,GW252/13600,(3)待机状态,3,2025-06-06 13:58:18,2025-06-06 13:59:23,65,0.02
4572,L14,#35,GW252/13600,(2)停机状态,2,2025-06-06 13:58:16,2025-06-06 13:58:18,2,0
4573,L14,#35,GW252/13600,(1)停机过程,1,2025-06-06 13:57:45,2025-06-06 13:58:16,31,0.01
4574,L14,#35,GW252/13600,(4)启机状态,4,2025-06-06 13:52:45,2025-06-06 13:57:45,300,0.08
4575,L14,#35,GW252/13600,(3)待机状态,3,2025-06-06 13:51:33,2025-06-06 13:52:45,72,0.02
4576,L14,#35,GW252/13600,(2)停机状态,2,2025-06-06 13:51:30,2025-06-06 13:51:33,3,0
4577,L14,#35,GW252/13600,(1)停机过程,1,2025-06-06 13:51:00,2025-06-06 13:51:30,30,0.01
4578,L14,#35,GW252/13600,(4)启机状态,4,2025-06-06 13:46:00,2025-06-06 13:51:00,300,0.08
4579,L14,#35,GW252/13600,(3)待机状态,3,2025-06-06 13:41:03,2025-06-06 13:46:00,297,0.08
4580,L14,#35,GW252/13600,(2)停机状态,2,2025-06-06 13:40:54,2025-06-06 13:41:03,9,0
4581,L14,#35,GW252/13600,(1)停机过程,1,2025-06-06 13:40:23,2025-06-06 13:40:54,31,0.01
4582,L14,#35,GW252/13600,(4)启机状态,4,2025-06-06 13:35:22,2025-06-06 13:40:23,301,0.08
4583,L14,#35,GW252/13600,(3)待机状态,3,2025-06-06 13:31:16,2025-06-06 13:35:22,246,0.07
4584,L14,#35,GW252/13600,(2)停机状态,2,2025-06-06 13:30:42,2025-06-06 13:31:16,34,0.01
4585,L14,#35,GW252/13600,(1)停机过程,1,2025-06-06 13:30:10,2025-06-06 13:30:42,32,0.01
4586,L14,#35,GW252/13600,(4)启机状态,4,2025-06-06 13:25:10,2025-06-06 13:30:10,300,0.08
4587,L14,#35,GW252/13600,(3)待机状态,3,2025-06-06 13:24:01,2025-06-06 13:25:10,69,0.02
4588,L14,#35,GW252/13600,(1)停机过程,1,2025-06-06 13:23:29,2025-06-06 13:24:01,32,0.01
4589,L14,#35,GW252/13600,(4)启机状态,4,2025-06-06 13:18:29,2025-06-06 13:23:29,300,0.08
4590,L14,#35,GW252/13600,(3)待机状态,3,2025-06-06 13:16:51,2025-06-06 13:18:29,98,0.03
4591,L14,#35,GW252/13600,(2)停机状态,2,2025-06-06 13:16:49,2025-06-06 13:16:51,2,0
4592,L14,#35,GW252/13600,(1)停机过程,1,2025-06-06 13:16:17,2025-06-06 13:16:49,32,0.01
4593,L14,#35,GW252/13600,(4)启机状态,4,2025-06-06 13:11:17,2025-06-06 13:16:17,300,0.08
4594,L14,#35,GW252/13600,(3)待机状态,3,2025-06-06 13:08:31,2025-06-06 13:11:17,166,0.05
4595,L14,#35,GW252/13600,(2)停机状态,2,2025-06-06 13:08:30,2025-06-06 13:08:31,1,0
4596,L14,#35,GW252/13600,(1)停机过程,1,2025-06-06 13:07:59,2025-06-06 13:08:30,31,0.01
4597,L14,#35,GW252/13600,(4)启机状态,4,2025-06-06 13:02:58,2025-06-06 13:07:59,301,0.08
4598,L14,#35,GW252/13600,(3)待机状态,3,2025-06-06 12:42:58,2025-06-06 13:02:58,1200,0.33
4599,L14,#35,GW252/13600,(2)停机状态,2,2025-06-06 12:42:29,2025-06-06 12:42:58,29,0.01
4600,L14,#35,GW252/13600,(1)停机过程,1,2025-06-06 12:41:57,2025-06-06 12:42:29,32,0.01
4601,L14,#35,GW252/13600,(4)启机状态,4,2025-06-06 12:36:57,2025-06-06 12:41:57,300,0.08
4602,L14,#35,GW252/13600,(3)待机状态,3,2025-06-06 12:05:52,2025-06-06 12:36:57,1865,0.52
4603,L14,#35,GW252/13600,(2)停机状态,2,2025-06-06 12:05:49,2025-06-06 12:05:52,3,0
4604,L14,#35,GW252/13600,(1)停机过程,1,2025-06-06 12:05:17,2025-06-06 12:05:49,32,0.01
4605,L14,#35,GW252/13600,(4)启机状态,4,2025-06-06 12:00:18,2025-06-06 12:05:17,299,0.08
4606,L14,#35,GW252/13600,(3)待机状态,3,2025-06-06 11:59:08,2025-06-06 12:00:18,70,0.02
4607,L14,#35,GW252/13600,(2)停机状态,2,2025-06-06 11:59:06,2025-06-06 11:59:08,2,0
4608,L14,#35,GW252/13600,(1)停机过程,1,2025-06-06 11:58:34,2025-06-06 11:59:06,32,0.01
4609,L14,#35,GW252/13600,(4)启机状态,4,2025-06-06 11:53:34,2025-06-06 11:58:34,300,0.08
4610,L14,#35,GW252/13600,(3)待机状态,3,2025-06-06 11:47:25,2025-06-06 11:53:34,369,0.1
4611,L14,#35,GW252/13600,(2)停机状态,2,2025-06-06 11:46:49,2025-06-06 11:47:25,36,0.01
4612,L14,#35,GW252/13600,(1)停机过程,1,2025-06-06 11:46:17,2025-06-06 11:46:49,32,0.01
4613,L14,#35,GW252/13600,(4)启机状态,4,2025-06-06 11:41:17,2025-06-06 11:46:17,300,0.08
4614,L14,#35,GW252/13600,(3)待机状态,3,2025-06-06 11:28:49,2025-06-06 11:41:17,748,0.21
4615,L14,#35,GW252/13600,(2)停机状态,2,2025-06-06 11:23:11,2025-06-06 11:28:49,338,0.09
4616,L14,#35,GW252/13600,(1)停机过程,1,2025-06-06 11:22:40,2025-06-06 11:23:11,31,0.01
4617,L14,#35,GW252/13600,(4)启机状态,4,2025-06-06 11:17:40,2025-06-06 11:22:40,300,0.08
4618,L14,#35,GW252/13600,(3)待机状态,3,2025-06-06 11:16:37,2025-06-06 11:17:40,63,0.02
4619,L14,#35,GW252/13600,(2)停机状态,2,2025-06-06 11:16:34,2025-06-06 11:16:37,3,0
4620,L14,#35,GW252/13600,(1)停机过程,1,2025-06-06 11:16:04,2025-06-06 11:16:34,30,0.01
4621,L14,#35,GW252/13600,(4)启机状态,4,2025-06-06 11:11:04,2025-06-06 11:16:04,300,0.08
4622,L14,#35,GW252/13600,(3)待机状态,3,2025-06-06 11:06:19,2025-06-06 11:11:04,285,0.08
4623,L14,#35,GW252/13600,(2)停机状态,2,2025-06-06 11:06:18,2025-06-06 11:06:19,1,0
4624,L14,#35,GW252/13600,(1)停机过程,1,2025-06-06 11:05:47,2025-06-06 11:06:18,31,0.01
4625,L14,#35,GW252/13600,(4)启机状态,4,2025-06-06 11:00:47,2025-06-06 11:05:47,300,0.08
4626,L14,#35,GW252/13600,(3)待机状态,3,2025-06-06 10:59:11,2025-06-06 11:00:47,96,0.03
4627,L14,#35,GW252/13600,(2)停机状态,2,2025-06-06 10:58:18,2025-06-06 10:59:11,53,0.01
4628,L14,#35,GW252/13600,(1)停机过程,1,2025-06-06 10:57:45,2025-06-06 10:58:18,33,0.01
4629,L14,#35,GW252/13600,(4)启机状态,4,2025-06-06 10:52:46,2025-06-06 10:57:45,299,0.08
4630,L14,#35,GW252/13600,(3)待机状态,3,2025-06-06 10:46:01,2025-06-06 10:52:46,405,0.11
4631,L14,#35,GW252/13600,(2)停机状态,2,2025-06-06 10:44:31,2025-06-06 10:46:01,90,0.03
4632,L14,#35,GW252/13600,(1)停机过程,1,2025-06-06 10:44:01,2025-06-06 10:44:31,30,0.01
4633,L14,#35,GW252/13600,(4)启机状态,4,2025-06-06 10:39:01,2025-06-06 10:44:01,300,0.08
4634,L14,#35,GW252/13600,(3)待机状态,3,2025-06-06 10:37:50,2025-06-06 10:39:01,71,0.02
4635,L14,#35,GW252/13600,(1)停机过程,1,2025-06-06 10:37:17,2025-06-06 10:37:50,33,0.01
4636,L14,#35,GW252/13600,(4)启机状态,4,2025-06-06 10:32:17,2025-06-06 10:37:17,300,0.08
4637,L14,#35,GW252/13600,(3)待机状态,3,2025-06-06 10:30:57,2025-06-06 10:32:17,80,0.02
4638,L14,#35,GW252/13600,(2)停机状态,2,2025-06-06 10:30:55,2025-06-06 10:30:57,2,0
4639,L14,#35,GW252/13600,(1)停机过程,1,2025-06-06 10:30:23,2025-06-06 10:30:55,32,0.01
4640,L14,#35,GW252/13600,(4)启机状态,4,2025-06-06 10:25:23,2025-06-06 10:30:23,300,0.08
4641,L14,#35,GW252/13600,(3)待机状态,3,2025-06-06 10:24:11,2025-06-06 10:25:23,72,0.02
4642,L14,#35,GW252/13600,(2)停机状态,2,2025-06-06 10:24:08,2025-06-06 10:24:11,3,0
4643,L14,#35,GW252/13600,(1)停机过程,1,2025-06-06 10:23:37,2025-06-06 10:24:08,31,0.01
4644,L14,#35,GW252/13600,(4)启机状态,4,2025-06-06 10:18:37,2025-06-06 10:23:37,300,0.08
4645,L14,#35,GW252/13600,(3)待机状态,3,2025-06-06 10:13:42,2025-06-06 10:18:37,295,0.08
4646,L14,#35,GW252/13600,(2)停机状态,2,2025-06-06 10:13:40,2025-06-06 10:13:42,2,0
4647,L14,#35,GW252/13600,(1)停机过程,1,2025-06-06 10:13:07,2025-06-06 10:13:40,33,0.01
4648,L14,#35,GW252/13600,(4)启机状态,4,2025-06-06 10:08:08,2025-06-06 10:13:07,299,0.08
4649,L14,#35,GW252/13600,(3)待机状态,3,2025-06-06 10:06:42,2025-06-06 10:08:08,86,0.02
4650,L14,#35,GW252/13600,(2)停机状态,2,2025-06-06 10:06:03,2025-06-06 10:06:42,39,0.01
4651,L14,#35,GW252/13600,(1)停机过程,1,2025-06-06 10:05:32,2025-06-06 10:06:03,31,0.01
4652,L14,#35,GW252/13600,(4)启机状态,4,2025-06-06 10:00:32,2025-06-06 10:05:32,300,0.08
4653,L14,#35,GW252/13600,(3)待机状态,3,2025-06-06 09:59:26,2025-06-06 10:00:32,66,0.02
4654,L14,#35,GW252/13600,(2)停机状态,2,2025-06-06 09:59:24,2025-06-06 09:59:26,2,0
4655,L14,#35,GW252/13600,(1)停机过程,1,2025-06-06 09:58:52,2025-06-06 09:59:24,32,0.01
4656,L14,#35,GW252/13600,(4)启机状态,4,2025-06-06 09:53:53,2025-06-06 09:58:52,299,0.08
4657,L14,#35,GW252/13600,(3)待机状态,3,2025-06-06 09:52:39,2025-06-06 09:53:53,74,0.02
4658,L14,#35,GW252/13600,(2)停机状态,2,2025-06-06 09:52:36,2025-06-06 09:52:39,3,0
4659,L14,#35,GW252/13600,(1)停机过程,1,2025-06-06 09:52:06,2025-06-06 09:52:36,30,0.01
4660,L14,#35,GW252/13600,(4)启机状态,4,2025-06-06 09:47:06,2025-06-06 09:52:06,300,0.08
4661,L14,#35,GW252/13600,(3)待机状态,3,2025-06-06 09:45:18,2025-06-06 09:47:06,108,0.03
4662,L14,#35,GW252/13600,(2)停机状态,2,2025-06-06 09:45:16,2025-06-06 09:45:18,2,0
4663,L14,#35,GW252/13600,(1)停机过程,1,2025-06-06 09:44:46,2025-06-06 09:45:16,30,0.01
4664,L14,#35,GW252/13600,(4)启机状态,4,2025-06-06 09:39:45,2025-06-06 09:44:46,301,0.08
4665,L14,#35,GW252/13600,(3)待机状态,3,2025-06-06 09:37:47,2025-06-06 09:39:45,118,0.03
4666,L14,#35,GW252/13600,(2)停机状态,2,2025-06-06 09:37:45,2025-06-06 09:37:47,2,0
4667,L14,#35,GW252/13600,(1)停机过程,1,2025-06-06 09:37:13,2025-06-06 09:37:45,32,0.01
4668,L14,#35,GW252/13600,(4)启机状态,4,2025-06-06 09:32:13,2025-06-06 09:37:13,300,0.08
4669,L14,#35,GW252/13600,(3)待机状态,3,2025-06-06 09:31:10,2025-06-06 09:32:13,63,0.02
4670,L14,#35,GW252/13600,(2)停机状态,2,2025-06-06 09:31:08,2025-06-06 09:31:10,2,0
4671,L14,#35,GW252/13600,(1)停机过程,1,2025-06-06 09:30:36,2025-06-06 09:31:08,32,0.01
4672,L14,#35,GW252/13600,(4)启机状态,4,2025-06-06 09:25:36,2025-06-06 09:30:36,300,0.08
4673,L14,#35,GW252/13600,(3)待机状态,3,2025-06-06 09:24:26,2025-06-06 09:25:36,70,0.02
4674,L14,#35,GW252/13600,(1)停机过程,1,2025-06-06 09:23:54,2025-06-06 09:24:26,32,0.01
4675,L14,#35,GW252/13600,(4)启机状态,4,2025-06-06 09:18:54,2025-06-06 09:23:54,300,0.08
4676,L14,#35,GW252/13600,(3)待机状态,3,2025-06-06 09:17:38,2025-06-06 09:18:54,76,0.02
4677,L14,#35,GW252/13600,(2)停机状态,2,2025-06-06 09:17:07,2025-06-06 09:17:38,31,0.01
4678,L14,#35,GW252/13600,(1)停机过程,1,2025-06-06 09:16:35,2025-06-06 09:17:07,32,0.01
4679,L14,#35,GW252/13600,(4)启机状态,4,2025-06-06 09:11:35,2025-06-06 09:16:35,300,0.08
4680,L14,#35,GW252/13600,(3)待机状态,3,2025-06-06 09:09:56,2025-06-06 09:11:35,99,0.03
4681,L14,#35,GW252/13600,(2)停机状态,2,2025-06-06 09:09:54,2025-06-06 09:09:56,2,0
4682,L14,#35,GW252/13600,(1)停机过程,1,2025-06-06 09:09:22,2025-06-06 09:09:54,32,0.01
4683,L14,#35,GW252/13600,(4)启机状态,4,2025-06-06 09:04:22,2025-06-06 09:09:22,300,0.08
4684,L14,#35,GW252/13600,(3)待机状态,3,2025-06-06 09:03:04,2025-06-06 09:04:22,78,0.02
4685,L14,#35,GW252/13600,(2)停机状态,2,2025-06-06 09:03:03,2025-06-06 09:03:04,1,0
4686,L14,#35,GW252/13600,(1)停机过程,1,2025-06-06 09:02:31,2025-06-06 09:03:03,32,0.01
4687,L14,#35,GW252/13600,(4)启机状态,4,2025-06-06 08:57:31,2025-06-06 09:02:31,300,0.08
4688,L14,#35,GW252/13600,(3)待机状态,3,2025-06-06 08:56:24,2025-06-06 08:57:31,67,0.02
4689,L14,#35,GW252/13600,(2)停机状态,2,2025-06-06 08:56:22,2025-06-06 08:56:24,2,0
4690,L14,#35,GW252/13600,(1)停机过程,1,2025-06-06 08:55:51,2025-06-06 08:56:22,31,0.01
4691,L14,#35,GW252/13600,(4)启机状态,4,2025-06-06 08:50:52,2025-06-06 08:55:51,299,0.08
4692,L14,#35,GW252/13600,(3)待机状态,3,2025-06-06 08:48:40,2025-06-06 08:50:52,132,0.04
4693,L14,#35,GW252/13600,(2)停机状态,2,2025-06-06 08:48:39,2025-06-06 08:48:40,1,0
4694,L14,#35,GW252/13600,(1)停机过程,1,2025-06-06 08:48:07,2025-06-06 08:48:39,32,0.01
4695,L14,#35,GW252/13600,(4)启机状态,4,2025-06-06 08:43:07,2025-06-06 08:48:07,300,0.08
4696,L14,#35,GW252/13600,(3)待机状态,3,2025-06-06 08:39:51,2025-06-06 08:43:07,196,0.05
4697,L14,#35,GW252/13600,(2)停机状态,2,2025-06-06 08:39:50,2025-06-06 08:39:51,1,0
4698,L14,#35,GW252/13600,(1)停机过程,1,2025-06-06 08:39:18,2025-06-06 08:39:50,32,0.01
4699,L14,#35,GW252/13600,(4)启机状态,4,2025-06-06 08:34:18,2025-06-06 08:39:18,300,0.08
4700,L14,#35,GW252/13600,(3)待机状态,3,2025-06-06 08:33:02,2025-06-06 08:34:18,76,0.02
4701,L14,#35,GW252/13600,(2)停机状态,2,2025-06-06 08:33:01,2025-06-06 08:33:02,1,0
4702,L14,#35,GW252/13600,(1)停机过程,1,2025-06-06 08:32:30,2025-06-06 08:33:01,31,0.01
4703,L14,#35,GW252/13600,(4)启机状态,4,2025-06-06 08:27:29,2025-06-06 08:32:30,301,0.08
4704,L14,#35,GW252/13600,(3)待机状态,3,2025-06-06 08:26:16,2025-06-06 08:27:29,73,0.02
4705,L14,#35,GW252/13600,(2)停机状态,2,2025-06-06 08:26:15,2025-06-06 08:26:16,1,0
4706,L14,#35,GW252/13600,(1)停机过程,1,2025-06-06 08:25:44,2025-06-06 08:26:15,31,0.01
4707,L14,#35,GW252/13600,(4)启机状态,4,2025-06-06 08:20:44,2025-06-06 08:25:44,300,0.08
4708,L14,#35,GW252/13600,(3)待机状态,3,2025-06-06 08:19:31,2025-06-06 08:20:44,73,0.02
4709,L14,#35,GW252/13600,(1)停机过程,1,2025-06-06 08:18:59,2025-06-06 08:19:31,32,0.01
4710,L14,#35,GW252/13600,(4)启机状态,4,2025-06-06 08:13:59,2025-06-06 08:18:59,300,0.08
4711,L14,#35,GW252/13600,(3)待机状态,3,2025-06-06 08:12:36,2025-06-06 08:13:59,83,0.02
4712,L14,#35,GW252/13600,(1)停机过程,1,2025-06-06 08:12:05,2025-06-06 08:12:36,31,0.01
4713,L14,#35,GW252/13600,(4)启机状态,4,2025-06-06 08:07:04,2025-06-06 08:12:05,301,0.08
4714,L14,#35,GW252/13600,(3)待机状态,3,2025-06-06 08:05:50,2025-06-06 08:07:04,74,0.02
4715,L14,#35,GW252/13600,(2)停机状态,2,2025-06-06 08:05:49,2025-06-06 08:05:50,1,0
4716,L14,#35,GW252/13600,(1)停机过程,1,2025-06-06 08:05:18,2025-06-06 08:05:49,31,0.01
4717,L14,#35,GW252/13600,(4)启机状态,4,2025-06-06 08:00:18,2025-06-06 08:05:18,300,0.08
4718,L14,#35,GW252/13600,(3)待机状态,3,2025-06-06 07:58:48,2025-06-06 08:00:18,90,0.03
4719,L14,#35,GW252/13600,(2)停机状态,2,2025-06-06 07:58:47,2025-06-06 07:58:48,1,0
4720,L14,#35,GW252/13600,(1)停机过程,1,2025-06-06 07:58:14,2025-06-06 07:58:47,33,0.01
4721,L14,#35,GW252/13600,(4)启机状态,4,2025-06-06 07:53:14,2025-06-06 07:58:14,300,0.08
4722,L14,#35,GW252/13600,(3)待机状态,3,2025-06-06 07:52:02,2025-06-06 07:53:14,72,0.02
4723,L14,#35,GW252/13600,(2)停机状态,2,2025-06-06 07:52:01,2025-06-06 07:52:02,1,0
4724,L14,#35,GW252/13600,(1)停机过程,1,2025-06-06 07:51:30,2025-06-06 07:52:01,31,0.01
4725,L14,#35,GW252/13600,(4)启机状态,4,2025-06-06 07:46:29,2025-06-06 07:51:30,301,0.08
4726,L14,#35,GW252/13600,(3)待机状态,3,2025-06-06 07:45:24,2025-06-06 07:46:29,65,0.02
4727,L14,#35,GW252/13600,(2)停机状态,2,2025-06-06 07:45:22,2025-06-06 07:45:24,2,0
4728,L14,#35,GW252/13600,(1)停机过程,1,2025-06-06 07:44:49,2025-06-06 07:45:22,33,0.01
4729,L14,#35,GW252/13600,(4)启机状态,4,2025-06-06 07:39:49,2025-06-06 07:44:49,300,0.08
4730,L14,#35,GW252/13600,(3)待机状态,3,2025-06-06 07:36:37,2025-06-06 07:39:49,192,0.05
4731,L14,#35,GW252/13600,(2)停机状态,2,2025-06-06 07:36:36,2025-06-06 07:36:37,1,0
4732,L14,#35,GW252/13600,(1)停机过程,1,2025-06-06 07:36:04,2025-06-06 07:36:36,32,0.01
4733,L14,#35,GW252/13600,(4)启机状态,4,2025-06-06 07:31:05,2025-06-06 07:36:04,299,0.08
4734,L14,#35,GW252/13600,(3)待机状态,3,2025-06-06 07:30:01,2025-06-06 07:31:05,64,0.02
4735,L14,#35,GW252/13600,(2)停机状态,2,2025-06-06 07:30:00,2025-06-06 07:30:01,1,0
4736,L14,#35,GW252/13600,(1)停机过程,1,2025-06-06 07:29:29,2025-06-06 07:30:00,31,0.01
4737,L14,#35,GW252/13600,(4)启机状态,4,2025-06-06 07:24:29,2025-06-06 07:29:29,300,0.08
4738,L14,#35,GW252/13600,(3)待机状态,3,2025-06-06 07:21:45,2025-06-06 07:24:29,164,0.05
4739,L14,#35,GW252/13600,(2)停机状态,2,2025-06-06 07:21:43,2025-06-06 07:21:45,2,0
4740,L14,#35,GW252/13600,(1)停机过程,1,2025-06-06 07:21:12,2025-06-06 07:21:43,31,0.01
4741,L14,#35,GW252/13600,(4)启机状态,4,2025-06-06 07:16:12,2025-06-06 07:21:12,300,0.08
4742,L14,#35,GW252/13600,(3)待机状态,3,2025-06-06 07:14:55,2025-06-06 07:16:12,77,0.02
4743,L14,#35,GW252/13600,(2)停机状态,2,2025-06-06 07:14:54,2025-06-06 07:14:55,1,0
4744,L14,#35,GW252/13600,(1)停机过程,1,2025-06-06 07:14:22,2025-06-06 07:14:54,32,0.01
4745,L14,#35,GW252/13600,(4)启机状态,4,2025-06-06 07:09:22,2025-06-06 07:14:22,300,0.08
4746,L14,#35,GW252/13600,(3)待机状态,3,2025-06-06 07:06:56,2025-06-06 07:09:22,146,0.04
4747,L14,#35,GW252/13600,(2)停机状态,2,2025-06-06 07:06:54,2025-06-06 07:06:56,2,0
4748,L14,#35,GW252/13600,(1)停机过程,1,2025-06-06 07:06:23,2025-06-06 07:06:54,31,0.01
4749,L14,#35,GW252/13600,(4)启机状态,4,2025-06-06 07:01:22,2025-06-06 07:06:23,301,0.08
4750,L14,#35,GW252/13600,(3)待机状态,3,2025-06-06 06:54:49,2025-06-06 07:01:22,393,0.11
4751,L14,#35,GW252/13600,(2)停机状态,2,2025-06-06 06:54:48,2025-06-06 06:54:49,1,0
4752,L14,#35,GW252/13600,(1)停机过程,1,2025-06-06 06:54:15,2025-06-06 06:54:48,33,0.01
4753,L14,#35,GW252/13600,(4)启机状态,4,2025-06-06 06:49:15,2025-06-06 06:54:15,300,0.08
4754,L14,#35,GW252/13600,(3)待机状态,3,2025-06-06 06:46:35,2025-06-06 06:49:15,160,0.04
4755,L14,#35,GW252/13600,(2)停机状态,2,2025-06-06 06:46:29,2025-06-06 06:46:35,6,0
4756,L14,#35,GW252/13600,(1)停机过程,1,2025-06-06 06:45:58,2025-06-06 06:46:29,31,0.01
4757,L14,#35,GW252/13600,(4)启机状态,4,2025-06-06 06:40:57,2025-06-06 06:45:58,301,0.08
4758,L14,#35,GW252/13600,(3)待机状态,3,2025-06-06 06:39:40,2025-06-06 06:40:57,77,0.02
4759,L14,#35,GW252/13600,(2)停机状态,2,2025-06-06 06:39:39,2025-06-06 06:39:40,1,0
4760,L14,#35,GW252/13600,(1)停机过程,1,2025-06-06 06:39:08,2025-06-06 06:39:39,31,0.01
4761,L14,#35,GW252/13600,(4)启机状态,4,2025-06-06 06:34:08,2025-06-06 06:39:08,300,0.08
4762,L14,#35,GW252/13600,(3)待机状态,3,2025-06-06 06:32:55,2025-06-06 06:34:08,73,0.02
4763,L14,#35,GW252/13600,(2)停机状态,2,2025-06-06 06:32:54,2025-06-06 06:32:55,1,0
4764,L14,#35,GW252/13600,(1)停机过程,1,2025-06-06 06:32:21,2025-06-06 06:32:54,33,0.01
4765,L14,#35,GW252/13600,(4)启机状态,4,2025-06-06 06:27:21,2025-06-06 06:32:21,300,0.08
4766,L14,#35,GW252/13600,(3)待机状态,3,2025-06-06 06:25:53,2025-06-06 06:27:21,88,0.02
4767,L14,#35,GW252/13600,(2)停机状态,2,2025-06-06 06:25:52,2025-06-06 06:25:53,1,0
4768,L14,#35,GW252/13600,(1)停机过程,1,2025-06-06 06:25:21,2025-06-06 06:25:52,31,0.01
4769,L14,#35,GW252/13600,(4)启机状态,4,2025-06-06 06:20:20,2025-06-06 06:25:21,301,0.08
4770,L14,#35,GW252/13600,(3)待机状态,3,2025-06-06 06:07:20,2025-06-06 06:20:20,780,0.22
4771,L14,#35,GW252/13600,(2)停机状态,2,2025-06-06 06:07:18,2025-06-06 06:07:20,2,0
4772,L14,#35,GW252/13600,(1)停机过程,1,2025-06-06 06:06:45,2025-06-06 06:07:18,33,0.01
4773,L14,#35,GW252/13600,(4)启机状态,4,2025-06-06 06:01:46,2025-06-06 06:06:45,299,0.08
4774,L14,#35,GW252/13600,(3)待机状态,3,2025-06-06 06:00:14,2025-06-06 06:01:46,92,0.03
4775,L14,#35,GW252/13600,(2)停机状态,2,2025-06-06 05:58:48,2025-06-06 06:00:14,86,0.02
4776,L14,#35,GW252/13600,(1)停机过程,1,2025-06-06 05:58:16,2025-06-06 05:58:48,32,0.01
4777,L14,#35,GW252/13600,(4)启机状态,4,2025-06-06 05:53:17,2025-06-06 05:58:16,299,0.08
4778,L14,#35,GW252/13600,(3)待机状态,3,2025-06-06 05:51:46,2025-06-06 05:53:17,91,0.03
4779,L14,#35,GW252/13600,(2)停机状态,2,2025-06-06 05:51:45,2025-06-06 05:51:46,1,0
4780,L14,#35,GW252/13600,(1)停机过程,1,2025-06-06 05:51:12,2025-06-06 05:51:45,33,0.01
4781,L14,#35,GW252/13600,(4)启机状态,4,2025-06-06 05:46:12,2025-06-06 05:51:12,300,0.08
4782,L14,#35,GW252/13600,(3)待机状态,3,2025-06-06 05:39:52,2025-06-06 05:46:12,380,0.11
4783,L14,#35,GW252/13600,(2)停机状态,2,2025-06-06 05:39:51,2025-06-06 05:39:52,1,0
4784,L14,#35,GW252/13600,(1)停机过程,1,2025-06-06 05:39:19,2025-06-06 05:39:51,32,0.01
4785,L14,#35,GW252/13600,(4)启机状态,4,2025-06-06 05:34:19,2025-06-06 05:39:19,300,0.08
4786,L14,#35,GW252/13600,(3)待机状态,3,2025-06-06 05:33:19,2025-06-06 05:34:19,60,0.02
4787,L14,#35,GW252/13600,(2)停机状态,2,2025-06-06 05:33:17,2025-06-06 05:33:19,2,0
4788,L14,#35,GW252/13600,(1)停机过程,1,2025-06-06 05:32:45,2025-06-06 05:33:17,32,0.01
4789,L14,#35,GW252/13600,(4)启机状态,4,2025-06-06 05:27:45,2025-06-06 05:32:45,300,0.08
4790,L14,#35,GW252/13600,(3)待机状态,3,2025-06-06 05:26:31,2025-06-06 05:27:45,74,0.02
4791,L14,#35,GW252/13600,(2)停机状态,2,2025-06-06 05:26:30,2025-06-06 05:26:31,1,0
4792,L14,#35,GW252/13600,(1)停机过程,1,2025-06-06 05:25:58,2025-06-06 05:26:30,32,0.01
4793,L14,#35,GW252/13600,(4)启机状态,4,2025-06-06 05:20:57,2025-06-06 05:25:58,301,0.08
4794,L14,#35,GW252/13600,(3)待机状态,3,2025-06-06 05:16:56,2025-06-06 05:20:57,241,0.07
4795,L14,#35,GW252/13600,(2)停机状态,2,2025-06-06 05:16:55,2025-06-06 05:16:56,1,0
4796,L14,#35,GW252/13600,(1)停机过程,1,2025-06-06 05:16:23,2025-06-06 05:16:55,32,0.01
4797,L14,#35,GW252/13600,(4)启机状态,4,2025-06-06 05:11:23,2025-06-06 05:16:23,300,0.08
4798,L14,#35,GW252/13600,(3)待机状态,3,2025-06-06 04:59:53,2025-06-06 05:11:23,690,0.19
4799,L14,#35,GW252/13600,(2)停机状态,2,2025-06-06 04:59:52,2025-06-06 04:59:53,1,0
4800,L14,#35,GW252/13600,(1)停机过程,1,2025-06-06 04:59:20,2025-06-06 04:59:52,32,0.01
4801,L14,#35,GW252/13600,(4)启机状态,4,2025-06-06 04:54:20,2025-06-06 04:59:20,300,0.08
4802,L14,#35,GW252/13600,(3)待机状态,3,2025-06-06 04:53:02,2025-06-06 04:54:20,78,0.02
4803,L14,#35,GW252/13600,(2)停机状态,2,2025-06-06 04:53:00,2025-06-06 04:53:02,2,0
4804,L14,#35,GW252/13600,(1)停机过程,1,2025-06-06 04:52:30,2025-06-06 04:53:00,30,0.01
4805,L14,#35,GW252/13600,(4)启机状态,4,2025-06-06 04:47:29,2025-06-06 04:52:30,301,0.08
4806,L14,#35,GW252/13600,(3)待机状态,3,2025-06-06 04:44:28,2025-06-06 04:47:29,181,0.05
4807,L14,#35,GW252/13600,(2)停机状态,2,2025-06-06 04:44:22,2025-06-06 04:44:28,6,0
4808,L14,#35,GW252/13600,(1)停机过程,1,2025-06-06 04:43:50,2025-06-06 04:44:22,32,0.01
4809,L14,#35,GW252/13600,(4)启机状态,4,2025-06-06 04:38:50,2025-06-06 04:43:50,300,0.08
4810,L14,#35,GW252/13600,(3)待机状态,3,2025-06-06 04:37:45,2025-06-06 04:38:50,65,0.02
4811,L14,#35,GW252/13600,(2)停机状态,2,2025-06-06 04:37:43,2025-06-06 04:37:45,2,0
4812,L14,#35,GW252/13600,(1)停机过程,1,2025-06-06 04:37:12,2025-06-06 04:37:43,31,0.01
4813,L14,#35,GW252/13600,(4)启机状态,4,2025-06-06 04:32:12,2025-06-06 04:37:12,300,0.08
4814,L14,#35,GW252/13600,(3)待机状态,3,2025-06-06 04:28:39,2025-06-06 04:32:12,213,0.06
4815,L14,#35,GW252/13600,(2)停机状态,2,2025-06-06 04:28:38,2025-06-06 04:28:39,1,0
4816,L14,#35,GW252/13600,(1)停机过程,1,2025-06-06 04:28:06,2025-06-06 04:28:38,32,0.01
4817,L14,#35,GW252/13600,(4)启机状态,4,2025-06-06 04:23:06,2025-06-06 04:28:06,300,0.08
4818,L14,#35,GW252/13600,(3)待机状态,3,2025-06-06 04:21:50,2025-06-06 04:23:06,76,0.02
4819,L14,#35,GW252/13600,(2)停机状态,2,2025-06-06 04:21:11,2025-06-06 04:21:50,39,0.01
4820,L14,#35,GW252/13600,(1)停机过程,1,2025-06-06 04:20:39,2025-06-06 04:21:11,32,0.01
4821,L14,#35,GW252/13600,(4)启机状态,4,2025-06-06 04:15:39,2025-06-06 04:20:39,300,0.08
4822,L14,#35,GW252/13600,(3)待机状态,3,2025-06-06 04:08:19,2025-06-06 04:15:39,440,0.12
4823,L14,#35,GW252/13600,(2)停机状态,2,2025-06-06 04:06:26,2025-06-06 04:08:19,113,0.03
4824,L14,#35,GW252/13600,(1)停机过程,1,2025-06-06 04:05:30,2025-06-06 04:06:26,56,0.02
4825,L14,#35,GW252/13600,(5)发电状态,5,2025-06-06 03:06:29,2025-06-06 04:05:30,3541,0.98
4826,L14,#35,GW252/13600,(4)启机状态,4,2025-06-06 03:04:09,2025-06-06 03:06:29,140,0.04
4827,L14,#35,GW252/13600,(3)待机状态,3,2025-06-06 03:03:07,2025-06-06 03:04:09,62,0.02
4828,L14,#35,GW252/13600,(1)停机过程,1,2025-06-06 03:02:11,2025-06-06 03:03:07,56,0.02
4829,L14,#35,GW252/13600,(4)启机状态,4,2025-06-06 02:57:11,2025-06-06 03:02:11,300,0.08
4830,L14,#35,GW252/13600,(3)待机状态,3,2025-06-06 02:56:06,2025-06-06 02:57:11,65,0.02
4831,L14,#35,GW252/13600,(2)停机状态,2,2025-06-06 02:56:05,2025-06-06 02:56:06,1,0
4832,L14,#35,GW252/13600,(1)停机过程,1,2025-06-06 02:55:34,2025-06-06 02:56:05,31,0.01
4833,L14,#35,GW252/13600,(4)启机状态,4,2025-06-06 02:50:33,2025-06-06 02:55:34,301,0.08
4834,L14,#35,GW252/13600,(3)待机状态,3,2025-06-06 02:49:38,2025-06-06 02:50:33,55,0.02
4835,L14,#35,GW252/13600,(2)停机状态,2,2025-06-06 02:49:36,2025-06-06 02:49:38,2,0
4836,L14,#35,GW252/13600,(1)停机过程,1,2025-06-06 02:49:04,2025-06-06 02:49:36,32,0.01
4837,L14,#35,GW252/13600,(4)启机状态,4,2025-06-06 02:44:04,2025-06-06 02:49:04,300,0.08
4838,L14,#35,GW252/13600,(3)待机状态,3,2025-06-06 02:39:11,2025-06-06 02:44:04,293,0.08
4839,L14,#35,GW252/13600,(2)停机状态,2,2025-06-06 02:39:09,2025-06-06 02:39:11,2,0
4840,L14,#35,GW252/13600,(1)停机过程,1,2025-06-06 02:38:39,2025-06-06 02:39:09,30,0.01
4841,L14,#35,GW252/13600,(4)启机状态,4,2025-06-06 02:33:39,2025-06-06 02:38:39,300,0.08
4842,L14,#35,GW252/13600,(3)待机状态,3,2025-06-06 02:32:38,2025-06-06 02:33:39,61,0.02
4843,L14,#35,GW252/13600,(2)停机状态,2,2025-06-06 02:32:36,2025-06-06 02:32:38,2,0
4844,L14,#35,GW252/13600,(1)停机过程,1,2025-06-06 02:32:03,2025-06-06 02:32:36,33,0.01
4845,L14,#35,GW252/13600,(4)启机状态,4,2025-06-06 02:27:03,2025-06-06 02:32:03,300,0.08
4846,L14,#35,GW252/13600,(3)待机状态,3,2025-06-06 02:25:55,2025-06-06 02:27:03,68,0.02
4847,L14,#35,GW252/13600,(2)停机状态,2,2025-06-06 02:24:42,2025-06-06 02:25:55,73,0.02
4848,L14,#35,GW252/13600,(1)停机过程,1,2025-06-06 02:23:46,2025-06-06 02:24:42,56,0.02
4849,L14,#35,GW252/13600,(5)发电状态,5,2025-06-05 08:37:13,2025-06-06 02:23:46,63993,17.78
4850,L14,#35,GW252/13600,(4)启机状态,4,2025-06-05 08:34:46,2025-06-05 08:37:13,147,0.04
4851,L14,#35,GW252/13600,(3)待机状态,3,2025-06-05 08:33:38,2025-06-05 08:34:46,68,0.02
4852,L14,#35,GW252/13600,(2)停机状态,2,2025-06-05 08:33:37,2025-06-05 08:33:38,1,0
4853,L14,#35,GW252/13600,(1)停机过程,1,2025-06-05 08:33:06,2025-06-05 08:33:37,31,0.01
4854,L14,#35,GW252/13600,(4)启机状态,4,2025-06-05 08:28:06,2025-06-05 08:33:06,300,0.08
4855,L14,#35,GW252/13600,(3)待机状态,3,2025-06-05 08:26:50,2025-06-05 08:28:06,76,0.02
4856,L14,#35,GW252/13600,(2)停机状态,2,2025-06-05 08:26:48,2025-06-05 08:26:50,2,0
4857,L14,#35,GW252/13600,(1)停机过程,1,2025-06-05 08:26:16,2025-06-05 08:26:48,32,0.01
4858,L14,#35,GW252/13600,(4)启机状态,4,2025-06-05 08:21:17,2025-06-05 08:26:16,299,0.08
4859,L14,#35,GW252/13600,(3)待机状态,3,2025-06-05 08:20:13,2025-06-05 08:21:17,64,0.02
4860,L14,#35,GW252/13600,(2)停机状态,2,2025-06-05 08:20:12,2025-06-05 08:20:13,1,0
4861,L14,#35,GW252/13600,(1)停机过程,1,2025-06-05 08:19:41,2025-06-05 08:20:12,31,0.01
4862,L14,#35,GW252/13600,(4)启机状态,4,2025-06-05 08:14:40,2025-06-05 08:19:41,301,0.08
4863,L14,#35,GW252/13600,(3)待机状态,3,2025-06-05 08:11:27,2025-06-05 08:14:40,193,0.05
4864,L14,#35,GW252/13600,(2)停机状态,2,2025-06-05 08:10:13,2025-06-05 08:11:27,74,0.02
4865,L14,#35,GW252/13600,(1)停机过程,1,2025-06-05 08:09:17,2025-06-05 08:10:13,56,0.02
4866,L14,#35,GW252/13600,(5)发电状态,5,2025-06-03 21:32:35,2025-06-05 08:09:17,124602,34.61
4867,L14,#35,GW252/13600,(4)启机状态,4,2025-06-03 21:29:09,2025-06-03 21:32:35,206,0.06
4868,L14,#35,GW252/13600,(3)待机状态,3,2025-06-03 21:28:12,2025-06-03 21:29:09,57,0.02
4869,L14,#35,GW252/13600,(2)停机状态,2,2025-06-03 21:28:10,2025-06-03 21:28:12,2,0
4870,L14,#35,GW252/13600,(1)停机过程,1,2025-06-03 21:27:40,2025-06-03 21:28:10,30,0.01
4871,L14,#35,GW252/13600,(4)启机状态,4,2025-06-03 21:22:40,2025-06-03 21:27:40,300,0.08
4872,L14,#35,GW252/13600,(3)待机状态,3,2025-06-03 21:21:28,2025-06-03 21:22:40,72,0.02
4873,L14,#35,GW252/13600,(2)停机状态,2,2025-06-03 21:21:25,2025-06-03 21:21:28,3,0
4874,L14,#35,GW252/13600,(1)停机过程,1,2025-06-03 21:20:47,2025-06-03 21:21:25,38,0.01
4875,L14,#35,GW252/13600,(4)启机状态,4,2025-06-03 21:15:47,2025-06-03 21:20:47,300,0.08
4876,L14,#35,GW252/13600,(3)待机状态,3,2025-06-03 21:14:35,2025-06-03 21:15:47,72,0.02
4877,L14,#35,GW252/13600,(2)停机状态,2,2025-06-03 21:14:33,2025-06-03 21:14:35,2,0
4878,L14,#35,GW252/13600,(1)停机过程,1,2025-06-03 21:14:03,2025-06-03 21:14:33,30,0.01
4879,L14,#35,GW252/13600,(4)启机状态,4,2025-06-03 21:09:02,2025-06-03 21:14:03,301,0.08
4880,L14,#35,GW252/13600,(3)待机状态,3,2025-06-03 21:07:20,2025-06-03 21:09:02,102,0.03
4881,L14,#35,GW252/13600,(2)停机状态,2,2025-06-03 21:07:18,2025-06-03 21:07:20,2,0
4882,L14,#35,GW252/13600,(1)停机过程,1,2025-06-03 21:06:48,2025-06-03 21:07:18,30,0.01
4883,L14,#35,GW252/13600,(4)启机状态,4,2025-06-03 21:01:48,2025-06-03 21:06:48,300,0.08
4884,L14,#35,GW252/13600,(3)待机状态,3,2025-06-03 21:00:04,2025-06-03 21:01:48,104,0.03
4885,L14,#35,GW252/13600,(2)停机状态,2,2025-06-03 20:57:42,2025-06-03 21:00:04,142,0.04
4886,L14,#35,GW252/13600,(1)停机过程,1,2025-06-03 20:56:45,2025-06-03 20:57:42,57,0.02
4887,L14,#35,GW252/13600,(5)发电状态,5,2025-06-03 20:42:45,2025-06-03 20:56:45,840,0.23
4888,L14,#35,GW252/13600,(4)启机状态,4,2025-06-03 20:40:28,2025-06-03 20:42:45,137,0.04
4889,L14,#35,GW252/13600,(3)待机状态,3,2025-06-03 20:39:25,2025-06-03 20:40:28,63,0.02
4890,L14,#35,GW252/13600,(2)停机状态,2,2025-06-03 20:39:24,2025-06-03 20:39:25,1,0
4891,L14,#35,GW252/13600,(1)停机过程,1,2025-06-03 20:38:52,2025-06-03 20:39:24,32,0.01
4892,L14,#35,GW252/13600,(4)启机状态,4,2025-06-03 20:33:52,2025-06-03 20:38:52,300,0.08
4893,L14,#35,GW252/13600,(3)待机状态,3,2025-06-03 20:32:53,2025-06-03 20:33:52,59,0.02
4894,L14,#35,GW252/13600,(2)停机状态,2,2025-06-03 20:32:51,2025-06-03 20:32:53,2,0
4895,L14,#35,GW252/13600,(1)停机过程,1,2025-06-03 20:32:18,2025-06-03 20:32:51,33,0.01
4896,L14,#35,GW252/13600,(4)启机状态,4,2025-06-03 20:27:19,2025-06-03 20:32:18,299,0.08
4897,L14,#35,GW252/13600,(3)待机状态,3,2025-06-03 20:26:09,2025-06-03 20:27:19,70,0.02
4898,L14,#35,GW252/13600,(2)停机状态,2,2025-06-03 20:26:08,2025-06-03 20:26:09,1,0
4899,L14,#35,GW252/13600,(1)停机过程,1,2025-06-03 20:25:36,2025-06-03 20:26:08,32,0.01
4900,L14,#35,GW252/13600,(4)启机状态,4,2025-06-03 20:20:36,2025-06-03 20:25:36,300,0.08
4901,L14,#35,GW252/13600,(3)待机状态,3,2025-06-03 20:19:41,2025-06-03 20:20:36,55,0.02
4902,L14,#35,GW252/13600,(2)停机状态,2,2025-06-03 20:19:38,2025-06-03 20:19:41,3,0
4903,L14,#35,GW252/13600,(1)停机过程,1,2025-06-03 20:19:06,2025-06-03 20:19:38,32,0.01
4904,L14,#35,GW252/13600,(4)启机状态,4,2025-06-03 20:14:06,2025-06-03 20:19:06,300,0.08
4905,L14,#35,GW252/13600,(3)待机状态,3,2025-06-03 20:12:54,2025-06-03 20:14:06,72,0.02
4906,L14,#35,GW252/13600,(2)停机状态,2,2025-06-03 19:39:29,2025-06-03 20:12:54,2005,0.56
4907,L14,#35,GW252/13600,(1)停机过程,1,2025-06-03 19:38:58,2025-06-03 19:39:29,31,0.01
4908,L14,#35,GW252/13600,(4)启机状态,4,2025-06-03 19:33:58,2025-06-03 19:38:58,300,0.08
4909,L14,#35,GW252/13600,(3)待机状态,3,2025-06-03 08:22:08,2025-06-03 19:33:58,40310,11.2
4910,L14,#35,GW252/13600,(2)停机状态,2,2025-06-03 08:20:41,2025-06-03 08:22:08,87,0.02
4911,L14,#35,GW252/13600,(1)停机过程,1,2025-06-03 08:19:43,2025-06-03 08:20:41,58,0.02
4912,L14,#35,GW252/13600,(5)发电状态,5,2025-06-03 05:20:18,2025-06-03 08:19:43,10765,2.99
4913,L14,#35,GW252/13600,(4)启机状态,4,2025-06-03 05:17:23,2025-06-03 05:20:18,175,0.05
4914,L14,#35,GW252/13600,(3)待机状态,3,2025-06-03 05:16:19,2025-06-03 05:17:23,64,0.02
4915,L14,#35,GW252/13600,(2)停机状态,2,2025-06-03 05:16:17,2025-06-03 05:16:19,2,0
4916,L14,#35,GW252/13600,(1)停机过程,1,2025-06-03 05:15:46,2025-06-03 05:16:17,31,0.01
4917,L14,#35,GW252/13600,(4)启机状态,4,2025-06-03 05:10:45,2025-06-03 05:15:46,301,0.08
4918,L14,#35,GW252/13600,(3)待机状态,3,2025-06-03 05:09:49,2025-06-03 05:10:45,56,0.02
4919,L14,#35,GW252/13600,(2)停机状态,2,2025-06-03 05:09:47,2025-06-03 05:09:49,2,0
4920,L14,#35,GW252/13600,(1)停机过程,1,2025-06-03 05:09:14,2025-06-03 05:09:47,33,0.01
4921,L14,#35,GW252/13600,(4)启机状态,4,2025-06-03 05:04:14,2025-06-03 05:09:14,300,0.08
4922,L14,#35,GW252/13600,(3)待机状态,3,2025-06-03 05:03:14,2025-06-03 05:04:14,60,0.02
4923,L14,#35,GW252/13600,(1)停机过程,1,2025-06-03 05:02:42,2025-06-03 05:03:14,32,0.01
4924,L14,#35,GW252/13600,(4)启机状态,4,2025-06-03 04:57:43,2025-06-03 05:02:42,299,0.08
4925,L14,#35,GW252/13600,(3)待机状态,3,2025-06-03 04:56:33,2025-06-03 04:57:43,70,0.02
4926,L14,#35,GW252/13600,(2)停机状态,2,2025-06-03 04:56:32,2025-06-03 04:56:33,1,0
4927,L14,#35,GW252/13600,(1)停机过程,1,2025-06-03 04:55:59,2025-06-03 04:56:32,33,0.01
4928,L14,#35,GW252/13600,(4)启机状态,4,2025-06-03 04:50:59,2025-06-03 04:55:59,300,0.08
4929,L14,#35,GW252/13600,(3)待机状态,3,2025-06-03 04:49:49,2025-06-03 04:50:59,70,0.02
4930,L14,#35,GW252/13600,(2)停机状态,2,2025-06-03 04:49:47,2025-06-03 04:49:49,2,0
4931,L14,#35,GW252/13600,(1)停机过程,1,2025-06-03 04:49:17,2025-06-03 04:49:47,30,0.01
4932,L14,#35,GW252/13600,(4)启机状态,4,2025-06-03 04:44:16,2025-06-03 04:49:17,301,0.08
4933,L14,#35,GW252/13600,(3)待机状态,3,2025-06-03 04:42:46,2025-06-03 04:44:16,90,0.03
4934,L14,#35,GW252/13600,(2)停机状态,2,2025-06-03 04:42:42,2025-06-03 04:42:46,4,0
4935,L14,#35,GW252/13600,(1)停机过程,1,2025-06-03 04:42:10,2025-06-03 04:42:42,32,0.01
4936,L14,#35,GW252/13600,(4)启机状态,4,2025-06-03 04:37:11,2025-06-03 04:42:10,299,0.08
4937,L14,#35,GW252/13600,(3)待机状态,3,2025-06-03 04:35:52,2025-06-03 04:37:11,79,0.02
4938,L14,#35,GW252/13600,(2)停机状态,2,2025-06-03 04:35:51,2025-06-03 04:35:52,1,0
4939,L14,#35,GW252/13600,(1)停机过程,1,2025-06-03 04:35:18,2025-06-03 04:35:51,33,0.01
4940,L14,#35,GW252/13600,(4)启机状态,4,2025-06-03 04:30:18,2025-06-03 04:35:18,300,0.08
4941,L14,#35,GW252/13600,(3)待机状态,3,2025-06-03 04:29:03,2025-06-03 04:30:18,75,0.02
4942,L14,#35,GW252/13600,(2)停机状态,2,2025-06-03 04:29:01,2025-06-03 04:29:03,2,0
4943,L14,#35,GW252/13600,(1)停机过程,1,2025-06-03 04:28:31,2025-06-03 04:29:01,30,0.01
4944,L14,#35,GW252/13600,(4)启机状态,4,2025-06-03 04:23:30,2025-06-03 04:28:31,301,0.08
4945,L14,#35,GW252/13600,(3)待机状态,3,2025-06-03 04:22:14,2025-06-03 04:23:30,76,0.02
4946,L14,#35,GW252/13600,(2)停机状态,2,2025-06-03 04:22:12,2025-06-03 04:22:14,2,0
4947,L14,#35,GW252/13600,(1)停机过程,1,2025-06-03 04:21:40,2025-06-03 04:22:12,32,0.01
4948,L14,#35,GW252/13600,(4)启机状态,4,2025-06-03 04:16:41,2025-06-03 04:21:40,299,0.08
4949,L14,#35,GW252/13600,(3)待机状态,3,2025-06-03 04:15:30,2025-06-03 04:16:41,71,0.02
4950,L14,#35,GW252/13600,(2)停机状态,2,2025-06-03 04:15:29,2025-06-03 04:15:30,1,0
4951,L14,#35,GW252/13600,(1)停机过程,1,2025-06-03 04:14:56,2025-06-03 04:15:29,33,0.01
4952,L14,#35,GW252/13600,(4)启机状态,4,2025-06-03 04:09:56,2025-06-03 04:14:56,300,0.08
4953,L14,#35,GW252/13600,(3)待机状态,3,2025-06-03 04:07:15,2025-06-03 04:09:56,161,0.04
4954,L14,#35,GW252/13600,(2)停机状态,2,2025-06-03 04:04:25,2025-06-03 04:07:15,170,0.05
4955,L14,#35,GW252/13600,(1)停机过程,1,2025-06-03 04:03:27,2025-06-03 04:04:25,58,0.02
4956,L14,#35,GW252/13600,(5)发电状态,5,2025-06-03 02:06:30,2025-06-03 04:03:27,7017,1.95
4957,L14,#35,GW252/13600,(4)启机状态,4,2025-06-03 02:04:38,2025-06-03 02:06:30,112,0.03
4958,L14,#35,GW252/13600,(3)待机状态,3,2025-06-03 02:03:42,2025-06-03 02:04:38,56,0.02
4959,L14,#35,GW252/13600,(2)停机状态,2,2025-06-03 02:03:40,2025-06-03 02:03:42,2,0
4960,L14,#35,GW252/13600,(1)停机过程,1,2025-06-03 02:03:09,2025-06-03 02:03:40,31,0.01
4961,L14,#35,GW252/13600,(4)启机状态,4,2025-06-03 01:58:09,2025-06-03 02:03:09,300,0.08
4962,L14,#35,GW252/13600,(3)待机状态,3,2025-06-03 01:56:54,2025-06-03 01:58:09,75,0.02
4963,L14,#35,GW252/13600,(2)停机状态,2,2025-06-03 01:56:52,2025-06-03 01:56:54,2,0
4964,L14,#35,GW252/13600,(1)停机过程,1,2025-06-03 01:56:21,2025-06-03 01:56:52,31,0.01
4965,L14,#35,GW252/13600,(4)启机状态,4,2025-06-03 01:51:19,2025-06-03 01:56:21,302,0.08
4966,L14,#35,GW252/13600,(3)待机状态,3,2025-06-03 01:50:19,2025-06-03 01:51:19,60,0.02
4967,L14,#35,GW252/13600,(2)停机状态,2,2025-06-03 01:50:18,2025-06-03 01:50:19,1,0
4968,L14,#35,GW252/13600,(1)停机过程,1,2025-06-03 01:49:47,2025-06-03 01:50:18,31,0.01
4969,L14,#35,GW252/13600,(4)启机状态,4,2025-06-03 01:44:47,2025-06-03 01:49:47,300,0.08
4970,L14,#35,GW252/13600,(3)待机状态,3,2025-06-03 01:43:36,2025-06-03 01:44:47,71,0.02
4971,L14,#35,GW252/13600,(1)停机过程,1,2025-06-03 01:43:04,2025-06-03 01:43:36,32,0.01
4972,L14,#35,GW252/13600,(4)启机状态,4,2025-06-03 01:38:04,2025-06-03 01:43:04,300,0.08
4973,L14,#35,GW252/13600,(3)待机状态,3,2025-06-03 00:43:22,2025-06-03 01:38:04,3282,0.91
4974,L14,#35,GW252/13600,(2)停机状态,2,2025-06-03 00:43:15,2025-06-03 00:43:22,7,0
4975,L14,#35,GW252/13600,(1)停机过程,1,2025-06-03 00:42:18,2025-06-03 00:43:15,57,0.02
4976,L14,#35,GW252/13600,(5)发电状态,5,2025-06-02 19:40:55,2025-06-03 00:42:18,18083,5.02
4977,L14,#35,GW252/13600,(4)启机状态,4,2025-06-02 19:39:50,2025-06-02 19:40:55,65,0.02
4978,L14,#35,GW252/13600,(3)待机状态,3,2025-06-02 19:39:06,2025-06-02 19:39:50,44,0.01
4979,L14,#35,GW252/13600,(2)停机状态,2,2025-06-02 19:38:37,2025-06-02 19:39:06,29,0.01
4980,L14,#35,GW252/13600,(1)停机过程,1,2025-06-02 19:38:27,2025-06-02 19:38:37,10,0
4981,L14,#35,GW252/13600,(9)维护状态,9,2025-06-02 19:37:29,2025-06-02 19:38:27,58,0.02
4982,L14,#35,GW252/13600,(2)停机状态,2,2025-06-02 19:30:05,2025-06-02 19:37:29,444,0.12
4983,L14,#35,GW252/13600,(1)停机过程,1,2025-06-02 19:29:01,2025-06-02 19:30:05,64,0.02
4984,L14,#35,GW252/13600,(5)发电状态,5,2025-06-02 18:39:03,2025-06-02 19:29:01,2998,0.83
4985,L14,#35,GW252/13600,(4)启机状态,4,2025-06-02 18:37:53,2025-06-02 18:39:03,70,0.02
4986,L14,#35,GW252/13600,(3)待机状态,3,2025-06-02 18:37:06,2025-06-02 18:37:53,47,0.01
4987,L14,#35,GW252/13600,(2)停机状态,2,2025-06-02 18:35:55,2025-06-02 18:37:06,71,0.02
4988,L14,#35,GW252/13600,(1)停机过程,1,2025-06-02 18:35:46,2025-06-02 18:35:55,9,0
4989,L14,#35,GW252/13600,(9)维护状态,9,2025-06-02 18:34:43,2025-06-02 18:35:46,63,0.02
4990,L14,#35,GW252/13600,(2)停机状态,2,2025-06-02 16:45:23,2025-06-02 18:34:43,6560,1.82
4991,L14,#35,GW252/13600,(1)停机过程,1,2025-06-02 16:44:19,2025-06-02 16:45:23,64,0.02
4992,L14,#35,GW252/13600,(5)发电状态,5,2025-06-01 14:40:54,2025-06-02 16:44:19,93805,26.06
4993,L14,#35,GW252/13600,(4)启机状态,4,2025-06-01 14:39:13,2025-06-01 14:40:54,101,0.03
4994,L14,#35,GW252/13600,(3)待机状态,3,2025-06-01 14:38:17,2025-06-01 14:39:13,56,0.02
4995,L14,#35,GW252/13600,(2)停机状态,2,2025-06-01 14:38:16,2025-06-01 14:38:17,1,0
4996,L14,#35,GW252/13600,(1)停机过程,1,2025-06-01 14:37:44,2025-06-01 14:38:16,32,0.01
4997,L14,#35,GW252/13600,(4)启机状态,4,2025-06-01 14:32:44,2025-06-01 14:37:44,300,0.08
4998,L14,#35,GW252/13600,(3)待机状态,3,2025-06-01 14:31:44,2025-06-01 14:32:44,60,0.02
4999,L14,#35,GW252/13600,(2)停机状态,2,2025-06-01 14:31:42,2025-06-01 14:31:44,2,0
5000,L14,#35,GW252/13600,(1)停机过程,1,2025-06-01 14:31:11,2025-06-01 14:31:42,31,0.01
5001,L14,#35,GW252/13600,(4)启机状态,4,2025-06-01 14:26:11,2025-06-01 14:31:11,300,0.08
5002,L14,#35,GW252/13600,(3)待机状态,3,2025-06-01 14:24:58,2025-06-01 14:26:11,73,0.02
5003,L14,#35,GW252/13600,(2)停机状态,2,2025-06-01 14:22:34,2025-06-01 14:24:58,144,0.04
5004,L14,#35,GW252/13600,(1)停机过程,1,2025-06-01 14:21:37,2025-06-01 14:22:34,57,0.02
5005,L14,#35,GW252/13600,(5)发电状态,5,2025-06-01 11:53:31,2025-06-01 14:21:37,8886,2.47
5006,L14,#35,GW252/13600,(4)启机状态,4,2025-06-01 11:52:17,2025-06-01 11:53:31,74,0.02
5007,L14,#35,GW252/13600,(3)待机状态,3,2025-06-01 11:51:25,2025-06-01 11:52:17,52,0.01
5008,L14,#35,GW252/13600,(2)停机状态,2,2025-06-01 11:14:49,2025-06-01 11:51:25,2196,0.61
5009,L14,#35,GW252/13600,(1)停机过程,1,2025-06-01 11:13:52,2025-06-01 11:14:49,57,0.02
5010,L14,#35,GW252/13600,(5)发电状态,5,2025-05-31 16:25:06,2025-06-01 11:13:52,67726,18.81
5011,L14,#35,GW252/13600,(4)启机状态,4,2025-05-31 16:24:18,2025-05-31 16:25:06,48,0.01
5012,L14,#35,GW252/13600,(3)待机状态,3,2025-05-31 16:23:38,2025-05-31 16:24:18,40,0.01
5013,L14,#35,GW252/13600,(2)停机状态,2,2025-05-31 09:50:51,2025-05-31 16:23:38,23567,6.55
5014,L14,#35,GW252/13600,(1)停机过程,1,2025-05-31 09:49:55,2025-05-31 09:50:51,56,0.02
5015,L14,#35,GW252/13600,(5)发电状态,5,2025-05-29 15:17:22,2025-05-31 09:49:55,153153,42.54
5016,L14,#35,GW252/13600,(4)启机状态,4,2025-05-29 15:15:04,2025-05-29 15:17:22,138,0.04
5017,L14,#35,GW252/13600,(3)待机状态,3,2025-05-29 15:14:11,2025-05-29 15:15:04,53,0.01
5018,L14,#35,GW252/13600,(2)停机状态,2,2025-05-29 15:14:10,2025-05-29 15:14:11,1,0
5019,L14,#35,GW252/13600,(1)停机过程,1,2025-05-29 15:13:39,2025-05-29 15:14:10,31,0.01
5020,L14,#35,GW252/13600,(4)启机状态,4,2025-05-29 15:08:39,2025-05-29 15:13:39,300,0.08
5021,L14,#35,GW252/13600,(3)待机状态,3,2025-05-29 15:07:34,2025-05-29 15:08:39,65,0.02
5022,L14,#35,GW252/13600,(2)停机状态,2,2025-05-29 15:07:33,2025-05-29 15:07:34,1,0
5023,L14,#35,GW252/13600,(1)停机过程,1,2025-05-29 15:07:01,2025-05-29 15:07:33,32,0.01
5024,L14,#35,GW252/13600,(4)启机状态,4,2025-05-29 15:02:01,2025-05-29 15:07:01,300,0.08
5025,L14,#35,GW252/13600,(3)待机状态,3,2025-05-29 14:56:05,2025-05-29 15:02:01,356,0.1
5026,L14,#35,GW252/13600,(2)停机状态,2,2025-05-29 14:55:37,2025-05-29 14:56:05,28,0.01
5027,L14,#35,GW252/13600,(1)停机过程,1,2025-05-29 14:54:40,2025-05-29 14:55:37,57,0.02
5028,L14,#35,GW252/13600,(5)发电状态,5,2025-05-29 14:19:59,2025-05-29 14:54:40,2081,0.58
5029,L14,#35,GW252/13600,(4)启机状态,4,2025-05-29 14:16:22,2025-05-29 14:19:59,217,0.06
5030,L14,#35,GW252/13600,(3)待机状态,3,2025-05-29 14:15:22,2025-05-29 14:16:22,60,0.02
5031,L14,#35,GW252/13600,(2)停机状态,2,2025-05-29 14:15:21,2025-05-29 14:15:22,1,0
5032,L14,#35,GW252/13600,(1)停机过程,1,2025-05-29 14:14:49,2025-05-29 14:15:21,32,0.01
5033,L14,#35,GW252/13600,(4)启机状态,4,2025-05-29 14:09:49,2025-05-29 14:14:49,300,0.08
5034,L14,#35,GW252/13600,(3)待机状态,3,2025-05-29 14:08:49,2025-05-29 14:09:49,60,0.02
5035,L14,#35,GW252/13600,(2)停机状态,2,2025-05-29 14:08:47,2025-05-29 14:08:49,2,0
5036,L14,#35,GW252/13600,(1)停机过程,1,2025-05-29 14:08:16,2025-05-29 14:08:47,31,0.01
5037,L14,#35,GW252/13600,(4)启机状态,4,2025-05-29 14:03:16,2025-05-29 14:08:16,300,0.08
5038,L14,#35,GW252/13600,(3)待机状态,3,2025-05-29 14:01:36,2025-05-29 14:03:16,100,0.03
5039,L14,#35,GW252/13600,(2)停机状态,2,2025-05-29 14:00:54,2025-05-29 14:01:36,42,0.01
5040,L14,#35,GW252/13600,(1)停机过程,1,2025-05-29 14:00:22,2025-05-29 14:00:54,32,0.01
5041,L14,#35,GW252/13600,(4)启机状态,4,2025-05-29 13:55:22,2025-05-29 14:00:22,300,0.08
5042,L14,#35,GW252/13600,(3)待机状态,3,2025-05-29 13:54:18,2025-05-29 13:55:22,64,0.02
5043,L14,#35,GW252/13600,(2)停机状态,2,2025-05-29 13:54:16,2025-05-29 13:54:18,2,0
5044,L14,#35,GW252/13600,(1)停机过程,1,2025-05-29 13:53:46,2025-05-29 13:54:16,30,0.01
5045,L14,#35,GW252/13600,(4)启机状态,4,2025-05-29 13:48:46,2025-05-29 13:53:46,300,0.08
5046,L14,#35,GW252/13600,(3)待机状态,3,2025-05-29 13:47:41,2025-05-29 13:48:46,65,0.02
5047,L14,#35,GW252/13600,(2)停机状态,2,2025-05-29 13:47:40,2025-05-29 13:47:41,1,0
5048,L14,#35,GW252/13600,(1)停机过程,1,2025-05-29 13:47:08,2025-05-29 13:47:40,32,0.01
5049,L14,#35,GW252/13600,(4)启机状态,4,2025-05-29 13:42:08,2025-05-29 13:47:08,300,0.08
5050,L14,#35,GW252/13600,(3)待机状态,3,2025-05-29 13:40:51,2025-05-29 13:42:08,77,0.02
5051,L14,#35,GW252/13600,(2)停机状态,2,2025-05-29 13:40:50,2025-05-29 13:40:51,1,0
5052,L14,#35,GW252/13600,(1)停机过程,1,2025-05-29 13:40:19,2025-05-29 13:40:50,31,0.01
5053,L14,#35,GW252/13600,(4)启机状态,4,2025-05-29 13:35:19,2025-05-29 13:40:19,300,0.08
5054,L14,#35,GW252/13600,(3)待机状态,3,2025-05-29 13:34:04,2025-05-29 13:35:19,75,0.02
5055,L14,#35,GW252/13600,(2)停机状态,2,2025-05-29 13:34:03,2025-05-29 13:34:04,1,0
5056,L14,#35,GW252/13600,(1)停机过程,1,2025-05-29 13:33:31,2025-05-29 13:34:03,32,0.01
5057,L14,#35,GW252/13600,(4)启机状态,4,2025-05-29 13:28:31,2025-05-29 13:33:31,300,0.08
5058,L14,#35,GW252/13600,(3)待机状态,3,2025-05-29 13:27:22,2025-05-29 13:28:31,69,0.02
5059,L14,#35,GW252/13600,(1)停机过程,1,2025-05-29 13:26:51,2025-05-29 13:27:22,31,0.01
5060,L14,#35,GW252/13600,(4)启机状态,4,2025-05-29 13:21:51,2025-05-29 13:26:51,300,0.08
5061,L14,#35,GW252/13600,(3)待机状态,3,2025-05-29 13:20:50,2025-05-29 13:21:51,61,0.02
5062,L14,#35,GW252/13600,(2)停机状态,2,2025-05-29 13:20:49,2025-05-29 13:20:50,1,0
5063,L14,#35,GW252/13600,(1)停机过程,1,2025-05-29 13:20:16,2025-05-29 13:20:49,33,0.01
5064,L14,#35,GW252/13600,(4)启机状态,4,2025-05-29 13:15:16,2025-05-29 13:20:16,300,0.08
5065,L14,#35,GW252/13600,(3)待机状态,3,2025-05-29 13:13:45,2025-05-29 13:15:16,91,0.03
5066,L14,#35,GW252/13600,(2)停机状态,2,2025-05-29 13:13:44,2025-05-29 13:13:45,1,0
5067,L14,#35,GW252/13600,(1)停机过程,1,2025-05-29 13:13:11,2025-05-29 13:13:44,33,0.01
5068,L14,#35,GW252/13600,(4)启机状态,4,2025-05-29 13:08:11,2025-05-29 13:13:11,300,0.08
5069,L14,#35,GW252/13600,(3)待机状态,3,2025-05-29 13:06:55,2025-05-29 13:08:11,76,0.02
5070,L14,#35,GW252/13600,(2)停机状态,2,2025-05-29 13:04:45,2025-05-29 13:06:55,130,0.04
5071,L14,#35,GW252/13600,(1)停机过程,1,2025-05-29 13:04:14,2025-05-29 13:04:45,31,0.01
5072,L14,#35,GW252/13600,(4)启机状态,4,2025-05-29 12:59:14,2025-05-29 13:04:14,300,0.08
5073,L14,#35,GW252/13600,(3)待机状态,3,2025-05-29 12:55:30,2025-05-29 12:59:14,224,0.06
5074,L14,#35,GW252/13600,(2)停机状态,2,2025-05-29 12:54:45,2025-05-29 12:55:30,45,0.01
5075,L14,#35,GW252/13600,(1)停机过程,1,2025-05-29 12:54:14,2025-05-29 12:54:45,31,0.01
5076,L14,#35,GW252/13600,(4)启机状态,4,2025-05-29 12:49:14,2025-05-29 12:54:14,300,0.08
5077,L14,#35,GW252/13600,(3)待机状态,3,2025-05-29 12:47:56,2025-05-29 12:49:14,78,0.02
5078,L14,#35,GW252/13600,(2)停机状态,2,2025-05-29 12:47:47,2025-05-29 12:47:56,9,0
5079,L14,#35,GW252/13600,(1)停机过程,1,2025-05-29 12:47:17,2025-05-29 12:47:47,30,0.01
5080,L14,#35,GW252/13600,(4)启机状态,4,2025-05-29 12:42:17,2025-05-29 12:47:17,300,0.08
5081,L14,#35,GW252/13600,(3)待机状态,3,2025-05-29 12:39:04,2025-05-29 12:42:17,193,0.05
5082,L14,#35,GW252/13600,(2)停机状态,2,2025-05-29 12:37:55,2025-05-29 12:39:04,69,0.02
5083,L14,#35,GW252/13600,(1)停机过程,1,2025-05-29 12:37:24,2025-05-29 12:37:55,31,0.01
5084,L14,#35,GW252/13600,(4)启机状态,4,2025-05-29 12:32:24,2025-05-29 12:37:24,300,0.08
5085,L14,#35,GW252/13600,(3)待机状态,3,2025-05-29 12:27:34,2025-05-29 12:32:24,290,0.08
5086,L14,#35,GW252/13600,(2)停机状态,2,2025-05-29 12:21:57,2025-05-29 12:27:34,337,0.09
5087,L14,#35,GW252/13600,(1)停机过程,1,2025-05-29 12:21:26,2025-05-29 12:21:57,31,0.01
5088,L14,#35,GW252/13600,(4)启机状态,4,2025-05-29 12:16:26,2025-05-29 12:21:26,300,0.08
5089,L14,#35,GW252/13600,(3)待机状态,3,2025-05-29 12:12:24,2025-05-29 12:16:26,242,0.07
5090,L14,#35,GW252/13600,(2)停机状态,2,2025-05-29 12:11:59,2025-05-29 12:12:24,25,0.01
5091,L14,#35,GW252/13600,(1)停机过程,1,2025-05-29 12:11:25,2025-05-29 12:11:59,34,0.01
5092,L14,#35,GW252/13600,(4)启机状态,4,2025-05-29 12:06:26,2025-05-29 12:11:25,299,0.08
5093,L14,#35,GW252/13600,(3)待机状态,3,2025-05-29 11:57:10,2025-05-29 12:06:26,556,0.15
5094,L14,#35,GW252/13600,(2)停机状态,2,2025-05-29 11:51:33,2025-05-29 11:57:10,337,0.09
5095,L14,#35,GW252/13600,(1)停机过程,1,2025-05-29 11:51:01,2025-05-29 11:51:33,32,0.01
5096,L14,#35,GW252/13600,(4)启机状态,4,2025-05-29 11:46:01,2025-05-29 11:51:01,300,0.08
5097,L14,#35,GW252/13600,(3)待机状态,3,2025-05-29 11:36:56,2025-05-29 11:46:01,545,0.15
5098,L14,#35,GW252/13600,(2)停机状态,2,2025-05-29 11:33:24,2025-05-29 11:36:56,212,0.06
5099,L14,#35,GW252/13600,(1)停机过程,1,2025-05-29 11:32:53,2025-05-29 11:33:24,31,0.01
5100,L14,#35,GW252/13600,(4)启机状态,4,2025-05-29 11:27:53,2025-05-29 11:32:53,300,0.08
5101,L14,#35,GW252/13600,(3)待机状态,3,2025-05-29 06:00:13,2025-05-29 11:27:53,19660,5.46
5102,L14,#35,GW252/13600,(2)停机状态,2,2025-05-29 05:58:56,2025-05-29 06:00:13,77,0.02
5103,L14,#35,GW252/13600,(1)停机过程,1,2025-05-29 05:58:23,2025-05-29 05:58:56,33,0.01
5104,L14,#35,GW252/13600,(4)启机状态,4,2025-05-29 05:53:22,2025-05-29 05:58:23,301,0.08
5105,L14,#35,GW252/13600,(3)待机状态,3,2025-05-29 05:51:59,2025-05-29 05:53:22,83,0.02
5106,L14,#35,GW252/13600,(1)停机过程,1,2025-05-29 05:51:27,2025-05-29 05:51:59,32,0.01
5107,L14,#35,GW252/13600,(4)启机状态,4,2025-05-29 05:46:27,2025-05-29 05:51:27,300,0.08
5108,L14,#35,GW252/13600,(3)待机状态,3,2025-05-29 05:45:09,2025-05-29 05:46:27,78,0.02
5109,L14,#35,GW252/13600,(2)停机状态,2,2025-05-29 05:45:07,2025-05-29 05:45:09,2,0
5110,L14,#35,GW252/13600,(1)停机过程,1,2025-05-29 05:44:35,2025-05-29 05:45:07,32,0.01
5111,L14,#35,GW252/13600,(4)启机状态,4,2025-05-29 05:39:35,2025-05-29 05:44:35,300,0.08
5112,L14,#35,GW252/13600,(3)待机状态,3,2025-05-29 05:38:19,2025-05-29 05:39:35,76,0.02
5113,L14,#35,GW252/13600,(2)停机状态,2,2025-05-29 05:38:18,2025-05-29 05:38:19,1,0
5114,L14,#35,GW252/13600,(1)停机过程,1,2025-05-29 05:37:46,2025-05-29 05:38:18,32,0.01
5115,L14,#35,GW252/13600,(4)启机状态,4,2025-05-29 05:32:46,2025-05-29 05:37:46,300,0.08
5116,L14,#35,GW252/13600,(3)待机状态,3,2025-05-29 05:30:39,2025-05-29 05:32:46,127,0.04
5117,L14,#35,GW252/13600,(2)停机状态,2,2025-05-29 05:30:37,2025-05-29 05:30:39,2,0
5118,L14,#35,GW252/13600,(1)停机过程,1,2025-05-29 05:30:05,2025-05-29 05:30:37,32,0.01
5119,L14,#35,GW252/13600,(4)启机状态,4,2025-05-29 05:25:05,2025-05-29 05:30:05,300,0.08
5120,L14,#35,GW252/13600,(3)待机状态,3,2025-05-29 05:23:50,2025-05-29 05:25:05,75,0.02
5121,L14,#35,GW252/13600,(2)停机状态,2,2025-05-29 05:23:48,2025-05-29 05:23:50,2,0
5122,L14,#35,GW252/13600,(1)停机过程,1,2025-05-29 05:23:16,2025-05-29 05:23:48,32,0.01
5123,L14,#35,GW252/13600,(4)启机状态,4,2025-05-29 05:18:16,2025-05-29 05:23:16,300,0.08
5124,L14,#35,GW252/13600,(3)待机状态,3,2025-05-29 05:17:09,2025-05-29 05:18:16,67,0.02
5125,L14,#35,GW252/13600,(2)停机状态,2,2025-05-29 05:17:08,2025-05-29 05:17:09,1,0
5126,L14,#35,GW252/13600,(1)停机过程,1,2025-05-29 05:16:37,2025-05-29 05:17:08,31,0.01
5127,L14,#35,GW252/13600,(4)启机状态,4,2025-05-29 05:11:36,2025-05-29 05:16:37,301,0.08
5128,L14,#35,GW252/13600,(3)待机状态,3,2025-05-29 05:10:28,2025-05-29 05:11:36,68,0.02
5129,L14,#35,GW252/13600,(2)停机状态,2,2025-05-29 05:10:27,2025-05-29 05:10:28,1,0
5130,L14,#35,GW252/13600,(1)停机过程,1,2025-05-29 05:09:56,2025-05-29 05:10:27,31,0.01
5131,L14,#35,GW252/13600,(4)启机状态,4,2025-05-29 05:04:56,2025-05-29 05:09:56,300,0.08
5132,L14,#35,GW252/13600,(3)待机状态,3,2025-05-29 04:26:23,2025-05-29 05:04:56,2313,0.64
5133,L14,#35,GW252/13600,(2)停机状态,2,2025-05-29 04:26:22,2025-05-29 04:26:23,1,0
5134,L14,#35,GW252/13600,(1)停机过程,1,2025-05-29 04:25:49,2025-05-29 04:26:22,33,0.01
5135,L14,#35,GW252/13600,(4)启机状态,4,2025-05-29 04:20:49,2025-05-29 04:25:49,300,0.08
5136,L14,#35,GW252/13600,(3)待机状态,3,2025-05-29 04:19:35,2025-05-29 04:20:49,74,0.02
5137,L14,#35,GW252/13600,(1)停机过程,1,2025-05-29 04:19:04,2025-05-29 04:19:35,31,0.01
5138,L14,#35,GW252/13600,(4)启机状态,4,2025-05-29 04:14:03,2025-05-29 04:19:04,301,0.08
5139,L14,#35,GW252/13600,(3)待机状态,3,2025-05-29 04:12:48,2025-05-29 04:14:03,75,0.02
5140,L14,#35,GW252/13600,(2)停机状态,2,2025-05-29 04:12:47,2025-05-29 04:12:48,1,0
5141,L14,#35,GW252/13600,(1)停机过程,1,2025-05-29 04:12:15,2025-05-29 04:12:47,32,0.01
5142,L14,#35,GW252/13600,(4)启机状态,4,2025-05-29 04:07:15,2025-05-29 04:12:15,300,0.08
5143,L14,#35,GW252/13600,(3)待机状态,3,2025-05-29 04:05:53,2025-05-29 04:07:15,82,0.02
5144,L14,#35,GW252/13600,(2)停机状态,2,2025-05-29 04:04:54,2025-05-29 04:05:53,59,0.02
5145,L14,#35,GW252/13600,(1)停机过程,1,2025-05-29 04:04:23,2025-05-29 04:04:54,31,0.01
5146,L14,#35,GW252/13600,(4)启机状态,4,2025-05-29 03:59:22,2025-05-29 04:04:23,301,0.08
5147,L14,#35,GW252/13600,(3)待机状态,3,2025-05-29 03:58:15,2025-05-29 03:59:22,67,0.02
5148,L14,#35,GW252/13600,(2)停机状态,2,2025-05-29 03:58:14,2025-05-29 03:58:15,1,0
5149,L14,#35,GW252/13600,(1)停机过程,1,2025-05-29 03:57:42,2025-05-29 03:58:14,32,0.01
5150,L14,#35,GW252/13600,(4)启机状态,4,2025-05-29 03:52:42,2025-05-29 03:57:42,300,0.08
5151,L14,#35,GW252/13600,(3)待机状态,3,2025-05-29 03:51:42,2025-05-29 03:52:42,60,0.02
5152,L14,#35,GW252/13600,(2)停机状态,2,2025-05-29 03:51:40,2025-05-29 03:51:42,2,0
5153,L14,#35,GW252/13600,(1)停机过程,1,2025-05-29 03:51:09,2025-05-29 03:51:40,31,0.01
5154,L14,#35,GW252/13600,(4)启机状态,4,2025-05-29 03:46:08,2025-05-29 03:51:09,301,0.08
5155,L14,#35,GW252/13600,(3)待机状态,3,2025-05-29 03:28:39,2025-05-29 03:46:08,1049,0.29
5156,L14,#35,GW252/13600,(2)停机状态,2,2025-05-29 03:23:02,2025-05-29 03:28:39,337,0.09
5157,L14,#35,GW252/13600,(1)停机过程,1,2025-05-29 03:22:06,2025-05-29 03:23:02,56,0.02
5158,L14,#35,GW252/13600,(5)发电状态,5,2025-05-28 18:20:27,2025-05-29 03:22:06,32499,9.03
5159,L14,#35,GW252/13600,(4)启机状态,4,2025-05-28 18:16:27,2025-05-28 18:20:27,240,0.07
5160,L14,#35,GW252/13600,(3)待机状态,3,2025-05-28 18:15:30,2025-05-28 18:16:27,57,0.02
5161,L14,#35,GW252/13600,(2)停机状态,2,2025-05-28 18:15:28,2025-05-28 18:15:30,2,0
5162,L14,#35,GW252/13600,(1)停机过程,1,2025-05-28 18:14:57,2025-05-28 18:15:28,31,0.01
5163,L14,#35,GW252/13600,(4)启机状态,4,2025-05-28 18:09:57,2025-05-28 18:14:57,300,0.08
5164,L14,#35,GW252/13600,(3)待机状态,3,2025-05-28 18:02:47,2025-05-28 18:09:57,430,0.12
5165,L14,#35,GW252/13600,(2)停机状态,2,2025-05-28 18:00:53,2025-05-28 18:02:47,114,0.03
5166,L14,#35,GW252/13600,(1)停机过程,1,2025-05-28 18:00:21,2025-05-28 18:00:53,32,0.01
5167,L14,#35,GW252/13600,(4)启机状态,4,2025-05-28 17:55:21,2025-05-28 18:00:21,300,0.08
5168,L14,#35,GW252/13600,(3)待机状态,3,2025-05-28 17:41:32,2025-05-28 17:55:21,829,0.23
5169,L14,#35,GW252/13600,(2)停机状态,2,2025-05-28 17:35:54,2025-05-28 17:41:32,338,0.09
5170,L14,#35,GW252/13600,(1)停机过程,1,2025-05-28 17:35:23,2025-05-28 17:35:54,31,0.01
5171,L14,#35,GW252/13600,(4)启机状态,4,2025-05-28 17:30:22,2025-05-28 17:35:23,301,0.08
5172,L14,#35,GW252/13600,(3)待机状态,3,2025-05-28 17:26:36,2025-05-28 17:30:22,226,0.06
5173,L14,#35,GW252/13600,(2)停机状态,2,2025-05-28 17:26:33,2025-05-28 17:26:36,3,0
5174,L14,#35,GW252/13600,(1)停机过程,1,2025-05-28 17:26:00,2025-05-28 17:26:33,33,0.01
5175,L14,#35,GW252/13600,(4)启机状态,4,2025-05-28 17:21:01,2025-05-28 17:26:00,299,0.08
5176,L14,#35,GW252/13600,(3)待机状态,3,2025-05-28 17:19:49,2025-05-28 17:21:01,72,0.02
5177,L14,#35,GW252/13600,(2)停机状态,2,2025-05-28 17:19:47,2025-05-28 17:19:49,2,0
5178,L14,#35,GW252/13600,(1)停机过程,1,2025-05-28 17:19:15,2025-05-28 17:19:47,32,0.01
5179,L14,#35,GW252/13600,(4)启机状态,4,2025-05-28 17:14:15,2025-05-28 17:19:15,300,0.08
5180,L14,#35,GW252/13600,(3)待机状态,3,2025-05-28 17:12:56,2025-05-28 17:14:15,79,0.02
5181,L14,#35,GW252/13600,(2)停机状态,2,2025-05-28 17:12:49,2025-05-28 17:12:56,7,0
5182,L14,#35,GW252/13600,(1)停机过程,1,2025-05-28 17:12:17,2025-05-28 17:12:49,32,0.01
5183,L14,#35,GW252/13600,(4)启机状态,4,2025-05-28 17:07:17,2025-05-28 17:12:17,300,0.08
5184,L14,#35,GW252/13600,(3)待机状态,3,2025-05-28 16:41:23,2025-05-28 17:07:17,1554,0.43
5185,L14,#35,GW252/13600,(2)停机状态,2,2025-05-28 16:39:29,2025-05-28 16:41:23,114,0.03
5186,L14,#35,GW252/13600,(1)停机过程,1,2025-05-28 16:38:57,2025-05-28 16:39:29,32,0.01
5187,L14,#35,GW252/13600,(4)启机状态,4,2025-05-28 16:33:58,2025-05-28 16:38:57,299,0.08
5188,L14,#35,GW252/13600,(3)待机状态,3,2025-05-28 15:56:21,2025-05-28 16:33:58,2257,0.63
5189,L14,#35,GW252/13600,(2)停机状态,2,2025-05-28 15:50:43,2025-05-28 15:56:21,338,0.09
5190,L14,#35,GW252/13600,(1)停机过程,1,2025-05-28 15:50:13,2025-05-28 15:50:43,30,0.01
5191,L14,#35,GW252/13600,(4)启机状态,4,2025-05-28 15:45:12,2025-05-28 15:50:13,301,0.08
5192,L14,#35,GW252/13600,(3)待机状态,3,2025-05-28 15:39:13,2025-05-28 15:45:12,359,0.1
5193,L14,#35,GW252/13600,(2)停机状态,2,2025-05-28 15:33:36,2025-05-28 15:39:13,337,0.09
5194,L14,#35,GW252/13600,(1)停机过程,1,2025-05-28 15:33:03,2025-05-28 15:33:36,33,0.01
5195,L14,#35,GW252/13600,(4)启机状态,4,2025-05-28 15:28:03,2025-05-28 15:33:03,300,0.08
5196,L14,#35,GW252/13600,(3)待机状态,3,2025-05-28 15:25:16,2025-05-28 15:28:03,167,0.05
5197,L14,#35,GW252/13600,(2)停机状态,2,2025-05-28 15:19:39,2025-05-28 15:25:16,337,0.09
5198,L14,#35,GW252/13600,(1)停机过程,1,2025-05-28 15:18:42,2025-05-28 15:19:39,57,0.02
5199,L14,#35,GW252/13600,(5)发电状态,5,2025-05-28 15:00:50,2025-05-28 15:18:42,1072,0.3
5200,L14,#35,GW252/13600,(4)启机状态,4,2025-05-28 14:58:32,2025-05-28 15:00:50,138,0.04
5201,L14,#35,GW252/13600,(3)待机状态,3,2025-05-28 14:51:43,2025-05-28 14:58:32,409,0.11
5202,L14,#35,GW252/13600,(2)停机状态,2,2025-05-28 14:51:41,2025-05-28 14:51:43,2,0
5203,L14,#35,GW252/13600,(1)停机过程,1,2025-05-28 14:50:49,2025-05-28 14:51:41,52,0.01
5204,L14,#35,GW252/13600,(5)发电状态,5,2025-05-28 13:35:38,2025-05-28 14:50:49,4511,1.25
5205,L14,#35,GW252/13600,(4)启机状态,4,2025-05-28 13:33:20,2025-05-28 13:35:38,138,0.04
5206,L14,#35,GW252/13600,(3)待机状态,3,2025-05-28 13:32:16,2025-05-28 13:33:20,64,0.02
5207,L14,#35,GW252/13600,(2)停机状态,2,2025-05-28 13:32:13,2025-05-28 13:32:16,3,0
5208,L14,#35,GW252/13600,(1)停机过程,1,2025-05-28 13:31:42,2025-05-28 13:32:13,31,0.01
5209,L14,#35,GW252/13600,(4)启机状态,4,2025-05-28 13:26:42,2025-05-28 13:31:42,300,0.08
5210,L14,#35,GW252/13600,(3)待机状态,3,2025-05-28 13:25:46,2025-05-28 13:26:42,56,0.02
5211,L14,#35,GW252/13600,(2)停机状态,2,2025-05-28 13:25:45,2025-05-28 13:25:46,1,0
5212,L14,#35,GW252/13600,(1)停机过程,1,2025-05-28 13:24:54,2025-05-28 13:25:45,51,0.01
5213,L14,#35,GW252/13600,(4)启机状态,4,2025-05-28 13:19:54,2025-05-28 13:24:54,300,0.08
5214,L14,#35,GW252/13600,(3)待机状态,3,2025-05-28 13:18:47,2025-05-28 13:19:54,67,0.02
5215,L14,#35,GW252/13600,(2)停机状态,2,2025-05-28 13:18:45,2025-05-28 13:18:47,2,0
5216,L14,#35,GW252/13600,(1)停机过程,1,2025-05-28 13:18:14,2025-05-28 13:18:45,31,0.01
5217,L14,#35,GW252/13600,(4)启机状态,4,2025-05-28 13:13:14,2025-05-28 13:18:14,300,0.08
5218,L14,#35,GW252/13600,(3)待机状态,3,2025-05-28 13:11:46,2025-05-28 13:13:14,88,0.02
5219,L14,#35,GW252/13600,(2)停机状态,2,2025-05-28 13:10:25,2025-05-28 13:11:46,81,0.02
5220,L14,#35,GW252/13600,(1)停机过程,1,2025-05-28 13:09:28,2025-05-28 13:10:25,57,0.02
5221,L14,#35,GW252/13600,(5)发电状态,5,2025-05-24 09:51:47,2025-05-28 13:09:28,357461,99.29
5222,L14,#35,GW252/13600,(4)启机状态,4,2025-05-24 09:49:36,2025-05-24 09:51:47,131,0.04
5223,L14,#35,GW252/13600,(3)待机状态,3,2025-05-24 09:28:56,2025-05-24 09:49:36,1240,0.34
5224,L14,#35,GW252/13600,(2)停机状态,2,2025-05-24 09:23:34,2025-05-24 09:28:56,322,0.09
5225,L14,#35,GW252/13600,(5)发电状态,5,2025-05-24 09:15:05,2025-05-24 09:23:34,509,0.14
5226,L14,#35,GW252/13600,(4)启机状态,4,2025-05-24 09:05:10,2025-05-24 09:15:05,595,0.17
5227,L14,#35,GW252/13600,(3)待机状态,3,2025-05-24 09:01:15,2025-05-24 09:05:10,235,0.07
5228,L14,#35,GW252/13600,(5)发电状态,5,2025-05-24 07:58:38,2025-05-24 09:01:15,3757,1.04
5229,L14,#35,GW252/13600,(4)启机状态,4,2025-05-24 07:50:39,2025-05-24 07:58:38,479,0.13
5230,L14,#35,GW252/13600,(3)待机状态,3,2025-05-24 07:01:04,2025-05-24 07:50:39,2975,0.83
5231,L14,#35,GW252/13600,(2)停机状态,2,2025-05-24 06:55:26,2025-05-24 07:01:04,338,0.09
5232,L14,#35,GW252/13600,(1)停机过程,1,2025-05-24 06:54:30,2025-05-24 06:55:26,56,0.02
5233,L14,#35,GW252/13600,(5)发电状态,5,2025-05-24 05:06:28,2025-05-24 06:54:30,6482,1.8
5234,L14,#35,GW252/13600,(4)启机状态,4,2025-05-24 05:03:17,2025-05-24 05:06:28,191,0.05
5235,L14,#35,GW252/13600,(3)待机状态,3,2025-05-24 05:01:47,2025-05-24 05:03:17,90,0.03
5236,L14,#35,GW252/13600,(1)停机过程,1,2025-05-24 05:01:14,2025-05-24 05:01:47,33,0.01
5237,L14,#35,GW252/13600,(4)启机状态,4,2025-05-24 04:56:14,2025-05-24 05:01:14,300,0.08
5238,L14,#35,GW252/13600,(3)待机状态,3,2025-05-24 04:54:25,2025-05-24 04:56:14,109,0.03
5239,L14,#35,GW252/13600,(2)停机状态,2,2025-05-24 04:54:23,2025-05-24 04:54:25,2,0
5240,L14,#35,GW252/13600,(1)停机过程,1,2025-05-24 04:53:51,2025-05-24 04:54:23,32,0.01
5241,L14,#35,GW252/13600,(4)启机状态,4,2025-05-24 04:48:51,2025-05-24 04:53:51,300,0.08
5242,L14,#35,GW252/13600,(3)待机状态,3,2025-05-24 04:47:48,2025-05-24 04:48:51,63,0.02
5243,L14,#35,GW252/13600,(2)停机状态,2,2025-05-24 04:47:47,2025-05-24 04:47:48,1,0
5244,L14,#35,GW252/13600,(1)停机过程,1,2025-05-24 04:47:16,2025-05-24 04:47:47,31,0.01
5245,L14,#35,GW252/13600,(4)启机状态,4,2025-05-24 04:42:16,2025-05-24 04:47:16,300,0.08
5246,L14,#35,GW252/13600,(3)待机状态,3,2025-05-24 04:32:30,2025-05-24 04:42:16,586,0.16
5247,L14,#35,GW252/13600,(2)停机状态,2,2025-05-24 04:31:46,2025-05-24 04:32:30,44,0.01
5248,L14,#35,GW252/13600,(1)停机过程,1,2025-05-24 04:30:48,2025-05-24 04:31:46,58,0.02
5249,L14,#35,GW252/13600,(5)发电状态,5,2025-05-24 04:09:15,2025-05-24 04:30:48,1293,0.36
5250,L14,#35,GW252/13600,(4)启机状态,4,2025-05-24 04:07:21,2025-05-24 04:09:15,114,0.03
5251,L14,#35,GW252/13600,(3)待机状态,3,2025-05-24 04:06:26,2025-05-24 04:07:21,55,0.02
5252,L14,#35,GW252/13600,(2)停机状态,2,2025-05-24 04:06:25,2025-05-24 04:06:26,1,0
5253,L14,#35,GW252/13600,(1)停机过程,1,2025-05-24 04:05:53,2025-05-24 04:06:25,32,0.01
5254,L14,#35,GW252/13600,(4)启机状态,4,2025-05-24 04:00:53,2025-05-24 04:05:53,300,0.08
5255,L14,#35,GW252/13600,(3)待机状态,3,2025-05-24 03:59:55,2025-05-24 04:00:53,58,0.02
5256,L14,#35,GW252/13600,(2)停机状态,2,2025-05-24 03:23:18,2025-05-24 03:59:55,2197,0.61
5257,L14,#35,GW252/13600,(1)停机过程,1,2025-05-24 03:22:22,2025-05-24 03:23:18,56,0.02
5258,L14,#35,GW252/13600,(5)发电状态,5,2025-05-24 01:09:06,2025-05-24 03:22:22,7996,2.22
5259,L14,#35,GW252/13600,(4)启机状态,4,2025-05-24 01:04:38,2025-05-24 01:09:06,268,0.07
5260,L14,#35,GW252/13600,(3)待机状态,3,2025-05-24 01:03:31,2025-05-24 01:04:38,67,0.02
5261,L14,#35,GW252/13600,(2)停机状态,2,2025-05-24 01:03:30,2025-05-24 01:03:31,1,0
5262,L14,#35,GW252/13600,(1)停机过程,1,2025-05-24 01:02:59,2025-05-24 01:03:30,31,0.01
5263,L14,#35,GW252/13600,(4)启机状态,4,2025-05-24 00:57:57,2025-05-24 01:02:59,302,0.08
5264,L14,#35,GW252/13600,(3)待机状态,3,2025-05-24 00:55:53,2025-05-24 00:57:57,124,0.03
5265,L14,#35,GW252/13600,(1)停机过程,1,2025-05-24 00:55:21,2025-05-24 00:55:53,32,0.01
5266,L14,#35,GW252/13600,(4)启机状态,4,2025-05-24 00:50:21,2025-05-24 00:55:21,300,0.08
5267,L14,#35,GW252/13600,(3)待机状态,3,2025-05-24 00:49:17,2025-05-24 00:50:21,64,0.02
5268,L14,#35,GW252/13600,(2)停机状态,2,2025-05-24 00:12:41,2025-05-24 00:49:17,2196,0.61
5269,L14,#35,GW252/13600,(1)停机过程,1,2025-05-24 00:11:43,2025-05-24 00:12:41,58,0.02
5270,L14,#35,GW252/13600,(5)发电状态,5,2025-05-23 12:02:55,2025-05-24 00:11:43,43728,12.15
5271,L14,#35,GW252/13600,(4)启机状态,4,2025-05-23 11:59:20,2025-05-23 12:02:55,215,0.06
5272,L14,#35,GW252/13600,(3)待机状态,3,2025-05-23 11:58:25,2025-05-23 11:59:20,55,0.02
5273,L14,#35,GW252/13600,(2)停机状态,2,2025-05-23 11:58:23,2025-05-23 11:58:25,2,0
5274,L14,#35,GW252/13600,(1)停机过程,1,2025-05-23 11:57:53,2025-05-23 11:58:23,30,0.01
5275,L14,#35,GW252/13600,(4)启机状态,4,2025-05-23 11:52:52,2025-05-23 11:57:53,301,0.08
5276,L14,#35,GW252/13600,(3)待机状态,3,2025-05-23 11:49:56,2025-05-23 11:52:52,176,0.05
5277,L14,#35,GW252/13600,(2)停机状态,2,2025-05-23 11:13:14,2025-05-23 11:49:56,2202,0.61
5278,L14,#35,GW252/13600,(1)停机过程,1,2025-05-23 11:12:17,2025-05-23 11:13:14,57,0.02
5279,L14,#35,GW252/13600,(5)发电状态,5,2025-05-21 20:31:43,2025-05-23 11:12:17,139234,38.68
5280,L14,#35,GW252/13600,(4)启机状态,4,2025-05-21 20:30:57,2025-05-21 20:31:43,46,0.01
5281,L14,#35,GW252/13600,(3)待机状态,3,2025-05-21 20:30:18,2025-05-21 20:30:57,39,0.01
5282,L14,#35,GW252/13600,(2)停机状态,2,2025-05-21 20:24:12,2025-05-21 20:30:18,366,0.1
5283,L14,#35,GW252/13600,(1)停机过程,1,2025-05-21 20:23:10,2025-05-21 20:24:12,62,0.02
5284,L14,#35,GW252/13600,(5)发电状态,5,2025-05-18 21:19:16,2025-05-21 20:23:10,255834,71.07
5285,L14,#35,GW252/13600,(4)启机状态,4,2025-05-18 21:15:26,2025-05-18 21:19:16,230,0.06
5286,L14,#35,GW252/13600,(3)待机状态,3,2025-05-18 21:14:30,2025-05-18 21:15:26,56,0.02
5287,L14,#35,GW252/13600,(2)停机状态,2,2025-05-18 21:14:29,2025-05-18 21:14:30,1,0
5288,L14,#35,GW252/13600,(1)停机过程,1,2025-05-18 21:13:58,2025-05-18 21:14:29,31,0.01
5289,L14,#35,GW252/13600,(4)启机状态,4,2025-05-18 21:08:58,2025-05-18 21:13:58,300,0.08
5290,L14,#35,GW252/13600,(3)待机状态,3,2025-05-18 21:07:47,2025-05-18 21:08:58,71,0.02
5291,L14,#35,GW252/13600,(2)停机状态,2,2025-05-18 21:07:45,2025-05-18 21:07:47,2,0
5292,L14,#35,GW252/13600,(1)停机过程,1,2025-05-18 21:06:49,2025-05-18 21:07:45,56,0.02
5293,L14,#35,GW252/13600,(4)启机状态,4,2025-05-18 21:01:48,2025-05-18 21:06:49,301,0.08
5294,L14,#35,GW252/13600,(3)待机状态,3,2025-05-18 21:00:34,2025-05-18 21:01:48,74,0.02
5295,L14,#35,GW252/13600,(1)停机过程,1,2025-05-18 21:00:03,2025-05-18 21:00:34,31,0.01
5296,L14,#35,GW252/13600,(4)启机状态,4,2025-05-18 20:55:02,2025-05-18 21:00:03,301,0.08
5297,L14,#35,GW252/13600,(3)待机状态,3,2025-05-18 20:53:56,2025-05-18 20:55:02,66,0.02
5298,L14,#35,GW252/13600,(2)停机状态,2,2025-05-18 20:53:55,2025-05-18 20:53:56,1,0
5299,L14,#35,GW252/13600,(1)停机过程,1,2025-05-18 20:53:23,2025-05-18 20:53:55,32,0.01
5300,L14,#35,GW252/13600,(4)启机状态,4,2025-05-18 20:48:23,2025-05-18 20:53:23,300,0.08
5301,L14,#35,GW252/13600,(3)待机状态,3,2025-05-18 20:47:05,2025-05-18 20:48:23,78,0.02
5302,L14,#35,GW252/13600,(2)停机状态,2,2025-05-18 20:10:33,2025-05-18 20:47:05,2192,0.61
5303,L14,#35,GW252/13600,(1)停机过程,1,2025-05-18 20:09:35,2025-05-18 20:10:33,58,0.02
5304,L14,#35,GW252/13600,(5)发电状态,5,2025-05-16 21:25:52,2025-05-18 20:09:35,168223,46.73
5305,L14,#35,GW252/13600,(9)维护状态,9,2025-05-15 09:16:08,2025-05-16 21:25:52,130184,36.16
5306,L14,#35,GW252/13600,(2)停机状态,2,2025-05-15 08:06:42,2025-05-15 09:16:08,4166,1.16
5307,L14,#35,GW252/13600,(1)停机过程,1,2025-05-15 08:06:32,2025-05-15 08:06:42,10,0
5308,L14,#35,GW252/13600,(9)维护状态,9,2025-05-15 02:49:20,2025-05-15 08:06:32,19032,5.29
5309,L14,#35,GW252/13600,(2)停机状态,2,2025-05-15 02:49:17,2025-05-15 02:49:20,3,0
5310,L14,#35,GW252/13600,(1)停机过程,1,2025-05-15 02:49:07,2025-05-15 02:49:17,10,0
5311,L14,#35,GW252/13600,(9)维护状态,9,2025-01-01 00:00:00,2025-05-15 02:49:07,11587747,3218.82
