设备状态统计_历史状态明细,Unnamed: 1,Unnamed: 2,Unnamed: 3,Unnamed: 4,Unnamed: 5,Unnamed: 6,Unnamed: 7,Unnamed: 8,Unnamed: 9
  电场:[三峡阳江海路海风场];  设备类型:风机;  设备:[#56];  查询方式:详情;  开始时间:2025-01-01;  结束时间:2025-12-01,,,,,,,,,
序号,馈线名称,设备名称,型号名称,状态,状态码,开始时间,结束时间,持续时间(s),时长描述(h)
1,L09,#56,GW252/13600,(5)发电状态,5,2025-11-26 13:45:53,2025-12-01 23:59:59,468846,130.24
2,L09,#56,GW252/13600,(4)启机状态,4,2025-11-26 13:45:05,2025-11-26 13:45:53,48,0.01
3,L09,#56,GW252/13600,(3)待机状态,3,2025-11-26 13:44:27,2025-11-26 13:45:05,38,0.01
4,L09,#56,GW252/13600,(2)停机状态,2,2025-11-26 13:25:28,2025-11-26 13:44:27,1139,0.32
5,L09,#56,GW252/13600,(1)停机过程,1,2025-11-26 13:24:36,2025-11-26 13:25:28,52,0.01
6,L09,#56,GW252/13600,(5)发电状态,5,2025-11-25 17:14:55,2025-11-26 13:24:36,72581,20.16
7,L09,#56,GW252/13600,(4)启机状态,4,2025-11-25 17:14:02,2025-11-25 17:14:55,53,0.01
8,L09,#56,GW252/13600,(3)待机状态,3,2025-11-25 17:13:23,2025-11-25 17:14:02,39,0.01
9,L09,#56,GW252/13600,(2)停机状态,2,2025-11-25 17:03:53,2025-11-25 17:13:23,570,0.16
10,L09,#56,GW252/13600,(1)停机过程,1,2025-11-25 17:03:01,2025-11-25 17:03:53,52,0.01
11,L09,#56,GW252/13600,(5)发电状态,5,2025-11-24 22:39:23,2025-11-25 17:03:01,66218,18.39
12,L09,#56,GW252/13600,(4)启机状态,4,2025-11-24 22:36:25,2025-11-24 22:39:23,178,0.05
13,L09,#56,GW252/13600,(3)待机状态,3,2025-11-24 21:59:15,2025-11-24 22:36:25,2230,0.62
14,L09,#56,GW252/13600,(2)停机状态,2,2025-11-24 21:22:34,2025-11-24 21:59:15,2201,0.61
15,L09,#56,GW252/13600,(1)停机过程,1,2025-11-24 21:21:39,2025-11-24 21:22:34,55,0.02
16,L09,#56,GW252/13600,(5)发电状态,5,2025-11-24 13:39:14,2025-11-24 21:21:39,27745,7.71
17,L09,#56,GW252/13600,(4)启机状态,4,2025-11-24 13:37:36,2025-11-24 13:39:14,98,0.03
18,L09,#56,GW252/13600,(3)待机状态,3,2025-11-24 13:36:53,2025-11-24 13:37:36,43,0.01
19,L09,#56,GW252/13600,(2)停机状态,2,2025-11-24 13:32:25,2025-11-24 13:36:53,268,0.07
20,L09,#56,GW252/13600,(1)停机过程,1,2025-11-24 13:31:30,2025-11-24 13:32:25,55,0.02
21,L09,#56,GW252/13600,(5)发电状态,5,2025-11-23 22:53:08,2025-11-24 13:31:30,52702,14.64
22,L09,#56,GW252/13600,(4)启机状态,4,2025-11-23 22:49:40,2025-11-23 22:53:08,208,0.06
23,L09,#56,GW252/13600,(3)待机状态,3,2025-11-23 19:03:04,2025-11-23 22:49:40,13596,3.78
24,L09,#56,GW252/13600,(2)停机状态,2,2025-11-23 18:26:25,2025-11-23 19:03:04,2199,0.61
25,L09,#56,GW252/13600,(1)停机过程,1,2025-11-23 18:25:30,2025-11-23 18:26:25,55,0.02
26,L09,#56,GW252/13600,(5)发电状态,5,2025-11-23 12:50:03,2025-11-23 18:25:30,20127,5.59
27,L09,#56,GW252/13600,(4)启机状态,4,2025-11-23 12:49:04,2025-11-23 12:50:03,59,0.02
28,L09,#56,GW252/13600,(3)待机状态,3,2025-11-23 12:48:21,2025-11-23 12:49:04,43,0.01
29,L09,#56,GW252/13600,(2)停机状态,2,2025-11-23 12:48:20,2025-11-23 12:48:21,1,0
30,L09,#56,GW252/13600,(1)停机过程,1,2025-11-23 12:47:28,2025-11-23 12:48:20,52,0.01
31,L09,#56,GW252/13600,(5)发电状态,5,2025-11-20 19:13:35,2025-11-23 12:47:28,236033,65.56
32,L09,#56,GW252/13600,(4)启机状态,4,2025-11-20 19:12:44,2025-11-20 19:13:35,51,0.01
33,L09,#56,GW252/13600,(3)待机状态,3,2025-11-20 19:12:01,2025-11-20 19:12:44,43,0.01
34,L09,#56,GW252/13600,(2)停机状态,2,2025-11-20 19:12:00,2025-11-20 19:12:01,1,0
35,L09,#56,GW252/13600,(1)停机过程,1,2025-11-20 19:11:05,2025-11-20 19:12:00,55,0.02
36,L09,#56,GW252/13600,(5)发电状态,5,2025-11-13 19:10:59,2025-11-20 19:11:05,604806,168
37,L09,#56,GW252/13600,(4)启机状态,4,2025-11-13 19:09:00,2025-11-13 19:10:59,119,0.03
38,L09,#56,GW252/13600,(3)待机状态,3,2025-11-13 16:14:46,2025-11-13 19:09:00,10454,2.9
39,L09,#56,GW252/13600,(2)停机状态,2,2025-11-13 15:37:20,2025-11-13 16:14:46,2246,0.62
40,L09,#56,GW252/13600,(1)停机过程,1,2025-11-13 15:36:25,2025-11-13 15:37:20,55,0.02
41,L09,#56,GW252/13600,(5)发电状态,5,2025-11-13 10:13:05,2025-11-13 15:36:25,19400,5.39
42,L09,#56,GW252/13600,(4)启机状态,4,2025-11-13 10:12:19,2025-11-13 10:13:05,46,0.01
43,L09,#56,GW252/13600,(3)待机状态,3,2025-11-13 10:11:40,2025-11-13 10:12:19,39,0.01
44,L09,#56,GW252/13600,(2)停机状态,2,2025-11-13 10:09:41,2025-11-13 10:11:40,119,0.03
45,L09,#56,GW252/13600,(1)停机过程,1,2025-11-13 10:09:30,2025-11-13 10:09:41,11,0
46,L09,#56,GW252/13600,(9)维护状态,9,2025-11-13 10:02:52,2025-11-13 10:09:30,398,0.11
47,L09,#56,GW252/13600,(2)停机状态,2,2025-11-13 10:00:01,2025-11-13 10:02:52,171,0.05
48,L09,#56,GW252/13600,(1)停机过程,1,2025-11-13 09:59:11,2025-11-13 10:00:01,50,0.01
49,L09,#56,GW252/13600,(5)发电状态,5,2025-11-13 09:42:16,2025-11-13 09:59:11,1015,0.28
50,L09,#56,GW252/13600,(4)启机状态,4,2025-11-13 09:41:28,2025-11-13 09:42:16,48,0.01
51,L09,#56,GW252/13600,(3)待机状态,3,2025-11-13 09:40:48,2025-11-13 09:41:28,40,0.01
52,L09,#56,GW252/13600,(2)停机状态,2,2025-11-13 09:27:15,2025-11-13 09:40:48,813,0.23
53,L09,#56,GW252/13600,(1)停机过程,1,2025-11-13 09:27:04,2025-11-13 09:27:15,11,0
54,L09,#56,GW252/13600,(9)维护状态,9,2025-11-12 09:28:36,2025-11-13 09:27:04,86308,23.97
55,L09,#56,GW252/13600,(2)停机状态,2,2025-11-12 09:19:51,2025-11-12 09:28:36,525,0.15
56,L09,#56,GW252/13600,(1)停机过程,1,2025-11-12 09:19:41,2025-11-12 09:19:51,10,0
57,L09,#56,GW252/13600,(9)维护状态,9,2025-11-11 16:39:51,2025-11-12 09:19:41,59990,16.66
58,L09,#56,GW252/13600,(2)停机状态,2,2025-11-11 16:31:12,2025-11-11 16:39:51,519,0.14
59,L09,#56,GW252/13600,(1)停机过程,1,2025-11-11 16:31:02,2025-11-11 16:31:12,10,0
60,L09,#56,GW252/13600,(9)维护状态,9,2025-11-10 20:13:22,2025-11-11 16:31:02,73060,20.29
61,L09,#56,GW252/13600,(2)停机状态,2,2025-11-10 20:07:43,2025-11-10 20:13:22,339,0.09
62,L09,#56,GW252/13600,(1)停机过程,1,2025-11-10 20:07:33,2025-11-10 20:07:43,10,0
63,L09,#56,GW252/13600,(9)维护状态,9,2025-11-10 12:01:45,2025-11-10 20:07:33,29148,8.1
64,L09,#56,GW252/13600,(2)停机状态,2,2025-11-10 11:53:47,2025-11-10 12:01:45,478,0.13
65,L09,#56,GW252/13600,(1)停机过程,1,2025-11-10 11:53:37,2025-11-10 11:53:47,10,0
66,L09,#56,GW252/13600,(9)维护状态,9,2025-10-29 20:49:30,2025-11-10 11:53:37,1004647,279.07
67,L09,#56,GW252/13600,(2)停机状态,2,2025-10-29 20:46:00,2025-10-29 20:49:30,210,0.06
68,L09,#56,GW252/13600,(1)停机过程,1,2025-10-29 20:45:50,2025-10-29 20:46:00,10,0
69,L09,#56,GW252/13600,(9)维护状态,9,2025-10-28 13:40:06,2025-10-29 20:45:50,111944,31.1
70,L09,#56,GW252/13600,(9)维护状态,9,2025-10-20 13:57:00,2025-10-28 13:40:06,690186,191.72
71,L09,#56,GW252/13600,(2)停机状态,2,2025-10-20 13:55:56,2025-10-20 13:57:00,64,0.02
72,L09,#56,GW252/13600,(1)停机过程,1,2025-10-20 13:55:33,2025-10-20 13:55:56,23,0.01
73,L09,#56,GW252/13600,(3)待机状态,3,2025-10-20 13:55:11,2025-10-20 13:55:33,22,0.01
74,L09,#56,GW252/13600,(2)停机状态,2,2025-10-20 13:54:16,2025-10-20 13:55:11,55,0.02
75,L09,#56,GW252/13600,(1)停机过程,1,2025-10-20 13:54:06,2025-10-20 13:54:16,10,0
76,L09,#56,GW252/13600,(9)维护状态,9,2025-10-20 13:53:35,2025-10-20 13:54:06,31,0.01
77,L09,#56,GW252/13600,(2)停机状态,2,2025-10-20 13:48:48,2025-10-20 13:53:35,287,0.08
78,L09,#56,GW252/13600,(1)停机过程,1,2025-10-20 13:48:27,2025-10-20 13:48:48,21,0.01
79,L09,#56,GW252/13600,(3)待机状态,3,2025-10-20 13:48:08,2025-10-20 13:48:27,19,0.01
80,L09,#56,GW252/13600,(2)停机状态,2,2025-10-20 13:47:59,2025-10-20 13:48:08,9,0
81,L09,#56,GW252/13600,(1)停机过程,1,2025-10-20 13:47:48,2025-10-20 13:47:59,11,0
82,L09,#56,GW252/13600,(9)维护状态,9,2025-10-20 13:47:28,2025-10-20 13:47:48,20,0.01
83,L09,#56,GW252/13600,(2)停机状态,2,2025-10-20 13:46:35,2025-10-20 13:47:28,53,0.01
84,L09,#56,GW252/13600,(1)停机过程,1,2025-10-20 13:46:30,2025-10-20 13:46:35,5,0
85,L09,#56,GW252/13600,(9)维护状态,9,2025-10-20 13:43:33,2025-10-20 13:46:30,177,0.05
86,L09,#56,GW252/13600,(1)停机过程,1,2025-10-20 13:42:49,2025-10-20 13:43:33,44,0.01
87,L09,#56,GW252/13600,(5)发电状态,5,2025-10-20 12:13:01,2025-10-20 13:42:49,5388,1.5
88,L09,#56,GW252/13600,(4)启机状态,4,2025-10-20 12:12:27,2025-10-20 12:13:01,34,0.01
89,L09,#56,GW252/13600,(3)待机状态,3,2025-10-20 12:11:55,2025-10-20 12:12:27,32,0.01
90,L09,#56,GW252/13600,(2)停机状态,2,2025-10-20 12:11:54,2025-10-20 12:11:55,1,0
91,L09,#56,GW252/13600,(1)停机过程,1,2025-10-20 12:11:44,2025-10-20 12:11:54,10,0
92,L09,#56,GW252/13600,(9)维护状态,9,2025-10-20 12:02:42,2025-10-20 12:11:44,542,0.15
93,L09,#56,GW252/13600,(2)停机状态,2,2025-10-20 11:44:07,2025-10-20 12:02:42,1115,0.31
94,L09,#56,GW252/13600,(1)停机过程,1,2025-10-20 11:43:57,2025-10-20 11:44:07,10,0
95,L09,#56,GW252/13600,(9)维护状态,9,2025-10-20 11:41:53,2025-10-20 11:43:57,124,0.03
96,L09,#56,GW252/13600,(2)停机状态,2,2025-10-20 11:40:27,2025-10-20 11:41:53,86,0.02
97,L09,#56,GW252/13600,(1)停机过程,1,2025-10-20 11:40:17,2025-10-20 11:40:27,10,0
98,L09,#56,GW252/13600,(9)维护状态,9,2025-10-20 11:39:38,2025-10-20 11:40:17,39,0.01
99,L09,#56,GW252/13600,(2)停机状态,2,2025-10-20 11:29:16,2025-10-20 11:39:38,622,0.17
100,L09,#56,GW252/13600,(1)停机过程,1,2025-10-20 11:29:05,2025-10-20 11:29:16,11,0
101,L09,#56,GW252/13600,(9)维护状态,9,2025-10-20 11:21:31,2025-10-20 11:29:05,454,0.13
102,L09,#56,GW252/13600,(2)停机状态,2,2025-10-20 11:16:13,2025-10-20 11:21:31,318,0.09
103,L09,#56,GW252/13600,(1)停机过程,1,2025-10-20 11:15:26,2025-10-20 11:16:13,47,0.01
104,L09,#56,GW252/13600,(5)发电状态,5,2025-10-18 00:07:36,2025-10-20 11:15:26,212870,59.13
105,L09,#56,GW252/13600,(4)启机状态,4,2025-10-18 00:06:14,2025-10-18 00:07:36,82,0.02
106,L09,#56,GW252/13600,(3)待机状态,3,2025-10-18 00:05:08,2025-10-18 00:06:14,66,0.02
107,L09,#56,GW252/13600,(2)停机状态,2,2025-10-18 00:05:06,2025-10-18 00:05:08,2,0
108,L09,#56,GW252/13600,(1)停机过程,1,2025-10-18 00:04:56,2025-10-18 00:05:06,10,0
109,L09,#56,GW252/13600,(9)维护状态,9,2025-10-17 21:12:37,2025-10-18 00:04:56,10339,2.87
110,L09,#56,GW252/13600,(2)停机状态,2,2025-10-13 08:12:28,2025-10-17 21:12:37,392409,109
111,L09,#56,GW252/13600,(1)停机过程,1,2025-10-13 08:12:18,2025-10-13 08:12:28,10,0
112,L09,#56,GW252/13600,(9)维护状态,9,2025-10-12 15:42:32,2025-10-13 08:12:18,59386,16.5
113,L09,#56,GW252/13600,(2)停机状态,2,2025-10-06 15:02:40,2025-10-12 15:42:32,520792,144.66
114,L09,#56,GW252/13600,(1)停机过程,1,2025-10-06 15:02:29,2025-10-06 15:02:40,11,0
115,L09,#56,GW252/13600,(9)维护状态,9,2025-10-06 14:58:08,2025-10-06 15:02:29,261,0.07
116,L09,#56,GW252/13600,(2)停机状态,2,2025-10-05 03:24:10,2025-10-06 14:58:08,128038,35.57
117,L09,#56,GW252/13600,(1)停机过程,1,2025-10-05 03:23:27,2025-10-05 03:24:10,43,0.01
118,L09,#56,GW252/13600,(5)发电状态,5,2025-10-05 01:57:37,2025-10-05 03:23:27,5150,1.43
119,L09,#56,GW252/13600,(4)启机状态,4,2025-10-05 01:57:00,2025-10-05 01:57:37,37,0.01
120,L09,#56,GW252/13600,(3)待机状态,3,2025-10-05 01:56:31,2025-10-05 01:57:00,29,0.01
121,L09,#56,GW252/13600,(2)停机状态,2,2025-10-05 01:49:10,2025-10-05 01:56:31,441,0.12
122,L09,#56,GW252/13600,(1)停机过程,1,2025-10-05 01:48:23,2025-10-05 01:49:10,47,0.01
123,L09,#56,GW252/13600,(5)发电状态,5,2025-10-04 18:18:58,2025-10-05 01:48:23,26965,7.49
124,L09,#56,GW252/13600,(4)启机状态,4,2025-10-04 18:18:24,2025-10-04 18:18:58,34,0.01
125,L09,#56,GW252/13600,(3)待机状态,3,2025-10-04 18:04:58,2025-10-04 18:18:24,806,0.22
126,L09,#56,GW252/13600,(2)停机状态,2,2025-10-04 18:04:57,2025-10-04 18:04:58,1,0
127,L09,#56,GW252/13600,(1)停机过程,1,2025-10-04 18:04:02,2025-10-04 18:04:57,55,0.02
128,L09,#56,GW252/13600,(5)发电状态,5,2025-10-04 17:40:30,2025-10-04 18:04:02,1412,0.39
129,L09,#56,GW252/13600,(4)启机状态,4,2025-10-04 17:37:38,2025-10-04 17:40:30,172,0.05
130,L09,#56,GW252/13600,(3)待机状态,3,2025-10-04 17:10:08,2025-10-04 17:37:38,1650,0.46
131,L09,#56,GW252/13600,(2)停机状态,2,2025-10-04 17:07:20,2025-10-04 17:10:08,168,0.05
132,L09,#56,GW252/13600,(1)停机过程,1,2025-10-04 17:06:25,2025-10-04 17:07:20,55,0.02
133,L09,#56,GW252/13600,(4)启机状态,4,2025-10-04 17:01:25,2025-10-04 17:06:25,300,0.08
134,L09,#56,GW252/13600,(3)待机状态,3,2025-10-04 13:56:34,2025-10-04 17:01:25,11091,3.08
135,L09,#56,GW252/13600,(2)停机状态,2,2025-10-04 13:50:57,2025-10-04 13:56:34,337,0.09
136,L09,#56,GW252/13600,(1)停机过程,1,2025-10-04 13:50:02,2025-10-04 13:50:57,55,0.02
137,L09,#56,GW252/13600,(5)发电状态,5,2025-10-04 09:51:35,2025-10-04 13:50:02,14307,3.97
138,L09,#56,GW252/13600,(4)启机状态,4,2025-10-04 09:50:24,2025-10-04 09:51:35,71,0.02
139,L09,#56,GW252/13600,(3)待机状态,3,2025-10-04 09:49:32,2025-10-04 09:50:24,52,0.01
140,L09,#56,GW252/13600,(2)停机状态,2,2025-10-04 08:41:09,2025-10-04 09:49:32,4103,1.14
141,L09,#56,GW252/13600,(1)停机过程,1,2025-10-04 08:40:59,2025-10-04 08:41:09,10,0
142,L09,#56,GW252/13600,(9)维护状态,9,2025-10-04 08:07:40,2025-10-04 08:40:59,1999,0.56
143,L09,#56,GW252/13600,(2)停机状态,2,2025-10-04 08:07:34,2025-10-04 08:07:40,6,0
144,L09,#56,GW252/13600,(1)停机过程,1,2025-10-04 08:06:40,2025-10-04 08:07:34,54,0.02
145,L09,#56,GW252/13600,(5)发电状态,5,2025-10-04 07:49:32,2025-10-04 08:06:40,1028,0.29
146,L09,#56,GW252/13600,(4)启机状态,4,2025-10-04 07:47:31,2025-10-04 07:49:32,121,0.03
147,L09,#56,GW252/13600,(3)待机状态,3,2025-10-04 02:23:48,2025-10-04 07:47:31,19423,5.4
148,L09,#56,GW252/13600,(2)停机状态,2,2025-10-04 01:47:07,2025-10-04 02:23:48,2201,0.61
149,L09,#56,GW252/13600,(1)停机过程,1,2025-10-04 01:46:13,2025-10-04 01:47:07,54,0.02
150,L09,#56,GW252/13600,(5)发电状态,5,2025-10-02 22:45:09,2025-10-04 01:46:13,97264,27.02
151,L09,#56,GW252/13600,(4)启机状态,4,2025-10-02 22:44:10,2025-10-02 22:45:09,59,0.02
152,L09,#56,GW252/13600,(3)待机状态,3,2025-10-02 22:43:26,2025-10-02 22:44:10,44,0.01
153,L09,#56,GW252/13600,(2)停机状态,2,2025-10-02 22:35:57,2025-10-02 22:43:26,449,0.12
154,L09,#56,GW252/13600,(1)停机过程,1,2025-10-02 22:35:48,2025-10-02 22:35:57,9,0
155,L09,#56,GW252/13600,(9)维护状态,9,2025-10-02 20:06:32,2025-10-02 22:35:48,8956,2.49
156,L09,#56,GW252/13600,(2)停机状态,2,2025-10-02 20:05:25,2025-10-02 20:06:32,67,0.02
157,L09,#56,GW252/13600,(1)停机过程,1,2025-10-02 20:04:32,2025-10-02 20:05:25,53,0.01
158,L09,#56,GW252/13600,(5)发电状态,5,2025-10-02 19:32:31,2025-10-02 20:04:32,1921,0.53
159,L09,#56,GW252/13600,(4)启机状态,4,2025-10-02 19:31:38,2025-10-02 19:32:31,53,0.01
160,L09,#56,GW252/13600,(3)待机状态,3,2025-10-02 19:30:54,2025-10-02 19:31:38,44,0.01
161,L09,#56,GW252/13600,(2)停机状态,2,2025-10-02 19:26:55,2025-10-02 19:30:54,239,0.07
162,L09,#56,GW252/13600,(1)停机过程,1,2025-10-02 19:26:44,2025-10-02 19:26:55,11,0
163,L09,#56,GW252/13600,(9)维护状态,9,2025-10-02 19:24:07,2025-10-02 19:26:44,157,0.04
164,L09,#56,GW252/13600,(2)停机状态,2,2025-10-02 19:20:07,2025-10-02 19:24:07,240,0.07
165,L09,#56,GW252/13600,(1)停机过程,1,2025-10-02 19:19:56,2025-10-02 19:20:07,11,0
166,L09,#56,GW252/13600,(9)维护状态,9,2025-10-02 19:19:55,2025-10-02 19:19:56,1,0
167,L09,#56,GW252/13600,(2)停机状态,2,2025-10-02 16:07:33,2025-10-02 19:19:55,11542,3.21
168,L09,#56,GW252/13600,(1)停机过程,1,2025-10-02 16:06:38,2025-10-02 16:07:33,55,0.02
169,L09,#56,GW252/13600,(5)发电状态,5,2025-10-02 11:52:40,2025-10-02 16:06:38,15238,4.23
170,L09,#56,GW252/13600,(4)启机状态,4,2025-10-02 11:51:32,2025-10-02 11:52:40,68,0.02
171,L09,#56,GW252/13600,(3)待机状态,3,2025-10-02 11:50:34,2025-10-02 11:51:32,58,0.02
172,L09,#56,GW252/13600,(2)停机状态,2,2025-10-02 11:17:30,2025-10-02 11:50:34,1984,0.55
173,L09,#56,GW252/13600,(1)停机过程,1,2025-10-02 11:16:35,2025-10-02 11:17:30,55,0.02
174,L09,#56,GW252/13600,(5)发电状态,5,2025-10-02 09:00:24,2025-10-02 11:16:35,8171,2.27
175,L09,#56,GW252/13600,(4)启机状态,4,2025-10-02 08:58:59,2025-10-02 09:00:24,85,0.02
176,L09,#56,GW252/13600,(3)待机状态,3,2025-10-02 08:58:02,2025-10-02 08:58:59,57,0.02
177,L09,#56,GW252/13600,(2)停机状态,2,2025-10-02 08:47:21,2025-10-02 08:58:02,641,0.18
178,L09,#56,GW252/13600,(1)停机过程,1,2025-10-02 08:46:27,2025-10-02 08:47:21,54,0.02
179,L09,#56,GW252/13600,(5)发电状态,5,2025-10-02 02:37:38,2025-10-02 08:46:27,22129,6.15
180,L09,#56,GW252/13600,(4)启机状态,4,2025-10-02 02:35:34,2025-10-02 02:37:38,124,0.03
181,L09,#56,GW252/13600,(3)待机状态,3,2025-10-02 02:30:45,2025-10-02 02:35:34,289,0.08
182,L09,#56,GW252/13600,(2)停机状态,2,2025-10-02 02:28:51,2025-10-02 02:30:45,114,0.03
183,L09,#56,GW252/13600,(1)停机过程,1,2025-10-02 02:27:56,2025-10-02 02:28:51,55,0.02
184,L09,#56,GW252/13600,(5)发电状态,5,2025-10-02 02:14:00,2025-10-02 02:27:56,836,0.23
185,L09,#56,GW252/13600,(4)启机状态,4,2025-10-02 02:12:21,2025-10-02 02:14:00,99,0.03
186,L09,#56,GW252/13600,(3)待机状态,3,2025-10-02 02:01:32,2025-10-02 02:12:21,649,0.18
187,L09,#56,GW252/13600,(2)停机状态,2,2025-10-02 01:59:22,2025-10-02 02:01:32,130,0.04
188,L09,#56,GW252/13600,(1)停机过程,1,2025-10-02 01:58:27,2025-10-02 01:59:22,55,0.02
189,L09,#56,GW252/13600,(5)发电状态,5,2025-10-01 18:22:27,2025-10-02 01:58:27,27360,7.6
190,L09,#56,GW252/13600,(4)启机状态,4,2025-10-01 18:20:25,2025-10-01 18:22:27,122,0.03
191,L09,#56,GW252/13600,(3)待机状态,3,2025-09-30 12:41:49,2025-10-01 18:20:25,106716,29.64
192,L09,#56,GW252/13600,(2)停机状态,2,2025-09-30 12:05:13,2025-09-30 12:41:49,2196,0.61
193,L09,#56,GW252/13600,(1)停机过程,1,2025-09-30 12:04:15,2025-09-30 12:05:13,58,0.02
194,L09,#56,GW252/13600,(5)发电状态,5,2025-09-25 18:59:13,2025-09-30 12:04:15,407102,113.08
195,L09,#56,GW252/13600,(4)启机状态,4,2025-09-25 18:58:40,2025-09-25 18:59:13,33,0.01
196,L09,#56,GW252/13600,(3)待机状态,3,2025-09-25 18:57:17,2025-09-25 18:58:40,83,0.02
197,L09,#56,GW252/13600,(2)停机状态,2,2025-09-25 18:57:10,2025-09-25 18:57:17,7,0
198,L09,#56,GW252/13600,(1)停机过程,1,2025-09-25 18:57:00,2025-09-25 18:57:10,10,0
199,L09,#56,GW252/13600,(9)维护状态,9,2025-09-25 16:00:59,2025-09-25 18:57:00,10561,2.93
200,L09,#56,GW252/13600,(2)停机状态,2,2025-09-25 15:53:21,2025-09-25 16:00:59,458,0.13
201,L09,#56,GW252/13600,(0)初始化,0,2025-09-25 15:52:09,2025-09-25 15:53:21,72,0.02
202,L09,#56,GW252/13600,(9)维护状态,9,2025-09-25 15:44:43,2025-09-25 15:52:09,446,0.12
203,L09,#56,GW252/13600,(2)停机状态,2,2025-09-23 16:56:22,2025-09-25 15:44:43,168501,46.81
204,L09,#56,GW252/13600,(1)停机过程,1,2025-09-23 16:55:29,2025-09-23 16:56:22,53,0.01
205,L09,#56,GW252/13600,(5)发电状态,5,2025-09-22 22:55:15,2025-09-23 16:55:29,64814,18
206,L09,#56,GW252/13600,(4)启机状态,4,2025-09-22 22:53:21,2025-09-22 22:55:15,114,0.03
207,L09,#56,GW252/13600,(3)待机状态,3,2025-09-22 16:39:05,2025-09-22 22:53:21,22456,6.24
208,L09,#56,GW252/13600,(2)停机状态,2,2025-09-22 16:37:40,2025-09-22 16:39:05,85,0.02
209,L09,#56,GW252/13600,(1)停机过程,1,2025-09-22 16:36:44,2025-09-22 16:37:40,56,0.02
210,L09,#56,GW252/13600,(5)发电状态,5,2025-09-22 11:27:08,2025-09-22 16:36:44,18576,5.16
211,L09,#56,GW252/13600,(4)启机状态,4,2025-09-22 11:26:28,2025-09-22 11:27:08,40,0.01
212,L09,#56,GW252/13600,(3)待机状态,3,2025-09-22 11:24:45,2025-09-22 11:26:28,103,0.03
213,L09,#56,GW252/13600,(2)停机状态,2,2025-09-22 11:24:43,2025-09-22 11:24:45,2,0
214,L09,#56,GW252/13600,(1)停机过程,1,2025-09-22 11:23:53,2025-09-22 11:24:43,50,0.01
215,L09,#56,GW252/13600,(5)发电状态,5,2025-09-21 15:24:23,2025-09-22 11:23:53,71970,19.99
216,L09,#56,GW252/13600,(4)启机状态,4,2025-09-21 15:22:25,2025-09-21 15:24:23,118,0.03
217,L09,#56,GW252/13600,(3)待机状态,3,2025-09-21 09:53:11,2025-09-21 15:22:25,19754,5.49
218,L09,#56,GW252/13600,(2)停机状态,2,2025-09-21 09:47:33,2025-09-21 09:53:11,338,0.09
219,L09,#56,GW252/13600,(1)停机过程,1,2025-09-21 09:46:38,2025-09-21 09:47:33,55,0.02
220,L09,#56,GW252/13600,(5)发电状态,5,2025-09-21 09:41:46,2025-09-21 09:46:38,292,0.08
221,L09,#56,GW252/13600,(4)启机状态,4,2025-09-21 09:37:48,2025-09-21 09:41:46,238,0.07
222,L09,#56,GW252/13600,(3)待机状态,3,2025-09-21 09:30:06,2025-09-21 09:37:48,462,0.13
223,L09,#56,GW252/13600,(2)停机状态,2,2025-09-21 09:26:17,2025-09-21 09:30:06,229,0.06
224,L09,#56,GW252/13600,(1)停机过程,1,2025-09-21 09:25:23,2025-09-21 09:26:17,54,0.02
225,L09,#56,GW252/13600,(5)发电状态,5,2025-09-21 09:03:24,2025-09-21 09:25:23,1319,0.37
226,L09,#56,GW252/13600,(4)启机状态,4,2025-09-21 09:02:06,2025-09-21 09:03:24,78,0.02
227,L09,#56,GW252/13600,(3)待机状态,3,2025-09-21 08:59:43,2025-09-21 09:02:06,143,0.04
228,L09,#56,GW252/13600,(2)停机状态,2,2025-09-21 08:59:41,2025-09-21 08:59:43,2,0
229,L09,#56,GW252/13600,(1)停机过程,1,2025-09-21 08:59:11,2025-09-21 08:59:41,30,0.01
230,L09,#56,GW252/13600,(3)待机状态,3,2025-09-21 08:57:43,2025-09-21 08:59:11,88,0.02
231,L09,#56,GW252/13600,(2)停机状态,2,2025-09-21 08:57:39,2025-09-21 08:57:43,4,0
232,L09,#56,GW252/13600,(1)停机过程,1,2025-09-21 08:57:09,2025-09-21 08:57:39,30,0.01
233,L09,#56,GW252/13600,(3)待机状态,3,2025-09-21 08:56:48,2025-09-21 08:57:09,21,0.01
234,L09,#56,GW252/13600,(2)停机状态,2,2025-09-21 08:56:47,2025-09-21 08:56:48,1,0
235,L09,#56,GW252/13600,(1)停机过程,1,2025-09-21 08:56:16,2025-09-21 08:56:47,31,0.01
236,L09,#56,GW252/13600,(3)待机状态,3,2025-09-21 08:55:54,2025-09-21 08:56:16,22,0.01
237,L09,#56,GW252/13600,(2)停机状态,2,2025-09-21 08:55:52,2025-09-21 08:55:54,2,0
238,L09,#56,GW252/13600,(1)停机过程,1,2025-09-21 08:55:23,2025-09-21 08:55:52,29,0.01
239,L09,#56,GW252/13600,(3)待机状态,3,2025-09-21 08:55:01,2025-09-21 08:55:23,22,0.01
240,L09,#56,GW252/13600,(2)停机状态,2,2025-09-21 08:54:59,2025-09-21 08:55:01,2,0
241,L09,#56,GW252/13600,(1)停机过程,1,2025-09-21 08:54:29,2025-09-21 08:54:59,30,0.01
242,L09,#56,GW252/13600,(3)待机状态,3,2025-09-21 08:54:07,2025-09-21 08:54:29,22,0.01
243,L09,#56,GW252/13600,(2)停机状态,2,2025-09-21 08:54:05,2025-09-21 08:54:07,2,0
244,L09,#56,GW252/13600,(1)停机过程,1,2025-09-21 08:53:36,2025-09-21 08:54:05,29,0.01
245,L09,#56,GW252/13600,(3)待机状态,3,2025-09-21 08:53:14,2025-09-21 08:53:36,22,0.01
246,L09,#56,GW252/13600,(2)停机状态,2,2025-09-21 08:53:12,2025-09-21 08:53:14,2,0
247,L09,#56,GW252/13600,(1)停机过程,1,2025-09-21 08:52:42,2025-09-21 08:53:12,30,0.01
248,L09,#56,GW252/13600,(3)待机状态,3,2025-09-21 08:52:20,2025-09-21 08:52:42,22,0.01
249,L09,#56,GW252/13600,(2)停机状态,2,2025-09-21 08:52:19,2025-09-21 08:52:20,1,0
250,L09,#56,GW252/13600,(1)停机过程,1,2025-09-21 08:51:49,2025-09-21 08:52:19,30,0.01
251,L09,#56,GW252/13600,(3)待机状态,3,2025-09-21 08:51:27,2025-09-21 08:51:49,22,0.01
252,L09,#56,GW252/13600,(2)停机状态,2,2025-09-21 08:51:25,2025-09-21 08:51:27,2,0
253,L09,#56,GW252/13600,(1)停机过程,1,2025-09-21 08:50:54,2025-09-21 08:51:25,31,0.01
254,L09,#56,GW252/13600,(3)待机状态,3,2025-09-21 08:33:09,2025-09-21 08:50:54,1065,0.3
255,L09,#56,GW252/13600,(2)停机状态,2,2025-09-21 08:32:18,2025-09-21 08:33:09,51,0.01
256,L09,#56,GW252/13600,(1)停机过程,1,2025-09-21 08:31:24,2025-09-21 08:32:18,54,0.02
257,L09,#56,GW252/13600,(5)发电状态,5,2025-09-21 05:22:48,2025-09-21 08:31:24,11316,3.14
258,L09,#56,GW252/13600,(4)启机状态,4,2025-09-21 05:18:18,2025-09-21 05:22:48,270,0.08
259,L09,#56,GW252/13600,(3)待机状态,3,2025-09-21 03:40:51,2025-09-21 05:18:18,5847,1.62
260,L09,#56,GW252/13600,(2)停机状态,2,2025-09-21 03:37:22,2025-09-21 03:40:51,209,0.06
261,L09,#56,GW252/13600,(1)停机过程,1,2025-09-21 03:36:27,2025-09-21 03:37:22,55,0.02
262,L09,#56,GW252/13600,(5)发电状态,5,2025-09-21 02:23:47,2025-09-21 03:36:27,4360,1.21
263,L09,#56,GW252/13600,(4)启机状态,4,2025-09-21 02:22:02,2025-09-21 02:23:47,105,0.03
264,L09,#56,GW252/13600,(3)待机状态,3,2025-09-21 01:32:32,2025-09-21 02:22:02,2970,0.83
265,L09,#56,GW252/13600,(2)停机状态,2,2025-09-21 01:30:02,2025-09-21 01:32:32,150,0.04
266,L09,#56,GW252/13600,(1)停机过程,1,2025-09-21 01:29:06,2025-09-21 01:30:02,56,0.02
267,L09,#56,GW252/13600,(5)发电状态,5,2025-09-21 00:46:11,2025-09-21 01:29:06,2575,0.72
268,L09,#56,GW252/13600,(4)启机状态,4,2025-09-21 00:45:15,2025-09-21 00:46:11,56,0.02
269,L09,#56,GW252/13600,(3)待机状态,3,2025-09-20 22:45:57,2025-09-21 00:45:15,7158,1.99
270,L09,#56,GW252/13600,(2)停机状态,2,2025-09-20 22:40:58,2025-09-20 22:45:57,299,0.08
271,L09,#56,GW252/13600,(1)停机过程,1,2025-09-20 22:40:02,2025-09-20 22:40:58,56,0.02
272,L09,#56,GW252/13600,(5)发电状态,5,2025-09-20 21:18:17,2025-09-20 22:40:02,4905,1.36
273,L09,#56,GW252/13600,(4)启机状态,4,2025-09-20 21:16:39,2025-09-20 21:18:17,98,0.03
274,L09,#56,GW252/13600,(3)待机状态,3,2025-09-20 20:13:48,2025-09-20 21:16:39,3771,1.05
275,L09,#56,GW252/13600,(2)停机状态,2,2025-09-20 20:08:12,2025-09-20 20:13:48,336,0.09
276,L09,#56,GW252/13600,(1)停机过程,1,2025-09-20 20:07:16,2025-09-20 20:08:12,56,0.02
277,L09,#56,GW252/13600,(5)发电状态,5,2025-09-20 19:32:25,2025-09-20 20:07:16,2091,0.58
278,L09,#56,GW252/13600,(4)启机状态,4,2025-09-20 19:31:13,2025-09-20 19:32:25,72,0.02
279,L09,#56,GW252/13600,(3)待机状态,3,2025-09-20 19:27:22,2025-09-20 19:31:13,231,0.06
280,L09,#56,GW252/13600,(2)停机状态,2,2025-09-20 19:27:21,2025-09-20 19:27:22,1,0
281,L09,#56,GW252/13600,(1)停机过程,1,2025-09-20 19:26:51,2025-09-20 19:27:21,30,0.01
282,L09,#56,GW252/13600,(3)待机状态,3,2025-09-20 19:26:30,2025-09-20 19:26:51,21,0.01
283,L09,#56,GW252/13600,(2)停机状态,2,2025-09-20 19:26:28,2025-09-20 19:26:30,2,0
284,L09,#56,GW252/13600,(1)停机过程,1,2025-09-20 19:25:57,2025-09-20 19:26:28,31,0.01
285,L09,#56,GW252/13600,(3)待机状态,3,2025-09-20 19:25:35,2025-09-20 19:25:57,22,0.01
286,L09,#56,GW252/13600,(2)停机状态,2,2025-09-20 19:25:33,2025-09-20 19:25:35,2,0
287,L09,#56,GW252/13600,(1)停机过程,1,2025-09-20 19:25:05,2025-09-20 19:25:33,28,0.01
288,L09,#56,GW252/13600,(3)待机状态,3,2025-09-20 19:24:42,2025-09-20 19:25:05,23,0.01
289,L09,#56,GW252/13600,(2)停机状态,2,2025-09-20 19:24:41,2025-09-20 19:24:42,1,0
290,L09,#56,GW252/13600,(1)停机过程,1,2025-09-20 19:24:12,2025-09-20 19:24:41,29,0.01
291,L09,#56,GW252/13600,(3)待机状态,3,2025-09-20 19:23:50,2025-09-20 19:24:12,22,0.01
292,L09,#56,GW252/13600,(2)停机状态,2,2025-09-20 19:23:48,2025-09-20 19:23:50,2,0
293,L09,#56,GW252/13600,(1)停机过程,1,2025-09-20 19:23:18,2025-09-20 19:23:48,30,0.01
294,L09,#56,GW252/13600,(3)待机状态,3,2025-09-20 19:22:56,2025-09-20 19:23:18,22,0.01
295,L09,#56,GW252/13600,(2)停机状态,2,2025-09-20 19:22:55,2025-09-20 19:22:56,1,0
296,L09,#56,GW252/13600,(1)停机过程,1,2025-09-20 19:22:24,2025-09-20 19:22:55,31,0.01
297,L09,#56,GW252/13600,(3)待机状态,3,2025-09-20 19:22:02,2025-09-20 19:22:24,22,0.01
298,L09,#56,GW252/13600,(2)停机状态,2,2025-09-20 19:22:00,2025-09-20 19:22:02,2,0
299,L09,#56,GW252/13600,(1)停机过程,1,2025-09-20 19:21:31,2025-09-20 19:22:00,29,0.01
300,L09,#56,GW252/13600,(3)待机状态,3,2025-09-20 19:21:08,2025-09-20 19:21:31,23,0.01
301,L09,#56,GW252/13600,(2)停机状态,2,2025-09-20 19:21:06,2025-09-20 19:21:08,2,0
302,L09,#56,GW252/13600,(1)停机过程,1,2025-09-20 19:20:37,2025-09-20 19:21:06,29,0.01
303,L09,#56,GW252/13600,(3)待机状态,3,2025-09-20 19:20:16,2025-09-20 19:20:37,21,0.01
304,L09,#56,GW252/13600,(2)停机状态,2,2025-09-20 19:20:14,2025-09-20 19:20:16,2,0
305,L09,#56,GW252/13600,(1)停机过程,1,2025-09-20 19:19:43,2025-09-20 19:20:14,31,0.01
306,L09,#56,GW252/13600,(3)待机状态,3,2025-09-20 19:19:22,2025-09-20 19:19:43,21,0.01
307,L09,#56,GW252/13600,(2)停机状态,2,2025-09-20 19:19:21,2025-09-20 19:19:22,1,0
308,L09,#56,GW252/13600,(1)停机过程,1,2025-09-20 19:18:50,2025-09-20 19:19:21,31,0.01
309,L09,#56,GW252/13600,(3)待机状态,3,2025-09-20 19:18:28,2025-09-20 19:18:50,22,0.01
310,L09,#56,GW252/13600,(1)停机过程,1,2025-09-20 19:17:59,2025-09-20 19:18:28,29,0.01
311,L09,#56,GW252/13600,(3)待机状态,3,2025-09-20 19:17:36,2025-09-20 19:17:59,23,0.01
312,L09,#56,GW252/13600,(2)停机状态,2,2025-09-20 19:17:34,2025-09-20 19:17:36,2,0
313,L09,#56,GW252/13600,(1)停机过程,1,2025-09-20 19:17:04,2025-09-20 19:17:34,30,0.01
314,L09,#56,GW252/13600,(3)待机状态,3,2025-09-20 19:16:43,2025-09-20 19:17:04,21,0.01
315,L09,#56,GW252/13600,(2)停机状态,2,2025-09-20 19:16:40,2025-09-20 19:16:43,3,0
316,L09,#56,GW252/13600,(1)停机过程,1,2025-09-20 19:16:07,2025-09-20 19:16:40,33,0.01
317,L09,#56,GW252/13600,(3)待机状态,3,2025-09-20 18:54:48,2025-09-20 19:16:07,1279,0.36
318,L09,#56,GW252/13600,(2)停机状态,2,2025-09-20 18:52:45,2025-09-20 18:54:48,123,0.03
319,L09,#56,GW252/13600,(1)停机过程,1,2025-09-20 18:51:49,2025-09-20 18:52:45,56,0.02
320,L09,#56,GW252/13600,(5)发电状态,5,2025-09-19 23:56:13,2025-09-20 18:51:49,68136,18.93
321,L09,#56,GW252/13600,(4)启机状态,4,2025-09-19 23:54:16,2025-09-19 23:56:13,117,0.03
322,L09,#56,GW252/13600,(3)待机状态,3,2025-09-19 22:53:43,2025-09-19 23:54:16,3633,1.01
323,L09,#56,GW252/13600,(2)停机状态,2,2025-09-19 22:53:37,2025-09-19 22:53:43,6,0
324,L09,#56,GW252/13600,(1)停机过程,1,2025-09-19 22:52:42,2025-09-19 22:53:37,55,0.02
325,L09,#56,GW252/13600,(5)发电状态,5,2025-09-19 21:45:47,2025-09-19 22:52:42,4015,1.12
326,L09,#56,GW252/13600,(4)启机状态,4,2025-09-19 21:43:45,2025-09-19 21:45:47,122,0.03
327,L09,#56,GW252/13600,(3)待机状态,3,2025-09-19 19:34:42,2025-09-19 21:43:45,7743,2.15
328,L09,#56,GW252/13600,(2)停机状态,2,2025-09-19 19:34:38,2025-09-19 19:34:42,4,0
329,L09,#56,GW252/13600,(1)停机过程,1,2025-09-19 19:33:42,2025-09-19 19:34:38,56,0.02
330,L09,#56,GW252/13600,(5)发电状态,5,2025-09-19 18:59:20,2025-09-19 19:33:42,2062,0.57
331,L09,#56,GW252/13600,(4)启机状态,4,2025-09-19 18:57:26,2025-09-19 18:59:20,114,0.03
332,L09,#56,GW252/13600,(3)待机状态,3,2025-09-19 17:53:06,2025-09-19 18:57:26,3860,1.07
333,L09,#56,GW252/13600,(2)停机状态,2,2025-09-19 17:51:55,2025-09-19 17:53:06,71,0.02
334,L09,#56,GW252/13600,(1)停机过程,1,2025-09-19 17:50:59,2025-09-19 17:51:55,56,0.02
335,L09,#56,GW252/13600,(5)发电状态,5,2025-09-19 17:34:08,2025-09-19 17:50:59,1011,0.28
336,L09,#56,GW252/13600,(4)启机状态,4,2025-09-19 17:31:55,2025-09-19 17:34:08,133,0.04
337,L09,#56,GW252/13600,(3)待机状态,3,2025-09-19 16:58:16,2025-09-19 17:31:55,2019,0.56
338,L09,#56,GW252/13600,(1)停机过程,1,2025-09-19 16:57:21,2025-09-19 16:58:16,55,0.02
339,L09,#56,GW252/13600,(5)发电状态,5,2025-09-19 16:21:53,2025-09-19 16:57:21,2128,0.59
340,L09,#56,GW252/13600,(4)启机状态,4,2025-09-19 16:19:44,2025-09-19 16:21:53,129,0.04
341,L09,#56,GW252/13600,(3)待机状态,3,2025-09-19 09:50:44,2025-09-19 16:19:44,23340,6.48
342,L09,#56,GW252/13600,(2)停机状态,2,2025-09-19 09:46:03,2025-09-19 09:50:44,281,0.08
343,L09,#56,GW252/13600,(1)停机过程,1,2025-09-19 09:45:08,2025-09-19 09:46:03,55,0.02
344,L09,#56,GW252/13600,(5)发电状态,5,2025-09-19 09:24:21,2025-09-19 09:45:08,1247,0.35
345,L09,#56,GW252/13600,(4)启机状态,4,2025-09-19 09:22:32,2025-09-19 09:24:21,109,0.03
346,L09,#56,GW252/13600,(3)待机状态,3,2025-09-19 09:07:52,2025-09-19 09:22:32,880,0.24
347,L09,#56,GW252/13600,(2)停机状态,2,2025-09-19 09:05:42,2025-09-19 09:07:52,130,0.04
348,L09,#56,GW252/13600,(1)停机过程,1,2025-09-19 09:04:46,2025-09-19 09:05:42,56,0.02
349,L09,#56,GW252/13600,(5)发电状态,5,2025-09-19 07:19:54,2025-09-19 09:04:46,6292,1.75
350,L09,#56,GW252/13600,(4)启机状态,4,2025-09-19 07:17:39,2025-09-19 07:19:54,135,0.04
351,L09,#56,GW252/13600,(3)待机状态,3,2025-09-19 06:21:02,2025-09-19 07:17:39,3397,0.94
352,L09,#56,GW252/13600,(2)停机状态,2,2025-09-19 05:44:22,2025-09-19 06:21:02,2200,0.61
353,L09,#56,GW252/13600,(1)停机过程,1,2025-09-19 05:43:27,2025-09-19 05:44:22,55,0.02
354,L09,#56,GW252/13600,(5)发电状态,5,2025-09-16 21:46:15,2025-09-19 05:43:27,201432,55.95
355,L09,#56,GW252/13600,(4)启机状态,4,2025-09-16 21:44:11,2025-09-16 21:46:15,124,0.03
356,L09,#56,GW252/13600,(3)待机状态,3,2025-09-16 21:36:11,2025-09-16 21:44:11,480,0.13
357,L09,#56,GW252/13600,(2)停机状态,2,2025-09-16 21:30:33,2025-09-16 21:36:11,338,0.09
358,L09,#56,GW252/13600,(1)停机过程,1,2025-09-16 21:29:38,2025-09-16 21:30:33,55,0.02
359,L09,#56,GW252/13600,(5)发电状态,5,2025-09-16 20:01:35,2025-09-16 21:29:38,5283,1.47
360,L09,#56,GW252/13600,(4)启机状态,4,2025-09-16 19:59:12,2025-09-16 20:01:35,143,0.04
361,L09,#56,GW252/13600,(3)待机状态,3,2025-09-16 19:55:00,2025-09-16 19:59:12,252,0.07
362,L09,#56,GW252/13600,(1)停机过程,1,2025-09-16 19:54:05,2025-09-16 19:55:00,55,0.02
363,L09,#56,GW252/13600,(5)发电状态,5,2025-09-16 18:00:55,2025-09-16 19:54:05,6790,1.89
364,L09,#56,GW252/13600,(4)启机状态,4,2025-09-16 17:57:59,2025-09-16 18:00:55,176,0.05
365,L09,#56,GW252/13600,(3)待机状态,3,2025-09-16 17:31:51,2025-09-16 17:57:59,1568,0.44
366,L09,#56,GW252/13600,(2)停机状态,2,2025-09-16 17:30:18,2025-09-16 17:31:51,93,0.03
367,L09,#56,GW252/13600,(1)停机过程,1,2025-09-16 17:29:24,2025-09-16 17:30:18,54,0.02
368,L09,#56,GW252/13600,(5)发电状态,5,2025-09-16 17:05:45,2025-09-16 17:29:24,1419,0.39
369,L09,#56,GW252/13600,(4)启机状态,4,2025-09-16 17:04:02,2025-09-16 17:05:45,103,0.03
370,L09,#56,GW252/13600,(3)待机状态,3,2025-09-16 16:59:51,2025-09-16 17:04:02,251,0.07
371,L09,#56,GW252/13600,(2)停机状态,2,2025-09-16 16:56:50,2025-09-16 16:59:51,181,0.05
372,L09,#56,GW252/13600,(1)停机过程,1,2025-09-16 16:55:55,2025-09-16 16:56:50,55,0.02
373,L09,#56,GW252/13600,(5)发电状态,5,2025-09-16 16:47:11,2025-09-16 16:55:55,524,0.15
374,L09,#56,GW252/13600,(4)启机状态,4,2025-09-16 16:44:35,2025-09-16 16:47:11,156,0.04
375,L09,#56,GW252/13600,(3)待机状态,3,2025-09-16 16:08:23,2025-09-16 16:44:35,2172,0.6
376,L09,#56,GW252/13600,(2)停机状态,2,2025-09-16 16:07:05,2025-09-16 16:08:23,78,0.02
377,L09,#56,GW252/13600,(1)停机过程,1,2025-09-16 16:06:10,2025-09-16 16:07:05,55,0.02
378,L09,#56,GW252/13600,(5)发电状态,5,2025-09-16 15:15:30,2025-09-16 16:06:10,3040,0.84
379,L09,#56,GW252/13600,(4)启机状态,4,2025-09-16 15:14:33,2025-09-16 15:15:30,57,0.02
380,L09,#56,GW252/13600,(3)待机状态,3,2025-09-16 15:11:51,2025-09-16 15:14:33,162,0.05
381,L09,#56,GW252/13600,(2)停机状态,2,2025-09-16 15:11:50,2025-09-16 15:11:51,1,0
382,L09,#56,GW252/13600,(1)停机过程,1,2025-09-16 15:10:56,2025-09-16 15:11:50,54,0.02
383,L09,#56,GW252/13600,(5)发电状态,5,2025-09-16 15:05:56,2025-09-16 15:10:56,300,0.08
384,L09,#56,GW252/13600,(4)启机状态,4,2025-09-16 15:03:29,2025-09-16 15:05:56,147,0.04
385,L09,#56,GW252/13600,(3)待机状态,3,2025-09-16 14:59:09,2025-09-16 15:03:29,260,0.07
386,L09,#56,GW252/13600,(2)停机状态,2,2025-09-16 14:53:33,2025-09-16 14:59:09,336,0.09
387,L09,#56,GW252/13600,(1)停机过程,1,2025-09-16 14:52:39,2025-09-16 14:53:33,54,0.02
388,L09,#56,GW252/13600,(5)发电状态,5,2025-09-15 15:40:50,2025-09-16 14:52:39,83509,23.2
389,L09,#56,GW252/13600,(4)启机状态,4,2025-09-15 15:38:55,2025-09-15 15:40:50,115,0.03
390,L09,#56,GW252/13600,(3)待机状态,3,2025-09-15 14:57:51,2025-09-15 15:38:55,2464,0.68
391,L09,#56,GW252/13600,(2)停机状态,2,2025-09-15 14:55:38,2025-09-15 14:57:51,133,0.04
392,L09,#56,GW252/13600,(1)停机过程,1,2025-09-15 14:54:43,2025-09-15 14:55:38,55,0.02
393,L09,#56,GW252/13600,(5)发电状态,5,2025-09-15 09:23:24,2025-09-15 14:54:43,19879,5.52
394,L09,#56,GW252/13600,(4)启机状态,4,2025-09-15 09:21:35,2025-09-15 09:23:24,109,0.03
395,L09,#56,GW252/13600,(3)待机状态,3,2025-09-15 08:55:06,2025-09-15 09:21:35,1589,0.44
396,L09,#56,GW252/13600,(2)停机状态,2,2025-09-15 08:53:46,2025-09-15 08:55:06,80,0.02
397,L09,#56,GW252/13600,(1)停机过程,1,2025-09-15 08:52:52,2025-09-15 08:53:46,54,0.02
398,L09,#56,GW252/13600,(5)发电状态,5,2025-09-15 08:39:02,2025-09-15 08:52:52,830,0.23
399,L09,#56,GW252/13600,(4)启机状态,4,2025-09-15 08:36:53,2025-09-15 08:39:02,129,0.04
400,L09,#56,GW252/13600,(3)待机状态,3,2025-09-15 01:45:27,2025-09-15 08:36:53,24686,6.86
401,L09,#56,GW252/13600,(2)停机状态,2,2025-09-15 01:39:50,2025-09-15 01:45:27,337,0.09
402,L09,#56,GW252/13600,(1)停机过程,1,2025-09-15 01:38:56,2025-09-15 01:39:50,54,0.02
403,L09,#56,GW252/13600,(5)发电状态,5,2025-09-15 01:05:41,2025-09-15 01:38:56,1995,0.55
404,L09,#56,GW252/13600,(4)启机状态,4,2025-09-15 01:03:47,2025-09-15 01:05:41,114,0.03
405,L09,#56,GW252/13600,(3)待机状态,3,2025-09-14 23:02:13,2025-09-15 01:03:47,7294,2.03
406,L09,#56,GW252/13600,(2)停机状态,2,2025-09-14 23:00:49,2025-09-14 23:02:13,84,0.02
407,L09,#56,GW252/13600,(1)停机过程,1,2025-09-14 22:59:54,2025-09-14 23:00:49,55,0.02
408,L09,#56,GW252/13600,(5)发电状态,5,2025-09-14 17:09:30,2025-09-14 22:59:54,21024,5.84
409,L09,#56,GW252/13600,(4)启机状态,4,2025-09-14 17:07:29,2025-09-14 17:09:30,121,0.03
410,L09,#56,GW252/13600,(3)待机状态,3,2025-09-14 12:40:11,2025-09-14 17:07:29,16038,4.46
411,L09,#56,GW252/13600,(2)停机状态,2,2025-09-14 12:38:39,2025-09-14 12:40:11,92,0.03
412,L09,#56,GW252/13600,(1)停机过程,1,2025-09-14 12:37:44,2025-09-14 12:38:39,55,0.02
413,L09,#56,GW252/13600,(5)发电状态,5,2025-09-14 08:39:30,2025-09-14 12:37:44,14294,3.97
414,L09,#56,GW252/13600,(4)启机状态,4,2025-09-14 08:37:42,2025-09-14 08:39:30,108,0.03
415,L09,#56,GW252/13600,(3)待机状态,3,2025-09-14 08:01:19,2025-09-14 08:37:42,2183,0.61
416,L09,#56,GW252/13600,(2)停机状态,2,2025-09-14 08:00:10,2025-09-14 08:01:19,69,0.02
417,L09,#56,GW252/13600,(1)停机过程,1,2025-09-14 07:59:14,2025-09-14 08:00:10,56,0.02
418,L09,#56,GW252/13600,(5)发电状态,5,2025-09-14 06:02:32,2025-09-14 07:59:14,7002,1.95
419,L09,#56,GW252/13600,(4)启机状态,4,2025-09-14 06:00:35,2025-09-14 06:02:32,117,0.03
420,L09,#56,GW252/13600,(3)待机状态,3,2025-09-14 05:11:01,2025-09-14 06:00:35,2974,0.83
421,L09,#56,GW252/13600,(2)停机状态,2,2025-09-14 05:10:57,2025-09-14 05:11:01,4,0
422,L09,#56,GW252/13600,(1)停机过程,1,2025-09-14 05:10:03,2025-09-14 05:10:57,54,0.02
423,L09,#56,GW252/13600,(5)发电状态,5,2025-09-13 23:33:03,2025-09-14 05:10:03,20220,5.62
424,L09,#56,GW252/13600,(4)启机状态,4,2025-09-13 23:31:17,2025-09-13 23:33:03,106,0.03
425,L09,#56,GW252/13600,(3)待机状态,3,2025-09-13 23:29:36,2025-09-13 23:31:17,101,0.03
426,L09,#56,GW252/13600,(2)停机状态,2,2025-09-13 23:28:23,2025-09-13 23:29:36,73,0.02
427,L09,#56,GW252/13600,(1)停机过程,1,2025-09-13 23:27:28,2025-09-13 23:28:23,55,0.02
428,L09,#56,GW252/13600,(5)发电状态,5,2025-09-13 17:57:48,2025-09-13 23:27:28,19780,5.49
429,L09,#56,GW252/13600,(4)启机状态,4,2025-09-13 17:55:27,2025-09-13 17:57:48,141,0.04
430,L09,#56,GW252/13600,(3)待机状态,3,2025-09-13 17:42:23,2025-09-13 17:55:27,784,0.22
431,L09,#56,GW252/13600,(2)停机状态,2,2025-09-13 17:42:21,2025-09-13 17:42:23,2,0
432,L09,#56,GW252/13600,(1)停机过程,1,2025-09-13 17:41:27,2025-09-13 17:42:21,54,0.02
433,L09,#56,GW252/13600,(5)发电状态,5,2025-09-13 17:09:48,2025-09-13 17:41:27,1899,0.53
434,L09,#56,GW252/13600,(4)启机状态,4,2025-09-13 17:07:31,2025-09-13 17:09:48,137,0.04
435,L09,#56,GW252/13600,(3)待机状态,3,2025-09-13 16:53:58,2025-09-13 17:07:31,813,0.23
436,L09,#56,GW252/13600,(2)停机状态,2,2025-09-13 16:53:55,2025-09-13 16:53:58,3,0
437,L09,#56,GW252/13600,(1)停机过程,1,2025-09-13 16:53:01,2025-09-13 16:53:55,54,0.02
438,L09,#56,GW252/13600,(5)发电状态,5,2025-09-13 16:30:12,2025-09-13 16:53:01,1369,0.38
439,L09,#56,GW252/13600,(4)启机状态,4,2025-09-13 16:28:26,2025-09-13 16:30:12,106,0.03
440,L09,#56,GW252/13600,(3)待机状态,3,2025-09-13 15:50:01,2025-09-13 16:28:26,2305,0.64
441,L09,#56,GW252/13600,(2)停机状态,2,2025-09-13 15:46:52,2025-09-13 15:50:01,189,0.05
442,L09,#56,GW252/13600,(1)停机过程,1,2025-09-13 15:45:56,2025-09-13 15:46:52,56,0.02
443,L09,#56,GW252/13600,(5)发电状态,5,2025-09-13 13:53:51,2025-09-13 15:45:56,6725,1.87
444,L09,#56,GW252/13600,(4)启机状态,4,2025-09-13 13:51:46,2025-09-13 13:53:51,125,0.03
445,L09,#56,GW252/13600,(3)待机状态,3,2025-09-13 13:47:01,2025-09-13 13:51:46,285,0.08
446,L09,#56,GW252/13600,(2)停机状态,2,2025-09-13 13:44:53,2025-09-13 13:47:01,128,0.04
447,L09,#56,GW252/13600,(1)停机过程,1,2025-09-13 13:43:59,2025-09-13 13:44:53,54,0.02
448,L09,#56,GW252/13600,(5)发电状态,5,2025-09-13 03:31:52,2025-09-13 13:43:59,36727,10.2
449,L09,#56,GW252/13600,(4)启机状态,4,2025-09-13 03:29:21,2025-09-13 03:31:52,151,0.04
450,L09,#56,GW252/13600,(3)待机状态,3,2025-09-13 02:52:14,2025-09-13 03:29:21,2227,0.62
451,L09,#56,GW252/13600,(2)停机状态,2,2025-09-13 02:48:45,2025-09-13 02:52:14,209,0.06
452,L09,#56,GW252/13600,(1)停机过程,1,2025-09-13 02:47:49,2025-09-13 02:48:45,56,0.02
453,L09,#56,GW252/13600,(5)发电状态,5,2025-09-13 02:33:37,2025-09-13 02:47:49,852,0.24
454,L09,#56,GW252/13600,(4)启机状态,4,2025-09-13 02:31:41,2025-09-13 02:33:37,116,0.03
455,L09,#56,GW252/13600,(3)待机状态,3,2025-09-13 02:21:48,2025-09-13 02:31:41,593,0.16
456,L09,#56,GW252/13600,(2)停机状态,2,2025-09-13 02:21:46,2025-09-13 02:21:48,2,0
457,L09,#56,GW252/13600,(1)停机过程,1,2025-09-13 02:20:50,2025-09-13 02:21:46,56,0.02
458,L09,#56,GW252/13600,(5)发电状态,5,2025-09-12 19:41:52,2025-09-13 02:20:50,23938,6.65
459,L09,#56,GW252/13600,(4)启机状态,4,2025-09-12 19:40:06,2025-09-12 19:41:52,106,0.03
460,L09,#56,GW252/13600,(3)待机状态,3,2025-09-12 18:58:34,2025-09-12 19:40:06,2492,0.69
461,L09,#56,GW252/13600,(2)停机状态,2,2025-09-12 18:57:11,2025-09-12 18:58:34,83,0.02
462,L09,#56,GW252/13600,(1)停机过程,1,2025-09-12 18:56:16,2025-09-12 18:57:11,55,0.02
463,L09,#56,GW252/13600,(5)发电状态,5,2025-09-12 17:38:43,2025-09-12 18:56:16,4653,1.29
464,L09,#56,GW252/13600,(4)启机状态,4,2025-09-12 17:36:11,2025-09-12 17:38:43,152,0.04
465,L09,#56,GW252/13600,(3)待机状态,3,2025-09-12 17:26:36,2025-09-12 17:36:11,575,0.16
466,L09,#56,GW252/13600,(2)停机状态,2,2025-09-12 17:26:35,2025-09-12 17:26:36,1,0
467,L09,#56,GW252/13600,(1)停机过程,1,2025-09-12 17:25:40,2025-09-12 17:26:35,55,0.02
468,L09,#56,GW252/13600,(5)发电状态,5,2025-09-12 15:21:07,2025-09-12 17:25:40,7473,2.08
469,L09,#56,GW252/13600,(4)启机状态,4,2025-09-12 15:18:46,2025-09-12 15:21:07,141,0.04
470,L09,#56,GW252/13600,(3)待机状态,3,2025-09-12 04:54:32,2025-09-12 15:18:46,37454,10.4
471,L09,#56,GW252/13600,(2)停机状态,2,2025-09-12 04:53:36,2025-09-12 04:54:32,56,0.02
472,L09,#56,GW252/13600,(1)停机过程,1,2025-09-12 04:52:41,2025-09-12 04:53:36,55,0.02
473,L09,#56,GW252/13600,(5)发电状态,5,2025-09-12 03:31:08,2025-09-12 04:52:41,4893,1.36
474,L09,#56,GW252/13600,(4)启机状态,4,2025-09-12 03:29:07,2025-09-12 03:31:08,121,0.03
475,L09,#56,GW252/13600,(3)待机状态,3,2025-09-12 02:56:55,2025-09-12 03:29:07,1932,0.54
476,L09,#56,GW252/13600,(2)停机状态,2,2025-09-12 02:55:55,2025-09-12 02:56:55,60,0.02
477,L09,#56,GW252/13600,(1)停机过程,1,2025-09-12 02:54:59,2025-09-12 02:55:55,56,0.02
478,L09,#56,GW252/13600,(5)发电状态,5,2025-09-11 14:44:17,2025-09-12 02:54:59,43842,12.18
479,L09,#56,GW252/13600,(4)启机状态,4,2025-09-11 14:42:18,2025-09-11 14:44:17,119,0.03
480,L09,#56,GW252/13600,(3)待机状态,3,2025-09-11 13:55:07,2025-09-11 14:42:18,2831,0.79
481,L09,#56,GW252/13600,(2)停机状态,2,2025-09-11 13:51:13,2025-09-11 13:55:07,234,0.07
482,L09,#56,GW252/13600,(1)停机过程,1,2025-09-11 13:50:18,2025-09-11 13:51:13,55,0.02
483,L09,#56,GW252/13600,(5)发电状态,5,2025-09-11 12:19:40,2025-09-11 13:50:18,5438,1.51
484,L09,#56,GW252/13600,(4)启机状态,4,2025-09-11 12:17:37,2025-09-11 12:19:40,123,0.03
485,L09,#56,GW252/13600,(3)待机状态,3,2025-09-11 10:24:03,2025-09-11 12:17:37,6814,1.89
486,L09,#56,GW252/13600,(2)停机状态,2,2025-09-11 10:20:53,2025-09-11 10:24:03,190,0.05
487,L09,#56,GW252/13600,(1)停机过程,1,2025-09-11 10:19:58,2025-09-11 10:20:53,55,0.02
488,L09,#56,GW252/13600,(5)发电状态,5,2025-09-11 09:50:38,2025-09-11 10:19:58,1760,0.49
489,L09,#56,GW252/13600,(4)启机状态,4,2025-09-11 09:47:47,2025-09-11 09:50:38,171,0.05
490,L09,#56,GW252/13600,(3)待机状态,3,2025-09-11 08:14:50,2025-09-11 09:47:47,5577,1.55
491,L09,#56,GW252/13600,(2)停机状态,2,2025-09-11 08:13:28,2025-09-11 08:14:50,82,0.02
492,L09,#56,GW252/13600,(1)停机过程,1,2025-09-11 08:12:34,2025-09-11 08:13:28,54,0.02
493,L09,#56,GW252/13600,(5)发电状态,5,2025-09-11 07:37:30,2025-09-11 08:12:34,2104,0.58
494,L09,#56,GW252/13600,(4)启机状态,4,2025-09-11 07:35:09,2025-09-11 07:37:30,141,0.04
495,L09,#56,GW252/13600,(3)待机状态,3,2025-09-11 07:27:00,2025-09-11 07:35:09,489,0.14
496,L09,#56,GW252/13600,(2)停机状态,2,2025-09-11 07:22:19,2025-09-11 07:27:00,281,0.08
497,L09,#56,GW252/13600,(1)停机过程,1,2025-09-11 07:21:23,2025-09-11 07:22:19,56,0.02
498,L09,#56,GW252/13600,(5)发电状态,5,2025-09-11 07:09:26,2025-09-11 07:21:23,717,0.2
499,L09,#56,GW252/13600,(4)启机状态,4,2025-09-11 07:06:52,2025-09-11 07:09:26,154,0.04
500,L09,#56,GW252/13600,(3)待机状态,3,2025-09-11 06:43:41,2025-09-11 07:06:52,1391,0.39
501,L09,#56,GW252/13600,(2)停机状态,2,2025-09-11 06:43:40,2025-09-11 06:43:41,1,0
502,L09,#56,GW252/13600,(1)停机过程,1,2025-09-11 06:42:43,2025-09-11 06:43:40,57,0.02
503,L09,#56,GW252/13600,(5)发电状态,5,2025-09-11 06:19:45,2025-09-11 06:42:43,1378,0.38
504,L09,#56,GW252/13600,(4)启机状态,4,2025-09-11 06:19:00,2025-09-11 06:19:45,45,0.01
505,L09,#56,GW252/13600,(3)待机状态,3,2025-09-11 03:33:42,2025-09-11 06:19:00,9918,2.76
506,L09,#56,GW252/13600,(2)停机状态,2,2025-09-11 03:28:05,2025-09-11 03:33:42,337,0.09
507,L09,#56,GW252/13600,(1)停机过程,1,2025-09-11 03:27:10,2025-09-11 03:28:05,55,0.02
508,L09,#56,GW252/13600,(5)发电状态,5,2025-09-11 02:00:12,2025-09-11 03:27:10,5218,1.45
509,L09,#56,GW252/13600,(4)启机状态,4,2025-09-11 01:57:34,2025-09-11 02:00:12,158,0.04
510,L09,#56,GW252/13600,(3)待机状态,3,2025-09-10 23:03:25,2025-09-11 01:57:34,10449,2.9
511,L09,#56,GW252/13600,(2)停机状态,2,2025-09-10 23:01:20,2025-09-10 23:03:25,125,0.03
512,L09,#56,GW252/13600,(1)停机过程,1,2025-09-10 23:00:25,2025-09-10 23:01:20,55,0.02
513,L09,#56,GW252/13600,(5)发电状态,5,2025-09-10 22:27:51,2025-09-10 23:00:25,1954,0.54
514,L09,#56,GW252/13600,(4)启机状态,4,2025-09-10 22:25:41,2025-09-10 22:27:51,130,0.04
515,L09,#56,GW252/13600,(3)待机状态,3,2025-09-10 21:00:57,2025-09-10 22:25:41,5084,1.41
516,L09,#56,GW252/13600,(2)停机状态,2,2025-09-10 20:23:18,2025-09-10 21:00:57,2259,0.63
517,L09,#56,GW252/13600,(1)停机过程,1,2025-09-10 20:22:24,2025-09-10 20:23:18,54,0.02
518,L09,#56,GW252/13600,(5)发电状态,5,2025-09-07 12:56:58,2025-09-10 20:22:24,285926,79.42
519,L09,#56,GW252/13600,(4)启机状态,4,2025-09-07 12:54:43,2025-09-07 12:56:58,135,0.04
520,L09,#56,GW252/13600,(3)待机状态,3,2025-09-07 12:52:12,2025-09-07 12:54:43,151,0.04
521,L09,#56,GW252/13600,(2)停机状态,2,2025-09-07 12:49:39,2025-09-07 12:52:12,153,0.04
522,L09,#56,GW252/13600,(1)停机过程,1,2025-09-07 12:48:43,2025-09-07 12:49:39,56,0.02
523,L09,#56,GW252/13600,(5)发电状态,5,2025-09-07 06:02:33,2025-09-07 12:48:43,24370,6.77
524,L09,#56,GW252/13600,(4)启机状态,4,2025-09-07 06:00:50,2025-09-07 06:02:33,103,0.03
525,L09,#56,GW252/13600,(3)待机状态,3,2025-09-07 05:56:56,2025-09-07 06:00:50,234,0.07
526,L09,#56,GW252/13600,(1)停机过程,1,2025-09-07 05:56:04,2025-09-07 05:56:56,52,0.01
527,L09,#56,GW252/13600,(5)发电状态,5,2025-09-07 05:12:13,2025-09-07 05:56:04,2631,0.73
528,L09,#56,GW252/13600,(4)启机状态,4,2025-09-07 05:10:08,2025-09-07 05:12:13,125,0.03
529,L09,#56,GW252/13600,(3)待机状态,3,2025-09-07 05:02:52,2025-09-07 05:10:08,436,0.12
530,L09,#56,GW252/13600,(2)停机状态,2,2025-09-07 05:02:51,2025-09-07 05:02:52,1,0
531,L09,#56,GW252/13600,(1)停机过程,1,2025-09-07 05:01:57,2025-09-07 05:02:51,54,0.02
532,L09,#56,GW252/13600,(5)发电状态,5,2025-09-07 04:23:39,2025-09-07 05:01:57,2298,0.64
533,L09,#56,GW252/13600,(4)启机状态,4,2025-09-07 04:21:30,2025-09-07 04:23:39,129,0.04
534,L09,#56,GW252/13600,(3)待机状态,3,2025-09-07 03:48:37,2025-09-07 04:21:30,1973,0.55
535,L09,#56,GW252/13600,(1)停机过程,1,2025-09-07 03:47:41,2025-09-07 03:48:37,56,0.02
536,L09,#56,GW252/13600,(4)启机状态,4,2025-09-07 03:42:42,2025-09-07 03:47:41,299,0.08
537,L09,#56,GW252/13600,(3)待机状态,3,2025-09-06 12:56:56,2025-09-07 03:42:42,53146,14.76
538,L09,#56,GW252/13600,(1)停机过程,1,2025-09-06 12:56:01,2025-09-06 12:56:56,55,0.02
539,L09,#56,GW252/13600,(5)发电状态,5,2025-09-06 12:19:35,2025-09-06 12:56:01,2186,0.61
540,L09,#56,GW252/13600,(4)启机状态,4,2025-09-06 12:17:37,2025-09-06 12:19:35,118,0.03
541,L09,#56,GW252/13600,(3)待机状态,3,2025-09-06 10:37:38,2025-09-06 12:17:37,5999,1.67
542,L09,#56,GW252/13600,(2)停机状态,2,2025-09-06 10:37:37,2025-09-06 10:37:38,1,0
543,L09,#56,GW252/13600,(1)停机过程,1,2025-09-06 10:37:28,2025-09-06 10:37:37,9,0
544,L09,#56,GW252/13600,(9)维护状态,9,2025-09-06 10:34:02,2025-09-06 10:37:28,206,0.06
545,L09,#56,GW252/13600,(2)停机状态,2,2025-09-06 10:32:47,2025-09-06 10:34:02,75,0.02
546,L09,#56,GW252/13600,(0)初始化,0,2025-09-06 10:31:31,2025-09-06 10:32:47,76,0.02
547,L09,#56,GW252/13600,(2)停机状态,2,2025-09-06 10:26:29,2025-09-06 10:31:31,302,0.08
548,L09,#56,GW252/13600,(1)停机过程,1,2025-09-06 10:26:24,2025-09-06 10:26:29,5,0
549,L09,#56,GW252/13600,(9)维护状态,9,2025-09-06 10:22:55,2025-09-06 10:26:24,209,0.06
550,L09,#56,GW252/13600,(2)停机状态,2,2025-09-06 10:20:02,2025-09-06 10:22:55,173,0.05
551,L09,#56,GW252/13600,(1)停机过程,1,2025-09-06 10:19:29,2025-09-06 10:20:02,33,0.01
552,L09,#56,GW252/13600,(3)待机状态,3,2025-09-06 09:36:44,2025-09-06 10:19:29,2565,0.71
553,L09,#56,GW252/13600,(2)停机状态,2,2025-09-06 09:36:42,2025-09-06 09:36:44,2,0
554,L09,#56,GW252/13600,(1)停机过程,1,2025-09-06 09:36:11,2025-09-06 09:36:42,31,0.01
555,L09,#56,GW252/13600,(4)启机状态,4,2025-09-06 09:31:11,2025-09-06 09:36:11,300,0.08
556,L09,#56,GW252/13600,(3)待机状态,3,2025-09-06 08:18:45,2025-09-06 09:31:11,4346,1.21
557,L09,#56,GW252/13600,(2)停机状态,2,2025-09-06 08:18:34,2025-09-06 08:18:45,11,0
558,L09,#56,GW252/13600,(1)停机过程,1,2025-09-06 08:18:03,2025-09-06 08:18:34,31,0.01
559,L09,#56,GW252/13600,(4)启机状态,4,2025-09-06 08:13:03,2025-09-06 08:18:03,300,0.08
560,L09,#56,GW252/13600,(3)待机状态,3,2025-09-06 08:10:56,2025-09-06 08:13:03,127,0.04
561,L09,#56,GW252/13600,(2)停机状态,2,2025-09-06 08:10:55,2025-09-06 08:10:56,1,0
562,L09,#56,GW252/13600,(1)停机过程,1,2025-09-06 08:10:02,2025-09-06 08:10:55,53,0.01
563,L09,#56,GW252/13600,(5)发电状态,5,2025-09-06 07:49:49,2025-09-06 08:10:02,1213,0.34
564,L09,#56,GW252/13600,(4)启机状态,4,2025-09-06 07:46:19,2025-09-06 07:49:49,210,0.06
565,L09,#56,GW252/13600,(3)待机状态,3,2025-09-06 07:45:22,2025-09-06 07:46:19,57,0.02
566,L09,#56,GW252/13600,(1)停机过程,1,2025-09-06 07:44:51,2025-09-06 07:45:22,31,0.01
567,L09,#56,GW252/13600,(4)启机状态,4,2025-09-06 07:39:51,2025-09-06 07:44:51,300,0.08
568,L09,#56,GW252/13600,(3)待机状态,3,2025-09-06 07:38:44,2025-09-06 07:39:51,67,0.02
569,L09,#56,GW252/13600,(2)停机状态,2,2025-09-06 07:38:43,2025-09-06 07:38:44,1,0
570,L09,#56,GW252/13600,(1)停机过程,1,2025-09-06 07:38:11,2025-09-06 07:38:43,32,0.01
571,L09,#56,GW252/13600,(4)启机状态,4,2025-09-06 07:33:11,2025-09-06 07:38:11,300,0.08
572,L09,#56,GW252/13600,(3)待机状态,3,2025-09-06 07:32:05,2025-09-06 07:33:11,66,0.02
573,L09,#56,GW252/13600,(2)停机状态,2,2025-09-06 07:32:04,2025-09-06 07:32:05,1,0
574,L09,#56,GW252/13600,(1)停机过程,1,2025-09-06 07:31:34,2025-09-06 07:32:04,30,0.01
575,L09,#56,GW252/13600,(4)启机状态,4,2025-09-06 07:26:32,2025-09-06 07:31:34,302,0.08
576,L09,#56,GW252/13600,(3)待机状态,3,2025-09-06 07:25:17,2025-09-06 07:26:32,75,0.02
577,L09,#56,GW252/13600,(2)停机状态,2,2025-09-06 07:25:15,2025-09-06 07:25:17,2,0
578,L09,#56,GW252/13600,(1)停机过程,1,2025-09-06 07:24:44,2025-09-06 07:25:15,31,0.01
579,L09,#56,GW252/13600,(4)启机状态,4,2025-09-06 07:19:42,2025-09-06 07:24:44,302,0.08
580,L09,#56,GW252/13600,(3)待机状态,3,2025-09-06 07:16:58,2025-09-06 07:19:42,164,0.05
581,L09,#56,GW252/13600,(2)停机状态,2,2025-09-06 07:16:17,2025-09-06 07:16:58,41,0.01
582,L09,#56,GW252/13600,(1)停机过程,1,2025-09-06 07:15:46,2025-09-06 07:16:17,31,0.01
583,L09,#56,GW252/13600,(4)启机状态,4,2025-09-06 07:10:46,2025-09-06 07:15:46,300,0.08
584,L09,#56,GW252/13600,(3)待机状态,3,2025-09-06 05:53:15,2025-09-06 07:10:46,4651,1.29
585,L09,#56,GW252/13600,(2)停机状态,2,2025-09-06 05:52:15,2025-09-06 05:53:15,60,0.02
586,L09,#56,GW252/13600,(1)停机过程,1,2025-09-06 05:51:42,2025-09-06 05:52:15,33,0.01
587,L09,#56,GW252/13600,(4)启机状态,4,2025-09-06 05:46:42,2025-09-06 05:51:42,300,0.08
588,L09,#56,GW252/13600,(3)待机状态,3,2025-09-06 05:33:13,2025-09-06 05:46:42,809,0.22
589,L09,#56,GW252/13600,(2)停机状态,2,2025-09-06 05:33:11,2025-09-06 05:33:13,2,0
590,L09,#56,GW252/13600,(1)停机过程,1,2025-09-06 05:32:39,2025-09-06 05:33:11,32,0.01
591,L09,#56,GW252/13600,(4)启机状态,4,2025-09-06 05:27:38,2025-09-06 05:32:39,301,0.08
592,L09,#56,GW252/13600,(3)待机状态,3,2025-09-06 05:26:25,2025-09-06 05:27:38,73,0.02
593,L09,#56,GW252/13600,(2)停机状态,2,2025-09-06 05:26:23,2025-09-06 05:26:25,2,0
594,L09,#56,GW252/13600,(1)停机过程,1,2025-09-06 05:25:52,2025-09-06 05:26:23,31,0.01
595,L09,#56,GW252/13600,(4)启机状态,4,2025-09-06 05:20:52,2025-09-06 05:25:52,300,0.08
596,L09,#56,GW252/13600,(3)待机状态,3,2025-09-06 05:19:23,2025-09-06 05:20:52,89,0.02
597,L09,#56,GW252/13600,(2)停机状态,2,2025-09-06 05:19:21,2025-09-06 05:19:23,2,0
598,L09,#56,GW252/13600,(1)停机过程,1,2025-09-06 05:18:50,2025-09-06 05:19:21,31,0.01
599,L09,#56,GW252/13600,(4)启机状态,4,2025-09-06 05:13:50,2025-09-06 05:18:50,300,0.08
600,L09,#56,GW252/13600,(3)待机状态,3,2025-09-06 04:55:33,2025-09-06 05:13:50,1097,0.3
601,L09,#56,GW252/13600,(2)停机状态,2,2025-09-06 04:55:32,2025-09-06 04:55:33,1,0
602,L09,#56,GW252/13600,(1)停机过程,1,2025-09-06 04:55:00,2025-09-06 04:55:32,32,0.01
603,L09,#56,GW252/13600,(4)启机状态,4,2025-09-06 04:49:59,2025-09-06 04:55:00,301,0.08
604,L09,#56,GW252/13600,(3)待机状态,3,2025-09-06 04:48:46,2025-09-06 04:49:59,73,0.02
605,L09,#56,GW252/13600,(2)停机状态,2,2025-09-06 04:48:45,2025-09-06 04:48:46,1,0
606,L09,#56,GW252/13600,(1)停机过程,1,2025-09-06 04:48:14,2025-09-06 04:48:45,31,0.01
607,L09,#56,GW252/13600,(4)启机状态,4,2025-09-06 04:43:14,2025-09-06 04:48:14,300,0.08
608,L09,#56,GW252/13600,(3)待机状态,3,2025-09-06 04:37:49,2025-09-06 04:43:14,325,0.09
609,L09,#56,GW252/13600,(2)停机状态,2,2025-09-06 04:37:47,2025-09-06 04:37:49,2,0
610,L09,#56,GW252/13600,(1)停机过程,1,2025-09-06 04:37:16,2025-09-06 04:37:47,31,0.01
611,L09,#56,GW252/13600,(4)启机状态,4,2025-09-06 04:32:16,2025-09-06 04:37:16,300,0.08
612,L09,#56,GW252/13600,(3)待机状态,3,2025-09-06 04:03:55,2025-09-06 04:32:16,1701,0.47
613,L09,#56,GW252/13600,(2)停机状态,2,2025-09-06 04:01:45,2025-09-06 04:03:55,130,0.04
614,L09,#56,GW252/13600,(1)停机过程,1,2025-09-06 04:01:14,2025-09-06 04:01:45,31,0.01
615,L09,#56,GW252/13600,(4)启机状态,4,2025-09-06 03:56:14,2025-09-06 04:01:14,300,0.08
616,L09,#56,GW252/13600,(3)待机状态,3,2025-09-06 03:52:45,2025-09-06 03:56:14,209,0.06
617,L09,#56,GW252/13600,(2)停机状态,2,2025-09-06 03:48:39,2025-09-06 03:52:45,246,0.07
618,L09,#56,GW252/13600,(1)停机过程,1,2025-09-06 03:48:07,2025-09-06 03:48:39,32,0.01
619,L09,#56,GW252/13600,(4)启机状态,4,2025-09-06 03:43:07,2025-09-06 03:48:07,300,0.08
620,L09,#56,GW252/13600,(3)待机状态,3,2025-09-06 03:28:35,2025-09-06 03:43:07,872,0.24
621,L09,#56,GW252/13600,(2)停机状态,2,2025-09-06 03:28:33,2025-09-06 03:28:35,2,0
622,L09,#56,GW252/13600,(1)停机过程,1,2025-09-06 03:27:41,2025-09-06 03:28:33,52,0.01
623,L09,#56,GW252/13600,(4)启机状态,4,2025-09-06 03:22:40,2025-09-06 03:27:41,301,0.08
624,L09,#56,GW252/13600,(3)待机状态,3,2025-09-06 03:16:44,2025-09-06 03:22:40,356,0.1
625,L09,#56,GW252/13600,(2)停机状态,2,2025-09-06 03:16:11,2025-09-06 03:16:44,33,0.01
626,L09,#56,GW252/13600,(1)停机过程,1,2025-09-06 03:15:40,2025-09-06 03:16:11,31,0.01
627,L09,#56,GW252/13600,(4)启机状态,4,2025-09-06 03:10:39,2025-09-06 03:15:40,301,0.08
628,L09,#56,GW252/13600,(3)待机状态,3,2025-09-06 03:02:50,2025-09-06 03:10:39,469,0.13
629,L09,#56,GW252/13600,(2)停机状态,2,2025-09-06 03:01:26,2025-09-06 03:02:50,84,0.02
630,L09,#56,GW252/13600,(1)停机过程,1,2025-09-06 03:00:54,2025-09-06 03:01:26,32,0.01
631,L09,#56,GW252/13600,(4)启机状态,4,2025-09-06 02:55:54,2025-09-06 03:00:54,300,0.08
632,L09,#56,GW252/13600,(3)待机状态,3,2025-09-06 02:54:48,2025-09-06 02:55:54,66,0.02
633,L09,#56,GW252/13600,(2)停机状态,2,2025-09-06 02:54:47,2025-09-06 02:54:48,1,0
634,L09,#56,GW252/13600,(1)停机过程,1,2025-09-06 02:53:56,2025-09-06 02:54:47,51,0.01
635,L09,#56,GW252/13600,(4)启机状态,4,2025-09-06 02:48:56,2025-09-06 02:53:56,300,0.08
636,L09,#56,GW252/13600,(3)待机状态,3,2025-09-06 02:46:40,2025-09-06 02:48:56,136,0.04
637,L09,#56,GW252/13600,(2)停机状态,2,2025-09-06 02:46:38,2025-09-06 02:46:40,2,0
638,L09,#56,GW252/13600,(1)停机过程,1,2025-09-06 02:46:06,2025-09-06 02:46:38,32,0.01
639,L09,#56,GW252/13600,(4)启机状态,4,2025-09-06 02:41:06,2025-09-06 02:46:06,300,0.08
640,L09,#56,GW252/13600,(3)待机状态,3,2025-09-06 02:37:09,2025-09-06 02:41:06,237,0.07
641,L09,#56,GW252/13600,(1)停机过程,1,2025-09-06 02:36:36,2025-09-06 02:37:09,33,0.01
642,L09,#56,GW252/13600,(4)启机状态,4,2025-09-06 02:31:36,2025-09-06 02:36:36,300,0.08
643,L09,#56,GW252/13600,(3)待机状态,3,2025-09-06 02:29:55,2025-09-06 02:31:36,101,0.03
644,L09,#56,GW252/13600,(2)停机状态,2,2025-09-06 02:29:53,2025-09-06 02:29:55,2,0
645,L09,#56,GW252/13600,(1)停机过程,1,2025-09-06 02:29:21,2025-09-06 02:29:53,32,0.01
646,L09,#56,GW252/13600,(4)启机状态,4,2025-09-06 02:24:21,2025-09-06 02:29:21,300,0.08
647,L09,#56,GW252/13600,(3)待机状态,3,2025-09-06 02:23:06,2025-09-06 02:24:21,75,0.02
648,L09,#56,GW252/13600,(2)停机状态,2,2025-09-06 02:23:05,2025-09-06 02:23:06,1,0
649,L09,#56,GW252/13600,(1)停机过程,1,2025-09-06 02:22:35,2025-09-06 02:23:05,30,0.01
650,L09,#56,GW252/13600,(4)启机状态,4,2025-09-06 02:17:35,2025-09-06 02:22:35,300,0.08
651,L09,#56,GW252/13600,(3)待机状态,3,2025-09-06 02:15:07,2025-09-06 02:17:35,148,0.04
652,L09,#56,GW252/13600,(2)停机状态,2,2025-09-06 02:12:32,2025-09-06 02:15:07,155,0.04
653,L09,#56,GW252/13600,(1)停机过程,1,2025-09-06 02:11:59,2025-09-06 02:12:32,33,0.01
654,L09,#56,GW252/13600,(4)启机状态,4,2025-09-06 02:06:59,2025-09-06 02:11:59,300,0.08
655,L09,#56,GW252/13600,(3)待机状态,3,2025-09-06 02:05:55,2025-09-06 02:06:59,64,0.02
656,L09,#56,GW252/13600,(2)停机状态,2,2025-09-06 02:04:50,2025-09-06 02:05:55,65,0.02
657,L09,#56,GW252/13600,(1)停机过程,1,2025-09-06 02:03:57,2025-09-06 02:04:50,53,0.01
658,L09,#56,GW252/13600,(5)发电状态,5,2025-09-06 01:02:41,2025-09-06 02:03:57,3676,1.02
659,L09,#56,GW252/13600,(4)启机状态,4,2025-09-06 00:59:15,2025-09-06 01:02:41,206,0.06
660,L09,#56,GW252/13600,(3)待机状态,3,2025-09-06 00:58:19,2025-09-06 00:59:15,56,0.02
661,L09,#56,GW252/13600,(2)停机状态,2,2025-09-06 00:58:18,2025-09-06 00:58:19,1,0
662,L09,#56,GW252/13600,(1)停机过程,1,2025-09-06 00:57:48,2025-09-06 00:58:18,30,0.01
663,L09,#56,GW252/13600,(4)启机状态,4,2025-09-06 00:52:47,2025-09-06 00:57:48,301,0.08
664,L09,#56,GW252/13600,(3)待机状态,3,2025-09-06 00:51:42,2025-09-06 00:52:47,65,0.02
665,L09,#56,GW252/13600,(2)停机状态,2,2025-09-06 00:51:40,2025-09-06 00:51:42,2,0
666,L09,#56,GW252/13600,(1)停机过程,1,2025-09-06 00:51:08,2025-09-06 00:51:40,32,0.01
667,L09,#56,GW252/13600,(4)启机状态,4,2025-09-06 00:46:08,2025-09-06 00:51:08,300,0.08
668,L09,#56,GW252/13600,(3)待机状态,3,2025-09-06 00:45:07,2025-09-06 00:46:08,61,0.02
669,L09,#56,GW252/13600,(2)停机状态,2,2025-09-06 00:45:06,2025-09-06 00:45:07,1,0
670,L09,#56,GW252/13600,(1)停机过程,1,2025-09-06 00:44:35,2025-09-06 00:45:06,31,0.01
671,L09,#56,GW252/13600,(4)启机状态,4,2025-09-06 00:39:35,2025-09-06 00:44:35,300,0.08
672,L09,#56,GW252/13600,(3)待机状态,3,2025-09-06 00:38:34,2025-09-06 00:39:35,61,0.02
673,L09,#56,GW252/13600,(2)停机状态,2,2025-09-06 00:38:32,2025-09-06 00:38:34,2,0
674,L09,#56,GW252/13600,(1)停机过程,1,2025-09-06 00:38:00,2025-09-06 00:38:32,32,0.01
675,L09,#56,GW252/13600,(4)启机状态,4,2025-09-06 00:32:59,2025-09-06 00:38:00,301,0.08
676,L09,#56,GW252/13600,(3)待机状态,3,2025-09-06 00:29:47,2025-09-06 00:32:59,192,0.05
677,L09,#56,GW252/13600,(2)停机状态,2,2025-09-06 00:29:38,2025-09-06 00:29:47,9,0
678,L09,#56,GW252/13600,(1)停机过程,1,2025-09-06 00:29:06,2025-09-06 00:29:38,32,0.01
679,L09,#56,GW252/13600,(4)启机状态,4,2025-09-06 00:24:06,2025-09-06 00:29:06,300,0.08
680,L09,#56,GW252/13600,(3)待机状态,3,2025-09-06 00:10:30,2025-09-06 00:24:06,816,0.23
681,L09,#56,GW252/13600,(2)停机状态,2,2025-09-06 00:08:29,2025-09-06 00:10:30,121,0.03
682,L09,#56,GW252/13600,(1)停机过程,1,2025-09-06 00:07:57,2025-09-06 00:08:29,32,0.01
683,L09,#56,GW252/13600,(4)启机状态,4,2025-09-06 00:02:57,2025-09-06 00:07:57,300,0.08
684,L09,#56,GW252/13600,(3)待机状态,3,2025-09-06 00:01:48,2025-09-06 00:02:57,69,0.02
685,L09,#56,GW252/13600,(2)停机状态,2,2025-09-06 00:01:21,2025-09-06 00:01:48,27,0.01
686,L09,#56,GW252/13600,(1)停机过程,1,2025-09-06 00:00:28,2025-09-06 00:01:21,53,0.01
687,L09,#56,GW252/13600,(5)发电状态,5,2025-09-05 21:32:47,2025-09-06 00:00:28,8861,2.46
688,L09,#56,GW252/13600,(4)启机状态,4,2025-09-05 21:30:55,2025-09-05 21:32:47,112,0.03
689,L09,#56,GW252/13600,(3)待机状态,3,2025-09-05 21:30:02,2025-09-05 21:30:55,53,0.01
690,L09,#56,GW252/13600,(2)停机状态,2,2025-09-05 21:30:01,2025-09-05 21:30:02,1,0
691,L09,#56,GW252/13600,(1)停机过程,1,2025-09-05 21:29:29,2025-09-05 21:30:01,32,0.01
692,L09,#56,GW252/13600,(4)启机状态,4,2025-09-05 21:24:29,2025-09-05 21:29:29,300,0.08
693,L09,#56,GW252/13600,(3)待机状态,3,2025-09-05 21:23:29,2025-09-05 21:24:29,60,0.02
694,L09,#56,GW252/13600,(2)停机状态,2,2025-09-05 21:22:09,2025-09-05 21:23:29,80,0.02
695,L09,#56,GW252/13600,(1)停机过程,1,2025-09-05 21:21:39,2025-09-05 21:22:09,30,0.01
696,L09,#56,GW252/13600,(4)启机状态,4,2025-09-05 21:16:38,2025-09-05 21:21:39,301,0.08
697,L09,#56,GW252/13600,(3)待机状态,3,2025-09-05 21:13:32,2025-09-05 21:16:38,186,0.05
698,L09,#56,GW252/13600,(2)停机状态,2,2025-09-05 21:12:05,2025-09-05 21:13:32,87,0.02
699,L09,#56,GW252/13600,(1)停机过程,1,2025-09-05 21:11:32,2025-09-05 21:12:05,33,0.01
700,L09,#56,GW252/13600,(4)启机状态,4,2025-09-05 21:06:32,2025-09-05 21:11:32,300,0.08
701,L09,#56,GW252/13600,(3)待机状态,3,2025-09-05 21:05:21,2025-09-05 21:06:32,71,0.02
702,L09,#56,GW252/13600,(2)停机状态,2,2025-09-05 21:05:19,2025-09-05 21:05:21,2,0
703,L09,#56,GW252/13600,(1)停机过程,1,2025-09-05 21:04:27,2025-09-05 21:05:19,52,0.01
704,L09,#56,GW252/13600,(5)发电状态,5,2025-09-05 18:52:39,2025-09-05 21:04:27,7908,2.2
705,L09,#56,GW252/13600,(4)启机状态,4,2025-09-05 18:51:04,2025-09-05 18:52:39,95,0.03
706,L09,#56,GW252/13600,(3)待机状态,3,2025-09-05 18:50:07,2025-09-05 18:51:04,57,0.02
707,L09,#56,GW252/13600,(2)停机状态,2,2025-09-05 18:48:16,2025-09-05 18:50:07,111,0.03
708,L09,#56,GW252/13600,(1)停机过程,1,2025-09-05 18:48:06,2025-09-05 18:48:16,10,0
709,L09,#56,GW252/13600,(2)停机状态,2,2025-09-05 18:45:39,2025-09-05 18:48:06,147,0.04
710,L09,#56,GW252/13600,(1)停机过程,1,2025-09-05 18:45:29,2025-09-05 18:45:39,10,0
711,L09,#56,GW252/13600,(2)停机状态,2,2025-09-05 18:45:28,2025-09-05 18:45:29,1,0
712,L09,#56,GW252/13600,(1)停机过程,1,2025-09-05 18:45:18,2025-09-05 18:45:28,10,0
713,L09,#56,GW252/13600,(3)待机状态,3,2025-09-05 18:45:16,2025-09-05 18:45:18,2,0
714,L09,#56,GW252/13600,(2)停机状态,2,2025-09-05 18:45:14,2025-09-05 18:45:16,2,0
715,L09,#56,GW252/13600,(1)停机过程,1,2025-09-05 18:45:04,2025-09-05 18:45:14,10,0
716,L09,#56,GW252/13600,(9)维护状态,9,2025-09-05 18:41:26,2025-09-05 18:45:04,218,0.06
717,L09,#56,GW252/13600,(1)停机过程,1,2025-09-05 18:41:16,2025-09-05 18:41:26,10,0
718,L09,#56,GW252/13600,(3)待机状态,3,2025-09-05 18:41:15,2025-09-05 18:41:16,1,0
719,L09,#56,GW252/13600,(2)停机状态,2,2025-09-05 18:39:24,2025-09-05 18:41:15,111,0.03
720,L09,#56,GW252/13600,(1)停机过程,1,2025-09-05 18:39:14,2025-09-05 18:39:24,10,0
721,L09,#56,GW252/13600,(2)停机状态,2,2025-09-05 18:37:22,2025-09-05 18:39:14,112,0.03
722,L09,#56,GW252/13600,(1)停机过程,1,2025-09-05 18:37:12,2025-09-05 18:37:22,10,0
723,L09,#56,GW252/13600,(3)待机状态,3,2025-09-05 18:37:11,2025-09-05 18:37:12,1,0
724,L09,#56,GW252/13600,(2)停机状态,2,2025-09-05 18:35:20,2025-09-05 18:37:11,111,0.03
725,L09,#56,GW252/13600,(1)停机过程,1,2025-09-05 18:35:10,2025-09-05 18:35:20,10,0
726,L09,#56,GW252/13600,(2)停机状态,2,2025-09-05 18:32:42,2025-09-05 18:35:10,148,0.04
727,L09,#56,GW252/13600,(1)停机过程,1,2025-09-05 18:32:32,2025-09-05 18:32:42,10,0
728,L09,#56,GW252/13600,(2)停机状态,2,2025-09-05 18:32:31,2025-09-05 18:32:32,1,0
729,L09,#56,GW252/13600,(1)停机过程,1,2025-09-05 18:32:21,2025-09-05 18:32:31,10,0
730,L09,#56,GW252/13600,(2)停机状态,2,2025-09-05 18:32:17,2025-09-05 18:32:21,4,0
731,L09,#56,GW252/13600,(1)停机过程,1,2025-09-05 18:32:07,2025-09-05 18:32:17,10,0
732,L09,#56,GW252/13600,(9)维护状态,9,2025-09-05 16:15:13,2025-09-05 18:32:07,8214,2.28
733,L09,#56,GW252/13600,(2)停机状态,2,2025-09-05 16:14:52,2025-09-05 16:15:13,21,0.01
734,L09,#56,GW252/13600,(1)停机过程,1,2025-09-05 16:14:42,2025-09-05 16:14:52,10,0
735,L09,#56,GW252/13600,(9)维护状态,9,2025-09-05 12:06:48,2025-09-05 16:14:42,14874,4.13
736,L09,#56,GW252/13600,(2)停机状态,2,2025-09-05 12:06:19,2025-09-05 12:06:48,29,0.01
737,L09,#56,GW252/13600,(1)停机过程,1,2025-09-05 12:05:48,2025-09-05 12:06:19,31,0.01
738,L09,#56,GW252/13600,(3)待机状态,3,2025-09-05 12:05:00,2025-09-05 12:05:48,48,0.01
739,L09,#56,GW252/13600,(2)停机状态,2,2025-09-05 12:04:56,2025-09-05 12:05:00,4,0
740,L09,#56,GW252/13600,(1)停机过程,1,2025-09-05 12:04:46,2025-09-05 12:04:56,10,0
741,L09,#56,GW252/13600,(9)维护状态,9,2025-09-03 18:53:27,2025-09-05 12:04:46,148279,41.19
742,L09,#56,GW252/13600,(2)停机状态,2,2025-09-03 18:47:38,2025-09-03 18:53:27,349,0.1
743,L09,#56,GW252/13600,(1)停机过程,1,2025-09-03 18:47:28,2025-09-03 18:47:38,10,0
744,L09,#56,GW252/13600,(9)维护状态,9,2025-09-03 18:47:03,2025-09-03 18:47:28,25,0.01
745,L09,#56,GW252/13600,(2)停机状态,2,2025-09-03 18:47:00,2025-09-03 18:47:03,3,0
746,L09,#56,GW252/13600,(1)停机过程,1,2025-09-03 18:46:51,2025-09-03 18:47:00,9,0
747,L09,#56,GW252/13600,(9)维护状态,9,2025-09-02 22:54:28,2025-09-03 18:46:51,71543,19.87
748,L09,#56,GW252/13600,(0)初始化,0,2025-09-02 22:51:28,2025-09-02 22:54:28,180,0.05
749,L09,#56,GW252/13600,(9)维护状态,9,2025-09-02 22:35:25,2025-09-02 22:51:28,963,0.27
750,L09,#56,GW252/13600,(0)初始化,0,2025-09-02 22:32:25,2025-09-02 22:35:25,180,0.05
751,L09,#56,GW252/13600,(9)维护状态,9,2025-09-02 10:57:20,2025-09-02 22:32:25,41705,11.58
752,L09,#56,GW252/13600,(2)停机状态,2,2025-09-02 10:48:42,2025-09-02 10:57:20,518,0.14
753,L09,#56,GW252/13600,(1)停机过程,1,2025-09-02 10:48:09,2025-09-02 10:48:42,33,0.01
754,L09,#56,GW252/13600,(4)启机状态,4,2025-09-02 10:43:29,2025-09-02 10:48:09,280,0.08
755,L09,#56,GW252/13600,(3)待机状态,3,2025-09-02 10:42:10,2025-09-02 10:43:29,79,0.02
756,L09,#56,GW252/13600,(2)停机状态,2,2025-09-02 10:42:05,2025-09-02 10:42:10,5,0
757,L09,#56,GW252/13600,(1)停机过程,1,2025-09-02 10:41:33,2025-09-02 10:42:05,32,0.01
758,L09,#56,GW252/13600,(4)启机状态,4,2025-09-02 10:36:33,2025-09-02 10:41:33,300,0.08
759,L09,#56,GW252/13600,(3)待机状态,3,2025-09-02 10:35:11,2025-09-02 10:36:33,82,0.02
760,L09,#56,GW252/13600,(2)停机状态,2,2025-09-02 10:35:07,2025-09-02 10:35:11,4,0
761,L09,#56,GW252/13600,(1)停机过程,1,2025-09-02 10:34:35,2025-09-02 10:35:07,32,0.01
762,L09,#56,GW252/13600,(4)启机状态,4,2025-09-02 10:29:35,2025-09-02 10:34:35,300,0.08
763,L09,#56,GW252/13600,(3)待机状态,3,2025-09-02 10:28:40,2025-09-02 10:29:35,55,0.02
764,L09,#56,GW252/13600,(2)停机状态,2,2025-09-02 10:28:39,2025-09-02 10:28:40,1,0
765,L09,#56,GW252/13600,(1)停机过程,1,2025-09-02 10:28:07,2025-09-02 10:28:39,32,0.01
766,L09,#56,GW252/13600,(4)启机状态,4,2025-09-02 10:23:07,2025-09-02 10:28:07,300,0.08
767,L09,#56,GW252/13600,(3)待机状态,3,2025-09-02 10:21:46,2025-09-02 10:23:07,81,0.02
768,L09,#56,GW252/13600,(2)停机状态,2,2025-09-02 10:21:45,2025-09-02 10:21:46,1,0
769,L09,#56,GW252/13600,(1)停机过程,1,2025-09-02 10:21:13,2025-09-02 10:21:45,32,0.01
770,L09,#56,GW252/13600,(4)启机状态,4,2025-09-02 10:16:13,2025-09-02 10:21:13,300,0.08
771,L09,#56,GW252/13600,(3)待机状态,3,2025-09-02 10:14:39,2025-09-02 10:16:13,94,0.03
772,L09,#56,GW252/13600,(2)停机状态,2,2025-09-02 10:14:35,2025-09-02 10:14:39,4,0
773,L09,#56,GW252/13600,(1)停机过程,1,2025-09-02 10:13:42,2025-09-02 10:14:35,53,0.01
774,L09,#56,GW252/13600,(5)发电状态,5,2025-09-02 09:44:51,2025-09-02 10:13:42,1731,0.48
775,L09,#56,GW252/13600,(4)启机状态,4,2025-09-02 09:41:53,2025-09-02 09:44:51,178,0.05
776,L09,#56,GW252/13600,(3)待机状态,3,2025-09-02 09:40:48,2025-09-02 09:41:53,65,0.02
777,L09,#56,GW252/13600,(2)停机状态,2,2025-09-02 09:40:47,2025-09-02 09:40:48,1,0
778,L09,#56,GW252/13600,(1)停机过程,1,2025-09-02 09:40:15,2025-09-02 09:40:47,32,0.01
779,L09,#56,GW252/13600,(4)启机状态,4,2025-09-02 09:35:15,2025-09-02 09:40:15,300,0.08
780,L09,#56,GW252/13600,(3)待机状态,3,2025-09-02 09:34:10,2025-09-02 09:35:15,65,0.02
781,L09,#56,GW252/13600,(2)停机状态,2,2025-09-02 09:34:07,2025-09-02 09:34:10,3,0
782,L09,#56,GW252/13600,(1)停机过程,1,2025-09-02 09:33:36,2025-09-02 09:34:07,31,0.01
783,L09,#56,GW252/13600,(4)启机状态,4,2025-09-02 09:28:36,2025-09-02 09:33:36,300,0.08
784,L09,#56,GW252/13600,(3)待机状态,3,2025-09-02 09:26:49,2025-09-02 09:28:36,107,0.03
785,L09,#56,GW252/13600,(2)停机状态,2,2025-09-02 09:26:48,2025-09-02 09:26:49,1,0
786,L09,#56,GW252/13600,(1)停机过程,1,2025-09-02 09:26:17,2025-09-02 09:26:48,31,0.01
787,L09,#56,GW252/13600,(4)启机状态,4,2025-09-02 09:21:16,2025-09-02 09:26:17,301,0.08
788,L09,#56,GW252/13600,(3)待机状态,3,2025-09-02 09:19:00,2025-09-02 09:21:16,136,0.04
789,L09,#56,GW252/13600,(2)停机状态,2,2025-09-02 08:42:25,2025-09-02 09:19:00,2195,0.61
790,L09,#56,GW252/13600,(1)停机过程,1,2025-09-02 08:41:52,2025-09-02 08:42:25,33,0.01
791,L09,#56,GW252/13600,(4)启机状态,4,2025-09-02 08:36:52,2025-09-02 08:41:52,300,0.08
792,L09,#56,GW252/13600,(3)待机状态,3,2025-09-02 07:47:44,2025-09-02 08:36:52,2948,0.82
793,L09,#56,GW252/13600,(2)停机状态,2,2025-09-02 07:47:13,2025-09-02 07:47:44,31,0.01
794,L09,#56,GW252/13600,(1)停机过程,1,2025-09-02 07:46:42,2025-09-02 07:47:13,31,0.01
795,L09,#56,GW252/13600,(4)启机状态,4,2025-09-02 07:41:42,2025-09-02 07:46:42,300,0.08
796,L09,#56,GW252/13600,(3)待机状态,3,2025-09-02 03:24:24,2025-09-02 07:41:42,15438,4.29
797,L09,#56,GW252/13600,(1)停机过程,1,2025-09-02 03:23:52,2025-09-02 03:24:24,32,0.01
798,L09,#56,GW252/13600,(4)启机状态,4,2025-09-02 03:18:53,2025-09-02 03:23:52,299,0.08
799,L09,#56,GW252/13600,(3)待机状态,3,2025-09-02 03:17:40,2025-09-02 03:18:53,73,0.02
800,L09,#56,GW252/13600,(2)停机状态,2,2025-09-02 03:17:37,2025-09-02 03:17:40,3,0
801,L09,#56,GW252/13600,(1)停机过程,1,2025-09-02 03:17:04,2025-09-02 03:17:37,33,0.01
802,L09,#56,GW252/13600,(4)启机状态,4,2025-09-02 03:12:04,2025-09-02 03:17:04,300,0.08
803,L09,#56,GW252/13600,(3)待机状态,3,2025-09-02 03:10:48,2025-09-02 03:12:04,76,0.02
804,L09,#56,GW252/13600,(2)停机状态,2,2025-09-02 03:10:46,2025-09-02 03:10:48,2,0
805,L09,#56,GW252/13600,(1)停机过程,1,2025-09-02 03:10:16,2025-09-02 03:10:46,30,0.01
806,L09,#56,GW252/13600,(4)启机状态,4,2025-09-02 03:05:15,2025-09-02 03:10:16,301,0.08
807,L09,#56,GW252/13600,(3)待机状态,3,2025-09-02 03:03:00,2025-09-02 03:05:15,135,0.04
808,L09,#56,GW252/13600,(2)停机状态,2,2025-09-02 03:02:59,2025-09-02 03:03:00,1,0
809,L09,#56,GW252/13600,(1)停机过程,1,2025-09-02 03:02:27,2025-09-02 03:02:59,32,0.01
810,L09,#56,GW252/13600,(4)启机状态,4,2025-09-02 02:57:26,2025-09-02 03:02:27,301,0.08
811,L09,#56,GW252/13600,(3)待机状态,3,2025-09-02 02:56:09,2025-09-02 02:57:26,77,0.02
812,L09,#56,GW252/13600,(2)停机状态,2,2025-09-02 02:56:00,2025-09-02 02:56:09,9,0
813,L09,#56,GW252/13600,(1)停机过程,1,2025-09-02 02:55:06,2025-09-02 02:56:00,54,0.02
814,L09,#56,GW252/13600,(5)发电状态,5,2025-09-02 01:59:51,2025-09-02 02:55:06,3315,0.92
815,L09,#56,GW252/13600,(4)启机状态,4,2025-09-02 01:57:28,2025-09-02 01:59:51,143,0.04
816,L09,#56,GW252/13600,(3)待机状态,3,2025-09-02 01:54:48,2025-09-02 01:57:28,160,0.04
817,L09,#56,GW252/13600,(2)停机状态,2,2025-09-02 01:53:31,2025-09-02 01:54:48,77,0.02
818,L09,#56,GW252/13600,(1)停机过程,1,2025-09-02 01:52:39,2025-09-02 01:53:31,52,0.01
819,L09,#56,GW252/13600,(5)发电状态,5,2025-09-01 07:51:18,2025-09-02 01:52:39,64881,18.02
820,L09,#56,GW252/13600,(4)启机状态,4,2025-09-01 07:47:55,2025-09-01 07:51:18,203,0.06
821,L09,#56,GW252/13600,(3)待机状态,3,2025-09-01 07:46:48,2025-09-01 07:47:55,67,0.02
822,L09,#56,GW252/13600,(2)停机状态,2,2025-09-01 07:46:46,2025-09-01 07:46:48,2,0
823,L09,#56,GW252/13600,(1)停机过程,1,2025-09-01 07:46:15,2025-09-01 07:46:46,31,0.01
824,L09,#56,GW252/13600,(4)启机状态,4,2025-09-01 07:41:15,2025-09-01 07:46:15,300,0.08
825,L09,#56,GW252/13600,(3)待机状态,3,2025-09-01 07:40:00,2025-09-01 07:41:15,75,0.02
826,L09,#56,GW252/13600,(2)停机状态,2,2025-09-01 07:39:59,2025-09-01 07:40:00,1,0
827,L09,#56,GW252/13600,(1)停机过程,1,2025-09-01 07:39:26,2025-09-01 07:39:59,33,0.01
828,L09,#56,GW252/13600,(4)启机状态,4,2025-09-01 07:34:27,2025-09-01 07:39:26,299,0.08
829,L09,#56,GW252/13600,(3)待机状态,3,2025-09-01 07:33:18,2025-09-01 07:34:27,69,0.02
830,L09,#56,GW252/13600,(2)停机状态,2,2025-09-01 07:33:17,2025-09-01 07:33:18,1,0
831,L09,#56,GW252/13600,(1)停机过程,1,2025-09-01 07:32:47,2025-09-01 07:33:17,30,0.01
832,L09,#56,GW252/13600,(4)启机状态,4,2025-09-01 07:27:47,2025-09-01 07:32:47,300,0.08
833,L09,#56,GW252/13600,(3)待机状态,3,2025-09-01 07:25:03,2025-09-01 07:27:47,164,0.05
834,L09,#56,GW252/13600,(2)停机状态,2,2025-09-01 07:25:01,2025-09-01 07:25:03,2,0
835,L09,#56,GW252/13600,(1)停机过程,1,2025-09-01 07:24:09,2025-09-01 07:25:01,52,0.01
836,L09,#56,GW252/13600,(5)发电状态,5,2025-09-01 05:27:30,2025-09-01 07:24:09,6999,1.94
837,L09,#56,GW252/13600,(4)启机状态,4,2025-09-01 05:24:29,2025-09-01 05:27:30,181,0.05
838,L09,#56,GW252/13600,(3)待机状态,3,2025-09-01 05:23:30,2025-09-01 05:24:29,59,0.02
839,L09,#56,GW252/13600,(2)停机状态,2,2025-09-01 05:23:29,2025-09-01 05:23:30,1,0
840,L09,#56,GW252/13600,(1)停机过程,1,2025-09-01 05:22:57,2025-09-01 05:23:29,32,0.01
841,L09,#56,GW252/13600,(4)启机状态,4,2025-09-01 05:17:58,2025-09-01 05:22:57,299,0.08
842,L09,#56,GW252/13600,(3)待机状态,3,2025-09-01 05:15:40,2025-09-01 05:17:58,138,0.04
843,L09,#56,GW252/13600,(2)停机状态,2,2025-09-01 05:15:33,2025-09-01 05:15:40,7,0
844,L09,#56,GW252/13600,(1)停机过程,1,2025-09-01 05:15:00,2025-09-01 05:15:33,33,0.01
845,L09,#56,GW252/13600,(4)启机状态,4,2025-09-01 05:10:00,2025-09-01 05:15:00,300,0.08
846,L09,#56,GW252/13600,(3)待机状态,3,2025-09-01 05:00:28,2025-09-01 05:10:00,572,0.16
847,L09,#56,GW252/13600,(2)停机状态,2,2025-09-01 05:00:26,2025-09-01 05:00:28,2,0
848,L09,#56,GW252/13600,(1)停机过程,1,2025-09-01 04:59:55,2025-09-01 05:00:26,31,0.01
849,L09,#56,GW252/13600,(4)启机状态,4,2025-09-01 04:54:55,2025-09-01 04:59:55,300,0.08
850,L09,#56,GW252/13600,(3)待机状态,3,2025-09-01 04:48:45,2025-09-01 04:54:55,370,0.1
851,L09,#56,GW252/13600,(2)停机状态,2,2025-09-01 04:48:44,2025-09-01 04:48:45,1,0
852,L09,#56,GW252/13600,(1)停机过程,1,2025-09-01 04:47:53,2025-09-01 04:48:44,51,0.01
853,L09,#56,GW252/13600,(5)发电状态,5,2025-08-29 20:40:43,2025-09-01 04:47:53,202030,56.12
854,L09,#56,GW252/13600,(4)启机状态,4,2025-08-29 20:40:08,2025-08-29 20:40:43,35,0.01
855,L09,#56,GW252/13600,(3)待机状态,3,2025-08-29 20:39:35,2025-08-29 20:40:08,33,0.01
856,L09,#56,GW252/13600,(2)停机状态,2,2025-08-29 20:09:50,2025-08-29 20:39:35,1785,0.5
857,L09,#56,GW252/13600,(1)停机过程,1,2025-08-29 20:09:07,2025-08-29 20:09:50,43,0.01
858,L09,#56,GW252/13600,(5)发电状态,5,2025-08-29 19:39:46,2025-08-29 20:09:07,1761,0.49
859,L09,#56,GW252/13600,(4)启机状态,4,2025-08-29 19:39:11,2025-08-29 19:39:46,35,0.01
860,L09,#56,GW252/13600,(3)待机状态,3,2025-08-29 19:38:41,2025-08-29 19:39:11,30,0.01
861,L09,#56,GW252/13600,(2)停机状态,2,2025-08-29 19:38:34,2025-08-29 19:38:41,7,0
862,L09,#56,GW252/13600,(1)停机过程,1,2025-08-29 19:38:23,2025-08-29 19:38:34,11,0
863,L09,#56,GW252/13600,(9)维护状态,9,2025-08-29 19:37:37,2025-08-29 19:38:23,46,0.01
864,L09,#56,GW252/13600,(2)停机状态,2,2025-08-29 16:22:44,2025-08-29 19:37:37,11693,3.25
865,L09,#56,GW252/13600,(1)停机过程,1,2025-08-29 16:22:34,2025-08-29 16:22:44,10,0
866,L09,#56,GW252/13600,(9)维护状态,9,2025-08-29 16:10:12,2025-08-29 16:22:34,742,0.21
867,L09,#56,GW252/13600,(2)停机状态,2,2025-08-29 16:05:52,2025-08-29 16:10:12,260,0.07
868,L09,#56,GW252/13600,(1)停机过程,1,2025-08-29 16:05:12,2025-08-29 16:05:52,40,0.01
869,L09,#56,GW252/13600,(5)发电状态,5,2025-08-27 19:52:06,2025-08-29 16:05:12,159186,44.22
870,L09,#56,GW252/13600,(4)启机状态,4,2025-08-27 19:48:54,2025-08-27 19:52:06,192,0.05
871,L09,#56,GW252/13600,(3)待机状态,3,2025-08-27 19:47:49,2025-08-27 19:48:54,65,0.02
872,L09,#56,GW252/13600,(2)停机状态,2,2025-08-27 19:47:47,2025-08-27 19:47:49,2,0
873,L09,#56,GW252/13600,(1)停机过程,1,2025-08-27 19:47:17,2025-08-27 19:47:47,30,0.01
874,L09,#56,GW252/13600,(4)启机状态,4,2025-08-27 19:42:17,2025-08-27 19:47:17,300,0.08
875,L09,#56,GW252/13600,(3)待机状态,3,2025-08-27 19:40:57,2025-08-27 19:42:17,80,0.02
876,L09,#56,GW252/13600,(2)停机状态,2,2025-08-27 19:40:55,2025-08-27 19:40:57,2,0
877,L09,#56,GW252/13600,(1)停机过程,1,2025-08-27 19:40:23,2025-08-27 19:40:55,32,0.01
878,L09,#56,GW252/13600,(4)启机状态,4,2025-08-27 19:35:24,2025-08-27 19:40:23,299,0.08
879,L09,#56,GW252/13600,(3)待机状态,3,2025-08-27 19:34:01,2025-08-27 19:35:24,83,0.02
880,L09,#56,GW252/13600,(1)停机过程,1,2025-08-27 19:33:29,2025-08-27 19:34:01,32,0.01
881,L09,#56,GW252/13600,(4)启机状态,4,2025-08-27 19:28:29,2025-08-27 19:33:29,300,0.08
882,L09,#56,GW252/13600,(3)待机状态,3,2025-08-27 19:27:13,2025-08-27 19:28:29,76,0.02
883,L09,#56,GW252/13600,(2)停机状态,2,2025-08-27 19:27:12,2025-08-27 19:27:13,1,0
884,L09,#56,GW252/13600,(1)停机过程,1,2025-08-27 19:26:41,2025-08-27 19:27:12,31,0.01
885,L09,#56,GW252/13600,(4)启机状态,4,2025-08-27 19:21:41,2025-08-27 19:26:41,300,0.08
886,L09,#56,GW252/13600,(3)待机状态,3,2025-08-27 19:20:30,2025-08-27 19:21:41,71,0.02
887,L09,#56,GW252/13600,(2)停机状态,2,2025-08-27 19:20:27,2025-08-27 19:20:30,3,0
888,L09,#56,GW252/13600,(1)停机过程,1,2025-08-27 19:19:54,2025-08-27 19:20:27,33,0.01
889,L09,#56,GW252/13600,(4)启机状态,4,2025-08-27 19:14:54,2025-08-27 19:19:54,300,0.08
890,L09,#56,GW252/13600,(3)待机状态,3,2025-08-27 19:04:03,2025-08-27 19:14:54,651,0.18
891,L09,#56,GW252/13600,(2)停机状态,2,2025-08-27 18:51:34,2025-08-27 19:04:03,749,0.21
892,L09,#56,GW252/13600,(1)停机过程,1,2025-08-27 18:51:01,2025-08-27 18:51:34,33,0.01
893,L09,#56,GW252/13600,(3)待机状态,3,2025-08-27 13:53:02,2025-08-27 18:51:01,17879,4.97
894,L09,#56,GW252/13600,(2)停机状态,2,2025-08-27 13:53:00,2025-08-27 13:53:02,2,0
895,L09,#56,GW252/13600,(1)停机过程,1,2025-08-27 13:52:30,2025-08-27 13:53:00,30,0.01
896,L09,#56,GW252/13600,(4)启机状态,4,2025-08-27 13:47:29,2025-08-27 13:52:30,301,0.08
897,L09,#56,GW252/13600,(3)待机状态,3,2025-08-27 13:25:44,2025-08-27 13:47:29,1305,0.36
898,L09,#56,GW252/13600,(2)停机状态,2,2025-08-27 13:25:42,2025-08-27 13:25:44,2,0
899,L09,#56,GW252/13600,(1)停机过程,1,2025-08-27 13:25:10,2025-08-27 13:25:42,32,0.01
900,L09,#56,GW252/13600,(4)启机状态,4,2025-08-27 13:20:10,2025-08-27 13:25:10,300,0.08
901,L09,#56,GW252/13600,(3)待机状态,3,2025-08-27 13:18:44,2025-08-27 13:20:10,86,0.02
902,L09,#56,GW252/13600,(2)停机状态,2,2025-08-27 13:18:43,2025-08-27 13:18:44,1,0
903,L09,#56,GW252/13600,(1)停机过程,1,2025-08-27 13:18:13,2025-08-27 13:18:43,30,0.01
904,L09,#56,GW252/13600,(4)启机状态,4,2025-08-27 13:13:13,2025-08-27 13:18:13,300,0.08
905,L09,#56,GW252/13600,(3)待机状态,3,2025-08-27 12:37:59,2025-08-27 13:13:13,2114,0.59
906,L09,#56,GW252/13600,(2)停机状态,2,2025-08-27 12:36:01,2025-08-27 12:37:59,118,0.03
907,L09,#56,GW252/13600,(1)停机过程,1,2025-08-27 12:35:28,2025-08-27 12:36:01,33,0.01
908,L09,#56,GW252/13600,(4)启机状态,4,2025-08-27 12:30:28,2025-08-27 12:35:28,300,0.08
909,L09,#56,GW252/13600,(3)待机状态,3,2025-08-27 12:29:15,2025-08-27 12:30:28,73,0.02
910,L09,#56,GW252/13600,(2)停机状态,2,2025-08-27 12:29:14,2025-08-27 12:29:15,1,0
911,L09,#56,GW252/13600,(1)停机过程,1,2025-08-27 12:28:43,2025-08-27 12:29:14,31,0.01
912,L09,#56,GW252/13600,(4)启机状态,4,2025-08-27 12:23:43,2025-08-27 12:28:43,300,0.08
913,L09,#56,GW252/13600,(3)待机状态,3,2025-08-27 12:22:38,2025-08-27 12:23:43,65,0.02
914,L09,#56,GW252/13600,(2)停机状态,2,2025-08-27 12:22:37,2025-08-27 12:22:38,1,0
915,L09,#56,GW252/13600,(1)停机过程,1,2025-08-27 12:22:05,2025-08-27 12:22:37,32,0.01
916,L09,#56,GW252/13600,(4)启机状态,4,2025-08-27 12:17:06,2025-08-27 12:22:05,299,0.08
917,L09,#56,GW252/13600,(3)待机状态,3,2025-08-27 12:16:00,2025-08-27 12:17:06,66,0.02
918,L09,#56,GW252/13600,(2)停机状态,2,2025-08-27 12:15:59,2025-08-27 12:16:00,1,0
919,L09,#56,GW252/13600,(1)停机过程,1,2025-08-27 12:15:29,2025-08-27 12:15:59,30,0.01
920,L09,#56,GW252/13600,(4)启机状态,4,2025-08-27 12:10:29,2025-08-27 12:15:29,300,0.08
921,L09,#56,GW252/13600,(3)待机状态,3,2025-08-27 12:07:32,2025-08-27 12:10:29,177,0.05
922,L09,#56,GW252/13600,(1)停机过程,1,2025-08-27 12:07:01,2025-08-27 12:07:32,31,0.01
923,L09,#56,GW252/13600,(4)启机状态,4,2025-08-27 12:02:01,2025-08-27 12:07:01,300,0.08
924,L09,#56,GW252/13600,(3)待机状态,3,2025-08-27 12:00:28,2025-08-27 12:02:01,93,0.03
925,L09,#56,GW252/13600,(2)停机状态,2,2025-08-27 12:00:25,2025-08-27 12:00:28,3,0
926,L09,#56,GW252/13600,(1)停机过程,1,2025-08-27 11:59:54,2025-08-27 12:00:25,31,0.01
927,L09,#56,GW252/13600,(4)启机状态,4,2025-08-27 11:54:54,2025-08-27 11:59:54,300,0.08
928,L09,#56,GW252/13600,(3)待机状态,3,2025-08-27 11:53:42,2025-08-27 11:54:54,72,0.02
929,L09,#56,GW252/13600,(2)停机状态,2,2025-08-27 11:53:41,2025-08-27 11:53:42,1,0
930,L09,#56,GW252/13600,(1)停机过程,1,2025-08-27 11:53:08,2025-08-27 11:53:41,33,0.01
931,L09,#56,GW252/13600,(4)启机状态,4,2025-08-27 11:48:09,2025-08-27 11:53:08,299,0.08
932,L09,#56,GW252/13600,(3)待机状态,3,2025-08-27 11:46:56,2025-08-27 11:48:09,73,0.02
933,L09,#56,GW252/13600,(2)停机状态,2,2025-08-27 11:46:54,2025-08-27 11:46:56,2,0
934,L09,#56,GW252/13600,(1)停机过程,1,2025-08-27 11:46:22,2025-08-27 11:46:54,32,0.01
935,L09,#56,GW252/13600,(4)启机状态,4,2025-08-27 11:41:22,2025-08-27 11:46:22,300,0.08
936,L09,#56,GW252/13600,(3)待机状态,3,2025-08-27 11:39:59,2025-08-27 11:41:22,83,0.02
937,L09,#56,GW252/13600,(2)停机状态,2,2025-08-27 11:39:57,2025-08-27 11:39:59,2,0
938,L09,#56,GW252/13600,(1)停机过程,1,2025-08-27 11:39:26,2025-08-27 11:39:57,31,0.01
939,L09,#56,GW252/13600,(4)启机状态,4,2025-08-27 11:34:26,2025-08-27 11:39:26,300,0.08
940,L09,#56,GW252/13600,(3)待机状态,3,2025-08-27 11:33:10,2025-08-27 11:34:26,76,0.02
941,L09,#56,GW252/13600,(2)停机状态,2,2025-08-27 11:33:08,2025-08-27 11:33:10,2,0
942,L09,#56,GW252/13600,(1)停机过程,1,2025-08-27 11:32:36,2025-08-27 11:33:08,32,0.01
943,L09,#56,GW252/13600,(4)启机状态,4,2025-08-27 11:27:35,2025-08-27 11:32:36,301,0.08
944,L09,#56,GW252/13600,(3)待机状态,3,2025-08-27 11:26:11,2025-08-27 11:27:35,84,0.02
945,L09,#56,GW252/13600,(2)停机状态,2,2025-08-27 11:26:04,2025-08-27 11:26:11,7,0
946,L09,#56,GW252/13600,(1)停机过程,1,2025-08-27 11:25:10,2025-08-27 11:26:04,54,0.02
947,L09,#56,GW252/13600,(5)发电状态,5,2025-08-27 11:12:23,2025-08-27 11:25:10,767,0.21
948,L09,#56,GW252/13600,(4)启机状态,4,2025-08-27 11:08:44,2025-08-27 11:12:23,219,0.06
949,L09,#56,GW252/13600,(3)待机状态,3,2025-08-27 11:07:48,2025-08-27 11:08:44,56,0.02
950,L09,#56,GW252/13600,(2)停机状态,2,2025-08-27 11:07:47,2025-08-27 11:07:48,1,0
951,L09,#56,GW252/13600,(1)停机过程,1,2025-08-27 11:07:15,2025-08-27 11:07:47,32,0.01
952,L09,#56,GW252/13600,(4)启机状态,4,2025-08-27 11:02:15,2025-08-27 11:07:15,300,0.08
953,L09,#56,GW252/13600,(3)待机状态,3,2025-08-27 11:01:00,2025-08-27 11:02:15,75,0.02
954,L09,#56,GW252/13600,(2)停机状态,2,2025-08-27 11:00:58,2025-08-27 11:01:00,2,0
955,L09,#56,GW252/13600,(1)停机过程,1,2025-08-27 11:00:26,2025-08-27 11:00:58,32,0.01
956,L09,#56,GW252/13600,(4)启机状态,4,2025-08-27 10:55:26,2025-08-27 11:00:26,300,0.08
957,L09,#56,GW252/13600,(3)待机状态,3,2025-08-27 10:54:20,2025-08-27 10:55:26,66,0.02
958,L09,#56,GW252/13600,(2)停机状态,2,2025-08-27 10:54:19,2025-08-27 10:54:20,1,0
959,L09,#56,GW252/13600,(1)停机过程,1,2025-08-27 10:53:47,2025-08-27 10:54:19,32,0.01
960,L09,#56,GW252/13600,(4)启机状态,4,2025-08-27 10:48:47,2025-08-27 10:53:47,300,0.08
961,L09,#56,GW252/13600,(3)待机状态,3,2025-08-27 10:47:15,2025-08-27 10:48:47,92,0.03
962,L09,#56,GW252/13600,(2)停机状态,2,2025-08-27 10:47:14,2025-08-27 10:47:15,1,0
963,L09,#56,GW252/13600,(1)停机过程,1,2025-08-27 10:46:42,2025-08-27 10:47:14,32,0.01
964,L09,#56,GW252/13600,(4)启机状态,4,2025-08-27 10:41:43,2025-08-27 10:46:42,299,0.08
965,L09,#56,GW252/13600,(3)待机状态,3,2025-08-27 10:40:19,2025-08-27 10:41:43,84,0.02
966,L09,#56,GW252/13600,(2)停机状态,2,2025-08-27 10:40:17,2025-08-27 10:40:19,2,0
967,L09,#56,GW252/13600,(1)停机过程,1,2025-08-27 10:39:45,2025-08-27 10:40:17,32,0.01
968,L09,#56,GW252/13600,(4)启机状态,4,2025-08-27 10:34:45,2025-08-27 10:39:45,300,0.08
969,L09,#56,GW252/13600,(3)待机状态,3,2025-08-27 10:33:19,2025-08-27 10:34:45,86,0.02
970,L09,#56,GW252/13600,(2)停机状态,2,2025-08-27 10:33:18,2025-08-27 10:33:19,1,0
971,L09,#56,GW252/13600,(1)停机过程,1,2025-08-27 10:32:46,2025-08-27 10:33:18,32,0.01
972,L09,#56,GW252/13600,(4)启机状态,4,2025-08-27 10:27:46,2025-08-27 10:32:46,300,0.08
973,L09,#56,GW252/13600,(3)待机状态,3,2025-08-27 10:26:36,2025-08-27 10:27:46,70,0.02
974,L09,#56,GW252/13600,(2)停机状态,2,2025-08-27 10:26:35,2025-08-27 10:26:36,1,0
975,L09,#56,GW252/13600,(1)停机过程,1,2025-08-27 10:26:04,2025-08-27 10:26:35,31,0.01
976,L09,#56,GW252/13600,(4)启机状态,4,2025-08-27 10:21:03,2025-08-27 10:26:04,301,0.08
977,L09,#56,GW252/13600,(3)待机状态,3,2025-08-27 10:19:43,2025-08-27 10:21:03,80,0.02
978,L09,#56,GW252/13600,(1)停机过程,1,2025-08-27 10:19:11,2025-08-27 10:19:43,32,0.01
979,L09,#56,GW252/13600,(4)启机状态,4,2025-08-27 10:14:11,2025-08-27 10:19:11,300,0.08
980,L09,#56,GW252/13600,(3)待机状态,3,2025-08-27 10:13:03,2025-08-27 10:14:11,68,0.02
981,L09,#56,GW252/13600,(2)停机状态,2,2025-08-27 10:13:01,2025-08-27 10:13:03,2,0
982,L09,#56,GW252/13600,(1)停机过程,1,2025-08-27 10:12:30,2025-08-27 10:13:01,31,0.01
983,L09,#56,GW252/13600,(4)启机状态,4,2025-08-27 10:07:30,2025-08-27 10:12:30,300,0.08
984,L09,#56,GW252/13600,(3)待机状态,3,2025-08-27 10:06:14,2025-08-27 10:07:30,76,0.02
985,L09,#56,GW252/13600,(2)停机状态,2,2025-08-27 10:06:13,2025-08-27 10:06:14,1,0
986,L09,#56,GW252/13600,(1)停机过程,1,2025-08-27 10:05:42,2025-08-27 10:06:13,31,0.01
987,L09,#56,GW252/13600,(4)启机状态,4,2025-08-27 10:00:42,2025-08-27 10:05:42,300,0.08
988,L09,#56,GW252/13600,(3)待机状态,3,2025-08-27 09:58:25,2025-08-27 10:00:42,137,0.04
989,L09,#56,GW252/13600,(2)停机状态,2,2025-08-27 09:58:23,2025-08-27 09:58:25,2,0
990,L09,#56,GW252/13600,(1)停机过程,1,2025-08-27 09:57:52,2025-08-27 09:58:23,31,0.01
991,L09,#56,GW252/13600,(4)启机状态,4,2025-08-27 09:52:51,2025-08-27 09:57:52,301,0.08
992,L09,#56,GW252/13600,(3)待机状态,3,2025-08-27 09:51:42,2025-08-27 09:52:51,69,0.02
993,L09,#56,GW252/13600,(2)停机状态,2,2025-08-27 09:51:40,2025-08-27 09:51:42,2,0
994,L09,#56,GW252/13600,(1)停机过程,1,2025-08-27 09:51:09,2025-08-27 09:51:40,31,0.01
995,L09,#56,GW252/13600,(4)启机状态,4,2025-08-27 09:46:09,2025-08-27 09:51:09,300,0.08
996,L09,#56,GW252/13600,(3)待机状态,3,2025-08-27 09:41:11,2025-08-27 09:46:09,298,0.08
997,L09,#56,GW252/13600,(2)停机状态,2,2025-08-27 09:41:04,2025-08-27 09:41:11,7,0
998,L09,#56,GW252/13600,(1)停机过程,1,2025-08-27 09:40:32,2025-08-27 09:41:04,32,0.01
999,L09,#56,GW252/13600,(4)启机状态,4,2025-08-27 09:35:32,2025-08-27 09:40:32,300,0.08
1000,L09,#56,GW252/13600,(3)待机状态,3,2025-08-27 09:33:55,2025-08-27 09:35:32,97,0.03
1001,L09,#56,GW252/13600,(2)停机状态,2,2025-08-27 09:33:54,2025-08-27 09:33:55,1,0
1002,L09,#56,GW252/13600,(1)停机过程,1,2025-08-27 09:33:21,2025-08-27 09:33:54,33,0.01
1003,L09,#56,GW252/13600,(4)启机状态,4,2025-08-27 09:28:21,2025-08-27 09:33:21,300,0.08
1004,L09,#56,GW252/13600,(3)待机状态,3,2025-08-27 09:26:54,2025-08-27 09:28:21,87,0.02
1005,L09,#56,GW252/13600,(2)停机状态,2,2025-08-27 09:26:53,2025-08-27 09:26:54,1,0
1006,L09,#56,GW252/13600,(1)停机过程,1,2025-08-27 09:26:20,2025-08-27 09:26:53,33,0.01
1007,L09,#56,GW252/13600,(4)启机状态,4,2025-08-27 09:21:20,2025-08-27 09:26:20,300,0.08
1008,L09,#56,GW252/13600,(3)待机状态,3,2025-08-27 09:18:44,2025-08-27 09:21:20,156,0.04
1009,L09,#56,GW252/13600,(2)停机状态,2,2025-08-27 09:17:46,2025-08-27 09:18:44,58,0.02
1010,L09,#56,GW252/13600,(1)停机过程,1,2025-08-27 09:17:15,2025-08-27 09:17:46,31,0.01
1011,L09,#56,GW252/13600,(4)启机状态,4,2025-08-27 09:12:16,2025-08-27 09:17:15,299,0.08
1012,L09,#56,GW252/13600,(3)待机状态,3,2025-08-27 09:10:55,2025-08-27 09:12:16,81,0.02
1013,L09,#56,GW252/13600,(2)停机状态,2,2025-08-27 09:10:54,2025-08-27 09:10:55,1,0
1014,L09,#56,GW252/13600,(1)停机过程,1,2025-08-27 09:10:21,2025-08-27 09:10:54,33,0.01
1015,L09,#56,GW252/13600,(4)启机状态,4,2025-08-27 09:05:21,2025-08-27 09:10:21,300,0.08
1016,L09,#56,GW252/13600,(3)待机状态,3,2025-08-27 09:02:09,2025-08-27 09:05:21,192,0.05
1017,L09,#56,GW252/13600,(2)停机状态,2,2025-08-27 09:02:08,2025-08-27 09:02:09,1,0
1018,L09,#56,GW252/13600,(1)停机过程,1,2025-08-27 09:01:36,2025-08-27 09:02:08,32,0.01
1019,L09,#56,GW252/13600,(4)启机状态,4,2025-08-27 08:56:37,2025-08-27 09:01:36,299,0.08
1020,L09,#56,GW252/13600,(3)待机状态,3,2025-08-27 08:55:26,2025-08-27 08:56:37,71,0.02
1021,L09,#56,GW252/13600,(2)停机状态,2,2025-08-27 08:55:24,2025-08-27 08:55:26,2,0
1022,L09,#56,GW252/13600,(1)停机过程,1,2025-08-27 08:54:52,2025-08-27 08:55:24,32,0.01
1023,L09,#56,GW252/13600,(4)启机状态,4,2025-08-27 08:49:52,2025-08-27 08:54:52,300,0.08
1024,L09,#56,GW252/13600,(3)待机状态,3,2025-08-27 08:48:33,2025-08-27 08:49:52,79,0.02
1025,L09,#56,GW252/13600,(2)停机状态,2,2025-08-27 08:48:32,2025-08-27 08:48:33,1,0
1026,L09,#56,GW252/13600,(1)停机过程,1,2025-08-27 08:48:01,2025-08-27 08:48:32,31,0.01
1027,L09,#56,GW252/13600,(4)启机状态,4,2025-08-27 08:43:01,2025-08-27 08:48:01,300,0.08
1028,L09,#56,GW252/13600,(3)待机状态,3,2025-08-27 08:40:59,2025-08-27 08:43:01,122,0.03
1029,L09,#56,GW252/13600,(2)停机状态,2,2025-08-27 08:39:32,2025-08-27 08:40:59,87,0.02
1030,L09,#56,GW252/13600,(1)停机过程,1,2025-08-27 08:38:59,2025-08-27 08:39:32,33,0.01
1031,L09,#56,GW252/13600,(4)启机状态,4,2025-08-27 08:33:59,2025-08-27 08:38:59,300,0.08
1032,L09,#56,GW252/13600,(3)待机状态,3,2025-08-27 08:24:54,2025-08-27 08:33:59,545,0.15
1033,L09,#56,GW252/13600,(2)停机状态,2,2025-08-27 08:24:53,2025-08-27 08:24:54,1,0
1034,L09,#56,GW252/13600,(1)停机过程,1,2025-08-27 08:24:20,2025-08-27 08:24:53,33,0.01
1035,L09,#56,GW252/13600,(4)启机状态,4,2025-08-27 08:19:20,2025-08-27 08:24:20,300,0.08
1036,L09,#56,GW252/13600,(3)待机状态,3,2025-08-27 08:16:21,2025-08-27 08:19:20,179,0.05
1037,L09,#56,GW252/13600,(2)停机状态,2,2025-08-27 08:16:20,2025-08-27 08:16:21,1,0
1038,L09,#56,GW252/13600,(1)停机过程,1,2025-08-27 08:15:47,2025-08-27 08:16:20,33,0.01
1039,L09,#56,GW252/13600,(4)启机状态,4,2025-08-27 08:10:48,2025-08-27 08:15:47,299,0.08
1040,L09,#56,GW252/13600,(3)待机状态,3,2025-08-27 08:08:19,2025-08-27 08:10:48,149,0.04
1041,L09,#56,GW252/13600,(1)停机过程,1,2025-08-27 08:07:46,2025-08-27 08:08:19,33,0.01
1042,L09,#56,GW252/13600,(4)启机状态,4,2025-08-27 08:02:45,2025-08-27 08:07:46,301,0.08
1043,L09,#56,GW252/13600,(3)待机状态,3,2025-08-27 03:30:31,2025-08-27 08:02:45,16334,4.54
1044,L09,#56,GW252/13600,(2)停机状态,2,2025-08-27 03:27:48,2025-08-27 03:30:31,163,0.05
1045,L09,#56,GW252/13600,(1)停机过程,1,2025-08-27 03:27:17,2025-08-27 03:27:48,31,0.01
1046,L09,#56,GW252/13600,(4)启机状态,4,2025-08-27 03:22:17,2025-08-27 03:27:17,300,0.08
1047,L09,#56,GW252/13600,(3)待机状态,3,2025-08-27 03:12:22,2025-08-27 03:22:17,595,0.17
1048,L09,#56,GW252/13600,(2)停机状态,2,2025-08-27 03:11:05,2025-08-27 03:12:22,77,0.02
1049,L09,#56,GW252/13600,(1)停机过程,1,2025-08-27 03:10:32,2025-08-27 03:11:05,33,0.01
1050,L09,#56,GW252/13600,(4)启机状态,4,2025-08-27 03:05:32,2025-08-27 03:10:32,300,0.08
1051,L09,#56,GW252/13600,(3)待机状态,3,2025-08-27 03:03:50,2025-08-27 03:05:32,102,0.03
1052,L09,#56,GW252/13600,(2)停机状态,2,2025-08-27 03:03:49,2025-08-27 03:03:50,1,0
1053,L09,#56,GW252/13600,(1)停机过程,1,2025-08-27 03:02:55,2025-08-27 03:03:49,54,0.02
1054,L09,#56,GW252/13600,(5)发电状态,5,2025-08-26 14:04:56,2025-08-27 03:02:55,46679,12.97
1055,L09,#56,GW252/13600,(4)启机状态,4,2025-08-26 14:03:47,2025-08-26 14:04:56,69,0.02
1056,L09,#56,GW252/13600,(3)待机状态,3,2025-08-26 14:03:01,2025-08-26 14:03:47,46,0.01
1057,L09,#56,GW252/13600,(2)停机状态,2,2025-08-26 13:26:21,2025-08-26 14:03:01,2200,0.61
1058,L09,#56,GW252/13600,(1)停机过程,1,2025-08-26 13:25:32,2025-08-26 13:26:21,49,0.01
1059,L09,#56,GW252/13600,(5)发电状态,5,2025-08-23 17:04:16,2025-08-26 13:25:32,246076,68.35
1060,L09,#56,GW252/13600,(4)启机状态,4,2025-08-23 17:02:34,2025-08-23 17:04:16,102,0.03
1061,L09,#56,GW252/13600,(3)待机状态,3,2025-08-23 17:01:43,2025-08-23 17:02:34,51,0.01
1062,L09,#56,GW252/13600,(2)停机状态,2,2025-08-23 17:01:42,2025-08-23 17:01:43,1,0
1063,L09,#56,GW252/13600,(1)停机过程,1,2025-08-23 17:00:51,2025-08-23 17:01:42,51,0.01
1064,L09,#56,GW252/13600,(4)启机状态,4,2025-08-23 16:55:51,2025-08-23 17:00:51,300,0.08
1065,L09,#56,GW252/13600,(3)待机状态,3,2025-08-23 16:54:32,2025-08-23 16:55:51,79,0.02
1066,L09,#56,GW252/13600,(2)停机状态,2,2025-08-23 16:54:05,2025-08-23 16:54:32,27,0.01
1067,L09,#56,GW252/13600,(1)停机过程,1,2025-08-23 16:53:34,2025-08-23 16:54:05,31,0.01
1068,L09,#56,GW252/13600,(4)启机状态,4,2025-08-23 16:48:34,2025-08-23 16:53:34,300,0.08
1069,L09,#56,GW252/13600,(3)待机状态,3,2025-08-23 16:45:54,2025-08-23 16:48:34,160,0.04
1070,L09,#56,GW252/13600,(2)停机状态,2,2025-08-23 16:45:51,2025-08-23 16:45:54,3,0
1071,L09,#56,GW252/13600,(1)停机过程,1,2025-08-23 16:45:20,2025-08-23 16:45:51,31,0.01
1072,L09,#56,GW252/13600,(4)启机状态,4,2025-08-23 16:40:20,2025-08-23 16:45:20,300,0.08
1073,L09,#56,GW252/13600,(3)待机状态,3,2025-08-23 16:35:07,2025-08-23 16:40:20,313,0.09
1074,L09,#56,GW252/13600,(2)停机状态,2,2025-08-23 16:33:56,2025-08-23 16:35:07,71,0.02
1075,L09,#56,GW252/13600,(1)停机过程,1,2025-08-23 16:33:25,2025-08-23 16:33:56,31,0.01
1076,L09,#56,GW252/13600,(4)启机状态,4,2025-08-23 16:28:25,2025-08-23 16:33:25,300,0.08
1077,L09,#56,GW252/13600,(3)待机状态,3,2025-08-23 16:27:18,2025-08-23 16:28:25,67,0.02
1078,L09,#56,GW252/13600,(2)停机状态,2,2025-08-23 16:27:16,2025-08-23 16:27:18,2,0
1079,L09,#56,GW252/13600,(1)停机过程,1,2025-08-23 16:26:24,2025-08-23 16:27:16,52,0.01
1080,L09,#56,GW252/13600,(4)启机状态,4,2025-08-23 16:21:24,2025-08-23 16:26:24,300,0.08
1081,L09,#56,GW252/13600,(3)待机状态,3,2025-08-23 16:20:11,2025-08-23 16:21:24,73,0.02
1082,L09,#56,GW252/13600,(2)停机状态,2,2025-08-23 16:20:09,2025-08-23 16:20:11,2,0
1083,L09,#56,GW252/13600,(1)停机过程,1,2025-08-23 16:19:38,2025-08-23 16:20:09,31,0.01
1084,L09,#56,GW252/13600,(4)启机状态,4,2025-08-23 16:14:38,2025-08-23 16:19:38,300,0.08
1085,L09,#56,GW252/13600,(3)待机状态,3,2025-08-23 16:13:06,2025-08-23 16:14:38,92,0.03
1086,L09,#56,GW252/13600,(2)停机状态,2,2025-08-23 16:08:48,2025-08-23 16:13:06,258,0.07
1087,L09,#56,GW252/13600,(1)停机过程,1,2025-08-23 16:08:17,2025-08-23 16:08:48,31,0.01
1088,L09,#56,GW252/13600,(4)启机状态,4,2025-08-23 16:03:17,2025-08-23 16:08:17,300,0.08
1089,L09,#56,GW252/13600,(3)待机状态,3,2025-08-23 16:01:41,2025-08-23 16:03:17,96,0.03
1090,L09,#56,GW252/13600,(2)停机状态,2,2025-08-23 15:59:09,2025-08-23 16:01:41,152,0.04
1091,L09,#56,GW252/13600,(1)停机过程,1,2025-08-23 15:58:38,2025-08-23 15:59:09,31,0.01
1092,L09,#56,GW252/13600,(4)启机状态,4,2025-08-23 15:53:38,2025-08-23 15:58:38,300,0.08
1093,L09,#56,GW252/13600,(3)待机状态,3,2025-08-23 15:52:20,2025-08-23 15:53:38,78,0.02
1094,L09,#56,GW252/13600,(2)停机状态,2,2025-08-23 15:52:19,2025-08-23 15:52:20,1,0
1095,L09,#56,GW252/13600,(1)停机过程,1,2025-08-23 15:51:47,2025-08-23 15:52:19,32,0.01
1096,L09,#56,GW252/13600,(4)启机状态,4,2025-08-23 15:46:47,2025-08-23 15:51:47,300,0.08
1097,L09,#56,GW252/13600,(3)待机状态,3,2025-08-23 15:34:39,2025-08-23 15:46:47,728,0.2
1098,L09,#56,GW252/13600,(2)停机状态,2,2025-08-23 15:34:36,2025-08-23 15:34:39,3,0
1099,L09,#56,GW252/13600,(1)停机过程,1,2025-08-23 15:34:06,2025-08-23 15:34:36,30,0.01
1100,L09,#56,GW252/13600,(4)启机状态,4,2025-08-23 15:29:06,2025-08-23 15:34:06,300,0.08
1101,L09,#56,GW252/13600,(3)待机状态,3,2025-08-23 15:26:03,2025-08-23 15:29:06,183,0.05
1102,L09,#56,GW252/13600,(2)停机状态,2,2025-08-23 15:20:26,2025-08-23 15:26:03,337,0.09
1103,L09,#56,GW252/13600,(1)停机过程,1,2025-08-23 15:19:54,2025-08-23 15:20:26,32,0.01
1104,L09,#56,GW252/13600,(4)启机状态,4,2025-08-23 15:14:54,2025-08-23 15:19:54,300,0.08
1105,L09,#56,GW252/13600,(3)待机状态,3,2025-08-23 14:58:07,2025-08-23 15:14:54,1007,0.28
1106,L09,#56,GW252/13600,(2)停机状态,2,2025-08-23 14:58:06,2025-08-23 14:58:07,1,0
1107,L09,#56,GW252/13600,(1)停机过程,1,2025-08-23 14:57:34,2025-08-23 14:58:06,32,0.01
1108,L09,#56,GW252/13600,(4)启机状态,4,2025-08-23 14:52:34,2025-08-23 14:57:34,300,0.08
1109,L09,#56,GW252/13600,(3)待机状态,3,2025-08-23 14:50:19,2025-08-23 14:52:34,135,0.04
1110,L09,#56,GW252/13600,(2)停机状态,2,2025-08-23 14:49:50,2025-08-23 14:50:19,29,0.01
1111,L09,#56,GW252/13600,(1)停机过程,1,2025-08-23 14:49:17,2025-08-23 14:49:50,33,0.01
1112,L09,#56,GW252/13600,(4)启机状态,4,2025-08-23 14:44:17,2025-08-23 14:49:17,300,0.08
1113,L09,#56,GW252/13600,(3)待机状态,3,2025-08-23 14:41:03,2025-08-23 14:44:17,194,0.05
1114,L09,#56,GW252/13600,(2)停机状态,2,2025-08-23 14:41:02,2025-08-23 14:41:03,1,0
1115,L09,#56,GW252/13600,(1)停机过程,1,2025-08-23 14:40:30,2025-08-23 14:41:02,32,0.01
1116,L09,#56,GW252/13600,(4)启机状态,4,2025-08-23 14:35:30,2025-08-23 14:40:30,300,0.08
1117,L09,#56,GW252/13600,(3)待机状态,3,2025-08-23 14:34:24,2025-08-23 14:35:30,66,0.02
1118,L09,#56,GW252/13600,(2)停机状态,2,2025-08-23 14:34:22,2025-08-23 14:34:24,2,0
1119,L09,#56,GW252/13600,(1)停机过程,1,2025-08-23 14:33:51,2025-08-23 14:34:22,31,0.01
1120,L09,#56,GW252/13600,(4)启机状态,4,2025-08-23 14:28:51,2025-08-23 14:33:51,300,0.08
1121,L09,#56,GW252/13600,(3)待机状态,3,2025-08-23 14:27:24,2025-08-23 14:28:51,87,0.02
1122,L09,#56,GW252/13600,(2)停机状态,2,2025-08-23 14:27:22,2025-08-23 14:27:24,2,0
1123,L09,#56,GW252/13600,(1)停机过程,1,2025-08-23 14:26:52,2025-08-23 14:27:22,30,0.01
1124,L09,#56,GW252/13600,(4)启机状态,4,2025-08-23 14:21:51,2025-08-23 14:26:52,301,0.08
1125,L09,#56,GW252/13600,(3)待机状态,3,2025-08-23 14:20:35,2025-08-23 14:21:51,76,0.02
1126,L09,#56,GW252/13600,(2)停机状态,2,2025-08-23 14:20:33,2025-08-23 14:20:35,2,0
1127,L09,#56,GW252/13600,(1)停机过程,1,2025-08-23 14:20:02,2025-08-23 14:20:33,31,0.01
1128,L09,#56,GW252/13600,(4)启机状态,4,2025-08-23 14:15:02,2025-08-23 14:20:02,300,0.08
1129,L09,#56,GW252/13600,(3)待机状态,3,2025-08-23 14:13:46,2025-08-23 14:15:02,76,0.02
1130,L09,#56,GW252/13600,(2)停机状态,2,2025-08-23 14:13:45,2025-08-23 14:13:46,1,0
1131,L09,#56,GW252/13600,(1)停机过程,1,2025-08-23 14:13:14,2025-08-23 14:13:45,31,0.01
1132,L09,#56,GW252/13600,(4)启机状态,4,2025-08-23 14:08:14,2025-08-23 14:13:14,300,0.08
1133,L09,#56,GW252/13600,(3)待机状态,3,2025-08-23 14:07:02,2025-08-23 14:08:14,72,0.02
1134,L09,#56,GW252/13600,(1)停机过程,1,2025-08-23 14:06:31,2025-08-23 14:07:02,31,0.01
1135,L09,#56,GW252/13600,(4)启机状态,4,2025-08-23 14:01:31,2025-08-23 14:06:31,300,0.08
1136,L09,#56,GW252/13600,(3)待机状态,3,2025-08-23 14:00:30,2025-08-23 14:01:31,61,0.02
1137,L09,#56,GW252/13600,(2)停机状态,2,2025-08-23 14:00:29,2025-08-23 14:00:30,1,0
1138,L09,#56,GW252/13600,(1)停机过程,1,2025-08-23 13:59:57,2025-08-23 14:00:29,32,0.01
1139,L09,#56,GW252/13600,(4)启机状态,4,2025-08-23 13:54:57,2025-08-23 13:59:57,300,0.08
1140,L09,#56,GW252/13600,(3)待机状态,3,2025-08-23 13:53:59,2025-08-23 13:54:57,58,0.02
1141,L09,#56,GW252/13600,(1)停机过程,1,2025-08-23 13:53:28,2025-08-23 13:53:59,31,0.01
1142,L09,#56,GW252/13600,(4)启机状态,4,2025-08-23 13:48:27,2025-08-23 13:53:28,301,0.08
1143,L09,#56,GW252/13600,(3)待机状态,3,2025-08-23 13:47:18,2025-08-23 13:48:27,69,0.02
1144,L09,#56,GW252/13600,(2)停机状态,2,2025-08-23 13:47:15,2025-08-23 13:47:18,3,0
1145,L09,#56,GW252/13600,(1)停机过程,1,2025-08-23 13:46:44,2025-08-23 13:47:15,31,0.01
1146,L09,#56,GW252/13600,(4)启机状态,4,2025-08-23 13:41:43,2025-08-23 13:46:44,301,0.08
1147,L09,#56,GW252/13600,(3)待机状态,3,2025-08-23 13:40:34,2025-08-23 13:41:43,69,0.02
1148,L09,#56,GW252/13600,(2)停机状态,2,2025-08-23 13:40:33,2025-08-23 13:40:34,1,0
1149,L09,#56,GW252/13600,(1)停机过程,1,2025-08-23 13:39:41,2025-08-23 13:40:33,52,0.01
1150,L09,#56,GW252/13600,(5)发电状态,5,2025-08-23 11:42:55,2025-08-23 13:39:41,7006,1.95
1151,L09,#56,GW252/13600,(4)启机状态,4,2025-08-23 11:41:18,2025-08-23 11:42:55,97,0.03
1152,L09,#56,GW252/13600,(3)待机状态,3,2025-08-23 11:40:25,2025-08-23 11:41:18,53,0.01
1153,L09,#56,GW252/13600,(2)停机状态,2,2025-08-23 11:40:24,2025-08-23 11:40:25,1,0
1154,L09,#56,GW252/13600,(1)停机过程,1,2025-08-23 11:39:32,2025-08-23 11:40:24,52,0.01
1155,L09,#56,GW252/13600,(4)启机状态,4,2025-08-23 11:34:32,2025-08-23 11:39:32,300,0.08
1156,L09,#56,GW252/13600,(3)待机状态,3,2025-08-23 11:33:17,2025-08-23 11:34:32,75,0.02
1157,L09,#56,GW252/13600,(2)停机状态,2,2025-08-23 11:33:13,2025-08-23 11:33:17,4,0
1158,L09,#56,GW252/13600,(1)停机过程,1,2025-08-23 11:32:42,2025-08-23 11:33:13,31,0.01
1159,L09,#56,GW252/13600,(4)启机状态,4,2025-08-23 11:27:42,2025-08-23 11:32:42,300,0.08
1160,L09,#56,GW252/13600,(3)待机状态,3,2025-08-23 11:26:26,2025-08-23 11:27:42,76,0.02
1161,L09,#56,GW252/13600,(2)停机状态,2,2025-08-23 11:26:24,2025-08-23 11:26:26,2,0
1162,L09,#56,GW252/13600,(1)停机过程,1,2025-08-23 11:25:52,2025-08-23 11:26:24,32,0.01
1163,L09,#56,GW252/13600,(4)启机状态,4,2025-08-23 11:20:53,2025-08-23 11:25:52,299,0.08
1164,L09,#56,GW252/13600,(3)待机状态,3,2025-08-23 11:19:26,2025-08-23 11:20:53,87,0.02
1165,L09,#56,GW252/13600,(2)停机状态,2,2025-08-23 11:19:24,2025-08-23 11:19:26,2,0
1166,L09,#56,GW252/13600,(1)停机过程,1,2025-08-23 11:18:52,2025-08-23 11:19:24,32,0.01
1167,L09,#56,GW252/13600,(4)启机状态,4,2025-08-23 11:13:52,2025-08-23 11:18:52,300,0.08
1168,L09,#56,GW252/13600,(3)待机状态,3,2025-08-23 11:12:42,2025-08-23 11:13:52,70,0.02
1169,L09,#56,GW252/13600,(2)停机状态,2,2025-08-23 11:12:41,2025-08-23 11:12:42,1,0
1170,L09,#56,GW252/13600,(1)停机过程,1,2025-08-23 11:12:11,2025-08-23 11:12:41,30,0.01
1171,L09,#56,GW252/13600,(4)启机状态,4,2025-08-23 11:07:10,2025-08-23 11:12:11,301,0.08
1172,L09,#56,GW252/13600,(3)待机状态,3,2025-08-23 11:05:50,2025-08-23 11:07:10,80,0.02
1173,L09,#56,GW252/13600,(2)停机状态,2,2025-08-23 11:05:49,2025-08-23 11:05:50,1,0
1174,L09,#56,GW252/13600,(1)停机过程,1,2025-08-23 11:05:16,2025-08-23 11:05:49,33,0.01
1175,L09,#56,GW252/13600,(4)启机状态,4,2025-08-23 11:00:17,2025-08-23 11:05:16,299,0.08
1176,L09,#56,GW252/13600,(3)待机状态,3,2025-08-23 10:52:50,2025-08-23 11:00:17,447,0.12
1177,L09,#56,GW252/13600,(2)停机状态,2,2025-08-23 10:52:48,2025-08-23 10:52:50,2,0
1178,L09,#56,GW252/13600,(1)停机过程,1,2025-08-23 10:52:16,2025-08-23 10:52:48,32,0.01
1179,L09,#56,GW252/13600,(4)启机状态,4,2025-08-23 10:47:16,2025-08-23 10:52:16,300,0.08
1180,L09,#56,GW252/13600,(3)待机状态,3,2025-08-23 10:46:18,2025-08-23 10:47:16,58,0.02
1181,L09,#56,GW252/13600,(2)停机状态,2,2025-08-23 10:46:17,2025-08-23 10:46:18,1,0
1182,L09,#56,GW252/13600,(1)停机过程,1,2025-08-23 10:45:45,2025-08-23 10:46:17,32,0.01
1183,L09,#56,GW252/13600,(4)启机状态,4,2025-08-23 10:40:45,2025-08-23 10:45:45,300,0.08
1184,L09,#56,GW252/13600,(3)待机状态,3,2025-08-23 10:39:43,2025-08-23 10:40:45,62,0.02
1185,L09,#56,GW252/13600,(1)停机过程,1,2025-08-23 10:39:11,2025-08-23 10:39:43,32,0.01
1186,L09,#56,GW252/13600,(4)启机状态,4,2025-08-23 10:34:11,2025-08-23 10:39:11,300,0.08
1187,L09,#56,GW252/13600,(3)待机状态,3,2025-08-23 10:33:04,2025-08-23 10:34:11,67,0.02
1188,L09,#56,GW252/13600,(2)停机状态,2,2025-08-23 10:33:03,2025-08-23 10:33:04,1,0
1189,L09,#56,GW252/13600,(1)停机过程,1,2025-08-23 10:32:31,2025-08-23 10:33:03,32,0.01
1190,L09,#56,GW252/13600,(4)启机状态,4,2025-08-23 10:27:31,2025-08-23 10:32:31,300,0.08
1191,L09,#56,GW252/13600,(3)待机状态,3,2025-08-23 10:10:40,2025-08-23 10:27:31,1011,0.28
1192,L09,#56,GW252/13600,(2)停机状态,2,2025-08-23 10:10:39,2025-08-23 10:10:40,1,0
1193,L09,#56,GW252/13600,(1)停机过程,1,2025-08-23 10:09:46,2025-08-23 10:10:39,53,0.01
1194,L09,#56,GW252/13600,(5)发电状态,5,2025-08-23 09:32:14,2025-08-23 10:09:46,2252,0.63
1195,L09,#56,GW252/13600,(4)启机状态,4,2025-08-23 09:28:55,2025-08-23 09:32:14,199,0.06
1196,L09,#56,GW252/13600,(3)待机状态,3,2025-08-23 09:27:57,2025-08-23 09:28:55,58,0.02
1197,L09,#56,GW252/13600,(2)停机状态,2,2025-08-23 09:27:56,2025-08-23 09:27:57,1,0
1198,L09,#56,GW252/13600,(1)停机过程,1,2025-08-23 09:27:24,2025-08-23 09:27:56,32,0.01
1199,L09,#56,GW252/13600,(4)启机状态,4,2025-08-23 09:22:24,2025-08-23 09:27:24,300,0.08
1200,L09,#56,GW252/13600,(3)待机状态,3,2025-08-23 09:21:23,2025-08-23 09:22:24,61,0.02
1201,L09,#56,GW252/13600,(2)停机状态,2,2025-08-23 09:21:21,2025-08-23 09:21:23,2,0
1202,L09,#56,GW252/13600,(1)停机过程,1,2025-08-23 09:20:49,2025-08-23 09:21:21,32,0.01
1203,L09,#56,GW252/13600,(4)启机状态,4,2025-08-23 09:15:49,2025-08-23 09:20:49,300,0.08
1204,L09,#56,GW252/13600,(3)待机状态,3,2025-08-23 09:14:36,2025-08-23 09:15:49,73,0.02
1205,L09,#56,GW252/13600,(1)停机过程,1,2025-08-23 09:14:04,2025-08-23 09:14:36,32,0.01
1206,L09,#56,GW252/13600,(4)启机状态,4,2025-08-23 09:09:04,2025-08-23 09:14:04,300,0.08
1207,L09,#56,GW252/13600,(3)待机状态,3,2025-08-23 09:07:53,2025-08-23 09:09:04,71,0.02
1208,L09,#56,GW252/13600,(2)停机状态,2,2025-08-23 09:07:52,2025-08-23 09:07:53,1,0
1209,L09,#56,GW252/13600,(1)停机过程,1,2025-08-23 09:07:21,2025-08-23 09:07:52,31,0.01
1210,L09,#56,GW252/13600,(4)启机状态,4,2025-08-23 09:02:21,2025-08-23 09:07:21,300,0.08
1211,L09,#56,GW252/13600,(3)待机状态,3,2025-08-23 09:01:16,2025-08-23 09:02:21,65,0.02
1212,L09,#56,GW252/13600,(2)停机状态,2,2025-08-23 09:01:14,2025-08-23 09:01:16,2,0
1213,L09,#56,GW252/13600,(1)停机过程,1,2025-08-23 09:00:43,2025-08-23 09:01:14,31,0.01
1214,L09,#56,GW252/13600,(4)启机状态,4,2025-08-23 08:55:43,2025-08-23 09:00:43,300,0.08
1215,L09,#56,GW252/13600,(3)待机状态,3,2025-08-23 08:54:38,2025-08-23 08:55:43,65,0.02
1216,L09,#56,GW252/13600,(2)停机状态,2,2025-08-23 08:54:36,2025-08-23 08:54:38,2,0
1217,L09,#56,GW252/13600,(1)停机过程,1,2025-08-23 08:54:05,2025-08-23 08:54:36,31,0.01
1218,L09,#56,GW252/13600,(4)启机状态,4,2025-08-23 08:49:05,2025-08-23 08:54:05,300,0.08
1219,L09,#56,GW252/13600,(3)待机状态,3,2025-08-23 08:47:44,2025-08-23 08:49:05,81,0.02
1220,L09,#56,GW252/13600,(2)停机状态,2,2025-08-23 08:46:58,2025-08-23 08:47:44,46,0.01
1221,L09,#56,GW252/13600,(1)停机过程,1,2025-08-23 08:46:28,2025-08-23 08:46:58,30,0.01
1222,L09,#56,GW252/13600,(4)启机状态,4,2025-08-23 08:41:29,2025-08-23 08:46:28,299,0.08
1223,L09,#56,GW252/13600,(3)待机状态,3,2025-08-23 08:40:23,2025-08-23 08:41:29,66,0.02
1224,L09,#56,GW252/13600,(2)停机状态,2,2025-08-23 08:40:22,2025-08-23 08:40:23,1,0
1225,L09,#56,GW252/13600,(1)停机过程,1,2025-08-23 08:39:49,2025-08-23 08:40:22,33,0.01
1226,L09,#56,GW252/13600,(4)启机状态,4,2025-08-23 08:34:49,2025-08-23 08:39:49,300,0.08
1227,L09,#56,GW252/13600,(3)待机状态,3,2025-08-23 08:32:02,2025-08-23 08:34:49,167,0.05
1228,L09,#56,GW252/13600,(2)停机状态,2,2025-08-23 08:32:00,2025-08-23 08:32:02,2,0
1229,L09,#56,GW252/13600,(1)停机过程,1,2025-08-23 08:31:29,2025-08-23 08:32:00,31,0.01
1230,L09,#56,GW252/13600,(4)启机状态,4,2025-08-23 08:26:29,2025-08-23 08:31:29,300,0.08
1231,L09,#56,GW252/13600,(3)待机状态,3,2025-08-23 08:18:17,2025-08-23 08:26:29,492,0.14
1232,L09,#56,GW252/13600,(2)停机状态,2,2025-08-23 08:18:16,2025-08-23 08:18:17,1,0
1233,L09,#56,GW252/13600,(1)停机过程,1,2025-08-23 08:17:44,2025-08-23 08:18:16,32,0.01
1234,L09,#56,GW252/13600,(4)启机状态,4,2025-08-23 08:12:44,2025-08-23 08:17:44,300,0.08
1235,L09,#56,GW252/13600,(3)待机状态,3,2025-08-23 08:11:21,2025-08-23 08:12:44,83,0.02
1236,L09,#56,GW252/13600,(2)停机状态,2,2025-08-23 08:11:19,2025-08-23 08:11:21,2,0
1237,L09,#56,GW252/13600,(1)停机过程,1,2025-08-23 08:10:47,2025-08-23 08:11:19,32,0.01
1238,L09,#56,GW252/13600,(4)启机状态,4,2025-08-23 08:05:47,2025-08-23 08:10:47,300,0.08
1239,L09,#56,GW252/13600,(3)待机状态,3,2025-08-23 07:57:08,2025-08-23 08:05:47,519,0.14
1240,L09,#56,GW252/13600,(1)停机过程,1,2025-08-23 07:56:36,2025-08-23 07:57:08,32,0.01
1241,L09,#56,GW252/13600,(4)启机状态,4,2025-08-23 07:51:36,2025-08-23 07:56:36,300,0.08
1242,L09,#56,GW252/13600,(3)待机状态,3,2025-08-23 07:48:41,2025-08-23 07:51:36,175,0.05
1243,L09,#56,GW252/13600,(2)停机状态,2,2025-08-23 07:48:39,2025-08-23 07:48:41,2,0
1244,L09,#56,GW252/13600,(1)停机过程,1,2025-08-23 07:48:08,2025-08-23 07:48:39,31,0.01
1245,L09,#56,GW252/13600,(4)启机状态,4,2025-08-23 07:43:08,2025-08-23 07:48:08,300,0.08
1246,L09,#56,GW252/13600,(3)待机状态,3,2025-08-23 07:41:49,2025-08-23 07:43:08,79,0.02
1247,L09,#56,GW252/13600,(2)停机状态,2,2025-08-23 07:41:46,2025-08-23 07:41:49,3,0
1248,L09,#56,GW252/13600,(1)停机过程,1,2025-08-23 07:41:14,2025-08-23 07:41:46,32,0.01
1249,L09,#56,GW252/13600,(4)启机状态,4,2025-08-23 07:36:15,2025-08-23 07:41:14,299,0.08
1250,L09,#56,GW252/13600,(3)待机状态,3,2025-08-23 07:35:01,2025-08-23 07:36:15,74,0.02
1251,L09,#56,GW252/13600,(2)停机状态,2,2025-08-23 07:34:58,2025-08-23 07:35:01,3,0
1252,L09,#56,GW252/13600,(1)停机过程,1,2025-08-23 07:34:28,2025-08-23 07:34:58,30,0.01
1253,L09,#56,GW252/13600,(4)启机状态,4,2025-08-23 07:29:28,2025-08-23 07:34:28,300,0.08
1254,L09,#56,GW252/13600,(3)待机状态,3,2025-08-23 07:26:37,2025-08-23 07:29:28,171,0.05
1255,L09,#56,GW252/13600,(2)停机状态,2,2025-08-23 07:26:36,2025-08-23 07:26:37,1,0
1256,L09,#56,GW252/13600,(1)停机过程,1,2025-08-23 07:26:04,2025-08-23 07:26:36,32,0.01
1257,L09,#56,GW252/13600,(4)启机状态,4,2025-08-23 07:21:04,2025-08-23 07:26:04,300,0.08
1258,L09,#56,GW252/13600,(3)待机状态,3,2025-08-23 07:17:48,2025-08-23 07:21:04,196,0.05
1259,L09,#56,GW252/13600,(2)停机状态,2,2025-08-23 07:17:47,2025-08-23 07:17:48,1,0
1260,L09,#56,GW252/13600,(1)停机过程,1,2025-08-23 07:17:15,2025-08-23 07:17:47,32,0.01
1261,L09,#56,GW252/13600,(4)启机状态,4,2025-08-23 07:12:15,2025-08-23 07:17:15,300,0.08
1262,L09,#56,GW252/13600,(3)待机状态,3,2025-08-23 07:11:03,2025-08-23 07:12:15,72,0.02
1263,L09,#56,GW252/13600,(2)停机状态,2,2025-08-23 07:11:00,2025-08-23 07:11:03,3,0
1264,L09,#56,GW252/13600,(1)停机过程,1,2025-08-23 07:10:30,2025-08-23 07:11:00,30,0.01
1265,L09,#56,GW252/13600,(4)启机状态,4,2025-08-23 07:05:30,2025-08-23 07:10:30,300,0.08
1266,L09,#56,GW252/13600,(3)待机状态,3,2025-08-23 07:03:58,2025-08-23 07:05:30,92,0.03
1267,L09,#56,GW252/13600,(2)停机状态,2,2025-08-23 07:03:57,2025-08-23 07:03:58,1,0
1268,L09,#56,GW252/13600,(1)停机过程,1,2025-08-23 07:03:27,2025-08-23 07:03:57,30,0.01
1269,L09,#56,GW252/13600,(4)启机状态,4,2025-08-23 06:58:26,2025-08-23 07:03:27,301,0.08
1270,L09,#56,GW252/13600,(3)待机状态,3,2025-08-23 06:54:01,2025-08-23 06:58:26,265,0.07
1271,L09,#56,GW252/13600,(2)停机状态,2,2025-08-23 06:53:56,2025-08-23 06:54:01,5,0
1272,L09,#56,GW252/13600,(1)停机过程,1,2025-08-23 06:53:24,2025-08-23 06:53:56,32,0.01
1273,L09,#56,GW252/13600,(4)启机状态,4,2025-08-23 06:48:24,2025-08-23 06:53:24,300,0.08
1274,L09,#56,GW252/13600,(3)待机状态,3,2025-08-23 03:32:57,2025-08-23 06:48:24,11727,3.26
1275,L09,#56,GW252/13600,(2)停机状态,2,2025-08-23 03:32:55,2025-08-23 03:32:57,2,0
1276,L09,#56,GW252/13600,(1)停机过程,1,2025-08-23 03:32:24,2025-08-23 03:32:55,31,0.01
1277,L09,#56,GW252/13600,(4)启机状态,4,2025-08-23 03:27:24,2025-08-23 03:32:24,300,0.08
1278,L09,#56,GW252/13600,(3)待机状态,3,2025-08-23 03:09:43,2025-08-23 03:27:24,1061,0.29
1279,L09,#56,GW252/13600,(2)停机状态,2,2025-08-23 03:09:40,2025-08-23 03:09:43,3,0
1280,L09,#56,GW252/13600,(1)停机过程,1,2025-08-23 03:09:09,2025-08-23 03:09:40,31,0.01
1281,L09,#56,GW252/13600,(4)启机状态,4,2025-08-23 03:04:09,2025-08-23 03:09:09,300,0.08
1282,L09,#56,GW252/13600,(3)待机状态,3,2025-08-23 03:02:58,2025-08-23 03:04:09,71,0.02
1283,L09,#56,GW252/13600,(2)停机状态,2,2025-08-23 03:02:56,2025-08-23 03:02:58,2,0
1284,L09,#56,GW252/13600,(1)停机过程,1,2025-08-23 03:02:25,2025-08-23 03:02:56,31,0.01
1285,L09,#56,GW252/13600,(4)启机状态,4,2025-08-23 02:57:26,2025-08-23 03:02:25,299,0.08
1286,L09,#56,GW252/13600,(3)待机状态,3,2025-08-23 02:56:12,2025-08-23 02:57:26,74,0.02
1287,L09,#56,GW252/13600,(2)停机状态,2,2025-08-23 02:55:25,2025-08-23 02:56:12,47,0.01
1288,L09,#56,GW252/13600,(1)停机过程,1,2025-08-23 02:54:53,2025-08-23 02:55:25,32,0.01
1289,L09,#56,GW252/13600,(4)启机状态,4,2025-08-23 02:49:53,2025-08-23 02:54:53,300,0.08
1290,L09,#56,GW252/13600,(3)待机状态,3,2025-08-23 02:48:31,2025-08-23 02:49:53,82,0.02
1291,L09,#56,GW252/13600,(2)停机状态,2,2025-08-23 02:48:28,2025-08-23 02:48:31,3,0
1292,L09,#56,GW252/13600,(1)停机过程,1,2025-08-23 02:47:57,2025-08-23 02:48:28,31,0.01
1293,L09,#56,GW252/13600,(4)启机状态,4,2025-08-23 02:42:58,2025-08-23 02:47:57,299,0.08
1294,L09,#56,GW252/13600,(3)待机状态,3,2025-08-23 02:41:23,2025-08-23 02:42:58,95,0.03
1295,L09,#56,GW252/13600,(2)停机状态,2,2025-08-23 02:41:22,2025-08-23 02:41:23,1,0
1296,L09,#56,GW252/13600,(1)停机过程,1,2025-08-23 02:40:51,2025-08-23 02:41:22,31,0.01
1297,L09,#56,GW252/13600,(4)启机状态,4,2025-08-23 02:35:51,2025-08-23 02:40:51,300,0.08
1298,L09,#56,GW252/13600,(3)待机状态,3,2025-08-23 02:34:34,2025-08-23 02:35:51,77,0.02
1299,L09,#56,GW252/13600,(2)停机状态,2,2025-08-23 02:34:33,2025-08-23 02:34:34,1,0
1300,L09,#56,GW252/13600,(1)停机过程,1,2025-08-23 02:34:01,2025-08-23 02:34:33,32,0.01
1301,L09,#56,GW252/13600,(4)启机状态,4,2025-08-23 02:29:01,2025-08-23 02:34:01,300,0.08
1302,L09,#56,GW252/13600,(3)待机状态,3,2025-08-23 02:26:16,2025-08-23 02:29:01,165,0.05
1303,L09,#56,GW252/13600,(2)停机状态,2,2025-08-23 02:26:15,2025-08-23 02:26:16,1,0
1304,L09,#56,GW252/13600,(1)停机过程,1,2025-08-23 02:25:43,2025-08-23 02:26:15,32,0.01
1305,L09,#56,GW252/13600,(4)启机状态,4,2025-08-23 02:20:43,2025-08-23 02:25:43,300,0.08
1306,L09,#56,GW252/13600,(3)待机状态,3,2025-08-22 23:18:47,2025-08-23 02:20:43,10916,3.03
1307,L09,#56,GW252/13600,(1)停机过程,1,2025-08-22 23:18:15,2025-08-22 23:18:47,32,0.01
1308,L09,#56,GW252/13600,(4)启机状态,4,2025-08-22 23:13:15,2025-08-22 23:18:15,300,0.08
1309,L09,#56,GW252/13600,(3)待机状态,3,2025-08-22 23:11:44,2025-08-22 23:13:15,91,0.03
1310,L09,#56,GW252/13600,(1)停机过程,1,2025-08-22 23:11:13,2025-08-22 23:11:44,31,0.01
1311,L09,#56,GW252/13600,(4)启机状态,4,2025-08-22 23:06:13,2025-08-22 23:11:13,300,0.08
1312,L09,#56,GW252/13600,(3)待机状态,3,2025-08-22 22:31:05,2025-08-22 23:06:13,2108,0.59
1313,L09,#56,GW252/13600,(2)停机状态,2,2025-08-22 22:29:26,2025-08-22 22:31:05,99,0.03
1314,L09,#56,GW252/13600,(1)停机过程,1,2025-08-22 22:28:56,2025-08-22 22:29:26,30,0.01
1315,L09,#56,GW252/13600,(4)启机状态,4,2025-08-22 22:23:55,2025-08-22 22:28:56,301,0.08
1316,L09,#56,GW252/13600,(3)待机状态,3,2025-08-22 22:22:48,2025-08-22 22:23:55,67,0.02
1317,L09,#56,GW252/13600,(2)停机状态,2,2025-08-22 22:22:47,2025-08-22 22:22:48,1,0
1318,L09,#56,GW252/13600,(1)停机过程,1,2025-08-22 22:22:14,2025-08-22 22:22:47,33,0.01
1319,L09,#56,GW252/13600,(4)启机状态,4,2025-08-22 22:17:15,2025-08-22 22:22:14,299,0.08
1320,L09,#56,GW252/13600,(3)待机状态,3,2025-08-22 22:06:37,2025-08-22 22:17:15,638,0.18
1321,L09,#56,GW252/13600,(2)停机状态,2,2025-08-22 22:04:43,2025-08-22 22:06:37,114,0.03
1322,L09,#56,GW252/13600,(1)停机过程,1,2025-08-22 22:04:11,2025-08-22 22:04:43,32,0.01
1323,L09,#56,GW252/13600,(4)启机状态,4,2025-08-22 21:59:11,2025-08-22 22:04:11,300,0.08
1324,L09,#56,GW252/13600,(3)待机状态,3,2025-08-22 21:44:25,2025-08-22 21:59:11,886,0.25
1325,L09,#56,GW252/13600,(2)停机状态,2,2025-08-22 21:44:21,2025-08-22 21:44:25,4,0
1326,L09,#56,GW252/13600,(1)停机过程,1,2025-08-22 21:43:49,2025-08-22 21:44:21,32,0.01
1327,L09,#56,GW252/13600,(4)启机状态,4,2025-08-22 21:38:49,2025-08-22 21:43:49,300,0.08
1328,L09,#56,GW252/13600,(3)待机状态,3,2025-08-22 21:29:15,2025-08-22 21:38:49,574,0.16
1329,L09,#56,GW252/13600,(2)停机状态,2,2025-08-22 21:23:38,2025-08-22 21:29:15,337,0.09
1330,L09,#56,GW252/13600,(1)停机过程,1,2025-08-22 21:22:44,2025-08-22 21:23:38,54,0.02
1331,L09,#56,GW252/13600,(5)发电状态,5,2025-08-22 19:42:48,2025-08-22 21:22:44,5996,1.67
1332,L09,#56,GW252/13600,(4)启机状态,4,2025-08-22 19:39:39,2025-08-22 19:42:48,189,0.05
1333,L09,#56,GW252/13600,(3)待机状态,3,2025-08-22 19:38:45,2025-08-22 19:39:39,54,0.02
1334,L09,#56,GW252/13600,(2)停机状态,2,2025-08-22 19:38:43,2025-08-22 19:38:45,2,0
1335,L09,#56,GW252/13600,(1)停机过程,1,2025-08-22 19:37:52,2025-08-22 19:38:43,51,0.01
1336,L09,#56,GW252/13600,(4)启机状态,4,2025-08-22 19:32:52,2025-08-22 19:37:52,300,0.08
1337,L09,#56,GW252/13600,(3)待机状态,3,2025-08-22 19:31:42,2025-08-22 19:32:52,70,0.02
1338,L09,#56,GW252/13600,(2)停机状态,2,2025-08-22 19:31:41,2025-08-22 19:31:42,1,0
1339,L09,#56,GW252/13600,(1)停机过程,1,2025-08-22 19:31:09,2025-08-22 19:31:41,32,0.01
1340,L09,#56,GW252/13600,(4)启机状态,4,2025-08-22 19:26:09,2025-08-22 19:31:09,300,0.08
1341,L09,#56,GW252/13600,(3)待机状态,3,2025-08-22 19:25:13,2025-08-22 19:26:09,56,0.02
1342,L09,#56,GW252/13600,(1)停机过程,1,2025-08-22 19:24:41,2025-08-22 19:25:13,32,0.01
1343,L09,#56,GW252/13600,(4)启机状态,4,2025-08-22 19:19:42,2025-08-22 19:24:41,299,0.08
1344,L09,#56,GW252/13600,(3)待机状态,3,2025-08-22 19:18:44,2025-08-22 19:19:42,58,0.02
1345,L09,#56,GW252/13600,(2)停机状态,2,2025-08-22 19:18:42,2025-08-22 19:18:44,2,0
1346,L09,#56,GW252/13600,(1)停机过程,1,2025-08-22 19:17:50,2025-08-22 19:18:42,52,0.01
1347,L09,#56,GW252/13600,(4)启机状态,4,2025-08-22 19:12:50,2025-08-22 19:17:50,300,0.08
1348,L09,#56,GW252/13600,(3)待机状态,3,2025-08-22 19:11:40,2025-08-22 19:12:50,70,0.02
1349,L09,#56,GW252/13600,(2)停机状态,2,2025-08-22 19:11:37,2025-08-22 19:11:40,3,0
1350,L09,#56,GW252/13600,(1)停机过程,1,2025-08-22 19:11:07,2025-08-22 19:11:37,30,0.01
1351,L09,#56,GW252/13600,(4)启机状态,4,2025-08-22 19:06:07,2025-08-22 19:11:07,300,0.08
1352,L09,#56,GW252/13600,(3)待机状态,3,2025-08-22 19:03:32,2025-08-22 19:06:07,155,0.04
1353,L09,#56,GW252/13600,(2)停机状态,2,2025-08-22 19:03:30,2025-08-22 19:03:32,2,0
1354,L09,#56,GW252/13600,(1)停机过程,1,2025-08-22 19:02:58,2025-08-22 19:03:30,32,0.01
1355,L09,#56,GW252/13600,(4)启机状态,4,2025-08-22 18:57:59,2025-08-22 19:02:58,299,0.08
1356,L09,#56,GW252/13600,(3)待机状态,3,2025-08-22 18:56:48,2025-08-22 18:57:59,71,0.02
1357,L09,#56,GW252/13600,(2)停机状态,2,2025-08-22 18:56:47,2025-08-22 18:56:48,1,0
1358,L09,#56,GW252/13600,(1)停机过程,1,2025-08-22 18:56:15,2025-08-22 18:56:47,32,0.01
1359,L09,#56,GW252/13600,(4)启机状态,4,2025-08-22 18:51:15,2025-08-22 18:56:15,300,0.08
1360,L09,#56,GW252/13600,(3)待机状态,3,2025-08-22 18:50:17,2025-08-22 18:51:15,58,0.02
1361,L09,#56,GW252/13600,(2)停机状态,2,2025-08-22 18:50:15,2025-08-22 18:50:17,2,0
1362,L09,#56,GW252/13600,(1)停机过程,1,2025-08-22 18:49:43,2025-08-22 18:50:15,32,0.01
1363,L09,#56,GW252/13600,(4)启机状态,4,2025-08-22 18:44:44,2025-08-22 18:49:43,299,0.08
1364,L09,#56,GW252/13600,(3)待机状态,3,2025-08-22 18:43:39,2025-08-22 18:44:44,65,0.02
1365,L09,#56,GW252/13600,(2)停机状态,2,2025-08-22 18:43:38,2025-08-22 18:43:39,1,0
1366,L09,#56,GW252/13600,(1)停机过程,1,2025-08-22 18:43:08,2025-08-22 18:43:38,30,0.01
1367,L09,#56,GW252/13600,(4)启机状态,4,2025-08-22 18:38:07,2025-08-22 18:43:08,301,0.08
1368,L09,#56,GW252/13600,(3)待机状态,3,2025-08-22 18:37:04,2025-08-22 18:38:07,63,0.02
1369,L09,#56,GW252/13600,(2)停机状态,2,2025-08-22 18:37:02,2025-08-22 18:37:04,2,0
1370,L09,#56,GW252/13600,(1)停机过程,1,2025-08-22 18:36:30,2025-08-22 18:37:02,32,0.01
1371,L09,#56,GW252/13600,(4)启机状态,4,2025-08-22 18:31:31,2025-08-22 18:36:30,299,0.08
1372,L09,#56,GW252/13600,(3)待机状态,3,2025-08-22 18:29:41,2025-08-22 18:31:31,110,0.03
1373,L09,#56,GW252/13600,(2)停机状态,2,2025-08-22 18:29:38,2025-08-22 18:29:41,3,0
1374,L09,#56,GW252/13600,(1)停机过程,1,2025-08-22 18:29:07,2025-08-22 18:29:38,31,0.01
1375,L09,#56,GW252/13600,(4)启机状态,4,2025-08-22 18:24:08,2025-08-22 18:29:07,299,0.08
1376,L09,#56,GW252/13600,(3)待机状态,3,2025-08-22 18:22:37,2025-08-22 18:24:08,91,0.03
1377,L09,#56,GW252/13600,(2)停机状态,2,2025-08-22 18:22:35,2025-08-22 18:22:37,2,0
1378,L09,#56,GW252/13600,(1)停机过程,1,2025-08-22 18:22:02,2025-08-22 18:22:35,33,0.01
1379,L09,#56,GW252/13600,(4)启机状态,4,2025-08-22 18:17:03,2025-08-22 18:22:02,299,0.08
1380,L09,#56,GW252/13600,(3)待机状态,3,2025-08-22 18:15:34,2025-08-22 18:17:03,89,0.02
1381,L09,#56,GW252/13600,(1)停机过程,1,2025-08-22 18:15:01,2025-08-22 18:15:34,33,0.01
1382,L09,#56,GW252/13600,(4)启机状态,4,2025-08-22 18:10:01,2025-08-22 18:15:01,300,0.08
1383,L09,#56,GW252/13600,(3)待机状态,3,2025-08-22 18:04:17,2025-08-22 18:10:01,344,0.1
1384,L09,#56,GW252/13600,(2)停机状态,2,2025-08-22 18:04:15,2025-08-22 18:04:17,2,0
1385,L09,#56,GW252/13600,(1)停机过程,1,2025-08-22 18:03:43,2025-08-22 18:04:15,32,0.01
1386,L09,#56,GW252/13600,(4)启机状态,4,2025-08-22 17:58:43,2025-08-22 18:03:43,300,0.08
1387,L09,#56,GW252/13600,(3)待机状态,3,2025-08-22 17:57:12,2025-08-22 17:58:43,91,0.03
1388,L09,#56,GW252/13600,(2)停机状态,2,2025-08-22 17:57:10,2025-08-22 17:57:12,2,0
1389,L09,#56,GW252/13600,(1)停机过程,1,2025-08-22 17:56:38,2025-08-22 17:57:10,32,0.01
1390,L09,#56,GW252/13600,(4)启机状态,4,2025-08-22 17:51:38,2025-08-22 17:56:38,300,0.08
1391,L09,#56,GW252/13600,(3)待机状态,3,2025-08-22 17:50:25,2025-08-22 17:51:38,73,0.02
1392,L09,#56,GW252/13600,(2)停机状态,2,2025-08-22 17:50:24,2025-08-22 17:50:25,1,0
1393,L09,#56,GW252/13600,(1)停机过程,1,2025-08-22 17:49:52,2025-08-22 17:50:24,32,0.01
1394,L09,#56,GW252/13600,(4)启机状态,4,2025-08-22 17:44:52,2025-08-22 17:49:52,300,0.08
1395,L09,#56,GW252/13600,(3)待机状态,3,2025-08-22 17:38:07,2025-08-22 17:44:52,405,0.11
1396,L09,#56,GW252/13600,(2)停机状态,2,2025-08-22 17:38:06,2025-08-22 17:38:07,1,0
1397,L09,#56,GW252/13600,(1)停机过程,1,2025-08-22 17:37:34,2025-08-22 17:38:06,32,0.01
1398,L09,#56,GW252/13600,(4)启机状态,4,2025-08-22 17:32:33,2025-08-22 17:37:34,301,0.08
1399,L09,#56,GW252/13600,(3)待机状态,3,2025-08-22 17:30:11,2025-08-22 17:32:33,142,0.04
1400,L09,#56,GW252/13600,(2)停机状态,2,2025-08-22 17:30:09,2025-08-22 17:30:11,2,0
1401,L09,#56,GW252/13600,(1)停机过程,1,2025-08-22 17:29:39,2025-08-22 17:30:09,30,0.01
1402,L09,#56,GW252/13600,(4)启机状态,4,2025-08-22 17:24:39,2025-08-22 17:29:39,300,0.08
1403,L09,#56,GW252/13600,(3)待机状态,3,2025-08-22 16:19:54,2025-08-22 17:24:39,3885,1.08
1404,L09,#56,GW252/13600,(2)停机状态,2,2025-08-22 16:19:53,2025-08-22 16:19:54,1,0
1405,L09,#56,GW252/13600,(1)停机过程,1,2025-08-22 16:19:22,2025-08-22 16:19:53,31,0.01
1406,L09,#56,GW252/13600,(4)启机状态,4,2025-08-22 16:14:22,2025-08-22 16:19:22,300,0.08
1407,L09,#56,GW252/13600,(3)待机状态,3,2025-08-22 15:46:31,2025-08-22 16:14:22,1671,0.46
1408,L09,#56,GW252/13600,(2)停机状态,2,2025-08-22 15:46:30,2025-08-22 15:46:31,1,0
1409,L09,#56,GW252/13600,(1)停机过程,1,2025-08-22 15:45:59,2025-08-22 15:46:30,31,0.01
1410,L09,#56,GW252/13600,(4)启机状态,4,2025-08-22 15:40:59,2025-08-22 15:45:59,300,0.08
1411,L09,#56,GW252/13600,(3)待机状态,3,2025-08-22 09:07:00,2025-08-22 15:40:59,23639,6.57
1412,L09,#56,GW252/13600,(2)停机状态,2,2025-08-22 09:01:23,2025-08-22 09:07:00,337,0.09
1413,L09,#56,GW252/13600,(1)停机过程,1,2025-08-22 09:00:51,2025-08-22 09:01:23,32,0.01
1414,L09,#56,GW252/13600,(4)启机状态,4,2025-08-22 08:55:51,2025-08-22 09:00:51,300,0.08
1415,L09,#56,GW252/13600,(3)待机状态,3,2025-08-22 08:46:36,2025-08-22 08:55:51,555,0.15
1416,L09,#56,GW252/13600,(2)停机状态,2,2025-08-22 08:46:34,2025-08-22 08:46:36,2,0
1417,L09,#56,GW252/13600,(1)停机过程,1,2025-08-22 08:46:03,2025-08-22 08:46:34,31,0.01
1418,L09,#56,GW252/13600,(4)启机状态,4,2025-08-22 08:41:04,2025-08-22 08:46:03,299,0.08
1419,L09,#56,GW252/13600,(3)待机状态,3,2025-08-22 08:39:49,2025-08-22 08:41:04,75,0.02
1420,L09,#56,GW252/13600,(2)停机状态,2,2025-08-22 08:39:48,2025-08-22 08:39:49,1,0
1421,L09,#56,GW252/13600,(1)停机过程,1,2025-08-22 08:39:15,2025-08-22 08:39:48,33,0.01
1422,L09,#56,GW252/13600,(4)启机状态,4,2025-08-22 08:34:15,2025-08-22 08:39:15,300,0.08
1423,L09,#56,GW252/13600,(3)待机状态,3,2025-08-22 08:32:14,2025-08-22 08:34:15,121,0.03
1424,L09,#56,GW252/13600,(2)停机状态,2,2025-08-22 08:32:10,2025-08-22 08:32:14,4,0
1425,L09,#56,GW252/13600,(1)停机过程,1,2025-08-22 08:31:39,2025-08-22 08:32:10,31,0.01
1426,L09,#56,GW252/13600,(4)启机状态,4,2025-08-22 08:26:38,2025-08-22 08:31:39,301,0.08
1427,L09,#56,GW252/13600,(3)待机状态,3,2025-08-22 08:25:06,2025-08-22 08:26:38,92,0.03
1428,L09,#56,GW252/13600,(2)停机状态,2,2025-08-22 08:25:04,2025-08-22 08:25:06,2,0
1429,L09,#56,GW252/13600,(1)停机过程,1,2025-08-22 08:24:32,2025-08-22 08:25:04,32,0.01
1430,L09,#56,GW252/13600,(4)启机状态,4,2025-08-22 08:19:31,2025-08-22 08:24:32,301,0.08
1431,L09,#56,GW252/13600,(3)待机状态,3,2025-08-22 08:18:06,2025-08-22 08:19:31,85,0.02
1432,L09,#56,GW252/13600,(2)停机状态,2,2025-08-22 08:18:05,2025-08-22 08:18:06,1,0
1433,L09,#56,GW252/13600,(1)停机过程,1,2025-08-22 08:17:32,2025-08-22 08:18:05,33,0.01
1434,L09,#56,GW252/13600,(4)启机状态,4,2025-08-22 08:12:32,2025-08-22 08:17:32,300,0.08
1435,L09,#56,GW252/13600,(3)待机状态,3,2025-08-22 07:59:57,2025-08-22 08:12:32,755,0.21
1436,L09,#56,GW252/13600,(2)停机状态,2,2025-08-22 07:59:56,2025-08-22 07:59:57,1,0
1437,L09,#56,GW252/13600,(1)停机过程,1,2025-08-22 07:59:24,2025-08-22 07:59:56,32,0.01
1438,L09,#56,GW252/13600,(4)启机状态,4,2025-08-22 07:54:23,2025-08-22 07:59:24,301,0.08
1439,L09,#56,GW252/13600,(3)待机状态,3,2025-08-22 07:51:20,2025-08-22 07:54:23,183,0.05
1440,L09,#56,GW252/13600,(2)停机状态,2,2025-08-22 07:51:19,2025-08-22 07:51:20,1,0
1441,L09,#56,GW252/13600,(1)停机过程,1,2025-08-22 07:50:46,2025-08-22 07:51:19,33,0.01
1442,L09,#56,GW252/13600,(4)启机状态,4,2025-08-22 07:45:46,2025-08-22 07:50:46,300,0.08
1443,L09,#56,GW252/13600,(3)待机状态,3,2025-08-22 07:44:41,2025-08-22 07:45:46,65,0.02
1444,L09,#56,GW252/13600,(2)停机状态,2,2025-08-22 07:44:40,2025-08-22 07:44:41,1,0
1445,L09,#56,GW252/13600,(1)停机过程,1,2025-08-22 07:44:09,2025-08-22 07:44:40,31,0.01
1446,L09,#56,GW252/13600,(4)启机状态,4,2025-08-22 07:39:09,2025-08-22 07:44:09,300,0.08
1447,L09,#56,GW252/13600,(3)待机状态,3,2025-08-22 07:38:02,2025-08-22 07:39:09,67,0.02
1448,L09,#56,GW252/13600,(1)停机过程,1,2025-08-22 07:37:29,2025-08-22 07:38:02,33,0.01
1449,L09,#56,GW252/13600,(4)启机状态,4,2025-08-22 07:32:29,2025-08-22 07:37:29,300,0.08
1450,L09,#56,GW252/13600,(3)待机状态,3,2025-08-22 07:31:26,2025-08-22 07:32:29,63,0.02
1451,L09,#56,GW252/13600,(2)停机状态,2,2025-08-22 07:31:24,2025-08-22 07:31:26,2,0
1452,L09,#56,GW252/13600,(1)停机过程,1,2025-08-22 07:30:53,2025-08-22 07:31:24,31,0.01
1453,L09,#56,GW252/13600,(4)启机状态,4,2025-08-22 07:25:53,2025-08-22 07:30:53,300,0.08
1454,L09,#56,GW252/13600,(3)待机状态,3,2025-08-22 07:24:53,2025-08-22 07:25:53,60,0.02
1455,L09,#56,GW252/13600,(2)停机状态,2,2025-08-22 07:24:52,2025-08-22 07:24:53,1,0
1456,L09,#56,GW252/13600,(1)停机过程,1,2025-08-22 07:24:19,2025-08-22 07:24:52,33,0.01
1457,L09,#56,GW252/13600,(4)启机状态,4,2025-08-22 07:19:19,2025-08-22 07:24:19,300,0.08
1458,L09,#56,GW252/13600,(3)待机状态,3,2025-08-22 07:18:15,2025-08-22 07:19:19,64,0.02
1459,L09,#56,GW252/13600,(2)停机状态,2,2025-08-22 07:18:13,2025-08-22 07:18:15,2,0
1460,L09,#56,GW252/13600,(1)停机过程,1,2025-08-22 07:17:42,2025-08-22 07:18:13,31,0.01
1461,L09,#56,GW252/13600,(4)启机状态,4,2025-08-22 07:12:42,2025-08-22 07:17:42,300,0.08
1462,L09,#56,GW252/13600,(3)待机状态,3,2025-08-22 07:11:45,2025-08-22 07:12:42,57,0.02
1463,L09,#56,GW252/13600,(2)停机状态,2,2025-08-22 07:11:44,2025-08-22 07:11:45,1,0
1464,L09,#56,GW252/13600,(1)停机过程,1,2025-08-22 07:11:13,2025-08-22 07:11:44,31,0.01
1465,L09,#56,GW252/13600,(4)启机状态,4,2025-08-22 07:06:12,2025-08-22 07:11:13,301,0.08
1466,L09,#56,GW252/13600,(3)待机状态,3,2025-08-22 07:05:01,2025-08-22 07:06:12,71,0.02
1467,L09,#56,GW252/13600,(2)停机状态,2,2025-08-22 07:05:00,2025-08-22 07:05:01,1,0
1468,L09,#56,GW252/13600,(1)停机过程,1,2025-08-22 07:04:29,2025-08-22 07:05:00,31,0.01
1469,L09,#56,GW252/13600,(4)启机状态,4,2025-08-22 06:59:30,2025-08-22 07:04:29,299,0.08
1470,L09,#56,GW252/13600,(3)待机状态,3,2025-08-22 06:58:11,2025-08-22 06:59:30,79,0.02
1471,L09,#56,GW252/13600,(1)停机过程,1,2025-08-22 06:57:38,2025-08-22 06:58:11,33,0.01
1472,L09,#56,GW252/13600,(4)启机状态,4,2025-08-22 06:52:38,2025-08-22 06:57:38,300,0.08
1473,L09,#56,GW252/13600,(3)待机状态,3,2025-08-22 06:51:40,2025-08-22 06:52:38,58,0.02
1474,L09,#56,GW252/13600,(2)停机状态,2,2025-08-22 06:51:39,2025-08-22 06:51:40,1,0
1475,L09,#56,GW252/13600,(1)停机过程,1,2025-08-22 06:51:08,2025-08-22 06:51:39,31,0.01
1476,L09,#56,GW252/13600,(4)启机状态,4,2025-08-22 06:46:08,2025-08-22 06:51:08,300,0.08
1477,L09,#56,GW252/13600,(3)待机状态,3,2025-08-22 06:45:10,2025-08-22 06:46:08,58,0.02
1478,L09,#56,GW252/13600,(2)停机状态,2,2025-08-22 06:45:08,2025-08-22 06:45:10,2,0
1479,L09,#56,GW252/13600,(1)停机过程,1,2025-08-22 06:44:37,2025-08-22 06:45:08,31,0.01
1480,L09,#56,GW252/13600,(4)启机状态,4,2025-08-22 06:39:36,2025-08-22 06:44:37,301,0.08
1481,L09,#56,GW252/13600,(3)待机状态,3,2025-08-22 06:38:30,2025-08-22 06:39:36,66,0.02
1482,L09,#56,GW252/13600,(2)停机状态,2,2025-08-22 06:38:28,2025-08-22 06:38:30,2,0
1483,L09,#56,GW252/13600,(1)停机过程,1,2025-08-22 06:37:56,2025-08-22 06:38:28,32,0.01
1484,L09,#56,GW252/13600,(4)启机状态,4,2025-08-22 06:32:56,2025-08-22 06:37:56,300,0.08
1485,L09,#56,GW252/13600,(3)待机状态,3,2025-08-22 06:31:40,2025-08-22 06:32:56,76,0.02
1486,L09,#56,GW252/13600,(2)停机状态,2,2025-08-22 06:31:39,2025-08-22 06:31:40,1,0
1487,L09,#56,GW252/13600,(1)停机过程,1,2025-08-22 06:31:06,2025-08-22 06:31:39,33,0.01
1488,L09,#56,GW252/13600,(4)启机状态,4,2025-08-22 06:26:06,2025-08-22 06:31:06,300,0.08
1489,L09,#56,GW252/13600,(3)待机状态,3,2025-08-22 06:25:06,2025-08-22 06:26:06,60,0.02
1490,L09,#56,GW252/13600,(2)停机状态,2,2025-08-22 06:25:02,2025-08-22 06:25:06,4,0
1491,L09,#56,GW252/13600,(1)停机过程,1,2025-08-22 06:24:32,2025-08-22 06:25:02,30,0.01
1492,L09,#56,GW252/13600,(4)启机状态,4,2025-08-22 06:19:32,2025-08-22 06:24:32,300,0.08
1493,L09,#56,GW252/13600,(3)待机状态,3,2025-08-22 06:18:10,2025-08-22 06:19:32,82,0.02
1494,L09,#56,GW252/13600,(2)停机状态,2,2025-08-22 06:18:09,2025-08-22 06:18:10,1,0
1495,L09,#56,GW252/13600,(1)停机过程,1,2025-08-22 06:17:37,2025-08-22 06:18:09,32,0.01
1496,L09,#56,GW252/13600,(4)启机状态,4,2025-08-22 06:12:37,2025-08-22 06:17:37,300,0.08
1497,L09,#56,GW252/13600,(3)待机状态,3,2025-08-22 06:08:20,2025-08-22 06:12:37,257,0.07
1498,L09,#56,GW252/13600,(2)停机状态,2,2025-08-22 06:08:19,2025-08-22 06:08:20,1,0
1499,L09,#56,GW252/13600,(1)停机过程,1,2025-08-22 06:07:47,2025-08-22 06:08:19,32,0.01
1500,L09,#56,GW252/13600,(4)启机状态,4,2025-08-22 06:02:48,2025-08-22 06:07:47,299,0.08
1501,L09,#56,GW252/13600,(3)待机状态,3,2025-08-22 06:01:21,2025-08-22 06:02:48,87,0.02
1502,L09,#56,GW252/13600,(2)停机状态,2,2025-08-22 06:01:20,2025-08-22 06:01:21,1,0
1503,L09,#56,GW252/13600,(1)停机过程,1,2025-08-22 06:00:48,2025-08-22 06:01:20,32,0.01
1504,L09,#56,GW252/13600,(4)启机状态,4,2025-08-22 05:55:48,2025-08-22 06:00:48,300,0.08
1505,L09,#56,GW252/13600,(3)待机状态,3,2025-08-22 05:54:24,2025-08-22 05:55:48,84,0.02
1506,L09,#56,GW252/13600,(2)停机状态,2,2025-08-22 05:54:22,2025-08-22 05:54:24,2,0
1507,L09,#56,GW252/13600,(1)停机过程,1,2025-08-22 05:53:51,2025-08-22 05:54:22,31,0.01
1508,L09,#56,GW252/13600,(4)启机状态,4,2025-08-22 05:48:51,2025-08-22 05:53:51,300,0.08
1509,L09,#56,GW252/13600,(3)待机状态,3,2025-08-22 05:46:53,2025-08-22 05:48:51,118,0.03
1510,L09,#56,GW252/13600,(2)停机状态,2,2025-08-22 05:44:20,2025-08-22 05:46:53,153,0.04
1511,L09,#56,GW252/13600,(1)停机过程,1,2025-08-22 05:43:26,2025-08-22 05:44:20,54,0.02
1512,L09,#56,GW252/13600,(5)发电状态,5,2025-08-22 05:30:48,2025-08-22 05:43:26,758,0.21
1513,L09,#56,GW252/13600,(4)启机状态,4,2025-08-22 05:26:22,2025-08-22 05:30:48,266,0.07
1514,L09,#56,GW252/13600,(3)待机状态,3,2025-08-22 05:25:24,2025-08-22 05:26:22,58,0.02
1515,L09,#56,GW252/13600,(2)停机状态,2,2025-08-22 05:25:22,2025-08-22 05:25:24,2,0
1516,L09,#56,GW252/13600,(1)停机过程,1,2025-08-22 05:24:50,2025-08-22 05:25:22,32,0.01
1517,L09,#56,GW252/13600,(4)启机状态,4,2025-08-22 05:19:50,2025-08-22 05:24:50,300,0.08
1518,L09,#56,GW252/13600,(3)待机状态,3,2025-08-22 05:18:31,2025-08-22 05:19:50,79,0.02
1519,L09,#56,GW252/13600,(2)停机状态,2,2025-08-22 05:18:30,2025-08-22 05:18:31,1,0
1520,L09,#56,GW252/13600,(1)停机过程,1,2025-08-22 05:17:58,2025-08-22 05:18:30,32,0.01
1521,L09,#56,GW252/13600,(4)启机状态,4,2025-08-22 05:12:58,2025-08-22 05:17:58,300,0.08
1522,L09,#56,GW252/13600,(3)待机状态,3,2025-08-22 05:11:48,2025-08-22 05:12:58,70,0.02
1523,L09,#56,GW252/13600,(1)停机过程,1,2025-08-22 05:11:15,2025-08-22 05:11:48,33,0.01
1524,L09,#56,GW252/13600,(4)启机状态,4,2025-08-22 05:06:14,2025-08-22 05:11:15,301,0.08
1525,L09,#56,GW252/13600,(3)待机状态,3,2025-08-22 05:04:51,2025-08-22 05:06:14,83,0.02
1526,L09,#56,GW252/13600,(2)停机状态,2,2025-08-22 05:04:01,2025-08-22 05:04:51,50,0.01
1527,L09,#56,GW252/13600,(1)停机过程,1,2025-08-22 05:03:08,2025-08-22 05:04:01,53,0.01
1528,L09,#56,GW252/13600,(5)发电状态,5,2025-08-22 04:35:49,2025-08-22 05:03:08,1639,0.46
1529,L09,#56,GW252/13600,(4)启机状态,4,2025-08-22 04:32:41,2025-08-22 04:35:49,188,0.05
1530,L09,#56,GW252/13600,(3)待机状态,3,2025-08-22 04:31:40,2025-08-22 04:32:41,61,0.02
1531,L09,#56,GW252/13600,(2)停机状态,2,2025-08-22 04:31:39,2025-08-22 04:31:40,1,0
1532,L09,#56,GW252/13600,(1)停机过程,1,2025-08-22 04:31:08,2025-08-22 04:31:39,31,0.01
1533,L09,#56,GW252/13600,(4)启机状态,4,2025-08-22 04:26:08,2025-08-22 04:31:08,300,0.08
1534,L09,#56,GW252/13600,(3)待机状态,3,2025-08-22 04:25:02,2025-08-22 04:26:08,66,0.02
1535,L09,#56,GW252/13600,(2)停机状态,2,2025-08-22 04:25:00,2025-08-22 04:25:02,2,0
1536,L09,#56,GW252/13600,(1)停机过程,1,2025-08-22 04:24:29,2025-08-22 04:25:00,31,0.01
1537,L09,#56,GW252/13600,(4)启机状态,4,2025-08-22 04:19:28,2025-08-22 04:24:29,301,0.08
1538,L09,#56,GW252/13600,(3)待机状态,3,2025-08-22 04:18:07,2025-08-22 04:19:28,81,0.02
1539,L09,#56,GW252/13600,(1)停机过程,1,2025-08-22 04:17:35,2025-08-22 04:18:07,32,0.01
1540,L09,#56,GW252/13600,(4)启机状态,4,2025-08-22 04:12:35,2025-08-22 04:17:35,300,0.08
1541,L09,#56,GW252/13600,(3)待机状态,3,2025-08-22 04:10:53,2025-08-22 04:12:35,102,0.03
1542,L09,#56,GW252/13600,(2)停机状态,2,2025-08-22 04:10:51,2025-08-22 04:10:53,2,0
1543,L09,#56,GW252/13600,(1)停机过程,1,2025-08-22 04:10:19,2025-08-22 04:10:51,32,0.01
1544,L09,#56,GW252/13600,(4)启机状态,4,2025-08-22 04:05:19,2025-08-22 04:10:19,300,0.08
1545,L09,#56,GW252/13600,(3)待机状态,3,2025-08-22 04:03:44,2025-08-22 04:05:19,95,0.03
1546,L09,#56,GW252/13600,(2)停机状态,2,2025-08-22 04:03:40,2025-08-22 04:03:44,4,0
1547,L09,#56,GW252/13600,(1)停机过程,1,2025-08-22 04:03:08,2025-08-22 04:03:40,32,0.01
1548,L09,#56,GW252/13600,(4)启机状态,4,2025-08-22 03:58:08,2025-08-22 04:03:08,300,0.08
1549,L09,#56,GW252/13600,(3)待机状态,3,2025-08-22 03:56:52,2025-08-22 03:58:08,76,0.02
1550,L09,#56,GW252/13600,(2)停机状态,2,2025-08-22 03:56:51,2025-08-22 03:56:52,1,0
1551,L09,#56,GW252/13600,(1)停机过程,1,2025-08-22 03:56:19,2025-08-22 03:56:51,32,0.01
1552,L09,#56,GW252/13600,(4)启机状态,4,2025-08-22 03:51:19,2025-08-22 03:56:19,300,0.08
1553,L09,#56,GW252/13600,(3)待机状态,3,2025-08-22 03:50:01,2025-08-22 03:51:19,78,0.02
1554,L09,#56,GW252/13600,(2)停机状态,2,2025-08-22 03:49:57,2025-08-22 03:50:01,4,0
1555,L09,#56,GW252/13600,(1)停机过程,1,2025-08-22 03:49:25,2025-08-22 03:49:57,32,0.01
1556,L09,#56,GW252/13600,(4)启机状态,4,2025-08-22 03:44:26,2025-08-22 03:49:25,299,0.08
1557,L09,#56,GW252/13600,(3)待机状态,3,2025-08-22 03:42:22,2025-08-22 03:44:26,124,0.03
1558,L09,#56,GW252/13600,(2)停机状态,2,2025-08-22 03:42:21,2025-08-22 03:42:22,1,0
1559,L09,#56,GW252/13600,(1)停机过程,1,2025-08-22 03:41:50,2025-08-22 03:42:21,31,0.01
1560,L09,#56,GW252/13600,(4)启机状态,4,2025-08-22 03:36:50,2025-08-22 03:41:50,300,0.08
1561,L09,#56,GW252/13600,(3)待机状态,3,2025-08-22 03:35:38,2025-08-22 03:36:50,72,0.02
1562,L09,#56,GW252/13600,(1)停机过程,1,2025-08-22 03:35:06,2025-08-22 03:35:38,32,0.01
1563,L09,#56,GW252/13600,(4)启机状态,4,2025-08-22 03:30:06,2025-08-22 03:35:06,300,0.08
1564,L09,#56,GW252/13600,(3)待机状态,3,2025-08-22 03:28:36,2025-08-22 03:30:06,90,0.03
1565,L09,#56,GW252/13600,(2)停机状态,2,2025-08-22 03:28:34,2025-08-22 03:28:36,2,0
1566,L09,#56,GW252/13600,(1)停机过程,1,2025-08-22 03:27:42,2025-08-22 03:28:34,52,0.01
1567,L09,#56,GW252/13600,(5)发电状态,5,2025-08-22 02:58:55,2025-08-22 03:27:42,1727,0.48
1568,L09,#56,GW252/13600,(4)启机状态,4,2025-08-22 02:54:40,2025-08-22 02:58:55,255,0.07
1569,L09,#56,GW252/13600,(3)待机状态,3,2025-08-22 02:53:41,2025-08-22 02:54:40,59,0.02
1570,L09,#56,GW252/13600,(2)停机状态,2,2025-08-22 02:53:40,2025-08-22 02:53:41,1,0
1571,L09,#56,GW252/13600,(1)停机过程,1,2025-08-22 02:53:10,2025-08-22 02:53:40,30,0.01
1572,L09,#56,GW252/13600,(4)启机状态,4,2025-08-22 02:48:09,2025-08-22 02:53:10,301,0.08
1573,L09,#56,GW252/13600,(3)待机状态,3,2025-08-22 02:47:11,2025-08-22 02:48:09,58,0.02
1574,L09,#56,GW252/13600,(2)停机状态,2,2025-08-22 02:47:10,2025-08-22 02:47:11,1,0
1575,L09,#56,GW252/13600,(1)停机过程,1,2025-08-22 02:46:17,2025-08-22 02:47:10,53,0.01
1576,L09,#56,GW252/13600,(4)启机状态,4,2025-08-22 02:41:18,2025-08-22 02:46:17,299,0.08
1577,L09,#56,GW252/13600,(3)待机状态,3,2025-08-22 02:39:55,2025-08-22 02:41:18,83,0.02
1578,L09,#56,GW252/13600,(1)停机过程,1,2025-08-22 02:39:01,2025-08-22 02:39:55,54,0.02
1579,L09,#56,GW252/13600,(5)发电状态,5,2025-08-21 18:22:32,2025-08-22 02:39:01,29789,8.27
1580,L09,#56,GW252/13600,(4)启机状态,4,2025-08-21 18:19:50,2025-08-21 18:22:32,162,0.05
1581,L09,#56,GW252/13600,(3)待机状态,3,2025-08-21 18:18:56,2025-08-21 18:19:50,54,0.02
1582,L09,#56,GW252/13600,(2)停机状态,2,2025-08-21 18:18:55,2025-08-21 18:18:56,1,0
1583,L09,#56,GW252/13600,(1)停机过程,1,2025-08-21 18:18:19,2025-08-21 18:18:55,36,0.01
1584,L09,#56,GW252/13600,(4)启机状态,4,2025-08-21 18:13:18,2025-08-21 18:18:19,301,0.08
1585,L09,#56,GW252/13600,(3)待机状态,3,2025-08-21 18:12:18,2025-08-21 18:13:18,60,0.02
1586,L09,#56,GW252/13600,(2)停机状态,2,2025-08-21 18:12:16,2025-08-21 18:12:18,2,0
1587,L09,#56,GW252/13600,(1)停机过程,1,2025-08-21 18:11:44,2025-08-21 18:12:16,32,0.01
1588,L09,#56,GW252/13600,(4)启机状态,4,2025-08-21 18:06:44,2025-08-21 18:11:44,300,0.08
1589,L09,#56,GW252/13600,(3)待机状态,3,2025-08-21 18:04:58,2025-08-21 18:06:44,106,0.03
1590,L09,#56,GW252/13600,(2)停机状态,2,2025-08-21 18:03:37,2025-08-21 18:04:58,81,0.02
1591,L09,#56,GW252/13600,(1)停机过程,1,2025-08-21 18:03:05,2025-08-21 18:03:37,32,0.01
1592,L09,#56,GW252/13600,(4)启机状态,4,2025-08-21 17:58:05,2025-08-21 18:03:05,300,0.08
1593,L09,#56,GW252/13600,(3)待机状态,3,2025-08-21 17:56:44,2025-08-21 17:58:05,81,0.02
1594,L09,#56,GW252/13600,(2)停机状态,2,2025-08-21 17:56:42,2025-08-21 17:56:44,2,0
1595,L09,#56,GW252/13600,(1)停机过程,1,2025-08-21 17:56:09,2025-08-21 17:56:42,33,0.01
1596,L09,#56,GW252/13600,(4)启机状态,4,2025-08-21 17:51:10,2025-08-21 17:56:09,299,0.08
1597,L09,#56,GW252/13600,(3)待机状态,3,2025-08-21 17:49:43,2025-08-21 17:51:10,87,0.02
1598,L09,#56,GW252/13600,(2)停机状态,2,2025-08-21 17:49:42,2025-08-21 17:49:43,1,0
1599,L09,#56,GW252/13600,(1)停机过程,1,2025-08-21 17:49:10,2025-08-21 17:49:42,32,0.01
1600,L09,#56,GW252/13600,(4)启机状态,4,2025-08-21 17:44:09,2025-08-21 17:49:10,301,0.08
1601,L09,#56,GW252/13600,(3)待机状态,3,2025-08-21 17:38:34,2025-08-21 17:44:09,335,0.09
1602,L09,#56,GW252/13600,(2)停机状态,2,2025-08-21 17:38:32,2025-08-21 17:38:34,2,0
1603,L09,#56,GW252/13600,(1)停机过程,1,2025-08-21 17:37:40,2025-08-21 17:38:32,52,0.01
1604,L09,#56,GW252/13600,(5)发电状态,5,2025-08-20 18:35:16,2025-08-21 17:37:40,82944,23.04
1605,L09,#56,GW252/13600,(4)启机状态,4,2025-08-20 18:34:26,2025-08-20 18:35:16,50,0.01
1606,L09,#56,GW252/13600,(3)待机状态,3,2025-08-20 18:33:46,2025-08-20 18:34:26,40,0.01
1607,L09,#56,GW252/13600,(2)停机状态,2,2025-08-20 18:33:45,2025-08-20 18:33:46,1,0
1608,L09,#56,GW252/13600,(1)停机过程,1,2025-08-20 18:32:52,2025-08-20 18:33:45,53,0.01
1609,L09,#56,GW252/13600,(5)发电状态,5,2025-08-19 18:32:15,2025-08-20 18:32:52,86437,24.01
1610,L09,#56,GW252/13600,(4)启机状态,4,2025-08-19 18:31:24,2025-08-19 18:32:15,51,0.01
1611,L09,#56,GW252/13600,(3)待机状态,3,2025-08-19 18:30:42,2025-08-19 18:31:24,42,0.01
1612,L09,#56,GW252/13600,(2)停机状态,2,2025-08-19 17:54:01,2025-08-19 18:30:42,2201,0.61
1613,L09,#56,GW252/13600,(1)停机过程,1,2025-08-19 17:53:09,2025-08-19 17:54:01,52,0.01
1614,L09,#56,GW252/13600,(5)发电状态,5,2025-08-15 14:42:54,2025-08-19 17:53:09,357015,99.17
1615,L09,#56,GW252/13600,(4)启机状态,4,2025-08-15 14:38:53,2025-08-15 14:42:54,241,0.07
1616,L09,#56,GW252/13600,(3)待机状态,3,2025-08-15 14:37:48,2025-08-15 14:38:53,65,0.02
1617,L09,#56,GW252/13600,(1)停机过程,1,2025-08-15 14:37:17,2025-08-15 14:37:48,31,0.01
1618,L09,#56,GW252/13600,(4)启机状态,4,2025-08-15 14:32:16,2025-08-15 14:37:17,301,0.08
1619,L09,#56,GW252/13600,(3)待机状态,3,2025-08-15 14:26:01,2025-08-15 14:32:16,375,0.1
1620,L09,#56,GW252/13600,(2)停机状态,2,2025-08-15 14:24:31,2025-08-15 14:26:01,90,0.03
1621,L09,#56,GW252/13600,(1)停机过程,1,2025-08-15 14:23:38,2025-08-15 14:24:31,53,0.01
1622,L09,#56,GW252/13600,(5)发电状态,5,2025-08-15 14:01:31,2025-08-15 14:23:38,1327,0.37
1623,L09,#56,GW252/13600,(4)启机状态,4,2025-08-15 13:57:20,2025-08-15 14:01:31,251,0.07
1624,L09,#56,GW252/13600,(3)待机状态,3,2025-08-15 13:50:00,2025-08-15 13:57:20,440,0.12
1625,L09,#56,GW252/13600,(2)停机状态,2,2025-08-15 13:44:23,2025-08-15 13:50:00,337,0.09
1626,L09,#56,GW252/13600,(1)停机过程,1,2025-08-15 13:43:30,2025-08-15 13:44:23,53,0.01
1627,L09,#56,GW252/13600,(5)发电状态,5,2025-08-15 13:16:22,2025-08-15 13:43:30,1628,0.45
1628,L09,#56,GW252/13600,(4)启机状态,4,2025-08-15 13:15:15,2025-08-15 13:16:22,67,0.02
1629,L09,#56,GW252/13600,(3)待机状态,3,2025-08-15 13:14:30,2025-08-15 13:15:15,45,0.01
1630,L09,#56,GW252/13600,(2)停机状态,2,2025-08-15 13:14:29,2025-08-15 13:14:30,1,0
1631,L09,#56,GW252/13600,(1)停机过程,1,2025-08-15 13:13:43,2025-08-15 13:14:29,46,0.01
1632,L09,#56,GW252/13600,(4)启机状态,4,2025-08-15 13:08:43,2025-08-15 13:13:43,300,0.08
1633,L09,#56,GW252/13600,(3)待机状态,3,2025-08-15 13:07:07,2025-08-15 13:08:43,96,0.03
1634,L09,#56,GW252/13600,(2)停机状态,2,2025-08-15 13:07:06,2025-08-15 13:07:07,1,0
1635,L09,#56,GW252/13600,(1)停机过程,1,2025-08-15 13:06:35,2025-08-15 13:07:06,31,0.01
1636,L09,#56,GW252/13600,(4)启机状态,4,2025-08-15 13:01:35,2025-08-15 13:06:35,300,0.08
1637,L09,#56,GW252/13600,(3)待机状态,3,2025-08-15 13:00:26,2025-08-15 13:01:35,69,0.02
1638,L09,#56,GW252/13600,(2)停机状态,2,2025-08-15 13:00:25,2025-08-15 13:00:26,1,0
1639,L09,#56,GW252/13600,(1)停机过程,1,2025-08-15 12:59:53,2025-08-15 13:00:25,32,0.01
1640,L09,#56,GW252/13600,(4)启机状态,4,2025-08-15 12:54:54,2025-08-15 12:59:53,299,0.08
1641,L09,#56,GW252/13600,(3)待机状态,3,2025-08-15 12:53:50,2025-08-15 12:54:54,64,0.02
1642,L09,#56,GW252/13600,(2)停机状态,2,2025-08-15 12:53:48,2025-08-15 12:53:50,2,0
1643,L09,#56,GW252/13600,(1)停机过程,1,2025-08-15 12:52:55,2025-08-15 12:53:48,53,0.01
1644,L09,#56,GW252/13600,(4)启机状态,4,2025-08-15 12:47:55,2025-08-15 12:52:55,300,0.08
1645,L09,#56,GW252/13600,(3)待机状态,3,2025-08-15 12:46:58,2025-08-15 12:47:55,57,0.02
1646,L09,#56,GW252/13600,(2)停机状态,2,2025-08-15 12:46:56,2025-08-15 12:46:58,2,0
1647,L09,#56,GW252/13600,(1)停机过程,1,2025-08-15 12:46:25,2025-08-15 12:46:56,31,0.01
1648,L09,#56,GW252/13600,(4)启机状态,4,2025-08-15 12:41:25,2025-08-15 12:46:25,300,0.08
1649,L09,#56,GW252/13600,(3)待机状态,3,2025-08-15 12:35:42,2025-08-15 12:41:25,343,0.1
1650,L09,#56,GW252/13600,(2)停机状态,2,2025-08-15 12:35:34,2025-08-15 12:35:42,8,0
1651,L09,#56,GW252/13600,(1)停机过程,1,2025-08-15 12:34:41,2025-08-15 12:35:34,53,0.01
1652,L09,#56,GW252/13600,(5)发电状态,5,2025-08-15 05:29:44,2025-08-15 12:34:41,25497,7.08
1653,L09,#56,GW252/13600,(4)启机状态,4,2025-08-15 05:27:10,2025-08-15 05:29:44,154,0.04
1654,L09,#56,GW252/13600,(3)待机状态,3,2025-08-15 05:21:04,2025-08-15 05:27:10,366,0.1
1655,L09,#56,GW252/13600,(2)停机状态,2,2025-08-15 05:21:03,2025-08-15 05:21:04,1,0
1656,L09,#56,GW252/13600,(1)停机过程,1,2025-08-15 05:20:31,2025-08-15 05:21:03,32,0.01
1657,L09,#56,GW252/13600,(3)待机状态,3,2025-08-15 04:52:35,2025-08-15 05:20:31,1676,0.47
1658,L09,#56,GW252/13600,(2)停机状态,2,2025-08-15 04:46:58,2025-08-15 04:52:35,337,0.09
1659,L09,#56,GW252/13600,(1)停机过程,1,2025-08-15 04:46:26,2025-08-15 04:46:58,32,0.01
1660,L09,#56,GW252/13600,(4)启机状态,4,2025-08-15 04:41:26,2025-08-15 04:46:26,300,0.08
1661,L09,#56,GW252/13600,(3)待机状态,3,2025-08-15 04:37:21,2025-08-15 04:41:26,245,0.07
1662,L09,#56,GW252/13600,(2)停机状态,2,2025-08-15 04:34:51,2025-08-15 04:37:21,150,0.04
1663,L09,#56,GW252/13600,(1)停机过程,1,2025-08-15 04:34:19,2025-08-15 04:34:51,32,0.01
1664,L09,#56,GW252/13600,(4)启机状态,4,2025-08-15 04:29:19,2025-08-15 04:34:19,300,0.08
1665,L09,#56,GW252/13600,(3)待机状态,3,2025-08-15 04:20:44,2025-08-15 04:29:19,515,0.14
1666,L09,#56,GW252/13600,(1)停机过程,1,2025-08-15 04:20:12,2025-08-15 04:20:44,32,0.01
1667,L09,#56,GW252/13600,(4)启机状态,4,2025-08-15 04:15:12,2025-08-15 04:20:12,300,0.08
1668,L09,#56,GW252/13600,(3)待机状态,3,2025-08-15 04:12:20,2025-08-15 04:15:12,172,0.05
1669,L09,#56,GW252/13600,(2)停机状态,2,2025-08-15 04:12:18,2025-08-15 04:12:20,2,0
1670,L09,#56,GW252/13600,(1)停机过程,1,2025-08-15 04:11:25,2025-08-15 04:12:18,53,0.01
1671,L09,#56,GW252/13600,(5)发电状态,5,2025-08-14 01:29:05,2025-08-15 04:11:25,96140,26.71
1672,L09,#56,GW252/13600,(4)启机状态,4,2025-08-14 01:24:36,2025-08-14 01:29:05,269,0.07
1673,L09,#56,GW252/13600,(3)待机状态,3,2025-08-14 01:23:34,2025-08-14 01:24:36,62,0.02
1674,L09,#56,GW252/13600,(2)停机状态,2,2025-08-14 01:23:31,2025-08-14 01:23:34,3,0
1675,L09,#56,GW252/13600,(1)停机过程,1,2025-08-14 01:23:00,2025-08-14 01:23:31,31,0.01
1676,L09,#56,GW252/13600,(4)启机状态,4,2025-08-14 01:18:00,2025-08-14 01:23:00,300,0.08
1677,L09,#56,GW252/13600,(3)待机状态,3,2025-08-14 01:16:50,2025-08-14 01:18:00,70,0.02
1678,L09,#56,GW252/13600,(2)停机状态,2,2025-08-14 01:16:49,2025-08-14 01:16:50,1,0
1679,L09,#56,GW252/13600,(1)停机过程,1,2025-08-14 01:16:17,2025-08-14 01:16:49,32,0.01
1680,L09,#56,GW252/13600,(4)启机状态,4,2025-08-14 01:11:17,2025-08-14 01:16:17,300,0.08
1681,L09,#56,GW252/13600,(3)待机状态,3,2025-08-14 01:09:56,2025-08-14 01:11:17,81,0.02
1682,L09,#56,GW252/13600,(2)停机状态,2,2025-08-14 01:09:55,2025-08-14 01:09:56,1,0
1683,L09,#56,GW252/13600,(1)停机过程,1,2025-08-14 01:09:23,2025-08-14 01:09:55,32,0.01
1684,L09,#56,GW252/13600,(4)启机状态,4,2025-08-14 01:04:23,2025-08-14 01:09:23,300,0.08
1685,L09,#56,GW252/13600,(3)待机状态,3,2025-08-14 00:55:57,2025-08-14 01:04:23,506,0.14
1686,L09,#56,GW252/13600,(1)停机过程,1,2025-08-14 00:55:25,2025-08-14 00:55:57,32,0.01
1687,L09,#56,GW252/13600,(4)启机状态,4,2025-08-14 00:50:25,2025-08-14 00:55:25,300,0.08
1688,L09,#56,GW252/13600,(3)待机状态,3,2025-08-13 22:18:03,2025-08-14 00:50:25,9142,2.54
1689,L09,#56,GW252/13600,(2)停机状态,2,2025-08-13 22:12:25,2025-08-13 22:18:03,338,0.09
1690,L09,#56,GW252/13600,(1)停机过程,1,2025-08-13 22:11:55,2025-08-13 22:12:25,30,0.01
1691,L09,#56,GW252/13600,(4)启机状态,4,2025-08-13 22:06:55,2025-08-13 22:11:55,300,0.08
1692,L09,#56,GW252/13600,(3)待机状态,3,2025-08-13 21:46:51,2025-08-13 22:06:55,1204,0.33
1693,L09,#56,GW252/13600,(2)停机状态,2,2025-08-13 21:46:46,2025-08-13 21:46:51,5,0
1694,L09,#56,GW252/13600,(1)停机过程,1,2025-08-13 21:45:54,2025-08-13 21:46:46,52,0.01
1695,L09,#56,GW252/13600,(5)发电状态,5,2025-08-13 17:34:00,2025-08-13 21:45:54,15114,4.2
1696,L09,#56,GW252/13600,(4)启机状态,4,2025-08-13 17:30:34,2025-08-13 17:34:00,206,0.06
1697,L09,#56,GW252/13600,(3)待机状态,3,2025-08-13 17:29:35,2025-08-13 17:30:34,59,0.02
1698,L09,#56,GW252/13600,(2)停机状态,2,2025-08-13 17:29:34,2025-08-13 17:29:35,1,0
1699,L09,#56,GW252/13600,(1)停机过程,1,2025-08-13 17:29:02,2025-08-13 17:29:34,32,0.01
1700,L09,#56,GW252/13600,(4)启机状态,4,2025-08-13 17:24:02,2025-08-13 17:29:02,300,0.08
1701,L09,#56,GW252/13600,(3)待机状态,3,2025-08-13 17:22:59,2025-08-13 17:24:02,63,0.02
1702,L09,#56,GW252/13600,(1)停机过程,1,2025-08-13 17:22:27,2025-08-13 17:22:59,32,0.01
1703,L09,#56,GW252/13600,(4)启机状态,4,2025-08-13 17:17:27,2025-08-13 17:22:27,300,0.08
1704,L09,#56,GW252/13600,(3)待机状态,3,2025-08-13 17:16:09,2025-08-13 17:17:27,78,0.02
1705,L09,#56,GW252/13600,(2)停机状态,2,2025-08-13 17:15:13,2025-08-13 17:16:09,56,0.02
1706,L09,#56,GW252/13600,(1)停机过程,1,2025-08-13 17:14:42,2025-08-13 17:15:13,31,0.01
1707,L09,#56,GW252/13600,(4)启机状态,4,2025-08-13 17:09:42,2025-08-13 17:14:42,300,0.08
1708,L09,#56,GW252/13600,(3)待机状态,3,2025-08-13 17:08:41,2025-08-13 17:09:42,61,0.02
1709,L09,#56,GW252/13600,(2)停机状态,2,2025-08-13 17:08:39,2025-08-13 17:08:41,2,0
1710,L09,#56,GW252/13600,(1)停机过程,1,2025-08-13 17:08:07,2025-08-13 17:08:39,32,0.01
1711,L09,#56,GW252/13600,(4)启机状态,4,2025-08-13 17:03:07,2025-08-13 17:08:07,300,0.08
1712,L09,#56,GW252/13600,(3)待机状态,3,2025-08-13 17:01:45,2025-08-13 17:03:07,82,0.02
1713,L09,#56,GW252/13600,(2)停机状态,2,2025-08-13 17:01:44,2025-08-13 17:01:45,1,0
1714,L09,#56,GW252/13600,(1)停机过程,1,2025-08-13 17:01:13,2025-08-13 17:01:44,31,0.01
1715,L09,#56,GW252/13600,(4)启机状态,4,2025-08-13 16:56:12,2025-08-13 17:01:13,301,0.08
1716,L09,#56,GW252/13600,(3)待机状态,3,2025-08-13 16:55:04,2025-08-13 16:56:12,68,0.02
1717,L09,#56,GW252/13600,(2)停机状态,2,2025-08-13 16:55:03,2025-08-13 16:55:04,1,0
1718,L09,#56,GW252/13600,(1)停机过程,1,2025-08-13 16:54:32,2025-08-13 16:55:03,31,0.01
1719,L09,#56,GW252/13600,(4)启机状态,4,2025-08-13 16:49:31,2025-08-13 16:54:32,301,0.08
1720,L09,#56,GW252/13600,(3)待机状态,3,2025-08-13 16:48:26,2025-08-13 16:49:31,65,0.02
1721,L09,#56,GW252/13600,(2)停机状态,2,2025-08-13 16:48:25,2025-08-13 16:48:26,1,0
1722,L09,#56,GW252/13600,(1)停机过程,1,2025-08-13 16:47:54,2025-08-13 16:48:25,31,0.01
1723,L09,#56,GW252/13600,(4)启机状态,4,2025-08-13 16:42:53,2025-08-13 16:47:54,301,0.08
1724,L09,#56,GW252/13600,(3)待机状态,3,2025-08-13 16:41:31,2025-08-13 16:42:53,82,0.02
1725,L09,#56,GW252/13600,(2)停机状态,2,2025-08-13 16:41:30,2025-08-13 16:41:31,1,0
1726,L09,#56,GW252/13600,(1)停机过程,1,2025-08-13 16:40:59,2025-08-13 16:41:30,31,0.01
1727,L09,#56,GW252/13600,(4)启机状态,4,2025-08-13 16:35:59,2025-08-13 16:40:59,300,0.08
1728,L09,#56,GW252/13600,(3)待机状态,3,2025-08-13 16:34:32,2025-08-13 16:35:59,87,0.02
1729,L09,#56,GW252/13600,(2)停机状态,2,2025-08-13 16:34:31,2025-08-13 16:34:32,1,0
1730,L09,#56,GW252/13600,(1)停机过程,1,2025-08-13 16:33:59,2025-08-13 16:34:31,32,0.01
1731,L09,#56,GW252/13600,(4)启机状态,4,2025-08-13 16:28:59,2025-08-13 16:33:59,300,0.08
1732,L09,#56,GW252/13600,(3)待机状态,3,2025-08-13 14:26:16,2025-08-13 16:28:59,7363,2.05
1733,L09,#56,GW252/13600,(2)停机状态,2,2025-08-13 14:26:15,2025-08-13 14:26:16,1,0
1734,L09,#56,GW252/13600,(1)停机过程,1,2025-08-13 14:25:44,2025-08-13 14:26:15,31,0.01
1735,L09,#56,GW252/13600,(4)启机状态,4,2025-08-13 14:20:44,2025-08-13 14:25:44,300,0.08
1736,L09,#56,GW252/13600,(3)待机状态,3,2025-08-13 14:19:26,2025-08-13 14:20:44,78,0.02
1737,L09,#56,GW252/13600,(2)停机状态,2,2025-08-13 14:19:24,2025-08-13 14:19:26,2,0
1738,L09,#56,GW252/13600,(1)停机过程,1,2025-08-13 14:18:52,2025-08-13 14:19:24,32,0.01
1739,L09,#56,GW252/13600,(4)启机状态,4,2025-08-13 14:13:51,2025-08-13 14:18:52,301,0.08
1740,L09,#56,GW252/13600,(3)待机状态,3,2025-08-13 14:10:50,2025-08-13 14:13:51,181,0.05
1741,L09,#56,GW252/13600,(2)停机状态,2,2025-08-13 14:10:49,2025-08-13 14:10:50,1,0
1742,L09,#56,GW252/13600,(1)停机过程,1,2025-08-13 14:10:17,2025-08-13 14:10:49,32,0.01
1743,L09,#56,GW252/13600,(4)启机状态,4,2025-08-13 14:05:18,2025-08-13 14:10:17,299,0.08
1744,L09,#56,GW252/13600,(3)待机状态,3,2025-08-13 14:03:50,2025-08-13 14:05:18,88,0.02
1745,L09,#56,GW252/13600,(2)停机状态,2,2025-08-13 14:03:49,2025-08-13 14:03:50,1,0
1746,L09,#56,GW252/13600,(1)停机过程,1,2025-08-13 14:03:18,2025-08-13 14:03:49,31,0.01
1747,L09,#56,GW252/13600,(4)启机状态,4,2025-08-13 13:58:18,2025-08-13 14:03:18,300,0.08
1748,L09,#56,GW252/13600,(3)待机状态,3,2025-08-13 13:57:07,2025-08-13 13:58:18,71,0.02
1749,L09,#56,GW252/13600,(1)停机过程,1,2025-08-13 13:56:35,2025-08-13 13:57:07,32,0.01
1750,L09,#56,GW252/13600,(4)启机状态,4,2025-08-13 13:51:35,2025-08-13 13:56:35,300,0.08
1751,L09,#56,GW252/13600,(3)待机状态,3,2025-08-13 13:50:24,2025-08-13 13:51:35,71,0.02
1752,L09,#56,GW252/13600,(2)停机状态,2,2025-08-13 13:50:19,2025-08-13 13:50:24,5,0
1753,L09,#56,GW252/13600,(1)停机过程,1,2025-08-13 13:49:48,2025-08-13 13:50:19,31,0.01
1754,L09,#56,GW252/13600,(4)启机状态,4,2025-08-13 13:44:47,2025-08-13 13:49:48,301,0.08
1755,L09,#56,GW252/13600,(3)待机状态,3,2025-08-13 13:43:25,2025-08-13 13:44:47,82,0.02
1756,L09,#56,GW252/13600,(2)停机状态,2,2025-08-13 13:43:23,2025-08-13 13:43:25,2,0
1757,L09,#56,GW252/13600,(1)停机过程,1,2025-08-13 13:42:51,2025-08-13 13:43:23,32,0.01
1758,L09,#56,GW252/13600,(4)启机状态,4,2025-08-13 13:37:51,2025-08-13 13:42:51,300,0.08
1759,L09,#56,GW252/13600,(3)待机状态,3,2025-08-13 13:36:06,2025-08-13 13:37:51,105,0.03
1760,L09,#56,GW252/13600,(2)停机状态,2,2025-08-13 13:36:04,2025-08-13 13:36:06,2,0
1761,L09,#56,GW252/13600,(1)停机过程,1,2025-08-13 13:35:33,2025-08-13 13:36:04,31,0.01
1762,L09,#56,GW252/13600,(4)启机状态,4,2025-08-13 13:30:33,2025-08-13 13:35:33,300,0.08
1763,L09,#56,GW252/13600,(3)待机状态,3,2025-08-13 13:29:13,2025-08-13 13:30:33,80,0.02
1764,L09,#56,GW252/13600,(2)停机状态,2,2025-08-13 13:29:11,2025-08-13 13:29:13,2,0
1765,L09,#56,GW252/13600,(1)停机过程,1,2025-08-13 13:28:40,2025-08-13 13:29:11,31,0.01
1766,L09,#56,GW252/13600,(4)启机状态,4,2025-08-13 13:23:39,2025-08-13 13:28:40,301,0.08
1767,L09,#56,GW252/13600,(3)待机状态,3,2025-08-13 13:22:30,2025-08-13 13:23:39,69,0.02
1768,L09,#56,GW252/13600,(2)停机状态,2,2025-08-13 13:22:29,2025-08-13 13:22:30,1,0
1769,L09,#56,GW252/13600,(1)停机过程,1,2025-08-13 13:21:36,2025-08-13 13:22:29,53,0.01
1770,L09,#56,GW252/13600,(5)发电状态,5,2025-08-13 11:45:20,2025-08-13 13:21:36,5776,1.6
1771,L09,#56,GW252/13600,(4)启机状态,4,2025-08-13 11:41:33,2025-08-13 11:45:20,227,0.06
1772,L09,#56,GW252/13600,(3)待机状态,3,2025-08-13 11:40:21,2025-08-13 11:41:33,72,0.02
1773,L09,#56,GW252/13600,(2)停机状态,2,2025-08-13 11:40:20,2025-08-13 11:40:21,1,0
1774,L09,#56,GW252/13600,(1)停机过程,1,2025-08-13 11:39:47,2025-08-13 11:40:20,33,0.01
1775,L09,#56,GW252/13600,(4)启机状态,4,2025-08-13 11:34:47,2025-08-13 11:39:47,300,0.08
1776,L09,#56,GW252/13600,(3)待机状态,3,2025-08-13 11:33:23,2025-08-13 11:34:47,84,0.02
1777,L09,#56,GW252/13600,(2)停机状态,2,2025-08-13 11:33:22,2025-08-13 11:33:23,1,0
1778,L09,#56,GW252/13600,(1)停机过程,1,2025-08-13 11:32:52,2025-08-13 11:33:22,30,0.01
1779,L09,#56,GW252/13600,(4)启机状态,4,2025-08-13 11:27:51,2025-08-13 11:32:52,301,0.08
1780,L09,#56,GW252/13600,(3)待机状态,3,2025-08-13 11:26:45,2025-08-13 11:27:51,66,0.02
1781,L09,#56,GW252/13600,(2)停机状态,2,2025-08-13 11:26:44,2025-08-13 11:26:45,1,0
1782,L09,#56,GW252/13600,(1)停机过程,1,2025-08-13 11:26:13,2025-08-13 11:26:44,31,0.01
1783,L09,#56,GW252/13600,(4)启机状态,4,2025-08-13 11:21:13,2025-08-13 11:26:13,300,0.08
1784,L09,#56,GW252/13600,(3)待机状态,3,2025-08-13 11:18:22,2025-08-13 11:21:13,171,0.05
1785,L09,#56,GW252/13600,(2)停机状态,2,2025-08-13 11:18:20,2025-08-13 11:18:22,2,0
1786,L09,#56,GW252/13600,(1)停机过程,1,2025-08-13 11:17:48,2025-08-13 11:18:20,32,0.01
1787,L09,#56,GW252/13600,(4)启机状态,4,2025-08-13 11:12:48,2025-08-13 11:17:48,300,0.08
1788,L09,#56,GW252/13600,(3)待机状态,3,2025-08-13 11:10:39,2025-08-13 11:12:48,129,0.04
1789,L09,#56,GW252/13600,(1)停机过程,1,2025-08-13 11:10:08,2025-08-13 11:10:39,31,0.01
1790,L09,#56,GW252/13600,(4)启机状态,4,2025-08-13 11:05:08,2025-08-13 11:10:08,300,0.08
1791,L09,#56,GW252/13600,(3)待机状态,3,2025-08-13 11:02:26,2025-08-13 11:05:08,162,0.05
1792,L09,#56,GW252/13600,(2)停机状态,2,2025-08-13 11:02:24,2025-08-13 11:02:26,2,0
1793,L09,#56,GW252/13600,(1)停机过程,1,2025-08-13 11:01:53,2025-08-13 11:02:24,31,0.01
1794,L09,#56,GW252/13600,(4)启机状态,4,2025-08-13 10:56:54,2025-08-13 11:01:53,299,0.08
1795,L09,#56,GW252/13600,(3)待机状态,3,2025-08-13 10:48:04,2025-08-13 10:56:54,530,0.15
1796,L09,#56,GW252/13600,(2)停机状态,2,2025-08-13 10:48:02,2025-08-13 10:48:04,2,0
1797,L09,#56,GW252/13600,(1)停机过程,1,2025-08-13 10:47:30,2025-08-13 10:48:02,32,0.01
1798,L09,#56,GW252/13600,(4)启机状态,4,2025-08-13 10:42:30,2025-08-13 10:47:30,300,0.08
1799,L09,#56,GW252/13600,(3)待机状态,3,2025-08-13 10:40:57,2025-08-13 10:42:30,93,0.03
1800,L09,#56,GW252/13600,(2)停机状态,2,2025-08-13 10:39:01,2025-08-13 10:40:57,116,0.03
1801,L09,#56,GW252/13600,(1)停机过程,1,2025-08-13 10:38:30,2025-08-13 10:39:01,31,0.01
1802,L09,#56,GW252/13600,(4)启机状态,4,2025-08-13 10:33:30,2025-08-13 10:38:30,300,0.08
1803,L09,#56,GW252/13600,(3)待机状态,3,2025-08-13 10:27:29,2025-08-13 10:33:30,361,0.1
1804,L09,#56,GW252/13600,(2)停机状态,2,2025-08-13 10:27:28,2025-08-13 10:27:29,1,0
1805,L09,#56,GW252/13600,(1)停机过程,1,2025-08-13 10:26:56,2025-08-13 10:27:28,32,0.01
1806,L09,#56,GW252/13600,(4)启机状态,4,2025-08-13 10:21:56,2025-08-13 10:26:56,300,0.08
1807,L09,#56,GW252/13600,(3)待机状态,3,2025-08-13 10:20:48,2025-08-13 10:21:56,68,0.02
1808,L09,#56,GW252/13600,(2)停机状态,2,2025-08-13 10:20:46,2025-08-13 10:20:48,2,0
1809,L09,#56,GW252/13600,(1)停机过程,1,2025-08-13 10:20:16,2025-08-13 10:20:46,30,0.01
1810,L09,#56,GW252/13600,(4)启机状态,4,2025-08-13 10:15:15,2025-08-13 10:20:16,301,0.08
1811,L09,#56,GW252/13600,(3)待机状态,3,2025-08-13 10:14:00,2025-08-13 10:15:15,75,0.02
1812,L09,#56,GW252/13600,(2)停机状态,2,2025-08-13 10:13:59,2025-08-13 10:14:00,1,0
1813,L09,#56,GW252/13600,(1)停机过程,1,2025-08-13 10:13:28,2025-08-13 10:13:59,31,0.01
1814,L09,#56,GW252/13600,(4)启机状态,4,2025-08-13 10:08:28,2025-08-13 10:13:28,300,0.08
1815,L09,#56,GW252/13600,(3)待机状态,3,2025-08-13 10:07:18,2025-08-13 10:08:28,70,0.02
1816,L09,#56,GW252/13600,(2)停机状态,2,2025-08-13 10:07:17,2025-08-13 10:07:18,1,0
1817,L09,#56,GW252/13600,(1)停机过程,1,2025-08-13 10:06:44,2025-08-13 10:07:17,33,0.01
1818,L09,#56,GW252/13600,(4)启机状态,4,2025-08-13 10:01:44,2025-08-13 10:06:44,300,0.08
1819,L09,#56,GW252/13600,(3)待机状态,3,2025-08-13 10:00:39,2025-08-13 10:01:44,65,0.02
1820,L09,#56,GW252/13600,(2)停机状态,2,2025-08-13 10:00:38,2025-08-13 10:00:39,1,0
1821,L09,#56,GW252/13600,(1)停机过程,1,2025-08-13 10:00:08,2025-08-13 10:00:38,30,0.01
1822,L09,#56,GW252/13600,(4)启机状态,4,2025-08-13 09:55:07,2025-08-13 10:00:08,301,0.08
1823,L09,#56,GW252/13600,(3)待机状态,3,2025-08-13 09:53:54,2025-08-13 09:55:07,73,0.02
1824,L09,#56,GW252/13600,(2)停机状态,2,2025-08-13 09:53:52,2025-08-13 09:53:54,2,0
1825,L09,#56,GW252/13600,(1)停机过程,1,2025-08-13 09:53:20,2025-08-13 09:53:52,32,0.01
1826,L09,#56,GW252/13600,(4)启机状态,4,2025-08-13 09:48:20,2025-08-13 09:53:20,300,0.08
1827,L09,#56,GW252/13600,(3)待机状态,3,2025-08-13 09:47:09,2025-08-13 09:48:20,71,0.02
1828,L09,#56,GW252/13600,(2)停机状态,2,2025-08-13 09:47:08,2025-08-13 09:47:09,1,0
1829,L09,#56,GW252/13600,(1)停机过程,1,2025-08-13 09:46:38,2025-08-13 09:47:08,30,0.01
1830,L09,#56,GW252/13600,(4)启机状态,4,2025-08-13 09:41:38,2025-08-13 09:46:38,300,0.08
1831,L09,#56,GW252/13600,(3)待机状态,3,2025-08-13 09:40:28,2025-08-13 09:41:38,70,0.02
1832,L09,#56,GW252/13600,(2)停机状态,2,2025-08-13 09:40:27,2025-08-13 09:40:28,1,0
1833,L09,#56,GW252/13600,(1)停机过程,1,2025-08-13 09:39:55,2025-08-13 09:40:27,32,0.01
1834,L09,#56,GW252/13600,(4)启机状态,4,2025-08-13 09:34:55,2025-08-13 09:39:55,300,0.08
1835,L09,#56,GW252/13600,(3)待机状态,3,2025-08-13 09:33:29,2025-08-13 09:34:55,86,0.02
1836,L09,#56,GW252/13600,(1)停机过程,1,2025-08-13 09:32:57,2025-08-13 09:33:29,32,0.01
1837,L09,#56,GW252/13600,(4)启机状态,4,2025-08-13 09:27:56,2025-08-13 09:32:57,301,0.08
1838,L09,#56,GW252/13600,(3)待机状态,3,2025-08-13 09:26:52,2025-08-13 09:27:56,64,0.02
1839,L09,#56,GW252/13600,(2)停机状态,2,2025-08-13 09:26:51,2025-08-13 09:26:52,1,0
1840,L09,#56,GW252/13600,(1)停机过程,1,2025-08-13 09:26:19,2025-08-13 09:26:51,32,0.01
1841,L09,#56,GW252/13600,(4)启机状态,4,2025-08-13 09:21:19,2025-08-13 09:26:19,300,0.08
1842,L09,#56,GW252/13600,(3)待机状态,3,2025-08-13 09:19:32,2025-08-13 09:21:19,107,0.03
1843,L09,#56,GW252/13600,(1)停机过程,1,2025-08-13 09:19:01,2025-08-13 09:19:32,31,0.01
1844,L09,#56,GW252/13600,(4)启机状态,4,2025-08-13 09:14:00,2025-08-13 09:19:01,301,0.08
1845,L09,#56,GW252/13600,(3)待机状态,3,2025-08-13 09:12:56,2025-08-13 09:14:00,64,0.02
1846,L09,#56,GW252/13600,(1)停机过程,1,2025-08-13 09:12:24,2025-08-13 09:12:56,32,0.01
1847,L09,#56,GW252/13600,(4)启机状态,4,2025-08-13 09:07:23,2025-08-13 09:12:24,301,0.08
1848,L09,#56,GW252/13600,(3)待机状态,3,2025-08-13 09:06:17,2025-08-13 09:07:23,66,0.02
1849,L09,#56,GW252/13600,(1)停机过程,1,2025-08-13 09:05:46,2025-08-13 09:06:17,31,0.01
1850,L09,#56,GW252/13600,(4)启机状态,4,2025-08-13 09:00:45,2025-08-13 09:05:46,301,0.08
1851,L09,#56,GW252/13600,(3)待机状态,3,2025-08-13 08:59:27,2025-08-13 09:00:45,78,0.02
1852,L09,#56,GW252/13600,(2)停机状态,2,2025-08-13 08:59:25,2025-08-13 08:59:27,2,0
1853,L09,#56,GW252/13600,(1)停机过程,1,2025-08-13 08:58:32,2025-08-13 08:59:25,53,0.01
1854,L09,#56,GW252/13600,(5)发电状态,5,2025-08-12 15:44:46,2025-08-13 08:58:32,62026,17.23
1855,L09,#56,GW252/13600,(4)启机状态,4,2025-08-12 15:40:14,2025-08-12 15:44:46,272,0.08
1856,L09,#56,GW252/13600,(3)待机状态,3,2025-08-12 15:39:16,2025-08-12 15:40:14,58,0.02
1857,L09,#56,GW252/13600,(2)停机状态,2,2025-08-12 15:39:14,2025-08-12 15:39:16,2,0
1858,L09,#56,GW252/13600,(1)停机过程,1,2025-08-12 15:38:44,2025-08-12 15:39:14,30,0.01
1859,L09,#56,GW252/13600,(4)启机状态,4,2025-08-12 15:33:44,2025-08-12 15:38:44,300,0.08
1860,L09,#56,GW252/13600,(3)待机状态,3,2025-08-12 15:32:35,2025-08-12 15:33:44,69,0.02
1861,L09,#56,GW252/13600,(2)停机状态,2,2025-08-12 15:32:34,2025-08-12 15:32:35,1,0
1862,L09,#56,GW252/13600,(1)停机过程,1,2025-08-12 15:32:01,2025-08-12 15:32:34,33,0.01
1863,L09,#56,GW252/13600,(4)启机状态,4,2025-08-12 15:27:01,2025-08-12 15:32:01,300,0.08
1864,L09,#56,GW252/13600,(3)待机状态,3,2025-08-12 15:25:29,2025-08-12 15:27:01,92,0.03
1865,L09,#56,GW252/13600,(2)停机状态,2,2025-08-12 15:25:28,2025-08-12 15:25:29,1,0
1866,L09,#56,GW252/13600,(1)停机过程,1,2025-08-12 15:24:55,2025-08-12 15:25:28,33,0.01
1867,L09,#56,GW252/13600,(4)启机状态,4,2025-08-12 15:19:55,2025-08-12 15:24:55,300,0.08
1868,L09,#56,GW252/13600,(3)待机状态,3,2025-08-12 15:18:45,2025-08-12 15:19:55,70,0.02
1869,L09,#56,GW252/13600,(2)停机状态,2,2025-08-12 15:18:43,2025-08-12 15:18:45,2,0
1870,L09,#56,GW252/13600,(1)停机过程,1,2025-08-12 15:18:13,2025-08-12 15:18:43,30,0.01
1871,L09,#56,GW252/13600,(4)启机状态,4,2025-08-12 15:13:13,2025-08-12 15:18:13,300,0.08
1872,L09,#56,GW252/13600,(3)待机状态,3,2025-08-12 15:12:11,2025-08-12 15:13:13,62,0.02
1873,L09,#56,GW252/13600,(2)停机状态,2,2025-08-12 15:12:10,2025-08-12 15:12:11,1,0
1874,L09,#56,GW252/13600,(1)停机过程,1,2025-08-12 15:11:38,2025-08-12 15:12:10,32,0.01
1875,L09,#56,GW252/13600,(4)启机状态,4,2025-08-12 15:06:37,2025-08-12 15:11:38,301,0.08
1876,L09,#56,GW252/13600,(3)待机状态,3,2025-08-12 15:05:06,2025-08-12 15:06:37,91,0.03
1877,L09,#56,GW252/13600,(2)停机状态,2,2025-08-12 15:05:04,2025-08-12 15:05:06,2,0
1878,L09,#56,GW252/13600,(1)停机过程,1,2025-08-12 15:04:32,2025-08-12 15:05:04,32,0.01
1879,L09,#56,GW252/13600,(4)启机状态,4,2025-08-12 14:59:32,2025-08-12 15:04:32,300,0.08
1880,L09,#56,GW252/13600,(3)待机状态,3,2025-08-12 14:58:26,2025-08-12 14:59:32,66,0.02
1881,L09,#56,GW252/13600,(2)停机状态,2,2025-08-12 14:58:24,2025-08-12 14:58:26,2,0
1882,L09,#56,GW252/13600,(1)停机过程,1,2025-08-12 14:57:53,2025-08-12 14:58:24,31,0.01
1883,L09,#56,GW252/13600,(4)启机状态,4,2025-08-12 14:52:53,2025-08-12 14:57:53,300,0.08
1884,L09,#56,GW252/13600,(3)待机状态,3,2025-08-12 14:51:33,2025-08-12 14:52:53,80,0.02
1885,L09,#56,GW252/13600,(2)停机状态,2,2025-08-12 14:51:31,2025-08-12 14:51:33,2,0
1886,L09,#56,GW252/13600,(1)停机过程,1,2025-08-12 14:50:59,2025-08-12 14:51:31,32,0.01
1887,L09,#56,GW252/13600,(4)启机状态,4,2025-08-12 14:45:58,2025-08-12 14:50:59,301,0.08
1888,L09,#56,GW252/13600,(3)待机状态,3,2025-08-12 14:44:51,2025-08-12 14:45:58,67,0.02
1889,L09,#56,GW252/13600,(2)停机状态,2,2025-08-12 14:44:49,2025-08-12 14:44:51,2,0
1890,L09,#56,GW252/13600,(1)停机过程,1,2025-08-12 14:44:18,2025-08-12 14:44:49,31,0.01
1891,L09,#56,GW252/13600,(4)启机状态,4,2025-08-12 14:39:18,2025-08-12 14:44:18,300,0.08
1892,L09,#56,GW252/13600,(3)待机状态,3,2025-08-12 14:36:46,2025-08-12 14:39:18,152,0.04
1893,L09,#56,GW252/13600,(2)停机状态,2,2025-08-12 14:35:27,2025-08-12 14:36:46,79,0.02
1894,L09,#56,GW252/13600,(1)停机过程,1,2025-08-12 14:34:56,2025-08-12 14:35:27,31,0.01
1895,L09,#56,GW252/13600,(4)启机状态,4,2025-08-12 14:29:56,2025-08-12 14:34:56,300,0.08
1896,L09,#56,GW252/13600,(3)待机状态,3,2025-08-12 14:28:31,2025-08-12 14:29:56,85,0.02
1897,L09,#56,GW252/13600,(2)停机状态,2,2025-08-12 14:28:30,2025-08-12 14:28:31,1,0
1898,L09,#56,GW252/13600,(1)停机过程,1,2025-08-12 14:27:59,2025-08-12 14:28:30,31,0.01
1899,L09,#56,GW252/13600,(4)启机状态,4,2025-08-12 14:22:58,2025-08-12 14:27:59,301,0.08
1900,L09,#56,GW252/13600,(3)待机状态,3,2025-08-12 14:20:43,2025-08-12 14:22:58,135,0.04
1901,L09,#56,GW252/13600,(2)停机状态,2,2025-08-12 14:20:41,2025-08-12 14:20:43,2,0
1902,L09,#56,GW252/13600,(1)停机过程,1,2025-08-12 14:20:09,2025-08-12 14:20:41,32,0.01
1903,L09,#56,GW252/13600,(4)启机状态,4,2025-08-12 14:15:09,2025-08-12 14:20:09,300,0.08
1904,L09,#56,GW252/13600,(3)待机状态,3,2025-08-12 12:56:18,2025-08-12 14:15:09,4731,1.31
1905,L09,#56,GW252/13600,(2)停机状态,2,2025-08-12 12:50:41,2025-08-12 12:56:18,337,0.09
1906,L09,#56,GW252/13600,(1)停机过程,1,2025-08-12 12:50:10,2025-08-12 12:50:41,31,0.01
1907,L09,#56,GW252/13600,(4)启机状态,4,2025-08-12 12:45:10,2025-08-12 12:50:10,300,0.08
1908,L09,#56,GW252/13600,(3)待机状态,3,2025-08-12 12:43:35,2025-08-12 12:45:10,95,0.03
1909,L09,#56,GW252/13600,(2)停机状态,2,2025-08-12 12:43:33,2025-08-12 12:43:35,2,0
1910,L09,#56,GW252/13600,(1)停机过程,1,2025-08-12 12:43:02,2025-08-12 12:43:33,31,0.01
1911,L09,#56,GW252/13600,(4)启机状态,4,2025-08-12 12:38:02,2025-08-12 12:43:02,300,0.08
1912,L09,#56,GW252/13600,(3)待机状态,3,2025-08-12 12:36:50,2025-08-12 12:38:02,72,0.02
1913,L09,#56,GW252/13600,(2)停机状态,2,2025-08-12 12:36:48,2025-08-12 12:36:50,2,0
1914,L09,#56,GW252/13600,(1)停机过程,1,2025-08-12 12:36:17,2025-08-12 12:36:48,31,0.01
1915,L09,#56,GW252/13600,(4)启机状态,4,2025-08-12 12:31:17,2025-08-12 12:36:17,300,0.08
1916,L09,#56,GW252/13600,(3)待机状态,3,2025-08-12 12:26:28,2025-08-12 12:31:17,289,0.08
1917,L09,#56,GW252/13600,(2)停机状态,2,2025-08-12 12:26:27,2025-08-12 12:26:28,1,0
1918,L09,#56,GW252/13600,(1)停机过程,1,2025-08-12 12:25:56,2025-08-12 12:26:27,31,0.01
1919,L09,#56,GW252/13600,(4)启机状态,4,2025-08-12 12:20:57,2025-08-12 12:25:56,299,0.08
1920,L09,#56,GW252/13600,(3)待机状态,3,2025-08-12 12:19:44,2025-08-12 12:20:57,73,0.02
1921,L09,#56,GW252/13600,(1)停机过程,1,2025-08-12 12:19:11,2025-08-12 12:19:44,33,0.01
1922,L09,#56,GW252/13600,(4)启机状态,4,2025-08-12 12:14:11,2025-08-12 12:19:11,300,0.08
1923,L09,#56,GW252/13600,(3)待机状态,3,2025-08-12 12:12:57,2025-08-12 12:14:11,74,0.02
1924,L09,#56,GW252/13600,(2)停机状态,2,2025-08-12 12:12:56,2025-08-12 12:12:57,1,0
1925,L09,#56,GW252/13600,(1)停机过程,1,2025-08-12 12:12:26,2025-08-12 12:12:56,30,0.01
1926,L09,#56,GW252/13600,(4)启机状态,4,2025-08-12 12:07:26,2025-08-12 12:12:26,300,0.08
1927,L09,#56,GW252/13600,(3)待机状态,3,2025-08-12 12:05:51,2025-08-12 12:07:26,95,0.03
1928,L09,#56,GW252/13600,(2)停机状态,2,2025-08-12 12:05:43,2025-08-12 12:05:51,8,0
1929,L09,#56,GW252/13600,(1)停机过程,1,2025-08-12 12:04:51,2025-08-12 12:05:43,52,0.01
1930,L09,#56,GW252/13600,(5)发电状态,5,2025-08-11 16:56:40,2025-08-12 12:04:51,68891,19.14
1931,L09,#56,GW252/13600,(4)启机状态,4,2025-08-11 16:52:18,2025-08-11 16:56:40,262,0.07
1932,L09,#56,GW252/13600,(3)待机状态,3,2025-08-11 16:51:15,2025-08-11 16:52:18,63,0.02
1933,L09,#56,GW252/13600,(2)停机状态,2,2025-08-11 16:51:13,2025-08-11 16:51:15,2,0
1934,L09,#56,GW252/13600,(1)停机过程,1,2025-08-11 16:50:43,2025-08-11 16:51:13,30,0.01
1935,L09,#56,GW252/13600,(4)启机状态,4,2025-08-11 16:45:43,2025-08-11 16:50:43,300,0.08
1936,L09,#56,GW252/13600,(3)待机状态,3,2025-08-11 16:44:39,2025-08-11 16:45:43,64,0.02
1937,L09,#56,GW252/13600,(2)停机状态,2,2025-08-11 16:44:38,2025-08-11 16:44:39,1,0
1938,L09,#56,GW252/13600,(1)停机过程,1,2025-08-11 16:44:05,2025-08-11 16:44:38,33,0.01
1939,L09,#56,GW252/13600,(4)启机状态,4,2025-08-11 16:39:05,2025-08-11 16:44:05,300,0.08
1940,L09,#56,GW252/13600,(3)待机状态,3,2025-08-11 16:34:57,2025-08-11 16:39:05,248,0.07
1941,L09,#56,GW252/13600,(2)停机状态,2,2025-08-11 16:34:56,2025-08-11 16:34:57,1,0
1942,L09,#56,GW252/13600,(1)停机过程,1,2025-08-11 16:34:24,2025-08-11 16:34:56,32,0.01
1943,L09,#56,GW252/13600,(4)启机状态,4,2025-08-11 16:29:24,2025-08-11 16:34:24,300,0.08
1944,L09,#56,GW252/13600,(3)待机状态,3,2025-08-11 16:27:43,2025-08-11 16:29:24,101,0.03
1945,L09,#56,GW252/13600,(2)停机状态,2,2025-08-11 16:27:41,2025-08-11 16:27:43,2,0
1946,L09,#56,GW252/13600,(1)停机过程,1,2025-08-11 16:27:09,2025-08-11 16:27:41,32,0.01
1947,L09,#56,GW252/13600,(4)启机状态,4,2025-08-11 16:22:09,2025-08-11 16:27:09,300,0.08
1948,L09,#56,GW252/13600,(3)待机状态,3,2025-08-11 16:21:02,2025-08-11 16:22:09,67,0.02
1949,L09,#56,GW252/13600,(2)停机状态,2,2025-08-11 16:21:01,2025-08-11 16:21:02,1,0
1950,L09,#56,GW252/13600,(1)停机过程,1,2025-08-11 16:20:31,2025-08-11 16:21:01,30,0.01
1951,L09,#56,GW252/13600,(4)启机状态,4,2025-08-11 16:15:30,2025-08-11 16:20:31,301,0.08
1952,L09,#56,GW252/13600,(3)待机状态,3,2025-08-11 16:12:43,2025-08-11 16:15:30,167,0.05
1953,L09,#56,GW252/13600,(2)停机状态,2,2025-08-11 16:12:42,2025-08-11 16:12:43,1,0
1954,L09,#56,GW252/13600,(1)停机过程,1,2025-08-11 16:12:10,2025-08-11 16:12:42,32,0.01
1955,L09,#56,GW252/13600,(4)启机状态,4,2025-08-11 16:07:10,2025-08-11 16:12:10,300,0.08
1956,L09,#56,GW252/13600,(3)待机状态,3,2025-08-11 16:06:01,2025-08-11 16:07:10,69,0.02
1957,L09,#56,GW252/13600,(2)停机状态,2,2025-08-11 16:06:00,2025-08-11 16:06:01,1,0
1958,L09,#56,GW252/13600,(1)停机过程,1,2025-08-11 16:05:28,2025-08-11 16:06:00,32,0.01
1959,L09,#56,GW252/13600,(4)启机状态,4,2025-08-11 16:00:27,2025-08-11 16:05:28,301,0.08
1960,L09,#56,GW252/13600,(3)待机状态,3,2025-08-11 10:40:12,2025-08-11 16:00:27,19215,5.34
1961,L09,#56,GW252/13600,(2)停机状态,2,2025-08-11 10:34:35,2025-08-11 10:40:12,337,0.09
1962,L09,#56,GW252/13600,(1)停机过程,1,2025-08-11 10:34:03,2025-08-11 10:34:35,32,0.01
1963,L09,#56,GW252/13600,(4)启机状态,4,2025-08-11 10:29:03,2025-08-11 10:34:03,300,0.08
1964,L09,#56,GW252/13600,(3)待机状态,3,2025-08-11 10:19:48,2025-08-11 10:29:03,555,0.15
1965,L09,#56,GW252/13600,(2)停机状态,2,2025-08-11 10:18:29,2025-08-11 10:19:48,79,0.02
1966,L09,#56,GW252/13600,(1)停机过程,1,2025-08-11 10:17:57,2025-08-11 10:18:29,32,0.01
1967,L09,#56,GW252/13600,(4)启机状态,4,2025-08-11 10:12:57,2025-08-11 10:17:57,300,0.08
1968,L09,#56,GW252/13600,(3)待机状态,3,2025-08-11 10:11:49,2025-08-11 10:12:57,68,0.02
1969,L09,#56,GW252/13600,(2)停机状态,2,2025-08-11 10:11:48,2025-08-11 10:11:49,1,0
1970,L09,#56,GW252/13600,(1)停机过程,1,2025-08-11 10:11:17,2025-08-11 10:11:48,31,0.01
1971,L09,#56,GW252/13600,(4)启机状态,4,2025-08-11 10:06:17,2025-08-11 10:11:17,300,0.08
1972,L09,#56,GW252/13600,(3)待机状态,3,2025-08-11 10:02:57,2025-08-11 10:06:17,200,0.06
1973,L09,#56,GW252/13600,(2)停机状态,2,2025-08-11 10:02:25,2025-08-11 10:02:57,32,0.01
1974,L09,#56,GW252/13600,(1)停机过程,1,2025-08-11 10:01:53,2025-08-11 10:02:25,32,0.01
1975,L09,#56,GW252/13600,(4)启机状态,4,2025-08-11 09:56:52,2025-08-11 10:01:53,301,0.08
1976,L09,#56,GW252/13600,(3)待机状态,3,2025-08-11 09:55:42,2025-08-11 09:56:52,70,0.02
1977,L09,#56,GW252/13600,(2)停机状态,2,2025-08-11 09:55:41,2025-08-11 09:55:42,1,0
1978,L09,#56,GW252/13600,(1)停机过程,1,2025-08-11 09:55:11,2025-08-11 09:55:41,30,0.01
1979,L09,#56,GW252/13600,(4)启机状态,4,2025-08-11 09:50:11,2025-08-11 09:55:11,300,0.08
1980,L09,#56,GW252/13600,(3)待机状态,3,2025-08-11 09:49:09,2025-08-11 09:50:11,62,0.02
1981,L09,#56,GW252/13600,(2)停机状态,2,2025-08-11 09:49:08,2025-08-11 09:49:09,1,0
1982,L09,#56,GW252/13600,(1)停机过程,1,2025-08-11 09:48:36,2025-08-11 09:49:08,32,0.01
1983,L09,#56,GW252/13600,(4)启机状态,4,2025-08-11 09:43:35,2025-08-11 09:48:36,301,0.08
1984,L09,#56,GW252/13600,(3)待机状态,3,2025-08-11 09:42:16,2025-08-11 09:43:35,79,0.02
1985,L09,#56,GW252/13600,(2)停机状态,2,2025-08-11 09:42:14,2025-08-11 09:42:16,2,0
1986,L09,#56,GW252/13600,(1)停机过程,1,2025-08-11 09:41:43,2025-08-11 09:42:14,31,0.01
1987,L09,#56,GW252/13600,(4)启机状态,4,2025-08-11 09:36:43,2025-08-11 09:41:43,300,0.08
1988,L09,#56,GW252/13600,(3)待机状态,3,2025-08-11 09:35:28,2025-08-11 09:36:43,75,0.02
1989,L09,#56,GW252/13600,(2)停机状态,2,2025-08-11 09:35:02,2025-08-11 09:35:28,26,0.01
1990,L09,#56,GW252/13600,(1)停机过程,1,2025-08-11 09:34:30,2025-08-11 09:35:02,32,0.01
1991,L09,#56,GW252/13600,(4)启机状态,4,2025-08-11 09:29:30,2025-08-11 09:34:30,300,0.08
1992,L09,#56,GW252/13600,(3)待机状态,3,2025-08-11 09:28:18,2025-08-11 09:29:30,72,0.02
1993,L09,#56,GW252/13600,(1)停机过程,1,2025-08-11 09:27:46,2025-08-11 09:28:18,32,0.01
1994,L09,#56,GW252/13600,(4)启机状态,4,2025-08-11 09:22:46,2025-08-11 09:27:46,300,0.08
1995,L09,#56,GW252/13600,(3)待机状态,3,2025-08-11 09:21:39,2025-08-11 09:22:46,67,0.02
1996,L09,#56,GW252/13600,(2)停机状态,2,2025-08-11 09:21:35,2025-08-11 09:21:39,4,0
1997,L09,#56,GW252/13600,(1)停机过程,1,2025-08-11 09:20:43,2025-08-11 09:21:35,52,0.01
1998,L09,#56,GW252/13600,(4)启机状态,4,2025-08-11 09:15:43,2025-08-11 09:20:43,300,0.08
1999,L09,#56,GW252/13600,(3)待机状态,3,2025-08-11 09:14:44,2025-08-11 09:15:43,59,0.02
2000,L09,#56,GW252/13600,(2)停机状态,2,2025-08-11 09:14:43,2025-08-11 09:14:44,1,0
2001,L09,#56,GW252/13600,(1)停机过程,1,2025-08-11 09:14:11,2025-08-11 09:14:43,32,0.01
2002,L09,#56,GW252/13600,(4)启机状态,4,2025-08-11 09:09:11,2025-08-11 09:14:11,300,0.08
2003,L09,#56,GW252/13600,(3)待机状态,3,2025-08-11 09:07:59,2025-08-11 09:09:11,72,0.02
2004,L09,#56,GW252/13600,(2)停机状态,2,2025-08-11 09:07:57,2025-08-11 09:07:59,2,0
2005,L09,#56,GW252/13600,(1)停机过程,1,2025-08-11 09:07:26,2025-08-11 09:07:57,31,0.01
2006,L09,#56,GW252/13600,(4)启机状态,4,2025-08-11 09:02:25,2025-08-11 09:07:26,301,0.08
2007,L09,#56,GW252/13600,(3)待机状态,3,2025-08-11 09:00:18,2025-08-11 09:02:25,127,0.04
2008,L09,#56,GW252/13600,(1)停机过程,1,2025-08-11 08:59:46,2025-08-11 09:00:18,32,0.01
2009,L09,#56,GW252/13600,(4)启机状态,4,2025-08-11 08:54:46,2025-08-11 08:59:46,300,0.08
2010,L09,#56,GW252/13600,(3)待机状态,3,2025-08-11 08:49:52,2025-08-11 08:54:46,294,0.08
2011,L09,#56,GW252/13600,(2)停机状态,2,2025-08-11 08:48:35,2025-08-11 08:49:52,77,0.02
2012,L09,#56,GW252/13600,(1)停机过程,1,2025-08-11 08:48:04,2025-08-11 08:48:35,31,0.01
2013,L09,#56,GW252/13600,(4)启机状态,4,2025-08-11 08:43:04,2025-08-11 08:48:04,300,0.08
2014,L09,#56,GW252/13600,(3)待机状态,3,2025-08-11 08:41:19,2025-08-11 08:43:04,105,0.03
2015,L09,#56,GW252/13600,(2)停机状态,2,2025-08-11 08:39:09,2025-08-11 08:41:19,130,0.04
2016,L09,#56,GW252/13600,(1)停机过程,1,2025-08-11 08:38:37,2025-08-11 08:39:09,32,0.01
2017,L09,#56,GW252/13600,(4)启机状态,4,2025-08-11 08:33:37,2025-08-11 08:38:37,300,0.08
2018,L09,#56,GW252/13600,(3)待机状态,3,2025-08-11 08:29:11,2025-08-11 08:33:37,266,0.07
2019,L09,#56,GW252/13600,(2)停机状态,2,2025-08-11 08:29:09,2025-08-11 08:29:11,2,0
2020,L09,#56,GW252/13600,(1)停机过程,1,2025-08-11 08:28:39,2025-08-11 08:29:09,30,0.01
2021,L09,#56,GW252/13600,(4)启机状态,4,2025-08-11 08:23:37,2025-08-11 08:28:39,302,0.08
2022,L09,#56,GW252/13600,(3)待机状态,3,2025-08-11 08:22:06,2025-08-11 08:23:37,91,0.03
2023,L09,#56,GW252/13600,(2)停机状态,2,2025-08-11 08:22:04,2025-08-11 08:22:06,2,0
2024,L09,#56,GW252/13600,(1)停机过程,1,2025-08-11 08:21:32,2025-08-11 08:22:04,32,0.01
2025,L09,#56,GW252/13600,(4)启机状态,4,2025-08-11 08:16:34,2025-08-11 08:21:32,298,0.08
2026,L09,#56,GW252/13600,(3)待机状态,3,2025-08-11 08:15:18,2025-08-11 08:16:34,76,0.02
2027,L09,#56,GW252/13600,(2)停机状态,2,2025-08-11 08:15:17,2025-08-11 08:15:18,1,0
2028,L09,#56,GW252/13600,(1)停机过程,1,2025-08-11 08:14:44,2025-08-11 08:15:17,33,0.01
2029,L09,#56,GW252/13600,(4)启机状态,4,2025-08-11 08:09:44,2025-08-11 08:14:44,300,0.08
2030,L09,#56,GW252/13600,(3)待机状态,3,2025-08-11 08:08:26,2025-08-11 08:09:44,78,0.02
2031,L09,#56,GW252/13600,(2)停机状态,2,2025-08-11 08:08:25,2025-08-11 08:08:26,1,0
2032,L09,#56,GW252/13600,(1)停机过程,1,2025-08-11 08:07:53,2025-08-11 08:08:25,32,0.01
2033,L09,#56,GW252/13600,(4)启机状态,4,2025-08-11 08:02:53,2025-08-11 08:07:53,300,0.08
2034,L09,#56,GW252/13600,(3)待机状态,3,2025-08-11 08:00:49,2025-08-11 08:02:53,124,0.03
2035,L09,#56,GW252/13600,(2)停机状态,2,2025-08-11 08:00:38,2025-08-11 08:00:49,11,0
2036,L09,#56,GW252/13600,(1)停机过程,1,2025-08-11 08:00:07,2025-08-11 08:00:38,31,0.01
2037,L09,#56,GW252/13600,(4)启机状态,4,2025-08-11 07:55:07,2025-08-11 08:00:07,300,0.08
2038,L09,#56,GW252/13600,(3)待机状态,3,2025-08-11 07:50:36,2025-08-11 07:55:07,271,0.08
2039,L09,#56,GW252/13600,(2)停机状态,2,2025-08-11 07:50:34,2025-08-11 07:50:36,2,0
2040,L09,#56,GW252/13600,(1)停机过程,1,2025-08-11 07:50:03,2025-08-11 07:50:34,31,0.01
2041,L09,#56,GW252/13600,(4)启机状态,4,2025-08-11 07:45:03,2025-08-11 07:50:03,300,0.08
2042,L09,#56,GW252/13600,(3)待机状态,3,2025-08-11 07:38:49,2025-08-11 07:45:03,374,0.1
2043,L09,#56,GW252/13600,(2)停机状态,2,2025-08-11 07:38:48,2025-08-11 07:38:49,1,0
2044,L09,#56,GW252/13600,(1)停机过程,1,2025-08-11 07:38:16,2025-08-11 07:38:48,32,0.01
2045,L09,#56,GW252/13600,(4)启机状态,4,2025-08-11 07:33:16,2025-08-11 07:38:16,300,0.08
2046,L09,#56,GW252/13600,(3)待机状态,3,2025-08-11 07:32:07,2025-08-11 07:33:16,69,0.02
2047,L09,#56,GW252/13600,(1)停机过程,1,2025-08-11 07:31:35,2025-08-11 07:32:07,32,0.01
2048,L09,#56,GW252/13600,(4)启机状态,4,2025-08-11 07:26:35,2025-08-11 07:31:35,300,0.08
2049,L09,#56,GW252/13600,(3)待机状态,3,2025-08-11 07:25:27,2025-08-11 07:26:35,68,0.02
2050,L09,#56,GW252/13600,(2)停机状态,2,2025-08-11 07:25:26,2025-08-11 07:25:27,1,0
2051,L09,#56,GW252/13600,(1)停机过程,1,2025-08-11 07:24:55,2025-08-11 07:25:26,31,0.01
2052,L09,#56,GW252/13600,(4)启机状态,4,2025-08-11 07:19:55,2025-08-11 07:24:55,300,0.08
2053,L09,#56,GW252/13600,(3)待机状态,3,2025-08-11 07:17:49,2025-08-11 07:19:55,126,0.04
2054,L09,#56,GW252/13600,(2)停机状态,2,2025-08-11 07:17:47,2025-08-11 07:17:49,2,0
2055,L09,#56,GW252/13600,(1)停机过程,1,2025-08-11 07:16:54,2025-08-11 07:17:47,53,0.01
2056,L09,#56,GW252/13600,(5)发电状态,5,2025-08-11 06:49:58,2025-08-11 07:16:54,1616,0.45
2057,L09,#56,GW252/13600,(4)启机状态,4,2025-08-11 06:45:01,2025-08-11 06:49:58,297,0.08
2058,L09,#56,GW252/13600,(3)待机状态,3,2025-08-11 06:44:00,2025-08-11 06:45:01,61,0.02
2059,L09,#56,GW252/13600,(2)停机状态,2,2025-08-11 06:43:58,2025-08-11 06:44:00,2,0
2060,L09,#56,GW252/13600,(1)停机过程,1,2025-08-11 06:43:28,2025-08-11 06:43:58,30,0.01
2061,L09,#56,GW252/13600,(4)启机状态,4,2025-08-11 06:38:28,2025-08-11 06:43:28,300,0.08
2062,L09,#56,GW252/13600,(3)待机状态,3,2025-08-11 06:37:14,2025-08-11 06:38:28,74,0.02
2063,L09,#56,GW252/13600,(2)停机状态,2,2025-08-11 06:37:13,2025-08-11 06:37:14,1,0
2064,L09,#56,GW252/13600,(1)停机过程,1,2025-08-11 06:36:40,2025-08-11 06:37:13,33,0.01
2065,L09,#56,GW252/13600,(4)启机状态,4,2025-08-11 06:31:40,2025-08-11 06:36:40,300,0.08
2066,L09,#56,GW252/13600,(3)待机状态,3,2025-08-11 06:30:42,2025-08-11 06:31:40,58,0.02
2067,L09,#56,GW252/13600,(2)停机状态,2,2025-08-11 06:30:41,2025-08-11 06:30:42,1,0
2068,L09,#56,GW252/13600,(1)停机过程,1,2025-08-11 06:30:11,2025-08-11 06:30:41,30,0.01
2069,L09,#56,GW252/13600,(4)启机状态,4,2025-08-11 06:25:10,2025-08-11 06:30:11,301,0.08
2070,L09,#56,GW252/13600,(3)待机状态,3,2025-08-11 06:24:00,2025-08-11 06:25:10,70,0.02
2071,L09,#56,GW252/13600,(2)停机状态,2,2025-08-11 06:23:58,2025-08-11 06:24:00,2,0
2072,L09,#56,GW252/13600,(1)停机过程,1,2025-08-11 06:23:26,2025-08-11 06:23:58,32,0.01
2073,L09,#56,GW252/13600,(4)启机状态,4,2025-08-11 06:18:26,2025-08-11 06:23:26,300,0.08
2074,L09,#56,GW252/13600,(3)待机状态,3,2025-08-11 06:17:16,2025-08-11 06:18:26,70,0.02
2075,L09,#56,GW252/13600,(2)停机状态,2,2025-08-11 06:17:14,2025-08-11 06:17:16,2,0
2076,L09,#56,GW252/13600,(1)停机过程,1,2025-08-11 06:16:43,2025-08-11 06:17:14,31,0.01
2077,L09,#56,GW252/13600,(4)启机状态,4,2025-08-11 06:11:43,2025-08-11 06:16:43,300,0.08
2078,L09,#56,GW252/13600,(3)待机状态,3,2025-08-11 06:10:41,2025-08-11 06:11:43,62,0.02
2079,L09,#56,GW252/13600,(2)停机状态,2,2025-08-11 06:10:40,2025-08-11 06:10:41,1,0
2080,L09,#56,GW252/13600,(1)停机过程,1,2025-08-11 06:10:08,2025-08-11 06:10:40,32,0.01
2081,L09,#56,GW252/13600,(4)启机状态,4,2025-08-11 06:05:07,2025-08-11 06:10:08,301,0.08
2082,L09,#56,GW252/13600,(3)待机状态,3,2025-08-11 06:03:38,2025-08-11 06:05:07,89,0.02
2083,L09,#56,GW252/13600,(2)停机状态,2,2025-08-11 06:03:35,2025-08-11 06:03:38,3,0
2084,L09,#56,GW252/13600,(1)停机过程,1,2025-08-11 06:03:03,2025-08-11 06:03:35,32,0.01
2085,L09,#56,GW252/13600,(4)启机状态,4,2025-08-11 05:58:03,2025-08-11 06:03:03,300,0.08
2086,L09,#56,GW252/13600,(3)待机状态,3,2025-08-11 05:56:31,2025-08-11 05:58:03,92,0.03
2087,L09,#56,GW252/13600,(2)停机状态,2,2025-08-11 05:54:12,2025-08-11 05:56:31,139,0.04
2088,L09,#56,GW252/13600,(1)停机过程,1,2025-08-11 05:53:41,2025-08-11 05:54:12,31,0.01
2089,L09,#56,GW252/13600,(4)启机状态,4,2025-08-11 05:48:41,2025-08-11 05:53:41,300,0.08
2090,L09,#56,GW252/13600,(3)待机状态,3,2025-08-11 05:46:44,2025-08-11 05:48:41,117,0.03
2091,L09,#56,GW252/13600,(2)停机状态,2,2025-08-11 05:46:42,2025-08-11 05:46:44,2,0
2092,L09,#56,GW252/13600,(1)停机过程,1,2025-08-11 05:46:10,2025-08-11 05:46:42,32,0.01
2093,L09,#56,GW252/13600,(4)启机状态,4,2025-08-11 05:41:10,2025-08-11 05:46:10,300,0.08
2094,L09,#56,GW252/13600,(3)待机状态,3,2025-08-11 05:29:01,2025-08-11 05:41:10,729,0.2
2095,L09,#56,GW252/13600,(2)停机状态,2,2025-08-11 05:29:00,2025-08-11 05:29:01,1,0
2096,L09,#56,GW252/13600,(1)停机过程,1,2025-08-11 05:28:30,2025-08-11 05:29:00,30,0.01
2097,L09,#56,GW252/13600,(4)启机状态,4,2025-08-11 05:23:30,2025-08-11 05:28:30,300,0.08
2098,L09,#56,GW252/13600,(3)待机状态,3,2025-08-11 05:17:37,2025-08-11 05:23:30,353,0.1
2099,L09,#56,GW252/13600,(1)停机过程,1,2025-08-11 05:16:44,2025-08-11 05:17:37,53,0.01
2100,L09,#56,GW252/13600,(5)发电状态,5,2025-08-11 04:49:23,2025-08-11 05:16:44,1641,0.46
2101,L09,#56,GW252/13600,(4)启机状态,4,2025-08-11 04:45:23,2025-08-11 04:49:23,240,0.07
2102,L09,#56,GW252/13600,(3)待机状态,3,2025-08-11 04:44:22,2025-08-11 04:45:23,61,0.02
2103,L09,#56,GW252/13600,(2)停机状态,2,2025-08-11 04:44:21,2025-08-11 04:44:22,1,0
2104,L09,#56,GW252/13600,(1)停机过程,1,2025-08-11 04:43:51,2025-08-11 04:44:21,30,0.01
2105,L09,#56,GW252/13600,(4)启机状态,4,2025-08-11 04:38:51,2025-08-11 04:43:51,300,0.08
2106,L09,#56,GW252/13600,(3)待机状态,3,2025-08-11 04:37:49,2025-08-11 04:38:51,62,0.02
2107,L09,#56,GW252/13600,(2)停机状态,2,2025-08-11 04:37:47,2025-08-11 04:37:49,2,0
2108,L09,#56,GW252/13600,(1)停机过程,1,2025-08-11 04:36:54,2025-08-11 04:37:47,53,0.01
2109,L09,#56,GW252/13600,(4)启机状态,4,2025-08-11 04:31:55,2025-08-11 04:36:54,299,0.08
2110,L09,#56,GW252/13600,(3)待机状态,3,2025-08-11 04:30:55,2025-08-11 04:31:55,60,0.02
2111,L09,#56,GW252/13600,(2)停机状态,2,2025-08-11 04:30:54,2025-08-11 04:30:55,1,0
2112,L09,#56,GW252/13600,(1)停机过程,1,2025-08-11 04:30:23,2025-08-11 04:30:54,31,0.01
2113,L09,#56,GW252/13600,(4)启机状态,4,2025-08-11 04:25:23,2025-08-11 04:30:23,300,0.08
2114,L09,#56,GW252/13600,(3)待机状态,3,2025-08-11 04:24:21,2025-08-11 04:25:23,62,0.02
2115,L09,#56,GW252/13600,(2)停机状态,2,2025-08-11 04:24:20,2025-08-11 04:24:21,1,0
2116,L09,#56,GW252/13600,(1)停机过程,1,2025-08-11 04:23:27,2025-08-11 04:24:20,53,0.01
2117,L09,#56,GW252/13600,(5)发电状态,5,2025-08-10 18:05:15,2025-08-11 04:23:27,37092,10.3
2118,L09,#56,GW252/13600,(4)启机状态,4,2025-08-10 18:00:16,2025-08-10 18:05:15,299,0.08
2119,L09,#56,GW252/13600,(3)待机状态,3,2025-08-10 17:59:00,2025-08-10 18:00:16,76,0.02
2120,L09,#56,GW252/13600,(2)停机状态,2,2025-08-10 17:58:59,2025-08-10 17:59:00,1,0
2121,L09,#56,GW252/13600,(1)停机过程,1,2025-08-10 17:58:26,2025-08-10 17:58:59,33,0.01
2122,L09,#56,GW252/13600,(4)启机状态,4,2025-08-10 17:53:26,2025-08-10 17:58:26,300,0.08
2123,L09,#56,GW252/13600,(3)待机状态,3,2025-08-10 17:52:16,2025-08-10 17:53:26,70,0.02
2124,L09,#56,GW252/13600,(2)停机状态,2,2025-08-10 17:52:15,2025-08-10 17:52:16,1,0
2125,L09,#56,GW252/13600,(1)停机过程,1,2025-08-10 17:51:44,2025-08-10 17:52:15,31,0.01
2126,L09,#56,GW252/13600,(4)启机状态,4,2025-08-10 17:46:44,2025-08-10 17:51:44,300,0.08
2127,L09,#56,GW252/13600,(3)待机状态,3,2025-08-10 17:45:36,2025-08-10 17:46:44,68,0.02
2128,L09,#56,GW252/13600,(2)停机状态,2,2025-08-10 17:45:35,2025-08-10 17:45:36,1,0
2129,L09,#56,GW252/13600,(1)停机过程,1,2025-08-10 17:45:03,2025-08-10 17:45:35,32,0.01
2130,L09,#56,GW252/13600,(4)启机状态,4,2025-08-10 17:40:03,2025-08-10 17:45:03,300,0.08
2131,L09,#56,GW252/13600,(3)待机状态,3,2025-08-10 17:39:00,2025-08-10 17:40:03,63,0.02
2132,L09,#56,GW252/13600,(2)停机状态,2,2025-08-10 17:38:59,2025-08-10 17:39:00,1,0
2133,L09,#56,GW252/13600,(1)停机过程,1,2025-08-10 17:38:29,2025-08-10 17:38:59,30,0.01
2134,L09,#56,GW252/13600,(4)启机状态,4,2025-08-10 17:33:29,2025-08-10 17:38:29,300,0.08
2135,L09,#56,GW252/13600,(3)待机状态,3,2025-08-10 17:11:22,2025-08-10 17:33:29,1327,0.37
2136,L09,#56,GW252/13600,(2)停机状态,2,2025-08-10 17:11:19,2025-08-10 17:11:22,3,0
2137,L09,#56,GW252/13600,(1)停机过程,1,2025-08-10 17:10:49,2025-08-10 17:11:19,30,0.01
2138,L09,#56,GW252/13600,(4)启机状态,4,2025-08-10 17:05:48,2025-08-10 17:10:49,301,0.08
2139,L09,#56,GW252/13600,(3)待机状态,3,2025-08-10 16:57:48,2025-08-10 17:05:48,480,0.13
2140,L09,#56,GW252/13600,(2)停机状态,2,2025-08-10 16:57:42,2025-08-10 16:57:48,6,0
2141,L09,#56,GW252/13600,(1)停机过程,1,2025-08-10 16:57:11,2025-08-10 16:57:42,31,0.01
2142,L09,#56,GW252/13600,(4)启机状态,4,2025-08-10 16:52:10,2025-08-10 16:57:11,301,0.08
2143,L09,#56,GW252/13600,(3)待机状态,3,2025-08-10 16:50:59,2025-08-10 16:52:10,71,0.02
2144,L09,#56,GW252/13600,(2)停机状态,2,2025-08-10 16:50:56,2025-08-10 16:50:59,3,0
2145,L09,#56,GW252/13600,(1)停机过程,1,2025-08-10 16:50:24,2025-08-10 16:50:56,32,0.01
2146,L09,#56,GW252/13600,(4)启机状态,4,2025-08-10 16:45:24,2025-08-10 16:50:24,300,0.08
2147,L09,#56,GW252/13600,(3)待机状态,3,2025-08-10 06:58:47,2025-08-10 16:45:24,35197,9.78
2148,L09,#56,GW252/13600,(2)停机状态,2,2025-08-10 06:55:13,2025-08-10 06:58:47,214,0.06
2149,L09,#56,GW252/13600,(1)停机过程,1,2025-08-10 06:54:41,2025-08-10 06:55:13,32,0.01
2150,L09,#56,GW252/13600,(4)启机状态,4,2025-08-10 06:49:40,2025-08-10 06:54:41,301,0.08
2151,L09,#56,GW252/13600,(3)待机状态,3,2025-08-10 06:48:22,2025-08-10 06:49:40,78,0.02
2152,L09,#56,GW252/13600,(2)停机状态,2,2025-08-10 06:48:21,2025-08-10 06:48:22,1,0
2153,L09,#56,GW252/13600,(1)停机过程,1,2025-08-10 06:47:51,2025-08-10 06:48:21,30,0.01
2154,L09,#56,GW252/13600,(4)启机状态,4,2025-08-10 06:42:50,2025-08-10 06:47:51,301,0.08
2155,L09,#56,GW252/13600,(3)待机状态,3,2025-08-10 06:38:36,2025-08-10 06:42:50,254,0.07
2156,L09,#56,GW252/13600,(2)停机状态,2,2025-08-10 06:38:09,2025-08-10 06:38:36,27,0.01
2157,L09,#56,GW252/13600,(1)停机过程,1,2025-08-10 06:37:36,2025-08-10 06:38:09,33,0.01
2158,L09,#56,GW252/13600,(4)启机状态,4,2025-08-10 06:32:36,2025-08-10 06:37:36,300,0.08
2159,L09,#56,GW252/13600,(3)待机状态,3,2025-08-10 06:31:25,2025-08-10 06:32:36,71,0.02
2160,L09,#56,GW252/13600,(2)停机状态,2,2025-08-10 06:31:23,2025-08-10 06:31:25,2,0
2161,L09,#56,GW252/13600,(1)停机过程,1,2025-08-10 06:30:53,2025-08-10 06:31:23,30,0.01
2162,L09,#56,GW252/13600,(4)启机状态,4,2025-08-10 06:25:53,2025-08-10 06:30:53,300,0.08
2163,L09,#56,GW252/13600,(3)待机状态,3,2025-08-10 06:24:39,2025-08-10 06:25:53,74,0.02
2164,L09,#56,GW252/13600,(2)停机状态,2,2025-08-10 06:24:37,2025-08-10 06:24:39,2,0
2165,L09,#56,GW252/13600,(1)停机过程,1,2025-08-10 06:24:04,2025-08-10 06:24:37,33,0.01
2166,L09,#56,GW252/13600,(4)启机状态,4,2025-08-10 06:19:03,2025-08-10 06:24:04,301,0.08
2167,L09,#56,GW252/13600,(3)待机状态,3,2025-08-10 06:17:57,2025-08-10 06:19:03,66,0.02
2168,L09,#56,GW252/13600,(1)停机过程,1,2025-08-10 06:17:26,2025-08-10 06:17:57,31,0.01
2169,L09,#56,GW252/13600,(4)启机状态,4,2025-08-10 06:12:25,2025-08-10 06:17:26,301,0.08
2170,L09,#56,GW252/13600,(3)待机状态,3,2025-08-10 06:11:11,2025-08-10 06:12:25,74,0.02
2171,L09,#56,GW252/13600,(2)停机状态,2,2025-08-10 06:11:10,2025-08-10 06:11:11,1,0
2172,L09,#56,GW252/13600,(1)停机过程,1,2025-08-10 06:10:37,2025-08-10 06:11:10,33,0.01
2173,L09,#56,GW252/13600,(4)启机状态,4,2025-08-10 06:05:38,2025-08-10 06:10:37,299,0.08
2174,L09,#56,GW252/13600,(3)待机状态,3,2025-08-10 06:01:56,2025-08-10 06:05:38,222,0.06
2175,L09,#56,GW252/13600,(2)停机状态,2,2025-08-10 05:25:17,2025-08-10 06:01:56,2199,0.61
2176,L09,#56,GW252/13600,(1)停机过程,1,2025-08-10 05:24:44,2025-08-10 05:25:17,33,0.01
2177,L09,#56,GW252/13600,(4)启机状态,4,2025-08-10 05:19:45,2025-08-10 05:24:44,299,0.08
2178,L09,#56,GW252/13600,(3)待机状态,3,2025-08-10 05:18:36,2025-08-10 05:19:45,69,0.02
2179,L09,#56,GW252/13600,(2)停机状态,2,2025-08-10 05:18:35,2025-08-10 05:18:36,1,0
2180,L09,#56,GW252/13600,(1)停机过程,1,2025-08-10 05:18:03,2025-08-10 05:18:35,32,0.01
2181,L09,#56,GW252/13600,(4)启机状态,4,2025-08-10 05:13:03,2025-08-10 05:18:03,300,0.08
2182,L09,#56,GW252/13600,(3)待机状态,3,2025-08-10 05:11:30,2025-08-10 05:13:03,93,0.03
2183,L09,#56,GW252/13600,(2)停机状态,2,2025-08-10 05:10:20,2025-08-10 05:11:30,70,0.02
2184,L09,#56,GW252/13600,(1)停机过程,1,2025-08-10 05:09:28,2025-08-10 05:10:20,52,0.01
2185,L09,#56,GW252/13600,(5)发电状态,5,2025-08-09 16:28:11,2025-08-10 05:09:28,45677,12.69
2186,L09,#56,GW252/13600,(4)启机状态,4,2025-08-09 16:24:12,2025-08-09 16:28:11,239,0.07
2187,L09,#56,GW252/13600,(3)待机状态,3,2025-08-09 16:22:42,2025-08-09 16:24:12,90,0.03
2188,L09,#56,GW252/13600,(2)停机状态,2,2025-08-09 16:22:38,2025-08-09 16:22:42,4,0
2189,L09,#56,GW252/13600,(1)停机过程,1,2025-08-09 16:22:07,2025-08-09 16:22:38,31,0.01
2190,L09,#56,GW252/13600,(4)启机状态,4,2025-08-09 16:17:07,2025-08-09 16:22:07,300,0.08
2191,L09,#56,GW252/13600,(3)待机状态,3,2025-08-09 16:16:01,2025-08-09 16:17:07,66,0.02
2192,L09,#56,GW252/13600,(2)停机状态,2,2025-08-09 16:15:35,2025-08-09 16:16:01,26,0.01
2193,L09,#56,GW252/13600,(1)停机过程,1,2025-08-09 16:15:04,2025-08-09 16:15:35,31,0.01
2194,L09,#56,GW252/13600,(4)启机状态,4,2025-08-09 16:10:03,2025-08-09 16:15:04,301,0.08
2195,L09,#56,GW252/13600,(3)待机状态,3,2025-08-09 16:08:52,2025-08-09 16:10:03,71,0.02
2196,L09,#56,GW252/13600,(2)停机状态,2,2025-08-09 16:08:51,2025-08-09 16:08:52,1,0
2197,L09,#56,GW252/13600,(1)停机过程,1,2025-08-09 16:08:19,2025-08-09 16:08:51,32,0.01
2198,L09,#56,GW252/13600,(4)启机状态,4,2025-08-09 16:03:19,2025-08-09 16:08:19,300,0.08
2199,L09,#56,GW252/13600,(3)待机状态,3,2025-08-09 16:02:15,2025-08-09 16:03:19,64,0.02
2200,L09,#56,GW252/13600,(2)停机状态,2,2025-08-09 16:02:13,2025-08-09 16:02:15,2,0
2201,L09,#56,GW252/13600,(1)停机过程,1,2025-08-09 16:01:43,2025-08-09 16:02:13,30,0.01
2202,L09,#56,GW252/13600,(4)启机状态,4,2025-08-09 15:56:42,2025-08-09 16:01:43,301,0.08
2203,L09,#56,GW252/13600,(3)待机状态,3,2025-08-09 15:55:31,2025-08-09 15:56:42,71,0.02
2204,L09,#56,GW252/13600,(2)停机状态,2,2025-08-09 15:55:29,2025-08-09 15:55:31,2,0
2205,L09,#56,GW252/13600,(1)停机过程,1,2025-08-09 15:54:58,2025-08-09 15:55:29,31,0.01
2206,L09,#56,GW252/13600,(4)启机状态,4,2025-08-09 15:49:57,2025-08-09 15:54:58,301,0.08
2207,L09,#56,GW252/13600,(3)待机状态,3,2025-08-09 15:47:55,2025-08-09 15:49:57,122,0.03
2208,L09,#56,GW252/13600,(2)停机状态,2,2025-08-09 15:47:53,2025-08-09 15:47:55,2,0
2209,L09,#56,GW252/13600,(1)停机过程,1,2025-08-09 15:47:22,2025-08-09 15:47:53,31,0.01
2210,L09,#56,GW252/13600,(4)启机状态,4,2025-08-09 15:42:23,2025-08-09 15:47:22,299,0.08
2211,L09,#56,GW252/13600,(3)待机状态,3,2025-08-09 10:13:56,2025-08-09 15:42:23,19707,5.47
2212,L09,#56,GW252/13600,(2)停机状态,2,2025-08-09 10:13:55,2025-08-09 10:13:56,1,0
2213,L09,#56,GW252/13600,(1)停机过程,1,2025-08-09 10:13:22,2025-08-09 10:13:55,33,0.01
2214,L09,#56,GW252/13600,(4)启机状态,4,2025-08-09 10:08:22,2025-08-09 10:13:22,300,0.08
2215,L09,#56,GW252/13600,(3)待机状态,3,2025-08-09 10:07:05,2025-08-09 10:08:22,77,0.02
2216,L09,#56,GW252/13600,(2)停机状态,2,2025-08-09 10:07:03,2025-08-09 10:07:05,2,0
2217,L09,#56,GW252/13600,(1)停机过程,1,2025-08-09 10:06:32,2025-08-09 10:07:03,31,0.01
2218,L09,#56,GW252/13600,(4)启机状态,4,2025-08-09 10:01:32,2025-08-09 10:06:32,300,0.08
2219,L09,#56,GW252/13600,(3)待机状态,3,2025-08-09 09:58:44,2025-08-09 10:01:32,168,0.05
2220,L09,#56,GW252/13600,(2)停机状态,2,2025-08-09 09:58:36,2025-08-09 09:58:44,8,0
2221,L09,#56,GW252/13600,(1)停机过程,1,2025-08-09 09:57:43,2025-08-09 09:58:36,53,0.01
2222,L09,#56,GW252/13600,(5)发电状态,5,2025-08-09 08:49:50,2025-08-09 09:57:43,4073,1.13
2223,L09,#56,GW252/13600,(4)启机状态,4,2025-08-09 08:46:32,2025-08-09 08:49:50,198,0.06
2224,L09,#56,GW252/13600,(3)待机状态,3,2025-08-09 08:45:39,2025-08-09 08:46:32,53,0.01
2225,L09,#56,GW252/13600,(2)停机状态,2,2025-08-09 08:45:38,2025-08-09 08:45:39,1,0
2226,L09,#56,GW252/13600,(1)停机过程,1,2025-08-09 08:44:44,2025-08-09 08:45:38,54,0.02
2227,L09,#56,GW252/13600,(4)启机状态,4,2025-08-09 08:39:45,2025-08-09 08:44:44,299,0.08
2228,L09,#56,GW252/13600,(3)待机状态,3,2025-08-09 08:38:46,2025-08-09 08:39:45,59,0.02
2229,L09,#56,GW252/13600,(2)停机状态,2,2025-08-09 08:38:44,2025-08-09 08:38:46,2,0
2230,L09,#56,GW252/13600,(1)停机过程,1,2025-08-09 08:38:14,2025-08-09 08:38:44,30,0.01
2231,L09,#56,GW252/13600,(4)启机状态,4,2025-08-09 08:33:13,2025-08-09 08:38:14,301,0.08
2232,L09,#56,GW252/13600,(3)待机状态,3,2025-08-09 08:32:08,2025-08-09 08:33:13,65,0.02
2233,L09,#56,GW252/13600,(2)停机状态,2,2025-08-09 08:32:07,2025-08-09 08:32:08,1,0
2234,L09,#56,GW252/13600,(1)停机过程,1,2025-08-09 08:31:34,2025-08-09 08:32:07,33,0.01
2235,L09,#56,GW252/13600,(4)启机状态,4,2025-08-09 08:26:35,2025-08-09 08:31:34,299,0.08
2236,L09,#56,GW252/13600,(3)待机状态,3,2025-08-09 08:25:22,2025-08-09 08:26:35,73,0.02
2237,L09,#56,GW252/13600,(2)停机状态,2,2025-08-09 08:25:20,2025-08-09 08:25:22,2,0
2238,L09,#56,GW252/13600,(1)停机过程,1,2025-08-09 08:24:27,2025-08-09 08:25:20,53,0.01
2239,L09,#56,GW252/13600,(4)启机状态,4,2025-08-09 08:19:27,2025-08-09 08:24:27,300,0.08
2240,L09,#56,GW252/13600,(3)待机状态,3,2025-08-09 08:18:28,2025-08-09 08:19:27,59,0.02
2241,L09,#56,GW252/13600,(2)停机状态,2,2025-08-09 08:18:25,2025-08-09 08:18:28,3,0
2242,L09,#56,GW252/13600,(1)停机过程,1,2025-08-09 08:17:55,2025-08-09 08:18:25,30,0.01
2243,L09,#56,GW252/13600,(4)启机状态,4,2025-08-09 08:12:55,2025-08-09 08:17:55,300,0.08
2244,L09,#56,GW252/13600,(3)待机状态,3,2025-08-09 08:11:47,2025-08-09 08:12:55,68,0.02
2245,L09,#56,GW252/13600,(2)停机状态,2,2025-08-09 08:11:46,2025-08-09 08:11:47,1,0
2246,L09,#56,GW252/13600,(1)停机过程,1,2025-08-09 08:11:14,2025-08-09 08:11:46,32,0.01
2247,L09,#56,GW252/13600,(4)启机状态,4,2025-08-09 08:06:14,2025-08-09 08:11:14,300,0.08
2248,L09,#56,GW252/13600,(3)待机状态,3,2025-08-09 08:05:09,2025-08-09 08:06:14,65,0.02
2249,L09,#56,GW252/13600,(2)停机状态,2,2025-08-09 08:05:05,2025-08-09 08:05:09,4,0
2250,L09,#56,GW252/13600,(1)停机过程,1,2025-08-09 08:04:35,2025-08-09 08:05:05,30,0.01
2251,L09,#56,GW252/13600,(4)启机状态,4,2025-08-09 07:59:35,2025-08-09 08:04:35,300,0.08
2252,L09,#56,GW252/13600,(3)待机状态,3,2025-08-09 07:58:28,2025-08-09 07:59:35,67,0.02
2253,L09,#56,GW252/13600,(1)停机过程,1,2025-08-09 07:57:55,2025-08-09 07:58:28,33,0.01
2254,L09,#56,GW252/13600,(4)启机状态,4,2025-08-09 07:52:55,2025-08-09 07:57:55,300,0.08
2255,L09,#56,GW252/13600,(3)待机状态,3,2025-08-09 07:51:32,2025-08-09 07:52:55,83,0.02
2256,L09,#56,GW252/13600,(2)停机状态,2,2025-08-09 07:51:31,2025-08-09 07:51:32,1,0
2257,L09,#56,GW252/13600,(1)停机过程,1,2025-08-09 07:50:59,2025-08-09 07:51:31,32,0.01
2258,L09,#56,GW252/13600,(4)启机状态,4,2025-08-09 07:45:58,2025-08-09 07:50:59,301,0.08
2259,L09,#56,GW252/13600,(3)待机状态,3,2025-08-09 07:44:55,2025-08-09 07:45:58,63,0.02
2260,L09,#56,GW252/13600,(1)停机过程,1,2025-08-09 07:44:22,2025-08-09 07:44:55,33,0.01
2261,L09,#56,GW252/13600,(4)启机状态,4,2025-08-09 07:39:23,2025-08-09 07:44:22,299,0.08
2262,L09,#56,GW252/13600,(3)待机状态,3,2025-08-09 07:38:09,2025-08-09 07:39:23,74,0.02
2263,L09,#56,GW252/13600,(2)停机状态,2,2025-08-09 07:38:08,2025-08-09 07:38:09,1,0
2264,L09,#56,GW252/13600,(1)停机过程,1,2025-08-09 07:37:36,2025-08-09 07:38:08,32,0.01
2265,L09,#56,GW252/13600,(4)启机状态,4,2025-08-09 07:32:35,2025-08-09 07:37:36,301,0.08
2266,L09,#56,GW252/13600,(3)待机状态,3,2025-08-09 07:30:55,2025-08-09 07:32:35,100,0.03
2267,L09,#56,GW252/13600,(2)停机状态,2,2025-08-09 07:30:13,2025-08-09 07:30:55,42,0.01
2268,L09,#56,GW252/13600,(1)停机过程,1,2025-08-09 07:29:41,2025-08-09 07:30:13,32,0.01
2269,L09,#56,GW252/13600,(4)启机状态,4,2025-08-09 07:24:41,2025-08-09 07:29:41,300,0.08
2270,L09,#56,GW252/13600,(3)待机状态,3,2025-08-09 07:23:00,2025-08-09 07:24:41,101,0.03
2271,L09,#56,GW252/13600,(2)停机状态,2,2025-08-09 07:22:58,2025-08-09 07:23:00,2,0
2272,L09,#56,GW252/13600,(1)停机过程,1,2025-08-09 07:22:28,2025-08-09 07:22:58,30,0.01
2273,L09,#56,GW252/13600,(4)启机状态,4,2025-08-09 07:17:28,2025-08-09 07:22:28,300,0.08
2274,L09,#56,GW252/13600,(3)待机状态,3,2025-08-09 07:16:15,2025-08-09 07:17:28,73,0.02
2275,L09,#56,GW252/13600,(2)停机状态,2,2025-08-09 07:16:13,2025-08-09 07:16:15,2,0
2276,L09,#56,GW252/13600,(1)停机过程,1,2025-08-09 07:15:41,2025-08-09 07:16:13,32,0.01
2277,L09,#56,GW252/13600,(4)启机状态,4,2025-08-09 07:10:41,2025-08-09 07:15:41,300,0.08
2278,L09,#56,GW252/13600,(3)待机状态,3,2025-08-09 07:08:11,2025-08-09 07:10:41,150,0.04
2279,L09,#56,GW252/13600,(2)停机状态,2,2025-08-09 07:08:09,2025-08-09 07:08:11,2,0
2280,L09,#56,GW252/13600,(1)停机过程,1,2025-08-09 07:07:38,2025-08-09 07:08:09,31,0.01
2281,L09,#56,GW252/13600,(4)启机状态,4,2025-08-09 07:02:38,2025-08-09 07:07:38,300,0.08
2282,L09,#56,GW252/13600,(3)待机状态,3,2025-08-09 05:45:46,2025-08-09 07:02:38,4612,1.28
2283,L09,#56,GW252/13600,(2)停机状态,2,2025-08-09 05:40:09,2025-08-09 05:45:46,337,0.09
2284,L09,#56,GW252/13600,(1)停机过程,1,2025-08-09 05:39:38,2025-08-09 05:40:09,31,0.01
2285,L09,#56,GW252/13600,(4)启机状态,4,2025-08-09 05:34:38,2025-08-09 05:39:38,300,0.08
2286,L09,#56,GW252/13600,(3)待机状态,3,2025-08-09 05:33:22,2025-08-09 05:34:38,76,0.02
2287,L09,#56,GW252/13600,(2)停机状态,2,2025-08-09 05:33:20,2025-08-09 05:33:22,2,0
2288,L09,#56,GW252/13600,(1)停机过程,1,2025-08-09 05:32:49,2025-08-09 05:33:20,31,0.01
2289,L09,#56,GW252/13600,(4)启机状态,4,2025-08-09 05:27:49,2025-08-09 05:32:49,300,0.08
2290,L09,#56,GW252/13600,(3)待机状态,3,2025-08-09 05:25:27,2025-08-09 05:27:49,142,0.04
2291,L09,#56,GW252/13600,(1)停机过程,1,2025-08-09 05:24:55,2025-08-09 05:25:27,32,0.01
2292,L09,#56,GW252/13600,(4)启机状态,4,2025-08-09 05:19:55,2025-08-09 05:24:55,300,0.08
2293,L09,#56,GW252/13600,(3)待机状态,3,2025-08-09 03:26:36,2025-08-09 05:19:55,6799,1.89
2294,L09,#56,GW252/13600,(2)停机状态,2,2025-08-09 03:26:34,2025-08-09 03:26:36,2,0
2295,L09,#56,GW252/13600,(1)停机过程,1,2025-08-09 03:26:03,2025-08-09 03:26:34,31,0.01
2296,L09,#56,GW252/13600,(4)启机状态,4,2025-08-09 03:21:04,2025-08-09 03:26:03,299,0.08
2297,L09,#56,GW252/13600,(3)待机状态,3,2025-08-09 03:19:54,2025-08-09 03:21:04,70,0.02
2298,L09,#56,GW252/13600,(2)停机状态,2,2025-08-09 03:19:53,2025-08-09 03:19:54,1,0
2299,L09,#56,GW252/13600,(1)停机过程,1,2025-08-09 03:19:21,2025-08-09 03:19:53,32,0.01
2300,L09,#56,GW252/13600,(4)启机状态,4,2025-08-09 03:14:21,2025-08-09 03:19:21,300,0.08
2301,L09,#56,GW252/13600,(3)待机状态,3,2025-08-09 03:13:06,2025-08-09 03:14:21,75,0.02
2302,L09,#56,GW252/13600,(2)停机状态,2,2025-08-09 03:13:05,2025-08-09 03:13:06,1,0
2303,L09,#56,GW252/13600,(1)停机过程,1,2025-08-09 03:12:34,2025-08-09 03:13:05,31,0.01
2304,L09,#56,GW252/13600,(4)启机状态,4,2025-08-09 03:07:34,2025-08-09 03:12:34,300,0.08
2305,L09,#56,GW252/13600,(3)待机状态,3,2025-08-09 03:04:05,2025-08-09 03:07:34,209,0.06
2306,L09,#56,GW252/13600,(1)停机过程,1,2025-08-09 03:03:32,2025-08-09 03:04:05,33,0.01
2307,L09,#56,GW252/13600,(4)启机状态,4,2025-08-09 02:58:32,2025-08-09 03:03:32,300,0.08
2308,L09,#56,GW252/13600,(3)待机状态,3,2025-08-09 02:57:20,2025-08-09 02:58:32,72,0.02
2309,L09,#56,GW252/13600,(2)停机状态,2,2025-08-09 02:57:19,2025-08-09 02:57:20,1,0
2310,L09,#56,GW252/13600,(1)停机过程,1,2025-08-09 02:56:26,2025-08-09 02:57:19,53,0.01
2311,L09,#56,GW252/13600,(5)发电状态,5,2025-08-08 17:24:55,2025-08-09 02:56:26,34291,9.53
2312,L09,#56,GW252/13600,(4)启机状态,4,2025-08-08 17:21:01,2025-08-08 17:24:55,234,0.07
2313,L09,#56,GW252/13600,(3)待机状态,3,2025-08-08 17:20:01,2025-08-08 17:21:01,60,0.02
2314,L09,#56,GW252/13600,(2)停机状态,2,2025-08-08 17:20:00,2025-08-08 17:20:01,1,0
2315,L09,#56,GW252/13600,(1)停机过程,1,2025-08-08 17:19:28,2025-08-08 17:20:00,32,0.01
2316,L09,#56,GW252/13600,(4)启机状态,4,2025-08-08 17:14:28,2025-08-08 17:19:28,300,0.08
2317,L09,#56,GW252/13600,(3)待机状态,3,2025-08-08 17:13:25,2025-08-08 17:14:28,63,0.02
2318,L09,#56,GW252/13600,(2)停机状态,2,2025-08-08 17:13:24,2025-08-08 17:13:25,1,0
2319,L09,#56,GW252/13600,(1)停机过程,1,2025-08-08 17:12:52,2025-08-08 17:13:24,32,0.01
2320,L09,#56,GW252/13600,(4)启机状态,4,2025-08-08 17:07:52,2025-08-08 17:12:52,300,0.08
2321,L09,#56,GW252/13600,(3)待机状态,3,2025-08-08 17:04:33,2025-08-08 17:07:52,199,0.06
2322,L09,#56,GW252/13600,(2)停机状态,2,2025-08-08 17:04:32,2025-08-08 17:04:33,1,0
2323,L09,#56,GW252/13600,(1)停机过程,1,2025-08-08 17:04:01,2025-08-08 17:04:32,31,0.01
2324,L09,#56,GW252/13600,(4)启机状态,4,2025-08-08 16:59:00,2025-08-08 17:04:01,301,0.08
2325,L09,#56,GW252/13600,(3)待机状态,3,2025-08-08 16:55:40,2025-08-08 16:59:00,200,0.06
2326,L09,#56,GW252/13600,(2)停机状态,2,2025-08-08 16:55:39,2025-08-08 16:55:40,1,0
2327,L09,#56,GW252/13600,(1)停机过程,1,2025-08-08 16:55:06,2025-08-08 16:55:39,33,0.01
2328,L09,#56,GW252/13600,(4)启机状态,4,2025-08-08 16:50:06,2025-08-08 16:55:06,300,0.08
2329,L09,#56,GW252/13600,(3)待机状态,3,2025-08-08 16:41:44,2025-08-08 16:50:06,502,0.14
2330,L09,#56,GW252/13600,(2)停机状态,2,2025-08-08 16:41:41,2025-08-08 16:41:44,3,0
2331,L09,#56,GW252/13600,(1)停机过程,1,2025-08-08 16:41:10,2025-08-08 16:41:41,31,0.01
2332,L09,#56,GW252/13600,(4)启机状态,4,2025-08-08 16:36:10,2025-08-08 16:41:10,300,0.08
2333,L09,#56,GW252/13600,(3)待机状态,3,2025-08-08 16:34:57,2025-08-08 16:36:10,73,0.02
2334,L09,#56,GW252/13600,(2)停机状态,2,2025-08-08 16:34:56,2025-08-08 16:34:57,1,0
2335,L09,#56,GW252/13600,(1)停机过程,1,2025-08-08 16:34:23,2025-08-08 16:34:56,33,0.01
2336,L09,#56,GW252/13600,(4)启机状态,4,2025-08-08 16:29:23,2025-08-08 16:34:23,300,0.08
2337,L09,#56,GW252/13600,(3)待机状态,3,2025-08-08 16:27:45,2025-08-08 16:29:23,98,0.03
2338,L09,#56,GW252/13600,(2)停机状态,2,2025-08-08 16:25:21,2025-08-08 16:27:45,144,0.04
2339,L09,#56,GW252/13600,(1)停机过程,1,2025-08-08 16:24:48,2025-08-08 16:25:21,33,0.01
2340,L09,#56,GW252/13600,(4)启机状态,4,2025-08-08 16:19:48,2025-08-08 16:24:48,300,0.08
2341,L09,#56,GW252/13600,(3)待机状态,3,2025-08-08 16:18:44,2025-08-08 16:19:48,64,0.02
2342,L09,#56,GW252/13600,(1)停机过程,1,2025-08-08 16:18:13,2025-08-08 16:18:44,31,0.01
2343,L09,#56,GW252/13600,(4)启机状态,4,2025-08-08 16:13:13,2025-08-08 16:18:13,300,0.08
2344,L09,#56,GW252/13600,(3)待机状态,3,2025-08-08 16:11:49,2025-08-08 16:13:13,84,0.02
2345,L09,#56,GW252/13600,(2)停机状态,2,2025-08-08 16:11:47,2025-08-08 16:11:49,2,0
2346,L09,#56,GW252/13600,(1)停机过程,1,2025-08-08 16:11:15,2025-08-08 16:11:47,32,0.01
2347,L09,#56,GW252/13600,(4)启机状态,4,2025-08-08 16:06:15,2025-08-08 16:11:15,300,0.08
2348,L09,#56,GW252/13600,(3)待机状态,3,2025-08-08 16:03:17,2025-08-08 16:06:15,178,0.05
2349,L09,#56,GW252/13600,(2)停机状态,2,2025-08-08 16:03:16,2025-08-08 16:03:17,1,0
2350,L09,#56,GW252/13600,(1)停机过程,1,2025-08-08 16:02:44,2025-08-08 16:03:16,32,0.01
2351,L09,#56,GW252/13600,(4)启机状态,4,2025-08-08 15:57:44,2025-08-08 16:02:44,300,0.08
2352,L09,#56,GW252/13600,(3)待机状态,3,2025-08-08 15:56:42,2025-08-08 15:57:44,62,0.02
2353,L09,#56,GW252/13600,(2)停机状态,2,2025-08-08 15:56:40,2025-08-08 15:56:42,2,0
2354,L09,#56,GW252/13600,(1)停机过程,1,2025-08-08 15:56:09,2025-08-08 15:56:40,31,0.01
2355,L09,#56,GW252/13600,(4)启机状态,4,2025-08-08 15:51:08,2025-08-08 15:56:09,301,0.08
2356,L09,#56,GW252/13600,(3)待机状态,3,2025-08-08 15:50:08,2025-08-08 15:51:08,60,0.02
2357,L09,#56,GW252/13600,(2)停机状态,2,2025-08-08 15:50:07,2025-08-08 15:50:08,1,0
2358,L09,#56,GW252/13600,(1)停机过程,1,2025-08-08 15:49:34,2025-08-08 15:50:07,33,0.01
2359,L09,#56,GW252/13600,(4)启机状态,4,2025-08-08 15:44:34,2025-08-08 15:49:34,300,0.08
2360,L09,#56,GW252/13600,(3)待机状态,3,2025-08-08 15:43:30,2025-08-08 15:44:34,64,0.02
2361,L09,#56,GW252/13600,(2)停机状态,2,2025-08-08 15:43:28,2025-08-08 15:43:30,2,0
2362,L09,#56,GW252/13600,(1)停机过程,1,2025-08-08 15:42:57,2025-08-08 15:43:28,31,0.01
2363,L09,#56,GW252/13600,(4)启机状态,4,2025-08-08 15:37:56,2025-08-08 15:42:57,301,0.08
2364,L09,#56,GW252/13600,(3)待机状态,3,2025-08-08 15:36:54,2025-08-08 15:37:56,62,0.02
2365,L09,#56,GW252/13600,(2)停机状态,2,2025-08-08 15:36:53,2025-08-08 15:36:54,1,0
2366,L09,#56,GW252/13600,(1)停机过程,1,2025-08-08 15:36:21,2025-08-08 15:36:53,32,0.01
2367,L09,#56,GW252/13600,(4)启机状态,4,2025-08-08 15:31:20,2025-08-08 15:36:21,301,0.08
2368,L09,#56,GW252/13600,(3)待机状态,3,2025-08-08 15:30:13,2025-08-08 15:31:20,67,0.02
2369,L09,#56,GW252/13600,(2)停机状态,2,2025-08-08 15:30:11,2025-08-08 15:30:13,2,0
2370,L09,#56,GW252/13600,(1)停机过程,1,2025-08-08 15:29:40,2025-08-08 15:30:11,31,0.01
2371,L09,#56,GW252/13600,(4)启机状态,4,2025-08-08 15:24:40,2025-08-08 15:29:40,300,0.08
2372,L09,#56,GW252/13600,(3)待机状态,3,2025-08-08 15:23:31,2025-08-08 15:24:40,69,0.02
2373,L09,#56,GW252/13600,(2)停机状态,2,2025-08-08 15:23:30,2025-08-08 15:23:31,1,0
2374,L09,#56,GW252/13600,(1)停机过程,1,2025-08-08 15:22:58,2025-08-08 15:23:30,32,0.01
2375,L09,#56,GW252/13600,(4)启机状态,4,2025-08-08 15:17:57,2025-08-08 15:22:58,301,0.08
2376,L09,#56,GW252/13600,(3)待机状态,3,2025-08-08 15:15:09,2025-08-08 15:17:57,168,0.05
2377,L09,#56,GW252/13600,(2)停机状态,2,2025-08-08 15:15:08,2025-08-08 15:15:09,1,0
2378,L09,#56,GW252/13600,(1)停机过程,1,2025-08-08 15:14:35,2025-08-08 15:15:08,33,0.01
2379,L09,#56,GW252/13600,(4)启机状态,4,2025-08-08 15:09:34,2025-08-08 15:14:35,301,0.08
2380,L09,#56,GW252/13600,(3)待机状态,3,2025-08-08 15:07:57,2025-08-08 15:09:34,97,0.03
2381,L09,#56,GW252/13600,(2)停机状态,2,2025-08-08 15:07:56,2025-08-08 15:07:57,1,0
2382,L09,#56,GW252/13600,(1)停机过程,1,2025-08-08 15:07:24,2025-08-08 15:07:56,32,0.01
2383,L09,#56,GW252/13600,(4)启机状态,4,2025-08-08 15:02:23,2025-08-08 15:07:24,301,0.08
2384,L09,#56,GW252/13600,(3)待机状态,3,2025-08-08 15:01:24,2025-08-08 15:02:23,59,0.02
2385,L09,#56,GW252/13600,(2)停机状态,2,2025-08-08 15:01:22,2025-08-08 15:01:24,2,0
2386,L09,#56,GW252/13600,(1)停机过程,1,2025-08-08 15:00:52,2025-08-08 15:01:22,30,0.01
2387,L09,#56,GW252/13600,(4)启机状态,4,2025-08-08 14:55:52,2025-08-08 15:00:52,300,0.08
2388,L09,#56,GW252/13600,(3)待机状态,3,2025-08-08 14:53:01,2025-08-08 14:55:52,171,0.05
2389,L09,#56,GW252/13600,(2)停机状态,2,2025-08-08 14:52:59,2025-08-08 14:53:01,2,0
2390,L09,#56,GW252/13600,(1)停机过程,1,2025-08-08 14:52:29,2025-08-08 14:52:59,30,0.01
2391,L09,#56,GW252/13600,(4)启机状态,4,2025-08-08 14:47:28,2025-08-08 14:52:29,301,0.08
2392,L09,#56,GW252/13600,(3)待机状态,3,2025-08-08 14:45:24,2025-08-08 14:47:28,124,0.03
2393,L09,#56,GW252/13600,(2)停机状态,2,2025-08-08 14:44:58,2025-08-08 14:45:24,26,0.01
2394,L09,#56,GW252/13600,(1)停机过程,1,2025-08-08 14:44:26,2025-08-08 14:44:58,32,0.01
2395,L09,#56,GW252/13600,(4)启机状态,4,2025-08-08 14:39:26,2025-08-08 14:44:26,300,0.08
2396,L09,#56,GW252/13600,(3)待机状态,3,2025-08-08 14:38:08,2025-08-08 14:39:26,78,0.02
2397,L09,#56,GW252/13600,(1)停机过程,1,2025-08-08 14:37:37,2025-08-08 14:38:08,31,0.01
2398,L09,#56,GW252/13600,(4)启机状态,4,2025-08-08 14:32:37,2025-08-08 14:37:37,300,0.08
2399,L09,#56,GW252/13600,(3)待机状态,3,2025-08-08 14:30:45,2025-08-08 14:32:37,112,0.03
2400,L09,#56,GW252/13600,(2)停机状态,2,2025-08-08 14:30:42,2025-08-08 14:30:45,3,0
2401,L09,#56,GW252/13600,(1)停机过程,1,2025-08-08 14:30:11,2025-08-08 14:30:42,31,0.01
2402,L09,#56,GW252/13600,(4)启机状态,4,2025-08-08 14:25:10,2025-08-08 14:30:11,301,0.08
2403,L09,#56,GW252/13600,(3)待机状态,3,2025-08-08 14:24:04,2025-08-08 14:25:10,66,0.02
2404,L09,#56,GW252/13600,(2)停机状态,2,2025-08-08 14:24:02,2025-08-08 14:24:04,2,0
2405,L09,#56,GW252/13600,(1)停机过程,1,2025-08-08 14:23:31,2025-08-08 14:24:02,31,0.01
2406,L09,#56,GW252/13600,(4)启机状态,4,2025-08-08 14:18:31,2025-08-08 14:23:31,300,0.08
2407,L09,#56,GW252/13600,(3)待机状态,3,2025-08-08 14:17:20,2025-08-08 14:18:31,71,0.02
2408,L09,#56,GW252/13600,(2)停机状态,2,2025-08-08 14:17:19,2025-08-08 14:17:20,1,0
2409,L09,#56,GW252/13600,(1)停机过程,1,2025-08-08 14:16:25,2025-08-08 14:17:19,54,0.02
2410,L09,#56,GW252/13600,(5)发电状态,5,2025-08-08 12:54:19,2025-08-08 14:16:25,4926,1.37
2411,L09,#56,GW252/13600,(4)启机状态,4,2025-08-08 12:52:15,2025-08-08 12:54:19,124,0.03
2412,L09,#56,GW252/13600,(3)待机状态,3,2025-08-08 12:51:21,2025-08-08 12:52:15,54,0.02
2413,L09,#56,GW252/13600,(2)停机状态,2,2025-08-08 12:51:19,2025-08-08 12:51:21,2,0
2414,L09,#56,GW252/13600,(1)停机过程,1,2025-08-08 12:50:27,2025-08-08 12:51:19,52,0.01
2415,L09,#56,GW252/13600,(4)启机状态,4,2025-08-08 12:45:27,2025-08-08 12:50:27,300,0.08
2416,L09,#56,GW252/13600,(3)待机状态,3,2025-08-08 12:44:27,2025-08-08 12:45:27,60,0.02
2417,L09,#56,GW252/13600,(2)停机状态,2,2025-08-08 12:44:26,2025-08-08 12:44:27,1,0
2418,L09,#56,GW252/13600,(1)停机过程,1,2025-08-08 12:43:54,2025-08-08 12:44:26,32,0.01
2419,L09,#56,GW252/13600,(4)启机状态,4,2025-08-08 12:38:54,2025-08-08 12:43:54,300,0.08
2420,L09,#56,GW252/13600,(3)待机状态,3,2025-08-08 12:37:53,2025-08-08 12:38:54,61,0.02
2421,L09,#56,GW252/13600,(2)停机状态,2,2025-08-08 12:37:52,2025-08-08 12:37:53,1,0
2422,L09,#56,GW252/13600,(1)停机过程,1,2025-08-08 12:37:20,2025-08-08 12:37:52,32,0.01
2423,L09,#56,GW252/13600,(4)启机状态,4,2025-08-08 12:32:21,2025-08-08 12:37:20,299,0.08
2424,L09,#56,GW252/13600,(3)待机状态,3,2025-08-08 12:31:09,2025-08-08 12:32:21,72,0.02
2425,L09,#56,GW252/13600,(2)停机状态,2,2025-08-08 12:31:08,2025-08-08 12:31:09,1,0
2426,L09,#56,GW252/13600,(1)停机过程,1,2025-08-08 12:30:36,2025-08-08 12:31:08,32,0.01
2427,L09,#56,GW252/13600,(4)启机状态,4,2025-08-08 12:25:36,2025-08-08 12:30:36,300,0.08
2428,L09,#56,GW252/13600,(3)待机状态,3,2025-08-08 12:24:08,2025-08-08 12:25:36,88,0.02
2429,L09,#56,GW252/13600,(2)停机状态,2,2025-08-08 12:24:06,2025-08-08 12:24:08,2,0
2430,L09,#56,GW252/13600,(1)停机过程,1,2025-08-08 12:23:14,2025-08-08 12:24:06,52,0.01
2431,L09,#56,GW252/13600,(5)发电状态,5,2025-08-08 09:43:52,2025-08-08 12:23:14,9562,2.66
2432,L09,#56,GW252/13600,(4)启机状态,4,2025-08-08 09:39:09,2025-08-08 09:43:52,283,0.08
2433,L09,#56,GW252/13600,(3)待机状态,3,2025-08-08 09:38:01,2025-08-08 09:39:09,68,0.02
2434,L09,#56,GW252/13600,(2)停机状态,2,2025-08-08 09:24:31,2025-08-08 09:38:01,810,0.23
2435,L09,#56,GW252/13600,(1)停机过程,1,2025-08-08 09:23:39,2025-08-08 09:24:31,52,0.01
2436,L09,#56,GW252/13600,(5)发电状态,5,2025-08-07 13:39:11,2025-08-08 09:23:39,71068,19.74
2437,L09,#56,GW252/13600,(4)启机状态,4,2025-08-07 13:37:59,2025-08-07 13:39:11,72,0.02
2438,L09,#56,GW252/13600,(3)待机状态,3,2025-08-07 13:37:12,2025-08-07 13:37:59,47,0.01
2439,L09,#56,GW252/13600,(2)停机状态,2,2025-08-07 13:37:10,2025-08-07 13:37:12,2,0
2440,L09,#56,GW252/13600,(1)停机过程,1,2025-08-07 13:36:21,2025-08-07 13:37:10,49,0.01
2441,L09,#56,GW252/13600,(5)发电状态,5,2025-08-06 13:35:47,2025-08-07 13:36:21,86434,24.01
2442,L09,#56,GW252/13600,(4)启机状态,4,2025-08-06 13:33:20,2025-08-06 13:35:47,147,0.04
2443,L09,#56,GW252/13600,(3)待机状态,3,2025-08-06 13:32:26,2025-08-06 13:33:20,54,0.02
2444,L09,#56,GW252/13600,(2)停机状态,2,2025-08-06 12:55:44,2025-08-06 13:32:26,2202,0.61
2445,L09,#56,GW252/13600,(1)停机过程,1,2025-08-06 12:55:13,2025-08-06 12:55:44,31,0.01
2446,L09,#56,GW252/13600,(4)启机状态,4,2025-08-06 12:50:13,2025-08-06 12:55:13,300,0.08
2447,L09,#56,GW252/13600,(3)待机状态,3,2025-08-06 12:48:23,2025-08-06 12:50:13,110,0.03
2448,L09,#56,GW252/13600,(2)停机状态,2,2025-08-06 12:46:43,2025-08-06 12:48:23,100,0.03
2449,L09,#56,GW252/13600,(1)停机过程,1,2025-08-06 12:46:12,2025-08-06 12:46:43,31,0.01
2450,L09,#56,GW252/13600,(4)启机状态,4,2025-08-06 12:41:12,2025-08-06 12:46:12,300,0.08
2451,L09,#56,GW252/13600,(3)待机状态,3,2025-08-06 10:26:27,2025-08-06 12:41:12,8085,2.25
2452,L09,#56,GW252/13600,(2)停机状态,2,2025-08-06 10:23:39,2025-08-06 10:26:27,168,0.05
2453,L09,#56,GW252/13600,(1)停机过程,1,2025-08-06 10:22:48,2025-08-06 10:23:39,51,0.01
2454,L09,#56,GW252/13600,(5)发电状态,5,2025-08-06 02:12:45,2025-08-06 10:22:48,29403,8.17
2455,L09,#56,GW252/13600,(4)启机状态,4,2025-08-06 02:12:11,2025-08-06 02:12:45,34,0.01
2456,L09,#56,GW252/13600,(3)待机状态,3,2025-08-06 02:11:40,2025-08-06 02:12:11,31,0.01
2457,L09,#56,GW252/13600,(2)停机状态,2,2025-08-06 02:11:37,2025-08-06 02:11:40,3,0
2458,L09,#56,GW252/13600,(1)停机过程,1,2025-08-06 02:11:27,2025-08-06 02:11:37,10,0
2459,L09,#56,GW252/13600,(9)维护状态,9,2025-08-06 02:09:22,2025-08-06 02:11:27,125,0.03
2460,L09,#56,GW252/13600,(2)停机状态,2,2025-08-06 02:06:10,2025-08-06 02:09:22,192,0.05
2461,L09,#56,GW252/13600,(0)初始化,0,2025-08-06 02:04:52,2025-08-06 02:06:10,78,0.02
2462,L09,#56,GW252/13600,(2)停机状态,2,2025-08-06 01:40:10,2025-08-06 02:04:52,1482,0.41
2463,L09,#56,GW252/13600,(1)停机过程,1,2025-08-06 01:39:20,2025-08-06 01:40:10,50,0.01
2464,L09,#56,GW252/13600,(5)发电状态,5,2025-08-04 09:43:00,2025-08-06 01:39:20,143780,39.94
2465,L09,#56,GW252/13600,(4)启机状态,4,2025-08-04 09:42:26,2025-08-04 09:43:00,34,0.01
2466,L09,#56,GW252/13600,(3)待机状态,3,2025-08-04 09:41:50,2025-08-04 09:42:26,36,0.01
2467,L09,#56,GW252/13600,(2)停机状态,2,2025-08-04 09:41:47,2025-08-04 09:41:50,3,0
2468,L09,#56,GW252/13600,(1)停机过程,1,2025-08-04 09:41:37,2025-08-04 09:41:47,10,0
2469,L09,#56,GW252/13600,(9)维护状态,9,2025-08-04 09:39:49,2025-08-04 09:41:37,108,0.03
2470,L09,#56,GW252/13600,(2)停机状态,2,2025-08-04 09:39:45,2025-08-04 09:39:49,4,0
2471,L09,#56,GW252/13600,(1)停机过程,1,2025-08-04 09:38:56,2025-08-04 09:39:45,49,0.01
2472,L09,#56,GW252/13600,(5)发电状态,5,2025-08-03 15:20:51,2025-08-04 09:38:56,65885,18.3
2473,L09,#56,GW252/13600,(4)启机状态,4,2025-08-03 15:20:03,2025-08-03 15:20:51,48,0.01
2474,L09,#56,GW252/13600,(3)待机状态,3,2025-08-03 15:19:28,2025-08-03 15:20:03,35,0.01
2475,L09,#56,GW252/13600,(2)停机状态,2,2025-08-03 15:09:57,2025-08-03 15:19:28,571,0.16
2476,L09,#56,GW252/13600,(1)停机过程,1,2025-08-03 15:09:46,2025-08-03 15:09:57,11,0
2477,L09,#56,GW252/13600,(9)维护状态,9,2025-08-03 06:01:20,2025-08-03 15:09:46,32906,9.14
2478,L09,#56,GW252/13600,(2)停机状态,2,2025-08-03 05:01:31,2025-08-03 06:01:20,3589,1
2479,L09,#56,GW252/13600,(9)维护状态,9,2025-07-21 18:27:47,2025-08-03 05:01:31,1074824,298.56
2480,L09,#56,GW252/13600,(2)停机状态,2,2025-07-21 18:27:42,2025-07-21 18:27:47,5,0
2481,L09,#56,GW252/13600,(1)停机过程,1,2025-07-21 18:27:32,2025-07-21 18:27:42,10,0
2482,L09,#56,GW252/13600,(9)维护状态,9,2025-07-19 02:59:58,2025-07-21 18:27:32,228454,63.46
2483,L09,#56,GW252/13600,(2)停机状态,2,2025-07-19 02:59:30,2025-07-19 02:59:58,28,0.01
2484,L09,#56,GW252/13600,(0)初始化,0,2025-07-19 02:58:15,2025-07-19 02:59:30,75,0.02
2485,L09,#56,GW252/13600,(9)维护状态,9,2025-07-19 02:55:46,2025-07-19 02:58:15,149,0.04
2486,L09,#56,GW252/13600,(2)停机状态,2,2025-07-19 02:55:39,2025-07-19 02:55:46,7,0
2487,L09,#56,GW252/13600,(1)停机过程,1,2025-07-19 02:55:29,2025-07-19 02:55:39,10,0
2488,L09,#56,GW252/13600,(9)维护状态,9,2025-07-19 02:54:40,2025-07-19 02:55:29,49,0.01
2489,L09,#56,GW252/13600,(2)停机状态,2,2025-07-19 02:52:47,2025-07-19 02:54:40,113,0.03
2490,L09,#56,GW252/13600,(1)停机过程,1,2025-07-19 02:52:36,2025-07-19 02:52:47,11,0
2491,L09,#56,GW252/13600,(9)维护状态,9,2025-07-19 02:51:40,2025-07-19 02:52:36,56,0.02
2492,L09,#56,GW252/13600,(2)停机状态,2,2025-07-19 02:47:52,2025-07-19 02:51:40,228,0.06
2493,L09,#56,GW252/13600,(1)停机过程,1,2025-07-19 02:46:59,2025-07-19 02:47:52,53,0.01
2494,L09,#56,GW252/13600,(4)启机状态,4,2025-07-19 02:43:45,2025-07-19 02:46:59,194,0.05
2495,L09,#56,GW252/13600,(3)待机状态,3,2025-07-19 02:42:26,2025-07-19 02:43:45,79,0.02
2496,L09,#56,GW252/13600,(2)停机状态,2,2025-07-19 02:42:24,2025-07-19 02:42:26,2,0
2497,L09,#56,GW252/13600,(1)停机过程,1,2025-07-19 02:41:31,2025-07-19 02:42:24,53,0.01
2498,L09,#56,GW252/13600,(5)发电状态,5,2025-07-19 00:41:53,2025-07-19 02:41:31,7178,1.99
2499,L09,#56,GW252/13600,(4)启机状态,4,2025-07-19 00:38:42,2025-07-19 00:41:53,191,0.05
2500,L09,#56,GW252/13600,(3)待机状态,3,2025-07-19 00:37:41,2025-07-19 00:38:42,61,0.02
2501,L09,#56,GW252/13600,(2)停机状态,2,2025-07-19 00:37:40,2025-07-19 00:37:41,1,0
2502,L09,#56,GW252/13600,(1)停机过程,1,2025-07-19 00:37:08,2025-07-19 00:37:40,32,0.01
2503,L09,#56,GW252/13600,(4)启机状态,4,2025-07-19 00:32:08,2025-07-19 00:37:08,300,0.08
2504,L09,#56,GW252/13600,(3)待机状态,3,2025-07-19 00:30:31,2025-07-19 00:32:08,97,0.03
2505,L09,#56,GW252/13600,(2)停机状态,2,2025-07-19 00:30:30,2025-07-19 00:30:31,1,0
2506,L09,#56,GW252/13600,(1)停机过程,1,2025-07-19 00:29:37,2025-07-19 00:30:30,53,0.01
2507,L09,#56,GW252/13600,(5)发电状态,5,2025-07-18 21:47:02,2025-07-19 00:29:37,9755,2.71
2508,L09,#56,GW252/13600,(4)启机状态,4,2025-07-18 21:43:07,2025-07-18 21:47:02,235,0.07
2509,L09,#56,GW252/13600,(3)待机状态,3,2025-07-18 21:42:14,2025-07-18 21:43:07,53,0.01
2510,L09,#56,GW252/13600,(2)停机状态,2,2025-07-18 21:42:12,2025-07-18 21:42:14,2,0
2511,L09,#56,GW252/13600,(1)停机过程,1,2025-07-18 21:41:21,2025-07-18 21:42:12,51,0.01
2512,L09,#56,GW252/13600,(4)启机状态,4,2025-07-18 21:36:20,2025-07-18 21:41:21,301,0.08
2513,L09,#56,GW252/13600,(3)待机状态,3,2025-07-18 21:35:26,2025-07-18 21:36:20,54,0.02
2514,L09,#56,GW252/13600,(2)停机状态,2,2025-07-18 21:35:25,2025-07-18 21:35:26,1,0
2515,L09,#56,GW252/13600,(1)停机过程,1,2025-07-18 21:34:53,2025-07-18 21:35:25,32,0.01
2516,L09,#56,GW252/13600,(4)启机状态,4,2025-07-18 21:29:54,2025-07-18 21:34:53,299,0.08
2517,L09,#56,GW252/13600,(3)待机状态,3,2025-07-18 21:26:55,2025-07-18 21:29:54,179,0.05
2518,L09,#56,GW252/13600,(2)停机状态,2,2025-07-18 21:26:29,2025-07-18 21:26:55,26,0.01
2519,L09,#56,GW252/13600,(1)停机过程,1,2025-07-18 21:25:59,2025-07-18 21:26:29,30,0.01
2520,L09,#56,GW252/13600,(4)启机状态,4,2025-07-18 21:20:59,2025-07-18 21:25:59,300,0.08
2521,L09,#56,GW252/13600,(3)待机状态,3,2025-07-18 21:19:28,2025-07-18 21:20:59,91,0.03
2522,L09,#56,GW252/13600,(2)停机状态,2,2025-07-18 21:19:22,2025-07-18 21:19:28,6,0
2523,L09,#56,GW252/13600,(1)停机过程,1,2025-07-18 21:18:52,2025-07-18 21:19:22,30,0.01
2524,L09,#56,GW252/13600,(4)启机状态,4,2025-07-18 21:13:52,2025-07-18 21:18:52,300,0.08
2525,L09,#56,GW252/13600,(3)待机状态,3,2025-07-18 21:12:45,2025-07-18 21:13:52,67,0.02
2526,L09,#56,GW252/13600,(2)停机状态,2,2025-07-18 21:12:42,2025-07-18 21:12:45,3,0
2527,L09,#56,GW252/13600,(1)停机过程,1,2025-07-18 21:12:10,2025-07-18 21:12:42,32,0.01
2528,L09,#56,GW252/13600,(4)启机状态,4,2025-07-18 21:07:10,2025-07-18 21:12:10,300,0.08
2529,L09,#56,GW252/13600,(3)待机状态,3,2025-07-18 21:06:14,2025-07-18 21:07:10,56,0.02
2530,L09,#56,GW252/13600,(1)停机过程,1,2025-07-18 21:05:21,2025-07-18 21:06:14,53,0.01
2531,L09,#56,GW252/13600,(4)启机状态,4,2025-07-18 21:00:21,2025-07-18 21:05:21,300,0.08
2532,L09,#56,GW252/13600,(3)待机状态,3,2025-07-18 20:59:15,2025-07-18 21:00:21,66,0.02
2533,L09,#56,GW252/13600,(1)停机过程,1,2025-07-18 20:58:42,2025-07-18 20:59:15,33,0.01
2534,L09,#56,GW252/13600,(4)启机状态,4,2025-07-18 20:53:42,2025-07-18 20:58:42,300,0.08
2535,L09,#56,GW252/13600,(3)待机状态,3,2025-07-18 20:52:28,2025-07-18 20:53:42,74,0.02
2536,L09,#56,GW252/13600,(2)停机状态,2,2025-07-18 20:52:27,2025-07-18 20:52:28,1,0
2537,L09,#56,GW252/13600,(1)停机过程,1,2025-07-18 20:51:55,2025-07-18 20:52:27,32,0.01
2538,L09,#56,GW252/13600,(4)启机状态,4,2025-07-18 20:46:55,2025-07-18 20:51:55,300,0.08
2539,L09,#56,GW252/13600,(3)待机状态,3,2025-07-18 20:45:39,2025-07-18 20:46:55,76,0.02
2540,L09,#56,GW252/13600,(2)停机状态,2,2025-07-18 20:45:37,2025-07-18 20:45:39,2,0
2541,L09,#56,GW252/13600,(1)停机过程,1,2025-07-18 20:45:06,2025-07-18 20:45:37,31,0.01
2542,L09,#56,GW252/13600,(4)启机状态,4,2025-07-18 20:40:06,2025-07-18 20:45:06,300,0.08
2543,L09,#56,GW252/13600,(3)待机状态,3,2025-07-18 20:39:11,2025-07-18 20:40:06,55,0.02
2544,L09,#56,GW252/13600,(2)停机状态,2,2025-07-18 20:39:10,2025-07-18 20:39:11,1,0
2545,L09,#56,GW252/13600,(1)停机过程,1,2025-07-18 20:38:15,2025-07-18 20:39:10,55,0.02
2546,L09,#56,GW252/13600,(4)启机状态,4,2025-07-18 20:33:16,2025-07-18 20:38:15,299,0.08
2547,L09,#56,GW252/13600,(3)待机状态,3,2025-07-18 20:32:18,2025-07-18 20:33:16,58,0.02
2548,L09,#56,GW252/13600,(1)停机过程,1,2025-07-18 20:31:33,2025-07-18 20:32:18,45,0.01
2549,L09,#56,GW252/13600,(4)启机状态,4,2025-07-18 20:26:33,2025-07-18 20:31:33,300,0.08
2550,L09,#56,GW252/13600,(3)待机状态,3,2025-07-18 20:25:23,2025-07-18 20:26:33,70,0.02
2551,L09,#56,GW252/13600,(2)停机状态,2,2025-07-18 20:25:21,2025-07-18 20:25:23,2,0
2552,L09,#56,GW252/13600,(1)停机过程,1,2025-07-18 20:24:48,2025-07-18 20:25:21,33,0.01
2553,L09,#56,GW252/13600,(4)启机状态,4,2025-07-18 20:19:49,2025-07-18 20:24:48,299,0.08
2554,L09,#56,GW252/13600,(3)待机状态,3,2025-07-18 20:18:42,2025-07-18 20:19:49,67,0.02
2555,L09,#56,GW252/13600,(2)停机状态,2,2025-07-18 20:18:41,2025-07-18 20:18:42,1,0
2556,L09,#56,GW252/13600,(1)停机过程,1,2025-07-18 20:17:48,2025-07-18 20:18:41,53,0.01
2557,L09,#56,GW252/13600,(5)发电状态,5,2025-07-18 19:34:17,2025-07-18 20:17:48,2611,0.73
2558,L09,#56,GW252/13600,(4)启机状态,4,2025-07-18 19:30:54,2025-07-18 19:34:17,203,0.06
2559,L09,#56,GW252/13600,(3)待机状态,3,2025-07-18 19:30:06,2025-07-18 19:30:54,48,0.01
2560,L09,#56,GW252/13600,(2)停机状态,2,2025-07-18 19:30:05,2025-07-18 19:30:06,1,0
2561,L09,#56,GW252/13600,(1)停机过程,1,2025-07-18 19:29:12,2025-07-18 19:30:05,53,0.01
2562,L09,#56,GW252/13600,(4)启机状态,4,2025-07-18 19:24:13,2025-07-18 19:29:12,299,0.08
2563,L09,#56,GW252/13600,(3)待机状态,3,2025-07-18 19:23:20,2025-07-18 19:24:13,53,0.01
2564,L09,#56,GW252/13600,(2)停机状态,2,2025-07-18 19:23:19,2025-07-18 19:23:20,1,0
2565,L09,#56,GW252/13600,(1)停机过程,1,2025-07-18 19:22:26,2025-07-18 19:23:19,53,0.01
2566,L09,#56,GW252/13600,(4)启机状态,4,2025-07-18 19:17:26,2025-07-18 19:22:26,300,0.08
2567,L09,#56,GW252/13600,(3)待机状态,3,2025-07-18 19:16:33,2025-07-18 19:17:26,53,0.01
2568,L09,#56,GW252/13600,(1)停机过程,1,2025-07-18 19:15:40,2025-07-18 19:16:33,53,0.01
2569,L09,#56,GW252/13600,(4)启机状态,4,2025-07-18 19:10:40,2025-07-18 19:15:40,300,0.08
2570,L09,#56,GW252/13600,(3)待机状态,3,2025-07-18 19:09:49,2025-07-18 19:10:40,51,0.01
2571,L09,#56,GW252/13600,(2)停机状态,2,2025-07-18 19:09:48,2025-07-18 19:09:49,1,0
2572,L09,#56,GW252/13600,(1)停机过程,1,2025-07-18 19:08:56,2025-07-18 19:09:48,52,0.01
2573,L09,#56,GW252/13600,(4)启机状态,4,2025-07-18 19:03:56,2025-07-18 19:08:56,300,0.08
2574,L09,#56,GW252/13600,(3)待机状态,3,2025-07-18 19:02:58,2025-07-18 19:03:56,58,0.02
2575,L09,#56,GW252/13600,(2)停机状态,2,2025-07-18 19:02:57,2025-07-18 19:02:58,1,0
2576,L09,#56,GW252/13600,(1)停机过程,1,2025-07-18 19:02:25,2025-07-18 19:02:57,32,0.01
2577,L09,#56,GW252/13600,(4)启机状态,4,2025-07-18 18:57:25,2025-07-18 19:02:25,300,0.08
2578,L09,#56,GW252/13600,(3)待机状态,3,2025-07-18 18:56:35,2025-07-18 18:57:25,50,0.01
2579,L09,#56,GW252/13600,(2)停机状态,2,2025-07-18 18:56:33,2025-07-18 18:56:35,2,0
2580,L09,#56,GW252/13600,(1)停机过程,1,2025-07-18 18:55:40,2025-07-18 18:56:33,53,0.01
2581,L09,#56,GW252/13600,(4)启机状态,4,2025-07-18 18:50:39,2025-07-18 18:55:40,301,0.08
2582,L09,#56,GW252/13600,(3)待机状态,3,2025-07-18 18:49:48,2025-07-18 18:50:39,51,0.01
2583,L09,#56,GW252/13600,(2)停机状态,2,2025-07-18 18:49:46,2025-07-18 18:49:48,2,0
2584,L09,#56,GW252/13600,(1)停机过程,1,2025-07-18 18:48:53,2025-07-18 18:49:46,53,0.01
2585,L09,#56,GW252/13600,(4)启机状态,4,2025-07-18 18:43:53,2025-07-18 18:48:53,300,0.08
2586,L09,#56,GW252/13600,(3)待机状态,3,2025-07-18 18:42:52,2025-07-18 18:43:53,61,0.02
2587,L09,#56,GW252/13600,(2)停机状态,2,2025-07-18 18:42:50,2025-07-18 18:42:52,2,0
2588,L09,#56,GW252/13600,(1)停机过程,1,2025-07-18 18:42:18,2025-07-18 18:42:50,32,0.01
2589,L09,#56,GW252/13600,(4)启机状态,4,2025-07-18 18:37:18,2025-07-18 18:42:18,300,0.08
2590,L09,#56,GW252/13600,(3)待机状态,3,2025-07-18 18:36:22,2025-07-18 18:37:18,56,0.02
2591,L09,#56,GW252/13600,(2)停机状态,2,2025-07-18 18:36:21,2025-07-18 18:36:22,1,0
2592,L09,#56,GW252/13600,(1)停机过程,1,2025-07-18 18:35:28,2025-07-18 18:36:21,53,0.01
2593,L09,#56,GW252/13600,(4)启机状态,4,2025-07-18 18:30:28,2025-07-18 18:35:28,300,0.08
2594,L09,#56,GW252/13600,(3)待机状态,3,2025-07-18 18:29:32,2025-07-18 18:30:28,56,0.02
2595,L09,#56,GW252/13600,(2)停机状态,2,2025-07-18 18:26:54,2025-07-18 18:29:32,158,0.04
2596,L09,#56,GW252/13600,(1)停机过程,1,2025-07-18 18:26:02,2025-07-18 18:26:54,52,0.01
2597,L09,#56,GW252/13600,(4)启机状态,4,2025-07-18 18:21:01,2025-07-18 18:26:02,301,0.08
2598,L09,#56,GW252/13600,(3)待机状态,3,2025-07-18 18:20:13,2025-07-18 18:21:01,48,0.01
2599,L09,#56,GW252/13600,(2)停机状态,2,2025-07-18 18:20:10,2025-07-18 18:20:13,3,0
2600,L09,#56,GW252/13600,(1)停机过程,1,2025-07-18 18:19:17,2025-07-18 18:20:10,53,0.01
2601,L09,#56,GW252/13600,(4)启机状态,4,2025-07-18 18:14:18,2025-07-18 18:19:17,299,0.08
2602,L09,#56,GW252/13600,(3)待机状态,3,2025-07-18 18:13:20,2025-07-18 18:14:18,58,0.02
2603,L09,#56,GW252/13600,(2)停机状态,2,2025-07-18 18:13:13,2025-07-18 18:13:20,7,0
2604,L09,#56,GW252/13600,(1)停机过程,1,2025-07-18 18:12:20,2025-07-18 18:13:13,53,0.01
2605,L09,#56,GW252/13600,(4)启机状态,4,2025-07-18 18:07:20,2025-07-18 18:12:20,300,0.08
2606,L09,#56,GW252/13600,(3)待机状态,3,2025-07-18 18:06:16,2025-07-18 18:07:20,64,0.02
2607,L09,#56,GW252/13600,(2)停机状态,2,2025-07-18 18:06:15,2025-07-18 18:06:16,1,0
2608,L09,#56,GW252/13600,(1)停机过程,1,2025-07-18 18:05:45,2025-07-18 18:06:15,30,0.01
2609,L09,#56,GW252/13600,(4)启机状态,4,2025-07-18 18:00:44,2025-07-18 18:05:45,301,0.08
2610,L09,#56,GW252/13600,(3)待机状态,3,2025-07-18 17:59:12,2025-07-18 18:00:44,92,0.03
2611,L09,#56,GW252/13600,(2)停机状态,2,2025-07-18 17:59:04,2025-07-18 17:59:12,8,0
2612,L09,#56,GW252/13600,(1)停机过程,1,2025-07-18 17:58:33,2025-07-18 17:59:04,31,0.01
2613,L09,#56,GW252/13600,(4)启机状态,4,2025-07-18 17:53:33,2025-07-18 17:58:33,300,0.08
2614,L09,#56,GW252/13600,(3)待机状态,3,2025-07-18 17:52:27,2025-07-18 17:53:33,66,0.02
2615,L09,#56,GW252/13600,(1)停机过程,1,2025-07-18 17:51:33,2025-07-18 17:52:27,54,0.02
2616,L09,#56,GW252/13600,(5)发电状态,5,2025-07-18 15:00:03,2025-07-18 17:51:33,10290,2.86
2617,L09,#56,GW252/13600,(4)启机状态,4,2025-07-18 14:58:23,2025-07-18 15:00:03,100,0.03
2618,L09,#56,GW252/13600,(3)待机状态,3,2025-07-18 14:54:48,2025-07-18 14:58:23,215,0.06
2619,L09,#56,GW252/13600,(2)停机状态,2,2025-07-18 14:22:41,2025-07-18 14:54:48,1927,0.54
2620,L09,#56,GW252/13600,(1)停机过程,1,2025-07-18 14:21:50,2025-07-18 14:22:41,51,0.01
2621,L09,#56,GW252/13600,(5)发电状态,5,2025-07-17 17:00:29,2025-07-18 14:21:50,76881,21.36
2622,L09,#56,GW252/13600,(4)启机状态,4,2025-07-17 16:57:25,2025-07-17 17:00:29,184,0.05
2623,L09,#56,GW252/13600,(3)待机状态,3,2025-07-17 16:56:28,2025-07-17 16:57:25,57,0.02
2624,L09,#56,GW252/13600,(2)停机状态,2,2025-07-17 16:56:25,2025-07-17 16:56:28,3,0
2625,L09,#56,GW252/13600,(1)停机过程,1,2025-07-17 16:55:53,2025-07-17 16:56:25,32,0.01
2626,L09,#56,GW252/13600,(4)启机状态,4,2025-07-17 16:50:53,2025-07-17 16:55:53,300,0.08
2627,L09,#56,GW252/13600,(3)待机状态,3,2025-07-17 16:49:47,2025-07-17 16:50:53,66,0.02
2628,L09,#56,GW252/13600,(2)停机状态,2,2025-07-17 16:49:46,2025-07-17 16:49:47,1,0
2629,L09,#56,GW252/13600,(1)停机过程,1,2025-07-17 16:49:16,2025-07-17 16:49:46,30,0.01
2630,L09,#56,GW252/13600,(4)启机状态,4,2025-07-17 16:44:16,2025-07-17 16:49:16,300,0.08
2631,L09,#56,GW252/13600,(3)待机状态,3,2025-07-17 16:42:37,2025-07-17 16:44:16,99,0.03
2632,L09,#56,GW252/13600,(2)停机状态,2,2025-07-17 16:39:41,2025-07-17 16:42:37,176,0.05
2633,L09,#56,GW252/13600,(9)维护状态,9,2025-07-17 10:20:59,2025-07-17 16:39:41,22722,6.31
2634,L09,#56,GW252/13600,(2)停机状态,2,2025-07-17 10:18:49,2025-07-17 10:20:59,130,0.04
2635,L09,#56,GW252/13600,(1)停机过程,1,2025-07-17 10:18:39,2025-07-17 10:18:49,10,0
2636,L09,#56,GW252/13600,(9)维护状态,9,2025-07-16 16:22:07,2025-07-17 10:18:39,64592,17.94
2637,L09,#56,GW252/13600,(1)停机过程,1,2025-07-16 16:21:35,2025-07-16 16:22:07,32,0.01
2638,L09,#56,GW252/13600,(3)待机状态,3,2025-07-16 16:21:10,2025-07-16 16:21:35,25,0.01
2639,L09,#56,GW252/13600,(2)停机状态,2,2025-07-16 16:19:28,2025-07-16 16:21:10,102,0.03
2640,L09,#56,GW252/13600,(1)停机过程,1,2025-07-16 16:18:34,2025-07-16 16:19:28,54,0.02
2641,L09,#56,GW252/13600,(5)发电状态,5,2025-07-16 15:38:41,2025-07-16 16:18:34,2393,0.66
2642,L09,#56,GW252/13600,(4)启机状态,4,2025-07-16 15:34:52,2025-07-16 15:38:41,229,0.06
2643,L09,#56,GW252/13600,(3)待机状态,3,2025-07-16 15:33:53,2025-07-16 15:34:52,59,0.02
2644,L09,#56,GW252/13600,(2)停机状态,2,2025-07-16 15:33:51,2025-07-16 15:33:53,2,0
2645,L09,#56,GW252/13600,(1)停机过程,1,2025-07-16 15:33:19,2025-07-16 15:33:51,32,0.01
2646,L09,#56,GW252/13600,(4)启机状态,4,2025-07-16 15:28:20,2025-07-16 15:33:19,299,0.08
2647,L09,#56,GW252/13600,(3)待机状态,3,2025-07-16 15:27:20,2025-07-16 15:28:20,60,0.02
2648,L09,#56,GW252/13600,(2)停机状态,2,2025-07-16 15:27:18,2025-07-16 15:27:20,2,0
2649,L09,#56,GW252/13600,(1)停机过程,1,2025-07-16 15:26:48,2025-07-16 15:27:18,30,0.01
2650,L09,#56,GW252/13600,(4)启机状态,4,2025-07-16 15:21:48,2025-07-16 15:26:48,300,0.08
2651,L09,#56,GW252/13600,(3)待机状态,3,2025-07-16 15:20:44,2025-07-16 15:21:48,64,0.02
2652,L09,#56,GW252/13600,(1)停机过程,1,2025-07-16 15:20:11,2025-07-16 15:20:44,33,0.01
2653,L09,#56,GW252/13600,(4)启机状态,4,2025-07-16 15:15:11,2025-07-16 15:20:11,300,0.08
2654,L09,#56,GW252/13600,(3)待机状态,3,2025-07-16 15:13:53,2025-07-16 15:15:11,78,0.02
2655,L09,#56,GW252/13600,(2)停机状态,2,2025-07-16 15:13:51,2025-07-16 15:13:53,2,0
2656,L09,#56,GW252/13600,(1)停机过程,1,2025-07-16 15:13:19,2025-07-16 15:13:51,32,0.01
2657,L09,#56,GW252/13600,(4)启机状态,4,2025-07-16 15:08:19,2025-07-16 15:13:19,300,0.08
2658,L09,#56,GW252/13600,(3)待机状态,3,2025-07-16 15:06:01,2025-07-16 15:08:19,138,0.04
2659,L09,#56,GW252/13600,(2)停机状态,2,2025-07-16 15:05:59,2025-07-16 15:06:01,2,0
2660,L09,#56,GW252/13600,(1)停机过程,1,2025-07-16 15:05:28,2025-07-16 15:05:59,31,0.01
2661,L09,#56,GW252/13600,(4)启机状态,4,2025-07-16 15:00:28,2025-07-16 15:05:28,300,0.08
2662,L09,#56,GW252/13600,(3)待机状态,3,2025-07-16 14:59:13,2025-07-16 15:00:28,75,0.02
2663,L09,#56,GW252/13600,(2)停机状态,2,2025-07-16 14:59:12,2025-07-16 14:59:13,1,0
2664,L09,#56,GW252/13600,(1)停机过程,1,2025-07-16 14:58:42,2025-07-16 14:59:12,30,0.01
2665,L09,#56,GW252/13600,(4)启机状态,4,2025-07-16 14:53:40,2025-07-16 14:58:42,302,0.08
2666,L09,#56,GW252/13600,(3)待机状态,3,2025-07-16 14:51:21,2025-07-16 14:53:40,139,0.04
2667,L09,#56,GW252/13600,(2)停机状态,2,2025-07-16 14:51:20,2025-07-16 14:51:21,1,0
2668,L09,#56,GW252/13600,(1)停机过程,1,2025-07-16 14:50:49,2025-07-16 14:51:20,31,0.01
2669,L09,#56,GW252/13600,(4)启机状态,4,2025-07-16 14:45:49,2025-07-16 14:50:49,300,0.08
2670,L09,#56,GW252/13600,(3)待机状态,3,2025-07-16 14:36:19,2025-07-16 14:45:49,570,0.16
2671,L09,#56,GW252/13600,(2)停机状态,2,2025-07-16 14:36:18,2025-07-16 14:36:19,1,0
2672,L09,#56,GW252/13600,(1)停机过程,1,2025-07-16 14:35:46,2025-07-16 14:36:18,32,0.01
2673,L09,#56,GW252/13600,(4)启机状态,4,2025-07-16 14:30:46,2025-07-16 14:35:46,300,0.08
2674,L09,#56,GW252/13600,(3)待机状态,3,2025-07-16 14:10:13,2025-07-16 14:30:46,1233,0.34
2675,L09,#56,GW252/13600,(2)停机状态,2,2025-07-16 14:07:57,2025-07-16 14:10:13,136,0.04
2676,L09,#56,GW252/13600,(1)停机过程,1,2025-07-16 14:07:26,2025-07-16 14:07:57,31,0.01
2677,L09,#56,GW252/13600,(4)启机状态,4,2025-07-16 14:02:26,2025-07-16 14:07:26,300,0.08
2678,L09,#56,GW252/13600,(3)待机状态,3,2025-07-16 13:53:04,2025-07-16 14:02:26,562,0.16
2679,L09,#56,GW252/13600,(2)停机状态,2,2025-07-16 13:53:02,2025-07-16 13:53:04,2,0
2680,L09,#56,GW252/13600,(1)停机过程,1,2025-07-16 13:52:30,2025-07-16 13:53:02,32,0.01
2681,L09,#56,GW252/13600,(4)启机状态,4,2025-07-16 13:47:30,2025-07-16 13:52:30,300,0.08
2682,L09,#56,GW252/13600,(3)待机状态,3,2025-07-16 13:16:00,2025-07-16 13:47:30,1890,0.53
2683,L09,#56,GW252/13600,(2)停机状态,2,2025-07-16 13:14:17,2025-07-16 13:16:00,103,0.03
2684,L09,#56,GW252/13600,(1)停机过程,1,2025-07-16 13:13:21,2025-07-16 13:14:17,56,0.02
2685,L09,#56,GW252/13600,(5)发电状态,5,2025-07-15 14:46:51,2025-07-16 13:13:21,80790,22.44
2686,L09,#56,GW252/13600,(4)启机状态,4,2025-07-15 14:42:24,2025-07-15 14:46:51,267,0.07
2687,L09,#56,GW252/13600,(3)待机状态,3,2025-07-15 14:41:21,2025-07-15 14:42:24,63,0.02
2688,L09,#56,GW252/13600,(2)停机状态,2,2025-07-15 14:41:19,2025-07-15 14:41:21,2,0
2689,L09,#56,GW252/13600,(1)停机过程,1,2025-07-15 14:40:48,2025-07-15 14:41:19,31,0.01
2690,L09,#56,GW252/13600,(4)启机状态,4,2025-07-15 14:35:48,2025-07-15 14:40:48,300,0.08
2691,L09,#56,GW252/13600,(3)待机状态,3,2025-07-15 14:34:42,2025-07-15 14:35:48,66,0.02
2692,L09,#56,GW252/13600,(2)停机状态,2,2025-07-15 14:34:40,2025-07-15 14:34:42,2,0
2693,L09,#56,GW252/13600,(1)停机过程,1,2025-07-15 14:34:09,2025-07-15 14:34:40,31,0.01
2694,L09,#56,GW252/13600,(4)启机状态,4,2025-07-15 14:29:09,2025-07-15 14:34:09,300,0.08
2695,L09,#56,GW252/13600,(3)待机状态,3,2025-07-15 14:27:43,2025-07-15 14:29:09,86,0.02
2696,L09,#56,GW252/13600,(2)停机状态,2,2025-07-15 14:27:42,2025-07-15 14:27:43,1,0
2697,L09,#56,GW252/13600,(1)停机过程,1,2025-07-15 14:27:10,2025-07-15 14:27:42,32,0.01
2698,L09,#56,GW252/13600,(4)启机状态,4,2025-07-15 14:22:10,2025-07-15 14:27:10,300,0.08
2699,L09,#56,GW252/13600,(3)待机状态,3,2025-07-15 14:19:14,2025-07-15 14:22:10,176,0.05
2700,L09,#56,GW252/13600,(2)停机状态,2,2025-07-15 14:19:12,2025-07-15 14:19:14,2,0
2701,L09,#56,GW252/13600,(1)停机过程,1,2025-07-15 14:18:40,2025-07-15 14:19:12,32,0.01
2702,L09,#56,GW252/13600,(4)启机状态,4,2025-07-15 14:13:40,2025-07-15 14:18:40,300,0.08
2703,L09,#56,GW252/13600,(3)待机状态,3,2025-07-15 14:09:05,2025-07-15 14:13:40,275,0.08
2704,L09,#56,GW252/13600,(2)停机状态,2,2025-07-15 14:09:04,2025-07-15 14:09:05,1,0
2705,L09,#56,GW252/13600,(1)停机过程,1,2025-07-15 14:08:09,2025-07-15 14:09:04,55,0.02
2706,L09,#56,GW252/13600,(5)发电状态,5,2025-07-14 21:38:08,2025-07-15 14:08:09,59401,16.5
2707,L09,#56,GW252/13600,(4)启机状态,4,2025-07-14 21:34:40,2025-07-14 21:38:08,208,0.06
2708,L09,#56,GW252/13600,(3)待机状态,3,2025-07-14 21:33:44,2025-07-14 21:34:40,56,0.02
2709,L09,#56,GW252/13600,(2)停机状态,2,2025-07-14 21:33:42,2025-07-14 21:33:44,2,0
2710,L09,#56,GW252/13600,(1)停机过程,1,2025-07-14 21:33:12,2025-07-14 21:33:42,30,0.01
2711,L09,#56,GW252/13600,(4)启机状态,4,2025-07-14 21:28:12,2025-07-14 21:33:12,300,0.08
2712,L09,#56,GW252/13600,(3)待机状态,3,2025-07-14 21:27:04,2025-07-14 21:28:12,68,0.02
2713,L09,#56,GW252/13600,(2)停机状态,2,2025-07-14 21:27:02,2025-07-14 21:27:04,2,0
2714,L09,#56,GW252/13600,(1)停机过程,1,2025-07-14 21:26:29,2025-07-14 21:27:02,33,0.01
2715,L09,#56,GW252/13600,(4)启机状态,4,2025-07-14 21:21:29,2025-07-14 21:26:29,300,0.08
2716,L09,#56,GW252/13600,(3)待机状态,3,2025-07-14 21:20:27,2025-07-14 21:21:29,62,0.02
2717,L09,#56,GW252/13600,(2)停机状态,2,2025-07-14 21:20:26,2025-07-14 21:20:27,1,0
2718,L09,#56,GW252/13600,(1)停机过程,1,2025-07-14 21:19:56,2025-07-14 21:20:26,30,0.01
2719,L09,#56,GW252/13600,(4)启机状态,4,2025-07-14 21:14:56,2025-07-14 21:19:56,300,0.08
2720,L09,#56,GW252/13600,(3)待机状态,3,2025-07-14 21:13:52,2025-07-14 21:14:56,64,0.02
2721,L09,#56,GW252/13600,(1)停机过程,1,2025-07-14 21:13:19,2025-07-14 21:13:52,33,0.01
2722,L09,#56,GW252/13600,(4)启机状态,4,2025-07-14 21:08:19,2025-07-14 21:13:19,300,0.08
2723,L09,#56,GW252/13600,(3)待机状态,3,2025-07-14 21:06:59,2025-07-14 21:08:19,80,0.02
2724,L09,#56,GW252/13600,(2)停机状态,2,2025-07-14 21:06:58,2025-07-14 21:06:59,1,0
2725,L09,#56,GW252/13600,(1)停机过程,1,2025-07-14 21:06:27,2025-07-14 21:06:58,31,0.01
2726,L09,#56,GW252/13600,(4)启机状态,4,2025-07-14 21:01:27,2025-07-14 21:06:27,300,0.08
2727,L09,#56,GW252/13600,(3)待机状态,3,2025-07-14 20:59:59,2025-07-14 21:01:27,88,0.02
2728,L09,#56,GW252/13600,(2)停机状态,2,2025-07-14 20:59:57,2025-07-14 20:59:59,2,0
2729,L09,#56,GW252/13600,(1)停机过程,1,2025-07-14 20:59:27,2025-07-14 20:59:57,30,0.01
2730,L09,#56,GW252/13600,(4)启机状态,4,2025-07-14 20:54:26,2025-07-14 20:59:27,301,0.08
2731,L09,#56,GW252/13600,(3)待机状态,3,2025-07-14 20:52:47,2025-07-14 20:54:26,99,0.03
2732,L09,#56,GW252/13600,(2)停机状态,2,2025-07-14 20:52:45,2025-07-14 20:52:47,2,0
2733,L09,#56,GW252/13600,(1)停机过程,1,2025-07-14 20:52:13,2025-07-14 20:52:45,32,0.01
2734,L09,#56,GW252/13600,(4)启机状态,4,2025-07-14 20:47:13,2025-07-14 20:52:13,300,0.08
2735,L09,#56,GW252/13600,(3)待机状态,3,2025-07-14 20:45:23,2025-07-14 20:47:13,110,0.03
2736,L09,#56,GW252/13600,(2)停机状态,2,2025-07-14 20:45:21,2025-07-14 20:45:23,2,0
2737,L09,#56,GW252/13600,(1)停机过程,1,2025-07-14 20:44:51,2025-07-14 20:45:21,30,0.01
2738,L09,#56,GW252/13600,(4)启机状态,4,2025-07-14 20:39:51,2025-07-14 20:44:51,300,0.08
2739,L09,#56,GW252/13600,(3)待机状态,3,2025-07-14 20:34:19,2025-07-14 20:39:51,332,0.09
2740,L09,#56,GW252/13600,(1)停机过程,1,2025-07-14 20:33:48,2025-07-14 20:34:19,31,0.01
2741,L09,#56,GW252/13600,(4)启机状态,4,2025-07-14 20:28:48,2025-07-14 20:33:48,300,0.08
2742,L09,#56,GW252/13600,(3)待机状态,3,2025-07-14 20:27:20,2025-07-14 20:28:48,88,0.02
2743,L09,#56,GW252/13600,(2)停机状态,2,2025-07-14 20:27:19,2025-07-14 20:27:20,1,0
2744,L09,#56,GW252/13600,(1)停机过程,1,2025-07-14 20:26:48,2025-07-14 20:27:19,31,0.01
2745,L09,#56,GW252/13600,(4)启机状态,4,2025-07-14 20:21:48,2025-07-14 20:26:48,300,0.08
2746,L09,#56,GW252/13600,(3)待机状态,3,2025-07-14 18:54:45,2025-07-14 20:21:48,5223,1.45
2747,L09,#56,GW252/13600,(2)停机状态,2,2025-07-14 18:54:44,2025-07-14 18:54:45,1,0
2748,L09,#56,GW252/13600,(1)停机过程,1,2025-07-14 18:54:13,2025-07-14 18:54:44,31,0.01
2749,L09,#56,GW252/13600,(4)启机状态,4,2025-07-14 18:49:13,2025-07-14 18:54:13,300,0.08
2750,L09,#56,GW252/13600,(3)待机状态,3,2025-07-14 17:58:03,2025-07-14 18:49:13,3070,0.85
2751,L09,#56,GW252/13600,(2)停机状态,2,2025-07-14 17:58:01,2025-07-14 17:58:03,2,0
2752,L09,#56,GW252/13600,(1)停机过程,1,2025-07-14 17:57:29,2025-07-14 17:58:01,32,0.01
2753,L09,#56,GW252/13600,(4)启机状态,4,2025-07-14 17:52:29,2025-07-14 17:57:29,300,0.08
2754,L09,#56,GW252/13600,(3)待机状态,3,2025-07-14 17:42:13,2025-07-14 17:52:29,616,0.17
2755,L09,#56,GW252/13600,(2)停机状态,2,2025-07-14 17:40:21,2025-07-14 17:42:13,112,0.03
2756,L09,#56,GW252/13600,(1)停机过程,1,2025-07-14 17:39:49,2025-07-14 17:40:21,32,0.01
2757,L09,#56,GW252/13600,(4)启机状态,4,2025-07-14 17:34:49,2025-07-14 17:39:49,300,0.08
2758,L09,#56,GW252/13600,(3)待机状态,3,2025-07-14 17:28:08,2025-07-14 17:34:49,401,0.11
2759,L09,#56,GW252/13600,(2)停机状态,2,2025-07-14 17:27:31,2025-07-14 17:28:08,37,0.01
2760,L09,#56,GW252/13600,(1)停机过程,1,2025-07-14 17:26:36,2025-07-14 17:27:31,55,0.02
2761,L09,#56,GW252/13600,(5)发电状态,5,2025-07-14 16:10:07,2025-07-14 17:26:36,4589,1.27
2762,L09,#56,GW252/13600,(4)启机状态,4,2025-07-14 16:05:50,2025-07-14 16:10:07,257,0.07
2763,L09,#56,GW252/13600,(3)待机状态,3,2025-07-14 16:04:47,2025-07-14 16:05:50,63,0.02
2764,L09,#56,GW252/13600,(2)停机状态,2,2025-07-14 16:04:46,2025-07-14 16:04:47,1,0
2765,L09,#56,GW252/13600,(1)停机过程,1,2025-07-14 16:04:15,2025-07-14 16:04:46,31,0.01
2766,L09,#56,GW252/13600,(4)启机状态,4,2025-07-14 15:59:14,2025-07-14 16:04:15,301,0.08
2767,L09,#56,GW252/13600,(3)待机状态,3,2025-07-14 15:58:09,2025-07-14 15:59:14,65,0.02
2768,L09,#56,GW252/13600,(2)停机状态,2,2025-07-14 15:58:07,2025-07-14 15:58:09,2,0
2769,L09,#56,GW252/13600,(1)停机过程,1,2025-07-14 15:57:36,2025-07-14 15:58:07,31,0.01
2770,L09,#56,GW252/13600,(4)启机状态,4,2025-07-14 15:52:36,2025-07-14 15:57:36,300,0.08
2771,L09,#56,GW252/13600,(3)待机状态,3,2025-07-14 15:51:30,2025-07-14 15:52:36,66,0.02
2772,L09,#56,GW252/13600,(2)停机状态,2,2025-07-14 15:51:28,2025-07-14 15:51:30,2,0
2773,L09,#56,GW252/13600,(1)停机过程,1,2025-07-14 15:50:57,2025-07-14 15:51:28,31,0.01
2774,L09,#56,GW252/13600,(4)启机状态,4,2025-07-14 15:45:56,2025-07-14 15:50:57,301,0.08
2775,L09,#56,GW252/13600,(3)待机状态,3,2025-07-14 15:44:24,2025-07-14 15:45:56,92,0.03
2776,L09,#56,GW252/13600,(2)停机状态,2,2025-07-14 15:44:21,2025-07-14 15:44:24,3,0
2777,L09,#56,GW252/13600,(1)停机过程,1,2025-07-14 15:43:51,2025-07-14 15:44:21,30,0.01
2778,L09,#56,GW252/13600,(4)启机状态,4,2025-07-14 15:38:51,2025-07-14 15:43:51,300,0.08
2779,L09,#56,GW252/13600,(3)待机状态,3,2025-07-14 15:36:58,2025-07-14 15:38:51,113,0.03
2780,L09,#56,GW252/13600,(2)停机状态,2,2025-07-14 15:36:57,2025-07-14 15:36:58,1,0
2781,L09,#56,GW252/13600,(1)停机过程,1,2025-07-14 15:36:26,2025-07-14 15:36:57,31,0.01
2782,L09,#56,GW252/13600,(4)启机状态,4,2025-07-14 15:31:25,2025-07-14 15:36:26,301,0.08
2783,L09,#56,GW252/13600,(3)待机状态,3,2025-07-14 15:29:51,2025-07-14 15:31:25,94,0.03
2784,L09,#56,GW252/13600,(2)停机状态,2,2025-07-14 15:29:45,2025-07-14 15:29:51,6,0
2785,L09,#56,GW252/13600,(1)停机过程,1,2025-07-14 15:29:13,2025-07-14 15:29:45,32,0.01
2786,L09,#56,GW252/13600,(4)启机状态,4,2025-07-14 15:24:13,2025-07-14 15:29:13,300,0.08
2787,L09,#56,GW252/13600,(3)待机状态,3,2025-07-14 15:22:17,2025-07-14 15:24:13,116,0.03
2788,L09,#56,GW252/13600,(2)停机状态,2,2025-07-14 15:22:10,2025-07-14 15:22:17,7,0
2789,L09,#56,GW252/13600,(1)停机过程,1,2025-07-14 15:21:38,2025-07-14 15:22:10,32,0.01
2790,L09,#56,GW252/13600,(4)启机状态,4,2025-07-14 15:16:38,2025-07-14 15:21:38,300,0.08
2791,L09,#56,GW252/13600,(3)待机状态,3,2025-07-14 15:05:34,2025-07-14 15:16:38,664,0.18
2792,L09,#56,GW252/13600,(2)停机状态,2,2025-07-14 15:04:42,2025-07-14 15:05:34,52,0.01
2793,L09,#56,GW252/13600,(1)停机过程,1,2025-07-14 15:04:12,2025-07-14 15:04:42,30,0.01
2794,L09,#56,GW252/13600,(4)启机状态,4,2025-07-14 14:59:12,2025-07-14 15:04:12,300,0.08
2795,L09,#56,GW252/13600,(3)待机状态,3,2025-07-14 14:17:07,2025-07-14 14:59:12,2525,0.7
2796,L09,#56,GW252/13600,(2)停机状态,2,2025-07-14 14:14:42,2025-07-14 14:17:07,145,0.04
2797,L09,#56,GW252/13600,(1)停机过程,1,2025-07-14 14:14:10,2025-07-14 14:14:42,32,0.01
2798,L09,#56,GW252/13600,(4)启机状态,4,2025-07-14 14:09:10,2025-07-14 14:14:10,300,0.08
2799,L09,#56,GW252/13600,(3)待机状态,3,2025-07-14 14:06:03,2025-07-14 14:09:10,187,0.05
2800,L09,#56,GW252/13600,(2)停机状态,2,2025-07-14 14:04:07,2025-07-14 14:06:03,116,0.03
2801,L09,#56,GW252/13600,(1)停机过程,1,2025-07-14 14:03:35,2025-07-14 14:04:07,32,0.01
2802,L09,#56,GW252/13600,(4)启机状态,4,2025-07-14 13:58:35,2025-07-14 14:03:35,300,0.08
2803,L09,#56,GW252/13600,(3)待机状态,3,2025-07-14 13:56:42,2025-07-14 13:58:35,113,0.03
2804,L09,#56,GW252/13600,(2)停机状态,2,2025-07-14 13:56:41,2025-07-14 13:56:42,1,0
2805,L09,#56,GW252/13600,(1)停机过程,1,2025-07-14 13:56:10,2025-07-14 13:56:41,31,0.01
2806,L09,#56,GW252/13600,(4)启机状态,4,2025-07-14 13:51:09,2025-07-14 13:56:10,301,0.08
2807,L09,#56,GW252/13600,(3)待机状态,3,2025-07-14 13:49:50,2025-07-14 13:51:09,79,0.02
2808,L09,#56,GW252/13600,(2)停机状态,2,2025-07-14 13:49:48,2025-07-14 13:49:50,2,0
2809,L09,#56,GW252/13600,(1)停机过程,1,2025-07-14 13:49:17,2025-07-14 13:49:48,31,0.01
2810,L09,#56,GW252/13600,(4)启机状态,4,2025-07-14 13:44:16,2025-07-14 13:49:17,301,0.08
2811,L09,#56,GW252/13600,(3)待机状态,3,2025-07-14 13:43:10,2025-07-14 13:44:16,66,0.02
2812,L09,#56,GW252/13600,(2)停机状态,2,2025-07-14 13:43:08,2025-07-14 13:43:10,2,0
2813,L09,#56,GW252/13600,(1)停机过程,1,2025-07-14 13:42:36,2025-07-14 13:43:08,32,0.01
2814,L09,#56,GW252/13600,(4)启机状态,4,2025-07-14 13:37:36,2025-07-14 13:42:36,300,0.08
2815,L09,#56,GW252/13600,(3)待机状态,3,2025-07-14 12:01:34,2025-07-14 13:37:36,5762,1.6
2816,L09,#56,GW252/13600,(2)停机状态,2,2025-07-14 12:01:32,2025-07-14 12:01:34,2,0
2817,L09,#56,GW252/13600,(1)停机过程,1,2025-07-14 12:00:38,2025-07-14 12:01:32,54,0.02
2818,L09,#56,GW252/13600,(5)发电状态,5,2025-07-14 11:35:27,2025-07-14 12:00:38,1511,0.42
2819,L09,#56,GW252/13600,(4)启机状态,4,2025-07-14 11:34:25,2025-07-14 11:35:27,62,0.02
2820,L09,#56,GW252/13600,(3)待机状态,3,2025-07-14 11:30:22,2025-07-14 11:34:25,243,0.07
2821,L09,#56,GW252/13600,(2)停机状态,2,2025-07-14 11:30:20,2025-07-14 11:30:22,2,0
2822,L09,#56,GW252/13600,(1)停机过程,1,2025-07-14 11:29:47,2025-07-14 11:30:20,33,0.01
2823,L09,#56,GW252/13600,(3)待机状态,3,2025-07-14 11:28:31,2025-07-14 11:29:47,76,0.02
2824,L09,#56,GW252/13600,(2)停机状态,2,2025-07-14 11:28:29,2025-07-14 11:28:31,2,0
2825,L09,#56,GW252/13600,(1)停机过程,1,2025-07-14 11:27:59,2025-07-14 11:28:29,30,0.01
2826,L09,#56,GW252/13600,(3)待机状态,3,2025-07-14 11:27:18,2025-07-14 11:27:59,41,0.01
2827,L09,#56,GW252/13600,(2)停机状态,2,2025-07-14 11:27:16,2025-07-14 11:27:18,2,0
2828,L09,#56,GW252/13600,(1)停机过程,1,2025-07-14 11:26:47,2025-07-14 11:27:16,29,0.01
2829,L09,#56,GW252/13600,(3)待机状态,3,2025-07-14 11:26:24,2025-07-14 11:26:47,23,0.01
2830,L09,#56,GW252/13600,(2)停机状态,2,2025-07-14 11:26:23,2025-07-14 11:26:24,1,0
2831,L09,#56,GW252/13600,(1)停机过程,1,2025-07-14 11:25:53,2025-07-14 11:26:23,30,0.01
2832,L09,#56,GW252/13600,(3)待机状态,3,2025-07-14 11:25:32,2025-07-14 11:25:53,21,0.01
2833,L09,#56,GW252/13600,(2)停机状态,2,2025-07-14 11:25:31,2025-07-14 11:25:32,1,0
2834,L09,#56,GW252/13600,(1)停机过程,1,2025-07-14 11:25:01,2025-07-14 11:25:31,30,0.01
2835,L09,#56,GW252/13600,(3)待机状态,3,2025-07-14 11:24:39,2025-07-14 11:25:01,22,0.01
2836,L09,#56,GW252/13600,(2)停机状态,2,2025-07-14 11:24:38,2025-07-14 11:24:39,1,0
2837,L09,#56,GW252/13600,(1)停机过程,1,2025-07-14 11:24:07,2025-07-14 11:24:38,31,0.01
2838,L09,#56,GW252/13600,(3)待机状态,3,2025-07-14 11:23:45,2025-07-14 11:24:07,22,0.01
2839,L09,#56,GW252/13600,(2)停机状态,2,2025-07-14 11:23:44,2025-07-14 11:23:45,1,0
2840,L09,#56,GW252/13600,(1)停机过程,1,2025-07-14 11:22:49,2025-07-14 11:23:44,55,0.02
2841,L09,#56,GW252/13600,(5)发电状态,5,2025-07-13 23:31:16,2025-07-14 11:22:49,42693,11.86
2842,L09,#56,GW252/13600,(4)启机状态,4,2025-07-13 23:27:51,2025-07-13 23:31:16,205,0.06
2843,L09,#56,GW252/13600,(3)待机状态,3,2025-07-13 23:26:41,2025-07-13 23:27:51,70,0.02
2844,L09,#56,GW252/13600,(2)停机状态,2,2025-07-13 23:26:39,2025-07-13 23:26:41,2,0
2845,L09,#56,GW252/13600,(1)停机过程,1,2025-07-13 23:26:08,2025-07-13 23:26:39,31,0.01
2846,L09,#56,GW252/13600,(4)启机状态,4,2025-07-13 23:21:08,2025-07-13 23:26:08,300,0.08
2847,L09,#56,GW252/13600,(3)待机状态,3,2025-07-13 23:19:02,2025-07-13 23:21:08,126,0.04
2848,L09,#56,GW252/13600,(2)停机状态,2,2025-07-13 23:19:00,2025-07-13 23:19:02,2,0
2849,L09,#56,GW252/13600,(1)停机过程,1,2025-07-13 23:18:28,2025-07-13 23:19:00,32,0.01
2850,L09,#56,GW252/13600,(4)启机状态,4,2025-07-13 23:13:28,2025-07-13 23:18:28,300,0.08
2851,L09,#56,GW252/13600,(3)待机状态,3,2025-07-13 23:12:08,2025-07-13 23:13:28,80,0.02
2852,L09,#56,GW252/13600,(2)停机状态,2,2025-07-13 23:12:06,2025-07-13 23:12:08,2,0
2853,L09,#56,GW252/13600,(1)停机过程,1,2025-07-13 23:11:35,2025-07-13 23:12:06,31,0.01
2854,L09,#56,GW252/13600,(4)启机状态,4,2025-07-13 23:06:35,2025-07-13 23:11:35,300,0.08
2855,L09,#56,GW252/13600,(3)待机状态,3,2025-07-13 23:05:31,2025-07-13 23:06:35,64,0.02
2856,L09,#56,GW252/13600,(1)停机过程,1,2025-07-13 23:04:59,2025-07-13 23:05:31,32,0.01
2857,L09,#56,GW252/13600,(4)启机状态,4,2025-07-13 22:59:59,2025-07-13 23:04:59,300,0.08
2858,L09,#56,GW252/13600,(3)待机状态,3,2025-07-13 22:57:57,2025-07-13 22:59:59,122,0.03
2859,L09,#56,GW252/13600,(2)停机状态,2,2025-07-13 22:57:56,2025-07-13 22:57:57,1,0
2860,L09,#56,GW252/13600,(1)停机过程,1,2025-07-13 22:57:24,2025-07-13 22:57:56,32,0.01
2861,L09,#56,GW252/13600,(4)启机状态,4,2025-07-13 22:52:25,2025-07-13 22:57:24,299,0.08
2862,L09,#56,GW252/13600,(3)待机状态,3,2025-07-13 21:07:24,2025-07-13 22:52:25,6301,1.75
2863,L09,#56,GW252/13600,(2)停机状态,2,2025-07-13 21:07:23,2025-07-13 21:07:24,1,0
2864,L09,#56,GW252/13600,(1)停机过程,1,2025-07-13 21:06:50,2025-07-13 21:07:23,33,0.01
2865,L09,#56,GW252/13600,(4)启机状态,4,2025-07-13 21:01:50,2025-07-13 21:06:50,300,0.08
2866,L09,#56,GW252/13600,(3)待机状态,3,2025-07-13 21:00:20,2025-07-13 21:01:50,90,0.03
2867,L09,#56,GW252/13600,(2)停机状态,2,2025-07-13 21:00:15,2025-07-13 21:00:20,5,0
2868,L09,#56,GW252/13600,(1)停机过程,1,2025-07-13 20:59:19,2025-07-13 21:00:15,56,0.02
2869,L09,#56,GW252/13600,(5)发电状态,5,2025-07-13 18:45:53,2025-07-13 20:59:19,8006,2.22
2870,L09,#56,GW252/13600,(4)启机状态,4,2025-07-13 18:43:51,2025-07-13 18:45:53,122,0.03
2871,L09,#56,GW252/13600,(3)待机状态,3,2025-07-13 18:42:48,2025-07-13 18:43:51,63,0.02
2872,L09,#56,GW252/13600,(2)停机状态,2,2025-07-13 18:41:49,2025-07-13 18:42:48,59,0.02
2873,L09,#56,GW252/13600,(1)停机过程,1,2025-07-13 18:41:17,2025-07-13 18:41:49,32,0.01
2874,L09,#56,GW252/13600,(4)启机状态,4,2025-07-13 18:36:17,2025-07-13 18:41:17,300,0.08
2875,L09,#56,GW252/13600,(3)待机状态,3,2025-07-13 18:35:16,2025-07-13 18:36:17,61,0.02
2876,L09,#56,GW252/13600,(2)停机状态,2,2025-07-13 18:35:15,2025-07-13 18:35:16,1,0
2877,L09,#56,GW252/13600,(1)停机过程,1,2025-07-13 18:34:44,2025-07-13 18:35:15,31,0.01
2878,L09,#56,GW252/13600,(4)启机状态,4,2025-07-13 18:29:44,2025-07-13 18:34:44,300,0.08
2879,L09,#56,GW252/13600,(3)待机状态,3,2025-07-13 18:28:42,2025-07-13 18:29:44,62,0.02
2880,L09,#56,GW252/13600,(2)停机状态,2,2025-07-13 18:28:40,2025-07-13 18:28:42,2,0
2881,L09,#56,GW252/13600,(1)停机过程,1,2025-07-13 18:28:09,2025-07-13 18:28:40,31,0.01
2882,L09,#56,GW252/13600,(4)启机状态,4,2025-07-13 18:23:09,2025-07-13 18:28:09,300,0.08
2883,L09,#56,GW252/13600,(3)待机状态,3,2025-07-13 18:22:06,2025-07-13 18:23:09,63,0.02
2884,L09,#56,GW252/13600,(2)停机状态,2,2025-07-13 18:22:05,2025-07-13 18:22:06,1,0
2885,L09,#56,GW252/13600,(1)停机过程,1,2025-07-13 18:21:22,2025-07-13 18:22:05,43,0.01
2886,L09,#56,GW252/13600,(4)启机状态,4,2025-07-13 18:16:22,2025-07-13 18:21:22,300,0.08
2887,L09,#56,GW252/13600,(3)待机状态,3,2025-07-13 18:13:03,2025-07-13 18:16:22,199,0.06
2888,L09,#56,GW252/13600,(2)停机状态,2,2025-07-13 18:10:56,2025-07-13 18:13:03,127,0.04
2889,L09,#56,GW252/13600,(1)停机过程,1,2025-07-13 18:10:01,2025-07-13 18:10:56,55,0.02
2890,L09,#56,GW252/13600,(5)发电状态,5,2025-07-13 15:39:34,2025-07-13 18:10:01,9027,2.51
2891,L09,#56,GW252/13600,(4)启机状态,4,2025-07-13 15:36:20,2025-07-13 15:39:34,194,0.05
2892,L09,#56,GW252/13600,(3)待机状态,3,2025-07-13 15:35:15,2025-07-13 15:36:20,65,0.02
2893,L09,#56,GW252/13600,(2)停机状态,2,2025-07-13 15:35:13,2025-07-13 15:35:15,2,0
2894,L09,#56,GW252/13600,(1)停机过程,1,2025-07-13 15:34:41,2025-07-13 15:35:13,32,0.01
2895,L09,#56,GW252/13600,(4)启机状态,4,2025-07-13 15:29:40,2025-07-13 15:34:41,301,0.08
2896,L09,#56,GW252/13600,(3)待机状态,3,2025-07-13 15:28:37,2025-07-13 15:29:40,63,0.02
2897,L09,#56,GW252/13600,(2)停机状态,2,2025-07-13 15:28:34,2025-07-13 15:28:37,3,0
2898,L09,#56,GW252/13600,(1)停机过程,1,2025-07-13 15:28:04,2025-07-13 15:28:34,30,0.01
2899,L09,#56,GW252/13600,(4)启机状态,4,2025-07-13 15:23:04,2025-07-13 15:28:04,300,0.08
2900,L09,#56,GW252/13600,(3)待机状态,3,2025-07-13 15:21:56,2025-07-13 15:23:04,68,0.02
2901,L09,#56,GW252/13600,(2)停机状态,2,2025-07-13 15:21:55,2025-07-13 15:21:56,1,0
2902,L09,#56,GW252/13600,(1)停机过程,1,2025-07-13 15:21:23,2025-07-13 15:21:55,32,0.01
2903,L09,#56,GW252/13600,(4)启机状态,4,2025-07-13 15:16:22,2025-07-13 15:21:23,301,0.08
2904,L09,#56,GW252/13600,(3)待机状态,3,2025-07-13 15:10:48,2025-07-13 15:16:22,334,0.09
2905,L09,#56,GW252/13600,(2)停机状态,2,2025-07-13 15:10:47,2025-07-13 15:10:48,1,0
2906,L09,#56,GW252/13600,(1)停机过程,1,2025-07-13 15:10:14,2025-07-13 15:10:47,33,0.01
2907,L09,#56,GW252/13600,(4)启机状态,4,2025-07-13 15:05:15,2025-07-13 15:10:14,299,0.08
2908,L09,#56,GW252/13600,(3)待机状态,3,2025-07-13 15:00:30,2025-07-13 15:05:15,285,0.08
2909,L09,#56,GW252/13600,(2)停机状态,2,2025-07-13 15:00:28,2025-07-13 15:00:30,2,0
2910,L09,#56,GW252/13600,(1)停机过程,1,2025-07-13 14:59:58,2025-07-13 15:00:28,30,0.01
2911,L09,#56,GW252/13600,(4)启机状态,4,2025-07-13 14:54:58,2025-07-13 14:59:58,300,0.08
2912,L09,#56,GW252/13600,(3)待机状态,3,2025-07-13 14:53:48,2025-07-13 14:54:58,70,0.02
2913,L09,#56,GW252/13600,(2)停机状态,2,2025-07-13 14:53:47,2025-07-13 14:53:48,1,0
2914,L09,#56,GW252/13600,(1)停机过程,1,2025-07-13 14:53:15,2025-07-13 14:53:47,32,0.01
2915,L09,#56,GW252/13600,(4)启机状态,4,2025-07-13 14:48:16,2025-07-13 14:53:15,299,0.08
2916,L09,#56,GW252/13600,(3)待机状态,3,2025-07-13 14:46:50,2025-07-13 14:48:16,86,0.02
2917,L09,#56,GW252/13600,(2)停机状态,2,2025-07-13 14:46:45,2025-07-13 14:46:50,5,0
2918,L09,#56,GW252/13600,(1)停机过程,1,2025-07-13 14:46:14,2025-07-13 14:46:45,31,0.01
2919,L09,#56,GW252/13600,(4)启机状态,4,2025-07-13 14:41:13,2025-07-13 14:46:14,301,0.08
2920,L09,#56,GW252/13600,(3)待机状态,3,2025-07-13 14:39:33,2025-07-13 14:41:13,100,0.03
2921,L09,#56,GW252/13600,(2)停机状态,2,2025-07-13 14:37:41,2025-07-13 14:39:33,112,0.03
2922,L09,#56,GW252/13600,(1)停机过程,1,2025-07-13 14:37:10,2025-07-13 14:37:41,31,0.01
2923,L09,#56,GW252/13600,(4)启机状态,4,2025-07-13 14:32:09,2025-07-13 14:37:10,301,0.08
2924,L09,#56,GW252/13600,(3)待机状态,3,2025-07-13 14:30:11,2025-07-13 14:32:09,118,0.03
2925,L09,#56,GW252/13600,(2)停机状态,2,2025-07-13 14:30:09,2025-07-13 14:30:11,2,0
2926,L09,#56,GW252/13600,(1)停机过程,1,2025-07-13 14:29:38,2025-07-13 14:30:09,31,0.01
2927,L09,#56,GW252/13600,(4)启机状态,4,2025-07-13 14:24:38,2025-07-13 14:29:38,300,0.08
2928,L09,#56,GW252/13600,(3)待机状态,3,2025-07-13 14:23:25,2025-07-13 14:24:38,73,0.02
2929,L09,#56,GW252/13600,(2)停机状态,2,2025-07-13 14:23:24,2025-07-13 14:23:25,1,0
2930,L09,#56,GW252/13600,(1)停机过程,1,2025-07-13 14:22:52,2025-07-13 14:23:24,32,0.01
2931,L09,#56,GW252/13600,(4)启机状态,4,2025-07-13 14:17:52,2025-07-13 14:22:52,300,0.08
2932,L09,#56,GW252/13600,(3)待机状态,3,2025-07-13 14:16:42,2025-07-13 14:17:52,70,0.02
2933,L09,#56,GW252/13600,(2)停机状态,2,2025-07-13 14:16:40,2025-07-13 14:16:42,2,0
2934,L09,#56,GW252/13600,(1)停机过程,1,2025-07-13 14:16:08,2025-07-13 14:16:40,32,0.01
2935,L09,#56,GW252/13600,(4)启机状态,4,2025-07-13 14:11:08,2025-07-13 14:16:08,300,0.08
2936,L09,#56,GW252/13600,(3)待机状态,3,2025-07-13 14:09:40,2025-07-13 14:11:08,88,0.02
2937,L09,#56,GW252/13600,(2)停机状态,2,2025-07-13 14:09:38,2025-07-13 14:09:40,2,0
2938,L09,#56,GW252/13600,(1)停机过程,1,2025-07-13 14:09:06,2025-07-13 14:09:38,32,0.01
2939,L09,#56,GW252/13600,(4)启机状态,4,2025-07-13 14:04:06,2025-07-13 14:09:06,300,0.08
2940,L09,#56,GW252/13600,(3)待机状态,3,2025-07-13 14:02:07,2025-07-13 14:04:06,119,0.03
2941,L09,#56,GW252/13600,(2)停机状态,2,2025-07-13 14:02:05,2025-07-13 14:02:07,2,0
2942,L09,#56,GW252/13600,(1)停机过程,1,2025-07-13 14:01:33,2025-07-13 14:02:05,32,0.01
2943,L09,#56,GW252/13600,(4)启机状态,4,2025-07-13 13:56:34,2025-07-13 14:01:33,299,0.08
2944,L09,#56,GW252/13600,(3)待机状态,3,2025-07-13 13:54:35,2025-07-13 13:56:34,119,0.03
2945,L09,#56,GW252/13600,(2)停机状态,2,2025-07-13 13:54:34,2025-07-13 13:54:35,1,0
2946,L09,#56,GW252/13600,(1)停机过程,1,2025-07-13 13:54:02,2025-07-13 13:54:34,32,0.01
2947,L09,#56,GW252/13600,(4)启机状态,4,2025-07-13 13:49:02,2025-07-13 13:54:02,300,0.08
2948,L09,#56,GW252/13600,(3)待机状态,3,2025-07-13 13:47:44,2025-07-13 13:49:02,78,0.02
2949,L09,#56,GW252/13600,(1)停机过程,1,2025-07-13 13:47:12,2025-07-13 13:47:44,32,0.01
2950,L09,#56,GW252/13600,(4)启机状态,4,2025-07-13 13:42:11,2025-07-13 13:47:12,301,0.08
2951,L09,#56,GW252/13600,(3)待机状态,3,2025-07-13 13:40:57,2025-07-13 13:42:11,74,0.02
2952,L09,#56,GW252/13600,(2)停机状态,2,2025-07-13 13:40:56,2025-07-13 13:40:57,1,0
2953,L09,#56,GW252/13600,(1)停机过程,1,2025-07-13 13:40:24,2025-07-13 13:40:56,32,0.01
2954,L09,#56,GW252/13600,(4)启机状态,4,2025-07-13 13:35:24,2025-07-13 13:40:24,300,0.08
2955,L09,#56,GW252/13600,(3)待机状态,3,2025-07-13 13:34:05,2025-07-13 13:35:24,79,0.02
2956,L09,#56,GW252/13600,(2)停机状态,2,2025-07-13 13:34:03,2025-07-13 13:34:05,2,0
2957,L09,#56,GW252/13600,(1)停机过程,1,2025-07-13 13:33:32,2025-07-13 13:34:03,31,0.01
2958,L09,#56,GW252/13600,(4)启机状态,4,2025-07-13 13:28:32,2025-07-13 13:33:32,300,0.08
2959,L09,#56,GW252/13600,(3)待机状态,3,2025-07-13 13:24:01,2025-07-13 13:28:32,271,0.08
2960,L09,#56,GW252/13600,(2)停机状态,2,2025-07-13 13:23:07,2025-07-13 13:24:01,54,0.02
2961,L09,#56,GW252/13600,(1)停机过程,1,2025-07-13 13:22:37,2025-07-13 13:23:07,30,0.01
2962,L09,#56,GW252/13600,(4)启机状态,4,2025-07-13 13:17:36,2025-07-13 13:22:37,301,0.08
2963,L09,#56,GW252/13600,(3)待机状态,3,2025-07-13 13:16:29,2025-07-13 13:17:36,67,0.02
2964,L09,#56,GW252/13600,(2)停机状态,2,2025-07-13 13:16:28,2025-07-13 13:16:29,1,0
2965,L09,#56,GW252/13600,(1)停机过程,1,2025-07-13 13:15:55,2025-07-13 13:16:28,33,0.01
2966,L09,#56,GW252/13600,(4)启机状态,4,2025-07-13 13:10:55,2025-07-13 13:15:55,300,0.08
2967,L09,#56,GW252/13600,(3)待机状态,3,2025-07-13 13:06:40,2025-07-13 13:10:55,255,0.07
2968,L09,#56,GW252/13600,(2)停机状态,2,2025-07-13 13:06:38,2025-07-13 13:06:40,2,0
2969,L09,#56,GW252/13600,(1)停机过程,1,2025-07-13 13:06:06,2025-07-13 13:06:38,32,0.01
2970,L09,#56,GW252/13600,(4)启机状态,4,2025-07-13 13:01:06,2025-07-13 13:06:06,300,0.08
2971,L09,#56,GW252/13600,(3)待机状态,3,2025-07-13 12:58:58,2025-07-13 13:01:06,128,0.04
2972,L09,#56,GW252/13600,(2)停机状态,2,2025-07-13 12:58:49,2025-07-13 12:58:58,9,0
2973,L09,#56,GW252/13600,(1)停机过程,1,2025-07-13 12:58:19,2025-07-13 12:58:49,30,0.01
2974,L09,#56,GW252/13600,(4)启机状态,4,2025-07-13 12:53:17,2025-07-13 12:58:19,302,0.08
2975,L09,#56,GW252/13600,(3)待机状态,3,2025-07-13 12:46:37,2025-07-13 12:53:17,400,0.11
2976,L09,#56,GW252/13600,(2)停机状态,2,2025-07-13 12:46:36,2025-07-13 12:46:37,1,0
2977,L09,#56,GW252/13600,(1)停机过程,1,2025-07-13 12:46:04,2025-07-13 12:46:36,32,0.01
2978,L09,#56,GW252/13600,(4)启机状态,4,2025-07-13 12:41:04,2025-07-13 12:46:04,300,0.08
2979,L09,#56,GW252/13600,(3)待机状态,3,2025-07-13 12:27:25,2025-07-13 12:41:04,819,0.23
2980,L09,#56,GW252/13600,(2)停机状态,2,2025-07-13 12:26:08,2025-07-13 12:27:25,77,0.02
2981,L09,#56,GW252/13600,(1)停机过程,1,2025-07-13 12:25:37,2025-07-13 12:26:08,31,0.01
2982,L09,#56,GW252/13600,(4)启机状态,4,2025-07-13 12:20:36,2025-07-13 12:25:37,301,0.08
2983,L09,#56,GW252/13600,(3)待机状态,3,2025-07-13 12:09:09,2025-07-13 12:20:36,687,0.19
2984,L09,#56,GW252/13600,(2)停机状态,2,2025-07-13 12:07:42,2025-07-13 12:09:09,87,0.02
2985,L09,#56,GW252/13600,(1)停机过程,1,2025-07-13 12:06:46,2025-07-13 12:07:42,56,0.02
2986,L09,#56,GW252/13600,(5)发电状态,5,2025-07-13 10:34:51,2025-07-13 12:06:46,5515,1.53
2987,L09,#56,GW252/13600,(4)启机状态,4,2025-07-13 10:31:10,2025-07-13 10:34:51,221,0.06
2988,L09,#56,GW252/13600,(3)待机状态,3,2025-07-13 10:29:54,2025-07-13 10:31:10,76,0.02
2989,L09,#56,GW252/13600,(2)停机状态,2,2025-07-13 10:29:53,2025-07-13 10:29:54,1,0
2990,L09,#56,GW252/13600,(1)停机过程,1,2025-07-13 10:29:21,2025-07-13 10:29:53,32,0.01
2991,L09,#56,GW252/13600,(4)启机状态,4,2025-07-13 10:24:21,2025-07-13 10:29:21,300,0.08
2992,L09,#56,GW252/13600,(3)待机状态,3,2025-07-13 10:23:08,2025-07-13 10:24:21,73,0.02
2993,L09,#56,GW252/13600,(2)停机状态,2,2025-07-13 10:23:06,2025-07-13 10:23:08,2,0
2994,L09,#56,GW252/13600,(1)停机过程,1,2025-07-13 10:22:34,2025-07-13 10:23:06,32,0.01
2995,L09,#56,GW252/13600,(4)启机状态,4,2025-07-13 10:17:34,2025-07-13 10:22:34,300,0.08
2996,L09,#56,GW252/13600,(3)待机状态,3,2025-07-13 10:16:31,2025-07-13 10:17:34,63,0.02
2997,L09,#56,GW252/13600,(2)停机状态,2,2025-07-13 10:16:30,2025-07-13 10:16:31,1,0
2998,L09,#56,GW252/13600,(1)停机过程,1,2025-07-13 10:15:59,2025-07-13 10:16:30,31,0.01
2999,L09,#56,GW252/13600,(4)启机状态,4,2025-07-13 10:10:59,2025-07-13 10:15:59,300,0.08
3000,L09,#56,GW252/13600,(3)待机状态,3,2025-07-13 10:09:55,2025-07-13 10:10:59,64,0.02
3001,L09,#56,GW252/13600,(2)停机状态,2,2025-07-13 10:09:53,2025-07-13 10:09:55,2,0
3002,L09,#56,GW252/13600,(1)停机过程,1,2025-07-13 10:09:22,2025-07-13 10:09:53,31,0.01
3003,L09,#56,GW252/13600,(4)启机状态,4,2025-07-13 10:04:22,2025-07-13 10:09:22,300,0.08
3004,L09,#56,GW252/13600,(3)待机状态,3,2025-07-13 10:03:19,2025-07-13 10:04:22,63,0.02
3005,L09,#56,GW252/13600,(2)停机状态,2,2025-07-13 10:03:17,2025-07-13 10:03:19,2,0
3006,L09,#56,GW252/13600,(1)停机过程,1,2025-07-13 10:02:45,2025-07-13 10:03:17,32,0.01
3007,L09,#56,GW252/13600,(4)启机状态,4,2025-07-13 09:57:45,2025-07-13 10:02:45,300,0.08
3008,L09,#56,GW252/13600,(3)待机状态,3,2025-07-13 09:56:46,2025-07-13 09:57:45,59,0.02
3009,L09,#56,GW252/13600,(1)停机过程,1,2025-07-13 09:56:13,2025-07-13 09:56:46,33,0.01
3010,L09,#56,GW252/13600,(4)启机状态,4,2025-07-13 09:51:14,2025-07-13 09:56:13,299,0.08
3011,L09,#56,GW252/13600,(3)待机状态,3,2025-07-13 09:49:41,2025-07-13 09:51:14,93,0.03
3012,L09,#56,GW252/13600,(1)停机过程,1,2025-07-13 09:49:09,2025-07-13 09:49:41,32,0.01
3013,L09,#56,GW252/13600,(4)启机状态,4,2025-07-13 09:44:08,2025-07-13 09:49:09,301,0.08
3014,L09,#56,GW252/13600,(3)待机状态,3,2025-07-13 09:42:56,2025-07-13 09:44:08,72,0.02
3015,L09,#56,GW252/13600,(2)停机状态,2,2025-07-13 09:42:54,2025-07-13 09:42:56,2,0
3016,L09,#56,GW252/13600,(1)停机过程,1,2025-07-13 09:42:23,2025-07-13 09:42:54,31,0.01
3017,L09,#56,GW252/13600,(4)启机状态,4,2025-07-13 09:37:23,2025-07-13 09:42:23,300,0.08
3018,L09,#56,GW252/13600,(3)待机状态,3,2025-07-13 09:36:06,2025-07-13 09:37:23,77,0.02
3019,L09,#56,GW252/13600,(2)停机状态,2,2025-07-13 09:36:04,2025-07-13 09:36:06,2,0
3020,L09,#56,GW252/13600,(1)停机过程,1,2025-07-13 09:35:33,2025-07-13 09:36:04,31,0.01
3021,L09,#56,GW252/13600,(4)启机状态,4,2025-07-13 09:30:33,2025-07-13 09:35:33,300,0.08
3022,L09,#56,GW252/13600,(3)待机状态,3,2025-07-13 09:25:21,2025-07-13 09:30:33,312,0.09
3023,L09,#56,GW252/13600,(2)停机状态,2,2025-07-13 09:24:19,2025-07-13 09:25:21,62,0.02
3024,L09,#56,GW252/13600,(1)停机过程,1,2025-07-13 09:23:47,2025-07-13 09:24:19,32,0.01
3025,L09,#56,GW252/13600,(4)启机状态,4,2025-07-13 09:18:46,2025-07-13 09:23:47,301,0.08
3026,L09,#56,GW252/13600,(3)待机状态,3,2025-07-13 09:16:34,2025-07-13 09:18:46,132,0.04
3027,L09,#56,GW252/13600,(2)停机状态,2,2025-07-13 09:16:33,2025-07-13 09:16:34,1,0
3028,L09,#56,GW252/13600,(1)停机过程,1,2025-07-13 09:16:02,2025-07-13 09:16:33,31,0.01
3029,L09,#56,GW252/13600,(4)启机状态,4,2025-07-13 09:11:01,2025-07-13 09:16:02,301,0.08
3030,L09,#56,GW252/13600,(3)待机状态,3,2025-07-13 09:01:11,2025-07-13 09:11:01,590,0.16
3031,L09,#56,GW252/13600,(2)停机状态,2,2025-07-13 08:58:51,2025-07-13 09:01:11,140,0.04
3032,L09,#56,GW252/13600,(1)停机过程,1,2025-07-13 08:58:19,2025-07-13 08:58:51,32,0.01
3033,L09,#56,GW252/13600,(4)启机状态,4,2025-07-13 08:53:19,2025-07-13 08:58:19,300,0.08
3034,L09,#56,GW252/13600,(3)待机状态,3,2025-07-13 08:51:41,2025-07-13 08:53:19,98,0.03
3035,L09,#56,GW252/13600,(2)停机状态,2,2025-07-13 08:51:39,2025-07-13 08:51:41,2,0
3036,L09,#56,GW252/13600,(1)停机过程,1,2025-07-13 08:51:07,2025-07-13 08:51:39,32,0.01
3037,L09,#56,GW252/13600,(4)启机状态,4,2025-07-13 08:46:08,2025-07-13 08:51:07,299,0.08
3038,L09,#56,GW252/13600,(3)待机状态,3,2025-07-13 08:45:03,2025-07-13 08:46:08,65,0.02
3039,L09,#56,GW252/13600,(2)停机状态,2,2025-07-13 08:45:02,2025-07-13 08:45:03,1,0
3040,L09,#56,GW252/13600,(1)停机过程,1,2025-07-13 08:44:30,2025-07-13 08:45:02,32,0.01
3041,L09,#56,GW252/13600,(4)启机状态,4,2025-07-13 08:39:30,2025-07-13 08:44:30,300,0.08
3042,L09,#56,GW252/13600,(3)待机状态,3,2025-07-13 08:38:26,2025-07-13 08:39:30,64,0.02
3043,L09,#56,GW252/13600,(1)停机过程,1,2025-07-13 08:37:54,2025-07-13 08:38:26,32,0.01
3044,L09,#56,GW252/13600,(4)启机状态,4,2025-07-13 08:32:54,2025-07-13 08:37:54,300,0.08
3045,L09,#56,GW252/13600,(3)待机状态,3,2025-07-13 08:31:54,2025-07-13 08:32:54,60,0.02
3046,L09,#56,GW252/13600,(2)停机状态,2,2025-07-13 08:31:53,2025-07-13 08:31:54,1,0
3047,L09,#56,GW252/13600,(1)停机过程,1,2025-07-13 08:31:22,2025-07-13 08:31:53,31,0.01
3048,L09,#56,GW252/13600,(4)启机状态,4,2025-07-13 08:26:22,2025-07-13 08:31:22,300,0.08
3049,L09,#56,GW252/13600,(3)待机状态,3,2025-07-13 08:24:54,2025-07-13 08:26:22,88,0.02
3050,L09,#56,GW252/13600,(2)停机状态,2,2025-07-13 08:24:52,2025-07-13 08:24:54,2,0
3051,L09,#56,GW252/13600,(1)停机过程,1,2025-07-13 08:24:21,2025-07-13 08:24:52,31,0.01
3052,L09,#56,GW252/13600,(4)启机状态,4,2025-07-13 08:19:20,2025-07-13 08:24:21,301,0.08
3053,L09,#56,GW252/13600,(3)待机状态,3,2025-07-13 08:18:19,2025-07-13 08:19:20,61,0.02
3054,L09,#56,GW252/13600,(2)停机状态,2,2025-07-13 08:18:18,2025-07-13 08:18:19,1,0
3055,L09,#56,GW252/13600,(1)停机过程,1,2025-07-13 08:17:45,2025-07-13 08:18:18,33,0.01
3056,L09,#56,GW252/13600,(4)启机状态,4,2025-07-13 08:12:45,2025-07-13 08:17:45,300,0.08
3057,L09,#56,GW252/13600,(3)待机状态,3,2025-07-13 08:11:16,2025-07-13 08:12:45,89,0.02
3058,L09,#56,GW252/13600,(2)停机状态,2,2025-07-13 08:11:15,2025-07-13 08:11:16,1,0
3059,L09,#56,GW252/13600,(1)停机过程,1,2025-07-13 08:10:43,2025-07-13 08:11:15,32,0.01
3060,L09,#56,GW252/13600,(4)启机状态,4,2025-07-13 08:05:43,2025-07-13 08:10:43,300,0.08
3061,L09,#56,GW252/13600,(3)待机状态,3,2025-07-13 08:03:25,2025-07-13 08:05:43,138,0.04
3062,L09,#56,GW252/13600,(2)停机状态,2,2025-07-13 08:01:58,2025-07-13 08:03:25,87,0.02
3063,L09,#56,GW252/13600,(1)停机过程,1,2025-07-13 08:01:28,2025-07-13 08:01:58,30,0.01
3064,L09,#56,GW252/13600,(4)启机状态,4,2025-07-13 07:56:27,2025-07-13 08:01:28,301,0.08
3065,L09,#56,GW252/13600,(3)待机状态,3,2025-07-13 07:50:03,2025-07-13 07:56:27,384,0.11
3066,L09,#56,GW252/13600,(2)停机状态,2,2025-07-13 07:50:02,2025-07-13 07:50:03,1,0
3067,L09,#56,GW252/13600,(1)停机过程,1,2025-07-13 07:49:08,2025-07-13 07:50:02,54,0.02
3068,L09,#56,GW252/13600,(5)发电状态,5,2025-07-13 03:14:18,2025-07-13 07:49:08,16490,4.58
3069,L09,#56,GW252/13600,(4)启机状态,4,2025-07-13 03:11:47,2025-07-13 03:14:18,151,0.04
3070,L09,#56,GW252/13600,(3)待机状态,3,2025-07-13 03:10:52,2025-07-13 03:11:47,55,0.02
3071,L09,#56,GW252/13600,(2)停机状态,2,2025-07-13 03:10:50,2025-07-13 03:10:52,2,0
3072,L09,#56,GW252/13600,(1)停机过程,1,2025-07-13 03:10:19,2025-07-13 03:10:50,31,0.01
3073,L09,#56,GW252/13600,(4)启机状态,4,2025-07-13 03:05:18,2025-07-13 03:10:19,301,0.08
3074,L09,#56,GW252/13600,(3)待机状态,3,2025-07-13 02:59:46,2025-07-13 03:05:18,332,0.09
3075,L09,#56,GW252/13600,(2)停机状态,2,2025-07-13 02:59:44,2025-07-13 02:59:46,2,0
3076,L09,#56,GW252/13600,(1)停机过程,1,2025-07-13 02:59:12,2025-07-13 02:59:44,32,0.01
3077,L09,#56,GW252/13600,(4)启机状态,4,2025-07-13 02:54:12,2025-07-13 02:59:12,300,0.08
3078,L09,#56,GW252/13600,(3)待机状态,3,2025-07-13 02:49:44,2025-07-13 02:54:12,268,0.07
3079,L09,#56,GW252/13600,(2)停机状态,2,2025-07-13 02:49:17,2025-07-13 02:49:44,27,0.01
3080,L09,#56,GW252/13600,(1)停机过程,1,2025-07-13 02:48:46,2025-07-13 02:49:17,31,0.01
3081,L09,#56,GW252/13600,(4)启机状态,4,2025-07-13 02:43:47,2025-07-13 02:48:46,299,0.08
3082,L09,#56,GW252/13600,(3)待机状态,3,2025-07-13 02:41:47,2025-07-13 02:43:47,120,0.03
3083,L09,#56,GW252/13600,(2)停机状态,2,2025-07-13 02:41:46,2025-07-13 02:41:47,1,0
3084,L09,#56,GW252/13600,(1)停机过程,1,2025-07-13 02:41:15,2025-07-13 02:41:46,31,0.01
3085,L09,#56,GW252/13600,(4)启机状态,4,2025-07-13 02:36:14,2025-07-13 02:41:15,301,0.08
3086,L09,#56,GW252/13600,(3)待机状态,3,2025-07-13 02:34:45,2025-07-13 02:36:14,89,0.02
3087,L09,#56,GW252/13600,(1)停机过程,1,2025-07-13 02:34:14,2025-07-13 02:34:45,31,0.01
3088,L09,#56,GW252/13600,(4)启机状态,4,2025-07-13 02:29:14,2025-07-13 02:34:14,300,0.08
3089,L09,#56,GW252/13600,(3)待机状态,3,2025-07-13 02:26:50,2025-07-13 02:29:14,144,0.04
3090,L09,#56,GW252/13600,(2)停机状态,2,2025-07-13 02:24:52,2025-07-13 02:26:50,118,0.03
3091,L09,#56,GW252/13600,(1)停机过程,1,2025-07-13 02:23:57,2025-07-13 02:24:52,55,0.02
3092,L09,#56,GW252/13600,(5)发电状态,5,2025-07-12 15:18:37,2025-07-13 02:23:57,39920,11.09
3093,L09,#56,GW252/13600,(4)启机状态,4,2025-07-12 15:14:57,2025-07-12 15:18:37,220,0.06
3094,L09,#56,GW252/13600,(3)待机状态,3,2025-07-12 15:13:55,2025-07-12 15:14:57,62,0.02
3095,L09,#56,GW252/13600,(2)停机状态,2,2025-07-12 15:13:53,2025-07-12 15:13:55,2,0
3096,L09,#56,GW252/13600,(1)停机过程,1,2025-07-12 15:13:21,2025-07-12 15:13:53,32,0.01
3097,L09,#56,GW252/13600,(4)启机状态,4,2025-07-12 15:08:22,2025-07-12 15:13:21,299,0.08
3098,L09,#56,GW252/13600,(3)待机状态,3,2025-07-12 15:06:47,2025-07-12 15:08:22,95,0.03
3099,L09,#56,GW252/13600,(2)停机状态,2,2025-07-12 15:06:45,2025-07-12 15:06:47,2,0
3100,L09,#56,GW252/13600,(1)停机过程,1,2025-07-12 15:06:13,2025-07-12 15:06:45,32,0.01
3101,L09,#56,GW252/13600,(4)启机状态,4,2025-07-12 15:01:13,2025-07-12 15:06:13,300,0.08
3102,L09,#56,GW252/13600,(3)待机状态,3,2025-07-12 14:58:38,2025-07-12 15:01:13,155,0.04
3103,L09,#56,GW252/13600,(2)停机状态,2,2025-07-12 14:58:37,2025-07-12 14:58:38,1,0
3104,L09,#56,GW252/13600,(1)停机过程,1,2025-07-12 14:58:05,2025-07-12 14:58:37,32,0.01
3105,L09,#56,GW252/13600,(4)启机状态,4,2025-07-12 14:53:05,2025-07-12 14:58:05,300,0.08
3106,L09,#56,GW252/13600,(3)待机状态,3,2025-07-12 14:02:45,2025-07-12 14:53:05,3020,0.84
3107,L09,#56,GW252/13600,(2)停机状态,2,2025-07-12 13:59:31,2025-07-12 14:02:45,194,0.05
3108,L09,#56,GW252/13600,(1)停机过程,1,2025-07-12 13:59:00,2025-07-12 13:59:31,31,0.01
3109,L09,#56,GW252/13600,(4)启机状态,4,2025-07-12 13:54:00,2025-07-12 13:59:00,300,0.08
3110,L09,#56,GW252/13600,(3)待机状态,3,2025-07-12 13:40:08,2025-07-12 13:54:00,832,0.23
3111,L09,#56,GW252/13600,(2)停机状态,2,2025-07-12 13:40:06,2025-07-12 13:40:08,2,0
3112,L09,#56,GW252/13600,(1)停机过程,1,2025-07-12 13:39:35,2025-07-12 13:40:06,31,0.01
3113,L09,#56,GW252/13600,(4)启机状态,4,2025-07-12 13:34:35,2025-07-12 13:39:35,300,0.08
3114,L09,#56,GW252/13600,(3)待机状态,3,2025-07-12 13:29:51,2025-07-12 13:34:35,284,0.08
3115,L09,#56,GW252/13600,(2)停机状态,2,2025-07-12 13:29:47,2025-07-12 13:29:51,4,0
3116,L09,#56,GW252/13600,(1)停机过程,1,2025-07-12 13:29:16,2025-07-12 13:29:47,31,0.01
3117,L09,#56,GW252/13600,(4)启机状态,4,2025-07-12 13:24:16,2025-07-12 13:29:16,300,0.08
3118,L09,#56,GW252/13600,(3)待机状态,3,2025-07-12 13:21:22,2025-07-12 13:24:16,174,0.05
3119,L09,#56,GW252/13600,(1)停机过程,1,2025-07-12 13:20:50,2025-07-12 13:21:22,32,0.01
3120,L09,#56,GW252/13600,(4)启机状态,4,2025-07-12 13:15:50,2025-07-12 13:20:50,300,0.08
3121,L09,#56,GW252/13600,(3)待机状态,3,2025-07-12 13:12:42,2025-07-12 13:15:50,188,0.05
3122,L09,#56,GW252/13600,(2)停机状态,2,2025-07-12 13:12:41,2025-07-12 13:12:42,1,0
3123,L09,#56,GW252/13600,(1)停机过程,1,2025-07-12 13:12:09,2025-07-12 13:12:41,32,0.01
3124,L09,#56,GW252/13600,(4)启机状态,4,2025-07-12 13:07:09,2025-07-12 13:12:09,300,0.08
3125,L09,#56,GW252/13600,(3)待机状态,3,2025-07-12 13:03:32,2025-07-12 13:07:09,217,0.06
3126,L09,#56,GW252/13600,(2)停机状态,2,2025-07-12 13:03:31,2025-07-12 13:03:32,1,0
3127,L09,#56,GW252/13600,(1)停机过程,1,2025-07-12 13:02:59,2025-07-12 13:03:31,32,0.01
3128,L09,#56,GW252/13600,(4)启机状态,4,2025-07-12 12:58:00,2025-07-12 13:02:59,299,0.08
3129,L09,#56,GW252/13600,(3)待机状态,3,2025-07-12 12:56:15,2025-07-12 12:58:00,105,0.03
3130,L09,#56,GW252/13600,(2)停机状态,2,2025-07-12 12:56:14,2025-07-12 12:56:15,1,0
3131,L09,#56,GW252/13600,(1)停机过程,1,2025-07-12 12:55:42,2025-07-12 12:56:14,32,0.01
3132,L09,#56,GW252/13600,(4)启机状态,4,2025-07-12 12:50:43,2025-07-12 12:55:42,299,0.08
3133,L09,#56,GW252/13600,(3)待机状态,3,2025-07-12 12:49:34,2025-07-12 12:50:43,69,0.02
3134,L09,#56,GW252/13600,(1)停机过程,1,2025-07-12 12:49:01,2025-07-12 12:49:34,33,0.01
3135,L09,#56,GW252/13600,(4)启机状态,4,2025-07-12 12:44:01,2025-07-12 12:49:01,300,0.08
3136,L09,#56,GW252/13600,(3)待机状态,3,2025-07-12 12:42:45,2025-07-12 12:44:01,76,0.02
3137,L09,#56,GW252/13600,(2)停机状态,2,2025-07-12 12:42:44,2025-07-12 12:42:45,1,0
3138,L09,#56,GW252/13600,(1)停机过程,1,2025-07-12 12:42:14,2025-07-12 12:42:44,30,0.01
3139,L09,#56,GW252/13600,(4)启机状态,4,2025-07-12 12:37:13,2025-07-12 12:42:14,301,0.08
3140,L09,#56,GW252/13600,(3)待机状态,3,2025-07-12 12:36:11,2025-07-12 12:37:13,62,0.02
3141,L09,#56,GW252/13600,(1)停机过程,1,2025-07-12 12:35:38,2025-07-12 12:36:11,33,0.01
3142,L09,#56,GW252/13600,(4)启机状态,4,2025-07-12 12:30:38,2025-07-12 12:35:38,300,0.08
3143,L09,#56,GW252/13600,(3)待机状态,3,2025-07-12 12:29:32,2025-07-12 12:30:38,66,0.02
3144,L09,#56,GW252/13600,(2)停机状态,2,2025-07-12 12:29:30,2025-07-12 12:29:32,2,0
3145,L09,#56,GW252/13600,(1)停机过程,1,2025-07-12 12:29:00,2025-07-12 12:29:30,30,0.01
3146,L09,#56,GW252/13600,(4)启机状态,4,2025-07-12 12:23:59,2025-07-12 12:29:00,301,0.08
3147,L09,#56,GW252/13600,(3)待机状态,3,2025-07-12 12:18:41,2025-07-12 12:23:59,318,0.09
3148,L09,#56,GW252/13600,(2)停机状态,2,2025-07-12 12:17:40,2025-07-12 12:18:41,61,0.02
3149,L09,#56,GW252/13600,(1)停机过程,1,2025-07-12 12:16:46,2025-07-12 12:17:40,54,0.02
3150,L09,#56,GW252/13600,(5)发电状态,5,2025-07-12 10:26:05,2025-07-12 12:16:46,6641,1.84
3151,L09,#56,GW252/13600,(4)启机状态,4,2025-07-12 10:23:41,2025-07-12 10:26:05,144,0.04
3152,L09,#56,GW252/13600,(3)待机状态,3,2025-07-12 10:22:35,2025-07-12 10:23:41,66,0.02
3153,L09,#56,GW252/13600,(2)停机状态,2,2025-07-12 10:22:34,2025-07-12 10:22:35,1,0
3154,L09,#56,GW252/13600,(1)停机过程,1,2025-07-12 10:22:04,2025-07-12 10:22:34,30,0.01
3155,L09,#56,GW252/13600,(4)启机状态,4,2025-07-12 10:17:04,2025-07-12 10:22:04,300,0.08
3156,L09,#56,GW252/13600,(3)待机状态,3,2025-07-12 10:15:56,2025-07-12 10:17:04,68,0.02
3157,L09,#56,GW252/13600,(2)停机状态,2,2025-07-12 10:15:54,2025-07-12 10:15:56,2,0
3158,L09,#56,GW252/13600,(1)停机过程,1,2025-07-12 10:15:23,2025-07-12 10:15:54,31,0.01
3159,L09,#56,GW252/13600,(4)启机状态,4,2025-07-12 10:10:22,2025-07-12 10:15:23,301,0.08
3160,L09,#56,GW252/13600,(3)待机状态,3,2025-07-12 10:09:06,2025-07-12 10:10:22,76,0.02
3161,L09,#56,GW252/13600,(1)停机过程,1,2025-07-12 10:08:35,2025-07-12 10:09:06,31,0.01
3162,L09,#56,GW252/13600,(4)启机状态,4,2025-07-12 10:03:35,2025-07-12 10:08:35,300,0.08
3163,L09,#56,GW252/13600,(3)待机状态,3,2025-07-12 10:02:06,2025-07-12 10:03:35,89,0.02
3164,L09,#56,GW252/13600,(2)停机状态,2,2025-07-12 10:02:05,2025-07-12 10:02:06,1,0
3165,L09,#56,GW252/13600,(1)停机过程,1,2025-07-12 10:01:34,2025-07-12 10:02:05,31,0.01
3166,L09,#56,GW252/13600,(4)启机状态,4,2025-07-12 09:56:33,2025-07-12 10:01:34,301,0.08
3167,L09,#56,GW252/13600,(3)待机状态,3,2025-07-12 09:54:33,2025-07-12 09:56:33,120,0.03
3168,L09,#56,GW252/13600,(2)停机状态,2,2025-07-12 09:54:32,2025-07-12 09:54:33,1,0
3169,L09,#56,GW252/13600,(1)停机过程,1,2025-07-12 09:54:01,2025-07-12 09:54:32,31,0.01
3170,L09,#56,GW252/13600,(4)启机状态,4,2025-07-12 09:49:01,2025-07-12 09:54:01,300,0.08
3171,L09,#56,GW252/13600,(3)待机状态,3,2025-07-12 09:47:18,2025-07-12 09:49:01,103,0.03
3172,L09,#56,GW252/13600,(2)停机状态,2,2025-07-12 09:47:16,2025-07-12 09:47:18,2,0
3173,L09,#56,GW252/13600,(1)停机过程,1,2025-07-12 09:46:45,2025-07-12 09:47:16,31,0.01
3174,L09,#56,GW252/13600,(4)启机状态,4,2025-07-12 09:41:45,2025-07-12 09:46:45,300,0.08
3175,L09,#56,GW252/13600,(3)待机状态,3,2025-07-12 09:40:09,2025-07-12 09:41:45,96,0.03
3176,L09,#56,GW252/13600,(2)停机状态,2,2025-07-12 09:40:07,2025-07-12 09:40:09,2,0
3177,L09,#56,GW252/13600,(1)停机过程,1,2025-07-12 09:39:36,2025-07-12 09:40:07,31,0.01
3178,L09,#56,GW252/13600,(4)启机状态,4,2025-07-12 09:34:36,2025-07-12 09:39:36,300,0.08
3179,L09,#56,GW252/13600,(3)待机状态,3,2025-07-12 09:33:09,2025-07-12 09:34:36,87,0.02
3180,L09,#56,GW252/13600,(2)停机状态,2,2025-07-12 09:33:08,2025-07-12 09:33:09,1,0
3181,L09,#56,GW252/13600,(1)停机过程,1,2025-07-12 09:32:37,2025-07-12 09:33:08,31,0.01
3182,L09,#56,GW252/13600,(4)启机状态,4,2025-07-12 09:27:37,2025-07-12 09:32:37,300,0.08
3183,L09,#56,GW252/13600,(3)待机状态,3,2025-07-12 09:26:22,2025-07-12 09:27:37,75,0.02
3184,L09,#56,GW252/13600,(2)停机状态,2,2025-07-12 09:26:20,2025-07-12 09:26:22,2,0
3185,L09,#56,GW252/13600,(1)停机过程,1,2025-07-12 09:25:49,2025-07-12 09:26:20,31,0.01
3186,L09,#56,GW252/13600,(4)启机状态,4,2025-07-12 09:20:49,2025-07-12 09:25:49,300,0.08
3187,L09,#56,GW252/13600,(3)待机状态,3,2025-07-12 09:12:30,2025-07-12 09:20:49,499,0.14
3188,L09,#56,GW252/13600,(2)停机状态,2,2025-07-12 09:12:29,2025-07-12 09:12:30,1,0
3189,L09,#56,GW252/13600,(1)停机过程,1,2025-07-12 09:11:58,2025-07-12 09:12:29,31,0.01
3190,L09,#56,GW252/13600,(4)启机状态,4,2025-07-12 09:06:58,2025-07-12 09:11:58,300,0.08
3191,L09,#56,GW252/13600,(3)待机状态,3,2025-07-12 09:04:34,2025-07-12 09:06:58,144,0.04
3192,L09,#56,GW252/13600,(2)停机状态,2,2025-07-12 09:02:13,2025-07-12 09:04:34,141,0.04
3193,L09,#56,GW252/13600,(1)停机过程,1,2025-07-12 09:01:41,2025-07-12 09:02:13,32,0.01
3194,L09,#56,GW252/13600,(4)启机状态,4,2025-07-12 08:56:41,2025-07-12 09:01:41,300,0.08
3195,L09,#56,GW252/13600,(3)待机状态,3,2025-07-12 08:54:56,2025-07-12 08:56:41,105,0.03
3196,L09,#56,GW252/13600,(2)停机状态,2,2025-07-12 08:54:55,2025-07-12 08:54:56,1,0
3197,L09,#56,GW252/13600,(1)停机过程,1,2025-07-12 08:54:23,2025-07-12 08:54:55,32,0.01
3198,L09,#56,GW252/13600,(4)启机状态,4,2025-07-12 08:49:23,2025-07-12 08:54:23,300,0.08
3199,L09,#56,GW252/13600,(3)待机状态,3,2025-07-12 08:47:49,2025-07-12 08:49:23,94,0.03
3200,L09,#56,GW252/13600,(2)停机状态,2,2025-07-12 08:47:47,2025-07-12 08:47:49,2,0
3201,L09,#56,GW252/13600,(1)停机过程,1,2025-07-12 08:47:16,2025-07-12 08:47:47,31,0.01
3202,L09,#56,GW252/13600,(4)启机状态,4,2025-07-12 08:42:16,2025-07-12 08:47:16,300,0.08
3203,L09,#56,GW252/13600,(3)待机状态,3,2025-07-12 08:41:14,2025-07-12 08:42:16,62,0.02
3204,L09,#56,GW252/13600,(2)停机状态,2,2025-07-12 08:41:12,2025-07-12 08:41:14,2,0
3205,L09,#56,GW252/13600,(1)停机过程,1,2025-07-12 08:40:41,2025-07-12 08:41:12,31,0.01
3206,L09,#56,GW252/13600,(4)启机状态,4,2025-07-12 08:35:41,2025-07-12 08:40:41,300,0.08
3207,L09,#56,GW252/13600,(3)待机状态,3,2025-07-12 08:29:47,2025-07-12 08:35:41,354,0.1
3208,L09,#56,GW252/13600,(2)停机状态,2,2025-07-12 08:28:00,2025-07-12 08:29:47,107,0.03
3209,L09,#56,GW252/13600,(1)停机过程,1,2025-07-12 08:27:05,2025-07-12 08:28:00,55,0.02
3210,L09,#56,GW252/13600,(5)发电状态,5,2025-07-12 08:01:00,2025-07-12 08:27:05,1565,0.43
3211,L09,#56,GW252/13600,(4)启机状态,4,2025-07-12 07:58:16,2025-07-12 08:01:00,164,0.05
3212,L09,#56,GW252/13600,(3)待机状态,3,2025-07-12 07:57:15,2025-07-12 07:58:16,61,0.02
3213,L09,#56,GW252/13600,(2)停机状态,2,2025-07-12 07:57:13,2025-07-12 07:57:15,2,0
3214,L09,#56,GW252/13600,(1)停机过程,1,2025-07-12 07:56:40,2025-07-12 07:57:13,33,0.01
3215,L09,#56,GW252/13600,(4)启机状态,4,2025-07-12 07:51:40,2025-07-12 07:56:40,300,0.08
3216,L09,#56,GW252/13600,(3)待机状态,3,2025-07-12 07:50:34,2025-07-12 07:51:40,66,0.02
3217,L09,#56,GW252/13600,(2)停机状态,2,2025-07-12 07:50:33,2025-07-12 07:50:34,1,0
3218,L09,#56,GW252/13600,(1)停机过程,1,2025-07-12 07:50:02,2025-07-12 07:50:33,31,0.01
3219,L09,#56,GW252/13600,(4)启机状态,4,2025-07-12 07:45:02,2025-07-12 07:50:02,300,0.08
3220,L09,#56,GW252/13600,(3)待机状态,3,2025-07-12 07:43:50,2025-07-12 07:45:02,72,0.02
3221,L09,#56,GW252/13600,(2)停机状态,2,2025-07-12 07:43:49,2025-07-12 07:43:50,1,0
3222,L09,#56,GW252/13600,(1)停机过程,1,2025-07-12 07:43:17,2025-07-12 07:43:49,32,0.01
3223,L09,#56,GW252/13600,(4)启机状态,4,2025-07-12 07:38:16,2025-07-12 07:43:17,301,0.08
3224,L09,#56,GW252/13600,(3)待机状态,3,2025-07-12 07:37:11,2025-07-12 07:38:16,65,0.02
3225,L09,#56,GW252/13600,(2)停机状态,2,2025-07-12 07:37:10,2025-07-12 07:37:11,1,0
3226,L09,#56,GW252/13600,(1)停机过程,1,2025-07-12 07:36:39,2025-07-12 07:37:10,31,0.01
3227,L09,#56,GW252/13600,(4)启机状态,4,2025-07-12 07:31:38,2025-07-12 07:36:39,301,0.08
3228,L09,#56,GW252/13600,(3)待机状态,3,2025-07-12 07:07:11,2025-07-12 07:31:38,1467,0.41
3229,L09,#56,GW252/13600,(2)停机状态,2,2025-07-12 07:07:10,2025-07-12 07:07:11,1,0
3230,L09,#56,GW252/13600,(1)停机过程,1,2025-07-12 07:06:39,2025-07-12 07:07:10,31,0.01
3231,L09,#56,GW252/13600,(4)启机状态,4,2025-07-12 07:01:39,2025-07-12 07:06:39,300,0.08
3232,L09,#56,GW252/13600,(3)待机状态,3,2025-07-12 06:23:35,2025-07-12 07:01:39,2284,0.63
3233,L09,#56,GW252/13600,(2)停机状态,2,2025-07-12 06:17:59,2025-07-12 06:23:35,336,0.09
3234,L09,#56,GW252/13600,(1)停机过程,1,2025-07-12 06:17:27,2025-07-12 06:17:59,32,0.01
3235,L09,#56,GW252/13600,(4)启机状态,4,2025-07-12 06:12:27,2025-07-12 06:17:27,300,0.08
3236,L09,#56,GW252/13600,(3)待机状态,3,2025-07-12 06:09:42,2025-07-12 06:12:27,165,0.05
3237,L09,#56,GW252/13600,(2)停机状态,2,2025-07-12 06:06:59,2025-07-12 06:09:42,163,0.05
3238,L09,#56,GW252/13600,(1)停机过程,1,2025-07-12 06:06:26,2025-07-12 06:06:59,33,0.01
3239,L09,#56,GW252/13600,(4)启机状态,4,2025-07-12 06:01:27,2025-07-12 06:06:26,299,0.08
3240,L09,#56,GW252/13600,(3)待机状态,3,2025-07-12 05:51:00,2025-07-12 06:01:27,627,0.17
3241,L09,#56,GW252/13600,(2)停机状态,2,2025-07-12 05:45:24,2025-07-12 05:51:00,336,0.09
3242,L09,#56,GW252/13600,(1)停机过程,1,2025-07-12 05:44:52,2025-07-12 05:45:24,32,0.01
3243,L09,#56,GW252/13600,(4)启机状态,4,2025-07-12 05:39:52,2025-07-12 05:44:52,300,0.08
3244,L09,#56,GW252/13600,(3)待机状态,3,2025-07-12 05:36:57,2025-07-12 05:39:52,175,0.05
3245,L09,#56,GW252/13600,(2)停机状态,2,2025-07-12 05:36:56,2025-07-12 05:36:57,1,0
3246,L09,#56,GW252/13600,(1)停机过程,1,2025-07-12 05:36:24,2025-07-12 05:36:56,32,0.01
3247,L09,#56,GW252/13600,(4)启机状态,4,2025-07-12 05:31:24,2025-07-12 05:36:24,300,0.08
3248,L09,#56,GW252/13600,(3)待机状态,3,2025-07-12 04:19:02,2025-07-12 05:31:24,4342,1.21
3249,L09,#56,GW252/13600,(2)停机状态,2,2025-07-12 04:13:25,2025-07-12 04:19:02,337,0.09
3250,L09,#56,GW252/13600,(1)停机过程,1,2025-07-12 04:12:53,2025-07-12 04:13:25,32,0.01
3251,L09,#56,GW252/13600,(4)启机状态,4,2025-07-12 04:07:53,2025-07-12 04:12:53,300,0.08
3252,L09,#56,GW252/13600,(3)待机状态,3,2025-07-12 04:06:29,2025-07-12 04:07:53,84,0.02
3253,L09,#56,GW252/13600,(2)停机状态,2,2025-07-12 03:16:55,2025-07-12 04:06:29,2974,0.83
3254,L09,#56,GW252/13600,(1)停机过程,1,2025-07-12 03:16:23,2025-07-12 03:16:55,32,0.01
3255,L09,#56,GW252/13600,(4)启机状态,4,2025-07-12 03:11:23,2025-07-12 03:16:23,300,0.08
3256,L09,#56,GW252/13600,(3)待机状态,3,2025-07-12 03:08:01,2025-07-12 03:11:23,202,0.06
3257,L09,#56,GW252/13600,(2)停机状态,2,2025-07-12 03:07:59,2025-07-12 03:08:01,2,0
3258,L09,#56,GW252/13600,(1)停机过程,1,2025-07-12 03:07:31,2025-07-12 03:07:59,28,0.01
3259,L09,#56,GW252/13600,(3)待机状态,3,2025-07-12 03:07:08,2025-07-12 03:07:31,23,0.01
3260,L09,#56,GW252/13600,(2)停机状态,2,2025-07-12 03:07:06,2025-07-12 03:07:08,2,0
3261,L09,#56,GW252/13600,(1)停机过程,1,2025-07-12 03:06:37,2025-07-12 03:07:06,29,0.01
3262,L09,#56,GW252/13600,(3)待机状态,3,2025-07-12 03:06:16,2025-07-12 03:06:37,21,0.01
3263,L09,#56,GW252/13600,(2)停机状态,2,2025-07-12 03:06:14,2025-07-12 03:06:16,2,0
3264,L09,#56,GW252/13600,(1)停机过程,1,2025-07-12 03:05:43,2025-07-12 03:06:14,31,0.01
3265,L09,#56,GW252/13600,(3)待机状态,3,2025-07-12 03:05:21,2025-07-12 03:05:43,22,0.01
3266,L09,#56,GW252/13600,(2)停机状态,2,2025-07-12 03:05:20,2025-07-12 03:05:21,1,0
3267,L09,#56,GW252/13600,(1)停机过程,1,2025-07-12 03:04:50,2025-07-12 03:05:20,30,0.01
3268,L09,#56,GW252/13600,(3)待机状态,3,2025-07-12 03:04:28,2025-07-12 03:04:50,22,0.01
3269,L09,#56,GW252/13600,(2)停机状态,2,2025-07-12 03:04:27,2025-07-12 03:04:28,1,0
3270,L09,#56,GW252/13600,(1)停机过程,1,2025-07-12 03:03:58,2025-07-12 03:04:27,29,0.01
3271,L09,#56,GW252/13600,(3)待机状态,3,2025-07-12 03:03:35,2025-07-12 03:03:58,23,0.01
3272,L09,#56,GW252/13600,(2)停机状态,2,2025-07-12 03:03:34,2025-07-12 03:03:35,1,0
3273,L09,#56,GW252/13600,(1)停机过程,1,2025-07-12 03:03:04,2025-07-12 03:03:34,30,0.01
3274,L09,#56,GW252/13600,(3)待机状态,3,2025-07-12 03:02:43,2025-07-12 03:03:04,21,0.01
3275,L09,#56,GW252/13600,(2)停机状态,2,2025-07-12 03:02:41,2025-07-12 03:02:43,2,0
3276,L09,#56,GW252/13600,(1)停机过程,1,2025-07-12 03:02:11,2025-07-12 03:02:41,30,0.01
3277,L09,#56,GW252/13600,(3)待机状态,3,2025-07-12 03:01:49,2025-07-12 03:02:11,22,0.01
3278,L09,#56,GW252/13600,(2)停机状态,2,2025-07-12 03:01:47,2025-07-12 03:01:49,2,0
3279,L09,#56,GW252/13600,(1)停机过程,1,2025-07-12 03:01:17,2025-07-12 03:01:47,30,0.01
3280,L09,#56,GW252/13600,(3)待机状态,3,2025-07-12 03:00:55,2025-07-12 03:01:17,22,0.01
3281,L09,#56,GW252/13600,(2)停机状态,2,2025-07-12 03:00:54,2025-07-12 03:00:55,1,0
3282,L09,#56,GW252/13600,(1)停机过程,1,2025-07-12 03:00:24,2025-07-12 03:00:54,30,0.01
3283,L09,#56,GW252/13600,(3)待机状态,3,2025-07-12 03:00:02,2025-07-12 03:00:24,22,0.01
3284,L09,#56,GW252/13600,(1)停机过程,1,2025-07-12 02:59:30,2025-07-12 03:00:02,32,0.01
3285,L09,#56,GW252/13600,(4)启机状态,4,2025-07-12 02:54:30,2025-07-12 02:59:30,300,0.08
3286,L09,#56,GW252/13600,(3)待机状态,3,2025-07-12 02:51:24,2025-07-12 02:54:30,186,0.05
3287,L09,#56,GW252/13600,(1)停机过程,1,2025-07-12 02:50:52,2025-07-12 02:51:24,32,0.01
3288,L09,#56,GW252/13600,(4)启机状态,4,2025-07-12 02:45:52,2025-07-12 02:50:52,300,0.08
3289,L09,#56,GW252/13600,(3)待机状态,3,2025-07-12 01:48:06,2025-07-12 02:45:52,3466,0.96
3290,L09,#56,GW252/13600,(2)停机状态,2,2025-07-12 01:47:23,2025-07-12 01:48:06,43,0.01
3291,L09,#56,GW252/13600,(1)停机过程,1,2025-07-12 01:46:51,2025-07-12 01:47:23,32,0.01
3292,L09,#56,GW252/13600,(4)启机状态,4,2025-07-12 01:41:51,2025-07-12 01:46:51,300,0.08
3293,L09,#56,GW252/13600,(3)待机状态,3,2025-07-12 01:38:48,2025-07-12 01:41:51,183,0.05
3294,L09,#56,GW252/13600,(2)停机状态,2,2025-07-12 01:38:47,2025-07-12 01:38:48,1,0
3295,L09,#56,GW252/13600,(1)停机过程,1,2025-07-12 01:38:16,2025-07-12 01:38:47,31,0.01
3296,L09,#56,GW252/13600,(4)启机状态,4,2025-07-12 01:33:17,2025-07-12 01:38:16,299,0.08
3297,L09,#56,GW252/13600,(3)待机状态,3,2025-07-12 01:22:14,2025-07-12 01:33:17,663,0.18
3298,L09,#56,GW252/13600,(2)停机状态,2,2025-07-12 01:16:36,2025-07-12 01:22:14,338,0.09
3299,L09,#56,GW252/13600,(1)停机过程,1,2025-07-12 01:15:41,2025-07-12 01:16:36,55,0.02
3300,L09,#56,GW252/13600,(5)发电状态,5,2025-07-12 00:44:19,2025-07-12 01:15:41,1882,0.52
3301,L09,#56,GW252/13600,(4)启机状态,4,2025-07-12 00:41:04,2025-07-12 00:44:19,195,0.05
3302,L09,#56,GW252/13600,(3)待机状态,3,2025-07-12 00:39:34,2025-07-12 00:41:04,90,0.03
3303,L09,#56,GW252/13600,(2)停机状态,2,2025-07-12 00:39:33,2025-07-12 00:39:34,1,0
3304,L09,#56,GW252/13600,(1)停机过程,1,2025-07-12 00:39:02,2025-07-12 00:39:33,31,0.01
3305,L09,#56,GW252/13600,(4)启机状态,4,2025-07-12 00:34:02,2025-07-12 00:39:02,300,0.08
3306,L09,#56,GW252/13600,(3)待机状态,3,2025-07-12 00:32:35,2025-07-12 00:34:02,87,0.02
3307,L09,#56,GW252/13600,(1)停机过程,1,2025-07-12 00:32:03,2025-07-12 00:32:35,32,0.01
3308,L09,#56,GW252/13600,(4)启机状态,4,2025-07-12 00:27:03,2025-07-12 00:32:03,300,0.08
3309,L09,#56,GW252/13600,(3)待机状态,3,2025-07-12 00:16:16,2025-07-12 00:27:03,647,0.18
3310,L09,#56,GW252/13600,(2)停机状态,2,2025-07-12 00:16:15,2025-07-12 00:16:16,1,0
3311,L09,#56,GW252/13600,(1)停机过程,1,2025-07-12 00:15:44,2025-07-12 00:16:15,31,0.01
3312,L09,#56,GW252/13600,(4)启机状态,4,2025-07-12 00:10:44,2025-07-12 00:15:44,300,0.08
3313,L09,#56,GW252/13600,(3)待机状态,3,2025-07-11 23:58:27,2025-07-12 00:10:44,737,0.2
3314,L09,#56,GW252/13600,(2)停机状态,2,2025-07-11 23:56:33,2025-07-11 23:58:27,114,0.03
3315,L09,#56,GW252/13600,(1)停机过程,1,2025-07-11 23:56:02,2025-07-11 23:56:33,31,0.01
3316,L09,#56,GW252/13600,(4)启机状态,4,2025-07-11 23:51:02,2025-07-11 23:56:02,300,0.08
3317,L09,#56,GW252/13600,(3)待机状态,3,2025-07-11 23:29:02,2025-07-11 23:51:02,1320,0.37
3318,L09,#56,GW252/13600,(1)停机过程,1,2025-07-11 23:28:31,2025-07-11 23:29:02,31,0.01
3319,L09,#56,GW252/13600,(4)启机状态,4,2025-07-11 23:23:30,2025-07-11 23:28:31,301,0.08
3320,L09,#56,GW252/13600,(3)待机状态,3,2025-07-11 23:21:54,2025-07-11 23:23:30,96,0.03
3321,L09,#56,GW252/13600,(2)停机状态,2,2025-07-11 23:21:52,2025-07-11 23:21:54,2,0
3322,L09,#56,GW252/13600,(1)停机过程,1,2025-07-11 23:21:21,2025-07-11 23:21:52,31,0.01
3323,L09,#56,GW252/13600,(4)启机状态,4,2025-07-11 23:16:21,2025-07-11 23:21:21,300,0.08
3324,L09,#56,GW252/13600,(3)待机状态,3,2025-07-11 23:13:51,2025-07-11 23:16:21,150,0.04
3325,L09,#56,GW252/13600,(2)停机状态,2,2025-07-11 23:12:16,2025-07-11 23:13:51,95,0.03
3326,L09,#56,GW252/13600,(1)停机过程,1,2025-07-11 23:11:45,2025-07-11 23:12:16,31,0.01
3327,L09,#56,GW252/13600,(4)启机状态,4,2025-07-11 23:06:45,2025-07-11 23:11:45,300,0.08
3328,L09,#56,GW252/13600,(3)待机状态,3,2025-07-11 23:04:31,2025-07-11 23:06:45,134,0.04
3329,L09,#56,GW252/13600,(2)停机状态,2,2025-07-11 23:02:56,2025-07-11 23:04:31,95,0.03
3330,L09,#56,GW252/13600,(1)停机过程,1,2025-07-11 23:02:25,2025-07-11 23:02:56,31,0.01
3331,L09,#56,GW252/13600,(4)启机状态,4,2025-07-11 22:57:25,2025-07-11 23:02:25,300,0.08
3332,L09,#56,GW252/13600,(3)待机状态,3,2025-07-11 22:50:15,2025-07-11 22:57:25,430,0.12
3333,L09,#56,GW252/13600,(2)停机状态,2,2025-07-11 22:49:46,2025-07-11 22:50:15,29,0.01
3334,L09,#56,GW252/13600,(1)停机过程,1,2025-07-11 22:49:14,2025-07-11 22:49:46,32,0.01
3335,L09,#56,GW252/13600,(4)启机状态,4,2025-07-11 22:44:14,2025-07-11 22:49:14,300,0.08
3336,L09,#56,GW252/13600,(3)待机状态,3,2025-07-11 22:40:44,2025-07-11 22:44:14,210,0.06
3337,L09,#56,GW252/13600,(2)停机状态,2,2025-07-11 22:38:21,2025-07-11 22:40:44,143,0.04
3338,L09,#56,GW252/13600,(1)停机过程,1,2025-07-11 22:37:26,2025-07-11 22:38:21,55,0.02
3339,L09,#56,GW252/13600,(5)发电状态,5,2025-07-11 21:27:16,2025-07-11 22:37:26,4210,1.17
3340,L09,#56,GW252/13600,(4)启机状态,4,2025-07-11 21:22:57,2025-07-11 21:27:16,259,0.07
3341,L09,#56,GW252/13600,(3)待机状态,3,2025-07-11 21:21:59,2025-07-11 21:22:57,58,0.02
3342,L09,#56,GW252/13600,(2)停机状态,2,2025-07-11 21:21:56,2025-07-11 21:21:59,3,0
3343,L09,#56,GW252/13600,(1)停机过程,1,2025-07-11 21:21:25,2025-07-11 21:21:56,31,0.01
3344,L09,#56,GW252/13600,(4)启机状态,4,2025-07-11 21:16:24,2025-07-11 21:21:25,301,0.08
3345,L09,#56,GW252/13600,(3)待机状态,3,2025-07-11 21:15:14,2025-07-11 21:16:24,70,0.02
3346,L09,#56,GW252/13600,(2)停机状态,2,2025-07-11 21:15:13,2025-07-11 21:15:14,1,0
3347,L09,#56,GW252/13600,(1)停机过程,1,2025-07-11 21:14:42,2025-07-11 21:15:13,31,0.01
3348,L09,#56,GW252/13600,(4)启机状态,4,2025-07-11 21:09:42,2025-07-11 21:14:42,300,0.08
3349,L09,#56,GW252/13600,(3)待机状态,3,2025-07-11 21:08:26,2025-07-11 21:09:42,76,0.02
3350,L09,#56,GW252/13600,(2)停机状态,2,2025-07-11 21:08:25,2025-07-11 21:08:26,1,0
3351,L09,#56,GW252/13600,(1)停机过程,1,2025-07-11 21:07:54,2025-07-11 21:08:25,31,0.01
3352,L09,#56,GW252/13600,(4)启机状态,4,2025-07-11 21:02:55,2025-07-11 21:07:54,299,0.08
3353,L09,#56,GW252/13600,(3)待机状态,3,2025-07-11 20:59:06,2025-07-11 21:02:55,229,0.06
3354,L09,#56,GW252/13600,(2)停机状态,2,2025-07-11 20:59:04,2025-07-11 20:59:06,2,0
3355,L09,#56,GW252/13600,(1)停机过程,1,2025-07-11 20:58:32,2025-07-11 20:59:04,32,0.01
3356,L09,#56,GW252/13600,(4)启机状态,4,2025-07-11 20:53:32,2025-07-11 20:58:32,300,0.08
3357,L09,#56,GW252/13600,(3)待机状态,3,2025-07-11 20:51:23,2025-07-11 20:53:32,129,0.04
3358,L09,#56,GW252/13600,(1)停机过程,1,2025-07-11 20:50:52,2025-07-11 20:51:23,31,0.01
3359,L09,#56,GW252/13600,(4)启机状态,4,2025-07-11 20:45:52,2025-07-11 20:50:52,300,0.08
3360,L09,#56,GW252/13600,(3)待机状态,3,2025-07-11 20:42:53,2025-07-11 20:45:52,179,0.05
3361,L09,#56,GW252/13600,(2)停机状态,2,2025-07-11 20:42:52,2025-07-11 20:42:53,1,0
3362,L09,#56,GW252/13600,(1)停机过程,1,2025-07-11 20:42:22,2025-07-11 20:42:52,30,0.01
3363,L09,#56,GW252/13600,(4)启机状态,4,2025-07-11 20:37:22,2025-07-11 20:42:22,300,0.08
3364,L09,#56,GW252/13600,(3)待机状态,3,2025-07-11 20:32:41,2025-07-11 20:37:22,281,0.08
3365,L09,#56,GW252/13600,(2)停机状态,2,2025-07-11 20:31:16,2025-07-11 20:32:41,85,0.02
3366,L09,#56,GW252/13600,(1)停机过程,1,2025-07-11 20:30:43,2025-07-11 20:31:16,33,0.01
3367,L09,#56,GW252/13600,(4)启机状态,4,2025-07-11 20:25:42,2025-07-11 20:30:43,301,0.08
3368,L09,#56,GW252/13600,(3)待机状态,3,2025-07-11 20:24:20,2025-07-11 20:25:42,82,0.02
3369,L09,#56,GW252/13600,(1)停机过程,1,2025-07-11 20:23:49,2025-07-11 20:24:20,31,0.01
3370,L09,#56,GW252/13600,(4)启机状态,4,2025-07-11 20:18:48,2025-07-11 20:23:49,301,0.08
3371,L09,#56,GW252/13600,(3)待机状态,3,2025-07-11 19:54:11,2025-07-11 20:18:48,1477,0.41
3372,L09,#56,GW252/13600,(2)停机状态,2,2025-07-11 19:54:10,2025-07-11 19:54:11,1,0
3373,L09,#56,GW252/13600,(1)停机过程,1,2025-07-11 19:53:40,2025-07-11 19:54:10,30,0.01
3374,L09,#56,GW252/13600,(4)启机状态,4,2025-07-11 19:48:40,2025-07-11 19:53:40,300,0.08
3375,L09,#56,GW252/13600,(3)待机状态,3,2025-07-11 19:46:46,2025-07-11 19:48:40,114,0.03
3376,L09,#56,GW252/13600,(2)停机状态,2,2025-07-11 19:46:44,2025-07-11 19:46:46,2,0
3377,L09,#56,GW252/13600,(1)停机过程,1,2025-07-11 19:46:13,2025-07-11 19:46:44,31,0.01
3378,L09,#56,GW252/13600,(4)启机状态,4,2025-07-11 19:41:13,2025-07-11 19:46:13,300,0.08
3379,L09,#56,GW252/13600,(3)待机状态,3,2025-07-11 19:38:21,2025-07-11 19:41:13,172,0.05
3380,L09,#56,GW252/13600,(2)停机状态,2,2025-07-11 19:38:20,2025-07-11 19:38:21,1,0
3381,L09,#56,GW252/13600,(1)停机过程,1,2025-07-11 19:37:48,2025-07-11 19:38:20,32,0.01
3382,L09,#56,GW252/13600,(4)启机状态,4,2025-07-11 19:32:48,2025-07-11 19:37:48,300,0.08
3383,L09,#56,GW252/13600,(3)待机状态,3,2025-07-11 19:29:52,2025-07-11 19:32:48,176,0.05
3384,L09,#56,GW252/13600,(2)停机状态,2,2025-07-11 19:28:46,2025-07-11 19:29:52,66,0.02
3385,L09,#56,GW252/13600,(1)停机过程,1,2025-07-11 19:28:14,2025-07-11 19:28:46,32,0.01
3386,L09,#56,GW252/13600,(4)启机状态,4,2025-07-11 19:23:14,2025-07-11 19:28:14,300,0.08
3387,L09,#56,GW252/13600,(3)待机状态,3,2025-07-11 19:22:01,2025-07-11 19:23:14,73,0.02
3388,L09,#56,GW252/13600,(2)停机状态,2,2025-07-11 19:22:00,2025-07-11 19:22:01,1,0
3389,L09,#56,GW252/13600,(1)停机过程,1,2025-07-11 19:21:29,2025-07-11 19:22:00,31,0.01
3390,L09,#56,GW252/13600,(4)启机状态,4,2025-07-11 19:16:29,2025-07-11 19:21:29,300,0.08
3391,L09,#56,GW252/13600,(3)待机状态,3,2025-07-11 19:02:52,2025-07-11 19:16:29,817,0.23
3392,L09,#56,GW252/13600,(2)停机状态,2,2025-07-11 19:01:31,2025-07-11 19:02:52,81,0.02
3393,L09,#56,GW252/13600,(1)停机过程,1,2025-07-11 19:00:59,2025-07-11 19:01:31,32,0.01
3394,L09,#56,GW252/13600,(4)启机状态,4,2025-07-11 18:55:59,2025-07-11 19:00:59,300,0.08
3395,L09,#56,GW252/13600,(3)待机状态,3,2025-07-11 18:54:38,2025-07-11 18:55:59,81,0.02
3396,L09,#56,GW252/13600,(2)停机状态,2,2025-07-11 18:54:37,2025-07-11 18:54:38,1,0
3397,L09,#56,GW252/13600,(1)停机过程,1,2025-07-11 18:54:06,2025-07-11 18:54:37,31,0.01
3398,L09,#56,GW252/13600,(4)启机状态,4,2025-07-11 18:49:06,2025-07-11 18:54:06,300,0.08
3399,L09,#56,GW252/13600,(3)待机状态,3,2025-07-11 18:46:13,2025-07-11 18:49:06,173,0.05
3400,L09,#56,GW252/13600,(2)停机状态,2,2025-07-11 18:46:07,2025-07-11 18:46:13,6,0
3401,L09,#56,GW252/13600,(1)停机过程,1,2025-07-11 18:45:36,2025-07-11 18:46:07,31,0.01
3402,L09,#56,GW252/13600,(4)启机状态,4,2025-07-11 18:40:36,2025-07-11 18:45:36,300,0.08
3403,L09,#56,GW252/13600,(3)待机状态,3,2025-07-11 18:38:31,2025-07-11 18:40:36,125,0.03
3404,L09,#56,GW252/13600,(2)停机状态,2,2025-07-11 18:37:39,2025-07-11 18:38:31,52,0.01
3405,L09,#56,GW252/13600,(1)停机过程,1,2025-07-11 18:37:07,2025-07-11 18:37:39,32,0.01
3406,L09,#56,GW252/13600,(4)启机状态,4,2025-07-11 18:32:07,2025-07-11 18:37:07,300,0.08
3407,L09,#56,GW252/13600,(3)待机状态,3,2025-07-11 18:25:07,2025-07-11 18:32:07,420,0.12
3408,L09,#56,GW252/13600,(2)停机状态,2,2025-07-11 18:25:06,2025-07-11 18:25:07,1,0
3409,L09,#56,GW252/13600,(1)停机过程,1,2025-07-11 18:24:34,2025-07-11 18:25:06,32,0.01
3410,L09,#56,GW252/13600,(4)启机状态,4,2025-07-11 18:19:34,2025-07-11 18:24:34,300,0.08
3411,L09,#56,GW252/13600,(3)待机状态,3,2025-07-11 18:12:53,2025-07-11 18:19:34,401,0.11
3412,L09,#56,GW252/13600,(2)停机状态,2,2025-07-11 18:10:32,2025-07-11 18:12:53,141,0.04
3413,L09,#56,GW252/13600,(1)停机过程,1,2025-07-11 18:10:00,2025-07-11 18:10:32,32,0.01
3414,L09,#56,GW252/13600,(4)启机状态,4,2025-07-11 18:05:00,2025-07-11 18:10:00,300,0.08
3415,L09,#56,GW252/13600,(3)待机状态,3,2025-07-11 17:51:52,2025-07-11 18:05:00,788,0.22
3416,L09,#56,GW252/13600,(2)停机状态,2,2025-07-11 17:51:23,2025-07-11 17:51:52,29,0.01
3417,L09,#56,GW252/13600,(1)停机过程,1,2025-07-11 17:50:51,2025-07-11 17:51:23,32,0.01
3418,L09,#56,GW252/13600,(4)启机状态,4,2025-07-11 17:45:51,2025-07-11 17:50:51,300,0.08
3419,L09,#56,GW252/13600,(3)待机状态,3,2025-07-11 17:38:48,2025-07-11 17:45:51,423,0.12
3420,L09,#56,GW252/13600,(2)停机状态,2,2025-07-11 17:38:47,2025-07-11 17:38:48,1,0
3421,L09,#56,GW252/13600,(1)停机过程,1,2025-07-11 17:38:14,2025-07-11 17:38:47,33,0.01
3422,L09,#56,GW252/13600,(4)启机状态,4,2025-07-11 17:33:14,2025-07-11 17:38:14,300,0.08
3423,L09,#56,GW252/13600,(3)待机状态,3,2025-07-11 17:31:51,2025-07-11 17:33:14,83,0.02
3424,L09,#56,GW252/13600,(2)停机状态,2,2025-07-11 17:31:48,2025-07-11 17:31:51,3,0
3425,L09,#56,GW252/13600,(1)停机过程,1,2025-07-11 17:31:17,2025-07-11 17:31:48,31,0.01
3426,L09,#56,GW252/13600,(4)启机状态,4,2025-07-11 17:26:17,2025-07-11 17:31:17,300,0.08
3427,L09,#56,GW252/13600,(3)待机状态,3,2025-07-11 17:25:04,2025-07-11 17:26:17,73,0.02
3428,L09,#56,GW252/13600,(2)停机状态,2,2025-07-11 17:25:03,2025-07-11 17:25:04,1,0
3429,L09,#56,GW252/13600,(1)停机过程,1,2025-07-11 17:24:31,2025-07-11 17:25:03,32,0.01
3430,L09,#56,GW252/13600,(4)启机状态,4,2025-07-11 17:19:31,2025-07-11 17:24:31,300,0.08
3431,L09,#56,GW252/13600,(3)待机状态,3,2025-07-11 17:18:18,2025-07-11 17:19:31,73,0.02
3432,L09,#56,GW252/13600,(2)停机状态,2,2025-07-11 17:18:16,2025-07-11 17:18:18,2,0
3433,L09,#56,GW252/13600,(1)停机过程,1,2025-07-11 17:17:43,2025-07-11 17:18:16,33,0.01
3434,L09,#56,GW252/13600,(4)启机状态,4,2025-07-11 17:12:43,2025-07-11 17:17:43,300,0.08
3435,L09,#56,GW252/13600,(3)待机状态,3,2025-07-11 17:11:33,2025-07-11 17:12:43,70,0.02
3436,L09,#56,GW252/13600,(2)停机状态,2,2025-07-11 17:11:31,2025-07-11 17:11:33,2,0
3437,L09,#56,GW252/13600,(1)停机过程,1,2025-07-11 17:11:01,2025-07-11 17:11:31,30,0.01
3438,L09,#56,GW252/13600,(4)启机状态,4,2025-07-11 17:06:01,2025-07-11 17:11:01,300,0.08
3439,L09,#56,GW252/13600,(3)待机状态,3,2025-07-11 17:03:26,2025-07-11 17:06:01,155,0.04
3440,L09,#56,GW252/13600,(2)停机状态,2,2025-07-11 17:03:21,2025-07-11 17:03:26,5,0
3441,L09,#56,GW252/13600,(1)停机过程,1,2025-07-11 17:02:50,2025-07-11 17:03:21,31,0.01
3442,L09,#56,GW252/13600,(4)启机状态,4,2025-07-11 16:57:50,2025-07-11 17:02:50,300,0.08
3443,L09,#56,GW252/13600,(3)待机状态,3,2025-07-11 10:56:06,2025-07-11 16:57:50,21704,6.03
3444,L09,#56,GW252/13600,(2)停机状态,2,2025-07-11 10:56:05,2025-07-11 10:56:06,1,0
3445,L09,#56,GW252/13600,(1)停机过程,1,2025-07-11 10:55:35,2025-07-11 10:56:05,30,0.01
3446,L09,#56,GW252/13600,(4)启机状态,4,2025-07-11 10:50:35,2025-07-11 10:55:35,300,0.08
3447,L09,#56,GW252/13600,(3)待机状态,3,2025-07-11 05:49:54,2025-07-11 10:50:35,18041,5.01
3448,L09,#56,GW252/13600,(2)停机状态,2,2025-07-11 05:49:28,2025-07-11 05:49:54,26,0.01
3449,L09,#56,GW252/13600,(1)停机过程,1,2025-07-11 05:48:56,2025-07-11 05:49:28,32,0.01
3450,L09,#56,GW252/13600,(4)启机状态,4,2025-07-11 05:43:57,2025-07-11 05:48:56,299,0.08
3451,L09,#56,GW252/13600,(3)待机状态,3,2025-07-11 05:31:45,2025-07-11 05:43:57,732,0.2
3452,L09,#56,GW252/13600,(2)停机状态,2,2025-07-11 05:29:47,2025-07-11 05:31:45,118,0.03
3453,L09,#56,GW252/13600,(1)停机过程,1,2025-07-11 05:29:16,2025-07-11 05:29:47,31,0.01
3454,L09,#56,GW252/13600,(4)启机状态,4,2025-07-11 05:24:15,2025-07-11 05:29:16,301,0.08
3455,L09,#56,GW252/13600,(3)待机状态,3,2025-07-11 05:17:57,2025-07-11 05:24:15,378,0.11
3456,L09,#56,GW252/13600,(1)停机过程,1,2025-07-11 05:17:26,2025-07-11 05:17:57,31,0.01
3457,L09,#56,GW252/13600,(4)启机状态,4,2025-07-11 05:12:26,2025-07-11 05:17:26,300,0.08
3458,L09,#56,GW252/13600,(3)待机状态,3,2025-07-11 05:11:07,2025-07-11 05:12:26,79,0.02
3459,L09,#56,GW252/13600,(2)停机状态,2,2025-07-11 05:11:06,2025-07-11 05:11:07,1,0
3460,L09,#56,GW252/13600,(1)停机过程,1,2025-07-11 05:10:33,2025-07-11 05:11:06,33,0.01
3461,L09,#56,GW252/13600,(4)启机状态,4,2025-07-11 05:05:33,2025-07-11 05:10:33,300,0.08
3462,L09,#56,GW252/13600,(3)待机状态,3,2025-07-11 05:04:32,2025-07-11 05:05:33,61,0.02
3463,L09,#56,GW252/13600,(2)停机状态,2,2025-07-11 05:04:31,2025-07-11 05:04:32,1,0
3464,L09,#56,GW252/13600,(1)停机过程,1,2025-07-11 05:04:00,2025-07-11 05:04:31,31,0.01
3465,L09,#56,GW252/13600,(4)启机状态,4,2025-07-11 04:59:00,2025-07-11 05:04:00,300,0.08
3466,L09,#56,GW252/13600,(3)待机状态,3,2025-07-11 04:58:04,2025-07-11 04:59:00,56,0.02
3467,L09,#56,GW252/13600,(2)停机状态,2,2025-07-11 04:58:03,2025-07-11 04:58:04,1,0
3468,L09,#56,GW252/13600,(1)停机过程,1,2025-07-11 04:57:32,2025-07-11 04:58:03,31,0.01
3469,L09,#56,GW252/13600,(4)启机状态,4,2025-07-11 04:52:30,2025-07-11 04:57:32,302,0.08
3470,L09,#56,GW252/13600,(3)待机状态,3,2025-07-11 04:48:17,2025-07-11 04:52:30,253,0.07
3471,L09,#56,GW252/13600,(2)停机状态,2,2025-07-11 04:48:14,2025-07-11 04:48:17,3,0
3472,L09,#56,GW252/13600,(1)停机过程,1,2025-07-11 04:47:43,2025-07-11 04:48:14,31,0.01
3473,L09,#56,GW252/13600,(4)启机状态,4,2025-07-11 04:42:42,2025-07-11 04:47:43,301,0.08
3474,L09,#56,GW252/13600,(3)待机状态,3,2025-07-11 04:39:45,2025-07-11 04:42:42,177,0.05
3475,L09,#56,GW252/13600,(2)停机状态,2,2025-07-11 04:39:38,2025-07-11 04:39:45,7,0
3476,L09,#56,GW252/13600,(1)停机过程,1,2025-07-11 04:39:05,2025-07-11 04:39:38,33,0.01
3477,L09,#56,GW252/13600,(4)启机状态,4,2025-07-11 04:34:05,2025-07-11 04:39:05,300,0.08
3478,L09,#56,GW252/13600,(3)待机状态,3,2025-07-11 04:33:01,2025-07-11 04:34:05,64,0.02
3479,L09,#56,GW252/13600,(2)停机状态,2,2025-07-11 04:32:36,2025-07-11 04:33:01,25,0.01
3480,L09,#56,GW252/13600,(1)停机过程,1,2025-07-11 04:32:05,2025-07-11 04:32:36,31,0.01
3481,L09,#56,GW252/13600,(4)启机状态,4,2025-07-11 04:27:04,2025-07-11 04:32:05,301,0.08
3482,L09,#56,GW252/13600,(3)待机状态,3,2025-07-11 04:26:01,2025-07-11 04:27:04,63,0.02
3483,L09,#56,GW252/13600,(2)停机状态,2,2025-07-11 04:25:36,2025-07-11 04:26:01,25,0.01
3484,L09,#56,GW252/13600,(1)停机过程,1,2025-07-11 04:25:05,2025-07-11 04:25:36,31,0.01
3485,L09,#56,GW252/13600,(4)启机状态,4,2025-07-11 04:20:05,2025-07-11 04:25:05,300,0.08
3486,L09,#56,GW252/13600,(3)待机状态,3,2025-07-11 04:18:45,2025-07-11 04:20:05,80,0.02
3487,L09,#56,GW252/13600,(2)停机状态,2,2025-07-11 04:18:44,2025-07-11 04:18:45,1,0
3488,L09,#56,GW252/13600,(1)停机过程,1,2025-07-11 04:18:12,2025-07-11 04:18:44,32,0.01
3489,L09,#56,GW252/13600,(4)启机状态,4,2025-07-11 04:13:12,2025-07-11 04:18:12,300,0.08
3490,L09,#56,GW252/13600,(3)待机状态,3,2025-07-11 04:11:57,2025-07-11 04:13:12,75,0.02
3491,L09,#56,GW252/13600,(2)停机状态,2,2025-07-11 04:11:56,2025-07-11 04:11:57,1,0
3492,L09,#56,GW252/13600,(1)停机过程,1,2025-07-11 04:11:25,2025-07-11 04:11:56,31,0.01
3493,L09,#56,GW252/13600,(4)启机状态,4,2025-07-11 04:06:24,2025-07-11 04:11:25,301,0.08
3494,L09,#56,GW252/13600,(3)待机状态,3,2025-07-11 04:04:58,2025-07-11 04:06:24,86,0.02
3495,L09,#56,GW252/13600,(2)停机状态,2,2025-07-11 04:04:57,2025-07-11 04:04:58,1,0
3496,L09,#56,GW252/13600,(1)停机过程,1,2025-07-11 04:04:25,2025-07-11 04:04:57,32,0.01
3497,L09,#56,GW252/13600,(4)启机状态,4,2025-07-11 03:59:25,2025-07-11 04:04:25,300,0.08
3498,L09,#56,GW252/13600,(3)待机状态,3,2025-07-11 03:57:14,2025-07-11 03:59:25,131,0.04
3499,L09,#56,GW252/13600,(1)停机过程,1,2025-07-11 03:56:41,2025-07-11 03:57:14,33,0.01
3500,L09,#56,GW252/13600,(4)启机状态,4,2025-07-11 03:51:42,2025-07-11 03:56:41,299,0.08
3501,L09,#56,GW252/13600,(3)待机状态,3,2025-07-11 03:50:15,2025-07-11 03:51:42,87,0.02
3502,L09,#56,GW252/13600,(2)停机状态,2,2025-07-11 03:49:51,2025-07-11 03:50:15,24,0.01
3503,L09,#56,GW252/13600,(1)停机过程,1,2025-07-11 03:49:19,2025-07-11 03:49:51,32,0.01
3504,L09,#56,GW252/13600,(4)启机状态,4,2025-07-11 03:44:19,2025-07-11 03:49:19,300,0.08
3505,L09,#56,GW252/13600,(3)待机状态,3,2025-07-11 03:41:05,2025-07-11 03:44:19,194,0.05
3506,L09,#56,GW252/13600,(2)停机状态,2,2025-07-11 03:41:03,2025-07-11 03:41:05,2,0
3507,L09,#56,GW252/13600,(1)停机过程,1,2025-07-11 03:40:32,2025-07-11 03:41:03,31,0.01
3508,L09,#56,GW252/13600,(4)启机状态,4,2025-07-11 03:35:32,2025-07-11 03:40:32,300,0.08
3509,L09,#56,GW252/13600,(3)待机状态,3,2025-07-11 03:23:08,2025-07-11 03:35:32,744,0.21
3510,L09,#56,GW252/13600,(2)停机状态,2,2025-07-11 03:23:07,2025-07-11 03:23:08,1,0
3511,L09,#56,GW252/13600,(1)停机过程,1,2025-07-11 03:22:35,2025-07-11 03:23:07,32,0.01
3512,L09,#56,GW252/13600,(4)启机状态,4,2025-07-11 03:17:35,2025-07-11 03:22:35,300,0.08
3513,L09,#56,GW252/13600,(3)待机状态,3,2025-07-11 03:11:04,2025-07-11 03:17:35,391,0.11
3514,L09,#56,GW252/13600,(2)停机状态,2,2025-07-11 03:11:03,2025-07-11 03:11:04,1,0
3515,L09,#56,GW252/13600,(1)停机过程,1,2025-07-11 03:10:31,2025-07-11 03:11:03,32,0.01
3516,L09,#56,GW252/13600,(4)启机状态,4,2025-07-11 03:05:31,2025-07-11 03:10:31,300,0.08
3517,L09,#56,GW252/13600,(3)待机状态,3,2025-07-11 02:53:46,2025-07-11 03:05:31,705,0.2
3518,L09,#56,GW252/13600,(2)停机状态,2,2025-07-11 02:51:57,2025-07-11 02:53:46,109,0.03
3519,L09,#56,GW252/13600,(1)停机过程,1,2025-07-11 02:51:26,2025-07-11 02:51:57,31,0.01
3520,L09,#56,GW252/13600,(4)启机状态,4,2025-07-11 02:46:26,2025-07-11 02:51:26,300,0.08
3521,L09,#56,GW252/13600,(3)待机状态,3,2025-07-11 02:34:46,2025-07-11 02:46:26,700,0.19
3522,L09,#56,GW252/13600,(2)停机状态,2,2025-07-11 02:29:08,2025-07-11 02:34:46,338,0.09
3523,L09,#56,GW252/13600,(1)停机过程,1,2025-07-11 02:28:14,2025-07-11 02:29:08,54,0.02
3524,L09,#56,GW252/13600,(5)发电状态,5,2025-07-11 01:25:41,2025-07-11 02:28:14,3753,1.04
3525,L09,#56,GW252/13600,(4)启机状态,4,2025-07-11 01:21:38,2025-07-11 01:25:41,243,0.07
3526,L09,#56,GW252/13600,(3)待机状态,3,2025-07-11 01:20:32,2025-07-11 01:21:38,66,0.02
3527,L09,#56,GW252/13600,(1)停机过程,1,2025-07-11 01:19:37,2025-07-11 01:20:32,55,0.02
3528,L09,#56,GW252/13600,(4)启机状态,4,2025-07-11 01:14:37,2025-07-11 01:19:37,300,0.08
3529,L09,#56,GW252/13600,(3)待机状态,3,2025-07-11 01:12:24,2025-07-11 01:14:37,133,0.04
3530,L09,#56,GW252/13600,(2)停机状态,2,2025-07-11 01:10:37,2025-07-11 01:12:24,107,0.03
3531,L09,#56,GW252/13600,(1)停机过程,1,2025-07-11 01:10:06,2025-07-11 01:10:37,31,0.01
3532,L09,#56,GW252/13600,(4)启机状态,4,2025-07-11 01:05:07,2025-07-11 01:10:06,299,0.08
3533,L09,#56,GW252/13600,(3)待机状态,3,2025-07-11 01:03:26,2025-07-11 01:05:07,101,0.03
3534,L09,#56,GW252/13600,(2)停机状态,2,2025-07-11 01:03:21,2025-07-11 01:03:26,5,0
3535,L09,#56,GW252/13600,(1)停机过程,1,2025-07-11 01:02:49,2025-07-11 01:03:21,32,0.01
3536,L09,#56,GW252/13600,(4)启机状态,4,2025-07-11 00:57:50,2025-07-11 01:02:49,299,0.08
3537,L09,#56,GW252/13600,(3)待机状态,3,2025-07-10 23:58:15,2025-07-11 00:57:50,3575,0.99
3538,L09,#56,GW252/13600,(2)停机状态,2,2025-07-10 23:57:31,2025-07-10 23:58:15,44,0.01
3539,L09,#56,GW252/13600,(1)停机过程,1,2025-07-10 23:57:00,2025-07-10 23:57:31,31,0.01
3540,L09,#56,GW252/13600,(4)启机状态,4,2025-07-10 23:52:00,2025-07-10 23:57:00,300,0.08
3541,L09,#56,GW252/13600,(3)待机状态,3,2025-07-10 23:50:22,2025-07-10 23:52:00,98,0.03
3542,L09,#56,GW252/13600,(2)停机状态,2,2025-07-10 23:49:48,2025-07-10 23:50:22,34,0.01
3543,L09,#56,GW252/13600,(1)停机过程,1,2025-07-10 23:49:16,2025-07-10 23:49:48,32,0.01
3544,L09,#56,GW252/13600,(4)启机状态,4,2025-07-10 23:44:17,2025-07-10 23:49:16,299,0.08
3545,L09,#56,GW252/13600,(3)待机状态,3,2025-07-10 23:31:29,2025-07-10 23:44:17,768,0.21
3546,L09,#56,GW252/13600,(2)停机状态,2,2025-07-10 23:27:21,2025-07-10 23:31:29,248,0.07
3547,L09,#56,GW252/13600,(1)停机过程,1,2025-07-10 23:26:27,2025-07-10 23:27:21,54,0.02
3548,L09,#56,GW252/13600,(5)发电状态,5,2025-07-10 23:04:15,2025-07-10 23:26:27,1332,0.37
3549,L09,#56,GW252/13600,(4)启机状态,4,2025-07-10 23:02:00,2025-07-10 23:04:15,135,0.04
3550,L09,#56,GW252/13600,(3)待机状态,3,2025-07-10 23:01:07,2025-07-10 23:02:00,53,0.01
3551,L09,#56,GW252/13600,(2)停机状态,2,2025-07-10 22:24:30,2025-07-10 23:01:07,2197,0.61
3552,L09,#56,GW252/13600,(1)停机过程,1,2025-07-10 22:23:58,2025-07-10 22:24:30,32,0.01
3553,L09,#56,GW252/13600,(4)启机状态,4,2025-07-10 22:18:58,2025-07-10 22:23:58,300,0.08
3554,L09,#56,GW252/13600,(3)待机状态,3,2025-07-10 21:54:21,2025-07-10 22:18:58,1477,0.41
3555,L09,#56,GW252/13600,(2)停机状态,2,2025-07-10 20:57:26,2025-07-10 21:54:21,3415,0.95
3556,L09,#56,GW252/13600,(1)停机过程,1,2025-07-10 20:56:29,2025-07-10 20:57:26,57,0.02
3557,L09,#56,GW252/13600,(5)发电状态,5,2025-07-09 04:06:54,2025-07-10 20:56:29,146975,40.83
3558,L09,#56,GW252/13600,(4)启机状态,4,2025-07-09 04:04:50,2025-07-09 04:06:54,124,0.03
3559,L09,#56,GW252/13600,(3)待机状态,3,2025-07-09 04:03:53,2025-07-09 04:04:50,57,0.02
3560,L09,#56,GW252/13600,(2)停机状态,2,2025-07-09 04:03:52,2025-07-09 04:03:53,1,0
3561,L09,#56,GW252/13600,(1)停机过程,1,2025-07-09 04:03:20,2025-07-09 04:03:52,32,0.01
3562,L09,#56,GW252/13600,(4)启机状态,4,2025-07-09 03:58:20,2025-07-09 04:03:20,300,0.08
3563,L09,#56,GW252/13600,(3)待机状态,3,2025-07-09 03:57:00,2025-07-09 03:58:20,80,0.02
3564,L09,#56,GW252/13600,(1)停机过程,1,2025-07-09 03:56:29,2025-07-09 03:57:00,31,0.01
3565,L09,#56,GW252/13600,(4)启机状态,4,2025-07-09 03:51:29,2025-07-09 03:56:29,300,0.08
3566,L09,#56,GW252/13600,(3)待机状态,3,2025-07-09 03:10:06,2025-07-09 03:51:29,2483,0.69
3567,L09,#56,GW252/13600,(2)停机状态,2,2025-07-09 03:10:04,2025-07-09 03:10:06,2,0
3568,L09,#56,GW252/13600,(1)停机过程,1,2025-07-09 03:09:33,2025-07-09 03:10:04,31,0.01
3569,L09,#56,GW252/13600,(4)启机状态,4,2025-07-09 03:04:32,2025-07-09 03:09:33,301,0.08
3570,L09,#56,GW252/13600,(3)待机状态,3,2025-07-09 03:03:25,2025-07-09 03:04:32,67,0.02
3571,L09,#56,GW252/13600,(2)停机状态,2,2025-07-09 03:03:24,2025-07-09 03:03:25,1,0
3572,L09,#56,GW252/13600,(1)停机过程,1,2025-07-09 03:02:52,2025-07-09 03:03:24,32,0.01
3573,L09,#56,GW252/13600,(4)启机状态,4,2025-07-09 02:57:52,2025-07-09 03:02:52,300,0.08
3574,L09,#56,GW252/13600,(3)待机状态,3,2025-07-09 02:56:43,2025-07-09 02:57:52,69,0.02
3575,L09,#56,GW252/13600,(2)停机状态,2,2025-07-09 02:56:41,2025-07-09 02:56:43,2,0
3576,L09,#56,GW252/13600,(1)停机过程,1,2025-07-09 02:56:09,2025-07-09 02:56:41,32,0.01
3577,L09,#56,GW252/13600,(4)启机状态,4,2025-07-09 02:51:09,2025-07-09 02:56:09,300,0.08
3578,L09,#56,GW252/13600,(3)待机状态,3,2025-07-09 02:49:57,2025-07-09 02:51:09,72,0.02
3579,L09,#56,GW252/13600,(2)停机状态,2,2025-07-09 02:49:56,2025-07-09 02:49:57,1,0
3580,L09,#56,GW252/13600,(1)停机过程,1,2025-07-09 02:49:25,2025-07-09 02:49:56,31,0.01
3581,L09,#56,GW252/13600,(4)启机状态,4,2025-07-09 02:44:26,2025-07-09 02:49:25,299,0.08
3582,L09,#56,GW252/13600,(3)待机状态,3,2025-07-09 02:43:22,2025-07-09 02:44:26,64,0.02
3583,L09,#56,GW252/13600,(2)停机状态,2,2025-07-09 02:43:20,2025-07-09 02:43:22,2,0
3584,L09,#56,GW252/13600,(1)停机过程,1,2025-07-09 02:42:48,2025-07-09 02:43:20,32,0.01
3585,L09,#56,GW252/13600,(4)启机状态,4,2025-07-09 02:37:48,2025-07-09 02:42:48,300,0.08
3586,L09,#56,GW252/13600,(3)待机状态,3,2025-07-09 02:36:37,2025-07-09 02:37:48,71,0.02
3587,L09,#56,GW252/13600,(2)停机状态,2,2025-07-09 02:36:35,2025-07-09 02:36:37,2,0
3588,L09,#56,GW252/13600,(1)停机过程,1,2025-07-09 02:35:41,2025-07-09 02:36:35,54,0.02
3589,L09,#56,GW252/13600,(4)启机状态,4,2025-07-09 02:30:41,2025-07-09 02:35:41,300,0.08
3590,L09,#56,GW252/13600,(3)待机状态,3,2025-07-09 02:29:26,2025-07-09 02:30:41,75,0.02
3591,L09,#56,GW252/13600,(2)停机状态,2,2025-07-09 02:29:24,2025-07-09 02:29:26,2,0
3592,L09,#56,GW252/13600,(1)停机过程,1,2025-07-09 02:28:53,2025-07-09 02:29:24,31,0.01
3593,L09,#56,GW252/13600,(4)启机状态,4,2025-07-09 02:23:54,2025-07-09 02:28:53,299,0.08
3594,L09,#56,GW252/13600,(3)待机状态,3,2025-07-09 02:22:30,2025-07-09 02:23:54,84,0.02
3595,L09,#56,GW252/13600,(2)停机状态,2,2025-07-09 02:21:32,2025-07-09 02:22:30,58,0.02
3596,L09,#56,GW252/13600,(1)停机过程,1,2025-07-09 02:21:01,2025-07-09 02:21:32,31,0.01
3597,L09,#56,GW252/13600,(4)启机状态,4,2025-07-09 02:16:01,2025-07-09 02:21:01,300,0.08
3598,L09,#56,GW252/13600,(3)待机状态,3,2025-07-09 02:10:56,2025-07-09 02:16:01,305,0.08
3599,L09,#56,GW252/13600,(2)停机状态,2,2025-07-09 02:10:29,2025-07-09 02:10:56,27,0.01
3600,L09,#56,GW252/13600,(1)停机过程,1,2025-07-09 02:09:56,2025-07-09 02:10:29,33,0.01
3601,L09,#56,GW252/13600,(4)启机状态,4,2025-07-09 02:04:56,2025-07-09 02:09:56,300,0.08
3602,L09,#56,GW252/13600,(3)待机状态,3,2025-07-09 01:24:55,2025-07-09 02:04:56,2401,0.67
3603,L09,#56,GW252/13600,(2)停机状态,2,2025-07-09 01:23:36,2025-07-09 01:24:55,79,0.02
3604,L09,#56,GW252/13600,(1)停机过程,1,2025-07-09 01:23:05,2025-07-09 01:23:36,31,0.01
3605,L09,#56,GW252/13600,(4)启机状态,4,2025-07-09 01:18:04,2025-07-09 01:23:05,301,0.08
3606,L09,#56,GW252/13600,(3)待机状态,3,2025-07-09 01:11:33,2025-07-09 01:18:04,391,0.11
3607,L09,#56,GW252/13600,(2)停机状态,2,2025-07-09 01:11:29,2025-07-09 01:11:33,4,0
3608,L09,#56,GW252/13600,(1)停机过程,1,2025-07-09 01:10:33,2025-07-09 01:11:29,56,0.02
3609,L09,#56,GW252/13600,(5)发电状态,5,2025-07-08 17:47:55,2025-07-09 01:10:33,26558,7.38
3610,L09,#56,GW252/13600,(4)启机状态,4,2025-07-08 17:44:03,2025-07-08 17:47:55,232,0.06
3611,L09,#56,GW252/13600,(3)待机状态,3,2025-07-08 17:43:01,2025-07-08 17:44:03,62,0.02
3612,L09,#56,GW252/13600,(2)停机状态,2,2025-07-08 17:43:00,2025-07-08 17:43:01,1,0
3613,L09,#56,GW252/13600,(1)停机过程,1,2025-07-08 17:42:28,2025-07-08 17:43:00,32,0.01
3614,L09,#56,GW252/13600,(4)启机状态,4,2025-07-08 17:37:29,2025-07-08 17:42:28,299,0.08
3615,L09,#56,GW252/13600,(3)待机状态,3,2025-07-08 17:30:13,2025-07-08 17:37:29,436,0.12
3616,L09,#56,GW252/13600,(2)停机状态,2,2025-07-08 17:29:07,2025-07-08 17:30:13,66,0.02
3617,L09,#56,GW252/13600,(1)停机过程,1,2025-07-08 17:28:12,2025-07-08 17:29:07,55,0.02
3618,L09,#56,GW252/13600,(5)发电状态,5,2025-07-08 16:16:30,2025-07-08 17:28:12,4302,1.2
3619,L09,#56,GW252/13600,(4)启机状态,4,2025-07-08 16:13:58,2025-07-08 16:16:30,152,0.04
3620,L09,#56,GW252/13600,(3)待机状态,3,2025-07-08 16:13:00,2025-07-08 16:13:58,58,0.02
3621,L09,#56,GW252/13600,(2)停机状态,2,2025-07-08 16:12:59,2025-07-08 16:13:00,1,0
3622,L09,#56,GW252/13600,(1)停机过程,1,2025-07-08 16:12:26,2025-07-08 16:12:59,33,0.01
3623,L09,#56,GW252/13600,(4)启机状态,4,2025-07-08 16:07:26,2025-07-08 16:12:26,300,0.08
3624,L09,#56,GW252/13600,(3)待机状态,3,2025-07-08 16:06:17,2025-07-08 16:07:26,69,0.02
3625,L09,#56,GW252/13600,(2)停机状态,2,2025-07-08 16:06:15,2025-07-08 16:06:17,2,0
3626,L09,#56,GW252/13600,(1)停机过程,1,2025-07-08 16:05:44,2025-07-08 16:06:15,31,0.01
3627,L09,#56,GW252/13600,(4)启机状态,4,2025-07-08 16:00:44,2025-07-08 16:05:44,300,0.08
3628,L09,#56,GW252/13600,(3)待机状态,3,2025-07-08 15:59:07,2025-07-08 16:00:44,97,0.03
3629,L09,#56,GW252/13600,(2)停机状态,2,2025-07-08 15:57:56,2025-07-08 15:59:07,71,0.02
3630,L09,#56,GW252/13600,(1)停机过程,1,2025-07-08 15:57:23,2025-07-08 15:57:56,33,0.01
3631,L09,#56,GW252/13600,(4)启机状态,4,2025-07-08 15:52:24,2025-07-08 15:57:23,299,0.08
3632,L09,#56,GW252/13600,(3)待机状态,3,2025-07-08 15:35:40,2025-07-08 15:52:24,1004,0.28
3633,L09,#56,GW252/13600,(2)停机状态,2,2025-07-08 15:35:39,2025-07-08 15:35:40,1,0
3634,L09,#56,GW252/13600,(1)停机过程,1,2025-07-08 15:35:08,2025-07-08 15:35:39,31,0.01
3635,L09,#56,GW252/13600,(4)启机状态,4,2025-07-08 15:30:07,2025-07-08 15:35:08,301,0.08
3636,L09,#56,GW252/13600,(3)待机状态,3,2025-07-08 15:26:47,2025-07-08 15:30:07,200,0.06
3637,L09,#56,GW252/13600,(1)停机过程,1,2025-07-08 15:26:14,2025-07-08 15:26:47,33,0.01
3638,L09,#56,GW252/13600,(4)启机状态,4,2025-07-08 15:21:14,2025-07-08 15:26:14,300,0.08
3639,L09,#56,GW252/13600,(3)待机状态,3,2025-07-08 15:19:29,2025-07-08 15:21:14,105,0.03
3640,L09,#56,GW252/13600,(1)停机过程,1,2025-07-08 15:18:56,2025-07-08 15:19:29,33,0.01
3641,L09,#56,GW252/13600,(4)启机状态,4,2025-07-08 15:13:56,2025-07-08 15:18:56,300,0.08
3642,L09,#56,GW252/13600,(3)待机状态,3,2025-07-08 15:11:58,2025-07-08 15:13:56,118,0.03
3643,L09,#56,GW252/13600,(2)停机状态,2,2025-07-08 15:11:56,2025-07-08 15:11:58,2,0
3644,L09,#56,GW252/13600,(1)停机过程,1,2025-07-08 15:11:24,2025-07-08 15:11:56,32,0.01
3645,L09,#56,GW252/13600,(4)启机状态,4,2025-07-08 15:06:25,2025-07-08 15:11:24,299,0.08
3646,L09,#56,GW252/13600,(3)待机状态,3,2025-07-08 15:03:38,2025-07-08 15:06:25,167,0.05
3647,L09,#56,GW252/13600,(2)停机状态,2,2025-07-08 15:03:36,2025-07-08 15:03:38,2,0
3648,L09,#56,GW252/13600,(1)停机过程,1,2025-07-08 15:02:41,2025-07-08 15:03:36,55,0.02
3649,L09,#56,GW252/13600,(5)发电状态,5,2025-07-08 10:30:27,2025-07-08 15:02:41,16334,4.54
3650,L09,#56,GW252/13600,(4)启机状态,4,2025-07-08 10:27:56,2025-07-08 10:30:27,151,0.04
3651,L09,#56,GW252/13600,(3)待机状态,3,2025-07-08 10:26:59,2025-07-08 10:27:56,57,0.02
3652,L09,#56,GW252/13600,(2)停机状态,2,2025-07-08 10:26:57,2025-07-08 10:26:59,2,0
3653,L09,#56,GW252/13600,(1)停机过程,1,2025-07-08 10:26:27,2025-07-08 10:26:57,30,0.01
3654,L09,#56,GW252/13600,(4)启机状态,4,2025-07-08 10:21:27,2025-07-08 10:26:27,300,0.08
3655,L09,#56,GW252/13600,(3)待机状态,3,2025-07-08 10:20:24,2025-07-08 10:21:27,63,0.02
3656,L09,#56,GW252/13600,(2)停机状态,2,2025-07-08 10:20:22,2025-07-08 10:20:24,2,0
3657,L09,#56,GW252/13600,(1)停机过程,1,2025-07-08 10:19:51,2025-07-08 10:20:22,31,0.01
3658,L09,#56,GW252/13600,(4)启机状态,4,2025-07-08 10:14:50,2025-07-08 10:19:51,301,0.08
3659,L09,#56,GW252/13600,(3)待机状态,3,2025-07-08 10:13:46,2025-07-08 10:14:50,64,0.02
3660,L09,#56,GW252/13600,(2)停机状态,2,2025-07-08 10:13:44,2025-07-08 10:13:46,2,0
3661,L09,#56,GW252/13600,(1)停机过程,1,2025-07-08 10:13:12,2025-07-08 10:13:44,32,0.01
3662,L09,#56,GW252/13600,(4)启机状态,4,2025-07-08 10:08:11,2025-07-08 10:13:12,301,0.08
3663,L09,#56,GW252/13600,(3)待机状态,3,2025-07-08 10:07:04,2025-07-08 10:08:11,67,0.02
3664,L09,#56,GW252/13600,(1)停机过程,1,2025-07-08 10:06:32,2025-07-08 10:07:04,32,0.01
3665,L09,#56,GW252/13600,(4)启机状态,4,2025-07-08 10:01:30,2025-07-08 10:06:32,302,0.08
3666,L09,#56,GW252/13600,(3)待机状态,3,2025-07-08 09:59:48,2025-07-08 10:01:30,102,0.03
3667,L09,#56,GW252/13600,(2)停机状态,2,2025-07-08 09:59:43,2025-07-08 09:59:48,5,0
3668,L09,#56,GW252/13600,(1)停机过程,1,2025-07-08 09:59:12,2025-07-08 09:59:43,31,0.01
3669,L09,#56,GW252/13600,(4)启机状态,4,2025-07-08 09:54:11,2025-07-08 09:59:12,301,0.08
3670,L09,#56,GW252/13600,(3)待机状态,3,2025-07-08 09:52:47,2025-07-08 09:54:11,84,0.02
3671,L09,#56,GW252/13600,(2)停机状态,2,2025-07-08 09:52:46,2025-07-08 09:52:47,1,0
3672,L09,#56,GW252/13600,(1)停机过程,1,2025-07-08 09:52:15,2025-07-08 09:52:46,31,0.01
3673,L09,#56,GW252/13600,(4)启机状态,4,2025-07-08 09:47:15,2025-07-08 09:52:15,300,0.08
3674,L09,#56,GW252/13600,(3)待机状态,3,2025-07-08 09:46:05,2025-07-08 09:47:15,70,0.02
3675,L09,#56,GW252/13600,(2)停机状态,2,2025-07-08 09:46:03,2025-07-08 09:46:05,2,0
3676,L09,#56,GW252/13600,(1)停机过程,1,2025-07-08 09:45:30,2025-07-08 09:46:03,33,0.01
3677,L09,#56,GW252/13600,(4)启机状态,4,2025-07-08 09:40:31,2025-07-08 09:45:30,299,0.08
3678,L09,#56,GW252/13600,(3)待机状态,3,2025-07-08 09:39:27,2025-07-08 09:40:31,64,0.02
3679,L09,#56,GW252/13600,(2)停机状态,2,2025-07-08 09:39:26,2025-07-08 09:39:27,1,0
3680,L09,#56,GW252/13600,(1)停机过程,1,2025-07-08 09:38:56,2025-07-08 09:39:26,30,0.01
3681,L09,#56,GW252/13600,(4)启机状态,4,2025-07-08 09:33:56,2025-07-08 09:38:56,300,0.08
3682,L09,#56,GW252/13600,(3)待机状态,3,2025-07-08 09:31:58,2025-07-08 09:33:56,118,0.03
3683,L09,#56,GW252/13600,(2)停机状态,2,2025-07-08 09:31:56,2025-07-08 09:31:58,2,0
3684,L09,#56,GW252/13600,(1)停机过程,1,2025-07-08 09:31:25,2025-07-08 09:31:56,31,0.01
3685,L09,#56,GW252/13600,(4)启机状态,4,2025-07-08 09:26:25,2025-07-08 09:31:25,300,0.08
3686,L09,#56,GW252/13600,(3)待机状态,3,2025-07-08 09:24:36,2025-07-08 09:26:25,109,0.03
3687,L09,#56,GW252/13600,(2)停机状态,2,2025-07-08 09:24:35,2025-07-08 09:24:36,1,0
3688,L09,#56,GW252/13600,(1)停机过程,1,2025-07-08 09:24:04,2025-07-08 09:24:35,31,0.01
3689,L09,#56,GW252/13600,(4)启机状态,4,2025-07-08 09:19:03,2025-07-08 09:24:04,301,0.08
3690,L09,#56,GW252/13600,(3)待机状态,3,2025-07-08 09:15:22,2025-07-08 09:19:03,221,0.06
3691,L09,#56,GW252/13600,(2)停机状态,2,2025-07-08 09:15:21,2025-07-08 09:15:22,1,0
3692,L09,#56,GW252/13600,(1)停机过程,1,2025-07-08 09:14:27,2025-07-08 09:15:21,54,0.02
3693,L09,#56,GW252/13600,(5)发电状态,5,2025-07-07 16:14:39,2025-07-08 09:14:27,61188,17
3694,L09,#56,GW252/13600,(4)启机状态,4,2025-07-07 16:11:36,2025-07-07 16:14:39,183,0.05
3695,L09,#56,GW252/13600,(3)待机状态,3,2025-07-07 16:10:32,2025-07-07 16:11:36,64,0.02
3696,L09,#56,GW252/13600,(2)停机状态,2,2025-07-07 16:10:30,2025-07-07 16:10:32,2,0
3697,L09,#56,GW252/13600,(1)停机过程,1,2025-07-07 16:10:00,2025-07-07 16:10:30,30,0.01
3698,L09,#56,GW252/13600,(4)启机状态,4,2025-07-07 16:05:00,2025-07-07 16:10:00,300,0.08
3699,L09,#56,GW252/13600,(3)待机状态,3,2025-07-07 16:03:16,2025-07-07 16:05:00,104,0.03
3700,L09,#56,GW252/13600,(2)停机状态,2,2025-07-07 16:03:15,2025-07-07 16:03:16,1,0
3701,L09,#56,GW252/13600,(1)停机过程,1,2025-07-07 16:02:45,2025-07-07 16:03:15,30,0.01
3702,L09,#56,GW252/13600,(4)启机状态,4,2025-07-07 15:57:45,2025-07-07 16:02:45,300,0.08
3703,L09,#56,GW252/13600,(3)待机状态,3,2025-07-07 15:56:35,2025-07-07 15:57:45,70,0.02
3704,L09,#56,GW252/13600,(2)停机状态,2,2025-07-07 15:56:34,2025-07-07 15:56:35,1,0
3705,L09,#56,GW252/13600,(1)停机过程,1,2025-07-07 15:56:02,2025-07-07 15:56:34,32,0.01
3706,L09,#56,GW252/13600,(4)启机状态,4,2025-07-07 15:51:02,2025-07-07 15:56:02,300,0.08
3707,L09,#56,GW252/13600,(3)待机状态,3,2025-07-07 15:49:45,2025-07-07 15:51:02,77,0.02
3708,L09,#56,GW252/13600,(2)停机状态,2,2025-07-07 15:49:44,2025-07-07 15:49:45,1,0
3709,L09,#56,GW252/13600,(1)停机过程,1,2025-07-07 15:49:14,2025-07-07 15:49:44,30,0.01
3710,L09,#56,GW252/13600,(4)启机状态,4,2025-07-07 15:44:14,2025-07-07 15:49:14,300,0.08
3711,L09,#56,GW252/13600,(3)待机状态,3,2025-07-07 15:43:08,2025-07-07 15:44:14,66,0.02
3712,L09,#56,GW252/13600,(1)停机过程,1,2025-07-07 15:42:35,2025-07-07 15:43:08,33,0.01
3713,L09,#56,GW252/13600,(4)启机状态,4,2025-07-07 15:37:35,2025-07-07 15:42:35,300,0.08
3714,L09,#56,GW252/13600,(3)待机状态,3,2025-07-07 15:36:21,2025-07-07 15:37:35,74,0.02
3715,L09,#56,GW252/13600,(1)停机过程,1,2025-07-07 15:35:50,2025-07-07 15:36:21,31,0.01
3716,L09,#56,GW252/13600,(4)启机状态,4,2025-07-07 15:30:49,2025-07-07 15:35:50,301,0.08
3717,L09,#56,GW252/13600,(3)待机状态,3,2025-07-07 15:29:06,2025-07-07 15:30:49,103,0.03
3718,L09,#56,GW252/13600,(1)停机过程,1,2025-07-07 15:28:35,2025-07-07 15:29:06,31,0.01
3719,L09,#56,GW252/13600,(4)启机状态,4,2025-07-07 15:23:34,2025-07-07 15:28:35,301,0.08
3720,L09,#56,GW252/13600,(3)待机状态,3,2025-07-07 15:22:11,2025-07-07 15:23:34,83,0.02
3721,L09,#56,GW252/13600,(2)停机状态,2,2025-07-07 15:22:10,2025-07-07 15:22:11,1,0
3722,L09,#56,GW252/13600,(1)停机过程,1,2025-07-07 15:21:40,2025-07-07 15:22:10,30,0.01
3723,L09,#56,GW252/13600,(4)启机状态,4,2025-07-07 15:16:40,2025-07-07 15:21:40,300,0.08
3724,L09,#56,GW252/13600,(3)待机状态,3,2025-07-07 15:15:27,2025-07-07 15:16:40,73,0.02
3725,L09,#56,GW252/13600,(2)停机状态,2,2025-07-07 15:15:25,2025-07-07 15:15:27,2,0
3726,L09,#56,GW252/13600,(1)停机过程,1,2025-07-07 15:14:52,2025-07-07 15:15:25,33,0.01
3727,L09,#56,GW252/13600,(4)启机状态,4,2025-07-07 15:09:52,2025-07-07 15:14:52,300,0.08
3728,L09,#56,GW252/13600,(3)待机状态,3,2025-07-07 15:08:49,2025-07-07 15:09:52,63,0.02
3729,L09,#56,GW252/13600,(2)停机状态,2,2025-07-07 15:08:48,2025-07-07 15:08:49,1,0
3730,L09,#56,GW252/13600,(1)停机过程,1,2025-07-07 15:08:17,2025-07-07 15:08:48,31,0.01
3731,L09,#56,GW252/13600,(4)启机状态,4,2025-07-07 15:03:17,2025-07-07 15:08:17,300,0.08
3732,L09,#56,GW252/13600,(3)待机状态,3,2025-07-07 15:02:13,2025-07-07 15:03:17,64,0.02
3733,L09,#56,GW252/13600,(1)停机过程,1,2025-07-07 15:01:40,2025-07-07 15:02:13,33,0.01
3734,L09,#56,GW252/13600,(4)启机状态,4,2025-07-07 14:56:40,2025-07-07 15:01:40,300,0.08
3735,L09,#56,GW252/13600,(3)待机状态,3,2025-07-07 14:55:06,2025-07-07 14:56:40,94,0.03
3736,L09,#56,GW252/13600,(1)停机过程,1,2025-07-07 14:54:34,2025-07-07 14:55:06,32,0.01
3737,L09,#56,GW252/13600,(4)启机状态,4,2025-07-07 14:49:33,2025-07-07 14:54:34,301,0.08
3738,L09,#56,GW252/13600,(3)待机状态,3,2025-07-07 14:48:37,2025-07-07 14:49:33,56,0.02
3739,L09,#56,GW252/13600,(2)停机状态,2,2025-07-07 14:48:35,2025-07-07 14:48:37,2,0
3740,L09,#56,GW252/13600,(1)停机过程,1,2025-07-07 14:48:03,2025-07-07 14:48:35,32,0.01
3741,L09,#56,GW252/13600,(4)启机状态,4,2025-07-07 14:43:04,2025-07-07 14:48:03,299,0.08
3742,L09,#56,GW252/13600,(3)待机状态,3,2025-07-07 14:41:58,2025-07-07 14:43:04,66,0.02
3743,L09,#56,GW252/13600,(2)停机状态,2,2025-07-07 14:41:57,2025-07-07 14:41:58,1,0
3744,L09,#56,GW252/13600,(1)停机过程,1,2025-07-07 14:41:22,2025-07-07 14:41:57,35,0.01
3745,L09,#56,GW252/13600,(4)启机状态,4,2025-07-07 14:36:22,2025-07-07 14:41:22,300,0.08
3746,L09,#56,GW252/13600,(3)待机状态,3,2025-07-07 14:34:46,2025-07-07 14:36:22,96,0.03
3747,L09,#56,GW252/13600,(2)停机状态,2,2025-07-07 14:34:44,2025-07-07 14:34:46,2,0
3748,L09,#56,GW252/13600,(1)停机过程,1,2025-07-07 14:34:14,2025-07-07 14:34:44,30,0.01
3749,L09,#56,GW252/13600,(4)启机状态,4,2025-07-07 14:29:14,2025-07-07 14:34:14,300,0.08
3750,L09,#56,GW252/13600,(3)待机状态,3,2025-07-07 14:27:35,2025-07-07 14:29:14,99,0.03
3751,L09,#56,GW252/13600,(2)停机状态,2,2025-07-07 14:27:34,2025-07-07 14:27:35,1,0
3752,L09,#56,GW252/13600,(1)停机过程,1,2025-07-07 14:27:03,2025-07-07 14:27:34,31,0.01
3753,L09,#56,GW252/13600,(4)启机状态,4,2025-07-07 14:22:03,2025-07-07 14:27:03,300,0.08
3754,L09,#56,GW252/13600,(3)待机状态,3,2025-07-07 14:20:45,2025-07-07 14:22:03,78,0.02
3755,L09,#56,GW252/13600,(2)停机状态,2,2025-07-07 14:20:44,2025-07-07 14:20:45,1,0
3756,L09,#56,GW252/13600,(1)停机过程,1,2025-07-07 14:20:13,2025-07-07 14:20:44,31,0.01
3757,L09,#56,GW252/13600,(4)启机状态,4,2025-07-07 14:15:13,2025-07-07 14:20:13,300,0.08
3758,L09,#56,GW252/13600,(3)待机状态,3,2025-07-07 14:14:01,2025-07-07 14:15:13,72,0.02
3759,L09,#56,GW252/13600,(2)停机状态,2,2025-07-07 14:13:59,2025-07-07 14:14:01,2,0
3760,L09,#56,GW252/13600,(1)停机过程,1,2025-07-07 14:13:28,2025-07-07 14:13:59,31,0.01
3761,L09,#56,GW252/13600,(4)启机状态,4,2025-07-07 14:08:26,2025-07-07 14:13:28,302,0.08
3762,L09,#56,GW252/13600,(3)待机状态,3,2025-07-07 12:33:48,2025-07-07 14:08:26,5678,1.58
3763,L09,#56,GW252/13600,(2)停机状态,2,2025-07-07 12:29:49,2025-07-07 12:33:48,239,0.07
3764,L09,#56,GW252/13600,(1)停机过程,1,2025-07-07 12:29:18,2025-07-07 12:29:49,31,0.01
3765,L09,#56,GW252/13600,(4)启机状态,4,2025-07-07 12:24:18,2025-07-07 12:29:18,300,0.08
3766,L09,#56,GW252/13600,(3)待机状态,3,2025-07-07 12:22:41,2025-07-07 12:24:18,97,0.03
3767,L09,#56,GW252/13600,(2)停机状态,2,2025-07-07 12:22:00,2025-07-07 12:22:41,41,0.01
3768,L09,#56,GW252/13600,(1)停机过程,1,2025-07-07 12:21:05,2025-07-07 12:22:00,55,0.02
3769,L09,#56,GW252/13600,(5)发电状态,5,2025-07-07 09:45:24,2025-07-07 12:21:05,9341,2.59
3770,L09,#56,GW252/13600,(4)启机状态,4,2025-07-07 09:42:10,2025-07-07 09:45:24,194,0.05
3771,L09,#56,GW252/13600,(3)待机状态,3,2025-07-07 09:41:07,2025-07-07 09:42:10,63,0.02
3772,L09,#56,GW252/13600,(2)停机状态,2,2025-07-07 09:41:05,2025-07-07 09:41:07,2,0
3773,L09,#56,GW252/13600,(1)停机过程,1,2025-07-07 09:40:34,2025-07-07 09:41:05,31,0.01
3774,L09,#56,GW252/13600,(4)启机状态,4,2025-07-07 09:35:32,2025-07-07 09:40:34,302,0.08
3775,L09,#56,GW252/13600,(3)待机状态,3,2025-07-07 09:34:20,2025-07-07 09:35:32,72,0.02
3776,L09,#56,GW252/13600,(2)停机状态,2,2025-07-07 09:34:19,2025-07-07 09:34:20,1,0
3777,L09,#56,GW252/13600,(1)停机过程,1,2025-07-07 09:33:48,2025-07-07 09:34:19,31,0.01
3778,L09,#56,GW252/13600,(4)启机状态,4,2025-07-07 09:28:48,2025-07-07 09:33:48,300,0.08
3779,L09,#56,GW252/13600,(3)待机状态,3,2025-07-07 09:27:38,2025-07-07 09:28:48,70,0.02
3780,L09,#56,GW252/13600,(1)停机过程,1,2025-07-07 09:27:05,2025-07-07 09:27:38,33,0.01
3781,L09,#56,GW252/13600,(4)启机状态,4,2025-07-07 09:22:05,2025-07-07 09:27:05,300,0.08
3782,L09,#56,GW252/13600,(3)待机状态,3,2025-07-07 09:20:56,2025-07-07 09:22:05,69,0.02
3783,L09,#56,GW252/13600,(2)停机状态,2,2025-07-07 09:20:55,2025-07-07 09:20:56,1,0
3784,L09,#56,GW252/13600,(1)停机过程,1,2025-07-07 09:20:24,2025-07-07 09:20:55,31,0.01
3785,L09,#56,GW252/13600,(4)启机状态,4,2025-07-07 09:15:24,2025-07-07 09:20:24,300,0.08
3786,L09,#56,GW252/13600,(3)待机状态,3,2025-07-07 09:14:04,2025-07-07 09:15:24,80,0.02
3787,L09,#56,GW252/13600,(2)停机状态,2,2025-07-07 09:14:03,2025-07-07 09:14:04,1,0
3788,L09,#56,GW252/13600,(1)停机过程,1,2025-07-07 09:13:32,2025-07-07 09:14:03,31,0.01
3789,L09,#56,GW252/13600,(4)启机状态,4,2025-07-07 09:08:32,2025-07-07 09:13:32,300,0.08
3790,L09,#56,GW252/13600,(3)待机状态,3,2025-07-07 09:06:09,2025-07-07 09:08:32,143,0.04
3791,L09,#56,GW252/13600,(2)停机状态,2,2025-07-07 09:06:07,2025-07-07 09:06:09,2,0
3792,L09,#56,GW252/13600,(1)停机过程,1,2025-07-07 09:05:35,2025-07-07 09:06:07,32,0.01
3793,L09,#56,GW252/13600,(4)启机状态,4,2025-07-07 09:00:35,2025-07-07 09:05:35,300,0.08
3794,L09,#56,GW252/13600,(3)待机状态,3,2025-07-07 08:52:08,2025-07-07 09:00:35,507,0.14
3795,L09,#56,GW252/13600,(2)停机状态,2,2025-07-07 08:52:06,2025-07-07 08:52:08,2,0
3796,L09,#56,GW252/13600,(1)停机过程,1,2025-07-07 08:51:35,2025-07-07 08:52:06,31,0.01
3797,L09,#56,GW252/13600,(4)启机状态,4,2025-07-07 08:46:35,2025-07-07 08:51:35,300,0.08
3798,L09,#56,GW252/13600,(3)待机状态,3,2025-07-07 08:45:13,2025-07-07 08:46:35,82,0.02
3799,L09,#56,GW252/13600,(2)停机状态,2,2025-07-07 08:45:10,2025-07-07 08:45:13,3,0
3800,L09,#56,GW252/13600,(1)停机过程,1,2025-07-07 08:44:38,2025-07-07 08:45:10,32,0.01
3801,L09,#56,GW252/13600,(4)启机状态,4,2025-07-07 08:39:38,2025-07-07 08:44:38,300,0.08
3802,L09,#56,GW252/13600,(3)待机状态,3,2025-07-07 08:38:35,2025-07-07 08:39:38,63,0.02
3803,L09,#56,GW252/13600,(2)停机状态,2,2025-07-07 08:38:32,2025-07-07 08:38:35,3,0
3804,L09,#56,GW252/13600,(1)停机过程,1,2025-07-07 08:38:01,2025-07-07 08:38:32,31,0.01
3805,L09,#56,GW252/13600,(4)启机状态,4,2025-07-07 08:33:02,2025-07-07 08:38:01,299,0.08
3806,L09,#56,GW252/13600,(3)待机状态,3,2025-07-07 08:31:59,2025-07-07 08:33:02,63,0.02
3807,L09,#56,GW252/13600,(2)停机状态,2,2025-07-07 08:31:58,2025-07-07 08:31:59,1,0
3808,L09,#56,GW252/13600,(1)停机过程,1,2025-07-07 08:31:26,2025-07-07 08:31:58,32,0.01
3809,L09,#56,GW252/13600,(4)启机状态,4,2025-07-07 08:26:26,2025-07-07 08:31:26,300,0.08
3810,L09,#56,GW252/13600,(3)待机状态,3,2025-07-07 08:25:10,2025-07-07 08:26:26,76,0.02
3811,L09,#56,GW252/13600,(2)停机状态,2,2025-07-07 08:25:07,2025-07-07 08:25:10,3,0
3812,L09,#56,GW252/13600,(1)停机过程,1,2025-07-07 08:24:36,2025-07-07 08:25:07,31,0.01
3813,L09,#56,GW252/13600,(4)启机状态,4,2025-07-07 08:19:36,2025-07-07 08:24:36,300,0.08
3814,L09,#56,GW252/13600,(3)待机状态,3,2025-07-07 08:18:31,2025-07-07 08:19:36,65,0.02
3815,L09,#56,GW252/13600,(2)停机状态,2,2025-07-07 08:18:30,2025-07-07 08:18:31,1,0
3816,L09,#56,GW252/13600,(1)停机过程,1,2025-07-07 08:17:58,2025-07-07 08:18:30,32,0.01
3817,L09,#56,GW252/13600,(4)启机状态,4,2025-07-07 08:12:58,2025-07-07 08:17:58,300,0.08
3818,L09,#56,GW252/13600,(3)待机状态,3,2025-07-07 08:11:55,2025-07-07 08:12:58,63,0.02
3819,L09,#56,GW252/13600,(2)停机状态,2,2025-07-07 08:11:53,2025-07-07 08:11:55,2,0
3820,L09,#56,GW252/13600,(1)停机过程,1,2025-07-07 08:11:22,2025-07-07 08:11:53,31,0.01
3821,L09,#56,GW252/13600,(4)启机状态,4,2025-07-07 08:06:22,2025-07-07 08:11:22,300,0.08
3822,L09,#56,GW252/13600,(3)待机状态,3,2025-07-07 07:41:27,2025-07-07 08:06:22,1495,0.42
3823,L09,#56,GW252/13600,(2)停机状态,2,2025-07-07 07:41:25,2025-07-07 07:41:27,2,0
3824,L09,#56,GW252/13600,(1)停机过程,1,2025-07-07 07:40:55,2025-07-07 07:41:25,30,0.01
3825,L09,#56,GW252/13600,(4)启机状态,4,2025-07-07 07:35:54,2025-07-07 07:40:55,301,0.08
3826,L09,#56,GW252/13600,(3)待机状态,3,2025-07-07 07:31:52,2025-07-07 07:35:54,242,0.07
3827,L09,#56,GW252/13600,(2)停机状态,2,2025-07-07 07:31:49,2025-07-07 07:31:52,3,0
3828,L09,#56,GW252/13600,(1)停机过程,1,2025-07-07 07:31:17,2025-07-07 07:31:49,32,0.01
3829,L09,#56,GW252/13600,(4)启机状态,4,2025-07-07 07:26:17,2025-07-07 07:31:17,300,0.08
3830,L09,#56,GW252/13600,(3)待机状态,3,2025-07-07 07:24:43,2025-07-07 07:26:17,94,0.03
3831,L09,#56,GW252/13600,(2)停机状态,2,2025-07-07 07:24:41,2025-07-07 07:24:43,2,0
3832,L09,#56,GW252/13600,(1)停机过程,1,2025-07-07 07:24:09,2025-07-07 07:24:41,32,0.01
3833,L09,#56,GW252/13600,(4)启机状态,4,2025-07-07 07:19:09,2025-07-07 07:24:09,300,0.08
3834,L09,#56,GW252/13600,(3)待机状态,3,2025-07-07 07:17:59,2025-07-07 07:19:09,70,0.02
3835,L09,#56,GW252/13600,(2)停机状态,2,2025-07-07 07:17:58,2025-07-07 07:17:59,1,0
3836,L09,#56,GW252/13600,(1)停机过程,1,2025-07-07 07:17:28,2025-07-07 07:17:58,30,0.01
3837,L09,#56,GW252/13600,(4)启机状态,4,2025-07-07 07:12:26,2025-07-07 07:17:28,302,0.08
3838,L09,#56,GW252/13600,(3)待机状态,3,2025-07-07 07:10:04,2025-07-07 07:12:26,142,0.04
3839,L09,#56,GW252/13600,(2)停机状态,2,2025-07-07 07:10:03,2025-07-07 07:10:04,1,0
3840,L09,#56,GW252/13600,(1)停机过程,1,2025-07-07 07:09:31,2025-07-07 07:10:03,32,0.01
3841,L09,#56,GW252/13600,(4)启机状态,4,2025-07-07 07:04:31,2025-07-07 07:09:31,300,0.08
3842,L09,#56,GW252/13600,(3)待机状态,3,2025-07-07 07:02:54,2025-07-07 07:04:31,97,0.03
3843,L09,#56,GW252/13600,(2)停机状态,2,2025-07-07 07:02:51,2025-07-07 07:02:54,3,0
3844,L09,#56,GW252/13600,(1)停机过程,1,2025-07-07 07:02:20,2025-07-07 07:02:51,31,0.01
3845,L09,#56,GW252/13600,(4)启机状态,4,2025-07-07 06:57:20,2025-07-07 07:02:20,300,0.08
3846,L09,#56,GW252/13600,(3)待机状态,3,2025-07-07 06:50:07,2025-07-07 06:57:20,433,0.12
3847,L09,#56,GW252/13600,(2)停机状态,2,2025-07-07 06:47:12,2025-07-07 06:50:07,175,0.05
3848,L09,#56,GW252/13600,(1)停机过程,1,2025-07-07 06:46:40,2025-07-07 06:47:12,32,0.01
3849,L09,#56,GW252/13600,(4)启机状态,4,2025-07-07 06:41:40,2025-07-07 06:46:40,300,0.08
3850,L09,#56,GW252/13600,(3)待机状态,3,2025-07-07 06:39:35,2025-07-07 06:41:40,125,0.03
3851,L09,#56,GW252/13600,(2)停机状态,2,2025-07-07 06:37:53,2025-07-07 06:39:35,102,0.03
3852,L09,#56,GW252/13600,(1)停机过程,1,2025-07-07 06:36:58,2025-07-07 06:37:53,55,0.02
3853,L09,#56,GW252/13600,(5)发电状态,5,2025-07-06 21:48:54,2025-07-07 06:36:58,31684,8.8
3854,L09,#56,GW252/13600,(4)启机状态,4,2025-07-06 21:47:08,2025-07-06 21:48:54,106,0.03
3855,L09,#56,GW252/13600,(3)待机状态,3,2025-07-06 21:46:13,2025-07-06 21:47:08,55,0.02
3856,L09,#56,GW252/13600,(1)停机过程,1,2025-07-06 21:45:41,2025-07-06 21:46:13,32,0.01
3857,L09,#56,GW252/13600,(4)启机状态,4,2025-07-06 21:40:41,2025-07-06 21:45:41,300,0.08
3858,L09,#56,GW252/13600,(3)待机状态,3,2025-07-06 21:39:45,2025-07-06 21:40:41,56,0.02
3859,L09,#56,GW252/13600,(2)停机状态,2,2025-07-06 21:39:43,2025-07-06 21:39:45,2,0
3860,L09,#56,GW252/13600,(1)停机过程,1,2025-07-06 21:39:13,2025-07-06 21:39:43,30,0.01
3861,L09,#56,GW252/13600,(4)启机状态,4,2025-07-06 21:34:12,2025-07-06 21:39:13,301,0.08
3862,L09,#56,GW252/13600,(3)待机状态,3,2025-07-06 21:33:13,2025-07-06 21:34:12,59,0.02
3863,L09,#56,GW252/13600,(2)停机状态,2,2025-07-06 21:33:12,2025-07-06 21:33:13,1,0
3864,L09,#56,GW252/13600,(1)停机过程,1,2025-07-06 21:32:40,2025-07-06 21:33:12,32,0.01
3865,L09,#56,GW252/13600,(4)启机状态,4,2025-07-06 21:27:40,2025-07-06 21:32:40,300,0.08
3866,L09,#56,GW252/13600,(3)待机状态,3,2025-07-06 21:25:59,2025-07-06 21:27:40,101,0.03
3867,L09,#56,GW252/13600,(2)停机状态,2,2025-07-06 21:25:27,2025-07-06 21:25:59,32,0.01
3868,L09,#56,GW252/13600,(1)停机过程,1,2025-07-06 21:24:56,2025-07-06 21:25:27,31,0.01
3869,L09,#56,GW252/13600,(4)启机状态,4,2025-07-06 21:19:57,2025-07-06 21:24:56,299,0.08
3870,L09,#56,GW252/13600,(3)待机状态,3,2025-07-06 20:50:45,2025-07-06 21:19:57,1752,0.49
3871,L09,#56,GW252/13600,(2)停机状态,2,2025-07-06 20:50:44,2025-07-06 20:50:45,1,0
3872,L09,#56,GW252/13600,(1)停机过程,1,2025-07-06 20:50:12,2025-07-06 20:50:44,32,0.01
3873,L09,#56,GW252/13600,(4)启机状态,4,2025-07-06 20:45:12,2025-07-06 20:50:12,300,0.08
3874,L09,#56,GW252/13600,(3)待机状态,3,2025-07-06 20:41:39,2025-07-06 20:45:12,213,0.06
3875,L09,#56,GW252/13600,(2)停机状态,2,2025-07-06 20:39:05,2025-07-06 20:41:39,154,0.04
3876,L09,#56,GW252/13600,(1)停机过程,1,2025-07-06 20:38:09,2025-07-06 20:39:05,56,0.02
3877,L09,#56,GW252/13600,(5)发电状态,5,2025-07-06 18:30:56,2025-07-06 20:38:09,7633,2.12
3878,L09,#56,GW252/13600,(4)启机状态,4,2025-07-06 18:28:21,2025-07-06 18:30:56,155,0.04
3879,L09,#56,GW252/13600,(3)待机状态,3,2025-07-06 18:27:17,2025-07-06 18:28:21,64,0.02
3880,L09,#56,GW252/13600,(2)停机状态,2,2025-07-06 18:27:15,2025-07-06 18:27:17,2,0
3881,L09,#56,GW252/13600,(1)停机过程,1,2025-07-06 18:26:44,2025-07-06 18:27:15,31,0.01
3882,L09,#56,GW252/13600,(4)启机状态,4,2025-07-06 18:21:44,2025-07-06 18:26:44,300,0.08
3883,L09,#56,GW252/13600,(3)待机状态,3,2025-07-06 16:14:44,2025-07-06 18:21:44,7620,2.12
3884,L09,#56,GW252/13600,(2)停机状态,2,2025-07-06 16:09:07,2025-07-06 16:14:44,337,0.09
3885,L09,#56,GW252/13600,(1)停机过程,1,2025-07-06 16:08:35,2025-07-06 16:09:07,32,0.01
3886,L09,#56,GW252/13600,(4)启机状态,4,2025-07-06 16:03:36,2025-07-06 16:08:35,299,0.08
3887,L09,#56,GW252/13600,(3)待机状态,3,2025-07-06 16:01:01,2025-07-06 16:03:36,155,0.04
3888,L09,#56,GW252/13600,(2)停机状态,2,2025-07-06 16:00:59,2025-07-06 16:01:01,2,0
3889,L09,#56,GW252/13600,(1)停机过程,1,2025-07-06 16:00:27,2025-07-06 16:00:59,32,0.01
3890,L09,#56,GW252/13600,(4)启机状态,4,2025-07-06 15:55:27,2025-07-06 16:00:27,300,0.08
3891,L09,#56,GW252/13600,(3)待机状态,3,2025-07-06 15:42:16,2025-07-06 15:55:27,791,0.22
3892,L09,#56,GW252/13600,(2)停机状态,2,2025-07-06 15:42:12,2025-07-06 15:42:16,4,0
3893,L09,#56,GW252/13600,(1)停机过程,1,2025-07-06 15:41:42,2025-07-06 15:42:12,30,0.01
3894,L09,#56,GW252/13600,(4)启机状态,4,2025-07-06 15:36:42,2025-07-06 15:41:42,300,0.08
3895,L09,#56,GW252/13600,(3)待机状态,3,2025-07-06 15:34:14,2025-07-06 15:36:42,148,0.04
3896,L09,#56,GW252/13600,(2)停机状态,2,2025-07-06 15:34:12,2025-07-06 15:34:14,2,0
3897,L09,#56,GW252/13600,(1)停机过程,1,2025-07-06 15:33:39,2025-07-06 15:34:12,33,0.01
3898,L09,#56,GW252/13600,(4)启机状态,4,2025-07-06 15:28:39,2025-07-06 15:33:39,300,0.08
3899,L09,#56,GW252/13600,(3)待机状态,3,2025-07-06 15:27:32,2025-07-06 15:28:39,67,0.02
3900,L09,#56,GW252/13600,(2)停机状态,2,2025-07-06 15:27:31,2025-07-06 15:27:32,1,0
3901,L09,#56,GW252/13600,(1)停机过程,1,2025-07-06 15:27:00,2025-07-06 15:27:31,31,0.01
3902,L09,#56,GW252/13600,(4)启机状态,4,2025-07-06 15:21:59,2025-07-06 15:27:00,301,0.08
3903,L09,#56,GW252/13600,(3)待机状态,3,2025-07-06 15:20:22,2025-07-06 15:21:59,97,0.03
3904,L09,#56,GW252/13600,(2)停机状态,2,2025-07-06 15:17:19,2025-07-06 15:20:22,183,0.05
3905,L09,#56,GW252/13600,(1)停机过程,1,2025-07-06 15:16:24,2025-07-06 15:17:19,55,0.02
3906,L09,#56,GW252/13600,(5)发电状态,5,2025-07-06 14:39:52,2025-07-06 15:16:24,2192,0.61
3907,L09,#56,GW252/13600,(4)启机状态,4,2025-07-06 14:38:01,2025-07-06 14:39:52,111,0.03
3908,L09,#56,GW252/13600,(3)待机状态,3,2025-07-06 14:37:07,2025-07-06 14:38:01,54,0.02
3909,L09,#56,GW252/13600,(2)停机状态,2,2025-07-06 14:37:06,2025-07-06 14:37:07,1,0
3910,L09,#56,GW252/13600,(1)停机过程,1,2025-07-06 14:36:12,2025-07-06 14:37:06,54,0.02
3911,L09,#56,GW252/13600,(4)启机状态,4,2025-07-06 14:31:12,2025-07-06 14:36:12,300,0.08
3912,L09,#56,GW252/13600,(3)待机状态,3,2025-07-06 14:30:10,2025-07-06 14:31:12,62,0.02
3913,L09,#56,GW252/13600,(2)停机状态,2,2025-07-06 14:30:09,2025-07-06 14:30:10,1,0
3914,L09,#56,GW252/13600,(1)停机过程,1,2025-07-06 14:29:36,2025-07-06 14:30:09,33,0.01
3915,L09,#56,GW252/13600,(4)启机状态,4,2025-07-06 14:24:36,2025-07-06 14:29:36,300,0.08
3916,L09,#56,GW252/13600,(3)待机状态,3,2025-07-06 14:23:29,2025-07-06 14:24:36,67,0.02
3917,L09,#56,GW252/13600,(2)停机状态,2,2025-07-06 14:23:27,2025-07-06 14:23:29,2,0
3918,L09,#56,GW252/13600,(1)停机过程,1,2025-07-06 14:22:56,2025-07-06 14:23:27,31,0.01
3919,L09,#56,GW252/13600,(4)启机状态,4,2025-07-06 14:17:56,2025-07-06 14:22:56,300,0.08
3920,L09,#56,GW252/13600,(3)待机状态,3,2025-07-06 14:16:36,2025-07-06 14:17:56,80,0.02
3921,L09,#56,GW252/13600,(2)停机状态,2,2025-07-06 14:16:35,2025-07-06 14:16:36,1,0
3922,L09,#56,GW252/13600,(1)停机过程,1,2025-07-06 14:16:04,2025-07-06 14:16:35,31,0.01
3923,L09,#56,GW252/13600,(4)启机状态,4,2025-07-06 14:11:04,2025-07-06 14:16:04,300,0.08
3924,L09,#56,GW252/13600,(3)待机状态,3,2025-07-06 14:10:02,2025-07-06 14:11:04,62,0.02
3925,L09,#56,GW252/13600,(2)停机状态,2,2025-07-06 14:10:01,2025-07-06 14:10:02,1,0
3926,L09,#56,GW252/13600,(1)停机过程,1,2025-07-06 14:09:30,2025-07-06 14:10:01,31,0.01
3927,L09,#56,GW252/13600,(4)启机状态,4,2025-07-06 14:04:30,2025-07-06 14:09:30,300,0.08
3928,L09,#56,GW252/13600,(3)待机状态,3,2025-07-06 14:03:05,2025-07-06 14:04:30,85,0.02
3929,L09,#56,GW252/13600,(2)停机状态,2,2025-07-06 14:03:04,2025-07-06 14:03:05,1,0
3930,L09,#56,GW252/13600,(1)停机过程,1,2025-07-06 14:02:34,2025-07-06 14:03:04,30,0.01
3931,L09,#56,GW252/13600,(4)启机状态,4,2025-07-06 13:57:34,2025-07-06 14:02:34,300,0.08
3932,L09,#56,GW252/13600,(3)待机状态,3,2025-07-06 13:56:30,2025-07-06 13:57:34,64,0.02
3933,L09,#56,GW252/13600,(1)停机过程,1,2025-07-06 13:55:58,2025-07-06 13:56:30,32,0.01
3934,L09,#56,GW252/13600,(4)启机状态,4,2025-07-06 13:50:57,2025-07-06 13:55:58,301,0.08
3935,L09,#56,GW252/13600,(3)待机状态,3,2025-07-06 13:49:49,2025-07-06 13:50:57,68,0.02
3936,L09,#56,GW252/13600,(2)停机状态,2,2025-07-06 13:49:48,2025-07-06 13:49:49,1,0
3937,L09,#56,GW252/13600,(1)停机过程,1,2025-07-06 13:49:18,2025-07-06 13:49:48,30,0.01
3938,L09,#56,GW252/13600,(4)启机状态,4,2025-07-06 13:44:17,2025-07-06 13:49:18,301,0.08
3939,L09,#56,GW252/13600,(3)待机状态,3,2025-07-06 13:42:56,2025-07-06 13:44:17,81,0.02
3940,L09,#56,GW252/13600,(2)停机状态,2,2025-07-06 13:42:54,2025-07-06 13:42:56,2,0
3941,L09,#56,GW252/13600,(1)停机过程,1,2025-07-06 13:42:22,2025-07-06 13:42:54,32,0.01
3942,L09,#56,GW252/13600,(4)启机状态,4,2025-07-06 13:37:23,2025-07-06 13:42:22,299,0.08
3943,L09,#56,GW252/13600,(3)待机状态,3,2025-07-06 13:35:53,2025-07-06 13:37:23,90,0.03
3944,L09,#56,GW252/13600,(2)停机状态,2,2025-07-06 13:35:51,2025-07-06 13:35:53,2,0
3945,L09,#56,GW252/13600,(1)停机过程,1,2025-07-06 13:35:20,2025-07-06 13:35:51,31,0.01
3946,L09,#56,GW252/13600,(4)启机状态,4,2025-07-06 13:30:19,2025-07-06 13:35:20,301,0.08
3947,L09,#56,GW252/13600,(3)待机状态,3,2025-07-06 13:21:15,2025-07-06 13:30:19,544,0.15
3948,L09,#56,GW252/13600,(2)停机状态,2,2025-07-06 13:21:14,2025-07-06 13:21:15,1,0
3949,L09,#56,GW252/13600,(1)停机过程,1,2025-07-06 13:20:42,2025-07-06 13:21:14,32,0.01
3950,L09,#56,GW252/13600,(4)启机状态,4,2025-07-06 13:15:43,2025-07-06 13:20:42,299,0.08
3951,L09,#56,GW252/13600,(3)待机状态,3,2025-07-06 13:14:05,2025-07-06 13:15:43,98,0.03
3952,L09,#56,GW252/13600,(2)停机状态,2,2025-07-06 13:14:03,2025-07-06 13:14:05,2,0
3953,L09,#56,GW252/13600,(1)停机过程,1,2025-07-06 13:13:32,2025-07-06 13:14:03,31,0.01
3954,L09,#56,GW252/13600,(4)启机状态,4,2025-07-06 13:08:31,2025-07-06 13:13:32,301,0.08
3955,L09,#56,GW252/13600,(3)待机状态,3,2025-07-06 13:05:46,2025-07-06 13:08:31,165,0.05
3956,L09,#56,GW252/13600,(2)停机状态,2,2025-07-06 13:05:45,2025-07-06 13:05:46,1,0
3957,L09,#56,GW252/13600,(1)停机过程,1,2025-07-06 13:05:14,2025-07-06 13:05:45,31,0.01
3958,L09,#56,GW252/13600,(4)启机状态,4,2025-07-06 13:00:14,2025-07-06 13:05:14,300,0.08
3959,L09,#56,GW252/13600,(3)待机状态,3,2025-07-06 09:08:17,2025-07-06 13:00:14,13917,3.87
3960,L09,#56,GW252/13600,(2)停机状态,2,2025-07-06 09:07:49,2025-07-06 09:08:17,28,0.01
3961,L09,#56,GW252/13600,(1)停机过程,1,2025-07-06 09:06:54,2025-07-06 09:07:49,55,0.02
3962,L09,#56,GW252/13600,(5)发电状态,5,2025-07-06 08:13:56,2025-07-06 09:06:54,3178,0.88
3963,L09,#56,GW252/13600,(4)启机状态,4,2025-07-06 08:11:20,2025-07-06 08:13:56,156,0.04
3964,L09,#56,GW252/13600,(3)待机状态,3,2025-07-06 08:10:01,2025-07-06 08:11:20,79,0.02
3965,L09,#56,GW252/13600,(2)停机状态,2,2025-07-06 08:04:49,2025-07-06 08:10:01,312,0.09
3966,L09,#56,GW252/13600,(1)停机过程,1,2025-07-06 08:03:55,2025-07-06 08:04:49,54,0.02
3967,L09,#56,GW252/13600,(5)发电状态,5,2025-07-06 06:25:03,2025-07-06 08:03:55,5932,1.65
3968,L09,#56,GW252/13600,(4)启机状态,4,2025-07-06 06:22:52,2025-07-06 06:25:03,131,0.04
3969,L09,#56,GW252/13600,(3)待机状态,3,2025-07-06 03:10:49,2025-07-06 06:22:52,11523,3.2
3970,L09,#56,GW252/13600,(2)停机状态,2,2025-07-06 03:05:12,2025-07-06 03:10:49,337,0.09
3971,L09,#56,GW252/13600,(1)停机过程,1,2025-07-06 03:04:41,2025-07-06 03:05:12,31,0.01
3972,L09,#56,GW252/13600,(4)启机状态,4,2025-07-06 02:59:41,2025-07-06 03:04:41,300,0.08
3973,L09,#56,GW252/13600,(3)待机状态,3,2025-07-06 02:54:41,2025-07-06 02:59:41,300,0.08
3974,L09,#56,GW252/13600,(2)停机状态,2,2025-07-06 02:49:04,2025-07-06 02:54:41,337,0.09
3975,L09,#56,GW252/13600,(1)停机过程,1,2025-07-06 02:48:09,2025-07-06 02:49:04,55,0.02
3976,L09,#56,GW252/13600,(5)发电状态,5,2025-07-05 20:15:39,2025-07-06 02:48:09,23550,6.54
3977,L09,#56,GW252/13600,(4)启机状态,4,2025-07-05 20:11:16,2025-07-05 20:15:39,263,0.07
3978,L09,#56,GW252/13600,(3)待机状态,3,2025-07-05 20:10:17,2025-07-05 20:11:16,59,0.02
3979,L09,#56,GW252/13600,(2)停机状态,2,2025-07-05 20:10:15,2025-07-05 20:10:17,2,0
3980,L09,#56,GW252/13600,(1)停机过程,1,2025-07-05 20:09:44,2025-07-05 20:10:15,31,0.01
3981,L09,#56,GW252/13600,(4)启机状态,4,2025-07-05 20:04:44,2025-07-05 20:09:44,300,0.08
3982,L09,#56,GW252/13600,(3)待机状态,3,2025-07-05 20:03:39,2025-07-05 20:04:44,65,0.02
3983,L09,#56,GW252/13600,(2)停机状态,2,2025-07-05 20:03:38,2025-07-05 20:03:39,1,0
3984,L09,#56,GW252/13600,(1)停机过程,1,2025-07-05 20:03:08,2025-07-05 20:03:38,30,0.01
3985,L09,#56,GW252/13600,(4)启机状态,4,2025-07-05 19:58:06,2025-07-05 20:03:08,302,0.08
3986,L09,#56,GW252/13600,(3)待机状态,3,2025-07-05 19:57:06,2025-07-05 19:58:06,60,0.02
3987,L09,#56,GW252/13600,(2)停机状态,2,2025-07-05 19:57:05,2025-07-05 19:57:06,1,0
3988,L09,#56,GW252/13600,(1)停机过程,1,2025-07-05 19:56:32,2025-07-05 19:57:05,33,0.01
3989,L09,#56,GW252/13600,(4)启机状态,4,2025-07-05 19:51:32,2025-07-05 19:56:32,300,0.08
3990,L09,#56,GW252/13600,(3)待机状态,3,2025-07-05 19:50:22,2025-07-05 19:51:32,70,0.02
3991,L09,#56,GW252/13600,(2)停机状态,2,2025-07-05 19:14:51,2025-07-05 19:50:22,2131,0.59
3992,L09,#56,GW252/13600,(1)停机过程,1,2025-07-05 19:14:18,2025-07-05 19:14:51,33,0.01
3993,L09,#56,GW252/13600,(4)启机状态,4,2025-07-05 19:09:18,2025-07-05 19:14:18,300,0.08
3994,L09,#56,GW252/13600,(3)待机状态,3,2025-07-05 13:29:32,2025-07-05 19:09:18,20386,5.66
3995,L09,#56,GW252/13600,(2)停机状态,2,2025-07-05 13:27:29,2025-07-05 13:29:32,123,0.03
3996,L09,#56,GW252/13600,(1)停机过程,1,2025-07-05 13:27:19,2025-07-05 13:27:29,10,0
3997,L09,#56,GW252/13600,(9)维护状态,9,2025-07-05 13:16:05,2025-07-05 13:27:19,674,0.19
3998,L09,#56,GW252/13600,(2)停机状态,2,2025-07-05 13:11:35,2025-07-05 13:16:05,270,0.08
3999,L09,#56,GW252/13600,(1)停机过程,1,2025-07-05 13:11:30,2025-07-05 13:11:35,5,0
4000,L09,#56,GW252/13600,(9)维护状态,9,2025-07-05 12:19:40,2025-07-05 13:11:30,3110,0.86
4001,L09,#56,GW252/13600,(2)停机状态,2,2025-07-05 12:15:50,2025-07-05 12:19:40,230,0.06
4002,L09,#56,GW252/13600,(1)停机过程,1,2025-07-05 12:15:18,2025-07-05 12:15:50,32,0.01
4003,L09,#56,GW252/13600,(3)待机状态,3,2025-07-05 10:23:24,2025-07-05 12:15:18,6714,1.87
4004,L09,#56,GW252/13600,(2)停机状态,2,2025-07-05 10:21:35,2025-07-05 10:23:24,109,0.03
4005,L09,#56,GW252/13600,(1)停机过程,1,2025-07-05 10:20:40,2025-07-05 10:21:35,55,0.02
4006,L09,#56,GW252/13600,(5)发电状态,5,2025-07-05 08:03:23,2025-07-05 10:20:40,8237,2.29
4007,L09,#56,GW252/13600,(4)启机状态,4,2025-07-05 08:00:14,2025-07-05 08:03:23,189,0.05
4008,L09,#56,GW252/13600,(3)待机状态,3,2025-07-05 07:59:16,2025-07-05 08:00:14,58,0.02
4009,L09,#56,GW252/13600,(1)停机过程,1,2025-07-05 07:58:20,2025-07-05 07:59:16,56,0.02
4010,L09,#56,GW252/13600,(4)启机状态,4,2025-07-05 07:53:20,2025-07-05 07:58:20,300,0.08
4011,L09,#56,GW252/13600,(3)待机状态,3,2025-07-05 07:52:19,2025-07-05 07:53:20,61,0.02
4012,L09,#56,GW252/13600,(2)停机状态,2,2025-07-05 07:52:18,2025-07-05 07:52:19,1,0
4013,L09,#56,GW252/13600,(1)停机过程,1,2025-07-05 07:51:47,2025-07-05 07:52:18,31,0.01
4014,L09,#56,GW252/13600,(4)启机状态,4,2025-07-05 07:46:47,2025-07-05 07:51:47,300,0.08
4015,L09,#56,GW252/13600,(3)待机状态,3,2025-07-05 07:45:40,2025-07-05 07:46:47,67,0.02
4016,L09,#56,GW252/13600,(2)停机状态,2,2025-07-05 07:45:37,2025-07-05 07:45:40,3,0
4017,L09,#56,GW252/13600,(1)停机过程,1,2025-07-05 07:45:05,2025-07-05 07:45:37,32,0.01
4018,L09,#56,GW252/13600,(4)启机状态,4,2025-07-05 07:40:05,2025-07-05 07:45:05,300,0.08
4019,L09,#56,GW252/13600,(3)待机状态,3,2025-07-05 07:38:37,2025-07-05 07:40:05,88,0.02
4020,L09,#56,GW252/13600,(2)停机状态,2,2025-07-05 07:38:36,2025-07-05 07:38:37,1,0
4021,L09,#56,GW252/13600,(1)停机过程,1,2025-07-05 07:38:04,2025-07-05 07:38:36,32,0.01
4022,L09,#56,GW252/13600,(4)启机状态,4,2025-07-05 07:33:03,2025-07-05 07:38:04,301,0.08
4023,L09,#56,GW252/13600,(3)待机状态,3,2025-07-05 07:31:44,2025-07-05 07:33:03,79,0.02
4024,L09,#56,GW252/13600,(2)停机状态,2,2025-07-05 07:31:31,2025-07-05 07:31:44,13,0
4025,L09,#56,GW252/13600,(1)停机过程,1,2025-07-05 07:30:59,2025-07-05 07:31:31,32,0.01
4026,L09,#56,GW252/13600,(4)启机状态,4,2025-07-05 07:25:59,2025-07-05 07:30:59,300,0.08
4027,L09,#56,GW252/13600,(3)待机状态,3,2025-07-05 07:24:49,2025-07-05 07:25:59,70,0.02
4028,L09,#56,GW252/13600,(2)停机状态,2,2025-07-05 07:24:47,2025-07-05 07:24:49,2,0
4029,L09,#56,GW252/13600,(1)停机过程,1,2025-07-05 07:24:15,2025-07-05 07:24:47,32,0.01
4030,L09,#56,GW252/13600,(4)启机状态,4,2025-07-05 07:19:15,2025-07-05 07:24:15,300,0.08
4031,L09,#56,GW252/13600,(3)待机状态,3,2025-07-05 07:17:59,2025-07-05 07:19:15,76,0.02
4032,L09,#56,GW252/13600,(2)停机状态,2,2025-07-05 07:17:58,2025-07-05 07:17:59,1,0
4033,L09,#56,GW252/13600,(1)停机过程,1,2025-07-05 07:17:25,2025-07-05 07:17:58,33,0.01
4034,L09,#56,GW252/13600,(4)启机状态,4,2025-07-05 07:12:25,2025-07-05 07:17:25,300,0.08
4035,L09,#56,GW252/13600,(3)待机状态,3,2025-07-05 07:11:02,2025-07-05 07:12:25,83,0.02
4036,L09,#56,GW252/13600,(2)停机状态,2,2025-07-05 07:11:01,2025-07-05 07:11:02,1,0
4037,L09,#56,GW252/13600,(1)停机过程,1,2025-07-05 07:10:29,2025-07-05 07:11:01,32,0.01
4038,L09,#56,GW252/13600,(4)启机状态,4,2025-07-05 07:05:29,2025-07-05 07:10:29,300,0.08
4039,L09,#56,GW252/13600,(3)待机状态,3,2025-07-05 07:04:21,2025-07-05 07:05:29,68,0.02
4040,L09,#56,GW252/13600,(2)停机状态,2,2025-07-05 07:04:20,2025-07-05 07:04:21,1,0
4041,L09,#56,GW252/13600,(1)停机过程,1,2025-07-05 07:03:47,2025-07-05 07:04:20,33,0.01
4042,L09,#56,GW252/13600,(4)启机状态,4,2025-07-05 06:58:48,2025-07-05 07:03:47,299,0.08
4043,L09,#56,GW252/13600,(3)待机状态,3,2025-07-05 06:57:04,2025-07-05 06:58:48,104,0.03
4044,L09,#56,GW252/13600,(2)停机状态,2,2025-07-05 06:57:03,2025-07-05 06:57:04,1,0
4045,L09,#56,GW252/13600,(1)停机过程,1,2025-07-05 06:56:31,2025-07-05 06:57:03,32,0.01
4046,L09,#56,GW252/13600,(4)启机状态,4,2025-07-05 06:51:31,2025-07-05 06:56:31,300,0.08
4047,L09,#56,GW252/13600,(3)待机状态,3,2025-07-05 06:50:22,2025-07-05 06:51:31,69,0.02
4048,L09,#56,GW252/13600,(2)停机状态,2,2025-07-05 06:50:21,2025-07-05 06:50:22,1,0
4049,L09,#56,GW252/13600,(1)停机过程,1,2025-07-05 06:49:50,2025-07-05 06:50:21,31,0.01
4050,L09,#56,GW252/13600,(4)启机状态,4,2025-07-05 06:44:50,2025-07-05 06:49:50,300,0.08
4051,L09,#56,GW252/13600,(3)待机状态,3,2025-07-05 06:33:03,2025-07-05 06:44:50,707,0.2
4052,L09,#56,GW252/13600,(2)停机状态,2,2025-07-05 06:33:01,2025-07-05 06:33:03,2,0
4053,L09,#56,GW252/13600,(1)停机过程,1,2025-07-05 06:32:29,2025-07-05 06:33:01,32,0.01
4054,L09,#56,GW252/13600,(4)启机状态,4,2025-07-05 06:27:30,2025-07-05 06:32:29,299,0.08
4055,L09,#56,GW252/13600,(3)待机状态,3,2025-07-05 06:01:56,2025-07-05 06:27:30,1534,0.43
4056,L09,#56,GW252/13600,(2)停机状态,2,2025-07-05 06:01:54,2025-07-05 06:01:56,2,0
4057,L09,#56,GW252/13600,(1)停机过程,1,2025-07-05 06:01:22,2025-07-05 06:01:54,32,0.01
4058,L09,#56,GW252/13600,(4)启机状态,4,2025-07-05 05:56:22,2025-07-05 06:01:22,300,0.08
4059,L09,#56,GW252/13600,(3)待机状态,3,2025-07-05 05:54:39,2025-07-05 05:56:22,103,0.03
4060,L09,#56,GW252/13600,(2)停机状态,2,2025-07-05 05:54:37,2025-07-05 05:54:39,2,0
4061,L09,#56,GW252/13600,(1)停机过程,1,2025-07-05 05:54:05,2025-07-05 05:54:37,32,0.01
4062,L09,#56,GW252/13600,(4)启机状态,4,2025-07-05 05:49:05,2025-07-05 05:54:05,300,0.08
4063,L09,#56,GW252/13600,(3)待机状态,3,2025-07-05 01:00:04,2025-07-05 05:49:05,17341,4.82
4064,L09,#56,GW252/13600,(2)停机状态,2,2025-07-05 00:59:54,2025-07-05 01:00:04,10,0
4065,L09,#56,GW252/13600,(1)停机过程,1,2025-07-05 00:59:44,2025-07-05 00:59:54,10,0
4066,L09,#56,GW252/13600,(9)维护状态,9,2025-07-05 00:58:38,2025-07-05 00:59:44,66,0.02
4067,L09,#56,GW252/13600,(2)停机状态,2,2025-07-05 00:54:14,2025-07-05 00:58:38,264,0.07
4068,L09,#56,GW252/13600,(0)初始化,0,2025-07-05 00:53:05,2025-07-05 00:54:14,69,0.02
4069,L09,#56,GW252/13600,(9)维护状态,9,2025-07-05 00:49:49,2025-07-05 00:53:05,196,0.05
4070,L09,#56,GW252/13600,(2)停机状态,2,2025-07-05 00:49:46,2025-07-05 00:49:49,3,0
4071,L09,#56,GW252/13600,(1)停机过程,1,2025-07-05 00:49:15,2025-07-05 00:49:46,31,0.01
4072,L09,#56,GW252/13600,(3)待机状态,3,2025-07-05 00:37:51,2025-07-05 00:49:15,684,0.19
4073,L09,#56,GW252/13600,(2)停机状态,2,2025-07-05 00:37:49,2025-07-05 00:37:51,2,0
4074,L09,#56,GW252/13600,(1)停机过程,1,2025-07-05 00:37:18,2025-07-05 00:37:49,31,0.01
4075,L09,#56,GW252/13600,(4)启机状态,4,2025-07-05 00:32:18,2025-07-05 00:37:18,300,0.08
4076,L09,#56,GW252/13600,(3)待机状态,3,2025-07-05 00:31:17,2025-07-05 00:32:18,61,0.02
4077,L09,#56,GW252/13600,(2)停机状态,2,2025-07-05 00:31:16,2025-07-05 00:31:17,1,0
4078,L09,#56,GW252/13600,(1)停机过程,1,2025-07-05 00:30:43,2025-07-05 00:31:16,33,0.01
4079,L09,#56,GW252/13600,(4)启机状态,4,2025-07-05 00:25:43,2025-07-05 00:30:43,300,0.08
4080,L09,#56,GW252/13600,(3)待机状态,3,2025-07-05 00:09:58,2025-07-05 00:25:43,945,0.26
4081,L09,#56,GW252/13600,(2)停机状态,2,2025-07-05 00:07:06,2025-07-05 00:09:58,172,0.05
4082,L09,#56,GW252/13600,(1)停机过程,1,2025-07-05 00:06:34,2025-07-05 00:07:06,32,0.01
4083,L09,#56,GW252/13600,(4)启机状态,4,2025-07-05 00:01:33,2025-07-05 00:06:34,301,0.08
4084,L09,#56,GW252/13600,(3)待机状态,3,2025-07-04 23:38:42,2025-07-05 00:01:33,1371,0.38
4085,L09,#56,GW252/13600,(2)停机状态,2,2025-07-04 23:33:05,2025-07-04 23:38:42,337,0.09
4086,L09,#56,GW252/13600,(1)停机过程,1,2025-07-04 23:32:33,2025-07-04 23:33:05,32,0.01
4087,L09,#56,GW252/13600,(4)启机状态,4,2025-07-04 23:27:33,2025-07-04 23:32:33,300,0.08
4088,L09,#56,GW252/13600,(3)待机状态,3,2025-07-04 23:26:05,2025-07-04 23:27:33,88,0.02
4089,L09,#56,GW252/13600,(2)停机状态,2,2025-07-04 23:24:30,2025-07-04 23:26:05,95,0.03
4090,L09,#56,GW252/13600,(1)停机过程,1,2025-07-04 23:23:58,2025-07-04 23:24:30,32,0.01
4091,L09,#56,GW252/13600,(4)启机状态,4,2025-07-04 23:18:59,2025-07-04 23:23:58,299,0.08
4092,L09,#56,GW252/13600,(3)待机状态,3,2025-07-04 23:16:39,2025-07-04 23:18:59,140,0.04
4093,L09,#56,GW252/13600,(2)停机状态,2,2025-07-04 23:15:06,2025-07-04 23:16:39,93,0.03
4094,L09,#56,GW252/13600,(1)停机过程,1,2025-07-04 23:14:34,2025-07-04 23:15:06,32,0.01
4095,L09,#56,GW252/13600,(4)启机状态,4,2025-07-04 23:09:34,2025-07-04 23:14:34,300,0.08
4096,L09,#56,GW252/13600,(3)待机状态,3,2025-07-04 23:06:03,2025-07-04 23:09:34,211,0.06
4097,L09,#56,GW252/13600,(2)停机状态,2,2025-07-04 23:04:55,2025-07-04 23:06:03,68,0.02
4098,L09,#56,GW252/13600,(1)停机过程,1,2025-07-04 23:04:24,2025-07-04 23:04:55,31,0.01
4099,L09,#56,GW252/13600,(4)启机状态,4,2025-07-04 22:59:24,2025-07-04 23:04:24,300,0.08
4100,L09,#56,GW252/13600,(3)待机状态,3,2025-07-04 22:56:30,2025-07-04 22:59:24,174,0.05
4101,L09,#56,GW252/13600,(2)停机状态,2,2025-07-04 22:53:58,2025-07-04 22:56:30,152,0.04
4102,L09,#56,GW252/13600,(1)停机过程,1,2025-07-04 22:53:25,2025-07-04 22:53:58,33,0.01
4103,L09,#56,GW252/13600,(4)启机状态,4,2025-07-04 22:48:25,2025-07-04 22:53:25,300,0.08
4104,L09,#56,GW252/13600,(3)待机状态,3,2025-07-04 22:47:01,2025-07-04 22:48:25,84,0.02
4105,L09,#56,GW252/13600,(2)停机状态,2,2025-07-04 22:46:55,2025-07-04 22:47:01,6,0
4106,L09,#56,GW252/13600,(1)停机过程,1,2025-07-04 22:46:01,2025-07-04 22:46:55,54,0.02
4107,L09,#56,GW252/13600,(5)发电状态,5,2025-07-04 22:38:05,2025-07-04 22:46:01,476,0.13
4108,L09,#56,GW252/13600,(4)启机状态,4,2025-07-04 22:33:43,2025-07-04 22:38:05,262,0.07
4109,L09,#56,GW252/13600,(3)待机状态,3,2025-07-04 22:32:32,2025-07-04 22:33:43,71,0.02
4110,L09,#56,GW252/13600,(1)停机过程,1,2025-07-04 22:32:00,2025-07-04 22:32:32,32,0.01
4111,L09,#56,GW252/13600,(4)启机状态,4,2025-07-04 22:27:00,2025-07-04 22:32:00,300,0.08
4112,L09,#56,GW252/13600,(3)待机状态,3,2025-07-04 22:13:03,2025-07-04 22:27:00,837,0.23
4113,L09,#56,GW252/13600,(2)停机状态,2,2025-07-04 22:13:01,2025-07-04 22:13:03,2,0
4114,L09,#56,GW252/13600,(1)停机过程,1,2025-07-04 22:12:30,2025-07-04 22:13:01,31,0.01
4115,L09,#56,GW252/13600,(4)启机状态,4,2025-07-04 22:07:29,2025-07-04 22:12:30,301,0.08
4116,L09,#56,GW252/13600,(3)待机状态,3,2025-07-04 22:06:06,2025-07-04 22:07:29,83,0.02
4117,L09,#56,GW252/13600,(2)停机状态,2,2025-07-04 22:06:04,2025-07-04 22:06:06,2,0
4118,L09,#56,GW252/13600,(1)停机过程,1,2025-07-04 22:05:33,2025-07-04 22:06:04,31,0.01
4119,L09,#56,GW252/13600,(4)启机状态,4,2025-07-04 22:00:34,2025-07-04 22:05:33,299,0.08
4120,L09,#56,GW252/13600,(3)待机状态,3,2025-07-04 21:59:19,2025-07-04 22:00:34,75,0.02
4121,L09,#56,GW252/13600,(2)停机状态,2,2025-07-04 21:59:18,2025-07-04 21:59:19,1,0
4122,L09,#56,GW252/13600,(1)停机过程,1,2025-07-04 21:58:45,2025-07-04 21:59:18,33,0.01
4123,L09,#56,GW252/13600,(4)启机状态,4,2025-07-04 21:53:45,2025-07-04 21:58:45,300,0.08
4124,L09,#56,GW252/13600,(3)待机状态,3,2025-07-04 21:52:14,2025-07-04 21:53:45,91,0.03
4125,L09,#56,GW252/13600,(2)停机状态,2,2025-07-04 21:52:13,2025-07-04 21:52:14,1,0
4126,L09,#56,GW252/13600,(1)停机过程,1,2025-07-04 21:51:41,2025-07-04 21:52:13,32,0.01
4127,L09,#56,GW252/13600,(4)启机状态,4,2025-07-04 21:46:41,2025-07-04 21:51:41,300,0.08
4128,L09,#56,GW252/13600,(3)待机状态,3,2025-07-04 21:30:52,2025-07-04 21:46:41,949,0.26
4129,L09,#56,GW252/13600,(2)停机状态,2,2025-07-04 21:30:43,2025-07-04 21:30:52,9,0
4130,L09,#56,GW252/13600,(1)停机过程,1,2025-07-04 21:29:48,2025-07-04 21:30:43,55,0.02
4131,L09,#56,GW252/13600,(5)发电状态,5,2025-07-04 15:28:02,2025-07-04 21:29:48,21706,6.03
4132,L09,#56,GW252/13600,(4)启机状态,4,2025-07-04 15:24:09,2025-07-04 15:28:02,233,0.06
4133,L09,#56,GW252/13600,(3)待机状态,3,2025-07-04 15:23:08,2025-07-04 15:24:09,61,0.02
4134,L09,#56,GW252/13600,(2)停机状态,2,2025-07-04 15:23:07,2025-07-04 15:23:08,1,0
4135,L09,#56,GW252/13600,(1)停机过程,1,2025-07-04 15:22:34,2025-07-04 15:23:07,33,0.01
4136,L09,#56,GW252/13600,(4)启机状态,4,2025-07-04 15:17:34,2025-07-04 15:22:34,300,0.08
4137,L09,#56,GW252/13600,(3)待机状态,3,2025-07-04 15:13:22,2025-07-04 15:17:34,252,0.07
4138,L09,#56,GW252/13600,(2)停机状态,2,2025-07-04 15:13:20,2025-07-04 15:13:22,2,0
4139,L09,#56,GW252/13600,(1)停机过程,1,2025-07-04 15:12:47,2025-07-04 15:13:20,33,0.01
4140,L09,#56,GW252/13600,(4)启机状态,4,2025-07-04 15:07:47,2025-07-04 15:12:47,300,0.08
4141,L09,#56,GW252/13600,(3)待机状态,3,2025-07-04 15:06:20,2025-07-04 15:07:47,87,0.02
4142,L09,#56,GW252/13600,(1)停机过程,1,2025-07-04 15:05:47,2025-07-04 15:06:20,33,0.01
4143,L09,#56,GW252/13600,(4)启机状态,4,2025-07-04 15:00:47,2025-07-04 15:05:47,300,0.08
4144,L09,#56,GW252/13600,(3)待机状态,3,2025-07-04 14:59:30,2025-07-04 15:00:47,77,0.02
4145,L09,#56,GW252/13600,(2)停机状态,2,2025-07-04 14:59:28,2025-07-04 14:59:30,2,0
4146,L09,#56,GW252/13600,(1)停机过程,1,2025-07-04 14:58:58,2025-07-04 14:59:28,30,0.01
4147,L09,#56,GW252/13600,(4)启机状态,4,2025-07-04 14:53:58,2025-07-04 14:58:58,300,0.08
4148,L09,#56,GW252/13600,(3)待机状态,3,2025-07-04 14:52:57,2025-07-04 14:53:58,61,0.02
4149,L09,#56,GW252/13600,(2)停机状态,2,2025-07-04 14:52:56,2025-07-04 14:52:57,1,0
4150,L09,#56,GW252/13600,(1)停机过程,1,2025-07-04 14:52:24,2025-07-04 14:52:56,32,0.01
4151,L09,#56,GW252/13600,(4)启机状态,4,2025-07-04 14:47:24,2025-07-04 14:52:24,300,0.08
4152,L09,#56,GW252/13600,(3)待机状态,3,2025-07-04 14:45:31,2025-07-04 14:47:24,113,0.03
4153,L09,#56,GW252/13600,(2)停机状态,2,2025-07-04 14:45:30,2025-07-04 14:45:31,1,0
4154,L09,#56,GW252/13600,(1)停机过程,1,2025-07-04 14:44:58,2025-07-04 14:45:30,32,0.01
4155,L09,#56,GW252/13600,(4)启机状态,4,2025-07-04 14:39:57,2025-07-04 14:44:58,301,0.08
4156,L09,#56,GW252/13600,(3)待机状态,3,2025-07-04 14:35:21,2025-07-04 14:39:57,276,0.08
4157,L09,#56,GW252/13600,(2)停机状态,2,2025-07-04 14:35:19,2025-07-04 14:35:21,2,0
4158,L09,#56,GW252/13600,(1)停机过程,1,2025-07-04 14:34:48,2025-07-04 14:35:19,31,0.01
4159,L09,#56,GW252/13600,(4)启机状态,4,2025-07-04 14:29:48,2025-07-04 14:34:48,300,0.08
4160,L09,#56,GW252/13600,(3)待机状态,3,2025-07-04 14:27:31,2025-07-04 14:29:48,137,0.04
4161,L09,#56,GW252/13600,(2)停机状态,2,2025-07-04 14:27:30,2025-07-04 14:27:31,1,0
4162,L09,#56,GW252/13600,(1)停机过程,1,2025-07-04 14:26:35,2025-07-04 14:27:30,55,0.02
4163,L09,#56,GW252/13600,(5)发电状态,5,2025-07-04 12:47:50,2025-07-04 14:26:35,5925,1.65
4164,L09,#56,GW252/13600,(4)启机状态,4,2025-07-04 12:45:55,2025-07-04 12:47:50,115,0.03
4165,L09,#56,GW252/13600,(3)待机状态,3,2025-07-04 12:45:03,2025-07-04 12:45:55,52,0.01
4166,L09,#56,GW252/13600,(2)停机状态,2,2025-07-04 12:08:26,2025-07-04 12:45:03,2197,0.61
4167,L09,#56,GW252/13600,(1)停机过程,1,2025-07-04 12:07:31,2025-07-04 12:08:26,55,0.02
4168,L09,#56,GW252/13600,(5)发电状态,5,2025-07-01 12:11:03,2025-07-04 12:07:31,258988,71.94
4169,L09,#56,GW252/13600,(4)启机状态,4,2025-07-01 12:06:06,2025-07-01 12:11:03,297,0.08
4170,L09,#56,GW252/13600,(3)待机状态,3,2025-07-01 12:04:46,2025-07-01 12:06:06,80,0.02
4171,L09,#56,GW252/13600,(2)停机状态,2,2025-07-01 12:03:27,2025-07-01 12:04:46,79,0.02
4172,L09,#56,GW252/13600,(1)停机过程,1,2025-07-01 12:02:32,2025-07-01 12:03:27,55,0.02
4173,L09,#56,GW252/13600,(5)发电状态,5,2025-07-01 08:39:23,2025-07-01 12:02:32,12189,3.39
4174,L09,#56,GW252/13600,(4)启机状态,4,2025-07-01 08:37:50,2025-07-01 08:39:23,93,0.03
4175,L09,#56,GW252/13600,(3)待机状态,3,2025-07-01 08:36:40,2025-07-01 08:37:50,70,0.02
4176,L09,#56,GW252/13600,(2)停机状态,2,2025-07-01 08:36:38,2025-07-01 08:36:40,2,0
4177,L09,#56,GW252/13600,(1)停机过程,1,2025-07-01 08:35:43,2025-07-01 08:36:38,55,0.02
4178,L09,#56,GW252/13600,(4)启机状态,4,2025-07-01 08:30:43,2025-07-01 08:35:43,300,0.08
4179,L09,#56,GW252/13600,(3)待机状态,3,2025-07-01 08:29:35,2025-07-01 08:30:43,68,0.02
4180,L09,#56,GW252/13600,(2)停机状态,2,2025-07-01 08:29:34,2025-07-01 08:29:35,1,0
4181,L09,#56,GW252/13600,(1)停机过程,1,2025-07-01 08:29:03,2025-07-01 08:29:34,31,0.01
4182,L09,#56,GW252/13600,(4)启机状态,4,2025-07-01 08:24:04,2025-07-01 08:29:03,299,0.08
4183,L09,#56,GW252/13600,(3)待机状态,3,2025-07-01 08:23:01,2025-07-01 08:24:04,63,0.02
4184,L09,#56,GW252/13600,(2)停机状态,2,2025-07-01 08:23:00,2025-07-01 08:23:01,1,0
4185,L09,#56,GW252/13600,(1)停机过程,1,2025-07-01 08:22:05,2025-07-01 08:23:00,55,0.02
4186,L09,#56,GW252/13600,(4)启机状态,4,2025-07-01 08:17:05,2025-07-01 08:22:05,300,0.08
4187,L09,#56,GW252/13600,(3)待机状态,3,2025-07-01 08:15:55,2025-07-01 08:17:05,70,0.02
4188,L09,#56,GW252/13600,(2)停机状态,2,2025-07-01 08:15:53,2025-07-01 08:15:55,2,0
4189,L09,#56,GW252/13600,(1)停机过程,1,2025-07-01 08:14:57,2025-07-01 08:15:53,56,0.02
4190,L09,#56,GW252/13600,(5)发电状态,5,2025-07-01 07:47:39,2025-07-01 08:14:57,1638,0.46
4191,L09,#56,GW252/13600,(4)启机状态,4,2025-07-01 07:45:31,2025-07-01 07:47:39,128,0.04
4192,L09,#56,GW252/13600,(3)待机状态,3,2025-07-01 07:43:36,2025-07-01 07:45:31,115,0.03
4193,L09,#56,GW252/13600,(2)停机状态,2,2025-07-01 07:43:35,2025-07-01 07:43:36,1,0
4194,L09,#56,GW252/13600,(1)停机过程,1,2025-07-01 07:43:04,2025-07-01 07:43:35,31,0.01
4195,L09,#56,GW252/13600,(4)启机状态,4,2025-07-01 07:38:04,2025-07-01 07:43:04,300,0.08
4196,L09,#56,GW252/13600,(3)待机状态,3,2025-07-01 07:36:13,2025-07-01 07:38:04,111,0.03
4197,L09,#56,GW252/13600,(2)停机状态,2,2025-07-01 07:35:00,2025-07-01 07:36:13,73,0.02
4198,L09,#56,GW252/13600,(1)停机过程,1,2025-07-01 07:34:06,2025-07-01 07:35:00,54,0.02
4199,L09,#56,GW252/13600,(5)发电状态,5,2025-07-01 04:46:45,2025-07-01 07:34:06,10041,2.79
4200,L09,#56,GW252/13600,(4)启机状态,4,2025-07-01 04:42:58,2025-07-01 04:46:45,227,0.06
4201,L09,#56,GW252/13600,(3)待机状态,3,2025-07-01 04:21:51,2025-07-01 04:42:58,1267,0.35
4202,L09,#56,GW252/13600,(2)停机状态,2,2025-07-01 04:16:14,2025-07-01 04:21:51,337,0.09
4203,L09,#56,GW252/13600,(1)停机过程,1,2025-07-01 04:15:42,2025-07-01 04:16:14,32,0.01
4204,L09,#56,GW252/13600,(4)启机状态,4,2025-07-01 04:10:42,2025-07-01 04:15:42,300,0.08
4205,L09,#56,GW252/13600,(3)待机状态,3,2025-07-01 04:09:13,2025-07-01 04:10:42,89,0.02
4206,L09,#56,GW252/13600,(2)停机状态,2,2025-07-01 04:09:11,2025-07-01 04:09:13,2,0
4207,L09,#56,GW252/13600,(1)停机过程,1,2025-07-01 04:08:39,2025-07-01 04:09:11,32,0.01
4208,L09,#56,GW252/13600,(4)启机状态,4,2025-07-01 04:03:39,2025-07-01 04:08:39,300,0.08
4209,L09,#56,GW252/13600,(3)待机状态,3,2025-07-01 03:59:16,2025-07-01 04:03:39,263,0.07
4210,L09,#56,GW252/13600,(2)停机状态,2,2025-07-01 03:53:56,2025-07-01 03:59:16,320,0.09
4211,L09,#56,GW252/13600,(1)停机过程,1,2025-07-01 03:53:24,2025-07-01 03:53:56,32,0.01
4212,L09,#56,GW252/13600,(4)启机状态,4,2025-07-01 03:48:24,2025-07-01 03:53:24,300,0.08
4213,L09,#56,GW252/13600,(3)待机状态,3,2025-07-01 03:26:27,2025-07-01 03:48:24,1317,0.37
4214,L09,#56,GW252/13600,(2)停机状态,2,2025-07-01 03:22:21,2025-07-01 03:26:27,246,0.07
4215,L09,#56,GW252/13600,(1)停机过程,1,2025-07-01 03:21:49,2025-07-01 03:22:21,32,0.01
4216,L09,#56,GW252/13600,(4)启机状态,4,2025-07-01 03:16:49,2025-07-01 03:21:49,300,0.08
4217,L09,#56,GW252/13600,(3)待机状态,3,2025-07-01 03:14:59,2025-07-01 03:16:49,110,0.03
4218,L09,#56,GW252/13600,(2)停机状态,2,2025-07-01 03:14:58,2025-07-01 03:14:59,1,0
4219,L09,#56,GW252/13600,(1)停机过程,1,2025-07-01 03:14:25,2025-07-01 03:14:58,33,0.01
4220,L09,#56,GW252/13600,(4)启机状态,4,2025-07-01 03:09:25,2025-07-01 03:14:25,300,0.08
4221,L09,#56,GW252/13600,(3)待机状态,3,2025-07-01 03:01:56,2025-07-01 03:09:25,449,0.12
4222,L09,#56,GW252/13600,(2)停机状态,2,2025-07-01 02:57:36,2025-07-01 03:01:56,260,0.07
4223,L09,#56,GW252/13600,(1)停机过程,1,2025-07-01 02:56:42,2025-07-01 02:57:36,54,0.02
4224,L09,#56,GW252/13600,(5)发电状态,5,2025-06-30 23:57:20,2025-07-01 02:56:42,10762,2.99
4225,L09,#56,GW252/13600,(4)启机状态,4,2025-06-30 23:56:28,2025-06-30 23:57:20,52,0.01
4226,L09,#56,GW252/13600,(3)待机状态,3,2025-06-30 23:54:47,2025-06-30 23:56:28,101,0.03
4227,L09,#56,GW252/13600,(2)停机状态,2,2025-06-30 23:52:50,2025-06-30 23:54:47,117,0.03
4228,L09,#56,GW252/13600,(1)停机过程,1,2025-06-30 23:51:55,2025-06-30 23:52:50,55,0.02
4229,L09,#56,GW252/13600,(5)发电状态,5,2025-06-30 21:44:57,2025-06-30 23:51:55,7618,2.12
4230,L09,#56,GW252/13600,(4)启机状态,4,2025-06-30 21:42:14,2025-06-30 21:44:57,163,0.05
4231,L09,#56,GW252/13600,(3)待机状态,3,2025-06-30 21:40:44,2025-06-30 21:42:14,90,0.03
4232,L09,#56,GW252/13600,(2)停机状态,2,2025-06-30 21:40:42,2025-06-30 21:40:44,2,0
4233,L09,#56,GW252/13600,(1)停机过程,1,2025-06-30 21:39:47,2025-06-30 21:40:42,55,0.02
4234,L09,#56,GW252/13600,(5)发电状态,5,2025-06-30 20:57:08,2025-06-30 21:39:47,2559,0.71
4235,L09,#56,GW252/13600,(4)启机状态,4,2025-06-30 20:54:05,2025-06-30 20:57:08,183,0.05
4236,L09,#56,GW252/13600,(3)待机状态,3,2025-06-30 20:50:22,2025-06-30 20:54:05,223,0.06
4237,L09,#56,GW252/13600,(2)停机状态,2,2025-06-30 20:49:51,2025-06-30 20:50:22,31,0.01
4238,L09,#56,GW252/13600,(1)停机过程,1,2025-06-30 20:48:55,2025-06-30 20:49:51,56,0.02
4239,L09,#56,GW252/13600,(5)发电状态,5,2025-06-30 17:12:36,2025-06-30 20:48:55,12979,3.61
4240,L09,#56,GW252/13600,(4)启机状态,4,2025-06-30 17:08:48,2025-06-30 17:12:36,228,0.06
4241,L09,#56,GW252/13600,(3)待机状态,3,2025-06-30 17:07:44,2025-06-30 17:08:48,64,0.02
4242,L09,#56,GW252/13600,(2)停机状态,2,2025-06-30 17:07:42,2025-06-30 17:07:44,2,0
4243,L09,#56,GW252/13600,(1)停机过程,1,2025-06-30 17:07:10,2025-06-30 17:07:42,32,0.01
4244,L09,#56,GW252/13600,(4)启机状态,4,2025-06-30 17:02:10,2025-06-30 17:07:10,300,0.08
4245,L09,#56,GW252/13600,(3)待机状态,3,2025-06-30 16:55:35,2025-06-30 17:02:10,395,0.11
4246,L09,#56,GW252/13600,(2)停机状态,2,2025-06-30 16:54:04,2025-06-30 16:55:35,91,0.03
4247,L09,#56,GW252/13600,(1)停机过程,1,2025-06-30 16:53:31,2025-06-30 16:54:04,33,0.01
4248,L09,#56,GW252/13600,(4)启机状态,4,2025-06-30 16:48:31,2025-06-30 16:53:31,300,0.08
4249,L09,#56,GW252/13600,(3)待机状态,3,2025-06-30 16:37:45,2025-06-30 16:48:31,646,0.18
4250,L09,#56,GW252/13600,(2)停机状态,2,2025-06-30 16:37:42,2025-06-30 16:37:45,3,0
4251,L09,#56,GW252/13600,(1)停机过程,1,2025-06-30 16:36:47,2025-06-30 16:37:42,55,0.02
4252,L09,#56,GW252/13600,(5)发电状态,5,2025-06-30 16:25:50,2025-06-30 16:36:47,657,0.18
4253,L09,#56,GW252/13600,(4)启机状态,4,2025-06-30 16:20:56,2025-06-30 16:25:50,294,0.08
4254,L09,#56,GW252/13600,(3)待机状态,3,2025-06-30 16:17:40,2025-06-30 16:20:56,196,0.05
4255,L09,#56,GW252/13600,(2)停机状态,2,2025-06-30 16:15:15,2025-06-30 16:17:40,145,0.04
4256,L09,#56,GW252/13600,(1)停机过程,1,2025-06-30 16:14:21,2025-06-30 16:15:15,54,0.02
4257,L09,#56,GW252/13600,(5)发电状态,5,2025-06-30 13:58:26,2025-06-30 16:14:21,8155,2.27
4258,L09,#56,GW252/13600,(4)启机状态,4,2025-06-30 13:56:01,2025-06-30 13:58:26,145,0.04
4259,L09,#56,GW252/13600,(3)待机状态,3,2025-06-30 13:55:00,2025-06-30 13:56:01,61,0.02
4260,L09,#56,GW252/13600,(2)停机状态,2,2025-06-30 13:54:58,2025-06-30 13:55:00,2,0
4261,L09,#56,GW252/13600,(1)停机过程,1,2025-06-30 13:54:27,2025-06-30 13:54:58,31,0.01
4262,L09,#56,GW252/13600,(4)启机状态,4,2025-06-30 13:49:27,2025-06-30 13:54:27,300,0.08
4263,L09,#56,GW252/13600,(3)待机状态,3,2025-06-30 13:34:15,2025-06-30 13:49:27,912,0.25
4264,L09,#56,GW252/13600,(2)停机状态,2,2025-06-30 13:30:07,2025-06-30 13:34:15,248,0.07
4265,L09,#56,GW252/13600,(1)停机过程,1,2025-06-30 13:29:12,2025-06-30 13:30:07,55,0.02
4266,L09,#56,GW252/13600,(5)发电状态,5,2025-06-30 12:42:44,2025-06-30 13:29:12,2788,0.77
4267,L09,#56,GW252/13600,(4)启机状态,4,2025-06-30 12:38:31,2025-06-30 12:42:44,253,0.07
4268,L09,#56,GW252/13600,(3)待机状态,3,2025-06-30 12:36:46,2025-06-30 12:38:31,105,0.03
4269,L09,#56,GW252/13600,(2)停机状态,2,2025-06-30 12:34:45,2025-06-30 12:36:46,121,0.03
4270,L09,#56,GW252/13600,(1)停机过程,1,2025-06-30 12:33:49,2025-06-30 12:34:45,56,0.02
4271,L09,#56,GW252/13600,(5)发电状态,5,2025-06-30 12:08:19,2025-06-30 12:33:49,1530,0.43
4272,L09,#56,GW252/13600,(4)启机状态,4,2025-06-30 12:06:06,2025-06-30 12:08:19,133,0.04
4273,L09,#56,GW252/13600,(3)待机状态,3,2025-06-30 12:05:03,2025-06-30 12:06:06,63,0.02
4274,L09,#56,GW252/13600,(2)停机状态,2,2025-06-30 12:03:43,2025-06-30 12:05:03,80,0.02
4275,L09,#56,GW252/13600,(1)停机过程,1,2025-06-30 12:03:12,2025-06-30 12:03:43,31,0.01
4276,L09,#56,GW252/13600,(4)启机状态,4,2025-06-30 11:58:12,2025-06-30 12:03:12,300,0.08
4277,L09,#56,GW252/13600,(3)待机状态,3,2025-06-30 11:56:52,2025-06-30 11:58:12,80,0.02
4278,L09,#56,GW252/13600,(2)停机状态,2,2025-06-30 11:56:48,2025-06-30 11:56:52,4,0
4279,L09,#56,GW252/13600,(1)停机过程,1,2025-06-30 11:55:53,2025-06-30 11:56:48,55,0.02
4280,L09,#56,GW252/13600,(5)发电状态,5,2025-06-30 07:47:33,2025-06-30 11:55:53,14900,4.14
4281,L09,#56,GW252/13600,(4)启机状态,4,2025-06-30 07:44:43,2025-06-30 07:47:33,170,0.05
4282,L09,#56,GW252/13600,(3)待机状态,3,2025-06-30 07:43:40,2025-06-30 07:44:43,63,0.02
4283,L09,#56,GW252/13600,(2)停机状态,2,2025-06-30 07:43:39,2025-06-30 07:43:40,1,0
4284,L09,#56,GW252/13600,(1)停机过程,1,2025-06-30 07:43:03,2025-06-30 07:43:39,36,0.01
4285,L09,#56,GW252/13600,(4)启机状态,4,2025-06-30 07:38:03,2025-06-30 07:43:03,300,0.08
4286,L09,#56,GW252/13600,(3)待机状态,3,2025-06-30 07:23:19,2025-06-30 07:38:03,884,0.25
4287,L09,#56,GW252/13600,(2)停机状态,2,2025-06-30 07:22:45,2025-06-30 07:23:19,34,0.01
4288,L09,#56,GW252/13600,(1)停机过程,1,2025-06-30 07:21:51,2025-06-30 07:22:45,54,0.02
4289,L09,#56,GW252/13600,(5)发电状态,5,2025-06-30 01:22:14,2025-06-30 07:21:51,21577,5.99
4290,L09,#56,GW252/13600,(4)启机状态,4,2025-06-30 01:18:35,2025-06-30 01:22:14,219,0.06
4291,L09,#56,GW252/13600,(3)待机状态,3,2025-06-30 01:17:33,2025-06-30 01:18:35,62,0.02
4292,L09,#56,GW252/13600,(2)停机状态,2,2025-06-30 01:17:32,2025-06-30 01:17:33,1,0
4293,L09,#56,GW252/13600,(1)停机过程,1,2025-06-30 01:17:01,2025-06-30 01:17:32,31,0.01
4294,L09,#56,GW252/13600,(4)启机状态,4,2025-06-30 01:12:00,2025-06-30 01:17:01,301,0.08
4295,L09,#56,GW252/13600,(3)待机状态,3,2025-06-30 01:11:02,2025-06-30 01:12:00,58,0.02
4296,L09,#56,GW252/13600,(2)停机状态,2,2025-06-30 01:11:01,2025-06-30 01:11:02,1,0
4297,L09,#56,GW252/13600,(1)停机过程,1,2025-06-30 01:10:28,2025-06-30 01:11:01,33,0.01
4298,L09,#56,GW252/13600,(4)启机状态,4,2025-06-30 01:05:28,2025-06-30 01:10:28,300,0.08
4299,L09,#56,GW252/13600,(3)待机状态,3,2025-06-30 01:04:17,2025-06-30 01:05:28,71,0.02
4300,L09,#56,GW252/13600,(2)停机状态,2,2025-06-30 01:04:15,2025-06-30 01:04:17,2,0
4301,L09,#56,GW252/13600,(1)停机过程,1,2025-06-30 01:03:44,2025-06-30 01:04:15,31,0.01
4302,L09,#56,GW252/13600,(4)启机状态,4,2025-06-30 00:58:44,2025-06-30 01:03:44,300,0.08
4303,L09,#56,GW252/13600,(3)待机状态,3,2025-06-30 00:57:34,2025-06-30 00:58:44,70,0.02
4304,L09,#56,GW252/13600,(2)停机状态,2,2025-06-30 00:57:33,2025-06-30 00:57:34,1,0
4305,L09,#56,GW252/13600,(1)停机过程,1,2025-06-30 00:57:02,2025-06-30 00:57:33,31,0.01
4306,L09,#56,GW252/13600,(4)启机状态,4,2025-06-30 00:52:03,2025-06-30 00:57:02,299,0.08
4307,L09,#56,GW252/13600,(3)待机状态,3,2025-06-30 00:47:28,2025-06-30 00:52:03,275,0.08
4308,L09,#56,GW252/13600,(2)停机状态,2,2025-06-30 00:47:23,2025-06-30 00:47:28,5,0
4309,L09,#56,GW252/13600,(1)停机过程,1,2025-06-30 00:46:28,2025-06-30 00:47:23,55,0.02
4310,L09,#56,GW252/13600,(5)发电状态,5,2025-06-29 19:28:58,2025-06-30 00:46:28,19050,5.29
4311,L09,#56,GW252/13600,(4)启机状态,4,2025-06-29 19:26:38,2025-06-29 19:28:58,140,0.04
4312,L09,#56,GW252/13600,(3)待机状态,3,2025-06-29 19:25:32,2025-06-29 19:26:38,66,0.02
4313,L09,#56,GW252/13600,(2)停机状态,2,2025-06-29 19:25:31,2025-06-29 19:25:32,1,0
4314,L09,#56,GW252/13600,(1)停机过程,1,2025-06-29 19:24:37,2025-06-29 19:25:31,54,0.02
4315,L09,#56,GW252/13600,(4)启机状态,4,2025-06-29 19:19:36,2025-06-29 19:24:37,301,0.08
4316,L09,#56,GW252/13600,(3)待机状态,3,2025-06-29 19:18:07,2025-06-29 19:19:36,89,0.02
4317,L09,#56,GW252/13600,(2)停机状态,2,2025-06-29 19:18:05,2025-06-29 19:18:07,2,0
4318,L09,#56,GW252/13600,(1)停机过程,1,2025-06-29 19:17:35,2025-06-29 19:18:05,30,0.01
4319,L09,#56,GW252/13600,(4)启机状态,4,2025-06-29 19:12:35,2025-06-29 19:17:35,300,0.08
4320,L09,#56,GW252/13600,(3)待机状态,3,2025-06-29 19:11:25,2025-06-29 19:12:35,70,0.02
4321,L09,#56,GW252/13600,(2)停机状态,2,2025-06-29 19:11:24,2025-06-29 19:11:25,1,0
4322,L09,#56,GW252/13600,(1)停机过程,1,2025-06-29 19:10:50,2025-06-29 19:11:24,34,0.01
4323,L09,#56,GW252/13600,(4)启机状态,4,2025-06-29 19:05:50,2025-06-29 19:10:50,300,0.08
4324,L09,#56,GW252/13600,(3)待机状态,3,2025-06-29 19:04:08,2025-06-29 19:05:50,102,0.03
4325,L09,#56,GW252/13600,(2)停机状态,2,2025-06-29 19:04:06,2025-06-29 19:04:08,2,0
4326,L09,#56,GW252/13600,(1)停机过程,1,2025-06-29 19:03:33,2025-06-29 19:04:06,33,0.01
4327,L09,#56,GW252/13600,(4)启机状态,4,2025-06-29 18:58:33,2025-06-29 19:03:33,300,0.08
4328,L09,#56,GW252/13600,(3)待机状态,3,2025-06-29 18:56:58,2025-06-29 18:58:33,95,0.03
4329,L09,#56,GW252/13600,(2)停机状态,2,2025-06-29 18:56:57,2025-06-29 18:56:58,1,0
4330,L09,#56,GW252/13600,(1)停机过程,1,2025-06-29 18:56:25,2025-06-29 18:56:57,32,0.01
4331,L09,#56,GW252/13600,(4)启机状态,4,2025-06-29 18:51:24,2025-06-29 18:56:25,301,0.08
4332,L09,#56,GW252/13600,(3)待机状态,3,2025-06-29 18:48:52,2025-06-29 18:51:24,152,0.04
4333,L09,#56,GW252/13600,(2)停机状态,2,2025-06-29 18:44:54,2025-06-29 18:48:52,238,0.07
4334,L09,#56,GW252/13600,(1)停机过程,1,2025-06-29 18:43:58,2025-06-29 18:44:54,56,0.02
4335,L09,#56,GW252/13600,(5)发电状态,5,2025-06-29 17:51:04,2025-06-29 18:43:58,3174,0.88
4336,L09,#56,GW252/13600,(4)启机状态,4,2025-06-29 17:49:09,2025-06-29 17:51:04,115,0.03
4337,L09,#56,GW252/13600,(3)待机状态,3,2025-06-29 17:48:11,2025-06-29 17:49:09,58,0.02
4338,L09,#56,GW252/13600,(2)停机状态,2,2025-06-29 17:48:09,2025-06-29 17:48:11,2,0
4339,L09,#56,GW252/13600,(1)停机过程,1,2025-06-29 17:47:25,2025-06-29 17:48:09,44,0.01
4340,L09,#56,GW252/13600,(4)启机状态,4,2025-06-29 17:42:25,2025-06-29 17:47:25,300,0.08
4341,L09,#56,GW252/13600,(3)待机状态,3,2025-06-29 17:40:52,2025-06-29 17:42:25,93,0.03
4342,L09,#56,GW252/13600,(2)停机状态,2,2025-06-29 17:40:51,2025-06-29 17:40:52,1,0
4343,L09,#56,GW252/13600,(1)停机过程,1,2025-06-29 17:40:20,2025-06-29 17:40:51,31,0.01
4344,L09,#56,GW252/13600,(4)启机状态,4,2025-06-29 17:35:19,2025-06-29 17:40:20,301,0.08
4345,L09,#56,GW252/13600,(3)待机状态,3,2025-06-29 17:34:19,2025-06-29 17:35:19,60,0.02
4346,L09,#56,GW252/13600,(2)停机状态,2,2025-06-29 17:34:18,2025-06-29 17:34:19,1,0
4347,L09,#56,GW252/13600,(1)停机过程,1,2025-06-29 17:33:46,2025-06-29 17:34:18,32,0.01
4348,L09,#56,GW252/13600,(4)启机状态,4,2025-06-29 17:28:46,2025-06-29 17:33:46,300,0.08
4349,L09,#56,GW252/13600,(3)待机状态,3,2025-06-29 17:27:43,2025-06-29 17:28:46,63,0.02
4350,L09,#56,GW252/13600,(2)停机状态,2,2025-06-29 17:27:42,2025-06-29 17:27:43,1,0
4351,L09,#56,GW252/13600,(1)停机过程,1,2025-06-29 17:27:11,2025-06-29 17:27:42,31,0.01
4352,L09,#56,GW252/13600,(4)启机状态,4,2025-06-29 17:22:11,2025-06-29 17:27:11,300,0.08
4353,L09,#56,GW252/13600,(3)待机状态,3,2025-06-29 17:21:07,2025-06-29 17:22:11,64,0.02
4354,L09,#56,GW252/13600,(2)停机状态,2,2025-06-29 17:21:04,2025-06-29 17:21:07,3,0
4355,L09,#56,GW252/13600,(1)停机过程,1,2025-06-29 17:20:32,2025-06-29 17:21:04,32,0.01
4356,L09,#56,GW252/13600,(4)启机状态,4,2025-06-29 17:15:32,2025-06-29 17:20:32,300,0.08
4357,L09,#56,GW252/13600,(3)待机状态,3,2025-06-29 17:12:11,2025-06-29 17:15:32,201,0.06
4358,L09,#56,GW252/13600,(2)停机状态,2,2025-06-29 17:12:10,2025-06-29 17:12:11,1,0
4359,L09,#56,GW252/13600,(1)停机过程,1,2025-06-29 17:11:40,2025-06-29 17:12:10,30,0.01
4360,L09,#56,GW252/13600,(4)启机状态,4,2025-06-29 17:06:40,2025-06-29 17:11:40,300,0.08
4361,L09,#56,GW252/13600,(3)待机状态,3,2025-06-29 17:03:54,2025-06-29 17:06:40,166,0.05
4362,L09,#56,GW252/13600,(2)停机状态,2,2025-06-29 17:02:12,2025-06-29 17:03:54,102,0.03
4363,L09,#56,GW252/13600,(1)停机过程,1,2025-06-29 17:01:16,2025-06-29 17:02:12,56,0.02
4364,L09,#56,GW252/13600,(5)发电状态,5,2025-06-29 16:09:18,2025-06-29 17:01:16,3118,0.87
4365,L09,#56,GW252/13600,(4)启机状态,4,2025-06-29 16:04:47,2025-06-29 16:09:18,271,0.08
4366,L09,#56,GW252/13600,(3)待机状态,3,2025-06-29 15:55:54,2025-06-29 16:04:47,533,0.15
4367,L09,#56,GW252/13600,(1)停机过程,1,2025-06-29 15:55:21,2025-06-29 15:55:54,33,0.01
4368,L09,#56,GW252/13600,(4)启机状态,4,2025-06-29 15:50:21,2025-06-29 15:55:21,300,0.08
4369,L09,#56,GW252/13600,(3)待机状态,3,2025-06-29 15:44:19,2025-06-29 15:50:21,362,0.1
4370,L09,#56,GW252/13600,(2)停机状态,2,2025-06-29 15:42:47,2025-06-29 15:44:19,92,0.03
4371,L09,#56,GW252/13600,(1)停机过程,1,2025-06-29 15:41:51,2025-06-29 15:42:47,56,0.02
4372,L09,#56,GW252/13600,(5)发电状态,5,2025-06-29 15:15:53,2025-06-29 15:41:51,1558,0.43
4373,L09,#56,GW252/13600,(4)启机状态,4,2025-06-29 15:13:08,2025-06-29 15:15:53,165,0.05
4374,L09,#56,GW252/13600,(3)待机状态,3,2025-06-29 15:10:43,2025-06-29 15:13:08,145,0.04
4375,L09,#56,GW252/13600,(1)停机过程,1,2025-06-29 15:10:11,2025-06-29 15:10:43,32,0.01
4376,L09,#56,GW252/13600,(4)启机状态,4,2025-06-29 15:05:12,2025-06-29 15:10:11,299,0.08
4377,L09,#56,GW252/13600,(3)待机状态,3,2025-06-29 14:59:41,2025-06-29 15:05:12,331,0.09
4378,L09,#56,GW252/13600,(2)停机状态,2,2025-06-29 14:56:47,2025-06-29 14:59:41,174,0.05
4379,L09,#56,GW252/13600,(1)停机过程,1,2025-06-29 14:55:51,2025-06-29 14:56:47,56,0.02
4380,L09,#56,GW252/13600,(5)发电状态,5,2025-06-29 13:35:01,2025-06-29 14:55:51,4850,1.35
4381,L09,#56,GW252/13600,(4)启机状态,4,2025-06-29 13:30:59,2025-06-29 13:35:01,242,0.07
4382,L09,#56,GW252/13600,(3)待机状态,3,2025-06-29 13:29:58,2025-06-29 13:30:59,61,0.02
4383,L09,#56,GW252/13600,(2)停机状态,2,2025-06-29 13:29:57,2025-06-29 13:29:58,1,0
4384,L09,#56,GW252/13600,(1)停机过程,1,2025-06-29 13:29:25,2025-06-29 13:29:57,32,0.01
4385,L09,#56,GW252/13600,(4)启机状态,4,2025-06-29 13:24:24,2025-06-29 13:29:25,301,0.08
4386,L09,#56,GW252/13600,(3)待机状态,3,2025-06-29 13:22:54,2025-06-29 13:24:24,90,0.03
4387,L09,#56,GW252/13600,(2)停机状态,2,2025-06-29 13:22:53,2025-06-29 13:22:54,1,0
4388,L09,#56,GW252/13600,(1)停机过程,1,2025-06-29 13:22:22,2025-06-29 13:22:53,31,0.01
4389,L09,#56,GW252/13600,(4)启机状态,4,2025-06-29 13:17:22,2025-06-29 13:22:22,300,0.08
4390,L09,#56,GW252/13600,(3)待机状态,3,2025-06-29 13:16:17,2025-06-29 13:17:22,65,0.02
4391,L09,#56,GW252/13600,(2)停机状态,2,2025-06-29 13:16:15,2025-06-29 13:16:17,2,0
4392,L09,#56,GW252/13600,(1)停机过程,1,2025-06-29 13:15:43,2025-06-29 13:16:15,32,0.01
4393,L09,#56,GW252/13600,(4)启机状态,4,2025-06-29 13:10:43,2025-06-29 13:15:43,300,0.08
4394,L09,#56,GW252/13600,(3)待机状态,3,2025-06-29 13:06:10,2025-06-29 13:10:43,273,0.08
4395,L09,#56,GW252/13600,(2)停机状态,2,2025-06-29 13:01:32,2025-06-29 13:06:10,278,0.08
4396,L09,#56,GW252/13600,(1)停机过程,1,2025-06-29 13:00:37,2025-06-29 13:01:32,55,0.02
4397,L09,#56,GW252/13600,(5)发电状态,5,2025-06-29 12:17:04,2025-06-29 13:00:37,2613,0.73
4398,L09,#56,GW252/13600,(4)启机状态,4,2025-06-29 12:15:14,2025-06-29 12:17:04,110,0.03
4399,L09,#56,GW252/13600,(3)待机状态,3,2025-06-29 12:14:21,2025-06-29 12:15:14,53,0.01
4400,L09,#56,GW252/13600,(2)停机状态,2,2025-06-29 12:14:19,2025-06-29 12:14:21,2,0
4401,L09,#56,GW252/13600,(1)停机过程,1,2025-06-29 12:13:24,2025-06-29 12:14:19,55,0.02
4402,L09,#56,GW252/13600,(4)启机状态,4,2025-06-29 12:08:24,2025-06-29 12:13:24,300,0.08
4403,L09,#56,GW252/13600,(3)待机状态,3,2025-06-29 12:07:13,2025-06-29 12:08:24,71,0.02
4404,L09,#56,GW252/13600,(2)停机状态,2,2025-06-29 12:07:05,2025-06-29 12:07:13,8,0
4405,L09,#56,GW252/13600,(1)停机过程,1,2025-06-29 12:06:09,2025-06-29 12:07:05,56,0.02
4406,L09,#56,GW252/13600,(5)发电状态,5,2025-06-29 11:17:31,2025-06-29 12:06:09,2918,0.81
4407,L09,#56,GW252/13600,(4)启机状态,4,2025-06-29 11:12:54,2025-06-29 11:17:31,277,0.08
4408,L09,#56,GW252/13600,(3)待机状态,3,2025-06-29 11:11:39,2025-06-29 11:12:54,75,0.02
4409,L09,#56,GW252/13600,(2)停机状态,2,2025-06-29 11:11:31,2025-06-29 11:11:39,8,0
4410,L09,#56,GW252/13600,(1)停机过程,1,2025-06-29 11:11:00,2025-06-29 11:11:31,31,0.01
4411,L09,#56,GW252/13600,(4)启机状态,4,2025-06-29 11:06:00,2025-06-29 11:11:00,300,0.08
4412,L09,#56,GW252/13600,(3)待机状态,3,2025-06-29 11:00:38,2025-06-29 11:06:00,322,0.09
4413,L09,#56,GW252/13600,(2)停机状态,2,2025-06-29 11:00:37,2025-06-29 11:00:38,1,0
4414,L09,#56,GW252/13600,(1)停机过程,1,2025-06-29 11:00:06,2025-06-29 11:00:37,31,0.01
4415,L09,#56,GW252/13600,(4)启机状态,4,2025-06-29 10:55:06,2025-06-29 11:00:06,300,0.08
4416,L09,#56,GW252/13600,(3)待机状态,3,2025-06-29 10:54:00,2025-06-29 10:55:06,66,0.02
4417,L09,#56,GW252/13600,(2)停机状态,2,2025-06-29 10:53:58,2025-06-29 10:54:00,2,0
4418,L09,#56,GW252/13600,(1)停机过程,1,2025-06-29 10:53:26,2025-06-29 10:53:58,32,0.01
4419,L09,#56,GW252/13600,(4)启机状态,4,2025-06-29 10:48:26,2025-06-29 10:53:26,300,0.08
4420,L09,#56,GW252/13600,(3)待机状态,3,2025-06-29 10:47:06,2025-06-29 10:48:26,80,0.02
4421,L09,#56,GW252/13600,(2)停机状态,2,2025-06-29 10:47:04,2025-06-29 10:47:06,2,0
4422,L09,#56,GW252/13600,(1)停机过程,1,2025-06-29 10:46:31,2025-06-29 10:47:04,33,0.01
4423,L09,#56,GW252/13600,(4)启机状态,4,2025-06-29 10:41:32,2025-06-29 10:46:31,299,0.08
4424,L09,#56,GW252/13600,(3)待机状态,3,2025-06-29 10:32:27,2025-06-29 10:41:32,545,0.15
4425,L09,#56,GW252/13600,(2)停机状态,2,2025-06-29 10:32:26,2025-06-29 10:32:27,1,0
4426,L09,#56,GW252/13600,(1)停机过程,1,2025-06-29 10:31:30,2025-06-29 10:32:26,56,0.02
4427,L09,#56,GW252/13600,(5)发电状态,5,2025-06-29 10:11:57,2025-06-29 10:31:30,1173,0.33
4428,L09,#56,GW252/13600,(4)启机状态,4,2025-06-29 10:10:29,2025-06-29 10:11:57,88,0.02
4429,L09,#56,GW252/13600,(3)待机状态,3,2025-06-29 10:09:38,2025-06-29 10:10:29,51,0.01
4430,L09,#56,GW252/13600,(2)停机状态,2,2025-06-29 10:07:17,2025-06-29 10:09:38,141,0.04
4431,L09,#56,GW252/13600,(1)停机过程,1,2025-06-29 10:07:07,2025-06-29 10:07:17,10,0
4432,L09,#56,GW252/13600,(9)维护状态,9,2025-06-29 08:07:18,2025-06-29 10:07:07,7189,2
4433,L09,#56,GW252/13600,(2)停机状态,2,2025-06-29 08:07:05,2025-06-29 08:07:18,13,0
4434,L09,#56,GW252/13600,(1)停机过程,1,2025-06-29 08:06:10,2025-06-29 08:07:05,55,0.02
4435,L09,#56,GW252/13600,(5)发电状态,5,2025-06-28 22:37:54,2025-06-29 08:06:10,34096,9.47
4436,L09,#56,GW252/13600,(4)启机状态,4,2025-06-28 22:33:16,2025-06-28 22:37:54,278,0.08
4437,L09,#56,GW252/13600,(3)待机状态,3,2025-06-28 22:32:02,2025-06-28 22:33:16,74,0.02
4438,L09,#56,GW252/13600,(2)停机状态,2,2025-06-28 22:31:58,2025-06-28 22:32:02,4,0
4439,L09,#56,GW252/13600,(1)停机过程,1,2025-06-28 22:31:03,2025-06-28 22:31:58,55,0.02
4440,L09,#56,GW252/13600,(4)启机状态,4,2025-06-28 22:26:03,2025-06-28 22:31:03,300,0.08
4441,L09,#56,GW252/13600,(3)待机状态,3,2025-06-28 22:21:31,2025-06-28 22:26:03,272,0.08
4442,L09,#56,GW252/13600,(2)停机状态,2,2025-06-28 22:19:26,2025-06-28 22:21:31,125,0.03
4443,L09,#56,GW252/13600,(1)停机过程,1,2025-06-28 22:18:30,2025-06-28 22:19:26,56,0.02
4444,L09,#56,GW252/13600,(5)发电状态,5,2025-06-28 22:02:51,2025-06-28 22:18:30,939,0.26
4445,L09,#56,GW252/13600,(4)启机状态,4,2025-06-28 22:01:20,2025-06-28 22:02:51,91,0.03
4446,L09,#56,GW252/13600,(3)待机状态,3,2025-06-28 22:00:18,2025-06-28 22:01:20,62,0.02
4447,L09,#56,GW252/13600,(2)停机状态,2,2025-06-28 22:00:16,2025-06-28 22:00:18,2,0
4448,L09,#56,GW252/13600,(1)停机过程,1,2025-06-28 21:59:21,2025-06-28 22:00:16,55,0.02
4449,L09,#56,GW252/13600,(5)发电状态,5,2025-06-28 21:23:45,2025-06-28 21:59:21,2136,0.59
4450,L09,#56,GW252/13600,(4)启机状态,4,2025-06-28 21:21:56,2025-06-28 21:23:45,109,0.03
4451,L09,#56,GW252/13600,(3)待机状态,3,2025-06-28 21:20:54,2025-06-28 21:21:56,62,0.02
4452,L09,#56,GW252/13600,(2)停机状态,2,2025-06-28 21:20:52,2025-06-28 21:20:54,2,0
4453,L09,#56,GW252/13600,(1)停机过程,1,2025-06-28 21:20:21,2025-06-28 21:20:52,31,0.01
4454,L09,#56,GW252/13600,(4)启机状态,4,2025-06-28 21:15:21,2025-06-28 21:20:21,300,0.08
4455,L09,#56,GW252/13600,(3)待机状态,3,2025-06-28 21:14:00,2025-06-28 21:15:21,81,0.02
4456,L09,#56,GW252/13600,(2)停机状态,2,2025-06-28 21:13:34,2025-06-28 21:14:00,26,0.01
4457,L09,#56,GW252/13600,(1)停机过程,1,2025-06-28 21:13:03,2025-06-28 21:13:34,31,0.01
4458,L09,#56,GW252/13600,(4)启机状态,4,2025-06-28 21:08:03,2025-06-28 21:13:03,300,0.08
4459,L09,#56,GW252/13600,(3)待机状态,3,2025-06-28 21:07:00,2025-06-28 21:08:03,63,0.02
4460,L09,#56,GW252/13600,(2)停机状态,2,2025-06-28 21:05:24,2025-06-28 21:07:00,96,0.03
4461,L09,#56,GW252/13600,(1)停机过程,1,2025-06-28 21:04:29,2025-06-28 21:05:24,55,0.02
4462,L09,#56,GW252/13600,(5)发电状态,5,2025-06-28 16:44:15,2025-06-28 21:04:29,15614,4.34
4463,L09,#56,GW252/13600,(4)启机状态,4,2025-06-28 16:42:23,2025-06-28 16:44:15,112,0.03
4464,L09,#56,GW252/13600,(3)待机状态,3,2025-06-28 16:41:28,2025-06-28 16:42:23,55,0.02
4465,L09,#56,GW252/13600,(2)停机状态,2,2025-06-28 16:41:26,2025-06-28 16:41:28,2,0
4466,L09,#56,GW252/13600,(1)停机过程,1,2025-06-28 16:40:55,2025-06-28 16:41:26,31,0.01
4467,L09,#56,GW252/13600,(4)启机状态,4,2025-06-28 16:35:54,2025-06-28 16:40:55,301,0.08
4468,L09,#56,GW252/13600,(3)待机状态,3,2025-06-28 16:34:52,2025-06-28 16:35:54,62,0.02
4469,L09,#56,GW252/13600,(2)停机状态,2,2025-06-28 16:34:50,2025-06-28 16:34:52,2,0
4470,L09,#56,GW252/13600,(1)停机过程,1,2025-06-28 16:34:19,2025-06-28 16:34:50,31,0.01
4471,L09,#56,GW252/13600,(4)启机状态,4,2025-06-28 16:29:20,2025-06-28 16:34:19,299,0.08
4472,L09,#56,GW252/13600,(3)待机状态,3,2025-06-28 16:28:05,2025-06-28 16:29:20,75,0.02
4473,L09,#56,GW252/13600,(2)停机状态,2,2025-06-28 16:28:04,2025-06-28 16:28:05,1,0
4474,L09,#56,GW252/13600,(1)停机过程,1,2025-06-28 16:27:32,2025-06-28 16:28:04,32,0.01
4475,L09,#56,GW252/13600,(4)启机状态,4,2025-06-28 16:22:32,2025-06-28 16:27:32,300,0.08
4476,L09,#56,GW252/13600,(3)待机状态,3,2025-06-28 16:16:53,2025-06-28 16:22:32,339,0.09
4477,L09,#56,GW252/13600,(2)停机状态,2,2025-06-28 16:16:51,2025-06-28 16:16:53,2,0
4478,L09,#56,GW252/13600,(1)停机过程,1,2025-06-28 16:16:18,2025-06-28 16:16:51,33,0.01
4479,L09,#56,GW252/13600,(4)启机状态,4,2025-06-28 16:11:18,2025-06-28 16:16:18,300,0.08
4480,L09,#56,GW252/13600,(3)待机状态,3,2025-06-28 16:10:14,2025-06-28 16:11:18,64,0.02
4481,L09,#56,GW252/13600,(2)停机状态,2,2025-06-28 16:10:12,2025-06-28 16:10:14,2,0
4482,L09,#56,GW252/13600,(1)停机过程,1,2025-06-28 16:09:42,2025-06-28 16:10:12,30,0.01
4483,L09,#56,GW252/13600,(4)启机状态,4,2025-06-28 16:04:42,2025-06-28 16:09:42,300,0.08
4484,L09,#56,GW252/13600,(3)待机状态,3,2025-06-28 16:03:23,2025-06-28 16:04:42,79,0.02
4485,L09,#56,GW252/13600,(2)停机状态,2,2025-06-28 16:03:21,2025-06-28 16:03:23,2,0
4486,L09,#56,GW252/13600,(1)停机过程,1,2025-06-28 16:02:49,2025-06-28 16:03:21,32,0.01
4487,L09,#56,GW252/13600,(4)启机状态,4,2025-06-28 15:57:49,2025-06-28 16:02:49,300,0.08
4488,L09,#56,GW252/13600,(3)待机状态,3,2025-06-28 15:54:26,2025-06-28 15:57:49,203,0.06
4489,L09,#56,GW252/13600,(2)停机状态,2,2025-06-28 15:54:24,2025-06-28 15:54:26,2,0
4490,L09,#56,GW252/13600,(1)停机过程,1,2025-06-28 15:53:53,2025-06-28 15:54:24,31,0.01
4491,L09,#56,GW252/13600,(4)启机状态,4,2025-06-28 15:48:53,2025-06-28 15:53:53,300,0.08
4492,L09,#56,GW252/13600,(3)待机状态,3,2025-06-28 15:47:24,2025-06-28 15:48:53,89,0.02
4493,L09,#56,GW252/13600,(2)停机状态,2,2025-06-28 15:47:23,2025-06-28 15:47:24,1,0
4494,L09,#56,GW252/13600,(1)停机过程,1,2025-06-28 15:46:52,2025-06-28 15:47:23,31,0.01
4495,L09,#56,GW252/13600,(4)启机状态,4,2025-06-28 15:41:52,2025-06-28 15:46:52,300,0.08
4496,L09,#56,GW252/13600,(3)待机状态,3,2025-06-28 15:31:58,2025-06-28 15:41:52,594,0.17
4497,L09,#56,GW252/13600,(2)停机状态,2,2025-06-28 15:31:57,2025-06-28 15:31:58,1,0
4498,L09,#56,GW252/13600,(1)停机过程,1,2025-06-28 15:31:25,2025-06-28 15:31:57,32,0.01
4499,L09,#56,GW252/13600,(4)启机状态,4,2025-06-28 15:26:25,2025-06-28 15:31:25,300,0.08
4500,L09,#56,GW252/13600,(3)待机状态,3,2025-06-28 14:53:05,2025-06-28 15:26:25,2000,0.56
4501,L09,#56,GW252/13600,(2)停机状态,2,2025-06-28 14:53:04,2025-06-28 14:53:05,1,0
4502,L09,#56,GW252/13600,(1)停机过程,1,2025-06-28 14:52:33,2025-06-28 14:53:04,31,0.01
4503,L09,#56,GW252/13600,(4)启机状态,4,2025-06-28 14:47:33,2025-06-28 14:52:33,300,0.08
4504,L09,#56,GW252/13600,(3)待机状态,3,2025-06-28 14:46:27,2025-06-28 14:47:33,66,0.02
4505,L09,#56,GW252/13600,(2)停机状态,2,2025-06-28 14:46:25,2025-06-28 14:46:27,2,0
4506,L09,#56,GW252/13600,(1)停机过程,1,2025-06-28 14:45:54,2025-06-28 14:46:25,31,0.01
4507,L09,#56,GW252/13600,(4)启机状态,4,2025-06-28 14:40:53,2025-06-28 14:45:54,301,0.08
4508,L09,#56,GW252/13600,(3)待机状态,3,2025-06-28 14:39:35,2025-06-28 14:40:53,78,0.02
4509,L09,#56,GW252/13600,(2)停机状态,2,2025-06-28 14:39:33,2025-06-28 14:39:35,2,0
4510,L09,#56,GW252/13600,(1)停机过程,1,2025-06-28 14:39:03,2025-06-28 14:39:33,30,0.01
4511,L09,#56,GW252/13600,(4)启机状态,4,2025-06-28 14:34:03,2025-06-28 14:39:03,300,0.08
4512,L09,#56,GW252/13600,(3)待机状态,3,2025-06-28 12:46:57,2025-06-28 14:34:03,6426,1.79
4513,L09,#56,GW252/13600,(2)停机状态,2,2025-06-28 12:45:04,2025-06-28 12:46:57,113,0.03
4514,L09,#56,GW252/13600,(1)停机过程,1,2025-06-28 12:44:32,2025-06-28 12:45:04,32,0.01
4515,L09,#56,GW252/13600,(4)启机状态,4,2025-06-28 12:39:32,2025-06-28 12:44:32,300,0.08
4516,L09,#56,GW252/13600,(3)待机状态,3,2025-06-28 12:32:28,2025-06-28 12:39:32,424,0.12
4517,L09,#56,GW252/13600,(2)停机状态,2,2025-06-28 12:32:27,2025-06-28 12:32:28,1,0
4518,L09,#56,GW252/13600,(1)停机过程,1,2025-06-28 12:31:55,2025-06-28 12:32:27,32,0.01
4519,L09,#56,GW252/13600,(4)启机状态,4,2025-06-28 12:26:55,2025-06-28 12:31:55,300,0.08
4520,L09,#56,GW252/13600,(3)待机状态,3,2025-06-28 12:25:46,2025-06-28 12:26:55,69,0.02
4521,L09,#56,GW252/13600,(2)停机状态,2,2025-06-28 12:25:44,2025-06-28 12:25:46,2,0
4522,L09,#56,GW252/13600,(1)停机过程,1,2025-06-28 12:25:14,2025-06-28 12:25:44,30,0.01
4523,L09,#56,GW252/13600,(4)启机状态,4,2025-06-28 12:20:13,2025-06-28 12:25:14,301,0.08
4524,L09,#56,GW252/13600,(3)待机状态,3,2025-06-28 12:17:27,2025-06-28 12:20:13,166,0.05
4525,L09,#56,GW252/13600,(1)停机过程,1,2025-06-28 12:16:56,2025-06-28 12:17:27,31,0.01
4526,L09,#56,GW252/13600,(4)启机状态,4,2025-06-28 12:11:56,2025-06-28 12:16:56,300,0.08
4527,L09,#56,GW252/13600,(3)待机状态,3,2025-06-28 12:10:37,2025-06-28 12:11:56,79,0.02
4528,L09,#56,GW252/13600,(2)停机状态,2,2025-06-28 12:10:09,2025-06-28 12:10:37,28,0.01
4529,L09,#56,GW252/13600,(1)停机过程,1,2025-06-28 12:09:39,2025-06-28 12:10:09,30,0.01
4530,L09,#56,GW252/13600,(4)启机状态,4,2025-06-28 12:04:38,2025-06-28 12:09:39,301,0.08
4531,L09,#56,GW252/13600,(3)待机状态,3,2025-06-28 12:03:07,2025-06-28 12:04:38,91,0.03
4532,L09,#56,GW252/13600,(2)停机状态,2,2025-06-28 12:03:05,2025-06-28 12:03:07,2,0
4533,L09,#56,GW252/13600,(1)停机过程,1,2025-06-28 12:02:35,2025-06-28 12:03:05,30,0.01
4534,L09,#56,GW252/13600,(4)启机状态,4,2025-06-28 11:57:34,2025-06-28 12:02:35,301,0.08
4535,L09,#56,GW252/13600,(3)待机状态,3,2025-06-28 11:56:23,2025-06-28 11:57:34,71,0.02
4536,L09,#56,GW252/13600,(2)停机状态,2,2025-06-28 11:56:21,2025-06-28 11:56:23,2,0
4537,L09,#56,GW252/13600,(1)停机过程,1,2025-06-28 11:55:47,2025-06-28 11:56:21,34,0.01
4538,L09,#56,GW252/13600,(4)启机状态,4,2025-06-28 11:50:47,2025-06-28 11:55:47,300,0.08
4539,L09,#56,GW252/13600,(3)待机状态,3,2025-06-28 11:48:28,2025-06-28 11:50:47,139,0.04
4540,L09,#56,GW252/13600,(2)停机状态,2,2025-06-28 11:48:27,2025-06-28 11:48:28,1,0
4541,L09,#56,GW252/13600,(1)停机过程,1,2025-06-28 11:47:57,2025-06-28 11:48:27,30,0.01
4542,L09,#56,GW252/13600,(4)启机状态,4,2025-06-28 11:42:57,2025-06-28 11:47:57,300,0.08
4543,L09,#56,GW252/13600,(3)待机状态,3,2025-06-28 11:41:09,2025-06-28 11:42:57,108,0.03
4544,L09,#56,GW252/13600,(2)停机状态,2,2025-06-28 11:41:07,2025-06-28 11:41:09,2,0
4545,L09,#56,GW252/13600,(1)停机过程,1,2025-06-28 11:40:36,2025-06-28 11:41:07,31,0.01
4546,L09,#56,GW252/13600,(4)启机状态,4,2025-06-28 11:35:36,2025-06-28 11:40:36,300,0.08
4547,L09,#56,GW252/13600,(3)待机状态,3,2025-06-28 11:29:53,2025-06-28 11:35:36,343,0.1
4548,L09,#56,GW252/13600,(2)停机状态,2,2025-06-28 11:29:52,2025-06-28 11:29:53,1,0
4549,L09,#56,GW252/13600,(1)停机过程,1,2025-06-28 11:29:19,2025-06-28 11:29:52,33,0.01
4550,L09,#56,GW252/13600,(4)启机状态,4,2025-06-28 11:24:19,2025-06-28 11:29:19,300,0.08
4551,L09,#56,GW252/13600,(3)待机状态,3,2025-06-28 11:23:03,2025-06-28 11:24:19,76,0.02
4552,L09,#56,GW252/13600,(2)停机状态,2,2025-06-28 11:23:01,2025-06-28 11:23:03,2,0
4553,L09,#56,GW252/13600,(1)停机过程,1,2025-06-28 11:22:30,2025-06-28 11:23:01,31,0.01
4554,L09,#56,GW252/13600,(4)启机状态,4,2025-06-28 11:17:30,2025-06-28 11:22:30,300,0.08
4555,L09,#56,GW252/13600,(3)待机状态,3,2025-06-28 11:16:15,2025-06-28 11:17:30,75,0.02
4556,L09,#56,GW252/13600,(2)停机状态,2,2025-06-28 11:16:13,2025-06-28 11:16:15,2,0
4557,L09,#56,GW252/13600,(1)停机过程,1,2025-06-28 11:15:40,2025-06-28 11:16:13,33,0.01
4558,L09,#56,GW252/13600,(4)启机状态,4,2025-06-28 11:10:40,2025-06-28 11:15:40,300,0.08
4559,L09,#56,GW252/13600,(3)待机状态,3,2025-06-28 11:09:40,2025-06-28 11:10:40,60,0.02
4560,L09,#56,GW252/13600,(2)停机状态,2,2025-06-28 11:09:39,2025-06-28 11:09:40,1,0
4561,L09,#56,GW252/13600,(1)停机过程,1,2025-06-28 11:09:08,2025-06-28 11:09:39,31,0.01
4562,L09,#56,GW252/13600,(4)启机状态,4,2025-06-28 11:04:07,2025-06-28 11:09:08,301,0.08
4563,L09,#56,GW252/13600,(3)待机状态,3,2025-06-28 11:02:58,2025-06-28 11:04:07,69,0.02
4564,L09,#56,GW252/13600,(1)停机过程,1,2025-06-28 11:02:25,2025-06-28 11:02:58,33,0.01
4565,L09,#56,GW252/13600,(4)启机状态,4,2025-06-28 10:57:25,2025-06-28 11:02:25,300,0.08
4566,L09,#56,GW252/13600,(3)待机状态,3,2025-06-28 10:56:11,2025-06-28 10:57:25,74,0.02
4567,L09,#56,GW252/13600,(2)停机状态,2,2025-06-28 10:56:10,2025-06-28 10:56:11,1,0
4568,L09,#56,GW252/13600,(1)停机过程,1,2025-06-28 10:55:39,2025-06-28 10:56:10,31,0.01
4569,L09,#56,GW252/13600,(4)启机状态,4,2025-06-28 10:50:38,2025-06-28 10:55:39,301,0.08
4570,L09,#56,GW252/13600,(3)待机状态,3,2025-06-28 10:49:32,2025-06-28 10:50:38,66,0.02
4571,L09,#56,GW252/13600,(2)停机状态,2,2025-06-28 10:49:31,2025-06-28 10:49:32,1,0
4572,L09,#56,GW252/13600,(1)停机过程,1,2025-06-28 10:48:58,2025-06-28 10:49:31,33,0.01
4573,L09,#56,GW252/13600,(4)启机状态,4,2025-06-28 10:43:59,2025-06-28 10:48:58,299,0.08
4574,L09,#56,GW252/13600,(3)待机状态,3,2025-06-28 10:42:39,2025-06-28 10:43:59,80,0.02
4575,L09,#56,GW252/13600,(2)停机状态,2,2025-06-28 10:42:38,2025-06-28 10:42:39,1,0
4576,L09,#56,GW252/13600,(1)停机过程,1,2025-06-28 10:42:05,2025-06-28 10:42:38,33,0.01
4577,L09,#56,GW252/13600,(4)启机状态,4,2025-06-28 10:37:05,2025-06-28 10:42:05,300,0.08
4578,L09,#56,GW252/13600,(3)待机状态,3,2025-06-28 10:35:50,2025-06-28 10:37:05,75,0.02
4579,L09,#56,GW252/13600,(2)停机状态,2,2025-06-28 10:35:48,2025-06-28 10:35:50,2,0
4580,L09,#56,GW252/13600,(1)停机过程,1,2025-06-28 10:35:17,2025-06-28 10:35:48,31,0.01
4581,L09,#56,GW252/13600,(4)启机状态,4,2025-06-28 10:30:17,2025-06-28 10:35:17,300,0.08
4582,L09,#56,GW252/13600,(3)待机状态,3,2025-06-28 10:28:58,2025-06-28 10:30:17,79,0.02
4583,L09,#56,GW252/13600,(2)停机状态,2,2025-06-28 10:28:56,2025-06-28 10:28:58,2,0
4584,L09,#56,GW252/13600,(1)停机过程,1,2025-06-28 10:28:24,2025-06-28 10:28:56,32,0.01
4585,L09,#56,GW252/13600,(4)启机状态,4,2025-06-28 10:23:25,2025-06-28 10:28:24,299,0.08
4586,L09,#56,GW252/13600,(3)待机状态,3,2025-06-28 09:43:39,2025-06-28 10:23:25,2386,0.66
4587,L09,#56,GW252/13600,(2)停机状态,2,2025-06-28 09:42:19,2025-06-28 09:43:39,80,0.02
4588,L09,#56,GW252/13600,(1)停机过程,1,2025-06-28 09:41:48,2025-06-28 09:42:19,31,0.01
4589,L09,#56,GW252/13600,(4)启机状态,4,2025-06-28 09:36:46,2025-06-28 09:41:48,302,0.08
4590,L09,#56,GW252/13600,(3)待机状态,3,2025-06-28 09:19:36,2025-06-28 09:36:46,1030,0.29
4591,L09,#56,GW252/13600,(2)停机状态,2,2025-06-28 09:19:35,2025-06-28 09:19:36,1,0
4592,L09,#56,GW252/13600,(1)停机过程,1,2025-06-28 09:19:05,2025-06-28 09:19:35,30,0.01
4593,L09,#56,GW252/13600,(4)启机状态,4,2025-06-28 09:14:05,2025-06-28 09:19:05,300,0.08
4594,L09,#56,GW252/13600,(3)待机状态,3,2025-06-28 09:12:43,2025-06-28 09:14:05,82,0.02
4595,L09,#56,GW252/13600,(2)停机状态,2,2025-06-28 09:12:40,2025-06-28 09:12:43,3,0
4596,L09,#56,GW252/13600,(1)停机过程,1,2025-06-28 09:12:09,2025-06-28 09:12:40,31,0.01
4597,L09,#56,GW252/13600,(4)启机状态,4,2025-06-28 09:07:09,2025-06-28 09:12:09,300,0.08
4598,L09,#56,GW252/13600,(3)待机状态,3,2025-06-28 09:04:58,2025-06-28 09:07:09,131,0.04
4599,L09,#56,GW252/13600,(2)停机状态,2,2025-06-28 09:04:30,2025-06-28 09:04:58,28,0.01
4600,L09,#56,GW252/13600,(1)停机过程,1,2025-06-28 09:03:57,2025-06-28 09:04:30,33,0.01
4601,L09,#56,GW252/13600,(4)启机状态,4,2025-06-28 08:58:58,2025-06-28 09:03:57,299,0.08
4602,L09,#56,GW252/13600,(3)待机状态,3,2025-06-28 08:57:49,2025-06-28 08:58:58,69,0.02
4603,L09,#56,GW252/13600,(2)停机状态,2,2025-06-28 08:57:11,2025-06-28 08:57:49,38,0.01
4604,L09,#56,GW252/13600,(1)停机过程,1,2025-06-28 08:56:39,2025-06-28 08:57:11,32,0.01
4605,L09,#56,GW252/13600,(4)启机状态,4,2025-06-28 08:51:39,2025-06-28 08:56:39,300,0.08
4606,L09,#56,GW252/13600,(3)待机状态,3,2025-06-28 08:50:31,2025-06-28 08:51:39,68,0.02
4607,L09,#56,GW252/13600,(2)停机状态,2,2025-06-28 08:50:29,2025-06-28 08:50:31,2,0
4608,L09,#56,GW252/13600,(1)停机过程,1,2025-06-28 08:49:58,2025-06-28 08:50:29,31,0.01
4609,L09,#56,GW252/13600,(4)启机状态,4,2025-06-28 08:44:57,2025-06-28 08:49:58,301,0.08
4610,L09,#56,GW252/13600,(3)待机状态,3,2025-06-28 08:33:29,2025-06-28 08:44:57,688,0.19
4611,L09,#56,GW252/13600,(2)停机状态,2,2025-06-28 08:33:27,2025-06-28 08:33:29,2,0
4612,L09,#56,GW252/13600,(1)停机过程,1,2025-06-28 08:32:56,2025-06-28 08:33:27,31,0.01
4613,L09,#56,GW252/13600,(4)启机状态,4,2025-06-28 08:27:56,2025-06-28 08:32:56,300,0.08
4614,L09,#56,GW252/13600,(3)待机状态,3,2025-06-28 08:25:07,2025-06-28 08:27:56,169,0.05
4615,L09,#56,GW252/13600,(2)停机状态,2,2025-06-28 08:24:11,2025-06-28 08:25:07,56,0.02
4616,L09,#56,GW252/13600,(1)停机过程,1,2025-06-28 08:23:40,2025-06-28 08:24:11,31,0.01
4617,L09,#56,GW252/13600,(4)启机状态,4,2025-06-28 08:18:40,2025-06-28 08:23:40,300,0.08
4618,L09,#56,GW252/13600,(3)待机状态,3,2025-06-28 08:15:15,2025-06-28 08:18:40,205,0.06
4619,L09,#56,GW252/13600,(2)停机状态,2,2025-06-28 08:15:13,2025-06-28 08:15:15,2,0
4620,L09,#56,GW252/13600,(1)停机过程,1,2025-06-28 08:14:42,2025-06-28 08:15:13,31,0.01
4621,L09,#56,GW252/13600,(4)启机状态,4,2025-06-28 08:09:42,2025-06-28 08:14:42,300,0.08
4622,L09,#56,GW252/13600,(3)待机状态,3,2025-06-28 08:02:40,2025-06-28 08:09:42,422,0.12
4623,L09,#56,GW252/13600,(2)停机状态,2,2025-06-28 08:02:38,2025-06-28 08:02:40,2,0
4624,L09,#56,GW252/13600,(1)停机过程,1,2025-06-28 08:02:06,2025-06-28 08:02:38,32,0.01
4625,L09,#56,GW252/13600,(4)启机状态,4,2025-06-28 07:57:06,2025-06-28 08:02:06,300,0.08
4626,L09,#56,GW252/13600,(3)待机状态,3,2025-06-28 07:37:33,2025-06-28 07:57:06,1173,0.33
4627,L09,#56,GW252/13600,(2)停机状态,2,2025-06-28 07:32:55,2025-06-28 07:37:33,278,0.08
4628,L09,#56,GW252/13600,(1)停机过程,1,2025-06-28 07:32:01,2025-06-28 07:32:55,54,0.02
4629,L09,#56,GW252/13600,(5)发电状态,5,2025-06-28 05:44:02,2025-06-28 07:32:01,6479,1.8
4630,L09,#56,GW252/13600,(4)启机状态,4,2025-06-28 05:40:01,2025-06-28 05:44:02,241,0.07
4631,L09,#56,GW252/13600,(3)待机状态,3,2025-06-28 05:38:56,2025-06-28 05:40:01,65,0.02
4632,L09,#56,GW252/13600,(2)停机状态,2,2025-06-28 05:38:55,2025-06-28 05:38:56,1,0
4633,L09,#56,GW252/13600,(1)停机过程,1,2025-06-28 05:38:25,2025-06-28 05:38:55,30,0.01
4634,L09,#56,GW252/13600,(4)启机状态,4,2025-06-28 05:33:25,2025-06-28 05:38:25,300,0.08
4635,L09,#56,GW252/13600,(3)待机状态,3,2025-06-28 05:32:14,2025-06-28 05:33:25,71,0.02
4636,L09,#56,GW252/13600,(2)停机状态,2,2025-06-28 05:32:12,2025-06-28 05:32:14,2,0
4637,L09,#56,GW252/13600,(1)停机过程,1,2025-06-28 05:31:40,2025-06-28 05:32:12,32,0.01
4638,L09,#56,GW252/13600,(4)启机状态,4,2025-06-28 05:26:39,2025-06-28 05:31:40,301,0.08
4639,L09,#56,GW252/13600,(3)待机状态,3,2025-06-28 05:25:16,2025-06-28 05:26:39,83,0.02
4640,L09,#56,GW252/13600,(2)停机状态,2,2025-06-28 05:25:14,2025-06-28 05:25:16,2,0
4641,L09,#56,GW252/13600,(1)停机过程,1,2025-06-28 05:24:43,2025-06-28 05:25:14,31,0.01
4642,L09,#56,GW252/13600,(4)启机状态,4,2025-06-28 05:19:42,2025-06-28 05:24:43,301,0.08
4643,L09,#56,GW252/13600,(3)待机状态,3,2025-06-28 05:17:49,2025-06-28 05:19:42,113,0.03
4644,L09,#56,GW252/13600,(2)停机状态,2,2025-06-28 05:16:13,2025-06-28 05:17:49,96,0.03
4645,L09,#56,GW252/13600,(1)停机过程,1,2025-06-28 05:15:42,2025-06-28 05:16:13,31,0.01
4646,L09,#56,GW252/13600,(4)启机状态,4,2025-06-28 05:10:43,2025-06-28 05:15:42,299,0.08
4647,L09,#56,GW252/13600,(3)待机状态,3,2025-06-28 05:04:59,2025-06-28 05:10:43,344,0.1
4648,L09,#56,GW252/13600,(2)停机状态,2,2025-06-28 05:00:24,2025-06-28 05:04:59,275,0.08
4649,L09,#56,GW252/13600,(1)停机过程,1,2025-06-28 04:59:30,2025-06-28 05:00:24,54,0.02
4650,L09,#56,GW252/13600,(5)发电状态,5,2025-06-28 02:28:51,2025-06-28 04:59:30,9039,2.51
4651,L09,#56,GW252/13600,(4)启机状态,4,2025-06-28 02:26:25,2025-06-28 02:28:51,146,0.04
4652,L09,#56,GW252/13600,(3)待机状态,3,2025-06-28 02:25:29,2025-06-28 02:26:25,56,0.02
4653,L09,#56,GW252/13600,(2)停机状态,2,2025-06-28 02:25:28,2025-06-28 02:25:29,1,0
4654,L09,#56,GW252/13600,(1)停机过程,1,2025-06-28 02:24:56,2025-06-28 02:25:28,32,0.01
4655,L09,#56,GW252/13600,(4)启机状态,4,2025-06-28 02:19:56,2025-06-28 02:24:56,300,0.08
4656,L09,#56,GW252/13600,(3)待机状态,3,2025-06-28 02:00:53,2025-06-28 02:19:56,1143,0.32
4657,L09,#56,GW252/13600,(2)停机状态,2,2025-06-28 02:00:52,2025-06-28 02:00:53,1,0
4658,L09,#56,GW252/13600,(1)停机过程,1,2025-06-28 02:00:21,2025-06-28 02:00:52,31,0.01
4659,L09,#56,GW252/13600,(4)启机状态,4,2025-06-28 01:55:21,2025-06-28 02:00:21,300,0.08
4660,L09,#56,GW252/13600,(3)待机状态,3,2025-06-28 01:54:18,2025-06-28 01:55:21,63,0.02
4661,L09,#56,GW252/13600,(2)停机状态,2,2025-06-28 01:54:17,2025-06-28 01:54:18,1,0
4662,L09,#56,GW252/13600,(1)停机过程,1,2025-06-28 01:53:46,2025-06-28 01:54:17,31,0.01
4663,L09,#56,GW252/13600,(4)启机状态,4,2025-06-28 01:48:46,2025-06-28 01:53:46,300,0.08
4664,L09,#56,GW252/13600,(3)待机状态,3,2025-06-28 01:47:47,2025-06-28 01:48:46,59,0.02
4665,L09,#56,GW252/13600,(2)停机状态,2,2025-06-28 01:47:46,2025-06-28 01:47:47,1,0
4666,L09,#56,GW252/13600,(1)停机过程,1,2025-06-28 01:47:06,2025-06-28 01:47:46,40,0.01
4667,L09,#56,GW252/13600,(4)启机状态,4,2025-06-28 01:42:06,2025-06-28 01:47:06,300,0.08
4668,L09,#56,GW252/13600,(3)待机状态,3,2025-06-28 01:41:02,2025-06-28 01:42:06,64,0.02
4669,L09,#56,GW252/13600,(2)停机状态,2,2025-06-28 01:41:00,2025-06-28 01:41:02,2,0
4670,L09,#56,GW252/13600,(1)停机过程,1,2025-06-28 01:40:28,2025-06-28 01:41:00,32,0.01
4671,L09,#56,GW252/13600,(4)启机状态,4,2025-06-28 01:35:28,2025-06-28 01:40:28,300,0.08
4672,L09,#56,GW252/13600,(3)待机状态,3,2025-06-28 01:34:12,2025-06-28 01:35:28,76,0.02
4673,L09,#56,GW252/13600,(2)停机状态,2,2025-06-28 01:34:10,2025-06-28 01:34:12,2,0
4674,L09,#56,GW252/13600,(1)停机过程,1,2025-06-28 01:33:39,2025-06-28 01:34:10,31,0.01
4675,L09,#56,GW252/13600,(4)启机状态,4,2025-06-28 01:28:40,2025-06-28 01:33:39,299,0.08
4676,L09,#56,GW252/13600,(3)待机状态,3,2025-06-28 01:08:47,2025-06-28 01:28:40,1193,0.33
4677,L09,#56,GW252/13600,(1)停机过程,1,2025-06-28 01:08:15,2025-06-28 01:08:47,32,0.01
4678,L09,#56,GW252/13600,(4)启机状态,4,2025-06-28 01:03:16,2025-06-28 01:08:15,299,0.08
4679,L09,#56,GW252/13600,(3)待机状态,3,2025-06-28 00:57:59,2025-06-28 01:03:16,317,0.09
4680,L09,#56,GW252/13600,(2)停机状态,2,2025-06-28 00:57:08,2025-06-28 00:57:59,51,0.01
4681,L09,#56,GW252/13600,(1)停机过程,1,2025-06-28 00:56:35,2025-06-28 00:57:08,33,0.01
4682,L09,#56,GW252/13600,(4)启机状态,4,2025-06-28 00:51:35,2025-06-28 00:56:35,300,0.08
4683,L09,#56,GW252/13600,(3)待机状态,3,2025-06-28 00:22:18,2025-06-28 00:51:35,1757,0.49
4684,L09,#56,GW252/13600,(2)停机状态,2,2025-06-28 00:22:16,2025-06-28 00:22:18,2,0
4685,L09,#56,GW252/13600,(1)停机过程,1,2025-06-28 00:21:43,2025-06-28 00:22:16,33,0.01
4686,L09,#56,GW252/13600,(4)启机状态,4,2025-06-28 00:16:43,2025-06-28 00:21:43,300,0.08
4687,L09,#56,GW252/13600,(3)待机状态,3,2025-06-28 00:12:24,2025-06-28 00:16:43,259,0.07
4688,L09,#56,GW252/13600,(1)停机过程,1,2025-06-28 00:11:51,2025-06-28 00:12:24,33,0.01
4689,L09,#56,GW252/13600,(4)启机状态,4,2025-06-28 00:06:51,2025-06-28 00:11:51,300,0.08
4690,L09,#56,GW252/13600,(3)待机状态,3,2025-06-28 00:05:36,2025-06-28 00:06:51,75,0.02
4691,L09,#56,GW252/13600,(2)停机状态,2,2025-06-28 00:03:07,2025-06-28 00:05:36,149,0.04
4692,L09,#56,GW252/13600,(1)停机过程,1,2025-06-28 00:02:37,2025-06-28 00:03:07,30,0.01
4693,L09,#56,GW252/13600,(4)启机状态,4,2025-06-27 23:57:36,2025-06-28 00:02:37,301,0.08
4694,L09,#56,GW252/13600,(3)待机状态,3,2025-06-27 23:52:50,2025-06-27 23:57:36,286,0.08
4695,L09,#56,GW252/13600,(2)停机状态,2,2025-06-27 23:52:23,2025-06-27 23:52:50,27,0.01
4696,L09,#56,GW252/13600,(1)停机过程,1,2025-06-27 23:51:52,2025-06-27 23:52:23,31,0.01
4697,L09,#56,GW252/13600,(4)启机状态,4,2025-06-27 23:46:52,2025-06-27 23:51:52,300,0.08
4698,L09,#56,GW252/13600,(3)待机状态,3,2025-06-27 23:44:56,2025-06-27 23:46:52,116,0.03
4699,L09,#56,GW252/13600,(2)停机状态,2,2025-06-27 23:42:14,2025-06-27 23:44:56,162,0.05
4700,L09,#56,GW252/13600,(1)停机过程,1,2025-06-27 23:41:18,2025-06-27 23:42:14,56,0.02
4701,L09,#56,GW252/13600,(5)发电状态,5,2025-06-27 19:45:56,2025-06-27 23:41:18,14122,3.92
4702,L09,#56,GW252/13600,(4)启机状态,4,2025-06-27 19:43:30,2025-06-27 19:45:56,146,0.04
4703,L09,#56,GW252/13600,(3)待机状态,3,2025-06-27 19:42:23,2025-06-27 19:43:30,67,0.02
4704,L09,#56,GW252/13600,(2)停机状态,2,2025-06-27 19:14:16,2025-06-27 19:42:23,1687,0.47
4705,L09,#56,GW252/13600,(1)停机过程,1,2025-06-27 19:14:06,2025-06-27 19:14:16,10,0
4706,L09,#56,GW252/13600,(9)维护状态,9,2025-06-27 15:56:57,2025-06-27 19:14:06,11829,3.29
4707,L09,#56,GW252/13600,(2)停机状态,2,2025-06-27 14:39:55,2025-06-27 15:56:57,4622,1.28
4708,L09,#56,GW252/13600,(1)停机过程,1,2025-06-27 14:39:24,2025-06-27 14:39:55,31,0.01
4709,L09,#56,GW252/13600,(4)启机状态,4,2025-06-27 14:34:24,2025-06-27 14:39:24,300,0.08
4710,L09,#56,GW252/13600,(3)待机状态,3,2025-06-27 14:13:47,2025-06-27 14:34:24,1237,0.34
4711,L09,#56,GW252/13600,(2)停机状态,2,2025-06-27 14:11:04,2025-06-27 14:13:47,163,0.05
4712,L09,#56,GW252/13600,(1)停机过程,1,2025-06-27 14:10:09,2025-06-27 14:11:04,55,0.02
4713,L09,#56,GW252/13600,(5)发电状态,5,2025-06-25 16:52:05,2025-06-27 14:10:09,163084,45.3
4714,L09,#56,GW252/13600,(5)发电状态,5,2025-06-25 11:16:14,2025-06-25 16:52:05,20151,5.6
4715,L09,#56,GW252/13600,(4)启机状态,4,2025-06-25 11:12:37,2025-06-25 11:16:14,217,0.06
4716,L09,#56,GW252/13600,(3)待机状态,3,2025-06-25 11:11:36,2025-06-25 11:12:37,61,0.02
4717,L09,#56,GW252/13600,(2)停机状态,2,2025-06-25 11:11:35,2025-06-25 11:11:36,1,0
4718,L09,#56,GW252/13600,(1)停机过程,1,2025-06-25 11:11:03,2025-06-25 11:11:35,32,0.01
4719,L09,#56,GW252/13600,(4)启机状态,4,2025-06-25 11:06:02,2025-06-25 11:11:03,301,0.08
4720,L09,#56,GW252/13600,(3)待机状态,3,2025-06-25 11:05:04,2025-06-25 11:06:02,58,0.02
4721,L09,#56,GW252/13600,(2)停机状态,2,2025-06-25 11:05:03,2025-06-25 11:05:04,1,0
4722,L09,#56,GW252/13600,(1)停机过程,1,2025-06-25 11:04:31,2025-06-25 11:05:03,32,0.01
4723,L09,#56,GW252/13600,(4)启机状态,4,2025-06-25 10:59:32,2025-06-25 11:04:31,299,0.08
4724,L09,#56,GW252/13600,(3)待机状态,3,2025-06-25 10:58:27,2025-06-25 10:59:32,65,0.02
4725,L09,#56,GW252/13600,(1)停机过程,1,2025-06-25 10:57:56,2025-06-25 10:58:27,31,0.01
4726,L09,#56,GW252/13600,(4)启机状态,4,2025-06-25 10:52:56,2025-06-25 10:57:56,300,0.08
4727,L09,#56,GW252/13600,(3)待机状态,3,2025-06-25 10:51:55,2025-06-25 10:52:56,61,0.02
4728,L09,#56,GW252/13600,(2)停机状态,2,2025-06-25 10:51:53,2025-06-25 10:51:55,2,0
4729,L09,#56,GW252/13600,(1)停机过程,1,2025-06-25 10:51:20,2025-06-25 10:51:53,33,0.01
4730,L09,#56,GW252/13600,(4)启机状态,4,2025-06-25 10:46:20,2025-06-25 10:51:20,300,0.08
4731,L09,#56,GW252/13600,(3)待机状态,3,2025-06-25 10:45:15,2025-06-25 10:46:20,65,0.02
4732,L09,#56,GW252/13600,(2)停机状态,2,2025-06-25 10:45:13,2025-06-25 10:45:15,2,0
4733,L09,#56,GW252/13600,(1)停机过程,1,2025-06-25 10:44:43,2025-06-25 10:45:13,30,0.01
4734,L09,#56,GW252/13600,(4)启机状态,4,2025-06-25 10:39:42,2025-06-25 10:44:43,301,0.08
4735,L09,#56,GW252/13600,(3)待机状态,3,2025-06-25 10:38:37,2025-06-25 10:39:42,65,0.02
4736,L09,#56,GW252/13600,(1)停机过程,1,2025-06-25 10:38:03,2025-06-25 10:38:37,34,0.01
4737,L09,#56,GW252/13600,(4)启机状态,4,2025-06-25 10:33:03,2025-06-25 10:38:03,300,0.08
4738,L09,#56,GW252/13600,(3)待机状态,3,2025-06-25 10:31:51,2025-06-25 10:33:03,72,0.02
4739,L09,#56,GW252/13600,(2)停机状态,2,2025-06-25 10:31:49,2025-06-25 10:31:51,2,0
4740,L09,#56,GW252/13600,(1)停机过程,1,2025-06-25 10:31:19,2025-06-25 10:31:49,30,0.01
4741,L09,#56,GW252/13600,(4)启机状态,4,2025-06-25 10:26:19,2025-06-25 10:31:19,300,0.08
4742,L09,#56,GW252/13600,(3)待机状态,3,2025-06-25 10:24:25,2025-06-25 10:26:19,114,0.03
4743,L09,#56,GW252/13600,(1)停机过程,1,2025-06-25 10:23:53,2025-06-25 10:24:25,32,0.01
4744,L09,#56,GW252/13600,(4)启机状态,4,2025-06-25 10:18:52,2025-06-25 10:23:53,301,0.08
4745,L09,#56,GW252/13600,(3)待机状态,3,2025-06-25 10:10:31,2025-06-25 10:18:52,501,0.14
4746,L09,#56,GW252/13600,(2)停机状态,2,2025-06-25 10:10:30,2025-06-25 10:10:31,1,0
4747,L09,#56,GW252/13600,(1)停机过程,1,2025-06-25 10:09:58,2025-06-25 10:10:30,32,0.01
4748,L09,#56,GW252/13600,(4)启机状态,4,2025-06-25 10:04:58,2025-06-25 10:09:58,300,0.08
4749,L09,#56,GW252/13600,(3)待机状态,3,2025-06-25 09:56:09,2025-06-25 10:04:58,529,0.15
4750,L09,#56,GW252/13600,(2)停机状态,2,2025-06-25 09:55:12,2025-06-25 09:56:09,57,0.02
4751,L09,#56,GW252/13600,(1)停机过程,1,2025-06-25 09:54:39,2025-06-25 09:55:12,33,0.01
4752,L09,#56,GW252/13600,(4)启机状态,4,2025-06-25 09:49:39,2025-06-25 09:54:39,300,0.08
4753,L09,#56,GW252/13600,(3)待机状态,3,2025-06-25 09:48:20,2025-06-25 09:49:39,79,0.02
4754,L09,#56,GW252/13600,(2)停机状态,2,2025-06-25 09:48:13,2025-06-25 09:48:20,7,0
4755,L09,#56,GW252/13600,(1)停机过程,1,2025-06-25 09:47:42,2025-06-25 09:48:13,31,0.01
4756,L09,#56,GW252/13600,(4)启机状态,4,2025-06-25 09:42:42,2025-06-25 09:47:42,300,0.08
4757,L09,#56,GW252/13600,(3)待机状态,3,2025-06-25 09:40:48,2025-06-25 09:42:42,114,0.03
4758,L09,#56,GW252/13600,(2)停机状态,2,2025-06-25 09:40:47,2025-06-25 09:40:48,1,0
4759,L09,#56,GW252/13600,(1)停机过程,1,2025-06-25 09:40:15,2025-06-25 09:40:47,32,0.01
4760,L09,#56,GW252/13600,(4)启机状态,4,2025-06-25 09:35:14,2025-06-25 09:40:15,301,0.08
4761,L09,#56,GW252/13600,(3)待机状态,3,2025-06-25 09:33:52,2025-06-25 09:35:14,82,0.02
4762,L09,#56,GW252/13600,(2)停机状态,2,2025-06-25 09:32:18,2025-06-25 09:33:52,94,0.03
4763,L09,#56,GW252/13600,(1)停机过程,1,2025-06-25 09:31:47,2025-06-25 09:32:18,31,0.01
4764,L09,#56,GW252/13600,(4)启机状态,4,2025-06-25 09:26:46,2025-06-25 09:31:47,301,0.08
4765,L09,#56,GW252/13600,(3)待机状态,3,2025-06-25 09:06:22,2025-06-25 09:26:46,1224,0.34
4766,L09,#56,GW252/13600,(2)停机状态,2,2025-06-25 09:06:21,2025-06-25 09:06:22,1,0
4767,L09,#56,GW252/13600,(1)停机过程,1,2025-06-25 09:05:49,2025-06-25 09:06:21,32,0.01
4768,L09,#56,GW252/13600,(4)启机状态,4,2025-06-25 09:00:49,2025-06-25 09:05:49,300,0.08
4769,L09,#56,GW252/13600,(3)待机状态,3,2025-06-25 08:55:29,2025-06-25 09:00:49,320,0.09
4770,L09,#56,GW252/13600,(2)停机状态,2,2025-06-25 08:55:28,2025-06-25 08:55:29,1,0
4771,L09,#56,GW252/13600,(1)停机过程,1,2025-06-25 08:54:56,2025-06-25 08:55:28,32,0.01
4772,L09,#56,GW252/13600,(4)启机状态,4,2025-06-25 08:49:56,2025-06-25 08:54:56,300,0.08
4773,L09,#56,GW252/13600,(3)待机状态,3,2025-06-25 08:48:05,2025-06-25 08:49:56,111,0.03
4774,L09,#56,GW252/13600,(2)停机状态,2,2025-06-25 08:47:59,2025-06-25 08:48:05,6,0
4775,L09,#56,GW252/13600,(1)停机过程,1,2025-06-25 08:47:29,2025-06-25 08:47:59,30,0.01
4776,L09,#56,GW252/13600,(4)启机状态,4,2025-06-25 08:42:29,2025-06-25 08:47:29,300,0.08
4777,L09,#56,GW252/13600,(3)待机状态,3,2025-06-25 08:20:32,2025-06-25 08:42:29,1317,0.37
4778,L09,#56,GW252/13600,(2)停机状态,2,2025-06-25 08:20:31,2025-06-25 08:20:32,1,0
4779,L09,#56,GW252/13600,(1)停机过程,1,2025-06-25 08:19:59,2025-06-25 08:20:31,32,0.01
4780,L09,#56,GW252/13600,(4)启机状态,4,2025-06-25 08:14:59,2025-06-25 08:19:59,300,0.08
4781,L09,#56,GW252/13600,(3)待机状态,3,2025-06-25 08:12:20,2025-06-25 08:14:59,159,0.04
4782,L09,#56,GW252/13600,(2)停机状态,2,2025-06-25 08:12:19,2025-06-25 08:12:20,1,0
4783,L09,#56,GW252/13600,(1)停机过程,1,2025-06-25 08:11:48,2025-06-25 08:12:19,31,0.01
4784,L09,#56,GW252/13600,(4)启机状态,4,2025-06-25 08:06:48,2025-06-25 08:11:48,300,0.08
4785,L09,#56,GW252/13600,(3)待机状态,3,2025-06-25 07:50:03,2025-06-25 08:06:48,1005,0.28
4786,L09,#56,GW252/13600,(2)停机状态,2,2025-06-25 07:50:01,2025-06-25 07:50:03,2,0
4787,L09,#56,GW252/13600,(1)停机过程,1,2025-06-25 07:49:28,2025-06-25 07:50:01,33,0.01
4788,L09,#56,GW252/13600,(4)启机状态,4,2025-06-25 07:44:28,2025-06-25 07:49:28,300,0.08
4789,L09,#56,GW252/13600,(3)待机状态,3,2025-06-25 07:22:34,2025-06-25 07:44:28,1314,0.37
4790,L09,#56,GW252/13600,(2)停机状态,2,2025-06-25 07:22:33,2025-06-25 07:22:34,1,0
4791,L09,#56,GW252/13600,(1)停机过程,1,2025-06-25 07:22:04,2025-06-25 07:22:33,29,0.01
4792,L09,#56,GW252/13600,(4)启机状态,4,2025-06-25 07:17:02,2025-06-25 07:22:04,302,0.08
4793,L09,#56,GW252/13600,(3)待机状态,3,2025-06-25 06:55:55,2025-06-25 07:17:02,1267,0.35
4794,L09,#56,GW252/13600,(2)停机状态,2,2025-06-25 06:53:24,2025-06-25 06:55:55,151,0.04
4795,L09,#56,GW252/13600,(1)停机过程,1,2025-06-25 06:52:52,2025-06-25 06:53:24,32,0.01
4796,L09,#56,GW252/13600,(4)启机状态,4,2025-06-25 06:47:52,2025-06-25 06:52:52,300,0.08
4797,L09,#56,GW252/13600,(3)待机状态,3,2025-06-25 02:48:24,2025-06-25 06:47:52,14368,3.99
4798,L09,#56,GW252/13600,(2)停机状态,2,2025-06-25 02:46:00,2025-06-25 02:48:24,144,0.04
4799,L09,#56,GW252/13600,(1)停机过程,1,2025-06-25 02:45:05,2025-06-25 02:46:00,55,0.02
4800,L09,#56,GW252/13600,(5)发电状态,5,2025-06-24 18:59:18,2025-06-25 02:45:05,27947,7.76
4801,L09,#56,GW252/13600,(4)启机状态,4,2025-06-24 18:57:46,2025-06-24 18:59:18,92,0.03
4802,L09,#56,GW252/13600,(3)待机状态,3,2025-06-24 18:56:46,2025-06-24 18:57:46,60,0.02
4803,L09,#56,GW252/13600,(2)停机状态,2,2025-06-24 18:55:57,2025-06-24 18:56:46,49,0.01
4804,L09,#56,GW252/13600,(1)停机过程,1,2025-06-24 18:55:01,2025-06-24 18:55:57,56,0.02
4805,L09,#56,GW252/13600,(5)发电状态,5,2025-06-24 18:44:33,2025-06-24 18:55:01,628,0.17
4806,L09,#56,GW252/13600,(4)启机状态,4,2025-06-24 18:39:50,2025-06-24 18:44:33,283,0.08
4807,L09,#56,GW252/13600,(3)待机状态,3,2025-06-24 18:34:56,2025-06-24 18:39:50,294,0.08
4808,L09,#56,GW252/13600,(2)停机状态,2,2025-06-24 18:34:55,2025-06-24 18:34:56,1,0
4809,L09,#56,GW252/13600,(1)停机过程,1,2025-06-24 18:34:24,2025-06-24 18:34:55,31,0.01
4810,L09,#56,GW252/13600,(4)启机状态,4,2025-06-24 18:29:25,2025-06-24 18:34:24,299,0.08
4811,L09,#56,GW252/13600,(3)待机状态,3,2025-06-24 18:27:54,2025-06-24 18:29:25,91,0.03
4812,L09,#56,GW252/13600,(2)停机状态,2,2025-06-24 18:27:53,2025-06-24 18:27:54,1,0
4813,L09,#56,GW252/13600,(1)停机过程,1,2025-06-24 18:27:21,2025-06-24 18:27:53,32,0.01
4814,L09,#56,GW252/13600,(4)启机状态,4,2025-06-24 18:22:20,2025-06-24 18:27:21,301,0.08
4815,L09,#56,GW252/13600,(3)待机状态,3,2025-06-24 18:16:47,2025-06-24 18:22:20,333,0.09
4816,L09,#56,GW252/13600,(1)停机过程,1,2025-06-24 18:15:53,2025-06-24 18:16:47,54,0.02
4817,L09,#56,GW252/13600,(4)启机状态,4,2025-06-24 18:10:53,2025-06-24 18:15:53,300,0.08
4818,L09,#56,GW252/13600,(3)待机状态,3,2025-06-24 18:09:50,2025-06-24 18:10:53,63,0.02
4819,L09,#56,GW252/13600,(1)停机过程,1,2025-06-24 18:09:17,2025-06-24 18:09:50,33,0.01
4820,L09,#56,GW252/13600,(4)启机状态,4,2025-06-24 18:04:17,2025-06-24 18:09:17,300,0.08
4821,L09,#56,GW252/13600,(3)待机状态,3,2025-06-24 17:58:19,2025-06-24 18:04:17,358,0.1
4822,L09,#56,GW252/13600,(2)停机状态,2,2025-06-24 17:58:18,2025-06-24 17:58:19,1,0
4823,L09,#56,GW252/13600,(1)停机过程,1,2025-06-24 17:57:23,2025-06-24 17:58:18,55,0.02
4824,L09,#56,GW252/13600,(5)发电状态,5,2025-06-24 16:06:11,2025-06-24 17:57:23,6672,1.85
4825,L09,#56,GW252/13600,(4)启机状态,4,2025-06-24 16:04:25,2025-06-24 16:06:11,106,0.03
4826,L09,#56,GW252/13600,(3)待机状态,3,2025-06-24 16:03:27,2025-06-24 16:04:25,58,0.02
4827,L09,#56,GW252/13600,(2)停机状态,2,2025-06-24 15:26:52,2025-06-24 16:03:27,2195,0.61
4828,L09,#56,GW252/13600,(1)停机过程,1,2025-06-24 15:25:56,2025-06-24 15:26:52,56,0.02
4829,L09,#56,GW252/13600,(5)发电状态,5,2025-06-24 12:43:49,2025-06-24 15:25:56,9727,2.7
4830,L09,#56,GW252/13600,(4)启机状态,4,2025-06-24 12:39:07,2025-06-24 12:43:49,282,0.08
4831,L09,#56,GW252/13600,(3)待机状态,3,2025-06-24 12:37:54,2025-06-24 12:39:07,73,0.02
4832,L09,#56,GW252/13600,(2)停机状态,2,2025-06-24 12:37:53,2025-06-24 12:37:54,1,0
4833,L09,#56,GW252/13600,(1)停机过程,1,2025-06-24 12:37:20,2025-06-24 12:37:53,33,0.01
4834,L09,#56,GW252/13600,(4)启机状态,4,2025-06-24 12:32:20,2025-06-24 12:37:20,300,0.08
4835,L09,#56,GW252/13600,(3)待机状态,3,2025-06-24 12:25:13,2025-06-24 12:32:20,427,0.12
4836,L09,#56,GW252/13600,(2)停机状态,2,2025-06-24 11:48:38,2025-06-24 12:25:13,2195,0.61
4837,L09,#56,GW252/13600,(1)停机过程,1,2025-06-24 11:47:43,2025-06-24 11:48:38,55,0.02
4838,L09,#56,GW252/13600,(5)发电状态,5,2025-06-23 09:33:41,2025-06-24 11:47:43,94442,26.23
4839,L09,#56,GW252/13600,(4)启机状态,4,2025-06-23 09:32:13,2025-06-23 09:33:41,88,0.02
4840,L09,#56,GW252/13600,(3)待机状态,3,2025-06-23 09:31:19,2025-06-23 09:32:13,54,0.02
4841,L09,#56,GW252/13600,(2)停机状态,2,2025-06-23 09:29:52,2025-06-23 09:31:19,87,0.02
4842,L09,#56,GW252/13600,(1)停机过程,1,2025-06-23 09:29:42,2025-06-23 09:29:52,10,0
4843,L09,#56,GW252/13600,(9)维护状态,9,2025-06-23 09:28:06,2025-06-23 09:29:42,96,0.03
4844,L09,#56,GW252/13600,(2)停机状态,2,2025-06-23 09:27:33,2025-06-23 09:28:06,33,0.01
4845,L09,#56,GW252/13600,(1)停机过程,1,2025-06-23 09:26:38,2025-06-23 09:27:33,55,0.02
4846,L09,#56,GW252/13600,(5)发电状态,5,2025-06-22 20:13:29,2025-06-23 09:26:38,47589,13.22
4847,L09,#56,GW252/13600,(4)启机状态,4,2025-06-22 20:12:38,2025-06-22 20:13:29,51,0.01
4848,L09,#56,GW252/13600,(3)待机状态,3,2025-06-22 20:11:56,2025-06-22 20:12:38,42,0.01
4849,L09,#56,GW252/13600,(2)停机状态,2,2025-06-22 20:05:05,2025-06-22 20:11:56,411,0.11
4850,L09,#56,GW252/13600,(0)初始化,0,2025-06-22 20:03:57,2025-06-22 20:05:05,68,0.02
4851,L09,#56,GW252/13600,(2)停机状态,2,2025-06-22 18:49:28,2025-06-22 20:03:57,4469,1.24
4852,L09,#56,GW252/13600,(1)停机过程,1,2025-06-22 18:48:32,2025-06-22 18:49:28,56,0.02
4853,L09,#56,GW252/13600,(5)发电状态,5,2025-06-17 00:15:53,2025-06-22 18:48:32,498759,138.54
4854,L09,#56,GW252/13600,(4)启机状态,4,2025-06-17 00:15:10,2025-06-17 00:15:53,43,0.01
4855,L09,#56,GW252/13600,(3)待机状态,3,2025-06-17 00:14:33,2025-06-17 00:15:10,37,0.01
4856,L09,#56,GW252/13600,(2)停机状态,2,2025-06-17 00:14:31,2025-06-17 00:14:33,2,0
4857,L09,#56,GW252/13600,(1)停机过程,1,2025-06-17 00:14:20,2025-06-17 00:14:31,11,0
4858,L09,#56,GW252/13600,(9)维护状态,9,2025-06-17 00:09:28,2025-06-17 00:14:20,292,0.08
4859,L09,#56,GW252/13600,(2)停机状态,2,2025-06-17 00:05:45,2025-06-17 00:09:28,223,0.06
4860,L09,#56,GW252/13600,(1)停机过程,1,2025-06-17 00:05:40,2025-06-17 00:05:45,5,0
4861,L09,#56,GW252/13600,(9)维护状态,9,2025-06-17 00:02:15,2025-06-17 00:05:40,205,0.06
4862,L09,#56,GW252/13600,(2)停机状态,2,2025-06-16 23:58:06,2025-06-17 00:02:15,249,0.07
4863,L09,#56,GW252/13600,(1)停机过程,1,2025-06-16 23:57:09,2025-06-16 23:58:06,57,0.02
4864,L09,#56,GW252/13600,(5)发电状态,5,2025-06-14 22:53:34,2025-06-16 23:57:09,176615,49.06
4865,L09,#56,GW252/13600,(4)启机状态,4,2025-06-14 22:52:59,2025-06-14 22:53:34,35,0.01
4866,L09,#56,GW252/13600,(3)待机状态,3,2025-06-14 22:52:29,2025-06-14 22:52:59,30,0.01
4867,L09,#56,GW252/13600,(2)停机状态,2,2025-06-14 22:52:25,2025-06-14 22:52:29,4,0
4868,L09,#56,GW252/13600,(1)停机过程,1,2025-06-14 22:52:16,2025-06-14 22:52:25,9,0
4869,L09,#56,GW252/13600,(9)维护状态,9,2025-06-14 22:51:53,2025-06-14 22:52:16,23,0.01
4870,L09,#56,GW252/13600,(2)停机状态,2,2025-06-14 13:21:27,2025-06-14 22:51:53,34226,9.51
4871,L09,#56,GW252/13600,(1)停机过程,1,2025-06-14 13:21:17,2025-06-14 13:21:27,10,0
4872,L09,#56,GW252/13600,(9)维护状态,9,2025-06-14 13:20:48,2025-06-14 13:21:17,29,0.01
4873,L09,#56,GW252/13600,(2)停机状态,2,2025-06-14 13:16:11,2025-06-14 13:20:48,277,0.08
4874,L09,#56,GW252/13600,(1)停机过程,1,2025-06-14 13:16:01,2025-06-14 13:16:11,10,0
4875,L09,#56,GW252/13600,(9)维护状态,9,2025-06-14 13:14:40,2025-06-14 13:16:01,81,0.02
4876,L09,#56,GW252/13600,(2)停机状态,2,2025-06-14 13:09:17,2025-06-14 13:14:40,323,0.09
4877,L09,#56,GW252/13600,(1)停机过程,1,2025-06-14 13:08:32,2025-06-14 13:09:17,45,0.01
4878,L09,#56,GW252/13600,(5)发电状态,5,2025-06-10 14:42:37,2025-06-14 13:08:32,339955,94.43
4879,L09,#56,GW252/13600,(4)启机状态,4,2025-06-10 14:40:18,2025-06-10 14:42:37,139,0.04
4880,L09,#56,GW252/13600,(3)待机状态,3,2025-06-10 14:39:26,2025-06-10 14:40:18,52,0.01
4881,L09,#56,GW252/13600,(2)停机状态,2,2025-06-10 14:39:24,2025-06-10 14:39:26,2,0
4882,L09,#56,GW252/13600,(1)停机过程,1,2025-06-10 14:38:29,2025-06-10 14:39:24,55,0.02
4883,L09,#56,GW252/13600,(4)启机状态,4,2025-06-10 14:33:28,2025-06-10 14:38:29,301,0.08
4884,L09,#56,GW252/13600,(3)待机状态,3,2025-06-10 14:32:31,2025-06-10 14:33:28,57,0.02
4885,L09,#56,GW252/13600,(2)停机状态,2,2025-06-10 14:32:30,2025-06-10 14:32:31,1,0
4886,L09,#56,GW252/13600,(1)停机过程,1,2025-06-10 14:31:58,2025-06-10 14:32:30,32,0.01
4887,L09,#56,GW252/13600,(4)启机状态,4,2025-06-10 14:26:58,2025-06-10 14:31:58,300,0.08
4888,L09,#56,GW252/13600,(3)待机状态,3,2025-06-10 14:25:53,2025-06-10 14:26:58,65,0.02
4889,L09,#56,GW252/13600,(2)停机状态,2,2025-06-10 14:23:48,2025-06-10 14:25:53,125,0.03
4890,L09,#56,GW252/13600,(1)停机过程,1,2025-06-10 14:22:53,2025-06-10 14:23:48,55,0.02
4891,L09,#56,GW252/13600,(5)发电状态,5,2025-06-10 10:24:35,2025-06-10 14:22:53,14298,3.97
4892,L09,#56,GW252/13600,(4)启机状态,4,2025-06-10 10:20:56,2025-06-10 10:24:35,219,0.06
4893,L09,#56,GW252/13600,(3)待机状态,3,2025-06-10 10:19:45,2025-06-10 10:20:56,71,0.02
4894,L09,#56,GW252/13600,(2)停机状态,2,2025-06-10 10:19:43,2025-06-10 10:19:45,2,0
4895,L09,#56,GW252/13600,(1)停机过程,1,2025-06-10 10:19:13,2025-06-10 10:19:43,30,0.01
4896,L09,#56,GW252/13600,(4)启机状态,4,2025-06-10 10:14:13,2025-06-10 10:19:13,300,0.08
4897,L09,#56,GW252/13600,(3)待机状态,3,2025-06-10 10:13:00,2025-06-10 10:14:13,73,0.02
4898,L09,#56,GW252/13600,(2)停机状态,2,2025-06-10 10:12:26,2025-06-10 10:13:00,34,0.01
4899,L09,#56,GW252/13600,(1)停机过程,1,2025-06-10 10:11:56,2025-06-10 10:12:26,30,0.01
4900,L09,#56,GW252/13600,(4)启机状态,4,2025-06-10 10:06:56,2025-06-10 10:11:56,300,0.08
4901,L09,#56,GW252/13600,(3)待机状态,3,2025-06-10 10:05:48,2025-06-10 10:06:56,68,0.02
4902,L09,#56,GW252/13600,(2)停机状态,2,2025-06-10 10:05:46,2025-06-10 10:05:48,2,0
4903,L09,#56,GW252/13600,(1)停机过程,1,2025-06-10 10:05:14,2025-06-10 10:05:46,32,0.01
4904,L09,#56,GW252/13600,(4)启机状态,4,2025-06-10 10:00:13,2025-06-10 10:05:14,301,0.08
4905,L09,#56,GW252/13600,(3)待机状态,3,2025-06-10 09:59:12,2025-06-10 10:00:13,61,0.02
4906,L09,#56,GW252/13600,(2)停机状态,2,2025-06-10 09:59:10,2025-06-10 09:59:12,2,0
4907,L09,#56,GW252/13600,(1)停机过程,1,2025-06-10 09:58:39,2025-06-10 09:59:10,31,0.01
4908,L09,#56,GW252/13600,(4)启机状态,4,2025-06-10 09:53:39,2025-06-10 09:58:39,300,0.08
4909,L09,#56,GW252/13600,(3)待机状态,3,2025-06-10 09:52:39,2025-06-10 09:53:39,60,0.02
4910,L09,#56,GW252/13600,(2)停机状态,2,2025-06-10 09:52:38,2025-06-10 09:52:39,1,0
4911,L09,#56,GW252/13600,(1)停机过程,1,2025-06-10 09:52:05,2025-06-10 09:52:38,33,0.01
4912,L09,#56,GW252/13600,(4)启机状态,4,2025-06-10 09:47:05,2025-06-10 09:52:05,300,0.08
4913,L09,#56,GW252/13600,(3)待机状态,3,2025-06-10 09:45:50,2025-06-10 09:47:05,75,0.02
4914,L09,#56,GW252/13600,(2)停机状态,2,2025-06-10 09:45:49,2025-06-10 09:45:50,1,0
4915,L09,#56,GW252/13600,(1)停机过程,1,2025-06-10 09:45:18,2025-06-10 09:45:49,31,0.01
4916,L09,#56,GW252/13600,(4)启机状态,4,2025-06-10 09:40:18,2025-06-10 09:45:18,300,0.08
4917,L09,#56,GW252/13600,(3)待机状态,3,2025-06-10 09:38:39,2025-06-10 09:40:18,99,0.03
4918,L09,#56,GW252/13600,(2)停机状态,2,2025-06-10 09:37:56,2025-06-10 09:38:39,43,0.01
4919,L09,#56,GW252/13600,(1)停机过程,1,2025-06-10 09:37:23,2025-06-10 09:37:56,33,0.01
4920,L09,#56,GW252/13600,(4)启机状态,4,2025-06-10 09:32:23,2025-06-10 09:37:23,300,0.08
4921,L09,#56,GW252/13600,(3)待机状态,3,2025-06-10 09:30:49,2025-06-10 09:32:23,94,0.03
4922,L09,#56,GW252/13600,(2)停机状态,2,2025-06-10 09:26:04,2025-06-10 09:30:49,285,0.08
4923,L09,#56,GW252/13600,(1)停机过程,1,2025-06-10 09:25:32,2025-06-10 09:26:04,32,0.01
4924,L09,#56,GW252/13600,(4)启机状态,4,2025-06-10 09:20:31,2025-06-10 09:25:32,301,0.08
4925,L09,#56,GW252/13600,(3)待机状态,3,2025-06-10 09:17:49,2025-06-10 09:20:31,162,0.05
4926,L09,#56,GW252/13600,(2)停机状态,2,2025-06-10 09:12:12,2025-06-10 09:17:49,337,0.09
4927,L09,#56,GW252/13600,(1)停机过程,1,2025-06-10 09:11:41,2025-06-10 09:12:12,31,0.01
4928,L09,#56,GW252/13600,(4)启机状态,4,2025-06-10 09:06:41,2025-06-10 09:11:41,300,0.08
4929,L09,#56,GW252/13600,(3)待机状态,3,2025-06-10 09:05:10,2025-06-10 09:06:41,91,0.03
4930,L09,#56,GW252/13600,(2)停机状态,2,2025-06-10 09:01:21,2025-06-10 09:05:10,229,0.06
4931,L09,#56,GW252/13600,(1)停机过程,1,2025-06-10 09:00:26,2025-06-10 09:01:21,55,0.02
4932,L09,#56,GW252/13600,(5)发电状态,5,2025-06-10 08:16:14,2025-06-10 09:00:26,2652,0.74
4933,L09,#56,GW252/13600,(4)启机状态,4,2025-06-10 08:12:33,2025-06-10 08:16:14,221,0.06
4934,L09,#56,GW252/13600,(3)待机状态,3,2025-06-10 08:11:41,2025-06-10 08:12:33,52,0.01
4935,L09,#56,GW252/13600,(2)停机状态,2,2025-06-10 08:11:40,2025-06-10 08:11:41,1,0
4936,L09,#56,GW252/13600,(1)停机过程,1,2025-06-10 08:10:43,2025-06-10 08:11:40,57,0.02
4937,L09,#56,GW252/13600,(4)启机状态,4,2025-06-10 08:05:43,2025-06-10 08:10:43,300,0.08
4938,L09,#56,GW252/13600,(3)待机状态,3,2025-06-10 08:04:43,2025-06-10 08:05:43,60,0.02
4939,L09,#56,GW252/13600,(2)停机状态,2,2025-06-10 08:04:42,2025-06-10 08:04:43,1,0
4940,L09,#56,GW252/13600,(1)停机过程,1,2025-06-10 08:04:09,2025-06-10 08:04:42,33,0.01
4941,L09,#56,GW252/13600,(4)启机状态,4,2025-06-10 07:59:10,2025-06-10 08:04:09,299,0.08
4942,L09,#56,GW252/13600,(3)待机状态,3,2025-06-10 07:58:07,2025-06-10 07:59:10,63,0.02
4943,L09,#56,GW252/13600,(2)停机状态,2,2025-06-10 07:58:05,2025-06-10 07:58:07,2,0
4944,L09,#56,GW252/13600,(1)停机过程,1,2025-06-10 07:57:34,2025-06-10 07:58:05,31,0.01
4945,L09,#56,GW252/13600,(4)启机状态,4,2025-06-10 07:52:34,2025-06-10 07:57:34,300,0.08
4946,L09,#56,GW252/13600,(3)待机状态,3,2025-06-10 07:51:33,2025-06-10 07:52:34,61,0.02
4947,L09,#56,GW252/13600,(2)停机状态,2,2025-06-10 07:51:26,2025-06-10 07:51:33,7,0
4948,L09,#56,GW252/13600,(1)停机过程,1,2025-06-10 07:50:54,2025-06-10 07:51:26,32,0.01
4949,L09,#56,GW252/13600,(4)启机状态,4,2025-06-10 07:45:55,2025-06-10 07:50:54,299,0.08
4950,L09,#56,GW252/13600,(3)待机状态,3,2025-06-10 07:44:42,2025-06-10 07:45:55,73,0.02
4951,L09,#56,GW252/13600,(2)停机状态,2,2025-06-10 07:39:05,2025-06-10 07:44:42,337,0.09
4952,L09,#56,GW252/13600,(1)停机过程,1,2025-06-10 07:38:34,2025-06-10 07:39:05,31,0.01
4953,L09,#56,GW252/13600,(4)启机状态,4,2025-06-10 07:33:34,2025-06-10 07:38:34,300,0.08
4954,L09,#56,GW252/13600,(3)待机状态,3,2025-06-10 07:29:20,2025-06-10 07:33:34,254,0.07
4955,L09,#56,GW252/13600,(2)停机状态,2,2025-06-10 07:26:16,2025-06-10 07:29:20,184,0.05
4956,L09,#56,GW252/13600,(1)停机过程,1,2025-06-10 07:25:44,2025-06-10 07:26:16,32,0.01
4957,L09,#56,GW252/13600,(4)启机状态,4,2025-06-10 07:20:44,2025-06-10 07:25:44,300,0.08
4958,L09,#56,GW252/13600,(3)待机状态,3,2025-06-10 07:18:36,2025-06-10 07:20:44,128,0.04
4959,L09,#56,GW252/13600,(2)停机状态,2,2025-06-10 07:16:49,2025-06-10 07:18:36,107,0.03
4960,L09,#56,GW252/13600,(1)停机过程,1,2025-06-10 07:16:18,2025-06-10 07:16:49,31,0.01
4961,L09,#56,GW252/13600,(4)启机状态,4,2025-06-10 07:11:17,2025-06-10 07:16:18,301,0.08
4962,L09,#56,GW252/13600,(3)待机状态,3,2025-06-10 07:01:10,2025-06-10 07:11:17,607,0.17
4963,L09,#56,GW252/13600,(2)停机状态,2,2025-06-10 06:55:33,2025-06-10 07:01:10,337,0.09
4964,L09,#56,GW252/13600,(1)停机过程,1,2025-06-10 06:55:01,2025-06-10 06:55:33,32,0.01
4965,L09,#56,GW252/13600,(4)启机状态,4,2025-06-10 06:50:01,2025-06-10 06:55:01,300,0.08
4966,L09,#56,GW252/13600,(3)待机状态,3,2025-06-10 06:47:19,2025-06-10 06:50:01,162,0.05
4967,L09,#56,GW252/13600,(2)停机状态,2,2025-06-10 06:41:42,2025-06-10 06:47:19,337,0.09
4968,L09,#56,GW252/13600,(1)停机过程,1,2025-06-10 06:41:11,2025-06-10 06:41:42,31,0.01
4969,L09,#56,GW252/13600,(4)启机状态,4,2025-06-10 06:36:11,2025-06-10 06:41:11,300,0.08
4970,L09,#56,GW252/13600,(3)待机状态,3,2025-06-10 01:35:53,2025-06-10 06:36:11,18018,5.01
4971,L09,#56,GW252/13600,(2)停机状态,2,2025-06-10 01:30:16,2025-06-10 01:35:53,337,0.09
4972,L09,#56,GW252/13600,(1)停机过程,1,2025-06-10 01:29:45,2025-06-10 01:30:16,31,0.01
4973,L09,#56,GW252/13600,(4)启机状态,4,2025-06-10 01:24:45,2025-06-10 01:29:45,300,0.08
4974,L09,#56,GW252/13600,(3)待机状态,3,2025-06-10 01:16:48,2025-06-10 01:24:45,477,0.13
4975,L09,#56,GW252/13600,(2)停机状态,2,2025-06-10 01:11:12,2025-06-10 01:16:48,336,0.09
4976,L09,#56,GW252/13600,(1)停机过程,1,2025-06-10 01:10:39,2025-06-10 01:11:12,33,0.01
4977,L09,#56,GW252/13600,(4)启机状态,4,2025-06-10 01:05:39,2025-06-10 01:10:39,300,0.08
4978,L09,#56,GW252/13600,(3)待机状态,3,2025-06-09 23:51:49,2025-06-10 01:05:39,4430,1.23
4979,L09,#56,GW252/13600,(2)停机状态,2,2025-06-09 23:46:12,2025-06-09 23:51:49,337,0.09
4980,L09,#56,GW252/13600,(1)停机过程,1,2025-06-09 23:45:40,2025-06-09 23:46:12,32,0.01
4981,L09,#56,GW252/13600,(4)启机状态,4,2025-06-09 23:40:41,2025-06-09 23:45:40,299,0.08
4982,L09,#56,GW252/13600,(3)待机状态,3,2025-06-09 23:04:51,2025-06-09 23:40:41,2150,0.6
4983,L09,#56,GW252/13600,(2)停机状态,2,2025-06-09 22:59:15,2025-06-09 23:04:51,336,0.09
4984,L09,#56,GW252/13600,(1)停机过程,1,2025-06-09 22:58:42,2025-06-09 22:59:15,33,0.01
4985,L09,#56,GW252/13600,(4)启机状态,4,2025-06-09 22:53:42,2025-06-09 22:58:42,300,0.08
4986,L09,#56,GW252/13600,(3)待机状态,3,2025-06-09 22:43:47,2025-06-09 22:53:42,595,0.17
4987,L09,#56,GW252/13600,(2)停机状态,2,2025-06-09 22:38:09,2025-06-09 22:43:47,338,0.09
4988,L09,#56,GW252/13600,(1)停机过程,1,2025-06-09 22:37:38,2025-06-09 22:38:09,31,0.01
4989,L09,#56,GW252/13600,(4)启机状态,4,2025-06-09 22:32:38,2025-06-09 22:37:38,300,0.08
4990,L09,#56,GW252/13600,(3)待机状态,3,2025-06-09 22:31:15,2025-06-09 22:32:38,83,0.02
4991,L09,#56,GW252/13600,(2)停机状态,2,2025-06-09 22:28:36,2025-06-09 22:31:15,159,0.04
4992,L09,#56,GW252/13600,(1)停机过程,1,2025-06-09 22:27:42,2025-06-09 22:28:36,54,0.02
4993,L09,#56,GW252/13600,(5)发电状态,5,2025-06-09 22:07:18,2025-06-09 22:27:42,1224,0.34
4994,L09,#56,GW252/13600,(4)启机状态,4,2025-06-09 22:04:31,2025-06-09 22:07:18,167,0.05
4995,L09,#56,GW252/13600,(3)待机状态,3,2025-06-09 22:03:39,2025-06-09 22:04:31,52,0.01
4996,L09,#56,GW252/13600,(2)停机状态,2,2025-06-09 22:03:38,2025-06-09 22:03:39,1,0
4997,L09,#56,GW252/13600,(1)停机过程,1,2025-06-09 22:02:45,2025-06-09 22:03:38,53,0.01
4998,L09,#56,GW252/13600,(4)启机状态,4,2025-06-09 21:57:45,2025-06-09 22:02:45,300,0.08
4999,L09,#56,GW252/13600,(3)待机状态,3,2025-06-09 21:56:43,2025-06-09 21:57:45,62,0.02
5000,L09,#56,GW252/13600,(2)停机状态,2,2025-06-09 21:56:42,2025-06-09 21:56:43,1,0
5001,L09,#56,GW252/13600,(1)停机过程,1,2025-06-09 21:56:10,2025-06-09 21:56:42,32,0.01
5002,L09,#56,GW252/13600,(4)启机状态,4,2025-06-09 21:51:10,2025-06-09 21:56:10,300,0.08
5003,L09,#56,GW252/13600,(3)待机状态,3,2025-06-09 21:50:07,2025-06-09 21:51:10,63,0.02
5004,L09,#56,GW252/13600,(1)停机过程,1,2025-06-09 21:49:35,2025-06-09 21:50:07,32,0.01
5005,L09,#56,GW252/13600,(4)启机状态,4,2025-06-09 21:44:35,2025-06-09 21:49:35,300,0.08
5006,L09,#56,GW252/13600,(3)待机状态,3,2025-06-09 21:43:17,2025-06-09 21:44:35,78,0.02
5007,L09,#56,GW252/13600,(2)停机状态,2,2025-06-09 21:39:24,2025-06-09 21:43:17,233,0.06
5008,L09,#56,GW252/13600,(1)停机过程,1,2025-06-09 21:38:52,2025-06-09 21:39:24,32,0.01
5009,L09,#56,GW252/13600,(4)启机状态,4,2025-06-09 21:33:53,2025-06-09 21:38:52,299,0.08
5010,L09,#56,GW252/13600,(3)待机状态,3,2025-06-09 21:31:56,2025-06-09 21:33:53,117,0.03
5011,L09,#56,GW252/13600,(2)停机状态,2,2025-06-09 21:30:33,2025-06-09 21:31:56,83,0.02
5012,L09,#56,GW252/13600,(1)停机过程,1,2025-06-09 21:30:02,2025-06-09 21:30:33,31,0.01
5013,L09,#56,GW252/13600,(4)启机状态,4,2025-06-09 21:25:02,2025-06-09 21:30:02,300,0.08
5014,L09,#56,GW252/13600,(3)待机状态,3,2025-06-09 21:24:04,2025-06-09 21:25:02,58,0.02
5015,L09,#56,GW252/13600,(2)停机状态,2,2025-06-09 21:24:02,2025-06-09 21:24:04,2,0
5016,L09,#56,GW252/13600,(1)停机过程,1,2025-06-09 21:23:31,2025-06-09 21:24:02,31,0.01
5017,L09,#56,GW252/13600,(4)启机状态,4,2025-06-09 21:18:31,2025-06-09 21:23:31,300,0.08
5018,L09,#56,GW252/13600,(3)待机状态,3,2025-06-09 21:17:25,2025-06-09 21:18:31,66,0.02
5019,L09,#56,GW252/13600,(2)停机状态,2,2025-06-09 21:17:24,2025-06-09 21:17:25,1,0
5020,L09,#56,GW252/13600,(1)停机过程,1,2025-06-09 21:16:53,2025-06-09 21:17:24,31,0.01
5021,L09,#56,GW252/13600,(4)启机状态,4,2025-06-09 21:11:52,2025-06-09 21:16:53,301,0.08
5022,L09,#56,GW252/13600,(3)待机状态,3,2025-06-09 21:10:53,2025-06-09 21:11:52,59,0.02
5023,L09,#56,GW252/13600,(2)停机状态,2,2025-06-09 21:10:52,2025-06-09 21:10:53,1,0
5024,L09,#56,GW252/13600,(1)停机过程,1,2025-06-09 21:10:20,2025-06-09 21:10:52,32,0.01
5025,L09,#56,GW252/13600,(4)启机状态,4,2025-06-09 21:05:20,2025-06-09 21:10:20,300,0.08
5026,L09,#56,GW252/13600,(3)待机状态,3,2025-06-09 21:04:22,2025-06-09 21:05:20,58,0.02
5027,L09,#56,GW252/13600,(2)停机状态,2,2025-06-09 21:04:20,2025-06-09 21:04:22,2,0
5028,L09,#56,GW252/13600,(1)停机过程,1,2025-06-09 21:03:48,2025-06-09 21:04:20,32,0.01
5029,L09,#56,GW252/13600,(4)启机状态,4,2025-06-09 20:58:48,2025-06-09 21:03:48,300,0.08
5030,L09,#56,GW252/13600,(3)待机状态,3,2025-06-09 20:57:54,2025-06-09 20:58:48,54,0.02
5031,L09,#56,GW252/13600,(2)停机状态,2,2025-06-09 20:57:53,2025-06-09 20:57:54,1,0
5032,L09,#56,GW252/13600,(1)停机过程,1,2025-06-09 20:56:59,2025-06-09 20:57:53,54,0.02
5033,L09,#56,GW252/13600,(4)启机状态,4,2025-06-09 20:51:59,2025-06-09 20:56:59,300,0.08
5034,L09,#56,GW252/13600,(3)待机状态,3,2025-06-09 20:50:54,2025-06-09 20:51:59,65,0.02
5035,L09,#56,GW252/13600,(2)停机状态,2,2025-06-09 20:48:06,2025-06-09 20:50:54,168,0.05
5036,L09,#56,GW252/13600,(1)停机过程,1,2025-06-09 20:47:11,2025-06-09 20:48:06,55,0.02
5037,L09,#56,GW252/13600,(5)发电状态,5,2025-06-09 19:07:33,2025-06-09 20:47:11,5978,1.66
5038,L09,#56,GW252/13600,(4)启机状态,4,2025-06-09 19:05:09,2025-06-09 19:07:33,144,0.04
5039,L09,#56,GW252/13600,(3)待机状态,3,2025-06-09 19:04:13,2025-06-09 19:05:09,56,0.02
5040,L09,#56,GW252/13600,(2)停机状态,2,2025-06-09 19:04:11,2025-06-09 19:04:13,2,0
5041,L09,#56,GW252/13600,(1)停机过程,1,2025-06-09 19:03:39,2025-06-09 19:04:11,32,0.01
5042,L09,#56,GW252/13600,(4)启机状态,4,2025-06-09 18:58:39,2025-06-09 19:03:39,300,0.08
5043,L09,#56,GW252/13600,(3)待机状态,3,2025-06-09 18:57:40,2025-06-09 18:58:39,59,0.02
5044,L09,#56,GW252/13600,(2)停机状态,2,2025-06-09 18:57:38,2025-06-09 18:57:40,2,0
5045,L09,#56,GW252/13600,(1)停机过程,1,2025-06-09 18:57:07,2025-06-09 18:57:38,31,0.01
5046,L09,#56,GW252/13600,(4)启机状态,4,2025-06-09 18:52:07,2025-06-09 18:57:07,300,0.08
5047,L09,#56,GW252/13600,(3)待机状态,3,2025-06-09 18:50:58,2025-06-09 18:52:07,69,0.02
5048,L09,#56,GW252/13600,(2)停机状态,2,2025-06-09 18:50:56,2025-06-09 18:50:58,2,0
5049,L09,#56,GW252/13600,(1)停机过程,1,2025-06-09 18:50:24,2025-06-09 18:50:56,32,0.01
5050,L09,#56,GW252/13600,(4)启机状态,4,2025-06-09 18:45:24,2025-06-09 18:50:24,300,0.08
5051,L09,#56,GW252/13600,(3)待机状态,3,2025-06-09 18:44:19,2025-06-09 18:45:24,65,0.02
5052,L09,#56,GW252/13600,(2)停机状态,2,2025-06-09 18:44:18,2025-06-09 18:44:19,1,0
5053,L09,#56,GW252/13600,(1)停机过程,1,2025-06-09 18:43:46,2025-06-09 18:44:18,32,0.01
5054,L09,#56,GW252/13600,(4)启机状态,4,2025-06-09 18:38:47,2025-06-09 18:43:46,299,0.08
5055,L09,#56,GW252/13600,(3)待机状态,3,2025-06-09 18:37:32,2025-06-09 18:38:47,75,0.02
5056,L09,#56,GW252/13600,(2)停机状态,2,2025-06-09 18:36:50,2025-06-09 18:37:32,42,0.01
5057,L09,#56,GW252/13600,(1)停机过程,1,2025-06-09 18:36:20,2025-06-09 18:36:50,30,0.01
5058,L09,#56,GW252/13600,(4)启机状态,4,2025-06-09 18:31:19,2025-06-09 18:36:20,301,0.08
5059,L09,#56,GW252/13600,(3)待机状态,3,2025-06-09 17:45:26,2025-06-09 18:31:19,2753,0.76
5060,L09,#56,GW252/13600,(2)停机状态,2,2025-06-09 17:39:48,2025-06-09 17:45:26,338,0.09
5061,L09,#56,GW252/13600,(1)停机过程,1,2025-06-09 17:39:18,2025-06-09 17:39:48,30,0.01
5062,L09,#56,GW252/13600,(4)启机状态,4,2025-06-09 17:34:17,2025-06-09 17:39:18,301,0.08
5063,L09,#56,GW252/13600,(3)待机状态,3,2025-06-09 17:20:16,2025-06-09 17:34:17,841,0.23
5064,L09,#56,GW252/13600,(2)停机状态,2,2025-06-09 17:14:38,2025-06-09 17:20:16,338,0.09
5065,L09,#56,GW252/13600,(1)停机过程,1,2025-06-09 17:13:44,2025-06-09 17:14:38,54,0.02
5066,L09,#56,GW252/13600,(5)发电状态,5,2025-06-09 16:53:42,2025-06-09 17:13:44,1202,0.33
5067,L09,#56,GW252/13600,(4)启机状态,4,2025-06-09 16:50:53,2025-06-09 16:53:42,169,0.05
5068,L09,#56,GW252/13600,(3)待机状态,3,2025-06-09 16:49:56,2025-06-09 16:50:53,57,0.02
5069,L09,#56,GW252/13600,(2)停机状态,2,2025-06-09 16:49:55,2025-06-09 16:49:56,1,0
5070,L09,#56,GW252/13600,(1)停机过程,1,2025-06-09 16:49:23,2025-06-09 16:49:55,32,0.01
5071,L09,#56,GW252/13600,(4)启机状态,4,2025-06-09 16:44:22,2025-06-09 16:49:23,301,0.08
5072,L09,#56,GW252/13600,(3)待机状态,3,2025-06-09 16:43:09,2025-06-09 16:44:22,73,0.02
5073,L09,#56,GW252/13600,(2)停机状态,2,2025-06-09 16:41:27,2025-06-09 16:43:09,102,0.03
5074,L09,#56,GW252/13600,(1)停机过程,1,2025-06-09 16:40:55,2025-06-09 16:41:27,32,0.01
5075,L09,#56,GW252/13600,(4)启机状态,4,2025-06-09 16:35:54,2025-06-09 16:40:55,301,0.08
5076,L09,#56,GW252/13600,(3)待机状态,3,2025-06-09 16:34:46,2025-06-09 16:35:54,68,0.02
5077,L09,#56,GW252/13600,(2)停机状态,2,2025-06-09 16:34:44,2025-06-09 16:34:46,2,0
5078,L09,#56,GW252/13600,(1)停机过程,1,2025-06-09 16:33:50,2025-06-09 16:34:44,54,0.02
5079,L09,#56,GW252/13600,(4)启机状态,4,2025-06-09 16:28:50,2025-06-09 16:33:50,300,0.08
5080,L09,#56,GW252/13600,(3)待机状态,3,2025-06-09 16:26:02,2025-06-09 16:28:50,168,0.05
5081,L09,#56,GW252/13600,(2)停机状态,2,2025-06-09 16:20:26,2025-06-09 16:26:02,336,0.09
5082,L09,#56,GW252/13600,(1)停机过程,1,2025-06-09 16:19:54,2025-06-09 16:20:26,32,0.01
5083,L09,#56,GW252/13600,(4)启机状态,4,2025-06-09 16:14:54,2025-06-09 16:19:54,300,0.08
5084,L09,#56,GW252/13600,(3)待机状态,3,2025-06-09 16:13:31,2025-06-09 16:14:54,83,0.02
5085,L09,#56,GW252/13600,(2)停机状态,2,2025-06-09 16:13:29,2025-06-09 16:13:31,2,0
5086,L09,#56,GW252/13600,(1)停机过程,1,2025-06-09 16:12:56,2025-06-09 16:13:29,33,0.01
5087,L09,#56,GW252/13600,(4)启机状态,4,2025-06-09 16:07:55,2025-06-09 16:12:56,301,0.08
5088,L09,#56,GW252/13600,(3)待机状态,3,2025-06-09 16:06:29,2025-06-09 16:07:55,86,0.02
5089,L09,#56,GW252/13600,(2)停机状态,2,2025-06-09 16:06:27,2025-06-09 16:06:29,2,0
5090,L09,#56,GW252/13600,(1)停机过程,1,2025-06-09 16:05:56,2025-06-09 16:06:27,31,0.01
5091,L09,#56,GW252/13600,(4)启机状态,4,2025-06-09 16:00:56,2025-06-09 16:05:56,300,0.08
5092,L09,#56,GW252/13600,(3)待机状态,3,2025-06-09 15:59:56,2025-06-09 16:00:56,60,0.02
5093,L09,#56,GW252/13600,(2)停机状态,2,2025-06-09 15:59:54,2025-06-09 15:59:56,2,0
5094,L09,#56,GW252/13600,(1)停机过程,1,2025-06-09 15:59:18,2025-06-09 15:59:54,36,0.01
5095,L09,#56,GW252/13600,(4)启机状态,4,2025-06-09 15:54:18,2025-06-09 15:59:18,300,0.08
5096,L09,#56,GW252/13600,(3)待机状态,3,2025-06-09 15:53:21,2025-06-09 15:54:18,57,0.02
5097,L09,#56,GW252/13600,(2)停机状态,2,2025-06-09 15:53:20,2025-06-09 15:53:21,1,0
5098,L09,#56,GW252/13600,(1)停机过程,1,2025-06-09 15:52:49,2025-06-09 15:53:20,31,0.01
5099,L09,#56,GW252/13600,(4)启机状态,4,2025-06-09 15:47:49,2025-06-09 15:52:49,300,0.08
5100,L09,#56,GW252/13600,(3)待机状态,3,2025-06-09 15:46:49,2025-06-09 15:47:49,60,0.02
5101,L09,#56,GW252/13600,(2)停机状态,2,2025-06-09 15:46:48,2025-06-09 15:46:49,1,0
5102,L09,#56,GW252/13600,(1)停机过程,1,2025-06-09 15:46:16,2025-06-09 15:46:48,32,0.01
5103,L09,#56,GW252/13600,(4)启机状态,4,2025-06-09 15:41:17,2025-06-09 15:46:16,299,0.08
5104,L09,#56,GW252/13600,(3)待机状态,3,2025-06-09 15:40:05,2025-06-09 15:41:17,72,0.02
5105,L09,#56,GW252/13600,(2)停机状态,2,2025-06-09 15:40:04,2025-06-09 15:40:05,1,0
5106,L09,#56,GW252/13600,(1)停机过程,1,2025-06-09 15:39:33,2025-06-09 15:40:04,31,0.01
5107,L09,#56,GW252/13600,(4)启机状态,4,2025-06-09 15:34:33,2025-06-09 15:39:33,300,0.08
5108,L09,#56,GW252/13600,(3)待机状态,3,2025-06-09 15:32:47,2025-06-09 15:34:33,106,0.03
5109,L09,#56,GW252/13600,(2)停机状态,2,2025-06-09 15:32:46,2025-06-09 15:32:47,1,0
5110,L09,#56,GW252/13600,(1)停机过程,1,2025-06-09 15:32:15,2025-06-09 15:32:46,31,0.01
5111,L09,#56,GW252/13600,(4)启机状态,4,2025-06-09 15:27:15,2025-06-09 15:32:15,300,0.08
5112,L09,#56,GW252/13600,(3)待机状态,3,2025-06-09 15:26:06,2025-06-09 15:27:15,69,0.02
5113,L09,#56,GW252/13600,(2)停机状态,2,2025-06-09 15:26:05,2025-06-09 15:26:06,1,0
5114,L09,#56,GW252/13600,(1)停机过程,1,2025-06-09 15:25:33,2025-06-09 15:26:05,32,0.01
5115,L09,#56,GW252/13600,(4)启机状态,4,2025-06-09 15:20:33,2025-06-09 15:25:33,300,0.08
5116,L09,#56,GW252/13600,(3)待机状态,3,2025-06-09 15:18:08,2025-06-09 15:20:33,145,0.04
5117,L09,#56,GW252/13600,(2)停机状态,2,2025-06-09 15:14:59,2025-06-09 15:18:08,189,0.05
5118,L09,#56,GW252/13600,(1)停机过程,1,2025-06-09 15:14:04,2025-06-09 15:14:59,55,0.02
5119,L09,#56,GW252/13600,(5)发电状态,5,2025-06-09 14:58:51,2025-06-09 15:14:04,913,0.25
5120,L09,#56,GW252/13600,(4)启机状态,4,2025-06-09 14:54:31,2025-06-09 14:58:51,260,0.07
5121,L09,#56,GW252/13600,(3)待机状态,3,2025-06-09 14:53:22,2025-06-09 14:54:31,69,0.02
5122,L09,#56,GW252/13600,(1)停机过程,1,2025-06-09 14:52:50,2025-06-09 14:53:22,32,0.01
5123,L09,#56,GW252/13600,(4)启机状态,4,2025-06-09 14:47:50,2025-06-09 14:52:50,300,0.08
5124,L09,#56,GW252/13600,(3)待机状态,3,2025-06-09 14:46:26,2025-06-09 14:47:50,84,0.02
5125,L09,#56,GW252/13600,(2)停机状态,2,2025-06-09 14:46:25,2025-06-09 14:46:26,1,0
5126,L09,#56,GW252/13600,(1)停机过程,1,2025-06-09 14:45:32,2025-06-09 14:46:25,53,0.01
5127,L09,#56,GW252/13600,(4)启机状态,4,2025-06-09 14:40:32,2025-06-09 14:45:32,300,0.08
5128,L09,#56,GW252/13600,(3)待机状态,3,2025-06-09 14:36:41,2025-06-09 14:40:32,231,0.06
5129,L09,#56,GW252/13600,(2)停机状态,2,2025-06-09 14:36:40,2025-06-09 14:36:41,1,0
5130,L09,#56,GW252/13600,(1)停机过程,1,2025-06-09 14:35:45,2025-06-09 14:36:40,55,0.02
5131,L09,#56,GW252/13600,(5)发电状态,5,2025-06-09 14:14:21,2025-06-09 14:35:45,1284,0.36
5132,L09,#56,GW252/13600,(4)启机状态,4,2025-06-09 14:11:58,2025-06-09 14:14:21,143,0.04
5133,L09,#56,GW252/13600,(3)待机状态,3,2025-06-09 14:11:06,2025-06-09 14:11:58,52,0.01
5134,L09,#56,GW252/13600,(2)停机状态,2,2025-06-09 14:11:03,2025-06-09 14:11:06,3,0
5135,L09,#56,GW252/13600,(1)停机过程,1,2025-06-09 14:10:32,2025-06-09 14:11:03,31,0.01
5136,L09,#56,GW252/13600,(4)启机状态,4,2025-06-09 14:05:32,2025-06-09 14:10:32,300,0.08
5137,L09,#56,GW252/13600,(3)待机状态,3,2025-06-09 14:04:20,2025-06-09 14:05:32,72,0.02
5138,L09,#56,GW252/13600,(2)停机状态,2,2025-06-09 14:03:17,2025-06-09 14:04:20,63,0.02
5139,L09,#56,GW252/13600,(1)停机过程,1,2025-06-09 14:02:46,2025-06-09 14:03:17,31,0.01
5140,L09,#56,GW252/13600,(4)启机状态,4,2025-06-09 13:57:46,2025-06-09 14:02:46,300,0.08
5141,L09,#56,GW252/13600,(3)待机状态,3,2025-06-09 13:52:59,2025-06-09 13:57:46,287,0.08
5142,L09,#56,GW252/13600,(2)停机状态,2,2025-06-09 13:47:22,2025-06-09 13:52:59,337,0.09
5143,L09,#56,GW252/13600,(1)停机过程,1,2025-06-09 13:46:50,2025-06-09 13:47:22,32,0.01
5144,L09,#56,GW252/13600,(4)启机状态,4,2025-06-09 13:41:50,2025-06-09 13:46:50,300,0.08
5145,L09,#56,GW252/13600,(3)待机状态,3,2025-06-09 13:40:33,2025-06-09 13:41:50,77,0.02
5146,L09,#56,GW252/13600,(2)停机状态,2,2025-06-09 13:40:04,2025-06-09 13:40:33,29,0.01
5147,L09,#56,GW252/13600,(1)停机过程,1,2025-06-09 13:39:33,2025-06-09 13:40:04,31,0.01
5148,L09,#56,GW252/13600,(4)启机状态,4,2025-06-09 13:34:34,2025-06-09 13:39:33,299,0.08
5149,L09,#56,GW252/13600,(3)待机状态,3,2025-06-09 13:19:30,2025-06-09 13:34:34,904,0.25
5150,L09,#56,GW252/13600,(2)停机状态,2,2025-06-09 13:17:36,2025-06-09 13:19:30,114,0.03
5151,L09,#56,GW252/13600,(1)停机过程,1,2025-06-09 13:17:04,2025-06-09 13:17:36,32,0.01
5152,L09,#56,GW252/13600,(4)启机状态,4,2025-06-09 13:12:03,2025-06-09 13:17:04,301,0.08
5153,L09,#56,GW252/13600,(3)待机状态,3,2025-06-09 13:10:47,2025-06-09 13:12:03,76,0.02
5154,L09,#56,GW252/13600,(2)停机状态,2,2025-06-09 13:09:47,2025-06-09 13:10:47,60,0.02
5155,L09,#56,GW252/13600,(1)停机过程,1,2025-06-09 13:09:16,2025-06-09 13:09:47,31,0.01
5156,L09,#56,GW252/13600,(4)启机状态,4,2025-06-09 13:04:16,2025-06-09 13:09:16,300,0.08
5157,L09,#56,GW252/13600,(3)待机状态,3,2025-06-09 13:03:00,2025-06-09 13:04:16,76,0.02
5158,L09,#56,GW252/13600,(2)停机状态,2,2025-06-09 13:02:14,2025-06-09 13:03:00,46,0.01
5159,L09,#56,GW252/13600,(1)停机过程,1,2025-06-09 13:01:43,2025-06-09 13:02:14,31,0.01
5160,L09,#56,GW252/13600,(4)启机状态,4,2025-06-09 12:56:44,2025-06-09 13:01:43,299,0.08
5161,L09,#56,GW252/13600,(3)待机状态,3,2025-06-09 12:55:45,2025-06-09 12:56:44,59,0.02
5162,L09,#56,GW252/13600,(2)停机状态,2,2025-06-09 12:55:43,2025-06-09 12:55:45,2,0
5163,L09,#56,GW252/13600,(1)停机过程,1,2025-06-09 12:54:47,2025-06-09 12:55:43,56,0.02
5164,L09,#56,GW252/13600,(4)启机状态,4,2025-06-09 12:49:48,2025-06-09 12:54:47,299,0.08
5165,L09,#56,GW252/13600,(3)待机状态,3,2025-06-09 12:48:50,2025-06-09 12:49:48,58,0.02
5166,L09,#56,GW252/13600,(2)停机状态,2,2025-06-09 12:48:48,2025-06-09 12:48:50,2,0
5167,L09,#56,GW252/13600,(1)停机过程,1,2025-06-09 12:48:17,2025-06-09 12:48:48,31,0.01
5168,L09,#56,GW252/13600,(4)启机状态,4,2025-06-09 12:43:16,2025-06-09 12:48:17,301,0.08
5169,L09,#56,GW252/13600,(3)待机状态,3,2025-06-09 12:42:19,2025-06-09 12:43:16,57,0.02
5170,L09,#56,GW252/13600,(2)停机状态,2,2025-06-09 12:42:17,2025-06-09 12:42:19,2,0
5171,L09,#56,GW252/13600,(1)停机过程,1,2025-06-09 12:41:45,2025-06-09 12:42:17,32,0.01
5172,L09,#56,GW252/13600,(4)启机状态,4,2025-06-09 12:36:45,2025-06-09 12:41:45,300,0.08
5173,L09,#56,GW252/13600,(3)待机状态,3,2025-06-09 12:35:41,2025-06-09 12:36:45,64,0.02
5174,L09,#56,GW252/13600,(2)停机状态,2,2025-06-09 12:35:39,2025-06-09 12:35:41,2,0
5175,L09,#56,GW252/13600,(1)停机过程,1,2025-06-09 12:35:09,2025-06-09 12:35:39,30,0.01
5176,L09,#56,GW252/13600,(4)启机状态,4,2025-06-09 12:30:08,2025-06-09 12:35:09,301,0.08
5177,L09,#56,GW252/13600,(3)待机状态,3,2025-06-09 12:29:00,2025-06-09 12:30:08,68,0.02
5178,L09,#56,GW252/13600,(1)停机过程,1,2025-06-09 12:28:27,2025-06-09 12:29:00,33,0.01
5179,L09,#56,GW252/13600,(4)启机状态,4,2025-06-09 12:23:27,2025-06-09 12:28:27,300,0.08
5180,L09,#56,GW252/13600,(3)待机状态,3,2025-06-09 12:22:14,2025-06-09 12:23:27,73,0.02
5181,L09,#56,GW252/13600,(2)停机状态,2,2025-06-09 12:22:13,2025-06-09 12:22:14,1,0
5182,L09,#56,GW252/13600,(1)停机过程,1,2025-06-09 12:21:42,2025-06-09 12:22:13,31,0.01
5183,L09,#56,GW252/13600,(4)启机状态,4,2025-06-09 12:16:42,2025-06-09 12:21:42,300,0.08
5184,L09,#56,GW252/13600,(3)待机状态,3,2025-06-09 12:15:29,2025-06-09 12:16:42,73,0.02
5185,L09,#56,GW252/13600,(2)停机状态,2,2025-06-09 12:15:26,2025-06-09 12:15:29,3,0
5186,L09,#56,GW252/13600,(1)停机过程,1,2025-06-09 12:14:55,2025-06-09 12:15:26,31,0.01
5187,L09,#56,GW252/13600,(4)启机状态,4,2025-06-09 12:09:56,2025-06-09 12:14:55,299,0.08
5188,L09,#56,GW252/13600,(3)待机状态,3,2025-06-09 09:57:44,2025-06-09 12:09:56,7932,2.2
5189,L09,#56,GW252/13600,(2)停机状态,2,2025-06-09 09:52:06,2025-06-09 09:57:44,338,0.09
5190,L09,#56,GW252/13600,(1)停机过程,1,2025-06-09 09:51:36,2025-06-09 09:52:06,30,0.01
5191,L09,#56,GW252/13600,(4)启机状态,4,2025-06-09 09:46:35,2025-06-09 09:51:36,301,0.08
5192,L09,#56,GW252/13600,(3)待机状态,3,2025-06-09 04:34:04,2025-06-09 09:46:35,18751,5.21
5193,L09,#56,GW252/13600,(2)停机状态,2,2025-06-09 04:28:27,2025-06-09 04:34:04,337,0.09
5194,L09,#56,GW252/13600,(1)停机过程,1,2025-06-09 04:27:55,2025-06-09 04:28:27,32,0.01
5195,L09,#56,GW252/13600,(4)启机状态,4,2025-06-09 04:22:55,2025-06-09 04:27:55,300,0.08
5196,L09,#56,GW252/13600,(3)待机状态,3,2025-06-09 04:21:47,2025-06-09 04:22:55,68,0.02
5197,L09,#56,GW252/13600,(2)停机状态,2,2025-06-09 04:21:22,2025-06-09 04:21:47,25,0.01
5198,L09,#56,GW252/13600,(1)停机过程,1,2025-06-09 04:20:51,2025-06-09 04:21:22,31,0.01
5199,L09,#56,GW252/13600,(4)启机状态,4,2025-06-09 04:15:51,2025-06-09 04:20:51,300,0.08
5200,L09,#56,GW252/13600,(3)待机状态,3,2025-06-09 04:12:44,2025-06-09 04:15:51,187,0.05
5201,L09,#56,GW252/13600,(2)停机状态,2,2025-06-09 04:10:21,2025-06-09 04:12:44,143,0.04
5202,L09,#56,GW252/13600,(1)停机过程,1,2025-06-09 04:09:50,2025-06-09 04:10:21,31,0.01
5203,L09,#56,GW252/13600,(4)启机状态,4,2025-06-09 04:04:50,2025-06-09 04:09:50,300,0.08
5204,L09,#56,GW252/13600,(3)待机状态,3,2025-06-09 04:01:39,2025-06-09 04:04:50,191,0.05
5205,L09,#56,GW252/13600,(2)停机状态,2,2025-06-09 03:56:02,2025-06-09 04:01:39,337,0.09
5206,L09,#56,GW252/13600,(1)停机过程,1,2025-06-09 03:55:07,2025-06-09 03:56:02,55,0.02
5207,L09,#56,GW252/13600,(5)发电状态,5,2025-06-08 18:53:10,2025-06-09 03:55:07,32517,9.03
5208,L09,#56,GW252/13600,(4)启机状态,4,2025-06-08 18:49:16,2025-06-08 18:53:10,234,0.07
5209,L09,#56,GW252/13600,(3)待机状态,3,2025-06-08 18:48:16,2025-06-08 18:49:16,60,0.02
5210,L09,#56,GW252/13600,(1)停机过程,1,2025-06-08 18:47:45,2025-06-08 18:48:16,31,0.01
5211,L09,#56,GW252/13600,(4)启机状态,4,2025-06-08 18:42:45,2025-06-08 18:47:45,300,0.08
5212,L09,#56,GW252/13600,(3)待机状态,3,2025-06-08 18:41:34,2025-06-08 18:42:45,71,0.02
5213,L09,#56,GW252/13600,(2)停机状态,2,2025-06-08 18:39:31,2025-06-08 18:41:34,123,0.03
5214,L09,#56,GW252/13600,(1)停机过程,1,2025-06-08 18:38:59,2025-06-08 18:39:31,32,0.01
5215,L09,#56,GW252/13600,(4)启机状态,4,2025-06-08 18:33:57,2025-06-08 18:38:59,302,0.08
5216,L09,#56,GW252/13600,(3)待机状态,3,2025-06-08 18:27:15,2025-06-08 18:33:57,402,0.11
5217,L09,#56,GW252/13600,(2)停机状态,2,2025-06-08 18:25:11,2025-06-08 18:27:15,124,0.03
5218,L09,#56,GW252/13600,(1)停机过程,1,2025-06-08 18:24:40,2025-06-08 18:25:11,31,0.01
5219,L09,#56,GW252/13600,(4)启机状态,4,2025-06-08 18:19:40,2025-06-08 18:24:40,300,0.08
5220,L09,#56,GW252/13600,(3)待机状态,3,2025-06-08 18:14:44,2025-06-08 18:19:40,296,0.08
5221,L09,#56,GW252/13600,(2)停机状态,2,2025-06-08 18:13:11,2025-06-08 18:14:44,93,0.03
5222,L09,#56,GW252/13600,(1)停机过程,1,2025-06-08 18:12:17,2025-06-08 18:13:11,54,0.02
5223,L09,#56,GW252/13600,(5)发电状态,5,2025-06-08 16:55:04,2025-06-08 18:12:17,4633,1.29
5224,L09,#56,GW252/13600,(4)启机状态,4,2025-06-08 16:52:22,2025-06-08 16:55:04,162,0.05
5225,L09,#56,GW252/13600,(3)待机状态,3,2025-06-08 16:51:28,2025-06-08 16:52:22,54,0.02
5226,L09,#56,GW252/13600,(2)停机状态,2,2025-06-08 16:14:52,2025-06-08 16:51:28,2196,0.61
5227,L09,#56,GW252/13600,(1)停机过程,1,2025-06-08 16:14:20,2025-06-08 16:14:52,32,0.01
5228,L09,#56,GW252/13600,(4)启机状态,4,2025-06-08 16:09:20,2025-06-08 16:14:20,300,0.08
5229,L09,#56,GW252/13600,(3)待机状态,3,2025-06-08 15:01:58,2025-06-08 16:09:20,4042,1.12
5230,L09,#56,GW252/13600,(2)停机状态,2,2025-06-08 14:56:20,2025-06-08 15:01:58,338,0.09
5231,L09,#56,GW252/13600,(1)停机过程,1,2025-06-08 14:55:50,2025-06-08 14:56:20,30,0.01
5232,L09,#56,GW252/13600,(4)启机状态,4,2025-06-08 14:50:50,2025-06-08 14:55:50,300,0.08
5233,L09,#56,GW252/13600,(3)待机状态,3,2025-06-08 14:47:33,2025-06-08 14:50:50,197,0.05
5234,L09,#56,GW252/13600,(2)停机状态,2,2025-06-08 14:46:12,2025-06-08 14:47:33,81,0.02
5235,L09,#56,GW252/13600,(1)停机过程,1,2025-06-08 14:45:40,2025-06-08 14:46:12,32,0.01
5236,L09,#56,GW252/13600,(4)启机状态,4,2025-06-08 14:40:40,2025-06-08 14:45:40,300,0.08
5237,L09,#56,GW252/13600,(3)待机状态,3,2025-06-08 14:37:36,2025-06-08 14:40:40,184,0.05
5238,L09,#56,GW252/13600,(2)停机状态,2,2025-06-08 14:36:52,2025-06-08 14:37:36,44,0.01
5239,L09,#56,GW252/13600,(1)停机过程,1,2025-06-08 14:36:20,2025-06-08 14:36:52,32,0.01
5240,L09,#56,GW252/13600,(4)启机状态,4,2025-06-08 14:31:19,2025-06-08 14:36:20,301,0.08
5241,L09,#56,GW252/13600,(3)待机状态,3,2025-06-08 14:29:27,2025-06-08 14:31:19,112,0.03
5242,L09,#56,GW252/13600,(2)停机状态,2,2025-06-08 14:26:45,2025-06-08 14:29:27,162,0.05
5243,L09,#56,GW252/13600,(1)停机过程,1,2025-06-08 14:26:13,2025-06-08 14:26:45,32,0.01
5244,L09,#56,GW252/13600,(4)启机状态,4,2025-06-08 14:21:13,2025-06-08 14:26:13,300,0.08
5245,L09,#56,GW252/13600,(3)待机状态,3,2025-06-08 14:19:07,2025-06-08 14:21:13,126,0.04
5246,L09,#56,GW252/13600,(2)停机状态,2,2025-06-08 14:13:31,2025-06-08 14:19:07,336,0.09
5247,L09,#56,GW252/13600,(1)停机过程,1,2025-06-08 14:12:58,2025-06-08 14:13:31,33,0.01
5248,L09,#56,GW252/13600,(4)启机状态,4,2025-06-08 14:07:58,2025-06-08 14:12:58,300,0.08
5249,L09,#56,GW252/13600,(3)待机状态,3,2025-06-08 14:06:44,2025-06-08 14:07:58,74,0.02
5250,L09,#56,GW252/13600,(2)停机状态,2,2025-06-08 14:03:28,2025-06-08 14:06:44,196,0.05
5251,L09,#56,GW252/13600,(1)停机过程,1,2025-06-08 14:02:57,2025-06-08 14:03:28,31,0.01
5252,L09,#56,GW252/13600,(4)启机状态,4,2025-06-08 13:57:57,2025-06-08 14:02:57,300,0.08
5253,L09,#56,GW252/13600,(3)待机状态,3,2025-06-08 13:54:28,2025-06-08 13:57:57,209,0.06
5254,L09,#56,GW252/13600,(2)停机状态,2,2025-06-08 13:54:00,2025-06-08 13:54:28,28,0.01
5255,L09,#56,GW252/13600,(1)停机过程,1,2025-06-08 13:53:27,2025-06-08 13:54:00,33,0.01
5256,L09,#56,GW252/13600,(4)启机状态,4,2025-06-08 13:48:28,2025-06-08 13:53:27,299,0.08
5257,L09,#56,GW252/13600,(3)待机状态,3,2025-06-08 13:47:29,2025-06-08 13:48:28,59,0.02
5258,L09,#56,GW252/13600,(2)停机状态,2,2025-06-08 13:47:28,2025-06-08 13:47:29,1,0
5259,L09,#56,GW252/13600,(1)停机过程,1,2025-06-08 13:46:58,2025-06-08 13:47:28,30,0.01
5260,L09,#56,GW252/13600,(4)启机状态,4,2025-06-08 13:41:58,2025-06-08 13:46:58,300,0.08
5261,L09,#56,GW252/13600,(3)待机状态,3,2025-06-08 13:40:55,2025-06-08 13:41:58,63,0.02
5262,L09,#56,GW252/13600,(2)停机状态,2,2025-06-08 13:40:54,2025-06-08 13:40:55,1,0
5263,L09,#56,GW252/13600,(1)停机过程,1,2025-06-08 13:40:22,2025-06-08 13:40:54,32,0.01
5264,L09,#56,GW252/13600,(4)启机状态,4,2025-06-08 13:35:22,2025-06-08 13:40:22,300,0.08
5265,L09,#56,GW252/13600,(3)待机状态,3,2025-06-08 13:33:25,2025-06-08 13:35:22,117,0.03
5266,L09,#56,GW252/13600,(2)停机状态,2,2025-06-08 13:33:21,2025-06-08 13:33:25,4,0
5267,L09,#56,GW252/13600,(1)停机过程,1,2025-06-08 13:32:50,2025-06-08 13:33:21,31,0.01
5268,L09,#56,GW252/13600,(4)启机状态,4,2025-06-08 13:27:50,2025-06-08 13:32:50,300,0.08
5269,L09,#56,GW252/13600,(3)待机状态,3,2025-06-08 13:26:40,2025-06-08 13:27:50,70,0.02
5270,L09,#56,GW252/13600,(2)停机状态,2,2025-06-08 13:26:39,2025-06-08 13:26:40,1,0
5271,L09,#56,GW252/13600,(1)停机过程,1,2025-06-08 13:26:07,2025-06-08 13:26:39,32,0.01
5272,L09,#56,GW252/13600,(4)启机状态,4,2025-06-08 13:21:06,2025-06-08 13:26:07,301,0.08
5273,L09,#56,GW252/13600,(3)待机状态,3,2025-06-08 13:20:05,2025-06-08 13:21:06,61,0.02
5274,L09,#56,GW252/13600,(2)停机状态,2,2025-06-08 13:20:04,2025-06-08 13:20:05,1,0
5275,L09,#56,GW252/13600,(1)停机过程,1,2025-06-08 13:19:32,2025-06-08 13:20:04,32,0.01
5276,L09,#56,GW252/13600,(4)启机状态,4,2025-06-08 13:14:32,2025-06-08 13:19:32,300,0.08
5277,L09,#56,GW252/13600,(3)待机状态,3,2025-06-08 13:13:31,2025-06-08 13:14:32,61,0.02
5278,L09,#56,GW252/13600,(2)停机状态,2,2025-06-08 13:13:29,2025-06-08 13:13:31,2,0
5279,L09,#56,GW252/13600,(1)停机过程,1,2025-06-08 13:12:34,2025-06-08 13:13:29,55,0.02
5280,L09,#56,GW252/13600,(4)启机状态,4,2025-06-08 13:07:34,2025-06-08 13:12:34,300,0.08
5281,L09,#56,GW252/13600,(3)待机状态,3,2025-06-08 13:06:32,2025-06-08 13:07:34,62,0.02
5282,L09,#56,GW252/13600,(2)停机状态,2,2025-06-08 13:06:30,2025-06-08 13:06:32,2,0
5283,L09,#56,GW252/13600,(1)停机过程,1,2025-06-08 13:06:00,2025-06-08 13:06:30,30,0.01
5284,L09,#56,GW252/13600,(4)启机状态,4,2025-06-08 13:01:00,2025-06-08 13:06:00,300,0.08
5285,L09,#56,GW252/13600,(3)待机状态,3,2025-06-08 12:59:46,2025-06-08 13:01:00,74,0.02
5286,L09,#56,GW252/13600,(2)停机状态,2,2025-06-08 12:56:30,2025-06-08 12:59:46,196,0.05
5287,L09,#56,GW252/13600,(1)停机过程,1,2025-06-08 12:55:59,2025-06-08 12:56:30,31,0.01
5288,L09,#56,GW252/13600,(4)启机状态,4,2025-06-08 12:50:59,2025-06-08 12:55:59,300,0.08
5289,L09,#56,GW252/13600,(3)待机状态,3,2025-06-08 12:49:44,2025-06-08 12:50:59,75,0.02
5290,L09,#56,GW252/13600,(2)停机状态,2,2025-06-08 12:49:42,2025-06-08 12:49:44,2,0
5291,L09,#56,GW252/13600,(1)停机过程,1,2025-06-08 12:49:11,2025-06-08 12:49:42,31,0.01
5292,L09,#56,GW252/13600,(4)启机状态,4,2025-06-08 12:44:11,2025-06-08 12:49:11,300,0.08
5293,L09,#56,GW252/13600,(3)待机状态,3,2025-06-08 12:42:56,2025-06-08 12:44:11,75,0.02
5294,L09,#56,GW252/13600,(2)停机状态,2,2025-06-08 12:41:25,2025-06-08 12:42:56,91,0.03
5295,L09,#56,GW252/13600,(1)停机过程,1,2025-06-08 12:40:53,2025-06-08 12:41:25,32,0.01
5296,L09,#56,GW252/13600,(4)启机状态,4,2025-06-08 12:35:53,2025-06-08 12:40:53,300,0.08
5297,L09,#56,GW252/13600,(3)待机状态,3,2025-06-08 12:34:33,2025-06-08 12:35:53,80,0.02
5298,L09,#56,GW252/13600,(2)停机状态,2,2025-06-08 12:33:03,2025-06-08 12:34:33,90,0.03
5299,L09,#56,GW252/13600,(1)停机过程,1,2025-06-08 12:32:08,2025-06-08 12:33:03,55,0.02
5300,L09,#56,GW252/13600,(5)发电状态,5,2025-06-08 12:27:32,2025-06-08 12:32:08,276,0.08
5301,L09,#56,GW252/13600,(4)启机状态,4,2025-06-08 12:22:35,2025-06-08 12:27:32,297,0.08
5302,L09,#56,GW252/13600,(3)待机状态,3,2025-06-08 12:21:33,2025-06-08 12:22:35,62,0.02
5303,L09,#56,GW252/13600,(2)停机状态,2,2025-06-08 12:21:32,2025-06-08 12:21:33,1,0
5304,L09,#56,GW252/13600,(1)停机过程,1,2025-06-08 12:21:00,2025-06-08 12:21:32,32,0.01
5305,L09,#56,GW252/13600,(4)启机状态,4,2025-06-08 12:16:00,2025-06-08 12:21:00,300,0.08
5306,L09,#56,GW252/13600,(3)待机状态,3,2025-06-08 12:14:57,2025-06-08 12:16:00,63,0.02
5307,L09,#56,GW252/13600,(2)停机状态,2,2025-06-08 12:14:24,2025-06-08 12:14:57,33,0.01
5308,L09,#56,GW252/13600,(1)停机过程,1,2025-06-08 12:13:29,2025-06-08 12:14:24,55,0.02
5309,L09,#56,GW252/13600,(5)发电状态,5,2025-06-08 10:40:41,2025-06-08 12:13:29,5568,1.55
5310,L09,#56,GW252/13600,(4)启机状态,4,2025-06-08 10:37:30,2025-06-08 10:40:41,191,0.05
5311,L09,#56,GW252/13600,(3)待机状态,3,2025-06-08 10:36:34,2025-06-08 10:37:30,56,0.02
5312,L09,#56,GW252/13600,(1)停机过程,1,2025-06-08 10:36:01,2025-06-08 10:36:34,33,0.01
5313,L09,#56,GW252/13600,(4)启机状态,4,2025-06-08 10:31:01,2025-06-08 10:36:01,300,0.08
5314,L09,#56,GW252/13600,(3)待机状态,3,2025-06-08 10:30:05,2025-06-08 10:31:01,56,0.02
5315,L09,#56,GW252/13600,(1)停机过程,1,2025-06-08 10:29:33,2025-06-08 10:30:05,32,0.01
5316,L09,#56,GW252/13600,(4)启机状态,4,2025-06-08 10:24:33,2025-06-08 10:29:33,300,0.08
5317,L09,#56,GW252/13600,(3)待机状态,3,2025-06-08 10:23:33,2025-06-08 10:24:33,60,0.02
5318,L09,#56,GW252/13600,(2)停机状态,2,2025-06-08 10:23:32,2025-06-08 10:23:33,1,0
5319,L09,#56,GW252/13600,(1)停机过程,1,2025-06-08 10:23:01,2025-06-08 10:23:32,31,0.01
5320,L09,#56,GW252/13600,(4)启机状态,4,2025-06-08 10:18:00,2025-06-08 10:23:01,301,0.08
5321,L09,#56,GW252/13600,(3)待机状态,3,2025-06-08 10:17:00,2025-06-08 10:18:00,60,0.02
5322,L09,#56,GW252/13600,(2)停机状态,2,2025-06-08 10:16:58,2025-06-08 10:17:00,2,0
5323,L09,#56,GW252/13600,(1)停机过程,1,2025-06-08 10:16:27,2025-06-08 10:16:58,31,0.01
5324,L09,#56,GW252/13600,(4)启机状态,4,2025-06-08 10:11:27,2025-06-08 10:16:27,300,0.08
5325,L09,#56,GW252/13600,(3)待机状态,3,2025-06-08 10:10:21,2025-06-08 10:11:27,66,0.02
5326,L09,#56,GW252/13600,(2)停机状态,2,2025-06-08 10:10:19,2025-06-08 10:10:21,2,0
5327,L09,#56,GW252/13600,(1)停机过程,1,2025-06-08 10:09:49,2025-06-08 10:10:19,30,0.01
5328,L09,#56,GW252/13600,(4)启机状态,4,2025-06-08 10:04:48,2025-06-08 10:09:49,301,0.08
5329,L09,#56,GW252/13600,(3)待机状态,3,2025-06-08 10:03:34,2025-06-08 10:04:48,74,0.02
5330,L09,#56,GW252/13600,(2)停机状态,2,2025-06-08 10:02:51,2025-06-08 10:03:34,43,0.01
5331,L09,#56,GW252/13600,(1)停机过程,1,2025-06-08 10:02:19,2025-06-08 10:02:51,32,0.01
5332,L09,#56,GW252/13600,(4)启机状态,4,2025-06-08 09:57:19,2025-06-08 10:02:19,300,0.08
5333,L09,#56,GW252/13600,(3)待机状态,3,2025-06-08 09:56:09,2025-06-08 09:57:19,70,0.02
5334,L09,#56,GW252/13600,(2)停机状态,2,2025-06-08 09:56:07,2025-06-08 09:56:09,2,0
5335,L09,#56,GW252/13600,(1)停机过程,1,2025-06-08 09:55:22,2025-06-08 09:56:07,45,0.01
5336,L09,#56,GW252/13600,(4)启机状态,4,2025-06-08 09:50:22,2025-06-08 09:55:22,300,0.08
5337,L09,#56,GW252/13600,(3)待机状态,3,2025-06-08 09:49:15,2025-06-08 09:50:22,67,0.02
5338,L09,#56,GW252/13600,(2)停机状态,2,2025-06-08 09:49:05,2025-06-08 09:49:15,10,0
5339,L09,#56,GW252/13600,(1)停机过程,1,2025-06-08 09:48:34,2025-06-08 09:49:05,31,0.01
5340,L09,#56,GW252/13600,(4)启机状态,4,2025-06-08 09:43:33,2025-06-08 09:48:34,301,0.08
5341,L09,#56,GW252/13600,(3)待机状态,3,2025-06-08 09:42:20,2025-06-08 09:43:33,73,0.02
5342,L09,#56,GW252/13600,(2)停机状态,2,2025-06-08 09:36:43,2025-06-08 09:42:20,337,0.09
5343,L09,#56,GW252/13600,(1)停机过程,1,2025-06-08 09:36:12,2025-06-08 09:36:43,31,0.01
5344,L09,#56,GW252/13600,(4)启机状态,4,2025-06-08 09:31:12,2025-06-08 09:36:12,300,0.08
5345,L09,#56,GW252/13600,(3)待机状态,3,2025-06-08 09:30:11,2025-06-08 09:31:12,61,0.02
5346,L09,#56,GW252/13600,(2)停机状态,2,2025-06-08 09:30:10,2025-06-08 09:30:11,1,0
5347,L09,#56,GW252/13600,(1)停机过程,1,2025-06-08 09:29:37,2025-06-08 09:30:10,33,0.01
5348,L09,#56,GW252/13600,(4)启机状态,4,2025-06-08 09:24:37,2025-06-08 09:29:37,300,0.08
5349,L09,#56,GW252/13600,(3)待机状态,3,2025-06-08 09:23:28,2025-06-08 09:24:37,69,0.02
5350,L09,#56,GW252/13600,(2)停机状态,2,2025-06-08 09:22:16,2025-06-08 09:23:28,72,0.02
5351,L09,#56,GW252/13600,(1)停机过程,1,2025-06-08 09:21:45,2025-06-08 09:22:16,31,0.01
5352,L09,#56,GW252/13600,(4)启机状态,4,2025-06-08 09:16:46,2025-06-08 09:21:45,299,0.08
5353,L09,#56,GW252/13600,(3)待机状态,3,2025-06-08 09:12:34,2025-06-08 09:16:46,252,0.07
5354,L09,#56,GW252/13600,(2)停机状态,2,2025-06-08 09:06:58,2025-06-08 09:12:34,336,0.09
5355,L09,#56,GW252/13600,(1)停机过程,1,2025-06-08 09:06:26,2025-06-08 09:06:58,32,0.01
5356,L09,#56,GW252/13600,(4)启机状态,4,2025-06-08 09:01:26,2025-06-08 09:06:26,300,0.08
5357,L09,#56,GW252/13600,(3)待机状态,3,2025-06-08 09:00:24,2025-06-08 09:01:26,62,0.02
5358,L09,#56,GW252/13600,(1)停机过程,1,2025-06-08 08:59:53,2025-06-08 09:00:24,31,0.01
5359,L09,#56,GW252/13600,(4)启机状态,4,2025-06-08 08:54:53,2025-06-08 08:59:53,300,0.08
5360,L09,#56,GW252/13600,(3)待机状态,3,2025-06-08 08:53:53,2025-06-08 08:54:53,60,0.02
5361,L09,#56,GW252/13600,(2)停机状态,2,2025-06-08 08:53:52,2025-06-08 08:53:53,1,0
5362,L09,#56,GW252/13600,(1)停机过程,1,2025-06-08 08:53:19,2025-06-08 08:53:52,33,0.01
5363,L09,#56,GW252/13600,(4)启机状态,4,2025-06-08 08:48:19,2025-06-08 08:53:19,300,0.08
5364,L09,#56,GW252/13600,(3)待机状态,3,2025-06-08 08:46:32,2025-06-08 08:48:19,107,0.03
5365,L09,#56,GW252/13600,(2)停机状态,2,2025-06-08 08:44:26,2025-06-08 08:46:32,126,0.04
5366,L09,#56,GW252/13600,(1)停机过程,1,2025-06-08 08:43:31,2025-06-08 08:44:26,55,0.02
5367,L09,#56,GW252/13600,(5)发电状态,5,2025-06-08 08:24:03,2025-06-08 08:43:31,1168,0.32
5368,L09,#56,GW252/13600,(4)启机状态,4,2025-06-08 08:21:14,2025-06-08 08:24:03,169,0.05
5369,L09,#56,GW252/13600,(3)待机状态,3,2025-06-08 08:20:19,2025-06-08 08:21:14,55,0.02
5370,L09,#56,GW252/13600,(2)停机状态,2,2025-06-08 08:20:18,2025-06-08 08:20:19,1,0
5371,L09,#56,GW252/13600,(1)停机过程,1,2025-06-08 08:19:44,2025-06-08 08:20:18,34,0.01
5372,L09,#56,GW252/13600,(4)启机状态,4,2025-06-08 08:14:44,2025-06-08 08:19:44,300,0.08
5373,L09,#56,GW252/13600,(3)待机状态,3,2025-06-08 08:12:54,2025-06-08 08:14:44,110,0.03
5374,L09,#56,GW252/13600,(2)停机状态,2,2025-06-08 08:12:53,2025-06-08 08:12:54,1,0
5375,L09,#56,GW252/13600,(1)停机过程,1,2025-06-08 08:12:22,2025-06-08 08:12:53,31,0.01
5376,L09,#56,GW252/13600,(4)启机状态,4,2025-06-08 08:07:22,2025-06-08 08:12:22,300,0.08
5377,L09,#56,GW252/13600,(3)待机状态,3,2025-06-08 07:49:43,2025-06-08 08:07:22,1059,0.29
5378,L09,#56,GW252/13600,(2)停机状态,2,2025-06-08 07:44:05,2025-06-08 07:49:43,338,0.09
5379,L09,#56,GW252/13600,(1)停机过程,1,2025-06-08 07:43:34,2025-06-08 07:44:05,31,0.01
5380,L09,#56,GW252/13600,(4)启机状态,4,2025-06-08 07:38:34,2025-06-08 07:43:34,300,0.08
5381,L09,#56,GW252/13600,(3)待机状态,3,2025-06-08 07:37:00,2025-06-08 07:38:34,94,0.03
5382,L09,#56,GW252/13600,(2)停机状态,2,2025-06-08 07:34:56,2025-06-08 07:37:00,124,0.03
5383,L09,#56,GW252/13600,(1)停机过程,1,2025-06-08 07:34:24,2025-06-08 07:34:56,32,0.01
5384,L09,#56,GW252/13600,(4)启机状态,4,2025-06-08 07:29:25,2025-06-08 07:34:24,299,0.08
5385,L09,#56,GW252/13600,(3)待机状态,3,2025-06-08 07:28:05,2025-06-08 07:29:25,80,0.02
5386,L09,#56,GW252/13600,(2)停机状态,2,2025-06-08 07:27:24,2025-06-08 07:28:05,41,0.01
5387,L09,#56,GW252/13600,(1)停机过程,1,2025-06-08 07:26:53,2025-06-08 07:27:24,31,0.01
5388,L09,#56,GW252/13600,(4)启机状态,4,2025-06-08 07:21:53,2025-06-08 07:26:53,300,0.08
5389,L09,#56,GW252/13600,(3)待机状态,3,2025-06-08 07:20:55,2025-06-08 07:21:53,58,0.02
5390,L09,#56,GW252/13600,(2)停机状态,2,2025-06-08 07:18:21,2025-06-08 07:20:55,154,0.04
5391,L09,#56,GW252/13600,(1)停机过程,1,2025-06-08 07:17:25,2025-06-08 07:18:21,56,0.02
5392,L09,#56,GW252/13600,(5)发电状态,5,2025-06-07 14:31:41,2025-06-08 07:17:25,60344,16.76
5393,L09,#56,GW252/13600,(4)启机状态,4,2025-06-07 14:29:06,2025-06-07 14:31:41,155,0.04
5394,L09,#56,GW252/13600,(3)待机状态,3,2025-06-07 14:28:15,2025-06-07 14:29:06,51,0.01
5395,L09,#56,GW252/13600,(2)停机状态,2,2025-06-07 14:28:14,2025-06-07 14:28:15,1,0
5396,L09,#56,GW252/13600,(1)停机过程,1,2025-06-07 14:27:22,2025-06-07 14:28:14,52,0.01
5397,L09,#56,GW252/13600,(4)启机状态,4,2025-06-07 14:22:21,2025-06-07 14:27:22,301,0.08
5398,L09,#56,GW252/13600,(3)待机状态,3,2025-06-07 14:21:22,2025-06-07 14:22:21,59,0.02
5399,L09,#56,GW252/13600,(2)停机状态,2,2025-06-07 14:21:21,2025-06-07 14:21:22,1,0
5400,L09,#56,GW252/13600,(1)停机过程,1,2025-06-07 14:20:50,2025-06-07 14:21:21,31,0.01
5401,L09,#56,GW252/13600,(4)启机状态,4,2025-06-07 14:15:50,2025-06-07 14:20:50,300,0.08
5402,L09,#56,GW252/13600,(3)待机状态,3,2025-06-07 14:14:40,2025-06-07 14:15:50,70,0.02
5403,L09,#56,GW252/13600,(2)停机状态,2,2025-06-07 14:14:39,2025-06-07 14:14:40,1,0
5404,L09,#56,GW252/13600,(1)停机过程,1,2025-06-07 14:14:08,2025-06-07 14:14:39,31,0.01
5405,L09,#56,GW252/13600,(4)启机状态,4,2025-06-07 14:09:08,2025-06-07 14:14:08,300,0.08
5406,L09,#56,GW252/13600,(3)待机状态,3,2025-06-07 14:07:10,2025-06-07 14:09:08,118,0.03
5407,L09,#56,GW252/13600,(2)停机状态,2,2025-06-07 14:03:04,2025-06-07 14:07:10,246,0.07
5408,L09,#56,GW252/13600,(1)停机过程,1,2025-06-07 14:02:33,2025-06-07 14:03:04,31,0.01
5409,L09,#56,GW252/13600,(4)启机状态,4,2025-06-07 13:57:32,2025-06-07 14:02:33,301,0.08
5410,L09,#56,GW252/13600,(3)待机状态,3,2025-06-07 13:54:46,2025-06-07 13:57:32,166,0.05
5411,L09,#56,GW252/13600,(2)停机状态,2,2025-06-07 13:50:04,2025-06-07 13:54:46,282,0.08
5412,L09,#56,GW252/13600,(1)停机过程,1,2025-06-07 13:49:32,2025-06-07 13:50:04,32,0.01
5413,L09,#56,GW252/13600,(4)启机状态,4,2025-06-07 13:44:32,2025-06-07 13:49:32,300,0.08
5414,L09,#56,GW252/13600,(3)待机状态,3,2025-06-07 13:36:08,2025-06-07 13:44:32,504,0.14
5415,L09,#56,GW252/13600,(2)停机状态,2,2025-06-07 13:30:30,2025-06-07 13:36:08,338,0.09
5416,L09,#56,GW252/13600,(1)停机过程,1,2025-06-07 13:29:59,2025-06-07 13:30:30,31,0.01
5417,L09,#56,GW252/13600,(4)启机状态,4,2025-06-07 13:24:58,2025-06-07 13:29:59,301,0.08
5418,L09,#56,GW252/13600,(3)待机状态,3,2025-06-07 13:18:03,2025-06-07 13:24:58,415,0.12
5419,L09,#56,GW252/13600,(2)停机状态,2,2025-06-07 13:13:45,2025-06-07 13:18:03,258,0.07
5420,L09,#56,GW252/13600,(1)停机过程,1,2025-06-07 13:13:13,2025-06-07 13:13:45,32,0.01
5421,L09,#56,GW252/13600,(4)启机状态,4,2025-06-07 13:08:14,2025-06-07 13:13:13,299,0.08
5422,L09,#56,GW252/13600,(3)待机状态,3,2025-06-07 13:06:27,2025-06-07 13:08:14,107,0.03
5423,L09,#56,GW252/13600,(2)停机状态,2,2025-06-07 13:05:23,2025-06-07 13:06:27,64,0.02
5424,L09,#56,GW252/13600,(1)停机过程,1,2025-06-07 13:04:51,2025-06-07 13:05:23,32,0.01
5425,L09,#56,GW252/13600,(4)启机状态,4,2025-06-07 12:59:51,2025-06-07 13:04:51,300,0.08
5426,L09,#56,GW252/13600,(3)待机状态,3,2025-06-07 12:46:51,2025-06-07 12:59:51,780,0.22
5427,L09,#56,GW252/13600,(2)停机状态,2,2025-06-07 12:41:14,2025-06-07 12:46:51,337,0.09
5428,L09,#56,GW252/13600,(1)停机过程,1,2025-06-07 12:40:43,2025-06-07 12:41:14,31,0.01
5429,L09,#56,GW252/13600,(4)启机状态,4,2025-06-07 12:35:43,2025-06-07 12:40:43,300,0.08
5430,L09,#56,GW252/13600,(3)待机状态,3,2025-06-07 12:28:22,2025-06-07 12:35:43,441,0.12
5431,L09,#56,GW252/13600,(2)停机状态,2,2025-06-07 12:27:15,2025-06-07 12:28:22,67,0.02
5432,L09,#56,GW252/13600,(1)停机过程,1,2025-06-07 12:26:44,2025-06-07 12:27:15,31,0.01
5433,L09,#56,GW252/13600,(4)启机状态,4,2025-06-07 12:21:44,2025-06-07 12:26:44,300,0.08
5434,L09,#56,GW252/13600,(3)待机状态,3,2025-06-07 12:19:56,2025-06-07 12:21:44,108,0.03
5435,L09,#56,GW252/13600,(2)停机状态,2,2025-06-07 12:18:08,2025-06-07 12:19:56,108,0.03
5436,L09,#56,GW252/13600,(1)停机过程,1,2025-06-07 12:17:36,2025-06-07 12:18:08,32,0.01
5437,L09,#56,GW252/13600,(4)启机状态,4,2025-06-07 12:12:37,2025-06-07 12:17:36,299,0.08
5438,L09,#56,GW252/13600,(3)待机状态,3,2025-06-07 12:11:14,2025-06-07 12:12:37,83,0.02
5439,L09,#56,GW252/13600,(2)停机状态,2,2025-06-07 12:07:46,2025-06-07 12:11:14,208,0.06
5440,L09,#56,GW252/13600,(1)停机过程,1,2025-06-07 12:07:13,2025-06-07 12:07:46,33,0.01
5441,L09,#56,GW252/13600,(4)启机状态,4,2025-06-07 12:02:13,2025-06-07 12:07:13,300,0.08
5442,L09,#56,GW252/13600,(3)待机状态,3,2025-06-07 09:59:32,2025-06-07 12:02:13,7361,2.04
5443,L09,#56,GW252/13600,(2)停机状态,2,2025-06-07 09:53:54,2025-06-07 09:59:32,338,0.09
5444,L09,#56,GW252/13600,(1)停机过程,1,2025-06-07 09:53:23,2025-06-07 09:53:54,31,0.01
5445,L09,#56,GW252/13600,(4)启机状态,4,2025-06-07 09:48:23,2025-06-07 09:53:23,300,0.08
5446,L09,#56,GW252/13600,(3)待机状态,3,2025-06-07 08:42:33,2025-06-07 09:48:23,3950,1.1
5447,L09,#56,GW252/13600,(2)停机状态,2,2025-06-07 08:36:56,2025-06-07 08:42:33,337,0.09
5448,L09,#56,GW252/13600,(1)停机过程,1,2025-06-07 08:36:25,2025-06-07 08:36:56,31,0.01
5449,L09,#56,GW252/13600,(4)启机状态,4,2025-06-07 08:31:25,2025-06-07 08:36:25,300,0.08
5450,L09,#56,GW252/13600,(3)待机状态,3,2025-06-07 08:28:51,2025-06-07 08:31:25,154,0.04
5451,L09,#56,GW252/13600,(2)停机状态,2,2025-06-07 08:23:14,2025-06-07 08:28:51,337,0.09
5452,L09,#56,GW252/13600,(1)停机过程,1,2025-06-07 08:22:43,2025-06-07 08:23:14,31,0.01
5453,L09,#56,GW252/13600,(4)启机状态,4,2025-06-07 08:17:43,2025-06-07 08:22:43,300,0.08
5454,L09,#56,GW252/13600,(3)待机状态,3,2025-06-07 08:15:17,2025-06-07 08:17:43,146,0.04
5455,L09,#56,GW252/13600,(2)停机状态,2,2025-06-07 08:12:47,2025-06-07 08:15:17,150,0.04
5456,L09,#56,GW252/13600,(1)停机过程,1,2025-06-07 08:12:16,2025-06-07 08:12:47,31,0.01
5457,L09,#56,GW252/13600,(4)启机状态,4,2025-06-07 08:07:15,2025-06-07 08:12:16,301,0.08
5458,L09,#56,GW252/13600,(3)待机状态,3,2025-06-07 08:06:05,2025-06-07 08:07:15,70,0.02
5459,L09,#56,GW252/13600,(2)停机状态,2,2025-06-07 08:06:04,2025-06-07 08:06:05,1,0
5460,L09,#56,GW252/13600,(1)停机过程,1,2025-06-07 08:05:32,2025-06-07 08:06:04,32,0.01
5461,L09,#56,GW252/13600,(4)启机状态,4,2025-06-07 08:00:32,2025-06-07 08:05:32,300,0.08
5462,L09,#56,GW252/13600,(3)待机状态,3,2025-06-07 07:59:29,2025-06-07 08:00:32,63,0.02
5463,L09,#56,GW252/13600,(2)停机状态,2,2025-06-07 07:58:06,2025-06-07 07:59:29,83,0.02
5464,L09,#56,GW252/13600,(1)停机过程,1,2025-06-07 07:57:11,2025-06-07 07:58:06,55,0.02
5465,L09,#56,GW252/13600,(5)发电状态,5,2025-06-07 05:09:32,2025-06-07 07:57:11,10059,2.79
5466,L09,#56,GW252/13600,(4)启机状态,4,2025-06-07 05:06:28,2025-06-07 05:09:32,184,0.05
5467,L09,#56,GW252/13600,(3)待机状态,3,2025-06-07 05:05:28,2025-06-07 05:06:28,60,0.02
5468,L09,#56,GW252/13600,(2)停机状态,2,2025-06-07 05:05:27,2025-06-07 05:05:28,1,0
5469,L09,#56,GW252/13600,(1)停机过程,1,2025-06-07 05:04:54,2025-06-07 05:05:27,33,0.01
5470,L09,#56,GW252/13600,(4)启机状态,4,2025-06-07 04:59:54,2025-06-07 05:04:54,300,0.08
5471,L09,#56,GW252/13600,(3)待机状态,3,2025-06-07 04:59:01,2025-06-07 04:59:54,53,0.01
5472,L09,#56,GW252/13600,(2)停机状态,2,2025-06-07 04:58:59,2025-06-07 04:59:01,2,0
5473,L09,#56,GW252/13600,(1)停机过程,1,2025-06-07 04:58:04,2025-06-07 04:58:59,55,0.02
5474,L09,#56,GW252/13600,(4)启机状态,4,2025-06-07 04:53:04,2025-06-07 04:58:04,300,0.08
5475,L09,#56,GW252/13600,(3)待机状态,3,2025-06-07 04:52:05,2025-06-07 04:53:04,59,0.02
5476,L09,#56,GW252/13600,(2)停机状态,2,2025-06-07 04:51:57,2025-06-07 04:52:05,8,0
5477,L09,#56,GW252/13600,(1)停机过程,1,2025-06-07 04:51:26,2025-06-07 04:51:57,31,0.01
5478,L09,#56,GW252/13600,(4)启机状态,4,2025-06-07 04:46:26,2025-06-07 04:51:26,300,0.08
5479,L09,#56,GW252/13600,(3)待机状态,3,2025-06-07 04:45:26,2025-06-07 04:46:26,60,0.02
5480,L09,#56,GW252/13600,(2)停机状态,2,2025-06-07 04:45:24,2025-06-07 04:45:26,2,0
5481,L09,#56,GW252/13600,(1)停机过程,1,2025-06-07 04:44:52,2025-06-07 04:45:24,32,0.01
5482,L09,#56,GW252/13600,(4)启机状态,4,2025-06-07 04:39:52,2025-06-07 04:44:52,300,0.08
5483,L09,#56,GW252/13600,(3)待机状态,3,2025-06-07 04:38:18,2025-06-07 04:39:52,94,0.03
5484,L09,#56,GW252/13600,(2)停机状态,2,2025-06-07 04:35:42,2025-06-07 04:38:18,156,0.04
5485,L09,#56,GW252/13600,(1)停机过程,1,2025-06-07 04:34:47,2025-06-07 04:35:42,55,0.02
5486,L09,#56,GW252/13600,(5)发电状态,5,2025-06-06 16:23:59,2025-06-07 04:34:47,43848,12.18
5487,L09,#56,GW252/13600,(4)启机状态,4,2025-06-06 16:19:01,2025-06-06 16:23:59,298,0.08
5488,L09,#56,GW252/13600,(3)待机状态,3,2025-06-06 16:18:09,2025-06-06 16:19:01,52,0.01
5489,L09,#56,GW252/13600,(2)停机状态,2,2025-06-06 16:18:08,2025-06-06 16:18:09,1,0
5490,L09,#56,GW252/13600,(1)停机过程,1,2025-06-06 16:17:15,2025-06-06 16:18:08,53,0.01
5491,L09,#56,GW252/13600,(4)启机状态,4,2025-06-06 16:12:15,2025-06-06 16:17:15,300,0.08
5492,L09,#56,GW252/13600,(3)待机状态,3,2025-06-06 16:10:58,2025-06-06 16:12:15,77,0.02
5493,L09,#56,GW252/13600,(2)停机状态,2,2025-06-06 16:05:59,2025-06-06 16:10:58,299,0.08
5494,L09,#56,GW252/13600,(1)停机过程,1,2025-06-06 16:05:03,2025-06-06 16:05:59,56,0.02
5495,L09,#56,GW252/13600,(5)发电状态,5,2025-06-06 13:29:41,2025-06-06 16:05:03,9322,2.59
5496,L09,#56,GW252/13600,(4)启机状态,4,2025-06-06 13:26:17,2025-06-06 13:29:41,204,0.06
5497,L09,#56,GW252/13600,(3)待机状态,3,2025-06-06 13:25:26,2025-06-06 13:26:17,51,0.01
5498,L09,#56,GW252/13600,(2)停机状态,2,2025-06-06 13:25:24,2025-06-06 13:25:26,2,0
5499,L09,#56,GW252/13600,(1)停机过程,1,2025-06-06 13:24:31,2025-06-06 13:25:24,53,0.01
5500,L09,#56,GW252/13600,(4)启机状态,4,2025-06-06 13:19:31,2025-06-06 13:24:31,300,0.08
5501,L09,#56,GW252/13600,(3)待机状态,3,2025-06-06 13:18:24,2025-06-06 13:19:31,67,0.02
5502,L09,#56,GW252/13600,(2)停机状态,2,2025-06-06 13:18:19,2025-06-06 13:18:24,5,0
5503,L09,#56,GW252/13600,(1)停机过程,1,2025-06-06 13:17:46,2025-06-06 13:18:19,33,0.01
5504,L09,#56,GW252/13600,(4)启机状态,4,2025-06-06 13:12:46,2025-06-06 13:17:46,300,0.08
5505,L09,#56,GW252/13600,(3)待机状态,3,2025-06-06 13:11:43,2025-06-06 13:12:46,63,0.02
5506,L09,#56,GW252/13600,(2)停机状态,2,2025-06-06 13:11:41,2025-06-06 13:11:43,2,0
5507,L09,#56,GW252/13600,(1)停机过程,1,2025-06-06 13:11:11,2025-06-06 13:11:41,30,0.01
5508,L09,#56,GW252/13600,(4)启机状态,4,2025-06-06 13:06:11,2025-06-06 13:11:11,300,0.08
5509,L09,#56,GW252/13600,(3)待机状态,3,2025-06-06 13:05:06,2025-06-06 13:06:11,65,0.02
5510,L09,#56,GW252/13600,(2)停机状态,2,2025-06-06 13:01:15,2025-06-06 13:05:06,231,0.06
5511,L09,#56,GW252/13600,(1)停机过程,1,2025-06-06 13:00:43,2025-06-06 13:01:15,32,0.01
5512,L09,#56,GW252/13600,(4)启机状态,4,2025-06-06 12:55:44,2025-06-06 13:00:43,299,0.08
5513,L09,#56,GW252/13600,(3)待机状态,3,2025-06-06 12:54:16,2025-06-06 12:55:44,88,0.02
5514,L09,#56,GW252/13600,(2)停机状态,2,2025-06-06 12:52:19,2025-06-06 12:54:16,117,0.03
5515,L09,#56,GW252/13600,(1)停机过程,1,2025-06-06 12:51:49,2025-06-06 12:52:19,30,0.01
5516,L09,#56,GW252/13600,(4)启机状态,4,2025-06-06 12:46:49,2025-06-06 12:51:49,300,0.08
5517,L09,#56,GW252/13600,(3)待机状态,3,2025-06-06 12:45:15,2025-06-06 12:46:49,94,0.03
5518,L09,#56,GW252/13600,(2)停机状态,2,2025-06-06 12:44:51,2025-06-06 12:45:15,24,0.01
5519,L09,#56,GW252/13600,(1)停机过程,1,2025-06-06 12:44:19,2025-06-06 12:44:51,32,0.01
5520,L09,#56,GW252/13600,(4)启机状态,4,2025-06-06 12:39:19,2025-06-06 12:44:19,300,0.08
5521,L09,#56,GW252/13600,(3)待机状态,3,2025-06-06 12:37:46,2025-06-06 12:39:19,93,0.03
5522,L09,#56,GW252/13600,(2)停机状态,2,2025-06-06 12:35:29,2025-06-06 12:37:46,137,0.04
5523,L09,#56,GW252/13600,(1)停机过程,1,2025-06-06 12:34:58,2025-06-06 12:35:29,31,0.01
5524,L09,#56,GW252/13600,(4)启机状态,4,2025-06-06 12:29:56,2025-06-06 12:34:58,302,0.08
5525,L09,#56,GW252/13600,(3)待机状态,3,2025-06-06 12:28:38,2025-06-06 12:29:56,78,0.02
5526,L09,#56,GW252/13600,(2)停机状态,2,2025-06-06 12:25:24,2025-06-06 12:28:38,194,0.05
5527,L09,#56,GW252/13600,(1)停机过程,1,2025-06-06 12:24:52,2025-06-06 12:25:24,32,0.01
5528,L09,#56,GW252/13600,(4)启机状态,4,2025-06-06 12:19:52,2025-06-06 12:24:52,300,0.08
5529,L09,#56,GW252/13600,(3)待机状态,3,2025-06-06 12:18:07,2025-06-06 12:19:52,105,0.03
5530,L09,#56,GW252/13600,(2)停机状态,2,2025-06-06 12:17:33,2025-06-06 12:18:07,34,0.01
5531,L09,#56,GW252/13600,(1)停机过程,1,2025-06-06 12:17:01,2025-06-06 12:17:33,32,0.01
5532,L09,#56,GW252/13600,(4)启机状态,4,2025-06-06 12:12:01,2025-06-06 12:17:01,300,0.08
5533,L09,#56,GW252/13600,(3)待机状态,3,2025-06-06 12:10:02,2025-06-06 12:12:01,119,0.03
5534,L09,#56,GW252/13600,(2)停机状态,2,2025-06-06 12:04:26,2025-06-06 12:10:02,336,0.09
5535,L09,#56,GW252/13600,(1)停机过程,1,2025-06-06 12:03:53,2025-06-06 12:04:26,33,0.01
5536,L09,#56,GW252/13600,(4)启机状态,4,2025-06-06 11:58:54,2025-06-06 12:03:53,299,0.08
5537,L09,#56,GW252/13600,(3)待机状态,3,2025-06-06 11:56:20,2025-06-06 11:58:54,154,0.04
5538,L09,#56,GW252/13600,(2)停机状态,2,2025-06-06 11:54:50,2025-06-06 11:56:20,90,0.03
5539,L09,#56,GW252/13600,(1)停机过程,1,2025-06-06 11:54:18,2025-06-06 11:54:50,32,0.01
5540,L09,#56,GW252/13600,(4)启机状态,4,2025-06-06 11:49:19,2025-06-06 11:54:18,299,0.08
5541,L09,#56,GW252/13600,(3)待机状态,3,2025-06-06 11:47:24,2025-06-06 11:49:19,115,0.03
5542,L09,#56,GW252/13600,(2)停机状态,2,2025-06-06 11:41:54,2025-06-06 11:47:24,330,0.09
5543,L09,#56,GW252/13600,(1)停机过程,1,2025-06-06 11:41:22,2025-06-06 11:41:54,32,0.01
5544,L09,#56,GW252/13600,(4)启机状态,4,2025-06-06 11:36:22,2025-06-06 11:41:22,300,0.08
5545,L09,#56,GW252/13600,(3)待机状态,3,2025-06-06 11:35:09,2025-06-06 11:36:22,73,0.02
5546,L09,#56,GW252/13600,(2)停机状态,2,2025-06-06 11:35:08,2025-06-06 11:35:09,1,0
5547,L09,#56,GW252/13600,(1)停机过程,1,2025-06-06 11:34:36,2025-06-06 11:35:08,32,0.01
5548,L09,#56,GW252/13600,(4)启机状态,4,2025-06-06 11:29:36,2025-06-06 11:34:36,300,0.08
5549,L09,#56,GW252/13600,(3)待机状态,3,2025-06-06 11:28:03,2025-06-06 11:29:36,93,0.03
5550,L09,#56,GW252/13600,(2)停机状态,2,2025-06-06 11:27:35,2025-06-06 11:28:03,28,0.01
5551,L09,#56,GW252/13600,(1)停机过程,1,2025-06-06 11:27:05,2025-06-06 11:27:35,30,0.01
5552,L09,#56,GW252/13600,(4)启机状态,4,2025-06-06 11:22:05,2025-06-06 11:27:05,300,0.08
5553,L09,#56,GW252/13600,(3)待机状态,3,2025-06-06 11:20:52,2025-06-06 11:22:05,73,0.02
5554,L09,#56,GW252/13600,(2)停机状态,2,2025-06-06 11:19:01,2025-06-06 11:20:52,111,0.03
5555,L09,#56,GW252/13600,(1)停机过程,1,2025-06-06 11:18:06,2025-06-06 11:19:01,55,0.02
5556,L09,#56,GW252/13600,(5)发电状态,5,2025-06-06 11:01:52,2025-06-06 11:18:06,974,0.27
5557,L09,#56,GW252/13600,(4)启机状态,4,2025-06-06 10:57:00,2025-06-06 11:01:52,292,0.08
5558,L09,#56,GW252/13600,(3)待机状态,3,2025-06-06 10:55:53,2025-06-06 10:57:00,67,0.02
5559,L09,#56,GW252/13600,(2)停机状态,2,2025-06-06 10:55:52,2025-06-06 10:55:53,1,0
5560,L09,#56,GW252/13600,(1)停机过程,1,2025-06-06 10:55:21,2025-06-06 10:55:52,31,0.01
5561,L09,#56,GW252/13600,(4)启机状态,4,2025-06-06 10:50:21,2025-06-06 10:55:21,300,0.08
5562,L09,#56,GW252/13600,(3)待机状态,3,2025-06-06 10:49:20,2025-06-06 10:50:21,61,0.02
5563,L09,#56,GW252/13600,(1)停机过程,1,2025-06-06 10:48:25,2025-06-06 10:49:20,55,0.02
5564,L09,#56,GW252/13600,(5)发电状态,5,2025-06-06 09:01:16,2025-06-06 10:48:25,6429,1.79
5565,L09,#56,GW252/13600,(4)启机状态,4,2025-06-06 08:56:46,2025-06-06 09:01:16,270,0.08
5566,L09,#56,GW252/13600,(3)待机状态,3,2025-06-06 08:55:51,2025-06-06 08:56:46,55,0.02
5567,L09,#56,GW252/13600,(2)停机状态,2,2025-06-06 08:55:50,2025-06-06 08:55:51,1,0
5568,L09,#56,GW252/13600,(1)停机过程,1,2025-06-06 08:55:04,2025-06-06 08:55:50,46,0.01
5569,L09,#56,GW252/13600,(4)启机状态,4,2025-06-06 08:50:03,2025-06-06 08:55:04,301,0.08
5570,L09,#56,GW252/13600,(3)待机状态,3,2025-06-06 08:49:05,2025-06-06 08:50:03,58,0.02
5571,L09,#56,GW252/13600,(2)停机状态,2,2025-06-06 08:49:02,2025-06-06 08:49:05,3,0
5572,L09,#56,GW252/13600,(1)停机过程,1,2025-06-06 08:48:29,2025-06-06 08:49:02,33,0.01
5573,L09,#56,GW252/13600,(4)启机状态,4,2025-06-06 08:43:29,2025-06-06 08:48:29,300,0.08
5574,L09,#56,GW252/13600,(3)待机状态,3,2025-06-06 08:42:24,2025-06-06 08:43:29,65,0.02
5575,L09,#56,GW252/13600,(2)停机状态,2,2025-06-06 08:42:23,2025-06-06 08:42:24,1,0
5576,L09,#56,GW252/13600,(1)停机过程,1,2025-06-06 08:41:53,2025-06-06 08:42:23,30,0.01
5577,L09,#56,GW252/13600,(4)启机状态,4,2025-06-06 08:36:53,2025-06-06 08:41:53,300,0.08
5578,L09,#56,GW252/13600,(3)待机状态,3,2025-06-06 08:35:44,2025-06-06 08:36:53,69,0.02
5579,L09,#56,GW252/13600,(2)停机状态,2,2025-06-06 08:33:46,2025-06-06 08:35:44,118,0.03
5580,L09,#56,GW252/13600,(1)停机过程,1,2025-06-06 08:32:51,2025-06-06 08:33:46,55,0.02
5581,L09,#56,GW252/13600,(5)发电状态,5,2025-06-06 08:20:09,2025-06-06 08:32:51,762,0.21
5582,L09,#56,GW252/13600,(4)启机状态,4,2025-06-06 08:16:42,2025-06-06 08:20:09,207,0.06
5583,L09,#56,GW252/13600,(3)待机状态,3,2025-06-06 08:15:42,2025-06-06 08:16:42,60,0.02
5584,L09,#56,GW252/13600,(2)停机状态,2,2025-06-06 08:15:41,2025-06-06 08:15:42,1,0
5585,L09,#56,GW252/13600,(1)停机过程,1,2025-06-06 08:15:11,2025-06-06 08:15:41,30,0.01
5586,L09,#56,GW252/13600,(4)启机状态,4,2025-06-06 08:10:11,2025-06-06 08:15:11,300,0.08
5587,L09,#56,GW252/13600,(3)待机状态,3,2025-06-06 08:09:13,2025-06-06 08:10:11,58,0.02
5588,L09,#56,GW252/13600,(2)停机状态,2,2025-06-06 08:09:11,2025-06-06 08:09:13,2,0
5589,L09,#56,GW252/13600,(1)停机过程,1,2025-06-06 08:08:38,2025-06-06 08:09:11,33,0.01
5590,L09,#56,GW252/13600,(4)启机状态,4,2025-06-06 08:03:38,2025-06-06 08:08:38,300,0.08
5591,L09,#56,GW252/13600,(3)待机状态,3,2025-06-06 08:02:27,2025-06-06 08:03:38,71,0.02
5592,L09,#56,GW252/13600,(2)停机状态,2,2025-06-06 08:01:33,2025-06-06 08:02:27,54,0.02
5593,L09,#56,GW252/13600,(1)停机过程,1,2025-06-06 08:00:39,2025-06-06 08:01:33,54,0.02
5594,L09,#56,GW252/13600,(5)发电状态,5,2025-06-06 07:40:00,2025-06-06 08:00:39,1239,0.34
5595,L09,#56,GW252/13600,(4)启机状态,4,2025-06-06 07:36:18,2025-06-06 07:40:00,222,0.06
5596,L09,#56,GW252/13600,(3)待机状态,3,2025-06-06 07:35:26,2025-06-06 07:36:18,52,0.01
5597,L09,#56,GW252/13600,(2)停机状态,2,2025-06-06 07:35:25,2025-06-06 07:35:26,1,0
5598,L09,#56,GW252/13600,(1)停机过程,1,2025-06-06 07:34:30,2025-06-06 07:35:25,55,0.02
5599,L09,#56,GW252/13600,(4)启机状态,4,2025-06-06 07:29:29,2025-06-06 07:34:30,301,0.08
5600,L09,#56,GW252/13600,(3)待机状态,3,2025-06-06 07:28:35,2025-06-06 07:29:29,54,0.02
5601,L09,#56,GW252/13600,(2)停机状态,2,2025-06-06 07:28:34,2025-06-06 07:28:35,1,0
5602,L09,#56,GW252/13600,(1)停机过程,1,2025-06-06 07:27:39,2025-06-06 07:28:34,55,0.02
5603,L09,#56,GW252/13600,(4)启机状态,4,2025-06-06 07:22:39,2025-06-06 07:27:39,300,0.08
5604,L09,#56,GW252/13600,(3)待机状态,3,2025-06-06 07:21:38,2025-06-06 07:22:39,61,0.02
5605,L09,#56,GW252/13600,(2)停机状态,2,2025-06-06 07:20:46,2025-06-06 07:21:38,52,0.01
5606,L09,#56,GW252/13600,(1)停机过程,1,2025-06-06 07:20:14,2025-06-06 07:20:46,32,0.01
5607,L09,#56,GW252/13600,(4)启机状态,4,2025-06-06 07:15:14,2025-06-06 07:20:14,300,0.08
5608,L09,#56,GW252/13600,(3)待机状态,3,2025-06-06 07:14:08,2025-06-06 07:15:14,66,0.02
5609,L09,#56,GW252/13600,(2)停机状态,2,2025-06-06 07:13:59,2025-06-06 07:14:08,9,0
5610,L09,#56,GW252/13600,(1)停机过程,1,2025-06-06 07:13:27,2025-06-06 07:13:59,32,0.01
5611,L09,#56,GW252/13600,(4)启机状态,4,2025-06-06 07:08:27,2025-06-06 07:13:27,300,0.08
5612,L09,#56,GW252/13600,(3)待机状态,3,2025-06-06 07:07:25,2025-06-06 07:08:27,62,0.02
5613,L09,#56,GW252/13600,(2)停机状态,2,2025-06-06 07:07:23,2025-06-06 07:07:25,2,0
5614,L09,#56,GW252/13600,(1)停机过程,1,2025-06-06 07:06:51,2025-06-06 07:07:23,32,0.01
5615,L09,#56,GW252/13600,(4)启机状态,4,2025-06-06 07:01:52,2025-06-06 07:06:51,299,0.08
5616,L09,#56,GW252/13600,(3)待机状态,3,2025-06-06 07:00:48,2025-06-06 07:01:52,64,0.02
5617,L09,#56,GW252/13600,(2)停机状态,2,2025-06-06 07:00:46,2025-06-06 07:00:48,2,0
5618,L09,#56,GW252/13600,(1)停机过程,1,2025-06-06 07:00:15,2025-06-06 07:00:46,31,0.01
5619,L09,#56,GW252/13600,(4)启机状态,4,2025-06-06 06:55:15,2025-06-06 07:00:15,300,0.08
5620,L09,#56,GW252/13600,(3)待机状态,3,2025-06-06 06:53:45,2025-06-06 06:55:15,90,0.03
5621,L09,#56,GW252/13600,(2)停机状态,2,2025-06-06 06:53:44,2025-06-06 06:53:45,1,0
5622,L09,#56,GW252/13600,(1)停机过程,1,2025-06-06 06:53:14,2025-06-06 06:53:44,30,0.01
5623,L09,#56,GW252/13600,(4)启机状态,4,2025-06-06 06:48:13,2025-06-06 06:53:14,301,0.08
5624,L09,#56,GW252/13600,(3)待机状态,3,2025-06-06 06:47:01,2025-06-06 06:48:13,72,0.02
5625,L09,#56,GW252/13600,(2)停机状态,2,2025-06-06 06:47:00,2025-06-06 06:47:01,1,0
5626,L09,#56,GW252/13600,(1)停机过程,1,2025-06-06 06:46:27,2025-06-06 06:47:00,33,0.01
5627,L09,#56,GW252/13600,(4)启机状态,4,2025-06-06 06:41:27,2025-06-06 06:46:27,300,0.08
5628,L09,#56,GW252/13600,(3)待机状态,3,2025-06-06 06:40:26,2025-06-06 06:41:27,61,0.02
5629,L09,#56,GW252/13600,(2)停机状态,2,2025-06-06 06:40:25,2025-06-06 06:40:26,1,0
5630,L09,#56,GW252/13600,(1)停机过程,1,2025-06-06 06:39:54,2025-06-06 06:40:25,31,0.01
5631,L09,#56,GW252/13600,(4)启机状态,4,2025-06-06 06:34:54,2025-06-06 06:39:54,300,0.08
5632,L09,#56,GW252/13600,(3)待机状态,3,2025-06-06 06:33:53,2025-06-06 06:34:54,61,0.02
5633,L09,#56,GW252/13600,(2)停机状态,2,2025-06-06 06:33:22,2025-06-06 06:33:53,31,0.01
5634,L09,#56,GW252/13600,(1)停机过程,1,2025-06-06 06:32:50,2025-06-06 06:33:22,32,0.01
5635,L09,#56,GW252/13600,(4)启机状态,4,2025-06-06 06:27:50,2025-06-06 06:32:50,300,0.08
5636,L09,#56,GW252/13600,(3)待机状态,3,2025-06-06 06:26:48,2025-06-06 06:27:50,62,0.02
5637,L09,#56,GW252/13600,(2)停机状态,2,2025-06-06 06:26:46,2025-06-06 06:26:48,2,0
5638,L09,#56,GW252/13600,(1)停机过程,1,2025-06-06 06:26:15,2025-06-06 06:26:46,31,0.01
5639,L09,#56,GW252/13600,(4)启机状态,4,2025-06-06 06:21:14,2025-06-06 06:26:15,301,0.08
5640,L09,#56,GW252/13600,(3)待机状态,3,2025-06-06 06:19:55,2025-06-06 06:21:14,79,0.02
5641,L09,#56,GW252/13600,(2)停机状态,2,2025-06-06 06:18:04,2025-06-06 06:19:55,111,0.03
5642,L09,#56,GW252/13600,(1)停机过程,1,2025-06-06 06:17:33,2025-06-06 06:18:04,31,0.01
5643,L09,#56,GW252/13600,(4)启机状态,4,2025-06-06 06:12:31,2025-06-06 06:17:33,302,0.08
5644,L09,#56,GW252/13600,(3)待机状态,3,2025-06-06 06:11:14,2025-06-06 06:12:31,77,0.02
5645,L09,#56,GW252/13600,(2)停机状态,2,2025-06-06 06:09:38,2025-06-06 06:11:14,96,0.03
5646,L09,#56,GW252/13600,(1)停机过程,1,2025-06-06 06:09:06,2025-06-06 06:09:38,32,0.01
5647,L09,#56,GW252/13600,(4)启机状态,4,2025-06-06 06:04:05,2025-06-06 06:09:06,301,0.08
5648,L09,#56,GW252/13600,(3)待机状态,3,2025-06-06 06:02:53,2025-06-06 06:04:05,72,0.02
5649,L09,#56,GW252/13600,(1)停机过程,1,2025-06-06 06:02:21,2025-06-06 06:02:53,32,0.01
5650,L09,#56,GW252/13600,(4)启机状态,4,2025-06-06 05:57:21,2025-06-06 06:02:21,300,0.08
5651,L09,#56,GW252/13600,(3)待机状态,3,2025-06-06 05:56:19,2025-06-06 05:57:21,62,0.02
5652,L09,#56,GW252/13600,(2)停机状态,2,2025-06-06 05:54:55,2025-06-06 05:56:19,84,0.02
5653,L09,#56,GW252/13600,(1)停机过程,1,2025-06-06 05:54:22,2025-06-06 05:54:55,33,0.01
5654,L09,#56,GW252/13600,(4)启机状态,4,2025-06-06 05:49:23,2025-06-06 05:54:22,299,0.08
5655,L09,#56,GW252/13600,(3)待机状态,3,2025-06-06 05:48:26,2025-06-06 05:49:23,57,0.02
5656,L09,#56,GW252/13600,(2)停机状态,2,2025-06-06 05:48:24,2025-06-06 05:48:26,2,0
5657,L09,#56,GW252/13600,(1)停机过程,1,2025-06-06 05:47:52,2025-06-06 05:48:24,32,0.01
5658,L09,#56,GW252/13600,(4)启机状态,4,2025-06-06 05:42:52,2025-06-06 05:47:52,300,0.08
5659,L09,#56,GW252/13600,(3)待机状态,3,2025-06-06 05:41:48,2025-06-06 05:42:52,64,0.02
5660,L09,#56,GW252/13600,(2)停机状态,2,2025-06-06 05:41:44,2025-06-06 05:41:48,4,0
5661,L09,#56,GW252/13600,(1)停机过程,1,2025-06-06 05:41:13,2025-06-06 05:41:44,31,0.01
5662,L09,#56,GW252/13600,(4)启机状态,4,2025-06-06 05:36:13,2025-06-06 05:41:13,300,0.08
5663,L09,#56,GW252/13600,(3)待机状态,3,2025-06-06 05:35:10,2025-06-06 05:36:13,63,0.02
5664,L09,#56,GW252/13600,(2)停机状态,2,2025-06-06 05:35:08,2025-06-06 05:35:10,2,0
5665,L09,#56,GW252/13600,(1)停机过程,1,2025-06-06 05:34:37,2025-06-06 05:35:08,31,0.01
5666,L09,#56,GW252/13600,(4)启机状态,4,2025-06-06 05:29:37,2025-06-06 05:34:37,300,0.08
5667,L09,#56,GW252/13600,(3)待机状态,3,2025-06-06 05:27:48,2025-06-06 05:29:37,109,0.03
5668,L09,#56,GW252/13600,(2)停机状态,2,2025-06-06 05:22:50,2025-06-06 05:27:48,298,0.08
5669,L09,#56,GW252/13600,(1)停机过程,1,2025-06-06 05:22:19,2025-06-06 05:22:50,31,0.01
5670,L09,#56,GW252/13600,(4)启机状态,4,2025-06-06 05:17:19,2025-06-06 05:22:19,300,0.08
5671,L09,#56,GW252/13600,(3)待机状态,3,2025-06-06 05:15:51,2025-06-06 05:17:19,88,0.02
5672,L09,#56,GW252/13600,(2)停机状态,2,2025-06-06 05:14:44,2025-06-06 05:15:51,67,0.02
5673,L09,#56,GW252/13600,(1)停机过程,1,2025-06-06 05:14:12,2025-06-06 05:14:44,32,0.01
5674,L09,#56,GW252/13600,(4)启机状态,4,2025-06-06 05:09:12,2025-06-06 05:14:12,300,0.08
5675,L09,#56,GW252/13600,(3)待机状态,3,2025-06-06 05:08:13,2025-06-06 05:09:12,59,0.02
5676,L09,#56,GW252/13600,(1)停机过程,1,2025-06-06 05:07:41,2025-06-06 05:08:13,32,0.01
5677,L09,#56,GW252/13600,(4)启机状态,4,2025-06-06 05:02:41,2025-06-06 05:07:41,300,0.08
5678,L09,#56,GW252/13600,(3)待机状态,3,2025-06-06 05:01:10,2025-06-06 05:02:41,91,0.03
5679,L09,#56,GW252/13600,(2)停机状态,2,2025-06-06 04:55:32,2025-06-06 05:01:10,338,0.09
5680,L09,#56,GW252/13600,(1)停机过程,1,2025-06-06 04:55:01,2025-06-06 04:55:32,31,0.01
5681,L09,#56,GW252/13600,(4)启机状态,4,2025-06-06 04:50:01,2025-06-06 04:55:01,300,0.08
5682,L09,#56,GW252/13600,(3)待机状态,3,2025-06-06 04:49:01,2025-06-06 04:50:01,60,0.02
5683,L09,#56,GW252/13600,(2)停机状态,2,2025-06-06 04:49:00,2025-06-06 04:49:01,1,0
5684,L09,#56,GW252/13600,(1)停机过程,1,2025-06-06 04:48:28,2025-06-06 04:49:00,32,0.01
5685,L09,#56,GW252/13600,(4)启机状态,4,2025-06-06 04:43:28,2025-06-06 04:48:28,300,0.08
5686,L09,#56,GW252/13600,(3)待机状态,3,2025-06-06 04:42:25,2025-06-06 04:43:28,63,0.02
5687,L09,#56,GW252/13600,(2)停机状态,2,2025-06-06 04:42:23,2025-06-06 04:42:25,2,0
5688,L09,#56,GW252/13600,(1)停机过程,1,2025-06-06 04:41:52,2025-06-06 04:42:23,31,0.01
5689,L09,#56,GW252/13600,(4)启机状态,4,2025-06-06 04:36:51,2025-06-06 04:41:52,301,0.08
5690,L09,#56,GW252/13600,(3)待机状态,3,2025-06-06 04:35:47,2025-06-06 04:36:51,64,0.02
5691,L09,#56,GW252/13600,(2)停机状态,2,2025-06-06 04:35:45,2025-06-06 04:35:47,2,0
5692,L09,#56,GW252/13600,(1)停机过程,1,2025-06-06 04:35:12,2025-06-06 04:35:45,33,0.01
5693,L09,#56,GW252/13600,(4)启机状态,4,2025-06-06 04:30:12,2025-06-06 04:35:12,300,0.08
5694,L09,#56,GW252/13600,(3)待机状态,3,2025-06-06 04:28:33,2025-06-06 04:30:12,99,0.03
5695,L09,#56,GW252/13600,(2)停机状态,2,2025-06-06 04:28:31,2025-06-06 04:28:33,2,0
5696,L09,#56,GW252/13600,(1)停机过程,1,2025-06-06 04:27:58,2025-06-06 04:28:31,33,0.01
5697,L09,#56,GW252/13600,(4)启机状态,4,2025-06-06 04:22:58,2025-06-06 04:27:58,300,0.08
5698,L09,#56,GW252/13600,(3)待机状态,3,2025-06-06 04:21:12,2025-06-06 04:22:58,106,0.03
5699,L09,#56,GW252/13600,(2)停机状态,2,2025-06-06 04:15:34,2025-06-06 04:21:12,338,0.09
5700,L09,#56,GW252/13600,(1)停机过程,1,2025-06-06 04:15:02,2025-06-06 04:15:34,32,0.01
5701,L09,#56,GW252/13600,(4)启机状态,4,2025-06-06 04:10:02,2025-06-06 04:15:02,300,0.08
5702,L09,#56,GW252/13600,(3)待机状态,3,2025-06-06 04:08:34,2025-06-06 04:10:02,88,0.02
5703,L09,#56,GW252/13600,(2)停机状态,2,2025-06-06 04:08:07,2025-06-06 04:08:34,27,0.01
5704,L09,#56,GW252/13600,(1)停机过程,1,2025-06-06 04:07:12,2025-06-06 04:08:07,55,0.02
5705,L09,#56,GW252/13600,(5)发电状态,5,2025-06-06 02:46:46,2025-06-06 04:07:12,4826,1.34
5706,L09,#56,GW252/13600,(4)启机状态,4,2025-06-06 02:44:44,2025-06-06 02:46:46,122,0.03
5707,L09,#56,GW252/13600,(3)待机状态,3,2025-06-06 02:43:37,2025-06-06 02:44:44,67,0.02
5708,L09,#56,GW252/13600,(2)停机状态,2,2025-06-06 02:43:36,2025-06-06 02:43:37,1,0
5709,L09,#56,GW252/13600,(1)停机过程,1,2025-06-06 02:43:06,2025-06-06 02:43:36,30,0.01
5710,L09,#56,GW252/13600,(4)启机状态,4,2025-06-06 02:38:05,2025-06-06 02:43:06,301,0.08
5711,L09,#56,GW252/13600,(3)待机状态,3,2025-06-06 02:36:57,2025-06-06 02:38:05,68,0.02
5712,L09,#56,GW252/13600,(2)停机状态,2,2025-06-06 02:33:09,2025-06-06 02:36:57,228,0.06
5713,L09,#56,GW252/13600,(1)停机过程,1,2025-06-06 02:32:15,2025-06-06 02:33:09,54,0.02
5714,L09,#56,GW252/13600,(5)发电状态,5,2025-06-06 00:50:51,2025-06-06 02:32:15,6084,1.69
5715,L09,#56,GW252/13600,(4)启机状态,4,2025-06-06 00:46:34,2025-06-06 00:50:51,257,0.07
5716,L09,#56,GW252/13600,(3)待机状态,3,2025-06-06 00:45:44,2025-06-06 00:46:34,50,0.01
5717,L09,#56,GW252/13600,(1)停机过程,1,2025-06-06 00:44:47,2025-06-06 00:45:44,57,0.02
5718,L09,#56,GW252/13600,(5)发电状态,5,2025-06-05 23:25:22,2025-06-06 00:44:47,4765,1.32
5719,L09,#56,GW252/13600,(4)启机状态,4,2025-06-05 23:23:45,2025-06-05 23:25:22,97,0.03
5720,L09,#56,GW252/13600,(3)待机状态,3,2025-06-05 23:22:58,2025-06-05 23:23:45,47,0.01
5721,L09,#56,GW252/13600,(2)停机状态,2,2025-06-05 22:46:58,2025-06-05 23:22:58,2160,0.6
5722,L09,#56,GW252/13600,(1)停机过程,1,2025-06-05 22:46:03,2025-06-05 22:46:58,55,0.02
5723,L09,#56,GW252/13600,(5)发电状态,5,2025-06-05 08:47:56,2025-06-05 22:46:03,50287,13.97
5724,L09,#56,GW252/13600,(4)启机状态,4,2025-06-05 08:45:39,2025-06-05 08:47:56,137,0.04
5725,L09,#56,GW252/13600,(3)待机状态,3,2025-06-05 08:44:49,2025-06-05 08:45:39,50,0.01
5726,L09,#56,GW252/13600,(2)停机状态,2,2025-06-05 08:44:47,2025-06-05 08:44:49,2,0
5727,L09,#56,GW252/13600,(1)停机过程,1,2025-06-05 08:43:52,2025-06-05 08:44:47,55,0.02
5728,L09,#56,GW252/13600,(4)启机状态,4,2025-06-05 08:38:52,2025-06-05 08:43:52,300,0.08
5729,L09,#56,GW252/13600,(3)待机状态,3,2025-06-05 08:37:56,2025-06-05 08:38:52,56,0.02
5730,L09,#56,GW252/13600,(2)停机状态,2,2025-06-05 08:37:55,2025-06-05 08:37:56,1,0
5731,L09,#56,GW252/13600,(1)停机过程,1,2025-06-05 08:37:23,2025-06-05 08:37:55,32,0.01
5732,L09,#56,GW252/13600,(4)启机状态,4,2025-06-05 08:32:23,2025-06-05 08:37:23,300,0.08
5733,L09,#56,GW252/13600,(3)待机状态,3,2025-06-05 08:31:01,2025-06-05 08:32:23,82,0.02
5734,L09,#56,GW252/13600,(2)停机状态,2,2025-06-05 08:30:59,2025-06-05 08:31:01,2,0
5735,L09,#56,GW252/13600,(1)停机过程,1,2025-06-05 08:30:29,2025-06-05 08:30:59,30,0.01
5736,L09,#56,GW252/13600,(4)启机状态,4,2025-06-05 08:25:29,2025-06-05 08:30:29,300,0.08
5737,L09,#56,GW252/13600,(3)待机状态,3,2025-06-05 08:24:15,2025-06-05 08:25:29,74,0.02
5738,L09,#56,GW252/13600,(2)停机状态,2,2025-06-05 08:23:21,2025-06-05 08:24:15,54,0.02
5739,L09,#56,GW252/13600,(1)停机过程,1,2025-06-05 08:22:50,2025-06-05 08:23:21,31,0.01
5740,L09,#56,GW252/13600,(4)启机状态,4,2025-06-05 08:17:50,2025-06-05 08:22:50,300,0.08
5741,L09,#56,GW252/13600,(3)待机状态,3,2025-06-05 08:16:34,2025-06-05 08:17:50,76,0.02
5742,L09,#56,GW252/13600,(2)停机状态,2,2025-06-05 08:16:33,2025-06-05 08:16:34,1,0
5743,L09,#56,GW252/13600,(1)停机过程,1,2025-06-05 08:16:01,2025-06-05 08:16:33,32,0.01
5744,L09,#56,GW252/13600,(4)启机状态,4,2025-06-05 08:11:01,2025-06-05 08:16:01,300,0.08
5745,L09,#56,GW252/13600,(3)待机状态,3,2025-06-05 07:54:36,2025-06-05 08:11:01,985,0.27
5746,L09,#56,GW252/13600,(2)停机状态,2,2025-06-05 07:52:58,2025-06-05 07:54:36,98,0.03
5747,L09,#56,GW252/13600,(1)停机过程,1,2025-06-05 07:52:03,2025-06-05 07:52:58,55,0.02
5748,L09,#56,GW252/13600,(5)发电状态,5,2025-06-03 20:41:50,2025-06-05 07:52:03,126613,35.17
5749,L09,#56,GW252/13600,(4)启机状态,4,2025-06-03 20:39:13,2025-06-03 20:41:50,157,0.04
5750,L09,#56,GW252/13600,(3)待机状态,3,2025-06-03 20:38:16,2025-06-03 20:39:13,57,0.02
5751,L09,#56,GW252/13600,(2)停机状态,2,2025-06-03 20:38:15,2025-06-03 20:38:16,1,0
5752,L09,#56,GW252/13600,(1)停机过程,1,2025-06-03 20:37:44,2025-06-03 20:38:15,31,0.01
5753,L09,#56,GW252/13600,(4)启机状态,4,2025-06-03 20:32:44,2025-06-03 20:37:44,300,0.08
5754,L09,#56,GW252/13600,(3)待机状态,3,2025-06-03 20:31:46,2025-06-03 20:32:44,58,0.02
5755,L09,#56,GW252/13600,(2)停机状态,2,2025-06-03 20:29:32,2025-06-03 20:31:46,134,0.04
5756,L09,#56,GW252/13600,(1)停机过程,1,2025-06-03 20:28:36,2025-06-03 20:29:32,56,0.02
5757,L09,#56,GW252/13600,(5)发电状态,5,2025-06-03 19:34:49,2025-06-03 20:28:36,3227,0.9
5758,L09,#56,GW252/13600,(4)启机状态,4,2025-06-03 19:32:21,2025-06-03 19:34:49,148,0.04
5759,L09,#56,GW252/13600,(3)待机状态,3,2025-06-03 19:31:30,2025-06-03 19:32:21,51,0.01
5760,L09,#56,GW252/13600,(2)停机状态,2,2025-06-03 19:31:29,2025-06-03 19:31:30,1,0
5761,L09,#56,GW252/13600,(1)停机过程,1,2025-06-03 19:30:33,2025-06-03 19:31:29,56,0.02
5762,L09,#56,GW252/13600,(4)启机状态,4,2025-06-03 19:25:33,2025-06-03 19:30:33,300,0.08
5763,L09,#56,GW252/13600,(3)待机状态,3,2025-06-03 16:23:35,2025-06-03 19:25:33,10918,3.03
5764,L09,#56,GW252/13600,(2)停机状态,2,2025-06-03 16:17:58,2025-06-03 16:23:35,337,0.09
5765,L09,#56,GW252/13600,(1)停机过程,1,2025-06-03 16:17:27,2025-06-03 16:17:58,31,0.01
5766,L09,#56,GW252/13600,(4)启机状态,4,2025-06-03 16:12:26,2025-06-03 16:17:27,301,0.08
5767,L09,#56,GW252/13600,(3)待机状态,3,2025-06-03 16:11:07,2025-06-03 16:12:26,79,0.02
5768,L09,#56,GW252/13600,(2)停机状态,2,2025-06-03 16:09:29,2025-06-03 16:11:07,98,0.03
5769,L09,#56,GW252/13600,(1)停机过程,1,2025-06-03 16:08:58,2025-06-03 16:09:29,31,0.01
5770,L09,#56,GW252/13600,(4)启机状态,4,2025-06-03 16:03:58,2025-06-03 16:08:58,300,0.08
5771,L09,#56,GW252/13600,(3)待机状态,3,2025-06-03 16:02:45,2025-06-03 16:03:58,73,0.02
5772,L09,#56,GW252/13600,(2)停机状态,2,2025-06-03 16:02:44,2025-06-03 16:02:45,1,0
5773,L09,#56,GW252/13600,(1)停机过程,1,2025-06-03 16:02:12,2025-06-03 16:02:44,32,0.01
5774,L09,#56,GW252/13600,(4)启机状态,4,2025-06-03 15:57:12,2025-06-03 16:02:12,300,0.08
5775,L09,#56,GW252/13600,(3)待机状态,3,2025-06-03 15:55:57,2025-06-03 15:57:12,75,0.02
5776,L09,#56,GW252/13600,(2)停机状态,2,2025-06-03 15:54:48,2025-06-03 15:55:57,69,0.02
5777,L09,#56,GW252/13600,(1)停机过程,1,2025-06-03 15:54:16,2025-06-03 15:54:48,32,0.01
5778,L09,#56,GW252/13600,(4)启机状态,4,2025-06-03 15:49:17,2025-06-03 15:54:16,299,0.08
5779,L09,#56,GW252/13600,(3)待机状态,3,2025-06-03 09:12:32,2025-06-03 15:49:17,23805,6.61
5780,L09,#56,GW252/13600,(2)停机状态,2,2025-06-03 09:08:31,2025-06-03 09:12:32,241,0.07
5781,L09,#56,GW252/13600,(1)停机过程,1,2025-06-03 09:08:00,2025-06-03 09:08:31,31,0.01
5782,L09,#56,GW252/13600,(4)启机状态,4,2025-06-03 09:03:00,2025-06-03 09:08:00,300,0.08
5783,L09,#56,GW252/13600,(3)待机状态,3,2025-06-03 08:59:54,2025-06-03 09:03:00,186,0.05
5784,L09,#56,GW252/13600,(2)停机状态,2,2025-06-03 08:54:16,2025-06-03 08:59:54,338,0.09
5785,L09,#56,GW252/13600,(1)停机过程,1,2025-06-03 08:53:45,2025-06-03 08:54:16,31,0.01
5786,L09,#56,GW252/13600,(4)启机状态,4,2025-06-03 08:48:45,2025-06-03 08:53:45,300,0.08
5787,L09,#56,GW252/13600,(3)待机状态,3,2025-06-03 08:32:24,2025-06-03 08:48:45,981,0.27
5788,L09,#56,GW252/13600,(2)停机状态,2,2025-06-03 08:32:22,2025-06-03 08:32:24,2,0
5789,L09,#56,GW252/13600,(1)停机过程,1,2025-06-03 08:31:52,2025-06-03 08:32:22,30,0.01
5790,L09,#56,GW252/13600,(4)启机状态,4,2025-06-03 08:26:52,2025-06-03 08:31:52,300,0.08
5791,L09,#56,GW252/13600,(3)待机状态,3,2025-06-03 08:25:18,2025-06-03 08:26:52,94,0.03
5792,L09,#56,GW252/13600,(2)停机状态,2,2025-06-03 08:25:16,2025-06-03 08:25:18,2,0
5793,L09,#56,GW252/13600,(1)停机过程,1,2025-06-03 08:24:46,2025-06-03 08:25:16,30,0.01
5794,L09,#56,GW252/13600,(4)启机状态,4,2025-06-03 08:19:46,2025-06-03 08:24:46,300,0.08
5795,L09,#56,GW252/13600,(3)待机状态,3,2025-06-03 08:18:32,2025-06-03 08:19:46,74,0.02
5796,L09,#56,GW252/13600,(2)停机状态,2,2025-06-03 08:18:31,2025-06-03 08:18:32,1,0
5797,L09,#56,GW252/13600,(1)停机过程,1,2025-06-03 08:17:58,2025-06-03 08:18:31,33,0.01
5798,L09,#56,GW252/13600,(4)启机状态,4,2025-06-03 08:12:59,2025-06-03 08:17:58,299,0.08
5799,L09,#56,GW252/13600,(3)待机状态,3,2025-06-03 08:11:47,2025-06-03 08:12:59,72,0.02
5800,L09,#56,GW252/13600,(2)停机状态,2,2025-06-03 08:11:45,2025-06-03 08:11:47,2,0
5801,L09,#56,GW252/13600,(1)停机过程,1,2025-06-03 08:11:13,2025-06-03 08:11:45,32,0.01
5802,L09,#56,GW252/13600,(4)启机状态,4,2025-06-03 08:06:13,2025-06-03 08:11:13,300,0.08
5803,L09,#56,GW252/13600,(3)待机状态,3,2025-06-03 08:05:16,2025-06-03 08:06:13,57,0.02
5804,L09,#56,GW252/13600,(2)停机状态,2,2025-06-03 08:05:14,2025-06-03 08:05:16,2,0
5805,L09,#56,GW252/13600,(1)停机过程,1,2025-06-03 08:04:41,2025-06-03 08:05:14,33,0.01
5806,L09,#56,GW252/13600,(4)启机状态,4,2025-06-03 07:59:42,2025-06-03 08:04:41,299,0.08
5807,L09,#56,GW252/13600,(3)待机状态,3,2025-06-03 07:58:43,2025-06-03 07:59:42,59,0.02
5808,L09,#56,GW252/13600,(2)停机状态,2,2025-06-03 07:58:41,2025-06-03 07:58:43,2,0
5809,L09,#56,GW252/13600,(1)停机过程,1,2025-06-03 07:58:11,2025-06-03 07:58:41,30,0.01
5810,L09,#56,GW252/13600,(4)启机状态,4,2025-06-03 07:53:11,2025-06-03 07:58:11,300,0.08
5811,L09,#56,GW252/13600,(3)待机状态,3,2025-06-03 07:52:05,2025-06-03 07:53:11,66,0.02
5812,L09,#56,GW252/13600,(1)停机过程,1,2025-06-03 07:51:33,2025-06-03 07:52:05,32,0.01
5813,L09,#56,GW252/13600,(4)启机状态,4,2025-06-03 07:46:32,2025-06-03 07:51:33,301,0.08
5814,L09,#56,GW252/13600,(3)待机状态,3,2025-06-03 07:43:23,2025-06-03 07:46:32,189,0.05
5815,L09,#56,GW252/13600,(2)停机状态,2,2025-06-03 07:38:47,2025-06-03 07:43:23,276,0.08
5816,L09,#56,GW252/13600,(1)停机过程,1,2025-06-03 07:37:52,2025-06-03 07:38:47,55,0.02
5817,L09,#56,GW252/13600,(5)发电状态,5,2025-06-03 02:58:07,2025-06-03 07:37:52,16785,4.66
5818,L09,#56,GW252/13600,(4)启机状态,4,2025-06-03 02:54:43,2025-06-03 02:58:07,204,0.06
5819,L09,#56,GW252/13600,(3)待机状态,3,2025-06-03 02:53:46,2025-06-03 02:54:43,57,0.02
5820,L09,#56,GW252/13600,(2)停机状态,2,2025-06-03 02:53:45,2025-06-03 02:53:46,1,0
5821,L09,#56,GW252/13600,(1)停机过程,1,2025-06-03 02:53:13,2025-06-03 02:53:45,32,0.01
5822,L09,#56,GW252/13600,(4)启机状态,4,2025-06-03 02:48:13,2025-06-03 02:53:13,300,0.08
5823,L09,#56,GW252/13600,(3)待机状态,3,2025-06-03 02:45:48,2025-06-03 02:48:13,145,0.04
5824,L09,#56,GW252/13600,(2)停机状态,2,2025-06-03 02:40:11,2025-06-03 02:45:48,337,0.09
5825,L09,#56,GW252/13600,(1)停机过程,1,2025-06-03 02:39:16,2025-06-03 02:40:11,55,0.02
5826,L09,#56,GW252/13600,(5)发电状态,5,2025-06-03 01:17:05,2025-06-03 02:39:16,4931,1.37
5827,L09,#56,GW252/13600,(4)启机状态,4,2025-06-03 01:13:44,2025-06-03 01:17:05,201,0.06
5828,L09,#56,GW252/13600,(3)待机状态,3,2025-06-03 01:12:51,2025-06-03 01:13:44,53,0.01
5829,L09,#56,GW252/13600,(1)停机过程,1,2025-06-03 01:11:55,2025-06-03 01:12:51,56,0.02
5830,L09,#56,GW252/13600,(5)发电状态,5,2025-06-02 18:51:45,2025-06-03 01:11:55,22810,6.34
5831,L09,#56,GW252/13600,(4)启机状态,4,2025-06-02 18:50:31,2025-06-02 18:51:45,74,0.02
5832,L09,#56,GW252/13600,(3)待机状态,3,2025-06-02 18:49:52,2025-06-02 18:50:31,39,0.01
5833,L09,#56,GW252/13600,(2)停机状态,2,2025-06-02 18:47:53,2025-06-02 18:49:52,119,0.03
5834,L09,#56,GW252/13600,(1)停机过程,1,2025-06-02 18:47:43,2025-06-02 18:47:53,10,0
5835,L09,#56,GW252/13600,(9)维护状态,9,2025-06-02 18:45:58,2025-06-02 18:47:43,105,0.03
5836,L09,#56,GW252/13600,(2)停机状态,2,2025-06-02 18:31:25,2025-06-02 18:45:58,873,0.24
5837,L09,#56,GW252/13600,(1)停机过程,1,2025-06-02 18:30:29,2025-06-02 18:31:25,56,0.02
5838,L09,#56,GW252/13600,(5)发电状态,5,2025-06-01 14:40:58,2025-06-02 18:30:29,100171,27.83
5839,L09,#56,GW252/13600,(4)启机状态,4,2025-06-01 14:37:05,2025-06-01 14:40:58,233,0.06
5840,L09,#56,GW252/13600,(3)待机状态,3,2025-06-01 14:36:04,2025-06-01 14:37:05,61,0.02
5841,L09,#56,GW252/13600,(2)停机状态,2,2025-06-01 14:36:03,2025-06-01 14:36:04,1,0
5842,L09,#56,GW252/13600,(1)停机过程,1,2025-06-01 14:35:20,2025-06-01 14:36:03,43,0.01
5843,L09,#56,GW252/13600,(4)启机状态,4,2025-06-01 14:30:20,2025-06-01 14:35:20,300,0.08
5844,L09,#56,GW252/13600,(3)待机状态,3,2025-06-01 14:29:09,2025-06-01 14:30:20,71,0.02
5845,L09,#56,GW252/13600,(2)停机状态,2,2025-06-01 14:28:39,2025-06-01 14:29:09,30,0.01
5846,L09,#56,GW252/13600,(1)停机过程,1,2025-06-01 14:27:43,2025-06-01 14:28:39,56,0.02
5847,L09,#56,GW252/13600,(4)启机状态,4,2025-06-01 14:22:44,2025-06-01 14:27:43,299,0.08
5848,L09,#56,GW252/13600,(3)待机状态,3,2025-06-01 14:21:48,2025-06-01 14:22:44,56,0.02
5849,L09,#56,GW252/13600,(2)停机状态,2,2025-06-01 14:21:46,2025-06-01 14:21:48,2,0
5850,L09,#56,GW252/13600,(1)停机过程,1,2025-06-01 14:21:16,2025-06-01 14:21:46,30,0.01
5851,L09,#56,GW252/13600,(4)启机状态,4,2025-06-01 14:16:16,2025-06-01 14:21:16,300,0.08
5852,L09,#56,GW252/13600,(3)待机状态,3,2025-06-01 14:15:10,2025-06-01 14:16:16,66,0.02
5853,L09,#56,GW252/13600,(2)停机状态,2,2025-06-01 14:14:33,2025-06-01 14:15:10,37,0.01
5854,L09,#56,GW252/13600,(1)停机过程,1,2025-06-01 14:14:03,2025-06-01 14:14:33,30,0.01
5855,L09,#56,GW252/13600,(4)启机状态,4,2025-06-01 14:09:03,2025-06-01 14:14:03,300,0.08
5856,L09,#56,GW252/13600,(3)待机状态,3,2025-06-01 14:07:07,2025-06-01 14:09:03,116,0.03
5857,L09,#56,GW252/13600,(2)停机状态,2,2025-06-01 14:02:15,2025-06-01 14:07:07,292,0.08
5858,L09,#56,GW252/13600,(1)停机过程,1,2025-06-01 14:01:44,2025-06-01 14:02:15,31,0.01
5859,L09,#56,GW252/13600,(4)启机状态,4,2025-06-01 13:56:43,2025-06-01 14:01:44,301,0.08
5860,L09,#56,GW252/13600,(3)待机状态,3,2025-06-01 13:55:36,2025-06-01 13:56:43,67,0.02
5861,L09,#56,GW252/13600,(2)停机状态,2,2025-06-01 13:51:21,2025-06-01 13:55:36,255,0.07
5862,L09,#56,GW252/13600,(1)停机过程,1,2025-06-01 13:50:25,2025-06-01 13:51:21,56,0.02
5863,L09,#56,GW252/13600,(5)发电状态,5,2025-06-01 11:32:33,2025-06-01 13:50:25,8272,2.3
5864,L09,#56,GW252/13600,(4)启机状态,4,2025-06-01 11:29:20,2025-06-01 11:32:33,193,0.05
5865,L09,#56,GW252/13600,(3)待机状态,3,2025-06-01 11:28:24,2025-06-01 11:29:20,56,0.02
5866,L09,#56,GW252/13600,(2)停机状态,2,2025-06-01 11:27:32,2025-06-01 11:28:24,52,0.01
5867,L09,#56,GW252/13600,(1)停机过程,1,2025-06-01 11:27:00,2025-06-01 11:27:32,32,0.01
5868,L09,#56,GW252/13600,(4)启机状态,4,2025-06-01 11:22:00,2025-06-01 11:27:00,300,0.08
5869,L09,#56,GW252/13600,(3)待机状态,3,2025-06-01 11:17:47,2025-06-01 11:22:00,253,0.07
5870,L09,#56,GW252/13600,(2)停机状态,2,2025-06-01 11:15:42,2025-06-01 11:17:47,125,0.03
5871,L09,#56,GW252/13600,(1)停机过程,1,2025-06-01 11:14:46,2025-06-01 11:15:42,56,0.02
5872,L09,#56,GW252/13600,(5)发电状态,5,2025-06-01 07:18:43,2025-06-01 11:14:46,14163,3.93
5873,L09,#56,GW252/13600,(4)启机状态,4,2025-06-01 07:16:10,2025-06-01 07:18:43,153,0.04
5874,L09,#56,GW252/13600,(3)待机状态,3,2025-06-01 07:15:20,2025-06-01 07:16:10,50,0.01
5875,L09,#56,GW252/13600,(2)停机状态,2,2025-06-01 06:38:42,2025-06-01 07:15:20,2198,0.61
5876,L09,#56,GW252/13600,(1)停机过程,1,2025-06-01 06:37:48,2025-06-01 06:38:42,54,0.02
5877,L09,#56,GW252/13600,(5)发电状态,5,2025-05-31 18:45:50,2025-06-01 06:37:48,42718,11.87
5878,L09,#56,GW252/13600,(4)启机状态,4,2025-05-31 18:45:02,2025-05-31 18:45:50,48,0.01
5879,L09,#56,GW252/13600,(3)待机状态,3,2025-05-31 18:44:25,2025-05-31 18:45:02,37,0.01
5880,L09,#56,GW252/13600,(2)停机状态,2,2025-05-31 18:44:22,2025-05-31 18:44:25,3,0
5881,L09,#56,GW252/13600,(1)停机过程,1,2025-05-31 18:44:12,2025-05-31 18:44:22,10,0
5882,L09,#56,GW252/13600,(9)维护状态,9,2025-05-30 14:39:15,2025-05-31 18:44:12,101097,28.08
5883,L09,#56,GW252/13600,(2)停机状态,2,2025-05-29 12:26:27,2025-05-30 14:39:15,94368,26.21
5884,L09,#56,GW252/13600,(1)停机过程,1,2025-05-29 12:25:56,2025-05-29 12:26:27,31,0.01
5885,L09,#56,GW252/13600,(4)启机状态,4,2025-05-29 12:23:44,2025-05-29 12:25:56,132,0.04
5886,L09,#56,GW252/13600,(3)待机状态,3,2025-05-29 10:23:47,2025-05-29 12:23:44,7197,2
5887,L09,#56,GW252/13600,(5)发电状态,5,2025-05-24 09:46:59,2025-05-29 10:23:47,434208,120.61
5888,L09,#56,GW252/13600,(4)启机状态,4,2025-05-24 09:34:53,2025-05-24 09:46:59,726,0.2
5889,L09,#56,GW252/13600,(3)待机状态,3,2025-05-24 09:34:37,2025-05-24 09:34:53,16,0
5890,L09,#56,GW252/13600,(4)启机状态,4,2025-05-24 09:22:35,2025-05-24 09:34:37,722,0.2
5891,L09,#56,GW252/13600,(5)发电状态,5,2025-05-24 07:36:04,2025-05-24 09:22:35,6391,1.78
5892,L09,#56,GW252/13600,(4)启机状态,4,2025-05-24 07:28:03,2025-05-24 07:36:04,481,0.13
5893,L09,#56,GW252/13600,(3)待机状态,3,2025-05-24 07:20:58,2025-05-24 07:28:03,425,0.12
5894,L09,#56,GW252/13600,(2)停机状态,2,2025-05-24 06:44:05,2025-05-24 07:20:58,2213,0.61
5895,L09,#56,GW252/13600,(1)停机过程,1,2025-05-24 06:43:10,2025-05-24 06:44:05,55,0.02
5896,L09,#56,GW252/13600,(5)发电状态,5,2025-05-24 04:32:07,2025-05-24 06:43:10,7863,2.18
5897,L09,#56,GW252/13600,(4)启机状态,4,2025-05-24 04:28:08,2025-05-24 04:32:07,239,0.07
5898,L09,#56,GW252/13600,(3)待机状态,3,2025-05-24 04:27:14,2025-05-24 04:28:08,54,0.02
5899,L09,#56,GW252/13600,(2)停机状态,2,2025-05-24 04:27:12,2025-05-24 04:27:14,2,0
5900,L09,#56,GW252/13600,(1)停机过程,1,2025-05-24 04:26:40,2025-05-24 04:27:12,32,0.01
5901,L09,#56,GW252/13600,(4)启机状态,4,2025-05-24 04:21:40,2025-05-24 04:26:40,300,0.08
5902,L09,#56,GW252/13600,(3)待机状态,3,2025-05-24 04:20:32,2025-05-24 04:21:40,68,0.02
5903,L09,#56,GW252/13600,(2)停机状态,2,2025-05-24 04:20:31,2025-05-24 04:20:32,1,0
5904,L09,#56,GW252/13600,(1)停机过程,1,2025-05-24 04:19:37,2025-05-24 04:20:31,54,0.02
5905,L09,#56,GW252/13600,(4)启机状态,4,2025-05-24 04:14:36,2025-05-24 04:19:37,301,0.08
5906,L09,#56,GW252/13600,(3)待机状态,3,2025-05-24 04:13:33,2025-05-24 04:14:36,63,0.02
5907,L09,#56,GW252/13600,(2)停机状态,2,2025-05-24 04:13:29,2025-05-24 04:13:33,4,0
5908,L09,#56,GW252/13600,(1)停机过程,1,2025-05-24 04:12:59,2025-05-24 04:13:29,30,0.01
5909,L09,#56,GW252/13600,(4)启机状态,4,2025-05-24 04:07:59,2025-05-24 04:12:59,300,0.08
5910,L09,#56,GW252/13600,(3)待机状态,3,2025-05-24 04:06:25,2025-05-24 04:07:59,94,0.03
5911,L09,#56,GW252/13600,(2)停机状态,2,2025-05-24 04:00:48,2025-05-24 04:06:25,337,0.09
5912,L09,#56,GW252/13600,(1)停机过程,1,2025-05-24 03:59:52,2025-05-24 04:00:48,56,0.02
5913,L09,#56,GW252/13600,(5)发电状态,5,2025-05-24 00:15:53,2025-05-24 03:59:52,13439,3.73
5914,L09,#56,GW252/13600,(4)启机状态,4,2025-05-24 00:13:17,2025-05-24 00:15:53,156,0.04
5915,L09,#56,GW252/13600,(3)待机状态,3,2025-05-24 00:12:25,2025-05-24 00:13:17,52,0.01
5916,L09,#56,GW252/13600,(2)停机状态,2,2025-05-24 00:12:23,2025-05-24 00:12:25,2,0
5917,L09,#56,GW252/13600,(1)停机过程,1,2025-05-24 00:11:29,2025-05-24 00:12:23,54,0.02
5918,L09,#56,GW252/13600,(4)启机状态,4,2025-05-24 00:06:29,2025-05-24 00:11:29,300,0.08
5919,L09,#56,GW252/13600,(3)待机状态,3,2025-05-24 00:04:59,2025-05-24 00:06:29,90,0.03
5920,L09,#56,GW252/13600,(2)停机状态,2,2025-05-24 00:02:21,2025-05-24 00:04:59,158,0.04
5921,L09,#56,GW252/13600,(1)停机过程,1,2025-05-24 00:01:26,2025-05-24 00:02:21,55,0.02
5922,L09,#56,GW252/13600,(5)发电状态,5,2025-05-23 23:17:58,2025-05-24 00:01:26,2608,0.72
5923,L09,#56,GW252/13600,(4)启机状态,4,2025-05-23 23:14:41,2025-05-23 23:17:58,197,0.05
5924,L09,#56,GW252/13600,(3)待机状态,3,2025-05-23 23:13:45,2025-05-23 23:14:41,56,0.02
5925,L09,#56,GW252/13600,(2)停机状态,2,2025-05-23 23:13:43,2025-05-23 23:13:45,2,0
5926,L09,#56,GW252/13600,(1)停机过程,1,2025-05-23 23:12:50,2025-05-23 23:13:43,53,0.01
5927,L09,#56,GW252/13600,(4)启机状态,4,2025-05-23 23:07:50,2025-05-23 23:12:50,300,0.08
5928,L09,#56,GW252/13600,(3)待机状态,3,2025-05-23 23:06:26,2025-05-23 23:07:50,84,0.02
5929,L09,#56,GW252/13600,(2)停机状态,2,2025-05-23 23:04:30,2025-05-23 23:06:26,116,0.03
5930,L09,#56,GW252/13600,(1)停机过程,1,2025-05-23 23:03:59,2025-05-23 23:04:30,31,0.01
5931,L09,#56,GW252/13600,(4)启机状态,4,2025-05-23 22:59:00,2025-05-23 23:03:59,299,0.08
5932,L09,#56,GW252/13600,(3)待机状态,3,2025-05-23 22:57:27,2025-05-23 22:59:00,93,0.03
5933,L09,#56,GW252/13600,(2)停机状态,2,2025-05-23 22:55:29,2025-05-23 22:57:27,118,0.03
5934,L09,#56,GW252/13600,(1)停机过程,1,2025-05-23 22:54:57,2025-05-23 22:55:29,32,0.01
5935,L09,#56,GW252/13600,(4)启机状态,4,2025-05-23 22:49:56,2025-05-23 22:54:57,301,0.08
5936,L09,#56,GW252/13600,(3)待机状态,3,2025-05-23 22:48:33,2025-05-23 22:49:56,83,0.02
5937,L09,#56,GW252/13600,(2)停机状态,2,2025-05-23 22:46:43,2025-05-23 22:48:33,110,0.03
5938,L09,#56,GW252/13600,(1)停机过程,1,2025-05-23 22:46:10,2025-05-23 22:46:43,33,0.01
5939,L09,#56,GW252/13600,(4)启机状态,4,2025-05-23 22:41:10,2025-05-23 22:46:10,300,0.08
5940,L09,#56,GW252/13600,(3)待机状态,3,2025-05-23 22:40:05,2025-05-23 22:41:10,65,0.02
5941,L09,#56,GW252/13600,(2)停机状态,2,2025-05-23 22:40:02,2025-05-23 22:40:05,3,0
5942,L09,#56,GW252/13600,(1)停机过程,1,2025-05-23 22:39:32,2025-05-23 22:40:02,30,0.01
5943,L09,#56,GW252/13600,(4)启机状态,4,2025-05-23 22:34:32,2025-05-23 22:39:32,300,0.08
5944,L09,#56,GW252/13600,(3)待机状态,3,2025-05-23 22:33:13,2025-05-23 22:34:32,79,0.02
5945,L09,#56,GW252/13600,(2)停机状态,2,2025-05-23 22:32:15,2025-05-23 22:33:13,58,0.02
5946,L09,#56,GW252/13600,(1)停机过程,1,2025-05-23 22:31:20,2025-05-23 22:32:15,55,0.02
5947,L09,#56,GW252/13600,(5)发电状态,5,2025-05-23 21:38:36,2025-05-23 22:31:20,3164,0.88
5948,L09,#56,GW252/13600,(4)启机状态,4,2025-05-23 21:35:32,2025-05-23 21:38:36,184,0.05
5949,L09,#56,GW252/13600,(3)待机状态,3,2025-05-23 21:34:34,2025-05-23 21:35:32,58,0.02
5950,L09,#56,GW252/13600,(2)停机状态,2,2025-05-23 21:34:33,2025-05-23 21:34:34,1,0
5951,L09,#56,GW252/13600,(1)停机过程,1,2025-05-23 21:34:01,2025-05-23 21:34:33,32,0.01
5952,L09,#56,GW252/13600,(4)启机状态,4,2025-05-23 21:29:01,2025-05-23 21:34:01,300,0.08
5953,L09,#56,GW252/13600,(3)待机状态,3,2025-05-23 21:28:10,2025-05-23 21:29:01,51,0.01
5954,L09,#56,GW252/13600,(2)停机状态,2,2025-05-23 21:28:09,2025-05-23 21:28:10,1,0
5955,L09,#56,GW252/13600,(1)停机过程,1,2025-05-23 21:27:14,2025-05-23 21:28:09,55,0.02
5956,L09,#56,GW252/13600,(5)发电状态,5,2025-05-23 21:09:49,2025-05-23 21:27:14,1045,0.29
5957,L09,#56,GW252/13600,(4)启机状态,4,2025-05-23 21:07:13,2025-05-23 21:09:49,156,0.04
5958,L09,#56,GW252/13600,(3)待机状态,3,2025-05-23 21:06:22,2025-05-23 21:07:13,51,0.01
5959,L09,#56,GW252/13600,(2)停机状态,2,2025-05-23 21:06:21,2025-05-23 21:06:22,1,0
5960,L09,#56,GW252/13600,(1)停机过程,1,2025-05-23 21:05:28,2025-05-23 21:06:21,53,0.01
5961,L09,#56,GW252/13600,(4)启机状态,4,2025-05-23 21:00:28,2025-05-23 21:05:28,300,0.08
5962,L09,#56,GW252/13600,(3)待机状态,3,2025-05-23 20:59:23,2025-05-23 21:00:28,65,0.02
5963,L09,#56,GW252/13600,(2)停机状态,2,2025-05-23 20:57:40,2025-05-23 20:59:23,103,0.03
5964,L09,#56,GW252/13600,(1)停机过程,1,2025-05-23 20:56:45,2025-05-23 20:57:40,55,0.02
5965,L09,#56,GW252/13600,(5)发电状态,5,2025-05-23 11:51:56,2025-05-23 20:56:45,32689,9.08
5966,L09,#56,GW252/13600,(4)启机状态,4,2025-05-23 11:48:24,2025-05-23 11:51:56,212,0.06
5967,L09,#56,GW252/13600,(3)待机状态,3,2025-05-23 11:47:32,2025-05-23 11:48:24,52,0.01
5968,L09,#56,GW252/13600,(2)停机状态,2,2025-05-23 11:47:30,2025-05-23 11:47:32,2,0
5969,L09,#56,GW252/13600,(1)停机过程,1,2025-05-23 11:46:37,2025-05-23 11:47:30,53,0.01
5970,L09,#56,GW252/13600,(4)启机状态,4,2025-05-23 11:41:36,2025-05-23 11:46:37,301,0.08
5971,L09,#56,GW252/13600,(3)待机状态,3,2025-05-23 11:40:28,2025-05-23 11:41:36,68,0.02
5972,L09,#56,GW252/13600,(2)停机状态,2,2025-05-23 11:34:50,2025-05-23 11:40:28,338,0.09
5973,L09,#56,GW252/13600,(1)停机过程,1,2025-05-23 11:34:19,2025-05-23 11:34:50,31,0.01
5974,L09,#56,GW252/13600,(4)启机状态,4,2025-05-23 11:29:19,2025-05-23 11:34:19,300,0.08
5975,L09,#56,GW252/13600,(3)待机状态,3,2025-05-23 11:27:07,2025-05-23 11:29:19,132,0.04
5976,L09,#56,GW252/13600,(2)停机状态,2,2025-05-23 11:21:29,2025-05-23 11:27:07,338,0.09
5977,L09,#56,GW252/13600,(1)停机过程,1,2025-05-23 11:20:59,2025-05-23 11:21:29,30,0.01
5978,L09,#56,GW252/13600,(4)启机状态,4,2025-05-23 11:15:59,2025-05-23 11:20:59,300,0.08
5979,L09,#56,GW252/13600,(3)待机状态,3,2025-05-23 11:11:09,2025-05-23 11:15:59,290,0.08
5980,L09,#56,GW252/13600,(2)停机状态,2,2025-05-23 11:06:53,2025-05-23 11:11:09,256,0.07
5981,L09,#56,GW252/13600,(1)停机过程,1,2025-05-23 11:05:58,2025-05-23 11:06:53,55,0.02
5982,L09,#56,GW252/13600,(5)发电状态,5,2025-05-18 21:03:23,2025-05-23 11:05:58,396155,110.04
5983,L09,#56,GW252/13600,(4)启机状态,4,2025-05-18 21:00:39,2025-05-18 21:03:23,164,0.05
5984,L09,#56,GW252/13600,(3)待机状态,3,2025-05-18 20:59:52,2025-05-18 21:00:39,47,0.01
5985,L09,#56,GW252/13600,(2)停机状态,2,2025-05-18 20:59:51,2025-05-18 20:59:52,1,0
5986,L09,#56,GW252/13600,(1)停机过程,1,2025-05-18 20:58:56,2025-05-18 20:59:51,55,0.02
5987,L09,#56,GW252/13600,(4)启机状态,4,2025-05-18 20:53:55,2025-05-18 20:58:56,301,0.08
5988,L09,#56,GW252/13600,(3)待机状态,3,2025-05-18 20:53:01,2025-05-18 20:53:55,54,0.02
5989,L09,#56,GW252/13600,(2)停机状态,2,2025-05-18 20:53:00,2025-05-18 20:53:01,1,0
5990,L09,#56,GW252/13600,(1)停机过程,1,2025-05-18 20:52:28,2025-05-18 20:53:00,32,0.01
5991,L09,#56,GW252/13600,(4)启机状态,4,2025-05-18 20:47:28,2025-05-18 20:52:28,300,0.08
5992,L09,#56,GW252/13600,(3)待机状态,3,2025-05-18 20:46:10,2025-05-18 20:47:28,78,0.02
5993,L09,#56,GW252/13600,(2)停机状态,2,2025-05-18 20:45:41,2025-05-18 20:46:10,29,0.01
5994,L09,#56,GW252/13600,(1)停机过程,1,2025-05-18 20:45:10,2025-05-18 20:45:41,31,0.01
5995,L09,#56,GW252/13600,(4)启机状态,4,2025-05-18 20:40:09,2025-05-18 20:45:10,301,0.08
5996,L09,#56,GW252/13600,(3)待机状态,3,2025-05-18 20:38:45,2025-05-18 20:40:09,84,0.02
5997,L09,#56,GW252/13600,(2)停机状态,2,2025-05-18 20:35:52,2025-05-18 20:38:45,173,0.05
5998,L09,#56,GW252/13600,(1)停机过程,1,2025-05-18 20:35:22,2025-05-18 20:35:52,30,0.01
5999,L09,#56,GW252/13600,(4)启机状态,4,2025-05-18 20:30:21,2025-05-18 20:35:22,301,0.08
6000,L09,#56,GW252/13600,(3)待机状态,3,2025-05-18 20:29:23,2025-05-18 20:30:21,58,0.02
6001,L09,#56,GW252/13600,(2)停机状态,2,2025-05-18 20:25:04,2025-05-18 20:29:23,259,0.07
6002,L09,#56,GW252/13600,(1)停机过程,1,2025-05-18 20:24:33,2025-05-18 20:25:04,31,0.01
6003,L09,#56,GW252/13600,(4)启机状态,4,2025-05-18 20:19:32,2025-05-18 20:24:33,301,0.08
6004,L09,#56,GW252/13600,(3)待机状态,3,2025-05-18 20:17:15,2025-05-18 20:19:32,137,0.04
6005,L09,#56,GW252/13600,(2)停机状态,2,2025-05-18 20:11:37,2025-05-18 20:17:15,338,0.09
6006,L09,#56,GW252/13600,(1)停机过程,1,2025-05-18 20:11:05,2025-05-18 20:11:37,32,0.01
6007,L09,#56,GW252/13600,(4)启机状态,4,2025-05-18 20:06:05,2025-05-18 20:11:05,300,0.08
6008,L09,#56,GW252/13600,(3)待机状态,3,2025-05-18 20:04:56,2025-05-18 20:06:05,69,0.02
6009,L09,#56,GW252/13600,(2)停机状态,2,2025-05-18 20:04:52,2025-05-18 20:04:56,4,0
6010,L09,#56,GW252/13600,(1)停机过程,1,2025-05-18 20:04:20,2025-05-18 20:04:52,32,0.01
6011,L09,#56,GW252/13600,(4)启机状态,4,2025-05-18 19:59:21,2025-05-18 20:04:20,299,0.08
6012,L09,#56,GW252/13600,(3)待机状态,3,2025-05-18 19:58:08,2025-05-18 19:59:21,73,0.02
6013,L09,#56,GW252/13600,(2)停机状态,2,2025-05-18 19:57:35,2025-05-18 19:58:08,33,0.01
6014,L09,#56,GW252/13600,(1)停机过程,1,2025-05-18 19:57:04,2025-05-18 19:57:35,31,0.01
6015,L09,#56,GW252/13600,(4)启机状态,4,2025-05-18 19:52:05,2025-05-18 19:57:04,299,0.08
6016,L09,#56,GW252/13600,(3)待机状态,3,2025-05-18 19:50:56,2025-05-18 19:52:05,69,0.02
6017,L09,#56,GW252/13600,(2)停机状态,2,2025-05-18 19:50:52,2025-05-18 19:50:56,4,0
6018,L09,#56,GW252/13600,(1)停机过程,1,2025-05-18 19:50:20,2025-05-18 19:50:52,32,0.01
6019,L09,#56,GW252/13600,(4)启机状态,4,2025-05-18 19:45:20,2025-05-18 19:50:20,300,0.08
6020,L09,#56,GW252/13600,(3)待机状态,3,2025-05-18 19:43:49,2025-05-18 19:45:20,91,0.03
6021,L09,#56,GW252/13600,(2)停机状态,2,2025-05-18 19:38:12,2025-05-18 19:43:49,337,0.09
6022,L09,#56,GW252/13600,(1)停机过程,1,2025-05-18 19:37:18,2025-05-18 19:38:12,54,0.02
6023,L09,#56,GW252/13600,(5)发电状态,5,2025-05-18 19:20:14,2025-05-18 19:37:18,1024,0.28
6024,L09,#56,GW252/13600,(4)启机状态,4,2025-05-18 19:17:14,2025-05-18 19:20:14,180,0.05
6025,L09,#56,GW252/13600,(3)待机状态,3,2025-05-18 19:16:25,2025-05-18 19:17:14,49,0.01
6026,L09,#56,GW252/13600,(2)停机状态,2,2025-05-18 19:16:24,2025-05-18 19:16:25,1,0
6027,L09,#56,GW252/13600,(1)停机过程,1,2025-05-18 19:15:30,2025-05-18 19:16:24,54,0.02
6028,L09,#56,GW252/13600,(4)启机状态,4,2025-05-18 19:10:29,2025-05-18 19:15:30,301,0.08
6029,L09,#56,GW252/13600,(3)待机状态,3,2025-05-18 19:09:11,2025-05-18 19:10:29,78,0.02
6030,L09,#56,GW252/13600,(2)停机状态,2,2025-05-18 19:07:32,2025-05-18 19:09:11,99,0.03
6031,L09,#56,GW252/13600,(1)停机过程,1,2025-05-18 19:07:01,2025-05-18 19:07:32,31,0.01
6032,L09,#56,GW252/13600,(4)启机状态,4,2025-05-18 19:02:00,2025-05-18 19:07:01,301,0.08
6033,L09,#56,GW252/13600,(3)待机状态,3,2025-05-18 19:00:44,2025-05-18 19:02:00,76,0.02
6034,L09,#56,GW252/13600,(2)停机状态,2,2025-05-18 19:00:43,2025-05-18 19:00:44,1,0
6035,L09,#56,GW252/13600,(1)停机过程,1,2025-05-18 19:00:11,2025-05-18 19:00:43,32,0.01
6036,L09,#56,GW252/13600,(4)启机状态,4,2025-05-18 18:55:12,2025-05-18 19:00:11,299,0.08
6037,L09,#56,GW252/13600,(3)待机状态,3,2025-05-18 18:53:56,2025-05-18 18:55:12,76,0.02
6038,L09,#56,GW252/13600,(2)停机状态,2,2025-05-18 18:52:39,2025-05-18 18:53:56,77,0.02
6039,L09,#56,GW252/13600,(1)停机过程,1,2025-05-18 18:52:07,2025-05-18 18:52:39,32,0.01
6040,L09,#56,GW252/13600,(4)启机状态,4,2025-05-18 18:47:07,2025-05-18 18:52:07,300,0.08
6041,L09,#56,GW252/13600,(3)待机状态,3,2025-05-18 18:45:58,2025-05-18 18:47:07,69,0.02
6042,L09,#56,GW252/13600,(2)停机状态,2,2025-05-18 18:43:49,2025-05-18 18:45:58,129,0.04
6043,L09,#56,GW252/13600,(1)停机过程,1,2025-05-18 18:43:17,2025-05-18 18:43:49,32,0.01
6044,L09,#56,GW252/13600,(4)启机状态,4,2025-05-18 18:38:18,2025-05-18 18:43:17,299,0.08
6045,L09,#56,GW252/13600,(3)待机状态,3,2025-05-18 18:35:01,2025-05-18 18:38:18,197,0.05
6046,L09,#56,GW252/13600,(2)停机状态,2,2025-05-18 18:30:20,2025-05-18 18:35:01,281,0.08
6047,L09,#56,GW252/13600,(1)停机过程,1,2025-05-18 18:29:50,2025-05-18 18:30:20,30,0.01
6048,L09,#56,GW252/13600,(4)启机状态,4,2025-05-18 18:24:50,2025-05-18 18:29:50,300,0.08
6049,L09,#56,GW252/13600,(3)待机状态,3,2025-05-18 18:23:39,2025-05-18 18:24:50,71,0.02
6050,L09,#56,GW252/13600,(2)停机状态,2,2025-05-18 18:23:37,2025-05-18 18:23:39,2,0
6051,L09,#56,GW252/13600,(1)停机过程,1,2025-05-18 18:22:42,2025-05-18 18:23:37,55,0.02
6052,L09,#56,GW252/13600,(5)发电状态,5,2025-05-17 17:43:40,2025-05-18 18:22:42,88742,24.65
6053,L09,#56,GW252/13600,(4)启机状态,4,2025-05-17 17:42:02,2025-05-17 17:43:40,98,0.03
6054,L09,#56,GW252/13600,(3)待机状态,3,2025-05-17 17:41:15,2025-05-17 17:42:02,47,0.01
6055,L09,#56,GW252/13600,(2)停机状态,2,2025-05-16 12:45:07,2025-05-17 17:41:15,104168,28.94
6056,L09,#56,GW252/13600,(1)停机过程,1,2025-05-16 12:44:36,2025-05-16 12:45:07,31,0.01
6057,L09,#56,GW252/13600,(4)启机状态,4,2025-05-16 12:39:36,2025-05-16 12:44:36,300,0.08
6058,L09,#56,GW252/13600,(3)待机状态,3,2025-05-16 12:38:15,2025-05-16 12:39:36,81,0.02
6059,L09,#56,GW252/13600,(2)停机状态,2,2025-05-16 12:37:10,2025-05-16 12:38:15,65,0.02
6060,L09,#56,GW252/13600,(1)停机过程,1,2025-05-16 12:36:16,2025-05-16 12:37:10,54,0.02
6061,L09,#56,GW252/13600,(5)发电状态,5,2025-05-16 12:23:03,2025-05-16 12:36:16,793,0.22
6062,L09,#56,GW252/13600,(4)启机状态,4,2025-05-16 12:19:05,2025-05-16 12:23:03,238,0.07
6063,L09,#56,GW252/13600,(3)待机状态,3,2025-05-16 12:18:03,2025-05-16 12:19:05,62,0.02
6064,L09,#56,GW252/13600,(2)停机状态,2,2025-05-16 12:18:00,2025-05-16 12:18:03,3,0
6065,L09,#56,GW252/13600,(1)停机过程,1,2025-05-16 12:17:28,2025-05-16 12:18:00,32,0.01
6066,L09,#56,GW252/13600,(4)启机状态,4,2025-05-16 12:12:28,2025-05-16 12:17:28,300,0.08
6067,L09,#56,GW252/13600,(3)待机状态,3,2025-05-16 12:10:45,2025-05-16 12:12:28,103,0.03
6068,L09,#56,GW252/13600,(2)停机状态,2,2025-05-16 12:08:55,2025-05-16 12:10:45,110,0.03
6069,L09,#56,GW252/13600,(1)停机过程,1,2025-05-16 12:08:24,2025-05-16 12:08:55,31,0.01
6070,L09,#56,GW252/13600,(4)启机状态,4,2025-05-16 12:03:23,2025-05-16 12:08:24,301,0.08
6071,L09,#56,GW252/13600,(3)待机状态,3,2025-05-16 12:02:15,2025-05-16 12:03:23,68,0.02
6072,L09,#56,GW252/13600,(2)停机状态,2,2025-05-16 12:01:46,2025-05-16 12:02:15,29,0.01
6073,L09,#56,GW252/13600,(1)停机过程,1,2025-05-16 12:01:16,2025-05-16 12:01:46,30,0.01
6074,L09,#56,GW252/13600,(4)启机状态,4,2025-05-16 11:56:14,2025-05-16 12:01:16,302,0.08
6075,L09,#56,GW252/13600,(3)待机状态,3,2025-05-16 11:55:17,2025-05-16 11:56:14,57,0.02
6076,L09,#56,GW252/13600,(2)停机状态,2,2025-05-16 11:55:15,2025-05-16 11:55:17,2,0
6077,L09,#56,GW252/13600,(1)停机过程,1,2025-05-16 11:54:19,2025-05-16 11:55:15,56,0.02
6078,L09,#56,GW252/13600,(4)启机状态,4,2025-05-16 11:49:20,2025-05-16 11:54:19,299,0.08
6079,L09,#56,GW252/13600,(3)待机状态,3,2025-05-16 11:48:03,2025-05-16 11:49:20,77,0.02
6080,L09,#56,GW252/13600,(2)停机状态,2,2025-05-16 11:47:37,2025-05-16 11:48:03,26,0.01
6081,L09,#56,GW252/13600,(1)停机过程,1,2025-05-16 11:47:05,2025-05-16 11:47:37,32,0.01
6082,L09,#56,GW252/13600,(4)启机状态,4,2025-05-16 11:42:06,2025-05-16 11:47:05,299,0.08
6083,L09,#56,GW252/13600,(3)待机状态,3,2025-05-16 11:40:33,2025-05-16 11:42:06,93,0.03
6084,L09,#56,GW252/13600,(2)停机状态,2,2025-05-16 11:34:56,2025-05-16 11:40:33,337,0.09
6085,L09,#56,GW252/13600,(1)停机过程,1,2025-05-16 11:34:24,2025-05-16 11:34:56,32,0.01
6086,L09,#56,GW252/13600,(4)启机状态,4,2025-05-16 11:29:24,2025-05-16 11:34:24,300,0.08
6087,L09,#56,GW252/13600,(3)待机状态,3,2025-05-16 11:28:01,2025-05-16 11:29:24,83,0.02
6088,L09,#56,GW252/13600,(2)停机状态,2,2025-05-16 11:28:00,2025-05-16 11:28:01,1,0
6089,L09,#56,GW252/13600,(1)停机过程,1,2025-05-16 11:27:29,2025-05-16 11:28:00,31,0.01
6090,L09,#56,GW252/13600,(4)启机状态,4,2025-05-16 11:22:29,2025-05-16 11:27:29,300,0.08
6091,L09,#56,GW252/13600,(3)待机状态,3,2025-05-16 11:21:28,2025-05-16 11:22:29,61,0.02
6092,L09,#56,GW252/13600,(2)停机状态,2,2025-05-16 11:18:15,2025-05-16 11:21:28,193,0.05
6093,L09,#56,GW252/13600,(1)停机过程,1,2025-05-16 11:17:20,2025-05-16 11:18:15,55,0.02
6094,L09,#56,GW252/13600,(5)发电状态,5,2025-05-16 11:04:31,2025-05-16 11:17:20,769,0.21
6095,L09,#56,GW252/13600,(4)启机状态,4,2025-05-16 11:02:06,2025-05-16 11:04:31,145,0.04
6096,L09,#56,GW252/13600,(3)待机状态,3,2025-05-16 11:01:15,2025-05-16 11:02:06,51,0.01
6097,L09,#56,GW252/13600,(2)停机状态,2,2025-05-16 11:01:14,2025-05-16 11:01:15,1,0
6098,L09,#56,GW252/13600,(1)停机过程,1,2025-05-16 11:00:19,2025-05-16 11:01:14,55,0.02
6099,L09,#56,GW252/13600,(4)启机状态,4,2025-05-16 10:55:19,2025-05-16 11:00:19,300,0.08
6100,L09,#56,GW252/13600,(3)待机状态,3,2025-05-16 10:54:17,2025-05-16 10:55:19,62,0.02
6101,L09,#56,GW252/13600,(1)停机过程,1,2025-05-16 10:53:46,2025-05-16 10:54:17,31,0.01
6102,L09,#56,GW252/13600,(4)启机状态,4,2025-05-16 10:48:45,2025-05-16 10:53:46,301,0.08
6103,L09,#56,GW252/13600,(3)待机状态,3,2025-05-16 10:47:51,2025-05-16 10:48:45,54,0.02
6104,L09,#56,GW252/13600,(2)停机状态,2,2025-05-16 10:47:48,2025-05-16 10:47:51,3,0
6105,L09,#56,GW252/13600,(1)停机过程,1,2025-05-16 10:46:53,2025-05-16 10:47:48,55,0.02
6106,L09,#56,GW252/13600,(4)启机状态,4,2025-05-16 10:41:52,2025-05-16 10:46:53,301,0.08
6107,L09,#56,GW252/13600,(3)待机状态,3,2025-05-16 10:40:49,2025-05-16 10:41:52,63,0.02
6108,L09,#56,GW252/13600,(2)停机状态,2,2025-05-16 10:04:12,2025-05-16 10:40:49,2197,0.61
6109,L09,#56,GW252/13600,(1)停机过程,1,2025-05-16 10:03:41,2025-05-16 10:04:12,31,0.01
6110,L09,#56,GW252/13600,(4)启机状态,4,2025-05-16 09:58:40,2025-05-16 10:03:41,301,0.08
6111,L09,#56,GW252/13600,(3)待机状态,3,2025-05-16 09:57:08,2025-05-16 09:58:40,92,0.03
6112,L09,#56,GW252/13600,(2)停机状态,2,2025-05-16 09:54:34,2025-05-16 09:57:08,154,0.04
6113,L09,#56,GW252/13600,(1)停机过程,1,2025-05-16 09:53:38,2025-05-16 09:54:34,56,0.02
6114,L09,#56,GW252/13600,(5)发电状态,5,2025-05-16 03:47:38,2025-05-16 09:53:38,21960,6.1
6115,L09,#56,GW252/13600,(4)启机状态,4,2025-05-16 03:45:05,2025-05-16 03:47:38,153,0.04
6116,L09,#56,GW252/13600,(3)待机状态,3,2025-05-16 03:44:07,2025-05-16 03:45:05,58,0.02
6117,L09,#56,GW252/13600,(2)停机状态,2,2025-05-16 03:07:17,2025-05-16 03:44:07,2210,0.61
6118,L09,#56,GW252/13600,(1)停机过程,1,2025-05-16 03:06:22,2025-05-16 03:07:17,55,0.02
6119,L09,#56,GW252/13600,(5)发电状态,5,2025-05-11 14:54:39,2025-05-16 03:06:22,389503,108.2
6120,L09,#56,GW252/13600,(4)启机状态,4,2025-05-11 14:54:01,2025-05-11 14:54:39,38,0.01
6121,L09,#56,GW252/13600,(3)待机状态,3,2025-05-11 14:53:28,2025-05-11 14:54:01,33,0.01
6122,L09,#56,GW252/13600,(2)停机状态,2,2025-05-11 11:30:24,2025-05-11 14:53:28,12184,3.38
6123,L09,#56,GW252/13600,(1)停机过程,1,2025-05-11 11:29:34,2025-05-11 11:30:24,50,0.01
6124,L09,#56,GW252/13600,(9)维护状态,9,2025-05-05 12:13:50,2025-05-11 11:29:34,515744,143.26
6125,L09,#56,GW252/13600,(2)停机状态,2,2025-05-05 12:09:22,2025-05-05 12:13:50,268,0.07
6126,L09,#56,GW252/13600,(1)停机过程,1,2025-05-05 12:09:17,2025-05-05 12:09:22,5,0
6127,L09,#56,GW252/13600,(9)维护状态,9,2025-05-04 20:00:19,2025-05-05 12:09:17,58138,16.15
6128,L09,#56,GW252/13600,(2)停机状态,2,2025-05-04 19:56:33,2025-05-04 20:00:19,226,0.06
6129,L09,#56,GW252/13600,(1)停机过程,1,2025-05-04 19:56:28,2025-05-04 19:56:33,5,0
6130,L09,#56,GW252/13600,(9)维护状态,9,2025-03-11 12:30:38,2025-05-04 19:56:28,4692350,1303.43
6131,L09,#56,GW252/13600,(2)停机状态,2,2025-03-11 12:10:14,2025-03-11 12:30:38,1224,0.34
6132,L09,#56,GW252/13600,(1)停机过程,1,2025-03-11 12:09:20,2025-03-11 12:10:14,54,0.02
6133,L09,#56,GW252/13600,(5)发电状态,5,2025-03-09 10:34:53,2025-03-11 12:09:20,178467,49.57
6134,L09,#56,GW252/13600,(4)启机状态,4,2025-03-09 10:34:17,2025-03-09 10:34:53,36,0.01
6135,L09,#56,GW252/13600,(3)待机状态,3,2025-03-09 10:33:43,2025-03-09 10:34:17,34,0.01
6136,L09,#56,GW252/13600,(2)停机状态,2,2025-03-09 10:08:20,2025-03-09 10:33:43,1523,0.42
6137,L09,#56,GW252/13600,(1)停机过程,1,2025-03-09 10:07:30,2025-03-09 10:08:20,50,0.01
6138,L09,#56,GW252/13600,(5)发电状态,5,2025-03-05 10:16:19,2025-03-09 10:07:30,345071,95.85
6139,L09,#56,GW252/13600,(4)启机状态,4,2025-03-05 10:15:37,2025-03-05 10:16:19,42,0.01
6140,L09,#56,GW252/13600,(3)待机状态,3,2025-03-05 10:15:04,2025-03-05 10:15:37,33,0.01
6141,L09,#56,GW252/13600,(2)停机状态,2,2025-03-05 10:13:28,2025-03-05 10:15:04,96,0.03
6142,L09,#56,GW252/13600,(1)停机过程,1,2025-03-05 10:13:18,2025-03-05 10:13:28,10,0
6143,L09,#56,GW252/13600,(9)维护状态,9,2025-03-05 09:27:51,2025-03-05 10:13:18,2727,0.76
6144,L09,#56,GW252/13600,(2)停机状态,2,2025-03-05 09:25:27,2025-03-05 09:27:51,144,0.04
6145,L09,#56,GW252/13600,(1)停机过程,1,2025-03-05 09:24:39,2025-03-05 09:25:27,48,0.01
6146,L09,#56,GW252/13600,(5)发电状态,5,2025-03-04 14:00:12,2025-03-05 09:24:39,69867,19.41
6147,L09,#56,GW252/13600,(4)启机状态,4,2025-03-04 13:59:29,2025-03-04 14:00:12,43,0.01
6148,L09,#56,GW252/13600,(3)待机状态,3,2025-03-04 13:58:52,2025-03-04 13:59:29,37,0.01
6149,L09,#56,GW252/13600,(2)停机状态,2,2025-03-04 13:58:50,2025-03-04 13:58:52,2,0
6150,L09,#56,GW252/13600,(1)停机过程,1,2025-03-04 13:58:40,2025-03-04 13:58:50,10,0
6151,L09,#56,GW252/13600,(9)维护状态,9,2025-03-04 13:56:39,2025-03-04 13:58:40,121,0.03
6152,L09,#56,GW252/13600,(2)停机状态,2,2025-03-04 10:04:39,2025-03-04 13:56:39,13920,3.87
6153,L09,#56,GW252/13600,(1)停机过程,1,2025-03-04 10:03:47,2025-03-04 10:04:39,52,0.01
6154,L09,#56,GW252/13600,(5)发电状态,5,2025-03-03 18:56:37,2025-03-04 10:03:47,54430,15.12
6155,L09,#56,GW252/13600,(9)维护状态,9,2025-03-02 19:06:27,2025-03-03 18:56:37,85810,23.84
6156,L09,#56,GW252/13600,(2)停机状态,2,2025-01-01 00:00:00,2025-03-02 19:06:27,5252787,1459.11
