设备状态统计_历史状态明细,Unnamed: 1,Unnamed: 2,Unnamed: 3,Unnamed: 4,Unnamed: 5,Unnamed: 6,Unnamed: 7,Unnamed: 8,Unnamed: 9
  电场:[三峡阳江海路海风场];  设备类型:风机;  设备:[#72];  查询方式:详情;  开始时间:2025-01-01;  结束时间:2025-12-01,,,,,,,,,
序号,馈线名称,设备名称,型号名称,状态,状态码,开始时间,结束时间,持续时间(s),时长描述(h)
1,L10,#72,GW252/13600,(2)停机状态,2,2025-11-12 16:13:15,2025-12-01 23:59:59,1669604,463.78
2,L10,#72,GW252/13600,(1)停机过程,1,2025-11-12 16:13:05,2025-11-12 16:13:15,10,0
3,L10,#72,GW252/13600,(9)维护状态,9,2025-11-12 09:20:48,2025-11-12 16:13:05,24737,6.87
4,L10,#72,GW252/13600,(2)停机状态,2,2025-11-12 09:11:09,2025-11-12 09:20:48,579,0.16
5,L10,#72,GW252/13600,(1)停机过程,1,2025-11-12 09:10:59,2025-11-12 09:11:09,10,0
6,L10,#72,GW252/13600,(9)维护状态,9,2025-11-11 16:38:35,2025-11-12 09:10:59,59544,16.54
7,L10,#72,GW252/13600,(2)停机状态,2,2025-11-11 16:32:47,2025-11-11 16:38:35,348,0.1
8,L10,#72,GW252/13600,(1)停机过程,1,2025-11-11 16:32:36,2025-11-11 16:32:47,11,0
9,L10,#72,GW252/13600,(9)维护状态,9,2025-11-11 16:30:28,2025-11-11 16:32:36,128,0.04
10,L10,#72,GW252/13600,(2)停机状态,2,2025-11-11 16:27:52,2025-11-11 16:30:28,156,0.04
11,L10,#72,GW252/13600,(1)停机过程,1,2025-11-11 16:27:42,2025-11-11 16:27:52,10,0
12,L10,#72,GW252/13600,(9)维护状态,9,2025-11-11 14:44:34,2025-11-11 16:27:42,6188,1.72
13,L10,#72,GW252/13600,(2)停机状态,2,2025-11-11 14:40:14,2025-11-11 14:44:34,260,0.07
14,L10,#72,GW252/13600,(1)停机过程,1,2025-11-11 14:40:04,2025-11-11 14:40:14,10,0
15,L10,#72,GW252/13600,(9)维护状态,9,2025-11-10 12:05:22,2025-11-11 14:40:04,95682,26.58
16,L10,#72,GW252/13600,(2)停机状态,2,2025-11-10 12:03:31,2025-11-10 12:05:22,111,0.03
17,L10,#72,GW252/13600,(1)停机过程,1,2025-11-10 12:03:21,2025-11-10 12:03:31,10,0
18,L10,#72,GW252/13600,(9)维护状态,9,2025-10-29 20:50:31,2025-11-10 12:03:21,1005170,279.21
19,L10,#72,GW252/13600,(2)停机状态,2,2025-10-29 20:44:59,2025-10-29 20:50:31,332,0.09
20,L10,#72,GW252/13600,(1)停机过程,1,2025-10-29 20:44:49,2025-10-29 20:44:59,10,0
21,L10,#72,GW252/13600,(9)维护状态,9,2025-10-29 06:08:56,2025-10-29 20:44:49,52553,14.6
22,L10,#72,GW252/13600,(2)停机状态,2,2025-10-28 21:08:48,2025-10-29 06:08:56,32408,9
23,L10,#72,GW252/13600,(1)停机过程,1,2025-10-28 21:08:39,2025-10-28 21:08:48,9,0
24,L10,#72,GW252/13600,(9)维护状态,9,2025-10-28 15:27:43,2025-10-28 21:08:39,20456,5.68
25,L10,#72,GW252/13600,(2)停机状态,2,2025-10-28 13:40:06,2025-10-28 15:27:43,6457,1.79
26,L10,#72,GW252/13600,(2)停机状态,2,2025-10-20 10:47:07,2025-10-28 13:40:06,701579,194.88
27,L10,#72,GW252/13600,(1)停机过程,1,2025-10-20 10:46:57,2025-10-20 10:47:07,10,0
28,L10,#72,GW252/13600,(9)维护状态,9,2025-10-20 10:46:32,2025-10-20 10:46:57,25,0.01
29,L10,#72,GW252/13600,(2)停机状态,2,2025-10-20 10:44:29,2025-10-20 10:46:32,123,0.03
30,L10,#72,GW252/13600,(1)停机过程,1,2025-10-20 10:44:24,2025-10-20 10:44:29,5,0
31,L10,#72,GW252/13600,(9)维护状态,9,2025-10-20 10:41:07,2025-10-20 10:44:24,197,0.05
32,L10,#72,GW252/13600,(2)停机状态,2,2025-10-14 15:45:17,2025-10-20 10:41:07,500150,138.93
33,L10,#72,GW252/13600,(1)停机过程,1,2025-10-14 15:45:07,2025-10-14 15:45:17,10,0
34,L10,#72,GW252/13600,(9)维护状态,9,2025-10-13 16:09:35,2025-10-14 15:45:07,84932,23.59
35,L10,#72,GW252/13600,(2)停机状态,2,2025-10-06 23:05:48,2025-10-13 16:09:35,579827,161.06
36,L10,#72,GW252/13600,(1)停机过程,1,2025-10-06 23:05:37,2025-10-06 23:05:48,11,0
37,L10,#72,GW252/13600,(9)维护状态,9,2025-10-06 13:14:33,2025-10-06 23:05:37,35464,9.85
38,L10,#72,GW252/13600,(2)停机状态,2,2025-10-05 03:00:25,2025-10-06 13:14:33,123248,34.24
39,L10,#72,GW252/13600,(1)停机过程,1,2025-10-05 02:59:37,2025-10-05 03:00:25,48,0.01
40,L10,#72,GW252/13600,(5)发电状态,5,2025-10-05 01:57:45,2025-10-05 02:59:37,3712,1.03
41,L10,#72,GW252/13600,(4)启机状态,4,2025-10-05 01:57:10,2025-10-05 01:57:45,35,0.01
42,L10,#72,GW252/13600,(3)待机状态,3,2025-10-05 01:56:41,2025-10-05 01:57:10,29,0.01
43,L10,#72,GW252/13600,(2)停机状态,2,2025-10-05 01:35:10,2025-10-05 01:56:41,1291,0.36
44,L10,#72,GW252/13600,(1)停机过程,1,2025-10-05 01:34:21,2025-10-05 01:35:10,49,0.01
45,L10,#72,GW252/13600,(5)发电状态,5,2025-10-04 18:59:37,2025-10-05 01:34:21,23684,6.58
46,L10,#72,GW252/13600,(4)启机状态,4,2025-10-04 18:59:00,2025-10-04 18:59:37,37,0.01
47,L10,#72,GW252/13600,(3)待机状态,3,2025-10-04 18:58:24,2025-10-04 18:59:00,36,0.01
48,L10,#72,GW252/13600,(2)停机状态,2,2025-10-04 18:23:16,2025-10-04 18:58:24,2108,0.59
49,L10,#72,GW252/13600,(1)停机过程,1,2025-10-04 18:22:20,2025-10-04 18:23:16,56,0.02
50,L10,#72,GW252/13600,(5)发电状态,5,2025-10-04 18:12:09,2025-10-04 18:22:20,611,0.17
51,L10,#72,GW252/13600,(4)启机状态,4,2025-10-04 18:11:31,2025-10-04 18:12:09,38,0.01
52,L10,#72,GW252/13600,(3)待机状态,3,2025-10-04 18:02:33,2025-10-04 18:11:31,538,0.15
53,L10,#72,GW252/13600,(2)停机状态,2,2025-10-04 18:02:31,2025-10-04 18:02:33,2,0
54,L10,#72,GW252/13600,(1)停机过程,1,2025-10-04 18:01:36,2025-10-04 18:02:31,55,0.02
55,L10,#72,GW252/13600,(5)发电状态,5,2025-10-04 17:11:38,2025-10-04 18:01:36,2998,0.83
56,L10,#72,GW252/13600,(4)启机状态,4,2025-10-04 17:08:01,2025-10-04 17:11:38,217,0.06
57,L10,#72,GW252/13600,(3)待机状态,3,2025-10-04 17:04:49,2025-10-04 17:08:01,192,0.05
58,L10,#72,GW252/13600,(2)停机状态,2,2025-10-04 17:04:48,2025-10-04 17:04:49,1,0
59,L10,#72,GW252/13600,(1)停机过程,1,2025-10-04 17:03:52,2025-10-04 17:04:48,56,0.02
60,L10,#72,GW252/13600,(4)启机状态,4,2025-10-04 16:58:52,2025-10-04 17:03:52,300,0.08
61,L10,#72,GW252/13600,(3)待机状态,3,2025-10-04 14:30:55,2025-10-04 16:58:52,8877,2.47
62,L10,#72,GW252/13600,(2)停机状态,2,2025-10-04 14:25:17,2025-10-04 14:30:55,338,0.09
63,L10,#72,GW252/13600,(1)停机过程,1,2025-10-04 14:24:21,2025-10-04 14:25:17,56,0.02
64,L10,#72,GW252/13600,(5)发电状态,5,2025-10-04 07:31:54,2025-10-04 14:24:21,24747,6.87
65,L10,#72,GW252/13600,(4)启机状态,4,2025-10-04 07:29:54,2025-10-04 07:31:54,120,0.03
66,L10,#72,GW252/13600,(3)待机状态,3,2025-10-04 01:33:32,2025-10-04 07:29:54,21382,5.94
67,L10,#72,GW252/13600,(2)停机状态,2,2025-10-04 01:31:52,2025-10-04 01:33:32,100,0.03
68,L10,#72,GW252/13600,(1)停机过程,1,2025-10-04 01:30:56,2025-10-04 01:31:52,56,0.02
69,L10,#72,GW252/13600,(5)发电状态,5,2025-10-03 10:30:53,2025-10-04 01:30:56,54003,15
70,L10,#72,GW252/13600,(4)启机状态,4,2025-10-03 10:29:24,2025-10-03 10:30:53,89,0.02
71,L10,#72,GW252/13600,(3)待机状态,3,2025-10-03 10:28:30,2025-10-03 10:29:24,54,0.02
72,L10,#72,GW252/13600,(2)停机状态,2,2025-10-03 09:17:10,2025-10-03 10:28:30,4280,1.19
73,L10,#72,GW252/13600,(1)停机过程,1,2025-10-03 09:16:10,2025-10-03 09:17:10,60,0.02
74,L10,#72,GW252/13600,(5)发电状态,5,2025-10-03 04:32:24,2025-10-03 09:16:10,17026,4.73
75,L10,#72,GW252/13600,(4)启机状态,4,2025-10-03 04:31:26,2025-10-03 04:32:24,58,0.02
76,L10,#72,GW252/13600,(3)待机状态,3,2025-10-03 04:30:40,2025-10-03 04:31:26,46,0.01
77,L10,#72,GW252/13600,(2)停机状态,2,2025-10-03 04:09:26,2025-10-03 04:30:40,1274,0.35
78,L10,#72,GW252/13600,(1)停机过程,1,2025-10-03 04:09:16,2025-10-03 04:09:26,10,0
79,L10,#72,GW252/13600,(9)维护状态,9,2025-10-03 00:49:55,2025-10-03 04:09:16,11961,3.32
80,L10,#72,GW252/13600,(2)停机状态,2,2025-10-03 00:44:08,2025-10-03 00:49:55,347,0.1
81,L10,#72,GW252/13600,(1)停机过程,1,2025-10-03 00:43:12,2025-10-03 00:44:08,56,0.02
82,L10,#72,GW252/13600,(5)发电状态,5,2025-10-02 14:14:50,2025-10-03 00:43:12,37702,10.47
83,L10,#72,GW252/13600,(4)启机状态,4,2025-10-02 14:13:44,2025-10-02 14:14:50,66,0.02
84,L10,#72,GW252/13600,(3)待机状态,3,2025-10-02 14:12:58,2025-10-02 14:13:44,46,0.01
85,L10,#72,GW252/13600,(2)停机状态,2,2025-10-02 13:35:03,2025-10-02 14:12:58,2275,0.63
86,L10,#72,GW252/13600,(1)停机过程,1,2025-10-02 13:34:00,2025-10-02 13:35:03,63,0.02
87,L10,#72,GW252/13600,(5)发电状态,5,2025-10-02 11:15:54,2025-10-02 13:34:00,8286,2.3
88,L10,#72,GW252/13600,(4)启机状态,4,2025-10-02 11:14:48,2025-10-02 11:15:54,66,0.02
89,L10,#72,GW252/13600,(3)待机状态,3,2025-10-02 11:14:06,2025-10-02 11:14:48,42,0.01
90,L10,#72,GW252/13600,(2)停机状态,2,2025-10-02 10:07:04,2025-10-02 11:14:06,4022,1.12
91,L10,#72,GW252/13600,(1)停机过程,1,2025-10-02 10:05:57,2025-10-02 10:07:04,67,0.02
92,L10,#72,GW252/13600,(5)发电状态,5,2025-10-02 09:34:06,2025-10-02 10:05:57,1911,0.53
93,L10,#72,GW252/13600,(4)启机状态,4,2025-10-02 09:32:39,2025-10-02 09:34:06,87,0.02
94,L10,#72,GW252/13600,(3)待机状态,3,2025-10-02 09:31:37,2025-10-02 09:32:39,62,0.02
95,L10,#72,GW252/13600,(1)停机过程,1,2025-10-02 09:30:31,2025-10-02 09:31:37,66,0.02
96,L10,#72,GW252/13600,(5)发电状态,5,2025-10-02 08:46:17,2025-10-02 09:30:31,2654,0.74
97,L10,#72,GW252/13600,(4)启机状态,4,2025-10-02 08:45:19,2025-10-02 08:46:17,58,0.02
98,L10,#72,GW252/13600,(3)待机状态,3,2025-10-02 08:44:28,2025-10-02 08:45:19,51,0.01
99,L10,#72,GW252/13600,(2)停机状态,2,2025-10-02 08:09:03,2025-10-02 08:44:28,2125,0.59
100,L10,#72,GW252/13600,(1)停机过程,1,2025-10-02 08:08:03,2025-10-02 08:09:03,60,0.02
101,L10,#72,GW252/13600,(5)发电状态,5,2025-10-01 22:14:13,2025-10-02 08:08:03,35630,9.9
102,L10,#72,GW252/13600,(4)启机状态,4,2025-10-01 22:12:59,2025-10-01 22:14:13,74,0.02
103,L10,#72,GW252/13600,(3)待机状态,3,2025-10-01 22:12:15,2025-10-01 22:12:59,44,0.01
104,L10,#72,GW252/13600,(2)停机状态,2,2025-10-01 21:10:53,2025-10-01 22:12:15,3682,1.02
105,L10,#72,GW252/13600,(1)停机过程,1,2025-10-01 21:09:54,2025-10-01 21:10:53,59,0.02
106,L10,#72,GW252/13600,(5)发电状态,5,2025-10-01 20:24:36,2025-10-01 21:09:54,2718,0.76
107,L10,#72,GW252/13600,(4)启机状态,4,2025-10-01 20:23:13,2025-10-01 20:24:36,83,0.02
108,L10,#72,GW252/13600,(3)待机状态,3,2025-10-01 20:17:38,2025-10-01 20:23:13,335,0.09
109,L10,#72,GW252/13600,(2)停机状态,2,2025-10-01 19:23:30,2025-10-01 20:17:38,3248,0.9
110,L10,#72,GW252/13600,(1)停机过程,1,2025-10-01 19:22:27,2025-10-01 19:23:30,63,0.02
111,L10,#72,GW252/13600,(5)发电状态,5,2025-10-01 18:05:08,2025-10-01 19:22:27,4639,1.29
112,L10,#72,GW252/13600,(4)启机状态,4,2025-10-01 18:03:06,2025-10-01 18:05:08,122,0.03
113,L10,#72,GW252/13600,(3)待机状态,3,2025-09-30 13:41:59,2025-10-01 18:03:06,102067,28.35
114,L10,#72,GW252/13600,(2)停机状态,2,2025-09-30 13:04:18,2025-09-30 13:41:59,2261,0.63
115,L10,#72,GW252/13600,(1)停机过程,1,2025-09-30 13:03:21,2025-09-30 13:04:18,57,0.02
116,L10,#72,GW252/13600,(5)发电状态,5,2025-09-30 03:05:15,2025-09-30 13:03:21,35886,9.97
117,L10,#72,GW252/13600,(4)启机状态,4,2025-09-30 03:03:55,2025-09-30 03:05:15,80,0.02
118,L10,#72,GW252/13600,(3)待机状态,3,2025-09-30 03:03:06,2025-09-30 03:03:55,49,0.01
119,L10,#72,GW252/13600,(2)停机状态,2,2025-09-30 02:33:43,2025-09-30 03:03:06,1763,0.49
120,L10,#72,GW252/13600,(1)停机过程,1,2025-09-30 02:32:39,2025-09-30 02:33:43,64,0.02
121,L10,#72,GW252/13600,(5)发电状态,5,2025-09-25 17:23:33,2025-09-30 02:32:39,378546,105.15
122,L10,#72,GW252/13600,(4)启机状态,4,2025-09-25 17:22:45,2025-09-25 17:23:33,48,0.01
123,L10,#72,GW252/13600,(3)待机状态,3,2025-09-25 17:20:33,2025-09-25 17:22:45,132,0.04
124,L10,#72,GW252/13600,(2)停机状态,2,2025-09-25 17:20:27,2025-09-25 17:20:33,6,0
125,L10,#72,GW252/13600,(1)停机过程,1,2025-09-25 17:20:14,2025-09-25 17:20:27,13,0
126,L10,#72,GW252/13600,(9)维护状态,9,2025-09-25 15:09:20,2025-09-25 17:20:14,7854,2.18
127,L10,#72,GW252/13600,(2)停机状态,2,2025-09-25 15:03:05,2025-09-25 15:09:20,375,0.1
128,L10,#72,GW252/13600,(9)维护状态,9,2025-09-25 14:52:57,2025-09-25 15:03:05,608,0.17
129,L10,#72,GW252/13600,(2)停机状态,2,2025-09-23 16:56:30,2025-09-25 14:52:57,165387,45.94
130,L10,#72,GW252/13600,(1)停机过程,1,2025-09-23 16:55:32,2025-09-23 16:56:30,58,0.02
131,L10,#72,GW252/13600,(5)发电状态,5,2025-09-22 22:58:05,2025-09-23 16:55:32,64647,17.96
132,L10,#72,GW252/13600,(4)启机状态,4,2025-09-22 22:56:24,2025-09-22 22:58:05,101,0.03
133,L10,#72,GW252/13600,(3)待机状态,3,2025-09-22 18:07:05,2025-09-22 22:56:24,17359,4.82
134,L10,#72,GW252/13600,(2)停机状态,2,2025-09-22 18:04:13,2025-09-22 18:07:05,172,0.05
135,L10,#72,GW252/13600,(1)停机过程,1,2025-09-22 18:03:15,2025-09-22 18:04:13,58,0.02
136,L10,#72,GW252/13600,(5)发电状态,5,2025-09-22 11:32:28,2025-09-22 18:03:15,23447,6.51
137,L10,#72,GW252/13600,(4)启机状态,4,2025-09-22 11:30:47,2025-09-22 11:32:28,101,0.03
138,L10,#72,GW252/13600,(3)待机状态,3,2025-09-22 11:25:43,2025-09-22 11:30:47,304,0.08
139,L10,#72,GW252/13600,(2)停机状态,2,2025-09-22 11:25:42,2025-09-22 11:25:43,1,0
140,L10,#72,GW252/13600,(1)停机过程,1,2025-09-22 11:25:10,2025-09-22 11:25:42,32,0.01
141,L10,#72,GW252/13600,(3)待机状态,3,2025-09-22 11:21:01,2025-09-22 11:25:10,249,0.07
142,L10,#72,GW252/13600,(2)停机状态,2,2025-09-22 11:19:53,2025-09-22 11:21:01,68,0.02
143,L10,#72,GW252/13600,(1)停机过程,1,2025-09-22 11:19:04,2025-09-22 11:19:53,49,0.01
144,L10,#72,GW252/13600,(5)发电状态,5,2025-09-21 15:20:00,2025-09-22 11:19:04,71944,19.98
145,L10,#72,GW252/13600,(4)启机状态,4,2025-09-21 15:18:07,2025-09-21 15:20:00,113,0.03
146,L10,#72,GW252/13600,(3)待机状态,3,2025-09-21 10:37:06,2025-09-21 15:18:07,16861,4.68
147,L10,#72,GW252/13600,(2)停机状态,2,2025-09-21 10:36:39,2025-09-21 10:37:06,27,0.01
148,L10,#72,GW252/13600,(1)停机过程,1,2025-09-21 10:36:29,2025-09-21 10:36:39,10,0
149,L10,#72,GW252/13600,(9)维护状态,9,2025-09-21 10:23:08,2025-09-21 10:36:29,801,0.22
150,L10,#72,GW252/13600,(2)停机状态,2,2025-09-21 10:18:22,2025-09-21 10:23:08,286,0.08
151,L10,#72,GW252/13600,(1)停机过程,1,2025-09-21 10:17:52,2025-09-21 10:18:22,30,0.01
152,L10,#72,GW252/13600,(3)待机状态,3,2025-09-21 09:39:04,2025-09-21 10:17:52,2328,0.65
153,L10,#72,GW252/13600,(2)停机状态,2,2025-09-21 09:33:26,2025-09-21 09:39:04,338,0.09
154,L10,#72,GW252/13600,(1)停机过程,1,2025-09-21 09:32:30,2025-09-21 09:33:26,56,0.02
155,L10,#72,GW252/13600,(5)发电状态,5,2025-09-21 09:14:08,2025-09-21 09:32:30,1102,0.31
156,L10,#72,GW252/13600,(4)启机状态,4,2025-09-21 09:12:32,2025-09-21 09:14:08,96,0.03
157,L10,#72,GW252/13600,(3)待机状态,3,2025-09-21 07:32:14,2025-09-21 09:12:32,6018,1.67
158,L10,#72,GW252/13600,(2)停机状态,2,2025-09-21 07:32:13,2025-09-21 07:32:14,1,0
159,L10,#72,GW252/13600,(1)停机过程,1,2025-09-21 07:31:17,2025-09-21 07:32:13,56,0.02
160,L10,#72,GW252/13600,(5)发电状态,5,2025-09-21 07:11:33,2025-09-21 07:31:17,1184,0.33
161,L10,#72,GW252/13600,(4)启机状态,4,2025-09-21 07:08:05,2025-09-21 07:11:33,208,0.06
162,L10,#72,GW252/13600,(3)待机状态,3,2025-09-21 06:40:51,2025-09-21 07:08:05,1634,0.45
163,L10,#72,GW252/13600,(2)停机状态,2,2025-09-21 06:40:50,2025-09-21 06:40:51,1,0
164,L10,#72,GW252/13600,(1)停机过程,1,2025-09-21 06:39:54,2025-09-21 06:40:50,56,0.02
165,L10,#72,GW252/13600,(5)发电状态,5,2025-09-21 05:47:38,2025-09-21 06:39:54,3136,0.87
166,L10,#72,GW252/13600,(4)启机状态,4,2025-09-21 05:44:27,2025-09-21 05:47:38,191,0.05
167,L10,#72,GW252/13600,(3)待机状态,3,2025-09-21 04:44:13,2025-09-21 05:44:27,3614,1
168,L10,#72,GW252/13600,(2)停机状态,2,2025-09-21 04:07:28,2025-09-21 04:44:13,2205,0.61
169,L10,#72,GW252/13600,(1)停机过程,1,2025-09-21 04:06:34,2025-09-21 04:07:28,54,0.02
170,L10,#72,GW252/13600,(5)发电状态,5,2025-09-21 01:03:31,2025-09-21 04:06:34,10983,3.05
171,L10,#72,GW252/13600,(4)启机状态,4,2025-09-21 01:02:39,2025-09-21 01:03:31,52,0.01
172,L10,#72,GW252/13600,(3)待机状态,3,2025-09-21 01:01:58,2025-09-21 01:02:39,41,0.01
173,L10,#72,GW252/13600,(1)停机过程,1,2025-09-21 01:01:05,2025-09-21 01:01:58,53,0.01
174,L10,#72,GW252/13600,(4)启机状态,4,2025-09-21 01:00:19,2025-09-21 01:01:05,46,0.01
175,L10,#72,GW252/13600,(3)待机状态,3,2025-09-21 00:52:58,2025-09-21 01:00:19,441,0.12
176,L10,#72,GW252/13600,(2)停机状态,2,2025-09-21 00:52:57,2025-09-21 00:52:58,1,0
177,L10,#72,GW252/13600,(1)停机过程,1,2025-09-21 00:52:27,2025-09-21 00:52:57,30,0.01
178,L10,#72,GW252/13600,(3)待机状态,3,2025-09-21 00:52:05,2025-09-21 00:52:27,22,0.01
179,L10,#72,GW252/13600,(2)停机状态,2,2025-09-21 00:52:02,2025-09-21 00:52:05,3,0
180,L10,#72,GW252/13600,(1)停机过程,1,2025-09-21 00:51:33,2025-09-21 00:52:02,29,0.01
181,L10,#72,GW252/13600,(3)待机状态,3,2025-09-21 00:51:10,2025-09-21 00:51:33,23,0.01
182,L10,#72,GW252/13600,(1)停机过程,1,2025-09-21 00:50:40,2025-09-21 00:51:10,30,0.01
183,L10,#72,GW252/13600,(3)待机状态,3,2025-09-21 00:50:19,2025-09-21 00:50:40,21,0.01
184,L10,#72,GW252/13600,(2)停机状态,2,2025-09-21 00:50:17,2025-09-21 00:50:19,2,0
185,L10,#72,GW252/13600,(1)停机过程,1,2025-09-21 00:49:45,2025-09-21 00:50:17,32,0.01
186,L10,#72,GW252/13600,(3)待机状态,3,2025-09-20 22:54:17,2025-09-21 00:49:45,6928,1.92
187,L10,#72,GW252/13600,(2)停机状态,2,2025-09-20 22:53:54,2025-09-20 22:54:17,23,0.01
188,L10,#72,GW252/13600,(1)停机过程,1,2025-09-20 22:53:44,2025-09-20 22:53:54,10,0
189,L10,#72,GW252/13600,(9)维护状态,9,2025-09-20 22:15:44,2025-09-20 22:53:44,2280,0.63
190,L10,#72,GW252/13600,(2)停机状态,2,2025-09-20 22:14:25,2025-09-20 22:15:44,79,0.02
191,L10,#72,GW252/13600,(1)停机过程,1,2025-09-20 22:13:27,2025-09-20 22:14:25,58,0.02
192,L10,#72,GW252/13600,(5)发电状态,5,2025-09-20 21:18:20,2025-09-20 22:13:27,3307,0.92
193,L10,#72,GW252/13600,(4)启机状态,4,2025-09-20 21:16:43,2025-09-20 21:18:20,97,0.03
194,L10,#72,GW252/13600,(3)待机状态,3,2025-09-20 21:02:38,2025-09-20 21:16:43,845,0.23
195,L10,#72,GW252/13600,(2)停机状态,2,2025-09-20 20:57:43,2025-09-20 21:02:38,295,0.08
196,L10,#72,GW252/13600,(1)停机过程,1,2025-09-20 20:56:47,2025-09-20 20:57:43,56,0.02
197,L10,#72,GW252/13600,(5)发电状态,5,2025-09-20 20:43:27,2025-09-20 20:56:47,800,0.22
198,L10,#72,GW252/13600,(4)启机状态,4,2025-09-20 20:41:34,2025-09-20 20:43:27,113,0.03
199,L10,#72,GW252/13600,(3)待机状态,3,2025-09-20 19:53:35,2025-09-20 20:41:34,2879,0.8
200,L10,#72,GW252/13600,(2)停机状态,2,2025-09-20 19:52:19,2025-09-20 19:53:35,76,0.02
201,L10,#72,GW252/13600,(1)停机过程,1,2025-09-20 19:51:23,2025-09-20 19:52:19,56,0.02
202,L10,#72,GW252/13600,(4)启机状态,4,2025-09-20 19:46:23,2025-09-20 19:51:23,300,0.08
203,L10,#72,GW252/13600,(3)待机状态,3,2025-09-20 19:40:30,2025-09-20 19:46:23,353,0.1
204,L10,#72,GW252/13600,(2)停机状态,2,2025-09-20 19:40:01,2025-09-20 19:40:30,29,0.01
205,L10,#72,GW252/13600,(1)停机过程,1,2025-09-20 19:39:05,2025-09-20 19:40:01,56,0.02
206,L10,#72,GW252/13600,(5)发电状态,5,2025-09-20 19:22:23,2025-09-20 19:39:05,1002,0.28
207,L10,#72,GW252/13600,(4)启机状态,4,2025-09-20 19:21:30,2025-09-20 19:22:23,53,0.01
208,L10,#72,GW252/13600,(3)待机状态,3,2025-09-20 19:18:19,2025-09-20 19:21:30,191,0.05
209,L10,#72,GW252/13600,(2)停机状态,2,2025-09-20 19:18:17,2025-09-20 19:18:19,2,0
210,L10,#72,GW252/13600,(1)停机过程,1,2025-09-20 19:17:45,2025-09-20 19:18:17,32,0.01
211,L10,#72,GW252/13600,(3)待机状态,3,2025-09-20 19:16:53,2025-09-20 19:17:45,52,0.01
212,L10,#72,GW252/13600,(2)停机状态,2,2025-09-20 19:16:52,2025-09-20 19:16:53,1,0
213,L10,#72,GW252/13600,(1)停机过程,1,2025-09-20 19:16:21,2025-09-20 19:16:52,31,0.01
214,L10,#72,GW252/13600,(3)待机状态,3,2025-09-20 19:15:28,2025-09-20 19:16:21,53,0.01
215,L10,#72,GW252/13600,(2)停机状态,2,2025-09-20 19:15:27,2025-09-20 19:15:28,1,0
216,L10,#72,GW252/13600,(1)停机过程,1,2025-09-20 19:14:57,2025-09-20 19:15:27,30,0.01
217,L10,#72,GW252/13600,(3)待机状态,3,2025-09-20 19:14:35,2025-09-20 19:14:57,22,0.01
218,L10,#72,GW252/13600,(2)停机状态,2,2025-09-20 19:14:33,2025-09-20 19:14:35,2,0
219,L10,#72,GW252/13600,(1)停机过程,1,2025-09-20 19:14:04,2025-09-20 19:14:33,29,0.01
220,L10,#72,GW252/13600,(3)待机状态,3,2025-09-20 19:13:42,2025-09-20 19:14:04,22,0.01
221,L10,#72,GW252/13600,(2)停机状态,2,2025-09-20 19:13:41,2025-09-20 19:13:42,1,0
222,L10,#72,GW252/13600,(1)停机过程,1,2025-09-20 19:13:10,2025-09-20 19:13:41,31,0.01
223,L10,#72,GW252/13600,(3)待机状态,3,2025-09-20 19:12:48,2025-09-20 19:13:10,22,0.01
224,L10,#72,GW252/13600,(2)停机状态,2,2025-09-20 19:12:47,2025-09-20 19:12:48,1,0
225,L10,#72,GW252/13600,(1)停机过程,1,2025-09-20 19:12:17,2025-09-20 19:12:47,30,0.01
226,L10,#72,GW252/13600,(3)待机状态,3,2025-09-20 19:11:55,2025-09-20 19:12:17,22,0.01
227,L10,#72,GW252/13600,(2)停机状态,2,2025-09-20 19:11:54,2025-09-20 19:11:55,1,0
228,L10,#72,GW252/13600,(1)停机过程,1,2025-09-20 19:11:24,2025-09-20 19:11:54,30,0.01
229,L10,#72,GW252/13600,(3)待机状态,3,2025-09-20 19:11:02,2025-09-20 19:11:24,22,0.01
230,L10,#72,GW252/13600,(2)停机状态,2,2025-09-20 19:11:00,2025-09-20 19:11:02,2,0
231,L10,#72,GW252/13600,(1)停机过程,1,2025-09-20 19:10:31,2025-09-20 19:11:00,29,0.01
232,L10,#72,GW252/13600,(3)待机状态,3,2025-09-20 19:10:09,2025-09-20 19:10:31,22,0.01
233,L10,#72,GW252/13600,(2)停机状态,2,2025-09-20 19:10:07,2025-09-20 19:10:09,2,0
234,L10,#72,GW252/13600,(1)停机过程,1,2025-09-20 19:09:37,2025-09-20 19:10:07,30,0.01
235,L10,#72,GW252/13600,(3)待机状态,3,2025-09-20 19:09:15,2025-09-20 19:09:37,22,0.01
236,L10,#72,GW252/13600,(2)停机状态,2,2025-09-20 19:09:14,2025-09-20 19:09:15,1,0
237,L10,#72,GW252/13600,(1)停机过程,1,2025-09-20 19:08:45,2025-09-20 19:09:14,29,0.01
238,L10,#72,GW252/13600,(3)待机状态,3,2025-09-20 19:08:22,2025-09-20 19:08:45,23,0.01
239,L10,#72,GW252/13600,(2)停机状态,2,2025-09-20 19:08:20,2025-09-20 19:08:22,2,0
240,L10,#72,GW252/13600,(1)停机过程,1,2025-09-20 19:07:50,2025-09-20 19:08:20,30,0.01
241,L10,#72,GW252/13600,(3)待机状态,3,2025-09-20 19:07:29,2025-09-20 19:07:50,21,0.01
242,L10,#72,GW252/13600,(2)停机状态,2,2025-09-20 19:07:27,2025-09-20 19:07:29,2,0
243,L10,#72,GW252/13600,(1)停机过程,1,2025-09-20 19:06:57,2025-09-20 19:07:27,30,0.01
244,L10,#72,GW252/13600,(3)待机状态,3,2025-09-20 19:06:35,2025-09-20 19:06:57,22,0.01
245,L10,#72,GW252/13600,(2)停机状态,2,2025-09-20 19:06:33,2025-09-20 19:06:35,2,0
246,L10,#72,GW252/13600,(1)停机过程,1,2025-09-20 19:06:01,2025-09-20 19:06:33,32,0.01
247,L10,#72,GW252/13600,(3)待机状态,3,2025-09-20 18:38:16,2025-09-20 19:06:01,1665,0.46
248,L10,#72,GW252/13600,(1)停机过程,1,2025-09-20 18:37:21,2025-09-20 18:38:16,55,0.02
249,L10,#72,GW252/13600,(5)发电状态,5,2025-09-20 07:47:14,2025-09-20 18:37:21,39007,10.84
250,L10,#72,GW252/13600,(4)启机状态,4,2025-09-20 07:46:13,2025-09-20 07:47:14,61,0.02
251,L10,#72,GW252/13600,(3)待机状态,3,2025-09-20 07:36:22,2025-09-20 07:46:13,591,0.16
252,L10,#72,GW252/13600,(2)停机状态,2,2025-09-20 07:30:45,2025-09-20 07:36:22,337,0.09
253,L10,#72,GW252/13600,(1)停机过程,1,2025-09-20 07:29:48,2025-09-20 07:30:45,57,0.02
254,L10,#72,GW252/13600,(5)发电状态,5,2025-09-19 23:58:32,2025-09-20 07:29:48,27076,7.52
255,L10,#72,GW252/13600,(4)启机状态,4,2025-09-19 23:56:36,2025-09-19 23:58:32,116,0.03
256,L10,#72,GW252/13600,(3)待机状态,3,2025-09-19 23:02:41,2025-09-19 23:56:36,3235,0.9
257,L10,#72,GW252/13600,(2)停机状态,2,2025-09-19 22:59:45,2025-09-19 23:02:41,176,0.05
258,L10,#72,GW252/13600,(1)停机过程,1,2025-09-19 22:58:50,2025-09-19 22:59:45,55,0.02
259,L10,#72,GW252/13600,(5)发电状态,5,2025-09-19 21:48:17,2025-09-19 22:58:50,4233,1.18
260,L10,#72,GW252/13600,(4)启机状态,4,2025-09-19 21:46:18,2025-09-19 21:48:17,119,0.03
261,L10,#72,GW252/13600,(3)待机状态,3,2025-09-19 20:02:27,2025-09-19 21:46:18,6231,1.73
262,L10,#72,GW252/13600,(2)停机状态,2,2025-09-19 19:58:47,2025-09-19 20:02:27,220,0.06
263,L10,#72,GW252/13600,(1)停机过程,1,2025-09-19 19:57:51,2025-09-19 19:58:47,56,0.02
264,L10,#72,GW252/13600,(5)发电状态,5,2025-09-19 17:06:02,2025-09-19 19:57:51,10309,2.86
265,L10,#72,GW252/13600,(4)启机状态,4,2025-09-19 17:04:02,2025-09-19 17:06:02,120,0.03
266,L10,#72,GW252/13600,(3)待机状态,3,2025-09-19 09:50:48,2025-09-19 17:04:02,25994,7.22
267,L10,#72,GW252/13600,(2)停机状态,2,2025-09-19 09:50:47,2025-09-19 09:50:48,1,0
268,L10,#72,GW252/13600,(1)停机过程,1,2025-09-19 09:49:51,2025-09-19 09:50:47,56,0.02
269,L10,#72,GW252/13600,(5)发电状态,5,2025-09-19 07:03:33,2025-09-19 09:49:51,9978,2.77
270,L10,#72,GW252/13600,(4)启机状态,4,2025-09-19 07:01:46,2025-09-19 07:03:33,107,0.03
271,L10,#72,GW252/13600,(3)待机状态,3,2025-09-19 06:26:32,2025-09-19 07:01:46,2114,0.59
272,L10,#72,GW252/13600,(2)停机状态,2,2025-09-19 06:26:31,2025-09-19 06:26:32,1,0
273,L10,#72,GW252/13600,(1)停机过程,1,2025-09-19 06:25:35,2025-09-19 06:26:31,56,0.02
274,L10,#72,GW252/13600,(4)启机状态,4,2025-09-19 06:20:35,2025-09-19 06:25:35,300,0.08
275,L10,#72,GW252/13600,(3)待机状态,3,2025-09-19 06:16:40,2025-09-19 06:20:35,235,0.07
276,L10,#72,GW252/13600,(2)停机状态,2,2025-09-19 06:14:58,2025-09-19 06:16:40,102,0.03
277,L10,#72,GW252/13600,(1)停机过程,1,2025-09-19 06:14:03,2025-09-19 06:14:58,55,0.02
278,L10,#72,GW252/13600,(5)发电状态,5,2025-09-19 05:55:07,2025-09-19 06:14:03,1136,0.32
279,L10,#72,GW252/13600,(4)启机状态,4,2025-09-19 05:50:30,2025-09-19 05:55:07,277,0.08
280,L10,#72,GW252/13600,(3)待机状态,3,2025-09-19 05:31:52,2025-09-19 05:50:30,1118,0.31
281,L10,#72,GW252/13600,(2)停机状态,2,2025-09-19 05:31:51,2025-09-19 05:31:52,1,0
282,L10,#72,GW252/13600,(1)停机过程,1,2025-09-19 05:30:56,2025-09-19 05:31:51,55,0.02
283,L10,#72,GW252/13600,(4)启机状态,4,2025-09-19 05:25:55,2025-09-19 05:30:56,301,0.08
284,L10,#72,GW252/13600,(3)待机状态,3,2025-09-19 05:21:58,2025-09-19 05:25:55,237,0.07
285,L10,#72,GW252/13600,(2)停机状态,2,2025-09-19 05:21:56,2025-09-19 05:21:58,2,0
286,L10,#72,GW252/13600,(1)停机过程,1,2025-09-19 05:21:01,2025-09-19 05:21:56,55,0.02
287,L10,#72,GW252/13600,(5)发电状态,5,2025-09-16 18:46:51,2025-09-19 05:21:01,210850,58.57
288,L10,#72,GW252/13600,(4)启机状态,4,2025-09-16 18:45:03,2025-09-16 18:46:51,108,0.03
289,L10,#72,GW252/13600,(3)待机状态,3,2025-09-16 18:30:13,2025-09-16 18:45:03,890,0.25
290,L10,#72,GW252/13600,(2)停机状态,2,2025-09-16 18:29:13,2025-09-16 18:30:13,60,0.02
291,L10,#72,GW252/13600,(1)停机过程,1,2025-09-16 18:28:18,2025-09-16 18:29:13,55,0.02
292,L10,#72,GW252/13600,(5)发电状态,5,2025-09-16 15:01:41,2025-09-16 18:28:18,12397,3.44
293,L10,#72,GW252/13600,(4)启机状态,4,2025-09-16 15:00:43,2025-09-16 15:01:41,58,0.02
294,L10,#72,GW252/13600,(3)待机状态,3,2025-09-16 14:44:25,2025-09-16 15:00:43,978,0.27
295,L10,#72,GW252/13600,(2)停机状态,2,2025-09-16 14:42:17,2025-09-16 14:44:25,128,0.04
296,L10,#72,GW252/13600,(1)停机过程,1,2025-09-16 14:41:21,2025-09-16 14:42:17,56,0.02
297,L10,#72,GW252/13600,(5)发电状态,5,2025-09-15 16:11:47,2025-09-16 14:41:21,80974,22.49
298,L10,#72,GW252/13600,(4)启机状态,4,2025-09-15 16:09:38,2025-09-15 16:11:47,129,0.04
299,L10,#72,GW252/13600,(3)待机状态,3,2025-09-15 15:05:06,2025-09-15 16:09:38,3872,1.08
300,L10,#72,GW252/13600,(2)停机状态,2,2025-09-15 15:05:03,2025-09-15 15:05:06,3,0
301,L10,#72,GW252/13600,(1)停机过程,1,2025-09-15 15:04:53,2025-09-15 15:05:03,10,0
302,L10,#72,GW252/13600,(9)维护状态,9,2025-09-15 07:31:55,2025-09-15 15:04:53,27178,7.55
303,L10,#72,GW252/13600,(2)停机状态,2,2025-09-15 07:31:45,2025-09-15 07:31:55,10,0
304,L10,#72,GW252/13600,(1)停机过程,1,2025-09-15 07:31:15,2025-09-15 07:31:45,30,0.01
305,L10,#72,GW252/13600,(3)待机状态,3,2025-09-14 23:58:29,2025-09-15 07:31:15,27166,7.55
306,L10,#72,GW252/13600,(2)停机状态,2,2025-09-14 23:58:28,2025-09-14 23:58:29,1,0
307,L10,#72,GW252/13600,(1)停机过程,1,2025-09-14 23:57:32,2025-09-14 23:58:28,56,0.02
308,L10,#72,GW252/13600,(5)发电状态,5,2025-09-14 19:37:40,2025-09-14 23:57:32,15592,4.33
309,L10,#72,GW252/13600,(4)启机状态,4,2025-09-14 19:36:09,2025-09-14 19:37:40,91,0.03
310,L10,#72,GW252/13600,(3)待机状态,3,2025-09-14 19:35:04,2025-09-14 19:36:09,65,0.02
311,L10,#72,GW252/13600,(1)停机过程,1,2025-09-14 19:34:54,2025-09-14 19:35:04,10,0
312,L10,#72,GW252/13600,(9)维护状态,9,2025-09-14 09:14:18,2025-09-14 19:34:54,37236,10.34
313,L10,#72,GW252/13600,(1)停机过程,1,2025-09-14 09:13:24,2025-09-14 09:14:18,54,0.02
314,L10,#72,GW252/13600,(5)发电状态,5,2025-09-14 08:01:20,2025-09-14 09:13:24,4324,1.2
315,L10,#72,GW252/13600,(4)启机状态,4,2025-09-14 07:58:48,2025-09-14 08:01:20,152,0.04
316,L10,#72,GW252/13600,(3)待机状态,3,2025-09-14 05:28:42,2025-09-14 07:58:48,9006,2.5
317,L10,#72,GW252/13600,(2)停机状态,2,2025-09-14 05:27:08,2025-09-14 05:28:42,94,0.03
318,L10,#72,GW252/13600,(1)停机过程,1,2025-09-14 05:26:13,2025-09-14 05:27:08,55,0.02
319,L10,#72,GW252/13600,(5)发电状态,5,2025-09-13 16:08:46,2025-09-14 05:26:13,47847,13.29
320,L10,#72,GW252/13600,(4)启机状态,4,2025-09-13 16:06:46,2025-09-13 16:08:46,120,0.03
321,L10,#72,GW252/13600,(3)待机状态,3,2025-09-13 15:48:17,2025-09-13 16:06:46,1109,0.31
322,L10,#72,GW252/13600,(2)停机状态,2,2025-09-13 15:11:32,2025-09-13 15:48:17,2205,0.61
323,L10,#72,GW252/13600,(1)停机过程,1,2025-09-13 15:10:35,2025-09-13 15:11:32,57,0.02
324,L10,#72,GW252/13600,(5)发电状态,5,2025-09-13 04:36:02,2025-09-13 15:10:35,38073,10.58
325,L10,#72,GW252/13600,(4)启机状态,4,2025-09-13 04:34:15,2025-09-13 04:36:02,107,0.03
326,L10,#72,GW252/13600,(3)待机状态,3,2025-09-13 04:18:57,2025-09-13 04:34:15,918,0.26
327,L10,#72,GW252/13600,(2)停机状态,2,2025-09-13 04:18:55,2025-09-13 04:18:57,2,0
328,L10,#72,GW252/13600,(1)停机过程,1,2025-09-13 04:17:59,2025-09-13 04:18:55,56,0.02
329,L10,#72,GW252/13600,(4)启机状态,4,2025-09-13 04:12:59,2025-09-13 04:17:59,300,0.08
330,L10,#72,GW252/13600,(3)待机状态,3,2025-09-13 03:17:18,2025-09-13 04:12:59,3341,0.93
331,L10,#72,GW252/13600,(2)停机状态,2,2025-09-13 03:17:17,2025-09-13 03:17:18,1,0
332,L10,#72,GW252/13600,(1)停机过程,1,2025-09-13 03:16:21,2025-09-13 03:17:17,56,0.02
333,L10,#72,GW252/13600,(5)发电状态,5,2025-09-12 21:26:48,2025-09-13 03:16:21,20973,5.83
334,L10,#72,GW252/13600,(4)启机状态,4,2025-09-12 21:25:04,2025-09-12 21:26:48,104,0.03
335,L10,#72,GW252/13600,(3)待机状态,3,2025-09-12 21:23:18,2025-09-12 21:25:04,106,0.03
336,L10,#72,GW252/13600,(2)停机状态,2,2025-09-12 21:23:15,2025-09-12 21:23:18,3,0
337,L10,#72,GW252/13600,(1)停机过程,1,2025-09-12 21:23:06,2025-09-12 21:23:15,9,0
338,L10,#72,GW252/13600,(9)维护状态,9,2025-09-12 21:20:48,2025-09-12 21:23:06,138,0.04
339,L10,#72,GW252/13600,(2)停机状态,2,2025-09-12 21:05:59,2025-09-12 21:20:48,889,0.25
340,L10,#72,GW252/13600,(1)停机过程,1,2025-09-12 21:05:09,2025-09-12 21:05:59,50,0.01
341,L10,#72,GW252/13600,(5)发电状态,5,2025-09-12 17:19:44,2025-09-12 21:05:09,13525,3.76
342,L10,#72,GW252/13600,(4)启机状态,4,2025-09-12 17:18:00,2025-09-12 17:19:44,104,0.03
343,L10,#72,GW252/13600,(3)待机状态,3,2025-09-12 17:10:03,2025-09-12 17:18:00,477,0.13
344,L10,#72,GW252/13600,(2)停机状态,2,2025-09-12 17:09:30,2025-09-12 17:10:03,33,0.01
345,L10,#72,GW252/13600,(1)停机过程,1,2025-09-12 17:08:33,2025-09-12 17:09:30,57,0.02
346,L10,#72,GW252/13600,(5)发电状态,5,2025-09-12 16:12:49,2025-09-12 17:08:33,3344,0.93
347,L10,#72,GW252/13600,(4)启机状态,4,2025-09-12 16:10:56,2025-09-12 16:12:49,113,0.03
348,L10,#72,GW252/13600,(3)待机状态,3,2025-09-12 05:03:11,2025-09-12 16:10:56,40065,11.13
349,L10,#72,GW252/13600,(2)停机状态,2,2025-09-12 04:58:25,2025-09-12 05:03:11,286,0.08
350,L10,#72,GW252/13600,(1)停机过程,1,2025-09-12 04:57:29,2025-09-12 04:58:25,56,0.02
351,L10,#72,GW252/13600,(5)发电状态,5,2025-09-12 03:51:28,2025-09-12 04:57:29,3961,1.1
352,L10,#72,GW252/13600,(4)启机状态,4,2025-09-12 03:48:49,2025-09-12 03:51:28,159,0.04
353,L10,#72,GW252/13600,(3)待机状态,3,2025-09-12 03:22:25,2025-09-12 03:48:49,1584,0.44
354,L10,#72,GW252/13600,(2)停机状态,2,2025-09-12 03:21:43,2025-09-12 03:22:25,42,0.01
355,L10,#72,GW252/13600,(1)停机过程,1,2025-09-12 03:20:48,2025-09-12 03:21:43,55,0.02
356,L10,#72,GW252/13600,(5)发电状态,5,2025-09-11 14:54:37,2025-09-12 03:20:48,44771,12.44
357,L10,#72,GW252/13600,(4)启机状态,4,2025-09-11 14:52:47,2025-09-11 14:54:37,110,0.03
358,L10,#72,GW252/13600,(3)待机状态,3,2025-09-11 08:43:53,2025-09-11 14:52:47,22134,6.15
359,L10,#72,GW252/13600,(2)停机状态,2,2025-09-11 08:42:44,2025-09-11 08:43:53,69,0.02
360,L10,#72,GW252/13600,(1)停机过程,1,2025-09-11 08:41:48,2025-09-11 08:42:44,56,0.02
361,L10,#72,GW252/13600,(5)发电状态,5,2025-09-11 08:20:18,2025-09-11 08:41:48,1290,0.36
362,L10,#72,GW252/13600,(4)启机状态,4,2025-09-11 08:17:46,2025-09-11 08:20:18,152,0.04
363,L10,#72,GW252/13600,(3)待机状态,3,2025-09-11 06:55:08,2025-09-11 08:17:46,4958,1.38
364,L10,#72,GW252/13600,(2)停机状态,2,2025-09-11 06:49:30,2025-09-11 06:55:08,338,0.09
365,L10,#72,GW252/13600,(1)停机过程,1,2025-09-11 06:48:34,2025-09-11 06:49:30,56,0.02
366,L10,#72,GW252/13600,(5)发电状态,5,2025-09-11 06:33:06,2025-09-11 06:48:34,928,0.26
367,L10,#72,GW252/13600,(4)启机状态,4,2025-09-11 06:32:10,2025-09-11 06:33:06,56,0.02
368,L10,#72,GW252/13600,(3)待机状态,3,2025-09-11 03:34:59,2025-09-11 06:32:10,10631,2.95
369,L10,#72,GW252/13600,(2)停机状态,2,2025-09-11 03:30:39,2025-09-11 03:34:59,260,0.07
370,L10,#72,GW252/13600,(1)停机过程,1,2025-09-11 03:29:44,2025-09-11 03:30:39,55,0.02
371,L10,#72,GW252/13600,(5)发电状态,5,2025-09-11 02:03:49,2025-09-11 03:29:44,5155,1.43
372,L10,#72,GW252/13600,(4)启机状态,4,2025-09-11 02:01:13,2025-09-11 02:03:49,156,0.04
373,L10,#72,GW252/13600,(3)待机状态,3,2025-09-10 20:29:07,2025-09-11 02:01:13,19926,5.54
374,L10,#72,GW252/13600,(2)停机状态,2,2025-09-10 20:29:06,2025-09-10 20:29:07,1,0
375,L10,#72,GW252/13600,(1)停机过程,1,2025-09-10 20:28:10,2025-09-10 20:29:06,56,0.02
376,L10,#72,GW252/13600,(5)发电状态,5,2025-09-10 19:01:36,2025-09-10 20:28:10,5194,1.44
377,L10,#72,GW252/13600,(4)启机状态,4,2025-09-10 18:58:15,2025-09-10 19:01:36,201,0.06
378,L10,#72,GW252/13600,(3)待机状态,3,2025-09-10 18:49:50,2025-09-10 18:58:15,505,0.14
379,L10,#72,GW252/13600,(2)停机状态,2,2025-09-10 18:49:43,2025-09-10 18:49:50,7,0
380,L10,#72,GW252/13600,(1)停机过程,1,2025-09-10 18:48:49,2025-09-10 18:49:43,54,0.02
381,L10,#72,GW252/13600,(5)发电状态,5,2025-09-10 18:44:53,2025-09-10 18:48:49,236,0.07
382,L10,#72,GW252/13600,(4)启机状态,4,2025-09-10 18:43:16,2025-09-10 18:44:53,97,0.03
383,L10,#72,GW252/13600,(3)待机状态,3,2025-09-10 18:41:22,2025-09-10 18:43:16,114,0.03
384,L10,#72,GW252/13600,(2)停机状态,2,2025-09-10 18:38:17,2025-09-10 18:41:22,185,0.05
385,L10,#72,GW252/13600,(1)停机过程,1,2025-09-10 18:37:21,2025-09-10 18:38:17,56,0.02
386,L10,#72,GW252/13600,(5)发电状态,5,2025-09-10 11:27:14,2025-09-10 18:37:21,25807,7.17
387,L10,#72,GW252/13600,(4)启机状态,4,2025-09-10 11:26:19,2025-09-10 11:27:14,55,0.02
388,L10,#72,GW252/13600,(3)待机状态,3,2025-09-10 11:25:36,2025-09-10 11:26:19,43,0.01
389,L10,#72,GW252/13600,(1)停机过程,1,2025-09-10 11:24:47,2025-09-10 11:25:36,49,0.01
390,L10,#72,GW252/13600,(5)发电状态,5,2025-09-07 05:50:55,2025-09-10 11:24:47,279232,77.56
391,L10,#72,GW252/13600,(4)启机状态,4,2025-09-07 05:49:48,2025-09-07 05:50:55,67,0.02
392,L10,#72,GW252/13600,(3)待机状态,3,2025-09-07 05:49:00,2025-09-07 05:49:48,48,0.01
393,L10,#72,GW252/13600,(2)停机状态,2,2025-09-07 05:48:59,2025-09-07 05:49:00,1,0
394,L10,#72,GW252/13600,(1)停机过程,1,2025-09-07 05:48:07,2025-09-07 05:48:59,52,0.01
395,L10,#72,GW252/13600,(5)发电状态,5,2025-09-07 04:13:30,2025-09-07 05:48:07,5677,1.58
396,L10,#72,GW252/13600,(4)启机状态,4,2025-09-07 04:11:09,2025-09-07 04:13:30,141,0.04
397,L10,#72,GW252/13600,(3)待机状态,3,2025-09-06 08:31:33,2025-09-07 04:11:09,70776,19.66
398,L10,#72,GW252/13600,(2)停机状态,2,2025-09-06 08:25:57,2025-09-06 08:31:33,336,0.09
399,L10,#72,GW252/13600,(1)停机过程,1,2025-09-06 08:25:02,2025-09-06 08:25:57,55,0.02
400,L10,#72,GW252/13600,(5)发电状态,5,2025-09-06 07:43:01,2025-09-06 08:25:02,2521,0.7
401,L10,#72,GW252/13600,(4)启机状态,4,2025-09-06 07:41:11,2025-09-06 07:43:01,110,0.03
402,L10,#72,GW252/13600,(3)待机状态,3,2025-09-06 03:07:03,2025-09-06 07:41:11,16448,4.57
403,L10,#72,GW252/13600,(2)停机状态,2,2025-09-06 03:06:01,2025-09-06 03:07:03,62,0.02
404,L10,#72,GW252/13600,(1)停机过程,1,2025-09-06 03:05:06,2025-09-06 03:06:01,55,0.02
405,L10,#72,GW252/13600,(5)发电状态,5,2025-09-06 00:56:10,2025-09-06 03:05:06,7736,2.15
406,L10,#72,GW252/13600,(4)启机状态,4,2025-09-06 00:54:00,2025-09-06 00:56:10,130,0.04
407,L10,#72,GW252/13600,(3)待机状态,3,2025-09-06 00:43:12,2025-09-06 00:54:00,648,0.18
408,L10,#72,GW252/13600,(2)停机状态,2,2025-09-06 00:06:14,2025-09-06 00:43:12,2218,0.62
409,L10,#72,GW252/13600,(1)停机过程,1,2025-09-06 00:05:18,2025-09-06 00:06:14,56,0.02
410,L10,#72,GW252/13600,(5)发电状态,5,2025-09-05 17:30:34,2025-09-06 00:05:18,23684,6.58
411,L10,#72,GW252/13600,(4)启机状态,4,2025-09-05 17:28:55,2025-09-05 17:30:34,99,0.03
412,L10,#72,GW252/13600,(3)待机状态,3,2025-09-05 03:48:09,2025-09-05 17:28:55,49246,13.68
413,L10,#72,GW252/13600,(2)停机状态,2,2025-09-05 03:10:59,2025-09-05 03:48:09,2230,0.62
414,L10,#72,GW252/13600,(1)停机过程,1,2025-09-05 03:10:04,2025-09-05 03:10:59,55,0.02
415,L10,#72,GW252/13600,(5)发电状态,5,2025-09-04 20:07:32,2025-09-05 03:10:04,25352,7.04
416,L10,#72,GW252/13600,(2)停机状态,2,2025-09-04 19:59:53,2025-09-04 20:07:32,459,0.13
417,L10,#72,GW252/13600,(1)停机过程,1,2025-09-04 19:59:42,2025-09-04 19:59:53,11,0
418,L10,#72,GW252/13600,(9)维护状态,9,2025-09-04 10:05:24,2025-09-04 19:59:42,35658,9.91
419,L10,#72,GW252/13600,(2)停机状态,2,2025-08-31 18:58:17,2025-09-04 10:05:24,313627,87.12
420,L10,#72,GW252/13600,(1)停机过程,1,2025-08-31 18:58:07,2025-08-31 18:58:17,10,0
421,L10,#72,GW252/13600,(9)维护状态,9,2025-08-31 18:57:07,2025-08-31 18:58:07,60,0.02
422,L10,#72,GW252/13600,(2)停机状态,2,2025-08-29 09:00:24,2025-08-31 18:57:07,208603,57.95
423,L10,#72,GW252/13600,(1)停机过程,1,2025-08-29 09:00:15,2025-08-29 09:00:24,9,0
424,L10,#72,GW252/13600,(9)维护状态,9,2025-08-28 03:12:41,2025-08-29 09:00:15,107254,29.79
425,L10,#72,GW252/13600,(2)停机状态,2,2025-08-28 03:06:10,2025-08-28 03:12:41,391,0.11
426,L10,#72,GW252/13600,(1)停机过程,1,2025-08-28 03:06:06,2025-08-28 03:06:10,4,0
427,L10,#72,GW252/13600,(9)维护状态,9,2025-08-28 03:02:30,2025-08-28 03:06:06,216,0.06
428,L10,#72,GW252/13600,(2)停机状态,2,2025-08-28 02:58:18,2025-08-28 03:02:30,252,0.07
429,L10,#72,GW252/13600,(1)停机过程,1,2025-08-28 02:58:08,2025-08-28 02:58:18,10,0
430,L10,#72,GW252/13600,(9)维护状态,9,2025-08-28 02:29:53,2025-08-28 02:58:08,1695,0.47
431,L10,#72,GW252/13600,(2)停机状态,2,2025-08-28 02:25:57,2025-08-28 02:29:53,236,0.07
432,L10,#72,GW252/13600,(1)停机过程,1,2025-08-28 02:25:45,2025-08-28 02:25:57,12,0
433,L10,#72,GW252/13600,(3)待机状态,3,2025-08-28 02:25:40,2025-08-28 02:25:45,5,0
434,L10,#72,GW252/13600,(2)停机状态,2,2025-08-28 02:25:37,2025-08-28 02:25:40,3,0
435,L10,#72,GW252/13600,(1)停机过程,1,2025-08-28 02:25:10,2025-08-28 02:25:37,27,0.01
436,L10,#72,GW252/13600,(3)待机状态,3,2025-08-28 02:24:51,2025-08-28 02:25:10,19,0.01
437,L10,#72,GW252/13600,(2)停机状态,2,2025-08-28 02:24:50,2025-08-28 02:24:51,1,0
438,L10,#72,GW252/13600,(1)停机过程,1,2025-08-28 02:23:49,2025-08-28 02:24:50,61,0.02
439,L10,#72,GW252/13600,(5)发电状态,5,2025-08-27 20:04:33,2025-08-28 02:23:49,22756,6.32
440,L10,#72,GW252/13600,(4)启机状态,4,2025-08-27 20:02:07,2025-08-27 20:04:33,146,0.04
441,L10,#72,GW252/13600,(3)待机状态,3,2025-08-27 20:01:03,2025-08-27 20:02:07,64,0.02
442,L10,#72,GW252/13600,(2)停机状态,2,2025-08-27 20:01:02,2025-08-27 20:01:03,1,0
443,L10,#72,GW252/13600,(1)停机过程,1,2025-08-27 20:00:31,2025-08-27 20:01:02,31,0.01
444,L10,#72,GW252/13600,(4)启机状态,4,2025-08-27 19:55:29,2025-08-27 20:00:31,302,0.08
445,L10,#72,GW252/13600,(3)待机状态,3,2025-08-27 19:54:20,2025-08-27 19:55:29,69,0.02
446,L10,#72,GW252/13600,(1)停机过程,1,2025-08-27 19:53:48,2025-08-27 19:54:20,32,0.01
447,L10,#72,GW252/13600,(4)启机状态,4,2025-08-27 19:48:47,2025-08-27 19:53:48,301,0.08
448,L10,#72,GW252/13600,(3)待机状态,3,2025-08-27 19:47:32,2025-08-27 19:48:47,75,0.02
449,L10,#72,GW252/13600,(2)停机状态,2,2025-08-27 19:47:30,2025-08-27 19:47:32,2,0
450,L10,#72,GW252/13600,(1)停机过程,1,2025-08-27 19:47:00,2025-08-27 19:47:30,30,0.01
451,L10,#72,GW252/13600,(4)启机状态,4,2025-08-27 19:42:00,2025-08-27 19:47:00,300,0.08
452,L10,#72,GW252/13600,(3)待机状态,3,2025-08-27 19:40:54,2025-08-27 19:42:00,66,0.02
453,L10,#72,GW252/13600,(2)停机状态,2,2025-08-27 19:40:53,2025-08-27 19:40:54,1,0
454,L10,#72,GW252/13600,(1)停机过程,1,2025-08-27 19:40:20,2025-08-27 19:40:53,33,0.01
455,L10,#72,GW252/13600,(4)启机状态,4,2025-08-27 19:35:20,2025-08-27 19:40:20,300,0.08
456,L10,#72,GW252/13600,(3)待机状态,3,2025-08-27 19:34:15,2025-08-27 19:35:20,65,0.02
457,L10,#72,GW252/13600,(2)停机状态,2,2025-08-27 19:34:13,2025-08-27 19:34:15,2,0
458,L10,#72,GW252/13600,(1)停机过程,1,2025-08-27 19:33:42,2025-08-27 19:34:13,31,0.01
459,L10,#72,GW252/13600,(4)启机状态,4,2025-08-27 19:28:42,2025-08-27 19:33:42,300,0.08
460,L10,#72,GW252/13600,(3)待机状态,3,2025-08-27 19:27:09,2025-08-27 19:28:42,93,0.03
461,L10,#72,GW252/13600,(2)停机状态,2,2025-08-27 19:25:20,2025-08-27 19:27:09,109,0.03
462,L10,#72,GW252/13600,(1)停机过程,1,2025-08-27 19:24:48,2025-08-27 19:25:20,32,0.01
463,L10,#72,GW252/13600,(4)启机状态,4,2025-08-27 19:19:46,2025-08-27 19:24:48,302,0.08
464,L10,#72,GW252/13600,(3)待机状态,3,2025-08-27 19:04:05,2025-08-27 19:19:46,941,0.26
465,L10,#72,GW252/13600,(2)停机状态,2,2025-08-27 18:51:36,2025-08-27 19:04:05,749,0.21
466,L10,#72,GW252/13600,(1)停机过程,1,2025-08-27 18:51:05,2025-08-27 18:51:36,31,0.01
467,L10,#72,GW252/13600,(3)待机状态,3,2025-08-27 13:24:00,2025-08-27 18:51:05,19625,5.45
468,L10,#72,GW252/13600,(1)停机过程,1,2025-08-27 13:23:27,2025-08-27 13:24:00,33,0.01
469,L10,#72,GW252/13600,(4)启机状态,4,2025-08-27 13:18:28,2025-08-27 13:23:27,299,0.08
470,L10,#72,GW252/13600,(3)待机状态,3,2025-08-27 13:17:14,2025-08-27 13:18:28,74,0.02
471,L10,#72,GW252/13600,(2)停机状态,2,2025-08-27 13:17:12,2025-08-27 13:17:14,2,0
472,L10,#72,GW252/13600,(1)停机过程,1,2025-08-27 13:16:42,2025-08-27 13:17:12,30,0.01
473,L10,#72,GW252/13600,(4)启机状态,4,2025-08-27 13:11:40,2025-08-27 13:16:42,302,0.08
474,L10,#72,GW252/13600,(3)待机状态,3,2025-08-27 13:08:01,2025-08-27 13:11:40,219,0.06
475,L10,#72,GW252/13600,(2)停机状态,2,2025-08-27 13:08:00,2025-08-27 13:08:01,1,0
476,L10,#72,GW252/13600,(1)停机过程,1,2025-08-27 13:07:28,2025-08-27 13:08:00,32,0.01
477,L10,#72,GW252/13600,(4)启机状态,4,2025-08-27 13:02:28,2025-08-27 13:07:28,300,0.08
478,L10,#72,GW252/13600,(3)待机状态,3,2025-08-27 12:50:05,2025-08-27 13:02:28,743,0.21
479,L10,#72,GW252/13600,(2)停机状态,2,2025-08-27 12:46:34,2025-08-27 12:50:05,211,0.06
480,L10,#72,GW252/13600,(1)停机过程,1,2025-08-27 12:46:02,2025-08-27 12:46:34,32,0.01
481,L10,#72,GW252/13600,(4)启机状态,4,2025-08-27 12:41:03,2025-08-27 12:46:02,299,0.08
482,L10,#72,GW252/13600,(3)待机状态,3,2025-08-27 12:39:35,2025-08-27 12:41:03,88,0.02
483,L10,#72,GW252/13600,(2)停机状态,2,2025-08-27 12:39:34,2025-08-27 12:39:35,1,0
484,L10,#72,GW252/13600,(1)停机过程,1,2025-08-27 12:39:03,2025-08-27 12:39:34,31,0.01
485,L10,#72,GW252/13600,(4)启机状态,4,2025-08-27 12:34:03,2025-08-27 12:39:03,300,0.08
486,L10,#72,GW252/13600,(3)待机状态,3,2025-08-27 12:32:35,2025-08-27 12:34:03,88,0.02
487,L10,#72,GW252/13600,(2)停机状态,2,2025-08-27 12:32:34,2025-08-27 12:32:35,1,0
488,L10,#72,GW252/13600,(1)停机过程,1,2025-08-27 12:32:03,2025-08-27 12:32:34,31,0.01
489,L10,#72,GW252/13600,(4)启机状态,4,2025-08-27 12:27:02,2025-08-27 12:32:03,301,0.08
490,L10,#72,GW252/13600,(3)待机状态,3,2025-08-27 12:25:26,2025-08-27 12:27:02,96,0.03
491,L10,#72,GW252/13600,(2)停机状态,2,2025-08-27 12:25:25,2025-08-27 12:25:26,1,0
492,L10,#72,GW252/13600,(1)停机过程,1,2025-08-27 12:24:53,2025-08-27 12:25:25,32,0.01
493,L10,#72,GW252/13600,(4)启机状态,4,2025-08-27 12:19:53,2025-08-27 12:24:53,300,0.08
494,L10,#72,GW252/13600,(3)待机状态,3,2025-08-27 12:18:45,2025-08-27 12:19:53,68,0.02
495,L10,#72,GW252/13600,(1)停机过程,1,2025-08-27 12:18:14,2025-08-27 12:18:45,31,0.01
496,L10,#72,GW252/13600,(4)启机状态,4,2025-08-27 12:13:13,2025-08-27 12:18:14,301,0.08
497,L10,#72,GW252/13600,(3)待机状态,3,2025-08-27 12:11:51,2025-08-27 12:13:13,82,0.02
498,L10,#72,GW252/13600,(2)停机状态,2,2025-08-27 12:11:50,2025-08-27 12:11:51,1,0
499,L10,#72,GW252/13600,(1)停机过程,1,2025-08-27 12:11:18,2025-08-27 12:11:50,32,0.01
500,L10,#72,GW252/13600,(4)启机状态,4,2025-08-27 12:06:18,2025-08-27 12:11:18,300,0.08
501,L10,#72,GW252/13600,(3)待机状态,3,2025-08-27 12:05:13,2025-08-27 12:06:18,65,0.02
502,L10,#72,GW252/13600,(2)停机状态,2,2025-08-27 12:05:12,2025-08-27 12:05:13,1,0
503,L10,#72,GW252/13600,(1)停机过程,1,2025-08-27 12:04:18,2025-08-27 12:05:12,54,0.02
504,L10,#72,GW252/13600,(4)启机状态,4,2025-08-27 11:59:18,2025-08-27 12:04:18,300,0.08
505,L10,#72,GW252/13600,(3)待机状态,3,2025-08-27 11:58:17,2025-08-27 11:59:18,61,0.02
506,L10,#72,GW252/13600,(2)停机状态,2,2025-08-27 11:58:16,2025-08-27 11:58:17,1,0
507,L10,#72,GW252/13600,(1)停机过程,1,2025-08-27 11:57:44,2025-08-27 11:58:16,32,0.01
508,L10,#72,GW252/13600,(4)启机状态,4,2025-08-27 11:52:45,2025-08-27 11:57:44,299,0.08
509,L10,#72,GW252/13600,(3)待机状态,3,2025-08-27 11:49:24,2025-08-27 11:52:45,201,0.06
510,L10,#72,GW252/13600,(2)停机状态,2,2025-08-27 11:49:22,2025-08-27 11:49:24,2,0
511,L10,#72,GW252/13600,(1)停机过程,1,2025-08-27 11:48:50,2025-08-27 11:49:22,32,0.01
512,L10,#72,GW252/13600,(4)启机状态,4,2025-08-27 11:43:50,2025-08-27 11:48:50,300,0.08
513,L10,#72,GW252/13600,(3)待机状态,3,2025-08-27 11:37:55,2025-08-27 11:43:50,355,0.1
514,L10,#72,GW252/13600,(2)停机状态,2,2025-08-27 11:37:54,2025-08-27 11:37:55,1,0
515,L10,#72,GW252/13600,(1)停机过程,1,2025-08-27 11:37:23,2025-08-27 11:37:54,31,0.01
516,L10,#72,GW252/13600,(4)启机状态,4,2025-08-27 11:32:23,2025-08-27 11:37:23,300,0.08
517,L10,#72,GW252/13600,(3)待机状态,3,2025-08-27 11:29:06,2025-08-27 11:32:23,197,0.05
518,L10,#72,GW252/13600,(2)停机状态,2,2025-08-27 10:52:22,2025-08-27 11:29:06,2204,0.61
519,L10,#72,GW252/13600,(1)停机过程,1,2025-08-27 10:51:27,2025-08-27 10:52:22,55,0.02
520,L10,#72,GW252/13600,(4)启机状态,4,2025-08-27 10:46:28,2025-08-27 10:51:27,299,0.08
521,L10,#72,GW252/13600,(3)待机状态,3,2025-08-27 10:45:25,2025-08-27 10:46:28,63,0.02
522,L10,#72,GW252/13600,(2)停机状态,2,2025-08-27 10:45:23,2025-08-27 10:45:25,2,0
523,L10,#72,GW252/13600,(1)停机过程,1,2025-08-27 10:44:53,2025-08-27 10:45:23,30,0.01
524,L10,#72,GW252/13600,(4)启机状态,4,2025-08-27 10:39:52,2025-08-27 10:44:53,301,0.08
525,L10,#72,GW252/13600,(3)待机状态,3,2025-08-27 10:38:35,2025-08-27 10:39:52,77,0.02
526,L10,#72,GW252/13600,(2)停机状态,2,2025-08-27 10:38:33,2025-08-27 10:38:35,2,0
527,L10,#72,GW252/13600,(1)停机过程,1,2025-08-27 10:38:02,2025-08-27 10:38:33,31,0.01
528,L10,#72,GW252/13600,(4)启机状态,4,2025-08-27 10:33:02,2025-08-27 10:38:02,300,0.08
529,L10,#72,GW252/13600,(3)待机状态,3,2025-08-27 10:31:50,2025-08-27 10:33:02,72,0.02
530,L10,#72,GW252/13600,(2)停机状态,2,2025-08-27 10:31:48,2025-08-27 10:31:50,2,0
531,L10,#72,GW252/13600,(1)停机过程,1,2025-08-27 10:31:15,2025-08-27 10:31:48,33,0.01
532,L10,#72,GW252/13600,(4)启机状态,4,2025-08-27 10:26:14,2025-08-27 10:31:15,301,0.08
533,L10,#72,GW252/13600,(3)待机状态,3,2025-08-27 10:24:55,2025-08-27 10:26:14,79,0.02
534,L10,#72,GW252/13600,(1)停机过程,1,2025-08-27 10:24:24,2025-08-27 10:24:55,31,0.01
535,L10,#72,GW252/13600,(4)启机状态,4,2025-08-27 10:19:25,2025-08-27 10:24:24,299,0.08
536,L10,#72,GW252/13600,(3)待机状态,3,2025-08-27 10:17:56,2025-08-27 10:19:25,89,0.02
537,L10,#72,GW252/13600,(2)停机状态,2,2025-08-27 10:17:55,2025-08-27 10:17:56,1,0
538,L10,#72,GW252/13600,(1)停机过程,1,2025-08-27 10:17:24,2025-08-27 10:17:55,31,0.01
539,L10,#72,GW252/13600,(4)启机状态,4,2025-08-27 10:12:24,2025-08-27 10:17:24,300,0.08
540,L10,#72,GW252/13600,(3)待机状态,3,2025-08-27 10:11:16,2025-08-27 10:12:24,68,0.02
541,L10,#72,GW252/13600,(2)停机状态,2,2025-08-27 10:11:15,2025-08-27 10:11:16,1,0
542,L10,#72,GW252/13600,(1)停机过程,1,2025-08-27 10:10:42,2025-08-27 10:11:15,33,0.01
543,L10,#72,GW252/13600,(4)启机状态,4,2025-08-27 10:05:42,2025-08-27 10:10:42,300,0.08
544,L10,#72,GW252/13600,(3)待机状态,3,2025-08-27 09:57:54,2025-08-27 10:05:42,468,0.13
545,L10,#72,GW252/13600,(2)停机状态,2,2025-08-27 09:57:53,2025-08-27 09:57:54,1,0
546,L10,#72,GW252/13600,(1)停机过程,1,2025-08-27 09:57:20,2025-08-27 09:57:53,33,0.01
547,L10,#72,GW252/13600,(4)启机状态,4,2025-08-27 09:52:20,2025-08-27 09:57:20,300,0.08
548,L10,#72,GW252/13600,(3)待机状态,3,2025-08-27 09:50:31,2025-08-27 09:52:20,109,0.03
549,L10,#72,GW252/13600,(2)停机状态,2,2025-08-27 09:50:30,2025-08-27 09:50:31,1,0
550,L10,#72,GW252/13600,(1)停机过程,1,2025-08-27 09:49:57,2025-08-27 09:50:30,33,0.01
551,L10,#72,GW252/13600,(4)启机状态,4,2025-08-27 09:44:57,2025-08-27 09:49:57,300,0.08
552,L10,#72,GW252/13600,(3)待机状态,3,2025-08-27 09:43:48,2025-08-27 09:44:57,69,0.02
553,L10,#72,GW252/13600,(2)停机状态,2,2025-08-27 09:43:47,2025-08-27 09:43:48,1,0
554,L10,#72,GW252/13600,(1)停机过程,1,2025-08-27 09:43:17,2025-08-27 09:43:47,30,0.01
555,L10,#72,GW252/13600,(4)启机状态,4,2025-08-27 09:38:17,2025-08-27 09:43:17,300,0.08
556,L10,#72,GW252/13600,(3)待机状态,3,2025-08-27 09:37:06,2025-08-27 09:38:17,71,0.02
557,L10,#72,GW252/13600,(2)停机状态,2,2025-08-27 09:37:04,2025-08-27 09:37:06,2,0
558,L10,#72,GW252/13600,(1)停机过程,1,2025-08-27 09:36:31,2025-08-27 09:37:04,33,0.01
559,L10,#72,GW252/13600,(4)启机状态,4,2025-08-27 09:31:32,2025-08-27 09:36:31,299,0.08
560,L10,#72,GW252/13600,(3)待机状态,3,2025-08-27 09:28:54,2025-08-27 09:31:32,158,0.04
561,L10,#72,GW252/13600,(1)停机过程,1,2025-08-27 09:28:21,2025-08-27 09:28:54,33,0.01
562,L10,#72,GW252/13600,(4)启机状态,4,2025-08-27 09:23:21,2025-08-27 09:28:21,300,0.08
563,L10,#72,GW252/13600,(3)待机状态,3,2025-08-27 09:22:15,2025-08-27 09:23:21,66,0.02
564,L10,#72,GW252/13600,(2)停机状态,2,2025-08-27 09:22:13,2025-08-27 09:22:15,2,0
565,L10,#72,GW252/13600,(1)停机过程,1,2025-08-27 09:21:43,2025-08-27 09:22:13,30,0.01
566,L10,#72,GW252/13600,(4)启机状态,4,2025-08-27 09:16:43,2025-08-27 09:21:43,300,0.08
567,L10,#72,GW252/13600,(3)待机状态,3,2025-08-27 09:15:23,2025-08-27 09:16:43,80,0.02
568,L10,#72,GW252/13600,(2)停机状态,2,2025-08-27 09:15:22,2025-08-27 09:15:23,1,0
569,L10,#72,GW252/13600,(1)停机过程,1,2025-08-27 09:14:50,2025-08-27 09:15:22,32,0.01
570,L10,#72,GW252/13600,(4)启机状态,4,2025-08-27 09:09:51,2025-08-27 09:14:50,299,0.08
571,L10,#72,GW252/13600,(3)待机状态,3,2025-08-27 09:08:36,2025-08-27 09:09:51,75,0.02
572,L10,#72,GW252/13600,(2)停机状态,2,2025-08-27 09:08:35,2025-08-27 09:08:36,1,0
573,L10,#72,GW252/13600,(1)停机过程,1,2025-08-27 09:08:03,2025-08-27 09:08:35,32,0.01
574,L10,#72,GW252/13600,(4)启机状态,4,2025-08-27 09:03:03,2025-08-27 09:08:03,300,0.08
575,L10,#72,GW252/13600,(3)待机状态,3,2025-08-27 09:01:41,2025-08-27 09:03:03,82,0.02
576,L10,#72,GW252/13600,(2)停机状态,2,2025-08-27 09:01:39,2025-08-27 09:01:41,2,0
577,L10,#72,GW252/13600,(1)停机过程,1,2025-08-27 09:01:09,2025-08-27 09:01:39,30,0.01
578,L10,#72,GW252/13600,(4)启机状态,4,2025-08-27 08:56:09,2025-08-27 09:01:09,300,0.08
579,L10,#72,GW252/13600,(3)待机状态,3,2025-08-27 08:54:42,2025-08-27 08:56:09,87,0.02
580,L10,#72,GW252/13600,(2)停机状态,2,2025-08-27 08:54:41,2025-08-27 08:54:42,1,0
581,L10,#72,GW252/13600,(1)停机过程,1,2025-08-27 08:54:10,2025-08-27 08:54:41,31,0.01
582,L10,#72,GW252/13600,(4)启机状态,4,2025-08-27 08:49:10,2025-08-27 08:54:10,300,0.08
583,L10,#72,GW252/13600,(3)待机状态,3,2025-08-27 08:47:59,2025-08-27 08:49:10,71,0.02
584,L10,#72,GW252/13600,(2)停机状态,2,2025-08-27 08:11:16,2025-08-27 08:47:59,2203,0.61
585,L10,#72,GW252/13600,(1)停机过程,1,2025-08-27 08:10:44,2025-08-27 08:11:16,32,0.01
586,L10,#72,GW252/13600,(4)启机状态,4,2025-08-27 08:05:44,2025-08-27 08:10:44,300,0.08
587,L10,#72,GW252/13600,(3)待机状态,3,2025-08-27 03:47:50,2025-08-27 08:05:44,15474,4.3
588,L10,#72,GW252/13600,(2)停机状态,2,2025-08-27 03:11:06,2025-08-27 03:47:50,2204,0.61
589,L10,#72,GW252/13600,(1)停机过程,1,2025-08-27 03:10:11,2025-08-27 03:11:06,55,0.02
590,L10,#72,GW252/13600,(5)发电状态,5,2025-08-27 01:32:20,2025-08-27 03:10:11,5871,1.63
591,L10,#72,GW252/13600,(4)启机状态,4,2025-08-27 01:28:13,2025-08-27 01:32:20,247,0.07
592,L10,#72,GW252/13600,(3)待机状态,3,2025-08-27 01:27:15,2025-08-27 01:28:13,58,0.02
593,L10,#72,GW252/13600,(2)停机状态,2,2025-08-23 15:57:34,2025-08-27 01:27:15,293381,81.49
594,L10,#72,GW252/13600,(1)停机过程,1,2025-08-23 15:57:24,2025-08-23 15:57:34,10,0
595,L10,#72,GW252/13600,(9)维护状态,9,2025-08-23 15:55:57,2025-08-23 15:57:24,87,0.02
596,L10,#72,GW252/13600,(2)停机状态,2,2025-08-22 19:56:00,2025-08-23 15:55:57,71997,20
597,L10,#72,GW252/13600,(1)停机过程,1,2025-08-22 19:55:51,2025-08-22 19:56:00,9,0
598,L10,#72,GW252/13600,(9)维护状态,9,2025-08-21 19:41:24,2025-08-22 19:55:51,87267,24.24
599,L10,#72,GW252/13600,(2)停机状态,2,2025-08-21 19:38:52,2025-08-21 19:41:24,152,0.04
600,L10,#72,GW252/13600,(1)停机过程,1,2025-08-21 19:38:47,2025-08-21 19:38:52,5,0
601,L10,#72,GW252/13600,(9)维护状态,9,2025-08-21 19:35:12,2025-08-21 19:38:47,215,0.06
602,L10,#72,GW252/13600,(2)停机状态,2,2025-08-21 19:24:08,2025-08-21 19:35:12,664,0.18
603,L10,#72,GW252/13600,(1)停机过程,1,2025-08-21 19:23:59,2025-08-21 19:24:08,9,0
604,L10,#72,GW252/13600,(9)维护状态,9,2025-08-21 14:59:08,2025-08-21 19:23:59,15891,4.41
605,L10,#72,GW252/13600,(2)停机状态,2,2025-08-21 14:52:22,2025-08-21 14:59:08,406,0.11
606,L10,#72,GW252/13600,(0)初始化,0,2025-08-21 14:51:04,2025-08-21 14:52:22,78,0.02
607,L10,#72,GW252/13600,(2)停机状态,2,2025-08-21 14:50:25,2025-08-21 14:51:04,39,0.01
608,L10,#72,GW252/13600,(1)停机过程,1,2025-08-21 14:50:15,2025-08-21 14:50:25,10,0
609,L10,#72,GW252/13600,(9)维护状态,9,2025-08-21 14:36:24,2025-08-21 14:50:15,831,0.23
610,L10,#72,GW252/13600,(2)停机状态,2,2025-08-21 14:28:28,2025-08-21 14:36:24,476,0.13
611,L10,#72,GW252/13600,(0)初始化,0,2025-08-21 14:27:10,2025-08-21 14:28:28,78,0.02
612,L10,#72,GW252/13600,(2)停机状态,2,2025-08-21 14:23:52,2025-08-21 14:27:10,198,0.06
613,L10,#72,GW252/13600,(1)停机过程,1,2025-08-21 14:23:42,2025-08-21 14:23:52,10,0
614,L10,#72,GW252/13600,(9)维护状态,9,2025-08-21 02:41:10,2025-08-21 14:23:42,42152,11.71
615,L10,#72,GW252/13600,(2)停机状态,2,2025-08-21 02:40:49,2025-08-21 02:41:10,21,0.01
616,L10,#72,GW252/13600,(1)停机过程,1,2025-08-21 02:40:38,2025-08-21 02:40:49,11,0
617,L10,#72,GW252/13600,(9)维护状态,9,2025-08-21 02:39:06,2025-08-21 02:40:38,92,0.03
618,L10,#72,GW252/13600,(2)停机状态,2,2025-08-21 02:25:42,2025-08-21 02:39:06,804,0.22
619,L10,#72,GW252/13600,(1)停机过程,1,2025-08-21 02:25:37,2025-08-21 02:25:42,5,0
620,L10,#72,GW252/13600,(9)维护状态,9,2025-08-21 02:21:59,2025-08-21 02:25:37,218,0.06
621,L10,#72,GW252/13600,(2)停机状态,2,2025-08-21 02:20:12,2025-08-21 02:21:59,107,0.03
622,L10,#72,GW252/13600,(1)停机过程,1,2025-08-21 02:20:02,2025-08-21 02:20:12,10,0
623,L10,#72,GW252/13600,(9)维护状态,9,2025-08-17 17:01:40,2025-08-21 02:20:02,292702,81.31
624,L10,#72,GW252/13600,(2)停机状态,2,2025-08-17 17:00:04,2025-08-17 17:01:40,96,0.03
625,L10,#72,GW252/13600,(1)停机过程,1,2025-08-17 16:59:54,2025-08-17 17:00:04,10,0
626,L10,#72,GW252/13600,(9)维护状态,9,2025-08-17 10:54:57,2025-08-17 16:59:54,21897,6.08
627,L10,#72,GW252/13600,(2)停机状态,2,2025-08-17 10:52:32,2025-08-17 10:54:57,145,0.04
628,L10,#72,GW252/13600,(1)停机过程,1,2025-08-17 10:52:22,2025-08-17 10:52:32,10,0
629,L10,#72,GW252/13600,(9)维护状态,9,2025-08-17 10:32:15,2025-08-17 10:52:22,1207,0.34
630,L10,#72,GW252/13600,(2)停机状态,2,2025-08-17 10:29:23,2025-08-17 10:32:15,172,0.05
631,L10,#72,GW252/13600,(1)停机过程,1,2025-08-17 10:29:13,2025-08-17 10:29:23,10,0
632,L10,#72,GW252/13600,(9)维护状态,9,2025-08-16 13:33:43,2025-08-17 10:29:13,75330,20.93
633,L10,#72,GW252/13600,(2)停机状态,2,2025-08-16 13:32:58,2025-08-16 13:33:43,45,0.01
634,L10,#72,GW252/13600,(1)停机过程,1,2025-08-16 13:32:48,2025-08-16 13:32:58,10,0
635,L10,#72,GW252/13600,(9)维护状态,9,2025-08-09 21:10:34,2025-08-16 13:32:48,577334,160.37
636,L10,#72,GW252/13600,(2)停机状态,2,2025-08-09 20:26:41,2025-08-09 21:10:34,2633,0.73
637,L10,#72,GW252/13600,(1)停机过程,1,2025-08-09 20:25:23,2025-08-09 20:26:41,78,0.02
638,L10,#72,GW252/13600,(5)发电状态,5,2025-08-09 18:59:06,2025-08-09 20:25:23,5177,1.44
639,L10,#72,GW252/13600,(4)启机状态,4,2025-08-09 18:57:46,2025-08-09 18:59:06,80,0.02
640,L10,#72,GW252/13600,(3)待机状态,3,2025-08-09 18:56:57,2025-08-09 18:57:46,49,0.01
641,L10,#72,GW252/13600,(2)停机状态,2,2025-08-09 11:55:31,2025-08-09 18:56:57,25286,7.02
642,L10,#72,GW252/13600,(1)停机过程,1,2025-08-09 11:55:20,2025-08-09 11:55:31,11,0
643,L10,#72,GW252/13600,(9)维护状态,9,2025-08-09 11:54:17,2025-08-09 11:55:20,63,0.02
644,L10,#72,GW252/13600,(2)停机状态,2,2025-08-09 11:54:12,2025-08-09 11:54:17,5,0
645,L10,#72,GW252/13600,(1)停机过程,1,2025-08-09 11:54:02,2025-08-09 11:54:12,10,0
646,L10,#72,GW252/13600,(9)维护状态,9,2025-08-09 01:48:53,2025-08-09 11:54:02,36309,10.09
647,L10,#72,GW252/13600,(2)停机状态,2,2025-08-09 01:48:33,2025-08-09 01:48:53,20,0.01
648,L10,#72,GW252/13600,(0)初始化,0,2025-08-09 01:47:16,2025-08-09 01:48:33,77,0.02
649,L10,#72,GW252/13600,(2)停机状态,2,2025-08-09 01:40:46,2025-08-09 01:47:16,390,0.11
650,L10,#72,GW252/13600,(1)停机过程,1,2025-08-09 01:40:36,2025-08-09 01:40:46,10,0
651,L10,#72,GW252/13600,(9)维护状态,9,2025-08-09 01:37:26,2025-08-09 01:40:36,190,0.05
652,L10,#72,GW252/13600,(2)停机状态,2,2025-08-09 01:35:17,2025-08-09 01:37:26,129,0.04
653,L10,#72,GW252/13600,(1)停机过程,1,2025-08-09 01:35:12,2025-08-09 01:35:17,5,0
654,L10,#72,GW252/13600,(9)维护状态,9,2025-08-09 01:31:39,2025-08-09 01:35:12,213,0.06
655,L10,#72,GW252/13600,(2)停机状态,2,2025-08-09 01:26:00,2025-08-09 01:31:39,339,0.09
656,L10,#72,GW252/13600,(1)停机过程,1,2025-08-09 01:25:49,2025-08-09 01:26:00,11,0
657,L10,#72,GW252/13600,(9)维护状态,9,2025-08-06 08:47:54,2025-08-09 01:25:49,232675,64.63
658,L10,#72,GW252/13600,(2)停机状态,2,2025-08-06 07:28:09,2025-08-06 08:47:54,4785,1.33
659,L10,#72,GW252/13600,(1)停机过程,1,2025-08-06 07:26:26,2025-08-06 07:28:09,103,0.03
660,L10,#72,GW252/13600,(5)发电状态,5,2025-08-06 06:34:09,2025-08-06 07:26:26,3137,0.87
661,L10,#72,GW252/13600,(4)启机状态,4,2025-08-06 06:33:36,2025-08-06 06:34:09,33,0.01
662,L10,#72,GW252/13600,(3)待机状态,3,2025-08-06 06:33:04,2025-08-06 06:33:36,32,0.01
663,L10,#72,GW252/13600,(2)停机状态,2,2025-08-06 06:33:01,2025-08-06 06:33:04,3,0
664,L10,#72,GW252/13600,(1)停机过程,1,2025-08-06 06:32:50,2025-08-06 06:33:01,11,0
665,L10,#72,GW252/13600,(9)维护状态,9,2025-08-06 06:31:43,2025-08-06 06:32:50,67,0.02
666,L10,#72,GW252/13600,(2)停机状态,2,2025-08-06 05:33:48,2025-08-06 06:31:43,3475,0.97
667,L10,#72,GW252/13600,(1)停机过程,1,2025-08-06 05:33:02,2025-08-06 05:33:48,46,0.01
668,L10,#72,GW252/13600,(5)发电状态,5,2025-08-03 16:17:59,2025-08-06 05:33:02,220503,61.25
669,L10,#72,GW252/13600,(4)启机状态,4,2025-08-03 16:17:00,2025-08-03 16:17:59,59,0.02
670,L10,#72,GW252/13600,(3)待机状态,3,2025-08-03 16:16:17,2025-08-03 16:17:00,43,0.01
671,L10,#72,GW252/13600,(2)停机状态,2,2025-08-03 16:13:08,2025-08-03 16:16:17,189,0.05
672,L10,#72,GW252/13600,(1)停机过程,1,2025-08-03 16:12:58,2025-08-03 16:13:08,10,0
673,L10,#72,GW252/13600,(9)维护状态,9,2025-08-03 07:14:29,2025-08-03 16:12:58,32309,8.97
674,L10,#72,GW252/13600,(2)停机状态,2,2025-08-03 05:07:39,2025-08-03 07:14:29,7610,2.11
675,L10,#72,GW252/13600,(1)停机过程,1,2025-08-03 05:07:33,2025-08-03 05:07:39,6,0
676,L10,#72,GW252/13600,(9)维护状态,9,2025-07-25 10:27:44,2025-08-03 05:07:33,758389,210.66
677,L10,#72,GW252/13600,(2)停机状态,2,2025-07-25 10:24:10,2025-07-25 10:27:44,214,0.06
678,L10,#72,GW252/13600,(1)停机过程,1,2025-07-25 10:23:12,2025-07-25 10:24:10,58,0.02
679,L10,#72,GW252/13600,(5)发电状态,5,2025-07-25 06:32:17,2025-07-25 10:23:12,13855,3.85
680,L10,#72,GW252/13600,(4)启机状态,4,2025-07-25 06:30:48,2025-07-25 06:32:17,89,0.02
681,L10,#72,GW252/13600,(3)待机状态,3,2025-07-25 06:29:50,2025-07-25 06:30:48,58,0.02
682,L10,#72,GW252/13600,(2)停机状态,2,2025-07-25 06:29:49,2025-07-25 06:29:50,1,0
683,L10,#72,GW252/13600,(1)停机过程,1,2025-07-25 06:29:17,2025-07-25 06:29:49,32,0.01
684,L10,#72,GW252/13600,(4)启机状态,4,2025-07-25 06:24:18,2025-07-25 06:29:17,299,0.08
685,L10,#72,GW252/13600,(3)待机状态,3,2025-07-25 06:23:12,2025-07-25 06:24:18,66,0.02
686,L10,#72,GW252/13600,(1)停机过程,1,2025-07-25 06:22:40,2025-07-25 06:23:12,32,0.01
687,L10,#72,GW252/13600,(4)启机状态,4,2025-07-25 06:17:40,2025-07-25 06:22:40,300,0.08
688,L10,#72,GW252/13600,(3)待机状态,3,2025-07-25 06:16:39,2025-07-25 06:17:40,61,0.02
689,L10,#72,GW252/13600,(2)停机状态,2,2025-07-25 06:16:36,2025-07-25 06:16:39,3,0
690,L10,#72,GW252/13600,(1)停机过程,1,2025-07-25 06:16:04,2025-07-25 06:16:36,32,0.01
691,L10,#72,GW252/13600,(4)启机状态,4,2025-07-25 06:11:04,2025-07-25 06:16:04,300,0.08
692,L10,#72,GW252/13600,(3)待机状态,3,2025-07-25 06:10:05,2025-07-25 06:11:04,59,0.02
693,L10,#72,GW252/13600,(1)停机过程,1,2025-07-25 06:09:34,2025-07-25 06:10:05,31,0.01
694,L10,#72,GW252/13600,(4)启机状态,4,2025-07-25 06:04:34,2025-07-25 06:09:34,300,0.08
695,L10,#72,GW252/13600,(3)待机状态,3,2025-07-25 06:03:28,2025-07-25 06:04:34,66,0.02
696,L10,#72,GW252/13600,(2)停机状态,2,2025-07-25 06:03:27,2025-07-25 06:03:28,1,0
697,L10,#72,GW252/13600,(1)停机过程,1,2025-07-25 06:02:54,2025-07-25 06:03:27,33,0.01
698,L10,#72,GW252/13600,(4)启机状态,4,2025-07-25 05:57:54,2025-07-25 06:02:54,300,0.08
699,L10,#72,GW252/13600,(3)待机状态,3,2025-07-25 05:43:39,2025-07-25 05:57:54,855,0.24
700,L10,#72,GW252/13600,(2)停机状态,2,2025-07-25 05:43:37,2025-07-25 05:43:39,2,0
701,L10,#72,GW252/13600,(1)停机过程,1,2025-07-25 05:43:07,2025-07-25 05:43:37,30,0.01
702,L10,#72,GW252/13600,(4)启机状态,4,2025-07-25 05:38:07,2025-07-25 05:43:07,300,0.08
703,L10,#72,GW252/13600,(3)待机状态,3,2025-07-25 05:34:50,2025-07-25 05:38:07,197,0.05
704,L10,#72,GW252/13600,(2)停机状态,2,2025-07-25 05:34:49,2025-07-25 05:34:50,1,0
705,L10,#72,GW252/13600,(1)停机过程,1,2025-07-25 05:34:19,2025-07-25 05:34:49,30,0.01
706,L10,#72,GW252/13600,(4)启机状态,4,2025-07-25 05:29:18,2025-07-25 05:34:19,301,0.08
707,L10,#72,GW252/13600,(3)待机状态,3,2025-07-25 05:28:12,2025-07-25 05:29:18,66,0.02
708,L10,#72,GW252/13600,(2)停机状态,2,2025-07-25 05:28:11,2025-07-25 05:28:12,1,0
709,L10,#72,GW252/13600,(3)待机状态,3,2025-07-25 05:28:10,2025-07-25 05:28:11,1,0
710,L10,#72,GW252/13600,(1)停机过程,1,2025-07-25 05:27:38,2025-07-25 05:28:10,32,0.01
711,L10,#72,GW252/13600,(4)启机状态,4,2025-07-25 05:22:38,2025-07-25 05:27:38,300,0.08
712,L10,#72,GW252/13600,(3)待机状态,3,2025-07-24 17:26:21,2025-07-25 05:22:38,42977,11.94
713,L10,#72,GW252/13600,(2)停机状态,2,2025-07-24 17:25:04,2025-07-24 17:26:21,77,0.02
714,L10,#72,GW252/13600,(1)停机过程,1,2025-07-24 17:24:32,2025-07-24 17:25:04,32,0.01
715,L10,#72,GW252/13600,(4)启机状态,4,2025-07-24 17:19:31,2025-07-24 17:24:32,301,0.08
716,L10,#72,GW252/13600,(3)待机状态,3,2025-07-24 17:18:27,2025-07-24 17:19:31,64,0.02
717,L10,#72,GW252/13600,(2)停机状态,2,2025-07-24 17:18:26,2025-07-24 17:18:27,1,0
718,L10,#72,GW252/13600,(1)停机过程,1,2025-07-24 17:17:55,2025-07-24 17:18:26,31,0.01
719,L10,#72,GW252/13600,(4)启机状态,4,2025-07-24 17:12:55,2025-07-24 17:17:55,300,0.08
720,L10,#72,GW252/13600,(3)待机状态,3,2025-07-24 17:11:15,2025-07-24 17:12:55,100,0.03
721,L10,#72,GW252/13600,(2)停机状态,2,2025-07-24 17:11:13,2025-07-24 17:11:15,2,0
722,L10,#72,GW252/13600,(1)停机过程,1,2025-07-24 17:10:42,2025-07-24 17:11:13,31,0.01
723,L10,#72,GW252/13600,(4)启机状态,4,2025-07-24 17:05:41,2025-07-24 17:10:42,301,0.08
724,L10,#72,GW252/13600,(3)待机状态,3,2025-07-24 17:04:37,2025-07-24 17:05:41,64,0.02
725,L10,#72,GW252/13600,(2)停机状态,2,2025-07-24 17:04:36,2025-07-24 17:04:37,1,0
726,L10,#72,GW252/13600,(1)停机过程,1,2025-07-24 17:04:05,2025-07-24 17:04:36,31,0.01
727,L10,#72,GW252/13600,(4)启机状态,4,2025-07-24 16:59:04,2025-07-24 17:04:05,301,0.08
728,L10,#72,GW252/13600,(3)待机状态,3,2025-07-24 16:57:46,2025-07-24 16:59:04,78,0.02
729,L10,#72,GW252/13600,(2)停机状态,2,2025-07-24 16:57:44,2025-07-24 16:57:46,2,0
730,L10,#72,GW252/13600,(1)停机过程,1,2025-07-24 16:57:12,2025-07-24 16:57:44,32,0.01
731,L10,#72,GW252/13600,(4)启机状态,4,2025-07-24 16:52:12,2025-07-24 16:57:12,300,0.08
732,L10,#72,GW252/13600,(3)待机状态,3,2025-07-24 16:51:07,2025-07-24 16:52:12,65,0.02
733,L10,#72,GW252/13600,(2)停机状态,2,2025-07-24 16:51:06,2025-07-24 16:51:07,1,0
734,L10,#72,GW252/13600,(1)停机过程,1,2025-07-24 16:50:35,2025-07-24 16:51:06,31,0.01
735,L10,#72,GW252/13600,(4)启机状态,4,2025-07-24 16:45:35,2025-07-24 16:50:35,300,0.08
736,L10,#72,GW252/13600,(3)待机状态,3,2025-07-24 16:42:07,2025-07-24 16:45:35,208,0.06
737,L10,#72,GW252/13600,(2)停机状态,2,2025-07-24 16:40:32,2025-07-24 16:42:07,95,0.03
738,L10,#72,GW252/13600,(1)停机过程,1,2025-07-24 16:40:00,2025-07-24 16:40:32,32,0.01
739,L10,#72,GW252/13600,(4)启机状态,4,2025-07-24 16:35:00,2025-07-24 16:40:00,300,0.08
740,L10,#72,GW252/13600,(3)待机状态,3,2025-07-24 16:33:49,2025-07-24 16:35:00,71,0.02
741,L10,#72,GW252/13600,(2)停机状态,2,2025-07-24 16:33:46,2025-07-24 16:33:49,3,0
742,L10,#72,GW252/13600,(1)停机过程,1,2025-07-24 16:33:15,2025-07-24 16:33:46,31,0.01
743,L10,#72,GW252/13600,(4)启机状态,4,2025-07-24 16:28:15,2025-07-24 16:33:15,300,0.08
744,L10,#72,GW252/13600,(3)待机状态,3,2025-07-24 16:26:56,2025-07-24 16:28:15,79,0.02
745,L10,#72,GW252/13600,(2)停机状态,2,2025-07-24 16:26:54,2025-07-24 16:26:56,2,0
746,L10,#72,GW252/13600,(1)停机过程,1,2025-07-24 16:26:23,2025-07-24 16:26:54,31,0.01
747,L10,#72,GW252/13600,(4)启机状态,4,2025-07-24 16:21:24,2025-07-24 16:26:23,299,0.08
748,L10,#72,GW252/13600,(3)待机状态,3,2025-07-24 16:20:19,2025-07-24 16:21:24,65,0.02
749,L10,#72,GW252/13600,(2)停机状态,2,2025-07-24 16:20:18,2025-07-24 16:20:19,1,0
750,L10,#72,GW252/13600,(1)停机过程,1,2025-07-24 16:19:46,2025-07-24 16:20:18,32,0.01
751,L10,#72,GW252/13600,(4)启机状态,4,2025-07-24 16:14:45,2025-07-24 16:19:46,301,0.08
752,L10,#72,GW252/13600,(3)待机状态,3,2025-07-24 16:13:38,2025-07-24 16:14:45,67,0.02
753,L10,#72,GW252/13600,(2)停机状态,2,2025-07-24 16:13:37,2025-07-24 16:13:38,1,0
754,L10,#72,GW252/13600,(1)停机过程,1,2025-07-24 16:13:05,2025-07-24 16:13:37,32,0.01
755,L10,#72,GW252/13600,(4)启机状态,4,2025-07-24 16:08:06,2025-07-24 16:13:05,299,0.08
756,L10,#72,GW252/13600,(3)待机状态,3,2025-07-24 16:07:00,2025-07-24 16:08:06,66,0.02
757,L10,#72,GW252/13600,(2)停机状态,2,2025-07-24 16:06:59,2025-07-24 16:07:00,1,0
758,L10,#72,GW252/13600,(1)停机过程,1,2025-07-24 16:06:26,2025-07-24 16:06:59,33,0.01
759,L10,#72,GW252/13600,(4)启机状态,4,2025-07-24 16:01:26,2025-07-24 16:06:26,300,0.08
760,L10,#72,GW252/13600,(3)待机状态,3,2025-07-24 16:00:08,2025-07-24 16:01:26,78,0.02
761,L10,#72,GW252/13600,(2)停机状态,2,2025-07-24 16:00:07,2025-07-24 16:00:08,1,0
762,L10,#72,GW252/13600,(1)停机过程,1,2025-07-24 15:59:36,2025-07-24 16:00:07,31,0.01
763,L10,#72,GW252/13600,(4)启机状态,4,2025-07-24 15:54:35,2025-07-24 15:59:36,301,0.08
764,L10,#72,GW252/13600,(3)待机状态,3,2025-07-24 15:53:13,2025-07-24 15:54:35,82,0.02
765,L10,#72,GW252/13600,(2)停机状态,2,2025-07-24 15:53:12,2025-07-24 15:53:13,1,0
766,L10,#72,GW252/13600,(1)停机过程,1,2025-07-24 15:52:41,2025-07-24 15:53:12,31,0.01
767,L10,#72,GW252/13600,(4)启机状态,4,2025-07-24 15:47:42,2025-07-24 15:52:41,299,0.08
768,L10,#72,GW252/13600,(3)待机状态,3,2025-07-24 15:44:52,2025-07-24 15:47:42,170,0.05
769,L10,#72,GW252/13600,(2)停机状态,2,2025-07-24 15:44:51,2025-07-24 15:44:52,1,0
770,L10,#72,GW252/13600,(1)停机过程,1,2025-07-24 15:44:19,2025-07-24 15:44:51,32,0.01
771,L10,#72,GW252/13600,(4)启机状态,4,2025-07-24 15:39:19,2025-07-24 15:44:19,300,0.08
772,L10,#72,GW252/13600,(3)待机状态,3,2025-07-24 15:38:00,2025-07-24 15:39:19,79,0.02
773,L10,#72,GW252/13600,(1)停机过程,1,2025-07-24 15:37:27,2025-07-24 15:38:00,33,0.01
774,L10,#72,GW252/13600,(4)启机状态,4,2025-07-24 15:32:27,2025-07-24 15:37:27,300,0.08
775,L10,#72,GW252/13600,(3)待机状态,3,2025-07-24 15:07:13,2025-07-24 15:32:27,1514,0.42
776,L10,#72,GW252/13600,(2)停机状态,2,2025-07-24 15:07:11,2025-07-24 15:07:13,2,0
777,L10,#72,GW252/13600,(1)停机过程,1,2025-07-24 15:06:40,2025-07-24 15:07:11,31,0.01
778,L10,#72,GW252/13600,(4)启机状态,4,2025-07-24 15:01:40,2025-07-24 15:06:40,300,0.08
779,L10,#72,GW252/13600,(3)待机状态,3,2025-07-24 15:00:12,2025-07-24 15:01:40,88,0.02
780,L10,#72,GW252/13600,(2)停机状态,2,2025-07-24 15:00:10,2025-07-24 15:00:12,2,0
781,L10,#72,GW252/13600,(1)停机过程,1,2025-07-24 14:59:37,2025-07-24 15:00:10,33,0.01
782,L10,#72,GW252/13600,(4)启机状态,4,2025-07-24 14:54:37,2025-07-24 14:59:37,300,0.08
783,L10,#72,GW252/13600,(3)待机状态,3,2025-07-24 14:53:18,2025-07-24 14:54:37,79,0.02
784,L10,#72,GW252/13600,(2)停机状态,2,2025-07-24 14:53:16,2025-07-24 14:53:18,2,0
785,L10,#72,GW252/13600,(1)停机过程,1,2025-07-24 14:52:44,2025-07-24 14:53:16,32,0.01
786,L10,#72,GW252/13600,(4)启机状态,4,2025-07-24 14:47:44,2025-07-24 14:52:44,300,0.08
787,L10,#72,GW252/13600,(3)待机状态,3,2025-07-24 14:46:13,2025-07-24 14:47:44,91,0.03
788,L10,#72,GW252/13600,(2)停机状态,2,2025-07-24 14:46:11,2025-07-24 14:46:13,2,0
789,L10,#72,GW252/13600,(1)停机过程,1,2025-07-24 14:45:41,2025-07-24 14:46:11,30,0.01
790,L10,#72,GW252/13600,(4)启机状态,4,2025-07-24 14:40:39,2025-07-24 14:45:41,302,0.08
791,L10,#72,GW252/13600,(3)待机状态,3,2025-07-24 14:38:36,2025-07-24 14:40:39,123,0.03
792,L10,#72,GW252/13600,(2)停机状态,2,2025-07-24 14:36:29,2025-07-24 14:38:36,127,0.04
793,L10,#72,GW252/13600,(1)停机过程,1,2025-07-24 14:35:57,2025-07-24 14:36:29,32,0.01
794,L10,#72,GW252/13600,(4)启机状态,4,2025-07-24 14:30:55,2025-07-24 14:35:57,302,0.08
795,L10,#72,GW252/13600,(3)待机状态,3,2025-07-24 14:29:32,2025-07-24 14:30:55,83,0.02
796,L10,#72,GW252/13600,(2)停机状态,2,2025-07-24 14:29:31,2025-07-24 14:29:32,1,0
797,L10,#72,GW252/13600,(1)停机过程,1,2025-07-24 14:29:00,2025-07-24 14:29:31,31,0.01
798,L10,#72,GW252/13600,(4)启机状态,4,2025-07-24 14:24:00,2025-07-24 14:29:00,300,0.08
799,L10,#72,GW252/13600,(3)待机状态,3,2025-07-24 14:18:53,2025-07-24 14:24:00,307,0.09
800,L10,#72,GW252/13600,(2)停机状态,2,2025-07-24 14:13:51,2025-07-24 14:18:53,302,0.08
801,L10,#72,GW252/13600,(1)停机过程,1,2025-07-24 14:13:20,2025-07-24 14:13:51,31,0.01
802,L10,#72,GW252/13600,(4)启机状态,4,2025-07-24 14:08:20,2025-07-24 14:13:20,300,0.08
803,L10,#72,GW252/13600,(3)待机状态,3,2025-07-24 14:07:05,2025-07-24 14:08:20,75,0.02
804,L10,#72,GW252/13600,(2)停机状态,2,2025-07-24 14:07:02,2025-07-24 14:07:05,3,0
805,L10,#72,GW252/13600,(1)停机过程,1,2025-07-24 14:06:31,2025-07-24 14:07:02,31,0.01
806,L10,#72,GW252/13600,(4)启机状态,4,2025-07-24 14:01:31,2025-07-24 14:06:31,300,0.08
807,L10,#72,GW252/13600,(3)待机状态,3,2025-07-24 13:59:08,2025-07-24 14:01:31,143,0.04
808,L10,#72,GW252/13600,(1)停机过程,1,2025-07-24 13:58:37,2025-07-24 13:59:08,31,0.01
809,L10,#72,GW252/13600,(4)启机状态,4,2025-07-24 13:53:36,2025-07-24 13:58:37,301,0.08
810,L10,#72,GW252/13600,(3)待机状态,3,2025-07-24 13:51:46,2025-07-24 13:53:36,110,0.03
811,L10,#72,GW252/13600,(2)停机状态,2,2025-07-24 13:51:45,2025-07-24 13:51:46,1,0
812,L10,#72,GW252/13600,(1)停机过程,1,2025-07-24 13:51:14,2025-07-24 13:51:45,31,0.01
813,L10,#72,GW252/13600,(4)启机状态,4,2025-07-24 13:46:14,2025-07-24 13:51:14,300,0.08
814,L10,#72,GW252/13600,(3)待机状态,3,2025-07-24 13:44:49,2025-07-24 13:46:14,85,0.02
815,L10,#72,GW252/13600,(2)停机状态,2,2025-07-24 13:44:47,2025-07-24 13:44:49,2,0
816,L10,#72,GW252/13600,(1)停机过程,1,2025-07-24 13:44:16,2025-07-24 13:44:47,31,0.01
817,L10,#72,GW252/13600,(4)启机状态,4,2025-07-24 13:39:16,2025-07-24 13:44:16,300,0.08
818,L10,#72,GW252/13600,(3)待机状态,3,2025-07-24 13:32:06,2025-07-24 13:39:16,430,0.12
819,L10,#72,GW252/13600,(2)停机状态,2,2025-07-24 13:32:05,2025-07-24 13:32:06,1,0
820,L10,#72,GW252/13600,(1)停机过程,1,2025-07-24 13:31:33,2025-07-24 13:32:05,32,0.01
821,L10,#72,GW252/13600,(4)启机状态,4,2025-07-24 13:26:33,2025-07-24 13:31:33,300,0.08
822,L10,#72,GW252/13600,(3)待机状态,3,2025-07-24 13:19:19,2025-07-24 13:26:33,434,0.12
823,L10,#72,GW252/13600,(2)停机状态,2,2025-07-24 13:13:43,2025-07-24 13:19:19,336,0.09
824,L10,#72,GW252/13600,(1)停机过程,1,2025-07-24 13:12:46,2025-07-24 13:13:43,57,0.02
825,L10,#72,GW252/13600,(5)发电状态,5,2025-07-24 09:45:05,2025-07-24 13:12:46,12461,3.46
826,L10,#72,GW252/13600,(4)启机状态,4,2025-07-24 09:44:15,2025-07-24 09:45:05,50,0.01
827,L10,#72,GW252/13600,(3)待机状态,3,2025-07-24 09:40:04,2025-07-24 09:44:15,251,0.07
828,L10,#72,GW252/13600,(2)停机状态,2,2025-07-24 09:40:03,2025-07-24 09:40:04,1,0
829,L10,#72,GW252/13600,(1)停机过程,1,2025-07-24 09:39:33,2025-07-24 09:40:03,30,0.01
830,L10,#72,GW252/13600,(3)待机状态,3,2025-07-24 09:39:12,2025-07-24 09:39:33,21,0.01
831,L10,#72,GW252/13600,(2)停机状态,2,2025-07-24 09:39:10,2025-07-24 09:39:12,2,0
832,L10,#72,GW252/13600,(1)停机过程,1,2025-07-24 09:38:38,2025-07-24 09:39:10,32,0.01
833,L10,#72,GW252/13600,(3)待机状态,3,2025-07-24 09:38:08,2025-07-24 09:38:38,30,0.01
834,L10,#72,GW252/13600,(1)停机过程,1,2025-07-24 09:37:35,2025-07-24 09:38:08,33,0.01
835,L10,#72,GW252/13600,(3)待机状态,3,2025-07-24 09:36:47,2025-07-24 09:37:35,48,0.01
836,L10,#72,GW252/13600,(2)停机状态,2,2025-07-24 09:36:46,2025-07-24 09:36:47,1,0
837,L10,#72,GW252/13600,(1)停机过程,1,2025-07-24 09:35:53,2025-07-24 09:36:46,53,0.01
838,L10,#72,GW252/13600,(5)发电状态,5,2025-07-24 03:06:12,2025-07-24 09:35:53,23381,6.49
839,L10,#72,GW252/13600,(4)启机状态,4,2025-07-24 03:02:50,2025-07-24 03:06:12,202,0.06
840,L10,#72,GW252/13600,(3)待机状态,3,2025-07-24 03:01:51,2025-07-24 03:02:50,59,0.02
841,L10,#72,GW252/13600,(2)停机状态,2,2025-07-24 03:01:50,2025-07-24 03:01:51,1,0
842,L10,#72,GW252/13600,(1)停机过程,1,2025-07-24 03:01:19,2025-07-24 03:01:50,31,0.01
843,L10,#72,GW252/13600,(4)启机状态,4,2025-07-24 02:56:18,2025-07-24 03:01:19,301,0.08
844,L10,#72,GW252/13600,(3)待机状态,3,2025-07-24 02:55:16,2025-07-24 02:56:18,62,0.02
845,L10,#72,GW252/13600,(2)停机状态,2,2025-07-24 02:55:14,2025-07-24 02:55:16,2,0
846,L10,#72,GW252/13600,(1)停机过程,1,2025-07-24 02:54:44,2025-07-24 02:55:14,30,0.01
847,L10,#72,GW252/13600,(4)启机状态,4,2025-07-24 02:49:44,2025-07-24 02:54:44,300,0.08
848,L10,#72,GW252/13600,(3)待机状态,3,2025-07-24 02:48:18,2025-07-24 02:49:44,86,0.02
849,L10,#72,GW252/13600,(2)停机状态,2,2025-07-24 02:48:15,2025-07-24 02:48:18,3,0
850,L10,#72,GW252/13600,(1)停机过程,1,2025-07-24 02:47:43,2025-07-24 02:48:15,32,0.01
851,L10,#72,GW252/13600,(4)启机状态,4,2025-07-24 02:42:43,2025-07-24 02:47:43,300,0.08
852,L10,#72,GW252/13600,(3)待机状态,3,2025-07-24 02:41:34,2025-07-24 02:42:43,69,0.02
853,L10,#72,GW252/13600,(2)停机状态,2,2025-07-24 02:41:32,2025-07-24 02:41:34,2,0
854,L10,#72,GW252/13600,(1)停机过程,1,2025-07-24 02:41:01,2025-07-24 02:41:32,31,0.01
855,L10,#72,GW252/13600,(4)启机状态,4,2025-07-24 02:36:01,2025-07-24 02:41:01,300,0.08
856,L10,#72,GW252/13600,(3)待机状态,3,2025-07-24 02:33:56,2025-07-24 02:36:01,125,0.03
857,L10,#72,GW252/13600,(2)停机状态,2,2025-07-24 02:33:55,2025-07-24 02:33:56,1,0
858,L10,#72,GW252/13600,(1)停机过程,1,2025-07-24 02:33:23,2025-07-24 02:33:55,32,0.01
859,L10,#72,GW252/13600,(4)启机状态,4,2025-07-24 02:28:24,2025-07-24 02:33:23,299,0.08
860,L10,#72,GW252/13600,(3)待机状态,3,2025-07-24 02:27:07,2025-07-24 02:28:24,77,0.02
861,L10,#72,GW252/13600,(2)停机状态,2,2025-07-24 02:26:24,2025-07-24 02:27:07,43,0.01
862,L10,#72,GW252/13600,(1)停机过程,1,2025-07-24 02:25:52,2025-07-24 02:26:24,32,0.01
863,L10,#72,GW252/13600,(4)启机状态,4,2025-07-24 02:20:52,2025-07-24 02:25:52,300,0.08
864,L10,#72,GW252/13600,(3)待机状态,3,2025-07-24 02:14:34,2025-07-24 02:20:52,378,0.11
865,L10,#72,GW252/13600,(2)停机状态,2,2025-07-24 02:14:07,2025-07-24 02:14:34,27,0.01
866,L10,#72,GW252/13600,(1)停机过程,1,2025-07-24 02:13:10,2025-07-24 02:14:07,57,0.02
867,L10,#72,GW252/13600,(5)发电状态,5,2025-07-21 20:49:24,2025-07-24 02:13:10,192226,53.4
868,L10,#72,GW252/13600,(4)启机状态,4,2025-07-21 20:46:10,2025-07-21 20:49:24,194,0.05
869,L10,#72,GW252/13600,(3)待机状态,3,2025-07-21 20:44:47,2025-07-21 20:46:10,83,0.02
870,L10,#72,GW252/13600,(2)停机状态,2,2025-07-21 20:43:24,2025-07-21 20:44:47,83,0.02
871,L10,#72,GW252/13600,(1)停机过程,1,2025-07-21 20:43:15,2025-07-21 20:43:24,9,0
872,L10,#72,GW252/13600,(9)维护状态,9,2025-07-21 20:43:06,2025-07-21 20:43:15,9,0
873,L10,#72,GW252/13600,(2)停机状态,2,2025-07-21 20:03:26,2025-07-21 20:43:06,2380,0.66
874,L10,#72,GW252/13600,(1)停机过程,1,2025-07-21 20:02:28,2025-07-21 20:03:26,58,0.02
875,L10,#72,GW252/13600,(5)发电状态,5,2025-07-21 07:15:42,2025-07-21 20:02:28,46006,12.78
876,L10,#72,GW252/13600,(4)启机状态,4,2025-07-21 07:15:10,2025-07-21 07:15:42,32,0.01
877,L10,#72,GW252/13600,(3)待机状态,3,2025-07-21 07:14:37,2025-07-21 07:15:10,33,0.01
878,L10,#72,GW252/13600,(2)停机状态,2,2025-07-21 06:50:31,2025-07-21 07:14:37,1446,0.4
879,L10,#72,GW252/13600,(1)停机过程,1,2025-07-21 06:50:21,2025-07-21 06:50:31,10,0
880,L10,#72,GW252/13600,(9)维护状态,9,2025-07-21 06:49:51,2025-07-21 06:50:21,30,0.01
881,L10,#72,GW252/13600,(2)停机状态,2,2025-07-21 00:51:24,2025-07-21 06:49:51,21507,5.97
882,L10,#72,GW252/13600,(1)停机过程,1,2025-07-21 00:50:29,2025-07-21 00:51:24,55,0.02
883,L10,#72,GW252/13600,(5)发电状态,5,2025-07-21 00:50:08,2025-07-21 00:50:29,21,0.01
884,L10,#72,GW252/13600,(4)启机状态,4,2025-07-21 00:49:38,2025-07-21 00:50:08,30,0.01
885,L10,#72,GW252/13600,(3)待机状态,3,2025-07-21 00:49:10,2025-07-21 00:49:38,28,0.01
886,L10,#72,GW252/13600,(2)停机状态,2,2025-07-20 18:53:41,2025-07-21 00:49:10,21329,5.92
887,L10,#72,GW252/13600,(1)停机过程,1,2025-07-20 18:52:23,2025-07-20 18:53:41,78,0.02
888,L10,#72,GW252/13600,(5)发电状态,5,2025-07-19 07:45:59,2025-07-20 18:52:23,126384,35.11
889,L10,#72,GW252/13600,(4)启机状态,4,2025-07-19 07:44:00,2025-07-19 07:45:59,119,0.03
890,L10,#72,GW252/13600,(3)待机状态,3,2025-07-19 07:43:09,2025-07-19 07:44:00,51,0.01
891,L10,#72,GW252/13600,(2)停机状态,2,2025-07-19 07:43:07,2025-07-19 07:43:09,2,0
892,L10,#72,GW252/13600,(1)停机过程,1,2025-07-19 07:42:34,2025-07-19 07:43:07,33,0.01
893,L10,#72,GW252/13600,(4)启机状态,4,2025-07-19 07:37:35,2025-07-19 07:42:34,299,0.08
894,L10,#72,GW252/13600,(3)待机状态,3,2025-07-19 07:33:53,2025-07-19 07:37:35,222,0.06
895,L10,#72,GW252/13600,(2)停机状态,2,2025-07-19 07:33:52,2025-07-19 07:33:53,1,0
896,L10,#72,GW252/13600,(1)停机过程,1,2025-07-19 07:32:54,2025-07-19 07:33:52,58,0.02
897,L10,#72,GW252/13600,(5)发电状态,5,2025-07-19 07:20:12,2025-07-19 07:32:54,762,0.21
898,L10,#72,GW252/13600,(4)启机状态,4,2025-07-19 07:17:13,2025-07-19 07:20:12,179,0.05
899,L10,#72,GW252/13600,(3)待机状态,3,2025-07-19 07:16:06,2025-07-19 07:17:13,67,0.02
900,L10,#72,GW252/13600,(2)停机状态,2,2025-07-19 07:16:05,2025-07-19 07:16:06,1,0
901,L10,#72,GW252/13600,(1)停机过程,1,2025-07-19 07:15:32,2025-07-19 07:16:05,33,0.01
902,L10,#72,GW252/13600,(4)启机状态,4,2025-07-19 07:10:32,2025-07-19 07:15:32,300,0.08
903,L10,#72,GW252/13600,(3)待机状态,3,2025-07-19 07:01:26,2025-07-19 07:10:32,546,0.15
904,L10,#72,GW252/13600,(2)停机状态,2,2025-07-19 06:55:50,2025-07-19 07:01:26,336,0.09
905,L10,#72,GW252/13600,(1)停机过程,1,2025-07-19 06:54:53,2025-07-19 06:55:50,57,0.02
906,L10,#72,GW252/13600,(5)发电状态,5,2025-07-19 06:36:38,2025-07-19 06:54:53,1095,0.3
907,L10,#72,GW252/13600,(4)启机状态,4,2025-07-19 06:32:14,2025-07-19 06:36:38,264,0.07
908,L10,#72,GW252/13600,(3)待机状态,3,2025-07-19 06:31:12,2025-07-19 06:32:14,62,0.02
909,L10,#72,GW252/13600,(2)停机状态,2,2025-07-19 06:31:11,2025-07-19 06:31:12,1,0
910,L10,#72,GW252/13600,(1)停机过程,1,2025-07-19 06:30:13,2025-07-19 06:31:11,58,0.02
911,L10,#72,GW252/13600,(4)启机状态,4,2025-07-19 06:25:13,2025-07-19 06:30:13,300,0.08
912,L10,#72,GW252/13600,(3)待机状态,3,2025-07-19 06:24:05,2025-07-19 06:25:13,68,0.02
913,L10,#72,GW252/13600,(2)停机状态,2,2025-07-19 06:24:04,2025-07-19 06:24:05,1,0
914,L10,#72,GW252/13600,(1)停机过程,1,2025-07-19 06:23:09,2025-07-19 06:24:04,55,0.02
915,L10,#72,GW252/13600,(5)发电状态,5,2025-07-19 06:01:25,2025-07-19 06:23:09,1304,0.36
916,L10,#72,GW252/13600,(4)启机状态,4,2025-07-19 06:00:45,2025-07-19 06:01:25,40,0.01
917,L10,#72,GW252/13600,(3)待机状态,3,2025-07-19 06:00:10,2025-07-19 06:00:45,35,0.01
918,L10,#72,GW252/13600,(2)停机状态,2,2025-07-19 05:58:53,2025-07-19 06:00:10,77,0.02
919,L10,#72,GW252/13600,(1)停机过程,1,2025-07-19 05:58:22,2025-07-19 05:58:53,31,0.01
920,L10,#72,GW252/13600,(3)待机状态,3,2025-07-19 05:51:58,2025-07-19 05:58:22,384,0.11
921,L10,#72,GW252/13600,(2)停机状态,2,2025-07-19 05:51:48,2025-07-19 05:51:58,10,0
922,L10,#72,GW252/13600,(1)停机过程,1,2025-07-19 05:51:19,2025-07-19 05:51:48,29,0.01
923,L10,#72,GW252/13600,(3)待机状态,3,2025-07-19 05:50:57,2025-07-19 05:51:19,22,0.01
924,L10,#72,GW252/13600,(2)停机状态,2,2025-07-19 05:50:56,2025-07-19 05:50:57,1,0
925,L10,#72,GW252/13600,(1)停机过程,1,2025-07-19 05:50:26,2025-07-19 05:50:56,30,0.01
926,L10,#72,GW252/13600,(3)待机状态,3,2025-07-19 05:50:03,2025-07-19 05:50:26,23,0.01
927,L10,#72,GW252/13600,(1)停机过程,1,2025-07-19 05:49:32,2025-07-19 05:50:03,31,0.01
928,L10,#72,GW252/13600,(3)待机状态,3,2025-07-19 05:49:10,2025-07-19 05:49:32,22,0.01
929,L10,#72,GW252/13600,(2)停机状态,2,2025-07-19 05:49:09,2025-07-19 05:49:10,1,0
930,L10,#72,GW252/13600,(1)停机过程,1,2025-07-19 05:48:40,2025-07-19 05:49:09,29,0.01
931,L10,#72,GW252/13600,(3)待机状态,3,2025-07-19 05:48:17,2025-07-19 05:48:40,23,0.01
932,L10,#72,GW252/13600,(2)停机状态,2,2025-07-19 05:48:16,2025-07-19 05:48:17,1,0
933,L10,#72,GW252/13600,(1)停机过程,1,2025-07-19 05:47:46,2025-07-19 05:48:16,30,0.01
934,L10,#72,GW252/13600,(3)待机状态,3,2025-07-19 05:47:24,2025-07-19 05:47:46,22,0.01
935,L10,#72,GW252/13600,(2)停机状态,2,2025-07-19 05:47:22,2025-07-19 05:47:24,2,0
936,L10,#72,GW252/13600,(1)停机过程,1,2025-07-19 05:46:53,2025-07-19 05:47:22,29,0.01
937,L10,#72,GW252/13600,(3)待机状态,3,2025-07-19 05:46:31,2025-07-19 05:46:53,22,0.01
938,L10,#72,GW252/13600,(2)停机状态,2,2025-07-19 05:46:29,2025-07-19 05:46:31,2,0
939,L10,#72,GW252/13600,(1)停机过程,1,2025-07-19 05:46:00,2025-07-19 05:46:29,29,0.01
940,L10,#72,GW252/13600,(3)待机状态,3,2025-07-19 05:45:38,2025-07-19 05:46:00,22,0.01
941,L10,#72,GW252/13600,(2)停机状态,2,2025-07-19 05:45:36,2025-07-19 05:45:38,2,0
942,L10,#72,GW252/13600,(1)停机过程,1,2025-07-19 05:45:07,2025-07-19 05:45:36,29,0.01
943,L10,#72,GW252/13600,(3)待机状态,3,2025-07-19 05:44:45,2025-07-19 05:45:07,22,0.01
944,L10,#72,GW252/13600,(2)停机状态,2,2025-07-19 05:44:43,2025-07-19 05:44:45,2,0
945,L10,#72,GW252/13600,(1)停机过程,1,2025-07-19 05:44:14,2025-07-19 05:44:43,29,0.01
946,L10,#72,GW252/13600,(3)待机状态,3,2025-07-19 05:43:52,2025-07-19 05:44:14,22,0.01
947,L10,#72,GW252/13600,(2)停机状态,2,2025-07-19 05:43:49,2025-07-19 05:43:52,3,0
948,L10,#72,GW252/13600,(1)停机过程,1,2025-07-19 05:43:21,2025-07-19 05:43:49,28,0.01
949,L10,#72,GW252/13600,(3)待机状态,3,2025-07-19 05:42:58,2025-07-19 05:43:21,23,0.01
950,L10,#72,GW252/13600,(2)停机状态,2,2025-07-19 05:42:57,2025-07-19 05:42:58,1,0
951,L10,#72,GW252/13600,(1)停机过程,1,2025-07-19 05:42:28,2025-07-19 05:42:57,29,0.01
952,L10,#72,GW252/13600,(3)待机状态,3,2025-07-19 05:42:06,2025-07-19 05:42:28,22,0.01
953,L10,#72,GW252/13600,(1)停机过程,1,2025-07-19 05:41:34,2025-07-19 05:42:06,32,0.01
954,L10,#72,GW252/13600,(3)待机状态,3,2025-07-19 05:21:21,2025-07-19 05:41:34,1213,0.34
955,L10,#72,GW252/13600,(2)停机状态,2,2025-07-19 05:21:20,2025-07-19 05:21:21,1,0
956,L10,#72,GW252/13600,(1)停机过程,1,2025-07-19 05:20:49,2025-07-19 05:21:20,31,0.01
957,L10,#72,GW252/13600,(4)启机状态,4,2025-07-19 05:15:49,2025-07-19 05:20:49,300,0.08
958,L10,#72,GW252/13600,(3)待机状态,3,2025-07-19 05:14:20,2025-07-19 05:15:49,89,0.02
959,L10,#72,GW252/13600,(2)停机状态,2,2025-07-19 05:12:40,2025-07-19 05:14:20,100,0.03
960,L10,#72,GW252/13600,(1)停机过程,1,2025-07-19 05:11:42,2025-07-19 05:12:40,58,0.02
961,L10,#72,GW252/13600,(5)发电状态,5,2025-07-19 03:27:58,2025-07-19 05:11:42,6224,1.73
962,L10,#72,GW252/13600,(4)启机状态,4,2025-07-19 03:27:13,2025-07-19 03:27:58,45,0.01
963,L10,#72,GW252/13600,(3)待机状态,3,2025-07-19 03:26:35,2025-07-19 03:27:13,38,0.01
964,L10,#72,GW252/13600,(2)停机状态,2,2025-07-19 03:23:37,2025-07-19 03:26:35,178,0.05
965,L10,#72,GW252/13600,(1)停机过程,1,2025-07-19 03:22:42,2025-07-19 03:23:37,55,0.02
966,L10,#72,GW252/13600,(5)发电状态,5,2025-07-19 03:18:43,2025-07-19 03:22:42,239,0.07
967,L10,#72,GW252/13600,(4)启机状态,4,2025-07-19 03:18:04,2025-07-19 03:18:43,39,0.01
968,L10,#72,GW252/13600,(3)待机状态,3,2025-07-19 03:15:59,2025-07-19 03:18:04,125,0.03
969,L10,#72,GW252/13600,(2)停机状态,2,2025-07-19 03:15:58,2025-07-19 03:15:59,1,0
970,L10,#72,GW252/13600,(1)停机过程,1,2025-07-19 03:15:04,2025-07-19 03:15:58,54,0.02
971,L10,#72,GW252/13600,(4)启机状态,4,2025-07-19 03:13:33,2025-07-19 03:15:04,91,0.03
972,L10,#72,GW252/13600,(3)待机状态,3,2025-07-19 03:12:56,2025-07-19 03:13:33,37,0.01
973,L10,#72,GW252/13600,(2)停机状态,2,2025-07-19 03:12:54,2025-07-19 03:12:56,2,0
974,L10,#72,GW252/13600,(1)停机过程,1,2025-07-19 03:12:00,2025-07-19 03:12:54,54,0.02
975,L10,#72,GW252/13600,(5)发电状态,5,2025-07-19 01:01:29,2025-07-19 03:12:00,7831,2.18
976,L10,#72,GW252/13600,(4)启机状态,4,2025-07-19 00:57:21,2025-07-19 01:01:29,248,0.07
977,L10,#72,GW252/13600,(3)待机状态,3,2025-07-19 00:55:55,2025-07-19 00:57:21,86,0.02
978,L10,#72,GW252/13600,(2)停机状态,2,2025-07-19 00:55:54,2025-07-19 00:55:55,1,0
979,L10,#72,GW252/13600,(1)停机过程,1,2025-07-19 00:55:22,2025-07-19 00:55:54,32,0.01
980,L10,#72,GW252/13600,(4)启机状态,4,2025-07-19 00:50:22,2025-07-19 00:55:22,300,0.08
981,L10,#72,GW252/13600,(3)待机状态,3,2025-07-19 00:36:10,2025-07-19 00:50:22,852,0.24
982,L10,#72,GW252/13600,(2)停机状态,2,2025-07-19 00:35:04,2025-07-19 00:36:10,66,0.02
983,L10,#72,GW252/13600,(1)停机过程,1,2025-07-19 00:34:08,2025-07-19 00:35:04,56,0.02
984,L10,#72,GW252/13600,(5)发电状态,5,2025-07-19 00:01:10,2025-07-19 00:34:08,1978,0.55
985,L10,#72,GW252/13600,(4)启机状态,4,2025-07-18 23:58:34,2025-07-19 00:01:10,156,0.04
986,L10,#72,GW252/13600,(3)待机状态,3,2025-07-18 23:57:29,2025-07-18 23:58:34,65,0.02
987,L10,#72,GW252/13600,(2)停机状态,2,2025-07-18 23:57:26,2025-07-18 23:57:29,3,0
988,L10,#72,GW252/13600,(1)停机过程,1,2025-07-18 23:56:55,2025-07-18 23:57:26,31,0.01
989,L10,#72,GW252/13600,(4)启机状态,4,2025-07-18 23:51:55,2025-07-18 23:56:55,300,0.08
990,L10,#72,GW252/13600,(3)待机状态,3,2025-07-18 23:50:53,2025-07-18 23:51:55,62,0.02
991,L10,#72,GW252/13600,(2)停机状态,2,2025-07-18 23:50:51,2025-07-18 23:50:53,2,0
992,L10,#72,GW252/13600,(1)停机过程,1,2025-07-18 23:50:20,2025-07-18 23:50:51,31,0.01
993,L10,#72,GW252/13600,(4)启机状态,4,2025-07-18 23:45:19,2025-07-18 23:50:20,301,0.08
994,L10,#72,GW252/13600,(3)待机状态,3,2025-07-18 23:44:10,2025-07-18 23:45:19,69,0.02
995,L10,#72,GW252/13600,(1)停机过程,1,2025-07-18 23:43:38,2025-07-18 23:44:10,32,0.01
996,L10,#72,GW252/13600,(4)启机状态,4,2025-07-18 23:38:38,2025-07-18 23:43:38,300,0.08
997,L10,#72,GW252/13600,(3)待机状态,3,2025-07-18 23:37:21,2025-07-18 23:38:38,77,0.02
998,L10,#72,GW252/13600,(2)停机状态,2,2025-07-18 23:37:20,2025-07-18 23:37:21,1,0
999,L10,#72,GW252/13600,(1)停机过程,1,2025-07-18 23:36:48,2025-07-18 23:37:20,32,0.01
1000,L10,#72,GW252/13600,(4)启机状态,4,2025-07-18 23:31:48,2025-07-18 23:36:48,300,0.08
1001,L10,#72,GW252/13600,(3)待机状态,3,2025-07-18 23:30:20,2025-07-18 23:31:48,88,0.02
1002,L10,#72,GW252/13600,(2)停机状态,2,2025-07-18 23:29:54,2025-07-18 23:30:20,26,0.01
1003,L10,#72,GW252/13600,(1)停机过程,1,2025-07-18 23:29:22,2025-07-18 23:29:54,32,0.01
1004,L10,#72,GW252/13600,(4)启机状态,4,2025-07-18 23:24:22,2025-07-18 23:29:22,300,0.08
1005,L10,#72,GW252/13600,(3)待机状态,3,2025-07-18 23:22:11,2025-07-18 23:24:22,131,0.04
1006,L10,#72,GW252/13600,(2)停机状态,2,2025-07-18 23:22:09,2025-07-18 23:22:11,2,0
1007,L10,#72,GW252/13600,(1)停机过程,1,2025-07-18 23:21:37,2025-07-18 23:22:09,32,0.01
1008,L10,#72,GW252/13600,(4)启机状态,4,2025-07-18 23:16:37,2025-07-18 23:21:37,300,0.08
1009,L10,#72,GW252/13600,(3)待机状态,3,2025-07-18 23:02:04,2025-07-18 23:16:37,873,0.24
1010,L10,#72,GW252/13600,(2)停机状态,2,2025-07-18 23:02:02,2025-07-18 23:02:04,2,0
1011,L10,#72,GW252/13600,(1)停机过程,1,2025-07-18 23:01:04,2025-07-18 23:02:02,58,0.02
1012,L10,#72,GW252/13600,(5)发电状态,5,2025-07-18 21:42:44,2025-07-18 23:01:04,4700,1.31
1013,L10,#72,GW252/13600,(4)启机状态,4,2025-07-18 21:38:57,2025-07-18 21:42:44,227,0.06
1014,L10,#72,GW252/13600,(3)待机状态,3,2025-07-18 21:37:54,2025-07-18 21:38:57,63,0.02
1015,L10,#72,GW252/13600,(2)停机状态,2,2025-07-18 21:37:53,2025-07-18 21:37:54,1,0
1016,L10,#72,GW252/13600,(1)停机过程,1,2025-07-18 21:37:22,2025-07-18 21:37:53,31,0.01
1017,L10,#72,GW252/13600,(4)启机状态,4,2025-07-18 21:32:22,2025-07-18 21:37:22,300,0.08
1018,L10,#72,GW252/13600,(3)待机状态,3,2025-07-18 21:31:20,2025-07-18 21:32:22,62,0.02
1019,L10,#72,GW252/13600,(2)停机状态,2,2025-07-18 21:31:18,2025-07-18 21:31:20,2,0
1020,L10,#72,GW252/13600,(1)停机过程,1,2025-07-18 21:30:46,2025-07-18 21:31:18,32,0.01
1021,L10,#72,GW252/13600,(4)启机状态,4,2025-07-18 21:25:46,2025-07-18 21:30:46,300,0.08
1022,L10,#72,GW252/13600,(3)待机状态,3,2025-07-18 21:23:32,2025-07-18 21:25:46,134,0.04
1023,L10,#72,GW252/13600,(2)停机状态,2,2025-07-18 21:21:15,2025-07-18 21:23:32,137,0.04
1024,L10,#72,GW252/13600,(1)停机过程,1,2025-07-18 21:20:42,2025-07-18 21:21:15,33,0.01
1025,L10,#72,GW252/13600,(4)启机状态,4,2025-07-18 21:15:43,2025-07-18 21:20:42,299,0.08
1026,L10,#72,GW252/13600,(3)待机状态,3,2025-07-18 21:12:59,2025-07-18 21:15:43,164,0.05
1027,L10,#72,GW252/13600,(2)停机状态,2,2025-07-18 21:12:58,2025-07-18 21:12:59,1,0
1028,L10,#72,GW252/13600,(1)停机过程,1,2025-07-18 21:12:25,2025-07-18 21:12:58,33,0.01
1029,L10,#72,GW252/13600,(4)启机状态,4,2025-07-18 21:07:25,2025-07-18 21:12:25,300,0.08
1030,L10,#72,GW252/13600,(3)待机状态,3,2025-07-18 21:06:06,2025-07-18 21:07:25,79,0.02
1031,L10,#72,GW252/13600,(2)停机状态,2,2025-07-18 21:06:04,2025-07-18 21:06:06,2,0
1032,L10,#72,GW252/13600,(1)停机过程,1,2025-07-18 21:05:32,2025-07-18 21:06:04,32,0.01
1033,L10,#72,GW252/13600,(4)启机状态,4,2025-07-18 21:00:31,2025-07-18 21:05:32,301,0.08
1034,L10,#72,GW252/13600,(3)待机状态,3,2025-07-18 20:58:46,2025-07-18 21:00:31,105,0.03
1035,L10,#72,GW252/13600,(1)停机过程,1,2025-07-18 20:58:14,2025-07-18 20:58:46,32,0.01
1036,L10,#72,GW252/13600,(4)启机状态,4,2025-07-18 20:53:13,2025-07-18 20:58:14,301,0.08
1037,L10,#72,GW252/13600,(3)待机状态,3,2025-07-18 20:51:53,2025-07-18 20:53:13,80,0.02
1038,L10,#72,GW252/13600,(2)停机状态,2,2025-07-18 20:50:40,2025-07-18 20:51:53,73,0.02
1039,L10,#72,GW252/13600,(1)停机过程,1,2025-07-18 20:50:10,2025-07-18 20:50:40,30,0.01
1040,L10,#72,GW252/13600,(4)启机状态,4,2025-07-18 20:45:10,2025-07-18 20:50:10,300,0.08
1041,L10,#72,GW252/13600,(3)待机状态,3,2025-07-18 20:42:04,2025-07-18 20:45:10,186,0.05
1042,L10,#72,GW252/13600,(2)停机状态,2,2025-07-18 20:41:40,2025-07-18 20:42:04,24,0.01
1043,L10,#72,GW252/13600,(1)停机过程,1,2025-07-18 20:41:07,2025-07-18 20:41:40,33,0.01
1044,L10,#72,GW252/13600,(4)启机状态,4,2025-07-18 20:36:07,2025-07-18 20:41:07,300,0.08
1045,L10,#72,GW252/13600,(3)待机状态,3,2025-07-18 20:34:08,2025-07-18 20:36:07,119,0.03
1046,L10,#72,GW252/13600,(2)停机状态,2,2025-07-18 20:34:06,2025-07-18 20:34:08,2,0
1047,L10,#72,GW252/13600,(1)停机过程,1,2025-07-18 20:33:34,2025-07-18 20:34:06,32,0.01
1048,L10,#72,GW252/13600,(4)启机状态,4,2025-07-18 20:28:35,2025-07-18 20:33:34,299,0.08
1049,L10,#72,GW252/13600,(3)待机状态,3,2025-07-18 20:27:17,2025-07-18 20:28:35,78,0.02
1050,L10,#72,GW252/13600,(2)停机状态,2,2025-07-18 20:27:16,2025-07-18 20:27:17,1,0
1051,L10,#72,GW252/13600,(1)停机过程,1,2025-07-18 20:26:44,2025-07-18 20:27:16,32,0.01
1052,L10,#72,GW252/13600,(4)启机状态,4,2025-07-18 20:21:43,2025-07-18 20:26:44,301,0.08
1053,L10,#72,GW252/13600,(3)待机状态,3,2025-07-18 20:20:40,2025-07-18 20:21:43,63,0.02
1054,L10,#72,GW252/13600,(2)停机状态,2,2025-07-18 20:20:39,2025-07-18 20:20:40,1,0
1055,L10,#72,GW252/13600,(1)停机过程,1,2025-07-18 20:20:07,2025-07-18 20:20:39,32,0.01
1056,L10,#72,GW252/13600,(4)启机状态,4,2025-07-18 20:15:07,2025-07-18 20:20:07,300,0.08
1057,L10,#72,GW252/13600,(3)待机状态,3,2025-07-18 20:13:55,2025-07-18 20:15:07,72,0.02
1058,L10,#72,GW252/13600,(2)停机状态,2,2025-07-18 20:13:53,2025-07-18 20:13:55,2,0
1059,L10,#72,GW252/13600,(1)停机过程,1,2025-07-18 20:13:22,2025-07-18 20:13:53,31,0.01
1060,L10,#72,GW252/13600,(4)启机状态,4,2025-07-18 20:08:21,2025-07-18 20:13:22,301,0.08
1061,L10,#72,GW252/13600,(3)待机状态,3,2025-07-18 20:06:30,2025-07-18 20:08:21,111,0.03
1062,L10,#72,GW252/13600,(2)停机状态,2,2025-07-18 20:06:28,2025-07-18 20:06:30,2,0
1063,L10,#72,GW252/13600,(1)停机过程,1,2025-07-18 20:05:31,2025-07-18 20:06:28,57,0.02
1064,L10,#72,GW252/13600,(5)发电状态,5,2025-07-18 19:22:52,2025-07-18 20:05:31,2559,0.71
1065,L10,#72,GW252/13600,(4)启机状态,4,2025-07-18 19:19:20,2025-07-18 19:22:52,212,0.06
1066,L10,#72,GW252/13600,(3)待机状态,3,2025-07-18 19:18:07,2025-07-18 19:19:20,73,0.02
1067,L10,#72,GW252/13600,(1)停机过程,1,2025-07-18 19:17:35,2025-07-18 19:18:07,32,0.01
1068,L10,#72,GW252/13600,(4)启机状态,4,2025-07-18 19:12:35,2025-07-18 19:17:35,300,0.08
1069,L10,#72,GW252/13600,(3)待机状态,3,2025-07-18 19:11:19,2025-07-18 19:12:35,76,0.02
1070,L10,#72,GW252/13600,(2)停机状态,2,2025-07-18 19:11:14,2025-07-18 19:11:19,5,0
1071,L10,#72,GW252/13600,(1)停机过程,1,2025-07-18 19:10:43,2025-07-18 19:11:14,31,0.01
1072,L10,#72,GW252/13600,(4)启机状态,4,2025-07-18 19:05:42,2025-07-18 19:10:43,301,0.08
1073,L10,#72,GW252/13600,(3)待机状态,3,2025-07-18 19:04:31,2025-07-18 19:05:42,71,0.02
1074,L10,#72,GW252/13600,(1)停机过程,1,2025-07-18 19:03:59,2025-07-18 19:04:31,32,0.01
1075,L10,#72,GW252/13600,(4)启机状态,4,2025-07-18 18:58:59,2025-07-18 19:03:59,300,0.08
1076,L10,#72,GW252/13600,(3)待机状态,3,2025-07-18 18:57:31,2025-07-18 18:58:59,88,0.02
1077,L10,#72,GW252/13600,(2)停机状态,2,2025-07-18 18:53:12,2025-07-18 18:57:31,259,0.07
1078,L10,#72,GW252/13600,(1)停机过程,1,2025-07-18 18:52:41,2025-07-18 18:53:12,31,0.01
1079,L10,#72,GW252/13600,(4)启机状态,4,2025-07-18 18:47:40,2025-07-18 18:52:41,301,0.08
1080,L10,#72,GW252/13600,(3)待机状态,3,2025-07-18 18:46:29,2025-07-18 18:47:40,71,0.02
1081,L10,#72,GW252/13600,(2)停机状态,2,2025-07-18 18:45:02,2025-07-18 18:46:29,87,0.02
1082,L10,#72,GW252/13600,(1)停机过程,1,2025-07-18 18:44:30,2025-07-18 18:45:02,32,0.01
1083,L10,#72,GW252/13600,(4)启机状态,4,2025-07-18 18:39:30,2025-07-18 18:44:30,300,0.08
1084,L10,#72,GW252/13600,(3)待机状态,3,2025-07-18 18:38:17,2025-07-18 18:39:30,73,0.02
1085,L10,#72,GW252/13600,(2)停机状态,2,2025-07-18 18:36:45,2025-07-18 18:38:17,92,0.03
1086,L10,#72,GW252/13600,(1)停机过程,1,2025-07-18 18:36:13,2025-07-18 18:36:45,32,0.01
1087,L10,#72,GW252/13600,(4)启机状态,4,2025-07-18 18:31:13,2025-07-18 18:36:13,300,0.08
1088,L10,#72,GW252/13600,(3)待机状态,3,2025-07-18 18:30:04,2025-07-18 18:31:13,69,0.02
1089,L10,#72,GW252/13600,(2)停机状态,2,2025-07-18 18:30:02,2025-07-18 18:30:04,2,0
1090,L10,#72,GW252/13600,(1)停机过程,1,2025-07-18 18:29:06,2025-07-18 18:30:02,56,0.02
1091,L10,#72,GW252/13600,(4)启机状态,4,2025-07-18 18:24:05,2025-07-18 18:29:06,301,0.08
1092,L10,#72,GW252/13600,(3)待机状态,3,2025-07-18 18:23:04,2025-07-18 18:24:05,61,0.02
1093,L10,#72,GW252/13600,(2)停机状态,2,2025-07-18 18:23:03,2025-07-18 18:23:04,1,0
1094,L10,#72,GW252/13600,(1)停机过程,1,2025-07-18 18:22:31,2025-07-18 18:23:03,32,0.01
1095,L10,#72,GW252/13600,(4)启机状态,4,2025-07-18 18:17:31,2025-07-18 18:22:31,300,0.08
1096,L10,#72,GW252/13600,(3)待机状态,3,2025-07-18 18:16:26,2025-07-18 18:17:31,65,0.02
1097,L10,#72,GW252/13600,(2)停机状态,2,2025-07-18 18:16:24,2025-07-18 18:16:26,2,0
1098,L10,#72,GW252/13600,(1)停机过程,1,2025-07-18 18:15:53,2025-07-18 18:16:24,31,0.01
1099,L10,#72,GW252/13600,(4)启机状态,4,2025-07-18 18:10:53,2025-07-18 18:15:53,300,0.08
1100,L10,#72,GW252/13600,(3)待机状态,3,2025-07-18 18:09:51,2025-07-18 18:10:53,62,0.02
1101,L10,#72,GW252/13600,(2)停机状态,2,2025-07-18 18:09:50,2025-07-18 18:09:51,1,0
1102,L10,#72,GW252/13600,(1)停机过程,1,2025-07-18 18:09:18,2025-07-18 18:09:50,32,0.01
1103,L10,#72,GW252/13600,(4)启机状态,4,2025-07-18 18:04:18,2025-07-18 18:09:18,300,0.08
1104,L10,#72,GW252/13600,(3)待机状态,3,2025-07-18 18:03:20,2025-07-18 18:04:18,58,0.02
1105,L10,#72,GW252/13600,(2)停机状态,2,2025-07-18 18:03:18,2025-07-18 18:03:20,2,0
1106,L10,#72,GW252/13600,(1)停机过程,1,2025-07-18 18:02:47,2025-07-18 18:03:18,31,0.01
1107,L10,#72,GW252/13600,(4)启机状态,4,2025-07-18 17:57:47,2025-07-18 18:02:47,300,0.08
1108,L10,#72,GW252/13600,(3)待机状态,3,2025-07-18 17:55:20,2025-07-18 17:57:47,147,0.04
1109,L10,#72,GW252/13600,(2)停机状态,2,2025-07-18 17:55:19,2025-07-18 17:55:20,1,0
1110,L10,#72,GW252/13600,(1)停机过程,1,2025-07-18 17:54:46,2025-07-18 17:55:19,33,0.01
1111,L10,#72,GW252/13600,(4)启机状态,4,2025-07-18 17:49:46,2025-07-18 17:54:46,300,0.08
1112,L10,#72,GW252/13600,(3)待机状态,3,2025-07-18 17:46:32,2025-07-18 17:49:46,194,0.05
1113,L10,#72,GW252/13600,(2)停机状态,2,2025-07-18 17:46:30,2025-07-18 17:46:32,2,0
1114,L10,#72,GW252/13600,(1)停机过程,1,2025-07-18 17:45:34,2025-07-18 17:46:30,56,0.02
1115,L10,#72,GW252/13600,(5)发电状态,5,2025-07-18 15:04:10,2025-07-18 17:45:34,9684,2.69
1116,L10,#72,GW252/13600,(4)启机状态,4,2025-07-18 15:02:57,2025-07-18 15:04:10,73,0.02
1117,L10,#72,GW252/13600,(3)待机状态,3,2025-07-18 15:02:10,2025-07-18 15:02:57,47,0.01
1118,L10,#72,GW252/13600,(1)停机过程,1,2025-07-18 15:01:05,2025-07-18 15:02:10,65,0.02
1119,L10,#72,GW252/13600,(5)发电状态,5,2025-07-18 15:00:50,2025-07-18 15:01:05,15,0
1120,L10,#72,GW252/13600,(4)启机状态,4,2025-07-18 14:59:30,2025-07-18 15:00:50,80,0.02
1121,L10,#72,GW252/13600,(3)待机状态,3,2025-07-18 14:54:44,2025-07-18 14:59:30,286,0.08
1122,L10,#72,GW252/13600,(2)停机状态,2,2025-07-18 14:22:52,2025-07-18 14:54:44,1912,0.53
1123,L10,#72,GW252/13600,(1)停机过程,1,2025-07-18 14:21:47,2025-07-18 14:22:52,65,0.02
1124,L10,#72,GW252/13600,(5)发电状态,5,2025-07-17 16:50:46,2025-07-18 14:21:47,77461,21.52
1125,L10,#72,GW252/13600,(4)启机状态,4,2025-07-17 16:48:49,2025-07-17 16:50:46,117,0.03
1126,L10,#72,GW252/13600,(3)待机状态,3,2025-07-17 16:47:53,2025-07-17 16:48:49,56,0.02
1127,L10,#72,GW252/13600,(2)停机状态,2,2025-07-17 16:47:52,2025-07-17 16:47:53,1,0
1128,L10,#72,GW252/13600,(1)停机过程,1,2025-07-17 16:47:21,2025-07-17 16:47:52,31,0.01
1129,L10,#72,GW252/13600,(4)启机状态,4,2025-07-17 16:42:22,2025-07-17 16:47:21,299,0.08
1130,L10,#72,GW252/13600,(3)待机状态,3,2025-07-17 16:41:14,2025-07-17 16:42:22,68,0.02
1131,L10,#72,GW252/13600,(2)停机状态,2,2025-07-17 16:41:13,2025-07-17 16:41:14,1,0
1132,L10,#72,GW252/13600,(1)停机过程,1,2025-07-17 16:40:18,2025-07-17 16:41:13,55,0.02
1133,L10,#72,GW252/13600,(4)启机状态,4,2025-07-17 16:35:18,2025-07-17 16:40:18,300,0.08
1134,L10,#72,GW252/13600,(3)待机状态,3,2025-07-17 16:34:15,2025-07-17 16:35:18,63,0.02
1135,L10,#72,GW252/13600,(2)停机状态,2,2025-07-17 16:34:13,2025-07-17 16:34:15,2,0
1136,L10,#72,GW252/13600,(1)停机过程,1,2025-07-17 16:33:41,2025-07-17 16:34:13,32,0.01
1137,L10,#72,GW252/13600,(4)启机状态,4,2025-07-17 16:28:41,2025-07-17 16:33:41,300,0.08
1138,L10,#72,GW252/13600,(3)待机状态,3,2025-07-17 16:27:42,2025-07-17 16:28:41,59,0.02
1139,L10,#72,GW252/13600,(2)停机状态,2,2025-07-17 16:27:39,2025-07-17 16:27:42,3,0
1140,L10,#72,GW252/13600,(1)停机过程,1,2025-07-17 16:27:08,2025-07-17 16:27:39,31,0.01
1141,L10,#72,GW252/13600,(4)启机状态,4,2025-07-17 16:22:08,2025-07-17 16:27:08,300,0.08
1142,L10,#72,GW252/13600,(3)待机状态,3,2025-07-17 16:20:54,2025-07-17 16:22:08,74,0.02
1143,L10,#72,GW252/13600,(2)停机状态,2,2025-07-17 16:20:53,2025-07-17 16:20:54,1,0
1144,L10,#72,GW252/13600,(1)停机过程,1,2025-07-17 16:20:21,2025-07-17 16:20:53,32,0.01
1145,L10,#72,GW252/13600,(4)启机状态,4,2025-07-17 16:15:21,2025-07-17 16:20:21,300,0.08
1146,L10,#72,GW252/13600,(3)待机状态,3,2025-07-17 16:13:44,2025-07-17 16:15:21,97,0.03
1147,L10,#72,GW252/13600,(2)停机状态,2,2025-07-17 16:13:43,2025-07-17 16:13:44,1,0
1148,L10,#72,GW252/13600,(1)停机过程,1,2025-07-17 16:13:12,2025-07-17 16:13:43,31,0.01
1149,L10,#72,GW252/13600,(4)启机状态,4,2025-07-17 16:08:11,2025-07-17 16:13:12,301,0.08
1150,L10,#72,GW252/13600,(3)待机状态,3,2025-07-17 09:49:21,2025-07-17 16:08:11,22730,6.31
1151,L10,#72,GW252/13600,(2)停机状态,2,2025-07-17 09:48:44,2025-07-17 09:49:21,37,0.01
1152,L10,#72,GW252/13600,(1)停机过程,1,2025-07-17 09:48:13,2025-07-17 09:48:44,31,0.01
1153,L10,#72,GW252/13600,(4)启机状态,4,2025-07-17 09:43:13,2025-07-17 09:48:13,300,0.08
1154,L10,#72,GW252/13600,(3)待机状态,3,2025-07-17 09:29:42,2025-07-17 09:43:13,811,0.23
1155,L10,#72,GW252/13600,(2)停机状态,2,2025-07-17 09:28:37,2025-07-17 09:29:42,65,0.02
1156,L10,#72,GW252/13600,(1)停机过程,1,2025-07-17 09:28:04,2025-07-17 09:28:37,33,0.01
1157,L10,#72,GW252/13600,(4)启机状态,4,2025-07-17 09:23:04,2025-07-17 09:28:04,300,0.08
1158,L10,#72,GW252/13600,(3)待机状态,3,2025-07-17 09:16:05,2025-07-17 09:23:04,419,0.12
1159,L10,#72,GW252/13600,(2)停机状态,2,2025-07-17 09:15:23,2025-07-17 09:16:05,42,0.01
1160,L10,#72,GW252/13600,(1)停机过程,1,2025-07-17 09:14:51,2025-07-17 09:15:23,32,0.01
1161,L10,#72,GW252/13600,(4)启机状态,4,2025-07-17 09:09:51,2025-07-17 09:14:51,300,0.08
1162,L10,#72,GW252/13600,(3)待机状态,3,2025-07-17 09:08:20,2025-07-17 09:09:51,91,0.03
1163,L10,#72,GW252/13600,(2)停机状态,2,2025-07-17 09:08:19,2025-07-17 09:08:20,1,0
1164,L10,#72,GW252/13600,(1)停机过程,1,2025-07-17 09:07:47,2025-07-17 09:08:19,32,0.01
1165,L10,#72,GW252/13600,(4)启机状态,4,2025-07-17 09:02:46,2025-07-17 09:07:47,301,0.08
1166,L10,#72,GW252/13600,(3)待机状态,3,2025-07-17 08:40:09,2025-07-17 09:02:46,1357,0.38
1167,L10,#72,GW252/13600,(2)停机状态,2,2025-07-17 08:38:40,2025-07-17 08:40:09,89,0.02
1168,L10,#72,GW252/13600,(1)停机过程,1,2025-07-17 08:38:08,2025-07-17 08:38:40,32,0.01
1169,L10,#72,GW252/13600,(4)启机状态,4,2025-07-17 08:33:08,2025-07-17 08:38:08,300,0.08
1170,L10,#72,GW252/13600,(3)待机状态,3,2025-07-17 08:04:46,2025-07-17 08:33:08,1702,0.47
1171,L10,#72,GW252/13600,(2)停机状态,2,2025-07-17 08:04:05,2025-07-17 08:04:46,41,0.01
1172,L10,#72,GW252/13600,(1)停机过程,1,2025-07-17 08:03:34,2025-07-17 08:04:05,31,0.01
1173,L10,#72,GW252/13600,(4)启机状态,4,2025-07-17 07:58:33,2025-07-17 08:03:34,301,0.08
1174,L10,#72,GW252/13600,(3)待机状态,3,2025-07-17 07:49:16,2025-07-17 07:58:33,557,0.15
1175,L10,#72,GW252/13600,(2)停机状态,2,2025-07-17 07:47:31,2025-07-17 07:49:16,105,0.03
1176,L10,#72,GW252/13600,(1)停机过程,1,2025-07-17 07:46:34,2025-07-17 07:47:31,57,0.02
1177,L10,#72,GW252/13600,(5)发电状态,5,2025-07-16 19:45:24,2025-07-17 07:46:34,43270,12.02
1178,L10,#72,GW252/13600,(4)启机状态,4,2025-07-16 19:42:10,2025-07-16 19:45:24,194,0.05
1179,L10,#72,GW252/13600,(3)待机状态,3,2025-07-16 19:41:07,2025-07-16 19:42:10,63,0.02
1180,L10,#72,GW252/13600,(2)停机状态,2,2025-07-16 19:41:06,2025-07-16 19:41:07,1,0
1181,L10,#72,GW252/13600,(1)停机过程,1,2025-07-16 19:40:36,2025-07-16 19:41:06,30,0.01
1182,L10,#72,GW252/13600,(4)启机状态,4,2025-07-16 19:35:36,2025-07-16 19:40:36,300,0.08
1183,L10,#72,GW252/13600,(3)待机状态,3,2025-07-16 19:34:24,2025-07-16 19:35:36,72,0.02
1184,L10,#72,GW252/13600,(1)停机过程,1,2025-07-16 19:33:51,2025-07-16 19:34:24,33,0.01
1185,L10,#72,GW252/13600,(4)启机状态,4,2025-07-16 19:28:51,2025-07-16 19:33:51,300,0.08
1186,L10,#72,GW252/13600,(3)待机状态,3,2025-07-16 19:27:40,2025-07-16 19:28:51,71,0.02
1187,L10,#72,GW252/13600,(1)停机过程,1,2025-07-16 19:27:09,2025-07-16 19:27:40,31,0.01
1188,L10,#72,GW252/13600,(4)启机状态,4,2025-07-16 19:22:08,2025-07-16 19:27:09,301,0.08
1189,L10,#72,GW252/13600,(3)待机状态,3,2025-07-16 18:32:56,2025-07-16 19:22:08,2952,0.82
1190,L10,#72,GW252/13600,(1)停机过程,1,2025-07-16 18:32:23,2025-07-16 18:32:56,33,0.01
1191,L10,#72,GW252/13600,(4)启机状态,4,2025-07-16 18:27:23,2025-07-16 18:32:23,300,0.08
1192,L10,#72,GW252/13600,(3)待机状态,3,2025-07-16 18:23:52,2025-07-16 18:27:23,211,0.06
1193,L10,#72,GW252/13600,(2)停机状态,2,2025-07-16 18:23:51,2025-07-16 18:23:52,1,0
1194,L10,#72,GW252/13600,(1)停机过程,1,2025-07-16 18:23:20,2025-07-16 18:23:51,31,0.01
1195,L10,#72,GW252/13600,(4)启机状态,4,2025-07-16 18:18:20,2025-07-16 18:23:20,300,0.08
1196,L10,#72,GW252/13600,(3)待机状态,3,2025-07-16 18:17:17,2025-07-16 18:18:20,63,0.02
1197,L10,#72,GW252/13600,(2)停机状态,2,2025-07-16 18:17:16,2025-07-16 18:17:17,1,0
1198,L10,#72,GW252/13600,(1)停机过程,1,2025-07-16 18:16:45,2025-07-16 18:17:16,31,0.01
1199,L10,#72,GW252/13600,(4)启机状态,4,2025-07-16 18:11:44,2025-07-16 18:16:45,301,0.08
1200,L10,#72,GW252/13600,(3)待机状态,3,2025-07-16 18:10:32,2025-07-16 18:11:44,72,0.02
1201,L10,#72,GW252/13600,(2)停机状态,2,2025-07-16 18:10:29,2025-07-16 18:10:32,3,0
1202,L10,#72,GW252/13600,(1)停机过程,1,2025-07-16 18:09:59,2025-07-16 18:10:29,30,0.01
1203,L10,#72,GW252/13600,(4)启机状态,4,2025-07-16 18:04:59,2025-07-16 18:09:59,300,0.08
1204,L10,#72,GW252/13600,(3)待机状态,3,2025-07-16 18:03:44,2025-07-16 18:04:59,75,0.02
1205,L10,#72,GW252/13600,(1)停机过程,1,2025-07-16 18:03:11,2025-07-16 18:03:44,33,0.01
1206,L10,#72,GW252/13600,(4)启机状态,4,2025-07-16 17:58:11,2025-07-16 18:03:11,300,0.08
1207,L10,#72,GW252/13600,(3)待机状态,3,2025-07-16 17:39:28,2025-07-16 17:58:11,1123,0.31
1208,L10,#72,GW252/13600,(2)停机状态,2,2025-07-16 17:39:26,2025-07-16 17:39:28,2,0
1209,L10,#72,GW252/13600,(1)停机过程,1,2025-07-16 17:38:54,2025-07-16 17:39:26,32,0.01
1210,L10,#72,GW252/13600,(4)启机状态,4,2025-07-16 17:33:55,2025-07-16 17:38:54,299,0.08
1211,L10,#72,GW252/13600,(3)待机状态,3,2025-07-16 17:32:32,2025-07-16 17:33:55,83,0.02
1212,L10,#72,GW252/13600,(2)停机状态,2,2025-07-16 17:32:30,2025-07-16 17:32:32,2,0
1213,L10,#72,GW252/13600,(1)停机过程,1,2025-07-16 17:31:58,2025-07-16 17:32:30,32,0.01
1214,L10,#72,GW252/13600,(4)启机状态,4,2025-07-16 17:26:57,2025-07-16 17:31:58,301,0.08
1215,L10,#72,GW252/13600,(3)待机状态,3,2025-07-16 17:25:30,2025-07-16 17:26:57,87,0.02
1216,L10,#72,GW252/13600,(2)停机状态,2,2025-07-16 17:25:28,2025-07-16 17:25:30,2,0
1217,L10,#72,GW252/13600,(1)停机过程,1,2025-07-16 17:24:58,2025-07-16 17:25:28,30,0.01
1218,L10,#72,GW252/13600,(4)启机状态,4,2025-07-16 17:19:58,2025-07-16 17:24:58,300,0.08
1219,L10,#72,GW252/13600,(3)待机状态,3,2025-07-16 17:18:48,2025-07-16 17:19:58,70,0.02
1220,L10,#72,GW252/13600,(2)停机状态,2,2025-07-16 17:18:46,2025-07-16 17:18:48,2,0
1221,L10,#72,GW252/13600,(1)停机过程,1,2025-07-16 17:18:14,2025-07-16 17:18:46,32,0.01
1222,L10,#72,GW252/13600,(4)启机状态,4,2025-07-16 17:13:14,2025-07-16 17:18:14,300,0.08
1223,L10,#72,GW252/13600,(3)待机状态,3,2025-07-16 17:10:38,2025-07-16 17:13:14,156,0.04
1224,L10,#72,GW252/13600,(2)停机状态,2,2025-07-16 17:10:37,2025-07-16 17:10:38,1,0
1225,L10,#72,GW252/13600,(1)停机过程,1,2025-07-16 17:10:06,2025-07-16 17:10:37,31,0.01
1226,L10,#72,GW252/13600,(4)启机状态,4,2025-07-16 17:05:05,2025-07-16 17:10:06,301,0.08
1227,L10,#72,GW252/13600,(3)待机状态,3,2025-07-16 17:03:55,2025-07-16 17:05:05,70,0.02
1228,L10,#72,GW252/13600,(2)停机状态,2,2025-07-16 17:03:54,2025-07-16 17:03:55,1,0
1229,L10,#72,GW252/13600,(1)停机过程,1,2025-07-16 17:03:24,2025-07-16 17:03:54,30,0.01
1230,L10,#72,GW252/13600,(4)启机状态,4,2025-07-16 16:58:24,2025-07-16 17:03:24,300,0.08
1231,L10,#72,GW252/13600,(3)待机状态,3,2025-07-16 16:53:01,2025-07-16 16:58:24,323,0.09
1232,L10,#72,GW252/13600,(2)停机状态,2,2025-07-16 16:52:59,2025-07-16 16:53:01,2,0
1233,L10,#72,GW252/13600,(1)停机过程,1,2025-07-16 16:52:29,2025-07-16 16:52:59,30,0.01
1234,L10,#72,GW252/13600,(4)启机状态,4,2025-07-16 16:47:29,2025-07-16 16:52:29,300,0.08
1235,L10,#72,GW252/13600,(3)待机状态,3,2025-07-16 16:45:37,2025-07-16 16:47:29,112,0.03
1236,L10,#72,GW252/13600,(1)停机过程,1,2025-07-16 16:45:05,2025-07-16 16:45:37,32,0.01
1237,L10,#72,GW252/13600,(4)启机状态,4,2025-07-16 16:40:05,2025-07-16 16:45:05,300,0.08
1238,L10,#72,GW252/13600,(3)待机状态,3,2025-07-16 16:38:40,2025-07-16 16:40:05,85,0.02
1239,L10,#72,GW252/13600,(2)停机状态,2,2025-07-16 16:38:39,2025-07-16 16:38:40,1,0
1240,L10,#72,GW252/13600,(1)停机过程,1,2025-07-16 16:38:07,2025-07-16 16:38:39,32,0.01
1241,L10,#72,GW252/13600,(4)启机状态,4,2025-07-16 16:33:07,2025-07-16 16:38:07,300,0.08
1242,L10,#72,GW252/13600,(3)待机状态,3,2025-07-16 16:31:51,2025-07-16 16:33:07,76,0.02
1243,L10,#72,GW252/13600,(1)停机过程,1,2025-07-16 16:31:19,2025-07-16 16:31:51,32,0.01
1244,L10,#72,GW252/13600,(4)启机状态,4,2025-07-16 16:26:18,2025-07-16 16:31:19,301,0.08
1245,L10,#72,GW252/13600,(3)待机状态,3,2025-07-16 16:11:43,2025-07-16 16:26:18,875,0.24
1246,L10,#72,GW252/13600,(2)停机状态,2,2025-07-16 16:11:42,2025-07-16 16:11:43,1,0
1247,L10,#72,GW252/13600,(1)停机过程,1,2025-07-16 16:11:10,2025-07-16 16:11:42,32,0.01
1248,L10,#72,GW252/13600,(4)启机状态,4,2025-07-16 16:06:10,2025-07-16 16:11:10,300,0.08
1249,L10,#72,GW252/13600,(3)待机状态,3,2025-07-16 16:02:31,2025-07-16 16:06:10,219,0.06
1250,L10,#72,GW252/13600,(2)停机状态,2,2025-07-16 16:02:30,2025-07-16 16:02:31,1,0
1251,L10,#72,GW252/13600,(1)停机过程,1,2025-07-16 16:01:58,2025-07-16 16:02:30,32,0.01
1252,L10,#72,GW252/13600,(4)启机状态,4,2025-07-16 15:56:58,2025-07-16 16:01:58,300,0.08
1253,L10,#72,GW252/13600,(3)待机状态,3,2025-07-16 15:55:50,2025-07-16 15:56:58,68,0.02
1254,L10,#72,GW252/13600,(2)停机状态,2,2025-07-16 15:55:49,2025-07-16 15:55:50,1,0
1255,L10,#72,GW252/13600,(1)停机过程,1,2025-07-16 15:55:18,2025-07-16 15:55:49,31,0.01
1256,L10,#72,GW252/13600,(4)启机状态,4,2025-07-16 15:50:17,2025-07-16 15:55:18,301,0.08
1257,L10,#72,GW252/13600,(3)待机状态,3,2025-07-16 15:49:15,2025-07-16 15:50:17,62,0.02
1258,L10,#72,GW252/13600,(2)停机状态,2,2025-07-16 15:49:14,2025-07-16 15:49:15,1,0
1259,L10,#72,GW252/13600,(1)停机过程,1,2025-07-16 15:48:43,2025-07-16 15:49:14,31,0.01
1260,L10,#72,GW252/13600,(4)启机状态,4,2025-07-16 15:43:43,2025-07-16 15:48:43,300,0.08
1261,L10,#72,GW252/13600,(3)待机状态,3,2025-07-16 15:42:34,2025-07-16 15:43:43,69,0.02
1262,L10,#72,GW252/13600,(2)停机状态,2,2025-07-16 15:42:32,2025-07-16 15:42:34,2,0
1263,L10,#72,GW252/13600,(1)停机过程,1,2025-07-16 15:42:00,2025-07-16 15:42:32,32,0.01
1264,L10,#72,GW252/13600,(4)启机状态,4,2025-07-16 15:37:00,2025-07-16 15:42:00,300,0.08
1265,L10,#72,GW252/13600,(3)待机状态,3,2025-07-16 15:35:58,2025-07-16 15:37:00,62,0.02
1266,L10,#72,GW252/13600,(2)停机状态,2,2025-07-16 15:35:57,2025-07-16 15:35:58,1,0
1267,L10,#72,GW252/13600,(1)停机过程,1,2025-07-16 15:35:25,2025-07-16 15:35:57,32,0.01
1268,L10,#72,GW252/13600,(4)启机状态,4,2025-07-16 15:30:25,2025-07-16 15:35:25,300,0.08
1269,L10,#72,GW252/13600,(3)待机状态,3,2025-07-16 15:29:22,2025-07-16 15:30:25,63,0.02
1270,L10,#72,GW252/13600,(2)停机状态,2,2025-07-16 15:29:21,2025-07-16 15:29:22,1,0
1271,L10,#72,GW252/13600,(1)停机过程,1,2025-07-16 15:28:49,2025-07-16 15:29:21,32,0.01
1272,L10,#72,GW252/13600,(4)启机状态,4,2025-07-16 15:23:49,2025-07-16 15:28:49,300,0.08
1273,L10,#72,GW252/13600,(3)待机状态,3,2025-07-16 15:22:41,2025-07-16 15:23:49,68,0.02
1274,L10,#72,GW252/13600,(2)停机状态,2,2025-07-16 15:22:38,2025-07-16 15:22:41,3,0
1275,L10,#72,GW252/13600,(1)停机过程,1,2025-07-16 15:22:07,2025-07-16 15:22:38,31,0.01
1276,L10,#72,GW252/13600,(4)启机状态,4,2025-07-16 15:17:07,2025-07-16 15:22:07,300,0.08
1277,L10,#72,GW252/13600,(3)待机状态,3,2025-07-16 15:16:00,2025-07-16 15:17:07,67,0.02
1278,L10,#72,GW252/13600,(2)停机状态,2,2025-07-16 15:15:59,2025-07-16 15:16:00,1,0
1279,L10,#72,GW252/13600,(1)停机过程,1,2025-07-16 15:15:27,2025-07-16 15:15:59,32,0.01
1280,L10,#72,GW252/13600,(4)启机状态,4,2025-07-16 15:10:27,2025-07-16 15:15:27,300,0.08
1281,L10,#72,GW252/13600,(3)待机状态,3,2025-07-16 15:09:18,2025-07-16 15:10:27,69,0.02
1282,L10,#72,GW252/13600,(2)停机状态,2,2025-07-16 15:09:17,2025-07-16 15:09:18,1,0
1283,L10,#72,GW252/13600,(1)停机过程,1,2025-07-16 15:08:45,2025-07-16 15:09:17,32,0.01
1284,L10,#72,GW252/13600,(4)启机状态,4,2025-07-16 15:03:45,2025-07-16 15:08:45,300,0.08
1285,L10,#72,GW252/13600,(3)待机状态,3,2025-07-16 15:02:25,2025-07-16 15:03:45,80,0.02
1286,L10,#72,GW252/13600,(2)停机状态,2,2025-07-16 15:02:23,2025-07-16 15:02:25,2,0
1287,L10,#72,GW252/13600,(1)停机过程,1,2025-07-16 15:01:52,2025-07-16 15:02:23,31,0.01
1288,L10,#72,GW252/13600,(4)启机状态,4,2025-07-16 14:56:53,2025-07-16 15:01:52,299,0.08
1289,L10,#72,GW252/13600,(3)待机状态,3,2025-07-16 14:39:48,2025-07-16 14:56:53,1025,0.28
1290,L10,#72,GW252/13600,(2)停机状态,2,2025-07-16 14:39:46,2025-07-16 14:39:48,2,0
1291,L10,#72,GW252/13600,(1)停机过程,1,2025-07-16 14:39:13,2025-07-16 14:39:46,33,0.01
1292,L10,#72,GW252/13600,(4)启机状态,4,2025-07-16 14:34:13,2025-07-16 14:39:13,300,0.08
1293,L10,#72,GW252/13600,(3)待机状态,3,2025-07-16 14:32:23,2025-07-16 14:34:13,110,0.03
1294,L10,#72,GW252/13600,(2)停机状态,2,2025-07-16 14:32:22,2025-07-16 14:32:23,1,0
1295,L10,#72,GW252/13600,(1)停机过程,1,2025-07-16 14:31:50,2025-07-16 14:32:22,32,0.01
1296,L10,#72,GW252/13600,(4)启机状态,4,2025-07-16 14:26:50,2025-07-16 14:31:50,300,0.08
1297,L10,#72,GW252/13600,(3)待机状态,3,2025-07-16 14:25:36,2025-07-16 14:26:50,74,0.02
1298,L10,#72,GW252/13600,(2)停机状态,2,2025-07-16 14:25:35,2025-07-16 14:25:36,1,0
1299,L10,#72,GW252/13600,(1)停机过程,1,2025-07-16 14:25:03,2025-07-16 14:25:35,32,0.01
1300,L10,#72,GW252/13600,(4)启机状态,4,2025-07-16 14:20:03,2025-07-16 14:25:03,300,0.08
1301,L10,#72,GW252/13600,(3)待机状态,3,2025-07-16 13:51:52,2025-07-16 14:20:03,1691,0.47
1302,L10,#72,GW252/13600,(2)停机状态,2,2025-07-16 13:51:27,2025-07-16 13:51:52,25,0.01
1303,L10,#72,GW252/13600,(1)停机过程,1,2025-07-16 13:50:54,2025-07-16 13:51:27,33,0.01
1304,L10,#72,GW252/13600,(4)启机状态,4,2025-07-16 13:45:54,2025-07-16 13:50:54,300,0.08
1305,L10,#72,GW252/13600,(3)待机状态,3,2025-07-16 13:41:25,2025-07-16 13:45:54,269,0.07
1306,L10,#72,GW252/13600,(2)停机状态,2,2025-07-16 13:35:49,2025-07-16 13:41:25,336,0.09
1307,L10,#72,GW252/13600,(1)停机过程,1,2025-07-16 13:35:16,2025-07-16 13:35:49,33,0.01
1308,L10,#72,GW252/13600,(4)启机状态,4,2025-07-16 13:30:16,2025-07-16 13:35:16,300,0.08
1309,L10,#72,GW252/13600,(3)待机状态,3,2025-07-16 13:20:22,2025-07-16 13:30:16,594,0.17
1310,L10,#72,GW252/13600,(2)停机状态,2,2025-07-16 13:19:23,2025-07-16 13:20:22,59,0.02
1311,L10,#72,GW252/13600,(1)停机过程,1,2025-07-16 13:18:26,2025-07-16 13:19:23,57,0.02
1312,L10,#72,GW252/13600,(5)发电状态,5,2025-07-16 11:20:29,2025-07-16 13:18:26,7077,1.97
1313,L10,#72,GW252/13600,(4)启机状态,4,2025-07-16 11:18:44,2025-07-16 11:20:29,105,0.03
1314,L10,#72,GW252/13600,(3)待机状态,3,2025-07-16 11:17:41,2025-07-16 11:18:44,63,0.02
1315,L10,#72,GW252/13600,(2)停机状态,2,2025-07-16 11:17:39,2025-07-16 11:17:41,2,0
1316,L10,#72,GW252/13600,(1)停机过程,1,2025-07-16 11:17:07,2025-07-16 11:17:39,32,0.01
1317,L10,#72,GW252/13600,(4)启机状态,4,2025-07-16 11:12:07,2025-07-16 11:17:07,300,0.08
1318,L10,#72,GW252/13600,(3)待机状态,3,2025-07-16 11:10:40,2025-07-16 11:12:07,87,0.02
1319,L10,#72,GW252/13600,(2)停机状态,2,2025-07-16 11:10:06,2025-07-16 11:10:40,34,0.01
1320,L10,#72,GW252/13600,(1)停机过程,1,2025-07-16 11:09:09,2025-07-16 11:10:06,57,0.02
1321,L10,#72,GW252/13600,(5)发电状态,5,2025-07-15 14:35:34,2025-07-16 11:09:09,74015,20.56
1322,L10,#72,GW252/13600,(4)启机状态,4,2025-07-15 14:31:09,2025-07-15 14:35:34,265,0.07
1323,L10,#72,GW252/13600,(3)待机状态,3,2025-07-15 14:29:55,2025-07-15 14:31:09,74,0.02
1324,L10,#72,GW252/13600,(2)停机状态,2,2025-07-15 14:29:53,2025-07-15 14:29:55,2,0
1325,L10,#72,GW252/13600,(1)停机过程,1,2025-07-15 14:29:20,2025-07-15 14:29:53,33,0.01
1326,L10,#72,GW252/13600,(4)启机状态,4,2025-07-15 14:24:19,2025-07-15 14:29:20,301,0.08
1327,L10,#72,GW252/13600,(3)待机状态,3,2025-07-15 14:23:15,2025-07-15 14:24:19,64,0.02
1328,L10,#72,GW252/13600,(2)停机状态,2,2025-07-15 14:23:13,2025-07-15 14:23:15,2,0
1329,L10,#72,GW252/13600,(1)停机过程,1,2025-07-15 14:22:42,2025-07-15 14:23:13,31,0.01
1330,L10,#72,GW252/13600,(4)启机状态,4,2025-07-15 14:17:41,2025-07-15 14:22:42,301,0.08
1331,L10,#72,GW252/13600,(3)待机状态,3,2025-07-15 14:16:22,2025-07-15 14:17:41,79,0.02
1332,L10,#72,GW252/13600,(2)停机状态,2,2025-07-15 14:16:21,2025-07-15 14:16:22,1,0
1333,L10,#72,GW252/13600,(1)停机过程,1,2025-07-15 14:15:48,2025-07-15 14:16:21,33,0.01
1334,L10,#72,GW252/13600,(4)启机状态,4,2025-07-15 14:10:49,2025-07-15 14:15:48,299,0.08
1335,L10,#72,GW252/13600,(3)待机状态,3,2025-07-15 14:07:57,2025-07-15 14:10:49,172,0.05
1336,L10,#72,GW252/13600,(2)停机状态,2,2025-07-15 14:07:56,2025-07-15 14:07:57,1,0
1337,L10,#72,GW252/13600,(1)停机过程,1,2025-07-15 14:07:25,2025-07-15 14:07:56,31,0.01
1338,L10,#72,GW252/13600,(4)启机状态,4,2025-07-15 14:02:24,2025-07-15 14:07:25,301,0.08
1339,L10,#72,GW252/13600,(3)待机状态,3,2025-07-15 14:01:11,2025-07-15 14:02:24,73,0.02
1340,L10,#72,GW252/13600,(2)停机状态,2,2025-07-15 14:01:09,2025-07-15 14:01:11,2,0
1341,L10,#72,GW252/13600,(1)停机过程,1,2025-07-15 14:00:37,2025-07-15 14:01:09,32,0.01
1342,L10,#72,GW252/13600,(4)启机状态,4,2025-07-15 13:55:37,2025-07-15 14:00:37,300,0.08
1343,L10,#72,GW252/13600,(3)待机状态,3,2025-07-15 13:54:16,2025-07-15 13:55:37,81,0.02
1344,L10,#72,GW252/13600,(2)停机状态,2,2025-07-15 13:54:14,2025-07-15 13:54:16,2,0
1345,L10,#72,GW252/13600,(1)停机过程,1,2025-07-15 13:53:43,2025-07-15 13:54:14,31,0.01
1346,L10,#72,GW252/13600,(4)启机状态,4,2025-07-15 13:48:43,2025-07-15 13:53:43,300,0.08
1347,L10,#72,GW252/13600,(3)待机状态,3,2025-07-15 13:47:26,2025-07-15 13:48:43,77,0.02
1348,L10,#72,GW252/13600,(1)停机过程,1,2025-07-15 13:46:53,2025-07-15 13:47:26,33,0.01
1349,L10,#72,GW252/13600,(4)启机状态,4,2025-07-15 13:41:53,2025-07-15 13:46:53,300,0.08
1350,L10,#72,GW252/13600,(3)待机状态,3,2025-07-15 13:37:57,2025-07-15 13:41:53,236,0.07
1351,L10,#72,GW252/13600,(2)停机状态,2,2025-07-15 13:37:51,2025-07-15 13:37:57,6,0
1352,L10,#72,GW252/13600,(1)停机过程,1,2025-07-15 13:37:19,2025-07-15 13:37:51,32,0.01
1353,L10,#72,GW252/13600,(4)启机状态,4,2025-07-15 13:32:19,2025-07-15 13:37:19,300,0.08
1354,L10,#72,GW252/13600,(3)待机状态,3,2025-07-15 13:18:47,2025-07-15 13:32:19,812,0.23
1355,L10,#72,GW252/13600,(2)停机状态,2,2025-07-15 13:18:09,2025-07-15 13:18:47,38,0.01
1356,L10,#72,GW252/13600,(1)停机过程,1,2025-07-15 13:17:37,2025-07-15 13:18:09,32,0.01
1357,L10,#72,GW252/13600,(4)启机状态,4,2025-07-15 13:12:38,2025-07-15 13:17:37,299,0.08
1358,L10,#72,GW252/13600,(3)待机状态,3,2025-07-15 13:05:58,2025-07-15 13:12:38,400,0.11
1359,L10,#72,GW252/13600,(2)停机状态,2,2025-07-15 13:05:57,2025-07-15 13:05:58,1,0
1360,L10,#72,GW252/13600,(1)停机过程,1,2025-07-15 13:05:25,2025-07-15 13:05:57,32,0.01
1361,L10,#72,GW252/13600,(4)启机状态,4,2025-07-15 13:00:24,2025-07-15 13:05:25,301,0.08
1362,L10,#72,GW252/13600,(3)待机状态,3,2025-07-15 12:58:20,2025-07-15 13:00:24,124,0.03
1363,L10,#72,GW252/13600,(2)停机状态,2,2025-07-15 12:58:18,2025-07-15 12:58:20,2,0
1364,L10,#72,GW252/13600,(1)停机过程,1,2025-07-15 12:57:47,2025-07-15 12:58:18,31,0.01
1365,L10,#72,GW252/13600,(4)启机状态,4,2025-07-15 12:52:46,2025-07-15 12:57:47,301,0.08
1366,L10,#72,GW252/13600,(3)待机状态,3,2025-07-15 12:51:46,2025-07-15 12:52:46,60,0.02
1367,L10,#72,GW252/13600,(2)停机状态,2,2025-07-15 12:47:52,2025-07-15 12:51:46,234,0.07
1368,L10,#72,GW252/13600,(1)停机过程,1,2025-07-15 12:47:20,2025-07-15 12:47:52,32,0.01
1369,L10,#72,GW252/13600,(4)启机状态,4,2025-07-15 12:42:21,2025-07-15 12:47:20,299,0.08
1370,L10,#72,GW252/13600,(3)待机状态,3,2025-07-15 12:40:43,2025-07-15 12:42:21,98,0.03
1371,L10,#72,GW252/13600,(2)停机状态,2,2025-07-15 12:37:57,2025-07-15 12:40:43,166,0.05
1372,L10,#72,GW252/13600,(1)停机过程,1,2025-07-15 12:37:00,2025-07-15 12:37:57,57,0.02
1373,L10,#72,GW252/13600,(5)发电状态,5,2025-07-14 22:06:09,2025-07-15 12:37:00,52251,14.51
1374,L10,#72,GW252/13600,(4)启机状态,4,2025-07-14 22:01:20,2025-07-14 22:06:09,289,0.08
1375,L10,#72,GW252/13600,(3)待机状态,3,2025-07-14 21:59:51,2025-07-14 22:01:20,89,0.02
1376,L10,#72,GW252/13600,(2)停机状态,2,2025-07-14 21:59:50,2025-07-14 21:59:51,1,0
1377,L10,#72,GW252/13600,(1)停机过程,1,2025-07-14 21:59:18,2025-07-14 21:59:50,32,0.01
1378,L10,#72,GW252/13600,(4)启机状态,4,2025-07-14 21:54:18,2025-07-14 21:59:18,300,0.08
1379,L10,#72,GW252/13600,(3)待机状态,3,2025-07-14 21:53:16,2025-07-14 21:54:18,62,0.02
1380,L10,#72,GW252/13600,(2)停机状态,2,2025-07-14 21:53:14,2025-07-14 21:53:16,2,0
1381,L10,#72,GW252/13600,(1)停机过程,1,2025-07-14 21:52:42,2025-07-14 21:53:14,32,0.01
1382,L10,#72,GW252/13600,(4)启机状态,4,2025-07-14 21:47:43,2025-07-14 21:52:42,299,0.08
1383,L10,#72,GW252/13600,(3)待机状态,3,2025-07-14 21:46:19,2025-07-14 21:47:43,84,0.02
1384,L10,#72,GW252/13600,(2)停机状态,2,2025-07-14 21:46:17,2025-07-14 21:46:19,2,0
1385,L10,#72,GW252/13600,(1)停机过程,1,2025-07-14 21:45:45,2025-07-14 21:46:17,32,0.01
1386,L10,#72,GW252/13600,(4)启机状态,4,2025-07-14 21:40:45,2025-07-14 21:45:45,300,0.08
1387,L10,#72,GW252/13600,(3)待机状态,3,2025-07-14 21:39:35,2025-07-14 21:40:45,70,0.02
1388,L10,#72,GW252/13600,(2)停机状态,2,2025-07-14 21:39:33,2025-07-14 21:39:35,2,0
1389,L10,#72,GW252/13600,(1)停机过程,1,2025-07-14 21:39:03,2025-07-14 21:39:33,30,0.01
1390,L10,#72,GW252/13600,(4)启机状态,4,2025-07-14 21:34:03,2025-07-14 21:39:03,300,0.08
1391,L10,#72,GW252/13600,(3)待机状态,3,2025-07-14 21:32:54,2025-07-14 21:34:03,69,0.02
1392,L10,#72,GW252/13600,(2)停机状态,2,2025-07-14 21:32:53,2025-07-14 21:32:54,1,0
1393,L10,#72,GW252/13600,(1)停机过程,1,2025-07-14 21:32:21,2025-07-14 21:32:53,32,0.01
1394,L10,#72,GW252/13600,(4)启机状态,4,2025-07-14 21:27:21,2025-07-14 21:32:21,300,0.08
1395,L10,#72,GW252/13600,(3)待机状态,3,2025-07-14 21:26:20,2025-07-14 21:27:21,61,0.02
1396,L10,#72,GW252/13600,(2)停机状态,2,2025-07-14 21:26:18,2025-07-14 21:26:20,2,0
1397,L10,#72,GW252/13600,(1)停机过程,1,2025-07-14 21:25:47,2025-07-14 21:26:18,31,0.01
1398,L10,#72,GW252/13600,(4)启机状态,4,2025-07-14 21:20:47,2025-07-14 21:25:47,300,0.08
1399,L10,#72,GW252/13600,(3)待机状态,3,2025-07-14 21:19:43,2025-07-14 21:20:47,64,0.02
1400,L10,#72,GW252/13600,(2)停机状态,2,2025-07-14 21:19:42,2025-07-14 21:19:43,1,0
1401,L10,#72,GW252/13600,(1)停机过程,1,2025-07-14 21:19:09,2025-07-14 21:19:42,33,0.01
1402,L10,#72,GW252/13600,(4)启机状态,4,2025-07-14 21:14:09,2025-07-14 21:19:09,300,0.08
1403,L10,#72,GW252/13600,(3)待机状态,3,2025-07-14 21:13:00,2025-07-14 21:14:09,69,0.02
1404,L10,#72,GW252/13600,(2)停机状态,2,2025-07-14 21:12:59,2025-07-14 21:13:00,1,0
1405,L10,#72,GW252/13600,(1)停机过程,1,2025-07-14 21:12:28,2025-07-14 21:12:59,31,0.01
1406,L10,#72,GW252/13600,(4)启机状态,4,2025-07-14 21:07:28,2025-07-14 21:12:28,300,0.08
1407,L10,#72,GW252/13600,(3)待机状态,3,2025-07-14 21:06:26,2025-07-14 21:07:28,62,0.02
1408,L10,#72,GW252/13600,(2)停机状态,2,2025-07-14 21:06:25,2025-07-14 21:06:26,1,0
1409,L10,#72,GW252/13600,(1)停机过程,1,2025-07-14 21:05:52,2025-07-14 21:06:25,33,0.01
1410,L10,#72,GW252/13600,(4)启机状态,4,2025-07-14 21:00:52,2025-07-14 21:05:52,300,0.08
1411,L10,#72,GW252/13600,(3)待机状态,3,2025-07-14 20:51:38,2025-07-14 21:00:52,554,0.15
1412,L10,#72,GW252/13600,(2)停机状态,2,2025-07-14 20:51:37,2025-07-14 20:51:38,1,0
1413,L10,#72,GW252/13600,(1)停机过程,1,2025-07-14 20:51:04,2025-07-14 20:51:37,33,0.01
1414,L10,#72,GW252/13600,(4)启机状态,4,2025-07-14 20:46:05,2025-07-14 20:51:04,299,0.08
1415,L10,#72,GW252/13600,(3)待机状态,3,2025-07-14 20:35:25,2025-07-14 20:46:05,640,0.18
1416,L10,#72,GW252/13600,(2)停机状态,2,2025-07-14 20:35:24,2025-07-14 20:35:25,1,0
1417,L10,#72,GW252/13600,(1)停机过程,1,2025-07-14 20:34:54,2025-07-14 20:35:24,30,0.01
1418,L10,#72,GW252/13600,(4)启机状态,4,2025-07-14 20:29:54,2025-07-14 20:34:54,300,0.08
1419,L10,#72,GW252/13600,(3)待机状态,3,2025-07-14 19:03:24,2025-07-14 20:29:54,5190,1.44
1420,L10,#72,GW252/13600,(2)停机状态,2,2025-07-14 19:00:50,2025-07-14 19:03:24,154,0.04
1421,L10,#72,GW252/13600,(1)停机过程,1,2025-07-14 19:00:18,2025-07-14 19:00:50,32,0.01
1422,L10,#72,GW252/13600,(4)启机状态,4,2025-07-14 18:55:18,2025-07-14 19:00:18,300,0.08
1423,L10,#72,GW252/13600,(3)待机状态,3,2025-07-14 18:46:42,2025-07-14 18:55:18,516,0.14
1424,L10,#72,GW252/13600,(2)停机状态,2,2025-07-14 18:46:39,2025-07-14 18:46:42,3,0
1425,L10,#72,GW252/13600,(1)停机过程,1,2025-07-14 18:46:08,2025-07-14 18:46:39,31,0.01
1426,L10,#72,GW252/13600,(4)启机状态,4,2025-07-14 18:41:08,2025-07-14 18:46:08,300,0.08
1427,L10,#72,GW252/13600,(3)待机状态,3,2025-07-14 18:02:01,2025-07-14 18:41:08,2347,0.65
1428,L10,#72,GW252/13600,(2)停机状态,2,2025-07-14 18:01:13,2025-07-14 18:02:01,48,0.01
1429,L10,#72,GW252/13600,(1)停机过程,1,2025-07-14 18:00:42,2025-07-14 18:01:13,31,0.01
1430,L10,#72,GW252/13600,(4)启机状态,4,2025-07-14 17:55:41,2025-07-14 18:00:42,301,0.08
1431,L10,#72,GW252/13600,(3)待机状态,3,2025-07-14 17:30:20,2025-07-14 17:55:41,1521,0.42
1432,L10,#72,GW252/13600,(2)停机状态,2,2025-07-14 17:28:11,2025-07-14 17:30:20,129,0.04
1433,L10,#72,GW252/13600,(1)停机过程,1,2025-07-14 17:27:14,2025-07-14 17:28:11,57,0.02
1434,L10,#72,GW252/13600,(5)发电状态,5,2025-07-14 16:18:01,2025-07-14 17:27:14,4153,1.15
1435,L10,#72,GW252/13600,(4)启机状态,4,2025-07-14 16:15:52,2025-07-14 16:18:01,129,0.04
1436,L10,#72,GW252/13600,(3)待机状态,3,2025-07-14 16:14:57,2025-07-14 16:15:52,55,0.02
1437,L10,#72,GW252/13600,(2)停机状态,2,2025-07-14 16:14:55,2025-07-14 16:14:57,2,0
1438,L10,#72,GW252/13600,(1)停机过程,1,2025-07-14 16:14:25,2025-07-14 16:14:55,30,0.01
1439,L10,#72,GW252/13600,(4)启机状态,4,2025-07-14 16:09:25,2025-07-14 16:14:25,300,0.08
1440,L10,#72,GW252/13600,(3)待机状态,3,2025-07-14 16:08:21,2025-07-14 16:09:25,64,0.02
1441,L10,#72,GW252/13600,(2)停机状态,2,2025-07-14 16:08:20,2025-07-14 16:08:21,1,0
1442,L10,#72,GW252/13600,(1)停机过程,1,2025-07-14 16:07:47,2025-07-14 16:08:20,33,0.01
1443,L10,#72,GW252/13600,(4)启机状态,4,2025-07-14 16:02:47,2025-07-14 16:07:47,300,0.08
1444,L10,#72,GW252/13600,(3)待机状态,3,2025-07-14 16:01:20,2025-07-14 16:02:47,87,0.02
1445,L10,#72,GW252/13600,(2)停机状态,2,2025-07-14 16:01:19,2025-07-14 16:01:20,1,0
1446,L10,#72,GW252/13600,(1)停机过程,1,2025-07-14 16:00:48,2025-07-14 16:01:19,31,0.01
1447,L10,#72,GW252/13600,(4)启机状态,4,2025-07-14 15:55:48,2025-07-14 16:00:48,300,0.08
1448,L10,#72,GW252/13600,(3)待机状态,3,2025-07-14 15:54:47,2025-07-14 15:55:48,61,0.02
1449,L10,#72,GW252/13600,(2)停机状态,2,2025-07-14 15:54:44,2025-07-14 15:54:47,3,0
1450,L10,#72,GW252/13600,(1)停机过程,1,2025-07-14 15:54:12,2025-07-14 15:54:44,32,0.01
1451,L10,#72,GW252/13600,(4)启机状态,4,2025-07-14 15:49:11,2025-07-14 15:54:12,301,0.08
1452,L10,#72,GW252/13600,(3)待机状态,3,2025-07-14 15:48:06,2025-07-14 15:49:11,65,0.02
1453,L10,#72,GW252/13600,(1)停机过程,1,2025-07-14 15:47:35,2025-07-14 15:48:06,31,0.01
1454,L10,#72,GW252/13600,(4)启机状态,4,2025-07-14 15:42:35,2025-07-14 15:47:35,300,0.08
1455,L10,#72,GW252/13600,(3)待机状态,3,2025-07-14 15:41:35,2025-07-14 15:42:35,60,0.02
1456,L10,#72,GW252/13600,(2)停机状态,2,2025-07-14 15:41:33,2025-07-14 15:41:35,2,0
1457,L10,#72,GW252/13600,(1)停机过程,1,2025-07-14 15:41:00,2025-07-14 15:41:33,33,0.01
1458,L10,#72,GW252/13600,(4)启机状态,4,2025-07-14 15:36:00,2025-07-14 15:41:00,300,0.08
1459,L10,#72,GW252/13600,(3)待机状态,3,2025-07-14 15:34:50,2025-07-14 15:36:00,70,0.02
1460,L10,#72,GW252/13600,(2)停机状态,2,2025-07-14 15:34:48,2025-07-14 15:34:50,2,0
1461,L10,#72,GW252/13600,(1)停机过程,1,2025-07-14 15:34:17,2025-07-14 15:34:48,31,0.01
1462,L10,#72,GW252/13600,(4)启机状态,4,2025-07-14 15:29:17,2025-07-14 15:34:17,300,0.08
1463,L10,#72,GW252/13600,(3)待机状态,3,2025-07-14 15:28:12,2025-07-14 15:29:17,65,0.02
1464,L10,#72,GW252/13600,(2)停机状态,2,2025-07-14 15:26:09,2025-07-14 15:28:12,123,0.03
1465,L10,#72,GW252/13600,(1)停机过程,1,2025-07-14 15:25:37,2025-07-14 15:26:09,32,0.01
1466,L10,#72,GW252/13600,(4)启机状态,4,2025-07-14 15:20:37,2025-07-14 15:25:37,300,0.08
1467,L10,#72,GW252/13600,(3)待机状态,3,2025-07-14 15:18:53,2025-07-14 15:20:37,104,0.03
1468,L10,#72,GW252/13600,(1)停机过程,1,2025-07-14 15:18:21,2025-07-14 15:18:53,32,0.01
1469,L10,#72,GW252/13600,(4)启机状态,4,2025-07-14 15:13:21,2025-07-14 15:18:21,300,0.08
1470,L10,#72,GW252/13600,(3)待机状态,3,2025-07-14 15:11:40,2025-07-14 15:13:21,101,0.03
1471,L10,#72,GW252/13600,(2)停机状态,2,2025-07-14 15:11:39,2025-07-14 15:11:40,1,0
1472,L10,#72,GW252/13600,(1)停机过程,1,2025-07-14 15:11:07,2025-07-14 15:11:39,32,0.01
1473,L10,#72,GW252/13600,(4)启机状态,4,2025-07-14 15:06:07,2025-07-14 15:11:07,300,0.08
1474,L10,#72,GW252/13600,(3)待机状态,3,2025-07-14 15:04:46,2025-07-14 15:06:07,81,0.02
1475,L10,#72,GW252/13600,(2)停机状态,2,2025-07-14 15:04:45,2025-07-14 15:04:46,1,0
1476,L10,#72,GW252/13600,(1)停机过程,1,2025-07-14 15:04:14,2025-07-14 15:04:45,31,0.01
1477,L10,#72,GW252/13600,(4)启机状态,4,2025-07-14 14:59:14,2025-07-14 15:04:14,300,0.08
1478,L10,#72,GW252/13600,(3)待机状态,3,2025-07-14 14:57:54,2025-07-14 14:59:14,80,0.02
1479,L10,#72,GW252/13600,(2)停机状态,2,2025-07-14 14:57:52,2025-07-14 14:57:54,2,0
1480,L10,#72,GW252/13600,(1)停机过程,1,2025-07-14 14:57:19,2025-07-14 14:57:52,33,0.01
1481,L10,#72,GW252/13600,(4)启机状态,4,2025-07-14 14:52:20,2025-07-14 14:57:19,299,0.08
1482,L10,#72,GW252/13600,(3)待机状态,3,2025-07-14 14:14:45,2025-07-14 14:52:20,2255,0.63
1483,L10,#72,GW252/13600,(2)停机状态,2,2025-07-14 14:14:44,2025-07-14 14:14:45,1,0
1484,L10,#72,GW252/13600,(1)停机过程,1,2025-07-14 14:13:46,2025-07-14 14:14:44,58,0.02
1485,L10,#72,GW252/13600,(5)发电状态,5,2025-07-14 13:37:25,2025-07-14 14:13:46,2181,0.61
1486,L10,#72,GW252/13600,(4)启机状态,4,2025-07-14 13:35:34,2025-07-14 13:37:25,111,0.03
1487,L10,#72,GW252/13600,(3)待机状态,3,2025-07-14 13:34:37,2025-07-14 13:35:34,57,0.02
1488,L10,#72,GW252/13600,(2)停机状态,2,2025-07-14 13:34:35,2025-07-14 13:34:37,2,0
1489,L10,#72,GW252/13600,(1)停机过程,1,2025-07-14 13:34:04,2025-07-14 13:34:35,31,0.01
1490,L10,#72,GW252/13600,(4)启机状态,4,2025-07-14 13:29:05,2025-07-14 13:34:04,299,0.08
1491,L10,#72,GW252/13600,(3)待机状态,3,2025-07-14 13:27:54,2025-07-14 13:29:05,71,0.02
1492,L10,#72,GW252/13600,(2)停机状态,2,2025-07-14 13:27:53,2025-07-14 13:27:54,1,0
1493,L10,#72,GW252/13600,(1)停机过程,1,2025-07-14 13:27:21,2025-07-14 13:27:53,32,0.01
1494,L10,#72,GW252/13600,(4)启机状态,4,2025-07-14 13:22:21,2025-07-14 13:27:21,300,0.08
1495,L10,#72,GW252/13600,(3)待机状态,3,2025-07-14 13:21:20,2025-07-14 13:22:21,61,0.02
1496,L10,#72,GW252/13600,(2)停机状态,2,2025-07-14 13:21:19,2025-07-14 13:21:20,1,0
1497,L10,#72,GW252/13600,(1)停机过程,1,2025-07-14 13:20:47,2025-07-14 13:21:19,32,0.01
1498,L10,#72,GW252/13600,(4)启机状态,4,2025-07-14 13:15:48,2025-07-14 13:20:47,299,0.08
1499,L10,#72,GW252/13600,(3)待机状态,3,2025-07-14 13:14:12,2025-07-14 13:15:48,96,0.03
1500,L10,#72,GW252/13600,(1)停机过程,1,2025-07-14 13:13:40,2025-07-14 13:14:12,32,0.01
1501,L10,#72,GW252/13600,(4)启机状态,4,2025-07-14 13:08:40,2025-07-14 13:13:40,300,0.08
1502,L10,#72,GW252/13600,(3)待机状态,3,2025-07-14 13:07:35,2025-07-14 13:08:40,65,0.02
1503,L10,#72,GW252/13600,(2)停机状态,2,2025-07-14 13:07:33,2025-07-14 13:07:35,2,0
1504,L10,#72,GW252/13600,(1)停机过程,1,2025-07-14 13:07:01,2025-07-14 13:07:33,32,0.01
1505,L10,#72,GW252/13600,(4)启机状态,4,2025-07-14 13:02:01,2025-07-14 13:07:01,300,0.08
1506,L10,#72,GW252/13600,(3)待机状态,3,2025-07-14 13:00:41,2025-07-14 13:02:01,80,0.02
1507,L10,#72,GW252/13600,(2)停机状态,2,2025-07-14 13:00:40,2025-07-14 13:00:41,1,0
1508,L10,#72,GW252/13600,(1)停机过程,1,2025-07-14 13:00:08,2025-07-14 13:00:40,32,0.01
1509,L10,#72,GW252/13600,(4)启机状态,4,2025-07-14 12:55:09,2025-07-14 13:00:08,299,0.08
1510,L10,#72,GW252/13600,(3)待机状态,3,2025-07-14 12:17:15,2025-07-14 12:55:09,2274,0.63
1511,L10,#72,GW252/13600,(1)停机过程,1,2025-07-14 12:16:43,2025-07-14 12:17:15,32,0.01
1512,L10,#72,GW252/13600,(4)启机状态,4,2025-07-14 12:11:44,2025-07-14 12:16:43,299,0.08
1513,L10,#72,GW252/13600,(3)待机状态,3,2025-07-14 12:07:52,2025-07-14 12:11:44,232,0.06
1514,L10,#72,GW252/13600,(2)停机状态,2,2025-07-14 12:05:50,2025-07-14 12:07:52,122,0.03
1515,L10,#72,GW252/13600,(1)停机过程,1,2025-07-14 12:04:54,2025-07-14 12:05:50,56,0.02
1516,L10,#72,GW252/13600,(5)发电状态,5,2025-07-14 11:06:11,2025-07-14 12:04:54,3523,0.98
1517,L10,#72,GW252/13600,(4)启机状态,4,2025-07-14 11:05:23,2025-07-14 11:06:11,48,0.01
1518,L10,#72,GW252/13600,(3)待机状态,3,2025-07-14 10:59:33,2025-07-14 11:05:23,350,0.1
1519,L10,#72,GW252/13600,(2)停机状态,2,2025-07-14 10:59:32,2025-07-14 10:59:33,1,0
1520,L10,#72,GW252/13600,(1)停机过程,1,2025-07-14 10:58:39,2025-07-14 10:59:32,53,0.01
1521,L10,#72,GW252/13600,(5)发电状态,5,2025-07-14 10:49:47,2025-07-14 10:58:39,532,0.15
1522,L10,#72,GW252/13600,(4)启机状态,4,2025-07-14 10:48:55,2025-07-14 10:49:47,52,0.01
1523,L10,#72,GW252/13600,(3)待机状态,3,2025-07-14 10:46:22,2025-07-14 10:48:55,153,0.04
1524,L10,#72,GW252/13600,(2)停机状态,2,2025-07-14 10:46:20,2025-07-14 10:46:22,2,0
1525,L10,#72,GW252/13600,(1)停机过程,1,2025-07-14 10:45:49,2025-07-14 10:46:20,31,0.01
1526,L10,#72,GW252/13600,(3)待机状态,3,2025-07-14 10:45:18,2025-07-14 10:45:49,31,0.01
1527,L10,#72,GW252/13600,(2)停机状态,2,2025-07-14 10:45:17,2025-07-14 10:45:18,1,0
1528,L10,#72,GW252/13600,(1)停机过程,1,2025-07-14 10:44:25,2025-07-14 10:45:17,52,0.01
1529,L10,#72,GW252/13600,(5)发电状态,5,2025-07-14 00:14:31,2025-07-14 10:44:25,37794,10.5
1530,L10,#72,GW252/13600,(4)启机状态,4,2025-07-14 00:12:19,2025-07-14 00:14:31,132,0.04
1531,L10,#72,GW252/13600,(3)待机状态,3,2025-07-14 00:08:10,2025-07-14 00:12:19,249,0.07
1532,L10,#72,GW252/13600,(2)停机状态,2,2025-07-14 00:08:08,2025-07-14 00:08:10,2,0
1533,L10,#72,GW252/13600,(1)停机过程,1,2025-07-14 00:07:35,2025-07-14 00:08:08,33,0.01
1534,L10,#72,GW252/13600,(4)启机状态,4,2025-07-14 00:02:35,2025-07-14 00:07:35,300,0.08
1535,L10,#72,GW252/13600,(3)待机状态,3,2025-07-14 00:00:40,2025-07-14 00:02:35,115,0.03
1536,L10,#72,GW252/13600,(2)停机状态,2,2025-07-14 00:00:39,2025-07-14 00:00:40,1,0
1537,L10,#72,GW252/13600,(1)停机过程,1,2025-07-13 23:59:45,2025-07-14 00:00:39,54,0.02
1538,L10,#72,GW252/13600,(4)启机状态,4,2025-07-13 23:54:45,2025-07-13 23:59:45,300,0.08
1539,L10,#72,GW252/13600,(3)待机状态,3,2025-07-13 23:53:22,2025-07-13 23:54:45,83,0.02
1540,L10,#72,GW252/13600,(1)停机过程,1,2025-07-13 23:52:27,2025-07-13 23:53:22,55,0.02
1541,L10,#72,GW252/13600,(4)启机状态,4,2025-07-13 23:47:27,2025-07-13 23:52:27,300,0.08
1542,L10,#72,GW252/13600,(3)待机状态,3,2025-07-13 23:46:17,2025-07-13 23:47:27,70,0.02
1543,L10,#72,GW252/13600,(2)停机状态,2,2025-07-13 23:46:16,2025-07-13 23:46:17,1,0
1544,L10,#72,GW252/13600,(1)停机过程,1,2025-07-13 23:45:44,2025-07-13 23:46:16,32,0.01
1545,L10,#72,GW252/13600,(4)启机状态,4,2025-07-13 23:40:45,2025-07-13 23:45:44,299,0.08
1546,L10,#72,GW252/13600,(3)待机状态,3,2025-07-13 21:00:16,2025-07-13 23:40:45,9629,2.67
1547,L10,#72,GW252/13600,(2)停机状态,2,2025-07-13 20:58:31,2025-07-13 21:00:16,105,0.03
1548,L10,#72,GW252/13600,(1)停机过程,1,2025-07-13 20:57:35,2025-07-13 20:58:31,56,0.02
1549,L10,#72,GW252/13600,(5)发电状态,5,2025-07-13 16:37:32,2025-07-13 20:57:35,15603,4.33
1550,L10,#72,GW252/13600,(4)启机状态,4,2025-07-13 16:32:55,2025-07-13 16:37:32,277,0.08
1551,L10,#72,GW252/13600,(3)待机状态,3,2025-07-13 16:31:37,2025-07-13 16:32:55,78,0.02
1552,L10,#72,GW252/13600,(1)停机过程,1,2025-07-13 16:31:05,2025-07-13 16:31:37,32,0.01
1553,L10,#72,GW252/13600,(4)启机状态,4,2025-07-13 16:26:06,2025-07-13 16:31:05,299,0.08
1554,L10,#72,GW252/13600,(3)待机状态,3,2025-07-13 16:24:59,2025-07-13 16:26:06,67,0.02
1555,L10,#72,GW252/13600,(2)停机状态,2,2025-07-13 16:24:57,2025-07-13 16:24:59,2,0
1556,L10,#72,GW252/13600,(1)停机过程,1,2025-07-13 16:24:25,2025-07-13 16:24:57,32,0.01
1557,L10,#72,GW252/13600,(4)启机状态,4,2025-07-13 16:19:25,2025-07-13 16:24:25,300,0.08
1558,L10,#72,GW252/13600,(3)待机状态,3,2025-07-13 16:18:23,2025-07-13 16:19:25,62,0.02
1559,L10,#72,GW252/13600,(2)停机状态,2,2025-07-13 16:18:22,2025-07-13 16:18:23,1,0
1560,L10,#72,GW252/13600,(1)停机过程,1,2025-07-13 16:17:51,2025-07-13 16:18:22,31,0.01
1561,L10,#72,GW252/13600,(4)启机状态,4,2025-07-13 16:12:52,2025-07-13 16:17:51,299,0.08
1562,L10,#72,GW252/13600,(3)待机状态,3,2025-07-13 16:11:29,2025-07-13 16:12:52,83,0.02
1563,L10,#72,GW252/13600,(2)停机状态,2,2025-07-13 16:11:28,2025-07-13 16:11:29,1,0
1564,L10,#72,GW252/13600,(1)停机过程,1,2025-07-13 16:10:55,2025-07-13 16:11:28,33,0.01
1565,L10,#72,GW252/13600,(4)启机状态,4,2025-07-13 16:05:54,2025-07-13 16:10:55,301,0.08
1566,L10,#72,GW252/13600,(3)待机状态,3,2025-07-13 16:04:15,2025-07-13 16:05:54,99,0.03
1567,L10,#72,GW252/13600,(1)停机过程,1,2025-07-13 16:03:41,2025-07-13 16:04:15,34,0.01
1568,L10,#72,GW252/13600,(4)启机状态,4,2025-07-13 15:58:41,2025-07-13 16:03:41,300,0.08
1569,L10,#72,GW252/13600,(3)待机状态,3,2025-07-13 15:49:59,2025-07-13 15:58:41,522,0.15
1570,L10,#72,GW252/13600,(2)停机状态,2,2025-07-13 15:48:39,2025-07-13 15:49:59,80,0.02
1571,L10,#72,GW252/13600,(1)停机过程,1,2025-07-13 15:48:06,2025-07-13 15:48:39,33,0.01
1572,L10,#72,GW252/13600,(4)启机状态,4,2025-07-13 15:43:06,2025-07-13 15:48:06,300,0.08
1573,L10,#72,GW252/13600,(3)待机状态,3,2025-07-13 15:41:10,2025-07-13 15:43:06,116,0.03
1574,L10,#72,GW252/13600,(2)停机状态,2,2025-07-13 15:40:44,2025-07-13 15:41:10,26,0.01
1575,L10,#72,GW252/13600,(1)停机过程,1,2025-07-13 15:40:14,2025-07-13 15:40:44,30,0.01
1576,L10,#72,GW252/13600,(4)启机状态,4,2025-07-13 15:35:14,2025-07-13 15:40:14,300,0.08
1577,L10,#72,GW252/13600,(3)待机状态,3,2025-07-13 15:30:45,2025-07-13 15:35:14,269,0.07
1578,L10,#72,GW252/13600,(2)停机状态,2,2025-07-13 15:30:44,2025-07-13 15:30:45,1,0
1579,L10,#72,GW252/13600,(1)停机过程,1,2025-07-13 15:30:13,2025-07-13 15:30:44,31,0.01
1580,L10,#72,GW252/13600,(4)启机状态,4,2025-07-13 15:25:12,2025-07-13 15:30:13,301,0.08
1581,L10,#72,GW252/13600,(3)待机状态,3,2025-07-13 14:52:33,2025-07-13 15:25:12,1959,0.54
1582,L10,#72,GW252/13600,(2)停机状态,2,2025-07-13 14:51:52,2025-07-13 14:52:33,41,0.01
1583,L10,#72,GW252/13600,(1)停机过程,1,2025-07-13 14:51:19,2025-07-13 14:51:52,33,0.01
1584,L10,#72,GW252/13600,(4)启机状态,4,2025-07-13 14:46:19,2025-07-13 14:51:19,300,0.08
1585,L10,#72,GW252/13600,(3)待机状态,3,2025-07-13 14:37:10,2025-07-13 14:46:19,549,0.15
1586,L10,#72,GW252/13600,(2)停机状态,2,2025-07-13 14:33:12,2025-07-13 14:37:10,238,0.07
1587,L10,#72,GW252/13600,(1)停机过程,1,2025-07-13 14:32:39,2025-07-13 14:33:12,33,0.01
1588,L10,#72,GW252/13600,(4)启机状态,4,2025-07-13 14:27:40,2025-07-13 14:32:39,299,0.08
1589,L10,#72,GW252/13600,(3)待机状态,3,2025-07-13 14:22:58,2025-07-13 14:27:40,282,0.08
1590,L10,#72,GW252/13600,(2)停机状态,2,2025-07-13 14:21:25,2025-07-13 14:22:58,93,0.03
1591,L10,#72,GW252/13600,(1)停机过程,1,2025-07-13 14:20:28,2025-07-13 14:21:25,57,0.02
1592,L10,#72,GW252/13600,(5)发电状态,5,2025-07-13 13:37:57,2025-07-13 14:20:28,2551,0.71
1593,L10,#72,GW252/13600,(4)启机状态,4,2025-07-13 13:34:54,2025-07-13 13:37:57,183,0.05
1594,L10,#72,GW252/13600,(3)待机状态,3,2025-07-13 13:33:32,2025-07-13 13:34:54,82,0.02
1595,L10,#72,GW252/13600,(2)停机状态,2,2025-07-13 13:33:31,2025-07-13 13:33:32,1,0
1596,L10,#72,GW252/13600,(1)停机过程,1,2025-07-13 13:33:00,2025-07-13 13:33:31,31,0.01
1597,L10,#72,GW252/13600,(4)启机状态,4,2025-07-13 13:28:00,2025-07-13 13:33:00,300,0.08
1598,L10,#72,GW252/13600,(3)待机状态,3,2025-07-13 13:25:25,2025-07-13 13:28:00,155,0.04
1599,L10,#72,GW252/13600,(2)停机状态,2,2025-07-13 13:25:24,2025-07-13 13:25:25,1,0
1600,L10,#72,GW252/13600,(1)停机过程,1,2025-07-13 13:24:52,2025-07-13 13:25:24,32,0.01
1601,L10,#72,GW252/13600,(4)启机状态,4,2025-07-13 13:19:52,2025-07-13 13:24:52,300,0.08
1602,L10,#72,GW252/13600,(3)待机状态,3,2025-07-13 13:18:11,2025-07-13 13:19:52,101,0.03
1603,L10,#72,GW252/13600,(2)停机状态,2,2025-07-13 13:18:05,2025-07-13 13:18:11,6,0
1604,L10,#72,GW252/13600,(1)停机过程,1,2025-07-13 13:17:34,2025-07-13 13:18:05,31,0.01
1605,L10,#72,GW252/13600,(4)启机状态,4,2025-07-13 13:12:33,2025-07-13 13:17:34,301,0.08
1606,L10,#72,GW252/13600,(3)待机状态,3,2025-07-13 13:11:25,2025-07-13 13:12:33,68,0.02
1607,L10,#72,GW252/13600,(2)停机状态,2,2025-07-13 13:11:24,2025-07-13 13:11:25,1,0
1608,L10,#72,GW252/13600,(1)停机过程,1,2025-07-13 13:10:52,2025-07-13 13:11:24,32,0.01
1609,L10,#72,GW252/13600,(4)启机状态,4,2025-07-13 13:05:51,2025-07-13 13:10:52,301,0.08
1610,L10,#72,GW252/13600,(3)待机状态,3,2025-07-13 13:00:53,2025-07-13 13:05:51,298,0.08
1611,L10,#72,GW252/13600,(1)停机过程,1,2025-07-13 13:00:21,2025-07-13 13:00:53,32,0.01
1612,L10,#72,GW252/13600,(4)启机状态,4,2025-07-13 12:55:20,2025-07-13 13:00:21,301,0.08
1613,L10,#72,GW252/13600,(3)待机状态,3,2025-07-13 12:54:08,2025-07-13 12:55:20,72,0.02
1614,L10,#72,GW252/13600,(2)停机状态,2,2025-07-13 12:54:06,2025-07-13 12:54:08,2,0
1615,L10,#72,GW252/13600,(1)停机过程,1,2025-07-13 12:53:35,2025-07-13 12:54:06,31,0.01
1616,L10,#72,GW252/13600,(4)启机状态,4,2025-07-13 12:48:35,2025-07-13 12:53:35,300,0.08
1617,L10,#72,GW252/13600,(3)待机状态,3,2025-07-13 12:23:25,2025-07-13 12:48:35,1510,0.42
1618,L10,#72,GW252/13600,(2)停机状态,2,2025-07-13 12:22:56,2025-07-13 12:23:25,29,0.01
1619,L10,#72,GW252/13600,(1)停机过程,1,2025-07-13 12:22:24,2025-07-13 12:22:56,32,0.01
1620,L10,#72,GW252/13600,(4)启机状态,4,2025-07-13 12:17:24,2025-07-13 12:22:24,300,0.08
1621,L10,#72,GW252/13600,(3)待机状态,3,2025-07-13 11:37:06,2025-07-13 12:17:24,2418,0.67
1622,L10,#72,GW252/13600,(2)停机状态,2,2025-07-13 11:35:53,2025-07-13 11:37:06,73,0.02
1623,L10,#72,GW252/13600,(1)停机过程,1,2025-07-13 11:35:22,2025-07-13 11:35:53,31,0.01
1624,L10,#72,GW252/13600,(4)启机状态,4,2025-07-13 11:30:21,2025-07-13 11:35:22,301,0.08
1625,L10,#72,GW252/13600,(3)待机状态,3,2025-07-13 11:27:04,2025-07-13 11:30:21,197,0.05
1626,L10,#72,GW252/13600,(2)停机状态,2,2025-07-13 11:27:02,2025-07-13 11:27:04,2,0
1627,L10,#72,GW252/13600,(1)停机过程,1,2025-07-13 11:26:30,2025-07-13 11:27:02,32,0.01
1628,L10,#72,GW252/13600,(4)启机状态,4,2025-07-13 11:21:30,2025-07-13 11:26:30,300,0.08
1629,L10,#72,GW252/13600,(3)待机状态,3,2025-07-13 11:18:21,2025-07-13 11:21:30,189,0.05
1630,L10,#72,GW252/13600,(2)停机状态,2,2025-07-13 11:18:18,2025-07-13 11:18:21,3,0
1631,L10,#72,GW252/13600,(1)停机过程,1,2025-07-13 11:17:47,2025-07-13 11:18:18,31,0.01
1632,L10,#72,GW252/13600,(4)启机状态,4,2025-07-13 11:12:47,2025-07-13 11:17:47,300,0.08
1633,L10,#72,GW252/13600,(3)待机状态,3,2025-07-13 11:08:44,2025-07-13 11:12:47,243,0.07
1634,L10,#72,GW252/13600,(2)停机状态,2,2025-07-13 11:08:43,2025-07-13 11:08:44,1,0
1635,L10,#72,GW252/13600,(1)停机过程,1,2025-07-13 11:08:11,2025-07-13 11:08:43,32,0.01
1636,L10,#72,GW252/13600,(4)启机状态,4,2025-07-13 11:03:11,2025-07-13 11:08:11,300,0.08
1637,L10,#72,GW252/13600,(3)待机状态,3,2025-07-13 10:51:06,2025-07-13 11:03:11,725,0.2
1638,L10,#72,GW252/13600,(2)停机状态,2,2025-07-13 10:51:04,2025-07-13 10:51:06,2,0
1639,L10,#72,GW252/13600,(1)停机过程,1,2025-07-13 10:50:32,2025-07-13 10:51:04,32,0.01
1640,L10,#72,GW252/13600,(4)启机状态,4,2025-07-13 10:45:33,2025-07-13 10:50:32,299,0.08
1641,L10,#72,GW252/13600,(3)待机状态,3,2025-07-13 10:43:10,2025-07-13 10:45:33,143,0.04
1642,L10,#72,GW252/13600,(2)停机状态,2,2025-07-13 10:43:07,2025-07-13 10:43:10,3,0
1643,L10,#72,GW252/13600,(1)停机过程,1,2025-07-13 10:42:35,2025-07-13 10:43:07,32,0.01
1644,L10,#72,GW252/13600,(4)启机状态,4,2025-07-13 10:37:35,2025-07-13 10:42:35,300,0.08
1645,L10,#72,GW252/13600,(3)待机状态,3,2025-07-13 10:36:27,2025-07-13 10:37:35,68,0.02
1646,L10,#72,GW252/13600,(2)停机状态,2,2025-07-13 10:36:26,2025-07-13 10:36:27,1,0
1647,L10,#72,GW252/13600,(1)停机过程,1,2025-07-13 10:35:55,2025-07-13 10:36:26,31,0.01
1648,L10,#72,GW252/13600,(4)启机状态,4,2025-07-13 10:30:55,2025-07-13 10:35:55,300,0.08
1649,L10,#72,GW252/13600,(3)待机状态,3,2025-07-13 10:21:25,2025-07-13 10:30:55,570,0.16
1650,L10,#72,GW252/13600,(2)停机状态,2,2025-07-13 10:21:22,2025-07-13 10:21:25,3,0
1651,L10,#72,GW252/13600,(1)停机过程,1,2025-07-13 10:20:50,2025-07-13 10:21:22,32,0.01
1652,L10,#72,GW252/13600,(4)启机状态,4,2025-07-13 10:15:50,2025-07-13 10:20:50,300,0.08
1653,L10,#72,GW252/13600,(3)待机状态,3,2025-07-13 10:13:53,2025-07-13 10:15:50,117,0.03
1654,L10,#72,GW252/13600,(2)停机状态,2,2025-07-13 10:13:49,2025-07-13 10:13:53,4,0
1655,L10,#72,GW252/13600,(1)停机过程,1,2025-07-13 10:13:17,2025-07-13 10:13:49,32,0.01
1656,L10,#72,GW252/13600,(4)启机状态,4,2025-07-13 10:08:17,2025-07-13 10:13:17,300,0.08
1657,L10,#72,GW252/13600,(3)待机状态,3,2025-07-13 10:07:10,2025-07-13 10:08:17,67,0.02
1658,L10,#72,GW252/13600,(2)停机状态,2,2025-07-13 10:07:08,2025-07-13 10:07:10,2,0
1659,L10,#72,GW252/13600,(1)停机过程,1,2025-07-13 10:06:38,2025-07-13 10:07:08,30,0.01
1660,L10,#72,GW252/13600,(4)启机状态,4,2025-07-13 10:01:37,2025-07-13 10:06:38,301,0.08
1661,L10,#72,GW252/13600,(3)待机状态,3,2025-07-13 10:00:37,2025-07-13 10:01:37,60,0.02
1662,L10,#72,GW252/13600,(3)待机状态,3,2025-07-13 10:00:36,2025-07-13 10:00:37,1,0
1663,L10,#72,GW252/13600,(1)停机过程,1,2025-07-13 10:00:03,2025-07-13 10:00:36,33,0.01
1664,L10,#72,GW252/13600,(4)启机状态,4,2025-07-13 09:55:03,2025-07-13 10:00:03,300,0.08
1665,L10,#72,GW252/13600,(3)待机状态,3,2025-07-13 09:53:48,2025-07-13 09:55:03,75,0.02
1666,L10,#72,GW252/13600,(2)停机状态,2,2025-07-13 09:53:47,2025-07-13 09:53:48,1,0
1667,L10,#72,GW252/13600,(1)停机过程,1,2025-07-13 09:53:16,2025-07-13 09:53:47,31,0.01
1668,L10,#72,GW252/13600,(4)启机状态,4,2025-07-13 09:48:14,2025-07-13 09:53:16,302,0.08
1669,L10,#72,GW252/13600,(3)待机状态,3,2025-07-13 09:42:52,2025-07-13 09:48:14,322,0.09
1670,L10,#72,GW252/13600,(2)停机状态,2,2025-07-13 09:42:51,2025-07-13 09:42:52,1,0
1671,L10,#72,GW252/13600,(1)停机过程,1,2025-07-13 09:42:20,2025-07-13 09:42:51,31,0.01
1672,L10,#72,GW252/13600,(4)启机状态,4,2025-07-13 09:37:19,2025-07-13 09:42:20,301,0.08
1673,L10,#72,GW252/13600,(3)待机状态,3,2025-07-13 09:36:19,2025-07-13 09:37:19,60,0.02
1674,L10,#72,GW252/13600,(2)停机状态,2,2025-07-13 09:36:17,2025-07-13 09:36:19,2,0
1675,L10,#72,GW252/13600,(1)停机过程,1,2025-07-13 09:35:44,2025-07-13 09:36:17,33,0.01
1676,L10,#72,GW252/13600,(4)启机状态,4,2025-07-13 09:30:45,2025-07-13 09:35:44,299,0.08
1677,L10,#72,GW252/13600,(3)待机状态,3,2025-07-13 09:29:26,2025-07-13 09:30:45,79,0.02
1678,L10,#72,GW252/13600,(1)停机过程,1,2025-07-13 09:28:53,2025-07-13 09:29:26,33,0.01
1679,L10,#72,GW252/13600,(4)启机状态,4,2025-07-13 09:23:53,2025-07-13 09:28:53,300,0.08
1680,L10,#72,GW252/13600,(3)待机状态,3,2025-07-13 09:21:02,2025-07-13 09:23:53,171,0.05
1681,L10,#72,GW252/13600,(2)停机状态,2,2025-07-13 09:20:56,2025-07-13 09:21:02,6,0
1682,L10,#72,GW252/13600,(1)停机过程,1,2025-07-13 09:20:23,2025-07-13 09:20:56,33,0.01
1683,L10,#72,GW252/13600,(4)启机状态,4,2025-07-13 09:15:23,2025-07-13 09:20:23,300,0.08
1684,L10,#72,GW252/13600,(3)待机状态,3,2025-07-13 09:14:26,2025-07-13 09:15:23,57,0.02
1685,L10,#72,GW252/13600,(2)停机状态,2,2025-07-13 09:14:25,2025-07-13 09:14:26,1,0
1686,L10,#72,GW252/13600,(1)停机过程,1,2025-07-13 09:13:52,2025-07-13 09:14:25,33,0.01
1687,L10,#72,GW252/13600,(4)启机状态,4,2025-07-13 09:08:53,2025-07-13 09:13:52,299,0.08
1688,L10,#72,GW252/13600,(3)待机状态,3,2025-07-13 09:03:48,2025-07-13 09:08:53,305,0.08
1689,L10,#72,GW252/13600,(2)停机状态,2,2025-07-13 09:01:39,2025-07-13 09:03:48,129,0.04
1690,L10,#72,GW252/13600,(1)停机过程,1,2025-07-13 09:00:41,2025-07-13 09:01:39,58,0.02
1691,L10,#72,GW252/13600,(5)发电状态,5,2025-07-13 08:17:41,2025-07-13 09:00:41,2580,0.72
1692,L10,#72,GW252/13600,(4)启机状态,4,2025-07-13 08:13:05,2025-07-13 08:17:41,276,0.08
1693,L10,#72,GW252/13600,(3)待机状态,3,2025-07-13 08:12:07,2025-07-13 08:13:05,58,0.02
1694,L10,#72,GW252/13600,(1)停机过程,1,2025-07-13 08:11:35,2025-07-13 08:12:07,32,0.01
1695,L10,#72,GW252/13600,(4)启机状态,4,2025-07-13 08:06:35,2025-07-13 08:11:35,300,0.08
1696,L10,#72,GW252/13600,(3)待机状态,3,2025-07-13 08:05:28,2025-07-13 08:06:35,67,0.02
1697,L10,#72,GW252/13600,(2)停机状态,2,2025-07-13 08:05:26,2025-07-13 08:05:28,2,0
1698,L10,#72,GW252/13600,(1)停机过程,1,2025-07-13 08:04:54,2025-07-13 08:05:26,32,0.01
1699,L10,#72,GW252/13600,(4)启机状态,4,2025-07-13 07:59:54,2025-07-13 08:04:54,300,0.08
1700,L10,#72,GW252/13600,(3)待机状态,3,2025-07-13 07:58:45,2025-07-13 07:59:54,69,0.02
1701,L10,#72,GW252/13600,(2)停机状态,2,2025-07-13 07:58:43,2025-07-13 07:58:45,2,0
1702,L10,#72,GW252/13600,(1)停机过程,1,2025-07-13 07:58:12,2025-07-13 07:58:43,31,0.01
1703,L10,#72,GW252/13600,(4)启机状态,4,2025-07-13 07:53:12,2025-07-13 07:58:12,300,0.08
1704,L10,#72,GW252/13600,(3)待机状态,3,2025-07-13 07:52:05,2025-07-13 07:53:12,67,0.02
1705,L10,#72,GW252/13600,(2)停机状态,2,2025-07-13 07:52:04,2025-07-13 07:52:05,1,0
1706,L10,#72,GW252/13600,(1)停机过程,1,2025-07-13 07:51:32,2025-07-13 07:52:04,32,0.01
1707,L10,#72,GW252/13600,(4)启机状态,4,2025-07-13 07:46:32,2025-07-13 07:51:32,300,0.08
1708,L10,#72,GW252/13600,(3)待机状态,3,2025-07-13 07:08:27,2025-07-13 07:46:32,2285,0.63
1709,L10,#72,GW252/13600,(2)停机状态,2,2025-07-13 07:08:25,2025-07-13 07:08:27,2,0
1710,L10,#72,GW252/13600,(1)停机过程,1,2025-07-13 07:07:28,2025-07-13 07:08:25,57,0.02
1711,L10,#72,GW252/13600,(5)发电状态,5,2025-07-13 05:03:59,2025-07-13 07:07:28,7409,2.06
1712,L10,#72,GW252/13600,(4)启机状态,4,2025-07-13 05:02:23,2025-07-13 05:03:59,96,0.03
1713,L10,#72,GW252/13600,(3)待机状态,3,2025-07-13 05:01:28,2025-07-13 05:02:23,55,0.02
1714,L10,#72,GW252/13600,(2)停机状态,2,2025-07-13 05:01:27,2025-07-13 05:01:28,1,0
1715,L10,#72,GW252/13600,(1)停机过程,1,2025-07-13 05:00:55,2025-07-13 05:01:27,32,0.01
1716,L10,#72,GW252/13600,(4)启机状态,4,2025-07-13 04:55:54,2025-07-13 05:00:55,301,0.08
1717,L10,#72,GW252/13600,(3)待机状态,3,2025-07-13 04:54:44,2025-07-13 04:55:54,70,0.02
1718,L10,#72,GW252/13600,(2)停机状态,2,2025-07-13 04:54:42,2025-07-13 04:54:44,2,0
1719,L10,#72,GW252/13600,(1)停机过程,1,2025-07-13 04:54:12,2025-07-13 04:54:42,30,0.01
1720,L10,#72,GW252/13600,(4)启机状态,4,2025-07-13 04:49:12,2025-07-13 04:54:12,300,0.08
1721,L10,#72,GW252/13600,(3)待机状态,3,2025-07-13 04:47:09,2025-07-13 04:49:12,123,0.03
1722,L10,#72,GW252/13600,(2)停机状态,2,2025-07-13 04:47:08,2025-07-13 04:47:09,1,0
1723,L10,#72,GW252/13600,(1)停机过程,1,2025-07-13 04:46:38,2025-07-13 04:47:08,30,0.01
1724,L10,#72,GW252/13600,(4)启机状态,4,2025-07-13 04:41:36,2025-07-13 04:46:38,302,0.08
1725,L10,#72,GW252/13600,(3)待机状态,3,2025-07-13 04:40:35,2025-07-13 04:41:36,61,0.02
1726,L10,#72,GW252/13600,(2)停机状态,2,2025-07-13 04:40:34,2025-07-13 04:40:35,1,0
1727,L10,#72,GW252/13600,(1)停机过程,1,2025-07-13 04:40:01,2025-07-13 04:40:34,33,0.01
1728,L10,#72,GW252/13600,(4)启机状态,4,2025-07-13 04:35:01,2025-07-13 04:40:01,300,0.08
1729,L10,#72,GW252/13600,(3)待机状态,3,2025-07-13 04:33:47,2025-07-13 04:35:01,74,0.02
1730,L10,#72,GW252/13600,(2)停机状态,2,2025-07-13 04:33:46,2025-07-13 04:33:47,1,0
1731,L10,#72,GW252/13600,(1)停机过程,1,2025-07-13 04:33:14,2025-07-13 04:33:46,32,0.01
1732,L10,#72,GW252/13600,(4)启机状态,4,2025-07-13 04:28:13,2025-07-13 04:33:14,301,0.08
1733,L10,#72,GW252/13600,(3)待机状态,3,2025-07-13 04:26:51,2025-07-13 04:28:13,82,0.02
1734,L10,#72,GW252/13600,(2)停机状态,2,2025-07-13 04:26:15,2025-07-13 04:26:51,36,0.01
1735,L10,#72,GW252/13600,(1)停机过程,1,2025-07-13 04:25:42,2025-07-13 04:26:15,33,0.01
1736,L10,#72,GW252/13600,(4)启机状态,4,2025-07-13 04:20:42,2025-07-13 04:25:42,300,0.08
1737,L10,#72,GW252/13600,(3)待机状态,3,2025-07-13 04:19:35,2025-07-13 04:20:42,67,0.02
1738,L10,#72,GW252/13600,(2)停机状态,2,2025-07-13 04:19:34,2025-07-13 04:19:35,1,0
1739,L10,#72,GW252/13600,(1)停机过程,1,2025-07-13 04:19:04,2025-07-13 04:19:34,30,0.01
1740,L10,#72,GW252/13600,(4)启机状态,4,2025-07-13 04:14:04,2025-07-13 04:19:04,300,0.08
1741,L10,#72,GW252/13600,(3)待机状态,3,2025-07-13 04:13:03,2025-07-13 04:14:04,61,0.02
1742,L10,#72,GW252/13600,(2)停机状态,2,2025-07-13 04:13:02,2025-07-13 04:13:03,1,0
1743,L10,#72,GW252/13600,(1)停机过程,1,2025-07-13 04:12:30,2025-07-13 04:13:02,32,0.01
1744,L10,#72,GW252/13600,(4)启机状态,4,2025-07-13 04:07:30,2025-07-13 04:12:30,300,0.08
1745,L10,#72,GW252/13600,(3)待机状态,3,2025-07-13 04:04:22,2025-07-13 04:07:30,188,0.05
1746,L10,#72,GW252/13600,(2)停机状态,2,2025-07-13 03:27:46,2025-07-13 04:04:22,2196,0.61
1747,L10,#72,GW252/13600,(1)停机过程,1,2025-07-13 03:26:49,2025-07-13 03:27:46,57,0.02
1748,L10,#72,GW252/13600,(5)发电状态,5,2025-07-12 15:17:09,2025-07-13 03:26:49,43780,12.16
1749,L10,#72,GW252/13600,(4)启机状态,4,2025-07-12 15:12:35,2025-07-12 15:17:09,274,0.08
1750,L10,#72,GW252/13600,(3)待机状态,3,2025-07-12 15:11:24,2025-07-12 15:12:35,71,0.02
1751,L10,#72,GW252/13600,(2)停机状态,2,2025-07-12 15:11:22,2025-07-12 15:11:24,2,0
1752,L10,#72,GW252/13600,(1)停机过程,1,2025-07-12 15:10:51,2025-07-12 15:11:22,31,0.01
1753,L10,#72,GW252/13600,(4)启机状态,4,2025-07-12 15:05:51,2025-07-12 15:10:51,300,0.08
1754,L10,#72,GW252/13600,(3)待机状态,3,2025-07-12 15:04:40,2025-07-12 15:05:51,71,0.02
1755,L10,#72,GW252/13600,(2)停机状态,2,2025-07-12 15:04:39,2025-07-12 15:04:40,1,0
1756,L10,#72,GW252/13600,(1)停机过程,1,2025-07-12 15:04:07,2025-07-12 15:04:39,32,0.01
1757,L10,#72,GW252/13600,(4)启机状态,4,2025-07-12 14:59:06,2025-07-12 15:04:07,301,0.08
1758,L10,#72,GW252/13600,(3)待机状态,3,2025-07-12 14:02:34,2025-07-12 14:59:06,3392,0.94
1759,L10,#72,GW252/13600,(1)停机过程,1,2025-07-12 14:02:02,2025-07-12 14:02:34,32,0.01
1760,L10,#72,GW252/13600,(4)启机状态,4,2025-07-12 13:57:03,2025-07-12 14:02:02,299,0.08
1761,L10,#72,GW252/13600,(3)待机状态,3,2025-07-12 13:46:09,2025-07-12 13:57:03,654,0.18
1762,L10,#72,GW252/13600,(1)停机过程,1,2025-07-12 13:45:36,2025-07-12 13:46:09,33,0.01
1763,L10,#72,GW252/13600,(4)启机状态,4,2025-07-12 13:40:36,2025-07-12 13:45:36,300,0.08
1764,L10,#72,GW252/13600,(3)待机状态,3,2025-07-12 13:34:10,2025-07-12 13:40:36,386,0.11
1765,L10,#72,GW252/13600,(2)停机状态,2,2025-07-12 13:30:44,2025-07-12 13:34:10,206,0.06
1766,L10,#72,GW252/13600,(1)停机过程,1,2025-07-12 13:29:47,2025-07-12 13:30:44,57,0.02
1767,L10,#72,GW252/13600,(5)发电状态,5,2025-07-12 10:46:24,2025-07-12 13:29:47,9803,2.72
1768,L10,#72,GW252/13600,(4)启机状态,4,2025-07-12 10:43:51,2025-07-12 10:46:24,153,0.04
1769,L10,#72,GW252/13600,(3)待机状态,3,2025-07-12 10:42:47,2025-07-12 10:43:51,64,0.02
1770,L10,#72,GW252/13600,(1)停机过程,1,2025-07-12 10:42:14,2025-07-12 10:42:47,33,0.01
1771,L10,#72,GW252/13600,(4)启机状态,4,2025-07-12 10:37:14,2025-07-12 10:42:14,300,0.08
1772,L10,#72,GW252/13600,(3)待机状态,3,2025-07-12 10:36:08,2025-07-12 10:37:14,66,0.02
1773,L10,#72,GW252/13600,(2)停机状态,2,2025-07-12 10:36:06,2025-07-12 10:36:08,2,0
1774,L10,#72,GW252/13600,(1)停机过程,1,2025-07-12 10:35:35,2025-07-12 10:36:06,31,0.01
1775,L10,#72,GW252/13600,(4)启机状态,4,2025-07-12 10:30:34,2025-07-12 10:35:35,301,0.08
1776,L10,#72,GW252/13600,(3)待机状态,3,2025-07-12 10:27:22,2025-07-12 10:30:34,192,0.05
1777,L10,#72,GW252/13600,(2)停机状态,2,2025-07-12 10:27:20,2025-07-12 10:27:22,2,0
1778,L10,#72,GW252/13600,(1)停机过程,1,2025-07-12 10:26:48,2025-07-12 10:27:20,32,0.01
1779,L10,#72,GW252/13600,(4)启机状态,4,2025-07-12 10:21:48,2025-07-12 10:26:48,300,0.08
1780,L10,#72,GW252/13600,(3)待机状态,3,2025-07-12 10:20:43,2025-07-12 10:21:48,65,0.02
1781,L10,#72,GW252/13600,(2)停机状态,2,2025-07-12 10:20:42,2025-07-12 10:20:43,1,0
1782,L10,#72,GW252/13600,(1)停机过程,1,2025-07-12 10:20:10,2025-07-12 10:20:42,32,0.01
1783,L10,#72,GW252/13600,(4)启机状态,4,2025-07-12 10:15:11,2025-07-12 10:20:10,299,0.08
1784,L10,#72,GW252/13600,(3)待机状态,3,2025-07-12 10:00:54,2025-07-12 10:15:11,857,0.24
1785,L10,#72,GW252/13600,(2)停机状态,2,2025-07-12 10:00:52,2025-07-12 10:00:54,2,0
1786,L10,#72,GW252/13600,(1)停机过程,1,2025-07-12 10:00:22,2025-07-12 10:00:52,30,0.01
1787,L10,#72,GW252/13600,(4)启机状态,4,2025-07-12 09:55:21,2025-07-12 10:00:22,301,0.08
1788,L10,#72,GW252/13600,(3)待机状态,3,2025-07-12 09:29:28,2025-07-12 09:55:21,1553,0.43
1789,L10,#72,GW252/13600,(2)停机状态,2,2025-07-12 09:29:27,2025-07-12 09:29:28,1,0
1790,L10,#72,GW252/13600,(1)停机过程,1,2025-07-12 09:28:56,2025-07-12 09:29:27,31,0.01
1791,L10,#72,GW252/13600,(4)启机状态,4,2025-07-12 09:23:55,2025-07-12 09:28:56,301,0.08
1792,L10,#72,GW252/13600,(3)待机状态,3,2025-07-12 09:12:37,2025-07-12 09:23:55,678,0.19
1793,L10,#72,GW252/13600,(2)停机状态,2,2025-07-12 09:09:48,2025-07-12 09:12:37,169,0.05
1794,L10,#72,GW252/13600,(1)停机过程,1,2025-07-12 09:08:51,2025-07-12 09:09:48,57,0.02
1795,L10,#72,GW252/13600,(5)发电状态,5,2025-07-12 07:30:04,2025-07-12 09:08:51,5927,1.65
1796,L10,#72,GW252/13600,(4)启机状态,4,2025-07-12 07:28:37,2025-07-12 07:30:04,87,0.02
1797,L10,#72,GW252/13600,(3)待机状态,3,2025-07-12 07:27:38,2025-07-12 07:28:37,59,0.02
1798,L10,#72,GW252/13600,(2)停机状态,2,2025-07-12 07:27:37,2025-07-12 07:27:38,1,0
1799,L10,#72,GW252/13600,(1)停机过程,1,2025-07-12 07:27:05,2025-07-12 07:27:37,32,0.01
1800,L10,#72,GW252/13600,(4)启机状态,4,2025-07-12 07:22:05,2025-07-12 07:27:05,300,0.08
1801,L10,#72,GW252/13600,(3)待机状态,3,2025-07-12 07:20:58,2025-07-12 07:22:05,67,0.02
1802,L10,#72,GW252/13600,(2)停机状态,2,2025-07-12 06:43:34,2025-07-12 07:20:58,2244,0.62
1803,L10,#72,GW252/13600,(1)停机过程,1,2025-07-12 06:43:02,2025-07-12 06:43:34,32,0.01
1804,L10,#72,GW252/13600,(4)启机状态,4,2025-07-12 06:38:02,2025-07-12 06:43:02,300,0.08
1805,L10,#72,GW252/13600,(3)待机状态,3,2025-07-12 06:17:46,2025-07-12 06:38:02,1216,0.34
1806,L10,#72,GW252/13600,(2)停机状态,2,2025-07-12 06:17:45,2025-07-12 06:17:46,1,0
1807,L10,#72,GW252/13600,(1)停机过程,1,2025-07-12 06:17:12,2025-07-12 06:17:45,33,0.01
1808,L10,#72,GW252/13600,(4)启机状态,4,2025-07-12 06:12:13,2025-07-12 06:17:12,299,0.08
1809,L10,#72,GW252/13600,(3)待机状态,3,2025-07-12 05:21:44,2025-07-12 06:12:13,3029,0.84
1810,L10,#72,GW252/13600,(2)停机状态,2,2025-07-12 05:18:24,2025-07-12 05:21:44,200,0.06
1811,L10,#72,GW252/13600,(1)停机过程,1,2025-07-12 05:17:54,2025-07-12 05:18:24,30,0.01
1812,L10,#72,GW252/13600,(4)启机状态,4,2025-07-12 05:12:53,2025-07-12 05:17:54,301,0.08
1813,L10,#72,GW252/13600,(3)待机状态,3,2025-07-12 05:05:34,2025-07-12 05:12:53,439,0.12
1814,L10,#72,GW252/13600,(2)停机状态,2,2025-07-12 04:59:57,2025-07-12 05:05:34,337,0.09
1815,L10,#72,GW252/13600,(1)停机过程,1,2025-07-12 04:59:26,2025-07-12 04:59:57,31,0.01
1816,L10,#72,GW252/13600,(4)启机状态,4,2025-07-12 04:54:25,2025-07-12 04:59:26,301,0.08
1817,L10,#72,GW252/13600,(3)待机状态,3,2025-07-12 04:53:14,2025-07-12 04:54:25,71,0.02
1818,L10,#72,GW252/13600,(2)停机状态,2,2025-07-12 04:53:13,2025-07-12 04:53:14,1,0
1819,L10,#72,GW252/13600,(1)停机过程,1,2025-07-12 04:52:41,2025-07-12 04:53:13,32,0.01
1820,L10,#72,GW252/13600,(4)启机状态,4,2025-07-12 04:47:42,2025-07-12 04:52:41,299,0.08
1821,L10,#72,GW252/13600,(3)待机状态,3,2025-07-12 04:46:25,2025-07-12 04:47:42,77,0.02
1822,L10,#72,GW252/13600,(1)停机过程,1,2025-07-12 04:45:52,2025-07-12 04:46:25,33,0.01
1823,L10,#72,GW252/13600,(4)启机状态,4,2025-07-12 04:40:52,2025-07-12 04:45:52,300,0.08
1824,L10,#72,GW252/13600,(3)待机状态,3,2025-07-12 04:25:14,2025-07-12 04:40:52,938,0.26
1825,L10,#72,GW252/13600,(2)停机状态,2,2025-07-12 04:25:12,2025-07-12 04:25:14,2,0
1826,L10,#72,GW252/13600,(1)停机过程,1,2025-07-12 04:24:15,2025-07-12 04:25:12,57,0.02
1827,L10,#72,GW252/13600,(5)发电状态,5,2025-07-12 04:02:09,2025-07-12 04:24:15,1326,0.37
1828,L10,#72,GW252/13600,(4)启机状态,4,2025-07-12 04:01:04,2025-07-12 04:02:09,65,0.02
1829,L10,#72,GW252/13600,(3)待机状态,3,2025-07-12 03:43:47,2025-07-12 04:01:04,1037,0.29
1830,L10,#72,GW252/13600,(2)停机状态,2,2025-07-12 03:38:09,2025-07-12 03:43:47,338,0.09
1831,L10,#72,GW252/13600,(1)停机过程,1,2025-07-12 03:37:38,2025-07-12 03:38:09,31,0.01
1832,L10,#72,GW252/13600,(4)启机状态,4,2025-07-12 03:32:38,2025-07-12 03:37:38,300,0.08
1833,L10,#72,GW252/13600,(3)待机状态,3,2025-07-12 03:30:05,2025-07-12 03:32:38,153,0.04
1834,L10,#72,GW252/13600,(2)停机状态,2,2025-07-12 03:06:46,2025-07-12 03:30:05,1399,0.39
1835,L10,#72,GW252/13600,(1)停机过程,1,2025-07-12 03:05:51,2025-07-12 03:06:46,55,0.02
1836,L10,#72,GW252/13600,(5)发电状态,5,2025-07-12 03:02:43,2025-07-12 03:05:51,188,0.05
1837,L10,#72,GW252/13600,(4)启机状态,4,2025-07-12 02:59:03,2025-07-12 03:02:43,220,0.06
1838,L10,#72,GW252/13600,(3)待机状态,3,2025-07-12 02:57:55,2025-07-12 02:59:03,68,0.02
1839,L10,#72,GW252/13600,(2)停机状态,2,2025-07-12 02:54:36,2025-07-12 02:57:55,199,0.06
1840,L10,#72,GW252/13600,(1)停机过程,1,2025-07-12 02:54:05,2025-07-12 02:54:36,31,0.01
1841,L10,#72,GW252/13600,(4)启机状态,4,2025-07-12 02:49:05,2025-07-12 02:54:05,300,0.08
1842,L10,#72,GW252/13600,(3)待机状态,3,2025-07-12 02:46:02,2025-07-12 02:49:05,183,0.05
1843,L10,#72,GW252/13600,(1)停机过程,1,2025-07-12 02:45:31,2025-07-12 02:46:02,31,0.01
1844,L10,#72,GW252/13600,(4)启机状态,4,2025-07-12 02:40:31,2025-07-12 02:45:31,300,0.08
1845,L10,#72,GW252/13600,(3)待机状态,3,2025-07-12 01:25:52,2025-07-12 02:40:31,4479,1.24
1846,L10,#72,GW252/13600,(2)停机状态,2,2025-07-12 01:20:23,2025-07-12 01:25:52,329,0.09
1847,L10,#72,GW252/13600,(1)停机过程,1,2025-07-12 01:19:26,2025-07-12 01:20:23,57,0.02
1848,L10,#72,GW252/13600,(5)发电状态,5,2025-07-12 01:00:49,2025-07-12 01:19:26,1117,0.31
1849,L10,#72,GW252/13600,(4)启机状态,4,2025-07-12 00:59:18,2025-07-12 01:00:49,91,0.03
1850,L10,#72,GW252/13600,(3)待机状态,3,2025-07-11 23:14:07,2025-07-12 00:59:18,6311,1.75
1851,L10,#72,GW252/13600,(2)停机状态,2,2025-07-11 23:12:06,2025-07-11 23:14:07,121,0.03
1852,L10,#72,GW252/13600,(1)停机过程,1,2025-07-11 23:11:34,2025-07-11 23:12:06,32,0.01
1853,L10,#72,GW252/13600,(4)启机状态,4,2025-07-11 23:06:34,2025-07-11 23:11:34,300,0.08
1854,L10,#72,GW252/13600,(3)待机状态,3,2025-07-11 23:04:24,2025-07-11 23:06:34,130,0.04
1855,L10,#72,GW252/13600,(2)停机状态,2,2025-07-11 23:00:45,2025-07-11 23:04:24,219,0.06
1856,L10,#72,GW252/13600,(1)停机过程,1,2025-07-11 23:00:13,2025-07-11 23:00:45,32,0.01
1857,L10,#72,GW252/13600,(4)启机状态,4,2025-07-11 22:55:13,2025-07-11 23:00:13,300,0.08
1858,L10,#72,GW252/13600,(3)待机状态,3,2025-07-11 22:42:01,2025-07-11 22:55:13,792,0.22
1859,L10,#72,GW252/13600,(2)停机状态,2,2025-07-11 22:41:35,2025-07-11 22:42:01,26,0.01
1860,L10,#72,GW252/13600,(1)停机过程,1,2025-07-11 22:40:38,2025-07-11 22:41:35,57,0.02
1861,L10,#72,GW252/13600,(5)发电状态,5,2025-07-11 21:44:38,2025-07-11 22:40:38,3360,0.93
1862,L10,#72,GW252/13600,(4)启机状态,4,2025-07-11 21:42:18,2025-07-11 21:44:38,140,0.04
1863,L10,#72,GW252/13600,(3)待机状态,3,2025-07-11 21:41:20,2025-07-11 21:42:18,58,0.02
1864,L10,#72,GW252/13600,(2)停机状态,2,2025-07-11 21:41:18,2025-07-11 21:41:20,2,0
1865,L10,#72,GW252/13600,(1)停机过程,1,2025-07-11 21:40:44,2025-07-11 21:41:18,34,0.01
1866,L10,#72,GW252/13600,(4)启机状态,4,2025-07-11 21:35:44,2025-07-11 21:40:44,300,0.08
1867,L10,#72,GW252/13600,(3)待机状态,3,2025-07-11 21:34:32,2025-07-11 21:35:44,72,0.02
1868,L10,#72,GW252/13600,(2)停机状态,2,2025-07-11 21:34:30,2025-07-11 21:34:32,2,0
1869,L10,#72,GW252/13600,(1)停机过程,1,2025-07-11 21:33:59,2025-07-11 21:34:30,31,0.01
1870,L10,#72,GW252/13600,(4)启机状态,4,2025-07-11 21:28:57,2025-07-11 21:33:59,302,0.08
1871,L10,#72,GW252/13600,(3)待机状态,3,2025-07-11 21:24:14,2025-07-11 21:28:57,283,0.08
1872,L10,#72,GW252/13600,(2)停机状态,2,2025-07-11 21:24:13,2025-07-11 21:24:14,1,0
1873,L10,#72,GW252/13600,(1)停机过程,1,2025-07-11 21:23:40,2025-07-11 21:24:13,33,0.01
1874,L10,#72,GW252/13600,(4)启机状态,4,2025-07-11 21:18:40,2025-07-11 21:23:40,300,0.08
1875,L10,#72,GW252/13600,(3)待机状态,3,2025-07-11 21:17:15,2025-07-11 21:18:40,85,0.02
1876,L10,#72,GW252/13600,(2)停机状态,2,2025-07-11 21:17:13,2025-07-11 21:17:15,2,0
1877,L10,#72,GW252/13600,(1)停机过程,1,2025-07-11 21:16:42,2025-07-11 21:17:13,31,0.01
1878,L10,#72,GW252/13600,(4)启机状态,4,2025-07-11 21:11:41,2025-07-11 21:16:42,301,0.08
1879,L10,#72,GW252/13600,(3)待机状态,3,2025-07-11 21:10:14,2025-07-11 21:11:41,87,0.02
1880,L10,#72,GW252/13600,(2)停机状态,2,2025-07-11 21:08:53,2025-07-11 21:10:14,81,0.02
1881,L10,#72,GW252/13600,(1)停机过程,1,2025-07-11 21:08:21,2025-07-11 21:08:53,32,0.01
1882,L10,#72,GW252/13600,(4)启机状态,4,2025-07-11 21:03:21,2025-07-11 21:08:21,300,0.08
1883,L10,#72,GW252/13600,(3)待机状态,3,2025-07-11 21:01:08,2025-07-11 21:03:21,133,0.04
1884,L10,#72,GW252/13600,(2)停机状态,2,2025-07-11 21:01:02,2025-07-11 21:01:08,6,0
1885,L10,#72,GW252/13600,(1)停机过程,1,2025-07-11 21:00:31,2025-07-11 21:01:02,31,0.01
1886,L10,#72,GW252/13600,(4)启机状态,4,2025-07-11 20:55:29,2025-07-11 21:00:31,302,0.08
1887,L10,#72,GW252/13600,(3)待机状态,3,2025-07-11 20:51:55,2025-07-11 20:55:29,214,0.06
1888,L10,#72,GW252/13600,(1)停机过程,1,2025-07-11 20:51:23,2025-07-11 20:51:55,32,0.01
1889,L10,#72,GW252/13600,(4)启机状态,4,2025-07-11 20:46:22,2025-07-11 20:51:23,301,0.08
1890,L10,#72,GW252/13600,(3)待机状态,3,2025-07-11 19:51:54,2025-07-11 20:46:22,3268,0.91
1891,L10,#72,GW252/13600,(2)停机状态,2,2025-07-11 19:51:52,2025-07-11 19:51:54,2,0
1892,L10,#72,GW252/13600,(1)停机过程,1,2025-07-11 19:51:21,2025-07-11 19:51:52,31,0.01
1893,L10,#72,GW252/13600,(4)启机状态,4,2025-07-11 19:46:20,2025-07-11 19:51:21,301,0.08
1894,L10,#72,GW252/13600,(3)待机状态,3,2025-07-11 19:43:07,2025-07-11 19:46:20,193,0.05
1895,L10,#72,GW252/13600,(2)停机状态,2,2025-07-11 19:43:05,2025-07-11 19:43:07,2,0
1896,L10,#72,GW252/13600,(1)停机过程,1,2025-07-11 19:42:34,2025-07-11 19:43:05,31,0.01
1897,L10,#72,GW252/13600,(4)启机状态,4,2025-07-11 19:37:34,2025-07-11 19:42:34,300,0.08
1898,L10,#72,GW252/13600,(3)待机状态,3,2025-07-11 19:36:30,2025-07-11 19:37:34,64,0.02
1899,L10,#72,GW252/13600,(2)停机状态,2,2025-07-11 19:36:29,2025-07-11 19:36:30,1,0
1900,L10,#72,GW252/13600,(1)停机过程,1,2025-07-11 19:35:57,2025-07-11 19:36:29,32,0.01
1901,L10,#72,GW252/13600,(4)启机状态,4,2025-07-11 19:30:57,2025-07-11 19:35:57,300,0.08
1902,L10,#72,GW252/13600,(3)待机状态,3,2025-07-11 19:26:52,2025-07-11 19:30:57,245,0.07
1903,L10,#72,GW252/13600,(2)停机状态,2,2025-07-11 19:26:50,2025-07-11 19:26:52,2,0
1904,L10,#72,GW252/13600,(1)停机过程,1,2025-07-11 19:26:20,2025-07-11 19:26:50,30,0.01
1905,L10,#72,GW252/13600,(4)启机状态,4,2025-07-11 19:21:19,2025-07-11 19:26:20,301,0.08
1906,L10,#72,GW252/13600,(3)待机状态,3,2025-07-11 17:36:18,2025-07-11 19:21:19,6301,1.75
1907,L10,#72,GW252/13600,(1)停机过程,1,2025-07-11 17:35:44,2025-07-11 17:36:18,34,0.01
1908,L10,#72,GW252/13600,(4)启机状态,4,2025-07-11 17:30:44,2025-07-11 17:35:44,300,0.08
1909,L10,#72,GW252/13600,(3)待机状态,3,2025-07-11 17:26:15,2025-07-11 17:30:44,269,0.07
1910,L10,#72,GW252/13600,(2)停机状态,2,2025-07-11 17:26:13,2025-07-11 17:26:15,2,0
1911,L10,#72,GW252/13600,(1)停机过程,1,2025-07-11 17:25:42,2025-07-11 17:26:13,31,0.01
1912,L10,#72,GW252/13600,(4)启机状态,4,2025-07-11 17:20:43,2025-07-11 17:25:42,299,0.08
1913,L10,#72,GW252/13600,(3)待机状态,3,2025-07-11 17:19:12,2025-07-11 17:20:43,91,0.03
1914,L10,#72,GW252/13600,(2)停机状态,2,2025-07-11 17:19:11,2025-07-11 17:19:12,1,0
1915,L10,#72,GW252/13600,(1)停机过程,1,2025-07-11 17:18:38,2025-07-11 17:19:11,33,0.01
1916,L10,#72,GW252/13600,(4)启机状态,4,2025-07-11 17:13:38,2025-07-11 17:18:38,300,0.08
1917,L10,#72,GW252/13600,(3)待机状态,3,2025-07-11 17:03:19,2025-07-11 17:13:38,619,0.17
1918,L10,#72,GW252/13600,(2)停机状态,2,2025-07-11 17:03:18,2025-07-11 17:03:19,1,0
1919,L10,#72,GW252/13600,(1)停机过程,1,2025-07-11 17:02:45,2025-07-11 17:03:18,33,0.01
1920,L10,#72,GW252/13600,(4)启机状态,4,2025-07-11 16:57:46,2025-07-11 17:02:45,299,0.08
1921,L10,#72,GW252/13600,(3)待机状态,3,2025-07-11 06:00:19,2025-07-11 16:57:46,39447,10.96
1922,L10,#72,GW252/13600,(2)停机状态,2,2025-07-11 05:59:53,2025-07-11 06:00:19,26,0.01
1923,L10,#72,GW252/13600,(1)停机过程,1,2025-07-11 05:59:23,2025-07-11 05:59:53,30,0.01
1924,L10,#72,GW252/13600,(4)启机状态,4,2025-07-11 05:54:23,2025-07-11 05:59:23,300,0.08
1925,L10,#72,GW252/13600,(3)待机状态,3,2025-07-11 05:51:41,2025-07-11 05:54:23,162,0.05
1926,L10,#72,GW252/13600,(2)停机状态,2,2025-07-11 05:51:39,2025-07-11 05:51:41,2,0
1927,L10,#72,GW252/13600,(1)停机过程,1,2025-07-11 05:51:08,2025-07-11 05:51:39,31,0.01
1928,L10,#72,GW252/13600,(4)启机状态,4,2025-07-11 05:46:08,2025-07-11 05:51:08,300,0.08
1929,L10,#72,GW252/13600,(3)待机状态,3,2025-07-11 05:26:03,2025-07-11 05:46:08,1205,0.33
1930,L10,#72,GW252/13600,(2)停机状态,2,2025-07-11 05:25:15,2025-07-11 05:26:03,48,0.01
1931,L10,#72,GW252/13600,(1)停机过程,1,2025-07-11 05:24:43,2025-07-11 05:25:15,32,0.01
1932,L10,#72,GW252/13600,(4)启机状态,4,2025-07-11 05:19:43,2025-07-11 05:24:43,300,0.08
1933,L10,#72,GW252/13600,(3)待机状态,3,2025-07-11 05:17:30,2025-07-11 05:19:43,133,0.04
1934,L10,#72,GW252/13600,(2)停机状态,2,2025-07-11 05:16:12,2025-07-11 05:17:30,78,0.02
1935,L10,#72,GW252/13600,(1)停机过程,1,2025-07-11 05:15:14,2025-07-11 05:16:12,58,0.02
1936,L10,#72,GW252/13600,(5)发电状态,5,2025-07-11 03:43:42,2025-07-11 05:15:14,5492,1.53
1937,L10,#72,GW252/13600,(4)启机状态,4,2025-07-11 03:39:10,2025-07-11 03:43:42,272,0.08
1938,L10,#72,GW252/13600,(3)待机状态,3,2025-07-11 03:38:12,2025-07-11 03:39:10,58,0.02
1939,L10,#72,GW252/13600,(2)停机状态,2,2025-07-11 03:38:11,2025-07-11 03:38:12,1,0
1940,L10,#72,GW252/13600,(1)停机过程,1,2025-07-11 03:37:15,2025-07-11 03:38:11,56,0.02
1941,L10,#72,GW252/13600,(4)启机状态,4,2025-07-11 03:32:14,2025-07-11 03:37:15,301,0.08
1942,L10,#72,GW252/13600,(3)待机状态,3,2025-07-11 03:31:11,2025-07-11 03:32:14,63,0.02
1943,L10,#72,GW252/13600,(2)停机状态,2,2025-07-11 03:31:09,2025-07-11 03:31:11,2,0
1944,L10,#72,GW252/13600,(1)停机过程,1,2025-07-11 03:30:36,2025-07-11 03:31:09,33,0.01
1945,L10,#72,GW252/13600,(4)启机状态,4,2025-07-11 03:25:36,2025-07-11 03:30:36,300,0.08
1946,L10,#72,GW252/13600,(3)待机状态,3,2025-07-11 03:22:08,2025-07-11 03:25:36,208,0.06
1947,L10,#72,GW252/13600,(1)停机过程,1,2025-07-11 03:21:37,2025-07-11 03:22:08,31,0.01
1948,L10,#72,GW252/13600,(4)启机状态,4,2025-07-11 03:16:37,2025-07-11 03:21:37,300,0.08
1949,L10,#72,GW252/13600,(3)待机状态,3,2025-07-11 02:49:21,2025-07-11 03:16:37,1636,0.45
1950,L10,#72,GW252/13600,(2)停机状态,2,2025-07-11 02:48:52,2025-07-11 02:49:21,29,0.01
1951,L10,#72,GW252/13600,(1)停机过程,1,2025-07-11 02:47:54,2025-07-11 02:48:52,58,0.02
1952,L10,#72,GW252/13600,(5)发电状态,5,2025-07-11 01:30:26,2025-07-11 02:47:54,4648,1.29
1953,L10,#72,GW252/13600,(4)启机状态,4,2025-07-11 01:27:15,2025-07-11 01:30:26,191,0.05
1954,L10,#72,GW252/13600,(3)待机状态,3,2025-07-11 01:26:15,2025-07-11 01:27:15,60,0.02
1955,L10,#72,GW252/13600,(2)停机状态,2,2025-07-11 01:26:13,2025-07-11 01:26:15,2,0
1956,L10,#72,GW252/13600,(1)停机过程,1,2025-07-11 01:25:41,2025-07-11 01:26:13,32,0.01
1957,L10,#72,GW252/13600,(4)启机状态,4,2025-07-11 01:20:41,2025-07-11 01:25:41,300,0.08
1958,L10,#72,GW252/13600,(3)待机状态,3,2025-07-11 01:19:37,2025-07-11 01:20:41,64,0.02
1959,L10,#72,GW252/13600,(2)停机状态,2,2025-07-11 01:19:36,2025-07-11 01:19:37,1,0
1960,L10,#72,GW252/13600,(1)停机过程,1,2025-07-11 01:19:05,2025-07-11 01:19:36,31,0.01
1961,L10,#72,GW252/13600,(4)启机状态,4,2025-07-11 01:14:05,2025-07-11 01:19:05,300,0.08
1962,L10,#72,GW252/13600,(3)待机状态,3,2025-07-11 01:13:07,2025-07-11 01:14:05,58,0.02
1963,L10,#72,GW252/13600,(2)停机状态,2,2025-07-11 01:13:04,2025-07-11 01:13:07,3,0
1964,L10,#72,GW252/13600,(1)停机过程,1,2025-07-11 01:12:32,2025-07-11 01:13:04,32,0.01
1965,L10,#72,GW252/13600,(4)启机状态,4,2025-07-11 01:07:33,2025-07-11 01:12:32,299,0.08
1966,L10,#72,GW252/13600,(3)待机状态,3,2025-07-11 01:03:36,2025-07-11 01:07:33,237,0.07
1967,L10,#72,GW252/13600,(2)停机状态,2,2025-07-11 01:03:34,2025-07-11 01:03:36,2,0
1968,L10,#72,GW252/13600,(1)停机过程,1,2025-07-11 01:03:02,2025-07-11 01:03:34,32,0.01
1969,L10,#72,GW252/13600,(4)启机状态,4,2025-07-11 00:58:02,2025-07-11 01:03:02,300,0.08
1970,L10,#72,GW252/13600,(3)待机状态,3,2025-07-11 00:06:31,2025-07-11 00:58:02,3091,0.86
1971,L10,#72,GW252/13600,(2)停机状态,2,2025-07-11 00:05:54,2025-07-11 00:06:31,37,0.01
1972,L10,#72,GW252/13600,(1)停机过程,1,2025-07-11 00:05:23,2025-07-11 00:05:54,31,0.01
1973,L10,#72,GW252/13600,(4)启机状态,4,2025-07-11 00:00:23,2025-07-11 00:05:23,300,0.08
1974,L10,#72,GW252/13600,(3)待机状态,3,2025-07-10 23:58:37,2025-07-11 00:00:23,106,0.03
1975,L10,#72,GW252/13600,(2)停机状态,2,2025-07-10 23:58:34,2025-07-10 23:58:37,3,0
1976,L10,#72,GW252/13600,(1)停机过程,1,2025-07-10 23:58:03,2025-07-10 23:58:34,31,0.01
1977,L10,#72,GW252/13600,(4)启机状态,4,2025-07-10 23:53:03,2025-07-10 23:58:03,300,0.08
1978,L10,#72,GW252/13600,(3)待机状态,3,2025-07-10 23:51:43,2025-07-10 23:53:03,80,0.02
1979,L10,#72,GW252/13600,(2)停机状态,2,2025-07-10 23:51:41,2025-07-10 23:51:43,2,0
1980,L10,#72,GW252/13600,(1)停机过程,1,2025-07-10 23:51:10,2025-07-10 23:51:41,31,0.01
1981,L10,#72,GW252/13600,(4)启机状态,4,2025-07-10 23:46:10,2025-07-10 23:51:10,300,0.08
1982,L10,#72,GW252/13600,(3)待机状态,3,2025-07-10 23:43:37,2025-07-10 23:46:10,153,0.04
1983,L10,#72,GW252/13600,(2)停机状态,2,2025-07-10 23:43:03,2025-07-10 23:43:37,34,0.01
1984,L10,#72,GW252/13600,(1)停机过程,1,2025-07-10 23:42:06,2025-07-10 23:43:03,57,0.02
1985,L10,#72,GW252/13600,(5)发电状态,5,2025-07-10 23:15:40,2025-07-10 23:42:06,1586,0.44
1986,L10,#72,GW252/13600,(4)启机状态,4,2025-07-10 23:13:56,2025-07-10 23:15:40,104,0.03
1987,L10,#72,GW252/13600,(3)待机状态,3,2025-07-10 23:13:06,2025-07-10 23:13:56,50,0.01
1988,L10,#72,GW252/13600,(2)停机状态,2,2025-07-10 23:13:05,2025-07-10 23:13:06,1,0
1989,L10,#72,GW252/13600,(1)停机过程,1,2025-07-10 23:12:08,2025-07-10 23:13:05,57,0.02
1990,L10,#72,GW252/13600,(4)启机状态,4,2025-07-10 23:07:09,2025-07-10 23:12:08,299,0.08
1991,L10,#72,GW252/13600,(3)待机状态,3,2025-07-10 23:05:50,2025-07-10 23:07:09,79,0.02
1992,L10,#72,GW252/13600,(2)停机状态,2,2025-07-10 23:00:48,2025-07-10 23:05:50,302,0.08
1993,L10,#72,GW252/13600,(1)停机过程,1,2025-07-10 22:59:51,2025-07-10 23:00:48,57,0.02
1994,L10,#72,GW252/13600,(5)发电状态,5,2025-07-10 22:39:05,2025-07-10 22:59:51,1246,0.35
1995,L10,#72,GW252/13600,(4)启机状态,4,2025-07-10 22:36:41,2025-07-10 22:39:05,144,0.04
1996,L10,#72,GW252/13600,(3)待机状态,3,2025-07-10 22:35:39,2025-07-10 22:36:41,62,0.02
1997,L10,#72,GW252/13600,(2)停机状态,2,2025-07-10 22:35:38,2025-07-10 22:35:39,1,0
1998,L10,#72,GW252/13600,(1)停机过程,1,2025-07-10 22:35:06,2025-07-10 22:35:38,32,0.01
1999,L10,#72,GW252/13600,(4)启机状态,4,2025-07-10 22:30:06,2025-07-10 22:35:06,300,0.08
2000,L10,#72,GW252/13600,(3)待机状态,3,2025-07-10 22:29:02,2025-07-10 22:30:06,64,0.02
2001,L10,#72,GW252/13600,(2)停机状态,2,2025-07-10 22:29:00,2025-07-10 22:29:02,2,0
2002,L10,#72,GW252/13600,(1)停机过程,1,2025-07-10 22:28:28,2025-07-10 22:29:00,32,0.01
2003,L10,#72,GW252/13600,(4)启机状态,4,2025-07-10 22:23:28,2025-07-10 22:28:28,300,0.08
2004,L10,#72,GW252/13600,(3)待机状态,3,2025-07-10 21:20:43,2025-07-10 22:23:28,3765,1.05
2005,L10,#72,GW252/13600,(2)停机状态,2,2025-07-10 21:20:42,2025-07-10 21:20:43,1,0
2006,L10,#72,GW252/13600,(1)停机过程,1,2025-07-10 21:19:46,2025-07-10 21:20:42,56,0.02
2007,L10,#72,GW252/13600,(5)发电状态,5,2025-07-10 21:06:42,2025-07-10 21:19:46,784,0.22
2008,L10,#72,GW252/13600,(4)启机状态,4,2025-07-10 21:05:36,2025-07-10 21:06:42,66,0.02
2009,L10,#72,GW252/13600,(3)待机状态,3,2025-07-10 21:01:02,2025-07-10 21:05:36,274,0.08
2010,L10,#72,GW252/13600,(2)停机状态,2,2025-07-10 21:00:22,2025-07-10 21:01:02,40,0.01
2011,L10,#72,GW252/13600,(1)停机过程,1,2025-07-10 20:59:26,2025-07-10 21:00:22,56,0.02
2012,L10,#72,GW252/13600,(5)发电状态,5,2025-07-10 20:25:50,2025-07-10 20:59:26,2016,0.56
2013,L10,#72,GW252/13600,(4)启机状态,4,2025-07-10 20:25:09,2025-07-10 20:25:50,41,0.01
2014,L10,#72,GW252/13600,(3)待机状态,3,2025-07-10 20:22:17,2025-07-10 20:25:09,172,0.05
2015,L10,#72,GW252/13600,(2)停机状态,2,2025-07-10 20:22:16,2025-07-10 20:22:17,1,0
2016,L10,#72,GW252/13600,(1)停机过程,1,2025-07-10 20:21:45,2025-07-10 20:22:16,31,0.01
2017,L10,#72,GW252/13600,(3)待机状态,3,2025-07-10 20:21:24,2025-07-10 20:21:45,21,0.01
2018,L10,#72,GW252/13600,(2)停机状态,2,2025-07-10 20:21:23,2025-07-10 20:21:24,1,0
2019,L10,#72,GW252/13600,(1)停机过程,1,2025-07-10 20:20:53,2025-07-10 20:21:23,30,0.01
2020,L10,#72,GW252/13600,(3)待机状态,3,2025-07-10 20:20:30,2025-07-10 20:20:53,23,0.01
2021,L10,#72,GW252/13600,(2)停机状态,2,2025-07-10 20:20:29,2025-07-10 20:20:30,1,0
2022,L10,#72,GW252/13600,(1)停机过程,1,2025-07-10 20:19:58,2025-07-10 20:20:29,31,0.01
2023,L10,#72,GW252/13600,(3)待机状态,3,2025-07-10 20:04:51,2025-07-10 20:19:58,907,0.25
2024,L10,#72,GW252/13600,(2)停机状态,2,2025-07-10 20:04:50,2025-07-10 20:04:51,1,0
2025,L10,#72,GW252/13600,(1)停机过程,1,2025-07-10 20:04:20,2025-07-10 20:04:50,30,0.01
2026,L10,#72,GW252/13600,(3)待机状态,3,2025-07-10 20:03:58,2025-07-10 20:04:20,22,0.01
2027,L10,#72,GW252/13600,(2)停机状态,2,2025-07-10 20:03:57,2025-07-10 20:03:58,1,0
2028,L10,#72,GW252/13600,(1)停机过程,1,2025-07-10 20:03:26,2025-07-10 20:03:57,31,0.01
2029,L10,#72,GW252/13600,(3)待机状态,3,2025-07-10 20:03:05,2025-07-10 20:03:26,21,0.01
2030,L10,#72,GW252/13600,(1)停机过程,1,2025-07-10 20:02:35,2025-07-10 20:03:05,30,0.01
2031,L10,#72,GW252/13600,(3)待机状态,3,2025-07-10 20:02:11,2025-07-10 20:02:35,24,0.01
2032,L10,#72,GW252/13600,(1)停机过程,1,2025-07-10 20:01:42,2025-07-10 20:02:11,29,0.01
2033,L10,#72,GW252/13600,(3)待机状态,3,2025-07-10 20:01:20,2025-07-10 20:01:42,22,0.01
2034,L10,#72,GW252/13600,(2)停机状态,2,2025-07-10 20:01:18,2025-07-10 20:01:20,2,0
2035,L10,#72,GW252/13600,(1)停机过程,1,2025-07-10 20:00:49,2025-07-10 20:01:18,29,0.01
2036,L10,#72,GW252/13600,(3)待机状态,3,2025-07-10 20:00:26,2025-07-10 20:00:49,23,0.01
2037,L10,#72,GW252/13600,(2)停机状态,2,2025-07-10 20:00:25,2025-07-10 20:00:26,1,0
2038,L10,#72,GW252/13600,(1)停机过程,1,2025-07-10 19:59:54,2025-07-10 20:00:25,31,0.01
2039,L10,#72,GW252/13600,(3)待机状态,3,2025-07-10 19:59:33,2025-07-10 19:59:54,21,0.01
2040,L10,#72,GW252/13600,(2)停机状态,2,2025-07-10 19:59:32,2025-07-10 19:59:33,1,0
2041,L10,#72,GW252/13600,(1)停机过程,1,2025-07-10 19:59:00,2025-07-10 19:59:32,32,0.01
2042,L10,#72,GW252/13600,(3)待机状态,3,2025-07-10 19:58:06,2025-07-10 19:59:00,54,0.02
2043,L10,#72,GW252/13600,(2)停机状态,2,2025-07-10 19:57:12,2025-07-10 19:58:06,54,0.02
2044,L10,#72,GW252/13600,(1)停机过程,1,2025-07-10 19:56:13,2025-07-10 19:57:12,59,0.02
2045,L10,#72,GW252/13600,(5)发电状态,5,2025-07-09 20:54:44,2025-07-10 19:56:13,82889,23.02
2046,L10,#72,GW252/13600,(4)启机状态,4,2025-07-09 20:53:25,2025-07-09 20:54:44,79,0.02
2047,L10,#72,GW252/13600,(3)待机状态,3,2025-07-09 20:52:32,2025-07-09 20:53:25,53,0.01
2048,L10,#72,GW252/13600,(2)停机状态,2,2025-07-09 20:52:31,2025-07-09 20:52:32,1,0
2049,L10,#72,GW252/13600,(1)停机过程,1,2025-07-09 20:51:57,2025-07-09 20:52:31,34,0.01
2050,L10,#72,GW252/13600,(4)启机状态,4,2025-07-09 20:46:57,2025-07-09 20:51:57,300,0.08
2051,L10,#72,GW252/13600,(3)待机状态,3,2025-07-09 20:44:04,2025-07-09 20:46:57,173,0.05
2052,L10,#72,GW252/13600,(2)停机状态,2,2025-07-09 20:44:02,2025-07-09 20:44:04,2,0
2053,L10,#72,GW252/13600,(1)停机过程,1,2025-07-09 20:43:30,2025-07-09 20:44:02,32,0.01
2054,L10,#72,GW252/13600,(4)启机状态,4,2025-07-09 20:38:30,2025-07-09 20:43:30,300,0.08
2055,L10,#72,GW252/13600,(3)待机状态,3,2025-07-09 20:37:28,2025-07-09 20:38:30,62,0.02
2056,L10,#72,GW252/13600,(2)停机状态,2,2025-07-09 20:37:27,2025-07-09 20:37:28,1,0
2057,L10,#72,GW252/13600,(1)停机过程,1,2025-07-09 20:36:55,2025-07-09 20:37:27,32,0.01
2058,L10,#72,GW252/13600,(4)启机状态,4,2025-07-09 20:31:55,2025-07-09 20:36:55,300,0.08
2059,L10,#72,GW252/13600,(3)待机状态,3,2025-07-09 20:30:09,2025-07-09 20:31:55,106,0.03
2060,L10,#72,GW252/13600,(2)停机状态,2,2025-07-09 20:28:02,2025-07-09 20:30:09,127,0.04
2061,L10,#72,GW252/13600,(1)停机过程,1,2025-07-09 20:27:04,2025-07-09 20:28:02,58,0.02
2062,L10,#72,GW252/13600,(5)发电状态,5,2025-07-09 04:10:00,2025-07-09 20:27:04,58624,16.28
2063,L10,#72,GW252/13600,(4)启机状态,4,2025-07-09 04:06:32,2025-07-09 04:10:00,208,0.06
2064,L10,#72,GW252/13600,(3)待机状态,3,2025-07-09 04:05:26,2025-07-09 04:06:32,66,0.02
2065,L10,#72,GW252/13600,(2)停机状态,2,2025-07-09 04:05:25,2025-07-09 04:05:26,1,0
2066,L10,#72,GW252/13600,(1)停机过程,1,2025-07-09 04:04:32,2025-07-09 04:05:25,53,0.01
2067,L10,#72,GW252/13600,(4)启机状态,4,2025-07-09 03:59:31,2025-07-09 04:04:32,301,0.08
2068,L10,#72,GW252/13600,(3)待机状态,3,2025-07-09 03:58:34,2025-07-09 03:59:31,57,0.02
2069,L10,#72,GW252/13600,(2)停机状态,2,2025-07-09 03:58:33,2025-07-09 03:58:34,1,0
2070,L10,#72,GW252/13600,(1)停机过程,1,2025-07-09 03:58:02,2025-07-09 03:58:33,31,0.01
2071,L10,#72,GW252/13600,(4)启机状态,4,2025-07-09 03:53:02,2025-07-09 03:58:02,300,0.08
2072,L10,#72,GW252/13600,(3)待机状态,3,2025-07-09 03:49:46,2025-07-09 03:53:02,196,0.05
2073,L10,#72,GW252/13600,(1)停机过程,1,2025-07-09 03:49:15,2025-07-09 03:49:46,31,0.01
2074,L10,#72,GW252/13600,(4)启机状态,4,2025-07-09 03:44:15,2025-07-09 03:49:15,300,0.08
2075,L10,#72,GW252/13600,(3)待机状态,3,2025-07-09 03:42:47,2025-07-09 03:44:15,88,0.02
2076,L10,#72,GW252/13600,(2)停机状态,2,2025-07-09 03:42:45,2025-07-09 03:42:47,2,0
2077,L10,#72,GW252/13600,(1)停机过程,1,2025-07-09 03:42:14,2025-07-09 03:42:45,31,0.01
2078,L10,#72,GW252/13600,(4)启机状态,4,2025-07-09 03:37:14,2025-07-09 03:42:14,300,0.08
2079,L10,#72,GW252/13600,(3)待机状态,3,2025-07-09 03:32:01,2025-07-09 03:37:14,313,0.09
2080,L10,#72,GW252/13600,(2)停机状态,2,2025-07-09 03:32:00,2025-07-09 03:32:01,1,0
2081,L10,#72,GW252/13600,(1)停机过程,1,2025-07-09 03:31:28,2025-07-09 03:32:00,32,0.01
2082,L10,#72,GW252/13600,(4)启机状态,4,2025-07-09 03:26:28,2025-07-09 03:31:28,300,0.08
2083,L10,#72,GW252/13600,(3)待机状态,3,2025-07-09 03:23:18,2025-07-09 03:26:28,190,0.05
2084,L10,#72,GW252/13600,(2)停机状态,2,2025-07-09 03:23:16,2025-07-09 03:23:18,2,0
2085,L10,#72,GW252/13600,(1)停机过程,1,2025-07-09 03:22:45,2025-07-09 03:23:16,31,0.01
2086,L10,#72,GW252/13600,(4)启机状态,4,2025-07-09 03:17:45,2025-07-09 03:22:45,300,0.08
2087,L10,#72,GW252/13600,(3)待机状态,3,2025-07-09 03:13:04,2025-07-09 03:17:45,281,0.08
2088,L10,#72,GW252/13600,(2)停机状态,2,2025-07-09 03:13:02,2025-07-09 03:13:04,2,0
2089,L10,#72,GW252/13600,(1)停机过程,1,2025-07-09 03:12:29,2025-07-09 03:13:02,33,0.01
2090,L10,#72,GW252/13600,(4)启机状态,4,2025-07-09 03:07:29,2025-07-09 03:12:29,300,0.08
2091,L10,#72,GW252/13600,(3)待机状态,3,2025-07-09 03:06:03,2025-07-09 03:07:29,86,0.02
2092,L10,#72,GW252/13600,(2)停机状态,2,2025-07-09 03:06:01,2025-07-09 03:06:03,2,0
2093,L10,#72,GW252/13600,(1)停机过程,1,2025-07-09 03:05:29,2025-07-09 03:06:01,32,0.01
2094,L10,#72,GW252/13600,(4)启机状态,4,2025-07-09 03:00:29,2025-07-09 03:05:29,300,0.08
2095,L10,#72,GW252/13600,(3)待机状态,3,2025-07-09 02:58:33,2025-07-09 03:00:29,116,0.03
2096,L10,#72,GW252/13600,(1)停机过程,1,2025-07-09 02:58:00,2025-07-09 02:58:33,33,0.01
2097,L10,#72,GW252/13600,(4)启机状态,4,2025-07-09 02:53:00,2025-07-09 02:58:00,300,0.08
2098,L10,#72,GW252/13600,(3)待机状态,3,2025-07-09 02:51:14,2025-07-09 02:53:00,106,0.03
2099,L10,#72,GW252/13600,(2)停机状态,2,2025-07-09 02:51:12,2025-07-09 02:51:14,2,0
2100,L10,#72,GW252/13600,(1)停机过程,1,2025-07-09 02:50:39,2025-07-09 02:51:12,33,0.01
2101,L10,#72,GW252/13600,(4)启机状态,4,2025-07-09 02:45:39,2025-07-09 02:50:39,300,0.08
2102,L10,#72,GW252/13600,(3)待机状态,3,2025-07-09 02:42:00,2025-07-09 02:45:39,219,0.06
2103,L10,#72,GW252/13600,(2)停机状态,2,2025-07-09 02:41:58,2025-07-09 02:42:00,2,0
2104,L10,#72,GW252/13600,(1)停机过程,1,2025-07-09 02:41:26,2025-07-09 02:41:58,32,0.01
2105,L10,#72,GW252/13600,(4)启机状态,4,2025-07-09 02:36:26,2025-07-09 02:41:26,300,0.08
2106,L10,#72,GW252/13600,(3)待机状态,3,2025-07-09 02:35:10,2025-07-09 02:36:26,76,0.02
2107,L10,#72,GW252/13600,(2)停机状态,2,2025-07-09 02:35:08,2025-07-09 02:35:10,2,0
2108,L10,#72,GW252/13600,(1)停机过程,1,2025-07-09 02:34:36,2025-07-09 02:35:08,32,0.01
2109,L10,#72,GW252/13600,(4)启机状态,4,2025-07-09 02:29:36,2025-07-09 02:34:36,300,0.08
2110,L10,#72,GW252/13600,(3)待机状态,3,2025-07-09 02:28:04,2025-07-09 02:29:36,92,0.03
2111,L10,#72,GW252/13600,(2)停机状态,2,2025-07-09 02:28:02,2025-07-09 02:28:04,2,0
2112,L10,#72,GW252/13600,(1)停机过程,1,2025-07-09 02:27:30,2025-07-09 02:28:02,32,0.01
2113,L10,#72,GW252/13600,(4)启机状态,4,2025-07-09 02:22:30,2025-07-09 02:27:30,300,0.08
2114,L10,#72,GW252/13600,(3)待机状态,3,2025-07-09 02:00:45,2025-07-09 02:22:30,1305,0.36
2115,L10,#72,GW252/13600,(1)停机过程,1,2025-07-09 02:00:13,2025-07-09 02:00:45,32,0.01
2116,L10,#72,GW252/13600,(4)启机状态,4,2025-07-09 01:55:13,2025-07-09 02:00:13,300,0.08
2117,L10,#72,GW252/13600,(3)待机状态,3,2025-07-09 01:33:02,2025-07-09 01:55:13,1331,0.37
2118,L10,#72,GW252/13600,(2)停机状态,2,2025-07-09 01:31:13,2025-07-09 01:33:02,109,0.03
2119,L10,#72,GW252/13600,(1)停机过程,1,2025-07-09 01:30:41,2025-07-09 01:31:13,32,0.01
2120,L10,#72,GW252/13600,(4)启机状态,4,2025-07-09 01:25:41,2025-07-09 01:30:41,300,0.08
2121,L10,#72,GW252/13600,(3)待机状态,3,2025-07-09 01:18:02,2025-07-09 01:25:41,459,0.13
2122,L10,#72,GW252/13600,(1)停机过程,1,2025-07-09 01:17:31,2025-07-09 01:18:02,31,0.01
2123,L10,#72,GW252/13600,(4)启机状态,4,2025-07-09 01:12:30,2025-07-09 01:17:31,301,0.08
2124,L10,#72,GW252/13600,(3)待机状态,3,2025-07-09 01:04:40,2025-07-09 01:12:30,470,0.13
2125,L10,#72,GW252/13600,(2)停机状态,2,2025-07-09 01:04:37,2025-07-09 01:04:40,3,0
2126,L10,#72,GW252/13600,(1)停机过程,1,2025-07-09 01:04:05,2025-07-09 01:04:37,32,0.01
2127,L10,#72,GW252/13600,(4)启机状态,4,2025-07-09 00:59:05,2025-07-09 01:04:05,300,0.08
2128,L10,#72,GW252/13600,(3)待机状态,3,2025-07-09 00:55:29,2025-07-09 00:59:05,216,0.06
2129,L10,#72,GW252/13600,(2)停机状态,2,2025-07-09 00:55:24,2025-07-09 00:55:29,5,0
2130,L10,#72,GW252/13600,(1)停机过程,1,2025-07-09 00:54:53,2025-07-09 00:55:24,31,0.01
2131,L10,#72,GW252/13600,(4)启机状态,4,2025-07-09 00:49:52,2025-07-09 00:54:53,301,0.08
2132,L10,#72,GW252/13600,(3)待机状态,3,2025-07-09 00:48:33,2025-07-09 00:49:52,79,0.02
2133,L10,#72,GW252/13600,(2)停机状态,2,2025-07-09 00:48:32,2025-07-09 00:48:33,1,0
2134,L10,#72,GW252/13600,(1)停机过程,1,2025-07-09 00:48:00,2025-07-09 00:48:32,32,0.01
2135,L10,#72,GW252/13600,(4)启机状态,4,2025-07-09 00:43:00,2025-07-09 00:48:00,300,0.08
2136,L10,#72,GW252/13600,(3)待机状态,3,2025-07-09 00:41:24,2025-07-09 00:43:00,96,0.03
2137,L10,#72,GW252/13600,(2)停机状态,2,2025-07-09 00:41:23,2025-07-09 00:41:24,1,0
2138,L10,#72,GW252/13600,(1)停机过程,1,2025-07-09 00:40:51,2025-07-09 00:41:23,32,0.01
2139,L10,#72,GW252/13600,(4)启机状态,4,2025-07-09 00:35:51,2025-07-09 00:40:51,300,0.08
2140,L10,#72,GW252/13600,(3)待机状态,3,2025-07-09 00:34:46,2025-07-09 00:35:51,65,0.02
2141,L10,#72,GW252/13600,(2)停机状态,2,2025-07-09 00:34:44,2025-07-09 00:34:46,2,0
2142,L10,#72,GW252/13600,(1)停机过程,1,2025-07-09 00:34:12,2025-07-09 00:34:44,32,0.01
2143,L10,#72,GW252/13600,(4)启机状态,4,2025-07-09 00:29:13,2025-07-09 00:34:12,299,0.08
2144,L10,#72,GW252/13600,(3)待机状态,3,2025-07-09 00:28:13,2025-07-09 00:29:13,60,0.02
2145,L10,#72,GW252/13600,(2)停机状态,2,2025-07-09 00:28:12,2025-07-09 00:28:13,1,0
2146,L10,#72,GW252/13600,(1)停机过程,1,2025-07-09 00:27:41,2025-07-09 00:28:12,31,0.01
2147,L10,#72,GW252/13600,(4)启机状态,4,2025-07-09 00:22:41,2025-07-09 00:27:41,300,0.08
2148,L10,#72,GW252/13600,(3)待机状态,3,2025-07-09 00:21:32,2025-07-09 00:22:41,69,0.02
2149,L10,#72,GW252/13600,(2)停机状态,2,2025-07-09 00:21:31,2025-07-09 00:21:32,1,0
2150,L10,#72,GW252/13600,(1)停机过程,1,2025-07-09 00:21:00,2025-07-09 00:21:31,31,0.01
2151,L10,#72,GW252/13600,(4)启机状态,4,2025-07-09 00:16:00,2025-07-09 00:21:00,300,0.08
2152,L10,#72,GW252/13600,(3)待机状态,3,2025-07-09 00:13:56,2025-07-09 00:16:00,124,0.03
2153,L10,#72,GW252/13600,(2)停机状态,2,2025-07-09 00:13:55,2025-07-09 00:13:56,1,0
2154,L10,#72,GW252/13600,(1)停机过程,1,2025-07-09 00:13:25,2025-07-09 00:13:55,30,0.01
2155,L10,#72,GW252/13600,(4)启机状态,4,2025-07-09 00:08:25,2025-07-09 00:13:25,300,0.08
2156,L10,#72,GW252/13600,(3)待机状态,3,2025-07-09 00:07:18,2025-07-09 00:08:25,67,0.02
2157,L10,#72,GW252/13600,(2)停机状态,2,2025-07-09 00:07:16,2025-07-09 00:07:18,2,0
2158,L10,#72,GW252/13600,(1)停机过程,1,2025-07-09 00:06:44,2025-07-09 00:07:16,32,0.01
2159,L10,#72,GW252/13600,(4)启机状态,4,2025-07-09 00:01:44,2025-07-09 00:06:44,300,0.08
2160,L10,#72,GW252/13600,(3)待机状态,3,2025-07-09 00:00:40,2025-07-09 00:01:44,64,0.02
2161,L10,#72,GW252/13600,(2)停机状态,2,2025-07-09 00:00:39,2025-07-09 00:00:40,1,0
2162,L10,#72,GW252/13600,(1)停机过程,1,2025-07-09 00:00:08,2025-07-09 00:00:39,31,0.01
2163,L10,#72,GW252/13600,(4)启机状态,4,2025-07-08 23:55:08,2025-07-09 00:00:08,300,0.08
2164,L10,#72,GW252/13600,(3)待机状态,3,2025-07-08 23:53:52,2025-07-08 23:55:08,76,0.02
2165,L10,#72,GW252/13600,(2)停机状态,2,2025-07-08 23:53:51,2025-07-08 23:53:52,1,0
2166,L10,#72,GW252/13600,(1)停机过程,1,2025-07-08 23:53:18,2025-07-08 23:53:51,33,0.01
2167,L10,#72,GW252/13600,(4)启机状态,4,2025-07-08 23:48:18,2025-07-08 23:53:18,300,0.08
2168,L10,#72,GW252/13600,(3)待机状态,3,2025-07-08 23:45:47,2025-07-08 23:48:18,151,0.04
2169,L10,#72,GW252/13600,(2)停机状态,2,2025-07-08 23:45:46,2025-07-08 23:45:47,1,0
2170,L10,#72,GW252/13600,(1)停机过程,1,2025-07-08 23:45:13,2025-07-08 23:45:46,33,0.01
2171,L10,#72,GW252/13600,(4)启机状态,4,2025-07-08 23:40:13,2025-07-08 23:45:13,300,0.08
2172,L10,#72,GW252/13600,(3)待机状态,3,2025-07-08 23:39:06,2025-07-08 23:40:13,67,0.02
2173,L10,#72,GW252/13600,(2)停机状态,2,2025-07-08 23:39:05,2025-07-08 23:39:06,1,0
2174,L10,#72,GW252/13600,(1)停机过程,1,2025-07-08 23:38:33,2025-07-08 23:39:05,32,0.01
2175,L10,#72,GW252/13600,(4)启机状态,4,2025-07-08 23:33:34,2025-07-08 23:38:33,299,0.08
2176,L10,#72,GW252/13600,(3)待机状态,3,2025-07-08 23:30:33,2025-07-08 23:33:34,181,0.05
2177,L10,#72,GW252/13600,(2)停机状态,2,2025-07-08 23:30:31,2025-07-08 23:30:33,2,0
2178,L10,#72,GW252/13600,(1)停机过程,1,2025-07-08 23:30:01,2025-07-08 23:30:31,30,0.01
2179,L10,#72,GW252/13600,(4)启机状态,4,2025-07-08 23:25:01,2025-07-08 23:30:01,300,0.08
2180,L10,#72,GW252/13600,(3)待机状态,3,2025-07-08 23:23:50,2025-07-08 23:25:01,71,0.02
2181,L10,#72,GW252/13600,(2)停机状态,2,2025-07-08 23:23:48,2025-07-08 23:23:50,2,0
2182,L10,#72,GW252/13600,(1)停机过程,1,2025-07-08 23:23:16,2025-07-08 23:23:48,32,0.01
2183,L10,#72,GW252/13600,(4)启机状态,4,2025-07-08 23:18:16,2025-07-08 23:23:16,300,0.08
2184,L10,#72,GW252/13600,(3)待机状态,3,2025-07-08 23:16:52,2025-07-08 23:18:16,84,0.02
2185,L10,#72,GW252/13600,(2)停机状态,2,2025-07-08 23:16:28,2025-07-08 23:16:52,24,0.01
2186,L10,#72,GW252/13600,(1)停机过程,1,2025-07-08 23:15:56,2025-07-08 23:16:28,32,0.01
2187,L10,#72,GW252/13600,(4)启机状态,4,2025-07-08 23:10:56,2025-07-08 23:15:56,300,0.08
2188,L10,#72,GW252/13600,(3)待机状态,3,2025-07-08 23:04:26,2025-07-08 23:10:56,390,0.11
2189,L10,#72,GW252/13600,(2)停机状态,2,2025-07-08 23:04:25,2025-07-08 23:04:26,1,0
2190,L10,#72,GW252/13600,(1)停机过程,1,2025-07-08 23:03:51,2025-07-08 23:04:25,34,0.01
2191,L10,#72,GW252/13600,(4)启机状态,4,2025-07-08 22:58:52,2025-07-08 23:03:51,299,0.08
2192,L10,#72,GW252/13600,(3)待机状态,3,2025-07-08 22:26:34,2025-07-08 22:58:52,1938,0.54
2193,L10,#72,GW252/13600,(2)停机状态,2,2025-07-08 22:26:32,2025-07-08 22:26:34,2,0
2194,L10,#72,GW252/13600,(1)停机过程,1,2025-07-08 22:26:01,2025-07-08 22:26:32,31,0.01
2195,L10,#72,GW252/13600,(4)启机状态,4,2025-07-08 22:21:01,2025-07-08 22:26:01,300,0.08
2196,L10,#72,GW252/13600,(3)待机状态,3,2025-07-08 22:19:48,2025-07-08 22:21:01,73,0.02
2197,L10,#72,GW252/13600,(2)停机状态,2,2025-07-08 22:19:46,2025-07-08 22:19:48,2,0
2198,L10,#72,GW252/13600,(1)停机过程,1,2025-07-08 22:19:13,2025-07-08 22:19:46,33,0.01
2199,L10,#72,GW252/13600,(4)启机状态,4,2025-07-08 22:14:13,2025-07-08 22:19:13,300,0.08
2200,L10,#72,GW252/13600,(3)待机状态,3,2025-07-08 22:01:23,2025-07-08 22:14:13,770,0.21
2201,L10,#72,GW252/13600,(3)待机状态,3,2025-07-08 22:01:22,2025-07-08 22:01:23,1,0
2202,L10,#72,GW252/13600,(1)停机过程,1,2025-07-08 22:00:48,2025-07-08 22:01:22,34,0.01
2203,L10,#72,GW252/13600,(4)启机状态,4,2025-07-08 21:55:49,2025-07-08 22:00:48,299,0.08
2204,L10,#72,GW252/13600,(3)待机状态,3,2025-07-08 21:50:26,2025-07-08 21:55:49,323,0.09
2205,L10,#72,GW252/13600,(2)停机状态,2,2025-07-08 21:50:24,2025-07-08 21:50:26,2,0
2206,L10,#72,GW252/13600,(1)停机过程,1,2025-07-08 21:49:51,2025-07-08 21:50:24,33,0.01
2207,L10,#72,GW252/13600,(4)启机状态,4,2025-07-08 21:44:52,2025-07-08 21:49:51,299,0.08
2208,L10,#72,GW252/13600,(3)待机状态,3,2025-07-08 21:40:38,2025-07-08 21:44:52,254,0.07
2209,L10,#72,GW252/13600,(2)停机状态,2,2025-07-08 21:35:01,2025-07-08 21:40:38,337,0.09
2210,L10,#72,GW252/13600,(1)停机过程,1,2025-07-08 21:34:04,2025-07-08 21:35:01,57,0.02
2211,L10,#72,GW252/13600,(5)发电状态,5,2025-07-08 18:52:44,2025-07-08 21:34:04,9680,2.69
2212,L10,#72,GW252/13600,(4)启机状态,4,2025-07-08 18:51:19,2025-07-08 18:52:44,85,0.02
2213,L10,#72,GW252/13600,(3)待机状态,3,2025-07-08 18:50:14,2025-07-08 18:51:19,65,0.02
2214,L10,#72,GW252/13600,(2)停机状态,2,2025-07-08 18:50:13,2025-07-08 18:50:14,1,0
2215,L10,#72,GW252/13600,(1)停机过程,1,2025-07-08 18:49:42,2025-07-08 18:50:13,31,0.01
2216,L10,#72,GW252/13600,(4)启机状态,4,2025-07-08 18:44:42,2025-07-08 18:49:42,300,0.08
2217,L10,#72,GW252/13600,(3)待机状态,3,2025-07-08 18:39:10,2025-07-08 18:44:42,332,0.09
2218,L10,#72,GW252/13600,(2)停机状态,2,2025-07-08 18:39:09,2025-07-08 18:39:10,1,0
2219,L10,#72,GW252/13600,(1)停机过程,1,2025-07-08 18:38:39,2025-07-08 18:39:09,30,0.01
2220,L10,#72,GW252/13600,(4)启机状态,4,2025-07-08 18:33:38,2025-07-08 18:38:39,301,0.08
2221,L10,#72,GW252/13600,(3)待机状态,3,2025-07-08 18:31:37,2025-07-08 18:33:38,121,0.03
2222,L10,#72,GW252/13600,(2)停机状态,2,2025-07-08 18:30:00,2025-07-08 18:31:37,97,0.03
2223,L10,#72,GW252/13600,(1)停机过程,1,2025-07-08 18:29:04,2025-07-08 18:30:00,56,0.02
2224,L10,#72,GW252/13600,(5)发电状态,5,2025-07-08 17:53:57,2025-07-08 18:29:04,2107,0.59
2225,L10,#72,GW252/13600,(4)启机状态,4,2025-07-08 17:49:59,2025-07-08 17:53:57,238,0.07
2226,L10,#72,GW252/13600,(3)待机状态,3,2025-07-08 17:49:00,2025-07-08 17:49:59,59,0.02
2227,L10,#72,GW252/13600,(1)停机过程,1,2025-07-08 17:48:27,2025-07-08 17:49:00,33,0.01
2228,L10,#72,GW252/13600,(4)启机状态,4,2025-07-08 17:43:28,2025-07-08 17:48:27,299,0.08
2229,L10,#72,GW252/13600,(3)待机状态,3,2025-07-08 17:18:12,2025-07-08 17:43:28,1516,0.42
2230,L10,#72,GW252/13600,(2)停机状态,2,2025-07-08 17:14:04,2025-07-08 17:18:12,248,0.07
2231,L10,#72,GW252/13600,(1)停机过程,1,2025-07-08 17:13:07,2025-07-08 17:14:04,57,0.02
2232,L10,#72,GW252/13600,(5)发电状态,5,2025-07-08 16:03:51,2025-07-08 17:13:07,4156,1.15
2233,L10,#72,GW252/13600,(4)启机状态,4,2025-07-08 15:58:53,2025-07-08 16:03:51,298,0.08
2234,L10,#72,GW252/13600,(3)待机状态,3,2025-07-08 15:57:35,2025-07-08 15:58:53,78,0.02
2235,L10,#72,GW252/13600,(2)停机状态,2,2025-07-08 15:57:34,2025-07-08 15:57:35,1,0
2236,L10,#72,GW252/13600,(1)停机过程,1,2025-07-08 15:57:02,2025-07-08 15:57:34,32,0.01
2237,L10,#72,GW252/13600,(4)启机状态,4,2025-07-08 15:52:02,2025-07-08 15:57:02,300,0.08
2238,L10,#72,GW252/13600,(3)待机状态,3,2025-07-08 15:11:27,2025-07-08 15:52:02,2435,0.68
2239,L10,#72,GW252/13600,(2)停机状态,2,2025-07-08 15:08:23,2025-07-08 15:11:27,184,0.05
2240,L10,#72,GW252/13600,(1)停机过程,1,2025-07-08 15:07:51,2025-07-08 15:08:23,32,0.01
2241,L10,#72,GW252/13600,(4)启机状态,4,2025-07-08 15:02:52,2025-07-08 15:07:51,299,0.08
2242,L10,#72,GW252/13600,(3)待机状态,3,2025-07-08 15:01:30,2025-07-08 15:02:52,82,0.02
2243,L10,#72,GW252/13600,(2)停机状态,2,2025-07-08 15:01:29,2025-07-08 15:01:30,1,0
2244,L10,#72,GW252/13600,(1)停机过程,1,2025-07-08 15:00:57,2025-07-08 15:01:29,32,0.01
2245,L10,#72,GW252/13600,(4)启机状态,4,2025-07-08 14:55:57,2025-07-08 15:00:57,300,0.08
2246,L10,#72,GW252/13600,(3)待机状态,3,2025-07-08 14:52:33,2025-07-08 14:55:57,204,0.06
2247,L10,#72,GW252/13600,(2)停机状态,2,2025-07-08 14:52:27,2025-07-08 14:52:33,6,0
2248,L10,#72,GW252/13600,(1)停机过程,1,2025-07-08 14:51:30,2025-07-08 14:52:27,57,0.02
2249,L10,#72,GW252/13600,(5)发电状态,5,2025-07-08 12:08:15,2025-07-08 14:51:30,9795,2.72
2250,L10,#72,GW252/13600,(4)启机状态,4,2025-07-08 12:05:27,2025-07-08 12:08:15,168,0.05
2251,L10,#72,GW252/13600,(3)待机状态,3,2025-07-08 12:04:29,2025-07-08 12:05:27,58,0.02
2252,L10,#72,GW252/13600,(2)停机状态,2,2025-07-08 12:04:27,2025-07-08 12:04:29,2,0
2253,L10,#72,GW252/13600,(1)停机过程,1,2025-07-08 12:03:56,2025-07-08 12:04:27,31,0.01
2254,L10,#72,GW252/13600,(4)启机状态,4,2025-07-08 11:58:56,2025-07-08 12:03:56,300,0.08
2255,L10,#72,GW252/13600,(3)待机状态,3,2025-07-08 11:57:43,2025-07-08 11:58:56,73,0.02
2256,L10,#72,GW252/13600,(2)停机状态,2,2025-07-08 11:57:41,2025-07-08 11:57:43,2,0
2257,L10,#72,GW252/13600,(1)停机过程,1,2025-07-08 11:57:08,2025-07-08 11:57:41,33,0.01
2258,L10,#72,GW252/13600,(4)启机状态,4,2025-07-08 11:52:09,2025-07-08 11:57:08,299,0.08
2259,L10,#72,GW252/13600,(3)待机状态,3,2025-07-08 11:51:08,2025-07-08 11:52:09,61,0.02
2260,L10,#72,GW252/13600,(2)停机状态,2,2025-07-08 11:51:06,2025-07-08 11:51:08,2,0
2261,L10,#72,GW252/13600,(1)停机过程,1,2025-07-08 11:50:35,2025-07-08 11:51:06,31,0.01
2262,L10,#72,GW252/13600,(4)启机状态,4,2025-07-08 11:45:35,2025-07-08 11:50:35,300,0.08
2263,L10,#72,GW252/13600,(3)待机状态,3,2025-07-08 11:44:32,2025-07-08 11:45:35,63,0.02
2264,L10,#72,GW252/13600,(2)停机状态,2,2025-07-08 11:44:31,2025-07-08 11:44:32,1,0
2265,L10,#72,GW252/13600,(1)停机过程,1,2025-07-08 11:43:58,2025-07-08 11:44:31,33,0.01
2266,L10,#72,GW252/13600,(4)启机状态,4,2025-07-08 11:38:58,2025-07-08 11:43:58,300,0.08
2267,L10,#72,GW252/13600,(3)待机状态,3,2025-07-08 11:37:47,2025-07-08 11:38:58,71,0.02
2268,L10,#72,GW252/13600,(2)停机状态,2,2025-07-08 11:37:46,2025-07-08 11:37:47,1,0
2269,L10,#72,GW252/13600,(1)停机过程,1,2025-07-08 11:37:15,2025-07-08 11:37:46,31,0.01
2270,L10,#72,GW252/13600,(4)启机状态,4,2025-07-08 11:32:15,2025-07-08 11:37:15,300,0.08
2271,L10,#72,GW252/13600,(3)待机状态,3,2025-07-08 10:44:10,2025-07-08 11:32:15,2885,0.8
2272,L10,#72,GW252/13600,(2)停机状态,2,2025-07-08 10:44:08,2025-07-08 10:44:10,2,0
2273,L10,#72,GW252/13600,(1)停机过程,1,2025-07-08 10:43:37,2025-07-08 10:44:08,31,0.01
2274,L10,#72,GW252/13600,(4)启机状态,4,2025-07-08 10:38:37,2025-07-08 10:43:37,300,0.08
2275,L10,#72,GW252/13600,(3)待机状态,3,2025-07-08 10:37:00,2025-07-08 10:38:37,97,0.03
2276,L10,#72,GW252/13600,(2)停机状态,2,2025-07-08 10:36:58,2025-07-08 10:37:00,2,0
2277,L10,#72,GW252/13600,(1)停机过程,1,2025-07-08 10:36:26,2025-07-08 10:36:58,32,0.01
2278,L10,#72,GW252/13600,(4)启机状态,4,2025-07-08 10:31:26,2025-07-08 10:36:26,300,0.08
2279,L10,#72,GW252/13600,(3)待机状态,3,2025-07-08 10:29:47,2025-07-08 10:31:26,99,0.03
2280,L10,#72,GW252/13600,(2)停机状态,2,2025-07-08 10:29:45,2025-07-08 10:29:47,2,0
2281,L10,#72,GW252/13600,(1)停机过程,1,2025-07-08 10:29:13,2025-07-08 10:29:45,32,0.01
2282,L10,#72,GW252/13600,(4)启机状态,4,2025-07-08 10:24:13,2025-07-08 10:29:13,300,0.08
2283,L10,#72,GW252/13600,(3)待机状态,3,2025-07-08 10:22:57,2025-07-08 10:24:13,76,0.02
2284,L10,#72,GW252/13600,(2)停机状态,2,2025-07-08 10:22:56,2025-07-08 10:22:57,1,0
2285,L10,#72,GW252/13600,(1)停机过程,1,2025-07-08 10:22:25,2025-07-08 10:22:56,31,0.01
2286,L10,#72,GW252/13600,(4)启机状态,4,2025-07-08 10:17:25,2025-07-08 10:22:25,300,0.08
2287,L10,#72,GW252/13600,(3)待机状态,3,2025-07-08 10:16:11,2025-07-08 10:17:25,74,0.02
2288,L10,#72,GW252/13600,(2)停机状态,2,2025-07-08 10:16:10,2025-07-08 10:16:11,1,0
2289,L10,#72,GW252/13600,(1)停机过程,1,2025-07-08 10:15:39,2025-07-08 10:16:10,31,0.01
2290,L10,#72,GW252/13600,(4)启机状态,4,2025-07-08 10:10:38,2025-07-08 10:15:39,301,0.08
2291,L10,#72,GW252/13600,(3)待机状态,3,2025-07-08 10:09:22,2025-07-08 10:10:38,76,0.02
2292,L10,#72,GW252/13600,(2)停机状态,2,2025-07-08 10:09:21,2025-07-08 10:09:22,1,0
2293,L10,#72,GW252/13600,(1)停机过程,1,2025-07-08 10:08:49,2025-07-08 10:09:21,32,0.01
2294,L10,#72,GW252/13600,(4)启机状态,4,2025-07-08 10:03:49,2025-07-08 10:08:49,300,0.08
2295,L10,#72,GW252/13600,(3)待机状态,3,2025-07-08 10:02:22,2025-07-08 10:03:49,87,0.02
2296,L10,#72,GW252/13600,(2)停机状态,2,2025-07-08 10:02:21,2025-07-08 10:02:22,1,0
2297,L10,#72,GW252/13600,(1)停机过程,1,2025-07-08 10:01:50,2025-07-08 10:02:21,31,0.01
2298,L10,#72,GW252/13600,(4)启机状态,4,2025-07-08 09:56:50,2025-07-08 10:01:50,300,0.08
2299,L10,#72,GW252/13600,(3)待机状态,3,2025-07-08 09:54:31,2025-07-08 09:56:50,139,0.04
2300,L10,#72,GW252/13600,(2)停机状态,2,2025-07-08 09:54:29,2025-07-08 09:54:31,2,0
2301,L10,#72,GW252/13600,(1)停机过程,1,2025-07-08 09:53:57,2025-07-08 09:54:29,32,0.01
2302,L10,#72,GW252/13600,(4)启机状态,4,2025-07-08 09:48:58,2025-07-08 09:53:57,299,0.08
2303,L10,#72,GW252/13600,(3)待机状态,3,2025-07-08 09:47:19,2025-07-08 09:48:58,99,0.03
2304,L10,#72,GW252/13600,(2)停机状态,2,2025-07-08 09:47:17,2025-07-08 09:47:19,2,0
2305,L10,#72,GW252/13600,(1)停机过程,1,2025-07-08 09:46:45,2025-07-08 09:47:17,32,0.01
2306,L10,#72,GW252/13600,(4)启机状态,4,2025-07-08 09:41:46,2025-07-08 09:46:45,299,0.08
2307,L10,#72,GW252/13600,(3)待机状态,3,2025-07-08 09:39:08,2025-07-08 09:41:46,158,0.04
2308,L10,#72,GW252/13600,(2)停机状态,2,2025-07-08 09:39:07,2025-07-08 09:39:08,1,0
2309,L10,#72,GW252/13600,(1)停机过程,1,2025-07-08 09:38:35,2025-07-08 09:39:07,32,0.01
2310,L10,#72,GW252/13600,(4)启机状态,4,2025-07-08 09:33:33,2025-07-08 09:38:35,302,0.08
2311,L10,#72,GW252/13600,(3)待机状态,3,2025-07-08 09:32:25,2025-07-08 09:33:33,68,0.02
2312,L10,#72,GW252/13600,(1)停机过程,1,2025-07-08 09:31:53,2025-07-08 09:32:25,32,0.01
2313,L10,#72,GW252/13600,(4)启机状态,4,2025-07-08 09:26:52,2025-07-08 09:31:53,301,0.08
2314,L10,#72,GW252/13600,(3)待机状态,3,2025-07-08 09:25:45,2025-07-08 09:26:52,67,0.02
2315,L10,#72,GW252/13600,(2)停机状态,2,2025-07-08 09:25:43,2025-07-08 09:25:45,2,0
2316,L10,#72,GW252/13600,(1)停机过程,1,2025-07-08 09:25:12,2025-07-08 09:25:43,31,0.01
2317,L10,#72,GW252/13600,(4)启机状态,4,2025-07-08 09:20:12,2025-07-08 09:25:12,300,0.08
2318,L10,#72,GW252/13600,(3)待机状态,3,2025-07-08 09:18:24,2025-07-08 09:20:12,108,0.03
2319,L10,#72,GW252/13600,(2)停机状态,2,2025-07-08 09:18:22,2025-07-08 09:18:24,2,0
2320,L10,#72,GW252/13600,(1)停机过程,1,2025-07-08 09:17:50,2025-07-08 09:18:22,32,0.01
2321,L10,#72,GW252/13600,(4)启机状态,4,2025-07-08 09:12:50,2025-07-08 09:17:50,300,0.08
2322,L10,#72,GW252/13600,(3)待机状态,3,2025-07-08 09:11:00,2025-07-08 09:12:50,110,0.03
2323,L10,#72,GW252/13600,(2)停机状态,2,2025-07-08 09:10:58,2025-07-08 09:11:00,2,0
2324,L10,#72,GW252/13600,(1)停机过程,1,2025-07-08 09:10:26,2025-07-08 09:10:58,32,0.01
2325,L10,#72,GW252/13600,(4)启机状态,4,2025-07-08 09:05:27,2025-07-08 09:10:26,299,0.08
2326,L10,#72,GW252/13600,(3)待机状态,3,2025-07-08 09:03:27,2025-07-08 09:05:27,120,0.03
2327,L10,#72,GW252/13600,(2)停机状态,2,2025-07-08 09:03:25,2025-07-08 09:03:27,2,0
2328,L10,#72,GW252/13600,(1)停机过程,1,2025-07-08 09:02:55,2025-07-08 09:03:25,30,0.01
2329,L10,#72,GW252/13600,(4)启机状态,4,2025-07-08 08:57:54,2025-07-08 09:02:55,301,0.08
2330,L10,#72,GW252/13600,(3)待机状态,3,2025-07-08 08:51:36,2025-07-08 08:57:54,378,0.11
2331,L10,#72,GW252/13600,(2)停机状态,2,2025-07-08 08:51:34,2025-07-08 08:51:36,2,0
2332,L10,#72,GW252/13600,(1)停机过程,1,2025-07-08 08:51:03,2025-07-08 08:51:34,31,0.01
2333,L10,#72,GW252/13600,(4)启机状态,4,2025-07-08 08:46:03,2025-07-08 08:51:03,300,0.08
2334,L10,#72,GW252/13600,(3)待机状态,3,2025-07-08 08:42:27,2025-07-08 08:46:03,216,0.06
2335,L10,#72,GW252/13600,(2)停机状态,2,2025-07-08 08:42:24,2025-07-08 08:42:27,3,0
2336,L10,#72,GW252/13600,(1)停机过程,1,2025-07-08 08:41:52,2025-07-08 08:42:24,32,0.01
2337,L10,#72,GW252/13600,(4)启机状态,4,2025-07-08 08:36:52,2025-07-08 08:41:52,300,0.08
2338,L10,#72,GW252/13600,(3)待机状态,3,2025-07-08 08:35:43,2025-07-08 08:36:52,69,0.02
2339,L10,#72,GW252/13600,(2)停机状态,2,2025-07-08 08:35:41,2025-07-08 08:35:43,2,0
2340,L10,#72,GW252/13600,(1)停机过程,1,2025-07-08 08:35:10,2025-07-08 08:35:41,31,0.01
2341,L10,#72,GW252/13600,(4)启机状态,4,2025-07-08 08:30:10,2025-07-08 08:35:10,300,0.08
2342,L10,#72,GW252/13600,(3)待机状态,3,2025-07-08 08:28:02,2025-07-08 08:30:10,128,0.04
2343,L10,#72,GW252/13600,(2)停机状态,2,2025-07-08 08:28:00,2025-07-08 08:28:02,2,0
2344,L10,#72,GW252/13600,(1)停机过程,1,2025-07-08 08:27:27,2025-07-08 08:28:00,33,0.01
2345,L10,#72,GW252/13600,(4)启机状态,4,2025-07-08 08:22:27,2025-07-08 08:27:27,300,0.08
2346,L10,#72,GW252/13600,(3)待机状态,3,2025-07-08 08:20:15,2025-07-08 08:22:27,132,0.04
2347,L10,#72,GW252/13600,(2)停机状态,2,2025-07-08 08:20:14,2025-07-08 08:20:15,1,0
2348,L10,#72,GW252/13600,(1)停机过程,1,2025-07-08 08:19:42,2025-07-08 08:20:14,32,0.01
2349,L10,#72,GW252/13600,(4)启机状态,4,2025-07-08 08:14:43,2025-07-08 08:19:42,299,0.08
2350,L10,#72,GW252/13600,(3)待机状态,3,2025-07-08 08:13:37,2025-07-08 08:14:43,66,0.02
2351,L10,#72,GW252/13600,(2)停机状态,2,2025-07-08 08:13:35,2025-07-08 08:13:37,2,0
2352,L10,#72,GW252/13600,(1)停机过程,1,2025-07-08 08:13:02,2025-07-08 08:13:35,33,0.01
2353,L10,#72,GW252/13600,(4)启机状态,4,2025-07-08 08:08:02,2025-07-08 08:13:02,300,0.08
2354,L10,#72,GW252/13600,(3)待机状态,3,2025-07-08 08:06:50,2025-07-08 08:08:02,72,0.02
2355,L10,#72,GW252/13600,(2)停机状态,2,2025-07-08 08:06:49,2025-07-08 08:06:50,1,0
2356,L10,#72,GW252/13600,(1)停机过程,1,2025-07-08 08:06:18,2025-07-08 08:06:49,31,0.01
2357,L10,#72,GW252/13600,(4)启机状态,4,2025-07-08 08:01:18,2025-07-08 08:06:18,300,0.08
2358,L10,#72,GW252/13600,(3)待机状态,3,2025-07-08 07:59:44,2025-07-08 08:01:18,94,0.03
2359,L10,#72,GW252/13600,(2)停机状态,2,2025-07-08 07:59:43,2025-07-08 07:59:44,1,0
2360,L10,#72,GW252/13600,(1)停机过程,1,2025-07-08 07:59:11,2025-07-08 07:59:43,32,0.01
2361,L10,#72,GW252/13600,(4)启机状态,4,2025-07-08 07:54:12,2025-07-08 07:59:11,299,0.08
2362,L10,#72,GW252/13600,(3)待机状态,3,2025-07-08 07:52:25,2025-07-08 07:54:12,107,0.03
2363,L10,#72,GW252/13600,(2)停机状态,2,2025-07-08 07:52:23,2025-07-08 07:52:25,2,0
2364,L10,#72,GW252/13600,(1)停机过程,1,2025-07-08 07:51:53,2025-07-08 07:52:23,30,0.01
2365,L10,#72,GW252/13600,(4)启机状态,4,2025-07-08 07:46:53,2025-07-08 07:51:53,300,0.08
2366,L10,#72,GW252/13600,(3)待机状态,3,2025-07-08 07:39:46,2025-07-08 07:46:53,427,0.12
2367,L10,#72,GW252/13600,(2)停机状态,2,2025-07-08 07:38:56,2025-07-08 07:39:46,50,0.01
2368,L10,#72,GW252/13600,(1)停机过程,1,2025-07-08 07:38:00,2025-07-08 07:38:56,56,0.02
2369,L10,#72,GW252/13600,(5)发电状态,5,2025-07-07 15:35:43,2025-07-08 07:38:00,57737,16.04
2370,L10,#72,GW252/13600,(4)启机状态,4,2025-07-07 15:30:50,2025-07-07 15:35:43,293,0.08
2371,L10,#72,GW252/13600,(3)待机状态,3,2025-07-07 15:29:49,2025-07-07 15:30:50,61,0.02
2372,L10,#72,GW252/13600,(2)停机状态,2,2025-07-07 15:29:47,2025-07-07 15:29:49,2,0
2373,L10,#72,GW252/13600,(1)停机过程,1,2025-07-07 15:29:14,2025-07-07 15:29:47,33,0.01
2374,L10,#72,GW252/13600,(4)启机状态,4,2025-07-07 15:24:14,2025-07-07 15:29:14,300,0.08
2375,L10,#72,GW252/13600,(3)待机状态,3,2025-07-07 15:20:35,2025-07-07 15:24:14,219,0.06
2376,L10,#72,GW252/13600,(1)停机过程,1,2025-07-07 15:20:03,2025-07-07 15:20:35,32,0.01
2377,L10,#72,GW252/13600,(4)启机状态,4,2025-07-07 15:15:03,2025-07-07 15:20:03,300,0.08
2378,L10,#72,GW252/13600,(3)待机状态,3,2025-07-07 15:13:58,2025-07-07 15:15:03,65,0.02
2379,L10,#72,GW252/13600,(2)停机状态,2,2025-07-07 15:13:56,2025-07-07 15:13:58,2,0
2380,L10,#72,GW252/13600,(1)停机过程,1,2025-07-07 15:13:24,2025-07-07 15:13:56,32,0.01
2381,L10,#72,GW252/13600,(4)启机状态,4,2025-07-07 15:08:25,2025-07-07 15:13:24,299,0.08
2382,L10,#72,GW252/13600,(3)待机状态,3,2025-07-07 15:06:21,2025-07-07 15:08:25,124,0.03
2383,L10,#72,GW252/13600,(2)停机状态,2,2025-07-07 15:06:20,2025-07-07 15:06:21,1,0
2384,L10,#72,GW252/13600,(1)停机过程,1,2025-07-07 15:05:50,2025-07-07 15:06:20,30,0.01
2385,L10,#72,GW252/13600,(4)启机状态,4,2025-07-07 15:00:50,2025-07-07 15:05:50,300,0.08
2386,L10,#72,GW252/13600,(3)待机状态,3,2025-07-07 14:59:54,2025-07-07 15:00:50,56,0.02
2387,L10,#72,GW252/13600,(2)停机状态,2,2025-07-07 14:59:53,2025-07-07 14:59:54,1,0
2388,L10,#72,GW252/13600,(1)停机过程,1,2025-07-07 14:59:20,2025-07-07 14:59:53,33,0.01
2389,L10,#72,GW252/13600,(4)启机状态,4,2025-07-07 14:54:19,2025-07-07 14:59:20,301,0.08
2390,L10,#72,GW252/13600,(3)待机状态,3,2025-07-07 14:52:38,2025-07-07 14:54:19,101,0.03
2391,L10,#72,GW252/13600,(2)停机状态,2,2025-07-07 14:52:37,2025-07-07 14:52:38,1,0
2392,L10,#72,GW252/13600,(1)停机过程,1,2025-07-07 14:51:39,2025-07-07 14:52:37,58,0.02
2393,L10,#72,GW252/13600,(4)启机状态,4,2025-07-07 14:46:40,2025-07-07 14:51:39,299,0.08
2394,L10,#72,GW252/13600,(3)待机状态,3,2025-07-07 14:45:28,2025-07-07 14:46:40,72,0.02
2395,L10,#72,GW252/13600,(2)停机状态,2,2025-07-07 14:45:27,2025-07-07 14:45:28,1,0
2396,L10,#72,GW252/13600,(1)停机过程,1,2025-07-07 14:44:56,2025-07-07 14:45:27,31,0.01
2397,L10,#72,GW252/13600,(4)启机状态,4,2025-07-07 14:39:55,2025-07-07 14:44:56,301,0.08
2398,L10,#72,GW252/13600,(3)待机状态,3,2025-07-07 14:38:19,2025-07-07 14:39:55,96,0.03
2399,L10,#72,GW252/13600,(2)停机状态,2,2025-07-07 14:38:17,2025-07-07 14:38:19,2,0
2400,L10,#72,GW252/13600,(1)停机过程,1,2025-07-07 14:37:45,2025-07-07 14:38:17,32,0.01
2401,L10,#72,GW252/13600,(4)启机状态,4,2025-07-07 14:32:46,2025-07-07 14:37:45,299,0.08
2402,L10,#72,GW252/13600,(3)待机状态,3,2025-07-07 14:31:43,2025-07-07 14:32:46,63,0.02
2403,L10,#72,GW252/13600,(2)停机状态,2,2025-07-07 14:31:42,2025-07-07 14:31:43,1,0
2404,L10,#72,GW252/13600,(1)停机过程,1,2025-07-07 14:31:09,2025-07-07 14:31:42,33,0.01
2405,L10,#72,GW252/13600,(4)启机状态,4,2025-07-07 14:26:10,2025-07-07 14:31:09,299,0.08
2406,L10,#72,GW252/13600,(3)待机状态,3,2025-07-07 13:51:41,2025-07-07 14:26:10,2069,0.57
2407,L10,#72,GW252/13600,(2)停机状态,2,2025-07-07 13:50:46,2025-07-07 13:51:41,55,0.02
2408,L10,#72,GW252/13600,(1)停机过程,1,2025-07-07 13:50:14,2025-07-07 13:50:46,32,0.01
2409,L10,#72,GW252/13600,(4)启机状态,4,2025-07-07 13:45:13,2025-07-07 13:50:14,301,0.08
2410,L10,#72,GW252/13600,(3)待机状态,3,2025-07-07 12:30:11,2025-07-07 13:45:13,4502,1.25
2411,L10,#72,GW252/13600,(2)停机状态,2,2025-07-07 12:29:25,2025-07-07 12:30:11,46,0.01
2412,L10,#72,GW252/13600,(1)停机过程,1,2025-07-07 12:28:28,2025-07-07 12:29:25,57,0.02
2413,L10,#72,GW252/13600,(5)发电状态,5,2025-07-07 09:43:30,2025-07-07 12:28:28,9898,2.75
2414,L10,#72,GW252/13600,(4)启机状态,4,2025-07-07 09:38:39,2025-07-07 09:43:30,291,0.08
2415,L10,#72,GW252/13600,(3)待机状态,3,2025-07-07 09:37:38,2025-07-07 09:38:39,61,0.02
2416,L10,#72,GW252/13600,(2)停机状态,2,2025-07-07 09:37:37,2025-07-07 09:37:38,1,0
2417,L10,#72,GW252/13600,(1)停机过程,1,2025-07-07 09:37:06,2025-07-07 09:37:37,31,0.01
2418,L10,#72,GW252/13600,(4)启机状态,4,2025-07-07 09:32:05,2025-07-07 09:37:06,301,0.08
2419,L10,#72,GW252/13600,(3)待机状态,3,2025-07-07 09:31:07,2025-07-07 09:32:05,58,0.02
2420,L10,#72,GW252/13600,(1)停机过程,1,2025-07-07 09:30:34,2025-07-07 09:31:07,33,0.01
2421,L10,#72,GW252/13600,(4)启机状态,4,2025-07-07 09:25:35,2025-07-07 09:30:34,299,0.08
2422,L10,#72,GW252/13600,(3)待机状态,3,2025-07-07 09:21:42,2025-07-07 09:25:35,233,0.06
2423,L10,#72,GW252/13600,(2)停机状态,2,2025-07-07 09:21:40,2025-07-07 09:21:42,2,0
2424,L10,#72,GW252/13600,(1)停机过程,1,2025-07-07 09:21:07,2025-07-07 09:21:40,33,0.01
2425,L10,#72,GW252/13600,(4)启机状态,4,2025-07-07 09:16:07,2025-07-07 09:21:07,300,0.08
2426,L10,#72,GW252/13600,(3)待机状态,3,2025-07-07 09:10:59,2025-07-07 09:16:07,308,0.09
2427,L10,#72,GW252/13600,(2)停机状态,2,2025-07-07 09:10:57,2025-07-07 09:10:59,2,0
2428,L10,#72,GW252/13600,(1)停机过程,1,2025-07-07 09:10:26,2025-07-07 09:10:57,31,0.01
2429,L10,#72,GW252/13600,(4)启机状态,4,2025-07-07 09:05:26,2025-07-07 09:10:26,300,0.08
2430,L10,#72,GW252/13600,(3)待机状态,3,2025-07-07 09:02:24,2025-07-07 09:05:26,182,0.05
2431,L10,#72,GW252/13600,(2)停机状态,2,2025-07-07 09:02:22,2025-07-07 09:02:24,2,0
2432,L10,#72,GW252/13600,(1)停机过程,1,2025-07-07 09:01:50,2025-07-07 09:02:22,32,0.01
2433,L10,#72,GW252/13600,(4)启机状态,4,2025-07-07 08:56:49,2025-07-07 09:01:50,301,0.08
2434,L10,#72,GW252/13600,(3)待机状态,3,2025-07-07 08:55:37,2025-07-07 08:56:49,72,0.02
2435,L10,#72,GW252/13600,(2)停机状态,2,2025-07-07 08:55:36,2025-07-07 08:55:37,1,0
2436,L10,#72,GW252/13600,(1)停机过程,1,2025-07-07 08:55:06,2025-07-07 08:55:36,30,0.01
2437,L10,#72,GW252/13600,(4)启机状态,4,2025-07-07 08:50:06,2025-07-07 08:55:06,300,0.08
2438,L10,#72,GW252/13600,(3)待机状态,3,2025-07-07 08:47:58,2025-07-07 08:50:06,128,0.04
2439,L10,#72,GW252/13600,(2)停机状态,2,2025-07-07 08:47:57,2025-07-07 08:47:58,1,0
2440,L10,#72,GW252/13600,(1)停机过程,1,2025-07-07 08:47:25,2025-07-07 08:47:57,32,0.01
2441,L10,#72,GW252/13600,(4)启机状态,4,2025-07-07 08:42:25,2025-07-07 08:47:25,300,0.08
2442,L10,#72,GW252/13600,(3)待机状态,3,2025-07-07 08:41:26,2025-07-07 08:42:25,59,0.02
2443,L10,#72,GW252/13600,(2)停机状态,2,2025-07-07 08:41:25,2025-07-07 08:41:26,1,0
2444,L10,#72,GW252/13600,(1)停机过程,1,2025-07-07 08:40:53,2025-07-07 08:41:25,32,0.01
2445,L10,#72,GW252/13600,(4)启机状态,4,2025-07-07 08:35:53,2025-07-07 08:40:53,300,0.08
2446,L10,#72,GW252/13600,(3)待机状态,3,2025-07-07 08:31:31,2025-07-07 08:35:53,262,0.07
2447,L10,#72,GW252/13600,(2)停机状态,2,2025-07-07 08:31:28,2025-07-07 08:31:31,3,0
2448,L10,#72,GW252/13600,(1)停机过程,1,2025-07-07 08:30:57,2025-07-07 08:31:28,31,0.01
2449,L10,#72,GW252/13600,(4)启机状态,4,2025-07-07 08:25:57,2025-07-07 08:30:57,300,0.08
2450,L10,#72,GW252/13600,(3)待机状态,3,2025-07-07 08:24:49,2025-07-07 08:25:57,68,0.02
2451,L10,#72,GW252/13600,(2)停机状态,2,2025-07-07 08:24:48,2025-07-07 08:24:49,1,0
2452,L10,#72,GW252/13600,(1)停机过程,1,2025-07-07 08:24:16,2025-07-07 08:24:48,32,0.01
2453,L10,#72,GW252/13600,(4)启机状态,4,2025-07-07 08:19:15,2025-07-07 08:24:16,301,0.08
2454,L10,#72,GW252/13600,(3)待机状态,3,2025-07-07 08:17:59,2025-07-07 08:19:15,76,0.02
2455,L10,#72,GW252/13600,(2)停机状态,2,2025-07-07 08:17:29,2025-07-07 08:17:59,30,0.01
2456,L10,#72,GW252/13600,(1)停机过程,1,2025-07-07 08:16:56,2025-07-07 08:17:29,33,0.01
2457,L10,#72,GW252/13600,(4)启机状态,4,2025-07-07 08:11:57,2025-07-07 08:16:56,299,0.08
2458,L10,#72,GW252/13600,(3)待机状态,3,2025-07-07 08:10:20,2025-07-07 08:11:57,97,0.03
2459,L10,#72,GW252/13600,(1)停机过程,1,2025-07-07 08:09:49,2025-07-07 08:10:20,31,0.01
2460,L10,#72,GW252/13600,(4)启机状态,4,2025-07-07 08:04:48,2025-07-07 08:09:49,301,0.08
2461,L10,#72,GW252/13600,(3)待机状态,3,2025-07-07 08:03:31,2025-07-07 08:04:48,77,0.02
2462,L10,#72,GW252/13600,(2)停机状态,2,2025-07-07 08:03:30,2025-07-07 08:03:31,1,0
2463,L10,#72,GW252/13600,(1)停机过程,1,2025-07-07 08:03:00,2025-07-07 08:03:30,30,0.01
2464,L10,#72,GW252/13600,(4)启机状态,4,2025-07-07 07:57:59,2025-07-07 08:03:00,301,0.08
2465,L10,#72,GW252/13600,(3)待机状态,3,2025-07-07 07:54:07,2025-07-07 07:57:59,232,0.06
2466,L10,#72,GW252/13600,(2)停机状态,2,2025-07-07 07:52:41,2025-07-07 07:54:07,86,0.02
2467,L10,#72,GW252/13600,(1)停机过程,1,2025-07-07 07:52:10,2025-07-07 07:52:41,31,0.01
2468,L10,#72,GW252/13600,(4)启机状态,4,2025-07-07 07:47:10,2025-07-07 07:52:10,300,0.08
2469,L10,#72,GW252/13600,(3)待机状态,3,2025-07-07 07:44:10,2025-07-07 07:47:10,180,0.05
2470,L10,#72,GW252/13600,(2)停机状态,2,2025-07-07 07:41:29,2025-07-07 07:44:10,161,0.04
2471,L10,#72,GW252/13600,(1)停机过程,1,2025-07-07 07:40:32,2025-07-07 07:41:29,57,0.02
2472,L10,#72,GW252/13600,(5)发电状态,5,2025-07-06 21:51:38,2025-07-07 07:40:32,35334,9.82
2473,L10,#72,GW252/13600,(4)启机状态,4,2025-07-06 21:48:12,2025-07-06 21:51:38,206,0.06
2474,L10,#72,GW252/13600,(3)待机状态,3,2025-07-06 21:47:06,2025-07-06 21:48:12,66,0.02
2475,L10,#72,GW252/13600,(2)停机状态,2,2025-07-06 21:47:05,2025-07-06 21:47:06,1,0
2476,L10,#72,GW252/13600,(1)停机过程,1,2025-07-06 21:46:32,2025-07-06 21:47:05,33,0.01
2477,L10,#72,GW252/13600,(4)启机状态,4,2025-07-06 21:41:33,2025-07-06 21:46:32,299,0.08
2478,L10,#72,GW252/13600,(3)待机状态,3,2025-07-06 21:29:29,2025-07-06 21:41:33,724,0.2
2479,L10,#72,GW252/13600,(1)停机过程,1,2025-07-06 21:28:57,2025-07-06 21:29:29,32,0.01
2480,L10,#72,GW252/13600,(4)启机状态,4,2025-07-06 21:23:57,2025-07-06 21:28:57,300,0.08
2481,L10,#72,GW252/13600,(3)待机状态,3,2025-07-06 20:46:38,2025-07-06 21:23:57,2239,0.62
2482,L10,#72,GW252/13600,(2)停机状态,2,2025-07-06 20:46:36,2025-07-06 20:46:38,2,0
2483,L10,#72,GW252/13600,(1)停机过程,1,2025-07-06 20:46:04,2025-07-06 20:46:36,32,0.01
2484,L10,#72,GW252/13600,(4)启机状态,4,2025-07-06 20:41:04,2025-07-06 20:46:04,300,0.08
2485,L10,#72,GW252/13600,(3)待机状态,3,2025-07-06 20:29:06,2025-07-06 20:41:04,718,0.2
2486,L10,#72,GW252/13600,(2)停机状态,2,2025-07-06 20:24:47,2025-07-06 20:29:06,259,0.07
2487,L10,#72,GW252/13600,(1)停机过程,1,2025-07-06 20:23:50,2025-07-06 20:24:47,57,0.02
2488,L10,#72,GW252/13600,(5)发电状态,5,2025-07-06 18:34:08,2025-07-06 20:23:50,6582,1.83
2489,L10,#72,GW252/13600,(4)启机状态,4,2025-07-06 18:32:19,2025-07-06 18:34:08,109,0.03
2490,L10,#72,GW252/13600,(3)待机状态,3,2025-07-06 18:31:22,2025-07-06 18:32:19,57,0.02
2491,L10,#72,GW252/13600,(2)停机状态,2,2025-07-06 18:31:21,2025-07-06 18:31:22,1,0
2492,L10,#72,GW252/13600,(1)停机过程,1,2025-07-06 18:30:39,2025-07-06 18:31:21,42,0.01
2493,L10,#72,GW252/13600,(4)启机状态,4,2025-07-06 18:25:38,2025-07-06 18:30:39,301,0.08
2494,L10,#72,GW252/13600,(3)待机状态,3,2025-07-06 18:22:12,2025-07-06 18:25:38,206,0.06
2495,L10,#72,GW252/13600,(2)停机状态,2,2025-07-06 18:22:11,2025-07-06 18:22:12,1,0
2496,L10,#72,GW252/13600,(1)停机过程,1,2025-07-06 18:21:38,2025-07-06 18:22:11,33,0.01
2497,L10,#72,GW252/13600,(4)启机状态,4,2025-07-06 18:16:38,2025-07-06 18:21:38,300,0.08
2498,L10,#72,GW252/13600,(3)待机状态,3,2025-07-06 16:18:14,2025-07-06 18:16:38,7104,1.97
2499,L10,#72,GW252/13600,(2)停机状态,2,2025-07-06 16:12:38,2025-07-06 16:18:14,336,0.09
2500,L10,#72,GW252/13600,(1)停机过程,1,2025-07-06 16:12:05,2025-07-06 16:12:38,33,0.01
2501,L10,#72,GW252/13600,(4)启机状态,4,2025-07-06 16:07:06,2025-07-06 16:12:05,299,0.08
2502,L10,#72,GW252/13600,(3)待机状态,3,2025-07-06 15:51:33,2025-07-06 16:07:06,933,0.26
2503,L10,#72,GW252/13600,(2)停机状态,2,2025-07-06 15:51:29,2025-07-06 15:51:33,4,0
2504,L10,#72,GW252/13600,(1)停机过程,1,2025-07-06 15:50:31,2025-07-06 15:51:29,58,0.02
2505,L10,#72,GW252/13600,(5)发电状态,5,2025-07-06 14:15:02,2025-07-06 15:50:31,5729,1.59
2506,L10,#72,GW252/13600,(4)启机状态,4,2025-07-06 14:10:16,2025-07-06 14:15:02,286,0.08
2507,L10,#72,GW252/13600,(3)待机状态,3,2025-07-06 14:09:11,2025-07-06 14:10:16,65,0.02
2508,L10,#72,GW252/13600,(1)停机过程,1,2025-07-06 14:08:39,2025-07-06 14:09:11,32,0.01
2509,L10,#72,GW252/13600,(4)启机状态,4,2025-07-06 14:03:39,2025-07-06 14:08:39,300,0.08
2510,L10,#72,GW252/13600,(3)待机状态,3,2025-07-06 14:02:44,2025-07-06 14:03:39,55,0.02
2511,L10,#72,GW252/13600,(2)停机状态,2,2025-07-06 14:02:42,2025-07-06 14:02:44,2,0
2512,L10,#72,GW252/13600,(1)停机过程,1,2025-07-06 14:02:11,2025-07-06 14:02:42,31,0.01
2513,L10,#72,GW252/13600,(4)启机状态,4,2025-07-06 13:57:11,2025-07-06 14:02:11,300,0.08
2514,L10,#72,GW252/13600,(3)待机状态,3,2025-07-06 13:56:05,2025-07-06 13:57:11,66,0.02
2515,L10,#72,GW252/13600,(2)停机状态,2,2025-07-06 13:56:04,2025-07-06 13:56:05,1,0
2516,L10,#72,GW252/13600,(1)停机过程,1,2025-07-06 13:55:34,2025-07-06 13:56:04,30,0.01
2517,L10,#72,GW252/13600,(4)启机状态,4,2025-07-06 13:50:33,2025-07-06 13:55:34,301,0.08
2518,L10,#72,GW252/13600,(3)待机状态,3,2025-07-06 13:49:27,2025-07-06 13:50:33,66,0.02
2519,L10,#72,GW252/13600,(2)停机状态,2,2025-07-06 13:49:25,2025-07-06 13:49:27,2,0
2520,L10,#72,GW252/13600,(1)停机过程,1,2025-07-06 13:48:54,2025-07-06 13:49:25,31,0.01
2521,L10,#72,GW252/13600,(4)启机状态,4,2025-07-06 13:43:54,2025-07-06 13:48:54,300,0.08
2522,L10,#72,GW252/13600,(3)待机状态,3,2025-07-06 13:39:34,2025-07-06 13:43:54,260,0.07
2523,L10,#72,GW252/13600,(2)停机状态,2,2025-07-06 13:39:33,2025-07-06 13:39:34,1,0
2524,L10,#72,GW252/13600,(1)停机过程,1,2025-07-06 13:39:01,2025-07-06 13:39:33,32,0.01
2525,L10,#72,GW252/13600,(4)启机状态,4,2025-07-06 13:34:01,2025-07-06 13:39:01,300,0.08
2526,L10,#72,GW252/13600,(3)待机状态,3,2025-07-06 13:30:39,2025-07-06 13:34:01,202,0.06
2527,L10,#72,GW252/13600,(2)停机状态,2,2025-07-06 13:30:38,2025-07-06 13:30:39,1,0
2528,L10,#72,GW252/13600,(1)停机过程,1,2025-07-06 13:30:07,2025-07-06 13:30:38,31,0.01
2529,L10,#72,GW252/13600,(4)启机状态,4,2025-07-06 13:25:06,2025-07-06 13:30:07,301,0.08
2530,L10,#72,GW252/13600,(3)待机状态,3,2025-07-06 13:23:57,2025-07-06 13:25:06,69,0.02
2531,L10,#72,GW252/13600,(2)停机状态,2,2025-07-06 13:23:55,2025-07-06 13:23:57,2,0
2532,L10,#72,GW252/13600,(1)停机过程,1,2025-07-06 13:23:23,2025-07-06 13:23:55,32,0.01
2533,L10,#72,GW252/13600,(4)启机状态,4,2025-07-06 13:18:23,2025-07-06 13:23:23,300,0.08
2534,L10,#72,GW252/13600,(3)待机状态,3,2025-07-06 13:15:00,2025-07-06 13:18:23,203,0.06
2535,L10,#72,GW252/13600,(1)停机过程,1,2025-07-06 13:14:29,2025-07-06 13:15:00,31,0.01
2536,L10,#72,GW252/13600,(4)启机状态,4,2025-07-06 13:09:28,2025-07-06 13:14:29,301,0.08
2537,L10,#72,GW252/13600,(3)待机状态,3,2025-07-06 13:08:20,2025-07-06 13:09:28,68,0.02
2538,L10,#72,GW252/13600,(2)停机状态,2,2025-07-06 13:08:18,2025-07-06 13:08:20,2,0
2539,L10,#72,GW252/13600,(1)停机过程,1,2025-07-06 13:07:46,2025-07-06 13:08:18,32,0.01
2540,L10,#72,GW252/13600,(4)启机状态,4,2025-07-06 13:02:46,2025-07-06 13:07:46,300,0.08
2541,L10,#72,GW252/13600,(3)待机状态,3,2025-07-06 09:05:46,2025-07-06 13:02:46,14220,3.95
2542,L10,#72,GW252/13600,(2)停机状态,2,2025-07-06 09:05:44,2025-07-06 09:05:46,2,0
2543,L10,#72,GW252/13600,(1)停机过程,1,2025-07-06 09:05:13,2025-07-06 09:05:44,31,0.01
2544,L10,#72,GW252/13600,(4)启机状态,4,2025-07-06 09:00:13,2025-07-06 09:05:13,300,0.08
2545,L10,#72,GW252/13600,(3)待机状态,3,2025-07-06 08:59:05,2025-07-06 09:00:13,68,0.02
2546,L10,#72,GW252/13600,(2)停机状态,2,2025-07-06 08:59:04,2025-07-06 08:59:05,1,0
2547,L10,#72,GW252/13600,(1)停机过程,1,2025-07-06 08:58:32,2025-07-06 08:59:04,32,0.01
2548,L10,#72,GW252/13600,(4)启机状态,4,2025-07-06 08:53:32,2025-07-06 08:58:32,300,0.08
2549,L10,#72,GW252/13600,(3)待机状态,3,2025-07-06 08:52:05,2025-07-06 08:53:32,87,0.02
2550,L10,#72,GW252/13600,(2)停机状态,2,2025-07-06 08:52:03,2025-07-06 08:52:05,2,0
2551,L10,#72,GW252/13600,(1)停机过程,1,2025-07-06 08:51:32,2025-07-06 08:52:03,31,0.01
2552,L10,#72,GW252/13600,(4)启机状态,4,2025-07-06 08:46:32,2025-07-06 08:51:32,300,0.08
2553,L10,#72,GW252/13600,(3)待机状态,3,2025-07-06 08:45:12,2025-07-06 08:46:32,80,0.02
2554,L10,#72,GW252/13600,(2)停机状态,2,2025-07-06 08:45:11,2025-07-06 08:45:12,1,0
2555,L10,#72,GW252/13600,(1)停机过程,1,2025-07-06 08:44:40,2025-07-06 08:45:11,31,0.01
2556,L10,#72,GW252/13600,(4)启机状态,4,2025-07-06 08:39:40,2025-07-06 08:44:40,300,0.08
2557,L10,#72,GW252/13600,(3)待机状态,3,2025-07-06 08:31:36,2025-07-06 08:39:40,484,0.13
2558,L10,#72,GW252/13600,(2)停机状态,2,2025-07-06 08:28:58,2025-07-06 08:31:36,158,0.04
2559,L10,#72,GW252/13600,(1)停机过程,1,2025-07-06 08:28:27,2025-07-06 08:28:58,31,0.01
2560,L10,#72,GW252/13600,(4)启机状态,4,2025-07-06 08:23:26,2025-07-06 08:28:27,301,0.08
2561,L10,#72,GW252/13600,(3)待机状态,3,2025-07-06 08:15:40,2025-07-06 08:23:26,466,0.13
2562,L10,#72,GW252/13600,(2)停机状态,2,2025-07-06 08:15:39,2025-07-06 08:15:40,1,0
2563,L10,#72,GW252/13600,(1)停机过程,1,2025-07-06 08:15:08,2025-07-06 08:15:39,31,0.01
2564,L10,#72,GW252/13600,(4)启机状态,4,2025-07-06 08:10:07,2025-07-06 08:15:08,301,0.08
2565,L10,#72,GW252/13600,(3)待机状态,3,2025-07-06 08:04:57,2025-07-06 08:10:07,310,0.09
2566,L10,#72,GW252/13600,(2)停机状态,2,2025-07-06 07:59:21,2025-07-06 08:04:57,336,0.09
2567,L10,#72,GW252/13600,(1)停机过程,1,2025-07-06 07:58:23,2025-07-06 07:59:21,58,0.02
2568,L10,#72,GW252/13600,(5)发电状态,5,2025-07-06 06:37:19,2025-07-06 07:58:23,4864,1.35
2569,L10,#72,GW252/13600,(4)启机状态,4,2025-07-06 06:36:11,2025-07-06 06:37:19,68,0.02
2570,L10,#72,GW252/13600,(3)待机状态,3,2025-07-06 06:35:13,2025-07-06 06:36:11,58,0.02
2571,L10,#72,GW252/13600,(2)停机状态,2,2025-07-06 06:35:11,2025-07-06 06:35:13,2,0
2572,L10,#72,GW252/13600,(1)停机过程,1,2025-07-06 06:34:40,2025-07-06 06:35:11,31,0.01
2573,L10,#72,GW252/13600,(4)启机状态,4,2025-07-06 06:29:40,2025-07-06 06:34:40,300,0.08
2574,L10,#72,GW252/13600,(3)待机状态,3,2025-07-06 02:44:28,2025-07-06 06:29:40,13512,3.75
2575,L10,#72,GW252/13600,(2)停机状态,2,2025-07-06 02:38:51,2025-07-06 02:44:28,337,0.09
2576,L10,#72,GW252/13600,(1)停机过程,1,2025-07-06 02:38:19,2025-07-06 02:38:51,32,0.01
2577,L10,#72,GW252/13600,(4)启机状态,4,2025-07-06 02:33:19,2025-07-06 02:38:19,300,0.08
2578,L10,#72,GW252/13600,(3)待机状态,3,2025-07-06 02:30:25,2025-07-06 02:33:19,174,0.05
2579,L10,#72,GW252/13600,(2)停机状态,2,2025-07-06 02:30:23,2025-07-06 02:30:25,2,0
2580,L10,#72,GW252/13600,(1)停机过程,1,2025-07-06 02:29:51,2025-07-06 02:30:23,32,0.01
2581,L10,#72,GW252/13600,(4)启机状态,4,2025-07-06 02:24:51,2025-07-06 02:29:51,300,0.08
2582,L10,#72,GW252/13600,(3)待机状态,3,2025-07-06 02:23:14,2025-07-06 02:24:51,97,0.03
2583,L10,#72,GW252/13600,(2)停机状态,2,2025-07-06 02:23:12,2025-07-06 02:23:14,2,0
2584,L10,#72,GW252/13600,(1)停机过程,1,2025-07-06 02:22:41,2025-07-06 02:23:12,31,0.01
2585,L10,#72,GW252/13600,(4)启机状态,4,2025-07-06 02:17:42,2025-07-06 02:22:41,299,0.08
2586,L10,#72,GW252/13600,(3)待机状态,3,2025-07-06 02:16:04,2025-07-06 02:17:42,98,0.03
2587,L10,#72,GW252/13600,(2)停机状态,2,2025-07-06 02:16:03,2025-07-06 02:16:04,1,0
2588,L10,#72,GW252/13600,(1)停机过程,1,2025-07-06 02:15:32,2025-07-06 02:16:03,31,0.01
2589,L10,#72,GW252/13600,(4)启机状态,4,2025-07-06 02:10:32,2025-07-06 02:15:32,300,0.08
2590,L10,#72,GW252/13600,(3)待机状态,3,2025-07-06 02:05:59,2025-07-06 02:10:32,273,0.08
2591,L10,#72,GW252/13600,(2)停机状态,2,2025-07-06 02:04:23,2025-07-06 02:05:59,96,0.03
2592,L10,#72,GW252/13600,(1)停机过程,1,2025-07-06 02:03:24,2025-07-06 02:04:23,59,0.02
2593,L10,#72,GW252/13600,(5)发电状态,5,2025-07-05 20:26:02,2025-07-06 02:03:24,20242,5.62
2594,L10,#72,GW252/13600,(4)启机状态,4,2025-07-05 20:21:11,2025-07-05 20:26:02,291,0.08
2595,L10,#72,GW252/13600,(3)待机状态,3,2025-07-05 20:20:00,2025-07-05 20:21:11,71,0.02
2596,L10,#72,GW252/13600,(2)停机状态,2,2025-07-05 20:19:59,2025-07-05 20:20:00,1,0
2597,L10,#72,GW252/13600,(1)停机过程,1,2025-07-05 20:19:27,2025-07-05 20:19:59,32,0.01
2598,L10,#72,GW252/13600,(4)启机状态,4,2025-07-05 20:14:26,2025-07-05 20:19:27,301,0.08
2599,L10,#72,GW252/13600,(3)待机状态,3,2025-07-05 20:13:26,2025-07-05 20:14:26,60,0.02
2600,L10,#72,GW252/13600,(2)停机状态,2,2025-07-05 20:13:25,2025-07-05 20:13:26,1,0
2601,L10,#72,GW252/13600,(1)停机过程,1,2025-07-05 20:12:53,2025-07-05 20:13:25,32,0.01
2602,L10,#72,GW252/13600,(4)启机状态,4,2025-07-05 20:07:53,2025-07-05 20:12:53,300,0.08
2603,L10,#72,GW252/13600,(3)待机状态,3,2025-07-05 20:06:44,2025-07-05 20:07:53,69,0.02
2604,L10,#72,GW252/13600,(2)停机状态,2,2025-07-05 20:06:43,2025-07-05 20:06:44,1,0
2605,L10,#72,GW252/13600,(1)停机过程,1,2025-07-05 20:06:12,2025-07-05 20:06:43,31,0.01
2606,L10,#72,GW252/13600,(4)启机状态,4,2025-07-05 20:01:12,2025-07-05 20:06:12,300,0.08
2607,L10,#72,GW252/13600,(3)待机状态,3,2025-07-05 20:00:13,2025-07-05 20:01:12,59,0.02
2608,L10,#72,GW252/13600,(2)停机状态,2,2025-07-05 20:00:12,2025-07-05 20:00:13,1,0
2609,L10,#72,GW252/13600,(1)停机过程,1,2025-07-05 19:59:41,2025-07-05 20:00:12,31,0.01
2610,L10,#72,GW252/13600,(4)启机状态,4,2025-07-05 19:54:40,2025-07-05 19:59:41,301,0.08
2611,L10,#72,GW252/13600,(3)待机状态,3,2025-07-05 19:53:28,2025-07-05 19:54:40,72,0.02
2612,L10,#72,GW252/13600,(2)停机状态,2,2025-07-05 19:53:26,2025-07-05 19:53:28,2,0
2613,L10,#72,GW252/13600,(1)停机过程,1,2025-07-05 19:52:55,2025-07-05 19:53:26,31,0.01
2614,L10,#72,GW252/13600,(4)启机状态,4,2025-07-05 19:47:55,2025-07-05 19:52:55,300,0.08
2615,L10,#72,GW252/13600,(3)待机状态,3,2025-07-05 19:46:50,2025-07-05 19:47:55,65,0.02
2616,L10,#72,GW252/13600,(2)停机状态,2,2025-07-05 19:46:49,2025-07-05 19:46:50,1,0
2617,L10,#72,GW252/13600,(1)停机过程,1,2025-07-05 19:46:18,2025-07-05 19:46:49,31,0.01
2618,L10,#72,GW252/13600,(4)启机状态,4,2025-07-05 19:41:17,2025-07-05 19:46:18,301,0.08
2619,L10,#72,GW252/13600,(3)待机状态,3,2025-07-05 19:40:08,2025-07-05 19:41:17,69,0.02
2620,L10,#72,GW252/13600,(2)停机状态,2,2025-07-05 19:40:07,2025-07-05 19:40:08,1,0
2621,L10,#72,GW252/13600,(1)停机过程,1,2025-07-05 19:39:35,2025-07-05 19:40:07,32,0.01
2622,L10,#72,GW252/13600,(4)启机状态,4,2025-07-05 19:34:34,2025-07-05 19:39:35,301,0.08
2623,L10,#72,GW252/13600,(3)待机状态,3,2025-07-05 19:33:20,2025-07-05 19:34:34,74,0.02
2624,L10,#72,GW252/13600,(2)停机状态,2,2025-07-05 19:33:19,2025-07-05 19:33:20,1,0
2625,L10,#72,GW252/13600,(1)停机过程,1,2025-07-05 19:32:47,2025-07-05 19:33:19,32,0.01
2626,L10,#72,GW252/13600,(4)启机状态,4,2025-07-05 19:27:47,2025-07-05 19:32:47,300,0.08
2627,L10,#72,GW252/13600,(3)待机状态,3,2025-07-05 19:26:13,2025-07-05 19:27:47,94,0.03
2628,L10,#72,GW252/13600,(2)停机状态,2,2025-07-05 19:26:12,2025-07-05 19:26:13,1,0
2629,L10,#72,GW252/13600,(1)停机过程,1,2025-07-05 19:25:41,2025-07-05 19:26:12,31,0.01
2630,L10,#72,GW252/13600,(4)启机状态,4,2025-07-05 19:20:40,2025-07-05 19:25:41,301,0.08
2631,L10,#72,GW252/13600,(3)待机状态,3,2025-07-05 19:19:36,2025-07-05 19:20:40,64,0.02
2632,L10,#72,GW252/13600,(2)停机状态,2,2025-07-05 19:19:34,2025-07-05 19:19:36,2,0
2633,L10,#72,GW252/13600,(1)停机过程,1,2025-07-05 19:19:02,2025-07-05 19:19:34,32,0.01
2634,L10,#72,GW252/13600,(4)启机状态,4,2025-07-05 19:14:02,2025-07-05 19:19:02,300,0.08
2635,L10,#72,GW252/13600,(3)待机状态,3,2025-07-05 13:41:08,2025-07-05 19:14:02,19974,5.55
2636,L10,#72,GW252/13600,(2)停机状态,2,2025-07-05 13:39:44,2025-07-05 13:41:08,84,0.02
2637,L10,#72,GW252/13600,(1)停机过程,1,2025-07-05 13:39:34,2025-07-05 13:39:44,10,0
2638,L10,#72,GW252/13600,(9)维护状态,9,2025-07-05 13:34:30,2025-07-05 13:39:34,304,0.08
2639,L10,#72,GW252/13600,(2)停机状态,2,2025-07-05 13:33:25,2025-07-05 13:34:30,65,0.02
2640,L10,#72,GW252/13600,(1)停机过程,1,2025-07-05 13:33:19,2025-07-05 13:33:25,6,0
2641,L10,#72,GW252/13600,(9)维护状态,9,2025-07-05 12:19:54,2025-07-05 13:33:19,4405,1.22
2642,L10,#72,GW252/13600,(2)停机状态,2,2025-07-05 12:15:52,2025-07-05 12:19:54,242,0.07
2643,L10,#72,GW252/13600,(1)停机过程,1,2025-07-05 12:15:22,2025-07-05 12:15:52,30,0.01
2644,L10,#72,GW252/13600,(3)待机状态,3,2025-07-05 10:28:58,2025-07-05 12:15:22,6384,1.77
2645,L10,#72,GW252/13600,(2)停机状态,2,2025-07-05 10:25:31,2025-07-05 10:28:58,207,0.06
2646,L10,#72,GW252/13600,(1)停机过程,1,2025-07-05 10:24:35,2025-07-05 10:25:31,56,0.02
2647,L10,#72,GW252/13600,(5)发电状态,5,2025-07-05 08:10:21,2025-07-05 10:24:35,8054,2.24
2648,L10,#72,GW252/13600,(4)启机状态,4,2025-07-05 08:07:49,2025-07-05 08:10:21,152,0.04
2649,L10,#72,GW252/13600,(3)待机状态,3,2025-07-05 08:06:48,2025-07-05 08:07:49,61,0.02
2650,L10,#72,GW252/13600,(2)停机状态,2,2025-07-05 08:06:46,2025-07-05 08:06:48,2,0
2651,L10,#72,GW252/13600,(1)停机过程,1,2025-07-05 08:05:49,2025-07-05 08:06:46,57,0.02
2652,L10,#72,GW252/13600,(4)启机状态,4,2025-07-05 08:00:50,2025-07-05 08:05:49,299,0.08
2653,L10,#72,GW252/13600,(3)待机状态,3,2025-07-05 07:59:48,2025-07-05 08:00:50,62,0.02
2654,L10,#72,GW252/13600,(1)停机过程,1,2025-07-05 07:59:16,2025-07-05 07:59:48,32,0.01
2655,L10,#72,GW252/13600,(4)启机状态,4,2025-07-05 07:54:16,2025-07-05 07:59:16,300,0.08
2656,L10,#72,GW252/13600,(3)待机状态,3,2025-07-05 07:53:10,2025-07-05 07:54:16,66,0.02
2657,L10,#72,GW252/13600,(2)停机状态,2,2025-07-05 07:53:09,2025-07-05 07:53:10,1,0
2658,L10,#72,GW252/13600,(1)停机过程,1,2025-07-05 07:52:36,2025-07-05 07:53:09,33,0.01
2659,L10,#72,GW252/13600,(4)启机状态,4,2025-07-05 07:47:37,2025-07-05 07:52:36,299,0.08
2660,L10,#72,GW252/13600,(3)待机状态,3,2025-07-05 07:46:33,2025-07-05 07:47:37,64,0.02
2661,L10,#72,GW252/13600,(2)停机状态,2,2025-07-05 07:46:31,2025-07-05 07:46:33,2,0
2662,L10,#72,GW252/13600,(1)停机过程,1,2025-07-05 07:46:00,2025-07-05 07:46:31,31,0.01
2663,L10,#72,GW252/13600,(4)启机状态,4,2025-07-05 07:40:59,2025-07-05 07:46:00,301,0.08
2664,L10,#72,GW252/13600,(3)待机状态,3,2025-07-05 07:39:43,2025-07-05 07:40:59,76,0.02
2665,L10,#72,GW252/13600,(2)停机状态,2,2025-07-05 07:39:42,2025-07-05 07:39:43,1,0
2666,L10,#72,GW252/13600,(1)停机过程,1,2025-07-05 07:39:10,2025-07-05 07:39:42,32,0.01
2667,L10,#72,GW252/13600,(4)启机状态,4,2025-07-05 07:34:09,2025-07-05 07:39:10,301,0.08
2668,L10,#72,GW252/13600,(3)待机状态,3,2025-07-05 07:31:28,2025-07-05 07:34:09,161,0.04
2669,L10,#72,GW252/13600,(2)停机状态,2,2025-07-05 07:31:27,2025-07-05 07:31:28,1,0
2670,L10,#72,GW252/13600,(1)停机过程,1,2025-07-05 07:30:55,2025-07-05 07:31:27,32,0.01
2671,L10,#72,GW252/13600,(4)启机状态,4,2025-07-05 07:25:55,2025-07-05 07:30:55,300,0.08
2672,L10,#72,GW252/13600,(3)待机状态,3,2025-07-05 07:24:51,2025-07-05 07:25:55,64,0.02
2673,L10,#72,GW252/13600,(2)停机状态,2,2025-07-05 07:24:50,2025-07-05 07:24:51,1,0
2674,L10,#72,GW252/13600,(1)停机过程,1,2025-07-05 07:24:19,2025-07-05 07:24:50,31,0.01
2675,L10,#72,GW252/13600,(4)启机状态,4,2025-07-05 07:19:19,2025-07-05 07:24:19,300,0.08
2676,L10,#72,GW252/13600,(3)待机状态,3,2025-07-05 07:15:50,2025-07-05 07:19:19,209,0.06
2677,L10,#72,GW252/13600,(2)停机状态,2,2025-07-05 07:15:49,2025-07-05 07:15:50,1,0
2678,L10,#72,GW252/13600,(1)停机过程,1,2025-07-05 07:15:17,2025-07-05 07:15:49,32,0.01
2679,L10,#72,GW252/13600,(4)启机状态,4,2025-07-05 07:10:17,2025-07-05 07:15:17,300,0.08
2680,L10,#72,GW252/13600,(3)待机状态,3,2025-07-05 07:09:03,2025-07-05 07:10:17,74,0.02
2681,L10,#72,GW252/13600,(2)停机状态,2,2025-07-05 07:09:02,2025-07-05 07:09:03,1,0
2682,L10,#72,GW252/13600,(1)停机过程,1,2025-07-05 07:08:30,2025-07-05 07:09:02,32,0.01
2683,L10,#72,GW252/13600,(4)启机状态,4,2025-07-05 07:03:30,2025-07-05 07:08:30,300,0.08
2684,L10,#72,GW252/13600,(3)待机状态,3,2025-07-05 07:02:06,2025-07-05 07:03:30,84,0.02
2685,L10,#72,GW252/13600,(2)停机状态,2,2025-07-05 07:02:04,2025-07-05 07:02:06,2,0
2686,L10,#72,GW252/13600,(1)停机过程,1,2025-07-05 07:01:33,2025-07-05 07:02:04,31,0.01
2687,L10,#72,GW252/13600,(4)启机状态,4,2025-07-05 06:56:33,2025-07-05 07:01:33,300,0.08
2688,L10,#72,GW252/13600,(3)待机状态,3,2025-07-05 06:55:12,2025-07-05 06:56:33,81,0.02
2689,L10,#72,GW252/13600,(2)停机状态,2,2025-07-05 06:55:11,2025-07-05 06:55:12,1,0
2690,L10,#72,GW252/13600,(1)停机过程,1,2025-07-05 06:54:39,2025-07-05 06:55:11,32,0.01
2691,L10,#72,GW252/13600,(4)启机状态,4,2025-07-05 06:49:40,2025-07-05 06:54:39,299,0.08
2692,L10,#72,GW252/13600,(3)待机状态,3,2025-07-05 06:48:32,2025-07-05 06:49:40,68,0.02
2693,L10,#72,GW252/13600,(2)停机状态,2,2025-07-05 06:48:31,2025-07-05 06:48:32,1,0
2694,L10,#72,GW252/13600,(1)停机过程,1,2025-07-05 06:48:00,2025-07-05 06:48:31,31,0.01
2695,L10,#72,GW252/13600,(4)启机状态,4,2025-07-05 06:43:00,2025-07-05 06:48:00,300,0.08
2696,L10,#72,GW252/13600,(3)待机状态,3,2025-07-05 00:15:55,2025-07-05 06:43:00,23225,6.45
2697,L10,#72,GW252/13600,(2)停机状态,2,2025-07-04 23:39:20,2025-07-05 00:15:55,2195,0.61
2698,L10,#72,GW252/13600,(1)停机过程,1,2025-07-04 23:38:48,2025-07-04 23:39:20,32,0.01
2699,L10,#72,GW252/13600,(4)启机状态,4,2025-07-04 23:33:49,2025-07-04 23:38:48,299,0.08
2700,L10,#72,GW252/13600,(3)待机状态,3,2025-07-04 23:18:30,2025-07-04 23:33:49,919,0.26
2701,L10,#72,GW252/13600,(2)停机状态,2,2025-07-04 23:16:19,2025-07-04 23:18:30,131,0.04
2702,L10,#72,GW252/13600,(1)停机过程,1,2025-07-04 23:15:47,2025-07-04 23:16:19,32,0.01
2703,L10,#72,GW252/13600,(4)启机状态,4,2025-07-04 23:10:48,2025-07-04 23:15:47,299,0.08
2704,L10,#72,GW252/13600,(3)待机状态,3,2025-07-04 23:09:47,2025-07-04 23:10:48,61,0.02
2705,L10,#72,GW252/13600,(2)停机状态,2,2025-07-04 23:09:45,2025-07-04 23:09:47,2,0
2706,L10,#72,GW252/13600,(1)停机过程,1,2025-07-04 23:09:10,2025-07-04 23:09:45,35,0.01
2707,L10,#72,GW252/13600,(4)启机状态,4,2025-07-04 23:04:09,2025-07-04 23:09:10,301,0.08
2708,L10,#72,GW252/13600,(3)待机状态,3,2025-07-04 23:03:04,2025-07-04 23:04:09,65,0.02
2709,L10,#72,GW252/13600,(2)停机状态,2,2025-07-04 23:03:03,2025-07-04 23:03:04,1,0
2710,L10,#72,GW252/13600,(1)停机过程,1,2025-07-04 23:02:31,2025-07-04 23:03:03,32,0.01
2711,L10,#72,GW252/13600,(4)启机状态,4,2025-07-04 22:57:32,2025-07-04 23:02:31,299,0.08
2712,L10,#72,GW252/13600,(3)待机状态,3,2025-07-04 22:55:28,2025-07-04 22:57:32,124,0.03
2713,L10,#72,GW252/13600,(2)停机状态,2,2025-07-04 22:55:26,2025-07-04 22:55:28,2,0
2714,L10,#72,GW252/13600,(1)停机过程,1,2025-07-04 22:54:56,2025-07-04 22:55:26,30,0.01
2715,L10,#72,GW252/13600,(4)启机状态,4,2025-07-04 22:49:56,2025-07-04 22:54:56,300,0.08
2716,L10,#72,GW252/13600,(3)待机状态,3,2025-07-04 22:48:35,2025-07-04 22:49:56,81,0.02
2717,L10,#72,GW252/13600,(2)停机状态,2,2025-07-04 22:48:33,2025-07-04 22:48:35,2,0
2718,L10,#72,GW252/13600,(1)停机过程,1,2025-07-04 22:48:01,2025-07-04 22:48:33,32,0.01
2719,L10,#72,GW252/13600,(4)启机状态,4,2025-07-04 22:43:01,2025-07-04 22:48:01,300,0.08
2720,L10,#72,GW252/13600,(3)待机状态,3,2025-07-04 22:39:03,2025-07-04 22:43:01,238,0.07
2721,L10,#72,GW252/13600,(2)停机状态,2,2025-07-04 22:38:59,2025-07-04 22:39:03,4,0
2722,L10,#72,GW252/13600,(1)停机过程,1,2025-07-04 22:38:27,2025-07-04 22:38:59,32,0.01
2723,L10,#72,GW252/13600,(4)启机状态,4,2025-07-04 22:33:28,2025-07-04 22:38:27,299,0.08
2724,L10,#72,GW252/13600,(3)待机状态,3,2025-07-04 22:25:35,2025-07-04 22:33:28,473,0.13
2725,L10,#72,GW252/13600,(2)停机状态,2,2025-07-04 22:22:40,2025-07-04 22:25:35,175,0.05
2726,L10,#72,GW252/13600,(1)停机过程,1,2025-07-04 22:22:10,2025-07-04 22:22:40,30,0.01
2727,L10,#72,GW252/13600,(4)启机状态,4,2025-07-04 22:17:10,2025-07-04 22:22:10,300,0.08
2728,L10,#72,GW252/13600,(3)待机状态,3,2025-07-04 22:13:56,2025-07-04 22:17:10,194,0.05
2729,L10,#72,GW252/13600,(2)停机状态,2,2025-07-04 22:13:55,2025-07-04 22:13:56,1,0
2730,L10,#72,GW252/13600,(1)停机过程,1,2025-07-04 22:13:22,2025-07-04 22:13:55,33,0.01
2731,L10,#72,GW252/13600,(4)启机状态,4,2025-07-04 22:08:22,2025-07-04 22:13:22,300,0.08
2732,L10,#72,GW252/13600,(3)待机状态,3,2025-07-04 22:04:17,2025-07-04 22:08:22,245,0.07
2733,L10,#72,GW252/13600,(2)停机状态,2,2025-07-04 22:04:16,2025-07-04 22:04:17,1,0
2734,L10,#72,GW252/13600,(1)停机过程,1,2025-07-04 22:03:43,2025-07-04 22:04:16,33,0.01
2735,L10,#72,GW252/13600,(4)启机状态,4,2025-07-04 21:58:43,2025-07-04 22:03:43,300,0.08
2736,L10,#72,GW252/13600,(3)待机状态,3,2025-07-04 21:57:22,2025-07-04 21:58:43,81,0.02
2737,L10,#72,GW252/13600,(2)停机状态,2,2025-07-04 21:57:21,2025-07-04 21:57:22,1,0
2738,L10,#72,GW252/13600,(1)停机过程,1,2025-07-04 21:56:50,2025-07-04 21:57:21,31,0.01
2739,L10,#72,GW252/13600,(4)启机状态,4,2025-07-04 21:51:50,2025-07-04 21:56:50,300,0.08
2740,L10,#72,GW252/13600,(3)待机状态,3,2025-07-04 21:50:28,2025-07-04 21:51:50,82,0.02
2741,L10,#72,GW252/13600,(2)停机状态,2,2025-07-04 21:50:25,2025-07-04 21:50:28,3,0
2742,L10,#72,GW252/13600,(1)停机过程,1,2025-07-04 21:49:55,2025-07-04 21:50:25,30,0.01
2743,L10,#72,GW252/13600,(4)启机状态,4,2025-07-04 21:44:54,2025-07-04 21:49:55,301,0.08
2744,L10,#72,GW252/13600,(3)待机状态,3,2025-07-04 21:43:40,2025-07-04 21:44:54,74,0.02
2745,L10,#72,GW252/13600,(2)停机状态,2,2025-07-04 21:43:37,2025-07-04 21:43:40,3,0
2746,L10,#72,GW252/13600,(1)停机过程,1,2025-07-04 21:43:05,2025-07-04 21:43:37,32,0.01
2747,L10,#72,GW252/13600,(4)启机状态,4,2025-07-04 21:38:05,2025-07-04 21:43:05,300,0.08
2748,L10,#72,GW252/13600,(3)待机状态,3,2025-07-04 21:36:03,2025-07-04 21:38:05,122,0.03
2749,L10,#72,GW252/13600,(2)停机状态,2,2025-07-04 21:35:08,2025-07-04 21:36:03,55,0.02
2750,L10,#72,GW252/13600,(1)停机过程,1,2025-07-04 21:34:10,2025-07-04 21:35:08,58,0.02
2751,L10,#72,GW252/13600,(5)发电状态,5,2025-07-04 15:27:20,2025-07-04 21:34:10,22010,6.11
2752,L10,#72,GW252/13600,(4)启机状态,4,2025-07-04 15:24:29,2025-07-04 15:27:20,171,0.05
2753,L10,#72,GW252/13600,(3)待机状态,3,2025-07-04 15:23:28,2025-07-04 15:24:29,61,0.02
2754,L10,#72,GW252/13600,(2)停机状态,2,2025-07-04 15:23:27,2025-07-04 15:23:28,1,0
2755,L10,#72,GW252/13600,(1)停机过程,1,2025-07-04 15:22:30,2025-07-04 15:23:27,57,0.02
2756,L10,#72,GW252/13600,(4)启机状态,4,2025-07-04 15:17:30,2025-07-04 15:22:30,300,0.08
2757,L10,#72,GW252/13600,(3)待机状态,3,2025-07-04 15:16:16,2025-07-04 15:17:30,74,0.02
2758,L10,#72,GW252/13600,(2)停机状态,2,2025-07-04 15:16:15,2025-07-04 15:16:16,1,0
2759,L10,#72,GW252/13600,(1)停机过程,1,2025-07-04 15:15:43,2025-07-04 15:16:15,32,0.01
2760,L10,#72,GW252/13600,(4)启机状态,4,2025-07-04 15:10:43,2025-07-04 15:15:43,300,0.08
2761,L10,#72,GW252/13600,(3)待机状态,3,2025-07-04 15:08:17,2025-07-04 15:10:43,146,0.04
2762,L10,#72,GW252/13600,(2)停机状态,2,2025-07-04 15:08:16,2025-07-04 15:08:17,1,0
2763,L10,#72,GW252/13600,(1)停机过程,1,2025-07-04 15:07:44,2025-07-04 15:08:16,32,0.01
2764,L10,#72,GW252/13600,(4)启机状态,4,2025-07-04 15:02:44,2025-07-04 15:07:44,300,0.08
2765,L10,#72,GW252/13600,(3)待机状态,3,2025-07-04 15:01:24,2025-07-04 15:02:44,80,0.02
2766,L10,#72,GW252/13600,(2)停机状态,2,2025-07-04 15:01:23,2025-07-04 15:01:24,1,0
2767,L10,#72,GW252/13600,(1)停机过程,1,2025-07-04 15:00:51,2025-07-04 15:01:23,32,0.01
2768,L10,#72,GW252/13600,(4)启机状态,4,2025-07-04 14:55:52,2025-07-04 15:00:51,299,0.08
2769,L10,#72,GW252/13600,(3)待机状态,3,2025-07-04 14:51:31,2025-07-04 14:55:52,261,0.07
2770,L10,#72,GW252/13600,(2)停机状态,2,2025-07-04 14:48:44,2025-07-04 14:51:31,167,0.05
2771,L10,#72,GW252/13600,(1)停机过程,1,2025-07-04 14:47:47,2025-07-04 14:48:44,57,0.02
2772,L10,#72,GW252/13600,(5)发电状态,5,2025-07-04 12:07:08,2025-07-04 14:47:47,9639,2.68
2773,L10,#72,GW252/13600,(4)启机状态,4,2025-07-04 12:05:37,2025-07-04 12:07:08,91,0.03
2774,L10,#72,GW252/13600,(3)待机状态,3,2025-07-04 12:02:01,2025-07-04 12:05:37,216,0.06
2775,L10,#72,GW252/13600,(2)停机状态,2,2025-07-04 11:56:25,2025-07-04 12:02:01,336,0.09
2776,L10,#72,GW252/13600,(1)停机过程,1,2025-07-04 11:55:28,2025-07-04 11:56:25,57,0.02
2777,L10,#72,GW252/13600,(5)发电状态,5,2025-07-04 09:48:52,2025-07-04 11:55:28,7596,2.11
2778,L10,#72,GW252/13600,(4)启机状态,4,2025-07-04 09:44:14,2025-07-04 09:48:52,278,0.08
2779,L10,#72,GW252/13600,(3)待机状态,3,2025-07-04 09:39:36,2025-07-04 09:44:14,278,0.08
2780,L10,#72,GW252/13600,(2)停机状态,2,2025-07-04 09:39:10,2025-07-04 09:39:36,26,0.01
2781,L10,#72,GW252/13600,(1)停机过程,1,2025-07-04 09:38:13,2025-07-04 09:39:10,57,0.02
2782,L10,#72,GW252/13600,(5)发电状态,5,2025-07-01 05:39:32,2025-07-04 09:38:13,273521,75.98
2783,L10,#72,GW252/13600,(4)启机状态,4,2025-07-01 05:37:30,2025-07-01 05:39:32,122,0.03
2784,L10,#72,GW252/13600,(3)待机状态,3,2025-07-01 05:36:34,2025-07-01 05:37:30,56,0.02
2785,L10,#72,GW252/13600,(2)停机状态,2,2025-07-01 05:36:32,2025-07-01 05:36:34,2,0
2786,L10,#72,GW252/13600,(1)停机过程,1,2025-07-01 05:36:00,2025-07-01 05:36:32,32,0.01
2787,L10,#72,GW252/13600,(4)启机状态,4,2025-07-01 05:31:00,2025-07-01 05:36:00,300,0.08
2788,L10,#72,GW252/13600,(3)待机状态,3,2025-07-01 05:07:00,2025-07-01 05:31:00,1440,0.4
2789,L10,#72,GW252/13600,(2)停机状态,2,2025-07-01 05:01:24,2025-07-01 05:07:00,336,0.09
2790,L10,#72,GW252/13600,(1)停机过程,1,2025-07-01 05:00:27,2025-07-01 05:01:24,57,0.02
2791,L10,#72,GW252/13600,(5)发电状态,5,2025-07-01 04:51:46,2025-07-01 05:00:27,521,0.14
2792,L10,#72,GW252/13600,(4)启机状态,4,2025-07-01 04:48:23,2025-07-01 04:51:46,203,0.06
2793,L10,#72,GW252/13600,(3)待机状态,3,2025-07-01 04:46:26,2025-07-01 04:48:23,117,0.03
2794,L10,#72,GW252/13600,(1)停机过程,1,2025-07-01 04:45:30,2025-07-01 04:46:26,56,0.02
2795,L10,#72,GW252/13600,(5)发电状态,5,2025-07-01 04:21:33,2025-07-01 04:45:30,1437,0.4
2796,L10,#72,GW252/13600,(4)启机状态,4,2025-07-01 04:16:41,2025-07-01 04:21:33,292,0.08
2797,L10,#72,GW252/13600,(3)待机状态,3,2025-07-01 04:13:15,2025-07-01 04:16:41,206,0.06
2798,L10,#72,GW252/13600,(2)停机状态,2,2025-07-01 04:12:23,2025-07-01 04:13:15,52,0.01
2799,L10,#72,GW252/13600,(1)停机过程,1,2025-07-01 04:11:53,2025-07-01 04:12:23,30,0.01
2800,L10,#72,GW252/13600,(4)启机状态,4,2025-07-01 04:06:52,2025-07-01 04:11:53,301,0.08
2801,L10,#72,GW252/13600,(3)待机状态,3,2025-07-01 03:14:32,2025-07-01 04:06:52,3140,0.87
2802,L10,#72,GW252/13600,(2)停机状态,2,2025-07-01 03:08:55,2025-07-01 03:14:32,337,0.09
2803,L10,#72,GW252/13600,(1)停机过程,1,2025-07-01 03:07:57,2025-07-01 03:08:55,58,0.02
2804,L10,#72,GW252/13600,(5)发电状态,5,2025-06-30 23:56:46,2025-07-01 03:07:57,11471,3.19
2805,L10,#72,GW252/13600,(4)启机状态,4,2025-06-30 23:55:54,2025-06-30 23:56:46,52,0.01
2806,L10,#72,GW252/13600,(3)待机状态,3,2025-06-30 23:53:25,2025-06-30 23:55:54,149,0.04
2807,L10,#72,GW252/13600,(2)停机状态,2,2025-06-30 23:53:24,2025-06-30 23:53:25,1,0
2808,L10,#72,GW252/13600,(1)停机过程,1,2025-06-30 23:52:52,2025-06-30 23:53:24,32,0.01
2809,L10,#72,GW252/13600,(4)启机状态,4,2025-06-30 23:47:51,2025-06-30 23:52:52,301,0.08
2810,L10,#72,GW252/13600,(3)待机状态,3,2025-06-30 23:45:10,2025-06-30 23:47:51,161,0.04
2811,L10,#72,GW252/13600,(2)停机状态,2,2025-06-30 23:45:05,2025-06-30 23:45:10,5,0
2812,L10,#72,GW252/13600,(1)停机过程,1,2025-06-30 23:44:07,2025-06-30 23:45:05,58,0.02
2813,L10,#72,GW252/13600,(5)发电状态,5,2025-06-30 20:04:28,2025-06-30 23:44:07,13179,3.66
2814,L10,#72,GW252/13600,(4)启机状态,4,2025-06-30 20:02:45,2025-06-30 20:04:28,103,0.03
2815,L10,#72,GW252/13600,(3)待机状态,3,2025-06-30 20:01:51,2025-06-30 20:02:45,54,0.02
2816,L10,#72,GW252/13600,(2)停机状态,2,2025-06-30 20:01:50,2025-06-30 20:01:51,1,0
2817,L10,#72,GW252/13600,(1)停机过程,1,2025-06-30 20:01:17,2025-06-30 20:01:50,33,0.01
2818,L10,#72,GW252/13600,(4)启机状态,4,2025-06-30 19:56:17,2025-06-30 20:01:17,300,0.08
2819,L10,#72,GW252/13600,(3)待机状态,3,2025-06-30 19:54:15,2025-06-30 19:56:17,122,0.03
2820,L10,#72,GW252/13600,(2)停机状态,2,2025-06-30 19:54:13,2025-06-30 19:54:15,2,0
2821,L10,#72,GW252/13600,(1)停机过程,1,2025-06-30 19:53:40,2025-06-30 19:54:13,33,0.01
2822,L10,#72,GW252/13600,(4)启机状态,4,2025-06-30 19:48:40,2025-06-30 19:53:40,300,0.08
2823,L10,#72,GW252/13600,(3)待机状态,3,2025-06-30 19:45:44,2025-06-30 19:48:40,176,0.05
2824,L10,#72,GW252/13600,(2)停机状态,2,2025-06-30 19:45:43,2025-06-30 19:45:44,1,0
2825,L10,#72,GW252/13600,(1)停机过程,1,2025-06-30 19:45:11,2025-06-30 19:45:43,32,0.01
2826,L10,#72,GW252/13600,(4)启机状态,4,2025-06-30 19:40:12,2025-06-30 19:45:11,299,0.08
2827,L10,#72,GW252/13600,(3)待机状态,3,2025-06-30 19:27:21,2025-06-30 19:40:12,771,0.21
2828,L10,#72,GW252/13600,(2)停机状态,2,2025-06-30 19:23:35,2025-06-30 19:27:21,226,0.06
2829,L10,#72,GW252/13600,(1)停机过程,1,2025-06-30 19:22:38,2025-06-30 19:23:35,57,0.02
2830,L10,#72,GW252/13600,(5)发电状态,5,2025-06-30 18:08:27,2025-06-30 19:22:38,4451,1.24
2831,L10,#72,GW252/13600,(4)启机状态,4,2025-06-30 18:06:28,2025-06-30 18:08:27,119,0.03
2832,L10,#72,GW252/13600,(3)待机状态,3,2025-06-30 18:05:19,2025-06-30 18:06:28,69,0.02
2833,L10,#72,GW252/13600,(2)停机状态,2,2025-06-30 18:05:18,2025-06-30 18:05:19,1,0
2834,L10,#72,GW252/13600,(1)停机过程,1,2025-06-30 18:04:47,2025-06-30 18:05:18,31,0.01
2835,L10,#72,GW252/13600,(4)启机状态,4,2025-06-30 17:59:47,2025-06-30 18:04:47,300,0.08
2836,L10,#72,GW252/13600,(3)待机状态,3,2025-06-30 17:52:22,2025-06-30 17:59:47,445,0.12
2837,L10,#72,GW252/13600,(2)停机状态,2,2025-06-30 17:52:20,2025-06-30 17:52:22,2,0
2838,L10,#72,GW252/13600,(1)停机过程,1,2025-06-30 17:51:23,2025-06-30 17:52:20,57,0.02
2839,L10,#72,GW252/13600,(5)发电状态,5,2025-06-30 17:29:03,2025-06-30 17:51:23,1340,0.37
2840,L10,#72,GW252/13600,(4)启机状态,4,2025-06-30 17:27:10,2025-06-30 17:29:03,113,0.03
2841,L10,#72,GW252/13600,(3)待机状态,3,2025-06-30 17:26:13,2025-06-30 17:27:10,57,0.02
2842,L10,#72,GW252/13600,(2)停机状态,2,2025-06-30 17:26:11,2025-06-30 17:26:13,2,0
2843,L10,#72,GW252/13600,(1)停机过程,1,2025-06-30 17:25:17,2025-06-30 17:26:11,54,0.02
2844,L10,#72,GW252/13600,(4)启机状态,4,2025-06-30 17:20:17,2025-06-30 17:25:17,300,0.08
2845,L10,#72,GW252/13600,(3)待机状态,3,2025-06-30 17:18:10,2025-06-30 17:20:17,127,0.04
2846,L10,#72,GW252/13600,(2)停机状态,2,2025-06-30 17:18:08,2025-06-30 17:18:10,2,0
2847,L10,#72,GW252/13600,(1)停机过程,1,2025-06-30 17:17:37,2025-06-30 17:18:08,31,0.01
2848,L10,#72,GW252/13600,(4)启机状态,4,2025-06-30 17:12:37,2025-06-30 17:17:37,300,0.08
2849,L10,#72,GW252/13600,(3)待机状态,3,2025-06-30 17:08:01,2025-06-30 17:12:37,276,0.08
2850,L10,#72,GW252/13600,(2)停机状态,2,2025-06-30 17:03:24,2025-06-30 17:08:01,277,0.08
2851,L10,#72,GW252/13600,(1)停机过程,1,2025-06-30 17:02:27,2025-06-30 17:03:24,57,0.02
2852,L10,#72,GW252/13600,(5)发电状态,5,2025-06-30 16:48:50,2025-06-30 17:02:27,817,0.23
2853,L10,#72,GW252/13600,(4)启机状态,4,2025-06-30 16:46:47,2025-06-30 16:48:50,123,0.03
2854,L10,#72,GW252/13600,(3)待机状态,3,2025-06-30 16:45:50,2025-06-30 16:46:47,57,0.02
2855,L10,#72,GW252/13600,(2)停机状态,2,2025-06-30 16:45:49,2025-06-30 16:45:50,1,0
2856,L10,#72,GW252/13600,(1)停机过程,1,2025-06-30 16:45:05,2025-06-30 16:45:49,44,0.01
2857,L10,#72,GW252/13600,(4)启机状态,4,2025-06-30 16:40:04,2025-06-30 16:45:05,301,0.08
2858,L10,#72,GW252/13600,(3)待机状态,3,2025-06-30 16:38:58,2025-06-30 16:40:04,66,0.02
2859,L10,#72,GW252/13600,(1)停机过程,1,2025-06-30 16:38:25,2025-06-30 16:38:58,33,0.01
2860,L10,#72,GW252/13600,(4)启机状态,4,2025-06-30 16:33:25,2025-06-30 16:38:25,300,0.08
2861,L10,#72,GW252/13600,(3)待机状态,3,2025-06-30 16:25:44,2025-06-30 16:33:25,461,0.13
2862,L10,#72,GW252/13600,(2)停机状态,2,2025-06-30 16:24:22,2025-06-30 16:25:44,82,0.02
2863,L10,#72,GW252/13600,(1)停机过程,1,2025-06-30 16:23:25,2025-06-30 16:24:22,57,0.02
2864,L10,#72,GW252/13600,(5)发电状态,5,2025-06-30 15:43:38,2025-06-30 16:23:25,2387,0.66
2865,L10,#72,GW252/13600,(4)启机状态,4,2025-06-30 15:41:22,2025-06-30 15:43:38,136,0.04
2866,L10,#72,GW252/13600,(3)待机状态,3,2025-06-30 15:40:19,2025-06-30 15:41:22,63,0.02
2867,L10,#72,GW252/13600,(1)停机过程,1,2025-06-30 15:39:47,2025-06-30 15:40:19,32,0.01
2868,L10,#72,GW252/13600,(4)启机状态,4,2025-06-30 15:34:47,2025-06-30 15:39:47,300,0.08
2869,L10,#72,GW252/13600,(3)待机状态,3,2025-06-30 15:28:10,2025-06-30 15:34:47,397,0.11
2870,L10,#72,GW252/13600,(2)停机状态,2,2025-06-30 15:28:06,2025-06-30 15:28:10,4,0
2871,L10,#72,GW252/13600,(1)停机过程,1,2025-06-30 15:27:09,2025-06-30 15:28:06,57,0.02
2872,L10,#72,GW252/13600,(5)发电状态,5,2025-06-30 14:14:13,2025-06-30 15:27:09,4376,1.22
2873,L10,#72,GW252/13600,(4)启机状态,4,2025-06-30 14:10:57,2025-06-30 14:14:13,196,0.05
2874,L10,#72,GW252/13600,(3)待机状态,3,2025-06-30 14:09:55,2025-06-30 14:10:57,62,0.02
2875,L10,#72,GW252/13600,(2)停机状态,2,2025-06-30 14:08:29,2025-06-30 14:09:55,86,0.02
2876,L10,#72,GW252/13600,(1)停机过程,1,2025-06-30 14:07:58,2025-06-30 14:08:29,31,0.01
2877,L10,#72,GW252/13600,(4)启机状态,4,2025-06-30 14:02:58,2025-06-30 14:07:58,300,0.08
2878,L10,#72,GW252/13600,(3)待机状态,3,2025-06-30 13:59:20,2025-06-30 14:02:58,218,0.06
2879,L10,#72,GW252/13600,(2)停机状态,2,2025-06-30 13:59:19,2025-06-30 13:59:20,1,0
2880,L10,#72,GW252/13600,(1)停机过程,1,2025-06-30 13:58:47,2025-06-30 13:59:19,32,0.01
2881,L10,#72,GW252/13600,(4)启机状态,4,2025-06-30 13:53:47,2025-06-30 13:58:47,300,0.08
2882,L10,#72,GW252/13600,(3)待机状态,3,2025-06-30 13:52:35,2025-06-30 13:53:47,72,0.02
2883,L10,#72,GW252/13600,(2)停机状态,2,2025-06-30 13:52:34,2025-06-30 13:52:35,1,0
2884,L10,#72,GW252/13600,(1)停机过程,1,2025-06-30 13:52:03,2025-06-30 13:52:34,31,0.01
2885,L10,#72,GW252/13600,(4)启机状态,4,2025-06-30 13:47:03,2025-06-30 13:52:03,300,0.08
2886,L10,#72,GW252/13600,(3)待机状态,3,2025-06-30 13:43:37,2025-06-30 13:47:03,206,0.06
2887,L10,#72,GW252/13600,(2)停机状态,2,2025-06-30 13:43:34,2025-06-30 13:43:37,3,0
2888,L10,#72,GW252/13600,(1)停机过程,1,2025-06-30 13:43:02,2025-06-30 13:43:34,32,0.01
2889,L10,#72,GW252/13600,(4)启机状态,4,2025-06-30 13:38:02,2025-06-30 13:43:02,300,0.08
2890,L10,#72,GW252/13600,(3)待机状态,3,2025-06-30 13:25:54,2025-06-30 13:38:02,728,0.2
2891,L10,#72,GW252/13600,(2)停机状态,2,2025-06-30 13:20:18,2025-06-30 13:25:54,336,0.09
2892,L10,#72,GW252/13600,(1)停机过程,1,2025-06-30 13:19:21,2025-06-30 13:20:18,57,0.02
2893,L10,#72,GW252/13600,(5)发电状态,5,2025-06-30 12:03:32,2025-06-30 13:19:21,4549,1.26
2894,L10,#72,GW252/13600,(4)启机状态,4,2025-06-30 12:00:38,2025-06-30 12:03:32,174,0.05
2895,L10,#72,GW252/13600,(3)待机状态,3,2025-06-30 11:59:29,2025-06-30 12:00:38,69,0.02
2896,L10,#72,GW252/13600,(2)停机状态,2,2025-06-30 11:59:28,2025-06-30 11:59:29,1,0
2897,L10,#72,GW252/13600,(1)停机过程,1,2025-06-30 11:58:57,2025-06-30 11:59:28,31,0.01
2898,L10,#72,GW252/13600,(4)启机状态,4,2025-06-30 11:53:56,2025-06-30 11:58:57,301,0.08
2899,L10,#72,GW252/13600,(3)待机状态,3,2025-06-30 11:40:19,2025-06-30 11:53:56,817,0.23
2900,L10,#72,GW252/13600,(2)停机状态,2,2025-06-30 11:34:43,2025-06-30 11:40:19,336,0.09
2901,L10,#72,GW252/13600,(1)停机过程,1,2025-06-30 11:33:45,2025-06-30 11:34:43,58,0.02
2902,L10,#72,GW252/13600,(5)发电状态,5,2025-06-30 11:03:07,2025-06-30 11:33:45,1838,0.51
2903,L10,#72,GW252/13600,(4)启机状态,4,2025-06-30 11:01:20,2025-06-30 11:03:07,107,0.03
2904,L10,#72,GW252/13600,(3)待机状态,3,2025-06-30 11:00:26,2025-06-30 11:01:20,54,0.02
2905,L10,#72,GW252/13600,(2)停机状态,2,2025-06-30 11:00:25,2025-06-30 11:00:26,1,0
2906,L10,#72,GW252/13600,(1)停机过程,1,2025-06-30 10:59:53,2025-06-30 11:00:25,32,0.01
2907,L10,#72,GW252/13600,(4)启机状态,4,2025-06-30 10:54:54,2025-06-30 10:59:53,299,0.08
2908,L10,#72,GW252/13600,(3)待机状态,3,2025-06-30 10:37:17,2025-06-30 10:54:54,1057,0.29
2909,L10,#72,GW252/13600,(2)停机状态,2,2025-06-30 10:34:03,2025-06-30 10:37:17,194,0.05
2910,L10,#72,GW252/13600,(1)停机过程,1,2025-06-30 10:33:06,2025-06-30 10:34:03,57,0.02
2911,L10,#72,GW252/13600,(5)发电状态,5,2025-06-30 07:48:05,2025-06-30 10:33:06,9901,2.75
2912,L10,#72,GW252/13600,(4)启机状态,4,2025-06-30 07:45:47,2025-06-30 07:48:05,138,0.04
2913,L10,#72,GW252/13600,(3)待机状态,3,2025-06-30 07:43:15,2025-06-30 07:45:47,152,0.04
2914,L10,#72,GW252/13600,(2)停机状态,2,2025-06-30 07:43:14,2025-06-30 07:43:15,1,0
2915,L10,#72,GW252/13600,(1)停机过程,1,2025-06-30 07:42:42,2025-06-30 07:43:14,32,0.01
2916,L10,#72,GW252/13600,(4)启机状态,4,2025-06-30 07:37:42,2025-06-30 07:42:42,300,0.08
2917,L10,#72,GW252/13600,(3)待机状态,3,2025-06-30 07:29:15,2025-06-30 07:37:42,507,0.14
2918,L10,#72,GW252/13600,(1)停机过程,1,2025-06-30 07:28:43,2025-06-30 07:29:15,32,0.01
2919,L10,#72,GW252/13600,(4)启机状态,4,2025-06-30 07:23:43,2025-06-30 07:28:43,300,0.08
2920,L10,#72,GW252/13600,(3)待机状态,3,2025-06-30 07:03:13,2025-06-30 07:23:43,1230,0.34
2921,L10,#72,GW252/13600,(2)停机状态,2,2025-06-30 07:03:12,2025-06-30 07:03:13,1,0
2922,L10,#72,GW252/13600,(1)停机过程,1,2025-06-30 07:02:40,2025-06-30 07:03:12,32,0.01
2923,L10,#72,GW252/13600,(4)启机状态,4,2025-06-30 06:57:40,2025-06-30 07:02:40,300,0.08
2924,L10,#72,GW252/13600,(3)待机状态,3,2025-06-30 06:55:29,2025-06-30 06:57:40,131,0.04
2925,L10,#72,GW252/13600,(2)停机状态,2,2025-06-30 06:52:10,2025-06-30 06:55:29,199,0.06
2926,L10,#72,GW252/13600,(1)停机过程,1,2025-06-30 06:51:13,2025-06-30 06:52:10,57,0.02
2927,L10,#72,GW252/13600,(5)发电状态,5,2025-06-30 01:20:55,2025-06-30 06:51:13,19818,5.51
2928,L10,#72,GW252/13600,(4)启机状态,4,2025-06-30 01:18:06,2025-06-30 01:20:55,169,0.05
2929,L10,#72,GW252/13600,(3)待机状态,3,2025-06-30 01:16:56,2025-06-30 01:18:06,70,0.02
2930,L10,#72,GW252/13600,(2)停机状态,2,2025-06-30 01:16:55,2025-06-30 01:16:56,1,0
2931,L10,#72,GW252/13600,(1)停机过程,1,2025-06-30 01:16:24,2025-06-30 01:16:55,31,0.01
2932,L10,#72,GW252/13600,(4)启机状态,4,2025-06-30 01:11:24,2025-06-30 01:16:24,300,0.08
2933,L10,#72,GW252/13600,(3)待机状态,3,2025-06-30 01:10:27,2025-06-30 01:11:24,57,0.02
2934,L10,#72,GW252/13600,(2)停机状态,2,2025-06-30 01:10:25,2025-06-30 01:10:27,2,0
2935,L10,#72,GW252/13600,(1)停机过程,1,2025-06-30 01:09:52,2025-06-30 01:10:25,33,0.01
2936,L10,#72,GW252/13600,(4)启机状态,4,2025-06-30 01:04:52,2025-06-30 01:09:52,300,0.08
2937,L10,#72,GW252/13600,(3)待机状态,3,2025-06-30 01:03:38,2025-06-30 01:04:52,74,0.02
2938,L10,#72,GW252/13600,(1)停机过程,1,2025-06-30 01:03:07,2025-06-30 01:03:38,31,0.01
2939,L10,#72,GW252/13600,(4)启机状态,4,2025-06-30 00:58:07,2025-06-30 01:03:07,300,0.08
2940,L10,#72,GW252/13600,(3)待机状态,3,2025-06-30 00:56:41,2025-06-30 00:58:07,86,0.02
2941,L10,#72,GW252/13600,(1)停机过程,1,2025-06-30 00:55:46,2025-06-30 00:56:41,55,0.02
2942,L10,#72,GW252/13600,(4)启机状态,4,2025-06-30 00:50:44,2025-06-30 00:55:46,302,0.08
2943,L10,#72,GW252/13600,(3)待机状态,3,2025-06-30 00:48:24,2025-06-30 00:50:44,140,0.04
2944,L10,#72,GW252/13600,(2)停机状态,2,2025-06-30 00:47:48,2025-06-30 00:48:24,36,0.01
2945,L10,#72,GW252/13600,(1)停机过程,1,2025-06-30 00:46:51,2025-06-30 00:47:48,57,0.02
2946,L10,#72,GW252/13600,(5)发电状态,5,2025-06-29 23:14:01,2025-06-30 00:46:51,5570,1.55
2947,L10,#72,GW252/13600,(4)启机状态,4,2025-06-29 23:11:37,2025-06-29 23:14:01,144,0.04
2948,L10,#72,GW252/13600,(3)待机状态,3,2025-06-29 23:09:54,2025-06-29 23:11:37,103,0.03
2949,L10,#72,GW252/13600,(2)停机状态,2,2025-06-29 23:08:21,2025-06-29 23:09:54,93,0.03
2950,L10,#72,GW252/13600,(1)停机过程,1,2025-06-29 23:07:24,2025-06-29 23:08:21,57,0.02
2951,L10,#72,GW252/13600,(5)发电状态,5,2025-06-29 17:47:49,2025-06-29 23:07:24,19175,5.33
2952,L10,#72,GW252/13600,(4)启机状态,4,2025-06-29 17:44:29,2025-06-29 17:47:49,200,0.06
2953,L10,#72,GW252/13600,(3)待机状态,3,2025-06-29 17:42:39,2025-06-29 17:44:29,110,0.03
2954,L10,#72,GW252/13600,(2)停机状态,2,2025-06-29 17:42:38,2025-06-29 17:42:39,1,0
2955,L10,#72,GW252/13600,(1)停机过程,1,2025-06-29 17:41:42,2025-06-29 17:42:38,56,0.02
2956,L10,#72,GW252/13600,(4)启机状态,4,2025-06-29 17:36:42,2025-06-29 17:41:42,300,0.08
2957,L10,#72,GW252/13600,(3)待机状态,3,2025-06-29 17:29:09,2025-06-29 17:36:42,453,0.13
2958,L10,#72,GW252/13600,(2)停机状态,2,2025-06-29 17:28:22,2025-06-29 17:29:09,47,0.01
2959,L10,#72,GW252/13600,(1)停机过程,1,2025-06-29 17:27:50,2025-06-29 17:28:22,32,0.01
2960,L10,#72,GW252/13600,(4)启机状态,4,2025-06-29 17:22:50,2025-06-29 17:27:50,300,0.08
2961,L10,#72,GW252/13600,(3)待机状态,3,2025-06-29 17:21:50,2025-06-29 17:22:50,60,0.02
2962,L10,#72,GW252/13600,(2)停机状态,2,2025-06-29 17:21:49,2025-06-29 17:21:50,1,0
2963,L10,#72,GW252/13600,(1)停机过程,1,2025-06-29 17:21:17,2025-06-29 17:21:49,32,0.01
2964,L10,#72,GW252/13600,(4)启机状态,4,2025-06-29 17:16:16,2025-06-29 17:21:17,301,0.08
2965,L10,#72,GW252/13600,(3)待机状态,3,2025-06-29 17:15:11,2025-06-29 17:16:16,65,0.02
2966,L10,#72,GW252/13600,(2)停机状态,2,2025-06-29 17:13:52,2025-06-29 17:15:11,79,0.02
2967,L10,#72,GW252/13600,(1)停机过程,1,2025-06-29 17:12:54,2025-06-29 17:13:52,58,0.02
2968,L10,#72,GW252/13600,(5)发电状态,5,2025-06-29 16:07:43,2025-06-29 17:12:54,3911,1.09
2969,L10,#72,GW252/13600,(4)启机状态,4,2025-06-29 16:04:57,2025-06-29 16:07:43,166,0.05
2970,L10,#72,GW252/13600,(3)待机状态,3,2025-06-29 16:00:07,2025-06-29 16:04:57,290,0.08
2971,L10,#72,GW252/13600,(2)停机状态,2,2025-06-29 16:00:05,2025-06-29 16:00:07,2,0
2972,L10,#72,GW252/13600,(1)停机过程,1,2025-06-29 15:59:34,2025-06-29 16:00:05,31,0.01
2973,L10,#72,GW252/13600,(4)启机状态,4,2025-06-29 15:54:33,2025-06-29 15:59:34,301,0.08
2974,L10,#72,GW252/13600,(3)待机状态,3,2025-06-29 15:35:19,2025-06-29 15:54:33,1154,0.32
2975,L10,#72,GW252/13600,(2)停机状态,2,2025-06-29 15:35:18,2025-06-29 15:35:19,1,0
2976,L10,#72,GW252/13600,(1)停机过程,1,2025-06-29 15:34:46,2025-06-29 15:35:18,32,0.01
2977,L10,#72,GW252/13600,(4)启机状态,4,2025-06-29 15:29:47,2025-06-29 15:34:46,299,0.08
2978,L10,#72,GW252/13600,(3)待机状态,3,2025-06-29 15:28:42,2025-06-29 15:29:47,65,0.02
2979,L10,#72,GW252/13600,(2)停机状态,2,2025-06-29 15:28:12,2025-06-29 15:28:42,30,0.01
2980,L10,#72,GW252/13600,(1)停机过程,1,2025-06-29 15:27:39,2025-06-29 15:28:12,33,0.01
2981,L10,#72,GW252/13600,(4)启机状态,4,2025-06-29 15:22:39,2025-06-29 15:27:39,300,0.08
2982,L10,#72,GW252/13600,(3)待机状态,3,2025-06-29 15:21:33,2025-06-29 15:22:39,66,0.02
2983,L10,#72,GW252/13600,(1)停机过程,1,2025-06-29 15:21:02,2025-06-29 15:21:33,31,0.01
2984,L10,#72,GW252/13600,(4)启机状态,4,2025-06-29 15:16:02,2025-06-29 15:21:02,300,0.08
2985,L10,#72,GW252/13600,(3)待机状态,3,2025-06-29 15:14:51,2025-06-29 15:16:02,71,0.02
2986,L10,#72,GW252/13600,(2)停机状态,2,2025-06-29 15:14:49,2025-06-29 15:14:51,2,0
2987,L10,#72,GW252/13600,(1)停机过程,1,2025-06-29 15:14:16,2025-06-29 15:14:49,33,0.01
2988,L10,#72,GW252/13600,(4)启机状态,4,2025-06-29 15:09:17,2025-06-29 15:14:16,299,0.08
2989,L10,#72,GW252/13600,(3)待机状态,3,2025-06-29 15:08:04,2025-06-29 15:09:17,73,0.02
2990,L10,#72,GW252/13600,(1)停机过程,1,2025-06-29 15:07:33,2025-06-29 15:08:04,31,0.01
2991,L10,#72,GW252/13600,(4)启机状态,4,2025-06-29 15:02:32,2025-06-29 15:07:33,301,0.08
2992,L10,#72,GW252/13600,(3)待机状态,3,2025-06-29 15:01:15,2025-06-29 15:02:32,77,0.02
2993,L10,#72,GW252/13600,(2)停机状态,2,2025-06-29 15:00:33,2025-06-29 15:01:15,42,0.01
2994,L10,#72,GW252/13600,(1)停机过程,1,2025-06-29 14:59:36,2025-06-29 15:00:33,57,0.02
2995,L10,#72,GW252/13600,(5)发电状态,5,2025-06-29 13:56:55,2025-06-29 14:59:36,3761,1.04
2996,L10,#72,GW252/13600,(4)启机状态,4,2025-06-29 13:54:08,2025-06-29 13:56:55,167,0.05
2997,L10,#72,GW252/13600,(3)待机状态,3,2025-06-29 13:52:11,2025-06-29 13:54:08,117,0.03
2998,L10,#72,GW252/13600,(2)停机状态,2,2025-06-29 13:52:10,2025-06-29 13:52:11,1,0
2999,L10,#72,GW252/13600,(1)停机过程,1,2025-06-29 13:51:40,2025-06-29 13:52:10,30,0.01
3000,L10,#72,GW252/13600,(4)启机状态,4,2025-06-29 13:46:40,2025-06-29 13:51:40,300,0.08
3001,L10,#72,GW252/13600,(3)待机状态,3,2025-06-29 13:43:33,2025-06-29 13:46:40,187,0.05
3002,L10,#72,GW252/13600,(2)停机状态,2,2025-06-29 13:43:31,2025-06-29 13:43:33,2,0
3003,L10,#72,GW252/13600,(1)停机过程,1,2025-06-29 13:43:00,2025-06-29 13:43:31,31,0.01
3004,L10,#72,GW252/13600,(4)启机状态,4,2025-06-29 13:38:00,2025-06-29 13:43:00,300,0.08
3005,L10,#72,GW252/13600,(3)待机状态,3,2025-06-29 13:36:09,2025-06-29 13:38:00,111,0.03
3006,L10,#72,GW252/13600,(2)停机状态,2,2025-06-29 13:35:44,2025-06-29 13:36:09,25,0.01
3007,L10,#72,GW252/13600,(1)停机过程,1,2025-06-29 13:34:48,2025-06-29 13:35:44,56,0.02
3008,L10,#72,GW252/13600,(5)发电状态,5,2025-06-29 13:29:37,2025-06-29 13:34:48,311,0.09
3009,L10,#72,GW252/13600,(4)启机状态,4,2025-06-29 13:27:07,2025-06-29 13:29:37,150,0.04
3010,L10,#72,GW252/13600,(3)待机状态,3,2025-06-29 13:25:58,2025-06-29 13:27:07,69,0.02
3011,L10,#72,GW252/13600,(2)停机状态,2,2025-06-29 13:25:56,2025-06-29 13:25:58,2,0
3012,L10,#72,GW252/13600,(1)停机过程,1,2025-06-29 13:25:24,2025-06-29 13:25:56,32,0.01
3013,L10,#72,GW252/13600,(4)启机状态,4,2025-06-29 13:20:24,2025-06-29 13:25:24,300,0.08
3014,L10,#72,GW252/13600,(3)待机状态,3,2025-06-29 13:16:33,2025-06-29 13:20:24,231,0.06
3015,L10,#72,GW252/13600,(2)停机状态,2,2025-06-29 13:16:31,2025-06-29 13:16:33,2,0
3016,L10,#72,GW252/13600,(1)停机过程,1,2025-06-29 13:16:00,2025-06-29 13:16:31,31,0.01
3017,L10,#72,GW252/13600,(4)启机状态,4,2025-06-29 13:10:59,2025-06-29 13:16:00,301,0.08
3018,L10,#72,GW252/13600,(3)待机状态,3,2025-06-29 12:59:39,2025-06-29 13:10:59,680,0.19
3019,L10,#72,GW252/13600,(2)停机状态,2,2025-06-29 12:54:08,2025-06-29 12:59:39,331,0.09
3020,L10,#72,GW252/13600,(1)停机过程,1,2025-06-29 12:53:10,2025-06-29 12:54:08,58,0.02
3021,L10,#72,GW252/13600,(5)发电状态,5,2025-06-29 12:09:45,2025-06-29 12:53:10,2605,0.72
3022,L10,#72,GW252/13600,(4)启机状态,4,2025-06-29 12:04:49,2025-06-29 12:09:45,296,0.08
3023,L10,#72,GW252/13600,(3)待机状态,3,2025-06-29 12:03:43,2025-06-29 12:04:49,66,0.02
3024,L10,#72,GW252/13600,(2)停机状态,2,2025-06-29 12:02:12,2025-06-29 12:03:43,91,0.03
3025,L10,#72,GW252/13600,(1)停机过程,1,2025-06-29 12:01:15,2025-06-29 12:02:12,57,0.02
3026,L10,#72,GW252/13600,(5)发电状态,5,2025-06-29 11:06:37,2025-06-29 12:01:15,3278,0.91
3027,L10,#72,GW252/13600,(4)启机状态,4,2025-06-29 11:02:26,2025-06-29 11:06:37,251,0.07
3028,L10,#72,GW252/13600,(3)待机状态,3,2025-06-29 11:01:16,2025-06-29 11:02:26,70,0.02
3029,L10,#72,GW252/13600,(1)停机过程,1,2025-06-29 11:00:44,2025-06-29 11:01:16,32,0.01
3030,L10,#72,GW252/13600,(4)启机状态,4,2025-06-29 10:55:44,2025-06-29 11:00:44,300,0.08
3031,L10,#72,GW252/13600,(3)待机状态,3,2025-06-29 10:54:34,2025-06-29 10:55:44,70,0.02
3032,L10,#72,GW252/13600,(2)停机状态,2,2025-06-29 10:54:32,2025-06-29 10:54:34,2,0
3033,L10,#72,GW252/13600,(1)停机过程,1,2025-06-29 10:54:01,2025-06-29 10:54:32,31,0.01
3034,L10,#72,GW252/13600,(4)启机状态,4,2025-06-29 10:49:01,2025-06-29 10:54:01,300,0.08
3035,L10,#72,GW252/13600,(3)待机状态,3,2025-06-29 10:47:06,2025-06-29 10:49:01,115,0.03
3036,L10,#72,GW252/13600,(2)停机状态,2,2025-06-29 10:47:05,2025-06-29 10:47:06,1,0
3037,L10,#72,GW252/13600,(1)停机过程,1,2025-06-29 10:46:32,2025-06-29 10:47:05,33,0.01
3038,L10,#72,GW252/13600,(4)启机状态,4,2025-06-29 10:41:32,2025-06-29 10:46:32,300,0.08
3039,L10,#72,GW252/13600,(3)待机状态,3,2025-06-29 10:40:20,2025-06-29 10:41:32,72,0.02
3040,L10,#72,GW252/13600,(2)停机状态,2,2025-06-29 10:39:03,2025-06-29 10:40:20,77,0.02
3041,L10,#72,GW252/13600,(1)停机过程,1,2025-06-29 10:38:05,2025-06-29 10:39:03,58,0.02
3042,L10,#72,GW252/13600,(5)发电状态,5,2025-06-29 09:58:21,2025-06-29 10:38:05,2384,0.66
3043,L10,#72,GW252/13600,(4)启机状态,4,2025-06-29 09:54:21,2025-06-29 09:58:21,240,0.07
3044,L10,#72,GW252/13600,(3)待机状态,3,2025-06-29 09:53:23,2025-06-29 09:54:21,58,0.02
3045,L10,#72,GW252/13600,(2)停机状态,2,2025-06-29 09:53:21,2025-06-29 09:53:23,2,0
3046,L10,#72,GW252/13600,(1)停机过程,1,2025-06-29 09:52:51,2025-06-29 09:53:21,30,0.01
3047,L10,#72,GW252/13600,(4)启机状态,4,2025-06-29 09:47:51,2025-06-29 09:52:51,300,0.08
3048,L10,#72,GW252/13600,(3)待机状态,3,2025-06-29 09:43:01,2025-06-29 09:47:51,290,0.08
3049,L10,#72,GW252/13600,(2)停机状态,2,2025-06-29 09:42:52,2025-06-29 09:43:01,9,0
3050,L10,#72,GW252/13600,(1)停机过程,1,2025-06-29 09:41:55,2025-06-29 09:42:52,57,0.02
3051,L10,#72,GW252/13600,(5)发电状态,5,2025-06-29 08:19:47,2025-06-29 09:41:55,4928,1.37
3052,L10,#72,GW252/13600,(4)启机状态,4,2025-06-29 08:16:15,2025-06-29 08:19:47,212,0.06
3053,L10,#72,GW252/13600,(3)待机状态,3,2025-06-29 08:15:19,2025-06-29 08:16:15,56,0.02
3054,L10,#72,GW252/13600,(2)停机状态,2,2025-06-29 08:15:18,2025-06-29 08:15:19,1,0
3055,L10,#72,GW252/13600,(1)停机过程,1,2025-06-29 08:14:46,2025-06-29 08:15:18,32,0.01
3056,L10,#72,GW252/13600,(4)启机状态,4,2025-06-29 08:09:46,2025-06-29 08:14:46,300,0.08
3057,L10,#72,GW252/13600,(3)待机状态,3,2025-06-29 08:07:29,2025-06-29 08:09:46,137,0.04
3058,L10,#72,GW252/13600,(1)停机过程,1,2025-06-29 08:06:57,2025-06-29 08:07:29,32,0.01
3059,L10,#72,GW252/13600,(4)启机状态,4,2025-06-29 08:01:57,2025-06-29 08:06:57,300,0.08
3060,L10,#72,GW252/13600,(3)待机状态,3,2025-06-29 08:00:38,2025-06-29 08:01:57,79,0.02
3061,L10,#72,GW252/13600,(2)停机状态,2,2025-06-29 08:00:37,2025-06-29 08:00:38,1,0
3062,L10,#72,GW252/13600,(1)停机过程,1,2025-06-29 08:00:05,2025-06-29 08:00:37,32,0.01
3063,L10,#72,GW252/13600,(4)启机状态,4,2025-06-29 07:55:05,2025-06-29 08:00:05,300,0.08
3064,L10,#72,GW252/13600,(3)待机状态,3,2025-06-29 07:54:00,2025-06-29 07:55:05,65,0.02
3065,L10,#72,GW252/13600,(2)停机状态,2,2025-06-29 07:53:35,2025-06-29 07:54:00,25,0.01
3066,L10,#72,GW252/13600,(1)停机过程,1,2025-06-29 07:52:38,2025-06-29 07:53:35,57,0.02
3067,L10,#72,GW252/13600,(5)发电状态,5,2025-06-28 21:39:27,2025-06-29 07:52:38,36791,10.22
3068,L10,#72,GW252/13600,(4)启机状态,4,2025-06-28 21:37:13,2025-06-28 21:39:27,134,0.04
3069,L10,#72,GW252/13600,(3)待机状态,3,2025-06-28 21:33:52,2025-06-28 21:37:13,201,0.06
3070,L10,#72,GW252/13600,(2)停机状态,2,2025-06-28 21:33:44,2025-06-28 21:33:52,8,0
3071,L10,#72,GW252/13600,(1)停机过程,1,2025-06-28 21:33:13,2025-06-28 21:33:44,31,0.01
3072,L10,#72,GW252/13600,(4)启机状态,4,2025-06-28 21:28:13,2025-06-28 21:33:13,300,0.08
3073,L10,#72,GW252/13600,(3)待机状态,3,2025-06-28 21:26:29,2025-06-28 21:28:13,104,0.03
3074,L10,#72,GW252/13600,(2)停机状态,2,2025-06-28 21:26:27,2025-06-28 21:26:29,2,0
3075,L10,#72,GW252/13600,(1)停机过程,1,2025-06-28 21:25:55,2025-06-28 21:26:27,32,0.01
3076,L10,#72,GW252/13600,(4)启机状态,4,2025-06-28 21:20:55,2025-06-28 21:25:55,300,0.08
3077,L10,#72,GW252/13600,(3)待机状态,3,2025-06-28 21:19:20,2025-06-28 21:20:55,95,0.03
3078,L10,#72,GW252/13600,(2)停机状态,2,2025-06-28 21:15:48,2025-06-28 21:19:20,212,0.06
3079,L10,#72,GW252/13600,(1)停机过程,1,2025-06-28 21:15:15,2025-06-28 21:15:48,33,0.01
3080,L10,#72,GW252/13600,(4)启机状态,4,2025-06-28 21:10:15,2025-06-28 21:15:15,300,0.08
3081,L10,#72,GW252/13600,(3)待机状态,3,2025-06-28 21:02:04,2025-06-28 21:10:15,491,0.14
3082,L10,#72,GW252/13600,(2)停机状态,2,2025-06-28 21:02:01,2025-06-28 21:02:04,3,0
3083,L10,#72,GW252/13600,(1)停机过程,1,2025-06-28 21:01:05,2025-06-28 21:02:01,56,0.02
3084,L10,#72,GW252/13600,(5)发电状态,5,2025-06-28 16:52:26,2025-06-28 21:01:05,14919,4.14
3085,L10,#72,GW252/13600,(4)启机状态,4,2025-06-28 16:47:53,2025-06-28 16:52:26,273,0.08
3086,L10,#72,GW252/13600,(3)待机状态,3,2025-06-28 16:46:51,2025-06-28 16:47:53,62,0.02
3087,L10,#72,GW252/13600,(2)停机状态,2,2025-06-28 16:46:50,2025-06-28 16:46:51,1,0
3088,L10,#72,GW252/13600,(1)停机过程,1,2025-06-28 16:46:19,2025-06-28 16:46:50,31,0.01
3089,L10,#72,GW252/13600,(4)启机状态,4,2025-06-28 16:41:19,2025-06-28 16:46:19,300,0.08
3090,L10,#72,GW252/13600,(3)待机状态,3,2025-06-28 16:40:13,2025-06-28 16:41:19,66,0.02
3091,L10,#72,GW252/13600,(2)停机状态,2,2025-06-28 16:40:11,2025-06-28 16:40:13,2,0
3092,L10,#72,GW252/13600,(1)停机过程,1,2025-06-28 16:39:39,2025-06-28 16:40:11,32,0.01
3093,L10,#72,GW252/13600,(4)启机状态,4,2025-06-28 16:34:39,2025-06-28 16:39:39,300,0.08
3094,L10,#72,GW252/13600,(3)待机状态,3,2025-06-28 16:33:22,2025-06-28 16:34:39,77,0.02
3095,L10,#72,GW252/13600,(2)停机状态,2,2025-06-28 16:33:21,2025-06-28 16:33:22,1,0
3096,L10,#72,GW252/13600,(1)停机过程,1,2025-06-28 16:32:50,2025-06-28 16:33:21,31,0.01
3097,L10,#72,GW252/13600,(4)启机状态,4,2025-06-28 16:27:50,2025-06-28 16:32:50,300,0.08
3098,L10,#72,GW252/13600,(3)待机状态,3,2025-06-28 16:26:13,2025-06-28 16:27:50,97,0.03
3099,L10,#72,GW252/13600,(2)停机状态,2,2025-06-28 16:26:12,2025-06-28 16:26:13,1,0
3100,L10,#72,GW252/13600,(1)停机过程,1,2025-06-28 16:25:40,2025-06-28 16:26:12,32,0.01
3101,L10,#72,GW252/13600,(4)启机状态,4,2025-06-28 16:20:40,2025-06-28 16:25:40,300,0.08
3102,L10,#72,GW252/13600,(3)待机状态,3,2025-06-28 16:19:36,2025-06-28 16:20:40,64,0.02
3103,L10,#72,GW252/13600,(1)停机过程,1,2025-06-28 16:19:03,2025-06-28 16:19:36,33,0.01
3104,L10,#72,GW252/13600,(4)启机状态,4,2025-06-28 16:14:03,2025-06-28 16:19:03,300,0.08
3105,L10,#72,GW252/13600,(3)待机状态,3,2025-06-28 16:13:03,2025-06-28 16:14:03,60,0.02
3106,L10,#72,GW252/13600,(2)停机状态,2,2025-06-28 16:13:02,2025-06-28 16:13:03,1,0
3107,L10,#72,GW252/13600,(1)停机过程,1,2025-06-28 16:12:31,2025-06-28 16:13:02,31,0.01
3108,L10,#72,GW252/13600,(4)启机状态,4,2025-06-28 16:07:30,2025-06-28 16:12:31,301,0.08
3109,L10,#72,GW252/13600,(3)待机状态,3,2025-06-28 16:04:54,2025-06-28 16:07:30,156,0.04
3110,L10,#72,GW252/13600,(2)停机状态,2,2025-06-28 16:04:53,2025-06-28 16:04:54,1,0
3111,L10,#72,GW252/13600,(1)停机过程,1,2025-06-28 16:04:22,2025-06-28 16:04:53,31,0.01
3112,L10,#72,GW252/13600,(4)启机状态,4,2025-06-28 15:59:22,2025-06-28 16:04:22,300,0.08
3113,L10,#72,GW252/13600,(3)待机状态,3,2025-06-28 15:56:21,2025-06-28 15:59:22,181,0.05
3114,L10,#72,GW252/13600,(2)停机状态,2,2025-06-28 15:56:20,2025-06-28 15:56:21,1,0
3115,L10,#72,GW252/13600,(1)停机过程,1,2025-06-28 15:55:50,2025-06-28 15:56:20,30,0.01
3116,L10,#72,GW252/13600,(4)启机状态,4,2025-06-28 15:50:49,2025-06-28 15:55:50,301,0.08
3117,L10,#72,GW252/13600,(3)待机状态,3,2025-06-28 15:49:35,2025-06-28 15:50:49,74,0.02
3118,L10,#72,GW252/13600,(2)停机状态,2,2025-06-28 15:49:34,2025-06-28 15:49:35,1,0
3119,L10,#72,GW252/13600,(1)停机过程,1,2025-06-28 15:49:01,2025-06-28 15:49:34,33,0.01
3120,L10,#72,GW252/13600,(4)启机状态,4,2025-06-28 15:44:01,2025-06-28 15:49:01,300,0.08
3121,L10,#72,GW252/13600,(3)待机状态,3,2025-06-28 15:07:23,2025-06-28 15:44:01,2198,0.61
3122,L10,#72,GW252/13600,(2)停机状态,2,2025-06-28 15:04:51,2025-06-28 15:07:23,152,0.04
3123,L10,#72,GW252/13600,(1)停机过程,1,2025-06-28 15:04:19,2025-06-28 15:04:51,32,0.01
3124,L10,#72,GW252/13600,(4)启机状态,4,2025-06-28 14:59:18,2025-06-28 15:04:19,301,0.08
3125,L10,#72,GW252/13600,(3)待机状态,3,2025-06-28 12:56:40,2025-06-28 14:59:18,7358,2.04
3126,L10,#72,GW252/13600,(2)停机状态,2,2025-06-28 12:55:17,2025-06-28 12:56:40,83,0.02
3127,L10,#72,GW252/13600,(1)停机过程,1,2025-06-28 12:54:45,2025-06-28 12:55:17,32,0.01
3128,L10,#72,GW252/13600,(4)启机状态,4,2025-06-28 12:49:45,2025-06-28 12:54:45,300,0.08
3129,L10,#72,GW252/13600,(3)待机状态,3,2025-06-28 12:32:32,2025-06-28 12:49:45,1033,0.29
3130,L10,#72,GW252/13600,(2)停机状态,2,2025-06-28 12:32:30,2025-06-28 12:32:32,2,0
3131,L10,#72,GW252/13600,(1)停机过程,1,2025-06-28 12:31:58,2025-06-28 12:32:30,32,0.01
3132,L10,#72,GW252/13600,(4)启机状态,4,2025-06-28 12:26:59,2025-06-28 12:31:58,299,0.08
3133,L10,#72,GW252/13600,(3)待机状态,3,2025-06-28 12:25:47,2025-06-28 12:26:59,72,0.02
3134,L10,#72,GW252/13600,(2)停机状态,2,2025-06-28 12:25:45,2025-06-28 12:25:47,2,0
3135,L10,#72,GW252/13600,(1)停机过程,1,2025-06-28 12:25:13,2025-06-28 12:25:45,32,0.01
3136,L10,#72,GW252/13600,(4)启机状态,4,2025-06-28 12:20:13,2025-06-28 12:25:13,300,0.08
3137,L10,#72,GW252/13600,(3)待机状态,3,2025-06-28 12:05:28,2025-06-28 12:20:13,885,0.25
3138,L10,#72,GW252/13600,(1)停机过程,1,2025-06-28 12:04:56,2025-06-28 12:05:28,32,0.01
3139,L10,#72,GW252/13600,(4)启机状态,4,2025-06-28 11:59:56,2025-06-28 12:04:56,300,0.08
3140,L10,#72,GW252/13600,(3)待机状态,3,2025-06-28 11:37:10,2025-06-28 11:59:56,1366,0.38
3141,L10,#72,GW252/13600,(2)停机状态,2,2025-06-28 11:37:08,2025-06-28 11:37:10,2,0
3142,L10,#72,GW252/13600,(1)停机过程,1,2025-06-28 11:36:36,2025-06-28 11:37:08,32,0.01
3143,L10,#72,GW252/13600,(4)启机状态,4,2025-06-28 11:31:36,2025-06-28 11:36:36,300,0.08
3144,L10,#72,GW252/13600,(3)待机状态,3,2025-06-28 11:29:08,2025-06-28 11:31:36,148,0.04
3145,L10,#72,GW252/13600,(2)停机状态,2,2025-06-28 11:29:06,2025-06-28 11:29:08,2,0
3146,L10,#72,GW252/13600,(1)停机过程,1,2025-06-28 11:28:34,2025-06-28 11:29:06,32,0.01
3147,L10,#72,GW252/13600,(4)启机状态,4,2025-06-28 11:23:34,2025-06-28 11:28:34,300,0.08
3148,L10,#72,GW252/13600,(3)待机状态,3,2025-06-28 11:22:23,2025-06-28 11:23:34,71,0.02
3149,L10,#72,GW252/13600,(2)停机状态,2,2025-06-28 11:22:22,2025-06-28 11:22:23,1,0
3150,L10,#72,GW252/13600,(1)停机过程,1,2025-06-28 11:21:50,2025-06-28 11:22:22,32,0.01
3151,L10,#72,GW252/13600,(4)启机状态,4,2025-06-28 11:16:51,2025-06-28 11:21:50,299,0.08
3152,L10,#72,GW252/13600,(3)待机状态,3,2025-06-28 11:15:47,2025-06-28 11:16:51,64,0.02
3153,L10,#72,GW252/13600,(2)停机状态,2,2025-06-28 11:15:46,2025-06-28 11:15:47,1,0
3154,L10,#72,GW252/13600,(1)停机过程,1,2025-06-28 11:15:13,2025-06-28 11:15:46,33,0.01
3155,L10,#72,GW252/13600,(4)启机状态,4,2025-06-28 11:10:13,2025-06-28 11:15:13,300,0.08
3156,L10,#72,GW252/13600,(3)待机状态,3,2025-06-28 11:08:43,2025-06-28 11:10:13,90,0.03
3157,L10,#72,GW252/13600,(2)停机状态,2,2025-06-28 11:08:42,2025-06-28 11:08:43,1,0
3158,L10,#72,GW252/13600,(1)停机过程,1,2025-06-28 11:08:12,2025-06-28 11:08:42,30,0.01
3159,L10,#72,GW252/13600,(4)启机状态,4,2025-06-28 11:03:10,2025-06-28 11:08:12,302,0.08
3160,L10,#72,GW252/13600,(3)待机状态,3,2025-06-28 11:02:06,2025-06-28 11:03:10,64,0.02
3161,L10,#72,GW252/13600,(2)停机状态,2,2025-06-28 11:01:18,2025-06-28 11:02:06,48,0.01
3162,L10,#72,GW252/13600,(1)停机过程,1,2025-06-28 11:00:46,2025-06-28 11:01:18,32,0.01
3163,L10,#72,GW252/13600,(4)启机状态,4,2025-06-28 10:55:46,2025-06-28 11:00:46,300,0.08
3164,L10,#72,GW252/13600,(3)待机状态,3,2025-06-28 10:54:34,2025-06-28 10:55:46,72,0.02
3165,L10,#72,GW252/13600,(2)停机状态,2,2025-06-28 10:54:33,2025-06-28 10:54:34,1,0
3166,L10,#72,GW252/13600,(1)停机过程,1,2025-06-28 10:54:02,2025-06-28 10:54:33,31,0.01
3167,L10,#72,GW252/13600,(4)启机状态,4,2025-06-28 10:49:02,2025-06-28 10:54:02,300,0.08
3168,L10,#72,GW252/13600,(3)待机状态,3,2025-06-28 10:45:26,2025-06-28 10:49:02,216,0.06
3169,L10,#72,GW252/13600,(2)停机状态,2,2025-06-28 10:44:54,2025-06-28 10:45:26,32,0.01
3170,L10,#72,GW252/13600,(1)停机过程,1,2025-06-28 10:44:24,2025-06-28 10:44:54,30,0.01
3171,L10,#72,GW252/13600,(4)启机状态,4,2025-06-28 10:39:24,2025-06-28 10:44:24,300,0.08
3172,L10,#72,GW252/13600,(3)待机状态,3,2025-06-28 10:38:16,2025-06-28 10:39:24,68,0.02
3173,L10,#72,GW252/13600,(1)停机过程,1,2025-06-28 10:37:43,2025-06-28 10:38:16,33,0.01
3174,L10,#72,GW252/13600,(4)启机状态,4,2025-06-28 10:32:43,2025-06-28 10:37:43,300,0.08
3175,L10,#72,GW252/13600,(3)待机状态,3,2025-06-28 10:29:59,2025-06-28 10:32:43,164,0.05
3176,L10,#72,GW252/13600,(2)停机状态,2,2025-06-28 10:29:57,2025-06-28 10:29:59,2,0
3177,L10,#72,GW252/13600,(1)停机过程,1,2025-06-28 10:29:27,2025-06-28 10:29:57,30,0.01
3178,L10,#72,GW252/13600,(4)启机状态,4,2025-06-28 10:24:26,2025-06-28 10:29:27,301,0.08
3179,L10,#72,GW252/13600,(3)待机状态,3,2025-06-28 10:22:16,2025-06-28 10:24:26,130,0.04
3180,L10,#72,GW252/13600,(2)停机状态,2,2025-06-28 10:22:14,2025-06-28 10:22:16,2,0
3181,L10,#72,GW252/13600,(1)停机过程,1,2025-06-28 10:21:42,2025-06-28 10:22:14,32,0.01
3182,L10,#72,GW252/13600,(4)启机状态,4,2025-06-28 10:16:41,2025-06-28 10:21:42,301,0.08
3183,L10,#72,GW252/13600,(3)待机状态,3,2025-06-28 09:29:32,2025-06-28 10:16:41,2829,0.79
3184,L10,#72,GW252/13600,(2)停机状态,2,2025-06-28 09:29:31,2025-06-28 09:29:32,1,0
3185,L10,#72,GW252/13600,(1)停机过程,1,2025-06-28 09:28:59,2025-06-28 09:29:31,32,0.01
3186,L10,#72,GW252/13600,(4)启机状态,4,2025-06-28 09:23:59,2025-06-28 09:28:59,300,0.08
3187,L10,#72,GW252/13600,(3)待机状态,3,2025-06-28 09:11:53,2025-06-28 09:23:59,726,0.2
3188,L10,#72,GW252/13600,(2)停机状态,2,2025-06-28 09:11:52,2025-06-28 09:11:53,1,0
3189,L10,#72,GW252/13600,(1)停机过程,1,2025-06-28 09:11:21,2025-06-28 09:11:52,31,0.01
3190,L10,#72,GW252/13600,(4)启机状态,4,2025-06-28 09:06:21,2025-06-28 09:11:21,300,0.08
3191,L10,#72,GW252/13600,(3)待机状态,3,2025-06-28 09:04:35,2025-06-28 09:06:21,106,0.03
3192,L10,#72,GW252/13600,(2)停机状态,2,2025-06-28 09:04:33,2025-06-28 09:04:35,2,0
3193,L10,#72,GW252/13600,(1)停机过程,1,2025-06-28 09:04:02,2025-06-28 09:04:33,31,0.01
3194,L10,#72,GW252/13600,(4)启机状态,4,2025-06-28 08:59:02,2025-06-28 09:04:02,300,0.08
3195,L10,#72,GW252/13600,(3)待机状态,3,2025-06-28 08:57:44,2025-06-28 08:59:02,78,0.02
3196,L10,#72,GW252/13600,(2)停机状态,2,2025-06-28 08:57:43,2025-06-28 08:57:44,1,0
3197,L10,#72,GW252/13600,(1)停机过程,1,2025-06-28 08:57:12,2025-06-28 08:57:43,31,0.01
3198,L10,#72,GW252/13600,(4)启机状态,4,2025-06-28 08:52:11,2025-06-28 08:57:12,301,0.08
3199,L10,#72,GW252/13600,(3)待机状态,3,2025-06-28 08:50:58,2025-06-28 08:52:11,73,0.02
3200,L10,#72,GW252/13600,(2)停机状态,2,2025-06-28 08:50:55,2025-06-28 08:50:58,3,0
3201,L10,#72,GW252/13600,(1)停机过程,1,2025-06-28 08:50:25,2025-06-28 08:50:55,30,0.01
3202,L10,#72,GW252/13600,(4)启机状态,4,2025-06-28 08:45:25,2025-06-28 08:50:25,300,0.08
3203,L10,#72,GW252/13600,(3)待机状态,3,2025-06-28 08:44:09,2025-06-28 08:45:25,76,0.02
3204,L10,#72,GW252/13600,(2)停机状态,2,2025-06-28 08:42:25,2025-06-28 08:44:09,104,0.03
3205,L10,#72,GW252/13600,(1)停机过程,1,2025-06-28 08:41:28,2025-06-28 08:42:25,57,0.02
3206,L10,#72,GW252/13600,(5)发电状态,5,2025-06-28 08:16:46,2025-06-28 08:41:28,1482,0.41
3207,L10,#72,GW252/13600,(4)启机状态,4,2025-06-28 08:13:42,2025-06-28 08:16:46,184,0.05
3208,L10,#72,GW252/13600,(3)待机状态,3,2025-06-28 08:12:38,2025-06-28 08:13:42,64,0.02
3209,L10,#72,GW252/13600,(2)停机状态,2,2025-06-28 08:12:37,2025-06-28 08:12:38,1,0
3210,L10,#72,GW252/13600,(1)停机过程,1,2025-06-28 08:12:05,2025-06-28 08:12:37,32,0.01
3211,L10,#72,GW252/13600,(4)启机状态,4,2025-06-28 08:07:05,2025-06-28 08:12:05,300,0.08
3212,L10,#72,GW252/13600,(3)待机状态,3,2025-06-28 07:57:09,2025-06-28 08:07:05,596,0.17
3213,L10,#72,GW252/13600,(2)停机状态,2,2025-06-28 07:57:08,2025-06-28 07:57:09,1,0
3214,L10,#72,GW252/13600,(1)停机过程,1,2025-06-28 07:56:37,2025-06-28 07:57:08,31,0.01
3215,L10,#72,GW252/13600,(4)启机状态,4,2025-06-28 07:51:37,2025-06-28 07:56:37,300,0.08
3216,L10,#72,GW252/13600,(3)待机状态,3,2025-06-28 07:50:22,2025-06-28 07:51:37,75,0.02
3217,L10,#72,GW252/13600,(2)停机状态,2,2025-06-28 07:50:21,2025-06-28 07:50:22,1,0
3218,L10,#72,GW252/13600,(1)停机过程,1,2025-06-28 07:49:49,2025-06-28 07:50:21,32,0.01
3219,L10,#72,GW252/13600,(4)启机状态,4,2025-06-28 07:44:49,2025-06-28 07:49:49,300,0.08
3220,L10,#72,GW252/13600,(3)待机状态,3,2025-06-28 07:43:18,2025-06-28 07:44:49,91,0.03
3221,L10,#72,GW252/13600,(2)停机状态,2,2025-06-28 07:43:17,2025-06-28 07:43:18,1,0
3222,L10,#72,GW252/13600,(1)停机过程,1,2025-06-28 07:42:45,2025-06-28 07:43:17,32,0.01
3223,L10,#72,GW252/13600,(4)启机状态,4,2025-06-28 07:37:45,2025-06-28 07:42:45,300,0.08
3224,L10,#72,GW252/13600,(3)待机状态,3,2025-06-28 07:25:22,2025-06-28 07:37:45,743,0.21
3225,L10,#72,GW252/13600,(2)停机状态,2,2025-06-28 07:25:20,2025-06-28 07:25:22,2,0
3226,L10,#72,GW252/13600,(1)停机过程,1,2025-06-28 07:24:49,2025-06-28 07:25:20,31,0.01
3227,L10,#72,GW252/13600,(4)启机状态,4,2025-06-28 07:19:48,2025-06-28 07:24:49,301,0.08
3228,L10,#72,GW252/13600,(3)待机状态,3,2025-06-28 07:18:13,2025-06-28 07:19:48,95,0.03
3229,L10,#72,GW252/13600,(1)停机过程,1,2025-06-28 07:17:40,2025-06-28 07:18:13,33,0.01
3230,L10,#72,GW252/13600,(4)启机状态,4,2025-06-28 07:12:40,2025-06-28 07:17:40,300,0.08
3231,L10,#72,GW252/13600,(3)待机状态,3,2025-06-28 07:03:49,2025-06-28 07:12:40,531,0.15
3232,L10,#72,GW252/13600,(2)停机状态,2,2025-06-28 07:01:53,2025-06-28 07:03:49,116,0.03
3233,L10,#72,GW252/13600,(1)停机过程,1,2025-06-28 07:01:22,2025-06-28 07:01:53,31,0.01
3234,L10,#72,GW252/13600,(4)启机状态,4,2025-06-28 06:56:22,2025-06-28 07:01:22,300,0.08
3235,L10,#72,GW252/13600,(3)待机状态,3,2025-06-28 06:54:03,2025-06-28 06:56:22,139,0.04
3236,L10,#72,GW252/13600,(2)停机状态,2,2025-06-28 06:53:27,2025-06-28 06:54:03,36,0.01
3237,L10,#72,GW252/13600,(1)停机过程,1,2025-06-28 06:52:55,2025-06-28 06:53:27,32,0.01
3238,L10,#72,GW252/13600,(4)启机状态,4,2025-06-28 06:47:55,2025-06-28 06:52:55,300,0.08
3239,L10,#72,GW252/13600,(3)待机状态,3,2025-06-28 06:42:50,2025-06-28 06:47:55,305,0.08
3240,L10,#72,GW252/13600,(2)停机状态,2,2025-06-28 06:40:38,2025-06-28 06:42:50,132,0.04
3241,L10,#72,GW252/13600,(1)停机过程,1,2025-06-28 06:40:07,2025-06-28 06:40:38,31,0.01
3242,L10,#72,GW252/13600,(4)启机状态,4,2025-06-28 06:35:07,2025-06-28 06:40:07,300,0.08
3243,L10,#72,GW252/13600,(3)待机状态,3,2025-06-28 06:33:15,2025-06-28 06:35:07,112,0.03
3244,L10,#72,GW252/13600,(2)停机状态,2,2025-06-28 06:33:14,2025-06-28 06:33:15,1,0
3245,L10,#72,GW252/13600,(1)停机过程,1,2025-06-28 06:32:41,2025-06-28 06:33:14,33,0.01
3246,L10,#72,GW252/13600,(4)启机状态,4,2025-06-28 06:27:41,2025-06-28 06:32:41,300,0.08
3247,L10,#72,GW252/13600,(3)待机状态,3,2025-06-28 06:25:54,2025-06-28 06:27:41,107,0.03
3248,L10,#72,GW252/13600,(2)停机状态,2,2025-06-28 06:25:52,2025-06-28 06:25:54,2,0
3249,L10,#72,GW252/13600,(1)停机过程,1,2025-06-28 06:25:20,2025-06-28 06:25:52,32,0.01
3250,L10,#72,GW252/13600,(4)启机状态,4,2025-06-28 06:20:19,2025-06-28 06:25:20,301,0.08
3251,L10,#72,GW252/13600,(3)待机状态,3,2025-06-28 06:19:06,2025-06-28 06:20:19,73,0.02
3252,L10,#72,GW252/13600,(2)停机状态,2,2025-06-28 06:16:59,2025-06-28 06:19:06,127,0.04
3253,L10,#72,GW252/13600,(1)停机过程,1,2025-06-28 06:16:28,2025-06-28 06:16:59,31,0.01
3254,L10,#72,GW252/13600,(4)启机状态,4,2025-06-28 06:11:28,2025-06-28 06:16:28,300,0.08
3255,L10,#72,GW252/13600,(3)待机状态,3,2025-06-28 06:10:03,2025-06-28 06:11:28,85,0.02
3256,L10,#72,GW252/13600,(2)停机状态,2,2025-06-28 06:09:59,2025-06-28 06:10:03,4,0
3257,L10,#72,GW252/13600,(1)停机过程,1,2025-06-28 06:09:02,2025-06-28 06:09:59,57,0.02
3258,L10,#72,GW252/13600,(5)发电状态,5,2025-06-28 05:19:33,2025-06-28 06:09:02,2969,0.82
3259,L10,#72,GW252/13600,(4)启机状态,4,2025-06-28 05:17:19,2025-06-28 05:19:33,134,0.04
3260,L10,#72,GW252/13600,(3)待机状态,3,2025-06-28 05:16:15,2025-06-28 05:17:19,64,0.02
3261,L10,#72,GW252/13600,(2)停机状态,2,2025-06-28 05:16:14,2025-06-28 05:16:15,1,0
3262,L10,#72,GW252/13600,(1)停机过程,1,2025-06-28 05:15:43,2025-06-28 05:16:14,31,0.01
3263,L10,#72,GW252/13600,(4)启机状态,4,2025-06-28 05:10:43,2025-06-28 05:15:43,300,0.08
3264,L10,#72,GW252/13600,(3)待机状态,3,2025-06-28 04:43:57,2025-06-28 05:10:43,1606,0.45
3265,L10,#72,GW252/13600,(2)停机状态,2,2025-06-28 04:42:25,2025-06-28 04:43:57,92,0.03
3266,L10,#72,GW252/13600,(1)停机过程,1,2025-06-28 04:41:29,2025-06-28 04:42:25,56,0.02
3267,L10,#72,GW252/13600,(5)发电状态,5,2025-06-28 04:23:03,2025-06-28 04:41:29,1106,0.31
3268,L10,#72,GW252/13600,(4)启机状态,4,2025-06-28 04:20:27,2025-06-28 04:23:03,156,0.04
3269,L10,#72,GW252/13600,(3)待机状态,3,2025-06-28 04:19:32,2025-06-28 04:20:27,55,0.02
3270,L10,#72,GW252/13600,(2)停机状态,2,2025-06-28 04:19:30,2025-06-28 04:19:32,2,0
3271,L10,#72,GW252/13600,(1)停机过程,1,2025-06-28 04:18:35,2025-06-28 04:19:30,55,0.02
3272,L10,#72,GW252/13600,(4)启机状态,4,2025-06-28 04:13:34,2025-06-28 04:18:35,301,0.08
3273,L10,#72,GW252/13600,(3)待机状态,3,2025-06-28 04:11:37,2025-06-28 04:13:34,117,0.03
3274,L10,#72,GW252/13600,(2)停机状态,2,2025-06-28 04:11:35,2025-06-28 04:11:37,2,0
3275,L10,#72,GW252/13600,(1)停机过程,1,2025-06-28 04:11:03,2025-06-28 04:11:35,32,0.01
3276,L10,#72,GW252/13600,(4)启机状态,4,2025-06-28 04:06:02,2025-06-28 04:11:03,301,0.08
3277,L10,#72,GW252/13600,(3)待机状态,3,2025-06-28 04:01:20,2025-06-28 04:06:02,282,0.08
3278,L10,#72,GW252/13600,(1)停机过程,1,2025-06-28 04:00:23,2025-06-28 04:01:20,57,0.02
3279,L10,#72,GW252/13600,(5)发电状态,5,2025-06-28 02:55:48,2025-06-28 04:00:23,3875,1.08
3280,L10,#72,GW252/13600,(4)启机状态,4,2025-06-28 02:53:37,2025-06-28 02:55:48,131,0.04
3281,L10,#72,GW252/13600,(3)待机状态,3,2025-06-28 02:52:40,2025-06-28 02:53:37,57,0.02
3282,L10,#72,GW252/13600,(2)停机状态,2,2025-06-28 02:52:39,2025-06-28 02:52:40,1,0
3283,L10,#72,GW252/13600,(1)停机过程,1,2025-06-28 02:52:07,2025-06-28 02:52:39,32,0.01
3284,L10,#72,GW252/13600,(4)启机状态,4,2025-06-28 02:47:07,2025-06-28 02:52:07,300,0.08
3285,L10,#72,GW252/13600,(3)待机状态,3,2025-06-28 02:46:06,2025-06-28 02:47:07,61,0.02
3286,L10,#72,GW252/13600,(2)停机状态,2,2025-06-28 02:46:05,2025-06-28 02:46:06,1,0
3287,L10,#72,GW252/13600,(1)停机过程,1,2025-06-28 02:45:33,2025-06-28 02:46:05,32,0.01
3288,L10,#72,GW252/13600,(4)启机状态,4,2025-06-28 02:40:33,2025-06-28 02:45:33,300,0.08
3289,L10,#72,GW252/13600,(3)待机状态,3,2025-06-28 02:39:25,2025-06-28 02:40:33,68,0.02
3290,L10,#72,GW252/13600,(1)停机过程,1,2025-06-28 02:38:54,2025-06-28 02:39:25,31,0.01
3291,L10,#72,GW252/13600,(4)启机状态,4,2025-06-28 02:33:53,2025-06-28 02:38:54,301,0.08
3292,L10,#72,GW252/13600,(3)待机状态,3,2025-06-28 02:26:49,2025-06-28 02:33:53,424,0.12
3293,L10,#72,GW252/13600,(2)停机状态,2,2025-06-28 02:26:48,2025-06-28 02:26:49,1,0
3294,L10,#72,GW252/13600,(1)停机过程,1,2025-06-28 02:26:15,2025-06-28 02:26:48,33,0.01
3295,L10,#72,GW252/13600,(4)启机状态,4,2025-06-28 02:21:15,2025-06-28 02:26:15,300,0.08
3296,L10,#72,GW252/13600,(3)待机状态,3,2025-06-28 02:09:27,2025-06-28 02:21:15,708,0.2
3297,L10,#72,GW252/13600,(2)停机状态,2,2025-06-28 02:08:10,2025-06-28 02:09:27,77,0.02
3298,L10,#72,GW252/13600,(1)停机过程,1,2025-06-28 02:07:38,2025-06-28 02:08:10,32,0.01
3299,L10,#72,GW252/13600,(4)启机状态,4,2025-06-28 02:02:39,2025-06-28 02:07:38,299,0.08
3300,L10,#72,GW252/13600,(3)待机状态,3,2025-06-28 02:00:43,2025-06-28 02:02:39,116,0.03
3301,L10,#72,GW252/13600,(2)停机状态,2,2025-06-28 02:00:39,2025-06-28 02:00:43,4,0
3302,L10,#72,GW252/13600,(1)停机过程,1,2025-06-28 02:00:09,2025-06-28 02:00:39,30,0.01
3303,L10,#72,GW252/13600,(4)启机状态,4,2025-06-28 01:55:08,2025-06-28 02:00:09,301,0.08
3304,L10,#72,GW252/13600,(3)待机状态,3,2025-06-28 01:53:42,2025-06-28 01:55:08,86,0.02
3305,L10,#72,GW252/13600,(2)停机状态,2,2025-06-28 01:53:41,2025-06-28 01:53:42,1,0
3306,L10,#72,GW252/13600,(1)停机过程,1,2025-06-28 01:53:10,2025-06-28 01:53:41,31,0.01
3307,L10,#72,GW252/13600,(4)启机状态,4,2025-06-28 01:48:11,2025-06-28 01:53:10,299,0.08
3308,L10,#72,GW252/13600,(3)待机状态,3,2025-06-28 01:47:09,2025-06-28 01:48:11,62,0.02
3309,L10,#72,GW252/13600,(2)停机状态,2,2025-06-28 01:47:08,2025-06-28 01:47:09,1,0
3310,L10,#72,GW252/13600,(1)停机过程,1,2025-06-28 01:46:37,2025-06-28 01:47:08,31,0.01
3311,L10,#72,GW252/13600,(4)启机状态,4,2025-06-28 01:41:37,2025-06-28 01:46:37,300,0.08
3312,L10,#72,GW252/13600,(3)待机状态,3,2025-06-28 01:40:15,2025-06-28 01:41:37,82,0.02
3313,L10,#72,GW252/13600,(1)停机过程,1,2025-06-28 01:39:42,2025-06-28 01:40:15,33,0.01
3314,L10,#72,GW252/13600,(4)启机状态,4,2025-06-28 01:34:44,2025-06-28 01:39:42,298,0.08
3315,L10,#72,GW252/13600,(3)待机状态,3,2025-06-28 01:33:32,2025-06-28 01:34:44,72,0.02
3316,L10,#72,GW252/13600,(2)停机状态,2,2025-06-28 01:33:30,2025-06-28 01:33:32,2,0
3317,L10,#72,GW252/13600,(1)停机过程,1,2025-06-28 01:32:58,2025-06-28 01:33:30,32,0.01
3318,L10,#72,GW252/13600,(4)启机状态,4,2025-06-28 01:27:57,2025-06-28 01:32:58,301,0.08
3319,L10,#72,GW252/13600,(3)待机状态,3,2025-06-28 01:26:37,2025-06-28 01:27:57,80,0.02
3320,L10,#72,GW252/13600,(2)停机状态,2,2025-06-28 01:26:32,2025-06-28 01:26:37,5,0
3321,L10,#72,GW252/13600,(1)停机过程,1,2025-06-28 01:26:00,2025-06-28 01:26:32,32,0.01
3322,L10,#72,GW252/13600,(4)启机状态,4,2025-06-28 01:20:59,2025-06-28 01:26:00,301,0.08
3323,L10,#72,GW252/13600,(3)待机状态,3,2025-06-28 01:19:50,2025-06-28 01:20:59,69,0.02
3324,L10,#72,GW252/13600,(2)停机状态,2,2025-06-28 01:19:49,2025-06-28 01:19:50,1,0
3325,L10,#72,GW252/13600,(1)停机过程,1,2025-06-28 01:19:20,2025-06-28 01:19:49,29,0.01
3326,L10,#72,GW252/13600,(4)启机状态,4,2025-06-28 01:14:19,2025-06-28 01:19:20,301,0.08
3327,L10,#72,GW252/13600,(3)待机状态,3,2025-06-28 01:12:49,2025-06-28 01:14:19,90,0.03
3328,L10,#72,GW252/13600,(1)停机过程,1,2025-06-28 01:12:16,2025-06-28 01:12:49,33,0.01
3329,L10,#72,GW252/13600,(4)启机状态,4,2025-06-28 01:07:16,2025-06-28 01:12:16,300,0.08
3330,L10,#72,GW252/13600,(3)待机状态,3,2025-06-28 01:05:33,2025-06-28 01:07:16,103,0.03
3331,L10,#72,GW252/13600,(1)停机过程,1,2025-06-28 01:05:00,2025-06-28 01:05:33,33,0.01
3332,L10,#72,GW252/13600,(4)启机状态,4,2025-06-28 01:00:00,2025-06-28 01:05:00,300,0.08
3333,L10,#72,GW252/13600,(3)待机状态,3,2025-06-28 00:58:19,2025-06-28 01:00:00,101,0.03
3334,L10,#72,GW252/13600,(2)停机状态,2,2025-06-28 00:58:18,2025-06-28 00:58:19,1,0
3335,L10,#72,GW252/13600,(1)停机过程,1,2025-06-28 00:57:45,2025-06-28 00:58:18,33,0.01
3336,L10,#72,GW252/13600,(4)启机状态,4,2025-06-28 00:52:45,2025-06-28 00:57:45,300,0.08
3337,L10,#72,GW252/13600,(3)待机状态,3,2025-06-28 00:51:29,2025-06-28 00:52:45,76,0.02
3338,L10,#72,GW252/13600,(2)停机状态,2,2025-06-28 00:51:21,2025-06-28 00:51:29,8,0
3339,L10,#72,GW252/13600,(1)停机过程,1,2025-06-28 00:50:48,2025-06-28 00:51:21,33,0.01
3340,L10,#72,GW252/13600,(4)启机状态,4,2025-06-28 00:45:48,2025-06-28 00:50:48,300,0.08
3341,L10,#72,GW252/13600,(3)待机状态,3,2025-06-28 00:44:43,2025-06-28 00:45:48,65,0.02
3342,L10,#72,GW252/13600,(2)停机状态,2,2025-06-28 00:44:41,2025-06-28 00:44:43,2,0
3343,L10,#72,GW252/13600,(1)停机过程,1,2025-06-28 00:44:10,2025-06-28 00:44:41,31,0.01
3344,L10,#72,GW252/13600,(4)启机状态,4,2025-06-28 00:39:10,2025-06-28 00:44:10,300,0.08
3345,L10,#72,GW252/13600,(3)待机状态,3,2025-06-28 00:37:58,2025-06-28 00:39:10,72,0.02
3346,L10,#72,GW252/13600,(2)停机状态,2,2025-06-28 00:37:56,2025-06-28 00:37:58,2,0
3347,L10,#72,GW252/13600,(1)停机过程,1,2025-06-28 00:37:24,2025-06-28 00:37:56,32,0.01
3348,L10,#72,GW252/13600,(4)启机状态,4,2025-06-28 00:32:24,2025-06-28 00:37:24,300,0.08
3349,L10,#72,GW252/13600,(3)待机状态,3,2025-06-28 00:31:19,2025-06-28 00:32:24,65,0.02
3350,L10,#72,GW252/13600,(2)停机状态,2,2025-06-28 00:31:18,2025-06-28 00:31:19,1,0
3351,L10,#72,GW252/13600,(1)停机过程,1,2025-06-28 00:30:48,2025-06-28 00:31:18,30,0.01
3352,L10,#72,GW252/13600,(4)启机状态,4,2025-06-28 00:25:48,2025-06-28 00:30:48,300,0.08
3353,L10,#72,GW252/13600,(3)待机状态,3,2025-06-28 00:20:01,2025-06-28 00:25:48,347,0.1
3354,L10,#72,GW252/13600,(2)停机状态,2,2025-06-28 00:14:58,2025-06-28 00:20:01,303,0.08
3355,L10,#72,GW252/13600,(1)停机过程,1,2025-06-28 00:14:25,2025-06-28 00:14:58,33,0.01
3356,L10,#72,GW252/13600,(4)启机状态,4,2025-06-28 00:09:25,2025-06-28 00:14:25,300,0.08
3357,L10,#72,GW252/13600,(3)待机状态,3,2025-06-28 00:08:12,2025-06-28 00:09:25,73,0.02
3358,L10,#72,GW252/13600,(2)停机状态,2,2025-06-28 00:08:11,2025-06-28 00:08:12,1,0
3359,L10,#72,GW252/13600,(1)停机过程,1,2025-06-28 00:07:14,2025-06-28 00:08:11,57,0.02
3360,L10,#72,GW252/13600,(5)发电状态,5,2025-06-27 23:31:45,2025-06-28 00:07:14,2129,0.59
3361,L10,#72,GW252/13600,(4)启机状态,4,2025-06-27 23:27:50,2025-06-27 23:31:45,235,0.07
3362,L10,#72,GW252/13600,(3)待机状态,3,2025-06-27 23:26:55,2025-06-27 23:27:50,55,0.02
3363,L10,#72,GW252/13600,(2)停机状态,2,2025-06-27 23:26:54,2025-06-27 23:26:55,1,0
3364,L10,#72,GW252/13600,(1)停机过程,1,2025-06-27 23:26:09,2025-06-27 23:26:54,45,0.01
3365,L10,#72,GW252/13600,(4)启机状态,4,2025-06-27 23:21:08,2025-06-27 23:26:09,301,0.08
3366,L10,#72,GW252/13600,(3)待机状态,3,2025-06-27 23:19:56,2025-06-27 23:21:08,72,0.02
3367,L10,#72,GW252/13600,(2)停机状态,2,2025-06-27 23:19:55,2025-06-27 23:19:56,1,0
3368,L10,#72,GW252/13600,(1)停机过程,1,2025-06-27 23:19:25,2025-06-27 23:19:55,30,0.01
3369,L10,#72,GW252/13600,(4)启机状态,4,2025-06-27 23:14:25,2025-06-27 23:19:25,300,0.08
3370,L10,#72,GW252/13600,(3)待机状态,3,2025-06-27 23:01:55,2025-06-27 23:14:25,750,0.21
3371,L10,#72,GW252/13600,(2)停机状态,2,2025-06-27 22:59:47,2025-06-27 23:01:55,128,0.04
3372,L10,#72,GW252/13600,(1)停机过程,1,2025-06-27 22:58:49,2025-06-27 22:59:47,58,0.02
3373,L10,#72,GW252/13600,(5)发电状态,5,2025-06-27 15:02:58,2025-06-27 22:58:49,28551,7.93
3374,L10,#72,GW252/13600,(4)启机状态,4,2025-06-27 15:00:26,2025-06-27 15:02:58,152,0.04
3375,L10,#72,GW252/13600,(3)待机状态,3,2025-06-27 14:59:21,2025-06-27 15:00:26,65,0.02
3376,L10,#72,GW252/13600,(2)停机状态,2,2025-06-27 14:59:20,2025-06-27 14:59:21,1,0
3377,L10,#72,GW252/13600,(1)停机过程,1,2025-06-27 14:58:47,2025-06-27 14:59:20,33,0.01
3378,L10,#72,GW252/13600,(4)启机状态,4,2025-06-27 14:53:48,2025-06-27 14:58:47,299,0.08
3379,L10,#72,GW252/13600,(3)待机状态,3,2025-06-27 14:52:42,2025-06-27 14:53:48,66,0.02
3380,L10,#72,GW252/13600,(2)停机状态,2,2025-06-27 14:52:41,2025-06-27 14:52:42,1,0
3381,L10,#72,GW252/13600,(1)停机过程,1,2025-06-27 14:52:10,2025-06-27 14:52:41,31,0.01
3382,L10,#72,GW252/13600,(4)启机状态,4,2025-06-27 14:47:10,2025-06-27 14:52:10,300,0.08
3383,L10,#72,GW252/13600,(3)待机状态,3,2025-06-27 14:45:48,2025-06-27 14:47:10,82,0.02
3384,L10,#72,GW252/13600,(2)停机状态,2,2025-06-27 14:45:46,2025-06-27 14:45:48,2,0
3385,L10,#72,GW252/13600,(1)停机过程,1,2025-06-27 14:45:15,2025-06-27 14:45:46,31,0.01
3386,L10,#72,GW252/13600,(4)启机状态,4,2025-06-27 14:40:15,2025-06-27 14:45:15,300,0.08
3387,L10,#72,GW252/13600,(3)待机状态,3,2025-06-27 14:13:03,2025-06-27 14:40:15,1632,0.45
3388,L10,#72,GW252/13600,(2)停机状态,2,2025-06-27 14:10:34,2025-06-27 14:13:03,149,0.04
3389,L10,#72,GW252/13600,(1)停机过程,1,2025-06-27 14:09:38,2025-06-27 14:10:34,56,0.02
3390,L10,#72,GW252/13600,(5)发电状态,5,2025-06-27 11:56:48,2025-06-27 14:09:38,7970,2.21
3391,L10,#72,GW252/13600,(4)启机状态,4,2025-06-27 11:55:35,2025-06-27 11:56:48,73,0.02
3392,L10,#72,GW252/13600,(3)待机状态,3,2025-06-27 11:54:44,2025-06-27 11:55:35,51,0.01
3393,L10,#72,GW252/13600,(2)停机状态,2,2025-06-27 11:18:09,2025-06-27 11:54:44,2195,0.61
3394,L10,#72,GW252/13600,(1)停机过程,1,2025-06-27 11:17:12,2025-06-27 11:18:09,57,0.02
3395,L10,#72,GW252/13600,(5)发电状态,5,2025-06-25 16:52:06,2025-06-27 11:17:12,152706,42.42
3396,L10,#72,GW252/13600,(5)发电状态,5,2025-06-25 11:52:01,2025-06-25 16:52:06,18005,5
3397,L10,#72,GW252/13600,(4)启机状态,4,2025-06-25 11:49:03,2025-06-25 11:52:01,178,0.05
3398,L10,#72,GW252/13600,(3)待机状态,3,2025-06-25 11:48:07,2025-06-25 11:49:03,56,0.02
3399,L10,#72,GW252/13600,(2)停机状态,2,2025-06-25 11:48:06,2025-06-25 11:48:07,1,0
3400,L10,#72,GW252/13600,(1)停机过程,1,2025-06-25 11:47:08,2025-06-25 11:48:06,58,0.02
3401,L10,#72,GW252/13600,(4)启机状态,4,2025-06-25 11:42:09,2025-06-25 11:47:08,299,0.08
3402,L10,#72,GW252/13600,(3)待机状态,3,2025-06-25 11:41:12,2025-06-25 11:42:09,57,0.02
3403,L10,#72,GW252/13600,(2)停机状态,2,2025-06-25 11:41:11,2025-06-25 11:41:12,1,0
3404,L10,#72,GW252/13600,(1)停机过程,1,2025-06-25 11:40:40,2025-06-25 11:41:11,31,0.01
3405,L10,#72,GW252/13600,(4)启机状态,4,2025-06-25 11:35:40,2025-06-25 11:40:40,300,0.08
3406,L10,#72,GW252/13600,(3)待机状态,3,2025-06-25 11:34:35,2025-06-25 11:35:40,65,0.02
3407,L10,#72,GW252/13600,(2)停机状态,2,2025-06-25 11:34:33,2025-06-25 11:34:35,2,0
3408,L10,#72,GW252/13600,(1)停机过程,1,2025-06-25 11:34:00,2025-06-25 11:34:33,33,0.01
3409,L10,#72,GW252/13600,(4)启机状态,4,2025-06-25 11:29:00,2025-06-25 11:34:00,300,0.08
3410,L10,#72,GW252/13600,(3)待机状态,3,2025-06-25 11:27:19,2025-06-25 11:29:00,101,0.03
3411,L10,#72,GW252/13600,(2)停机状态,2,2025-06-25 11:27:17,2025-06-25 11:27:19,2,0
3412,L10,#72,GW252/13600,(1)停机过程,1,2025-06-25 11:26:45,2025-06-25 11:27:17,32,0.01
3413,L10,#72,GW252/13600,(4)启机状态,4,2025-06-25 11:21:45,2025-06-25 11:26:45,300,0.08
3414,L10,#72,GW252/13600,(3)待机状态,3,2025-06-25 11:20:27,2025-06-25 11:21:45,78,0.02
3415,L10,#72,GW252/13600,(2)停机状态,2,2025-06-25 11:20:26,2025-06-25 11:20:27,1,0
3416,L10,#72,GW252/13600,(1)停机过程,1,2025-06-25 11:19:55,2025-06-25 11:20:26,31,0.01
3417,L10,#72,GW252/13600,(4)启机状态,4,2025-06-25 11:14:54,2025-06-25 11:19:55,301,0.08
3418,L10,#72,GW252/13600,(3)待机状态,3,2025-06-25 11:13:30,2025-06-25 11:14:54,84,0.02
3419,L10,#72,GW252/13600,(2)停机状态,2,2025-06-25 11:13:28,2025-06-25 11:13:30,2,0
3420,L10,#72,GW252/13600,(1)停机过程,1,2025-06-25 11:12:56,2025-06-25 11:13:28,32,0.01
3421,L10,#72,GW252/13600,(4)启机状态,4,2025-06-25 11:07:56,2025-06-25 11:12:56,300,0.08
3422,L10,#72,GW252/13600,(3)待机状态,3,2025-06-25 11:06:39,2025-06-25 11:07:56,77,0.02
3423,L10,#72,GW252/13600,(2)停机状态,2,2025-06-25 11:06:38,2025-06-25 11:06:39,1,0
3424,L10,#72,GW252/13600,(1)停机过程,1,2025-06-25 11:06:05,2025-06-25 11:06:38,33,0.01
3425,L10,#72,GW252/13600,(4)启机状态,4,2025-06-25 11:01:06,2025-06-25 11:06:05,299,0.08
3426,L10,#72,GW252/13600,(3)待机状态,3,2025-06-25 10:59:55,2025-06-25 11:01:06,71,0.02
3427,L10,#72,GW252/13600,(1)停机过程,1,2025-06-25 10:59:23,2025-06-25 10:59:55,32,0.01
3428,L10,#72,GW252/13600,(4)启机状态,4,2025-06-25 10:54:23,2025-06-25 10:59:23,300,0.08
3429,L10,#72,GW252/13600,(3)待机状态,3,2025-06-25 10:53:08,2025-06-25 10:54:23,75,0.02
3430,L10,#72,GW252/13600,(2)停机状态,2,2025-06-25 10:53:07,2025-06-25 10:53:08,1,0
3431,L10,#72,GW252/13600,(1)停机过程,1,2025-06-25 10:52:36,2025-06-25 10:53:07,31,0.01
3432,L10,#72,GW252/13600,(4)启机状态,4,2025-06-25 10:47:36,2025-06-25 10:52:36,300,0.08
3433,L10,#72,GW252/13600,(3)待机状态,3,2025-06-25 10:46:31,2025-06-25 10:47:36,65,0.02
3434,L10,#72,GW252/13600,(2)停机状态,2,2025-06-25 10:46:29,2025-06-25 10:46:31,2,0
3435,L10,#72,GW252/13600,(1)停机过程,1,2025-06-25 10:45:58,2025-06-25 10:46:29,31,0.01
3436,L10,#72,GW252/13600,(4)启机状态,4,2025-06-25 10:40:58,2025-06-25 10:45:58,300,0.08
3437,L10,#72,GW252/13600,(3)待机状态,3,2025-06-25 10:39:56,2025-06-25 10:40:58,62,0.02
3438,L10,#72,GW252/13600,(2)停机状态,2,2025-06-25 10:39:54,2025-06-25 10:39:56,2,0
3439,L10,#72,GW252/13600,(1)停机过程,1,2025-06-25 10:39:23,2025-06-25 10:39:54,31,0.01
3440,L10,#72,GW252/13600,(4)启机状态,4,2025-06-25 10:34:23,2025-06-25 10:39:23,300,0.08
3441,L10,#72,GW252/13600,(3)待机状态,3,2025-06-25 10:32:53,2025-06-25 10:34:23,90,0.03
3442,L10,#72,GW252/13600,(1)停机过程,1,2025-06-25 10:32:21,2025-06-25 10:32:53,32,0.01
3443,L10,#72,GW252/13600,(4)启机状态,4,2025-06-25 10:27:20,2025-06-25 10:32:21,301,0.08
3444,L10,#72,GW252/13600,(3)待机状态,3,2025-06-25 10:25:41,2025-06-25 10:27:20,99,0.03
3445,L10,#72,GW252/13600,(2)停机状态,2,2025-06-25 10:25:40,2025-06-25 10:25:41,1,0
3446,L10,#72,GW252/13600,(1)停机过程,1,2025-06-25 10:25:09,2025-06-25 10:25:40,31,0.01
3447,L10,#72,GW252/13600,(4)启机状态,4,2025-06-25 10:20:09,2025-06-25 10:25:09,300,0.08
3448,L10,#72,GW252/13600,(3)待机状态,3,2025-06-25 10:17:04,2025-06-25 10:20:09,185,0.05
3449,L10,#72,GW252/13600,(2)停机状态,2,2025-06-25 10:17:03,2025-06-25 10:17:04,1,0
3450,L10,#72,GW252/13600,(1)停机过程,1,2025-06-25 10:16:31,2025-06-25 10:17:03,32,0.01
3451,L10,#72,GW252/13600,(4)启机状态,4,2025-06-25 10:11:31,2025-06-25 10:16:31,300,0.08
3452,L10,#72,GW252/13600,(3)待机状态,3,2025-06-25 10:10:03,2025-06-25 10:11:31,88,0.02
3453,L10,#72,GW252/13600,(2)停机状态,2,2025-06-25 10:10:02,2025-06-25 10:10:03,1,0
3454,L10,#72,GW252/13600,(1)停机过程,1,2025-06-25 10:09:30,2025-06-25 10:10:02,32,0.01
3455,L10,#72,GW252/13600,(4)启机状态,4,2025-06-25 10:04:30,2025-06-25 10:09:30,300,0.08
3456,L10,#72,GW252/13600,(3)待机状态,3,2025-06-25 10:03:21,2025-06-25 10:04:30,69,0.02
3457,L10,#72,GW252/13600,(2)停机状态,2,2025-06-25 10:03:19,2025-06-25 10:03:21,2,0
3458,L10,#72,GW252/13600,(1)停机过程,1,2025-06-25 10:02:48,2025-06-25 10:03:19,31,0.01
3459,L10,#72,GW252/13600,(4)启机状态,4,2025-06-25 09:57:48,2025-06-25 10:02:48,300,0.08
3460,L10,#72,GW252/13600,(3)待机状态,3,2025-06-25 09:53:25,2025-06-25 09:57:48,263,0.07
3461,L10,#72,GW252/13600,(2)停机状态,2,2025-06-25 09:53:22,2025-06-25 09:53:25,3,0
3462,L10,#72,GW252/13600,(1)停机过程,1,2025-06-25 09:52:50,2025-06-25 09:53:22,32,0.01
3463,L10,#72,GW252/13600,(4)启机状态,4,2025-06-25 09:47:50,2025-06-25 09:52:50,300,0.08
3464,L10,#72,GW252/13600,(3)待机状态,3,2025-06-25 08:42:11,2025-06-25 09:47:50,3939,1.09
3465,L10,#72,GW252/13600,(1)停机过程,1,2025-06-25 08:41:38,2025-06-25 08:42:11,33,0.01
3466,L10,#72,GW252/13600,(4)启机状态,4,2025-06-25 08:36:38,2025-06-25 08:41:38,300,0.08
3467,L10,#72,GW252/13600,(3)待机状态,3,2025-06-25 08:18:18,2025-06-25 08:36:38,1100,0.31
3468,L10,#72,GW252/13600,(2)停机状态,2,2025-06-25 08:18:16,2025-06-25 08:18:18,2,0
3469,L10,#72,GW252/13600,(1)停机过程,1,2025-06-25 08:17:45,2025-06-25 08:18:16,31,0.01
3470,L10,#72,GW252/13600,(4)启机状态,4,2025-06-25 08:12:45,2025-06-25 08:17:45,300,0.08
3471,L10,#72,GW252/13600,(3)待机状态,3,2025-06-25 02:41:12,2025-06-25 08:12:45,19893,5.53
3472,L10,#72,GW252/13600,(2)停机状态,2,2025-06-25 02:41:11,2025-06-25 02:41:12,1,0
3473,L10,#72,GW252/13600,(1)停机过程,1,2025-06-25 02:40:39,2025-06-25 02:41:11,32,0.01
3474,L10,#72,GW252/13600,(4)启机状态,4,2025-06-25 02:35:39,2025-06-25 02:40:39,300,0.08
3475,L10,#72,GW252/13600,(3)待机状态,3,2025-06-25 02:29:00,2025-06-25 02:35:39,399,0.11
3476,L10,#72,GW252/13600,(2)停机状态,2,2025-06-25 02:28:54,2025-06-25 02:29:00,6,0
3477,L10,#72,GW252/13600,(1)停机过程,1,2025-06-25 02:28:22,2025-06-25 02:28:54,32,0.01
3478,L10,#72,GW252/13600,(4)启机状态,4,2025-06-25 02:23:21,2025-06-25 02:28:22,301,0.08
3479,L10,#72,GW252/13600,(3)待机状态,3,2025-06-25 02:21:55,2025-06-25 02:23:21,86,0.02
3480,L10,#72,GW252/13600,(2)停机状态,2,2025-06-25 02:21:54,2025-06-25 02:21:55,1,0
3481,L10,#72,GW252/13600,(1)停机过程,1,2025-06-25 02:21:22,2025-06-25 02:21:54,32,0.01
3482,L10,#72,GW252/13600,(4)启机状态,4,2025-06-25 02:16:22,2025-06-25 02:21:22,300,0.08
3483,L10,#72,GW252/13600,(3)待机状态,3,2025-06-25 02:14:13,2025-06-25 02:16:22,129,0.04
3484,L10,#72,GW252/13600,(2)停机状态,2,2025-06-25 02:13:48,2025-06-25 02:14:13,25,0.01
3485,L10,#72,GW252/13600,(1)停机过程,1,2025-06-25 02:13:16,2025-06-25 02:13:48,32,0.01
3486,L10,#72,GW252/13600,(4)启机状态,4,2025-06-25 02:08:16,2025-06-25 02:13:16,300,0.08
3487,L10,#72,GW252/13600,(3)待机状态,3,2025-06-25 02:06:36,2025-06-25 02:08:16,100,0.03
3488,L10,#72,GW252/13600,(2)停机状态,2,2025-06-25 02:06:29,2025-06-25 02:06:36,7,0
3489,L10,#72,GW252/13600,(1)停机过程,1,2025-06-25 02:05:58,2025-06-25 02:06:29,31,0.01
3490,L10,#72,GW252/13600,(4)启机状态,4,2025-06-25 02:00:58,2025-06-25 02:05:58,300,0.08
3491,L10,#72,GW252/13600,(3)待机状态,3,2025-06-25 01:59:46,2025-06-25 02:00:58,72,0.02
3492,L10,#72,GW252/13600,(2)停机状态,2,2025-06-25 01:59:44,2025-06-25 01:59:46,2,0
3493,L10,#72,GW252/13600,(1)停机过程,1,2025-06-25 01:59:12,2025-06-25 01:59:44,32,0.01
3494,L10,#72,GW252/13600,(4)启机状态,4,2025-06-25 01:54:12,2025-06-25 01:59:12,300,0.08
3495,L10,#72,GW252/13600,(3)待机状态,3,2025-06-25 01:52:59,2025-06-25 01:54:12,73,0.02
3496,L10,#72,GW252/13600,(2)停机状态,2,2025-06-25 01:52:58,2025-06-25 01:52:59,1,0
3497,L10,#72,GW252/13600,(1)停机过程,1,2025-06-25 01:52:28,2025-06-25 01:52:58,30,0.01
3498,L10,#72,GW252/13600,(4)启机状态,4,2025-06-25 01:47:28,2025-06-25 01:52:28,300,0.08
3499,L10,#72,GW252/13600,(3)待机状态,3,2025-06-25 01:42:18,2025-06-25 01:47:28,310,0.09
3500,L10,#72,GW252/13600,(2)停机状态,2,2025-06-25 01:42:17,2025-06-25 01:42:18,1,0
3501,L10,#72,GW252/13600,(1)停机过程,1,2025-06-25 01:41:20,2025-06-25 01:42:17,57,0.02
3502,L10,#72,GW252/13600,(5)发电状态,5,2025-06-24 18:12:26,2025-06-25 01:41:20,26934,7.48
3503,L10,#72,GW252/13600,(4)启机状态,4,2025-06-24 18:09:25,2025-06-24 18:12:26,181,0.05
3504,L10,#72,GW252/13600,(3)待机状态,3,2025-06-24 18:06:51,2025-06-24 18:09:25,154,0.04
3505,L10,#72,GW252/13600,(2)停机状态,2,2025-06-24 18:06:47,2025-06-24 18:06:51,4,0
3506,L10,#72,GW252/13600,(1)停机过程,1,2025-06-24 18:05:48,2025-06-24 18:06:47,59,0.02
3507,L10,#72,GW252/13600,(5)发电状态,5,2025-06-24 16:47:27,2025-06-24 18:05:48,4701,1.31
3508,L10,#72,GW252/13600,(4)启机状态,4,2025-06-24 16:45:58,2025-06-24 16:47:27,89,0.02
3509,L10,#72,GW252/13600,(3)待机状态,3,2025-06-24 16:44:56,2025-06-24 16:45:58,62,0.02
3510,L10,#72,GW252/13600,(2)停机状态,2,2025-06-24 16:08:21,2025-06-24 16:44:56,2195,0.61
3511,L10,#72,GW252/13600,(1)停机过程,1,2025-06-24 16:07:49,2025-06-24 16:08:21,32,0.01
3512,L10,#72,GW252/13600,(4)启机状态,4,2025-06-24 16:02:49,2025-06-24 16:07:49,300,0.08
3513,L10,#72,GW252/13600,(3)待机状态,3,2025-06-24 16:01:30,2025-06-24 16:02:49,79,0.02
3514,L10,#72,GW252/13600,(2)停机状态,2,2025-06-24 15:59:44,2025-06-24 16:01:30,106,0.03
3515,L10,#72,GW252/13600,(1)停机过程,1,2025-06-24 15:58:47,2025-06-24 15:59:44,57,0.02
3516,L10,#72,GW252/13600,(5)发电状态,5,2025-06-24 14:00:44,2025-06-24 15:58:47,7083,1.97
3517,L10,#72,GW252/13600,(4)启机状态,4,2025-06-24 13:59:04,2025-06-24 14:00:44,100,0.03
3518,L10,#72,GW252/13600,(3)待机状态,3,2025-06-24 13:58:09,2025-06-24 13:59:04,55,0.02
3519,L10,#72,GW252/13600,(2)停机状态,2,2025-06-24 13:58:08,2025-06-24 13:58:09,1,0
3520,L10,#72,GW252/13600,(1)停机过程,1,2025-06-24 13:57:36,2025-06-24 13:58:08,32,0.01
3521,L10,#72,GW252/13600,(4)启机状态,4,2025-06-24 13:52:35,2025-06-24 13:57:36,301,0.08
3522,L10,#72,GW252/13600,(3)待机状态,3,2025-06-24 13:50:38,2025-06-24 13:52:35,117,0.03
3523,L10,#72,GW252/13600,(2)停机状态,2,2025-06-24 13:49:26,2025-06-24 13:50:38,72,0.02
3524,L10,#72,GW252/13600,(1)停机过程,1,2025-06-24 13:48:53,2025-06-24 13:49:26,33,0.01
3525,L10,#72,GW252/13600,(4)启机状态,4,2025-06-24 13:43:53,2025-06-24 13:48:53,300,0.08
3526,L10,#72,GW252/13600,(3)待机状态,3,2025-06-24 13:41:53,2025-06-24 13:43:53,120,0.03
3527,L10,#72,GW252/13600,(2)停机状态,2,2025-06-24 13:41:52,2025-06-24 13:41:53,1,0
3528,L10,#72,GW252/13600,(1)停机过程,1,2025-06-24 13:41:19,2025-06-24 13:41:52,33,0.01
3529,L10,#72,GW252/13600,(4)启机状态,4,2025-06-24 13:36:20,2025-06-24 13:41:19,299,0.08
3530,L10,#72,GW252/13600,(3)待机状态,3,2025-06-24 12:53:00,2025-06-24 13:36:20,2600,0.72
3531,L10,#72,GW252/13600,(2)停机状态,2,2025-06-24 12:52:57,2025-06-24 12:53:00,3,0
3532,L10,#72,GW252/13600,(1)停机过程,1,2025-06-24 12:52:27,2025-06-24 12:52:57,30,0.01
3533,L10,#72,GW252/13600,(4)启机状态,4,2025-06-24 12:47:27,2025-06-24 12:52:27,300,0.08
3534,L10,#72,GW252/13600,(3)待机状态,3,2025-06-24 12:44:35,2025-06-24 12:47:27,172,0.05
3535,L10,#72,GW252/13600,(2)停机状态,2,2025-06-24 12:44:33,2025-06-24 12:44:35,2,0
3536,L10,#72,GW252/13600,(1)停机过程,1,2025-06-24 12:44:03,2025-06-24 12:44:33,30,0.01
3537,L10,#72,GW252/13600,(4)启机状态,4,2025-06-24 12:39:03,2025-06-24 12:44:03,300,0.08
3538,L10,#72,GW252/13600,(3)待机状态,3,2025-06-24 12:37:14,2025-06-24 12:39:03,109,0.03
3539,L10,#72,GW252/13600,(2)停机状态,2,2025-06-24 12:00:38,2025-06-24 12:37:14,2196,0.61
3540,L10,#72,GW252/13600,(1)停机过程,1,2025-06-24 11:59:41,2025-06-24 12:00:38,57,0.02
3541,L10,#72,GW252/13600,(5)发电状态,5,2025-06-22 20:00:57,2025-06-24 11:59:41,143924,39.98
3542,L10,#72,GW252/13600,(4)启机状态,4,2025-06-22 20:00:05,2025-06-22 20:00:57,52,0.01
3543,L10,#72,GW252/13600,(3)待机状态,3,2025-06-22 19:59:23,2025-06-22 20:00:05,42,0.01
3544,L10,#72,GW252/13600,(2)停机状态,2,2025-06-22 19:57:57,2025-06-22 19:59:23,86,0.02
3545,L10,#72,GW252/13600,(1)停机过程,1,2025-06-22 19:57:46,2025-06-22 19:57:57,11,0
3546,L10,#72,GW252/13600,(9)维护状态,9,2025-06-22 19:50:03,2025-06-22 19:57:46,463,0.13
3547,L10,#72,GW252/13600,(2)停机状态,2,2025-06-22 19:49:48,2025-06-22 19:50:03,15,0
3548,L10,#72,GW252/13600,(1)停机过程,1,2025-06-22 19:49:43,2025-06-22 19:49:48,5,0
3549,L10,#72,GW252/13600,(2)停机状态,2,2025-06-22 19:44:59,2025-06-22 19:49:43,284,0.08
3550,L10,#72,GW252/13600,(1)停机过程,1,2025-06-22 19:44:53,2025-06-22 19:44:59,6,0
3551,L10,#72,GW252/13600,(2)停机状态,2,2025-06-22 18:49:38,2025-06-22 19:44:53,3315,0.92
3552,L10,#72,GW252/13600,(1)停机过程,1,2025-06-22 18:48:34,2025-06-22 18:49:38,64,0.02
3553,L10,#72,GW252/13600,(5)发电状态,5,2025-06-20 18:46:13,2025-06-22 18:48:34,172941,48.04
3554,L10,#72,GW252/13600,(4)启机状态,4,2025-06-20 18:45:27,2025-06-20 18:46:13,46,0.01
3555,L10,#72,GW252/13600,(3)待机状态,3,2025-06-20 18:44:49,2025-06-20 18:45:27,38,0.01
3556,L10,#72,GW252/13600,(2)停机状态,2,2025-06-20 18:25:46,2025-06-20 18:44:49,1143,0.32
3557,L10,#72,GW252/13600,(1)停机过程,1,2025-06-20 18:25:36,2025-06-20 18:25:46,10,0
3558,L10,#72,GW252/13600,(9)维护状态,9,2025-06-20 15:01:54,2025-06-20 18:25:36,12222,3.4
3559,L10,#72,GW252/13600,(2)停机状态,2,2025-06-20 14:53:30,2025-06-20 15:01:54,504,0.14
3560,L10,#72,GW252/13600,(1)停机过程,1,2025-06-20 14:52:25,2025-06-20 14:53:30,65,0.02
3561,L10,#72,GW252/13600,(5)发电状态,5,2025-06-14 23:07:43,2025-06-20 14:52:25,488682,135.75
3562,L10,#72,GW252/13600,(4)启机状态,4,2025-06-14 23:07:10,2025-06-14 23:07:43,33,0.01
3563,L10,#72,GW252/13600,(3)待机状态,3,2025-06-14 23:06:37,2025-06-14 23:07:10,33,0.01
3564,L10,#72,GW252/13600,(2)停机状态,2,2025-06-14 23:06:28,2025-06-14 23:06:37,9,0
3565,L10,#72,GW252/13600,(1)停机过程,1,2025-06-14 23:06:17,2025-06-14 23:06:28,11,0
3566,L10,#72,GW252/13600,(9)维护状态,9,2025-06-14 23:06:01,2025-06-14 23:06:17,16,0
3567,L10,#72,GW252/13600,(2)停机状态,2,2025-06-14 14:04:30,2025-06-14 23:06:01,32491,9.03
3568,L10,#72,GW252/13600,(1)停机过程,1,2025-06-14 14:03:26,2025-06-14 14:04:30,64,0.02
3569,L10,#72,GW252/13600,(5)发电状态,5,2025-06-10 15:24:27,2025-06-14 14:03:26,340739,94.65
3570,L10,#72,GW252/13600,(4)启机状态,4,2025-06-10 15:22:58,2025-06-10 15:24:27,89,0.02
3571,L10,#72,GW252/13600,(3)待机状态,3,2025-06-10 15:22:04,2025-06-10 15:22:58,54,0.02
3572,L10,#72,GW252/13600,(2)停机状态,2,2025-06-10 15:22:03,2025-06-10 15:22:04,1,0
3573,L10,#72,GW252/13600,(1)停机过程,1,2025-06-10 15:21:32,2025-06-10 15:22:03,31,0.01
3574,L10,#72,GW252/13600,(4)启机状态,4,2025-06-10 15:16:31,2025-06-10 15:21:32,301,0.08
3575,L10,#72,GW252/13600,(3)待机状态,3,2025-06-10 15:15:12,2025-06-10 15:16:31,79,0.02
3576,L10,#72,GW252/13600,(2)停机状态,2,2025-06-10 15:15:10,2025-06-10 15:15:12,2,0
3577,L10,#72,GW252/13600,(1)停机过程,1,2025-06-10 15:14:38,2025-06-10 15:15:10,32,0.01
3578,L10,#72,GW252/13600,(4)启机状态,4,2025-06-10 15:09:39,2025-06-10 15:14:38,299,0.08
3579,L10,#72,GW252/13600,(3)待机状态,3,2025-06-10 15:07:18,2025-06-10 15:09:39,141,0.04
3580,L10,#72,GW252/13600,(2)停机状态,2,2025-06-10 15:07:17,2025-06-10 15:07:18,1,0
3581,L10,#72,GW252/13600,(1)停机过程,1,2025-06-10 15:06:45,2025-06-10 15:07:17,32,0.01
3582,L10,#72,GW252/13600,(4)启机状态,4,2025-06-10 15:01:45,2025-06-10 15:06:45,300,0.08
3583,L10,#72,GW252/13600,(3)待机状态,3,2025-06-10 15:00:13,2025-06-10 15:01:45,92,0.03
3584,L10,#72,GW252/13600,(2)停机状态,2,2025-06-10 15:00:12,2025-06-10 15:00:13,1,0
3585,L10,#72,GW252/13600,(1)停机过程,1,2025-06-10 14:59:40,2025-06-10 15:00:12,32,0.01
3586,L10,#72,GW252/13600,(4)启机状态,4,2025-06-10 14:54:40,2025-06-10 14:59:40,300,0.08
3587,L10,#72,GW252/13600,(3)待机状态,3,2025-06-10 14:53:38,2025-06-10 14:54:40,62,0.02
3588,L10,#72,GW252/13600,(1)停机过程,1,2025-06-10 14:53:07,2025-06-10 14:53:38,31,0.01
3589,L10,#72,GW252/13600,(4)启机状态,4,2025-06-10 14:48:06,2025-06-10 14:53:07,301,0.08
3590,L10,#72,GW252/13600,(3)待机状态,3,2025-06-10 14:47:08,2025-06-10 14:48:06,58,0.02
3591,L10,#72,GW252/13600,(2)停机状态,2,2025-06-10 14:47:06,2025-06-10 14:47:08,2,0
3592,L10,#72,GW252/13600,(1)停机过程,1,2025-06-10 14:46:34,2025-06-10 14:47:06,32,0.01
3593,L10,#72,GW252/13600,(4)启机状态,4,2025-06-10 14:41:34,2025-06-10 14:46:34,300,0.08
3594,L10,#72,GW252/13600,(3)待机状态,3,2025-06-10 14:40:25,2025-06-10 14:41:34,69,0.02
3595,L10,#72,GW252/13600,(2)停机状态,2,2025-06-10 14:40:24,2025-06-10 14:40:25,1,0
3596,L10,#72,GW252/13600,(1)停机过程,1,2025-06-10 14:39:53,2025-06-10 14:40:24,31,0.01
3597,L10,#72,GW252/13600,(4)启机状态,4,2025-06-10 14:34:53,2025-06-10 14:39:53,300,0.08
3598,L10,#72,GW252/13600,(3)待机状态,3,2025-06-10 14:33:50,2025-06-10 14:34:53,63,0.02
3599,L10,#72,GW252/13600,(2)停机状态,2,2025-06-10 14:33:49,2025-06-10 14:33:50,1,0
3600,L10,#72,GW252/13600,(1)停机过程,1,2025-06-10 14:33:16,2025-06-10 14:33:49,33,0.01
3601,L10,#72,GW252/13600,(4)启机状态,4,2025-06-10 14:28:16,2025-06-10 14:33:16,300,0.08
3602,L10,#72,GW252/13600,(3)待机状态,3,2025-06-10 14:09:39,2025-06-10 14:28:16,1117,0.31
3603,L10,#72,GW252/13600,(2)停机状态,2,2025-06-10 14:09:38,2025-06-10 14:09:39,1,0
3604,L10,#72,GW252/13600,(1)停机过程,1,2025-06-10 14:08:40,2025-06-10 14:09:38,58,0.02
3605,L10,#72,GW252/13600,(5)发电状态,5,2025-06-10 12:51:50,2025-06-10 14:08:40,4610,1.28
3606,L10,#72,GW252/13600,(4)启机状态,4,2025-06-10 12:47:10,2025-06-10 12:51:50,280,0.08
3607,L10,#72,GW252/13600,(3)待机状态,3,2025-06-10 12:46:07,2025-06-10 12:47:10,63,0.02
3608,L10,#72,GW252/13600,(1)停机过程,1,2025-06-10 12:45:34,2025-06-10 12:46:07,33,0.01
3609,L10,#72,GW252/13600,(4)启机状态,4,2025-06-10 12:40:34,2025-06-10 12:45:34,300,0.08
3610,L10,#72,GW252/13600,(3)待机状态,3,2025-06-10 12:33:05,2025-06-10 12:40:34,449,0.12
3611,L10,#72,GW252/13600,(2)停机状态,2,2025-06-10 12:31:17,2025-06-10 12:33:05,108,0.03
3612,L10,#72,GW252/13600,(1)停机过程,1,2025-06-10 12:30:20,2025-06-10 12:31:17,57,0.02
3613,L10,#72,GW252/13600,(5)发电状态,5,2025-06-10 11:25:01,2025-06-10 12:30:20,3919,1.09
3614,L10,#72,GW252/13600,(4)启机状态,4,2025-06-10 11:22:10,2025-06-10 11:25:01,171,0.05
3615,L10,#72,GW252/13600,(3)待机状态,3,2025-06-10 11:21:08,2025-06-10 11:22:10,62,0.02
3616,L10,#72,GW252/13600,(2)停机状态,2,2025-06-10 11:21:07,2025-06-10 11:21:08,1,0
3617,L10,#72,GW252/13600,(1)停机过程,1,2025-06-10 11:20:34,2025-06-10 11:21:07,33,0.01
3618,L10,#72,GW252/13600,(4)启机状态,4,2025-06-10 11:15:35,2025-06-10 11:20:34,299,0.08
3619,L10,#72,GW252/13600,(3)待机状态,3,2025-06-10 11:14:35,2025-06-10 11:15:35,60,0.02
3620,L10,#72,GW252/13600,(1)停机过程,1,2025-06-10 11:14:03,2025-06-10 11:14:35,32,0.01
3621,L10,#72,GW252/13600,(4)启机状态,4,2025-06-10 11:09:03,2025-06-10 11:14:03,300,0.08
3622,L10,#72,GW252/13600,(3)待机状态,3,2025-06-10 11:08:02,2025-06-10 11:09:03,61,0.02
3623,L10,#72,GW252/13600,(2)停机状态,2,2025-06-10 11:08:00,2025-06-10 11:08:02,2,0
3624,L10,#72,GW252/13600,(1)停机过程,1,2025-06-10 11:07:04,2025-06-10 11:08:00,56,0.02
3625,L10,#72,GW252/13600,(4)启机状态,4,2025-06-10 11:02:04,2025-06-10 11:07:04,300,0.08
3626,L10,#72,GW252/13600,(3)待机状态,3,2025-06-10 11:01:05,2025-06-10 11:02:04,59,0.02
3627,L10,#72,GW252/13600,(2)停机状态,2,2025-06-10 11:01:03,2025-06-10 11:01:05,2,0
3628,L10,#72,GW252/13600,(1)停机过程,1,2025-06-10 11:00:31,2025-06-10 11:01:03,32,0.01
3629,L10,#72,GW252/13600,(4)启机状态,4,2025-06-10 10:55:30,2025-06-10 11:00:31,301,0.08
3630,L10,#72,GW252/13600,(3)待机状态,3,2025-06-10 10:54:24,2025-06-10 10:55:30,66,0.02
3631,L10,#72,GW252/13600,(2)停机状态,2,2025-06-10 10:54:23,2025-06-10 10:54:24,1,0
3632,L10,#72,GW252/13600,(1)停机过程,1,2025-06-10 10:53:51,2025-06-10 10:54:23,32,0.01
3633,L10,#72,GW252/13600,(4)启机状态,4,2025-06-10 10:48:50,2025-06-10 10:53:51,301,0.08
3634,L10,#72,GW252/13600,(3)待机状态,3,2025-06-10 10:47:47,2025-06-10 10:48:50,63,0.02
3635,L10,#72,GW252/13600,(2)停机状态,2,2025-06-10 10:47:46,2025-06-10 10:47:47,1,0
3636,L10,#72,GW252/13600,(1)停机过程,1,2025-06-10 10:47:15,2025-06-10 10:47:46,31,0.01
3637,L10,#72,GW252/13600,(4)启机状态,4,2025-06-10 10:42:14,2025-06-10 10:47:15,301,0.08
3638,L10,#72,GW252/13600,(3)待机状态,3,2025-06-10 10:41:11,2025-06-10 10:42:14,63,0.02
3639,L10,#72,GW252/13600,(2)停机状态,2,2025-06-10 10:41:09,2025-06-10 10:41:11,2,0
3640,L10,#72,GW252/13600,(1)停机过程,1,2025-06-10 10:40:12,2025-06-10 10:41:09,57,0.02
3641,L10,#72,GW252/13600,(4)启机状态,4,2025-06-10 10:35:12,2025-06-10 10:40:12,300,0.08
3642,L10,#72,GW252/13600,(3)待机状态,3,2025-06-10 10:34:06,2025-06-10 10:35:12,66,0.02
3643,L10,#72,GW252/13600,(2)停机状态,2,2025-06-10 10:34:05,2025-06-10 10:34:06,1,0
3644,L10,#72,GW252/13600,(1)停机过程,1,2025-06-10 10:33:34,2025-06-10 10:34:05,31,0.01
3645,L10,#72,GW252/13600,(4)启机状态,4,2025-06-10 10:28:34,2025-06-10 10:33:34,300,0.08
3646,L10,#72,GW252/13600,(3)待机状态,3,2025-06-10 10:27:25,2025-06-10 10:28:34,69,0.02
3647,L10,#72,GW252/13600,(2)停机状态,2,2025-06-10 10:27:23,2025-06-10 10:27:25,2,0
3648,L10,#72,GW252/13600,(1)停机过程,1,2025-06-10 10:26:51,2025-06-10 10:27:23,32,0.01
3649,L10,#72,GW252/13600,(4)启机状态,4,2025-06-10 10:21:51,2025-06-10 10:26:51,300,0.08
3650,L10,#72,GW252/13600,(3)待机状态,3,2025-06-10 10:18:57,2025-06-10 10:21:51,174,0.05
3651,L10,#72,GW252/13600,(2)停机状态,2,2025-06-10 10:18:55,2025-06-10 10:18:57,2,0
3652,L10,#72,GW252/13600,(1)停机过程,1,2025-06-10 10:18:24,2025-06-10 10:18:55,31,0.01
3653,L10,#72,GW252/13600,(4)启机状态,4,2025-06-10 10:13:23,2025-06-10 10:18:24,301,0.08
3654,L10,#72,GW252/13600,(3)待机状态,3,2025-06-10 10:12:17,2025-06-10 10:13:23,66,0.02
3655,L10,#72,GW252/13600,(2)停机状态,2,2025-06-10 10:12:15,2025-06-10 10:12:17,2,0
3656,L10,#72,GW252/13600,(1)停机过程,1,2025-06-10 10:11:44,2025-06-10 10:12:15,31,0.01
3657,L10,#72,GW252/13600,(4)启机状态,4,2025-06-10 10:06:44,2025-06-10 10:11:44,300,0.08
3658,L10,#72,GW252/13600,(3)待机状态,3,2025-06-10 10:01:48,2025-06-10 10:06:44,296,0.08
3659,L10,#72,GW252/13600,(2)停机状态,2,2025-06-10 10:01:47,2025-06-10 10:01:48,1,0
3660,L10,#72,GW252/13600,(1)停机过程,1,2025-06-10 10:01:15,2025-06-10 10:01:47,32,0.01
3661,L10,#72,GW252/13600,(4)启机状态,4,2025-06-10 09:56:15,2025-06-10 10:01:15,300,0.08
3662,L10,#72,GW252/13600,(3)待机状态,3,2025-06-10 09:10:40,2025-06-10 09:56:15,2735,0.76
3663,L10,#72,GW252/13600,(2)停机状态,2,2025-06-10 09:10:38,2025-06-10 09:10:40,2,0
3664,L10,#72,GW252/13600,(1)停机过程,1,2025-06-10 09:10:07,2025-06-10 09:10:38,31,0.01
3665,L10,#72,GW252/13600,(4)启机状态,4,2025-06-10 09:05:07,2025-06-10 09:10:07,300,0.08
3666,L10,#72,GW252/13600,(3)待机状态,3,2025-06-10 09:03:39,2025-06-10 09:05:07,88,0.02
3667,L10,#72,GW252/13600,(2)停机状态,2,2025-06-10 09:03:38,2025-06-10 09:03:39,1,0
3668,L10,#72,GW252/13600,(1)停机过程,1,2025-06-10 09:03:06,2025-06-10 09:03:38,32,0.01
3669,L10,#72,GW252/13600,(4)启机状态,4,2025-06-10 08:58:07,2025-06-10 09:03:06,299,0.08
3670,L10,#72,GW252/13600,(3)待机状态,3,2025-06-10 08:49:10,2025-06-10 08:58:07,537,0.15
3671,L10,#72,GW252/13600,(2)停机状态,2,2025-06-10 08:49:09,2025-06-10 08:49:10,1,0
3672,L10,#72,GW252/13600,(1)停机过程,1,2025-06-10 08:48:37,2025-06-10 08:49:09,32,0.01
3673,L10,#72,GW252/13600,(4)启机状态,4,2025-06-10 08:43:38,2025-06-10 08:48:37,299,0.08
3674,L10,#72,GW252/13600,(3)待机状态,3,2025-06-10 08:40:58,2025-06-10 08:43:38,160,0.04
3675,L10,#72,GW252/13600,(2)停机状态,2,2025-06-10 08:40:56,2025-06-10 08:40:58,2,0
3676,L10,#72,GW252/13600,(1)停机过程,1,2025-06-10 08:40:24,2025-06-10 08:40:56,32,0.01
3677,L10,#72,GW252/13600,(4)启机状态,4,2025-06-10 08:35:24,2025-06-10 08:40:24,300,0.08
3678,L10,#72,GW252/13600,(3)待机状态,3,2025-06-10 08:34:03,2025-06-10 08:35:24,81,0.02
3679,L10,#72,GW252/13600,(2)停机状态,2,2025-06-10 08:34:02,2025-06-10 08:34:03,1,0
3680,L10,#72,GW252/13600,(1)停机过程,1,2025-06-10 08:33:29,2025-06-10 08:34:02,33,0.01
3681,L10,#72,GW252/13600,(4)启机状态,4,2025-06-10 08:28:29,2025-06-10 08:33:29,300,0.08
3682,L10,#72,GW252/13600,(3)待机状态,3,2025-06-10 08:25:19,2025-06-10 08:28:29,190,0.05
3683,L10,#72,GW252/13600,(2)停机状态,2,2025-06-10 08:25:17,2025-06-10 08:25:19,2,0
3684,L10,#72,GW252/13600,(1)停机过程,1,2025-06-10 08:24:46,2025-06-10 08:25:17,31,0.01
3685,L10,#72,GW252/13600,(4)启机状态,4,2025-06-10 08:19:46,2025-06-10 08:24:46,300,0.08
3686,L10,#72,GW252/13600,(3)待机状态,3,2025-06-10 08:18:11,2025-06-10 08:19:46,95,0.03
3687,L10,#72,GW252/13600,(2)停机状态,2,2025-06-10 08:17:43,2025-06-10 08:18:11,28,0.01
3688,L10,#72,GW252/13600,(1)停机过程,1,2025-06-10 08:17:13,2025-06-10 08:17:43,30,0.01
3689,L10,#72,GW252/13600,(4)启机状态,4,2025-06-10 08:12:12,2025-06-10 08:17:13,301,0.08
3690,L10,#72,GW252/13600,(3)待机状态,3,2025-06-10 08:10:30,2025-06-10 08:12:12,102,0.03
3691,L10,#72,GW252/13600,(2)停机状态,2,2025-06-10 08:10:28,2025-06-10 08:10:30,2,0
3692,L10,#72,GW252/13600,(1)停机过程,1,2025-06-10 08:09:58,2025-06-10 08:10:28,30,0.01
3693,L10,#72,GW252/13600,(4)启机状态,4,2025-06-10 08:04:58,2025-06-10 08:09:58,300,0.08
3694,L10,#72,GW252/13600,(3)待机状态,3,2025-06-09 22:22:15,2025-06-10 08:04:58,34963,9.71
3695,L10,#72,GW252/13600,(2)停机状态,2,2025-06-09 22:22:14,2025-06-09 22:22:15,1,0
3696,L10,#72,GW252/13600,(1)停机过程,1,2025-06-09 22:21:42,2025-06-09 22:22:14,32,0.01
3697,L10,#72,GW252/13600,(4)启机状态,4,2025-06-09 22:16:42,2025-06-09 22:21:42,300,0.08
3698,L10,#72,GW252/13600,(3)待机状态,3,2025-06-09 22:15:20,2025-06-09 22:16:42,82,0.02
3699,L10,#72,GW252/13600,(2)停机状态,2,2025-06-09 22:15:19,2025-06-09 22:15:20,1,0
3700,L10,#72,GW252/13600,(1)停机过程,1,2025-06-09 22:14:47,2025-06-09 22:15:19,32,0.01
3701,L10,#72,GW252/13600,(4)启机状态,4,2025-06-09 22:09:51,2025-06-09 22:14:47,296,0.08
3702,L10,#72,GW252/13600,(3)待机状态,3,2025-06-09 22:08:37,2025-06-09 22:09:51,74,0.02
3703,L10,#72,GW252/13600,(2)停机状态,2,2025-06-09 22:08:35,2025-06-09 22:08:37,2,0
3704,L10,#72,GW252/13600,(1)停机过程,1,2025-06-09 22:08:02,2025-06-09 22:08:35,33,0.01
3705,L10,#72,GW252/13600,(4)启机状态,4,2025-06-09 22:03:02,2025-06-09 22:08:02,300,0.08
3706,L10,#72,GW252/13600,(3)待机状态,3,2025-06-09 20:50:03,2025-06-09 22:03:02,4379,1.22
3707,L10,#72,GW252/13600,(2)停机状态,2,2025-06-09 20:44:25,2025-06-09 20:50:03,338,0.09
3708,L10,#72,GW252/13600,(1)停机过程,1,2025-06-09 20:43:28,2025-06-09 20:44:25,57,0.02
3709,L10,#72,GW252/13600,(5)发电状态,5,2025-06-09 19:33:35,2025-06-09 20:43:28,4193,1.16
3710,L10,#72,GW252/13600,(4)启机状态,4,2025-06-09 19:30:50,2025-06-09 19:33:35,165,0.05
3711,L10,#72,GW252/13600,(3)待机状态,3,2025-06-09 19:29:44,2025-06-09 19:30:50,66,0.02
3712,L10,#72,GW252/13600,(2)停机状态,2,2025-06-09 19:29:43,2025-06-09 19:29:44,1,0
3713,L10,#72,GW252/13600,(1)停机过程,1,2025-06-09 19:29:13,2025-06-09 19:29:43,30,0.01
3714,L10,#72,GW252/13600,(4)启机状态,4,2025-06-09 19:24:13,2025-06-09 19:29:13,300,0.08
3715,L10,#72,GW252/13600,(3)待机状态,3,2025-06-09 19:22:50,2025-06-09 19:24:13,83,0.02
3716,L10,#72,GW252/13600,(2)停机状态,2,2025-06-09 19:22:49,2025-06-09 19:22:50,1,0
3717,L10,#72,GW252/13600,(1)停机过程,1,2025-06-09 19:22:16,2025-06-09 19:22:49,33,0.01
3718,L10,#72,GW252/13600,(4)启机状态,4,2025-06-09 19:17:16,2025-06-09 19:22:16,300,0.08
3719,L10,#72,GW252/13600,(3)待机状态,3,2025-06-09 19:16:10,2025-06-09 19:17:16,66,0.02
3720,L10,#72,GW252/13600,(2)停机状态,2,2025-06-09 19:16:08,2025-06-09 19:16:10,2,0
3721,L10,#72,GW252/13600,(1)停机过程,1,2025-06-09 19:15:38,2025-06-09 19:16:08,30,0.01
3722,L10,#72,GW252/13600,(4)启机状态,4,2025-06-09 19:10:38,2025-06-09 19:15:38,300,0.08
3723,L10,#72,GW252/13600,(3)待机状态,3,2025-06-09 19:07:39,2025-06-09 19:10:38,179,0.05
3724,L10,#72,GW252/13600,(2)停机状态,2,2025-06-09 19:07:38,2025-06-09 19:07:39,1,0
3725,L10,#72,GW252/13600,(1)停机过程,1,2025-06-09 19:07:07,2025-06-09 19:07:38,31,0.01
3726,L10,#72,GW252/13600,(4)启机状态,4,2025-06-09 19:02:07,2025-06-09 19:07:07,300,0.08
3727,L10,#72,GW252/13600,(3)待机状态,3,2025-06-09 19:00:55,2025-06-09 19:02:07,72,0.02
3728,L10,#72,GW252/13600,(2)停机状态,2,2025-06-09 19:00:54,2025-06-09 19:00:55,1,0
3729,L10,#72,GW252/13600,(1)停机过程,1,2025-06-09 19:00:22,2025-06-09 19:00:54,32,0.01
3730,L10,#72,GW252/13600,(4)启机状态,4,2025-06-09 18:55:22,2025-06-09 19:00:22,300,0.08
3731,L10,#72,GW252/13600,(3)待机状态,3,2025-06-09 18:51:00,2025-06-09 18:55:22,262,0.07
3732,L10,#72,GW252/13600,(1)停机过程,1,2025-06-09 18:50:29,2025-06-09 18:51:00,31,0.01
3733,L10,#72,GW252/13600,(4)启机状态,4,2025-06-09 18:45:29,2025-06-09 18:50:29,300,0.08
3734,L10,#72,GW252/13600,(3)待机状态,3,2025-06-09 18:23:20,2025-06-09 18:45:29,1329,0.37
3735,L10,#72,GW252/13600,(9)维护状态,9,2025-06-08 14:14:46,2025-06-09 18:23:20,101314,28.14
3736,L10,#72,GW252/13600,(2)停机状态,2,2025-06-08 14:06:19,2025-06-08 14:14:46,507,0.14
3737,L10,#72,GW252/13600,(1)停机过程,1,2025-06-08 14:05:47,2025-06-08 14:06:19,32,0.01
3738,L10,#72,GW252/13600,(3)待机状态,3,2025-06-08 13:27:52,2025-06-08 14:05:47,2275,0.63
3739,L10,#72,GW252/13600,(2)停机状态,2,2025-06-08 13:27:51,2025-06-08 13:27:52,1,0
3740,L10,#72,GW252/13600,(1)停机过程,1,2025-06-08 13:27:19,2025-06-08 13:27:51,32,0.01
3741,L10,#72,GW252/13600,(4)启机状态,4,2025-06-08 13:22:19,2025-06-08 13:27:19,300,0.08
3742,L10,#72,GW252/13600,(3)待机状态,3,2025-06-08 13:20:49,2025-06-08 13:22:19,90,0.03
3743,L10,#72,GW252/13600,(1)停机过程,1,2025-06-08 13:20:18,2025-06-08 13:20:49,31,0.01
3744,L10,#72,GW252/13600,(4)启机状态,4,2025-06-08 13:15:17,2025-06-08 13:20:18,301,0.08
3745,L10,#72,GW252/13600,(3)待机状态,3,2025-06-08 13:11:14,2025-06-08 13:15:17,243,0.07
3746,L10,#72,GW252/13600,(2)停机状态,2,2025-06-08 13:11:12,2025-06-08 13:11:14,2,0
3747,L10,#72,GW252/13600,(1)停机过程,1,2025-06-08 13:10:41,2025-06-08 13:11:12,31,0.01
3748,L10,#72,GW252/13600,(4)启机状态,4,2025-06-08 13:05:41,2025-06-08 13:10:41,300,0.08
3749,L10,#72,GW252/13600,(3)待机状态,3,2025-06-08 12:59:10,2025-06-08 13:05:41,391,0.11
3750,L10,#72,GW252/13600,(1)停机过程,1,2025-06-08 12:58:38,2025-06-08 12:59:10,32,0.01
3751,L10,#72,GW252/13600,(4)启机状态,4,2025-06-08 12:53:38,2025-06-08 12:58:38,300,0.08
3752,L10,#72,GW252/13600,(3)待机状态,3,2025-06-08 12:40:42,2025-06-08 12:53:38,776,0.22
3753,L10,#72,GW252/13600,(2)停机状态,2,2025-06-08 12:40:41,2025-06-08 12:40:42,1,0
3754,L10,#72,GW252/13600,(1)停机过程,1,2025-06-08 12:40:08,2025-06-08 12:40:41,33,0.01
3755,L10,#72,GW252/13600,(4)启机状态,4,2025-06-08 12:35:08,2025-06-08 12:40:08,300,0.08
3756,L10,#72,GW252/13600,(3)待机状态,3,2025-06-08 12:33:43,2025-06-08 12:35:08,85,0.02
3757,L10,#72,GW252/13600,(2)停机状态,2,2025-06-08 12:33:42,2025-06-08 12:33:43,1,0
3758,L10,#72,GW252/13600,(1)停机过程,1,2025-06-08 12:33:11,2025-06-08 12:33:42,31,0.01
3759,L10,#72,GW252/13600,(4)启机状态,4,2025-06-08 12:28:11,2025-06-08 12:33:11,300,0.08
3760,L10,#72,GW252/13600,(3)待机状态,3,2025-06-08 12:27:04,2025-06-08 12:28:11,67,0.02
3761,L10,#72,GW252/13600,(2)停机状态,2,2025-06-08 12:27:03,2025-06-08 12:27:04,1,0
3762,L10,#72,GW252/13600,(1)停机过程,1,2025-06-08 12:26:31,2025-06-08 12:27:03,32,0.01
3763,L10,#72,GW252/13600,(4)启机状态,4,2025-06-08 12:21:31,2025-06-08 12:26:31,300,0.08
3764,L10,#72,GW252/13600,(3)待机状态,3,2025-06-08 12:20:24,2025-06-08 12:21:31,67,0.02
3765,L10,#72,GW252/13600,(2)停机状态,2,2025-06-08 12:20:23,2025-06-08 12:20:24,1,0
3766,L10,#72,GW252/13600,(1)停机过程,1,2025-06-08 12:19:51,2025-06-08 12:20:23,32,0.01
3767,L10,#72,GW252/13600,(4)启机状态,4,2025-06-08 12:14:51,2025-06-08 12:19:51,300,0.08
3768,L10,#72,GW252/13600,(3)待机状态,3,2025-06-08 12:13:29,2025-06-08 12:14:51,82,0.02
3769,L10,#72,GW252/13600,(2)停机状态,2,2025-06-08 12:13:28,2025-06-08 12:13:29,1,0
3770,L10,#72,GW252/13600,(1)停机过程,1,2025-06-08 12:12:57,2025-06-08 12:13:28,31,0.01
3771,L10,#72,GW252/13600,(4)启机状态,4,2025-06-08 12:07:57,2025-06-08 12:12:57,300,0.08
3772,L10,#72,GW252/13600,(3)待机状态,3,2025-06-08 12:06:10,2025-06-08 12:07:57,107,0.03
3773,L10,#72,GW252/13600,(2)停机状态,2,2025-06-08 12:06:08,2025-06-08 12:06:10,2,0
3774,L10,#72,GW252/13600,(1)停机过程,1,2025-06-08 12:05:37,2025-06-08 12:06:08,31,0.01
3775,L10,#72,GW252/13600,(4)启机状态,4,2025-06-08 12:00:37,2025-06-08 12:05:37,300,0.08
3776,L10,#72,GW252/13600,(3)待机状态,3,2025-06-08 11:59:27,2025-06-08 12:00:37,70,0.02
3777,L10,#72,GW252/13600,(2)停机状态,2,2025-06-08 11:59:26,2025-06-08 11:59:27,1,0
3778,L10,#72,GW252/13600,(1)停机过程,1,2025-06-08 11:58:53,2025-06-08 11:59:26,33,0.01
3779,L10,#72,GW252/13600,(4)启机状态,4,2025-06-08 11:53:53,2025-06-08 11:58:53,300,0.08
3780,L10,#72,GW252/13600,(3)待机状态,3,2025-06-08 11:50:36,2025-06-08 11:53:53,197,0.05
3781,L10,#72,GW252/13600,(2)停机状态,2,2025-06-08 11:49:53,2025-06-08 11:50:36,43,0.01
3782,L10,#72,GW252/13600,(1)停机过程,1,2025-06-08 11:49:20,2025-06-08 11:49:53,33,0.01
3783,L10,#72,GW252/13600,(4)启机状态,4,2025-06-08 11:44:20,2025-06-08 11:49:20,300,0.08
3784,L10,#72,GW252/13600,(3)待机状态,3,2025-06-08 11:43:14,2025-06-08 11:44:20,66,0.02
3785,L10,#72,GW252/13600,(2)停机状态,2,2025-06-08 11:43:13,2025-06-08 11:43:14,1,0
3786,L10,#72,GW252/13600,(1)停机过程,1,2025-06-08 11:42:42,2025-06-08 11:43:13,31,0.01
3787,L10,#72,GW252/13600,(4)启机状态,4,2025-06-08 11:37:42,2025-06-08 11:42:42,300,0.08
3788,L10,#72,GW252/13600,(3)待机状态,3,2025-06-08 11:24:59,2025-06-08 11:37:42,763,0.21
3789,L10,#72,GW252/13600,(2)停机状态,2,2025-06-08 11:24:57,2025-06-08 11:24:59,2,0
3790,L10,#72,GW252/13600,(1)停机过程,1,2025-06-08 11:24:27,2025-06-08 11:24:57,30,0.01
3791,L10,#72,GW252/13600,(4)启机状态,4,2025-06-08 11:19:27,2025-06-08 11:24:27,300,0.08
3792,L10,#72,GW252/13600,(3)待机状态,3,2025-06-08 11:18:15,2025-06-08 11:19:27,72,0.02
3793,L10,#72,GW252/13600,(2)停机状态,2,2025-06-08 11:18:14,2025-06-08 11:18:15,1,0
3794,L10,#72,GW252/13600,(1)停机过程,1,2025-06-08 11:17:41,2025-06-08 11:18:14,33,0.01
3795,L10,#72,GW252/13600,(4)启机状态,4,2025-06-08 11:12:41,2025-06-08 11:17:41,300,0.08
3796,L10,#72,GW252/13600,(3)待机状态,3,2025-06-08 11:10:39,2025-06-08 11:12:41,122,0.03
3797,L10,#72,GW252/13600,(2)停机状态,2,2025-06-08 11:10:38,2025-06-08 11:10:39,1,0
3798,L10,#72,GW252/13600,(1)停机过程,1,2025-06-08 11:10:08,2025-06-08 11:10:38,30,0.01
3799,L10,#72,GW252/13600,(4)启机状态,4,2025-06-08 11:05:08,2025-06-08 11:10:08,300,0.08
3800,L10,#72,GW252/13600,(3)待机状态,3,2025-06-08 11:03:59,2025-06-08 11:05:08,69,0.02
3801,L10,#72,GW252/13600,(1)停机过程,1,2025-06-08 11:03:26,2025-06-08 11:03:59,33,0.01
3802,L10,#72,GW252/13600,(4)启机状态,4,2025-06-08 10:58:26,2025-06-08 11:03:26,300,0.08
3803,L10,#72,GW252/13600,(3)待机状态,3,2025-06-08 10:57:12,2025-06-08 10:58:26,74,0.02
3804,L10,#72,GW252/13600,(2)停机状态,2,2025-06-08 10:57:11,2025-06-08 10:57:12,1,0
3805,L10,#72,GW252/13600,(1)停机过程,1,2025-06-08 10:56:41,2025-06-08 10:57:11,30,0.01
3806,L10,#72,GW252/13600,(4)启机状态,4,2025-06-08 10:51:40,2025-06-08 10:56:41,301,0.08
3807,L10,#72,GW252/13600,(3)待机状态,3,2025-06-08 10:44:49,2025-06-08 10:51:40,411,0.11
3808,L10,#72,GW252/13600,(2)停机状态,2,2025-06-08 10:44:48,2025-06-08 10:44:49,1,0
3809,L10,#72,GW252/13600,(1)停机过程,1,2025-06-08 10:44:17,2025-06-08 10:44:48,31,0.01
3810,L10,#72,GW252/13600,(4)启机状态,4,2025-06-08 10:39:15,2025-06-08 10:44:17,302,0.08
3811,L10,#72,GW252/13600,(3)待机状态,3,2025-06-08 10:37:56,2025-06-08 10:39:15,79,0.02
3812,L10,#72,GW252/13600,(2)停机状态,2,2025-06-08 10:37:06,2025-06-08 10:37:56,50,0.01
3813,L10,#72,GW252/13600,(1)停机过程,1,2025-06-08 10:36:33,2025-06-08 10:37:06,33,0.01
3814,L10,#72,GW252/13600,(4)启机状态,4,2025-06-08 10:31:33,2025-06-08 10:36:33,300,0.08
3815,L10,#72,GW252/13600,(3)待机状态,3,2025-06-08 09:41:41,2025-06-08 10:31:33,2992,0.83
3816,L10,#72,GW252/13600,(2)停机状态,2,2025-06-08 09:37:48,2025-06-08 09:41:41,233,0.06
3817,L10,#72,GW252/13600,(1)停机过程,1,2025-06-08 09:37:15,2025-06-08 09:37:48,33,0.01
3818,L10,#72,GW252/13600,(4)启机状态,4,2025-06-08 09:32:16,2025-06-08 09:37:15,299,0.08
3819,L10,#72,GW252/13600,(3)待机状态,3,2025-06-08 09:17:18,2025-06-08 09:32:16,898,0.25
3820,L10,#72,GW252/13600,(2)停机状态,2,2025-06-08 09:15:11,2025-06-08 09:17:18,127,0.04
3821,L10,#72,GW252/13600,(1)停机过程,1,2025-06-08 09:14:39,2025-06-08 09:15:11,32,0.01
3822,L10,#72,GW252/13600,(4)启机状态,4,2025-06-08 09:09:39,2025-06-08 09:14:39,300,0.08
3823,L10,#72,GW252/13600,(3)待机状态,3,2025-06-08 09:08:07,2025-06-08 09:09:39,92,0.03
3824,L10,#72,GW252/13600,(2)停机状态,2,2025-06-08 09:08:05,2025-06-08 09:08:07,2,0
3825,L10,#72,GW252/13600,(1)停机过程,1,2025-06-08 09:07:33,2025-06-08 09:08:05,32,0.01
3826,L10,#72,GW252/13600,(4)启机状态,4,2025-06-08 09:02:33,2025-06-08 09:07:33,300,0.08
3827,L10,#72,GW252/13600,(3)待机状态,3,2025-06-08 08:58:18,2025-06-08 09:02:33,255,0.07
3828,L10,#72,GW252/13600,(2)停机状态,2,2025-06-08 08:57:48,2025-06-08 08:58:18,30,0.01
3829,L10,#72,GW252/13600,(1)停机过程,1,2025-06-08 08:57:17,2025-06-08 08:57:48,31,0.01
3830,L10,#72,GW252/13600,(4)启机状态,4,2025-06-08 08:52:17,2025-06-08 08:57:17,300,0.08
3831,L10,#72,GW252/13600,(3)待机状态,3,2025-06-08 08:35:19,2025-06-08 08:52:17,1018,0.28
3832,L10,#72,GW252/13600,(2)停机状态,2,2025-06-08 08:35:18,2025-06-08 08:35:19,1,0
3833,L10,#72,GW252/13600,(1)停机过程,1,2025-06-08 08:34:46,2025-06-08 08:35:18,32,0.01
3834,L10,#72,GW252/13600,(4)启机状态,4,2025-06-08 08:29:46,2025-06-08 08:34:46,300,0.08
3835,L10,#72,GW252/13600,(3)待机状态,3,2025-06-08 08:26:03,2025-06-08 08:29:46,223,0.06
3836,L10,#72,GW252/13600,(2)停机状态,2,2025-06-08 08:26:00,2025-06-08 08:26:03,3,0
3837,L10,#72,GW252/13600,(1)停机过程,1,2025-06-08 08:25:29,2025-06-08 08:26:00,31,0.01
3838,L10,#72,GW252/13600,(4)启机状态,4,2025-06-08 08:20:29,2025-06-08 08:25:29,300,0.08
3839,L10,#72,GW252/13600,(3)待机状态,3,2025-06-08 07:17:47,2025-06-08 08:20:29,3762,1.05
3840,L10,#72,GW252/13600,(2)停机状态,2,2025-06-08 07:17:46,2025-06-08 07:17:47,1,0
3841,L10,#72,GW252/13600,(1)停机过程,1,2025-06-08 07:17:14,2025-06-08 07:17:46,32,0.01
3842,L10,#72,GW252/13600,(4)启机状态,4,2025-06-08 07:12:15,2025-06-08 07:17:14,299,0.08
3843,L10,#72,GW252/13600,(3)待机状态,3,2025-06-08 07:07:29,2025-06-08 07:12:15,286,0.08
3844,L10,#72,GW252/13600,(2)停机状态,2,2025-06-08 07:07:27,2025-06-08 07:07:29,2,0
3845,L10,#72,GW252/13600,(1)停机过程,1,2025-06-08 07:06:55,2025-06-08 07:07:27,32,0.01
3846,L10,#72,GW252/13600,(4)启机状态,4,2025-06-08 07:01:55,2025-06-08 07:06:55,300,0.08
3847,L10,#72,GW252/13600,(3)待机状态,3,2025-06-08 07:00:37,2025-06-08 07:01:55,78,0.02
3848,L10,#72,GW252/13600,(2)停机状态,2,2025-06-08 07:00:36,2025-06-08 07:00:37,1,0
3849,L10,#72,GW252/13600,(1)停机过程,1,2025-06-08 07:00:05,2025-06-08 07:00:36,31,0.01
3850,L10,#72,GW252/13600,(4)启机状态,4,2025-06-08 06:55:05,2025-06-08 07:00:05,300,0.08
3851,L10,#72,GW252/13600,(3)待机状态,3,2025-06-08 06:24:48,2025-06-08 06:55:05,1817,0.5
3852,L10,#72,GW252/13600,(2)停机状态,2,2025-06-08 06:24:45,2025-06-08 06:24:48,3,0
3853,L10,#72,GW252/13600,(1)停机过程,1,2025-06-08 06:23:49,2025-06-08 06:24:45,56,0.02
3854,L10,#72,GW252/13600,(5)发电状态,5,2025-06-07 16:52:54,2025-06-08 06:23:49,48655,13.52
3855,L10,#72,GW252/13600,(4)启机状态,4,2025-06-07 16:52:00,2025-06-07 16:52:54,54,0.02
3856,L10,#72,GW252/13600,(3)待机状态,3,2025-06-07 16:51:17,2025-06-07 16:52:00,43,0.01
3857,L10,#72,GW252/13600,(2)停机状态,2,2025-06-07 16:50:51,2025-06-07 16:51:17,26,0.01
3858,L10,#72,GW252/13600,(1)停机过程,1,2025-06-07 16:50:41,2025-06-07 16:50:51,10,0
3859,L10,#72,GW252/13600,(9)维护状态,9,2025-06-07 16:47:20,2025-06-07 16:50:41,201,0.06
3860,L10,#72,GW252/13600,(2)停机状态,2,2025-06-07 16:40:17,2025-06-07 16:47:20,423,0.12
3861,L10,#72,GW252/13600,(1)停机过程,1,2025-06-07 16:39:28,2025-06-07 16:40:17,49,0.01
3862,L10,#72,GW252/13600,(4)启机状态,4,2025-06-07 16:38:42,2025-06-07 16:39:28,46,0.01
3863,L10,#72,GW252/13600,(3)待机状态,3,2025-06-07 16:37:54,2025-06-07 16:38:42,48,0.01
3864,L10,#72,GW252/13600,(2)停机状态,2,2025-06-07 16:37:53,2025-06-07 16:37:54,1,0
3865,L10,#72,GW252/13600,(1)停机过程,1,2025-06-07 16:37:43,2025-06-07 16:37:53,10,0
3866,L10,#72,GW252/13600,(9)维护状态,9,2025-06-07 16:32:56,2025-06-07 16:37:43,287,0.08
3867,L10,#72,GW252/13600,(2)停机状态,2,2025-06-07 16:27:11,2025-06-07 16:32:56,345,0.1
3868,L10,#72,GW252/13600,(1)停机过程,1,2025-06-07 16:27:06,2025-06-07 16:27:11,5,0
3869,L10,#72,GW252/13600,(9)维护状态,9,2025-06-07 16:23:38,2025-06-07 16:27:06,208,0.06
3870,L10,#72,GW252/13600,(2)停机状态,2,2025-06-07 16:19:24,2025-06-07 16:23:38,254,0.07
3871,L10,#72,GW252/13600,(1)停机过程,1,2025-06-07 16:19:15,2025-06-07 16:19:24,9,0
3872,L10,#72,GW252/13600,(9)维护状态,9,2025-06-07 15:36:20,2025-06-07 16:19:15,2575,0.72
3873,L10,#72,GW252/13600,(2)停机状态,2,2025-06-07 15:03:01,2025-06-07 15:36:20,1999,0.56
3874,L10,#72,GW252/13600,(1)停机过程,1,2025-06-07 15:02:14,2025-06-07 15:03:01,47,0.01
3875,L10,#72,GW252/13600,(5)发电状态,5,2025-06-07 14:37:20,2025-06-07 15:02:14,1494,0.42
3876,L10,#72,GW252/13600,(4)启机状态,4,2025-06-07 14:35:33,2025-06-07 14:37:20,107,0.03
3877,L10,#72,GW252/13600,(3)待机状态,3,2025-06-07 14:34:38,2025-06-07 14:35:33,55,0.02
3878,L10,#72,GW252/13600,(2)停机状态,2,2025-06-07 14:34:36,2025-06-07 14:34:38,2,0
3879,L10,#72,GW252/13600,(1)停机过程,1,2025-06-07 14:34:05,2025-06-07 14:34:36,31,0.01
3880,L10,#72,GW252/13600,(4)启机状态,4,2025-06-07 14:29:04,2025-06-07 14:34:05,301,0.08
3881,L10,#72,GW252/13600,(3)待机状态,3,2025-06-07 14:27:52,2025-06-07 14:29:04,72,0.02
3882,L10,#72,GW252/13600,(2)停机状态,2,2025-06-07 14:27:51,2025-06-07 14:27:52,1,0
3883,L10,#72,GW252/13600,(1)停机过程,1,2025-06-07 14:27:19,2025-06-07 14:27:51,32,0.01
3884,L10,#72,GW252/13600,(4)启机状态,4,2025-06-07 14:22:20,2025-06-07 14:27:19,299,0.08
3885,L10,#72,GW252/13600,(3)待机状态,3,2025-06-07 14:20:38,2025-06-07 14:22:20,102,0.03
3886,L10,#72,GW252/13600,(2)停机状态,2,2025-06-07 14:20:36,2025-06-07 14:20:38,2,0
3887,L10,#72,GW252/13600,(1)停机过程,1,2025-06-07 14:20:04,2025-06-07 14:20:36,32,0.01
3888,L10,#72,GW252/13600,(4)启机状态,4,2025-06-07 14:15:05,2025-06-07 14:20:04,299,0.08
3889,L10,#72,GW252/13600,(3)待机状态,3,2025-06-07 13:56:42,2025-06-07 14:15:05,1103,0.31
3890,L10,#72,GW252/13600,(2)停机状态,2,2025-06-07 13:54:48,2025-06-07 13:56:42,114,0.03
3891,L10,#72,GW252/13600,(1)停机过程,1,2025-06-07 13:54:17,2025-06-07 13:54:48,31,0.01
3892,L10,#72,GW252/13600,(4)启机状态,4,2025-06-07 13:49:16,2025-06-07 13:54:17,301,0.08
3893,L10,#72,GW252/13600,(3)待机状态,3,2025-06-07 13:09:58,2025-06-07 13:49:16,2358,0.66
3894,L10,#72,GW252/13600,(2)停机状态,2,2025-06-07 13:07:55,2025-06-07 13:09:58,123,0.03
3895,L10,#72,GW252/13600,(1)停机过程,1,2025-06-07 13:07:24,2025-06-07 13:07:55,31,0.01
3896,L10,#72,GW252/13600,(4)启机状态,4,2025-06-07 13:02:24,2025-06-07 13:07:24,300,0.08
3897,L10,#72,GW252/13600,(3)待机状态,3,2025-06-07 12:40:48,2025-06-07 13:02:24,1296,0.36
3898,L10,#72,GW252/13600,(2)停机状态,2,2025-06-07 12:35:10,2025-06-07 12:40:48,338,0.09
3899,L10,#72,GW252/13600,(1)停机过程,1,2025-06-07 12:34:39,2025-06-07 12:35:10,31,0.01
3900,L10,#72,GW252/13600,(4)启机状态,4,2025-06-07 12:29:39,2025-06-07 12:34:39,300,0.08
3901,L10,#72,GW252/13600,(3)待机状态,3,2025-06-07 08:32:45,2025-06-07 12:29:39,14214,3.95
3902,L10,#72,GW252/13600,(2)停机状态,2,2025-06-07 08:27:08,2025-06-07 08:32:45,337,0.09
3903,L10,#72,GW252/13600,(1)停机过程,1,2025-06-07 08:26:36,2025-06-07 08:27:08,32,0.01
3904,L10,#72,GW252/13600,(4)启机状态,4,2025-06-07 08:21:36,2025-06-07 08:26:36,300,0.08
3905,L10,#72,GW252/13600,(3)待机状态,3,2025-06-07 08:14:11,2025-06-07 08:21:36,445,0.12
3906,L10,#72,GW252/13600,(2)停机状态,2,2025-06-07 08:13:12,2025-06-07 08:14:11,59,0.02
3907,L10,#72,GW252/13600,(1)停机过程,1,2025-06-07 08:12:42,2025-06-07 08:13:12,30,0.01
3908,L10,#72,GW252/13600,(4)启机状态,4,2025-06-07 08:07:42,2025-06-07 08:12:42,300,0.08
3909,L10,#72,GW252/13600,(3)待机状态,3,2025-06-07 08:06:06,2025-06-07 08:07:42,96,0.03
3910,L10,#72,GW252/13600,(2)停机状态,2,2025-06-07 08:06:04,2025-06-07 08:06:06,2,0
3911,L10,#72,GW252/13600,(1)停机过程,1,2025-06-07 08:05:33,2025-06-07 08:06:04,31,0.01
3912,L10,#72,GW252/13600,(4)启机状态,4,2025-06-07 08:00:33,2025-06-07 08:05:33,300,0.08
3913,L10,#72,GW252/13600,(3)待机状态,3,2025-06-07 07:59:20,2025-06-07 08:00:33,73,0.02
3914,L10,#72,GW252/13600,(1)停机过程,1,2025-06-07 07:58:47,2025-06-07 07:59:20,33,0.01
3915,L10,#72,GW252/13600,(4)启机状态,4,2025-06-07 07:53:47,2025-06-07 07:58:47,300,0.08
3916,L10,#72,GW252/13600,(3)待机状态,3,2025-06-07 07:52:30,2025-06-07 07:53:47,77,0.02
3917,L10,#72,GW252/13600,(2)停机状态,2,2025-06-07 07:52:28,2025-06-07 07:52:30,2,0
3918,L10,#72,GW252/13600,(1)停机过程,1,2025-06-07 07:51:57,2025-06-07 07:52:28,31,0.01
3919,L10,#72,GW252/13600,(4)启机状态,4,2025-06-07 07:46:57,2025-06-07 07:51:57,300,0.08
3920,L10,#72,GW252/13600,(3)待机状态,3,2025-06-07 07:45:24,2025-06-07 07:46:57,93,0.03
3921,L10,#72,GW252/13600,(2)停机状态,2,2025-06-07 07:45:22,2025-06-07 07:45:24,2,0
3922,L10,#72,GW252/13600,(1)停机过程,1,2025-06-07 07:44:52,2025-06-07 07:45:22,30,0.01
3923,L10,#72,GW252/13600,(4)启机状态,4,2025-06-07 07:39:52,2025-06-07 07:44:52,300,0.08
3924,L10,#72,GW252/13600,(3)待机状态,3,2025-06-07 07:38:45,2025-06-07 07:39:52,67,0.02
3925,L10,#72,GW252/13600,(2)停机状态,2,2025-06-07 07:36:51,2025-06-07 07:38:45,114,0.03
3926,L10,#72,GW252/13600,(1)停机过程,1,2025-06-07 07:35:54,2025-06-07 07:36:51,57,0.02
3927,L10,#72,GW252/13600,(5)发电状态,5,2025-06-07 05:10:25,2025-06-07 07:35:54,8729,2.42
3928,L10,#72,GW252/13600,(4)启机状态,4,2025-06-07 05:06:31,2025-06-07 05:10:25,234,0.07
3929,L10,#72,GW252/13600,(3)待机状态,3,2025-06-07 05:04:31,2025-06-07 05:06:31,120,0.03
3930,L10,#72,GW252/13600,(2)停机状态,2,2025-06-07 05:03:29,2025-06-07 05:04:31,62,0.02
3931,L10,#72,GW252/13600,(1)停机过程,1,2025-06-07 05:02:32,2025-06-07 05:03:29,57,0.02
3932,L10,#72,GW252/13600,(5)发电状态,5,2025-06-06 16:27:51,2025-06-07 05:02:32,45281,12.58
3933,L10,#72,GW252/13600,(4)启机状态,4,2025-06-06 16:24:46,2025-06-06 16:27:51,185,0.05
3934,L10,#72,GW252/13600,(3)待机状态,3,2025-06-06 16:23:23,2025-06-06 16:24:46,83,0.02
3935,L10,#72,GW252/13600,(2)停机状态,2,2025-06-06 16:21:46,2025-06-06 16:23:23,97,0.03
3936,L10,#72,GW252/13600,(1)停机过程,1,2025-06-06 16:21:14,2025-06-06 16:21:46,32,0.01
3937,L10,#72,GW252/13600,(4)启机状态,4,2025-06-06 16:16:14,2025-06-06 16:21:14,300,0.08
3938,L10,#72,GW252/13600,(3)待机状态,3,2025-06-06 16:11:06,2025-06-06 16:16:14,308,0.09
3939,L10,#72,GW252/13600,(2)停机状态,2,2025-06-06 16:10:28,2025-06-06 16:11:06,38,0.01
3940,L10,#72,GW252/13600,(1)停机过程,1,2025-06-06 16:09:31,2025-06-06 16:10:28,57,0.02
3941,L10,#72,GW252/13600,(5)发电状态,5,2025-06-06 14:44:57,2025-06-06 16:09:31,5074,1.41
3942,L10,#72,GW252/13600,(4)启机状态,4,2025-06-06 14:41:34,2025-06-06 14:44:57,203,0.06
3943,L10,#72,GW252/13600,(3)待机状态,3,2025-06-06 14:40:33,2025-06-06 14:41:34,61,0.02
3944,L10,#72,GW252/13600,(1)停机过程,1,2025-06-06 14:40:02,2025-06-06 14:40:33,31,0.01
3945,L10,#72,GW252/13600,(4)启机状态,4,2025-06-06 14:35:02,2025-06-06 14:40:02,300,0.08
3946,L10,#72,GW252/13600,(3)待机状态,3,2025-06-06 14:33:51,2025-06-06 14:35:02,71,0.02
3947,L10,#72,GW252/13600,(2)停机状态,2,2025-06-06 14:33:50,2025-06-06 14:33:51,1,0
3948,L10,#72,GW252/13600,(1)停机过程,1,2025-06-06 14:33:17,2025-06-06 14:33:50,33,0.01
3949,L10,#72,GW252/13600,(4)启机状态,4,2025-06-06 14:28:17,2025-06-06 14:33:17,300,0.08
3950,L10,#72,GW252/13600,(3)待机状态,3,2025-06-06 14:27:09,2025-06-06 14:28:17,68,0.02
3951,L10,#72,GW252/13600,(2)停机状态,2,2025-06-06 14:27:08,2025-06-06 14:27:09,1,0
3952,L10,#72,GW252/13600,(1)停机过程,1,2025-06-06 14:26:38,2025-06-06 14:27:08,30,0.01
3953,L10,#72,GW252/13600,(4)启机状态,4,2025-06-06 14:21:38,2025-06-06 14:26:38,300,0.08
3954,L10,#72,GW252/13600,(3)待机状态,3,2025-06-06 14:20:38,2025-06-06 14:21:38,60,0.02
3955,L10,#72,GW252/13600,(2)停机状态,2,2025-06-06 14:20:36,2025-06-06 14:20:38,2,0
3956,L10,#72,GW252/13600,(1)停机过程,1,2025-06-06 14:19:41,2025-06-06 14:20:36,55,0.02
3957,L10,#72,GW252/13600,(4)启机状态,4,2025-06-06 14:14:41,2025-06-06 14:19:41,300,0.08
3958,L10,#72,GW252/13600,(3)待机状态,3,2025-06-06 14:13:36,2025-06-06 14:14:41,65,0.02
3959,L10,#72,GW252/13600,(2)停机状态,2,2025-06-06 14:13:35,2025-06-06 14:13:36,1,0
3960,L10,#72,GW252/13600,(1)停机过程,1,2025-06-06 14:13:04,2025-06-06 14:13:35,31,0.01
3961,L10,#72,GW252/13600,(4)启机状态,4,2025-06-06 14:08:03,2025-06-06 14:13:04,301,0.08
3962,L10,#72,GW252/13600,(3)待机状态,3,2025-06-06 14:06:25,2025-06-06 14:08:03,98,0.03
3963,L10,#72,GW252/13600,(2)停机状态,2,2025-06-06 14:06:24,2025-06-06 14:06:25,1,0
3964,L10,#72,GW252/13600,(1)停机过程,1,2025-06-06 14:05:54,2025-06-06 14:06:24,30,0.01
3965,L10,#72,GW252/13600,(4)启机状态,4,2025-06-06 14:00:53,2025-06-06 14:05:54,301,0.08
3966,L10,#72,GW252/13600,(3)待机状态,3,2025-06-06 13:59:52,2025-06-06 14:00:53,61,0.02
3967,L10,#72,GW252/13600,(2)停机状态,2,2025-06-06 13:59:50,2025-06-06 13:59:52,2,0
3968,L10,#72,GW252/13600,(1)停机过程,1,2025-06-06 13:59:17,2025-06-06 13:59:50,33,0.01
3969,L10,#72,GW252/13600,(4)启机状态,4,2025-06-06 13:54:17,2025-06-06 13:59:17,300,0.08
3970,L10,#72,GW252/13600,(3)待机状态,3,2025-06-06 13:53:15,2025-06-06 13:54:17,62,0.02
3971,L10,#72,GW252/13600,(2)停机状态,2,2025-06-06 13:53:14,2025-06-06 13:53:15,1,0
3972,L10,#72,GW252/13600,(1)停机过程,1,2025-06-06 13:52:44,2025-06-06 13:53:14,30,0.01
3973,L10,#72,GW252/13600,(4)启机状态,4,2025-06-06 13:47:44,2025-06-06 13:52:44,300,0.08
3974,L10,#72,GW252/13600,(3)待机状态,3,2025-06-06 13:45:00,2025-06-06 13:47:44,164,0.05
3975,L10,#72,GW252/13600,(2)停机状态,2,2025-06-06 13:44:59,2025-06-06 13:45:00,1,0
3976,L10,#72,GW252/13600,(1)停机过程,1,2025-06-06 13:44:28,2025-06-06 13:44:59,31,0.01
3977,L10,#72,GW252/13600,(4)启机状态,4,2025-06-06 13:39:28,2025-06-06 13:44:28,300,0.08
3978,L10,#72,GW252/13600,(3)待机状态,3,2025-06-06 13:37:57,2025-06-06 13:39:28,91,0.03
3979,L10,#72,GW252/13600,(2)停机状态,2,2025-06-06 13:37:55,2025-06-06 13:37:57,2,0
3980,L10,#72,GW252/13600,(1)停机过程,1,2025-06-06 13:37:23,2025-06-06 13:37:55,32,0.01
3981,L10,#72,GW252/13600,(4)启机状态,4,2025-06-06 13:32:22,2025-06-06 13:37:23,301,0.08
3982,L10,#72,GW252/13600,(3)待机状态,3,2025-06-06 13:31:21,2025-06-06 13:32:22,61,0.02
3983,L10,#72,GW252/13600,(2)停机状态,2,2025-06-06 13:31:20,2025-06-06 13:31:21,1,0
3984,L10,#72,GW252/13600,(1)停机过程,1,2025-06-06 13:30:48,2025-06-06 13:31:20,32,0.01
3985,L10,#72,GW252/13600,(4)启机状态,4,2025-06-06 13:25:48,2025-06-06 13:30:48,300,0.08
3986,L10,#72,GW252/13600,(3)待机状态,3,2025-06-06 13:24:50,2025-06-06 13:25:48,58,0.02
3987,L10,#72,GW252/13600,(2)停机状态,2,2025-06-06 13:24:49,2025-06-06 13:24:50,1,0
3988,L10,#72,GW252/13600,(1)停机过程,1,2025-06-06 13:24:16,2025-06-06 13:24:49,33,0.01
3989,L10,#72,GW252/13600,(4)启机状态,4,2025-06-06 13:19:16,2025-06-06 13:24:16,300,0.08
3990,L10,#72,GW252/13600,(3)待机状态,3,2025-06-06 13:18:12,2025-06-06 13:19:16,64,0.02
3991,L10,#72,GW252/13600,(2)停机状态,2,2025-06-06 13:18:11,2025-06-06 13:18:12,1,0
3992,L10,#72,GW252/13600,(1)停机过程,1,2025-06-06 13:17:40,2025-06-06 13:18:11,31,0.01
3993,L10,#72,GW252/13600,(4)启机状态,4,2025-06-06 13:12:40,2025-06-06 13:17:40,300,0.08
3994,L10,#72,GW252/13600,(3)待机状态,3,2025-06-06 13:11:22,2025-06-06 13:12:40,78,0.02
3995,L10,#72,GW252/13600,(2)停机状态,2,2025-06-06 13:11:21,2025-06-06 13:11:22,1,0
3996,L10,#72,GW252/13600,(1)停机过程,1,2025-06-06 13:10:48,2025-06-06 13:11:21,33,0.01
3997,L10,#72,GW252/13600,(4)启机状态,4,2025-06-06 13:05:49,2025-06-06 13:10:48,299,0.08
3998,L10,#72,GW252/13600,(3)待机状态,3,2025-06-06 12:57:41,2025-06-06 13:05:49,488,0.14
3999,L10,#72,GW252/13600,(2)停机状态,2,2025-06-06 12:55:45,2025-06-06 12:57:41,116,0.03
4000,L10,#72,GW252/13600,(1)停机过程,1,2025-06-06 12:55:12,2025-06-06 12:55:45,33,0.01
4001,L10,#72,GW252/13600,(4)启机状态,4,2025-06-06 12:50:12,2025-06-06 12:55:12,300,0.08
4002,L10,#72,GW252/13600,(3)待机状态,3,2025-06-06 12:48:02,2025-06-06 12:50:12,130,0.04
4003,L10,#72,GW252/13600,(2)停机状态,2,2025-06-06 12:47:59,2025-06-06 12:48:02,3,0
4004,L10,#72,GW252/13600,(1)停机过程,1,2025-06-06 12:47:29,2025-06-06 12:47:59,30,0.01
4005,L10,#72,GW252/13600,(4)启机状态,4,2025-06-06 12:42:29,2025-06-06 12:47:29,300,0.08
4006,L10,#72,GW252/13600,(3)待机状态,3,2025-06-06 12:40:23,2025-06-06 12:42:29,126,0.04
4007,L10,#72,GW252/13600,(2)停机状态,2,2025-06-06 12:40:21,2025-06-06 12:40:23,2,0
4008,L10,#72,GW252/13600,(1)停机过程,1,2025-06-06 12:39:50,2025-06-06 12:40:21,31,0.01
4009,L10,#72,GW252/13600,(4)启机状态,4,2025-06-06 12:34:50,2025-06-06 12:39:50,300,0.08
4010,L10,#72,GW252/13600,(3)待机状态,3,2025-06-06 12:33:20,2025-06-06 12:34:50,90,0.03
4011,L10,#72,GW252/13600,(2)停机状态,2,2025-06-06 12:32:10,2025-06-06 12:33:20,70,0.02
4012,L10,#72,GW252/13600,(1)停机过程,1,2025-06-06 12:31:40,2025-06-06 12:32:10,30,0.01
4013,L10,#72,GW252/13600,(4)启机状态,4,2025-06-06 12:26:40,2025-06-06 12:31:40,300,0.08
4014,L10,#72,GW252/13600,(3)待机状态,3,2025-06-06 12:09:13,2025-06-06 12:26:40,1047,0.29
4015,L10,#72,GW252/13600,(2)停机状态,2,2025-06-06 12:03:37,2025-06-06 12:09:13,336,0.09
4016,L10,#72,GW252/13600,(1)停机过程,1,2025-06-06 12:03:05,2025-06-06 12:03:37,32,0.01
4017,L10,#72,GW252/13600,(4)启机状态,4,2025-06-06 11:58:05,2025-06-06 12:03:05,300,0.08
4018,L10,#72,GW252/13600,(3)待机状态,3,2025-06-06 11:53:32,2025-06-06 11:58:05,273,0.08
4019,L10,#72,GW252/13600,(2)停机状态,2,2025-06-06 11:51:28,2025-06-06 11:53:32,124,0.03
4020,L10,#72,GW252/13600,(1)停机过程,1,2025-06-06 11:50:56,2025-06-06 11:51:28,32,0.01
4021,L10,#72,GW252/13600,(4)启机状态,4,2025-06-06 11:45:55,2025-06-06 11:50:56,301,0.08
4022,L10,#72,GW252/13600,(3)待机状态,3,2025-06-06 11:40:51,2025-06-06 11:45:55,304,0.08
4023,L10,#72,GW252/13600,(2)停机状态,2,2025-06-06 11:35:13,2025-06-06 11:40:51,338,0.09
4024,L10,#72,GW252/13600,(1)停机过程,1,2025-06-06 11:34:41,2025-06-06 11:35:13,32,0.01
4025,L10,#72,GW252/13600,(4)启机状态,4,2025-06-06 11:29:41,2025-06-06 11:34:41,300,0.08
4026,L10,#72,GW252/13600,(3)待机状态,3,2025-06-06 11:27:42,2025-06-06 11:29:41,119,0.03
4027,L10,#72,GW252/13600,(2)停机状态,2,2025-06-06 11:27:40,2025-06-06 11:27:42,2,0
4028,L10,#72,GW252/13600,(1)停机过程,1,2025-06-06 11:27:09,2025-06-06 11:27:40,31,0.01
4029,L10,#72,GW252/13600,(4)启机状态,4,2025-06-06 11:22:09,2025-06-06 11:27:09,300,0.08
4030,L10,#72,GW252/13600,(3)待机状态,3,2025-06-06 11:19:42,2025-06-06 11:22:09,147,0.04
4031,L10,#72,GW252/13600,(2)停机状态,2,2025-06-06 11:16:51,2025-06-06 11:19:42,171,0.05
4032,L10,#72,GW252/13600,(1)停机过程,1,2025-06-06 11:16:19,2025-06-06 11:16:51,32,0.01
4033,L10,#72,GW252/13600,(4)启机状态,4,2025-06-06 11:11:19,2025-06-06 11:16:19,300,0.08
4034,L10,#72,GW252/13600,(3)待机状态,3,2025-06-06 11:09:48,2025-06-06 11:11:19,91,0.03
4035,L10,#72,GW252/13600,(2)停机状态,2,2025-06-06 11:09:47,2025-06-06 11:09:48,1,0
4036,L10,#72,GW252/13600,(1)停机过程,1,2025-06-06 11:09:15,2025-06-06 11:09:47,32,0.01
4037,L10,#72,GW252/13600,(4)启机状态,4,2025-06-06 11:04:15,2025-06-06 11:09:15,300,0.08
4038,L10,#72,GW252/13600,(3)待机状态,3,2025-06-06 11:02:30,2025-06-06 11:04:15,105,0.03
4039,L10,#72,GW252/13600,(2)停机状态,2,2025-06-06 11:02:28,2025-06-06 11:02:30,2,0
4040,L10,#72,GW252/13600,(1)停机过程,1,2025-06-06 11:01:56,2025-06-06 11:02:28,32,0.01
4041,L10,#72,GW252/13600,(4)启机状态,4,2025-06-06 10:56:56,2025-06-06 11:01:56,300,0.08
4042,L10,#72,GW252/13600,(3)待机状态,3,2025-06-06 10:55:22,2025-06-06 10:56:56,94,0.03
4043,L10,#72,GW252/13600,(2)停机状态,2,2025-06-06 10:53:54,2025-06-06 10:55:22,88,0.02
4044,L10,#72,GW252/13600,(1)停机过程,1,2025-06-06 10:53:23,2025-06-06 10:53:54,31,0.01
4045,L10,#72,GW252/13600,(4)启机状态,4,2025-06-06 10:48:22,2025-06-06 10:53:23,301,0.08
4046,L10,#72,GW252/13600,(3)待机状态,3,2025-06-06 10:46:50,2025-06-06 10:48:22,92,0.03
4047,L10,#72,GW252/13600,(2)停机状态,2,2025-06-06 10:46:49,2025-06-06 10:46:50,1,0
4048,L10,#72,GW252/13600,(1)停机过程,1,2025-06-06 10:46:17,2025-06-06 10:46:49,32,0.01
4049,L10,#72,GW252/13600,(4)启机状态,4,2025-06-06 10:41:17,2025-06-06 10:46:17,300,0.08
4050,L10,#72,GW252/13600,(3)待机状态,3,2025-06-06 10:39:58,2025-06-06 10:41:17,79,0.02
4051,L10,#72,GW252/13600,(2)停机状态,2,2025-06-06 10:39:57,2025-06-06 10:39:58,1,0
4052,L10,#72,GW252/13600,(1)停机过程,1,2025-06-06 10:39:26,2025-06-06 10:39:57,31,0.01
4053,L10,#72,GW252/13600,(4)启机状态,4,2025-06-06 10:34:26,2025-06-06 10:39:26,300,0.08
4054,L10,#72,GW252/13600,(3)待机状态,3,2025-06-06 10:33:05,2025-06-06 10:34:26,81,0.02
4055,L10,#72,GW252/13600,(2)停机状态,2,2025-06-06 10:33:04,2025-06-06 10:33:05,1,0
4056,L10,#72,GW252/13600,(1)停机过程,1,2025-06-06 10:32:32,2025-06-06 10:33:04,32,0.01
4057,L10,#72,GW252/13600,(4)启机状态,4,2025-06-06 10:27:33,2025-06-06 10:32:32,299,0.08
4058,L10,#72,GW252/13600,(3)待机状态,3,2025-06-06 10:26:21,2025-06-06 10:27:33,72,0.02
4059,L10,#72,GW252/13600,(2)停机状态,2,2025-06-06 10:26:18,2025-06-06 10:26:21,3,0
4060,L10,#72,GW252/13600,(1)停机过程,1,2025-06-06 10:25:47,2025-06-06 10:26:18,31,0.01
4061,L10,#72,GW252/13600,(4)启机状态,4,2025-06-06 10:20:47,2025-06-06 10:25:47,300,0.08
4062,L10,#72,GW252/13600,(3)待机状态,3,2025-06-06 10:18:04,2025-06-06 10:20:47,163,0.05
4063,L10,#72,GW252/13600,(2)停机状态,2,2025-06-06 10:18:02,2025-06-06 10:18:04,2,0
4064,L10,#72,GW252/13600,(1)停机过程,1,2025-06-06 10:17:30,2025-06-06 10:18:02,32,0.01
4065,L10,#72,GW252/13600,(4)启机状态,4,2025-06-06 10:12:30,2025-06-06 10:17:30,300,0.08
4066,L10,#72,GW252/13600,(3)待机状态,3,2025-06-06 10:11:22,2025-06-06 10:12:30,68,0.02
4067,L10,#72,GW252/13600,(2)停机状态,2,2025-06-06 10:11:21,2025-06-06 10:11:22,1,0
4068,L10,#72,GW252/13600,(1)停机过程,1,2025-06-06 10:10:50,2025-06-06 10:11:21,31,0.01
4069,L10,#72,GW252/13600,(4)启机状态,4,2025-06-06 10:05:51,2025-06-06 10:10:50,299,0.08
4070,L10,#72,GW252/13600,(3)待机状态,3,2025-06-06 10:04:29,2025-06-06 10:05:51,82,0.02
4071,L10,#72,GW252/13600,(2)停机状态,2,2025-06-06 10:04:25,2025-06-06 10:04:29,4,0
4072,L10,#72,GW252/13600,(1)停机过程,1,2025-06-06 10:03:54,2025-06-06 10:04:25,31,0.01
4073,L10,#72,GW252/13600,(4)启机状态,4,2025-06-06 09:58:54,2025-06-06 10:03:54,300,0.08
4074,L10,#72,GW252/13600,(3)待机状态,3,2025-06-06 09:57:29,2025-06-06 09:58:54,85,0.02
4075,L10,#72,GW252/13600,(2)停机状态,2,2025-06-06 09:57:27,2025-06-06 09:57:29,2,0
4076,L10,#72,GW252/13600,(1)停机过程,1,2025-06-06 09:56:54,2025-06-06 09:57:27,33,0.01
4077,L10,#72,GW252/13600,(4)启机状态,4,2025-06-06 09:51:54,2025-06-06 09:56:54,300,0.08
4078,L10,#72,GW252/13600,(3)待机状态,3,2025-06-06 09:50:35,2025-06-06 09:51:54,79,0.02
4079,L10,#72,GW252/13600,(2)停机状态,2,2025-06-06 09:50:34,2025-06-06 09:50:35,1,0
4080,L10,#72,GW252/13600,(1)停机过程,1,2025-06-06 09:50:04,2025-06-06 09:50:34,30,0.01
4081,L10,#72,GW252/13600,(4)启机状态,4,2025-06-06 09:45:03,2025-06-06 09:50:04,301,0.08
4082,L10,#72,GW252/13600,(3)待机状态,3,2025-06-06 09:43:27,2025-06-06 09:45:03,96,0.03
4083,L10,#72,GW252/13600,(2)停机状态,2,2025-06-06 09:43:25,2025-06-06 09:43:27,2,0
4084,L10,#72,GW252/13600,(1)停机过程,1,2025-06-06 09:42:54,2025-06-06 09:43:25,31,0.01
4085,L10,#72,GW252/13600,(4)启机状态,4,2025-06-06 09:37:54,2025-06-06 09:42:54,300,0.08
4086,L10,#72,GW252/13600,(3)待机状态,3,2025-06-06 09:36:34,2025-06-06 09:37:54,80,0.02
4087,L10,#72,GW252/13600,(2)停机状态,2,2025-06-06 09:36:32,2025-06-06 09:36:34,2,0
4088,L10,#72,GW252/13600,(1)停机过程,1,2025-06-06 09:36:01,2025-06-06 09:36:32,31,0.01
4089,L10,#72,GW252/13600,(4)启机状态,4,2025-06-06 09:31:00,2025-06-06 09:36:01,301,0.08
4090,L10,#72,GW252/13600,(3)待机状态,3,2025-06-06 09:29:37,2025-06-06 09:31:00,83,0.02
4091,L10,#72,GW252/13600,(1)停机过程,1,2025-06-06 09:29:04,2025-06-06 09:29:37,33,0.01
4092,L10,#72,GW252/13600,(4)启机状态,4,2025-06-06 09:24:04,2025-06-06 09:29:04,300,0.08
4093,L10,#72,GW252/13600,(3)待机状态,3,2025-06-06 09:22:36,2025-06-06 09:24:04,88,0.02
4094,L10,#72,GW252/13600,(2)停机状态,2,2025-06-06 09:22:33,2025-06-06 09:22:36,3,0
4095,L10,#72,GW252/13600,(1)停机过程,1,2025-06-06 09:22:03,2025-06-06 09:22:33,30,0.01
4096,L10,#72,GW252/13600,(4)启机状态,4,2025-06-06 09:17:02,2025-06-06 09:22:03,301,0.08
4097,L10,#72,GW252/13600,(3)待机状态,3,2025-06-06 09:15:33,2025-06-06 09:17:02,89,0.02
4098,L10,#72,GW252/13600,(2)停机状态,2,2025-06-06 09:15:32,2025-06-06 09:15:33,1,0
4099,L10,#72,GW252/13600,(1)停机过程,1,2025-06-06 09:15:01,2025-06-06 09:15:32,31,0.01
4100,L10,#72,GW252/13600,(4)启机状态,4,2025-06-06 09:10:01,2025-06-06 09:15:01,300,0.08
4101,L10,#72,GW252/13600,(3)待机状态,3,2025-06-06 09:08:17,2025-06-06 09:10:01,104,0.03
4102,L10,#72,GW252/13600,(2)停机状态,2,2025-06-06 09:08:16,2025-06-06 09:08:17,1,0
4103,L10,#72,GW252/13600,(1)停机过程,1,2025-06-06 09:07:46,2025-06-06 09:08:16,30,0.01
4104,L10,#72,GW252/13600,(4)启机状态,4,2025-06-06 09:02:46,2025-06-06 09:07:46,300,0.08
4105,L10,#72,GW252/13600,(3)待机状态,3,2025-06-06 09:00:37,2025-06-06 09:02:46,129,0.04
4106,L10,#72,GW252/13600,(2)停机状态,2,2025-06-06 09:00:36,2025-06-06 09:00:37,1,0
4107,L10,#72,GW252/13600,(1)停机过程,1,2025-06-06 09:00:03,2025-06-06 09:00:36,33,0.01
4108,L10,#72,GW252/13600,(4)启机状态,4,2025-06-06 08:55:03,2025-06-06 09:00:03,300,0.08
4109,L10,#72,GW252/13600,(3)待机状态,3,2025-06-06 08:52:46,2025-06-06 08:55:03,137,0.04
4110,L10,#72,GW252/13600,(2)停机状态,2,2025-06-06 08:51:06,2025-06-06 08:52:46,100,0.03
4111,L10,#72,GW252/13600,(1)停机过程,1,2025-06-06 08:50:34,2025-06-06 08:51:06,32,0.01
4112,L10,#72,GW252/13600,(4)启机状态,4,2025-06-06 08:45:33,2025-06-06 08:50:34,301,0.08
4113,L10,#72,GW252/13600,(3)待机状态,3,2025-06-06 08:43:12,2025-06-06 08:45:33,141,0.04
4114,L10,#72,GW252/13600,(2)停机状态,2,2025-06-06 08:43:09,2025-06-06 08:43:12,3,0
4115,L10,#72,GW252/13600,(1)停机过程,1,2025-06-06 08:42:39,2025-06-06 08:43:09,30,0.01
4116,L10,#72,GW252/13600,(4)启机状态,4,2025-06-06 08:37:38,2025-06-06 08:42:39,301,0.08
4117,L10,#72,GW252/13600,(3)待机状态,3,2025-06-06 08:36:08,2025-06-06 08:37:38,90,0.03
4118,L10,#72,GW252/13600,(2)停机状态,2,2025-06-06 08:36:07,2025-06-06 08:36:08,1,0
4119,L10,#72,GW252/13600,(1)停机过程,1,2025-06-06 08:35:34,2025-06-06 08:36:07,33,0.01
4120,L10,#72,GW252/13600,(4)启机状态,4,2025-06-06 08:30:34,2025-06-06 08:35:34,300,0.08
4121,L10,#72,GW252/13600,(3)待机状态,3,2025-06-06 08:27:04,2025-06-06 08:30:34,210,0.06
4122,L10,#72,GW252/13600,(2)停机状态,2,2025-06-06 08:27:03,2025-06-06 08:27:04,1,0
4123,L10,#72,GW252/13600,(1)停机过程,1,2025-06-06 08:26:33,2025-06-06 08:27:03,30,0.01
4124,L10,#72,GW252/13600,(4)启机状态,4,2025-06-06 08:21:33,2025-06-06 08:26:33,300,0.08
4125,L10,#72,GW252/13600,(3)待机状态,3,2025-06-06 08:20:35,2025-06-06 08:21:33,58,0.02
4126,L10,#72,GW252/13600,(2)停机状态,2,2025-06-06 08:20:33,2025-06-06 08:20:35,2,0
4127,L10,#72,GW252/13600,(1)停机过程,1,2025-06-06 08:20:00,2025-06-06 08:20:33,33,0.01
4128,L10,#72,GW252/13600,(4)启机状态,4,2025-06-06 08:15:00,2025-06-06 08:20:00,300,0.08
4129,L10,#72,GW252/13600,(3)待机状态,3,2025-06-06 08:13:49,2025-06-06 08:15:00,71,0.02
4130,L10,#72,GW252/13600,(2)停机状态,2,2025-06-06 08:13:39,2025-06-06 08:13:49,10,0
4131,L10,#72,GW252/13600,(1)停机过程,1,2025-06-06 08:13:08,2025-06-06 08:13:39,31,0.01
4132,L10,#72,GW252/13600,(4)启机状态,4,2025-06-06 08:08:08,2025-06-06 08:13:08,300,0.08
4133,L10,#72,GW252/13600,(3)待机状态,3,2025-06-06 08:06:56,2025-06-06 08:08:08,72,0.02
4134,L10,#72,GW252/13600,(2)停机状态,2,2025-06-06 08:06:54,2025-06-06 08:06:56,2,0
4135,L10,#72,GW252/13600,(1)停机过程,1,2025-06-06 08:06:22,2025-06-06 08:06:54,32,0.01
4136,L10,#72,GW252/13600,(4)启机状态,4,2025-06-06 08:01:22,2025-06-06 08:06:22,300,0.08
4137,L10,#72,GW252/13600,(3)待机状态,3,2025-06-06 08:00:17,2025-06-06 08:01:22,65,0.02
4138,L10,#72,GW252/13600,(1)停机过程,1,2025-06-06 07:59:45,2025-06-06 08:00:17,32,0.01
4139,L10,#72,GW252/13600,(4)启机状态,4,2025-06-06 07:54:45,2025-06-06 07:59:45,300,0.08
4140,L10,#72,GW252/13600,(3)待机状态,3,2025-06-06 07:53:44,2025-06-06 07:54:45,61,0.02
4141,L10,#72,GW252/13600,(2)停机状态,2,2025-06-06 07:53:42,2025-06-06 07:53:44,2,0
4142,L10,#72,GW252/13600,(1)停机过程,1,2025-06-06 07:53:10,2025-06-06 07:53:42,32,0.01
4143,L10,#72,GW252/13600,(4)启机状态,4,2025-06-06 07:48:10,2025-06-06 07:53:10,300,0.08
4144,L10,#72,GW252/13600,(3)待机状态,3,2025-06-06 07:47:02,2025-06-06 07:48:10,68,0.02
4145,L10,#72,GW252/13600,(2)停机状态,2,2025-06-06 07:46:33,2025-06-06 07:47:02,29,0.01
4146,L10,#72,GW252/13600,(1)停机过程,1,2025-06-06 07:46:00,2025-06-06 07:46:33,33,0.01
4147,L10,#72,GW252/13600,(4)启机状态,4,2025-06-06 07:41:01,2025-06-06 07:46:00,299,0.08
4148,L10,#72,GW252/13600,(3)待机状态,3,2025-06-06 07:39:39,2025-06-06 07:41:01,82,0.02
4149,L10,#72,GW252/13600,(2)停机状态,2,2025-06-06 07:39:38,2025-06-06 07:39:39,1,0
4150,L10,#72,GW252/13600,(1)停机过程,1,2025-06-06 07:39:06,2025-06-06 07:39:38,32,0.01
4151,L10,#72,GW252/13600,(4)启机状态,4,2025-06-06 07:34:05,2025-06-06 07:39:06,301,0.08
4152,L10,#72,GW252/13600,(3)待机状态,3,2025-06-06 07:32:18,2025-06-06 07:34:05,107,0.03
4153,L10,#72,GW252/13600,(2)停机状态,2,2025-06-06 07:30:54,2025-06-06 07:32:18,84,0.02
4154,L10,#72,GW252/13600,(1)停机过程,1,2025-06-06 07:30:21,2025-06-06 07:30:54,33,0.01
4155,L10,#72,GW252/13600,(4)启机状态,4,2025-06-06 07:25:22,2025-06-06 07:30:21,299,0.08
4156,L10,#72,GW252/13600,(3)待机状态,3,2025-06-06 07:20:20,2025-06-06 07:25:22,302,0.08
4157,L10,#72,GW252/13600,(2)停机状态,2,2025-06-06 07:18:26,2025-06-06 07:20:20,114,0.03
4158,L10,#72,GW252/13600,(1)停机过程,1,2025-06-06 07:17:54,2025-06-06 07:18:26,32,0.01
4159,L10,#72,GW252/13600,(4)启机状态,4,2025-06-06 07:12:54,2025-06-06 07:17:54,300,0.08
4160,L10,#72,GW252/13600,(3)待机状态,3,2025-06-06 07:10:14,2025-06-06 07:12:54,160,0.04
4161,L10,#72,GW252/13600,(2)停机状态,2,2025-06-06 07:08:07,2025-06-06 07:10:14,127,0.04
4162,L10,#72,GW252/13600,(1)停机过程,1,2025-06-06 07:07:35,2025-06-06 07:08:07,32,0.01
4163,L10,#72,GW252/13600,(4)启机状态,4,2025-06-06 07:02:34,2025-06-06 07:07:35,301,0.08
4164,L10,#72,GW252/13600,(3)待机状态,3,2025-06-06 06:51:53,2025-06-06 07:02:34,641,0.18
4165,L10,#72,GW252/13600,(2)停机状态,2,2025-06-06 06:49:59,2025-06-06 06:51:53,114,0.03
4166,L10,#72,GW252/13600,(1)停机过程,1,2025-06-06 06:49:27,2025-06-06 06:49:59,32,0.01
4167,L10,#72,GW252/13600,(4)启机状态,4,2025-06-06 06:44:27,2025-06-06 06:49:27,300,0.08
4168,L10,#72,GW252/13600,(3)待机状态,3,2025-06-06 06:42:56,2025-06-06 06:44:27,91,0.03
4169,L10,#72,GW252/13600,(2)停机状态,2,2025-06-06 06:42:28,2025-06-06 06:42:56,28,0.01
4170,L10,#72,GW252/13600,(1)停机过程,1,2025-06-06 06:41:56,2025-06-06 06:42:28,32,0.01
4171,L10,#72,GW252/13600,(4)启机状态,4,2025-06-06 06:36:57,2025-06-06 06:41:56,299,0.08
4172,L10,#72,GW252/13600,(3)待机状态,3,2025-06-06 06:35:32,2025-06-06 06:36:57,85,0.02
4173,L10,#72,GW252/13600,(2)停机状态,2,2025-06-06 06:35:31,2025-06-06 06:35:32,1,0
4174,L10,#72,GW252/13600,(1)停机过程,1,2025-06-06 06:34:59,2025-06-06 06:35:31,32,0.01
4175,L10,#72,GW252/13600,(4)启机状态,4,2025-06-06 06:29:59,2025-06-06 06:34:59,300,0.08
4176,L10,#72,GW252/13600,(3)待机状态,3,2025-06-06 06:28:48,2025-06-06 06:29:59,71,0.02
4177,L10,#72,GW252/13600,(1)停机过程,1,2025-06-06 06:28:16,2025-06-06 06:28:48,32,0.01
4178,L10,#72,GW252/13600,(4)启机状态,4,2025-06-06 06:23:16,2025-06-06 06:28:16,300,0.08
4179,L10,#72,GW252/13600,(3)待机状态,3,2025-06-06 06:22:02,2025-06-06 06:23:16,74,0.02
4180,L10,#72,GW252/13600,(1)停机过程,1,2025-06-06 06:21:30,2025-06-06 06:22:02,32,0.01
4181,L10,#72,GW252/13600,(4)启机状态,4,2025-06-06 06:16:30,2025-06-06 06:21:30,300,0.08
4182,L10,#72,GW252/13600,(3)待机状态,3,2025-06-06 06:13:47,2025-06-06 06:16:30,163,0.05
4183,L10,#72,GW252/13600,(2)停机状态,2,2025-06-06 06:11:18,2025-06-06 06:13:47,149,0.04
4184,L10,#72,GW252/13600,(1)停机过程,1,2025-06-06 06:10:47,2025-06-06 06:11:18,31,0.01
4185,L10,#72,GW252/13600,(4)启机状态,4,2025-06-06 06:05:47,2025-06-06 06:10:47,300,0.08
4186,L10,#72,GW252/13600,(3)待机状态,3,2025-06-06 06:03:32,2025-06-06 06:05:47,135,0.04
4187,L10,#72,GW252/13600,(2)停机状态,2,2025-06-06 06:03:00,2025-06-06 06:03:32,32,0.01
4188,L10,#72,GW252/13600,(1)停机过程,1,2025-06-06 06:02:29,2025-06-06 06:03:00,31,0.01
4189,L10,#72,GW252/13600,(4)启机状态,4,2025-06-06 05:57:28,2025-06-06 06:02:29,301,0.08
4190,L10,#72,GW252/13600,(3)待机状态,3,2025-06-06 05:56:16,2025-06-06 05:57:28,72,0.02
4191,L10,#72,GW252/13600,(2)停机状态,2,2025-06-06 05:54:30,2025-06-06 05:56:16,106,0.03
4192,L10,#72,GW252/13600,(1)停机过程,1,2025-06-06 05:53:58,2025-06-06 05:54:30,32,0.01
4193,L10,#72,GW252/13600,(4)启机状态,4,2025-06-06 05:48:58,2025-06-06 05:53:58,300,0.08
4194,L10,#72,GW252/13600,(3)待机状态,3,2025-06-06 05:47:44,2025-06-06 05:48:58,74,0.02
4195,L10,#72,GW252/13600,(2)停机状态,2,2025-06-06 05:47:41,2025-06-06 05:47:44,3,0
4196,L10,#72,GW252/13600,(1)停机过程,1,2025-06-06 05:47:10,2025-06-06 05:47:41,31,0.01
4197,L10,#72,GW252/13600,(4)启机状态,4,2025-06-06 05:42:10,2025-06-06 05:47:10,300,0.08
4198,L10,#72,GW252/13600,(3)待机状态,3,2025-06-06 05:40:57,2025-06-06 05:42:10,73,0.02
4199,L10,#72,GW252/13600,(2)停机状态,2,2025-06-06 05:40:49,2025-06-06 05:40:57,8,0
4200,L10,#72,GW252/13600,(1)停机过程,1,2025-06-06 05:40:18,2025-06-06 05:40:49,31,0.01
4201,L10,#72,GW252/13600,(4)启机状态,4,2025-06-06 05:35:16,2025-06-06 05:40:18,302,0.08
4202,L10,#72,GW252/13600,(3)待机状态,3,2025-06-06 05:13:30,2025-06-06 05:35:16,1306,0.36
4203,L10,#72,GW252/13600,(2)停机状态,2,2025-06-06 05:13:25,2025-06-06 05:13:30,5,0
4204,L10,#72,GW252/13600,(1)停机过程,1,2025-06-06 05:12:53,2025-06-06 05:13:25,32,0.01
4205,L10,#72,GW252/13600,(4)启机状态,4,2025-06-06 05:07:53,2025-06-06 05:12:53,300,0.08
4206,L10,#72,GW252/13600,(3)待机状态,3,2025-06-06 05:06:17,2025-06-06 05:07:53,96,0.03
4207,L10,#72,GW252/13600,(2)停机状态,2,2025-06-06 05:03:41,2025-06-06 05:06:17,156,0.04
4208,L10,#72,GW252/13600,(1)停机过程,1,2025-06-06 05:03:09,2025-06-06 05:03:41,32,0.01
4209,L10,#72,GW252/13600,(4)启机状态,4,2025-06-06 04:58:09,2025-06-06 05:03:09,300,0.08
4210,L10,#72,GW252/13600,(3)待机状态,3,2025-06-06 04:51:58,2025-06-06 04:58:09,371,0.1
4211,L10,#72,GW252/13600,(2)停机状态,2,2025-06-06 04:51:56,2025-06-06 04:51:58,2,0
4212,L10,#72,GW252/13600,(1)停机过程,1,2025-06-06 04:51:24,2025-06-06 04:51:56,32,0.01
4213,L10,#72,GW252/13600,(4)启机状态,4,2025-06-06 04:46:24,2025-06-06 04:51:24,300,0.08
4214,L10,#72,GW252/13600,(3)待机状态,3,2025-06-06 04:45:07,2025-06-06 04:46:24,77,0.02
4215,L10,#72,GW252/13600,(2)停机状态,2,2025-06-06 04:45:06,2025-06-06 04:45:07,1,0
4216,L10,#72,GW252/13600,(1)停机过程,1,2025-06-06 04:44:35,2025-06-06 04:45:06,31,0.01
4217,L10,#72,GW252/13600,(4)启机状态,4,2025-06-06 04:39:35,2025-06-06 04:44:35,300,0.08
4218,L10,#72,GW252/13600,(3)待机状态,3,2025-06-06 04:38:00,2025-06-06 04:39:35,95,0.03
4219,L10,#72,GW252/13600,(2)停机状态,2,2025-06-06 04:37:51,2025-06-06 04:38:00,9,0
4220,L10,#72,GW252/13600,(1)停机过程,1,2025-06-06 04:37:20,2025-06-06 04:37:51,31,0.01
4221,L10,#72,GW252/13600,(4)启机状态,4,2025-06-06 04:32:20,2025-06-06 04:37:20,300,0.08
4222,L10,#72,GW252/13600,(3)待机状态,3,2025-06-06 03:45:41,2025-06-06 04:32:20,2799,0.78
4223,L10,#72,GW252/13600,(2)停机状态,2,2025-06-06 03:40:12,2025-06-06 03:45:41,329,0.09
4224,L10,#72,GW252/13600,(1)停机过程,1,2025-06-06 03:39:15,2025-06-06 03:40:12,57,0.02
4225,L10,#72,GW252/13600,(5)发电状态,5,2025-06-06 02:42:37,2025-06-06 03:39:15,3398,0.94
4226,L10,#72,GW252/13600,(4)启机状态,4,2025-06-06 02:37:45,2025-06-06 02:42:37,292,0.08
4227,L10,#72,GW252/13600,(3)待机状态,3,2025-06-06 02:34:19,2025-06-06 02:37:45,206,0.06
4228,L10,#72,GW252/13600,(2)停机状态,2,2025-06-06 02:32:17,2025-06-06 02:34:19,122,0.03
4229,L10,#72,GW252/13600,(1)停机过程,1,2025-06-06 02:31:20,2025-06-06 02:32:17,57,0.02
4230,L10,#72,GW252/13600,(5)发电状态,5,2025-06-05 08:43:01,2025-06-06 02:31:20,64099,17.81
4231,L10,#72,GW252/13600,(4)启机状态,4,2025-06-05 08:41:42,2025-06-05 08:43:01,79,0.02
4232,L10,#72,GW252/13600,(3)待机状态,3,2025-06-05 08:40:56,2025-06-05 08:41:42,46,0.01
4233,L10,#72,GW252/13600,(2)停机状态,2,2025-06-05 08:40:55,2025-06-05 08:40:56,1,0
4234,L10,#72,GW252/13600,(1)停机过程,1,2025-06-05 08:39:58,2025-06-05 08:40:55,57,0.02
4235,L10,#72,GW252/13600,(4)启机状态,4,2025-06-05 08:34:58,2025-06-05 08:39:58,300,0.08
4236,L10,#72,GW252/13600,(3)待机状态,3,2025-06-05 08:33:54,2025-06-05 08:34:58,64,0.02
4237,L10,#72,GW252/13600,(2)停机状态,2,2025-06-05 08:33:53,2025-06-05 08:33:54,1,0
4238,L10,#72,GW252/13600,(1)停机过程,1,2025-06-05 08:33:23,2025-06-05 08:33:53,30,0.01
4239,L10,#72,GW252/13600,(4)启机状态,4,2025-06-05 08:28:23,2025-06-05 08:33:23,300,0.08
4240,L10,#72,GW252/13600,(3)待机状态,3,2025-06-05 08:25:02,2025-06-05 08:28:23,201,0.06
4241,L10,#72,GW252/13600,(2)停机状态,2,2025-06-05 08:22:49,2025-06-05 08:25:02,133,0.04
4242,L10,#72,GW252/13600,(1)停机过程,1,2025-06-05 08:22:17,2025-06-05 08:22:49,32,0.01
4243,L10,#72,GW252/13600,(4)启机状态,4,2025-06-05 08:17:17,2025-06-05 08:22:17,300,0.08
4244,L10,#72,GW252/13600,(3)待机状态,3,2025-06-05 08:14:40,2025-06-05 08:17:17,157,0.04
4245,L10,#72,GW252/13600,(2)停机状态,2,2025-06-05 08:14:39,2025-06-05 08:14:40,1,0
4246,L10,#72,GW252/13600,(1)停机过程,1,2025-06-05 08:14:08,2025-06-05 08:14:39,31,0.01
4247,L10,#72,GW252/13600,(4)启机状态,4,2025-06-05 08:09:08,2025-06-05 08:14:08,300,0.08
4248,L10,#72,GW252/13600,(3)待机状态,3,2025-06-05 08:07:09,2025-06-05 08:09:08,119,0.03
4249,L10,#72,GW252/13600,(2)停机状态,2,2025-06-05 08:07:07,2025-06-05 08:07:09,2,0
4250,L10,#72,GW252/13600,(1)停机过程,1,2025-06-05 08:06:36,2025-06-05 08:07:07,31,0.01
4251,L10,#72,GW252/13600,(4)启机状态,4,2025-06-05 08:01:36,2025-06-05 08:06:36,300,0.08
4252,L10,#72,GW252/13600,(3)待机状态,3,2025-06-05 08:00:34,2025-06-05 08:01:36,62,0.02
4253,L10,#72,GW252/13600,(2)停机状态,2,2025-06-05 08:00:33,2025-06-05 08:00:34,1,0
4254,L10,#72,GW252/13600,(1)停机过程,1,2025-06-05 08:00:01,2025-06-05 08:00:33,32,0.01
4255,L10,#72,GW252/13600,(4)启机状态,4,2025-06-05 07:55:02,2025-06-05 08:00:01,299,0.08
4256,L10,#72,GW252/13600,(3)待机状态,3,2025-06-05 07:54:01,2025-06-05 07:55:02,61,0.02
4257,L10,#72,GW252/13600,(2)停机状态,2,2025-06-05 07:54:00,2025-06-05 07:54:01,1,0
4258,L10,#72,GW252/13600,(1)停机过程,1,2025-06-05 07:53:04,2025-06-05 07:54:00,56,0.02
4259,L10,#72,GW252/13600,(5)发电状态,5,2025-06-05 04:47:39,2025-06-05 07:53:04,11125,3.09
4260,L10,#72,GW252/13600,(4)启机状态,4,2025-06-05 04:46:42,2025-06-05 04:47:39,57,0.02
4261,L10,#72,GW252/13600,(3)待机状态,3,2025-06-05 04:45:35,2025-06-05 04:46:42,67,0.02
4262,L10,#72,GW252/13600,(2)停机状态,2,2025-06-05 04:08:59,2025-06-05 04:45:35,2196,0.61
4263,L10,#72,GW252/13600,(1)停机过程,1,2025-06-05 04:08:03,2025-06-05 04:08:59,56,0.02
4264,L10,#72,GW252/13600,(5)发电状态,5,2025-06-03 19:23:32,2025-06-05 04:08:03,117871,32.74
4265,L10,#72,GW252/13600,(4)启机状态,4,2025-06-03 19:20:39,2025-06-03 19:23:32,173,0.05
4266,L10,#72,GW252/13600,(3)待机状态,3,2025-06-03 16:13:59,2025-06-03 19:20:39,11200,3.11
4267,L10,#72,GW252/13600,(2)停机状态,2,2025-06-03 16:08:21,2025-06-03 16:13:59,338,0.09
4268,L10,#72,GW252/13600,(1)停机过程,1,2025-06-03 16:07:51,2025-06-03 16:08:21,30,0.01
4269,L10,#72,GW252/13600,(4)启机状态,4,2025-06-03 16:02:50,2025-06-03 16:07:51,301,0.08
4270,L10,#72,GW252/13600,(3)待机状态,3,2025-06-03 15:32:27,2025-06-03 16:02:50,1823,0.51
4271,L10,#72,GW252/13600,(2)停机状态,2,2025-06-03 15:31:36,2025-06-03 15:32:27,51,0.01
4272,L10,#72,GW252/13600,(1)停机过程,1,2025-06-03 15:31:03,2025-06-03 15:31:36,33,0.01
4273,L10,#72,GW252/13600,(4)启机状态,4,2025-06-03 15:26:03,2025-06-03 15:31:03,300,0.08
4274,L10,#72,GW252/13600,(3)待机状态,3,2025-06-03 08:17:18,2025-06-03 15:26:03,25725,7.15
4275,L10,#72,GW252/13600,(2)停机状态,2,2025-06-03 08:17:17,2025-06-03 08:17:18,1,0
4276,L10,#72,GW252/13600,(1)停机过程,1,2025-06-03 08:16:46,2025-06-03 08:17:17,31,0.01
4277,L10,#72,GW252/13600,(4)启机状态,4,2025-06-03 08:11:46,2025-06-03 08:16:46,300,0.08
4278,L10,#72,GW252/13600,(3)待机状态,3,2025-06-03 08:10:32,2025-06-03 08:11:46,74,0.02
4279,L10,#72,GW252/13600,(2)停机状态,2,2025-06-03 08:10:31,2025-06-03 08:10:32,1,0
4280,L10,#72,GW252/13600,(1)停机过程,1,2025-06-03 08:09:58,2025-06-03 08:10:31,33,0.01
4281,L10,#72,GW252/13600,(4)启机状态,4,2025-06-03 08:04:59,2025-06-03 08:09:58,299,0.08
4282,L10,#72,GW252/13600,(3)待机状态,3,2025-06-03 07:35:32,2025-06-03 08:04:59,1767,0.49
4283,L10,#72,GW252/13600,(2)停机状态,2,2025-06-03 07:29:55,2025-06-03 07:35:32,337,0.09
4284,L10,#72,GW252/13600,(1)停机过程,1,2025-06-03 07:28:58,2025-06-03 07:29:55,57,0.02
4285,L10,#72,GW252/13600,(5)发电状态,5,2025-06-02 09:16:45,2025-06-03 07:28:58,79933,22.2
4286,L10,#72,GW252/13600,(4)启机状态,4,2025-06-02 09:14:12,2025-06-02 09:16:45,153,0.04
4287,L10,#72,GW252/13600,(3)待机状态,3,2025-06-02 09:13:23,2025-06-02 09:14:12,49,0.01
4288,L10,#72,GW252/13600,(2)停机状态,2,2025-06-02 09:13:21,2025-06-02 09:13:23,2,0
4289,L10,#72,GW252/13600,(1)停机过程,1,2025-06-02 09:12:24,2025-06-02 09:13:21,57,0.02
4290,L10,#72,GW252/13600,(4)启机状态,4,2025-06-02 09:07:24,2025-06-02 09:12:24,300,0.08
4291,L10,#72,GW252/13600,(3)待机状态,3,2025-06-02 09:06:02,2025-06-02 09:07:24,82,0.02
4292,L10,#72,GW252/13600,(2)停机状态,2,2025-06-02 09:03:44,2025-06-02 09:06:02,138,0.04
4293,L10,#72,GW252/13600,(1)停机过程,1,2025-06-02 09:02:46,2025-06-02 09:03:44,58,0.02
4294,L10,#72,GW252/13600,(5)发电状态,5,2025-06-02 06:03:07,2025-06-02 09:02:46,10779,2.99
4295,L10,#72,GW252/13600,(4)启机状态,4,2025-06-02 05:59:58,2025-06-02 06:03:07,189,0.05
4296,L10,#72,GW252/13600,(3)待机状态,3,2025-06-02 05:59:04,2025-06-02 05:59:58,54,0.02
4297,L10,#72,GW252/13600,(2)停机状态,2,2025-06-02 05:59:02,2025-06-02 05:59:04,2,0
4298,L10,#72,GW252/13600,(1)停机过程,1,2025-06-02 05:58:05,2025-06-02 05:59:02,57,0.02
4299,L10,#72,GW252/13600,(4)启机状态,4,2025-06-02 05:53:05,2025-06-02 05:58:05,300,0.08
4300,L10,#72,GW252/13600,(3)待机状态,3,2025-06-02 05:52:04,2025-06-02 05:53:05,61,0.02
4301,L10,#72,GW252/13600,(1)停机过程,1,2025-06-02 05:51:33,2025-06-02 05:52:04,31,0.01
4302,L10,#72,GW252/13600,(4)启机状态,4,2025-06-02 05:46:33,2025-06-02 05:51:33,300,0.08
4303,L10,#72,GW252/13600,(3)待机状态,3,2025-06-02 05:45:26,2025-06-02 05:46:33,67,0.02
4304,L10,#72,GW252/13600,(2)停机状态,2,2025-06-02 05:43:24,2025-06-02 05:45:26,122,0.03
4305,L10,#72,GW252/13600,(1)停机过程,1,2025-06-02 05:42:53,2025-06-02 05:43:24,31,0.01
4306,L10,#72,GW252/13600,(4)启机状态,4,2025-06-02 05:37:52,2025-06-02 05:42:53,301,0.08
4307,L10,#72,GW252/13600,(3)待机状态,3,2025-06-02 05:35:56,2025-06-02 05:37:52,116,0.03
4308,L10,#72,GW252/13600,(2)停机状态,2,2025-06-02 05:35:23,2025-06-02 05:35:56,33,0.01
4309,L10,#72,GW252/13600,(1)停机过程,1,2025-06-02 05:34:27,2025-06-02 05:35:23,56,0.02
4310,L10,#72,GW252/13600,(5)发电状态,5,2025-06-02 05:23:05,2025-06-02 05:34:27,682,0.19
4311,L10,#72,GW252/13600,(4)启机状态,4,2025-06-02 05:19:16,2025-06-02 05:23:05,229,0.06
4312,L10,#72,GW252/13600,(3)待机状态,3,2025-06-02 05:18:19,2025-06-02 05:19:16,57,0.02
4313,L10,#72,GW252/13600,(2)停机状态,2,2025-06-02 05:18:17,2025-06-02 05:18:19,2,0
4314,L10,#72,GW252/13600,(1)停机过程,1,2025-06-02 05:17:21,2025-06-02 05:18:17,56,0.02
4315,L10,#72,GW252/13600,(4)启机状态,4,2025-06-02 05:12:20,2025-06-02 05:17:21,301,0.08
4316,L10,#72,GW252/13600,(3)待机状态,3,2025-06-02 05:04:04,2025-06-02 05:12:20,496,0.14
4317,L10,#72,GW252/13600,(2)停机状态,2,2025-06-02 04:58:27,2025-06-02 05:04:04,337,0.09
4318,L10,#72,GW252/13600,(1)停机过程,1,2025-06-02 04:57:29,2025-06-02 04:58:27,58,0.02
4319,L10,#72,GW252/13600,(5)发电状态,5,2025-06-01 14:59:44,2025-06-02 04:57:29,50265,13.96
4320,L10,#72,GW252/13600,(4)启机状态,4,2025-06-01 14:56:07,2025-06-01 14:59:44,217,0.06
4321,L10,#72,GW252/13600,(3)待机状态,3,2025-06-01 14:55:10,2025-06-01 14:56:07,57,0.02
4322,L10,#72,GW252/13600,(2)停机状态,2,2025-06-01 14:55:09,2025-06-01 14:55:10,1,0
4323,L10,#72,GW252/13600,(1)停机过程,1,2025-06-01 14:54:32,2025-06-01 14:55:09,37,0.01
4324,L10,#72,GW252/13600,(4)启机状态,4,2025-06-01 14:49:32,2025-06-01 14:54:32,300,0.08
4325,L10,#72,GW252/13600,(3)待机状态,3,2025-06-01 14:48:32,2025-06-01 14:49:32,60,0.02
4326,L10,#72,GW252/13600,(2)停机状态,2,2025-06-01 14:48:30,2025-06-01 14:48:32,2,0
4327,L10,#72,GW252/13600,(1)停机过程,1,2025-06-01 14:47:59,2025-06-01 14:48:30,31,0.01
4328,L10,#72,GW252/13600,(4)启机状态,4,2025-06-01 14:42:58,2025-06-01 14:47:59,301,0.08
4329,L10,#72,GW252/13600,(3)待机状态,3,2025-06-01 14:41:58,2025-06-01 14:42:58,60,0.02
4330,L10,#72,GW252/13600,(2)停机状态,2,2025-06-01 14:41:57,2025-06-01 14:41:58,1,0
4331,L10,#72,GW252/13600,(1)停机过程,1,2025-06-01 14:41:24,2025-06-01 14:41:57,33,0.01
4332,L10,#72,GW252/13600,(4)启机状态,4,2025-06-01 14:36:25,2025-06-01 14:41:24,299,0.08
4333,L10,#72,GW252/13600,(3)待机状态,3,2025-06-01 14:35:18,2025-06-01 14:36:25,67,0.02
4334,L10,#72,GW252/13600,(2)停机状态,2,2025-06-01 14:35:17,2025-06-01 14:35:18,1,0
4335,L10,#72,GW252/13600,(1)停机过程,1,2025-06-01 14:34:45,2025-06-01 14:35:17,32,0.01
4336,L10,#72,GW252/13600,(4)启机状态,4,2025-06-01 14:29:45,2025-06-01 14:34:45,300,0.08
4337,L10,#72,GW252/13600,(3)待机状态,3,2025-06-01 14:28:08,2025-06-01 14:29:45,97,0.03
4338,L10,#72,GW252/13600,(2)停机状态,2,2025-06-01 14:28:06,2025-06-01 14:28:08,2,0
4339,L10,#72,GW252/13600,(1)停机过程,1,2025-06-01 14:27:35,2025-06-01 14:28:06,31,0.01
4340,L10,#72,GW252/13600,(4)启机状态,4,2025-06-01 14:22:35,2025-06-01 14:27:35,300,0.08
4341,L10,#72,GW252/13600,(3)待机状态,3,2025-06-01 14:21:30,2025-06-01 14:22:35,65,0.02
4342,L10,#72,GW252/13600,(2)停机状态,2,2025-06-01 14:21:29,2025-06-01 14:21:30,1,0
4343,L10,#72,GW252/13600,(1)停机过程,1,2025-06-01 14:20:57,2025-06-01 14:21:29,32,0.01
4344,L10,#72,GW252/13600,(4)启机状态,4,2025-06-01 14:15:58,2025-06-01 14:20:57,299,0.08
4345,L10,#72,GW252/13600,(3)待机状态,3,2025-06-01 14:14:04,2025-06-01 14:15:58,114,0.03
4346,L10,#72,GW252/13600,(2)停机状态,2,2025-06-01 14:13:37,2025-06-01 14:14:04,27,0.01
4347,L10,#72,GW252/13600,(1)停机过程,1,2025-06-01 14:13:06,2025-06-01 14:13:37,31,0.01
4348,L10,#72,GW252/13600,(4)启机状态,4,2025-06-01 14:08:06,2025-06-01 14:13:06,300,0.08
4349,L10,#72,GW252/13600,(3)待机状态,3,2025-06-01 14:00:40,2025-06-01 14:08:06,446,0.12
4350,L10,#72,GW252/13600,(1)停机过程,1,2025-06-01 14:00:08,2025-06-01 14:00:40,32,0.01
4351,L10,#72,GW252/13600,(4)启机状态,4,2025-06-01 13:55:08,2025-06-01 14:00:08,300,0.08
4352,L10,#72,GW252/13600,(3)待机状态,3,2025-06-01 13:50:28,2025-06-01 13:55:08,280,0.08
4353,L10,#72,GW252/13600,(2)停机状态,2,2025-06-01 13:48:37,2025-06-01 13:50:28,111,0.03
4354,L10,#72,GW252/13600,(1)停机过程,1,2025-06-01 13:47:40,2025-06-01 13:48:37,57,0.02
4355,L10,#72,GW252/13600,(5)发电状态,5,2025-06-01 07:04:54,2025-06-01 13:47:40,24166,6.71
4356,L10,#72,GW252/13600,(4)启机状态,4,2025-06-01 07:01:09,2025-06-01 07:04:54,225,0.06
4357,L10,#72,GW252/13600,(3)待机状态,3,2025-06-01 07:00:08,2025-06-01 07:01:09,61,0.02
4358,L10,#72,GW252/13600,(2)停机状态,2,2025-06-01 07:00:07,2025-06-01 07:00:08,1,0
4359,L10,#72,GW252/13600,(1)停机过程,1,2025-06-01 06:59:30,2025-06-01 07:00:07,37,0.01
4360,L10,#72,GW252/13600,(4)启机状态,4,2025-06-01 06:54:30,2025-06-01 06:59:30,300,0.08
4361,L10,#72,GW252/13600,(3)待机状态,3,2025-06-01 06:53:25,2025-06-01 06:54:30,65,0.02
4362,L10,#72,GW252/13600,(2)停机状态,2,2025-06-01 06:52:04,2025-06-01 06:53:25,81,0.02
4363,L10,#72,GW252/13600,(1)停机过程,1,2025-06-01 06:51:33,2025-06-01 06:52:04,31,0.01
4364,L10,#72,GW252/13600,(4)启机状态,4,2025-06-01 06:46:33,2025-06-01 06:51:33,300,0.08
4365,L10,#72,GW252/13600,(3)待机状态,3,2025-06-01 06:45:23,2025-06-01 06:46:33,70,0.02
4366,L10,#72,GW252/13600,(2)停机状态,2,2025-06-01 06:42:26,2025-06-01 06:45:23,177,0.05
4367,L10,#72,GW252/13600,(1)停机过程,1,2025-06-01 06:41:29,2025-06-01 06:42:26,57,0.02
4368,L10,#72,GW252/13600,(5)发电状态,5,2025-05-31 16:25:04,2025-06-01 06:41:29,51385,14.27
4369,L10,#72,GW252/13600,(4)启机状态,4,2025-05-31 16:24:12,2025-05-31 16:25:04,52,0.01
4370,L10,#72,GW252/13600,(3)待机状态,3,2025-05-31 16:23:32,2025-05-31 16:24:12,40,0.01
4371,L10,#72,GW252/13600,(2)停机状态,2,2025-05-31 09:49:55,2025-05-31 16:23:32,23617,6.56
4372,L10,#72,GW252/13600,(1)停机过程,1,2025-05-31 09:48:59,2025-05-31 09:49:55,56,0.02
4373,L10,#72,GW252/13600,(5)发电状态,5,2025-05-29 15:17:22,2025-05-31 09:48:59,153097,42.53
4374,L10,#72,GW252/13600,(4)启机状态,4,2025-05-29 15:12:44,2025-05-29 15:17:22,278,0.08
4375,L10,#72,GW252/13600,(3)待机状态,3,2025-05-29 15:11:43,2025-05-29 15:12:44,61,0.02
4376,L10,#72,GW252/13600,(2)停机状态,2,2025-05-29 15:11:39,2025-05-29 15:11:43,4,0
4377,L10,#72,GW252/13600,(1)停机过程,1,2025-05-29 15:11:08,2025-05-29 15:11:39,31,0.01
4378,L10,#72,GW252/13600,(4)启机状态,4,2025-05-29 15:06:07,2025-05-29 15:11:08,301,0.08
4379,L10,#72,GW252/13600,(3)待机状态,3,2025-05-29 15:05:15,2025-05-29 15:06:07,52,0.01
4380,L10,#72,GW252/13600,(2)停机状态,2,2025-05-29 15:05:13,2025-05-29 15:05:15,2,0
4381,L10,#72,GW252/13600,(1)停机过程,1,2025-05-29 15:04:16,2025-05-29 15:05:13,57,0.02
4382,L10,#72,GW252/13600,(4)启机状态,4,2025-05-29 14:59:16,2025-05-29 15:04:16,300,0.08
4383,L10,#72,GW252/13600,(3)待机状态,3,2025-05-29 14:58:18,2025-05-29 14:59:16,58,0.02
4384,L10,#72,GW252/13600,(1)停机过程,1,2025-05-29 14:57:42,2025-05-29 14:58:18,36,0.01
4385,L10,#72,GW252/13600,(4)启机状态,4,2025-05-29 14:52:41,2025-05-29 14:57:42,301,0.08
4386,L10,#72,GW252/13600,(3)待机状态,3,2025-05-29 14:51:46,2025-05-29 14:52:41,55,0.02
4387,L10,#72,GW252/13600,(2)停机状态,2,2025-05-29 14:51:44,2025-05-29 14:51:46,2,0
4388,L10,#72,GW252/13600,(1)停机过程,1,2025-05-29 14:51:11,2025-05-29 14:51:44,33,0.01
4389,L10,#72,GW252/13600,(4)启机状态,4,2025-05-29 14:46:11,2025-05-29 14:51:11,300,0.08
4390,L10,#72,GW252/13600,(3)待机状态,3,2025-05-29 14:45:01,2025-05-29 14:46:11,70,0.02
4391,L10,#72,GW252/13600,(2)停机状态,2,2025-05-29 14:45:00,2025-05-29 14:45:01,1,0
4392,L10,#72,GW252/13600,(1)停机过程,1,2025-05-29 14:44:29,2025-05-29 14:45:00,31,0.01
4393,L10,#72,GW252/13600,(4)启机状态,4,2025-05-29 14:39:29,2025-05-29 14:44:29,300,0.08
4394,L10,#72,GW252/13600,(3)待机状态,3,2025-05-29 14:38:25,2025-05-29 14:39:29,64,0.02
4395,L10,#72,GW252/13600,(2)停机状态,2,2025-05-29 14:38:23,2025-05-29 14:38:25,2,0
4396,L10,#72,GW252/13600,(1)停机过程,1,2025-05-29 14:37:27,2025-05-29 14:38:23,56,0.02
4397,L10,#72,GW252/13600,(4)启机状态,4,2025-05-29 14:32:27,2025-05-29 14:37:27,300,0.08
4398,L10,#72,GW252/13600,(3)待机状态,3,2025-05-29 14:31:29,2025-05-29 14:32:27,58,0.02
4399,L10,#72,GW252/13600,(1)停机过程,1,2025-05-29 14:30:56,2025-05-29 14:31:29,33,0.01
4400,L10,#72,GW252/13600,(4)启机状态,4,2025-05-29 14:25:56,2025-05-29 14:30:56,300,0.08
4401,L10,#72,GW252/13600,(3)待机状态,3,2025-05-29 14:24:38,2025-05-29 14:25:56,78,0.02
4402,L10,#72,GW252/13600,(2)停机状态,2,2025-05-29 14:21:43,2025-05-29 14:24:38,175,0.05
4403,L10,#72,GW252/13600,(1)停机过程,1,2025-05-29 14:21:10,2025-05-29 14:21:43,33,0.01
4404,L10,#72,GW252/13600,(4)启机状态,4,2025-05-29 14:16:10,2025-05-29 14:21:10,300,0.08
4405,L10,#72,GW252/13600,(3)待机状态,3,2025-05-29 14:14:06,2025-05-29 14:16:10,124,0.03
4406,L10,#72,GW252/13600,(2)停机状态,2,2025-05-29 14:13:26,2025-05-29 14:14:06,40,0.01
4407,L10,#72,GW252/13600,(1)停机过程,1,2025-05-29 14:12:56,2025-05-29 14:13:26,30,0.01
4408,L10,#72,GW252/13600,(4)启机状态,4,2025-05-29 14:07:55,2025-05-29 14:12:56,301,0.08
4409,L10,#72,GW252/13600,(3)待机状态,3,2025-05-29 14:06:37,2025-05-29 14:07:55,78,0.02
4410,L10,#72,GW252/13600,(2)停机状态,2,2025-05-29 14:06:27,2025-05-29 14:06:37,10,0
4411,L10,#72,GW252/13600,(1)停机过程,1,2025-05-29 14:05:57,2025-05-29 14:06:27,30,0.01
4412,L10,#72,GW252/13600,(4)启机状态,4,2025-05-29 14:00:57,2025-05-29 14:05:57,300,0.08
4413,L10,#72,GW252/13600,(3)待机状态,3,2025-05-29 13:59:53,2025-05-29 14:00:57,64,0.02
4414,L10,#72,GW252/13600,(2)停机状态,2,2025-05-29 13:59:51,2025-05-29 13:59:53,2,0
4415,L10,#72,GW252/13600,(1)停机过程,1,2025-05-29 13:58:55,2025-05-29 13:59:51,56,0.02
4416,L10,#72,GW252/13600,(4)启机状态,4,2025-05-29 13:53:55,2025-05-29 13:58:55,300,0.08
4417,L10,#72,GW252/13600,(3)待机状态,3,2025-05-29 13:52:53,2025-05-29 13:53:55,62,0.02
4418,L10,#72,GW252/13600,(2)停机状态,2,2025-05-29 13:52:52,2025-05-29 13:52:53,1,0
4419,L10,#72,GW252/13600,(1)停机过程,1,2025-05-29 13:52:20,2025-05-29 13:52:52,32,0.01
4420,L10,#72,GW252/13600,(4)启机状态,4,2025-05-29 13:47:19,2025-05-29 13:52:20,301,0.08
4421,L10,#72,GW252/13600,(3)待机状态,3,2025-05-29 13:46:07,2025-05-29 13:47:19,72,0.02
4422,L10,#72,GW252/13600,(2)停机状态,2,2025-05-29 13:44:15,2025-05-29 13:46:07,112,0.03
4423,L10,#72,GW252/13600,(1)停机过程,1,2025-05-29 13:43:43,2025-05-29 13:44:15,32,0.01
4424,L10,#72,GW252/13600,(4)启机状态,4,2025-05-29 13:38:42,2025-05-29 13:43:43,301,0.08
4425,L10,#72,GW252/13600,(3)待机状态,3,2025-05-29 13:37:28,2025-05-29 13:38:42,74,0.02
4426,L10,#72,GW252/13600,(2)停机状态,2,2025-05-29 13:35:58,2025-05-29 13:37:28,90,0.03
4427,L10,#72,GW252/13600,(1)停机过程,1,2025-05-29 13:34:59,2025-05-29 13:35:58,59,0.02
4428,L10,#72,GW252/13600,(5)发电状态,5,2025-05-29 13:09:25,2025-05-29 13:34:59,1534,0.43
4429,L10,#72,GW252/13600,(4)启机状态,4,2025-05-29 13:06:38,2025-05-29 13:09:25,167,0.05
4430,L10,#72,GW252/13600,(3)待机状态,3,2025-05-29 13:05:41,2025-05-29 13:06:38,57,0.02
4431,L10,#72,GW252/13600,(1)停机过程,1,2025-05-29 13:04:47,2025-05-29 13:05:41,54,0.02
4432,L10,#72,GW252/13600,(4)启机状态,4,2025-05-29 12:59:47,2025-05-29 13:04:47,300,0.08
4433,L10,#72,GW252/13600,(3)待机状态,3,2025-05-29 12:58:31,2025-05-29 12:59:47,76,0.02
4434,L10,#72,GW252/13600,(2)停机状态,2,2025-05-29 12:57:07,2025-05-29 12:58:31,84,0.02
4435,L10,#72,GW252/13600,(1)停机过程,1,2025-05-29 12:56:35,2025-05-29 12:57:07,32,0.01
4436,L10,#72,GW252/13600,(4)启机状态,4,2025-05-29 12:51:35,2025-05-29 12:56:35,300,0.08
4437,L10,#72,GW252/13600,(3)待机状态,3,2025-05-29 12:50:33,2025-05-29 12:51:35,62,0.02
4438,L10,#72,GW252/13600,(2)停机状态,2,2025-05-29 12:50:32,2025-05-29 12:50:33,1,0
4439,L10,#72,GW252/13600,(1)停机过程,1,2025-05-29 12:50:01,2025-05-29 12:50:32,31,0.01
4440,L10,#72,GW252/13600,(4)启机状态,4,2025-05-29 12:45:01,2025-05-29 12:50:01,300,0.08
4441,L10,#72,GW252/13600,(3)待机状态,3,2025-05-29 12:43:39,2025-05-29 12:45:01,82,0.02
4442,L10,#72,GW252/13600,(1)停机过程,1,2025-05-29 12:43:06,2025-05-29 12:43:39,33,0.01
4443,L10,#72,GW252/13600,(4)启机状态,4,2025-05-29 12:38:06,2025-05-29 12:43:06,300,0.08
4444,L10,#72,GW252/13600,(3)待机状态,3,2025-05-29 12:16:10,2025-05-29 12:38:06,1316,0.37
4445,L10,#72,GW252/13600,(2)停机状态,2,2025-05-29 12:10:33,2025-05-29 12:16:10,337,0.09
4446,L10,#72,GW252/13600,(1)停机过程,1,2025-05-29 12:10:02,2025-05-29 12:10:33,31,0.01
4447,L10,#72,GW252/13600,(4)启机状态,4,2025-05-29 12:05:01,2025-05-29 12:10:02,301,0.08
4448,L10,#72,GW252/13600,(3)待机状态,3,2025-05-29 05:20:58,2025-05-29 12:05:01,24243,6.73
4449,L10,#72,GW252/13600,(2)停机状态,2,2025-05-29 05:20:57,2025-05-29 05:20:58,1,0
4450,L10,#72,GW252/13600,(1)停机过程,1,2025-05-29 05:20:25,2025-05-29 05:20:57,32,0.01
4451,L10,#72,GW252/13600,(4)启机状态,4,2025-05-29 05:15:24,2025-05-29 05:20:25,301,0.08
4452,L10,#72,GW252/13600,(3)待机状态,3,2025-05-29 05:13:03,2025-05-29 05:15:24,141,0.04
4453,L10,#72,GW252/13600,(2)停机状态,2,2025-05-29 05:13:01,2025-05-29 05:13:03,2,0
4454,L10,#72,GW252/13600,(1)停机过程,1,2025-05-29 05:12:30,2025-05-29 05:13:01,31,0.01
4455,L10,#72,GW252/13600,(4)启机状态,4,2025-05-29 05:07:30,2025-05-29 05:12:30,300,0.08
4456,L10,#72,GW252/13600,(3)待机状态,3,2025-05-29 05:06:15,2025-05-29 05:07:30,75,0.02
4457,L10,#72,GW252/13600,(2)停机状态,2,2025-05-29 05:06:13,2025-05-29 05:06:15,2,0
4458,L10,#72,GW252/13600,(1)停机过程,1,2025-05-29 05:05:40,2025-05-29 05:06:13,33,0.01
4459,L10,#72,GW252/13600,(4)启机状态,4,2025-05-29 05:00:40,2025-05-29 05:05:40,300,0.08
4460,L10,#72,GW252/13600,(3)待机状态,3,2025-05-29 04:59:32,2025-05-29 05:00:40,68,0.02
4461,L10,#72,GW252/13600,(2)停机状态,2,2025-05-29 04:59:29,2025-05-29 04:59:32,3,0
4462,L10,#72,GW252/13600,(1)停机过程,1,2025-05-29 04:58:59,2025-05-29 04:59:29,30,0.01
4463,L10,#72,GW252/13600,(4)启机状态,4,2025-05-29 04:53:59,2025-05-29 04:58:59,300,0.08
4464,L10,#72,GW252/13600,(3)待机状态,3,2025-05-29 04:51:46,2025-05-29 04:53:59,133,0.04
4465,L10,#72,GW252/13600,(2)停机状态,2,2025-05-29 04:51:00,2025-05-29 04:51:46,46,0.01
4466,L10,#72,GW252/13600,(1)停机过程,1,2025-05-29 04:50:29,2025-05-29 04:51:00,31,0.01
4467,L10,#72,GW252/13600,(4)启机状态,4,2025-05-29 04:45:29,2025-05-29 04:50:29,300,0.08
4468,L10,#72,GW252/13600,(3)待机状态,3,2025-05-29 04:43:55,2025-05-29 04:45:29,94,0.03
4469,L10,#72,GW252/13600,(2)停机状态,2,2025-05-29 04:42:31,2025-05-29 04:43:55,84,0.02
4470,L10,#72,GW252/13600,(1)停机过程,1,2025-05-29 04:42:02,2025-05-29 04:42:31,29,0.01
4471,L10,#72,GW252/13600,(4)启机状态,4,2025-05-29 04:37:01,2025-05-29 04:42:02,301,0.08
4472,L10,#72,GW252/13600,(3)待机状态,3,2025-05-29 04:35:30,2025-05-29 04:37:01,91,0.03
4473,L10,#72,GW252/13600,(2)停机状态,2,2025-05-29 04:32:23,2025-05-29 04:35:30,187,0.05
4474,L10,#72,GW252/13600,(1)停机过程,1,2025-05-29 04:31:49,2025-05-29 04:32:23,34,0.01
4475,L10,#72,GW252/13600,(4)启机状态,4,2025-05-29 04:26:49,2025-05-29 04:31:49,300,0.08
4476,L10,#72,GW252/13600,(3)待机状态,3,2025-05-29 04:24:54,2025-05-29 04:26:49,115,0.03
4477,L10,#72,GW252/13600,(2)停机状态,2,2025-05-29 04:24:53,2025-05-29 04:24:54,1,0
4478,L10,#72,GW252/13600,(1)停机过程,1,2025-05-29 04:24:21,2025-05-29 04:24:53,32,0.01
4479,L10,#72,GW252/13600,(4)启机状态,4,2025-05-29 04:19:21,2025-05-29 04:24:21,300,0.08
4480,L10,#72,GW252/13600,(3)待机状态,3,2025-05-29 04:18:06,2025-05-29 04:19:21,75,0.02
4481,L10,#72,GW252/13600,(2)停机状态,2,2025-05-29 04:18:02,2025-05-29 04:18:06,4,0
4482,L10,#72,GW252/13600,(1)停机过程,1,2025-05-29 04:17:30,2025-05-29 04:18:02,32,0.01
4483,L10,#72,GW252/13600,(4)启机状态,4,2025-05-29 04:12:29,2025-05-29 04:17:30,301,0.08
4484,L10,#72,GW252/13600,(3)待机状态,3,2025-05-29 04:11:35,2025-05-29 04:12:29,54,0.02
4485,L10,#72,GW252/13600,(2)停机状态,2,2025-05-29 04:11:34,2025-05-29 04:11:35,1,0
4486,L10,#72,GW252/13600,(1)停机过程,1,2025-05-29 04:11:01,2025-05-29 04:11:34,33,0.01
4487,L10,#72,GW252/13600,(4)启机状态,4,2025-05-29 04:06:02,2025-05-29 04:11:01,299,0.08
4488,L10,#72,GW252/13600,(3)待机状态,3,2025-05-29 04:04:58,2025-05-29 04:06:02,64,0.02
4489,L10,#72,GW252/13600,(2)停机状态,2,2025-05-29 04:04:57,2025-05-29 04:04:58,1,0
4490,L10,#72,GW252/13600,(1)停机过程,1,2025-05-29 04:04:26,2025-05-29 04:04:57,31,0.01
4491,L10,#72,GW252/13600,(4)启机状态,4,2025-05-29 03:59:26,2025-05-29 04:04:26,300,0.08
4492,L10,#72,GW252/13600,(3)待机状态,3,2025-05-29 03:55:30,2025-05-29 03:59:26,236,0.07
4493,L10,#72,GW252/13600,(2)停机状态,2,2025-05-29 03:50:42,2025-05-29 03:55:30,288,0.08
4494,L10,#72,GW252/13600,(1)停机过程,1,2025-05-29 03:49:45,2025-05-29 03:50:42,57,0.02
4495,L10,#72,GW252/13600,(5)发电状态,5,2025-05-29 02:18:37,2025-05-29 03:49:45,5468,1.52
4496,L10,#72,GW252/13600,(4)启机状态,4,2025-05-29 02:15:48,2025-05-29 02:18:37,169,0.05
4497,L10,#72,GW252/13600,(3)待机状态,3,2025-05-29 02:14:53,2025-05-29 02:15:48,55,0.02
4498,L10,#72,GW252/13600,(2)停机状态,2,2025-05-29 02:14:52,2025-05-29 02:14:53,1,0
4499,L10,#72,GW252/13600,(1)停机过程,1,2025-05-29 02:14:19,2025-05-29 02:14:52,33,0.01
4500,L10,#72,GW252/13600,(4)启机状态,4,2025-05-29 02:09:19,2025-05-29 02:14:19,300,0.08
4501,L10,#72,GW252/13600,(3)待机状态,3,2025-05-29 02:05:32,2025-05-29 02:09:19,227,0.06
4502,L10,#72,GW252/13600,(2)停机状态,2,2025-05-29 02:05:31,2025-05-29 02:05:32,1,0
4503,L10,#72,GW252/13600,(1)停机过程,1,2025-05-29 02:04:37,2025-05-29 02:05:31,54,0.02
4504,L10,#72,GW252/13600,(4)启机状态,4,2025-05-29 01:59:37,2025-05-29 02:04:37,300,0.08
4505,L10,#72,GW252/13600,(3)待机状态,3,2025-05-29 01:55:12,2025-05-29 01:59:37,265,0.07
4506,L10,#72,GW252/13600,(2)停机状态,2,2025-05-29 01:51:11,2025-05-29 01:55:12,241,0.07
4507,L10,#72,GW252/13600,(1)停机过程,1,2025-05-29 01:50:14,2025-05-29 01:51:11,57,0.02
4508,L10,#72,GW252/13600,(5)发电状态,5,2025-05-28 18:16:30,2025-05-29 01:50:14,27224,7.56
4509,L10,#72,GW252/13600,(4)启机状态,4,2025-05-28 18:12:56,2025-05-28 18:16:30,214,0.06
4510,L10,#72,GW252/13600,(3)待机状态,3,2025-05-28 18:12:02,2025-05-28 18:12:56,54,0.02
4511,L10,#72,GW252/13600,(2)停机状态,2,2025-05-28 18:12:00,2025-05-28 18:12:02,2,0
4512,L10,#72,GW252/13600,(1)停机过程,1,2025-05-28 18:11:02,2025-05-28 18:12:00,58,0.02
4513,L10,#72,GW252/13600,(4)启机状态,4,2025-05-28 18:06:02,2025-05-28 18:11:02,300,0.08
4514,L10,#72,GW252/13600,(3)待机状态,3,2025-05-28 18:04:46,2025-05-28 18:06:02,76,0.02
4515,L10,#72,GW252/13600,(2)停机状态,2,2025-05-28 17:59:09,2025-05-28 18:04:46,337,0.09
4516,L10,#72,GW252/13600,(1)停机过程,1,2025-05-28 17:58:37,2025-05-28 17:59:09,32,0.01
4517,L10,#72,GW252/13600,(4)启机状态,4,2025-05-28 17:53:37,2025-05-28 17:58:37,300,0.08
4518,L10,#72,GW252/13600,(3)待机状态,3,2025-05-28 16:22:07,2025-05-28 17:53:37,5490,1.53
4519,L10,#72,GW252/13600,(2)停机状态,2,2025-05-28 16:19:46,2025-05-28 16:22:07,141,0.04
4520,L10,#72,GW252/13600,(1)停机过程,1,2025-05-28 16:18:50,2025-05-28 16:19:46,56,0.02
4521,L10,#72,GW252/13600,(5)发电状态,5,2025-05-28 16:01:10,2025-05-28 16:18:50,1060,0.29
4522,L10,#72,GW252/13600,(4)启机状态,4,2025-05-28 15:59:46,2025-05-28 16:01:10,84,0.02
4523,L10,#72,GW252/13600,(3)待机状态,3,2025-05-28 15:53:53,2025-05-28 15:59:46,353,0.1
4524,L10,#72,GW252/13600,(2)停机状态,2,2025-05-28 15:17:20,2025-05-28 15:53:53,2193,0.61
4525,L10,#72,GW252/13600,(1)停机过程,1,2025-05-28 15:16:27,2025-05-28 15:17:20,53,0.01
4526,L10,#72,GW252/13600,(5)发电状态,5,2025-05-24 09:38:34,2025-05-28 15:16:27,365873,101.63
4527,L10,#72,GW252/13600,(3)待机状态,3,2025-05-24 09:32:32,2025-05-24 09:38:34,362,0.1
4528,L10,#72,GW252/13600,(4)启机状态,4,2025-05-24 09:28:44,2025-05-24 09:32:32,228,0.06
4529,L10,#72,GW252/13600,(3)待机状态,3,2025-05-24 09:05:12,2025-05-24 09:28:44,1412,0.39
4530,L10,#72,GW252/13600,(5)发电状态,5,2025-05-24 07:36:12,2025-05-24 09:05:12,5340,1.48
4531,L10,#72,GW252/13600,(4)启机状态,4,2025-05-24 07:28:52,2025-05-24 07:36:12,440,0.12
4532,L10,#72,GW252/13600,(3)待机状态,3,2025-05-24 07:22:47,2025-05-24 07:28:52,365,0.1
4533,L10,#72,GW252/13600,(5)发电状态,5,2025-05-24 06:22:57,2025-05-24 07:22:47,3590,1
4534,L10,#72,GW252/13600,(4)启机状态,4,2025-05-24 06:21:22,2025-05-24 06:22:57,95,0.03
4535,L10,#72,GW252/13600,(3)待机状态,3,2025-05-24 06:20:32,2025-05-24 06:21:22,50,0.01
4536,L10,#72,GW252/13600,(1)停机过程,1,2025-05-24 06:20:00,2025-05-24 06:20:32,32,0.01
4537,L10,#72,GW252/13600,(4)启机状态,4,2025-05-24 06:15:00,2025-05-24 06:20:00,300,0.08
4538,L10,#72,GW252/13600,(3)待机状态,3,2025-05-24 06:11:18,2025-05-24 06:15:00,222,0.06
4539,L10,#72,GW252/13600,(2)停机状态,2,2025-05-24 06:11:16,2025-05-24 06:11:18,2,0
4540,L10,#72,GW252/13600,(1)停机过程,1,2025-05-24 06:10:45,2025-05-24 06:11:16,31,0.01
4541,L10,#72,GW252/13600,(4)启机状态,4,2025-05-24 06:05:44,2025-05-24 06:10:45,301,0.08
4542,L10,#72,GW252/13600,(3)待机状态,3,2025-05-24 06:04:24,2025-05-24 06:05:44,80,0.02
4543,L10,#72,GW252/13600,(2)停机状态,2,2025-05-24 06:04:23,2025-05-24 06:04:24,1,0
4544,L10,#72,GW252/13600,(1)停机过程,1,2025-05-24 06:03:51,2025-05-24 06:04:23,32,0.01
4545,L10,#72,GW252/13600,(4)启机状态,4,2025-05-24 05:58:51,2025-05-24 06:03:51,300,0.08
4546,L10,#72,GW252/13600,(3)待机状态,3,2025-05-24 05:57:46,2025-05-24 05:58:51,65,0.02
4547,L10,#72,GW252/13600,(2)停机状态,2,2025-05-24 05:57:45,2025-05-24 05:57:46,1,0
4548,L10,#72,GW252/13600,(1)停机过程,1,2025-05-24 05:57:14,2025-05-24 05:57:45,31,0.01
4549,L10,#72,GW252/13600,(4)启机状态,4,2025-05-24 05:52:13,2025-05-24 05:57:14,301,0.08
4550,L10,#72,GW252/13600,(3)待机状态,3,2025-05-24 05:51:04,2025-05-24 05:52:13,69,0.02
4551,L10,#72,GW252/13600,(2)停机状态,2,2025-05-24 05:51:03,2025-05-24 05:51:04,1,0
4552,L10,#72,GW252/13600,(1)停机过程,1,2025-05-24 05:50:06,2025-05-24 05:51:03,57,0.02
4553,L10,#72,GW252/13600,(4)启机状态,4,2025-05-24 05:45:06,2025-05-24 05:50:06,300,0.08
4554,L10,#72,GW252/13600,(3)待机状态,3,2025-05-24 05:43:58,2025-05-24 05:45:06,68,0.02
4555,L10,#72,GW252/13600,(2)停机状态,2,2025-05-24 05:43:31,2025-05-24 05:43:58,27,0.01
4556,L10,#72,GW252/13600,(1)停机过程,1,2025-05-24 05:43:00,2025-05-24 05:43:31,31,0.01
4557,L10,#72,GW252/13600,(4)启机状态,4,2025-05-24 05:38:00,2025-05-24 05:43:00,300,0.08
4558,L10,#72,GW252/13600,(3)待机状态,3,2025-05-24 05:36:31,2025-05-24 05:38:00,89,0.02
4559,L10,#72,GW252/13600,(1)停机过程,1,2025-05-24 05:35:59,2025-05-24 05:36:31,32,0.01
4560,L10,#72,GW252/13600,(4)启机状态,4,2025-05-24 05:30:59,2025-05-24 05:35:59,300,0.08
4561,L10,#72,GW252/13600,(3)待机状态,3,2025-05-24 05:29:49,2025-05-24 05:30:59,70,0.02
4562,L10,#72,GW252/13600,(2)停机状态,2,2025-05-24 05:29:48,2025-05-24 05:29:49,1,0
4563,L10,#72,GW252/13600,(1)停机过程,1,2025-05-24 05:29:16,2025-05-24 05:29:48,32,0.01
4564,L10,#72,GW252/13600,(4)启机状态,4,2025-05-24 05:24:16,2025-05-24 05:29:16,300,0.08
4565,L10,#72,GW252/13600,(3)待机状态,3,2025-05-24 05:23:11,2025-05-24 05:24:16,65,0.02
4566,L10,#72,GW252/13600,(2)停机状态,2,2025-05-24 05:23:10,2025-05-24 05:23:11,1,0
4567,L10,#72,GW252/13600,(1)停机过程,1,2025-05-24 05:22:14,2025-05-24 05:23:10,56,0.02
4568,L10,#72,GW252/13600,(4)启机状态,4,2025-05-24 05:17:13,2025-05-24 05:22:14,301,0.08
4569,L10,#72,GW252/13600,(3)待机状态,3,2025-05-24 05:16:07,2025-05-24 05:17:13,66,0.02
4570,L10,#72,GW252/13600,(2)停机状态,2,2025-05-24 05:16:06,2025-05-24 05:16:07,1,0
4571,L10,#72,GW252/13600,(1)停机过程,1,2025-05-24 05:15:34,2025-05-24 05:16:06,32,0.01
4572,L10,#72,GW252/13600,(4)启机状态,4,2025-05-24 05:10:33,2025-05-24 05:15:34,301,0.08
4573,L10,#72,GW252/13600,(3)待机状态,3,2025-05-24 05:04:57,2025-05-24 05:10:33,336,0.09
4574,L10,#72,GW252/13600,(2)停机状态,2,2025-05-24 05:04:54,2025-05-24 05:04:57,3,0
4575,L10,#72,GW252/13600,(1)停机过程,1,2025-05-24 05:03:57,2025-05-24 05:04:54,57,0.02
4576,L10,#72,GW252/13600,(5)发电状态,5,2025-05-24 04:40:53,2025-05-24 05:03:57,1384,0.38
4577,L10,#72,GW252/13600,(4)启机状态,4,2025-05-24 04:38:11,2025-05-24 04:40:53,162,0.05
4578,L10,#72,GW252/13600,(3)待机状态,3,2025-05-24 04:37:15,2025-05-24 04:38:11,56,0.02
4579,L10,#72,GW252/13600,(2)停机状态,2,2025-05-24 04:37:13,2025-05-24 04:37:15,2,0
4580,L10,#72,GW252/13600,(1)停机过程,1,2025-05-24 04:36:41,2025-05-24 04:37:13,32,0.01
4581,L10,#72,GW252/13600,(4)启机状态,4,2025-05-24 04:31:41,2025-05-24 04:36:41,300,0.08
4582,L10,#72,GW252/13600,(3)待机状态,3,2025-05-24 04:30:31,2025-05-24 04:31:41,70,0.02
4583,L10,#72,GW252/13600,(2)停机状态,2,2025-05-24 04:30:28,2025-05-24 04:30:31,3,0
4584,L10,#72,GW252/13600,(1)停机过程,1,2025-05-24 04:29:56,2025-05-24 04:30:28,32,0.01
4585,L10,#72,GW252/13600,(4)启机状态,4,2025-05-24 04:24:56,2025-05-24 04:29:56,300,0.08
4586,L10,#72,GW252/13600,(3)待机状态,3,2025-05-24 04:23:05,2025-05-24 04:24:56,111,0.03
4587,L10,#72,GW252/13600,(2)停机状态,2,2025-05-24 04:17:26,2025-05-24 04:23:05,339,0.09
4588,L10,#72,GW252/13600,(1)停机过程,1,2025-05-24 04:16:56,2025-05-24 04:17:26,30,0.01
4589,L10,#72,GW252/13600,(4)启机状态,4,2025-05-24 04:11:56,2025-05-24 04:16:56,300,0.08
4590,L10,#72,GW252/13600,(3)待机状态,3,2025-05-24 04:10:46,2025-05-24 04:11:56,70,0.02
4591,L10,#72,GW252/13600,(2)停机状态,2,2025-05-24 04:10:45,2025-05-24 04:10:46,1,0
4592,L10,#72,GW252/13600,(1)停机过程,1,2025-05-24 04:10:12,2025-05-24 04:10:45,33,0.01
4593,L10,#72,GW252/13600,(4)启机状态,4,2025-05-24 04:05:12,2025-05-24 04:10:12,300,0.08
4594,L10,#72,GW252/13600,(3)待机状态,3,2025-05-24 04:04:07,2025-05-24 04:05:12,65,0.02
4595,L10,#72,GW252/13600,(2)停机状态,2,2025-05-24 04:04:06,2025-05-24 04:04:07,1,0
4596,L10,#72,GW252/13600,(1)停机过程,1,2025-05-24 04:03:36,2025-05-24 04:04:06,30,0.01
4597,L10,#72,GW252/13600,(4)启机状态,4,2025-05-24 03:58:35,2025-05-24 04:03:36,301,0.08
4598,L10,#72,GW252/13600,(3)待机状态,3,2025-05-24 03:57:17,2025-05-24 03:58:35,78,0.02
4599,L10,#72,GW252/13600,(2)停机状态,2,2025-05-24 03:57:08,2025-05-24 03:57:17,9,0
4600,L10,#72,GW252/13600,(1)停机过程,1,2025-05-24 03:56:36,2025-05-24 03:57:08,32,0.01
4601,L10,#72,GW252/13600,(4)启机状态,4,2025-05-24 03:51:37,2025-05-24 03:56:36,299,0.08
4602,L10,#72,GW252/13600,(3)待机状态,3,2025-05-24 03:50:20,2025-05-24 03:51:37,77,0.02
4603,L10,#72,GW252/13600,(2)停机状态,2,2025-05-24 03:49:29,2025-05-24 03:50:20,51,0.01
4604,L10,#72,GW252/13600,(1)停机过程,1,2025-05-24 03:48:59,2025-05-24 03:49:29,30,0.01
4605,L10,#72,GW252/13600,(4)启机状态,4,2025-05-24 03:43:57,2025-05-24 03:48:59,302,0.08
4606,L10,#72,GW252/13600,(3)待机状态,3,2025-05-24 03:39:40,2025-05-24 03:43:57,257,0.07
4607,L10,#72,GW252/13600,(2)停机状态,2,2025-05-24 03:39:08,2025-05-24 03:39:40,32,0.01
4608,L10,#72,GW252/13600,(1)停机过程,1,2025-05-24 03:38:12,2025-05-24 03:39:08,56,0.02
4609,L10,#72,GW252/13600,(5)发电状态,5,2025-05-24 01:57:55,2025-05-24 03:38:12,6017,1.67
4610,L10,#72,GW252/13600,(4)启机状态,4,2025-05-24 01:52:55,2025-05-24 01:57:55,300,0.08
4611,L10,#72,GW252/13600,(3)待机状态,3,2025-05-24 01:51:49,2025-05-24 01:52:55,66,0.02
4612,L10,#72,GW252/13600,(2)停机状态,2,2025-05-24 01:51:47,2025-05-24 01:51:49,2,0
4613,L10,#72,GW252/13600,(1)停机过程,1,2025-05-24 01:51:14,2025-05-24 01:51:47,33,0.01
4614,L10,#72,GW252/13600,(4)启机状态,4,2025-05-24 01:46:14,2025-05-24 01:51:14,300,0.08
4615,L10,#72,GW252/13600,(3)待机状态,3,2025-05-24 01:44:54,2025-05-24 01:46:14,80,0.02
4616,L10,#72,GW252/13600,(2)停机状态,2,2025-05-24 01:42:02,2025-05-24 01:44:54,172,0.05
4617,L10,#72,GW252/13600,(1)停机过程,1,2025-05-24 01:41:05,2025-05-24 01:42:02,57,0.02
4618,L10,#72,GW252/13600,(5)发电状态,5,2025-05-24 01:21:20,2025-05-24 01:41:05,1185,0.33
4619,L10,#72,GW252/13600,(4)启机状态,4,2025-05-24 01:17:05,2025-05-24 01:21:20,255,0.07
4620,L10,#72,GW252/13600,(3)待机状态,3,2025-05-24 01:16:03,2025-05-24 01:17:05,62,0.02
4621,L10,#72,GW252/13600,(2)停机状态,2,2025-05-24 01:16:01,2025-05-24 01:16:03,2,0
4622,L10,#72,GW252/13600,(1)停机过程,1,2025-05-24 01:15:30,2025-05-24 01:16:01,31,0.01
4623,L10,#72,GW252/13600,(4)启机状态,4,2025-05-24 01:10:30,2025-05-24 01:15:30,300,0.08
4624,L10,#72,GW252/13600,(3)待机状态,3,2025-05-24 01:09:29,2025-05-24 01:10:30,61,0.02
4625,L10,#72,GW252/13600,(2)停机状态,2,2025-05-24 01:09:28,2025-05-24 01:09:29,1,0
4626,L10,#72,GW252/13600,(1)停机过程,1,2025-05-24 01:08:57,2025-05-24 01:09:28,31,0.01
4627,L10,#72,GW252/13600,(4)启机状态,4,2025-05-24 01:03:56,2025-05-24 01:08:57,301,0.08
4628,L10,#72,GW252/13600,(3)待机状态,3,2025-05-24 01:02:54,2025-05-24 01:03:56,62,0.02
4629,L10,#72,GW252/13600,(1)停机过程,1,2025-05-24 01:02:22,2025-05-24 01:02:54,32,0.01
4630,L10,#72,GW252/13600,(4)启机状态,4,2025-05-24 00:57:22,2025-05-24 01:02:22,300,0.08
4631,L10,#72,GW252/13600,(3)待机状态,3,2025-05-24 00:55:47,2025-05-24 00:57:22,95,0.03
4632,L10,#72,GW252/13600,(2)停机状态,2,2025-05-24 00:55:46,2025-05-24 00:55:47,1,0
4633,L10,#72,GW252/13600,(1)停机过程,1,2025-05-24 00:55:15,2025-05-24 00:55:46,31,0.01
4634,L10,#72,GW252/13600,(4)启机状态,4,2025-05-24 00:50:15,2025-05-24 00:55:15,300,0.08
4635,L10,#72,GW252/13600,(3)待机状态,3,2025-05-24 00:48:44,2025-05-24 00:50:15,91,0.03
4636,L10,#72,GW252/13600,(2)停机状态,2,2025-05-24 00:43:20,2025-05-24 00:48:44,324,0.09
4637,L10,#72,GW252/13600,(1)停机过程,1,2025-05-24 00:42:48,2025-05-24 00:43:20,32,0.01
4638,L10,#72,GW252/13600,(4)启机状态,4,2025-05-24 00:37:48,2025-05-24 00:42:48,300,0.08
4639,L10,#72,GW252/13600,(3)待机状态,3,2025-05-24 00:36:23,2025-05-24 00:37:48,85,0.02
4640,L10,#72,GW252/13600,(2)停机状态,2,2025-05-24 00:30:46,2025-05-24 00:36:23,337,0.09
4641,L10,#72,GW252/13600,(1)停机过程,1,2025-05-24 00:30:14,2025-05-24 00:30:46,32,0.01
4642,L10,#72,GW252/13600,(4)启机状态,4,2025-05-24 00:25:14,2025-05-24 00:30:14,300,0.08
4643,L10,#72,GW252/13600,(3)待机状态,3,2025-05-24 00:23:03,2025-05-24 00:25:14,131,0.04
4644,L10,#72,GW252/13600,(2)停机状态,2,2025-05-24 00:22:17,2025-05-24 00:23:03,46,0.01
4645,L10,#72,GW252/13600,(1)停机过程,1,2025-05-24 00:21:46,2025-05-24 00:22:17,31,0.01
4646,L10,#72,GW252/13600,(4)启机状态,4,2025-05-24 00:16:46,2025-05-24 00:21:46,300,0.08
4647,L10,#72,GW252/13600,(3)待机状态,3,2025-05-24 00:14:30,2025-05-24 00:16:46,136,0.04
4648,L10,#72,GW252/13600,(1)停机过程,1,2025-05-24 00:13:58,2025-05-24 00:14:30,32,0.01
4649,L10,#72,GW252/13600,(4)启机状态,4,2025-05-24 00:08:58,2025-05-24 00:13:58,300,0.08
4650,L10,#72,GW252/13600,(3)待机状态,3,2025-05-24 00:06:38,2025-05-24 00:08:58,140,0.04
4651,L10,#72,GW252/13600,(2)停机状态,2,2025-05-24 00:06:36,2025-05-24 00:06:38,2,0
4652,L10,#72,GW252/13600,(1)停机过程,1,2025-05-24 00:06:05,2025-05-24 00:06:36,31,0.01
4653,L10,#72,GW252/13600,(4)启机状态,4,2025-05-24 00:01:06,2025-05-24 00:06:05,299,0.08
4654,L10,#72,GW252/13600,(3)待机状态,3,2025-05-23 23:59:41,2025-05-24 00:01:06,85,0.02
4655,L10,#72,GW252/13600,(2)停机状态,2,2025-05-23 23:59:40,2025-05-23 23:59:41,1,0
4656,L10,#72,GW252/13600,(1)停机过程,1,2025-05-23 23:59:08,2025-05-23 23:59:40,32,0.01
4657,L10,#72,GW252/13600,(4)启机状态,4,2025-05-23 23:54:08,2025-05-23 23:59:08,300,0.08
4658,L10,#72,GW252/13600,(3)待机状态,3,2025-05-23 23:52:39,2025-05-23 23:54:08,89,0.02
4659,L10,#72,GW252/13600,(1)停机过程,1,2025-05-23 23:52:06,2025-05-23 23:52:39,33,0.01
4660,L10,#72,GW252/13600,(4)启机状态,4,2025-05-23 23:47:06,2025-05-23 23:52:06,300,0.08
4661,L10,#72,GW252/13600,(3)待机状态,3,2025-05-23 23:44:41,2025-05-23 23:47:06,145,0.04
4662,L10,#72,GW252/13600,(2)停机状态,2,2025-05-23 23:44:14,2025-05-23 23:44:41,27,0.01
4663,L10,#72,GW252/13600,(1)停机过程,1,2025-05-23 23:43:42,2025-05-23 23:44:14,32,0.01
4664,L10,#72,GW252/13600,(4)启机状态,4,2025-05-23 23:38:42,2025-05-23 23:43:42,300,0.08
4665,L10,#72,GW252/13600,(3)待机状态,3,2025-05-23 23:37:34,2025-05-23 23:38:42,68,0.02
4666,L10,#72,GW252/13600,(2)停机状态,2,2025-05-23 23:37:32,2025-05-23 23:37:34,2,0
4667,L10,#72,GW252/13600,(1)停机过程,1,2025-05-23 23:37:01,2025-05-23 23:37:32,31,0.01
4668,L10,#72,GW252/13600,(4)启机状态,4,2025-05-23 23:32:02,2025-05-23 23:37:01,299,0.08
4669,L10,#72,GW252/13600,(3)待机状态,3,2025-05-23 23:31:03,2025-05-23 23:32:02,59,0.02
4670,L10,#72,GW252/13600,(1)停机过程,1,2025-05-23 23:30:06,2025-05-23 23:31:03,57,0.02
4671,L10,#72,GW252/13600,(4)启机状态,4,2025-05-23 23:25:06,2025-05-23 23:30:06,300,0.08
4672,L10,#72,GW252/13600,(3)待机状态,3,2025-05-23 23:23:59,2025-05-23 23:25:06,67,0.02
4673,L10,#72,GW252/13600,(2)停机状态,2,2025-05-23 23:23:56,2025-05-23 23:23:59,3,0
4674,L10,#72,GW252/13600,(1)停机过程,1,2025-05-23 23:23:25,2025-05-23 23:23:56,31,0.01
4675,L10,#72,GW252/13600,(4)启机状态,4,2025-05-23 23:18:25,2025-05-23 23:23:25,300,0.08
4676,L10,#72,GW252/13600,(3)待机状态,3,2025-05-23 23:16:21,2025-05-23 23:18:25,124,0.03
4677,L10,#72,GW252/13600,(2)停机状态,2,2025-05-23 23:16:20,2025-05-23 23:16:21,1,0
4678,L10,#72,GW252/13600,(1)停机过程,1,2025-05-23 23:15:47,2025-05-23 23:16:20,33,0.01
4679,L10,#72,GW252/13600,(4)启机状态,4,2025-05-23 23:10:47,2025-05-23 23:15:47,300,0.08
4680,L10,#72,GW252/13600,(3)待机状态,3,2025-05-23 23:09:03,2025-05-23 23:10:47,104,0.03
4681,L10,#72,GW252/13600,(2)停机状态,2,2025-05-23 23:05:53,2025-05-23 23:09:03,190,0.05
4682,L10,#72,GW252/13600,(1)停机过程,1,2025-05-23 23:05:22,2025-05-23 23:05:53,31,0.01
4683,L10,#72,GW252/13600,(4)启机状态,4,2025-05-23 23:00:22,2025-05-23 23:05:22,300,0.08
4684,L10,#72,GW252/13600,(3)待机状态,3,2025-05-23 22:58:52,2025-05-23 23:00:22,90,0.03
4685,L10,#72,GW252/13600,(2)停机状态,2,2025-05-23 22:53:59,2025-05-23 22:58:52,293,0.08
4686,L10,#72,GW252/13600,(1)停机过程,1,2025-05-23 22:53:29,2025-05-23 22:53:59,30,0.01
4687,L10,#72,GW252/13600,(4)启机状态,4,2025-05-23 22:48:28,2025-05-23 22:53:29,301,0.08
4688,L10,#72,GW252/13600,(3)待机状态,3,2025-05-23 22:44:55,2025-05-23 22:48:28,213,0.06
4689,L10,#72,GW252/13600,(2)停机状态,2,2025-05-23 22:44:53,2025-05-23 22:44:55,2,0
4690,L10,#72,GW252/13600,(1)停机过程,1,2025-05-23 22:44:20,2025-05-23 22:44:53,33,0.01
4691,L10,#72,GW252/13600,(4)启机状态,4,2025-05-23 22:39:20,2025-05-23 22:44:20,300,0.08
4692,L10,#72,GW252/13600,(3)待机状态,3,2025-05-23 22:29:01,2025-05-23 22:39:20,619,0.17
4693,L10,#72,GW252/13600,(2)停机状态,2,2025-05-23 22:28:13,2025-05-23 22:29:01,48,0.01
4694,L10,#72,GW252/13600,(1)停机过程,1,2025-05-23 22:27:16,2025-05-23 22:28:13,57,0.02
4695,L10,#72,GW252/13600,(5)发电状态,5,2025-05-23 21:53:25,2025-05-23 22:27:16,2031,0.56
4696,L10,#72,GW252/13600,(4)启机状态,4,2025-05-23 21:49:21,2025-05-23 21:53:25,244,0.07
4697,L10,#72,GW252/13600,(3)待机状态,3,2025-05-23 21:48:23,2025-05-23 21:49:21,58,0.02
4698,L10,#72,GW252/13600,(1)停机过程,1,2025-05-23 21:47:52,2025-05-23 21:48:23,31,0.01
4699,L10,#72,GW252/13600,(4)启机状态,4,2025-05-23 21:42:51,2025-05-23 21:47:52,301,0.08
4700,L10,#72,GW252/13600,(3)待机状态,3,2025-05-23 21:41:44,2025-05-23 21:42:51,67,0.02
4701,L10,#72,GW252/13600,(2)停机状态,2,2025-05-23 21:41:43,2025-05-23 21:41:44,1,0
4702,L10,#72,GW252/13600,(1)停机过程,1,2025-05-23 21:41:11,2025-05-23 21:41:43,32,0.01
4703,L10,#72,GW252/13600,(4)启机状态,4,2025-05-23 21:36:11,2025-05-23 21:41:11,300,0.08
4704,L10,#72,GW252/13600,(3)待机状态,3,2025-05-23 21:35:08,2025-05-23 21:36:11,63,0.02
4705,L10,#72,GW252/13600,(2)停机状态,2,2025-05-23 21:35:06,2025-05-23 21:35:08,2,0
4706,L10,#72,GW252/13600,(1)停机过程,1,2025-05-23 21:34:35,2025-05-23 21:35:06,31,0.01
4707,L10,#72,GW252/13600,(4)启机状态,4,2025-05-23 21:29:34,2025-05-23 21:34:35,301,0.08
4708,L10,#72,GW252/13600,(3)待机状态,3,2025-05-23 21:28:12,2025-05-23 21:29:34,82,0.02
4709,L10,#72,GW252/13600,(2)停机状态,2,2025-05-23 21:27:41,2025-05-23 21:28:12,31,0.01
4710,L10,#72,GW252/13600,(1)停机过程,1,2025-05-23 21:27:08,2025-05-23 21:27:41,33,0.01
4711,L10,#72,GW252/13600,(4)启机状态,4,2025-05-23 21:22:08,2025-05-23 21:27:08,300,0.08
4712,L10,#72,GW252/13600,(3)待机状态,3,2025-05-23 21:20:12,2025-05-23 21:22:08,116,0.03
4713,L10,#72,GW252/13600,(2)停机状态,2,2025-05-23 21:20:09,2025-05-23 21:20:12,3,0
4714,L10,#72,GW252/13600,(1)停机过程,1,2025-05-23 21:19:37,2025-05-23 21:20:09,32,0.01
4715,L10,#72,GW252/13600,(4)启机状态,4,2025-05-23 21:14:37,2025-05-23 21:19:37,300,0.08
4716,L10,#72,GW252/13600,(3)待机状态,3,2025-05-23 21:13:26,2025-05-23 21:14:37,71,0.02
4717,L10,#72,GW252/13600,(2)停机状态,2,2025-05-23 21:11:26,2025-05-23 21:13:26,120,0.03
4718,L10,#72,GW252/13600,(1)停机过程,1,2025-05-23 21:10:53,2025-05-23 21:11:26,33,0.01
4719,L10,#72,GW252/13600,(4)启机状态,4,2025-05-23 21:05:54,2025-05-23 21:10:53,299,0.08
4720,L10,#72,GW252/13600,(3)待机状态,3,2025-05-23 21:04:03,2025-05-23 21:05:54,111,0.03
4721,L10,#72,GW252/13600,(2)停机状态,2,2025-05-23 21:04:01,2025-05-23 21:04:03,2,0
4722,L10,#72,GW252/13600,(1)停机过程,1,2025-05-23 21:03:30,2025-05-23 21:04:01,31,0.01
4723,L10,#72,GW252/13600,(4)启机状态,4,2025-05-23 20:58:30,2025-05-23 21:03:30,300,0.08
4724,L10,#72,GW252/13600,(3)待机状态,3,2025-05-23 20:56:53,2025-05-23 20:58:30,97,0.03
4725,L10,#72,GW252/13600,(2)停机状态,2,2025-05-23 20:51:29,2025-05-23 20:56:53,324,0.09
4726,L10,#72,GW252/13600,(1)停机过程,1,2025-05-23 20:50:31,2025-05-23 20:51:29,58,0.02
4727,L10,#72,GW252/13600,(5)发电状态,5,2025-05-23 12:33:58,2025-05-23 20:50:31,29793,8.28
4728,L10,#72,GW252/13600,(4)启机状态,4,2025-05-23 12:31:14,2025-05-23 12:33:58,164,0.05
4729,L10,#72,GW252/13600,(3)待机状态,3,2025-05-23 12:30:16,2025-05-23 12:31:14,58,0.02
4730,L10,#72,GW252/13600,(1)停机过程,1,2025-05-23 12:29:43,2025-05-23 12:30:16,33,0.01
4731,L10,#72,GW252/13600,(4)启机状态,4,2025-05-23 12:24:44,2025-05-23 12:29:43,299,0.08
4732,L10,#72,GW252/13600,(3)待机状态,3,2025-05-23 12:23:21,2025-05-23 12:24:44,83,0.02
4733,L10,#72,GW252/13600,(2)停机状态,2,2025-05-23 12:23:19,2025-05-23 12:23:21,2,0
4734,L10,#72,GW252/13600,(1)停机过程,1,2025-05-23 12:22:47,2025-05-23 12:23:19,32,0.01
4735,L10,#72,GW252/13600,(4)启机状态,4,2025-05-23 12:17:47,2025-05-23 12:22:47,300,0.08
4736,L10,#72,GW252/13600,(3)待机状态,3,2025-05-23 12:16:48,2025-05-23 12:17:47,59,0.02
4737,L10,#72,GW252/13600,(2)停机状态,2,2025-05-23 12:16:45,2025-05-23 12:16:48,3,0
4738,L10,#72,GW252/13600,(1)停机过程,1,2025-05-23 12:16:13,2025-05-23 12:16:45,32,0.01
4739,L10,#72,GW252/13600,(4)启机状态,4,2025-05-23 12:11:13,2025-05-23 12:16:13,300,0.08
4740,L10,#72,GW252/13600,(3)待机状态,3,2025-05-23 12:10:10,2025-05-23 12:11:13,63,0.02
4741,L10,#72,GW252/13600,(2)停机状态,2,2025-05-23 12:10:08,2025-05-23 12:10:10,2,0
4742,L10,#72,GW252/13600,(1)停机过程,1,2025-05-23 12:09:37,2025-05-23 12:10:08,31,0.01
4743,L10,#72,GW252/13600,(4)启机状态,4,2025-05-23 12:04:37,2025-05-23 12:09:37,300,0.08
4744,L10,#72,GW252/13600,(3)待机状态,3,2025-05-23 12:03:28,2025-05-23 12:04:37,69,0.02
4745,L10,#72,GW252/13600,(2)停机状态,2,2025-05-23 12:03:26,2025-05-23 12:03:28,2,0
4746,L10,#72,GW252/13600,(1)停机过程,1,2025-05-23 12:02:54,2025-05-23 12:03:26,32,0.01
4747,L10,#72,GW252/13600,(4)启机状态,4,2025-05-23 11:57:54,2025-05-23 12:02:54,300,0.08
4748,L10,#72,GW252/13600,(3)待机状态,3,2025-05-23 11:56:41,2025-05-23 11:57:54,73,0.02
4749,L10,#72,GW252/13600,(2)停机状态,2,2025-05-23 11:56:40,2025-05-23 11:56:41,1,0
4750,L10,#72,GW252/13600,(1)停机过程,1,2025-05-23 11:56:08,2025-05-23 11:56:40,32,0.01
4751,L10,#72,GW252/13600,(4)启机状态,4,2025-05-23 11:51:08,2025-05-23 11:56:08,300,0.08
4752,L10,#72,GW252/13600,(3)待机状态,3,2025-05-23 11:50:00,2025-05-23 11:51:08,68,0.02
4753,L10,#72,GW252/13600,(2)停机状态,2,2025-05-23 11:49:34,2025-05-23 11:50:00,26,0.01
4754,L10,#72,GW252/13600,(1)停机过程,1,2025-05-23 11:49:02,2025-05-23 11:49:34,32,0.01
4755,L10,#72,GW252/13600,(4)启机状态,4,2025-05-23 11:44:02,2025-05-23 11:49:02,300,0.08
4756,L10,#72,GW252/13600,(3)待机状态,3,2025-05-23 11:33:32,2025-05-23 11:44:02,630,0.18
4757,L10,#72,GW252/13600,(2)停机状态,2,2025-05-23 10:55:58,2025-05-23 11:33:32,2254,0.63
4758,L10,#72,GW252/13600,(1)停机过程,1,2025-05-23 10:55:25,2025-05-23 10:55:58,33,0.01
4759,L10,#72,GW252/13600,(4)启机状态,4,2025-05-23 10:50:25,2025-05-23 10:55:25,300,0.08
4760,L10,#72,GW252/13600,(3)待机状态,3,2025-05-23 10:36:35,2025-05-23 10:50:25,830,0.23
4761,L10,#72,GW252/13600,(2)停机状态,2,2025-05-23 10:34:41,2025-05-23 10:36:35,114,0.03
4762,L10,#72,GW252/13600,(1)停机过程,1,2025-05-23 10:33:44,2025-05-23 10:34:41,57,0.02
4763,L10,#72,GW252/13600,(5)发电状态,5,2025-05-18 21:19:32,2025-05-23 10:33:44,393252,109.24
4764,L10,#72,GW252/13600,(4)启机状态,4,2025-05-18 21:16:50,2025-05-18 21:19:32,162,0.05
4765,L10,#72,GW252/13600,(3)待机状态,3,2025-05-18 21:15:55,2025-05-18 21:16:50,55,0.02
4766,L10,#72,GW252/13600,(1)停机过程,1,2025-05-18 21:14:59,2025-05-18 21:15:55,56,0.02
4767,L10,#72,GW252/13600,(4)启机状态,4,2025-05-18 21:09:59,2025-05-18 21:14:59,300,0.08
4768,L10,#72,GW252/13600,(3)待机状态,3,2025-05-18 21:08:56,2025-05-18 21:09:59,63,0.02
4769,L10,#72,GW252/13600,(2)停机状态,2,2025-05-18 21:08:55,2025-05-18 21:08:56,1,0
4770,L10,#72,GW252/13600,(1)停机过程,1,2025-05-18 21:08:16,2025-05-18 21:08:55,39,0.01
4771,L10,#72,GW252/13600,(4)启机状态,4,2025-05-18 21:03:16,2025-05-18 21:08:16,300,0.08
4772,L10,#72,GW252/13600,(3)待机状态,3,2025-05-18 21:02:19,2025-05-18 21:03:16,57,0.02
4773,L10,#72,GW252/13600,(2)停机状态,2,2025-05-18 21:02:17,2025-05-18 21:02:19,2,0
4774,L10,#72,GW252/13600,(1)停机过程,1,2025-05-18 21:01:45,2025-05-18 21:02:17,32,0.01
4775,L10,#72,GW252/13600,(4)启机状态,4,2025-05-18 20:56:45,2025-05-18 21:01:45,300,0.08
4776,L10,#72,GW252/13600,(3)待机状态,3,2025-05-18 20:55:37,2025-05-18 20:56:45,68,0.02
4777,L10,#72,GW252/13600,(2)停机状态,2,2025-05-18 20:55:36,2025-05-18 20:55:37,1,0
4778,L10,#72,GW252/13600,(1)停机过程,1,2025-05-18 20:55:05,2025-05-18 20:55:36,31,0.01
4779,L10,#72,GW252/13600,(4)启机状态,4,2025-05-18 20:50:04,2025-05-18 20:55:05,301,0.08
4780,L10,#72,GW252/13600,(3)待机状态,3,2025-05-18 20:46:11,2025-05-18 20:50:04,233,0.06
4781,L10,#72,GW252/13600,(2)停机状态,2,2025-05-18 20:40:35,2025-05-18 20:46:11,336,0.09
4782,L10,#72,GW252/13600,(1)停机过程,1,2025-05-18 20:40:03,2025-05-18 20:40:35,32,0.01
4783,L10,#72,GW252/13600,(4)启机状态,4,2025-05-18 20:35:03,2025-05-18 20:40:03,300,0.08
4784,L10,#72,GW252/13600,(3)待机状态,3,2025-05-18 20:33:46,2025-05-18 20:35:03,77,0.02
4785,L10,#72,GW252/13600,(2)停机状态,2,2025-05-18 20:32:44,2025-05-18 20:33:46,62,0.02
4786,L10,#72,GW252/13600,(1)停机过程,1,2025-05-18 20:32:13,2025-05-18 20:32:44,31,0.01
4787,L10,#72,GW252/13600,(4)启机状态,4,2025-05-18 20:27:13,2025-05-18 20:32:13,300,0.08
4788,L10,#72,GW252/13600,(3)待机状态,3,2025-05-18 20:21:27,2025-05-18 20:27:13,346,0.1
4789,L10,#72,GW252/13600,(2)停机状态,2,2025-05-18 20:15:50,2025-05-18 20:21:27,337,0.09
4790,L10,#72,GW252/13600,(1)停机过程,1,2025-05-18 20:15:19,2025-05-18 20:15:50,31,0.01
4791,L10,#72,GW252/13600,(4)启机状态,4,2025-05-18 20:10:19,2025-05-18 20:15:19,300,0.08
4792,L10,#72,GW252/13600,(3)待机状态,3,2025-05-18 20:00:52,2025-05-18 20:10:19,567,0.16
4793,L10,#72,GW252/13600,(2)停机状态,2,2025-05-18 19:55:14,2025-05-18 20:00:52,338,0.09
4794,L10,#72,GW252/13600,(1)停机过程,1,2025-05-18 19:54:44,2025-05-18 19:55:14,30,0.01
4795,L10,#72,GW252/13600,(4)启机状态,4,2025-05-18 19:49:44,2025-05-18 19:54:44,300,0.08
4796,L10,#72,GW252/13600,(3)待机状态,3,2025-05-18 19:48:23,2025-05-18 19:49:44,81,0.02
4797,L10,#72,GW252/13600,(2)停机状态,2,2025-05-18 19:45:43,2025-05-18 19:48:23,160,0.04
4798,L10,#72,GW252/13600,(1)停机过程,1,2025-05-18 19:45:12,2025-05-18 19:45:43,31,0.01
4799,L10,#72,GW252/13600,(4)启机状态,4,2025-05-18 19:40:12,2025-05-18 19:45:12,300,0.08
4800,L10,#72,GW252/13600,(3)待机状态,3,2025-05-18 19:38:55,2025-05-18 19:40:12,77,0.02
4801,L10,#72,GW252/13600,(2)停机状态,2,2025-05-18 19:33:17,2025-05-18 19:38:55,338,0.09
4802,L10,#72,GW252/13600,(1)停机过程,1,2025-05-18 19:32:46,2025-05-18 19:33:17,31,0.01
4803,L10,#72,GW252/13600,(4)启机状态,4,2025-05-18 19:27:46,2025-05-18 19:32:46,300,0.08
4804,L10,#72,GW252/13600,(3)待机状态,3,2025-05-18 19:26:36,2025-05-18 19:27:46,70,0.02
4805,L10,#72,GW252/13600,(2)停机状态,2,2025-05-18 19:26:27,2025-05-18 19:26:36,9,0
4806,L10,#72,GW252/13600,(1)停机过程,1,2025-05-18 19:25:55,2025-05-18 19:26:27,32,0.01
4807,L10,#72,GW252/13600,(4)启机状态,4,2025-05-18 19:20:56,2025-05-18 19:25:55,299,0.08
4808,L10,#72,GW252/13600,(3)待机状态,3,2025-05-18 19:19:28,2025-05-18 19:20:56,88,0.02
4809,L10,#72,GW252/13600,(2)停机状态,2,2025-05-18 19:17:58,2025-05-18 19:19:28,90,0.03
4810,L10,#72,GW252/13600,(1)停机过程,1,2025-05-18 19:17:27,2025-05-18 19:17:58,31,0.01
4811,L10,#72,GW252/13600,(4)启机状态,4,2025-05-18 19:12:27,2025-05-18 19:17:27,300,0.08
4812,L10,#72,GW252/13600,(3)待机状态,3,2025-05-18 19:10:59,2025-05-18 19:12:27,88,0.02
4813,L10,#72,GW252/13600,(2)停机状态,2,2025-05-18 19:10:14,2025-05-18 19:10:59,45,0.01
4814,L10,#72,GW252/13600,(1)停机过程,1,2025-05-18 19:09:43,2025-05-18 19:10:14,31,0.01
4815,L10,#72,GW252/13600,(4)启机状态,4,2025-05-18 19:04:43,2025-05-18 19:09:43,300,0.08
4816,L10,#72,GW252/13600,(3)待机状态,3,2025-05-18 19:03:16,2025-05-18 19:04:43,87,0.02
4817,L10,#72,GW252/13600,(2)停机状态,2,2025-05-18 18:59:10,2025-05-18 19:03:16,246,0.07
4818,L10,#72,GW252/13600,(1)停机过程,1,2025-05-18 18:58:39,2025-05-18 18:59:10,31,0.01
4819,L10,#72,GW252/13600,(4)启机状态,4,2025-05-18 18:53:37,2025-05-18 18:58:39,302,0.08
4820,L10,#72,GW252/13600,(3)待机状态,3,2025-05-18 18:06:15,2025-05-18 18:53:37,2842,0.79
4821,L10,#72,GW252/13600,(2)停机状态,2,2025-05-18 18:05:45,2025-05-18 18:06:15,30,0.01
4822,L10,#72,GW252/13600,(1)停机过程,1,2025-05-18 18:04:47,2025-05-18 18:05:45,58,0.02
4823,L10,#72,GW252/13600,(5)发电状态,5,2025-05-17 12:38:37,2025-05-18 18:04:47,105970,29.44
4824,L10,#72,GW252/13600,(4)启机状态,4,2025-05-17 12:33:54,2025-05-17 12:38:37,283,0.08
4825,L10,#72,GW252/13600,(3)待机状态,3,2025-05-17 12:32:50,2025-05-17 12:33:54,64,0.02
4826,L10,#72,GW252/13600,(2)停机状态,2,2025-05-17 12:32:49,2025-05-17 12:32:50,1,0
4827,L10,#72,GW252/13600,(1)停机过程,1,2025-05-17 12:32:18,2025-05-17 12:32:49,31,0.01
4828,L10,#72,GW252/13600,(4)启机状态,4,2025-05-17 12:27:18,2025-05-17 12:32:18,300,0.08
4829,L10,#72,GW252/13600,(3)待机状态,3,2025-05-17 12:26:00,2025-05-17 12:27:18,78,0.02
4830,L10,#72,GW252/13600,(2)停机状态,2,2025-05-17 12:24:33,2025-05-17 12:26:00,87,0.02
4831,L10,#72,GW252/13600,(1)停机过程,1,2025-05-17 12:24:01,2025-05-17 12:24:33,32,0.01
4832,L10,#72,GW252/13600,(4)启机状态,4,2025-05-17 12:19:01,2025-05-17 12:24:01,300,0.08
4833,L10,#72,GW252/13600,(3)待机状态,3,2025-05-17 12:17:45,2025-05-17 12:19:01,76,0.02
4834,L10,#72,GW252/13600,(2)停机状态,2,2025-05-17 12:14:57,2025-05-17 12:17:45,168,0.05
4835,L10,#72,GW252/13600,(1)停机过程,1,2025-05-17 12:14:00,2025-05-17 12:14:57,57,0.02
4836,L10,#72,GW252/13600,(5)发电状态,5,2025-05-16 15:03:19,2025-05-17 12:14:00,76241,21.18
4837,L10,#72,GW252/13600,(4)启机状态,4,2025-05-16 15:00:36,2025-05-16 15:03:19,163,0.05
4838,L10,#72,GW252/13600,(3)待机状态,3,2025-05-16 14:59:32,2025-05-16 15:00:36,64,0.02
4839,L10,#72,GW252/13600,(2)停机状态,2,2025-05-16 14:59:30,2025-05-16 14:59:32,2,0
4840,L10,#72,GW252/13600,(1)停机过程,1,2025-05-16 14:59:00,2025-05-16 14:59:30,30,0.01
4841,L10,#72,GW252/13600,(4)启机状态,4,2025-05-16 14:53:58,2025-05-16 14:59:00,302,0.08
4842,L10,#72,GW252/13600,(3)待机状态,3,2025-05-16 14:52:46,2025-05-16 14:53:58,72,0.02
4843,L10,#72,GW252/13600,(2)停机状态,2,2025-05-16 14:52:45,2025-05-16 14:52:46,1,0
4844,L10,#72,GW252/13600,(1)停机过程,1,2025-05-16 14:52:14,2025-05-16 14:52:45,31,0.01
4845,L10,#72,GW252/13600,(4)启机状态,4,2025-05-16 14:47:15,2025-05-16 14:52:14,299,0.08
4846,L10,#72,GW252/13600,(3)待机状态,3,2025-05-16 14:45:57,2025-05-16 14:47:15,78,0.02
4847,L10,#72,GW252/13600,(2)停机状态,2,2025-05-16 14:45:55,2025-05-16 14:45:57,2,0
4848,L10,#72,GW252/13600,(1)停机过程,1,2025-05-16 14:45:22,2025-05-16 14:45:55,33,0.01
4849,L10,#72,GW252/13600,(4)启机状态,4,2025-05-16 14:40:22,2025-05-16 14:45:22,300,0.08
4850,L10,#72,GW252/13600,(3)待机状态,3,2025-05-16 14:39:17,2025-05-16 14:40:22,65,0.02
4851,L10,#72,GW252/13600,(2)停机状态,2,2025-05-16 14:39:15,2025-05-16 14:39:17,2,0
4852,L10,#72,GW252/13600,(1)停机过程,1,2025-05-16 14:38:45,2025-05-16 14:39:15,30,0.01
4853,L10,#72,GW252/13600,(4)启机状态,4,2025-05-16 14:33:45,2025-05-16 14:38:45,300,0.08
4854,L10,#72,GW252/13600,(3)待机状态,3,2025-05-16 14:32:45,2025-05-16 14:33:45,60,0.02
4855,L10,#72,GW252/13600,(2)停机状态,2,2025-05-16 14:32:44,2025-05-16 14:32:45,1,0
4856,L10,#72,GW252/13600,(1)停机过程,1,2025-05-16 14:32:11,2025-05-16 14:32:44,33,0.01
4857,L10,#72,GW252/13600,(4)启机状态,4,2025-05-16 14:27:11,2025-05-16 14:32:11,300,0.08
4858,L10,#72,GW252/13600,(3)待机状态,3,2025-05-16 14:26:07,2025-05-16 14:27:11,64,0.02
4859,L10,#72,GW252/13600,(2)停机状态,2,2025-05-16 14:26:06,2025-05-16 14:26:07,1,0
4860,L10,#72,GW252/13600,(1)停机过程,1,2025-05-16 14:25:35,2025-05-16 14:26:06,31,0.01
4861,L10,#72,GW252/13600,(4)启机状态,4,2025-05-16 14:20:35,2025-05-16 14:25:35,300,0.08
4862,L10,#72,GW252/13600,(3)待机状态,3,2025-05-16 14:19:32,2025-05-16 14:20:35,63,0.02
4863,L10,#72,GW252/13600,(2)停机状态,2,2025-05-16 14:19:31,2025-05-16 14:19:32,1,0
4864,L10,#72,GW252/13600,(1)停机过程,1,2025-05-16 14:19:01,2025-05-16 14:19:31,30,0.01
4865,L10,#72,GW252/13600,(4)启机状态,4,2025-05-16 14:14:00,2025-05-16 14:19:01,301,0.08
4866,L10,#72,GW252/13600,(3)待机状态,3,2025-05-16 14:12:40,2025-05-16 14:14:00,80,0.02
4867,L10,#72,GW252/13600,(2)停机状态,2,2025-05-16 14:12:39,2025-05-16 14:12:40,1,0
4868,L10,#72,GW252/13600,(1)停机过程,1,2025-05-16 14:12:08,2025-05-16 14:12:39,31,0.01
4869,L10,#72,GW252/13600,(4)启机状态,4,2025-05-16 14:07:08,2025-05-16 14:12:08,300,0.08
4870,L10,#72,GW252/13600,(3)待机状态,3,2025-05-16 14:06:02,2025-05-16 14:07:08,66,0.02
4871,L10,#72,GW252/13600,(2)停机状态,2,2025-05-16 14:06:01,2025-05-16 14:06:02,1,0
4872,L10,#72,GW252/13600,(1)停机过程,1,2025-05-16 14:05:29,2025-05-16 14:06:01,32,0.01
4873,L10,#72,GW252/13600,(4)启机状态,4,2025-05-16 14:00:28,2025-05-16 14:05:29,301,0.08
4874,L10,#72,GW252/13600,(3)待机状态,3,2025-05-16 13:59:22,2025-05-16 14:00:28,66,0.02
4875,L10,#72,GW252/13600,(2)停机状态,2,2025-05-16 13:59:20,2025-05-16 13:59:22,2,0
4876,L10,#72,GW252/13600,(1)停机过程,1,2025-05-16 13:58:50,2025-05-16 13:59:20,30,0.01
4877,L10,#72,GW252/13600,(4)启机状态,4,2025-05-16 13:53:49,2025-05-16 13:58:50,301,0.08
4878,L10,#72,GW252/13600,(3)待机状态,3,2025-05-16 13:52:32,2025-05-16 13:53:49,77,0.02
4879,L10,#72,GW252/13600,(2)停机状态,2,2025-05-16 13:22:46,2025-05-16 13:52:32,1786,0.5
4880,L10,#72,GW252/13600,(1)停机过程,1,2025-05-16 13:22:15,2025-05-16 13:22:46,31,0.01
4881,L10,#72,GW252/13600,(4)启机状态,4,2025-05-16 13:20:18,2025-05-16 13:22:15,117,0.03
4882,L10,#72,GW252/13600,(3)待机状态,3,2025-05-16 13:19:03,2025-05-16 13:20:18,75,0.02
4883,L10,#72,GW252/13600,(2)停机状态,2,2025-05-16 13:19:02,2025-05-16 13:19:03,1,0
4884,L10,#72,GW252/13600,(1)停机过程,1,2025-05-16 13:18:29,2025-05-16 13:19:02,33,0.01
4885,L10,#72,GW252/13600,(4)启机状态,4,2025-05-16 13:13:29,2025-05-16 13:18:29,300,0.08
4886,L10,#72,GW252/13600,(3)待机状态,3,2025-05-16 13:11:08,2025-05-16 13:13:29,141,0.04
4887,L10,#72,GW252/13600,(2)停机状态,2,2025-05-16 13:11:06,2025-05-16 13:11:08,2,0
4888,L10,#72,GW252/13600,(1)停机过程,1,2025-05-16 13:10:34,2025-05-16 13:11:06,32,0.01
4889,L10,#72,GW252/13600,(4)启机状态,4,2025-05-16 13:05:34,2025-05-16 13:10:34,300,0.08
4890,L10,#72,GW252/13600,(3)待机状态,3,2025-05-16 13:03:24,2025-05-16 13:05:34,130,0.04
4891,L10,#72,GW252/13600,(2)停机状态,2,2025-05-16 13:03:22,2025-05-16 13:03:24,2,0
4892,L10,#72,GW252/13600,(1)停机过程,1,2025-05-16 13:02:50,2025-05-16 13:03:22,32,0.01
4893,L10,#72,GW252/13600,(4)启机状态,4,2025-05-16 12:57:50,2025-05-16 13:02:50,300,0.08
4894,L10,#72,GW252/13600,(3)待机状态,3,2025-05-16 12:55:57,2025-05-16 12:57:50,113,0.03
4895,L10,#72,GW252/13600,(2)停机状态,2,2025-05-16 12:55:56,2025-05-16 12:55:57,1,0
4896,L10,#72,GW252/13600,(1)停机过程,1,2025-05-16 12:55:25,2025-05-16 12:55:56,31,0.01
4897,L10,#72,GW252/13600,(4)启机状态,4,2025-05-16 12:50:25,2025-05-16 12:55:25,300,0.08
4898,L10,#72,GW252/13600,(3)待机状态,3,2025-05-16 12:48:54,2025-05-16 12:50:25,91,0.03
4899,L10,#72,GW252/13600,(2)停机状态,2,2025-05-16 12:48:53,2025-05-16 12:48:54,1,0
4900,L10,#72,GW252/13600,(1)停机过程,1,2025-05-16 12:48:21,2025-05-16 12:48:53,32,0.01
4901,L10,#72,GW252/13600,(4)启机状态,4,2025-05-16 12:43:21,2025-05-16 12:48:21,300,0.08
4902,L10,#72,GW252/13600,(3)待机状态,3,2025-05-16 12:42:11,2025-05-16 12:43:21,70,0.02
4903,L10,#72,GW252/13600,(1)停机过程,1,2025-05-16 12:41:39,2025-05-16 12:42:11,32,0.01
4904,L10,#72,GW252/13600,(4)启机状态,4,2025-05-16 12:36:39,2025-05-16 12:41:39,300,0.08
4905,L10,#72,GW252/13600,(3)待机状态,3,2025-05-16 12:35:29,2025-05-16 12:36:39,70,0.02
4906,L10,#72,GW252/13600,(1)停机过程,1,2025-05-16 12:34:57,2025-05-16 12:35:29,32,0.01
4907,L10,#72,GW252/13600,(4)启机状态,4,2025-05-16 12:29:57,2025-05-16 12:34:57,300,0.08
4908,L10,#72,GW252/13600,(3)待机状态,3,2025-05-16 12:28:49,2025-05-16 12:29:57,68,0.02
4909,L10,#72,GW252/13600,(2)停机状态,2,2025-05-16 12:28:46,2025-05-16 12:28:49,3,0
4910,L10,#72,GW252/13600,(1)停机过程,1,2025-05-16 12:28:15,2025-05-16 12:28:46,31,0.01
4911,L10,#72,GW252/13600,(4)启机状态,4,2025-05-16 12:23:15,2025-05-16 12:28:15,300,0.08
4912,L10,#72,GW252/13600,(3)待机状态,3,2025-05-16 12:21:56,2025-05-16 12:23:15,79,0.02
4913,L10,#72,GW252/13600,(2)停机状态,2,2025-05-16 12:21:55,2025-05-16 12:21:56,1,0
4914,L10,#72,GW252/13600,(1)停机过程,1,2025-05-16 12:21:24,2025-05-16 12:21:55,31,0.01
4915,L10,#72,GW252/13600,(4)启机状态,4,2025-05-16 12:16:23,2025-05-16 12:21:24,301,0.08
4916,L10,#72,GW252/13600,(3)待机状态,3,2025-05-16 12:15:01,2025-05-16 12:16:23,82,0.02
4917,L10,#72,GW252/13600,(2)停机状态,2,2025-05-16 12:14:34,2025-05-16 12:15:01,27,0.01
4918,L10,#72,GW252/13600,(1)停机过程,1,2025-05-16 12:14:02,2025-05-16 12:14:34,32,0.01
4919,L10,#72,GW252/13600,(4)启机状态,4,2025-05-16 12:09:02,2025-05-16 12:14:02,300,0.08
4920,L10,#72,GW252/13600,(3)待机状态,3,2025-05-16 11:00:19,2025-05-16 12:09:02,4123,1.15
4921,L10,#72,GW252/13600,(2)停机状态,2,2025-05-16 11:00:18,2025-05-16 11:00:19,1,0
4922,L10,#72,GW252/13600,(1)停机过程,1,2025-05-16 10:59:45,2025-05-16 11:00:18,33,0.01
4923,L10,#72,GW252/13600,(4)启机状态,4,2025-05-16 10:54:45,2025-05-16 10:59:45,300,0.08
4924,L10,#72,GW252/13600,(3)待机状态,3,2025-05-16 10:26:50,2025-05-16 10:54:45,1675,0.47
4925,L10,#72,GW252/13600,(2)停机状态,2,2025-05-16 10:24:25,2025-05-16 10:26:50,145,0.04
4926,L10,#72,GW252/13600,(1)停机过程,1,2025-05-16 10:23:54,2025-05-16 10:24:25,31,0.01
4927,L10,#72,GW252/13600,(4)启机状态,4,2025-05-16 10:18:53,2025-05-16 10:23:54,301,0.08
4928,L10,#72,GW252/13600,(3)待机状态,3,2025-05-16 10:17:07,2025-05-16 10:18:53,106,0.03
4929,L10,#72,GW252/13600,(2)停机状态,2,2025-05-16 10:17:05,2025-05-16 10:17:07,2,0
4930,L10,#72,GW252/13600,(1)停机过程,1,2025-05-16 10:16:34,2025-05-16 10:17:05,31,0.01
4931,L10,#72,GW252/13600,(4)启机状态,4,2025-05-16 10:11:34,2025-05-16 10:16:34,300,0.08
4932,L10,#72,GW252/13600,(3)待机状态,3,2025-05-16 10:10:14,2025-05-16 10:11:34,80,0.02
4933,L10,#72,GW252/13600,(1)停机过程,1,2025-05-16 10:09:42,2025-05-16 10:10:14,32,0.01
4934,L10,#72,GW252/13600,(4)启机状态,4,2025-05-16 10:04:43,2025-05-16 10:09:42,299,0.08
4935,L10,#72,GW252/13600,(3)待机状态,3,2025-05-16 10:03:18,2025-05-16 10:04:43,85,0.02
4936,L10,#72,GW252/13600,(2)停机状态,2,2025-05-16 10:03:17,2025-05-16 10:03:18,1,0
4937,L10,#72,GW252/13600,(1)停机过程,1,2025-05-16 10:02:44,2025-05-16 10:03:17,33,0.01
4938,L10,#72,GW252/13600,(4)启机状态,4,2025-05-16 09:57:44,2025-05-16 10:02:44,300,0.08
4939,L10,#72,GW252/13600,(3)待机状态,3,2025-05-16 09:51:37,2025-05-16 09:57:44,367,0.1
4940,L10,#72,GW252/13600,(2)停机状态,2,2025-05-16 09:49:43,2025-05-16 09:51:37,114,0.03
4941,L10,#72,GW252/13600,(1)停机过程,1,2025-05-16 09:48:47,2025-05-16 09:49:43,56,0.02
4942,L10,#72,GW252/13600,(5)发电状态,5,2025-05-16 09:34:34,2025-05-16 09:48:47,853,0.24
4943,L10,#72,GW252/13600,(4)启机状态,4,2025-05-16 09:30:33,2025-05-16 09:34:34,241,0.07
4944,L10,#72,GW252/13600,(3)待机状态,3,2025-05-16 09:29:37,2025-05-16 09:30:33,56,0.02
4945,L10,#72,GW252/13600,(2)停机状态,2,2025-05-16 09:29:36,2025-05-16 09:29:37,1,0
4946,L10,#72,GW252/13600,(1)停机过程,1,2025-05-16 09:29:03,2025-05-16 09:29:36,33,0.01
4947,L10,#72,GW252/13600,(4)启机状态,4,2025-05-16 09:24:03,2025-05-16 09:29:03,300,0.08
4948,L10,#72,GW252/13600,(3)待机状态,3,2025-05-16 09:23:00,2025-05-16 09:24:03,63,0.02
4949,L10,#72,GW252/13600,(2)停机状态,2,2025-05-16 09:22:59,2025-05-16 09:23:00,1,0
4950,L10,#72,GW252/13600,(1)停机过程,1,2025-05-16 09:22:28,2025-05-16 09:22:59,31,0.01
4951,L10,#72,GW252/13600,(4)启机状态,4,2025-05-16 09:17:28,2025-05-16 09:22:28,300,0.08
4952,L10,#72,GW252/13600,(3)待机状态,3,2025-05-16 09:11:24,2025-05-16 09:17:28,364,0.1
4953,L10,#72,GW252/13600,(2)停机状态,2,2025-05-16 09:10:44,2025-05-16 09:11:24,40,0.01
4954,L10,#72,GW252/13600,(1)停机过程,1,2025-05-16 09:10:13,2025-05-16 09:10:44,31,0.01
4955,L10,#72,GW252/13600,(4)启机状态,4,2025-05-16 09:05:13,2025-05-16 09:10:13,300,0.08
4956,L10,#72,GW252/13600,(3)待机状态,3,2025-05-16 09:03:58,2025-05-16 09:05:13,75,0.02
4957,L10,#72,GW252/13600,(2)停机状态,2,2025-05-16 09:02:02,2025-05-16 09:03:58,116,0.03
4958,L10,#72,GW252/13600,(1)停机过程,1,2025-05-16 09:01:32,2025-05-16 09:02:02,30,0.01
4959,L10,#72,GW252/13600,(4)启机状态,4,2025-05-16 08:56:31,2025-05-16 09:01:32,301,0.08
4960,L10,#72,GW252/13600,(3)待机状态,3,2025-05-16 08:50:48,2025-05-16 08:56:31,343,0.1
4961,L10,#72,GW252/13600,(1)停机过程,1,2025-05-16 08:50:15,2025-05-16 08:50:48,33,0.01
4962,L10,#72,GW252/13600,(4)启机状态,4,2025-05-16 08:45:15,2025-05-16 08:50:15,300,0.08
4963,L10,#72,GW252/13600,(3)待机状态,3,2025-05-16 08:44:00,2025-05-16 08:45:15,75,0.02
4964,L10,#72,GW252/13600,(2)停机状态,2,2025-05-16 08:43:58,2025-05-16 08:44:00,2,0
4965,L10,#72,GW252/13600,(1)停机过程,1,2025-05-16 08:43:27,2025-05-16 08:43:58,31,0.01
4966,L10,#72,GW252/13600,(4)启机状态,4,2025-05-16 08:38:27,2025-05-16 08:43:27,300,0.08
4967,L10,#72,GW252/13600,(3)待机状态,3,2025-05-16 08:37:07,2025-05-16 08:38:27,80,0.02
4968,L10,#72,GW252/13600,(1)停机过程,1,2025-05-16 08:36:35,2025-05-16 08:37:07,32,0.01
4969,L10,#72,GW252/13600,(4)启机状态,4,2025-05-16 08:31:35,2025-05-16 08:36:35,300,0.08
4970,L10,#72,GW252/13600,(3)待机状态,3,2025-05-16 08:30:26,2025-05-16 08:31:35,69,0.02
4971,L10,#72,GW252/13600,(2)停机状态,2,2025-05-16 08:30:25,2025-05-16 08:30:26,1,0
4972,L10,#72,GW252/13600,(1)停机过程,1,2025-05-16 08:29:54,2025-05-16 08:30:25,31,0.01
4973,L10,#72,GW252/13600,(4)启机状态,4,2025-05-16 08:24:54,2025-05-16 08:29:54,300,0.08
4974,L10,#72,GW252/13600,(3)待机状态,3,2025-05-16 08:22:28,2025-05-16 08:24:54,146,0.04
4975,L10,#72,GW252/13600,(2)停机状态,2,2025-05-16 08:21:01,2025-05-16 08:22:28,87,0.02
4976,L10,#72,GW252/13600,(1)停机过程,1,2025-05-16 08:20:30,2025-05-16 08:21:01,31,0.01
4977,L10,#72,GW252/13600,(4)启机状态,4,2025-05-16 08:15:30,2025-05-16 08:20:30,300,0.08
4978,L10,#72,GW252/13600,(3)待机状态,3,2025-05-16 08:14:01,2025-05-16 08:15:30,89,0.02
4979,L10,#72,GW252/13600,(2)停机状态,2,2025-05-16 08:14:00,2025-05-16 08:14:01,1,0
4980,L10,#72,GW252/13600,(1)停机过程,1,2025-05-16 08:13:28,2025-05-16 08:14:00,32,0.01
4981,L10,#72,GW252/13600,(4)启机状态,4,2025-05-16 08:08:28,2025-05-16 08:13:28,300,0.08
4982,L10,#72,GW252/13600,(3)待机状态,3,2025-05-16 08:07:01,2025-05-16 08:08:28,87,0.02
4983,L10,#72,GW252/13600,(1)停机过程,1,2025-05-16 08:06:28,2025-05-16 08:07:01,33,0.01
4984,L10,#72,GW252/13600,(4)启机状态,4,2025-05-16 08:01:29,2025-05-16 08:06:28,299,0.08
4985,L10,#72,GW252/13600,(3)待机状态,3,2025-05-16 08:00:18,2025-05-16 08:01:29,71,0.02
4986,L10,#72,GW252/13600,(2)停机状态,2,2025-05-16 08:00:17,2025-05-16 08:00:18,1,0
4987,L10,#72,GW252/13600,(1)停机过程,1,2025-05-16 07:59:45,2025-05-16 08:00:17,32,0.01
4988,L10,#72,GW252/13600,(4)启机状态,4,2025-05-16 07:54:45,2025-05-16 07:59:45,300,0.08
4989,L10,#72,GW252/13600,(3)待机状态,3,2025-05-16 07:53:34,2025-05-16 07:54:45,71,0.02
4990,L10,#72,GW252/13600,(1)停机过程,1,2025-05-16 07:53:02,2025-05-16 07:53:34,32,0.01
4991,L10,#72,GW252/13600,(4)启机状态,4,2025-05-16 07:48:02,2025-05-16 07:53:02,300,0.08
4992,L10,#72,GW252/13600,(3)待机状态,3,2025-05-16 07:46:45,2025-05-16 07:48:02,77,0.02
4993,L10,#72,GW252/13600,(2)停机状态,2,2025-05-16 07:44:22,2025-05-16 07:46:45,143,0.04
4994,L10,#72,GW252/13600,(1)停机过程,1,2025-05-16 07:43:51,2025-05-16 07:44:22,31,0.01
4995,L10,#72,GW252/13600,(4)启机状态,4,2025-05-16 07:38:50,2025-05-16 07:43:51,301,0.08
4996,L10,#72,GW252/13600,(3)待机状态,3,2025-05-16 07:37:24,2025-05-16 07:38:50,86,0.02
4997,L10,#72,GW252/13600,(2)停机状态,2,2025-05-16 07:37:23,2025-05-16 07:37:24,1,0
4998,L10,#72,GW252/13600,(1)停机过程,1,2025-05-16 07:36:51,2025-05-16 07:37:23,32,0.01
4999,L10,#72,GW252/13600,(4)启机状态,4,2025-05-16 07:31:51,2025-05-16 07:36:51,300,0.08
5000,L10,#72,GW252/13600,(3)待机状态,3,2025-05-16 07:21:14,2025-05-16 07:31:51,637,0.18
5001,L10,#72,GW252/13600,(1)停机过程,1,2025-05-16 07:20:17,2025-05-16 07:21:14,57,0.02
5002,L10,#72,GW252/13600,(5)发电状态,5,2025-05-16 06:42:24,2025-05-16 07:20:17,2273,0.63
5003,L10,#72,GW252/13600,(4)启机状态,4,2025-05-16 06:40:31,2025-05-16 06:42:24,113,0.03
5004,L10,#72,GW252/13600,(3)待机状态,3,2025-05-16 06:39:35,2025-05-16 06:40:31,56,0.02
5005,L10,#72,GW252/13600,(2)停机状态,2,2025-05-16 06:03:00,2025-05-16 06:39:35,2195,0.61
5006,L10,#72,GW252/13600,(1)停机过程,1,2025-05-16 06:02:03,2025-05-16 06:03:00,57,0.02
5007,L10,#72,GW252/13600,(5)发电状态,5,2025-05-15 19:35:22,2025-05-16 06:02:03,37601,10.44
5008,L10,#72,GW252/13600,(4)启机状态,4,2025-05-15 19:30:44,2025-05-15 19:35:22,278,0.08
5009,L10,#72,GW252/13600,(3)待机状态,3,2025-05-15 19:29:47,2025-05-15 19:30:44,57,0.02
5010,L10,#72,GW252/13600,(2)停机状态,2,2025-05-15 18:53:09,2025-05-15 19:29:47,2198,0.61
5011,L10,#72,GW252/13600,(1)停机过程,1,2025-05-15 18:52:37,2025-05-15 18:53:09,32,0.01
5012,L10,#72,GW252/13600,(4)启机状态,4,2025-05-15 18:47:37,2025-05-15 18:52:37,300,0.08
5013,L10,#72,GW252/13600,(3)待机状态,3,2025-05-15 18:45:53,2025-05-15 18:47:37,104,0.03
5014,L10,#72,GW252/13600,(2)停机状态,2,2025-05-15 18:40:39,2025-05-15 18:45:53,314,0.09
5015,L10,#72,GW252/13600,(1)停机过程,1,2025-05-15 18:39:42,2025-05-15 18:40:39,57,0.02
5016,L10,#72,GW252/13600,(5)发电状态,5,2025-05-11 14:54:47,2025-05-15 18:39:42,359095,99.75
5017,L10,#72,GW252/13600,(4)启机状态,4,2025-05-11 14:54:04,2025-05-11 14:54:47,43,0.01
5018,L10,#72,GW252/13600,(3)待机状态,3,2025-05-11 14:53:28,2025-05-11 14:54:04,36,0.01
5019,L10,#72,GW252/13600,(2)停机状态,2,2025-05-11 11:30:27,2025-05-11 14:53:28,12181,3.38
5020,L10,#72,GW252/13600,(1)停机过程,1,2025-05-11 11:29:37,2025-05-11 11:30:27,50,0.01
5021,L10,#72,GW252/13600,(5)发电状态,5,2025-05-11 11:29:35,2025-05-11 11:29:37,2,0
5022,L10,#72,GW252/13600,(4)启机状态,4,2025-05-11 11:28:50,2025-05-11 11:29:35,45,0.01
5023,L10,#72,GW252/13600,(3)待机状态,3,2025-05-11 11:28:12,2025-05-11 11:28:50,38,0.01
5024,L10,#72,GW252/13600,(2)停机状态,2,2025-05-11 10:52:41,2025-05-11 11:28:12,2131,0.59
5025,L10,#72,GW252/13600,(1)停机过程,1,2025-05-11 10:51:47,2025-05-11 10:52:41,54,0.02
5026,L10,#72,GW252/13600,(5)发电状态,5,2025-05-11 10:49:47,2025-05-11 10:51:47,120,0.03
5027,L10,#72,GW252/13600,(4)启机状态,4,2025-05-11 10:49:06,2025-05-11 10:49:47,41,0.01
5028,L10,#72,GW252/13600,(3)待机状态,3,2025-05-11 10:48:30,2025-05-11 10:49:06,36,0.01
5029,L10,#72,GW252/13600,(2)停机状态,2,2025-05-11 10:34:35,2025-05-11 10:48:30,835,0.23
5030,L10,#72,GW252/13600,(1)停机过程,1,2025-05-11 10:33:41,2025-05-11 10:34:35,54,0.02
5031,L10,#72,GW252/13600,(9)维护状态,9,2025-05-05 10:48:21,2025-05-11 10:33:41,517520,143.76
5032,L10,#72,GW252/13600,(2)停机状态,2,2025-05-05 10:44:22,2025-05-05 10:48:21,239,0.07
5033,L10,#72,GW252/13600,(1)停机过程,1,2025-05-05 10:44:17,2025-05-05 10:44:22,5,0
5034,L10,#72,GW252/13600,(9)维护状态,9,2025-05-04 20:03:25,2025-05-05 10:44:17,52852,14.68
5035,L10,#72,GW252/13600,(2)停机状态,2,2025-05-04 20:01:56,2025-05-04 20:03:25,89,0.02
5036,L10,#72,GW252/13600,(1)停机过程,1,2025-05-04 20:01:51,2025-05-04 20:01:56,5,0
5037,L10,#72,GW252/13600,(9)维护状态,9,2025-04-27 08:47:59,2025-05-04 20:01:51,645232,179.23
5038,L10,#72,GW252/13600,(2)停机状态,2,2025-04-27 08:47:40,2025-04-27 08:47:59,19,0.01
5039,L10,#72,GW252/13600,(1)停机过程,1,2025-04-27 08:47:35,2025-04-27 08:47:40,5,0
5040,L10,#72,GW252/13600,(9)维护状态,9,2025-03-11 12:19:10,2025-04-27 08:47:35,4048105,1124.47
5041,L10,#72,GW252/13600,(2)停机状态,2,2025-03-11 12:10:32,2025-03-11 12:19:10,518,0.14
5042,L10,#72,GW252/13600,(1)停机过程,1,2025-03-11 12:09:22,2025-03-11 12:10:32,70,0.02
5043,L10,#72,GW252/13600,(5)发电状态,5,2025-03-09 10:37:00,2025-03-11 12:09:22,178342,49.54
5044,L10,#72,GW252/13600,(4)启机状态,4,2025-03-09 10:36:19,2025-03-09 10:37:00,41,0.01
5045,L10,#72,GW252/13600,(3)待机状态,3,2025-03-09 10:35:44,2025-03-09 10:36:19,35,0.01
5046,L10,#72,GW252/13600,(2)停机状态,2,2025-03-09 10:09:03,2025-03-09 10:35:44,1601,0.44
5047,L10,#72,GW252/13600,(1)停机过程,1,2025-03-09 10:07:30,2025-03-09 10:09:03,93,0.03
5048,L10,#72,GW252/13600,(5)发电状态,5,2025-03-04 17:18:57,2025-03-09 10:07:30,406113,112.81
5049,L10,#72,GW252/13600,(4)启机状态,4,2025-03-04 17:17:25,2025-03-04 17:18:57,92,0.03
5050,L10,#72,GW252/13600,(3)待机状态,3,2025-03-04 17:16:36,2025-03-04 17:17:25,49,0.01
5051,L10,#72,GW252/13600,(2)停机状态,2,2025-03-04 16:39:58,2025-03-04 17:16:36,2198,0.61
5052,L10,#72,GW252/13600,(1)停机过程,1,2025-03-04 16:39:40,2025-03-04 16:39:58,18,0.01
5053,L10,#72,GW252/13600,(9)维护状态,9,2025-03-04 08:50:13,2025-03-04 16:39:40,28167,7.82
5054,L10,#72,GW252/13600,(2)停机状态,2,2025-03-03 20:49:45,2025-03-04 08:50:13,43228,12.01
5055,L10,#72,GW252/13600,(1)停机过程,1,2025-03-03 20:49:35,2025-03-03 20:49:45,10,0
5056,L10,#72,GW252/13600,(9)维护状态,9,2025-03-03 08:24:48,2025-03-03 20:49:35,44687,12.41
5057,L10,#72,GW252/13600,(2)停机状态,2,2025-03-03 08:24:19,2025-03-03 08:24:48,29,0.01
5058,L10,#72,GW252/13600,(1)停机过程,1,2025-03-03 08:23:18,2025-03-03 08:24:19,61,0.02
5059,L10,#72,GW252/13600,(5)发电状态,5,2025-03-03 07:35:19,2025-03-03 08:23:18,2879,0.8
5060,L10,#72,GW252/13600,(4)启机状态,4,2025-03-03 07:31:33,2025-03-03 07:35:19,226,0.06
5061,L10,#72,GW252/13600,(3)待机状态,3,2025-03-03 07:30:30,2025-03-03 07:31:33,63,0.02
5062,L10,#72,GW252/13600,(2)停机状态,2,2025-03-03 07:30:28,2025-03-03 07:30:30,2,0
5063,L10,#72,GW252/13600,(1)停机过程,1,2025-03-03 07:29:55,2025-03-03 07:30:28,33,0.01
5064,L10,#72,GW252/13600,(4)启机状态,4,2025-03-03 07:24:56,2025-03-03 07:29:55,299,0.08
5065,L10,#72,GW252/13600,(3)待机状态,3,2025-03-03 07:23:39,2025-03-03 07:24:56,77,0.02
5066,L10,#72,GW252/13600,(2)停机状态,2,2025-03-03 07:23:37,2025-03-03 07:23:39,2,0
5067,L10,#72,GW252/13600,(1)停机过程,1,2025-03-03 07:23:05,2025-03-03 07:23:37,32,0.01
5068,L10,#72,GW252/13600,(4)启机状态,4,2025-03-03 07:18:05,2025-03-03 07:23:05,300,0.08
5069,L10,#72,GW252/13600,(3)待机状态,3,2025-03-03 07:16:44,2025-03-03 07:18:05,81,0.02
5070,L10,#72,GW252/13600,(2)停机状态,2,2025-03-03 06:40:07,2025-03-03 07:16:44,2197,0.61
5071,L10,#72,GW252/13600,(1)停机过程,1,2025-03-03 06:39:10,2025-03-03 06:40:07,57,0.02
5072,L10,#72,GW252/13600,(5)发电状态,5,2025-03-02 23:54:36,2025-03-03 06:39:10,24274,6.74
5073,L10,#72,GW252/13600,(4)启机状态,4,2025-03-02 23:53:41,2025-03-02 23:54:36,55,0.02
5074,L10,#72,GW252/13600,(3)待机状态,3,2025-03-02 23:52:56,2025-03-02 23:53:41,45,0.01
5075,L10,#72,GW252/13600,(2)停机状态,2,2025-03-02 21:30:33,2025-03-02 23:52:56,8543,2.37
5076,L10,#72,GW252/13600,(1)停机过程,1,2025-03-02 21:30:23,2025-03-02 21:30:33,10,0
5077,L10,#72,GW252/13600,(9)维护状态,9,2025-03-02 21:30:01,2025-03-02 21:30:23,22,0.01
5078,L10,#72,GW252/13600,(2)停机状态,2,2025-03-02 21:27:55,2025-03-02 21:30:01,126,0.04
5079,L10,#72,GW252/13600,(1)停机过程,1,2025-03-02 21:27:45,2025-03-02 21:27:55,10,0
5080,L10,#72,GW252/13600,(9)维护状态,9,2025-03-02 08:11:04,2025-03-02 21:27:45,47801,13.28
5081,L10,#72,GW252/13600,(2)停机状态,2,2025-03-01 22:53:51,2025-03-02 08:11:04,33433,9.29
5082,L10,#72,GW252/13600,(9)维护状态,9,2025-03-01 08:12:29,2025-03-01 22:53:51,52882,14.69
5083,L10,#72,GW252/13600,(2)停机状态,2,2025-03-01 08:11:21,2025-03-01 08:12:29,68,0.02
5084,L10,#72,GW252/13600,(1)停机过程,1,2025-03-01 08:10:21,2025-03-01 08:11:21,60,0.02
5085,L10,#72,GW252/13600,(5)发电状态,5,2025-02-28 21:25:17,2025-03-01 08:10:21,38704,10.75
5086,L10,#72,GW252/13600,(2)停机状态,2,2025-02-28 21:08:18,2025-02-28 21:25:17,1019,0.28
5087,L10,#72,GW252/13600,(1)停机过程,1,2025-02-28 21:08:09,2025-02-28 21:08:18,9,0
5088,L10,#72,GW252/13600,(9)维护状态,9,2025-02-28 08:09:11,2025-02-28 21:08:09,46738,12.98
5089,L10,#72,GW252/13600,(2)停机状态,2,2025-02-28 08:09:04,2025-02-28 08:09:11,7,0
5090,L10,#72,GW252/13600,(1)停机过程,1,2025-02-28 08:07:50,2025-02-28 08:09:04,74,0.02
5091,L10,#72,GW252/13600,(5)发电状态,5,2025-02-25 14:34:27,2025-02-28 08:07:50,236003,65.56
5092,L10,#72,GW252/13600,(4)启机状态,4,2025-02-25 14:33:41,2025-02-25 14:34:27,46,0.01
5093,L10,#72,GW252/13600,(3)待机状态,3,2025-02-25 14:33:05,2025-02-25 14:33:41,36,0.01
5094,L10,#72,GW252/13600,(2)停机状态,2,2025-02-25 07:54:08,2025-02-25 14:33:05,23937,6.65
5095,L10,#72,GW252/13600,(1)停机过程,1,2025-02-25 07:53:15,2025-02-25 07:54:08,53,0.01
5096,L10,#72,GW252/13600,(5)发电状态,5,2025-02-25 04:25:47,2025-02-25 07:53:15,12448,3.46
5097,L10,#72,GW252/13600,(4)启机状态,4,2025-02-25 04:25:04,2025-02-25 04:25:47,43,0.01
5098,L10,#72,GW252/13600,(3)待机状态,3,2025-02-25 04:24:27,2025-02-25 04:25:04,37,0.01
5099,L10,#72,GW252/13600,(2)停机状态,2,2025-02-24 22:35:29,2025-02-25 04:24:27,20938,5.82
5100,L10,#72,GW252/13600,(1)停机过程,1,2025-02-24 22:34:36,2025-02-24 22:35:29,53,0.01
5101,L10,#72,GW252/13600,(5)发电状态,5,2025-02-24 17:29:09,2025-02-24 22:34:36,18327,5.09
5102,L10,#72,GW252/13600,(4)启机状态,4,2025-02-24 17:28:24,2025-02-24 17:29:09,45,0.01
5103,L10,#72,GW252/13600,(3)待机状态,3,2025-02-24 17:27:45,2025-02-24 17:28:24,39,0.01
5104,L10,#72,GW252/13600,(2)停机状态,2,2025-02-24 17:19:23,2025-02-24 17:27:45,502,0.14
5105,L10,#72,GW252/13600,(1)停机过程,1,2025-02-24 17:18:04,2025-02-24 17:19:23,79,0.02
5106,L10,#72,GW252/13600,(5)发电状态,5,2025-02-24 17:14:05,2025-02-24 17:18:04,239,0.07
5107,L10,#72,GW252/13600,(4)启机状态,4,2025-02-24 17:13:16,2025-02-24 17:14:05,49,0.01
5108,L10,#72,GW252/13600,(3)待机状态,3,2025-02-24 17:12:36,2025-02-24 17:13:16,40,0.01
5109,L10,#72,GW252/13600,(1)停机过程,1,2025-02-24 17:11:24,2025-02-24 17:12:36,72,0.02
5110,L10,#72,GW252/13600,(5)发电状态,5,2025-02-24 17:10:36,2025-02-24 17:11:24,48,0.01
5111,L10,#72,GW252/13600,(4)启机状态,4,2025-02-24 17:09:50,2025-02-24 17:10:36,46,0.01
5112,L10,#72,GW252/13600,(3)待机状态,3,2025-02-24 17:09:12,2025-02-24 17:09:50,38,0.01
5113,L10,#72,GW252/13600,(2)停机状态,2,2025-02-24 17:07:15,2025-02-24 17:09:12,117,0.03
5114,L10,#72,GW252/13600,(1)停机过程,1,2025-02-24 17:07:05,2025-02-24 17:07:15,10,0
5115,L10,#72,GW252/13600,(9)维护状态,9,2025-02-23 22:32:00,2025-02-24 17:07:05,66905,18.58
5116,L10,#72,GW252/13600,(2)停机状态,2,2025-02-23 22:18:45,2025-02-23 22:32:00,795,0.22
5117,L10,#72,GW252/13600,(1)停机过程,1,2025-02-23 22:18:35,2025-02-23 22:18:45,10,0
5118,L10,#72,GW252/13600,(9)维护状态,9,2025-02-23 22:09:12,2025-02-23 22:18:35,563,0.16
5119,L10,#72,GW252/13600,(2)停机状态,2,2025-02-23 21:56:40,2025-02-23 22:09:12,752,0.21
5120,L10,#72,GW252/13600,(1)停机过程,1,2025-02-23 21:56:30,2025-02-23 21:56:40,10,0
5121,L10,#72,GW252/13600,(9)维护状态,9,2025-02-23 20:42:26,2025-02-23 21:56:30,4444,1.23
5122,L10,#72,GW252/13600,(2)停机状态,2,2025-02-22 09:01:11,2025-02-23 20:42:26,128475,35.69
5123,L10,#72,GW252/13600,(1)停机过程,1,2025-02-22 09:00:04,2025-02-22 09:01:11,67,0.02
5124,L10,#72,GW252/13600,(5)发电状态,5,2025-02-21 09:14:25,2025-02-22 09:00:04,85539,23.76
5125,L10,#72,GW252/13600,(4)启机状态,4,2025-02-21 09:13:44,2025-02-21 09:14:25,41,0.01
5126,L10,#72,GW252/13600,(3)待机状态,3,2025-02-21 09:13:05,2025-02-21 09:13:44,39,0.01
5127,L10,#72,GW252/13600,(2)停机状态,2,2025-02-21 08:23:31,2025-02-21 09:13:05,2974,0.83
5128,L10,#72,GW252/13600,(1)停机过程,1,2025-02-21 08:22:09,2025-02-21 08:23:31,82,0.02
5129,L10,#72,GW252/13600,(5)发电状态,5,2025-02-19 14:48:59,2025-02-21 08:22:09,149590,41.55
5130,L10,#72,GW252/13600,(4)启机状态,4,2025-02-19 14:48:20,2025-02-19 14:48:59,39,0.01
5131,L10,#72,GW252/13600,(3)待机状态,3,2025-02-19 14:47:44,2025-02-19 14:48:20,36,0.01
5132,L10,#72,GW252/13600,(2)停机状态,2,2025-02-19 05:41:12,2025-02-19 14:47:44,32792,9.11
5133,L10,#72,GW252/13600,(1)停机过程,1,2025-02-19 05:40:17,2025-02-19 05:41:12,55,0.02
5134,L10,#72,GW252/13600,(5)发电状态,5,2025-02-18 20:37:22,2025-02-19 05:40:17,32575,9.05
5135,L10,#72,GW252/13600,(4)启机状态,4,2025-02-18 20:36:40,2025-02-18 20:37:22,42,0.01
5136,L10,#72,GW252/13600,(3)待机状态,3,2025-02-18 20:36:02,2025-02-18 20:36:40,38,0.01
5137,L10,#72,GW252/13600,(2)停机状态,2,2025-02-18 20:30:07,2025-02-18 20:36:02,355,0.1
5138,L10,#72,GW252/13600,(1)停机过程,1,2025-02-18 20:29:57,2025-02-18 20:30:07,10,0
5139,L10,#72,GW252/13600,(9)维护状态,9,2025-02-18 14:33:26,2025-02-18 20:29:57,21391,5.94
5140,L10,#72,GW252/13600,(2)停机状态,2,2025-02-18 14:22:19,2025-02-18 14:33:26,667,0.19
5141,L10,#72,GW252/13600,(1)停机过程,1,2025-02-18 14:21:17,2025-02-18 14:22:19,62,0.02
5142,L10,#72,GW252/13600,(5)发电状态,5,2025-02-18 04:17:59,2025-02-18 14:21:17,36198,10.06
5143,L10,#72,GW252/13600,(4)启机状态,4,2025-02-18 04:17:16,2025-02-18 04:17:59,43,0.01
5144,L10,#72,GW252/13600,(3)待机状态,3,2025-02-18 04:16:40,2025-02-18 04:17:16,36,0.01
5145,L10,#72,GW252/13600,(2)停机状态,2,2025-02-17 22:03:21,2025-02-18 04:16:40,22399,6.22
5146,L10,#72,GW252/13600,(1)停机过程,1,2025-02-17 22:02:15,2025-02-17 22:03:21,66,0.02
5147,L10,#72,GW252/13600,(5)发电状态,5,2025-02-17 01:02:25,2025-02-17 22:02:15,75590,21
5148,L10,#72,GW252/13600,(4)启机状态,4,2025-02-17 00:57:29,2025-02-17 01:02:25,296,0.08
5149,L10,#72,GW252/13600,(3)待机状态,3,2025-02-17 00:56:21,2025-02-17 00:57:29,68,0.02
5150,L10,#72,GW252/13600,(1)停机过程,1,2025-02-17 00:55:50,2025-02-17 00:56:21,31,0.01
5151,L10,#72,GW252/13600,(4)启机状态,4,2025-02-17 00:50:50,2025-02-17 00:55:50,300,0.08
5152,L10,#72,GW252/13600,(3)待机状态,3,2025-02-17 00:49:46,2025-02-17 00:50:50,64,0.02
5153,L10,#72,GW252/13600,(2)停机状态,2,2025-02-17 00:49:44,2025-02-17 00:49:46,2,0
5154,L10,#72,GW252/13600,(1)停机过程,1,2025-02-17 00:49:13,2025-02-17 00:49:44,31,0.01
5155,L10,#72,GW252/13600,(4)启机状态,4,2025-02-17 00:44:12,2025-02-17 00:49:13,301,0.08
5156,L10,#72,GW252/13600,(3)待机状态,3,2025-02-17 00:42:25,2025-02-17 00:44:12,107,0.03
5157,L10,#72,GW252/13600,(2)停机状态,2,2025-02-17 00:42:24,2025-02-17 00:42:25,1,0
5158,L10,#72,GW252/13600,(1)停机过程,1,2025-02-17 00:41:52,2025-02-17 00:42:24,32,0.01
5159,L10,#72,GW252/13600,(4)启机状态,4,2025-02-17 00:36:52,2025-02-17 00:41:52,300,0.08
5160,L10,#72,GW252/13600,(3)待机状态,3,2025-02-17 00:35:14,2025-02-17 00:36:52,98,0.03
5161,L10,#72,GW252/13600,(2)停机状态,2,2025-02-17 00:35:12,2025-02-17 00:35:14,2,0
5162,L10,#72,GW252/13600,(1)停机过程,1,2025-02-17 00:34:40,2025-02-17 00:35:12,32,0.01
5163,L10,#72,GW252/13600,(4)启机状态,4,2025-02-17 00:29:39,2025-02-17 00:34:40,301,0.08
5164,L10,#72,GW252/13600,(3)待机状态,3,2025-02-17 00:25:40,2025-02-17 00:29:39,239,0.07
5165,L10,#72,GW252/13600,(2)停机状态,2,2025-02-17 00:25:39,2025-02-17 00:25:40,1,0
5166,L10,#72,GW252/13600,(1)停机过程,1,2025-02-17 00:25:07,2025-02-17 00:25:39,32,0.01
5167,L10,#72,GW252/13600,(4)启机状态,4,2025-02-17 00:20:07,2025-02-17 00:25:07,300,0.08
5168,L10,#72,GW252/13600,(3)待机状态,3,2025-02-17 00:09:32,2025-02-17 00:20:07,635,0.18
5169,L10,#72,GW252/13600,(2)停机状态,2,2025-02-17 00:09:30,2025-02-17 00:09:32,2,0
5170,L10,#72,GW252/13600,(1)停机过程,1,2025-02-17 00:08:57,2025-02-17 00:09:30,33,0.01
5171,L10,#72,GW252/13600,(4)启机状态,4,2025-02-17 00:03:58,2025-02-17 00:08:57,299,0.08
5172,L10,#72,GW252/13600,(3)待机状态,3,2025-02-16 23:05:06,2025-02-17 00:03:58,3532,0.98
5173,L10,#72,GW252/13600,(2)停机状态,2,2025-02-16 22:27:58,2025-02-16 23:05:06,2228,0.62
5174,L10,#72,GW252/13600,(1)停机过程,1,2025-02-16 22:27:27,2025-02-16 22:27:58,31,0.01
5175,L10,#72,GW252/13600,(4)启机状态,4,2025-02-16 22:22:26,2025-02-16 22:27:27,301,0.08
5176,L10,#72,GW252/13600,(3)待机状态,3,2025-02-16 15:36:35,2025-02-16 22:22:26,24351,6.76
5177,L10,#72,GW252/13600,(2)停机状态,2,2025-02-16 15:36:34,2025-02-16 15:36:35,1,0
5178,L10,#72,GW252/13600,(1)停机过程,1,2025-02-16 15:36:03,2025-02-16 15:36:34,31,0.01
5179,L10,#72,GW252/13600,(4)启机状态,4,2025-02-16 15:31:03,2025-02-16 15:36:03,300,0.08
5180,L10,#72,GW252/13600,(3)待机状态,3,2025-02-16 15:26:43,2025-02-16 15:31:03,260,0.07
5181,L10,#72,GW252/13600,(2)停机状态,2,2025-02-16 15:26:41,2025-02-16 15:26:43,2,0
5182,L10,#72,GW252/13600,(1)停机过程,1,2025-02-16 15:26:10,2025-02-16 15:26:41,31,0.01
5183,L10,#72,GW252/13600,(4)启机状态,4,2025-02-16 15:21:11,2025-02-16 15:26:10,299,0.08
5184,L10,#72,GW252/13600,(3)待机状态,3,2025-02-16 15:17:36,2025-02-16 15:21:11,215,0.06
5185,L10,#72,GW252/13600,(1)停机过程,1,2025-02-16 15:17:03,2025-02-16 15:17:36,33,0.01
5186,L10,#72,GW252/13600,(4)启机状态,4,2025-02-16 15:12:03,2025-02-16 15:17:03,300,0.08
5187,L10,#72,GW252/13600,(3)待机状态,3,2025-02-16 15:10:37,2025-02-16 15:12:03,86,0.02
5188,L10,#72,GW252/13600,(2)停机状态,2,2025-02-16 15:10:36,2025-02-16 15:10:37,1,0
5189,L10,#72,GW252/13600,(1)停机过程,1,2025-02-16 15:10:05,2025-02-16 15:10:36,31,0.01
5190,L10,#72,GW252/13600,(4)启机状态,4,2025-02-16 15:05:04,2025-02-16 15:10:05,301,0.08
5191,L10,#72,GW252/13600,(3)待机状态,3,2025-02-16 15:03:35,2025-02-16 15:05:04,89,0.02
5192,L10,#72,GW252/13600,(2)停机状态,2,2025-02-16 15:03:33,2025-02-16 15:03:35,2,0
5193,L10,#72,GW252/13600,(1)停机过程,1,2025-02-16 15:03:02,2025-02-16 15:03:33,31,0.01
5194,L10,#72,GW252/13600,(4)启机状态,4,2025-02-16 14:58:02,2025-02-16 15:03:02,300,0.08
5195,L10,#72,GW252/13600,(3)待机状态,3,2025-02-16 14:56:52,2025-02-16 14:58:02,70,0.02
5196,L10,#72,GW252/13600,(2)停机状态,2,2025-02-16 14:20:15,2025-02-16 14:56:52,2197,0.61
5197,L10,#72,GW252/13600,(1)停机过程,1,2025-02-16 14:19:19,2025-02-16 14:20:15,56,0.02
5198,L10,#72,GW252/13600,(5)发电状态,5,2025-02-16 00:18:54,2025-02-16 14:19:19,50425,14.01
5199,L10,#72,GW252/13600,(4)启机状态,4,2025-02-16 00:17:56,2025-02-16 00:18:54,58,0.02
5200,L10,#72,GW252/13600,(3)待机状态,3,2025-02-16 00:17:16,2025-02-16 00:17:56,40,0.01
5201,L10,#72,GW252/13600,(2)停机状态,2,2025-02-16 00:15:46,2025-02-16 00:17:16,90,0.03
5202,L10,#72,GW252/13600,(1)停机过程,1,2025-02-16 00:15:36,2025-02-16 00:15:46,10,0
5203,L10,#72,GW252/13600,(9)维护状态,9,2025-02-15 23:55:45,2025-02-16 00:15:36,1191,0.33
5204,L10,#72,GW252/13600,(0)初始化,0,2025-02-15 23:52:46,2025-02-15 23:55:45,179,0.05
5205,L10,#72,GW252/13600,(9)维护状态,9,2025-02-15 23:47:55,2025-02-15 23:52:46,291,0.08
5206,L10,#72,GW252/13600,(0)初始化,0,2025-02-15 23:44:57,2025-02-15 23:47:55,178,0.05
5207,L10,#72,GW252/13600,(9)维护状态,9,2025-01-28 16:42:38,2025-02-15 23:44:57,1580539,439.04
5208,L10,#72,GW252/13600,(2)停机状态,2,2025-01-28 15:51:06,2025-01-28 16:42:38,3092,0.86
5209,L10,#72,GW252/13600,(1)停机过程,1,2025-01-28 15:50:56,2025-01-28 15:51:06,10,0
5210,L10,#72,GW252/13600,(9)维护状态,9,2025-01-27 08:52:00,2025-01-28 15:50:56,111536,30.98
5211,L10,#72,GW252/13600,(2)停机状态,2,2025-01-27 08:51:15,2025-01-27 08:52:00,45,0.01
5212,L10,#72,GW252/13600,(1)停机过程,1,2025-01-27 08:51:00,2025-01-27 08:51:15,15,0
5213,L10,#72,GW252/13600,(3)待机状态,3,2025-01-27 08:50:52,2025-01-27 08:51:00,8,0
5214,L10,#72,GW252/13600,(2)停机状态,2,2025-01-27 07:19:18,2025-01-27 08:50:52,5494,1.53
5215,L10,#72,GW252/13600,(1)停机过程,1,2025-01-27 07:18:22,2025-01-27 07:19:18,56,0.02
5216,L10,#72,GW252/13600,(5)发电状态,5,2025-01-27 07:18:14,2025-01-27 07:18:22,8,0
5217,L10,#72,GW252/13600,(4)启机状态,4,2025-01-27 07:17:39,2025-01-27 07:18:14,35,0.01
5218,L10,#72,GW252/13600,(3)待机状态,3,2025-01-27 07:17:07,2025-01-27 07:17:39,32,0.01
5219,L10,#72,GW252/13600,(2)停机状态,2,2025-01-26 08:22:04,2025-01-27 07:17:07,82503,22.92
5220,L10,#72,GW252/13600,(1)停机过程,1,2025-01-26 08:20:39,2025-01-26 08:22:04,85,0.02
5221,L10,#72,GW252/13600,(5)发电状态,5,2025-01-26 08:12:33,2025-01-26 08:20:39,486,0.14
5222,L10,#72,GW252/13600,(4)启机状态,4,2025-01-26 08:11:48,2025-01-26 08:12:33,45,0.01
5223,L10,#72,GW252/13600,(3)待机状态,3,2025-01-26 08:11:11,2025-01-26 08:11:48,37,0.01
5224,L10,#72,GW252/13600,(2)停机状态,2,2025-01-26 07:14:59,2025-01-26 08:11:11,3372,0.94
5225,L10,#72,GW252/13600,(1)停机过程,1,2025-01-26 07:14:01,2025-01-26 07:14:59,58,0.02
5226,L10,#72,GW252/13600,(5)发电状态,5,2025-01-25 17:36:48,2025-01-26 07:14:01,49033,13.62
5227,L10,#72,GW252/13600,(4)启机状态,4,2025-01-25 17:36:06,2025-01-25 17:36:48,42,0.01
5228,L10,#72,GW252/13600,(3)待机状态,3,2025-01-25 17:35:28,2025-01-25 17:36:06,38,0.01
5229,L10,#72,GW252/13600,(2)停机状态,2,2025-01-25 07:10:57,2025-01-25 17:35:28,37471,10.41
5230,L10,#72,GW252/13600,(1)停机过程,1,2025-01-25 07:09:55,2025-01-25 07:10:57,62,0.02
5231,L10,#72,GW252/13600,(5)发电状态,5,2025-01-24 00:02:50,2025-01-25 07:09:55,112025,31.12
5232,L10,#72,GW252/13600,(4)启机状态,4,2025-01-24 00:01:43,2025-01-24 00:02:50,67,0.02
5233,L10,#72,GW252/13600,(3)待机状态,3,2025-01-24 00:00:53,2025-01-24 00:01:43,50,0.01
5234,L10,#72,GW252/13600,(2)停机状态,2,2025-01-23 23:59:37,2025-01-24 00:00:53,76,0.02
5235,L10,#72,GW252/13600,(1)停机过程,1,2025-01-23 23:59:27,2025-01-23 23:59:37,10,0
5236,L10,#72,GW252/13600,(9)维护状态,9,2025-01-23 23:58:52,2025-01-23 23:59:27,35,0.01
5237,L10,#72,GW252/13600,(2)停机状态,2,2025-01-23 23:58:22,2025-01-23 23:58:52,30,0.01
5238,L10,#72,GW252/13600,(1)停机过程,1,2025-01-23 23:58:12,2025-01-23 23:58:22,10,0
5239,L10,#72,GW252/13600,(9)维护状态,9,2025-01-21 23:53:05,2025-01-23 23:58:12,173107,48.09
5240,L10,#72,GW252/13600,(2)停机状态,2,2025-01-21 23:52:59,2025-01-21 23:53:05,6,0
5241,L10,#72,GW252/13600,(1)停机过程,1,2025-01-21 23:52:44,2025-01-21 23:52:59,15,0
5242,L10,#72,GW252/13600,(3)待机状态,3,2025-01-21 23:52:36,2025-01-21 23:52:44,8,0
5243,L10,#72,GW252/13600,(2)停机状态,2,2025-01-21 23:52:05,2025-01-21 23:52:36,31,0.01
5244,L10,#72,GW252/13600,(1)停机过程,1,2025-01-21 23:51:55,2025-01-21 23:52:05,10,0
5245,L10,#72,GW252/13600,(9)维护状态,9,2025-01-21 23:49:16,2025-01-21 23:51:55,159,0.04
5246,L10,#72,GW252/13600,(2)停机状态,2,2025-01-21 22:27:54,2025-01-21 23:49:16,4882,1.36
5247,L10,#72,GW252/13600,(1)停机过程,1,2025-01-21 22:27:06,2025-01-21 22:27:54,48,0.01
5248,L10,#72,GW252/13600,(5)发电状态,5,2025-01-21 22:26:32,2025-01-21 22:27:06,34,0.01
5249,L10,#72,GW252/13600,(4)启机状态,4,2025-01-21 22:25:51,2025-01-21 22:26:32,41,0.01
5250,L10,#72,GW252/13600,(3)待机状态,3,2025-01-21 22:25:15,2025-01-21 22:25:51,36,0.01
5251,L10,#72,GW252/13600,(2)停机状态,2,2025-01-21 22:23:19,2025-01-21 22:25:15,116,0.03
5252,L10,#72,GW252/13600,(1)停机过程,1,2025-01-21 22:23:09,2025-01-21 22:23:19,10,0
5253,L10,#72,GW252/13600,(9)维护状态,9,2025-01-21 16:25:02,2025-01-21 22:23:09,21487,5.97
5254,L10,#72,GW252/13600,(2)停机状态,2,2025-01-21 16:20:29,2025-01-21 16:25:02,273,0.08
5255,L10,#72,GW252/13600,(1)停机过程,1,2025-01-21 16:19:39,2025-01-21 16:20:29,50,0.01
5256,L10,#72,GW252/13600,(5)发电状态,5,2025-01-21 16:16:26,2025-01-21 16:19:39,193,0.05
5257,L10,#72,GW252/13600,(4)启机状态,4,2025-01-21 16:15:35,2025-01-21 16:16:26,51,0.01
5258,L10,#72,GW252/13600,(3)待机状态,3,2025-01-21 16:14:54,2025-01-21 16:15:35,41,0.01
5259,L10,#72,GW252/13600,(2)停机状态,2,2025-01-21 16:09:07,2025-01-21 16:14:54,347,0.1
5260,L10,#72,GW252/13600,(1)停机过程,1,2025-01-21 16:08:17,2025-01-21 16:09:07,50,0.01
5261,L10,#72,GW252/13600,(5)发电状态,5,2025-01-21 04:50:21,2025-01-21 16:08:17,40676,11.3
5262,L10,#72,GW252/13600,(4)启机状态,4,2025-01-21 04:48:56,2025-01-21 04:50:21,85,0.02
5263,L10,#72,GW252/13600,(3)待机状态,3,2025-01-21 04:48:05,2025-01-21 04:48:56,51,0.01
5264,L10,#72,GW252/13600,(2)停机状态,2,2025-01-21 04:44:56,2025-01-21 04:48:05,189,0.05
5265,L10,#72,GW252/13600,(1)停机过程,1,2025-01-21 04:44:44,2025-01-21 04:44:56,12,0
5266,L10,#72,GW252/13600,(9)维护状态,9,2025-01-19 09:03:04,2025-01-21 04:44:44,157300,43.69
5267,L10,#72,GW252/13600,(2)停机状态,2,2025-01-19 09:02:25,2025-01-19 09:03:04,39,0.01
5268,L10,#72,GW252/13600,(1)停机过程,1,2025-01-19 09:02:04,2025-01-19 09:02:25,21,0.01
5269,L10,#72,GW252/13600,(3)待机状态,3,2025-01-19 09:01:51,2025-01-19 09:02:04,13,0
5270,L10,#72,GW252/13600,(2)停机状态,2,2025-01-19 08:59:55,2025-01-19 09:01:51,116,0.03
5271,L10,#72,GW252/13600,(1)停机过程,1,2025-01-19 08:59:44,2025-01-19 08:59:55,11,0
5272,L10,#72,GW252/13600,(9)维护状态,9,2025-01-19 08:58:36,2025-01-19 08:59:44,68,0.02
5273,L10,#72,GW252/13600,(2)停机状态,2,2025-01-18 23:28:24,2025-01-19 08:58:36,34212,9.5
5274,L10,#72,GW252/13600,(1)停机过程,1,2025-01-18 23:28:00,2025-01-18 23:28:24,24,0.01
5275,L10,#72,GW252/13600,(3)待机状态,3,2025-01-18 23:27:45,2025-01-18 23:28:00,15,0
5276,L10,#72,GW252/13600,(2)停机状态,2,2025-01-18 23:27:18,2025-01-18 23:27:45,27,0.01
5277,L10,#72,GW252/13600,(1)停机过程,1,2025-01-18 23:27:07,2025-01-18 23:27:18,11,0
5278,L10,#72,GW252/13600,(9)维护状态,9,2025-01-18 23:24:45,2025-01-18 23:27:07,142,0.04
5279,L10,#72,GW252/13600,(2)停机状态,2,2025-01-18 23:14:37,2025-01-18 23:24:45,608,0.17
5280,L10,#72,GW252/13600,(1)停机过程,1,2025-01-18 23:14:10,2025-01-18 23:14:37,27,0.01
5281,L10,#72,GW252/13600,(4)启机状态,4,2025-01-18 23:13:41,2025-01-18 23:14:10,29,0.01
5282,L10,#72,GW252/13600,(3)待机状态,3,2025-01-18 23:12:19,2025-01-18 23:13:41,82,0.02
5283,L10,#72,GW252/13600,(2)停机状态,2,2025-01-18 23:12:18,2025-01-18 23:12:19,1,0
5284,L10,#72,GW252/13600,(1)停机过程,1,2025-01-18 23:11:46,2025-01-18 23:12:18,32,0.01
5285,L10,#72,GW252/13600,(4)启机状态,4,2025-01-18 23:06:45,2025-01-18 23:11:46,301,0.08
5286,L10,#72,GW252/13600,(3)待机状态,3,2025-01-18 23:05:31,2025-01-18 23:06:45,74,0.02
5287,L10,#72,GW252/13600,(2)停机状态,2,2025-01-18 23:05:29,2025-01-18 23:05:31,2,0
5288,L10,#72,GW252/13600,(1)停机过程,1,2025-01-18 23:04:58,2025-01-18 23:05:29,31,0.01
5289,L10,#72,GW252/13600,(4)启机状态,4,2025-01-18 22:59:59,2025-01-18 23:04:58,299,0.08
5290,L10,#72,GW252/13600,(3)待机状态,3,2025-01-18 22:58:28,2025-01-18 22:59:59,91,0.03
5291,L10,#72,GW252/13600,(2)停机状态,2,2025-01-18 22:58:27,2025-01-18 22:58:28,1,0
5292,L10,#72,GW252/13600,(1)停机过程,1,2025-01-18 22:57:54,2025-01-18 22:58:27,33,0.01
5293,L10,#72,GW252/13600,(4)启机状态,4,2025-01-18 22:52:54,2025-01-18 22:57:54,300,0.08
5294,L10,#72,GW252/13600,(3)待机状态,3,2025-01-18 22:48:24,2025-01-18 22:52:54,270,0.08
5295,L10,#72,GW252/13600,(2)停机状态,2,2025-01-18 22:48:22,2025-01-18 22:48:24,2,0
5296,L10,#72,GW252/13600,(1)停机过程,1,2025-01-18 22:47:52,2025-01-18 22:48:22,30,0.01
5297,L10,#72,GW252/13600,(4)启机状态,4,2025-01-18 22:42:52,2025-01-18 22:47:52,300,0.08
5298,L10,#72,GW252/13600,(3)待机状态,3,2025-01-18 22:37:46,2025-01-18 22:42:52,306,0.09
5299,L10,#72,GW252/13600,(2)停机状态,2,2025-01-18 22:34:08,2025-01-18 22:37:46,218,0.06
5300,L10,#72,GW252/13600,(1)停机过程,1,2025-01-18 22:33:58,2025-01-18 22:34:08,10,0
5301,L10,#72,GW252/13600,(9)维护状态,9,2025-01-18 22:08:50,2025-01-18 22:33:58,1508,0.42
5302,L10,#72,GW252/13600,(2)停机状态,2,2025-01-18 22:07:19,2025-01-18 22:08:50,91,0.03
5303,L10,#72,GW252/13600,(1)停机过程,1,2025-01-18 22:06:53,2025-01-18 22:07:19,26,0.01
5304,L10,#72,GW252/13600,(3)待机状态,3,2025-01-18 22:04:32,2025-01-18 22:06:53,141,0.04
5305,L10,#72,GW252/13600,(2)停机状态,2,2025-01-18 22:04:27,2025-01-18 22:04:32,5,0
5306,L10,#72,GW252/13600,(1)停机过程,1,2025-01-18 22:04:18,2025-01-18 22:04:27,9,0
5307,L10,#72,GW252/13600,(9)维护状态,9,2025-01-18 22:03:09,2025-01-18 22:04:18,69,0.02
5308,L10,#72,GW252/13600,(2)停机状态,2,2025-01-18 21:56:22,2025-01-18 22:03:09,407,0.11
5309,L10,#72,GW252/13600,(1)停机过程,1,2025-01-18 21:55:55,2025-01-18 21:56:22,27,0.01
5310,L10,#72,GW252/13600,(3)待机状态,3,2025-01-18 21:49:06,2025-01-18 21:55:55,409,0.11
5311,L10,#72,GW252/13600,(2)停机状态,2,2025-01-18 21:49:01,2025-01-18 21:49:06,5,0
5312,L10,#72,GW252/13600,(1)停机过程,1,2025-01-18 21:48:51,2025-01-18 21:49:01,10,0
5313,L10,#72,GW252/13600,(9)维护状态,9,2025-01-18 21:47:24,2025-01-18 21:48:51,87,0.02
5314,L10,#72,GW252/13600,(2)停机状态,2,2025-01-18 21:20:02,2025-01-18 21:47:24,1642,0.46
5315,L10,#72,GW252/13600,(1)停机过程,1,2025-01-18 21:19:36,2025-01-18 21:20:02,26,0.01
5316,L10,#72,GW252/13600,(3)待机状态,3,2025-01-18 20:59:39,2025-01-18 21:19:36,1197,0.33
5317,L10,#72,GW252/13600,(2)停机状态,2,2025-01-18 20:23:04,2025-01-18 20:59:39,2195,0.61
5318,L10,#72,GW252/13600,(1)停机过程,1,2025-01-18 20:22:08,2025-01-18 20:23:04,56,0.02
5319,L10,#72,GW252/13600,(5)发电状态,5,2025-01-18 15:13:41,2025-01-18 20:22:08,18507,5.14
5320,L10,#72,GW252/13600,(4)启机状态,4,2025-01-18 15:12:23,2025-01-18 15:13:41,78,0.02
5321,L10,#72,GW252/13600,(3)待机状态,3,2025-01-18 15:11:31,2025-01-18 15:12:23,52,0.01
5322,L10,#72,GW252/13600,(2)停机状态,2,2025-01-18 15:07:19,2025-01-18 15:11:31,252,0.07
5323,L10,#72,GW252/13600,(1)停机过程,1,2025-01-18 15:07:09,2025-01-18 15:07:19,10,0
5324,L10,#72,GW252/13600,(9)维护状态,9,2025-01-18 14:45:54,2025-01-18 15:07:09,1275,0.35
5325,L10,#72,GW252/13600,(2)停机状态,2,2025-01-18 14:43:08,2025-01-18 14:45:54,166,0.05
5326,L10,#72,GW252/13600,(1)停机过程,1,2025-01-18 14:42:18,2025-01-18 14:43:08,50,0.01
5327,L10,#72,GW252/13600,(5)发电状态,5,2025-01-18 14:21:23,2025-01-18 14:42:18,1255,0.35
5328,L10,#72,GW252/13600,(4)启机状态,4,2025-01-18 14:20:20,2025-01-18 14:21:23,63,0.02
5329,L10,#72,GW252/13600,(3)待机状态,3,2025-01-18 14:19:35,2025-01-18 14:20:20,45,0.01
5330,L10,#72,GW252/13600,(2)停机状态,2,2025-01-18 14:16:37,2025-01-18 14:19:35,178,0.05
5331,L10,#72,GW252/13600,(1)停机过程,1,2025-01-18 14:15:40,2025-01-18 14:16:37,57,0.02
5332,L10,#72,GW252/13600,(5)发电状态,5,2025-01-18 13:47:49,2025-01-18 14:15:40,1671,0.46
5333,L10,#72,GW252/13600,(4)启机状态,4,2025-01-18 13:46:48,2025-01-18 13:47:49,61,0.02
5334,L10,#72,GW252/13600,(3)待机状态,3,2025-01-18 13:46:05,2025-01-18 13:46:48,43,0.01
5335,L10,#72,GW252/13600,(2)停机状态,2,2025-01-18 13:45:25,2025-01-18 13:46:05,40,0.01
5336,L10,#72,GW252/13600,(1)停机过程,1,2025-01-18 13:45:15,2025-01-18 13:45:25,10,0
5337,L10,#72,GW252/13600,(9)维护状态,9,2025-01-18 13:00:41,2025-01-18 13:45:15,2674,0.74
5338,L10,#72,GW252/13600,(2)停机状态,2,2025-01-18 12:45:48,2025-01-18 13:00:41,893,0.25
5339,L10,#72,GW252/13600,(1)停机过程,1,2025-01-18 12:44:57,2025-01-18 12:45:48,51,0.01
5340,L10,#72,GW252/13600,(5)发电状态,5,2025-01-17 17:25:12,2025-01-18 12:44:57,69585,19.33
5341,L10,#72,GW252/13600,(4)启机状态,4,2025-01-17 17:24:22,2025-01-17 17:25:12,50,0.01
5342,L10,#72,GW252/13600,(3)待机状态,3,2025-01-17 17:23:43,2025-01-17 17:24:22,39,0.01
5343,L10,#72,GW252/13600,(2)停机状态,2,2025-01-17 17:23:17,2025-01-17 17:23:43,26,0.01
5344,L10,#72,GW252/13600,(1)停机过程,1,2025-01-17 17:23:06,2025-01-17 17:23:17,11,0
5345,L10,#72,GW252/13600,(9)维护状态,9,2025-01-17 17:22:24,2025-01-17 17:23:06,42,0.01
5346,L10,#72,GW252/13600,(2)停机状态,2,2025-01-17 12:14:29,2025-01-17 17:22:24,18475,5.13
5347,L10,#72,GW252/13600,(1)停机过程,1,2025-01-17 12:13:40,2025-01-17 12:14:29,49,0.01
5348,L10,#72,GW252/13600,(5)发电状态,5,2025-01-16 10:15:43,2025-01-17 12:13:40,93477,25.97
5349,L10,#72,GW252/13600,(4)启机状态,4,2025-01-16 10:15:06,2025-01-16 10:15:43,37,0.01
5350,L10,#72,GW252/13600,(3)待机状态,3,2025-01-16 10:14:26,2025-01-16 10:15:06,40,0.01
5351,L10,#72,GW252/13600,(2)停机状态,2,2025-01-16 10:12:36,2025-01-16 10:14:26,110,0.03
5352,L10,#72,GW252/13600,(1)停机过程,1,2025-01-16 10:12:25,2025-01-16 10:12:36,11,0
5353,L10,#72,GW252/13600,(9)维护状态,9,2025-01-16 10:03:40,2025-01-16 10:12:25,525,0.15
5354,L10,#72,GW252/13600,(2)停机状态,2,2025-01-16 10:03:06,2025-01-16 10:03:40,34,0.01
5355,L10,#72,GW252/13600,(1)停机过程,1,2025-01-16 10:02:56,2025-01-16 10:03:06,10,0
5356,L10,#72,GW252/13600,(9)维护状态,9,2025-01-16 08:50:55,2025-01-16 10:02:56,4321,1.2
5357,L10,#72,GW252/13600,(2)停机状态,2,2025-01-16 04:44:06,2025-01-16 08:50:55,14809,4.11
5358,L10,#72,GW252/13600,(1)停机过程,1,2025-01-16 04:43:22,2025-01-16 04:44:06,44,0.01
5359,L10,#72,GW252/13600,(5)发电状态,5,2025-01-15 22:57:16,2025-01-16 04:43:22,20766,5.77
5360,L10,#72,GW252/13600,(4)启机状态,4,2025-01-15 22:56:41,2025-01-15 22:57:16,35,0.01
5361,L10,#72,GW252/13600,(3)待机状态,3,2025-01-15 22:56:08,2025-01-15 22:56:41,33,0.01
5362,L10,#72,GW252/13600,(2)停机状态,2,2025-01-15 22:50:31,2025-01-15 22:56:08,337,0.09
5363,L10,#72,GW252/13600,(1)停机过程,1,2025-01-15 22:49:26,2025-01-15 22:50:31,65,0.02
5364,L10,#72,GW252/13600,(5)发电状态,5,2025-01-13 00:06:08,2025-01-15 22:49:26,254598,70.72
5365,L10,#72,GW252/13600,(4)启机状态,4,2025-01-13 00:05:25,2025-01-13 00:06:08,43,0.01
5366,L10,#72,GW252/13600,(3)待机状态,3,2025-01-13 00:04:50,2025-01-13 00:05:25,35,0.01
5367,L10,#72,GW252/13600,(2)停机状态,2,2025-01-13 00:04:48,2025-01-13 00:04:50,2,0
5368,L10,#72,GW252/13600,(1)停机过程,1,2025-01-13 00:03:20,2025-01-13 00:04:48,88,0.02
5369,L10,#72,GW252/13600,(5)发电状态,5,2025-01-06 00:03:11,2025-01-13 00:03:20,604809,168
5370,L10,#72,GW252/13600,(4)启机状态,4,2025-01-06 00:00:21,2025-01-06 00:03:11,170,0.05
5371,L10,#72,GW252/13600,(3)待机状态,3,2025-01-05 23:59:16,2025-01-06 00:00:21,65,0.02
5372,L10,#72,GW252/13600,(2)停机状态,2,2025-01-05 23:59:15,2025-01-05 23:59:16,1,0
5373,L10,#72,GW252/13600,(1)停机过程,1,2025-01-05 23:58:30,2025-01-05 23:59:15,45,0.01
5374,L10,#72,GW252/13600,(4)启机状态,4,2025-01-05 23:53:30,2025-01-05 23:58:30,300,0.08
5375,L10,#72,GW252/13600,(3)待机状态,3,2025-01-05 23:52:33,2025-01-05 23:53:30,57,0.02
5376,L10,#72,GW252/13600,(2)停机状态,2,2025-01-05 23:52:31,2025-01-05 23:52:33,2,0
5377,L10,#72,GW252/13600,(1)停机过程,1,2025-01-05 23:51:59,2025-01-05 23:52:31,32,0.01
5378,L10,#72,GW252/13600,(4)启机状态,4,2025-01-05 23:46:59,2025-01-05 23:51:59,300,0.08
5379,L10,#72,GW252/13600,(3)待机状态,3,2025-01-05 23:45:58,2025-01-05 23:46:59,61,0.02
5380,L10,#72,GW252/13600,(2)停机状态,2,2025-01-05 23:45:57,2025-01-05 23:45:58,1,0
5381,L10,#72,GW252/13600,(1)停机过程,1,2025-01-05 23:45:26,2025-01-05 23:45:57,31,0.01
5382,L10,#72,GW252/13600,(4)启机状态,4,2025-01-05 23:40:26,2025-01-05 23:45:26,300,0.08
5383,L10,#72,GW252/13600,(3)待机状态,3,2025-01-05 23:39:20,2025-01-05 23:40:26,66,0.02
5384,L10,#72,GW252/13600,(2)停机状态,2,2025-01-05 23:39:18,2025-01-05 23:39:20,2,0
5385,L10,#72,GW252/13600,(1)停机过程,1,2025-01-05 23:38:45,2025-01-05 23:39:18,33,0.01
5386,L10,#72,GW252/13600,(4)启机状态,4,2025-01-05 23:33:46,2025-01-05 23:38:45,299,0.08
5387,L10,#72,GW252/13600,(3)待机状态,3,2025-01-05 23:32:47,2025-01-05 23:33:46,59,0.02
5388,L10,#72,GW252/13600,(2)停机状态,2,2025-01-05 23:32:46,2025-01-05 23:32:47,1,0
5389,L10,#72,GW252/13600,(1)停机过程,1,2025-01-05 23:32:16,2025-01-05 23:32:46,30,0.01
5390,L10,#72,GW252/13600,(4)启机状态,4,2025-01-05 23:27:15,2025-01-05 23:32:16,301,0.08
5391,L10,#72,GW252/13600,(3)待机状态,3,2025-01-05 23:26:12,2025-01-05 23:27:15,63,0.02
5392,L10,#72,GW252/13600,(2)停机状态,2,2025-01-05 23:26:08,2025-01-05 23:26:12,4,0
5393,L10,#72,GW252/13600,(1)停机过程,1,2025-01-05 23:25:35,2025-01-05 23:26:08,33,0.01
5394,L10,#72,GW252/13600,(4)启机状态,4,2025-01-05 23:20:36,2025-01-05 23:25:35,299,0.08
5395,L10,#72,GW252/13600,(3)待机状态,3,2025-01-05 23:19:35,2025-01-05 23:20:36,61,0.02
5396,L10,#72,GW252/13600,(1)停机过程,1,2025-01-05 23:19:04,2025-01-05 23:19:35,31,0.01
5397,L10,#72,GW252/13600,(4)启机状态,4,2025-01-05 23:14:04,2025-01-05 23:19:04,300,0.08
5398,L10,#72,GW252/13600,(3)待机状态,3,2025-01-05 23:12:49,2025-01-05 23:14:04,75,0.02
5399,L10,#72,GW252/13600,(2)停机状态,2,2025-01-05 23:12:48,2025-01-05 23:12:49,1,0
5400,L10,#72,GW252/13600,(1)停机过程,1,2025-01-05 23:12:15,2025-01-05 23:12:48,33,0.01
5401,L10,#72,GW252/13600,(4)启机状态,4,2025-01-05 23:07:16,2025-01-05 23:12:15,299,0.08
5402,L10,#72,GW252/13600,(3)待机状态,3,2025-01-05 23:05:57,2025-01-05 23:07:16,79,0.02
5403,L10,#72,GW252/13600,(2)停机状态,2,2025-01-05 23:05:56,2025-01-05 23:05:57,1,0
5404,L10,#72,GW252/13600,(1)停机过程,1,2025-01-05 23:05:25,2025-01-05 23:05:56,31,0.01
5405,L10,#72,GW252/13600,(4)启机状态,4,2025-01-05 23:00:25,2025-01-05 23:05:25,300,0.08
5406,L10,#72,GW252/13600,(3)待机状态,3,2025-01-05 22:59:07,2025-01-05 23:00:25,78,0.02
5407,L10,#72,GW252/13600,(2)停机状态,2,2025-01-05 22:59:05,2025-01-05 22:59:07,2,0
5408,L10,#72,GW252/13600,(1)停机过程,1,2025-01-05 22:58:35,2025-01-05 22:59:05,30,0.01
5409,L10,#72,GW252/13600,(4)启机状态,4,2025-01-05 22:53:35,2025-01-05 22:58:35,300,0.08
5410,L10,#72,GW252/13600,(3)待机状态,3,2025-01-05 22:52:02,2025-01-05 22:53:35,93,0.03
5411,L10,#72,GW252/13600,(2)停机状态,2,2025-01-05 22:52:01,2025-01-05 22:52:02,1,0
5412,L10,#72,GW252/13600,(1)停机过程,1,2025-01-05 22:51:30,2025-01-05 22:52:01,31,0.01
5413,L10,#72,GW252/13600,(4)启机状态,4,2025-01-05 22:46:29,2025-01-05 22:51:30,301,0.08
5414,L10,#72,GW252/13600,(3)待机状态,3,2025-01-05 22:45:11,2025-01-05 22:46:29,78,0.02
5415,L10,#72,GW252/13600,(2)停机状态,2,2025-01-05 22:45:09,2025-01-05 22:45:11,2,0
5416,L10,#72,GW252/13600,(1)停机过程,1,2025-01-05 22:44:37,2025-01-05 22:45:09,32,0.01
5417,L10,#72,GW252/13600,(4)启机状态,4,2025-01-05 22:39:37,2025-01-05 22:44:37,300,0.08
5418,L10,#72,GW252/13600,(3)待机状态,3,2025-01-05 22:38:24,2025-01-05 22:39:37,73,0.02
5419,L10,#72,GW252/13600,(2)停机状态,2,2025-01-05 22:38:22,2025-01-05 22:38:24,2,0
5420,L10,#72,GW252/13600,(1)停机过程,1,2025-01-05 22:37:52,2025-01-05 22:38:22,30,0.01
5421,L10,#72,GW252/13600,(4)启机状态,4,2025-01-05 22:32:52,2025-01-05 22:37:52,300,0.08
5422,L10,#72,GW252/13600,(3)待机状态,3,2025-01-05 22:31:49,2025-01-05 22:32:52,63,0.02
5423,L10,#72,GW252/13600,(2)停机状态,2,2025-01-05 22:31:48,2025-01-05 22:31:49,1,0
5424,L10,#72,GW252/13600,(1)停机过程,1,2025-01-05 22:31:16,2025-01-05 22:31:48,32,0.01
5425,L10,#72,GW252/13600,(4)启机状态,4,2025-01-05 22:26:16,2025-01-05 22:31:16,300,0.08
5426,L10,#72,GW252/13600,(3)待机状态,3,2025-01-05 22:23:52,2025-01-05 22:26:16,144,0.04
5427,L10,#72,GW252/13600,(1)停机过程,1,2025-01-05 22:22:56,2025-01-05 22:23:52,56,0.02
5428,L10,#72,GW252/13600,(5)发电状态,5,2025-01-05 19:01:21,2025-01-05 22:22:56,12095,3.36
5429,L10,#72,GW252/13600,(4)启机状态,4,2025-01-05 18:58:40,2025-01-05 19:01:21,161,0.04
5430,L10,#72,GW252/13600,(3)待机状态,3,2025-01-05 18:57:33,2025-01-05 18:58:40,67,0.02
5431,L10,#72,GW252/13600,(2)停机状态,2,2025-01-05 18:57:32,2025-01-05 18:57:33,1,0
5432,L10,#72,GW252/13600,(1)停机过程,1,2025-01-05 18:57:02,2025-01-05 18:57:32,30,0.01
5433,L10,#72,GW252/13600,(4)启机状态,4,2025-01-05 18:52:00,2025-01-05 18:57:02,302,0.08
5434,L10,#72,GW252/13600,(3)待机状态,3,2025-01-05 18:50:56,2025-01-05 18:52:00,64,0.02
5435,L10,#72,GW252/13600,(2)停机状态,2,2025-01-05 18:50:55,2025-01-05 18:50:56,1,0
5436,L10,#72,GW252/13600,(1)停机过程,1,2025-01-05 18:50:23,2025-01-05 18:50:55,32,0.01
5437,L10,#72,GW252/13600,(4)启机状态,4,2025-01-05 18:45:23,2025-01-05 18:50:23,300,0.08
5438,L10,#72,GW252/13600,(3)待机状态,3,2025-01-05 18:44:11,2025-01-05 18:45:23,72,0.02
5439,L10,#72,GW252/13600,(2)停机状态,2,2025-01-05 18:44:08,2025-01-05 18:44:11,3,0
5440,L10,#72,GW252/13600,(1)停机过程,1,2025-01-05 18:43:38,2025-01-05 18:44:08,30,0.01
5441,L10,#72,GW252/13600,(4)启机状态,4,2025-01-05 18:38:37,2025-01-05 18:43:38,301,0.08
5442,L10,#72,GW252/13600,(3)待机状态,3,2025-01-05 18:37:33,2025-01-05 18:38:37,64,0.02
5443,L10,#72,GW252/13600,(2)停机状态,2,2025-01-05 18:37:32,2025-01-05 18:37:33,1,0
5444,L10,#72,GW252/13600,(1)停机过程,1,2025-01-05 18:37:00,2025-01-05 18:37:32,32,0.01
5445,L10,#72,GW252/13600,(4)启机状态,4,2025-01-05 18:32:00,2025-01-05 18:37:00,300,0.08
5446,L10,#72,GW252/13600,(3)待机状态,3,2025-01-05 18:30:52,2025-01-05 18:32:00,68,0.02
5447,L10,#72,GW252/13600,(2)停机状态,2,2025-01-05 18:30:49,2025-01-05 18:30:52,3,0
5448,L10,#72,GW252/13600,(1)停机过程,1,2025-01-05 18:30:18,2025-01-05 18:30:49,31,0.01
5449,L10,#72,GW252/13600,(4)启机状态,4,2025-01-05 18:25:17,2025-01-05 18:30:18,301,0.08
5450,L10,#72,GW252/13600,(3)待机状态,3,2025-01-05 18:21:52,2025-01-05 18:25:17,205,0.06
5451,L10,#72,GW252/13600,(1)停机过程,1,2025-01-05 18:21:19,2025-01-05 18:21:52,33,0.01
5452,L10,#72,GW252/13600,(4)启机状态,4,2025-01-05 18:16:19,2025-01-05 18:21:19,300,0.08
5453,L10,#72,GW252/13600,(3)待机状态,3,2025-01-05 18:11:27,2025-01-05 18:16:19,292,0.08
5454,L10,#72,GW252/13600,(2)停机状态,2,2025-01-05 18:11:26,2025-01-05 18:11:27,1,0
5455,L10,#72,GW252/13600,(1)停机过程,1,2025-01-05 18:10:54,2025-01-05 18:11:26,32,0.01
5456,L10,#72,GW252/13600,(4)启机状态,4,2025-01-05 18:05:53,2025-01-05 18:10:54,301,0.08
5457,L10,#72,GW252/13600,(3)待机状态,3,2025-01-05 18:01:21,2025-01-05 18:05:53,272,0.08
5458,L10,#72,GW252/13600,(2)停机状态,2,2025-01-05 17:15:03,2025-01-05 18:01:21,2778,0.77
5459,L10,#72,GW252/13600,(1)停机过程,1,2025-01-05 17:14:07,2025-01-05 17:15:03,56,0.02
5460,L10,#72,GW252/13600,(5)发电状态,5,2025-01-05 12:00:18,2025-01-05 17:14:07,18829,5.23
5461,L10,#72,GW252/13600,(4)启机状态,4,2025-01-05 11:58:06,2025-01-05 12:00:18,132,0.04
5462,L10,#72,GW252/13600,(3)待机状态,3,2025-01-05 11:57:06,2025-01-05 11:58:06,60,0.02
5463,L10,#72,GW252/13600,(2)停机状态,2,2025-01-05 11:56:11,2025-01-05 11:57:06,55,0.02
5464,L10,#72,GW252/13600,(1)停机过程,1,2025-01-05 11:56:01,2025-01-05 11:56:11,10,0
5465,L10,#72,GW252/13600,(9)维护状态,9,2025-01-05 11:54:30,2025-01-05 11:56:01,91,0.03
5466,L10,#72,GW252/13600,(2)停机状态,2,2025-01-05 11:54:09,2025-01-05 11:54:30,21,0.01
5467,L10,#72,GW252/13600,(1)停机过程,1,2025-01-05 11:53:58,2025-01-05 11:54:09,11,0
5468,L10,#72,GW252/13600,(9)维护状态,9,2025-01-05 10:51:09,2025-01-05 11:53:58,3769,1.05
5469,L10,#72,GW252/13600,(2)停机状态,2,2025-01-05 04:37:04,2025-01-05 10:51:09,22445,6.23
5470,L10,#72,GW252/13600,(1)停机过程,1,2025-01-05 04:36:32,2025-01-05 04:37:04,32,0.01
5471,L10,#72,GW252/13600,(4)启机状态,4,2025-01-05 04:31:32,2025-01-05 04:36:32,300,0.08
5472,L10,#72,GW252/13600,(3)待机状态,3,2025-01-05 04:29:13,2025-01-05 04:31:32,139,0.04
5473,L10,#72,GW252/13600,(2)停机状态,2,2025-01-05 04:24:44,2025-01-05 04:29:13,269,0.07
5474,L10,#72,GW252/13600,(1)停机过程,1,2025-01-05 04:24:16,2025-01-05 04:24:44,28,0.01
5475,L10,#72,GW252/13600,(3)待机状态,3,2025-01-05 04:22:40,2025-01-05 04:24:16,96,0.03
5476,L10,#72,GW252/13600,(2)停机状态,2,2025-01-05 04:20:41,2025-01-05 04:22:40,119,0.03
5477,L10,#72,GW252/13600,(1)停机过程,1,2025-01-05 04:20:37,2025-01-05 04:20:41,4,0
5478,L10,#72,GW252/13600,(2)停机状态,2,2025-01-05 03:51:03,2025-01-05 04:20:37,1774,0.49
5479,L10,#72,GW252/13600,(1)停机过程,1,2025-01-05 03:50:12,2025-01-05 03:51:03,51,0.01
5480,L10,#72,GW252/13600,(5)发电状态,5,2025-01-04 08:24:47,2025-01-05 03:50:12,69925,19.42
5481,L10,#72,GW252/13600,(4)启机状态,4,2025-01-04 08:24:05,2025-01-04 08:24:47,42,0.01
5482,L10,#72,GW252/13600,(3)待机状态,3,2025-01-04 08:23:30,2025-01-04 08:24:05,35,0.01
5483,L10,#72,GW252/13600,(2)停机状态,2,2025-01-04 08:08:36,2025-01-04 08:23:30,894,0.25
5484,L10,#72,GW252/13600,(1)停机过程,1,2025-01-04 08:07:08,2025-01-04 08:08:36,88,0.02
5485,L10,#72,GW252/13600,(5)发电状态,5,2025-01-03 22:42:12,2025-01-04 08:07:08,33896,9.42
5486,L10,#72,GW252/13600,(4)启机状态,4,2025-01-03 22:41:22,2025-01-03 22:42:12,50,0.01
5487,L10,#72,GW252/13600,(3)待机状态,3,2025-01-03 22:40:41,2025-01-03 22:41:22,41,0.01
5488,L10,#72,GW252/13600,(2)停机状态,2,2025-01-03 22:39:10,2025-01-03 22:40:41,91,0.03
5489,L10,#72,GW252/13600,(1)停机过程,1,2025-01-03 22:39:06,2025-01-03 22:39:10,4,0
5490,L10,#72,GW252/13600,(9)维护状态,9,2025-01-03 22:35:32,2025-01-03 22:39:06,214,0.06
5491,L10,#72,GW252/13600,(2)停机状态,2,2025-01-03 22:33:28,2025-01-03 22:35:32,124,0.03
5492,L10,#72,GW252/13600,(1)停机过程,1,2025-01-03 22:32:03,2025-01-03 22:33:28,85,0.02
5493,L10,#72,GW252/13600,(5)发电状态,5,2025-01-03 22:30:30,2025-01-03 22:32:03,93,0.03
5494,L10,#72,GW252/13600,(4)启机状态,4,2025-01-03 22:29:46,2025-01-03 22:30:30,44,0.01
5495,L10,#72,GW252/13600,(3)待机状态,3,2025-01-03 22:29:09,2025-01-03 22:29:46,37,0.01
5496,L10,#72,GW252/13600,(2)停机状态,2,2025-01-03 22:27:21,2025-01-03 22:29:09,108,0.03
5497,L10,#72,GW252/13600,(1)停机过程,1,2025-01-03 22:27:16,2025-01-03 22:27:21,5,0
5498,L10,#72,GW252/13600,(9)维护状态,9,2025-01-03 22:23:47,2025-01-03 22:27:16,209,0.06
5499,L10,#72,GW252/13600,(1)停机过程,1,2025-01-03 22:23:35,2025-01-03 22:23:47,12,0
5500,L10,#72,GW252/13600,(3)待机状态,3,2025-01-03 22:23:32,2025-01-03 22:23:35,3,0
5501,L10,#72,GW252/13600,(2)停机状态,2,2025-01-03 22:00:35,2025-01-03 22:23:32,1377,0.38
5502,L10,#72,GW252/13600,(1)停机过程,1,2025-01-03 22:00:30,2025-01-03 22:00:35,5,0
5503,L10,#72,GW252/13600,(9)维护状态,9,2025-01-03 21:56:58,2025-01-03 22:00:30,212,0.06
5504,L10,#72,GW252/13600,(2)停机状态,2,2025-01-03 21:53:22,2025-01-03 21:56:58,216,0.06
5505,L10,#72,GW252/13600,(1)停机过程,1,2025-01-03 21:51:53,2025-01-03 21:53:22,89,0.02
5506,L10,#72,GW252/13600,(5)发电状态,5,2025-01-01 00:00:00,2025-01-03 21:51:53,251513,69.86
