设备状态统计_历史状态明细,Unnamed: 1,Unnamed: 2,Unnamed: 3,Unnamed: 4,Unnamed: 5,Unnamed: 6,Unnamed: 7,Unnamed: 8,Unnamed: 9
  电场:[三峡阳江海路海风场];  设备类型:风机;  设备:[#9];  查询方式:详情;  开始时间:2025-01-01;  结束时间:2025-12-01,,,,,,,,,
序号,馈线名称,设备名称,型号名称,状态,状态码,开始时间,结束时间,持续时间(s),时长描述(h)
1,L01,#9,GW252/13600,(9)维护状态,9,2025-11-24 17:54:05,2025-12-01 23:59:59,626754,174.1
2,L01,#9,GW252/13600,(1)停机过程,1,2025-11-24 17:51:19,2025-11-24 17:54:05,166,0.05
3,L01,#9,GW252/13600,(9)维护状态,9,2025-11-24 16:13:33,2025-11-24 17:51:19,5866,1.63
4,L01,#9,GW252/13600,(2)停机状态,2,2025-11-24 16:09:12,2025-11-24 16:13:33,261,0.07
5,L01,#9,GW252/13600,(1)停机过程,1,2025-11-24 16:09:07,2025-11-24 16:09:12,5,0
6,L01,#9,GW252/13600,(9)维护状态,9,2025-11-18 09:27:57,2025-11-24 16:09:07,542470,150.69
7,L01,#9,GW252/13600,(2)停机状态,2,2025-11-18 09:20:29,2025-11-18 09:27:57,448,0.12
8,L01,#9,GW252/13600,(1)停机过程,1,2025-11-18 09:20:19,2025-11-18 09:20:29,10,0
9,L01,#9,GW252/13600,(9)维护状态,9,2025-11-14 11:22:43,2025-11-18 09:20:19,338256,93.96
10,L01,#9,GW252/13600,(2)停机状态,2,2025-11-14 11:19:09,2025-11-14 11:22:43,214,0.06
11,L01,#9,GW252/13600,(1)停机过程,1,2025-11-14 11:18:59,2025-11-14 11:19:09,10,0
12,L01,#9,GW252/13600,(9)维护状态,9,2025-11-12 19:13:58,2025-11-14 11:18:59,144301,40.08
13,L01,#9,GW252/13600,(2)停机状态,2,2025-10-20 11:04:40,2025-11-12 19:13:58,2016558,560.16
14,L01,#9,GW252/13600,(1)停机过程,1,2025-10-20 11:04:30,2025-10-20 11:04:40,10,0
15,L01,#9,GW252/13600,(9)维护状态,9,2025-10-20 11:04:23,2025-10-20 11:04:30,7,0
16,L01,#9,GW252/13600,(2)停机状态,2,2025-10-20 11:00:52,2025-10-20 11:04:23,211,0.06
17,L01,#9,GW252/13600,(1)停机过程,1,2025-10-20 11:00:48,2025-10-20 11:00:52,4,0
18,L01,#9,GW252/13600,(9)维护状态,9,2025-10-20 10:57:14,2025-10-20 11:00:48,214,0.06
19,L01,#9,GW252/13600,(2)停机状态,2,2025-10-17 10:38:32,2025-10-20 10:57:14,260322,72.31
20,L01,#9,GW252/13600,(1)停机过程,1,2025-10-17 10:38:22,2025-10-17 10:38:32,10,0
21,L01,#9,GW252/13600,(9)维护状态,9,2025-10-17 01:43:38,2025-10-17 10:38:22,32084,8.91
22,L01,#9,GW252/13600,(2)停机状态,2,2025-10-17 01:41:37,2025-10-17 01:43:38,121,0.03
23,L01,#9,GW252/13600,(1)停机过程,1,2025-10-17 01:41:32,2025-10-17 01:41:37,5,0
24,L01,#9,GW252/13600,(9)维护状态,9,2025-10-17 01:37:59,2025-10-17 01:41:32,213,0.06
25,L01,#9,GW252/13600,(2)停机状态,2,2025-10-17 01:00:57,2025-10-17 01:37:59,2222,0.62
26,L01,#9,GW252/13600,(1)停机过程,1,2025-10-17 01:00:47,2025-10-17 01:00:57,10,0
27,L01,#9,GW252/13600,(9)维护状态,9,2025-10-17 00:04:31,2025-10-17 01:00:47,3376,0.94
28,L01,#9,GW252/13600,(2)停机状态,2,2025-10-17 00:03:55,2025-10-17 00:04:31,36,0.01
29,L01,#9,GW252/13600,(0)初始化,0,2025-10-17 00:02:37,2025-10-17 00:03:55,78,0.02
30,L01,#9,GW252/13600,(9)维护状态,9,2025-10-17 00:01:10,2025-10-17 00:02:37,87,0.02
31,L01,#9,GW252/13600,(2)停机状态,2,2025-10-16 23:58:22,2025-10-17 00:01:10,168,0.05
32,L01,#9,GW252/13600,(1)停机过程,1,2025-10-16 23:58:07,2025-10-16 23:58:22,15,0
33,L01,#9,GW252/13600,(3)待机状态,3,2025-10-16 23:57:59,2025-10-16 23:58:07,8,0
34,L01,#9,GW252/13600,(2)停机状态,2,2025-10-16 23:51:38,2025-10-16 23:57:59,381,0.11
35,L01,#9,GW252/13600,(1)停机过程,1,2025-10-16 23:51:28,2025-10-16 23:51:38,10,0
36,L01,#9,GW252/13600,(9)维护状态,9,2025-10-13 12:08:05,2025-10-16 23:51:28,301403,83.72
37,L01,#9,GW252/13600,(2)停机状态,2,2025-10-13 01:50:38,2025-10-13 12:08:05,37047,10.29
38,L01,#9,GW252/13600,(0)初始化,0,2025-10-13 01:49:23,2025-10-13 01:50:38,75,0.02
39,L01,#9,GW252/13600,(2)停机状态,2,2025-10-08 21:41:23,2025-10-13 01:49:23,360480,100.13
40,L01,#9,GW252/13600,(1)停机过程,1,2025-10-08 21:41:13,2025-10-08 21:41:23,10,0
41,L01,#9,GW252/13600,(9)维护状态,9,2025-10-08 10:17:54,2025-10-08 21:41:13,40999,11.39
42,L01,#9,GW252/13600,(2)停机状态,2,2025-10-06 22:48:44,2025-10-08 10:17:54,127750,35.49
43,L01,#9,GW252/13600,(1)停机过程,1,2025-10-06 22:48:34,2025-10-06 22:48:44,10,0
44,L01,#9,GW252/13600,(9)维护状态,9,2025-10-06 11:16:50,2025-10-06 22:48:34,41504,11.53
45,L01,#9,GW252/13600,(2)停机状态,2,2025-10-06 10:17:53,2025-10-06 11:16:50,3537,0.98
46,L01,#9,GW252/13600,(1)停机过程,1,2025-10-06 10:17:43,2025-10-06 10:17:53,10,0
47,L01,#9,GW252/13600,(9)维护状态,9,2025-10-06 09:14:48,2025-10-06 10:17:43,3775,1.05
48,L01,#9,GW252/13600,(2)停机状态,2,2025-10-03 01:07:49,2025-10-06 09:14:48,288419,80.12
49,L01,#9,GW252/13600,(1)停机过程,1,2025-10-03 01:07:39,2025-10-03 01:07:49,10,0
50,L01,#9,GW252/13600,(9)维护状态,9,2025-10-02 17:55:57,2025-10-03 01:07:39,25902,7.2
51,L01,#9,GW252/13600,(2)停机状态,2,2025-10-02 14:47:18,2025-10-02 17:55:57,11319,3.14
52,L01,#9,GW252/13600,(2)停机状态,2,2025-10-02 14:01:17,2025-10-02 14:47:18,2761,0.77
53,L01,#9,GW252/13600,(1)停机过程,1,2025-10-02 14:01:10,2025-10-02 14:01:17,7,0
54,L01,#9,GW252/13600,(9)维护状态,9,2025-10-02 13:35:30,2025-10-02 14:01:10,1540,0.43
55,L01,#9,GW252/13600,(1)停机过程,1,2025-10-02 13:35:20,2025-10-02 13:35:30,10,0
56,L01,#9,GW252/13600,(9)维护状态,9,2025-10-02 13:35:01,2025-10-02 13:35:20,19,0.01
57,L01,#9,GW252/13600,(2)停机状态,2,2025-10-02 13:07:28,2025-10-02 13:35:01,1653,0.46
58,L01,#9,GW252/13600,(1)停机过程,1,2025-10-02 13:07:13,2025-10-02 13:07:28,15,0
59,L01,#9,GW252/13600,(9)维护状态,9,2025-09-26 13:44:36,2025-10-02 13:07:13,516157,143.38
60,L01,#9,GW252/13600,(2)停机状态,2,2025-09-26 12:12:47,2025-09-26 13:44:36,5509,1.53
61,L01,#9,GW252/13600,(1)停机过程,1,2025-09-26 12:12:37,2025-09-26 12:12:47,10,0
62,L01,#9,GW252/13600,(9)维护状态,9,2025-09-26 12:07:36,2025-09-26 12:12:37,301,0.08
63,L01,#9,GW252/13600,(2)停机状态,2,2025-09-26 10:47:56,2025-09-26 12:07:36,4780,1.33
64,L01,#9,GW252/13600,(1)停机过程,1,2025-09-26 10:47:42,2025-09-26 10:47:56,14,0
65,L01,#9,GW252/13600,(3)待机状态,3,2025-09-26 10:47:37,2025-09-26 10:47:42,5,0
66,L01,#9,GW252/13600,(2)停机状态,2,2025-09-26 10:47:34,2025-09-26 10:47:37,3,0
67,L01,#9,GW252/13600,(1)停机过程,1,2025-09-26 10:47:25,2025-09-26 10:47:34,9,0
68,L01,#9,GW252/13600,(9)维护状态,9,2025-09-26 10:29:39,2025-09-26 10:47:25,1066,0.3
69,L01,#9,GW252/13600,(2)停机状态,2,2025-09-26 10:28:04,2025-09-26 10:29:39,95,0.03
70,L01,#9,GW252/13600,(1)停机过程,1,2025-09-26 10:27:21,2025-09-26 10:28:04,43,0.01
71,L01,#9,GW252/13600,(5)发电状态,5,2025-09-26 10:26:29,2025-09-26 10:27:21,52,0.01
72,L01,#9,GW252/13600,(4)启机状态,4,2025-09-26 10:25:56,2025-09-26 10:26:29,33,0.01
73,L01,#9,GW252/13600,(3)待机状态,3,2025-09-26 10:25:23,2025-09-26 10:25:56,33,0.01
74,L01,#9,GW252/13600,(2)停机状态,2,2025-09-26 10:25:21,2025-09-26 10:25:23,2,0
75,L01,#9,GW252/13600,(1)停机过程,1,2025-09-26 10:25:10,2025-09-26 10:25:21,11,0
76,L01,#9,GW252/13600,(9)维护状态,9,2025-09-26 09:14:24,2025-09-26 10:25:10,4246,1.18
77,L01,#9,GW252/13600,(2)停机状态,2,2025-09-25 13:46:21,2025-09-26 09:14:24,70083,19.47
78,L01,#9,GW252/13600,(1)停机过程,1,2025-09-25 13:46:08,2025-09-25 13:46:21,13,0
79,L01,#9,GW252/13600,(9)维护状态,9,2025-09-25 13:43:58,2025-09-25 13:46:08,130,0.04
80,L01,#9,GW252/13600,(2)停机状态,2,2025-09-25 10:17:15,2025-09-25 13:43:58,12403,3.45
81,L01,#9,GW252/13600,(1)停机过程,1,2025-09-25 10:17:11,2025-09-25 10:17:15,4,0
82,L01,#9,GW252/13600,(9)维护状态,9,2025-09-25 10:09:06,2025-09-25 10:17:11,485,0.13
83,L01,#9,GW252/13600,(2)停机状态,2,2025-09-24 18:45:10,2025-09-25 10:09:06,55436,15.4
84,L01,#9,GW252/13600,(1)停机过程,1,2025-09-24 18:45:01,2025-09-24 18:45:10,9,0
85,L01,#9,GW252/13600,(9)维护状态,9,2025-09-24 18:26:46,2025-09-24 18:45:01,1095,0.3
86,L01,#9,GW252/13600,(2)停机状态,2,2025-09-23 16:46:15,2025-09-24 18:26:46,92431,25.68
87,L01,#9,GW252/13600,(1)停机过程,1,2025-09-23 16:45:15,2025-09-23 16:46:15,60,0.02
88,L01,#9,GW252/13600,(5)发电状态,5,2025-09-23 00:03:33,2025-09-23 16:45:15,60102,16.7
89,L01,#9,GW252/13600,(4)启机状态,4,2025-09-23 00:01:40,2025-09-23 00:03:33,113,0.03
90,L01,#9,GW252/13600,(3)待机状态,3,2025-09-22 23:52:36,2025-09-23 00:01:40,544,0.15
91,L01,#9,GW252/13600,(2)停机状态,2,2025-09-22 23:52:33,2025-09-22 23:52:36,3,0
92,L01,#9,GW252/13600,(1)停机过程,1,2025-09-22 23:51:39,2025-09-22 23:52:33,54,0.02
93,L01,#9,GW252/13600,(5)发电状态,5,2025-09-22 23:19:34,2025-09-22 23:51:39,1925,0.53
94,L01,#9,GW252/13600,(4)启机状态,4,2025-09-22 23:17:34,2025-09-22 23:19:34,120,0.03
95,L01,#9,GW252/13600,(3)待机状态,3,2025-09-22 19:19:19,2025-09-22 23:17:34,14295,3.97
96,L01,#9,GW252/13600,(2)停机状态,2,2025-09-22 19:14:00,2025-09-22 19:19:19,319,0.09
97,L01,#9,GW252/13600,(1)停机过程,1,2025-09-22 19:13:50,2025-09-22 19:14:00,10,0
98,L01,#9,GW252/13600,(9)维护状态,9,2025-09-22 18:25:53,2025-09-22 19:13:50,2877,0.8
99,L01,#9,GW252/13600,(2)停机状态,2,2025-09-22 18:19:53,2025-09-22 18:25:53,360,0.1
100,L01,#9,GW252/13600,(1)停机过程,1,2025-09-22 18:19:21,2025-09-22 18:19:53,32,0.01
101,L01,#9,GW252/13600,(3)待机状态,3,2025-09-22 18:17:43,2025-09-22 18:19:21,98,0.03
102,L01,#9,GW252/13600,(2)停机状态,2,2025-09-22 18:15:51,2025-09-22 18:17:43,112,0.03
103,L01,#9,GW252/13600,(1)停机过程,1,2025-09-22 18:14:56,2025-09-22 18:15:51,55,0.02
104,L01,#9,GW252/13600,(5)发电状态,5,2025-09-22 17:37:33,2025-09-22 18:14:56,2243,0.62
105,L01,#9,GW252/13600,(4)启机状态,4,2025-09-22 17:35:44,2025-09-22 17:37:33,109,0.03
106,L01,#9,GW252/13600,(3)待机状态,3,2025-09-22 17:33:26,2025-09-22 17:35:44,138,0.04
107,L01,#9,GW252/13600,(2)停机状态,2,2025-09-22 16:56:23,2025-09-22 17:33:26,2223,0.62
108,L01,#9,GW252/13600,(1)停机过程,1,2025-09-22 16:55:28,2025-09-22 16:56:23,55,0.02
109,L01,#9,GW252/13600,(5)发电状态,5,2025-09-21 16:54:52,2025-09-22 16:55:28,86436,24.01
110,L01,#9,GW252/13600,(4)启机状态,4,2025-09-21 16:53:01,2025-09-21 16:54:52,111,0.03
111,L01,#9,GW252/13600,(3)待机状态,3,2025-09-21 16:48:23,2025-09-21 16:53:01,278,0.08
112,L01,#9,GW252/13600,(1)停机过程,1,2025-09-21 16:47:51,2025-09-21 16:48:23,32,0.01
113,L01,#9,GW252/13600,(3)待机状态,3,2025-09-21 16:44:30,2025-09-21 16:47:51,201,0.06
114,L01,#9,GW252/13600,(2)停机状态,2,2025-09-21 16:44:28,2025-09-21 16:44:30,2,0
115,L01,#9,GW252/13600,(1)停机过程,1,2025-09-21 16:43:55,2025-09-21 16:44:28,33,0.01
116,L01,#9,GW252/13600,(3)待机状态,3,2025-09-21 16:41:07,2025-09-21 16:43:55,168,0.05
117,L01,#9,GW252/13600,(2)停机状态,2,2025-09-21 16:41:04,2025-09-21 16:41:07,3,0
118,L01,#9,GW252/13600,(1)停机过程,1,2025-09-21 16:40:55,2025-09-21 16:41:04,9,0
119,L01,#9,GW252/13600,(9)维护状态,9,2025-09-21 16:10:39,2025-09-21 16:40:55,1816,0.5
120,L01,#9,GW252/13600,(2)停机状态,2,2025-09-21 16:09:58,2025-09-21 16:10:39,41,0.01
121,L01,#9,GW252/13600,(1)停机过程,1,2025-09-21 16:08:59,2025-09-21 16:09:58,59,0.02
122,L01,#9,GW252/13600,(5)发电状态,5,2025-09-21 15:52:41,2025-09-21 16:08:59,978,0.27
123,L01,#9,GW252/13600,(2)停机状态,2,2025-09-21 10:50:15,2025-09-21 15:52:41,18146,5.04
124,L01,#9,GW252/13600,(1)停机过程,1,2025-09-21 10:49:19,2025-09-21 10:50:15,56,0.02
125,L01,#9,GW252/13600,(5)发电状态,5,2025-09-21 10:45:59,2025-09-21 10:49:19,200,0.06
126,L01,#9,GW252/13600,(4)启机状态,4,2025-09-21 10:43:04,2025-09-21 10:45:59,175,0.05
127,L01,#9,GW252/13600,(3)待机状态,3,2025-09-21 10:31:00,2025-09-21 10:43:04,724,0.2
128,L01,#9,GW252/13600,(2)停机状态,2,2025-09-21 10:25:23,2025-09-21 10:31:00,337,0.09
129,L01,#9,GW252/13600,(1)停机过程,1,2025-09-21 10:24:28,2025-09-21 10:25:23,55,0.02
130,L01,#9,GW252/13600,(5)发电状态,5,2025-09-21 10:01:01,2025-09-21 10:24:28,1407,0.39
131,L01,#9,GW252/13600,(4)启机状态,4,2025-09-21 09:58:24,2025-09-21 10:01:01,157,0.04
132,L01,#9,GW252/13600,(3)待机状态,3,2025-09-21 09:47:49,2025-09-21 09:58:24,635,0.18
133,L01,#9,GW252/13600,(2)停机状态,2,2025-09-21 09:47:46,2025-09-21 09:47:49,3,0
134,L01,#9,GW252/13600,(1)停机过程,1,2025-09-21 09:47:16,2025-09-21 09:47:46,30,0.01
135,L01,#9,GW252/13600,(3)待机状态,3,2025-09-21 09:36:31,2025-09-21 09:47:16,645,0.18
136,L01,#9,GW252/13600,(2)停机状态,2,2025-09-21 09:34:40,2025-09-21 09:36:31,111,0.03
137,L01,#9,GW252/13600,(1)停机过程,1,2025-09-21 09:33:45,2025-09-21 09:34:40,55,0.02
138,L01,#9,GW252/13600,(5)发电状态,5,2025-09-21 05:47:50,2025-09-21 09:33:45,13555,3.77
139,L01,#9,GW252/13600,(4)启机状态,4,2025-09-21 05:43:21,2025-09-21 05:47:50,269,0.07
140,L01,#9,GW252/13600,(3)待机状态,3,2025-09-21 03:17:53,2025-09-21 05:43:21,8728,2.42
141,L01,#9,GW252/13600,(2)停机状态,2,2025-09-21 03:12:15,2025-09-21 03:17:53,338,0.09
142,L01,#9,GW252/13600,(1)停机过程,1,2025-09-21 03:11:20,2025-09-21 03:12:15,55,0.02
143,L01,#9,GW252/13600,(5)发电状态,5,2025-09-21 02:34:30,2025-09-21 03:11:20,2210,0.61
144,L01,#9,GW252/13600,(4)启机状态,4,2025-09-21 02:32:51,2025-09-21 02:34:30,99,0.03
145,L01,#9,GW252/13600,(3)待机状态,3,2025-09-21 02:28:51,2025-09-21 02:32:51,240,0.07
146,L01,#9,GW252/13600,(2)停机状态,2,2025-09-21 02:27:28,2025-09-21 02:28:51,83,0.02
147,L01,#9,GW252/13600,(1)停机过程,1,2025-09-21 02:27:19,2025-09-21 02:27:28,9,0
148,L01,#9,GW252/13600,(9)维护状态,9,2025-09-21 01:33:58,2025-09-21 02:27:19,3201,0.89
149,L01,#9,GW252/13600,(2)停机状态,2,2025-09-21 01:28:03,2025-09-21 01:33:58,355,0.1
150,L01,#9,GW252/13600,(1)停机过程,1,2025-09-21 01:27:32,2025-09-21 01:28:03,31,0.01
151,L01,#9,GW252/13600,(3)待机状态,3,2025-09-21 01:14:22,2025-09-21 01:27:32,790,0.22
152,L01,#9,GW252/13600,(2)停机状态,2,2025-09-21 01:12:16,2025-09-21 01:14:22,126,0.04
153,L01,#9,GW252/13600,(1)停机过程,1,2025-09-21 01:11:19,2025-09-21 01:12:16,57,0.02
154,L01,#9,GW252/13600,(5)发电状态,5,2025-09-21 00:55:02,2025-09-21 01:11:19,977,0.27
155,L01,#9,GW252/13600,(4)启机状态,4,2025-09-21 00:54:08,2025-09-21 00:55:02,54,0.02
156,L01,#9,GW252/13600,(3)待机状态,3,2025-09-21 00:31:24,2025-09-21 00:54:08,1364,0.38
157,L01,#9,GW252/13600,(2)停机状态,2,2025-09-21 00:31:21,2025-09-21 00:31:24,3,0
158,L01,#9,GW252/13600,(1)停机过程,1,2025-09-21 00:31:11,2025-09-21 00:31:21,10,0
159,L01,#9,GW252/13600,(9)维护状态,9,2025-09-20 23:49:30,2025-09-21 00:31:11,2501,0.69
160,L01,#9,GW252/13600,(2)停机状态,2,2025-09-20 23:45:47,2025-09-20 23:49:30,223,0.06
161,L01,#9,GW252/13600,(1)停机过程,1,2025-09-20 23:45:36,2025-09-20 23:45:47,11,0
162,L01,#9,GW252/13600,(9)维护状态,9,2025-09-20 20:29:30,2025-09-20 23:45:36,11766,3.27
163,L01,#9,GW252/13600,(2)停机状态,2,2025-09-20 20:16:02,2025-09-20 20:29:30,808,0.22
164,L01,#9,GW252/13600,(1)停机过程,1,2025-09-20 20:15:30,2025-09-20 20:16:02,32,0.01
165,L01,#9,GW252/13600,(3)待机状态,3,2025-09-20 20:12:55,2025-09-20 20:15:30,155,0.04
166,L01,#9,GW252/13600,(2)停机状态,2,2025-09-20 20:12:53,2025-09-20 20:12:55,2,0
167,L01,#9,GW252/13600,(1)停机过程,1,2025-09-20 20:12:21,2025-09-20 20:12:53,32,0.01
168,L01,#9,GW252/13600,(3)待机状态,3,2025-09-20 20:11:30,2025-09-20 20:12:21,51,0.01
169,L01,#9,GW252/13600,(2)停机状态,2,2025-09-20 20:11:28,2025-09-20 20:11:30,2,0
170,L01,#9,GW252/13600,(1)停机过程,1,2025-09-20 20:10:56,2025-09-20 20:11:28,32,0.01
171,L01,#9,GW252/13600,(3)待机状态,3,2025-09-20 19:55:28,2025-09-20 20:10:56,928,0.26
172,L01,#9,GW252/13600,(2)停机状态,2,2025-09-20 19:55:27,2025-09-20 19:55:28,1,0
173,L01,#9,GW252/13600,(1)停机过程,1,2025-09-20 19:54:56,2025-09-20 19:55:27,31,0.01
174,L01,#9,GW252/13600,(3)待机状态,3,2025-09-20 19:04:36,2025-09-20 19:54:56,3020,0.84
175,L01,#9,GW252/13600,(2)停机状态,2,2025-09-20 18:59:26,2025-09-20 19:04:36,310,0.09
176,L01,#9,GW252/13600,(1)停机过程,1,2025-09-20 18:58:32,2025-09-20 18:59:26,54,0.02
177,L01,#9,GW252/13600,(5)发电状态,5,2025-09-20 00:16:26,2025-09-20 18:58:32,67326,18.7
178,L01,#9,GW252/13600,(4)启机状态,4,2025-09-20 00:14:30,2025-09-20 00:16:26,116,0.03
179,L01,#9,GW252/13600,(3)待机状态,3,2025-09-19 22:35:44,2025-09-20 00:14:30,5926,1.65
180,L01,#9,GW252/13600,(2)停机状态,2,2025-09-19 22:32:25,2025-09-19 22:35:44,199,0.06
181,L01,#9,GW252/13600,(1)停机过程,1,2025-09-19 22:31:29,2025-09-19 22:32:25,56,0.02
182,L01,#9,GW252/13600,(5)发电状态,5,2025-09-19 21:45:11,2025-09-19 22:31:29,2778,0.77
183,L01,#9,GW252/13600,(4)启机状态,4,2025-09-19 21:43:20,2025-09-19 21:45:11,111,0.03
184,L01,#9,GW252/13600,(3)待机状态,3,2025-09-19 09:53:46,2025-09-19 21:43:20,42574,11.83
185,L01,#9,GW252/13600,(2)停机状态,2,2025-09-19 09:53:44,2025-09-19 09:53:46,2,0
186,L01,#9,GW252/13600,(1)停机过程,1,2025-09-19 09:52:49,2025-09-19 09:53:44,55,0.02
187,L01,#9,GW252/13600,(5)发电状态,5,2025-09-19 09:24:09,2025-09-19 09:52:49,1720,0.48
188,L01,#9,GW252/13600,(4)启机状态,4,2025-09-19 09:21:36,2025-09-19 09:24:09,153,0.04
189,L01,#9,GW252/13600,(3)待机状态,3,2025-09-19 09:20:23,2025-09-19 09:21:36,73,0.02
190,L01,#9,GW252/13600,(2)停机状态,2,2025-09-19 09:16:49,2025-09-19 09:20:23,214,0.06
191,L01,#9,GW252/13600,(1)停机过程,1,2025-09-19 09:15:52,2025-09-19 09:16:49,57,0.02
192,L01,#9,GW252/13600,(5)发电状态,5,2025-09-19 09:05:57,2025-09-19 09:15:52,595,0.17
193,L01,#9,GW252/13600,(4)启机状态,4,2025-09-19 09:04:22,2025-09-19 09:05:57,95,0.03
194,L01,#9,GW252/13600,(3)待机状态,3,2025-09-19 07:47:04,2025-09-19 09:04:22,4638,1.29
195,L01,#9,GW252/13600,(2)停机状态,2,2025-09-19 07:45:39,2025-09-19 07:47:04,85,0.02
196,L01,#9,GW252/13600,(1)停机过程,1,2025-09-19 07:44:45,2025-09-19 07:45:39,54,0.02
197,L01,#9,GW252/13600,(4)启机状态,4,2025-09-19 07:39:44,2025-09-19 07:44:45,301,0.08
198,L01,#9,GW252/13600,(3)待机状态,3,2025-09-19 07:36:48,2025-09-19 07:39:44,176,0.05
199,L01,#9,GW252/13600,(2)停机状态,2,2025-09-19 07:35:06,2025-09-19 07:36:48,102,0.03
200,L01,#9,GW252/13600,(1)停机过程,1,2025-09-19 07:34:12,2025-09-19 07:35:06,54,0.02
201,L01,#9,GW252/13600,(4)启机状态,4,2025-09-19 07:29:12,2025-09-19 07:34:12,300,0.08
202,L01,#9,GW252/13600,(3)待机状态,3,2025-09-19 07:18:33,2025-09-19 07:29:12,639,0.18
203,L01,#9,GW252/13600,(2)停机状态,2,2025-09-19 07:12:55,2025-09-19 07:18:33,338,0.09
204,L01,#9,GW252/13600,(1)停机过程,1,2025-09-19 07:12:01,2025-09-19 07:12:55,54,0.02
205,L01,#9,GW252/13600,(5)发电状态,5,2025-09-16 22:27:37,2025-09-19 07:12:01,204264,56.74
206,L01,#9,GW252/13600,(4)启机状态,4,2025-09-16 22:27:03,2025-09-16 22:27:37,34,0.01
207,L01,#9,GW252/13600,(3)待机状态,3,2025-09-16 22:22:27,2025-09-16 22:27:03,276,0.08
208,L01,#9,GW252/13600,(2)停机状态,2,2025-09-16 22:22:25,2025-09-16 22:22:27,2,0
209,L01,#9,GW252/13600,(1)停机过程,1,2025-09-16 22:21:33,2025-09-16 22:22:25,52,0.01
210,L01,#9,GW252/13600,(5)发电状态,5,2025-09-16 22:12:48,2025-09-16 22:21:33,525,0.15
211,L01,#9,GW252/13600,(4)启机状态,4,2025-09-16 22:12:16,2025-09-16 22:12:48,32,0.01
212,L01,#9,GW252/13600,(3)待机状态,3,2025-09-16 22:08:33,2025-09-16 22:12:16,223,0.06
213,L01,#9,GW252/13600,(2)停机状态,2,2025-09-16 22:08:30,2025-09-16 22:08:33,3,0
214,L01,#9,GW252/13600,(1)停机过程,1,2025-09-16 22:08:02,2025-09-16 22:08:30,28,0.01
215,L01,#9,GW252/13600,(3)待机状态,3,2025-09-16 22:07:41,2025-09-16 22:08:02,21,0.01
216,L01,#9,GW252/13600,(2)停机状态,2,2025-09-16 22:07:38,2025-09-16 22:07:41,3,0
217,L01,#9,GW252/13600,(1)停机过程,1,2025-09-16 22:07:07,2025-09-16 22:07:38,31,0.01
218,L01,#9,GW252/13600,(3)待机状态,3,2025-09-16 22:06:45,2025-09-16 22:07:07,22,0.01
219,L01,#9,GW252/13600,(2)停机状态,2,2025-09-16 22:06:43,2025-09-16 22:06:45,2,0
220,L01,#9,GW252/13600,(1)停机过程,1,2025-09-16 22:06:13,2025-09-16 22:06:43,30,0.01
221,L01,#9,GW252/13600,(3)待机状态,3,2025-09-16 22:05:50,2025-09-16 22:06:13,23,0.01
222,L01,#9,GW252/13600,(1)停机过程,1,2025-09-16 22:05:19,2025-09-16 22:05:50,31,0.01
223,L01,#9,GW252/13600,(3)待机状态,3,2025-09-16 21:56:13,2025-09-16 22:05:19,546,0.15
224,L01,#9,GW252/13600,(2)停机状态,2,2025-09-16 21:56:11,2025-09-16 21:56:13,2,0
225,L01,#9,GW252/13600,(1)停机过程,1,2025-09-16 21:55:42,2025-09-16 21:56:11,29,0.01
226,L01,#9,GW252/13600,(3)待机状态,3,2025-09-16 21:55:20,2025-09-16 21:55:42,22,0.01
227,L01,#9,GW252/13600,(1)停机过程,1,2025-09-16 21:54:49,2025-09-16 21:55:20,31,0.01
228,L01,#9,GW252/13600,(3)待机状态,3,2025-09-16 21:54:28,2025-09-16 21:54:49,21,0.01
229,L01,#9,GW252/13600,(2)停机状态,2,2025-09-16 21:54:25,2025-09-16 21:54:28,3,0
230,L01,#9,GW252/13600,(1)停机过程,1,2025-09-16 21:53:55,2025-09-16 21:54:25,30,0.01
231,L01,#9,GW252/13600,(3)待机状态,3,2025-09-16 21:53:33,2025-09-16 21:53:55,22,0.01
232,L01,#9,GW252/13600,(2)停机状态,2,2025-09-16 21:53:32,2025-09-16 21:53:33,1,0
233,L01,#9,GW252/13600,(1)停机过程,1,2025-09-16 21:52:36,2025-09-16 21:53:32,56,0.02
234,L01,#9,GW252/13600,(5)发电状态,5,2025-09-16 21:44:44,2025-09-16 21:52:36,472,0.13
235,L01,#9,GW252/13600,(4)启机状态,4,2025-09-16 21:42:46,2025-09-16 21:44:44,118,0.03
236,L01,#9,GW252/13600,(3)待机状态,3,2025-09-16 21:31:45,2025-09-16 21:42:46,661,0.18
237,L01,#9,GW252/13600,(2)停机状态,2,2025-09-16 21:29:05,2025-09-16 21:31:45,160,0.04
238,L01,#9,GW252/13600,(1)停机过程,1,2025-09-16 21:28:09,2025-09-16 21:29:05,56,0.02
239,L01,#9,GW252/13600,(5)发电状态,5,2025-09-16 17:04:43,2025-09-16 21:28:09,15806,4.39
240,L01,#9,GW252/13600,(4)启机状态,4,2025-09-16 17:03:29,2025-09-16 17:04:43,74,0.02
241,L01,#9,GW252/13600,(3)待机状态,3,2025-09-16 17:01:22,2025-09-16 17:03:29,127,0.04
242,L01,#9,GW252/13600,(2)停机状态,2,2025-09-16 17:01:21,2025-09-16 17:01:22,1,0
243,L01,#9,GW252/13600,(1)停机过程,1,2025-09-16 17:00:26,2025-09-16 17:01:21,55,0.02
244,L01,#9,GW252/13600,(5)发电状态,5,2025-09-16 16:45:00,2025-09-16 17:00:26,926,0.26
245,L01,#9,GW252/13600,(4)启机状态,4,2025-09-16 16:42:53,2025-09-16 16:45:00,127,0.04
246,L01,#9,GW252/13600,(3)待机状态,3,2025-09-16 16:33:04,2025-09-16 16:42:53,589,0.16
247,L01,#9,GW252/13600,(2)停机状态,2,2025-09-16 16:28:16,2025-09-16 16:33:04,288,0.08
248,L01,#9,GW252/13600,(1)停机过程,1,2025-09-16 16:27:20,2025-09-16 16:28:16,56,0.02
249,L01,#9,GW252/13600,(5)发电状态,5,2025-09-16 15:48:17,2025-09-16 16:27:20,2343,0.65
250,L01,#9,GW252/13600,(4)启机状态,4,2025-09-16 15:47:19,2025-09-16 15:48:17,58,0.02
251,L01,#9,GW252/13600,(3)待机状态,3,2025-09-16 15:43:58,2025-09-16 15:47:19,201,0.06
252,L01,#9,GW252/13600,(2)停机状态,2,2025-09-16 15:43:56,2025-09-16 15:43:58,2,0
253,L01,#9,GW252/13600,(1)停机过程,1,2025-09-16 15:43:25,2025-09-16 15:43:56,31,0.01
254,L01,#9,GW252/13600,(3)待机状态,3,2025-09-16 15:42:24,2025-09-16 15:43:25,61,0.02
255,L01,#9,GW252/13600,(2)停机状态,2,2025-09-16 15:42:23,2025-09-16 15:42:24,1,0
256,L01,#9,GW252/13600,(1)停机过程,1,2025-09-16 15:41:50,2025-09-16 15:42:23,33,0.01
257,L01,#9,GW252/13600,(3)待机状态,3,2025-09-16 15:40:45,2025-09-16 15:41:50,65,0.02
258,L01,#9,GW252/13600,(2)停机状态,2,2025-09-16 15:40:39,2025-09-16 15:40:45,6,0
259,L01,#9,GW252/13600,(1)停机过程,1,2025-09-16 15:40:10,2025-09-16 15:40:39,29,0.01
260,L01,#9,GW252/13600,(3)待机状态,3,2025-09-16 15:39:48,2025-09-16 15:40:10,22,0.01
261,L01,#9,GW252/13600,(2)停机状态,2,2025-09-16 15:39:47,2025-09-16 15:39:48,1,0
262,L01,#9,GW252/13600,(1)停机过程,1,2025-09-16 15:39:17,2025-09-16 15:39:47,30,0.01
263,L01,#9,GW252/13600,(3)待机状态,3,2025-09-16 15:38:55,2025-09-16 15:39:17,22,0.01
264,L01,#9,GW252/13600,(1)停机过程,1,2025-09-16 15:38:25,2025-09-16 15:38:55,30,0.01
265,L01,#9,GW252/13600,(3)待机状态,3,2025-09-16 15:38:02,2025-09-16 15:38:25,23,0.01
266,L01,#9,GW252/13600,(2)停机状态,2,2025-09-16 15:38:00,2025-09-16 15:38:02,2,0
267,L01,#9,GW252/13600,(1)停机过程,1,2025-09-16 15:37:31,2025-09-16 15:38:00,29,0.01
268,L01,#9,GW252/13600,(3)待机状态,3,2025-09-16 15:37:09,2025-09-16 15:37:31,22,0.01
269,L01,#9,GW252/13600,(2)停机状态,2,2025-09-16 15:37:08,2025-09-16 15:37:09,1,0
270,L01,#9,GW252/13600,(1)停机过程,1,2025-09-16 15:36:38,2025-09-16 15:37:08,30,0.01
271,L01,#9,GW252/13600,(3)待机状态,3,2025-09-16 15:36:17,2025-09-16 15:36:38,21,0.01
272,L01,#9,GW252/13600,(2)停机状态,2,2025-09-16 15:36:14,2025-09-16 15:36:17,3,0
273,L01,#9,GW252/13600,(1)停机过程,1,2025-09-16 15:35:44,2025-09-16 15:36:14,30,0.01
274,L01,#9,GW252/13600,(3)待机状态,3,2025-09-16 15:35:23,2025-09-16 15:35:44,21,0.01
275,L01,#9,GW252/13600,(2)停机状态,2,2025-09-16 15:35:22,2025-09-16 15:35:23,1,0
276,L01,#9,GW252/13600,(1)停机过程,1,2025-09-16 15:34:51,2025-09-16 15:35:22,31,0.01
277,L01,#9,GW252/13600,(3)待机状态,3,2025-09-16 15:34:18,2025-09-16 15:34:51,33,0.01
278,L01,#9,GW252/13600,(2)停机状态,2,2025-09-16 15:34:17,2025-09-16 15:34:18,1,0
279,L01,#9,GW252/13600,(1)停机过程,1,2025-09-16 15:33:46,2025-09-16 15:34:17,31,0.01
280,L01,#9,GW252/13600,(3)待机状态,3,2025-09-16 15:01:04,2025-09-16 15:33:46,1962,0.55
281,L01,#9,GW252/13600,(2)停机状态,2,2025-09-16 14:56:34,2025-09-16 15:01:04,270,0.08
282,L01,#9,GW252/13600,(1)停机过程,1,2025-09-16 14:55:37,2025-09-16 14:56:34,57,0.02
283,L01,#9,GW252/13600,(5)发电状态,5,2025-09-16 14:05:34,2025-09-16 14:55:37,3003,0.83
284,L01,#9,GW252/13600,(4)启机状态,4,2025-09-16 14:03:57,2025-09-16 14:05:34,97,0.03
285,L01,#9,GW252/13600,(3)待机状态,3,2025-09-16 13:56:13,2025-09-16 14:03:57,464,0.13
286,L01,#9,GW252/13600,(2)停机状态,2,2025-09-16 13:55:46,2025-09-16 13:56:13,27,0.01
287,L01,#9,GW252/13600,(1)停机过程,1,2025-09-16 13:54:50,2025-09-16 13:55:46,56,0.02
288,L01,#9,GW252/13600,(5)发电状态,5,2025-09-16 13:49:30,2025-09-16 13:54:50,320,0.09
289,L01,#9,GW252/13600,(4)启机状态,4,2025-09-16 13:48:07,2025-09-16 13:49:30,83,0.02
290,L01,#9,GW252/13600,(3)待机状态,3,2025-09-16 13:43:45,2025-09-16 13:48:07,262,0.07
291,L01,#9,GW252/13600,(2)停机状态,2,2025-09-16 13:43:42,2025-09-16 13:43:45,3,0
292,L01,#9,GW252/13600,(1)停机过程,1,2025-09-16 13:42:47,2025-09-16 13:43:42,55,0.02
293,L01,#9,GW252/13600,(5)发电状态,5,2025-09-16 11:20:46,2025-09-16 13:42:47,8521,2.37
294,L01,#9,GW252/13600,(4)启机状态,4,2025-09-16 11:19:51,2025-09-16 11:20:46,55,0.02
295,L01,#9,GW252/13600,(3)待机状态,3,2025-09-16 11:19:03,2025-09-16 11:19:51,48,0.01
296,L01,#9,GW252/13600,(2)停机状态,2,2025-09-16 10:20:09,2025-09-16 11:19:03,3534,0.98
297,L01,#9,GW252/13600,(1)停机过程,1,2025-09-16 10:19:00,2025-09-16 10:20:09,69,0.02
298,L01,#9,GW252/13600,(5)发电状态,5,2025-09-16 10:16:52,2025-09-16 10:19:00,128,0.04
299,L01,#9,GW252/13600,(4)启机状态,4,2025-09-16 10:16:00,2025-09-16 10:16:52,52,0.01
300,L01,#9,GW252/13600,(3)待机状态,3,2025-09-16 10:15:19,2025-09-16 10:16:00,41,0.01
301,L01,#9,GW252/13600,(2)停机状态,2,2025-09-16 10:11:56,2025-09-16 10:15:19,203,0.06
302,L01,#9,GW252/13600,(1)停机过程,1,2025-09-16 10:11:46,2025-09-16 10:11:56,10,0
303,L01,#9,GW252/13600,(9)维护状态,9,2025-09-16 10:02:28,2025-09-16 10:11:46,558,0.16
304,L01,#9,GW252/13600,(2)停机状态,2,2025-09-16 10:01:49,2025-09-16 10:02:28,39,0.01
305,L01,#9,GW252/13600,(1)停机过程,1,2025-09-16 10:01:39,2025-09-16 10:01:49,10,0
306,L01,#9,GW252/13600,(9)维护状态,9,2025-09-16 09:49:31,2025-09-16 10:01:39,728,0.2
307,L01,#9,GW252/13600,(2)停机状态,2,2025-09-16 09:45:07,2025-09-16 09:49:31,264,0.07
308,L01,#9,GW252/13600,(1)停机过程,1,2025-09-16 09:45:02,2025-09-16 09:45:07,5,0
309,L01,#9,GW252/13600,(2)停机状态,2,2025-09-16 09:29:41,2025-09-16 09:45:02,921,0.26
310,L01,#9,GW252/13600,(1)停机过程,1,2025-09-16 09:28:55,2025-09-16 09:29:41,46,0.01
311,L01,#9,GW252/13600,(4)启机状态,4,2025-09-16 09:28:32,2025-09-16 09:28:55,23,0.01
312,L01,#9,GW252/13600,(3)待机状态,3,2025-09-16 09:27:51,2025-09-16 09:28:32,41,0.01
313,L01,#9,GW252/13600,(2)停机状态,2,2025-09-16 09:27:43,2025-09-16 09:27:51,8,0
314,L01,#9,GW252/13600,(1)停机过程,1,2025-09-16 09:27:33,2025-09-16 09:27:43,10,0
315,L01,#9,GW252/13600,(9)维护状态,9,2025-09-16 09:07:49,2025-09-16 09:27:33,1184,0.33
316,L01,#9,GW252/13600,(2)停机状态,2,2025-09-16 09:07:07,2025-09-16 09:07:49,42,0.01
317,L01,#9,GW252/13600,(1)停机过程,1,2025-09-16 09:05:51,2025-09-16 09:07:07,76,0.02
318,L01,#9,GW252/13600,(5)发电状态,5,2025-09-16 09:03:22,2025-09-16 09:05:51,149,0.04
319,L01,#9,GW252/13600,(4)启机状态,4,2025-09-16 09:02:34,2025-09-16 09:03:22,48,0.01
320,L01,#9,GW252/13600,(3)待机状态,3,2025-09-16 09:01:53,2025-09-16 09:02:34,41,0.01
321,L01,#9,GW252/13600,(2)停机状态,2,2025-09-16 09:01:18,2025-09-16 09:01:53,35,0.01
322,L01,#9,GW252/13600,(1)停机过程,1,2025-09-16 09:01:07,2025-09-16 09:01:18,11,0
323,L01,#9,GW252/13600,(9)维护状态,9,2025-09-16 08:46:33,2025-09-16 09:01:07,874,0.24
324,L01,#9,GW252/13600,(2)停机状态,2,2025-09-16 08:45:53,2025-09-16 08:46:33,40,0.01
325,L01,#9,GW252/13600,(1)停机过程,1,2025-09-16 08:44:34,2025-09-16 08:45:53,79,0.02
326,L01,#9,GW252/13600,(5)发电状态,5,2025-09-16 08:27:59,2025-09-16 08:44:34,995,0.28
327,L01,#9,GW252/13600,(4)启机状态,4,2025-09-16 08:27:10,2025-09-16 08:27:59,49,0.01
328,L01,#9,GW252/13600,(3)待机状态,3,2025-09-16 08:26:22,2025-09-16 08:27:10,48,0.01
329,L01,#9,GW252/13600,(2)停机状态,2,2025-09-16 08:23:52,2025-09-16 08:26:22,150,0.04
330,L01,#9,GW252/13600,(1)停机过程,1,2025-09-16 08:23:42,2025-09-16 08:23:52,10,0
331,L01,#9,GW252/13600,(9)维护状态,9,2025-09-16 03:06:30,2025-09-16 08:23:42,19032,5.29
332,L01,#9,GW252/13600,(1)停机过程,1,2025-09-16 03:05:58,2025-09-16 03:06:30,32,0.01
333,L01,#9,GW252/13600,(3)待机状态,3,2025-09-16 03:05:18,2025-09-16 03:05:58,40,0.01
334,L01,#9,GW252/13600,(2)停机状态,2,2025-09-16 03:05:16,2025-09-16 03:05:18,2,0
335,L01,#9,GW252/13600,(1)停机过程,1,2025-09-16 03:05:06,2025-09-16 03:05:16,10,0
336,L01,#9,GW252/13600,(9)维护状态,9,2025-09-16 02:38:37,2025-09-16 03:05:06,1589,0.44
337,L01,#9,GW252/13600,(2)停机状态,2,2025-09-16 02:34:47,2025-09-16 02:38:37,230,0.06
338,L01,#9,GW252/13600,(1)停机过程,1,2025-09-16 02:33:29,2025-09-16 02:34:47,78,0.02
339,L01,#9,GW252/13600,(5)发电状态,5,2025-09-16 02:05:02,2025-09-16 02:33:29,1707,0.47
340,L01,#9,GW252/13600,(4)启机状态,4,2025-09-16 02:04:25,2025-09-16 02:05:02,37,0.01
341,L01,#9,GW252/13600,(3)待机状态,3,2025-09-16 02:03:50,2025-09-16 02:04:25,35,0.01
342,L01,#9,GW252/13600,(2)停机状态,2,2025-09-16 02:03:48,2025-09-16 02:03:50,2,0
343,L01,#9,GW252/13600,(1)停机过程,1,2025-09-16 02:03:38,2025-09-16 02:03:48,10,0
344,L01,#9,GW252/13600,(9)维护状态,9,2025-09-16 02:03:03,2025-09-16 02:03:38,35,0.01
345,L01,#9,GW252/13600,(2)停机状态,2,2025-09-16 02:02:06,2025-09-16 02:03:03,57,0.02
346,L01,#9,GW252/13600,(1)停机过程,1,2025-09-16 02:01:56,2025-09-16 02:02:06,10,0
347,L01,#9,GW252/13600,(9)维护状态,9,2025-09-16 02:01:32,2025-09-16 02:01:56,24,0.01
348,L01,#9,GW252/13600,(2)停机状态,2,2025-09-16 01:55:33,2025-09-16 02:01:32,359,0.1
349,L01,#9,GW252/13600,(1)停机过程,1,2025-09-16 01:55:23,2025-09-16 01:55:33,10,0
350,L01,#9,GW252/13600,(2)停机状态,2,2025-09-16 01:55:21,2025-09-16 01:55:23,2,0
351,L01,#9,GW252/13600,(1)停机过程,1,2025-09-16 01:55:12,2025-09-16 01:55:21,9,0
352,L01,#9,GW252/13600,(9)维护状态,9,2025-09-16 01:52:34,2025-09-16 01:55:12,158,0.04
353,L01,#9,GW252/13600,(2)停机状态,2,2025-09-16 01:51:43,2025-09-16 01:52:34,51,0.01
354,L01,#9,GW252/13600,(1)停机过程,1,2025-09-16 01:51:34,2025-09-16 01:51:43,9,0
355,L01,#9,GW252/13600,(2)停机状态,2,2025-09-16 01:51:33,2025-09-16 01:51:34,1,0
356,L01,#9,GW252/13600,(1)停机过程,1,2025-09-16 01:51:23,2025-09-16 01:51:33,10,0
357,L01,#9,GW252/13600,(3)待机状态,3,2025-09-16 01:51:22,2025-09-16 01:51:23,1,0
358,L01,#9,GW252/13600,(1)停机过程,1,2025-09-16 01:51:11,2025-09-16 01:51:22,11,0
359,L01,#9,GW252/13600,(2)停机状态,2,2025-09-16 01:51:09,2025-09-16 01:51:11,2,0
360,L01,#9,GW252/13600,(1)停机过程,1,2025-09-16 01:50:59,2025-09-16 01:51:09,10,0
361,L01,#9,GW252/13600,(3)待机状态,3,2025-09-16 01:50:58,2025-09-16 01:50:59,1,0
362,L01,#9,GW252/13600,(2)停机状态,2,2025-09-16 01:49:56,2025-09-16 01:50:58,62,0.02
363,L01,#9,GW252/13600,(1)停机过程,1,2025-09-16 01:49:46,2025-09-16 01:49:56,10,0
364,L01,#9,GW252/13600,(2)停机状态,2,2025-09-16 01:47:38,2025-09-16 01:49:46,128,0.04
365,L01,#9,GW252/13600,(1)停机过程,1,2025-09-16 01:47:27,2025-09-16 01:47:38,11,0
366,L01,#9,GW252/13600,(3)待机状态,3,2025-09-16 01:47:26,2025-09-16 01:47:27,1,0
367,L01,#9,GW252/13600,(2)停机状态,2,2025-09-16 01:45:16,2025-09-16 01:47:26,130,0.04
368,L01,#9,GW252/13600,(1)停机过程,1,2025-09-16 01:44:55,2025-09-16 01:45:16,21,0.01
369,L01,#9,GW252/13600,(2)停机状态,2,2025-09-16 01:44:52,2025-09-16 01:44:55,3,0
370,L01,#9,GW252/13600,(1)停机过程,1,2025-09-16 01:44:42,2025-09-16 01:44:52,10,0
371,L01,#9,GW252/13600,(9)维护状态,9,2025-09-16 00:34:17,2025-09-16 01:44:42,4225,1.17
372,L01,#9,GW252/13600,(2)停机状态,2,2025-09-16 00:29:03,2025-09-16 00:34:17,314,0.09
373,L01,#9,GW252/13600,(1)停机过程,1,2025-09-16 00:29:00,2025-09-16 00:29:03,3,0
374,L01,#9,GW252/13600,(9)维护状态,9,2025-09-13 03:45:41,2025-09-16 00:29:00,247399,68.72
375,L01,#9,GW252/13600,(2)停机状态,2,2025-09-13 03:37:47,2025-09-13 03:45:41,474,0.13
376,L01,#9,GW252/13600,(1)停机过程,1,2025-09-13 03:36:14,2025-09-13 03:37:47,93,0.03
377,L01,#9,GW252/13600,(5)发电状态,5,2025-09-12 12:47:51,2025-09-13 03:36:14,53303,14.81
378,L01,#9,GW252/13600,(4)启机状态,4,2025-09-12 12:46:02,2025-09-12 12:47:51,109,0.03
379,L01,#9,GW252/13600,(3)待机状态,3,2025-09-12 06:19:05,2025-09-12 12:46:02,23217,6.45
380,L01,#9,GW252/13600,(2)停机状态,2,2025-09-12 05:41:00,2025-09-12 06:19:05,2285,0.63
381,L01,#9,GW252/13600,(1)停机过程,1,2025-09-12 05:40:08,2025-09-12 05:41:00,52,0.01
382,L01,#9,GW252/13600,(5)发电状态,5,2025-09-11 05:39:34,2025-09-12 05:40:08,86434,24.01
383,L01,#9,GW252/13600,(4)启机状态,4,2025-09-11 05:38:33,2025-09-11 05:39:34,61,0.02
384,L01,#9,GW252/13600,(3)待机状态,3,2025-09-11 04:23:11,2025-09-11 05:38:33,4522,1.26
385,L01,#9,GW252/13600,(2)停机状态,2,2025-09-11 04:17:34,2025-09-11 04:23:11,337,0.09
386,L01,#9,GW252/13600,(1)停机过程,1,2025-09-11 04:16:39,2025-09-11 04:17:34,55,0.02
387,L01,#9,GW252/13600,(5)发电状态,5,2025-09-11 01:20:04,2025-09-11 04:16:39,10595,2.94
388,L01,#9,GW252/13600,(4)启机状态,4,2025-09-11 01:18:21,2025-09-11 01:20:04,103,0.03
389,L01,#9,GW252/13600,(3)待机状态,3,2025-09-10 21:27:39,2025-09-11 01:18:21,13842,3.85
390,L01,#9,GW252/13600,(2)停机状态,2,2025-09-10 21:24:43,2025-09-10 21:27:39,176,0.05
391,L01,#9,GW252/13600,(1)停机过程,1,2025-09-10 21:23:46,2025-09-10 21:24:43,57,0.02
392,L01,#9,GW252/13600,(5)发电状态,5,2025-09-07 04:10:43,2025-09-10 21:23:46,321183,89.22
393,L01,#9,GW252/13600,(4)启机状态,4,2025-09-07 04:08:20,2025-09-07 04:10:43,143,0.04
394,L01,#9,GW252/13600,(3)待机状态,3,2025-09-07 03:09:17,2025-09-07 04:08:20,3543,0.98
395,L01,#9,GW252/13600,(2)停机状态,2,2025-09-07 03:08:35,2025-09-07 03:09:17,42,0.01
396,L01,#9,GW252/13600,(1)停机过程,1,2025-09-07 03:07:41,2025-09-07 03:08:35,54,0.02
397,L01,#9,GW252/13600,(4)启机状态,4,2025-09-07 03:02:40,2025-09-07 03:07:41,301,0.08
398,L01,#9,GW252/13600,(3)待机状态,3,2025-09-06 20:10:45,2025-09-07 03:02:40,24715,6.87
399,L01,#9,GW252/13600,(1)停机过程,1,2025-09-06 20:10:35,2025-09-06 20:10:45,10,0
400,L01,#9,GW252/13600,(9)维护状态,9,2025-09-06 19:22:59,2025-09-06 20:10:35,2856,0.79
401,L01,#9,GW252/13600,(2)停机状态,2,2025-09-06 19:22:00,2025-09-06 19:22:59,59,0.02
402,L01,#9,GW252/13600,(1)停机过程,1,2025-09-06 19:21:29,2025-09-06 19:22:00,31,0.01
403,L01,#9,GW252/13600,(3)待机状态,3,2025-09-06 14:39:56,2025-09-06 19:21:29,16893,4.69
404,L01,#9,GW252/13600,(2)停机状态,2,2025-09-06 14:39:31,2025-09-06 14:39:56,25,0.01
405,L01,#9,GW252/13600,(1)停机过程,1,2025-09-06 14:38:35,2025-09-06 14:39:31,56,0.02
406,L01,#9,GW252/13600,(5)发电状态,5,2025-09-06 11:41:23,2025-09-06 14:38:35,10632,2.95
407,L01,#9,GW252/13600,(4)启机状态,4,2025-09-06 11:39:02,2025-09-06 11:41:23,141,0.04
408,L01,#9,GW252/13600,(3)待机状态,3,2025-09-06 08:09:25,2025-09-06 11:39:02,12577,3.49
409,L01,#9,GW252/13600,(2)停机状态,2,2025-09-06 08:09:22,2025-09-06 08:09:25,3,0
410,L01,#9,GW252/13600,(1)停机过程,1,2025-09-06 08:08:27,2025-09-06 08:09:22,55,0.02
411,L01,#9,GW252/13600,(5)发电状态,5,2025-09-06 07:45:31,2025-09-06 08:08:27,1376,0.38
412,L01,#9,GW252/13600,(4)启机状态,4,2025-09-06 07:43:46,2025-09-06 07:45:31,105,0.03
413,L01,#9,GW252/13600,(3)待机状态,3,2025-09-06 04:57:05,2025-09-06 07:43:46,10001,2.78
414,L01,#9,GW252/13600,(2)停机状态,2,2025-09-06 04:54:45,2025-09-06 04:57:05,140,0.04
415,L01,#9,GW252/13600,(1)停机过程,1,2025-09-06 04:53:50,2025-09-06 04:54:45,55,0.02
416,L01,#9,GW252/13600,(5)发电状态,5,2025-09-05 17:23:47,2025-09-06 04:53:50,41403,11.5
417,L01,#9,GW252/13600,(4)启机状态,4,2025-09-05 17:21:38,2025-09-05 17:23:47,129,0.04
418,L01,#9,GW252/13600,(3)待机状态,3,2025-09-05 04:18:16,2025-09-05 17:21:38,47002,13.06
419,L01,#9,GW252/13600,(2)停机状态,2,2025-09-05 04:15:32,2025-09-05 04:18:16,164,0.05
420,L01,#9,GW252/13600,(1)停机过程,1,2025-09-05 04:14:36,2025-09-05 04:15:32,56,0.02
421,L01,#9,GW252/13600,(5)发电状态,5,2025-09-04 18:10:59,2025-09-05 04:14:36,36217,10.06
422,L01,#9,GW252/13600,(4)启机状态,4,2025-09-04 18:09:10,2025-09-04 18:10:59,109,0.03
423,L01,#9,GW252/13600,(3)待机状态,3,2025-09-04 15:23:35,2025-09-04 18:09:10,9935,2.76
424,L01,#9,GW252/13600,(2)停机状态,2,2025-09-04 15:17:59,2025-09-04 15:23:35,336,0.09
425,L01,#9,GW252/13600,(1)停机过程,1,2025-09-04 15:17:02,2025-09-04 15:17:59,57,0.02
426,L01,#9,GW252/13600,(5)发电状态,5,2025-09-04 14:50:57,2025-09-04 15:17:02,1565,0.43
427,L01,#9,GW252/13600,(4)启机状态,4,2025-09-04 14:49:10,2025-09-04 14:50:57,107,0.03
428,L01,#9,GW252/13600,(3)待机状态,3,2025-09-04 11:38:21,2025-09-04 14:49:10,11449,3.18
429,L01,#9,GW252/13600,(2)停机状态,2,2025-09-04 11:35:24,2025-09-04 11:38:21,177,0.05
430,L01,#9,GW252/13600,(1)停机过程,1,2025-09-04 11:34:28,2025-09-04 11:35:24,56,0.02
431,L01,#9,GW252/13600,(5)发电状态,5,2025-09-04 10:13:47,2025-09-04 11:34:28,4841,1.34
432,L01,#9,GW252/13600,(4)启机状态,4,2025-09-04 10:11:40,2025-09-04 10:13:47,127,0.04
433,L01,#9,GW252/13600,(3)待机状态,3,2025-09-04 04:55:03,2025-09-04 10:11:40,18997,5.28
434,L01,#9,GW252/13600,(2)停机状态,2,2025-09-04 04:17:00,2025-09-04 04:55:03,2283,0.63
435,L01,#9,GW252/13600,(1)停机过程,1,2025-09-04 04:16:05,2025-09-04 04:17:00,55,0.02
436,L01,#9,GW252/13600,(5)发电状态,5,2025-09-03 20:18:26,2025-09-04 04:16:05,28659,7.96
437,L01,#9,GW252/13600,(4)启机状态,4,2025-09-03 20:16:31,2025-09-03 20:18:26,115,0.03
438,L01,#9,GW252/13600,(3)待机状态,3,2025-09-03 06:58:52,2025-09-03 20:16:31,47859,13.29
439,L01,#9,GW252/13600,(2)停机状态,2,2025-09-03 06:53:14,2025-09-03 06:58:52,338,0.09
440,L01,#9,GW252/13600,(1)停机过程,1,2025-09-03 06:52:18,2025-09-03 06:53:14,56,0.02
441,L01,#9,GW252/13600,(5)发电状态,5,2025-09-02 16:37:04,2025-09-03 06:52:18,51314,14.25
442,L01,#9,GW252/13600,(4)启机状态,4,2025-09-02 16:34:46,2025-09-02 16:37:04,138,0.04
443,L01,#9,GW252/13600,(3)待机状态,3,2025-09-02 15:48:18,2025-09-02 16:34:46,2788,0.77
444,L01,#9,GW252/13600,(2)停机状态,2,2025-09-02 15:47:00,2025-09-02 15:48:18,78,0.02
445,L01,#9,GW252/13600,(1)停机过程,1,2025-09-02 15:46:05,2025-09-02 15:47:00,55,0.02
446,L01,#9,GW252/13600,(5)发电状态,5,2025-09-02 12:45:24,2025-09-02 15:46:05,10841,3.01
447,L01,#9,GW252/13600,(4)启机状态,4,2025-09-02 12:43:33,2025-09-02 12:45:24,111,0.03
448,L01,#9,GW252/13600,(3)待机状态,3,2025-09-02 12:28:08,2025-09-02 12:43:33,925,0.26
449,L01,#9,GW252/13600,(2)停机状态,2,2025-09-02 12:22:29,2025-09-02 12:28:08,339,0.09
450,L01,#9,GW252/13600,(1)停机过程,1,2025-09-02 12:21:35,2025-09-02 12:22:29,54,0.02
451,L01,#9,GW252/13600,(5)发电状态,5,2025-09-02 12:04:40,2025-09-02 12:21:35,1015,0.28
452,L01,#9,GW252/13600,(4)启机状态,4,2025-09-02 12:02:54,2025-09-02 12:04:40,106,0.03
453,L01,#9,GW252/13600,(3)待机状态,3,2025-09-02 10:39:17,2025-09-02 12:02:54,5017,1.39
454,L01,#9,GW252/13600,(2)停机状态,2,2025-09-02 10:33:39,2025-09-02 10:39:17,338,0.09
455,L01,#9,GW252/13600,(1)停机过程,1,2025-09-02 10:32:44,2025-09-02 10:33:39,55,0.02
456,L01,#9,GW252/13600,(5)发电状态,5,2025-09-02 09:58:00,2025-09-02 10:32:44,2084,0.58
457,L01,#9,GW252/13600,(4)启机状态,4,2025-09-02 09:56:05,2025-09-02 09:58:00,115,0.03
458,L01,#9,GW252/13600,(3)待机状态,3,2025-09-02 07:04:41,2025-09-02 09:56:05,10284,2.86
459,L01,#9,GW252/13600,(2)停机状态,2,2025-09-02 07:04:14,2025-09-02 07:04:41,27,0.01
460,L01,#9,GW252/13600,(1)停机过程,1,2025-09-02 07:03:19,2025-09-02 07:04:14,55,0.02
461,L01,#9,GW252/13600,(5)发电状态,5,2025-09-02 06:41:36,2025-09-02 07:03:19,1303,0.36
462,L01,#9,GW252/13600,(4)启机状态,4,2025-09-02 06:40:27,2025-09-02 06:41:36,69,0.02
463,L01,#9,GW252/13600,(3)待机状态,3,2025-09-02 05:39:59,2025-09-02 06:40:27,3628,1.01
464,L01,#9,GW252/13600,(1)停机过程,1,2025-09-02 05:39:02,2025-09-02 05:39:59,57,0.02
465,L01,#9,GW252/13600,(5)发电状态,5,2025-09-01 07:53:02,2025-09-02 05:39:02,78360,21.77
466,L01,#9,GW252/13600,(4)启机状态,4,2025-09-01 07:51:28,2025-09-01 07:53:02,94,0.03
467,L01,#9,GW252/13600,(3)待机状态,3,2025-09-01 07:12:38,2025-09-01 07:51:28,2330,0.65
468,L01,#9,GW252/13600,(2)停机状态,2,2025-09-01 07:12:37,2025-09-01 07:12:38,1,0
469,L01,#9,GW252/13600,(1)停机过程,1,2025-09-01 07:11:41,2025-09-01 07:12:37,56,0.02
470,L01,#9,GW252/13600,(5)发电状态,5,2025-09-01 01:29:02,2025-09-01 07:11:41,20559,5.71
471,L01,#9,GW252/13600,(4)启机状态,4,2025-09-01 01:27:54,2025-09-01 01:29:02,68,0.02
472,L01,#9,GW252/13600,(3)待机状态,3,2025-09-01 01:27:01,2025-09-01 01:27:54,53,0.01
473,L01,#9,GW252/13600,(2)停机状态,2,2025-09-01 00:49:56,2025-09-01 01:27:01,2225,0.62
474,L01,#9,GW252/13600,(1)停机过程,1,2025-09-01 00:49:01,2025-09-01 00:49:56,55,0.02
475,L01,#9,GW252/13600,(5)发电状态,5,2025-08-31 00:48:05,2025-09-01 00:49:01,86456,24.02
476,L01,#9,GW252/13600,(4)启机状态,4,2025-08-31 00:47:10,2025-08-31 00:48:05,55,0.02
477,L01,#9,GW252/13600,(3)待机状态,3,2025-08-31 00:46:25,2025-08-31 00:47:10,45,0.01
478,L01,#9,GW252/13600,(2)停机状态,2,2025-08-31 00:46:22,2025-08-31 00:46:25,3,0
479,L01,#9,GW252/13600,(1)停机过程,1,2025-08-31 00:46:12,2025-08-31 00:46:22,10,0
480,L01,#9,GW252/13600,(9)维护状态,9,2025-08-31 00:45:34,2025-08-31 00:46:12,38,0.01
481,L01,#9,GW252/13600,(2)停机状态,2,2025-08-31 00:34:52,2025-08-31 00:45:34,642,0.18
482,L01,#9,GW252/13600,(1)停机过程,1,2025-08-31 00:34:47,2025-08-31 00:34:52,5,0
483,L01,#9,GW252/13600,(9)维护状态,9,2025-08-31 00:31:17,2025-08-31 00:34:47,210,0.06
484,L01,#9,GW252/13600,(1)停机过程,1,2025-08-31 00:29:58,2025-08-31 00:31:17,79,0.02
485,L01,#9,GW252/13600,(5)发电状态,5,2025-08-29 16:17:26,2025-08-31 00:29:58,115952,32.21
486,L01,#9,GW252/13600,(4)启机状态,4,2025-08-29 16:16:51,2025-08-29 16:17:26,35,0.01
487,L01,#9,GW252/13600,(3)待机状态,3,2025-08-29 16:16:17,2025-08-29 16:16:51,34,0.01
488,L01,#9,GW252/13600,(2)停机状态,2,2025-08-29 16:05:10,2025-08-29 16:16:17,667,0.19
489,L01,#9,GW252/13600,(1)停机过程,1,2025-08-29 16:04:00,2025-08-29 16:05:10,70,0.02
490,L01,#9,GW252/13600,(5)发电状态,5,2025-08-27 20:16:44,2025-08-29 16:04:00,157636,43.79
491,L01,#9,GW252/13600,(4)启机状态,4,2025-08-27 20:15:33,2025-08-27 20:16:44,71,0.02
492,L01,#9,GW252/13600,(3)待机状态,3,2025-08-27 20:14:47,2025-08-27 20:15:33,46,0.01
493,L01,#9,GW252/13600,(2)停机状态,2,2025-08-27 20:13:30,2025-08-27 20:14:47,77,0.02
494,L01,#9,GW252/13600,(1)停机过程,1,2025-08-27 20:13:20,2025-08-27 20:13:30,10,0
495,L01,#9,GW252/13600,(9)维护状态,9,2025-08-27 20:12:08,2025-08-27 20:13:20,72,0.02
496,L01,#9,GW252/13600,(2)停机状态,2,2025-08-27 19:48:30,2025-08-27 20:12:08,1418,0.39
497,L01,#9,GW252/13600,(1)停机过程,1,2025-08-27 19:48:25,2025-08-27 19:48:30,5,0
498,L01,#9,GW252/13600,(9)维护状态,9,2025-08-27 19:31:37,2025-08-27 19:48:25,1008,0.28
499,L01,#9,GW252/13600,(2)停机状态,2,2025-08-27 19:31:08,2025-08-27 19:31:37,29,0.01
500,L01,#9,GW252/13600,(1)停机过程,1,2025-08-27 19:30:10,2025-08-27 19:31:08,58,0.02
501,L01,#9,GW252/13600,(5)发电状态,5,2025-08-27 19:27:34,2025-08-27 19:30:10,156,0.04
502,L01,#9,GW252/13600,(4)启机状态,4,2025-08-27 19:25:49,2025-08-27 19:27:34,105,0.03
503,L01,#9,GW252/13600,(3)待机状态,3,2025-08-27 19:03:45,2025-08-27 19:25:49,1324,0.37
504,L01,#9,GW252/13600,(2)停机状态,2,2025-08-27 18:50:17,2025-08-27 19:03:45,808,0.22
505,L01,#9,GW252/13600,(1)停机过程,1,2025-08-27 18:49:46,2025-08-27 18:50:17,31,0.01
506,L01,#9,GW252/13600,(3)待机状态,3,2025-08-27 02:24:46,2025-08-27 18:49:46,59100,16.42
507,L01,#9,GW252/13600,(2)停机状态,2,2025-08-27 02:19:09,2025-08-27 02:24:46,337,0.09
508,L01,#9,GW252/13600,(1)停机过程,1,2025-08-27 02:18:14,2025-08-27 02:19:09,55,0.02
509,L01,#9,GW252/13600,(5)发电状态,5,2025-08-26 21:01:36,2025-08-27 02:18:14,18998,5.28
510,L01,#9,GW252/13600,(4)启机状态,4,2025-08-26 21:00:28,2025-08-26 21:01:36,68,0.02
511,L01,#9,GW252/13600,(3)待机状态,3,2025-08-26 20:59:40,2025-08-26 21:00:28,48,0.01
512,L01,#9,GW252/13600,(2)停机状态,2,2025-08-26 20:22:36,2025-08-26 20:59:40,2224,0.62
513,L01,#9,GW252/13600,(1)停机过程,1,2025-08-26 20:21:43,2025-08-26 20:22:36,53,0.01
514,L01,#9,GW252/13600,(5)发电状态,5,2025-08-23 09:25:28,2025-08-26 20:21:43,298575,82.94
515,L01,#9,GW252/13600,(4)启机状态,4,2025-08-23 09:23:47,2025-08-23 09:25:28,101,0.03
516,L01,#9,GW252/13600,(3)待机状态,3,2025-08-23 00:47:05,2025-08-23 09:23:47,31002,8.61
517,L01,#9,GW252/13600,(2)停机状态,2,2025-08-23 00:47:02,2025-08-23 00:47:05,3,0
518,L01,#9,GW252/13600,(1)停机过程,1,2025-08-23 00:46:52,2025-08-23 00:47:02,10,0
519,L01,#9,GW252/13600,(9)维护状态,9,2025-08-23 00:46:19,2025-08-23 00:46:52,33,0.01
520,L01,#9,GW252/13600,(2)停机状态,2,2025-08-23 00:39:59,2025-08-23 00:46:19,380,0.11
521,L01,#9,GW252/13600,(1)停机过程,1,2025-08-23 00:39:54,2025-08-23 00:39:59,5,0
522,L01,#9,GW252/13600,(9)维护状态,9,2025-08-23 00:36:18,2025-08-23 00:39:54,216,0.06
523,L01,#9,GW252/13600,(1)停机过程,1,2025-08-23 00:35:45,2025-08-23 00:36:18,33,0.01
524,L01,#9,GW252/13600,(4)启机状态,4,2025-08-23 00:32:19,2025-08-23 00:35:45,206,0.06
525,L01,#9,GW252/13600,(3)待机状态,3,2025-08-23 00:31:13,2025-08-23 00:32:19,66,0.02
526,L01,#9,GW252/13600,(2)停机状态,2,2025-08-23 00:31:12,2025-08-23 00:31:13,1,0
527,L01,#9,GW252/13600,(1)停机过程,1,2025-08-23 00:30:40,2025-08-23 00:31:12,32,0.01
528,L01,#9,GW252/13600,(4)启机状态,4,2025-08-23 00:25:40,2025-08-23 00:30:40,300,0.08
529,L01,#9,GW252/13600,(3)待机状态,3,2025-08-23 00:24:08,2025-08-23 00:25:40,92,0.03
530,L01,#9,GW252/13600,(2)停机状态,2,2025-08-23 00:22:41,2025-08-23 00:24:08,87,0.02
531,L01,#9,GW252/13600,(1)停机过程,1,2025-08-23 00:22:09,2025-08-23 00:22:41,32,0.01
532,L01,#9,GW252/13600,(4)启机状态,4,2025-08-23 00:17:09,2025-08-23 00:22:09,300,0.08
533,L01,#9,GW252/13600,(3)待机状态,3,2025-08-23 00:14:04,2025-08-23 00:17:09,185,0.05
534,L01,#9,GW252/13600,(2)停机状态,2,2025-08-23 00:11:39,2025-08-23 00:14:04,145,0.04
535,L01,#9,GW252/13600,(1)停机过程,1,2025-08-23 00:11:07,2025-08-23 00:11:39,32,0.01
536,L01,#9,GW252/13600,(4)启机状态,4,2025-08-23 00:06:08,2025-08-23 00:11:07,299,0.08
537,L01,#9,GW252/13600,(3)待机状态,3,2025-08-23 00:04:51,2025-08-23 00:06:08,77,0.02
538,L01,#9,GW252/13600,(2)停机状态,2,2025-08-23 00:04:49,2025-08-23 00:04:51,2,0
539,L01,#9,GW252/13600,(1)停机过程,1,2025-08-23 00:04:17,2025-08-23 00:04:49,32,0.01
540,L01,#9,GW252/13600,(4)启机状态,4,2025-08-22 23:59:17,2025-08-23 00:04:17,300,0.08
541,L01,#9,GW252/13600,(3)待机状态,3,2025-08-22 23:58:05,2025-08-22 23:59:17,72,0.02
542,L01,#9,GW252/13600,(2)停机状态,2,2025-08-22 23:58:02,2025-08-22 23:58:05,3,0
543,L01,#9,GW252/13600,(1)停机过程,1,2025-08-22 23:57:32,2025-08-22 23:58:02,30,0.01
544,L01,#9,GW252/13600,(4)启机状态,4,2025-08-22 23:52:32,2025-08-22 23:57:32,300,0.08
545,L01,#9,GW252/13600,(3)待机状态,3,2025-08-22 23:51:29,2025-08-22 23:52:32,63,0.02
546,L01,#9,GW252/13600,(2)停机状态,2,2025-08-22 23:51:28,2025-08-22 23:51:29,1,0
547,L01,#9,GW252/13600,(1)停机过程,1,2025-08-22 23:50:55,2025-08-22 23:51:28,33,0.01
548,L01,#9,GW252/13600,(4)启机状态,4,2025-08-22 23:45:55,2025-08-22 23:50:55,300,0.08
549,L01,#9,GW252/13600,(3)待机状态,3,2025-08-22 23:45:00,2025-08-22 23:45:55,55,0.02
550,L01,#9,GW252/13600,(2)停机状态,2,2025-08-22 23:44:59,2025-08-22 23:45:00,1,0
551,L01,#9,GW252/13600,(1)停机过程,1,2025-08-22 23:44:27,2025-08-22 23:44:59,32,0.01
552,L01,#9,GW252/13600,(4)启机状态,4,2025-08-22 23:39:27,2025-08-22 23:44:27,300,0.08
553,L01,#9,GW252/13600,(3)待机状态,3,2025-08-22 23:38:26,2025-08-22 23:39:27,61,0.02
554,L01,#9,GW252/13600,(2)停机状态,2,2025-08-22 23:38:24,2025-08-22 23:38:26,2,0
555,L01,#9,GW252/13600,(1)停机过程,1,2025-08-22 23:37:52,2025-08-22 23:38:24,32,0.01
556,L01,#9,GW252/13600,(4)启机状态,4,2025-08-22 23:32:52,2025-08-22 23:37:52,300,0.08
557,L01,#9,GW252/13600,(3)待机状态,3,2025-08-22 23:31:54,2025-08-22 23:32:52,58,0.02
558,L01,#9,GW252/13600,(2)停机状态,2,2025-08-22 23:31:53,2025-08-22 23:31:54,1,0
559,L01,#9,GW252/13600,(1)停机过程,1,2025-08-22 23:31:21,2025-08-22 23:31:53,32,0.01
560,L01,#9,GW252/13600,(4)启机状态,4,2025-08-22 23:26:22,2025-08-22 23:31:21,299,0.08
561,L01,#9,GW252/13600,(3)待机状态,3,2025-08-22 23:25:21,2025-08-22 23:26:22,61,0.02
562,L01,#9,GW252/13600,(2)停机状态,2,2025-08-22 22:48:17,2025-08-22 23:25:21,2224,0.62
563,L01,#9,GW252/13600,(1)停机过程,1,2025-08-22 22:47:21,2025-08-22 22:48:17,56,0.02
564,L01,#9,GW252/13600,(5)发电状态,5,2025-08-22 22:06:09,2025-08-22 22:47:21,2472,0.69
565,L01,#9,GW252/13600,(4)启机状态,4,2025-08-22 22:01:57,2025-08-22 22:06:09,252,0.07
566,L01,#9,GW252/13600,(3)待机状态,3,2025-08-22 22:00:58,2025-08-22 22:01:57,59,0.02
567,L01,#9,GW252/13600,(2)停机状态,2,2025-08-22 22:00:32,2025-08-22 22:00:58,26,0.01
568,L01,#9,GW252/13600,(1)停机过程,1,2025-08-22 22:00:22,2025-08-22 22:00:32,10,0
569,L01,#9,GW252/13600,(9)维护状态,9,2025-08-22 21:59:46,2025-08-22 22:00:22,36,0.01
570,L01,#9,GW252/13600,(2)停机状态,2,2025-08-22 21:58:59,2025-08-22 21:59:46,47,0.01
571,L01,#9,GW252/13600,(1)停机过程,1,2025-08-22 21:58:27,2025-08-22 21:58:59,32,0.01
572,L01,#9,GW252/13600,(4)启机状态,4,2025-08-22 21:53:27,2025-08-22 21:58:27,300,0.08
573,L01,#9,GW252/13600,(3)待机状态,3,2025-08-22 21:52:05,2025-08-22 21:53:27,82,0.02
574,L01,#9,GW252/13600,(2)停机状态,2,2025-08-22 21:52:04,2025-08-22 21:52:05,1,0
575,L01,#9,GW252/13600,(1)停机过程,1,2025-08-22 21:51:54,2025-08-22 21:52:04,10,0
576,L01,#9,GW252/13600,(9)维护状态,9,2025-08-22 21:51:20,2025-08-22 21:51:54,34,0.01
577,L01,#9,GW252/13600,(2)停机状态,2,2025-08-22 21:50:09,2025-08-22 21:51:20,71,0.02
578,L01,#9,GW252/13600,(1)停机过程,1,2025-08-22 21:49:38,2025-08-22 21:50:09,31,0.01
579,L01,#9,GW252/13600,(4)启机状态,4,2025-08-22 21:44:38,2025-08-22 21:49:38,300,0.08
580,L01,#9,GW252/13600,(3)待机状态,3,2025-08-22 21:43:46,2025-08-22 21:44:38,52,0.01
581,L01,#9,GW252/13600,(2)停机状态,2,2025-08-22 21:43:39,2025-08-22 21:43:46,7,0
582,L01,#9,GW252/13600,(1)停机过程,1,2025-08-22 21:43:29,2025-08-22 21:43:39,10,0
583,L01,#9,GW252/13600,(9)维护状态,9,2025-08-22 21:43:08,2025-08-22 21:43:29,21,0.01
584,L01,#9,GW252/13600,(2)停机状态,2,2025-08-11 18:21:48,2025-08-22 21:43:08,962480,267.36
585,L01,#9,GW252/13600,(1)停机过程,1,2025-08-11 18:21:39,2025-08-11 18:21:48,9,0
586,L01,#9,GW252/13600,(9)维护状态,9,2025-08-11 18:20:42,2025-08-11 18:21:39,57,0.02
587,L01,#9,GW252/13600,(2)停机状态,2,2025-08-11 12:52:10,2025-08-11 18:20:42,19712,5.48
588,L01,#9,GW252/13600,(1)停机过程,1,2025-08-11 12:52:00,2025-08-11 12:52:10,10,0
589,L01,#9,GW252/13600,(9)维护状态,9,2025-08-06 06:17:18,2025-08-11 12:52:00,455682,126.58
590,L01,#9,GW252/13600,(2)停机状态,2,2025-08-06 06:15:21,2025-08-06 06:17:18,117,0.03
591,L01,#9,GW252/13600,(1)停机过程,1,2025-08-06 06:15:10,2025-08-06 06:15:21,11,0
592,L01,#9,GW252/13600,(9)维护状态,9,2025-08-06 06:14:50,2025-08-06 06:15:10,20,0.01
593,L01,#9,GW252/13600,(2)停机状态,2,2025-08-06 06:14:48,2025-08-06 06:14:50,2,0
594,L01,#9,GW252/13600,(1)停机过程,1,2025-08-06 06:14:38,2025-08-06 06:14:48,10,0
595,L01,#9,GW252/13600,(9)维护状态,9,2025-08-06 05:52:28,2025-08-06 06:14:38,1330,0.37
596,L01,#9,GW252/13600,(2)停机状态,2,2025-08-06 05:52:13,2025-08-06 05:52:28,15,0
597,L01,#9,GW252/13600,(1)停机过程,1,2025-08-06 05:52:03,2025-08-06 05:52:13,10,0
598,L01,#9,GW252/13600,(9)维护状态,9,2025-08-06 05:49:34,2025-08-06 05:52:03,149,0.04
599,L01,#9,GW252/13600,(2)停机状态,2,2025-08-06 05:48:50,2025-08-06 05:49:34,44,0.01
600,L01,#9,GW252/13600,(1)停机过程,1,2025-08-06 05:47:58,2025-08-06 05:48:50,52,0.01
601,L01,#9,GW252/13600,(5)发电状态,5,2025-08-05 21:31:01,2025-08-06 05:47:58,29817,8.28
602,L01,#9,GW252/13600,(4)启机状态,4,2025-08-05 21:30:01,2025-08-05 21:31:01,60,0.02
603,L01,#9,GW252/13600,(3)待机状态,3,2025-08-05 21:29:13,2025-08-05 21:30:01,48,0.01
604,L01,#9,GW252/13600,(2)停机状态,2,2025-08-05 20:52:12,2025-08-05 21:29:13,2221,0.62
605,L01,#9,GW252/13600,(1)停机过程,1,2025-08-05 20:51:21,2025-08-05 20:52:12,51,0.01
606,L01,#9,GW252/13600,(5)发电状态,5,2025-08-04 20:50:48,2025-08-05 20:51:21,86433,24.01
607,L01,#9,GW252/13600,(4)启机状态,4,2025-08-04 20:49:50,2025-08-04 20:50:48,58,0.02
608,L01,#9,GW252/13600,(3)待机状态,3,2025-08-04 20:49:10,2025-08-04 20:49:50,40,0.01
609,L01,#9,GW252/13600,(2)停机状态,2,2025-08-04 20:49:07,2025-08-04 20:49:10,3,0
610,L01,#9,GW252/13600,(1)停机过程,1,2025-08-04 20:48:56,2025-08-04 20:49:07,11,0
611,L01,#9,GW252/13600,(9)维护状态,9,2025-08-04 20:46:06,2025-08-04 20:48:56,170,0.05
612,L01,#9,GW252/13600,(2)停机状态,2,2025-08-04 20:10:02,2025-08-04 20:46:06,2164,0.6
613,L01,#9,GW252/13600,(1)停机过程,1,2025-08-04 20:08:50,2025-08-04 20:10:02,72,0.02
614,L01,#9,GW252/13600,(5)发电状态,5,2025-08-03 12:06:27,2025-08-04 20:08:50,115343,32.04
615,L01,#9,GW252/13600,(4)启机状态,4,2025-08-03 12:05:48,2025-08-03 12:06:27,39,0.01
616,L01,#9,GW252/13600,(3)待机状态,3,2025-08-03 12:05:13,2025-08-03 12:05:48,35,0.01
617,L01,#9,GW252/13600,(2)停机状态,2,2025-08-03 11:06:22,2025-08-03 12:05:13,3531,0.98
618,L01,#9,GW252/13600,(1)停机过程,1,2025-08-03 11:04:39,2025-08-03 11:06:22,103,0.03
619,L01,#9,GW252/13600,(5)发电状态,5,2025-08-03 10:59:26,2025-08-03 11:04:39,313,0.09
620,L01,#9,GW252/13600,(4)启机状态,4,2025-08-03 10:58:48,2025-08-03 10:59:26,38,0.01
621,L01,#9,GW252/13600,(3)待机状态,3,2025-08-03 10:58:10,2025-08-03 10:58:48,38,0.01
622,L01,#9,GW252/13600,(2)停机状态,2,2025-08-03 10:58:09,2025-08-03 10:58:10,1,0
623,L01,#9,GW252/13600,(1)停机过程,1,2025-08-03 10:57:59,2025-08-03 10:58:09,10,0
624,L01,#9,GW252/13600,(9)维护状态,9,2025-08-03 05:12:03,2025-08-03 10:57:59,20756,5.77
625,L01,#9,GW252/13600,(2)停机状态,2,2025-08-03 05:01:30,2025-08-03 05:12:03,633,0.18
626,L01,#9,GW252/13600,(9)维护状态,9,2025-07-26 10:27:41,2025-08-03 05:01:30,671629,186.56
627,L01,#9,GW252/13600,(2)停机状态,2,2025-07-26 10:24:20,2025-07-26 10:27:41,201,0.06
628,L01,#9,GW252/13600,(1)停机过程,1,2025-07-26 10:24:15,2025-07-26 10:24:20,5,0
629,L01,#9,GW252/13600,(2)停机状态,2,2025-07-25 21:53:53,2025-07-26 10:24:15,45022,12.51
630,L01,#9,GW252/13600,(1)停机过程,1,2025-07-25 21:53:48,2025-07-25 21:53:53,5,0
631,L01,#9,GW252/13600,(9)维护状态,9,2025-07-21 10:19:55,2025-07-25 21:53:48,387233,107.56
632,L01,#9,GW252/13600,(2)停机状态,2,2025-07-21 10:19:24,2025-07-21 10:19:55,31,0.01
633,L01,#9,GW252/13600,(1)停机过程,1,2025-07-21 10:19:12,2025-07-21 10:19:24,12,0
634,L01,#9,GW252/13600,(9)维护状态,9,2025-07-21 10:13:52,2025-07-21 10:19:12,320,0.09
635,L01,#9,GW252/13600,(2)停机状态,2,2025-07-21 09:59:26,2025-07-21 10:13:52,866,0.24
636,L01,#9,GW252/13600,(1)停机过程,1,2025-07-21 09:58:32,2025-07-21 09:59:26,54,0.02
637,L01,#9,GW252/13600,(5)发电状态,5,2025-07-21 07:07:00,2025-07-21 09:58:32,10292,2.86
638,L01,#9,GW252/13600,(4)启机状态,4,2025-07-21 07:06:30,2025-07-21 07:07:00,30,0.01
639,L01,#9,GW252/13600,(3)待机状态,3,2025-07-21 07:05:58,2025-07-21 07:06:30,32,0.01
640,L01,#9,GW252/13600,(2)停机状态,2,2025-07-20 23:22:23,2025-07-21 07:05:58,27815,7.73
641,L01,#9,GW252/13600,(1)停机过程,1,2025-07-20 23:21:33,2025-07-20 23:22:23,50,0.01
642,L01,#9,GW252/13600,(5)发电状态,5,2025-07-20 23:21:25,2025-07-20 23:21:33,8,0
643,L01,#9,GW252/13600,(4)启机状态,4,2025-07-20 23:20:49,2025-07-20 23:21:25,36,0.01
644,L01,#9,GW252/13600,(3)待机状态,3,2025-07-20 23:20:21,2025-07-20 23:20:49,28,0.01
645,L01,#9,GW252/13600,(2)停机状态,2,2025-07-20 19:20:50,2025-07-20 23:20:21,14371,3.99
646,L01,#9,GW252/13600,(1)停机过程,1,2025-07-20 19:19:28,2025-07-20 19:20:50,82,0.02
647,L01,#9,GW252/13600,(5)发电状态,5,2025-07-19 07:16:53,2025-07-20 19:19:28,129755,36.04
648,L01,#9,GW252/13600,(4)启机状态,4,2025-07-19 07:12:56,2025-07-19 07:16:53,237,0.07
649,L01,#9,GW252/13600,(3)待机状态,3,2025-07-19 07:12:04,2025-07-19 07:12:56,52,0.01
650,L01,#9,GW252/13600,(2)停机状态,2,2025-07-19 07:12:03,2025-07-19 07:12:04,1,0
651,L01,#9,GW252/13600,(1)停机过程,1,2025-07-19 07:11:33,2025-07-19 07:12:03,30,0.01
652,L01,#9,GW252/13600,(4)启机状态,4,2025-07-19 07:06:33,2025-07-19 07:11:33,300,0.08
653,L01,#9,GW252/13600,(3)待机状态,3,2025-07-19 07:05:30,2025-07-19 07:06:33,63,0.02
654,L01,#9,GW252/13600,(2)停机状态,2,2025-07-19 07:05:01,2025-07-19 07:05:30,29,0.01
655,L01,#9,GW252/13600,(1)停机过程,1,2025-07-19 07:04:04,2025-07-19 07:05:01,57,0.02
656,L01,#9,GW252/13600,(5)发电状态,5,2025-07-19 04:23:00,2025-07-19 07:04:04,9664,2.68
657,L01,#9,GW252/13600,(4)启机状态,4,2025-07-19 04:21:38,2025-07-19 04:23:00,82,0.02
658,L01,#9,GW252/13600,(3)待机状态,3,2025-07-19 04:20:50,2025-07-19 04:21:38,48,0.01
659,L01,#9,GW252/13600,(2)停机状态,2,2025-07-19 04:20:48,2025-07-19 04:20:50,2,0
660,L01,#9,GW252/13600,(1)停机过程,1,2025-07-19 04:20:17,2025-07-19 04:20:48,31,0.01
661,L01,#9,GW252/13600,(4)启机状态,4,2025-07-19 04:15:17,2025-07-19 04:20:17,300,0.08
662,L01,#9,GW252/13600,(3)待机状态,3,2025-07-19 04:13:38,2025-07-19 04:15:17,99,0.03
663,L01,#9,GW252/13600,(2)停机状态,2,2025-07-19 03:35:41,2025-07-19 04:13:38,2277,0.63
664,L01,#9,GW252/13600,(1)停机过程,1,2025-07-19 03:34:44,2025-07-19 03:35:41,57,0.02
665,L01,#9,GW252/13600,(5)发电状态,5,2025-07-18 18:22:28,2025-07-19 03:34:44,33136,9.2
666,L01,#9,GW252/13600,(4)启机状态,4,2025-07-18 18:18:15,2025-07-18 18:22:28,253,0.07
667,L01,#9,GW252/13600,(3)待机状态,3,2025-07-18 18:17:28,2025-07-18 18:18:15,47,0.01
668,L01,#9,GW252/13600,(1)停机过程,1,2025-07-18 18:16:55,2025-07-18 18:17:28,33,0.01
669,L01,#9,GW252/13600,(4)启机状态,4,2025-07-18 18:11:55,2025-07-18 18:16:55,300,0.08
670,L01,#9,GW252/13600,(3)待机状态,3,2025-07-18 18:10:51,2025-07-18 18:11:55,64,0.02
671,L01,#9,GW252/13600,(2)停机状态,2,2025-07-18 18:09:27,2025-07-18 18:10:51,84,0.02
672,L01,#9,GW252/13600,(1)停机过程,1,2025-07-18 18:08:57,2025-07-18 18:09:27,30,0.01
673,L01,#9,GW252/13600,(4)启机状态,4,2025-07-18 18:03:57,2025-07-18 18:08:57,300,0.08
674,L01,#9,GW252/13600,(3)待机状态,3,2025-07-18 18:03:10,2025-07-18 18:03:57,47,0.01
675,L01,#9,GW252/13600,(2)停机状态,2,2025-07-18 18:00:53,2025-07-18 18:03:10,137,0.04
676,L01,#9,GW252/13600,(1)停机过程,1,2025-07-18 18:00:22,2025-07-18 18:00:53,31,0.01
677,L01,#9,GW252/13600,(4)启机状态,4,2025-07-18 17:55:20,2025-07-18 18:00:22,302,0.08
678,L01,#9,GW252/13600,(3)待机状态,3,2025-07-18 17:54:20,2025-07-18 17:55:20,60,0.02
679,L01,#9,GW252/13600,(2)停机状态,2,2025-07-18 17:48:43,2025-07-18 17:54:20,337,0.09
680,L01,#9,GW252/13600,(1)停机过程,1,2025-07-18 17:48:12,2025-07-18 17:48:43,31,0.01
681,L01,#9,GW252/13600,(4)启机状态,4,2025-07-18 17:43:11,2025-07-18 17:48:12,301,0.08
682,L01,#9,GW252/13600,(3)待机状态,3,2025-07-18 17:42:05,2025-07-18 17:43:11,66,0.02
683,L01,#9,GW252/13600,(2)停机状态,2,2025-07-18 17:41:57,2025-07-18 17:42:05,8,0
684,L01,#9,GW252/13600,(1)停机过程,1,2025-07-18 17:41:27,2025-07-18 17:41:57,30,0.01
685,L01,#9,GW252/13600,(4)启机状态,4,2025-07-18 17:36:27,2025-07-18 17:41:27,300,0.08
686,L01,#9,GW252/13600,(3)待机状态,3,2025-07-18 17:35:02,2025-07-18 17:36:27,85,0.02
687,L01,#9,GW252/13600,(2)停机状态,2,2025-07-18 17:29:25,2025-07-18 17:35:02,337,0.09
688,L01,#9,GW252/13600,(1)停机过程,1,2025-07-18 17:28:27,2025-07-18 17:29:25,58,0.02
689,L01,#9,GW252/13600,(5)发电状态,5,2025-07-18 12:18:47,2025-07-18 17:28:27,18580,5.16
690,L01,#9,GW252/13600,(4)启机状态,4,2025-07-18 12:17:55,2025-07-18 12:18:47,52,0.01
691,L01,#9,GW252/13600,(3)待机状态,3,2025-07-18 12:13:36,2025-07-18 12:17:55,259,0.07
692,L01,#9,GW252/13600,(2)停机状态,2,2025-07-18 12:13:35,2025-07-18 12:13:36,1,0
693,L01,#9,GW252/13600,(1)停机过程,1,2025-07-18 12:13:05,2025-07-18 12:13:35,30,0.01
694,L01,#9,GW252/13600,(3)待机状态,3,2025-07-18 12:12:43,2025-07-18 12:13:05,22,0.01
695,L01,#9,GW252/13600,(2)停机状态,2,2025-07-18 12:12:41,2025-07-18 12:12:43,2,0
696,L01,#9,GW252/13600,(1)停机过程,1,2025-07-18 12:12:10,2025-07-18 12:12:41,31,0.01
697,L01,#9,GW252/13600,(3)待机状态,3,2025-07-18 12:11:49,2025-07-18 12:12:10,21,0.01
698,L01,#9,GW252/13600,(2)停机状态,2,2025-07-18 12:11:44,2025-07-18 12:11:49,5,0
699,L01,#9,GW252/13600,(1)停机过程,1,2025-07-18 12:11:34,2025-07-18 12:11:44,10,0
700,L01,#9,GW252/13600,(9)维护状态,9,2025-07-16 16:21:00,2025-07-18 12:11:34,157834,43.84
701,L01,#9,GW252/13600,(1)停机过程,1,2025-07-16 16:20:28,2025-07-16 16:21:00,32,0.01
702,L01,#9,GW252/13600,(4)启机状态,4,2025-07-16 16:19:26,2025-07-16 16:20:28,62,0.02
703,L01,#9,GW252/13600,(3)待机状态,3,2025-07-16 16:18:24,2025-07-16 16:19:26,62,0.02
704,L01,#9,GW252/13600,(2)停机状态,2,2025-07-16 16:18:22,2025-07-16 16:18:24,2,0
705,L01,#9,GW252/13600,(1)停机过程,1,2025-07-16 16:17:51,2025-07-16 16:18:22,31,0.01
706,L01,#9,GW252/13600,(4)启机状态,4,2025-07-16 16:12:51,2025-07-16 16:17:51,300,0.08
707,L01,#9,GW252/13600,(3)待机状态,3,2025-07-16 16:11:55,2025-07-16 16:12:51,56,0.02
708,L01,#9,GW252/13600,(1)停机过程,1,2025-07-16 16:11:24,2025-07-16 16:11:55,31,0.01
709,L01,#9,GW252/13600,(4)启机状态,4,2025-07-16 16:06:24,2025-07-16 16:11:24,300,0.08
710,L01,#9,GW252/13600,(3)待机状态,3,2025-07-16 16:05:31,2025-07-16 16:06:24,53,0.01
711,L01,#9,GW252/13600,(1)停机过程,1,2025-07-16 16:04:59,2025-07-16 16:05:31,32,0.01
712,L01,#9,GW252/13600,(4)启机状态,4,2025-07-16 15:59:59,2025-07-16 16:04:59,300,0.08
713,L01,#9,GW252/13600,(3)待机状态,3,2025-07-16 15:59:07,2025-07-16 15:59:59,52,0.01
714,L01,#9,GW252/13600,(2)停机状态,2,2025-07-16 15:59:06,2025-07-16 15:59:07,1,0
715,L01,#9,GW252/13600,(1)停机过程,1,2025-07-16 15:58:33,2025-07-16 15:59:06,33,0.01
716,L01,#9,GW252/13600,(4)启机状态,4,2025-07-16 15:53:35,2025-07-16 15:58:33,298,0.08
717,L01,#9,GW252/13600,(3)待机状态,3,2025-07-16 15:52:30,2025-07-16 15:53:35,65,0.02
718,L01,#9,GW252/13600,(2)停机状态,2,2025-07-16 15:52:29,2025-07-16 15:52:30,1,0
719,L01,#9,GW252/13600,(1)停机过程,1,2025-07-16 15:51:57,2025-07-16 15:52:29,32,0.01
720,L01,#9,GW252/13600,(4)启机状态,4,2025-07-16 15:46:57,2025-07-16 15:51:57,300,0.08
721,L01,#9,GW252/13600,(3)待机状态,3,2025-07-16 15:46:02,2025-07-16 15:46:57,55,0.02
722,L01,#9,GW252/13600,(2)停机状态,2,2025-07-16 15:45:59,2025-07-16 15:46:02,3,0
723,L01,#9,GW252/13600,(1)停机过程,1,2025-07-16 15:45:28,2025-07-16 15:45:59,31,0.01
724,L01,#9,GW252/13600,(4)启机状态,4,2025-07-16 15:40:28,2025-07-16 15:45:28,300,0.08
725,L01,#9,GW252/13600,(3)待机状态,3,2025-07-16 15:39:36,2025-07-16 15:40:28,52,0.01
726,L01,#9,GW252/13600,(2)停机状态,2,2025-07-16 15:39:35,2025-07-16 15:39:36,1,0
727,L01,#9,GW252/13600,(1)停机过程,1,2025-07-16 15:39:03,2025-07-16 15:39:35,32,0.01
728,L01,#9,GW252/13600,(4)启机状态,4,2025-07-16 15:34:03,2025-07-16 15:39:03,300,0.08
729,L01,#9,GW252/13600,(3)待机状态,3,2025-07-16 15:33:03,2025-07-16 15:34:03,60,0.02
730,L01,#9,GW252/13600,(2)停机状态,2,2025-07-16 15:33:02,2025-07-16 15:33:03,1,0
731,L01,#9,GW252/13600,(1)停机过程,1,2025-07-16 15:32:29,2025-07-16 15:33:02,33,0.01
732,L01,#9,GW252/13600,(4)启机状态,4,2025-07-16 15:27:30,2025-07-16 15:32:29,299,0.08
733,L01,#9,GW252/13600,(3)待机状态,3,2025-07-16 15:26:23,2025-07-16 15:27:30,67,0.02
734,L01,#9,GW252/13600,(2)停机状态,2,2025-07-16 15:26:20,2025-07-16 15:26:23,3,0
735,L01,#9,GW252/13600,(1)停机过程,1,2025-07-16 15:25:49,2025-07-16 15:26:20,31,0.01
736,L01,#9,GW252/13600,(4)启机状态,4,2025-07-16 15:20:49,2025-07-16 15:25:49,300,0.08
737,L01,#9,GW252/13600,(3)待机状态,3,2025-07-16 15:19:48,2025-07-16 15:20:49,61,0.02
738,L01,#9,GW252/13600,(2)停机状态,2,2025-07-16 15:19:46,2025-07-16 15:19:48,2,0
739,L01,#9,GW252/13600,(1)停机过程,1,2025-07-16 15:19:14,2025-07-16 15:19:46,32,0.01
740,L01,#9,GW252/13600,(4)启机状态,4,2025-07-16 15:14:14,2025-07-16 15:19:14,300,0.08
741,L01,#9,GW252/13600,(3)待机状态,3,2025-07-16 15:13:09,2025-07-16 15:14:14,65,0.02
742,L01,#9,GW252/13600,(2)停机状态,2,2025-07-16 15:12:43,2025-07-16 15:13:09,26,0.01
743,L01,#9,GW252/13600,(1)停机过程,1,2025-07-16 15:12:12,2025-07-16 15:12:43,31,0.01
744,L01,#9,GW252/13600,(4)启机状态,4,2025-07-16 15:07:12,2025-07-16 15:12:12,300,0.08
745,L01,#9,GW252/13600,(3)待机状态,3,2025-07-16 15:06:11,2025-07-16 15:07:12,61,0.02
746,L01,#9,GW252/13600,(2)停机状态,2,2025-07-16 15:06:10,2025-07-16 15:06:11,1,0
747,L01,#9,GW252/13600,(1)停机过程,1,2025-07-16 15:05:38,2025-07-16 15:06:10,32,0.01
748,L01,#9,GW252/13600,(4)启机状态,4,2025-07-16 15:00:38,2025-07-16 15:05:38,300,0.08
749,L01,#9,GW252/13600,(3)待机状态,3,2025-07-16 14:59:38,2025-07-16 15:00:38,60,0.02
750,L01,#9,GW252/13600,(2)停机状态,2,2025-07-16 14:59:37,2025-07-16 14:59:38,1,0
751,L01,#9,GW252/13600,(1)停机过程,1,2025-07-16 14:59:05,2025-07-16 14:59:37,32,0.01
752,L01,#9,GW252/13600,(4)启机状态,4,2025-07-16 14:54:06,2025-07-16 14:59:05,299,0.08
753,L01,#9,GW252/13600,(3)待机状态,3,2025-07-16 14:53:03,2025-07-16 14:54:06,63,0.02
754,L01,#9,GW252/13600,(2)停机状态,2,2025-07-16 14:53:01,2025-07-16 14:53:03,2,0
755,L01,#9,GW252/13600,(1)停机过程,1,2025-07-16 14:52:30,2025-07-16 14:53:01,31,0.01
756,L01,#9,GW252/13600,(4)启机状态,4,2025-07-16 14:47:30,2025-07-16 14:52:30,300,0.08
757,L01,#9,GW252/13600,(3)待机状态,3,2025-07-16 14:46:13,2025-07-16 14:47:30,77,0.02
758,L01,#9,GW252/13600,(2)停机状态,2,2025-07-16 14:43:58,2025-07-16 14:46:13,135,0.04
759,L01,#9,GW252/13600,(1)停机过程,1,2025-07-16 14:43:27,2025-07-16 14:43:58,31,0.01
760,L01,#9,GW252/13600,(4)启机状态,4,2025-07-16 14:38:27,2025-07-16 14:43:27,300,0.08
761,L01,#9,GW252/13600,(3)待机状态,3,2025-07-16 14:28:22,2025-07-16 14:38:27,605,0.17
762,L01,#9,GW252/13600,(2)停机状态,2,2025-07-16 14:24:27,2025-07-16 14:28:22,235,0.07
763,L01,#9,GW252/13600,(1)停机过程,1,2025-07-16 14:23:56,2025-07-16 14:24:27,31,0.01
764,L01,#9,GW252/13600,(4)启机状态,4,2025-07-16 14:18:56,2025-07-16 14:23:56,300,0.08
765,L01,#9,GW252/13600,(3)待机状态,3,2025-07-16 14:09:59,2025-07-16 14:18:56,537,0.15
766,L01,#9,GW252/13600,(2)停机状态,2,2025-07-16 14:04:23,2025-07-16 14:09:59,336,0.09
767,L01,#9,GW252/13600,(1)停机过程,1,2025-07-16 14:03:51,2025-07-16 14:04:23,32,0.01
768,L01,#9,GW252/13600,(4)启机状态,4,2025-07-16 13:58:50,2025-07-16 14:03:51,301,0.08
769,L01,#9,GW252/13600,(3)待机状态,3,2025-07-16 13:57:43,2025-07-16 13:58:50,67,0.02
770,L01,#9,GW252/13600,(2)停机状态,2,2025-07-16 13:57:41,2025-07-16 13:57:43,2,0
771,L01,#9,GW252/13600,(1)停机过程,1,2025-07-16 13:57:10,2025-07-16 13:57:41,31,0.01
772,L01,#9,GW252/13600,(4)启机状态,4,2025-07-16 13:52:10,2025-07-16 13:57:10,300,0.08
773,L01,#9,GW252/13600,(3)待机状态,3,2025-07-16 13:51:10,2025-07-16 13:52:10,60,0.02
774,L01,#9,GW252/13600,(2)停机状态,2,2025-07-16 13:51:09,2025-07-16 13:51:10,1,0
775,L01,#9,GW252/13600,(1)停机过程,1,2025-07-16 13:50:36,2025-07-16 13:51:09,33,0.01
776,L01,#9,GW252/13600,(4)启机状态,4,2025-07-16 13:45:36,2025-07-16 13:50:36,300,0.08
777,L01,#9,GW252/13600,(3)待机状态,3,2025-07-16 13:44:19,2025-07-16 13:45:36,77,0.02
778,L01,#9,GW252/13600,(2)停机状态,2,2025-07-16 13:44:17,2025-07-16 13:44:19,2,0
779,L01,#9,GW252/13600,(1)停机过程,1,2025-07-16 13:43:46,2025-07-16 13:44:17,31,0.01
780,L01,#9,GW252/13600,(4)启机状态,4,2025-07-16 13:38:46,2025-07-16 13:43:46,300,0.08
781,L01,#9,GW252/13600,(3)待机状态,3,2025-07-16 13:35:15,2025-07-16 13:38:46,211,0.06
782,L01,#9,GW252/13600,(2)停机状态,2,2025-07-16 13:35:08,2025-07-16 13:35:15,7,0
783,L01,#9,GW252/13600,(1)停机过程,1,2025-07-16 13:34:11,2025-07-16 13:35:08,57,0.02
784,L01,#9,GW252/13600,(5)发电状态,5,2025-07-15 15:16:39,2025-07-16 13:34:11,80252,22.29
785,L01,#9,GW252/13600,(4)启机状态,4,2025-07-15 15:12:41,2025-07-15 15:16:39,238,0.07
786,L01,#9,GW252/13600,(3)待机状态,3,2025-07-15 15:11:48,2025-07-15 15:12:41,53,0.01
787,L01,#9,GW252/13600,(1)停机过程,1,2025-07-15 15:11:17,2025-07-15 15:11:48,31,0.01
788,L01,#9,GW252/13600,(4)启机状态,4,2025-07-15 15:06:16,2025-07-15 15:11:17,301,0.08
789,L01,#9,GW252/13600,(3)待机状态,3,2025-07-15 15:05:18,2025-07-15 15:06:16,58,0.02
790,L01,#9,GW252/13600,(2)停机状态,2,2025-07-15 15:05:16,2025-07-15 15:05:18,2,0
791,L01,#9,GW252/13600,(1)停机过程,1,2025-07-15 15:04:43,2025-07-15 15:05:16,33,0.01
792,L01,#9,GW252/13600,(4)启机状态,4,2025-07-15 14:59:43,2025-07-15 15:04:43,300,0.08
793,L01,#9,GW252/13600,(3)待机状态,3,2025-07-15 14:58:45,2025-07-15 14:59:43,58,0.02
794,L01,#9,GW252/13600,(2)停机状态,2,2025-07-15 14:58:43,2025-07-15 14:58:45,2,0
795,L01,#9,GW252/13600,(1)停机过程,1,2025-07-15 14:58:13,2025-07-15 14:58:43,30,0.01
796,L01,#9,GW252/13600,(4)启机状态,4,2025-07-15 14:53:13,2025-07-15 14:58:13,300,0.08
797,L01,#9,GW252/13600,(3)待机状态,3,2025-07-15 14:52:18,2025-07-15 14:53:13,55,0.02
798,L01,#9,GW252/13600,(2)停机状态,2,2025-07-15 14:52:17,2025-07-15 14:52:18,1,0
799,L01,#9,GW252/13600,(1)停机过程,1,2025-07-15 14:51:45,2025-07-15 14:52:17,32,0.01
800,L01,#9,GW252/13600,(4)启机状态,4,2025-07-15 14:46:44,2025-07-15 14:51:45,301,0.08
801,L01,#9,GW252/13600,(3)待机状态,3,2025-07-15 14:45:50,2025-07-15 14:46:44,54,0.02
802,L01,#9,GW252/13600,(2)停机状态,2,2025-07-15 14:45:49,2025-07-15 14:45:50,1,0
803,L01,#9,GW252/13600,(1)停机过程,1,2025-07-15 14:45:16,2025-07-15 14:45:49,33,0.01
804,L01,#9,GW252/13600,(4)启机状态,4,2025-07-15 14:40:17,2025-07-15 14:45:16,299,0.08
805,L01,#9,GW252/13600,(3)待机状态,3,2025-07-15 14:39:10,2025-07-15 14:40:17,67,0.02
806,L01,#9,GW252/13600,(2)停机状态,2,2025-07-15 14:39:09,2025-07-15 14:39:10,1,0
807,L01,#9,GW252/13600,(1)停机过程,1,2025-07-15 14:38:38,2025-07-15 14:39:09,31,0.01
808,L01,#9,GW252/13600,(4)启机状态,4,2025-07-15 14:33:38,2025-07-15 14:38:38,300,0.08
809,L01,#9,GW252/13600,(3)待机状态,3,2025-07-15 14:32:33,2025-07-15 14:33:38,65,0.02
810,L01,#9,GW252/13600,(2)停机状态,2,2025-07-15 14:32:32,2025-07-15 14:32:33,1,0
811,L01,#9,GW252/13600,(1)停机过程,1,2025-07-15 14:31:59,2025-07-15 14:32:32,33,0.01
812,L01,#9,GW252/13600,(4)启机状态,4,2025-07-15 14:27:00,2025-07-15 14:31:59,299,0.08
813,L01,#9,GW252/13600,(3)待机状态,3,2025-07-15 14:25:58,2025-07-15 14:27:00,62,0.02
814,L01,#9,GW252/13600,(2)停机状态,2,2025-07-15 14:25:57,2025-07-15 14:25:58,1,0
815,L01,#9,GW252/13600,(1)停机过程,1,2025-07-15 14:25:27,2025-07-15 14:25:57,30,0.01
816,L01,#9,GW252/13600,(4)启机状态,4,2025-07-15 14:20:27,2025-07-15 14:25:27,300,0.08
817,L01,#9,GW252/13600,(3)待机状态,3,2025-07-15 14:19:18,2025-07-15 14:20:27,69,0.02
818,L01,#9,GW252/13600,(1)停机过程,1,2025-07-15 14:18:45,2025-07-15 14:19:18,33,0.01
819,L01,#9,GW252/13600,(4)启机状态,4,2025-07-15 14:13:46,2025-07-15 14:18:45,299,0.08
820,L01,#9,GW252/13600,(3)待机状态,3,2025-07-15 14:12:11,2025-07-15 14:13:46,95,0.03
821,L01,#9,GW252/13600,(2)停机状态,2,2025-07-15 14:10:17,2025-07-15 14:12:11,114,0.03
822,L01,#9,GW252/13600,(1)停机过程,1,2025-07-15 14:09:46,2025-07-15 14:10:17,31,0.01
823,L01,#9,GW252/13600,(4)启机状态,4,2025-07-15 14:04:46,2025-07-15 14:09:46,300,0.08
824,L01,#9,GW252/13600,(3)待机状态,3,2025-07-15 14:03:50,2025-07-15 14:04:46,56,0.02
825,L01,#9,GW252/13600,(2)停机状态,2,2025-07-15 14:03:48,2025-07-15 14:03:50,2,0
826,L01,#9,GW252/13600,(1)停机过程,1,2025-07-15 14:03:16,2025-07-15 14:03:48,32,0.01
827,L01,#9,GW252/13600,(4)启机状态,4,2025-07-15 13:58:15,2025-07-15 14:03:16,301,0.08
828,L01,#9,GW252/13600,(3)待机状态,3,2025-07-15 13:57:14,2025-07-15 13:58:15,61,0.02
829,L01,#9,GW252/13600,(2)停机状态,2,2025-07-15 13:57:13,2025-07-15 13:57:14,1,0
830,L01,#9,GW252/13600,(1)停机过程,1,2025-07-15 13:56:42,2025-07-15 13:57:13,31,0.01
831,L01,#9,GW252/13600,(4)启机状态,4,2025-07-15 13:51:42,2025-07-15 13:56:42,300,0.08
832,L01,#9,GW252/13600,(3)待机状态,3,2025-07-15 13:50:44,2025-07-15 13:51:42,58,0.02
833,L01,#9,GW252/13600,(2)停机状态,2,2025-07-15 13:50:42,2025-07-15 13:50:44,2,0
834,L01,#9,GW252/13600,(1)停机过程,1,2025-07-15 13:50:10,2025-07-15 13:50:42,32,0.01
835,L01,#9,GW252/13600,(4)启机状态,4,2025-07-15 13:45:10,2025-07-15 13:50:10,300,0.08
836,L01,#9,GW252/13600,(3)待机状态,3,2025-07-15 13:44:07,2025-07-15 13:45:10,63,0.02
837,L01,#9,GW252/13600,(1)停机过程,1,2025-07-15 13:43:35,2025-07-15 13:44:07,32,0.01
838,L01,#9,GW252/13600,(4)启机状态,4,2025-07-15 13:38:35,2025-07-15 13:43:35,300,0.08
839,L01,#9,GW252/13600,(3)待机状态,3,2025-07-15 13:37:40,2025-07-15 13:38:35,55,0.02
840,L01,#9,GW252/13600,(2)停机状态,2,2025-07-15 13:37:38,2025-07-15 13:37:40,2,0
841,L01,#9,GW252/13600,(1)停机过程,1,2025-07-15 13:37:07,2025-07-15 13:37:38,31,0.01
842,L01,#9,GW252/13600,(4)启机状态,4,2025-07-15 13:32:07,2025-07-15 13:37:07,300,0.08
843,L01,#9,GW252/13600,(3)待机状态,3,2025-07-15 13:31:09,2025-07-15 13:32:07,58,0.02
844,L01,#9,GW252/13600,(2)停机状态,2,2025-07-15 13:31:08,2025-07-15 13:31:09,1,0
845,L01,#9,GW252/13600,(3)待机状态,3,2025-07-15 13:31:07,2025-07-15 13:31:08,1,0
846,L01,#9,GW252/13600,(1)停机过程,1,2025-07-15 13:30:36,2025-07-15 13:31:07,31,0.01
847,L01,#9,GW252/13600,(4)启机状态,4,2025-07-15 13:25:35,2025-07-15 13:30:36,301,0.08
848,L01,#9,GW252/13600,(3)待机状态,3,2025-07-15 13:24:34,2025-07-15 13:25:35,61,0.02
849,L01,#9,GW252/13600,(2)停机状态,2,2025-07-15 13:23:36,2025-07-15 13:24:34,58,0.02
850,L01,#9,GW252/13600,(1)停机过程,1,2025-07-15 13:23:05,2025-07-15 13:23:36,31,0.01
851,L01,#9,GW252/13600,(4)启机状态,4,2025-07-15 13:18:05,2025-07-15 13:23:05,300,0.08
852,L01,#9,GW252/13600,(3)待机状态,3,2025-07-15 13:16:58,2025-07-15 13:18:05,67,0.02
853,L01,#9,GW252/13600,(2)停机状态,2,2025-07-15 13:15:20,2025-07-15 13:16:58,98,0.03
854,L01,#9,GW252/13600,(1)停机过程,1,2025-07-15 13:14:48,2025-07-15 13:15:20,32,0.01
855,L01,#9,GW252/13600,(4)启机状态,4,2025-07-15 13:09:48,2025-07-15 13:14:48,300,0.08
856,L01,#9,GW252/13600,(3)待机状态,3,2025-07-15 13:08:34,2025-07-15 13:09:48,74,0.02
857,L01,#9,GW252/13600,(2)停机状态,2,2025-07-15 13:05:09,2025-07-15 13:08:34,205,0.06
858,L01,#9,GW252/13600,(1)停机过程,1,2025-07-15 13:04:37,2025-07-15 13:05:09,32,0.01
859,L01,#9,GW252/13600,(4)启机状态,4,2025-07-15 12:59:37,2025-07-15 13:04:37,300,0.08
860,L01,#9,GW252/13600,(3)待机状态,3,2025-07-15 12:58:41,2025-07-15 12:59:37,56,0.02
861,L01,#9,GW252/13600,(2)停机状态,2,2025-07-15 12:58:39,2025-07-15 12:58:41,2,0
862,L01,#9,GW252/13600,(1)停机过程,1,2025-07-15 12:57:42,2025-07-15 12:58:39,57,0.02
863,L01,#9,GW252/13600,(5)发电状态,5,2025-07-14 20:55:56,2025-07-15 12:57:42,57706,16.03
864,L01,#9,GW252/13600,(4)启机状态,4,2025-07-14 20:51:12,2025-07-14 20:55:56,284,0.08
865,L01,#9,GW252/13600,(3)待机状态,3,2025-07-14 20:50:18,2025-07-14 20:51:12,54,0.02
866,L01,#9,GW252/13600,(2)停机状态,2,2025-07-14 20:50:17,2025-07-14 20:50:18,1,0
867,L01,#9,GW252/13600,(1)停机过程,1,2025-07-14 20:49:44,2025-07-14 20:50:17,33,0.01
868,L01,#9,GW252/13600,(4)启机状态,4,2025-07-14 20:44:44,2025-07-14 20:49:44,300,0.08
869,L01,#9,GW252/13600,(3)待机状态,3,2025-07-14 20:43:53,2025-07-14 20:44:44,51,0.01
870,L01,#9,GW252/13600,(2)停机状态,2,2025-07-14 20:43:51,2025-07-14 20:43:53,2,0
871,L01,#9,GW252/13600,(1)停机过程,1,2025-07-14 20:43:21,2025-07-14 20:43:51,30,0.01
872,L01,#9,GW252/13600,(4)启机状态,4,2025-07-14 20:38:21,2025-07-14 20:43:21,300,0.08
873,L01,#9,GW252/13600,(3)待机状态,3,2025-07-14 20:37:26,2025-07-14 20:38:21,55,0.02
874,L01,#9,GW252/13600,(2)停机状态,2,2025-07-14 20:37:25,2025-07-14 20:37:26,1,0
875,L01,#9,GW252/13600,(1)停机过程,1,2025-07-14 20:36:53,2025-07-14 20:37:25,32,0.01
876,L01,#9,GW252/13600,(4)启机状态,4,2025-07-14 20:31:54,2025-07-14 20:36:53,299,0.08
877,L01,#9,GW252/13600,(3)待机状态,3,2025-07-14 20:30:57,2025-07-14 20:31:54,57,0.02
878,L01,#9,GW252/13600,(2)停机状态,2,2025-07-14 20:30:56,2025-07-14 20:30:57,1,0
879,L01,#9,GW252/13600,(1)停机过程,1,2025-07-14 20:30:23,2025-07-14 20:30:56,33,0.01
880,L01,#9,GW252/13600,(4)启机状态,4,2025-07-14 20:25:23,2025-07-14 20:30:23,300,0.08
881,L01,#9,GW252/13600,(3)待机状态,3,2025-07-14 20:24:21,2025-07-14 20:25:23,62,0.02
882,L01,#9,GW252/13600,(2)停机状态,2,2025-07-14 20:23:30,2025-07-14 20:24:21,51,0.01
883,L01,#9,GW252/13600,(1)停机过程,1,2025-07-14 20:22:57,2025-07-14 20:23:30,33,0.01
884,L01,#9,GW252/13600,(4)启机状态,4,2025-07-14 20:17:58,2025-07-14 20:22:57,299,0.08
885,L01,#9,GW252/13600,(3)待机状态,3,2025-07-14 20:17:01,2025-07-14 20:17:58,57,0.02
886,L01,#9,GW252/13600,(2)停机状态,2,2025-07-14 20:17:00,2025-07-14 20:17:01,1,0
887,L01,#9,GW252/13600,(1)停机过程,1,2025-07-14 20:16:29,2025-07-14 20:17:00,31,0.01
888,L01,#9,GW252/13600,(4)启机状态,4,2025-07-14 20:11:29,2025-07-14 20:16:29,300,0.08
889,L01,#9,GW252/13600,(3)待机状态,3,2025-07-14 20:10:35,2025-07-14 20:11:29,54,0.02
890,L01,#9,GW252/13600,(2)停机状态,2,2025-07-14 20:10:34,2025-07-14 20:10:35,1,0
891,L01,#9,GW252/13600,(1)停机过程,1,2025-07-14 20:10:02,2025-07-14 20:10:34,32,0.01
892,L01,#9,GW252/13600,(4)启机状态,4,2025-07-14 20:05:01,2025-07-14 20:10:02,301,0.08
893,L01,#9,GW252/13600,(3)待机状态,3,2025-07-14 20:03:52,2025-07-14 20:05:01,69,0.02
894,L01,#9,GW252/13600,(1)停机过程,1,2025-07-14 20:03:21,2025-07-14 20:03:52,31,0.01
895,L01,#9,GW252/13600,(4)启机状态,4,2025-07-14 19:58:21,2025-07-14 20:03:21,300,0.08
896,L01,#9,GW252/13600,(3)待机状态,3,2025-07-14 19:57:14,2025-07-14 19:58:21,67,0.02
897,L01,#9,GW252/13600,(2)停机状态,2,2025-07-14 19:57:13,2025-07-14 19:57:14,1,0
898,L01,#9,GW252/13600,(1)停机过程,1,2025-07-14 19:56:42,2025-07-14 19:57:13,31,0.01
899,L01,#9,GW252/13600,(4)启机状态,4,2025-07-14 19:51:41,2025-07-14 19:56:42,301,0.08
900,L01,#9,GW252/13600,(3)待机状态,3,2025-07-14 19:49:58,2025-07-14 19:51:41,103,0.03
901,L01,#9,GW252/13600,(2)停机状态,2,2025-07-14 19:46:44,2025-07-14 19:49:58,194,0.05
902,L01,#9,GW252/13600,(1)停机过程,1,2025-07-14 19:46:13,2025-07-14 19:46:44,31,0.01
903,L01,#9,GW252/13600,(4)启机状态,4,2025-07-14 19:41:13,2025-07-14 19:46:13,300,0.08
904,L01,#9,GW252/13600,(3)待机状态,3,2025-07-14 19:30:56,2025-07-14 19:41:13,617,0.17
905,L01,#9,GW252/13600,(2)停机状态,2,2025-07-14 19:27:15,2025-07-14 19:30:56,221,0.06
906,L01,#9,GW252/13600,(1)停机过程,1,2025-07-14 19:26:43,2025-07-14 19:27:15,32,0.01
907,L01,#9,GW252/13600,(4)启机状态,4,2025-07-14 19:21:43,2025-07-14 19:26:43,300,0.08
908,L01,#9,GW252/13600,(3)待机状态,3,2025-07-14 19:17:42,2025-07-14 19:21:43,241,0.07
909,L01,#9,GW252/13600,(2)停机状态,2,2025-07-14 19:16:09,2025-07-14 19:17:42,93,0.03
910,L01,#9,GW252/13600,(1)停机过程,1,2025-07-14 19:15:38,2025-07-14 19:16:09,31,0.01
911,L01,#9,GW252/13600,(4)启机状态,4,2025-07-14 19:10:38,2025-07-14 19:15:38,300,0.08
912,L01,#9,GW252/13600,(3)待机状态,3,2025-07-14 19:09:01,2025-07-14 19:10:38,97,0.03
913,L01,#9,GW252/13600,(2)停机状态,2,2025-07-14 19:08:59,2025-07-14 19:09:01,2,0
914,L01,#9,GW252/13600,(1)停机过程,1,2025-07-14 19:08:27,2025-07-14 19:08:59,32,0.01
915,L01,#9,GW252/13600,(4)启机状态,4,2025-07-14 19:03:27,2025-07-14 19:08:27,300,0.08
916,L01,#9,GW252/13600,(3)待机状态,3,2025-07-14 19:02:16,2025-07-14 19:03:27,71,0.02
917,L01,#9,GW252/13600,(2)停机状态,2,2025-07-14 19:02:15,2025-07-14 19:02:16,1,0
918,L01,#9,GW252/13600,(1)停机过程,1,2025-07-14 19:01:43,2025-07-14 19:02:15,32,0.01
919,L01,#9,GW252/13600,(4)启机状态,4,2025-07-14 18:56:43,2025-07-14 19:01:43,300,0.08
920,L01,#9,GW252/13600,(3)待机状态,3,2025-07-14 18:55:45,2025-07-14 18:56:43,58,0.02
921,L01,#9,GW252/13600,(2)停机状态,2,2025-07-14 18:55:44,2025-07-14 18:55:45,1,0
922,L01,#9,GW252/13600,(1)停机过程,1,2025-07-14 18:55:12,2025-07-14 18:55:44,32,0.01
923,L01,#9,GW252/13600,(4)启机状态,4,2025-07-14 18:50:12,2025-07-14 18:55:12,300,0.08
924,L01,#9,GW252/13600,(3)待机状态,3,2025-07-14 18:49:05,2025-07-14 18:50:12,67,0.02
925,L01,#9,GW252/13600,(1)停机过程,1,2025-07-14 18:48:33,2025-07-14 18:49:05,32,0.01
926,L01,#9,GW252/13600,(4)启机状态,4,2025-07-14 18:43:33,2025-07-14 18:48:33,300,0.08
927,L01,#9,GW252/13600,(3)待机状态,3,2025-07-14 18:42:23,2025-07-14 18:43:33,70,0.02
928,L01,#9,GW252/13600,(1)停机过程,1,2025-07-14 18:41:51,2025-07-14 18:42:23,32,0.01
929,L01,#9,GW252/13600,(4)启机状态,4,2025-07-14 18:36:51,2025-07-14 18:41:51,300,0.08
930,L01,#9,GW252/13600,(3)待机状态,3,2025-07-14 18:35:53,2025-07-14 18:36:51,58,0.02
931,L01,#9,GW252/13600,(2)停机状态,2,2025-07-14 18:35:51,2025-07-14 18:35:53,2,0
932,L01,#9,GW252/13600,(1)停机过程,1,2025-07-14 18:35:20,2025-07-14 18:35:51,31,0.01
933,L01,#9,GW252/13600,(4)启机状态,4,2025-07-14 18:30:19,2025-07-14 18:35:20,301,0.08
934,L01,#9,GW252/13600,(3)待机状态,3,2025-07-14 18:29:22,2025-07-14 18:30:19,57,0.02
935,L01,#9,GW252/13600,(2)停机状态,2,2025-07-14 18:29:20,2025-07-14 18:29:22,2,0
936,L01,#9,GW252/13600,(1)停机过程,1,2025-07-14 18:28:49,2025-07-14 18:29:20,31,0.01
937,L01,#9,GW252/13600,(4)启机状态,4,2025-07-14 18:23:49,2025-07-14 18:28:49,300,0.08
938,L01,#9,GW252/13600,(3)待机状态,3,2025-07-14 18:22:27,2025-07-14 18:23:49,82,0.02
939,L01,#9,GW252/13600,(2)停机状态,2,2025-07-14 18:21:19,2025-07-14 18:22:27,68,0.02
940,L01,#9,GW252/13600,(1)停机过程,1,2025-07-14 18:20:49,2025-07-14 18:21:19,30,0.01
941,L01,#9,GW252/13600,(4)启机状态,4,2025-07-14 18:15:48,2025-07-14 18:20:49,301,0.08
942,L01,#9,GW252/13600,(3)待机状态,3,2025-07-14 18:14:39,2025-07-14 18:15:48,69,0.02
943,L01,#9,GW252/13600,(2)停机状态,2,2025-07-14 18:14:09,2025-07-14 18:14:39,30,0.01
944,L01,#9,GW252/13600,(1)停机过程,1,2025-07-14 18:13:38,2025-07-14 18:14:09,31,0.01
945,L01,#9,GW252/13600,(4)启机状态,4,2025-07-14 18:08:37,2025-07-14 18:13:38,301,0.08
946,L01,#9,GW252/13600,(3)待机状态,3,2025-07-14 18:06:55,2025-07-14 18:08:37,102,0.03
947,L01,#9,GW252/13600,(2)停机状态,2,2025-07-14 18:02:47,2025-07-14 18:06:55,248,0.07
948,L01,#9,GW252/13600,(1)停机过程,1,2025-07-14 18:02:14,2025-07-14 18:02:47,33,0.01
949,L01,#9,GW252/13600,(4)启机状态,4,2025-07-14 17:57:14,2025-07-14 18:02:14,300,0.08
950,L01,#9,GW252/13600,(3)待机状态,3,2025-07-14 17:49:40,2025-07-14 17:57:14,454,0.13
951,L01,#9,GW252/13600,(2)停机状态,2,2025-07-14 17:48:43,2025-07-14 17:49:40,57,0.02
952,L01,#9,GW252/13600,(1)停机过程,1,2025-07-14 17:48:12,2025-07-14 17:48:43,31,0.01
953,L01,#9,GW252/13600,(4)启机状态,4,2025-07-14 17:43:12,2025-07-14 17:48:12,300,0.08
954,L01,#9,GW252/13600,(3)待机状态,3,2025-07-14 17:42:10,2025-07-14 17:43:12,62,0.02
955,L01,#9,GW252/13600,(2)停机状态,2,2025-07-14 17:42:08,2025-07-14 17:42:10,2,0
956,L01,#9,GW252/13600,(1)停机过程,1,2025-07-14 17:41:36,2025-07-14 17:42:08,32,0.01
957,L01,#9,GW252/13600,(4)启机状态,4,2025-07-14 17:36:36,2025-07-14 17:41:36,300,0.08
958,L01,#9,GW252/13600,(3)待机状态,3,2025-07-14 17:35:18,2025-07-14 17:36:36,78,0.02
959,L01,#9,GW252/13600,(2)停机状态,2,2025-07-14 17:35:16,2025-07-14 17:35:18,2,0
960,L01,#9,GW252/13600,(1)停机过程,1,2025-07-14 17:34:46,2025-07-14 17:35:16,30,0.01
961,L01,#9,GW252/13600,(4)启机状态,4,2025-07-14 17:29:45,2025-07-14 17:34:46,301,0.08
962,L01,#9,GW252/13600,(3)待机状态,3,2025-07-14 17:28:23,2025-07-14 17:29:45,82,0.02
963,L01,#9,GW252/13600,(2)停机状态,2,2025-07-14 17:27:37,2025-07-14 17:28:23,46,0.01
964,L01,#9,GW252/13600,(1)停机过程,1,2025-07-14 17:27:04,2025-07-14 17:27:37,33,0.01
965,L01,#9,GW252/13600,(4)启机状态,4,2025-07-14 17:22:04,2025-07-14 17:27:04,300,0.08
966,L01,#9,GW252/13600,(3)待机状态,3,2025-07-14 17:20:50,2025-07-14 17:22:04,74,0.02
967,L01,#9,GW252/13600,(2)停机状态,2,2025-07-14 17:20:48,2025-07-14 17:20:50,2,0
968,L01,#9,GW252/13600,(1)停机过程,1,2025-07-14 17:20:18,2025-07-14 17:20:48,30,0.01
969,L01,#9,GW252/13600,(4)启机状态,4,2025-07-14 17:15:16,2025-07-14 17:20:18,302,0.08
970,L01,#9,GW252/13600,(3)待机状态,3,2025-07-14 17:13:57,2025-07-14 17:15:16,79,0.02
971,L01,#9,GW252/13600,(2)停机状态,2,2025-07-14 17:13:55,2025-07-14 17:13:57,2,0
972,L01,#9,GW252/13600,(1)停机过程,1,2025-07-14 17:13:23,2025-07-14 17:13:55,32,0.01
973,L01,#9,GW252/13600,(4)启机状态,4,2025-07-14 17:08:24,2025-07-14 17:13:23,299,0.08
974,L01,#9,GW252/13600,(3)待机状态,3,2025-07-14 17:07:01,2025-07-14 17:08:24,83,0.02
975,L01,#9,GW252/13600,(2)停机状态,2,2025-07-14 17:06:35,2025-07-14 17:07:01,26,0.01
976,L01,#9,GW252/13600,(1)停机过程,1,2025-07-14 17:06:03,2025-07-14 17:06:35,32,0.01
977,L01,#9,GW252/13600,(4)启机状态,4,2025-07-14 17:01:04,2025-07-14 17:06:03,299,0.08
978,L01,#9,GW252/13600,(3)待机状态,3,2025-07-14 17:00:07,2025-07-14 17:01:04,57,0.02
979,L01,#9,GW252/13600,(2)停机状态,2,2025-07-14 17:00:04,2025-07-14 17:00:07,3,0
980,L01,#9,GW252/13600,(1)停机过程,1,2025-07-14 16:59:34,2025-07-14 17:00:04,30,0.01
981,L01,#9,GW252/13600,(4)启机状态,4,2025-07-14 16:54:33,2025-07-14 16:59:34,301,0.08
982,L01,#9,GW252/13600,(3)待机状态,3,2025-07-14 16:53:39,2025-07-14 16:54:33,54,0.02
983,L01,#9,GW252/13600,(2)停机状态,2,2025-07-14 16:53:38,2025-07-14 16:53:39,1,0
984,L01,#9,GW252/13600,(1)停机过程,1,2025-07-14 16:53:05,2025-07-14 16:53:38,33,0.01
985,L01,#9,GW252/13600,(4)启机状态,4,2025-07-14 16:48:05,2025-07-14 16:53:05,300,0.08
986,L01,#9,GW252/13600,(3)待机状态,3,2025-07-14 16:47:09,2025-07-14 16:48:05,56,0.02
987,L01,#9,GW252/13600,(2)停机状态,2,2025-07-14 16:47:06,2025-07-14 16:47:09,3,0
988,L01,#9,GW252/13600,(1)停机过程,1,2025-07-14 16:46:36,2025-07-14 16:47:06,30,0.01
989,L01,#9,GW252/13600,(4)启机状态,4,2025-07-14 16:41:36,2025-07-14 16:46:36,300,0.08
990,L01,#9,GW252/13600,(3)待机状态,3,2025-07-14 16:40:38,2025-07-14 16:41:36,58,0.02
991,L01,#9,GW252/13600,(2)停机状态,2,2025-07-14 16:40:37,2025-07-14 16:40:38,1,0
992,L01,#9,GW252/13600,(1)停机过程,1,2025-07-14 16:40:04,2025-07-14 16:40:37,33,0.01
993,L01,#9,GW252/13600,(4)启机状态,4,2025-07-14 16:35:04,2025-07-14 16:40:04,300,0.08
994,L01,#9,GW252/13600,(3)待机状态,3,2025-07-14 16:34:12,2025-07-14 16:35:04,52,0.01
995,L01,#9,GW252/13600,(2)停机状态,2,2025-07-14 16:34:10,2025-07-14 16:34:12,2,0
996,L01,#9,GW252/13600,(1)停机过程,1,2025-07-14 16:33:37,2025-07-14 16:34:10,33,0.01
997,L01,#9,GW252/13600,(4)启机状态,4,2025-07-14 16:28:37,2025-07-14 16:33:37,300,0.08
998,L01,#9,GW252/13600,(3)待机状态,3,2025-07-14 16:27:42,2025-07-14 16:28:37,55,0.02
999,L01,#9,GW252/13600,(2)停机状态,2,2025-07-14 16:27:40,2025-07-14 16:27:42,2,0
1000,L01,#9,GW252/13600,(1)停机过程,1,2025-07-14 16:27:09,2025-07-14 16:27:40,31,0.01
1001,L01,#9,GW252/13600,(4)启机状态,4,2025-07-14 16:22:09,2025-07-14 16:27:09,300,0.08
1002,L01,#9,GW252/13600,(3)待机状态,3,2025-07-14 16:21:11,2025-07-14 16:22:09,58,0.02
1003,L01,#9,GW252/13600,(2)停机状态,2,2025-07-14 16:21:10,2025-07-14 16:21:11,1,0
1004,L01,#9,GW252/13600,(1)停机过程,1,2025-07-14 16:20:38,2025-07-14 16:21:10,32,0.01
1005,L01,#9,GW252/13600,(4)启机状态,4,2025-07-14 16:15:38,2025-07-14 16:20:38,300,0.08
1006,L01,#9,GW252/13600,(3)待机状态,3,2025-07-14 16:14:46,2025-07-14 16:15:38,52,0.01
1007,L01,#9,GW252/13600,(2)停机状态,2,2025-07-14 16:14:45,2025-07-14 16:14:46,1,0
1008,L01,#9,GW252/13600,(1)停机过程,1,2025-07-14 16:14:13,2025-07-14 16:14:45,32,0.01
1009,L01,#9,GW252/13600,(4)启机状态,4,2025-07-14 16:09:14,2025-07-14 16:14:13,299,0.08
1010,L01,#9,GW252/13600,(3)待机状态,3,2025-07-14 16:08:20,2025-07-14 16:09:14,54,0.02
1011,L01,#9,GW252/13600,(2)停机状态,2,2025-07-14 16:08:19,2025-07-14 16:08:20,1,0
1012,L01,#9,GW252/13600,(1)停机过程,1,2025-07-14 16:07:48,2025-07-14 16:08:19,31,0.01
1013,L01,#9,GW252/13600,(4)启机状态,4,2025-07-14 16:02:48,2025-07-14 16:07:48,300,0.08
1014,L01,#9,GW252/13600,(3)待机状态,3,2025-07-14 16:01:49,2025-07-14 16:02:48,59,0.02
1015,L01,#9,GW252/13600,(2)停机状态,2,2025-07-14 16:01:47,2025-07-14 16:01:49,2,0
1016,L01,#9,GW252/13600,(1)停机过程,1,2025-07-14 16:01:15,2025-07-14 16:01:47,32,0.01
1017,L01,#9,GW252/13600,(4)启机状态,4,2025-07-14 15:56:15,2025-07-14 16:01:15,300,0.08
1018,L01,#9,GW252/13600,(3)待机状态,3,2025-07-14 15:55:10,2025-07-14 15:56:15,65,0.02
1019,L01,#9,GW252/13600,(2)停机状态,2,2025-07-14 15:54:43,2025-07-14 15:55:10,27,0.01
1020,L01,#9,GW252/13600,(1)停机过程,1,2025-07-14 15:54:11,2025-07-14 15:54:43,32,0.01
1021,L01,#9,GW252/13600,(4)启机状态,4,2025-07-14 15:49:11,2025-07-14 15:54:11,300,0.08
1022,L01,#9,GW252/13600,(3)待机状态,3,2025-07-14 15:48:09,2025-07-14 15:49:11,62,0.02
1023,L01,#9,GW252/13600,(2)停机状态,2,2025-07-14 15:48:08,2025-07-14 15:48:09,1,0
1024,L01,#9,GW252/13600,(1)停机过程,1,2025-07-14 15:47:35,2025-07-14 15:48:08,33,0.01
1025,L01,#9,GW252/13600,(4)启机状态,4,2025-07-14 15:42:36,2025-07-14 15:47:35,299,0.08
1026,L01,#9,GW252/13600,(3)待机状态,3,2025-07-14 15:41:22,2025-07-14 15:42:36,74,0.02
1027,L01,#9,GW252/13600,(2)停机状态,2,2025-07-14 15:41:20,2025-07-14 15:41:22,2,0
1028,L01,#9,GW252/13600,(1)停机过程,1,2025-07-14 15:40:49,2025-07-14 15:41:20,31,0.01
1029,L01,#9,GW252/13600,(4)启机状态,4,2025-07-14 15:35:48,2025-07-14 15:40:49,301,0.08
1030,L01,#9,GW252/13600,(3)待机状态,3,2025-07-14 15:34:47,2025-07-14 15:35:48,61,0.02
1031,L01,#9,GW252/13600,(2)停机状态,2,2025-07-14 15:33:19,2025-07-14 15:34:47,88,0.02
1032,L01,#9,GW252/13600,(1)停机过程,1,2025-07-14 15:32:48,2025-07-14 15:33:19,31,0.01
1033,L01,#9,GW252/13600,(4)启机状态,4,2025-07-14 15:27:47,2025-07-14 15:32:48,301,0.08
1034,L01,#9,GW252/13600,(3)待机状态,3,2025-07-14 15:26:56,2025-07-14 15:27:47,51,0.01
1035,L01,#9,GW252/13600,(2)停机状态,2,2025-07-14 15:26:55,2025-07-14 15:26:56,1,0
1036,L01,#9,GW252/13600,(1)停机过程,1,2025-07-14 15:26:23,2025-07-14 15:26:55,32,0.01
1037,L01,#9,GW252/13600,(4)启机状态,4,2025-07-14 15:21:23,2025-07-14 15:26:23,300,0.08
1038,L01,#9,GW252/13600,(3)待机状态,3,2025-07-14 15:20:20,2025-07-14 15:21:23,63,0.02
1039,L01,#9,GW252/13600,(1)停机过程,1,2025-07-14 15:19:47,2025-07-14 15:20:20,33,0.01
1040,L01,#9,GW252/13600,(4)启机状态,4,2025-07-14 15:14:48,2025-07-14 15:19:47,299,0.08
1041,L01,#9,GW252/13600,(3)待机状态,3,2025-07-14 15:13:43,2025-07-14 15:14:48,65,0.02
1042,L01,#9,GW252/13600,(2)停机状态,2,2025-07-14 15:13:42,2025-07-14 15:13:43,1,0
1043,L01,#9,GW252/13600,(1)停机过程,1,2025-07-14 15:13:11,2025-07-14 15:13:42,31,0.01
1044,L01,#9,GW252/13600,(4)启机状态,4,2025-07-14 15:08:10,2025-07-14 15:13:11,301,0.08
1045,L01,#9,GW252/13600,(3)待机状态,3,2025-07-14 15:06:54,2025-07-14 15:08:10,76,0.02
1046,L01,#9,GW252/13600,(2)停机状态,2,2025-07-14 15:04:50,2025-07-14 15:06:54,124,0.03
1047,L01,#9,GW252/13600,(1)停机过程,1,2025-07-14 15:04:17,2025-07-14 15:04:50,33,0.01
1048,L01,#9,GW252/13600,(4)启机状态,4,2025-07-14 14:59:17,2025-07-14 15:04:17,300,0.08
1049,L01,#9,GW252/13600,(3)待机状态,3,2025-07-14 14:57:39,2025-07-14 14:59:17,98,0.03
1050,L01,#9,GW252/13600,(2)停机状态,2,2025-07-14 14:52:42,2025-07-14 14:57:39,297,0.08
1051,L01,#9,GW252/13600,(1)停机过程,1,2025-07-14 14:52:09,2025-07-14 14:52:42,33,0.01
1052,L01,#9,GW252/13600,(4)启机状态,4,2025-07-14 14:47:10,2025-07-14 14:52:09,299,0.08
1053,L01,#9,GW252/13600,(3)待机状态,3,2025-07-14 12:44:16,2025-07-14 14:47:10,7374,2.05
1054,L01,#9,GW252/13600,(2)停机状态,2,2025-07-14 12:40:11,2025-07-14 12:44:16,245,0.07
1055,L01,#9,GW252/13600,(1)停机过程,1,2025-07-14 12:39:39,2025-07-14 12:40:11,32,0.01
1056,L01,#9,GW252/13600,(4)启机状态,4,2025-07-14 12:34:39,2025-07-14 12:39:39,300,0.08
1057,L01,#9,GW252/13600,(3)待机状态,3,2025-07-14 12:15:16,2025-07-14 12:34:39,1163,0.32
1058,L01,#9,GW252/13600,(2)停机状态,2,2025-07-14 12:11:27,2025-07-14 12:15:16,229,0.06
1059,L01,#9,GW252/13600,(1)停机过程,1,2025-07-14 12:10:57,2025-07-14 12:11:27,30,0.01
1060,L01,#9,GW252/13600,(4)启机状态,4,2025-07-14 12:05:56,2025-07-14 12:10:57,301,0.08
1061,L01,#9,GW252/13600,(3)待机状态,3,2025-07-14 12:04:18,2025-07-14 12:05:56,98,0.03
1062,L01,#9,GW252/13600,(2)停机状态,2,2025-07-14 12:02:13,2025-07-14 12:04:18,125,0.03
1063,L01,#9,GW252/13600,(1)停机过程,1,2025-07-14 12:01:43,2025-07-14 12:02:13,30,0.01
1064,L01,#9,GW252/13600,(4)启机状态,4,2025-07-14 11:56:42,2025-07-14 12:01:43,301,0.08
1065,L01,#9,GW252/13600,(3)待机状态,3,2025-07-14 11:52:57,2025-07-14 11:56:42,225,0.06
1066,L01,#9,GW252/13600,(2)停机状态,2,2025-07-14 11:47:32,2025-07-14 11:52:57,325,0.09
1067,L01,#9,GW252/13600,(1)停机过程,1,2025-07-14 11:46:35,2025-07-14 11:47:32,57,0.02
1068,L01,#9,GW252/13600,(5)发电状态,5,2025-07-13 16:05:38,2025-07-14 11:46:35,70857,19.68
1069,L01,#9,GW252/13600,(4)启机状态,4,2025-07-13 16:03:30,2025-07-13 16:05:38,128,0.04
1070,L01,#9,GW252/13600,(3)待机状态,3,2025-07-13 16:02:36,2025-07-13 16:03:30,54,0.02
1071,L01,#9,GW252/13600,(1)停机过程,1,2025-07-13 16:02:04,2025-07-13 16:02:36,32,0.01
1072,L01,#9,GW252/13600,(4)启机状态,4,2025-07-13 15:57:04,2025-07-13 16:02:04,300,0.08
1073,L01,#9,GW252/13600,(3)待机状态,3,2025-07-13 15:56:05,2025-07-13 15:57:04,59,0.02
1074,L01,#9,GW252/13600,(2)停机状态,2,2025-07-13 15:56:04,2025-07-13 15:56:05,1,0
1075,L01,#9,GW252/13600,(1)停机过程,1,2025-07-13 15:55:31,2025-07-13 15:56:04,33,0.01
1076,L01,#9,GW252/13600,(4)启机状态,4,2025-07-13 15:50:32,2025-07-13 15:55:31,299,0.08
1077,L01,#9,GW252/13600,(3)待机状态,3,2025-07-13 15:49:31,2025-07-13 15:50:32,61,0.02
1078,L01,#9,GW252/13600,(2)停机状态,2,2025-07-13 15:49:30,2025-07-13 15:49:31,1,0
1079,L01,#9,GW252/13600,(1)停机过程,1,2025-07-13 15:48:59,2025-07-13 15:49:30,31,0.01
1080,L01,#9,GW252/13600,(4)启机状态,4,2025-07-13 15:43:59,2025-07-13 15:48:59,300,0.08
1081,L01,#9,GW252/13600,(3)待机状态,3,2025-07-13 15:43:00,2025-07-13 15:43:59,59,0.02
1082,L01,#9,GW252/13600,(2)停机状态,2,2025-07-13 15:42:59,2025-07-13 15:43:00,1,0
1083,L01,#9,GW252/13600,(1)停机过程,1,2025-07-13 15:42:27,2025-07-13 15:42:59,32,0.01
1084,L01,#9,GW252/13600,(4)启机状态,4,2025-07-13 15:37:26,2025-07-13 15:42:27,301,0.08
1085,L01,#9,GW252/13600,(3)待机状态,3,2025-07-13 15:36:26,2025-07-13 15:37:26,60,0.02
1086,L01,#9,GW252/13600,(1)停机过程,1,2025-07-13 15:35:54,2025-07-13 15:36:26,32,0.01
1087,L01,#9,GW252/13600,(4)启机状态,4,2025-07-13 15:30:54,2025-07-13 15:35:54,300,0.08
1088,L01,#9,GW252/13600,(3)待机状态,3,2025-07-13 15:29:39,2025-07-13 15:30:54,75,0.02
1089,L01,#9,GW252/13600,(2)停机状态,2,2025-07-13 15:29:38,2025-07-13 15:29:39,1,0
1090,L01,#9,GW252/13600,(1)停机过程,1,2025-07-13 15:29:07,2025-07-13 15:29:38,31,0.01
1091,L01,#9,GW252/13600,(4)启机状态,4,2025-07-13 15:24:06,2025-07-13 15:29:07,301,0.08
1092,L01,#9,GW252/13600,(3)待机状态,3,2025-07-13 15:23:02,2025-07-13 15:24:06,64,0.02
1093,L01,#9,GW252/13600,(2)停机状态,2,2025-07-13 15:23:00,2025-07-13 15:23:02,2,0
1094,L01,#9,GW252/13600,(1)停机过程,1,2025-07-13 15:22:28,2025-07-13 15:23:00,32,0.01
1095,L01,#9,GW252/13600,(4)启机状态,4,2025-07-13 15:17:28,2025-07-13 15:22:28,300,0.08
1096,L01,#9,GW252/13600,(3)待机状态,3,2025-07-13 15:15:48,2025-07-13 15:17:28,100,0.03
1097,L01,#9,GW252/13600,(1)停机过程,1,2025-07-13 15:15:16,2025-07-13 15:15:48,32,0.01
1098,L01,#9,GW252/13600,(4)启机状态,4,2025-07-13 15:10:16,2025-07-13 15:15:16,300,0.08
1099,L01,#9,GW252/13600,(3)待机状态,3,2025-07-13 15:09:17,2025-07-13 15:10:16,59,0.02
1100,L01,#9,GW252/13600,(2)停机状态,2,2025-07-13 15:09:15,2025-07-13 15:09:17,2,0
1101,L01,#9,GW252/13600,(1)停机过程,1,2025-07-13 15:08:43,2025-07-13 15:09:15,32,0.01
1102,L01,#9,GW252/13600,(4)启机状态,4,2025-07-13 15:03:43,2025-07-13 15:08:43,300,0.08
1103,L01,#9,GW252/13600,(3)待机状态,3,2025-07-13 15:02:44,2025-07-13 15:03:43,59,0.02
1104,L01,#9,GW252/13600,(2)停机状态,2,2025-07-13 15:02:42,2025-07-13 15:02:44,2,0
1105,L01,#9,GW252/13600,(1)停机过程,1,2025-07-13 15:02:10,2025-07-13 15:02:42,32,0.01
1106,L01,#9,GW252/13600,(4)启机状态,4,2025-07-13 14:57:10,2025-07-13 15:02:10,300,0.08
1107,L01,#9,GW252/13600,(3)待机状态,3,2025-07-13 14:56:07,2025-07-13 14:57:10,63,0.02
1108,L01,#9,GW252/13600,(2)停机状态,2,2025-07-13 14:56:05,2025-07-13 14:56:07,2,0
1109,L01,#9,GW252/13600,(1)停机过程,1,2025-07-13 14:55:33,2025-07-13 14:56:05,32,0.01
1110,L01,#9,GW252/13600,(4)启机状态,4,2025-07-13 14:50:33,2025-07-13 14:55:33,300,0.08
1111,L01,#9,GW252/13600,(3)待机状态,3,2025-07-13 14:49:27,2025-07-13 14:50:33,66,0.02
1112,L01,#9,GW252/13600,(2)停机状态,2,2025-07-13 14:49:25,2025-07-13 14:49:27,2,0
1113,L01,#9,GW252/13600,(1)停机过程,1,2025-07-13 14:48:54,2025-07-13 14:49:25,31,0.01
1114,L01,#9,GW252/13600,(4)启机状态,4,2025-07-13 14:43:54,2025-07-13 14:48:54,300,0.08
1115,L01,#9,GW252/13600,(3)待机状态,3,2025-07-13 14:42:51,2025-07-13 14:43:54,63,0.02
1116,L01,#9,GW252/13600,(2)停机状态,2,2025-07-13 14:42:50,2025-07-13 14:42:51,1,0
1117,L01,#9,GW252/13600,(1)停机过程,1,2025-07-13 14:42:17,2025-07-13 14:42:50,33,0.01
1118,L01,#9,GW252/13600,(4)启机状态,4,2025-07-13 14:37:18,2025-07-13 14:42:17,299,0.08
1119,L01,#9,GW252/13600,(3)待机状态,3,2025-07-13 14:36:16,2025-07-13 14:37:18,62,0.02
1120,L01,#9,GW252/13600,(2)停机状态,2,2025-07-13 14:36:15,2025-07-13 14:36:16,1,0
1121,L01,#9,GW252/13600,(1)停机过程,1,2025-07-13 14:35:45,2025-07-13 14:36:15,30,0.01
1122,L01,#9,GW252/13600,(4)启机状态,4,2025-07-13 14:30:43,2025-07-13 14:35:45,302,0.08
1123,L01,#9,GW252/13600,(3)待机状态,3,2025-07-13 14:29:43,2025-07-13 14:30:43,60,0.02
1124,L01,#9,GW252/13600,(2)停机状态,2,2025-07-13 14:29:15,2025-07-13 14:29:43,28,0.01
1125,L01,#9,GW252/13600,(1)停机过程,1,2025-07-13 14:28:44,2025-07-13 14:29:15,31,0.01
1126,L01,#9,GW252/13600,(4)启机状态,4,2025-07-13 14:23:44,2025-07-13 14:28:44,300,0.08
1127,L01,#9,GW252/13600,(3)待机状态,3,2025-07-13 14:22:49,2025-07-13 14:23:44,55,0.02
1128,L01,#9,GW252/13600,(2)停机状态,2,2025-07-13 14:22:48,2025-07-13 14:22:49,1,0
1129,L01,#9,GW252/13600,(1)停机过程,1,2025-07-13 14:22:16,2025-07-13 14:22:48,32,0.01
1130,L01,#9,GW252/13600,(4)启机状态,4,2025-07-13 14:17:16,2025-07-13 14:22:16,300,0.08
1131,L01,#9,GW252/13600,(3)待机状态,3,2025-07-13 14:16:22,2025-07-13 14:17:16,54,0.02
1132,L01,#9,GW252/13600,(2)停机状态,2,2025-07-13 14:16:20,2025-07-13 14:16:22,2,0
1133,L01,#9,GW252/13600,(1)停机过程,1,2025-07-13 14:15:48,2025-07-13 14:16:20,32,0.01
1134,L01,#9,GW252/13600,(4)启机状态,4,2025-07-13 14:10:48,2025-07-13 14:15:48,300,0.08
1135,L01,#9,GW252/13600,(3)待机状态,3,2025-07-13 14:09:56,2025-07-13 14:10:48,52,0.01
1136,L01,#9,GW252/13600,(2)停机状态,2,2025-07-13 14:09:55,2025-07-13 14:09:56,1,0
1137,L01,#9,GW252/13600,(1)停机过程,1,2025-07-13 14:09:02,2025-07-13 14:09:55,53,0.01
1138,L01,#9,GW252/13600,(4)启机状态,4,2025-07-13 14:04:01,2025-07-13 14:09:02,301,0.08
1139,L01,#9,GW252/13600,(3)待机状态,3,2025-07-13 14:03:07,2025-07-13 14:04:01,54,0.02
1140,L01,#9,GW252/13600,(2)停机状态,2,2025-07-13 14:03:05,2025-07-13 14:03:07,2,0
1141,L01,#9,GW252/13600,(1)停机过程,1,2025-07-13 14:02:33,2025-07-13 14:03:05,32,0.01
1142,L01,#9,GW252/13600,(4)启机状态,4,2025-07-13 13:57:32,2025-07-13 14:02:33,301,0.08
1143,L01,#9,GW252/13600,(3)待机状态,3,2025-07-13 13:56:35,2025-07-13 13:57:32,57,0.02
1144,L01,#9,GW252/13600,(2)停机状态,2,2025-07-13 13:56:33,2025-07-13 13:56:35,2,0
1145,L01,#9,GW252/13600,(1)停机过程,1,2025-07-13 13:56:02,2025-07-13 13:56:33,31,0.01
1146,L01,#9,GW252/13600,(4)启机状态,4,2025-07-13 13:51:03,2025-07-13 13:56:02,299,0.08
1147,L01,#9,GW252/13600,(3)待机状态,3,2025-07-13 13:49:56,2025-07-13 13:51:03,67,0.02
1148,L01,#9,GW252/13600,(1)停机过程,1,2025-07-13 13:49:23,2025-07-13 13:49:56,33,0.01
1149,L01,#9,GW252/13600,(4)启机状态,4,2025-07-13 13:44:23,2025-07-13 13:49:23,300,0.08
1150,L01,#9,GW252/13600,(3)待机状态,3,2025-07-13 13:43:30,2025-07-13 13:44:23,53,0.01
1151,L01,#9,GW252/13600,(2)停机状态,2,2025-07-13 13:43:28,2025-07-13 13:43:30,2,0
1152,L01,#9,GW252/13600,(1)停机过程,1,2025-07-13 13:42:57,2025-07-13 13:43:28,31,0.01
1153,L01,#9,GW252/13600,(4)启机状态,4,2025-07-13 13:37:56,2025-07-13 13:42:57,301,0.08
1154,L01,#9,GW252/13600,(3)待机状态,3,2025-07-13 13:36:56,2025-07-13 13:37:56,60,0.02
1155,L01,#9,GW252/13600,(2)停机状态,2,2025-07-13 13:36:54,2025-07-13 13:36:56,2,0
1156,L01,#9,GW252/13600,(1)停机过程,1,2025-07-13 13:36:24,2025-07-13 13:36:54,30,0.01
1157,L01,#9,GW252/13600,(4)启机状态,4,2025-07-13 13:31:23,2025-07-13 13:36:24,301,0.08
1158,L01,#9,GW252/13600,(3)待机状态,3,2025-07-13 13:30:15,2025-07-13 13:31:23,68,0.02
1159,L01,#9,GW252/13600,(1)停机过程,1,2025-07-13 13:29:42,2025-07-13 13:30:15,33,0.01
1160,L01,#9,GW252/13600,(4)启机状态,4,2025-07-13 13:24:41,2025-07-13 13:29:42,301,0.08
1161,L01,#9,GW252/13600,(3)待机状态,3,2025-07-13 13:23:09,2025-07-13 13:24:41,92,0.03
1162,L01,#9,GW252/13600,(2)停机状态,2,2025-07-13 13:22:41,2025-07-13 13:23:09,28,0.01
1163,L01,#9,GW252/13600,(1)停机过程,1,2025-07-13 13:22:11,2025-07-13 13:22:41,30,0.01
1164,L01,#9,GW252/13600,(4)启机状态,4,2025-07-13 13:17:11,2025-07-13 13:22:11,300,0.08
1165,L01,#9,GW252/13600,(3)待机状态,3,2025-07-13 13:16:06,2025-07-13 13:17:11,65,0.02
1166,L01,#9,GW252/13600,(2)停机状态,2,2025-07-13 13:16:04,2025-07-13 13:16:06,2,0
1167,L01,#9,GW252/13600,(1)停机过程,1,2025-07-13 13:15:32,2025-07-13 13:16:04,32,0.01
1168,L01,#9,GW252/13600,(4)启机状态,4,2025-07-13 13:10:32,2025-07-13 13:15:32,300,0.08
1169,L01,#9,GW252/13600,(3)待机状态,3,2025-07-13 13:09:20,2025-07-13 13:10:32,72,0.02
1170,L01,#9,GW252/13600,(2)停机状态,2,2025-07-13 13:08:17,2025-07-13 13:09:20,63,0.02
1171,L01,#9,GW252/13600,(1)停机过程,1,2025-07-13 13:07:45,2025-07-13 13:08:17,32,0.01
1172,L01,#9,GW252/13600,(4)启机状态,4,2025-07-13 13:02:46,2025-07-13 13:07:45,299,0.08
1173,L01,#9,GW252/13600,(3)待机状态,3,2025-07-13 12:59:01,2025-07-13 13:02:46,225,0.06
1174,L01,#9,GW252/13600,(2)停机状态,2,2025-07-13 12:59:00,2025-07-13 12:59:01,1,0
1175,L01,#9,GW252/13600,(1)停机过程,1,2025-07-13 12:58:27,2025-07-13 12:59:00,33,0.01
1176,L01,#9,GW252/13600,(4)启机状态,4,2025-07-13 12:53:27,2025-07-13 12:58:27,300,0.08
1177,L01,#9,GW252/13600,(3)待机状态,3,2025-07-13 12:52:06,2025-07-13 12:53:27,81,0.02
1178,L01,#9,GW252/13600,(2)停机状态,2,2025-07-13 12:47:36,2025-07-13 12:52:06,270,0.08
1179,L01,#9,GW252/13600,(1)停机过程,1,2025-07-13 12:47:05,2025-07-13 12:47:36,31,0.01
1180,L01,#9,GW252/13600,(4)启机状态,4,2025-07-13 12:42:05,2025-07-13 12:47:05,300,0.08
1181,L01,#9,GW252/13600,(3)待机状态,3,2025-07-13 12:40:37,2025-07-13 12:42:05,88,0.02
1182,L01,#9,GW252/13600,(2)停机状态,2,2025-07-13 12:39:51,2025-07-13 12:40:37,46,0.01
1183,L01,#9,GW252/13600,(1)停机过程,1,2025-07-13 12:39:19,2025-07-13 12:39:51,32,0.01
1184,L01,#9,GW252/13600,(4)启机状态,4,2025-07-13 12:34:18,2025-07-13 12:39:19,301,0.08
1185,L01,#9,GW252/13600,(3)待机状态,3,2025-07-13 12:32:41,2025-07-13 12:34:18,97,0.03
1186,L01,#9,GW252/13600,(2)停机状态,2,2025-07-13 12:32:14,2025-07-13 12:32:41,27,0.01
1187,L01,#9,GW252/13600,(1)停机过程,1,2025-07-13 12:31:42,2025-07-13 12:32:14,32,0.01
1188,L01,#9,GW252/13600,(4)启机状态,4,2025-07-13 12:26:42,2025-07-13 12:31:42,300,0.08
1189,L01,#9,GW252/13600,(3)待机状态,3,2025-07-13 12:25:38,2025-07-13 12:26:42,64,0.02
1190,L01,#9,GW252/13600,(2)停机状态,2,2025-07-13 12:25:14,2025-07-13 12:25:38,24,0.01
1191,L01,#9,GW252/13600,(1)停机过程,1,2025-07-13 12:24:42,2025-07-13 12:25:14,32,0.01
1192,L01,#9,GW252/13600,(4)启机状态,4,2025-07-13 12:19:41,2025-07-13 12:24:42,301,0.08
1193,L01,#9,GW252/13600,(3)待机状态,3,2025-07-13 12:18:35,2025-07-13 12:19:41,66,0.02
1194,L01,#9,GW252/13600,(2)停机状态,2,2025-07-13 12:18:34,2025-07-13 12:18:35,1,0
1195,L01,#9,GW252/13600,(1)停机过程,1,2025-07-13 12:18:04,2025-07-13 12:18:34,30,0.01
1196,L01,#9,GW252/13600,(4)启机状态,4,2025-07-13 12:13:04,2025-07-13 12:18:04,300,0.08
1197,L01,#9,GW252/13600,(3)待机状态,3,2025-07-13 12:11:39,2025-07-13 12:13:04,85,0.02
1198,L01,#9,GW252/13600,(2)停机状态,2,2025-07-13 12:10:12,2025-07-13 12:11:39,87,0.02
1199,L01,#9,GW252/13600,(1)停机过程,1,2025-07-13 12:09:41,2025-07-13 12:10:12,31,0.01
1200,L01,#9,GW252/13600,(4)启机状态,4,2025-07-13 12:04:40,2025-07-13 12:09:41,301,0.08
1201,L01,#9,GW252/13600,(3)待机状态,3,2025-07-13 12:03:36,2025-07-13 12:04:40,64,0.02
1202,L01,#9,GW252/13600,(2)停机状态,2,2025-07-13 12:01:19,2025-07-13 12:03:36,137,0.04
1203,L01,#9,GW252/13600,(1)停机过程,1,2025-07-13 12:00:48,2025-07-13 12:01:19,31,0.01
1204,L01,#9,GW252/13600,(4)启机状态,4,2025-07-13 11:55:48,2025-07-13 12:00:48,300,0.08
1205,L01,#9,GW252/13600,(3)待机状态,3,2025-07-13 11:53:56,2025-07-13 11:55:48,112,0.03
1206,L01,#9,GW252/13600,(2)停机状态,2,2025-07-13 11:52:16,2025-07-13 11:53:56,100,0.03
1207,L01,#9,GW252/13600,(1)停机过程,1,2025-07-13 11:51:19,2025-07-13 11:52:16,57,0.02
1208,L01,#9,GW252/13600,(5)发电状态,5,2025-07-13 08:25:30,2025-07-13 11:51:19,12349,3.43
1209,L01,#9,GW252/13600,(4)启机状态,4,2025-07-13 08:21:43,2025-07-13 08:25:30,227,0.06
1210,L01,#9,GW252/13600,(3)待机状态,3,2025-07-13 08:20:49,2025-07-13 08:21:43,54,0.02
1211,L01,#9,GW252/13600,(2)停机状态,2,2025-07-13 08:20:48,2025-07-13 08:20:49,1,0
1212,L01,#9,GW252/13600,(1)停机过程,1,2025-07-13 08:20:17,2025-07-13 08:20:48,31,0.01
1213,L01,#9,GW252/13600,(4)启机状态,4,2025-07-13 08:15:17,2025-07-13 08:20:17,300,0.08
1214,L01,#9,GW252/13600,(3)待机状态,3,2025-07-13 08:14:13,2025-07-13 08:15:17,64,0.02
1215,L01,#9,GW252/13600,(2)停机状态,2,2025-07-13 08:14:12,2025-07-13 08:14:13,1,0
1216,L01,#9,GW252/13600,(1)停机过程,1,2025-07-13 08:13:40,2025-07-13 08:14:12,32,0.01
1217,L01,#9,GW252/13600,(4)启机状态,4,2025-07-13 08:08:39,2025-07-13 08:13:40,301,0.08
1218,L01,#9,GW252/13600,(3)待机状态,3,2025-07-13 08:07:41,2025-07-13 08:08:39,58,0.02
1219,L01,#9,GW252/13600,(2)停机状态,2,2025-07-13 08:07:38,2025-07-13 08:07:41,3,0
1220,L01,#9,GW252/13600,(1)停机过程,1,2025-07-13 08:07:05,2025-07-13 08:07:38,33,0.01
1221,L01,#9,GW252/13600,(4)启机状态,4,2025-07-13 08:02:06,2025-07-13 08:07:05,299,0.08
1222,L01,#9,GW252/13600,(3)待机状态,3,2025-07-13 08:01:12,2025-07-13 08:02:06,54,0.02
1223,L01,#9,GW252/13600,(2)停机状态,2,2025-07-13 08:01:10,2025-07-13 08:01:12,2,0
1224,L01,#9,GW252/13600,(1)停机过程,1,2025-07-13 08:00:40,2025-07-13 08:01:10,30,0.01
1225,L01,#9,GW252/13600,(4)启机状态,4,2025-07-13 07:55:39,2025-07-13 08:00:40,301,0.08
1226,L01,#9,GW252/13600,(3)待机状态,3,2025-07-13 07:54:40,2025-07-13 07:55:39,59,0.02
1227,L01,#9,GW252/13600,(2)停机状态,2,2025-07-13 07:54:39,2025-07-13 07:54:40,1,0
1228,L01,#9,GW252/13600,(1)停机过程,1,2025-07-13 07:54:06,2025-07-13 07:54:39,33,0.01
1229,L01,#9,GW252/13600,(4)启机状态,4,2025-07-13 07:49:06,2025-07-13 07:54:06,300,0.08
1230,L01,#9,GW252/13600,(3)待机状态,3,2025-07-13 07:48:03,2025-07-13 07:49:06,63,0.02
1231,L01,#9,GW252/13600,(2)停机状态,2,2025-07-13 07:48:02,2025-07-13 07:48:03,1,0
1232,L01,#9,GW252/13600,(1)停机过程,1,2025-07-13 07:47:31,2025-07-13 07:48:02,31,0.01
1233,L01,#9,GW252/13600,(4)启机状态,4,2025-07-13 07:42:31,2025-07-13 07:47:31,300,0.08
1234,L01,#9,GW252/13600,(3)待机状态,3,2025-07-13 07:41:23,2025-07-13 07:42:31,68,0.02
1235,L01,#9,GW252/13600,(2)停机状态,2,2025-07-13 07:41:21,2025-07-13 07:41:23,2,0
1236,L01,#9,GW252/13600,(1)停机过程,1,2025-07-13 07:40:48,2025-07-13 07:41:21,33,0.01
1237,L01,#9,GW252/13600,(4)启机状态,4,2025-07-13 07:35:48,2025-07-13 07:40:48,300,0.08
1238,L01,#9,GW252/13600,(3)待机状态,3,2025-07-13 07:34:43,2025-07-13 07:35:48,65,0.02
1239,L01,#9,GW252/13600,(2)停机状态,2,2025-07-13 07:33:26,2025-07-13 07:34:43,77,0.02
1240,L01,#9,GW252/13600,(1)停机过程,1,2025-07-13 07:32:56,2025-07-13 07:33:26,30,0.01
1241,L01,#9,GW252/13600,(4)启机状态,4,2025-07-13 07:27:56,2025-07-13 07:32:56,300,0.08
1242,L01,#9,GW252/13600,(3)待机状态,3,2025-07-13 07:27:01,2025-07-13 07:27:56,55,0.02
1243,L01,#9,GW252/13600,(2)停机状态,2,2025-07-13 07:27:00,2025-07-13 07:27:01,1,0
1244,L01,#9,GW252/13600,(1)停机过程,1,2025-07-13 07:26:28,2025-07-13 07:27:00,32,0.01
1245,L01,#9,GW252/13600,(4)启机状态,4,2025-07-13 07:21:27,2025-07-13 07:26:28,301,0.08
1246,L01,#9,GW252/13600,(3)待机状态,3,2025-07-13 07:20:22,2025-07-13 07:21:27,65,0.02
1247,L01,#9,GW252/13600,(1)停机过程,1,2025-07-13 07:19:50,2025-07-13 07:20:22,32,0.01
1248,L01,#9,GW252/13600,(4)启机状态,4,2025-07-13 07:14:50,2025-07-13 07:19:50,300,0.08
1249,L01,#9,GW252/13600,(3)待机状态,3,2025-07-13 07:13:43,2025-07-13 07:14:50,67,0.02
1250,L01,#9,GW252/13600,(2)停机状态,2,2025-07-13 07:13:40,2025-07-13 07:13:43,3,0
1251,L01,#9,GW252/13600,(1)停机过程,1,2025-07-13 07:13:09,2025-07-13 07:13:40,31,0.01
1252,L01,#9,GW252/13600,(4)启机状态,4,2025-07-13 07:08:08,2025-07-13 07:13:09,301,0.08
1253,L01,#9,GW252/13600,(3)待机状态,3,2025-07-13 07:07:09,2025-07-13 07:08:08,59,0.02
1254,L01,#9,GW252/13600,(2)停机状态,2,2025-07-13 07:07:08,2025-07-13 07:07:09,1,0
1255,L01,#9,GW252/13600,(1)停机过程,1,2025-07-13 07:06:36,2025-07-13 07:07:08,32,0.01
1256,L01,#9,GW252/13600,(4)启机状态,4,2025-07-13 07:01:36,2025-07-13 07:06:36,300,0.08
1257,L01,#9,GW252/13600,(3)待机状态,3,2025-07-13 07:00:29,2025-07-13 07:01:36,67,0.02
1258,L01,#9,GW252/13600,(2)停机状态,2,2025-07-13 06:58:05,2025-07-13 07:00:29,144,0.04
1259,L01,#9,GW252/13600,(1)停机过程,1,2025-07-13 06:57:33,2025-07-13 06:58:05,32,0.01
1260,L01,#9,GW252/13600,(4)启机状态,4,2025-07-13 06:52:33,2025-07-13 06:57:33,300,0.08
1261,L01,#9,GW252/13600,(3)待机状态,3,2025-07-13 06:51:25,2025-07-13 06:52:33,68,0.02
1262,L01,#9,GW252/13600,(2)停机状态,2,2025-07-13 06:48:14,2025-07-13 06:51:25,191,0.05
1263,L01,#9,GW252/13600,(1)停机过程,1,2025-07-13 06:47:42,2025-07-13 06:48:14,32,0.01
1264,L01,#9,GW252/13600,(4)启机状态,4,2025-07-13 06:42:41,2025-07-13 06:47:42,301,0.08
1265,L01,#9,GW252/13600,(3)待机状态,3,2025-07-13 06:41:11,2025-07-13 06:42:41,90,0.03
1266,L01,#9,GW252/13600,(2)停机状态,2,2025-07-13 06:39:15,2025-07-13 06:41:11,116,0.03
1267,L01,#9,GW252/13600,(1)停机过程,1,2025-07-13 06:38:18,2025-07-13 06:39:15,57,0.02
1268,L01,#9,GW252/13600,(5)发电状态,5,2025-07-12 15:55:02,2025-07-13 06:38:18,52996,14.72
1269,L01,#9,GW252/13600,(4)启机状态,4,2025-07-12 15:53:39,2025-07-12 15:55:02,83,0.02
1270,L01,#9,GW252/13600,(3)待机状态,3,2025-07-12 15:52:53,2025-07-12 15:53:39,46,0.01
1271,L01,#9,GW252/13600,(2)停机状态,2,2025-07-12 15:52:52,2025-07-12 15:52:53,1,0
1272,L01,#9,GW252/13600,(1)停机过程,1,2025-07-12 15:51:57,2025-07-12 15:52:52,55,0.02
1273,L01,#9,GW252/13600,(4)启机状态,4,2025-07-12 15:46:57,2025-07-12 15:51:57,300,0.08
1274,L01,#9,GW252/13600,(3)待机状态,3,2025-07-12 15:46:00,2025-07-12 15:46:57,57,0.02
1275,L01,#9,GW252/13600,(2)停机状态,2,2025-07-12 15:44:05,2025-07-12 15:46:00,115,0.03
1276,L01,#9,GW252/13600,(1)停机过程,1,2025-07-12 15:43:07,2025-07-12 15:44:05,58,0.02
1277,L01,#9,GW252/13600,(5)发电状态,5,2025-07-12 15:11:46,2025-07-12 15:43:07,1881,0.52
1278,L01,#9,GW252/13600,(4)启机状态,4,2025-07-12 15:10:30,2025-07-12 15:11:46,76,0.02
1279,L01,#9,GW252/13600,(3)待机状态,3,2025-07-12 15:06:54,2025-07-12 15:10:30,216,0.06
1280,L01,#9,GW252/13600,(2)停机状态,2,2025-07-12 15:06:53,2025-07-12 15:06:54,1,0
1281,L01,#9,GW252/13600,(1)停机过程,1,2025-07-12 15:06:22,2025-07-12 15:06:53,31,0.01
1282,L01,#9,GW252/13600,(3)待机状态,3,2025-07-12 13:09:48,2025-07-12 15:06:22,6994,1.94
1283,L01,#9,GW252/13600,(2)停机状态,2,2025-07-12 13:04:12,2025-07-12 13:09:48,336,0.09
1284,L01,#9,GW252/13600,(1)停机过程,1,2025-07-12 13:03:39,2025-07-12 13:04:12,33,0.01
1285,L01,#9,GW252/13600,(4)启机状态,4,2025-07-12 12:58:40,2025-07-12 13:03:39,299,0.08
1286,L01,#9,GW252/13600,(3)待机状态,3,2025-07-12 12:48:03,2025-07-12 12:58:40,637,0.18
1287,L01,#9,GW252/13600,(2)停机状态,2,2025-07-12 12:44:54,2025-07-12 12:48:03,189,0.05
1288,L01,#9,GW252/13600,(1)停机过程,1,2025-07-12 12:44:22,2025-07-12 12:44:54,32,0.01
1289,L01,#9,GW252/13600,(4)启机状态,4,2025-07-12 12:39:23,2025-07-12 12:44:22,299,0.08
1290,L01,#9,GW252/13600,(3)待机状态,3,2025-07-12 12:38:07,2025-07-12 12:39:23,76,0.02
1291,L01,#9,GW252/13600,(2)停机状态,2,2025-07-12 12:37:42,2025-07-12 12:38:07,25,0.01
1292,L01,#9,GW252/13600,(1)停机过程,1,2025-07-12 12:37:10,2025-07-12 12:37:42,32,0.01
1293,L01,#9,GW252/13600,(4)启机状态,4,2025-07-12 12:32:09,2025-07-12 12:37:10,301,0.08
1294,L01,#9,GW252/13600,(3)待机状态,3,2025-07-12 12:31:05,2025-07-12 12:32:09,64,0.02
1295,L01,#9,GW252/13600,(2)停机状态,2,2025-07-12 12:30:58,2025-07-12 12:31:05,7,0
1296,L01,#9,GW252/13600,(1)停机过程,1,2025-07-12 12:30:26,2025-07-12 12:30:58,32,0.01
1297,L01,#9,GW252/13600,(4)启机状态,4,2025-07-12 12:25:26,2025-07-12 12:30:26,300,0.08
1298,L01,#9,GW252/13600,(3)待机状态,3,2025-07-12 12:24:09,2025-07-12 12:25:26,77,0.02
1299,L01,#9,GW252/13600,(1)停机过程,1,2025-07-12 12:23:37,2025-07-12 12:24:09,32,0.01
1300,L01,#9,GW252/13600,(4)启机状态,4,2025-07-12 12:18:37,2025-07-12 12:23:37,300,0.08
1301,L01,#9,GW252/13600,(3)待机状态,3,2025-07-12 12:16:34,2025-07-12 12:18:37,123,0.03
1302,L01,#9,GW252/13600,(2)停机状态,2,2025-07-12 12:16:01,2025-07-12 12:16:34,33,0.01
1303,L01,#9,GW252/13600,(1)停机过程,1,2025-07-12 12:15:29,2025-07-12 12:16:01,32,0.01
1304,L01,#9,GW252/13600,(4)启机状态,4,2025-07-12 12:10:28,2025-07-12 12:15:29,301,0.08
1305,L01,#9,GW252/13600,(3)待机状态,3,2025-07-12 12:08:45,2025-07-12 12:10:28,103,0.03
1306,L01,#9,GW252/13600,(2)停机状态,2,2025-07-12 12:03:08,2025-07-12 12:08:45,337,0.09
1307,L01,#9,GW252/13600,(1)停机过程,1,2025-07-12 12:02:37,2025-07-12 12:03:08,31,0.01
1308,L01,#9,GW252/13600,(4)启机状态,4,2025-07-12 11:57:37,2025-07-12 12:02:37,300,0.08
1309,L01,#9,GW252/13600,(3)待机状态,3,2025-07-12 11:56:11,2025-07-12 11:57:37,86,0.02
1310,L01,#9,GW252/13600,(2)停机状态,2,2025-07-12 11:56:10,2025-07-12 11:56:11,1,0
1311,L01,#9,GW252/13600,(1)停机过程,1,2025-07-12 11:55:38,2025-07-12 11:56:10,32,0.01
1312,L01,#9,GW252/13600,(4)启机状态,4,2025-07-12 11:50:38,2025-07-12 11:55:38,300,0.08
1313,L01,#9,GW252/13600,(3)待机状态,3,2025-07-12 11:49:14,2025-07-12 11:50:38,84,0.02
1314,L01,#9,GW252/13600,(2)停机状态,2,2025-07-12 11:48:24,2025-07-12 11:49:14,50,0.01
1315,L01,#9,GW252/13600,(1)停机过程,1,2025-07-12 11:47:53,2025-07-12 11:48:24,31,0.01
1316,L01,#9,GW252/13600,(4)启机状态,4,2025-07-12 11:42:53,2025-07-12 11:47:53,300,0.08
1317,L01,#9,GW252/13600,(3)待机状态,3,2025-07-12 11:41:45,2025-07-12 11:42:53,68,0.02
1318,L01,#9,GW252/13600,(2)停机状态,2,2025-07-12 11:41:43,2025-07-12 11:41:45,2,0
1319,L01,#9,GW252/13600,(1)停机过程,1,2025-07-12 11:41:11,2025-07-12 11:41:43,32,0.01
1320,L01,#9,GW252/13600,(4)启机状态,4,2025-07-12 11:36:11,2025-07-12 11:41:11,300,0.08
1321,L01,#9,GW252/13600,(3)待机状态,3,2025-07-12 11:35:09,2025-07-12 11:36:11,62,0.02
1322,L01,#9,GW252/13600,(2)停机状态,2,2025-07-12 11:35:08,2025-07-12 11:35:09,1,0
1323,L01,#9,GW252/13600,(1)停机过程,1,2025-07-12 11:34:37,2025-07-12 11:35:08,31,0.01
1324,L01,#9,GW252/13600,(4)启机状态,4,2025-07-12 11:29:37,2025-07-12 11:34:37,300,0.08
1325,L01,#9,GW252/13600,(3)待机状态,3,2025-07-12 11:28:26,2025-07-12 11:29:37,71,0.02
1326,L01,#9,GW252/13600,(2)停机状态,2,2025-07-12 11:28:25,2025-07-12 11:28:26,1,0
1327,L01,#9,GW252/13600,(1)停机过程,1,2025-07-12 11:27:53,2025-07-12 11:28:25,32,0.01
1328,L01,#9,GW252/13600,(4)启机状态,4,2025-07-12 11:22:53,2025-07-12 11:27:53,300,0.08
1329,L01,#9,GW252/13600,(3)待机状态,3,2025-07-12 11:21:07,2025-07-12 11:22:53,106,0.03
1330,L01,#9,GW252/13600,(2)停机状态,2,2025-07-12 11:20:33,2025-07-12 11:21:07,34,0.01
1331,L01,#9,GW252/13600,(1)停机过程,1,2025-07-12 11:20:01,2025-07-12 11:20:33,32,0.01
1332,L01,#9,GW252/13600,(4)启机状态,4,2025-07-12 11:15:01,2025-07-12 11:20:01,300,0.08
1333,L01,#9,GW252/13600,(3)待机状态,3,2025-07-12 11:13:54,2025-07-12 11:15:01,67,0.02
1334,L01,#9,GW252/13600,(2)停机状态,2,2025-07-12 11:13:53,2025-07-12 11:13:54,1,0
1335,L01,#9,GW252/13600,(1)停机过程,1,2025-07-12 11:13:21,2025-07-12 11:13:53,32,0.01
1336,L01,#9,GW252/13600,(4)启机状态,4,2025-07-12 11:08:21,2025-07-12 11:13:21,300,0.08
1337,L01,#9,GW252/13600,(3)待机状态,3,2025-07-12 11:07:02,2025-07-12 11:08:21,79,0.02
1338,L01,#9,GW252/13600,(2)停机状态,2,2025-07-12 11:05:50,2025-07-12 11:07:02,72,0.02
1339,L01,#9,GW252/13600,(1)停机过程,1,2025-07-12 11:05:18,2025-07-12 11:05:50,32,0.01
1340,L01,#9,GW252/13600,(4)启机状态,4,2025-07-12 11:00:19,2025-07-12 11:05:18,299,0.08
1341,L01,#9,GW252/13600,(3)待机状态,3,2025-07-12 10:58:46,2025-07-12 11:00:19,93,0.03
1342,L01,#9,GW252/13600,(2)停机状态,2,2025-07-12 10:58:07,2025-07-12 10:58:46,39,0.01
1343,L01,#9,GW252/13600,(1)停机过程,1,2025-07-12 10:57:36,2025-07-12 10:58:07,31,0.01
1344,L01,#9,GW252/13600,(4)启机状态,4,2025-07-12 10:52:36,2025-07-12 10:57:36,300,0.08
1345,L01,#9,GW252/13600,(3)待机状态,3,2025-07-12 10:50:57,2025-07-12 10:52:36,99,0.03
1346,L01,#9,GW252/13600,(2)停机状态,2,2025-07-12 10:50:02,2025-07-12 10:50:57,55,0.02
1347,L01,#9,GW252/13600,(1)停机过程,1,2025-07-12 10:49:32,2025-07-12 10:50:02,30,0.01
1348,L01,#9,GW252/13600,(4)启机状态,4,2025-07-12 10:44:32,2025-07-12 10:49:32,300,0.08
1349,L01,#9,GW252/13600,(3)待机状态,3,2025-07-12 10:29:17,2025-07-12 10:44:32,915,0.25
1350,L01,#9,GW252/13600,(2)停机状态,2,2025-07-12 10:23:40,2025-07-12 10:29:17,337,0.09
1351,L01,#9,GW252/13600,(1)停机过程,1,2025-07-12 10:23:08,2025-07-12 10:23:40,32,0.01
1352,L01,#9,GW252/13600,(4)启机状态,4,2025-07-12 10:18:09,2025-07-12 10:23:08,299,0.08
1353,L01,#9,GW252/13600,(3)待机状态,3,2025-07-12 09:33:47,2025-07-12 10:18:09,2662,0.74
1354,L01,#9,GW252/13600,(2)停机状态,2,2025-07-12 09:28:11,2025-07-12 09:33:47,336,0.09
1355,L01,#9,GW252/13600,(1)停机过程,1,2025-07-12 09:27:38,2025-07-12 09:28:11,33,0.01
1356,L01,#9,GW252/13600,(4)启机状态,4,2025-07-12 09:22:38,2025-07-12 09:27:38,300,0.08
1357,L01,#9,GW252/13600,(3)待机状态,3,2025-07-12 09:18:31,2025-07-12 09:22:38,247,0.07
1358,L01,#9,GW252/13600,(2)停机状态,2,2025-07-12 09:12:54,2025-07-12 09:18:31,337,0.09
1359,L01,#9,GW252/13600,(1)停机过程,1,2025-07-12 09:12:23,2025-07-12 09:12:54,31,0.01
1360,L01,#9,GW252/13600,(4)启机状态,4,2025-07-12 09:07:22,2025-07-12 09:12:23,301,0.08
1361,L01,#9,GW252/13600,(3)待机状态,3,2025-07-12 09:02:57,2025-07-12 09:07:22,265,0.07
1362,L01,#9,GW252/13600,(2)停机状态,2,2025-07-12 09:02:55,2025-07-12 09:02:57,2,0
1363,L01,#9,GW252/13600,(1)停机过程,1,2025-07-12 09:02:23,2025-07-12 09:02:55,32,0.01
1364,L01,#9,GW252/13600,(4)启机状态,4,2025-07-12 08:57:22,2025-07-12 09:02:23,301,0.08
1365,L01,#9,GW252/13600,(3)待机状态,3,2025-07-12 08:53:38,2025-07-12 08:57:22,224,0.06
1366,L01,#9,GW252/13600,(2)停机状态,2,2025-07-12 08:52:09,2025-07-12 08:53:38,89,0.02
1367,L01,#9,GW252/13600,(1)停机过程,1,2025-07-12 08:51:36,2025-07-12 08:52:09,33,0.01
1368,L01,#9,GW252/13600,(4)启机状态,4,2025-07-12 08:46:36,2025-07-12 08:51:36,300,0.08
1369,L01,#9,GW252/13600,(3)待机状态,3,2025-07-12 08:44:24,2025-07-12 08:46:36,132,0.04
1370,L01,#9,GW252/13600,(2)停机状态,2,2025-07-12 08:44:22,2025-07-12 08:44:24,2,0
1371,L01,#9,GW252/13600,(1)停机过程,1,2025-07-12 08:43:51,2025-07-12 08:44:22,31,0.01
1372,L01,#9,GW252/13600,(4)启机状态,4,2025-07-12 08:38:50,2025-07-12 08:43:51,301,0.08
1373,L01,#9,GW252/13600,(3)待机状态,3,2025-07-12 08:33:29,2025-07-12 08:38:50,321,0.09
1374,L01,#9,GW252/13600,(2)停机状态,2,2025-07-12 07:55:38,2025-07-12 08:33:29,2271,0.63
1375,L01,#9,GW252/13600,(1)停机过程,1,2025-07-12 07:55:06,2025-07-12 07:55:38,32,0.01
1376,L01,#9,GW252/13600,(4)启机状态,4,2025-07-12 07:50:06,2025-07-12 07:55:06,300,0.08
1377,L01,#9,GW252/13600,(3)待机状态,3,2025-07-12 06:43:54,2025-07-12 07:50:06,3972,1.1
1378,L01,#9,GW252/13600,(2)停机状态,2,2025-07-12 06:38:17,2025-07-12 06:43:54,337,0.09
1379,L01,#9,GW252/13600,(1)停机过程,1,2025-07-12 06:37:46,2025-07-12 06:38:17,31,0.01
1380,L01,#9,GW252/13600,(4)启机状态,4,2025-07-12 06:32:46,2025-07-12 06:37:46,300,0.08
1381,L01,#9,GW252/13600,(3)待机状态,3,2025-07-12 06:23:48,2025-07-12 06:32:46,538,0.15
1382,L01,#9,GW252/13600,(2)停机状态,2,2025-07-12 06:21:54,2025-07-12 06:23:48,114,0.03
1383,L01,#9,GW252/13600,(1)停机过程,1,2025-07-12 06:20:57,2025-07-12 06:21:54,57,0.02
1384,L01,#9,GW252/13600,(5)发电状态,5,2025-07-12 06:17:30,2025-07-12 06:20:57,207,0.06
1385,L01,#9,GW252/13600,(4)启机状态,4,2025-07-12 06:15:01,2025-07-12 06:17:30,149,0.04
1386,L01,#9,GW252/13600,(3)待机状态,3,2025-07-12 06:14:09,2025-07-12 06:15:01,52,0.01
1387,L01,#9,GW252/13600,(2)停机状态,2,2025-07-12 06:14:08,2025-07-12 06:14:09,1,0
1388,L01,#9,GW252/13600,(1)停机过程,1,2025-07-12 06:13:19,2025-07-12 06:14:08,49,0.01
1389,L01,#9,GW252/13600,(4)启机状态,4,2025-07-12 06:08:19,2025-07-12 06:13:19,300,0.08
1390,L01,#9,GW252/13600,(3)待机状态,3,2025-07-12 06:07:24,2025-07-12 06:08:19,55,0.02
1391,L01,#9,GW252/13600,(2)停机状态,2,2025-07-12 06:07:22,2025-07-12 06:07:24,2,0
1392,L01,#9,GW252/13600,(1)停机过程,1,2025-07-12 06:06:51,2025-07-12 06:07:22,31,0.01
1393,L01,#9,GW252/13600,(4)启机状态,4,2025-07-12 06:01:50,2025-07-12 06:06:51,301,0.08
1394,L01,#9,GW252/13600,(3)待机状态,3,2025-07-12 06:00:33,2025-07-12 06:01:50,77,0.02
1395,L01,#9,GW252/13600,(2)停机状态,2,2025-07-12 05:59:45,2025-07-12 06:00:33,48,0.01
1396,L01,#9,GW252/13600,(1)停机过程,1,2025-07-12 05:58:47,2025-07-12 05:59:45,58,0.02
1397,L01,#9,GW252/13600,(5)发电状态,5,2025-07-12 05:26:22,2025-07-12 05:58:47,1945,0.54
1398,L01,#9,GW252/13600,(4)启机状态,4,2025-07-12 05:22:18,2025-07-12 05:26:22,244,0.07
1399,L01,#9,GW252/13600,(3)待机状态,3,2025-07-12 05:21:26,2025-07-12 05:22:18,52,0.01
1400,L01,#9,GW252/13600,(2)停机状态,2,2025-07-12 05:21:25,2025-07-12 05:21:26,1,0
1401,L01,#9,GW252/13600,(1)停机过程,1,2025-07-12 05:20:54,2025-07-12 05:21:25,31,0.01
1402,L01,#9,GW252/13600,(4)启机状态,4,2025-07-12 05:15:54,2025-07-12 05:20:54,300,0.08
1403,L01,#9,GW252/13600,(3)待机状态,3,2025-07-12 05:14:51,2025-07-12 05:15:54,63,0.02
1404,L01,#9,GW252/13600,(2)停机状态,2,2025-07-12 05:14:50,2025-07-12 05:14:51,1,0
1405,L01,#9,GW252/13600,(1)停机过程,1,2025-07-12 05:14:17,2025-07-12 05:14:50,33,0.01
1406,L01,#9,GW252/13600,(4)启机状态,4,2025-07-12 05:09:17,2025-07-12 05:14:17,300,0.08
1407,L01,#9,GW252/13600,(3)待机状态,3,2025-07-12 05:08:16,2025-07-12 05:09:17,61,0.02
1408,L01,#9,GW252/13600,(2)停机状态,2,2025-07-12 05:06:52,2025-07-12 05:08:16,84,0.02
1409,L01,#9,GW252/13600,(1)停机过程,1,2025-07-12 05:06:21,2025-07-12 05:06:52,31,0.01
1410,L01,#9,GW252/13600,(4)启机状态,4,2025-07-12 05:01:21,2025-07-12 05:06:21,300,0.08
1411,L01,#9,GW252/13600,(3)待机状态,3,2025-07-12 05:00:18,2025-07-12 05:01:21,63,0.02
1412,L01,#9,GW252/13600,(2)停机状态,2,2025-07-12 05:00:17,2025-07-12 05:00:18,1,0
1413,L01,#9,GW252/13600,(1)停机过程,1,2025-07-12 04:59:21,2025-07-12 05:00:17,56,0.02
1414,L01,#9,GW252/13600,(4)启机状态,4,2025-07-12 04:54:21,2025-07-12 04:59:21,300,0.08
1415,L01,#9,GW252/13600,(3)待机状态,3,2025-07-12 04:52:47,2025-07-12 04:54:21,94,0.03
1416,L01,#9,GW252/13600,(2)停机状态,2,2025-07-12 04:47:11,2025-07-12 04:52:47,336,0.09
1417,L01,#9,GW252/13600,(1)停机过程,1,2025-07-12 04:46:38,2025-07-12 04:47:11,33,0.01
1418,L01,#9,GW252/13600,(4)启机状态,4,2025-07-12 04:41:38,2025-07-12 04:46:38,300,0.08
1419,L01,#9,GW252/13600,(3)待机状态,3,2025-07-12 04:33:32,2025-07-12 04:41:38,486,0.14
1420,L01,#9,GW252/13600,(2)停机状态,2,2025-07-12 04:27:55,2025-07-12 04:33:32,337,0.09
1421,L01,#9,GW252/13600,(1)停机过程,1,2025-07-12 04:26:57,2025-07-12 04:27:55,58,0.02
1422,L01,#9,GW252/13600,(5)发电状态,5,2025-07-12 04:11:58,2025-07-12 04:26:57,899,0.25
1423,L01,#9,GW252/13600,(4)启机状态,4,2025-07-12 04:07:53,2025-07-12 04:11:58,245,0.07
1424,L01,#9,GW252/13600,(3)待机状态,3,2025-07-12 04:07:12,2025-07-12 04:07:53,41,0.01
1425,L01,#9,GW252/13600,(2)停机状态,2,2025-07-12 04:07:11,2025-07-12 04:07:12,1,0
1426,L01,#9,GW252/13600,(1)停机过程,1,2025-07-12 04:06:38,2025-07-12 04:07:11,33,0.01
1427,L01,#9,GW252/13600,(4)启机状态,4,2025-07-12 04:01:38,2025-07-12 04:06:38,300,0.08
1428,L01,#9,GW252/13600,(3)待机状态,3,2025-07-12 03:04:31,2025-07-12 04:01:38,3427,0.95
1429,L01,#9,GW252/13600,(2)停机状态,2,2025-07-12 02:58:54,2025-07-12 03:04:31,337,0.09
1430,L01,#9,GW252/13600,(1)停机过程,1,2025-07-12 02:57:56,2025-07-12 02:58:54,58,0.02
1431,L01,#9,GW252/13600,(5)发电状态,5,2025-07-12 02:32:16,2025-07-12 02:57:56,1540,0.43
1432,L01,#9,GW252/13600,(4)启机状态,4,2025-07-12 02:28:33,2025-07-12 02:32:16,223,0.06
1433,L01,#9,GW252/13600,(3)待机状态,3,2025-07-12 02:27:34,2025-07-12 02:28:33,59,0.02
1434,L01,#9,GW252/13600,(2)停机状态,2,2025-07-12 02:27:32,2025-07-12 02:27:34,2,0
1435,L01,#9,GW252/13600,(1)停机过程,1,2025-07-12 02:27:01,2025-07-12 02:27:32,31,0.01
1436,L01,#9,GW252/13600,(4)启机状态,4,2025-07-12 02:22:01,2025-07-12 02:27:01,300,0.08
1437,L01,#9,GW252/13600,(3)待机状态,3,2025-07-12 02:20:22,2025-07-12 02:22:01,99,0.03
1438,L01,#9,GW252/13600,(2)停机状态,2,2025-07-12 02:14:44,2025-07-12 02:20:22,338,0.09
1439,L01,#9,GW252/13600,(1)停机过程,1,2025-07-12 02:13:48,2025-07-12 02:14:44,56,0.02
1440,L01,#9,GW252/13600,(5)发电状态,5,2025-07-12 01:31:40,2025-07-12 02:13:48,2528,0.7
1441,L01,#9,GW252/13600,(4)启机状态,4,2025-07-12 01:28:39,2025-07-12 01:31:40,181,0.05
1442,L01,#9,GW252/13600,(3)待机状态,3,2025-07-12 01:27:47,2025-07-12 01:28:39,52,0.01
1443,L01,#9,GW252/13600,(2)停机状态,2,2025-07-12 01:27:44,2025-07-12 01:27:47,3,0
1444,L01,#9,GW252/13600,(1)停机过程,1,2025-07-12 01:27:13,2025-07-12 01:27:44,31,0.01
1445,L01,#9,GW252/13600,(4)启机状态,4,2025-07-12 01:22:13,2025-07-12 01:27:13,300,0.08
1446,L01,#9,GW252/13600,(3)待机状态,3,2025-07-12 01:21:27,2025-07-12 01:22:13,46,0.01
1447,L01,#9,GW252/13600,(2)停机状态,2,2025-07-12 01:21:26,2025-07-12 01:21:27,1,0
1448,L01,#9,GW252/13600,(1)停机过程,1,2025-07-12 01:20:30,2025-07-12 01:21:26,56,0.02
1449,L01,#9,GW252/13600,(4)启机状态,4,2025-07-12 01:15:30,2025-07-12 01:20:30,300,0.08
1450,L01,#9,GW252/13600,(3)待机状态,3,2025-07-12 01:14:21,2025-07-12 01:15:30,69,0.02
1451,L01,#9,GW252/13600,(2)停机状态,2,2025-07-12 01:14:20,2025-07-12 01:14:21,1,0
1452,L01,#9,GW252/13600,(1)停机过程,1,2025-07-12 01:13:48,2025-07-12 01:14:20,32,0.01
1453,L01,#9,GW252/13600,(4)启机状态,4,2025-07-12 01:08:48,2025-07-12 01:13:48,300,0.08
1454,L01,#9,GW252/13600,(3)待机状态,3,2025-07-12 01:07:51,2025-07-12 01:08:48,57,0.02
1455,L01,#9,GW252/13600,(2)停机状态,2,2025-07-12 01:07:49,2025-07-12 01:07:51,2,0
1456,L01,#9,GW252/13600,(1)停机过程,1,2025-07-12 01:07:18,2025-07-12 01:07:49,31,0.01
1457,L01,#9,GW252/13600,(4)启机状态,4,2025-07-12 01:02:17,2025-07-12 01:07:18,301,0.08
1458,L01,#9,GW252/13600,(3)待机状态,3,2025-07-12 01:01:18,2025-07-12 01:02:17,59,0.02
1459,L01,#9,GW252/13600,(2)停机状态,2,2025-07-12 01:01:10,2025-07-12 01:01:18,8,0
1460,L01,#9,GW252/13600,(1)停机过程,1,2025-07-12 01:00:14,2025-07-12 01:01:10,56,0.02
1461,L01,#9,GW252/13600,(5)发电状态,5,2025-07-12 00:02:43,2025-07-12 01:00:14,3451,0.96
1462,L01,#9,GW252/13600,(4)启机状态,4,2025-07-12 00:01:43,2025-07-12 00:02:43,60,0.02
1463,L01,#9,GW252/13600,(3)待机状态,3,2025-07-12 00:00:33,2025-07-12 00:01:43,70,0.02
1464,L01,#9,GW252/13600,(2)停机状态,2,2025-07-12 00:00:31,2025-07-12 00:00:33,2,0
1465,L01,#9,GW252/13600,(1)停机过程,1,2025-07-11 23:59:43,2025-07-12 00:00:31,48,0.01
1466,L01,#9,GW252/13600,(4)启机状态,4,2025-07-11 23:54:42,2025-07-11 23:59:43,301,0.08
1467,L01,#9,GW252/13600,(3)待机状态,3,2025-07-11 23:53:47,2025-07-11 23:54:42,55,0.02
1468,L01,#9,GW252/13600,(2)停机状态,2,2025-07-11 23:53:46,2025-07-11 23:53:47,1,0
1469,L01,#9,GW252/13600,(1)停机过程,1,2025-07-11 23:53:13,2025-07-11 23:53:46,33,0.01
1470,L01,#9,GW252/13600,(4)启机状态,4,2025-07-11 23:48:13,2025-07-11 23:53:13,300,0.08
1471,L01,#9,GW252/13600,(3)待机状态,3,2025-07-11 23:47:22,2025-07-11 23:48:13,51,0.01
1472,L01,#9,GW252/13600,(2)停机状态,2,2025-07-11 23:47:20,2025-07-11 23:47:22,2,0
1473,L01,#9,GW252/13600,(1)停机过程,1,2025-07-11 23:46:47,2025-07-11 23:47:20,33,0.01
1474,L01,#9,GW252/13600,(4)启机状态,4,2025-07-11 23:41:48,2025-07-11 23:46:47,299,0.08
1475,L01,#9,GW252/13600,(3)待机状态,3,2025-07-11 23:40:46,2025-07-11 23:41:48,62,0.02
1476,L01,#9,GW252/13600,(2)停机状态,2,2025-07-11 23:40:44,2025-07-11 23:40:46,2,0
1477,L01,#9,GW252/13600,(1)停机过程,1,2025-07-11 23:40:14,2025-07-11 23:40:44,30,0.01
1478,L01,#9,GW252/13600,(4)启机状态,4,2025-07-11 23:35:14,2025-07-11 23:40:14,300,0.08
1479,L01,#9,GW252/13600,(3)待机状态,3,2025-07-11 23:33:34,2025-07-11 23:35:14,100,0.03
1480,L01,#9,GW252/13600,(2)停机状态,2,2025-07-11 23:30:10,2025-07-11 23:33:34,204,0.06
1481,L01,#9,GW252/13600,(1)停机过程,1,2025-07-11 23:29:14,2025-07-11 23:30:10,56,0.02
1482,L01,#9,GW252/13600,(5)发电状态,5,2025-07-11 21:55:22,2025-07-11 23:29:14,5632,1.56
1483,L01,#9,GW252/13600,(4)启机状态,4,2025-07-11 21:53:24,2025-07-11 21:55:22,118,0.03
1484,L01,#9,GW252/13600,(3)待机状态,3,2025-07-11 21:52:34,2025-07-11 21:53:24,50,0.01
1485,L01,#9,GW252/13600,(2)停机状态,2,2025-07-11 21:52:33,2025-07-11 21:52:34,1,0
1486,L01,#9,GW252/13600,(1)停机过程,1,2025-07-11 21:51:58,2025-07-11 21:52:33,35,0.01
1487,L01,#9,GW252/13600,(4)启机状态,4,2025-07-11 21:46:58,2025-07-11 21:51:58,300,0.08
1488,L01,#9,GW252/13600,(3)待机状态,3,2025-07-11 21:46:03,2025-07-11 21:46:58,55,0.02
1489,L01,#9,GW252/13600,(2)停机状态,2,2025-07-11 21:46:02,2025-07-11 21:46:03,1,0
1490,L01,#9,GW252/13600,(1)停机过程,1,2025-07-11 21:45:30,2025-07-11 21:46:02,32,0.01
1491,L01,#9,GW252/13600,(4)启机状态,4,2025-07-11 21:40:30,2025-07-11 21:45:30,300,0.08
1492,L01,#9,GW252/13600,(3)待机状态,3,2025-07-11 21:39:33,2025-07-11 21:40:30,57,0.02
1493,L01,#9,GW252/13600,(2)停机状态,2,2025-07-11 21:39:31,2025-07-11 21:39:33,2,0
1494,L01,#9,GW252/13600,(1)停机过程,1,2025-07-11 21:39:00,2025-07-11 21:39:31,31,0.01
1495,L01,#9,GW252/13600,(4)启机状态,4,2025-07-11 21:33:59,2025-07-11 21:39:00,301,0.08
1496,L01,#9,GW252/13600,(3)待机状态,3,2025-07-11 21:33:00,2025-07-11 21:33:59,59,0.02
1497,L01,#9,GW252/13600,(2)停机状态,2,2025-07-11 21:32:59,2025-07-11 21:33:00,1,0
1498,L01,#9,GW252/13600,(1)停机过程,1,2025-07-11 21:32:27,2025-07-11 21:32:59,32,0.01
1499,L01,#9,GW252/13600,(4)启机状态,4,2025-07-11 21:27:27,2025-07-11 21:32:27,300,0.08
1500,L01,#9,GW252/13600,(3)待机状态,3,2025-07-11 21:26:28,2025-07-11 21:27:27,59,0.02
1501,L01,#9,GW252/13600,(2)停机状态,2,2025-07-11 21:26:27,2025-07-11 21:26:28,1,0
1502,L01,#9,GW252/13600,(1)停机过程,1,2025-07-11 21:25:55,2025-07-11 21:26:27,32,0.01
1503,L01,#9,GW252/13600,(4)启机状态,4,2025-07-11 21:20:55,2025-07-11 21:25:55,300,0.08
1504,L01,#9,GW252/13600,(3)待机状态,3,2025-07-11 21:19:58,2025-07-11 21:20:55,57,0.02
1505,L01,#9,GW252/13600,(2)停机状态,2,2025-07-11 21:19:57,2025-07-11 21:19:58,1,0
1506,L01,#9,GW252/13600,(1)停机过程,1,2025-07-11 21:19:25,2025-07-11 21:19:57,32,0.01
1507,L01,#9,GW252/13600,(4)启机状态,4,2025-07-11 21:14:25,2025-07-11 21:19:25,300,0.08
1508,L01,#9,GW252/13600,(3)待机状态,3,2025-07-11 21:13:30,2025-07-11 21:14:25,55,0.02
1509,L01,#9,GW252/13600,(2)停机状态,2,2025-07-11 21:13:28,2025-07-11 21:13:30,2,0
1510,L01,#9,GW252/13600,(1)停机过程,1,2025-07-11 21:12:56,2025-07-11 21:13:28,32,0.01
1511,L01,#9,GW252/13600,(4)启机状态,4,2025-07-11 21:07:56,2025-07-11 21:12:56,300,0.08
1512,L01,#9,GW252/13600,(3)待机状态,3,2025-07-11 21:06:40,2025-07-11 21:07:56,76,0.02
1513,L01,#9,GW252/13600,(2)停机状态,2,2025-07-11 21:05:09,2025-07-11 21:06:40,91,0.03
1514,L01,#9,GW252/13600,(1)停机过程,1,2025-07-11 21:04:38,2025-07-11 21:05:09,31,0.01
1515,L01,#9,GW252/13600,(4)启机状态,4,2025-07-11 20:59:38,2025-07-11 21:04:38,300,0.08
1516,L01,#9,GW252/13600,(3)待机状态,3,2025-07-11 20:58:02,2025-07-11 20:59:38,96,0.03
1517,L01,#9,GW252/13600,(2)停机状态,2,2025-07-11 20:57:58,2025-07-11 20:58:02,4,0
1518,L01,#9,GW252/13600,(1)停机过程,1,2025-07-11 20:57:27,2025-07-11 20:57:58,31,0.01
1519,L01,#9,GW252/13600,(4)启机状态,4,2025-07-11 20:52:27,2025-07-11 20:57:27,300,0.08
1520,L01,#9,GW252/13600,(3)待机状态,3,2025-07-11 20:48:28,2025-07-11 20:52:27,239,0.07
1521,L01,#9,GW252/13600,(2)停机状态,2,2025-07-11 20:42:51,2025-07-11 20:48:28,337,0.09
1522,L01,#9,GW252/13600,(1)停机过程,1,2025-07-11 20:42:19,2025-07-11 20:42:51,32,0.01
1523,L01,#9,GW252/13600,(4)启机状态,4,2025-07-11 20:37:19,2025-07-11 20:42:19,300,0.08
1524,L01,#9,GW252/13600,(3)待机状态,3,2025-07-11 20:35:43,2025-07-11 20:37:19,96,0.03
1525,L01,#9,GW252/13600,(2)停机状态,2,2025-07-11 20:33:22,2025-07-11 20:35:43,141,0.04
1526,L01,#9,GW252/13600,(1)停机过程,1,2025-07-11 20:32:50,2025-07-11 20:33:22,32,0.01
1527,L01,#9,GW252/13600,(4)启机状态,4,2025-07-11 20:27:50,2025-07-11 20:32:50,300,0.08
1528,L01,#9,GW252/13600,(3)待机状态,3,2025-07-11 20:21:56,2025-07-11 20:27:50,354,0.1
1529,L01,#9,GW252/13600,(2)停机状态,2,2025-07-11 20:18:43,2025-07-11 20:21:56,193,0.05
1530,L01,#9,GW252/13600,(1)停机过程,1,2025-07-11 20:18:11,2025-07-11 20:18:43,32,0.01
1531,L01,#9,GW252/13600,(4)启机状态,4,2025-07-11 20:13:10,2025-07-11 20:18:11,301,0.08
1532,L01,#9,GW252/13600,(3)待机状态,3,2025-07-11 20:11:29,2025-07-11 20:13:10,101,0.03
1533,L01,#9,GW252/13600,(2)停机状态,2,2025-07-11 20:07:26,2025-07-11 20:11:29,243,0.07
1534,L01,#9,GW252/13600,(1)停机过程,1,2025-07-11 20:06:55,2025-07-11 20:07:26,31,0.01
1535,L01,#9,GW252/13600,(4)启机状态,4,2025-07-11 20:01:55,2025-07-11 20:06:55,300,0.08
1536,L01,#9,GW252/13600,(3)待机状态,3,2025-07-11 19:51:36,2025-07-11 20:01:55,619,0.17
1537,L01,#9,GW252/13600,(2)停机状态,2,2025-07-11 19:50:26,2025-07-11 19:51:36,70,0.02
1538,L01,#9,GW252/13600,(1)停机过程,1,2025-07-11 19:49:56,2025-07-11 19:50:26,30,0.01
1539,L01,#9,GW252/13600,(4)启机状态,4,2025-07-11 19:44:56,2025-07-11 19:49:56,300,0.08
1540,L01,#9,GW252/13600,(3)待机状态,3,2025-07-11 19:43:11,2025-07-11 19:44:56,105,0.03
1541,L01,#9,GW252/13600,(2)停机状态,2,2025-07-11 19:42:33,2025-07-11 19:43:11,38,0.01
1542,L01,#9,GW252/13600,(1)停机过程,1,2025-07-11 19:42:01,2025-07-11 19:42:33,32,0.01
1543,L01,#9,GW252/13600,(4)启机状态,4,2025-07-11 19:37:01,2025-07-11 19:42:01,300,0.08
1544,L01,#9,GW252/13600,(3)待机状态,3,2025-07-11 19:32:37,2025-07-11 19:37:01,264,0.07
1545,L01,#9,GW252/13600,(2)停机状态,2,2025-07-11 19:27:01,2025-07-11 19:32:37,336,0.09
1546,L01,#9,GW252/13600,(1)停机过程,1,2025-07-11 19:26:28,2025-07-11 19:27:01,33,0.01
1547,L01,#9,GW252/13600,(4)启机状态,4,2025-07-11 19:21:28,2025-07-11 19:26:28,300,0.08
1548,L01,#9,GW252/13600,(3)待机状态,3,2025-07-11 19:18:53,2025-07-11 19:21:28,155,0.04
1549,L01,#9,GW252/13600,(2)停机状态,2,2025-07-11 19:15:06,2025-07-11 19:18:53,227,0.06
1550,L01,#9,GW252/13600,(1)停机过程,1,2025-07-11 19:14:35,2025-07-11 19:15:06,31,0.01
1551,L01,#9,GW252/13600,(4)启机状态,4,2025-07-11 19:09:35,2025-07-11 19:14:35,300,0.08
1552,L01,#9,GW252/13600,(3)待机状态,3,2025-07-11 19:08:01,2025-07-11 19:09:35,94,0.03
1553,L01,#9,GW252/13600,(2)停机状态,2,2025-07-11 19:06:44,2025-07-11 19:08:01,77,0.02
1554,L01,#9,GW252/13600,(1)停机过程,1,2025-07-11 19:06:14,2025-07-11 19:06:44,30,0.01
1555,L01,#9,GW252/13600,(4)启机状态,4,2025-07-11 19:01:14,2025-07-11 19:06:14,300,0.08
1556,L01,#9,GW252/13600,(3)待机状态,3,2025-07-11 18:59:36,2025-07-11 19:01:14,98,0.03
1557,L01,#9,GW252/13600,(2)停机状态,2,2025-07-11 18:54:00,2025-07-11 18:59:36,336,0.09
1558,L01,#9,GW252/13600,(1)停机过程,1,2025-07-11 18:53:28,2025-07-11 18:54:00,32,0.01
1559,L01,#9,GW252/13600,(4)启机状态,4,2025-07-11 18:48:28,2025-07-11 18:53:28,300,0.08
1560,L01,#9,GW252/13600,(3)待机状态,3,2025-07-11 18:46:38,2025-07-11 18:48:28,110,0.03
1561,L01,#9,GW252/13600,(2)停机状态,2,2025-07-11 18:45:21,2025-07-11 18:46:38,77,0.02
1562,L01,#9,GW252/13600,(1)停机过程,1,2025-07-11 18:44:50,2025-07-11 18:45:21,31,0.01
1563,L01,#9,GW252/13600,(4)启机状态,4,2025-07-11 18:39:50,2025-07-11 18:44:50,300,0.08
1564,L01,#9,GW252/13600,(3)待机状态,3,2025-07-11 18:38:11,2025-07-11 18:39:50,99,0.03
1565,L01,#9,GW252/13600,(2)停机状态,2,2025-07-11 18:38:10,2025-07-11 18:38:11,1,0
1566,L01,#9,GW252/13600,(1)停机过程,1,2025-07-11 18:37:37,2025-07-11 18:38:10,33,0.01
1567,L01,#9,GW252/13600,(4)启机状态,4,2025-07-11 18:32:38,2025-07-11 18:37:37,299,0.08
1568,L01,#9,GW252/13600,(3)待机状态,3,2025-07-11 18:31:43,2025-07-11 18:32:38,55,0.02
1569,L01,#9,GW252/13600,(2)停机状态,2,2025-07-11 18:31:42,2025-07-11 18:31:43,1,0
1570,L01,#9,GW252/13600,(1)停机过程,1,2025-07-11 18:31:12,2025-07-11 18:31:42,30,0.01
1571,L01,#9,GW252/13600,(4)启机状态,4,2025-07-11 18:26:12,2025-07-11 18:31:12,300,0.08
1572,L01,#9,GW252/13600,(3)待机状态,3,2025-07-11 18:25:19,2025-07-11 18:26:12,53,0.01
1573,L01,#9,GW252/13600,(2)停机状态,2,2025-07-11 18:25:17,2025-07-11 18:25:19,2,0
1574,L01,#9,GW252/13600,(1)停机过程,1,2025-07-11 18:24:45,2025-07-11 18:25:17,32,0.01
1575,L01,#9,GW252/13600,(4)启机状态,4,2025-07-11 18:19:44,2025-07-11 18:24:45,301,0.08
1576,L01,#9,GW252/13600,(3)待机状态,3,2025-07-11 18:18:46,2025-07-11 18:19:44,58,0.02
1577,L01,#9,GW252/13600,(2)停机状态,2,2025-07-11 18:18:44,2025-07-11 18:18:46,2,0
1578,L01,#9,GW252/13600,(1)停机过程,1,2025-07-11 18:18:13,2025-07-11 18:18:44,31,0.01
1579,L01,#9,GW252/13600,(4)启机状态,4,2025-07-11 18:13:13,2025-07-11 18:18:13,300,0.08
1580,L01,#9,GW252/13600,(3)待机状态,3,2025-07-11 18:12:12,2025-07-11 18:13:13,61,0.02
1581,L01,#9,GW252/13600,(2)停机状态,2,2025-07-11 18:12:09,2025-07-11 18:12:12,3,0
1582,L01,#9,GW252/13600,(1)停机过程,1,2025-07-11 18:11:36,2025-07-11 18:12:09,33,0.01
1583,L01,#9,GW252/13600,(4)启机状态,4,2025-07-11 18:06:38,2025-07-11 18:11:36,298,0.08
1584,L01,#9,GW252/13600,(3)待机状态,3,2025-07-11 18:05:28,2025-07-11 18:06:38,70,0.02
1585,L01,#9,GW252/13600,(2)停机状态,2,2025-07-11 18:04:59,2025-07-11 18:05:28,29,0.01
1586,L01,#9,GW252/13600,(1)停机过程,1,2025-07-11 18:04:28,2025-07-11 18:04:59,31,0.01
1587,L01,#9,GW252/13600,(4)启机状态,4,2025-07-11 17:59:28,2025-07-11 18:04:28,300,0.08
1588,L01,#9,GW252/13600,(3)待机状态,3,2025-07-11 17:56:05,2025-07-11 17:59:28,203,0.06
1589,L01,#9,GW252/13600,(2)停机状态,2,2025-07-11 17:54:08,2025-07-11 17:56:05,117,0.03
1590,L01,#9,GW252/13600,(1)停机过程,1,2025-07-11 17:53:36,2025-07-11 17:54:08,32,0.01
1591,L01,#9,GW252/13600,(4)启机状态,4,2025-07-11 17:48:36,2025-07-11 17:53:36,300,0.08
1592,L01,#9,GW252/13600,(3)待机状态,3,2025-07-11 17:46:04,2025-07-11 17:48:36,152,0.04
1593,L01,#9,GW252/13600,(2)停机状态,2,2025-07-11 17:45:02,2025-07-11 17:46:04,62,0.02
1594,L01,#9,GW252/13600,(1)停机过程,1,2025-07-11 17:44:30,2025-07-11 17:45:02,32,0.01
1595,L01,#9,GW252/13600,(4)启机状态,4,2025-07-11 17:39:30,2025-07-11 17:44:30,300,0.08
1596,L01,#9,GW252/13600,(3)待机状态,3,2025-07-11 17:38:23,2025-07-11 17:39:30,67,0.02
1597,L01,#9,GW252/13600,(2)停机状态,2,2025-07-11 17:32:46,2025-07-11 17:38:23,337,0.09
1598,L01,#9,GW252/13600,(1)停机过程,1,2025-07-11 17:32:14,2025-07-11 17:32:46,32,0.01
1599,L01,#9,GW252/13600,(4)启机状态,4,2025-07-11 17:27:14,2025-07-11 17:32:14,300,0.08
1600,L01,#9,GW252/13600,(3)待机状态,3,2025-07-11 17:25:15,2025-07-11 17:27:14,119,0.03
1601,L01,#9,GW252/13600,(2)停机状态,2,2025-07-11 17:25:07,2025-07-11 17:25:15,8,0
1602,L01,#9,GW252/13600,(1)停机过程,1,2025-07-11 17:24:35,2025-07-11 17:25:07,32,0.01
1603,L01,#9,GW252/13600,(4)启机状态,4,2025-07-11 17:19:35,2025-07-11 17:24:35,300,0.08
1604,L01,#9,GW252/13600,(3)待机状态,3,2025-07-11 13:02:06,2025-07-11 17:19:35,15449,4.29
1605,L01,#9,GW252/13600,(2)停机状态,2,2025-07-11 12:56:30,2025-07-11 13:02:06,336,0.09
1606,L01,#9,GW252/13600,(1)停机过程,1,2025-07-11 12:55:57,2025-07-11 12:56:30,33,0.01
1607,L01,#9,GW252/13600,(4)启机状态,4,2025-07-11 12:50:58,2025-07-11 12:55:57,299,0.08
1608,L01,#9,GW252/13600,(3)待机状态,3,2025-07-11 12:45:05,2025-07-11 12:50:58,353,0.1
1609,L01,#9,GW252/13600,(2)停机状态,2,2025-07-11 12:39:29,2025-07-11 12:45:05,336,0.09
1610,L01,#9,GW252/13600,(1)停机过程,1,2025-07-11 12:38:57,2025-07-11 12:39:29,32,0.01
1611,L01,#9,GW252/13600,(4)启机状态,4,2025-07-11 12:33:57,2025-07-11 12:38:57,300,0.08
1612,L01,#9,GW252/13600,(3)待机状态,3,2025-07-11 12:30:10,2025-07-11 12:33:57,227,0.06
1613,L01,#9,GW252/13600,(2)停机状态,2,2025-07-11 12:26:30,2025-07-11 12:30:10,220,0.06
1614,L01,#9,GW252/13600,(1)停机过程,1,2025-07-11 12:26:00,2025-07-11 12:26:30,30,0.01
1615,L01,#9,GW252/13600,(4)启机状态,4,2025-07-11 12:21:00,2025-07-11 12:26:00,300,0.08
1616,L01,#9,GW252/13600,(3)待机状态,3,2025-07-11 12:16:56,2025-07-11 12:21:00,244,0.07
1617,L01,#9,GW252/13600,(2)停机状态,2,2025-07-11 12:16:13,2025-07-11 12:16:56,43,0.01
1618,L01,#9,GW252/13600,(1)停机过程,1,2025-07-11 12:15:42,2025-07-11 12:16:13,31,0.01
1619,L01,#9,GW252/13600,(4)启机状态,4,2025-07-11 12:10:42,2025-07-11 12:15:42,300,0.08
1620,L01,#9,GW252/13600,(3)待机状态,3,2025-07-11 12:08:47,2025-07-11 12:10:42,115,0.03
1621,L01,#9,GW252/13600,(2)停机状态,2,2025-07-11 12:08:17,2025-07-11 12:08:47,30,0.01
1622,L01,#9,GW252/13600,(1)停机过程,1,2025-07-11 12:07:46,2025-07-11 12:08:17,31,0.01
1623,L01,#9,GW252/13600,(4)启机状态,4,2025-07-11 12:02:47,2025-07-11 12:07:46,299,0.08
1624,L01,#9,GW252/13600,(3)待机状态,3,2025-07-11 11:53:46,2025-07-11 12:02:47,541,0.15
1625,L01,#9,GW252/13600,(2)停机状态,2,2025-07-11 11:53:08,2025-07-11 11:53:46,38,0.01
1626,L01,#9,GW252/13600,(1)停机过程,1,2025-07-11 11:52:37,2025-07-11 11:53:08,31,0.01
1627,L01,#9,GW252/13600,(4)启机状态,4,2025-07-11 11:47:37,2025-07-11 11:52:37,300,0.08
1628,L01,#9,GW252/13600,(3)待机状态,3,2025-07-11 09:57:34,2025-07-11 11:47:37,6603,1.83
1629,L01,#9,GW252/13600,(2)停机状态,2,2025-07-11 09:51:58,2025-07-11 09:57:34,336,0.09
1630,L01,#9,GW252/13600,(1)停机过程,1,2025-07-11 09:51:25,2025-07-11 09:51:58,33,0.01
1631,L01,#9,GW252/13600,(4)启机状态,4,2025-07-11 09:46:25,2025-07-11 09:51:25,300,0.08
1632,L01,#9,GW252/13600,(3)待机状态,3,2025-07-11 09:43:38,2025-07-11 09:46:25,167,0.05
1633,L01,#9,GW252/13600,(2)停机状态,2,2025-07-11 09:43:08,2025-07-11 09:43:38,30,0.01
1634,L01,#9,GW252/13600,(1)停机过程,1,2025-07-11 09:42:38,2025-07-11 09:43:08,30,0.01
1635,L01,#9,GW252/13600,(4)启机状态,4,2025-07-11 09:37:38,2025-07-11 09:42:38,300,0.08
1636,L01,#9,GW252/13600,(3)待机状态,3,2025-07-11 09:35:01,2025-07-11 09:37:38,157,0.04
1637,L01,#9,GW252/13600,(2)停机状态,2,2025-07-11 09:30:27,2025-07-11 09:35:01,274,0.08
1638,L01,#9,GW252/13600,(1)停机过程,1,2025-07-11 09:29:54,2025-07-11 09:30:27,33,0.01
1639,L01,#9,GW252/13600,(4)启机状态,4,2025-07-11 09:24:54,2025-07-11 09:29:54,300,0.08
1640,L01,#9,GW252/13600,(3)待机状态,3,2025-07-11 07:58:54,2025-07-11 09:24:54,5160,1.43
1641,L01,#9,GW252/13600,(2)停机状态,2,2025-07-11 07:20:55,2025-07-11 07:58:54,2279,0.63
1642,L01,#9,GW252/13600,(1)停机过程,1,2025-07-11 07:20:24,2025-07-11 07:20:55,31,0.01
1643,L01,#9,GW252/13600,(4)启机状态,4,2025-07-11 07:15:25,2025-07-11 07:20:24,299,0.08
1644,L01,#9,GW252/13600,(3)待机状态,3,2025-07-11 06:10:32,2025-07-11 07:15:25,3893,1.08
1645,L01,#9,GW252/13600,(2)停机状态,2,2025-07-11 06:04:55,2025-07-11 06:10:32,337,0.09
1646,L01,#9,GW252/13600,(1)停机过程,1,2025-07-11 06:04:23,2025-07-11 06:04:55,32,0.01
1647,L01,#9,GW252/13600,(4)启机状态,4,2025-07-11 05:59:23,2025-07-11 06:04:23,300,0.08
1648,L01,#9,GW252/13600,(3)待机状态,3,2025-07-11 05:58:00,2025-07-11 05:59:23,83,0.02
1649,L01,#9,GW252/13600,(2)停机状态,2,2025-07-11 05:57:02,2025-07-11 05:58:00,58,0.02
1650,L01,#9,GW252/13600,(1)停机过程,1,2025-07-11 05:56:30,2025-07-11 05:57:02,32,0.01
1651,L01,#9,GW252/13600,(4)启机状态,4,2025-07-11 05:51:30,2025-07-11 05:56:30,300,0.08
1652,L01,#9,GW252/13600,(3)待机状态,3,2025-07-11 05:50:08,2025-07-11 05:51:30,82,0.02
1653,L01,#9,GW252/13600,(2)停机状态,2,2025-07-11 05:50:07,2025-07-11 05:50:08,1,0
1654,L01,#9,GW252/13600,(1)停机过程,1,2025-07-11 05:49:37,2025-07-11 05:50:07,30,0.01
1655,L01,#9,GW252/13600,(4)启机状态,4,2025-07-11 05:44:35,2025-07-11 05:49:37,302,0.08
1656,L01,#9,GW252/13600,(3)待机状态,3,2025-07-11 05:41:11,2025-07-11 05:44:35,204,0.06
1657,L01,#9,GW252/13600,(2)停机状态,2,2025-07-11 05:40:44,2025-07-11 05:41:11,27,0.01
1658,L01,#9,GW252/13600,(1)停机过程,1,2025-07-11 05:39:48,2025-07-11 05:40:44,56,0.02
1659,L01,#9,GW252/13600,(5)发电状态,5,2025-07-11 04:15:36,2025-07-11 05:39:48,5052,1.4
1660,L01,#9,GW252/13600,(4)启机状态,4,2025-07-11 04:13:15,2025-07-11 04:15:36,141,0.04
1661,L01,#9,GW252/13600,(3)待机状态,3,2025-07-11 04:12:26,2025-07-11 04:13:15,49,0.01
1662,L01,#9,GW252/13600,(1)停机过程,1,2025-07-11 04:11:29,2025-07-11 04:12:26,57,0.02
1663,L01,#9,GW252/13600,(4)启机状态,4,2025-07-11 04:06:29,2025-07-11 04:11:29,300,0.08
1664,L01,#9,GW252/13600,(3)待机状态,3,2025-07-11 04:05:37,2025-07-11 04:06:29,52,0.01
1665,L01,#9,GW252/13600,(2)停机状态,2,2025-07-11 04:05:36,2025-07-11 04:05:37,1,0
1666,L01,#9,GW252/13600,(1)停机过程,1,2025-07-11 04:05:05,2025-07-11 04:05:36,31,0.01
1667,L01,#9,GW252/13600,(4)启机状态,4,2025-07-11 04:00:03,2025-07-11 04:05:05,302,0.08
1668,L01,#9,GW252/13600,(3)待机状态,3,2025-07-11 03:59:10,2025-07-11 04:00:03,53,0.01
1669,L01,#9,GW252/13600,(2)停机状态,2,2025-07-11 03:59:09,2025-07-11 03:59:10,1,0
1670,L01,#9,GW252/13600,(1)停机过程,1,2025-07-11 03:58:36,2025-07-11 03:59:09,33,0.01
1671,L01,#9,GW252/13600,(4)启机状态,4,2025-07-11 03:53:37,2025-07-11 03:58:36,299,0.08
1672,L01,#9,GW252/13600,(3)待机状态,3,2025-07-11 03:52:40,2025-07-11 03:53:37,57,0.02
1673,L01,#9,GW252/13600,(2)停机状态,2,2025-07-11 03:52:39,2025-07-11 03:52:40,1,0
1674,L01,#9,GW252/13600,(1)停机过程,1,2025-07-11 03:52:09,2025-07-11 03:52:39,30,0.01
1675,L01,#9,GW252/13600,(4)启机状态,4,2025-07-11 03:47:09,2025-07-11 03:52:09,300,0.08
1676,L01,#9,GW252/13600,(3)待机状态,3,2025-07-11 03:46:12,2025-07-11 03:47:09,57,0.02
1677,L01,#9,GW252/13600,(2)停机状态,2,2025-07-11 03:45:32,2025-07-11 03:46:12,40,0.01
1678,L01,#9,GW252/13600,(1)停机过程,1,2025-07-11 03:45:01,2025-07-11 03:45:32,31,0.01
1679,L01,#9,GW252/13600,(4)启机状态,4,2025-07-11 03:40:01,2025-07-11 03:45:01,300,0.08
1680,L01,#9,GW252/13600,(3)待机状态,3,2025-07-11 03:39:02,2025-07-11 03:40:01,59,0.02
1681,L01,#9,GW252/13600,(2)停机状态,2,2025-07-11 03:39:00,2025-07-11 03:39:02,2,0
1682,L01,#9,GW252/13600,(1)停机过程,1,2025-07-11 03:38:28,2025-07-11 03:39:00,32,0.01
1683,L01,#9,GW252/13600,(4)启机状态,4,2025-07-11 03:33:27,2025-07-11 03:38:28,301,0.08
1684,L01,#9,GW252/13600,(3)待机状态,3,2025-07-11 03:32:24,2025-07-11 03:33:27,63,0.02
1685,L01,#9,GW252/13600,(2)停机状态,2,2025-07-11 03:32:20,2025-07-11 03:32:24,4,0
1686,L01,#9,GW252/13600,(1)停机过程,1,2025-07-11 03:31:48,2025-07-11 03:32:20,32,0.01
1687,L01,#9,GW252/13600,(4)启机状态,4,2025-07-11 03:26:48,2025-07-11 03:31:48,300,0.08
1688,L01,#9,GW252/13600,(3)待机状态,3,2025-07-11 03:25:09,2025-07-11 03:26:48,99,0.03
1689,L01,#9,GW252/13600,(2)停机状态,2,2025-07-11 03:23:56,2025-07-11 03:25:09,73,0.02
1690,L01,#9,GW252/13600,(1)停机过程,1,2025-07-11 03:23:22,2025-07-11 03:23:56,34,0.01
1691,L01,#9,GW252/13600,(4)启机状态,4,2025-07-11 03:18:24,2025-07-11 03:23:22,298,0.08
1692,L01,#9,GW252/13600,(3)待机状态,3,2025-07-11 03:17:09,2025-07-11 03:18:24,75,0.02
1693,L01,#9,GW252/13600,(2)停机状态,2,2025-07-11 03:17:08,2025-07-11 03:17:09,1,0
1694,L01,#9,GW252/13600,(1)停机过程,1,2025-07-11 03:16:36,2025-07-11 03:17:08,32,0.01
1695,L01,#9,GW252/13600,(4)启机状态,4,2025-07-11 03:11:35,2025-07-11 03:16:36,301,0.08
1696,L01,#9,GW252/13600,(3)待机状态,3,2025-07-11 03:10:22,2025-07-11 03:11:35,73,0.02
1697,L01,#9,GW252/13600,(2)停机状态,2,2025-07-11 03:10:20,2025-07-11 03:10:22,2,0
1698,L01,#9,GW252/13600,(1)停机过程,1,2025-07-11 03:09:50,2025-07-11 03:10:20,30,0.01
1699,L01,#9,GW252/13600,(4)启机状态,4,2025-07-11 03:04:49,2025-07-11 03:09:50,301,0.08
1700,L01,#9,GW252/13600,(3)待机状态,3,2025-07-11 03:03:55,2025-07-11 03:04:49,54,0.02
1701,L01,#9,GW252/13600,(1)停机过程,1,2025-07-11 03:03:23,2025-07-11 03:03:55,32,0.01
1702,L01,#9,GW252/13600,(4)启机状态,4,2025-07-11 02:58:23,2025-07-11 03:03:23,300,0.08
1703,L01,#9,GW252/13600,(3)待机状态,3,2025-07-11 02:57:20,2025-07-11 02:58:23,63,0.02
1704,L01,#9,GW252/13600,(2)停机状态,2,2025-07-11 02:57:18,2025-07-11 02:57:20,2,0
1705,L01,#9,GW252/13600,(1)停机过程,1,2025-07-11 02:56:47,2025-07-11 02:57:18,31,0.01
1706,L01,#9,GW252/13600,(4)启机状态,4,2025-07-11 02:51:46,2025-07-11 02:56:47,301,0.08
1707,L01,#9,GW252/13600,(3)待机状态,3,2025-07-11 02:49:39,2025-07-11 02:51:46,127,0.04
1708,L01,#9,GW252/13600,(2)停机状态,2,2025-07-11 02:47:34,2025-07-11 02:49:39,125,0.03
1709,L01,#9,GW252/13600,(1)停机过程,1,2025-07-11 02:47:02,2025-07-11 02:47:34,32,0.01
1710,L01,#9,GW252/13600,(4)启机状态,4,2025-07-11 02:42:02,2025-07-11 02:47:02,300,0.08
1711,L01,#9,GW252/13600,(3)待机状态,3,2025-07-11 02:36:54,2025-07-11 02:42:02,308,0.09
1712,L01,#9,GW252/13600,(2)停机状态,2,2025-07-11 02:31:17,2025-07-11 02:36:54,337,0.09
1713,L01,#9,GW252/13600,(1)停机过程,1,2025-07-11 02:30:45,2025-07-11 02:31:17,32,0.01
1714,L01,#9,GW252/13600,(4)启机状态,4,2025-07-11 02:25:45,2025-07-11 02:30:45,300,0.08
1715,L01,#9,GW252/13600,(3)待机状态,3,2025-07-11 02:21:42,2025-07-11 02:25:45,243,0.07
1716,L01,#9,GW252/13600,(2)停机状态,2,2025-07-11 02:19:59,2025-07-11 02:21:42,103,0.03
1717,L01,#9,GW252/13600,(1)停机过程,1,2025-07-11 02:19:28,2025-07-11 02:19:59,31,0.01
1718,L01,#9,GW252/13600,(4)启机状态,4,2025-07-11 02:14:28,2025-07-11 02:19:28,300,0.08
1719,L01,#9,GW252/13600,(3)待机状态,3,2025-07-11 01:57:45,2025-07-11 02:14:28,1003,0.28
1720,L01,#9,GW252/13600,(2)停机状态,2,2025-07-11 01:56:27,2025-07-11 01:57:45,78,0.02
1721,L01,#9,GW252/13600,(1)停机过程,1,2025-07-11 01:55:29,2025-07-11 01:56:27,58,0.02
1722,L01,#9,GW252/13600,(5)发电状态,5,2025-07-11 00:08:15,2025-07-11 01:55:29,6434,1.79
1723,L01,#9,GW252/13600,(4)启机状态,4,2025-07-11 00:03:16,2025-07-11 00:08:15,299,0.08
1724,L01,#9,GW252/13600,(3)待机状态,3,2025-07-11 00:02:14,2025-07-11 00:03:16,62,0.02
1725,L01,#9,GW252/13600,(2)停机状态,2,2025-07-11 00:02:13,2025-07-11 00:02:14,1,0
1726,L01,#9,GW252/13600,(1)停机过程,1,2025-07-11 00:01:43,2025-07-11 00:02:13,30,0.01
1727,L01,#9,GW252/13600,(4)启机状态,4,2025-07-10 23:56:43,2025-07-11 00:01:43,300,0.08
1728,L01,#9,GW252/13600,(3)待机状态,3,2025-07-10 23:55:43,2025-07-10 23:56:43,60,0.02
1729,L01,#9,GW252/13600,(2)停机状态,2,2025-07-10 23:54:36,2025-07-10 23:55:43,67,0.02
1730,L01,#9,GW252/13600,(1)停机过程,1,2025-07-10 23:54:04,2025-07-10 23:54:36,32,0.01
1731,L01,#9,GW252/13600,(4)启机状态,4,2025-07-10 23:49:03,2025-07-10 23:54:04,301,0.08
1732,L01,#9,GW252/13600,(3)待机状态,3,2025-07-10 23:30:46,2025-07-10 23:49:03,1097,0.3
1733,L01,#9,GW252/13600,(2)停机状态,2,2025-07-10 23:30:38,2025-07-10 23:30:46,8,0
1734,L01,#9,GW252/13600,(1)停机过程,1,2025-07-10 23:29:41,2025-07-10 23:30:38,57,0.02
1735,L01,#9,GW252/13600,(5)发电状态,5,2025-07-10 23:18:18,2025-07-10 23:29:41,683,0.19
1736,L01,#9,GW252/13600,(4)启机状态,4,2025-07-10 23:16:35,2025-07-10 23:18:18,103,0.03
1737,L01,#9,GW252/13600,(3)待机状态,3,2025-07-10 23:15:47,2025-07-10 23:16:35,48,0.01
1738,L01,#9,GW252/13600,(2)停机状态,2,2025-07-10 22:39:08,2025-07-10 23:15:47,2199,0.61
1739,L01,#9,GW252/13600,(1)停机过程,1,2025-07-10 22:38:37,2025-07-10 22:39:08,31,0.01
1740,L01,#9,GW252/13600,(4)启机状态,4,2025-07-10 22:33:37,2025-07-10 22:38:37,300,0.08
1741,L01,#9,GW252/13600,(3)待机状态,3,2025-07-10 22:32:25,2025-07-10 22:33:37,72,0.02
1742,L01,#9,GW252/13600,(2)停机状态,2,2025-07-10 22:32:24,2025-07-10 22:32:25,1,0
1743,L01,#9,GW252/13600,(1)停机过程,1,2025-07-10 22:31:53,2025-07-10 22:32:24,31,0.01
1744,L01,#9,GW252/13600,(4)启机状态,4,2025-07-10 22:26:53,2025-07-10 22:31:53,300,0.08
1745,L01,#9,GW252/13600,(3)待机状态,3,2025-07-10 22:25:29,2025-07-10 22:26:53,84,0.02
1746,L01,#9,GW252/13600,(2)停机状态,2,2025-07-10 22:24:17,2025-07-10 22:25:29,72,0.02
1747,L01,#9,GW252/13600,(1)停机过程,1,2025-07-10 22:23:19,2025-07-10 22:24:17,58,0.02
1748,L01,#9,GW252/13600,(5)发电状态,5,2025-07-10 21:42:37,2025-07-10 22:23:19,2442,0.68
1749,L01,#9,GW252/13600,(4)启机状态,4,2025-07-10 21:38:40,2025-07-10 21:42:37,237,0.07
1750,L01,#9,GW252/13600,(3)待机状态,3,2025-07-10 21:37:43,2025-07-10 21:38:40,57,0.02
1751,L01,#9,GW252/13600,(2)停机状态,2,2025-07-10 21:37:42,2025-07-10 21:37:43,1,0
1752,L01,#9,GW252/13600,(1)停机过程,1,2025-07-10 21:37:10,2025-07-10 21:37:42,32,0.01
1753,L01,#9,GW252/13600,(4)启机状态,4,2025-07-10 21:32:11,2025-07-10 21:37:10,299,0.08
1754,L01,#9,GW252/13600,(3)待机状态,3,2025-07-10 21:30:27,2025-07-10 21:32:11,104,0.03
1755,L01,#9,GW252/13600,(2)停机状态,2,2025-07-10 21:29:57,2025-07-10 21:30:27,30,0.01
1756,L01,#9,GW252/13600,(1)停机过程,1,2025-07-10 21:28:59,2025-07-10 21:29:57,58,0.02
1757,L01,#9,GW252/13600,(5)发电状态,5,2025-07-10 20:41:30,2025-07-10 21:28:59,2849,0.79
1758,L01,#9,GW252/13600,(4)启机状态,4,2025-07-10 20:40:53,2025-07-10 20:41:30,37,0.01
1759,L01,#9,GW252/13600,(3)待机状态,3,2025-07-10 20:34:49,2025-07-10 20:40:53,364,0.1
1760,L01,#9,GW252/13600,(2)停机状态,2,2025-07-10 20:34:48,2025-07-10 20:34:49,1,0
1761,L01,#9,GW252/13600,(1)停机过程,1,2025-07-10 20:34:18,2025-07-10 20:34:48,30,0.01
1762,L01,#9,GW252/13600,(3)待机状态,3,2025-07-10 20:33:57,2025-07-10 20:34:18,21,0.01
1763,L01,#9,GW252/13600,(2)停机状态,2,2025-07-10 20:33:55,2025-07-10 20:33:57,2,0
1764,L01,#9,GW252/13600,(1)停机过程,1,2025-07-10 20:33:25,2025-07-10 20:33:55,30,0.01
1765,L01,#9,GW252/13600,(3)待机状态,3,2025-07-10 20:33:03,2025-07-10 20:33:25,22,0.01
1766,L01,#9,GW252/13600,(2)停机状态,2,2025-07-10 20:33:02,2025-07-10 20:33:03,1,0
1767,L01,#9,GW252/13600,(1)停机过程,1,2025-07-10 20:32:10,2025-07-10 20:33:02,52,0.01
1768,L01,#9,GW252/13600,(5)发电状态,5,2025-07-09 13:07:12,2025-07-10 20:32:10,113098,31.42
1769,L01,#9,GW252/13600,(4)启机状态,4,2025-07-09 13:02:27,2025-07-09 13:07:12,285,0.08
1770,L01,#9,GW252/13600,(3)待机状态,3,2025-07-09 13:01:36,2025-07-09 13:02:27,51,0.01
1771,L01,#9,GW252/13600,(2)停机状态,2,2025-07-09 13:01:34,2025-07-09 13:01:36,2,0
1772,L01,#9,GW252/13600,(1)停机过程,1,2025-07-09 13:00:41,2025-07-09 13:01:34,53,0.01
1773,L01,#9,GW252/13600,(4)启机状态,4,2025-07-09 12:55:41,2025-07-09 13:00:41,300,0.08
1774,L01,#9,GW252/13600,(3)待机状态,3,2025-07-09 12:54:51,2025-07-09 12:55:41,50,0.01
1775,L01,#9,GW252/13600,(2)停机状态,2,2025-07-09 12:54:50,2025-07-09 12:54:51,1,0
1776,L01,#9,GW252/13600,(1)停机过程,1,2025-07-09 12:54:17,2025-07-09 12:54:50,33,0.01
1777,L01,#9,GW252/13600,(4)启机状态,4,2025-07-09 12:49:17,2025-07-09 12:54:17,300,0.08
1778,L01,#9,GW252/13600,(3)待机状态,3,2025-07-09 12:48:16,2025-07-09 12:49:17,61,0.02
1779,L01,#9,GW252/13600,(2)停机状态,2,2025-07-09 12:48:15,2025-07-09 12:48:16,1,0
1780,L01,#9,GW252/13600,(1)停机过程,1,2025-07-09 12:47:44,2025-07-09 12:48:15,31,0.01
1781,L01,#9,GW252/13600,(4)启机状态,4,2025-07-09 12:42:44,2025-07-09 12:47:44,300,0.08
1782,L01,#9,GW252/13600,(3)待机状态,3,2025-07-09 12:40:23,2025-07-09 12:42:44,141,0.04
1783,L01,#9,GW252/13600,(2)停机状态,2,2025-07-09 12:37:26,2025-07-09 12:40:23,177,0.05
1784,L01,#9,GW252/13600,(1)停机过程,1,2025-07-09 12:36:54,2025-07-09 12:37:26,32,0.01
1785,L01,#9,GW252/13600,(4)启机状态,4,2025-07-09 12:31:54,2025-07-09 12:36:54,300,0.08
1786,L01,#9,GW252/13600,(3)待机状态,3,2025-07-09 12:30:37,2025-07-09 12:31:54,77,0.02
1787,L01,#9,GW252/13600,(1)停机过程,1,2025-07-09 12:30:04,2025-07-09 12:30:37,33,0.01
1788,L01,#9,GW252/13600,(4)启机状态,4,2025-07-09 12:25:04,2025-07-09 12:30:04,300,0.08
1789,L01,#9,GW252/13600,(3)待机状态,3,2025-07-09 12:23:50,2025-07-09 12:25:04,74,0.02
1790,L01,#9,GW252/13600,(2)停机状态,2,2025-07-09 12:23:48,2025-07-09 12:23:50,2,0
1791,L01,#9,GW252/13600,(1)停机过程,1,2025-07-09 12:23:17,2025-07-09 12:23:48,31,0.01
1792,L01,#9,GW252/13600,(4)启机状态,4,2025-07-09 12:18:17,2025-07-09 12:23:17,300,0.08
1793,L01,#9,GW252/13600,(3)待机状态,3,2025-07-09 12:17:01,2025-07-09 12:18:17,76,0.02
1794,L01,#9,GW252/13600,(2)停机状态,2,2025-07-09 12:17:00,2025-07-09 12:17:01,1,0
1795,L01,#9,GW252/13600,(1)停机过程,1,2025-07-09 12:16:28,2025-07-09 12:17:00,32,0.01
1796,L01,#9,GW252/13600,(4)启机状态,4,2025-07-09 12:11:29,2025-07-09 12:16:28,299,0.08
1797,L01,#9,GW252/13600,(3)待机状态,3,2025-07-09 12:10:27,2025-07-09 12:11:29,62,0.02
1798,L01,#9,GW252/13600,(1)停机过程,1,2025-07-09 12:09:56,2025-07-09 12:10:27,31,0.01
1799,L01,#9,GW252/13600,(4)启机状态,4,2025-07-09 12:04:56,2025-07-09 12:09:56,300,0.08
1800,L01,#9,GW252/13600,(3)待机状态,3,2025-07-09 12:03:21,2025-07-09 12:04:56,95,0.03
1801,L01,#9,GW252/13600,(2)停机状态,2,2025-07-09 12:00:23,2025-07-09 12:03:21,178,0.05
1802,L01,#9,GW252/13600,(1)停机过程,1,2025-07-09 11:59:51,2025-07-09 12:00:23,32,0.01
1803,L01,#9,GW252/13600,(4)启机状态,4,2025-07-09 11:54:51,2025-07-09 11:59:51,300,0.08
1804,L01,#9,GW252/13600,(3)待机状态,3,2025-07-09 11:53:20,2025-07-09 11:54:51,91,0.03
1805,L01,#9,GW252/13600,(2)停机状态,2,2025-07-09 11:53:19,2025-07-09 11:53:20,1,0
1806,L01,#9,GW252/13600,(1)停机过程,1,2025-07-09 11:52:46,2025-07-09 11:53:19,33,0.01
1807,L01,#9,GW252/13600,(4)启机状态,4,2025-07-09 11:47:46,2025-07-09 11:52:46,300,0.08
1808,L01,#9,GW252/13600,(3)待机状态,3,2025-07-09 11:46:18,2025-07-09 11:47:46,88,0.02
1809,L01,#9,GW252/13600,(2)停机状态,2,2025-07-09 11:44:20,2025-07-09 11:46:18,118,0.03
1810,L01,#9,GW252/13600,(1)停机过程,1,2025-07-09 11:43:48,2025-07-09 11:44:20,32,0.01
1811,L01,#9,GW252/13600,(4)启机状态,4,2025-07-09 11:38:49,2025-07-09 11:43:48,299,0.08
1812,L01,#9,GW252/13600,(3)待机状态,3,2025-07-09 11:37:21,2025-07-09 11:38:49,88,0.02
1813,L01,#9,GW252/13600,(2)停机状态,2,2025-07-09 11:34:47,2025-07-09 11:37:21,154,0.04
1814,L01,#9,GW252/13600,(1)停机过程,1,2025-07-09 11:34:15,2025-07-09 11:34:47,32,0.01
1815,L01,#9,GW252/13600,(4)启机状态,4,2025-07-09 11:29:14,2025-07-09 11:34:15,301,0.08
1816,L01,#9,GW252/13600,(3)待机状态,3,2025-07-09 11:28:12,2025-07-09 11:29:14,62,0.02
1817,L01,#9,GW252/13600,(2)停机状态,2,2025-07-09 11:27:47,2025-07-09 11:28:12,25,0.01
1818,L01,#9,GW252/13600,(1)停机过程,1,2025-07-09 11:27:14,2025-07-09 11:27:47,33,0.01
1819,L01,#9,GW252/13600,(4)启机状态,4,2025-07-09 11:22:14,2025-07-09 11:27:14,300,0.08
1820,L01,#9,GW252/13600,(3)待机状态,3,2025-07-09 11:20:26,2025-07-09 11:22:14,108,0.03
1821,L01,#9,GW252/13600,(2)停机状态,2,2025-07-09 11:17:10,2025-07-09 11:20:26,196,0.05
1822,L01,#9,GW252/13600,(1)停机过程,1,2025-07-09 11:16:13,2025-07-09 11:17:10,57,0.02
1823,L01,#9,GW252/13600,(5)发电状态,5,2025-07-09 02:43:58,2025-07-09 11:16:13,30735,8.54
1824,L01,#9,GW252/13600,(4)启机状态,4,2025-07-09 02:41:22,2025-07-09 02:43:58,156,0.04
1825,L01,#9,GW252/13600,(3)待机状态,3,2025-07-09 02:40:28,2025-07-09 02:41:22,54,0.02
1826,L01,#9,GW252/13600,(2)停机状态,2,2025-07-09 02:40:27,2025-07-09 02:40:28,1,0
1827,L01,#9,GW252/13600,(1)停机过程,1,2025-07-09 02:39:56,2025-07-09 02:40:27,31,0.01
1828,L01,#9,GW252/13600,(4)启机状态,4,2025-07-09 02:34:55,2025-07-09 02:39:56,301,0.08
1829,L01,#9,GW252/13600,(3)待机状态,3,2025-07-09 02:34:05,2025-07-09 02:34:55,50,0.01
1830,L01,#9,GW252/13600,(2)停机状态,2,2025-07-09 02:34:03,2025-07-09 02:34:05,2,0
1831,L01,#9,GW252/13600,(1)停机过程,1,2025-07-09 02:33:31,2025-07-09 02:34:03,32,0.01
1832,L01,#9,GW252/13600,(4)启机状态,4,2025-07-09 02:28:31,2025-07-09 02:33:31,300,0.08
1833,L01,#9,GW252/13600,(3)待机状态,3,2025-07-09 02:27:34,2025-07-09 02:28:31,57,0.02
1834,L01,#9,GW252/13600,(2)停机状态,2,2025-07-09 02:27:33,2025-07-09 02:27:34,1,0
1835,L01,#9,GW252/13600,(1)停机过程,1,2025-07-09 02:27:02,2025-07-09 02:27:33,31,0.01
1836,L01,#9,GW252/13600,(4)启机状态,4,2025-07-09 02:22:02,2025-07-09 02:27:02,300,0.08
1837,L01,#9,GW252/13600,(3)待机状态,3,2025-07-09 02:21:07,2025-07-09 02:22:02,55,0.02
1838,L01,#9,GW252/13600,(2)停机状态,2,2025-07-09 02:21:05,2025-07-09 02:21:07,2,0
1839,L01,#9,GW252/13600,(1)停机过程,1,2025-07-09 02:20:35,2025-07-09 02:21:05,30,0.01
1840,L01,#9,GW252/13600,(4)启机状态,4,2025-07-09 02:15:34,2025-07-09 02:20:35,301,0.08
1841,L01,#9,GW252/13600,(3)待机状态,3,2025-07-09 02:14:37,2025-07-09 02:15:34,57,0.02
1842,L01,#9,GW252/13600,(2)停机状态,2,2025-07-09 02:14:35,2025-07-09 02:14:37,2,0
1843,L01,#9,GW252/13600,(1)停机过程,1,2025-07-09 02:14:02,2025-07-09 02:14:35,33,0.01
1844,L01,#9,GW252/13600,(4)启机状态,4,2025-07-09 02:09:02,2025-07-09 02:14:02,300,0.08
1845,L01,#9,GW252/13600,(3)待机状态,3,2025-07-09 02:08:05,2025-07-09 02:09:02,57,0.02
1846,L01,#9,GW252/13600,(2)停机状态,2,2025-07-09 02:08:01,2025-07-09 02:08:05,4,0
1847,L01,#9,GW252/13600,(1)停机过程,1,2025-07-09 02:07:31,2025-07-09 02:08:01,30,0.01
1848,L01,#9,GW252/13600,(4)启机状态,4,2025-07-09 02:02:30,2025-07-09 02:07:31,301,0.08
1849,L01,#9,GW252/13600,(3)待机状态,3,2025-07-09 02:01:21,2025-07-09 02:02:30,69,0.02
1850,L01,#9,GW252/13600,(2)停机状态,2,2025-07-09 02:01:19,2025-07-09 02:01:21,2,0
1851,L01,#9,GW252/13600,(1)停机过程,1,2025-07-09 02:00:47,2025-07-09 02:01:19,32,0.01
1852,L01,#9,GW252/13600,(4)启机状态,4,2025-07-09 01:55:47,2025-07-09 02:00:47,300,0.08
1853,L01,#9,GW252/13600,(3)待机状态,3,2025-07-09 01:50:43,2025-07-09 01:55:47,304,0.08
1854,L01,#9,GW252/13600,(2)停机状态,2,2025-07-09 01:45:05,2025-07-09 01:50:43,338,0.09
1855,L01,#9,GW252/13600,(1)停机过程,1,2025-07-09 01:44:09,2025-07-09 01:45:05,56,0.02
1856,L01,#9,GW252/13600,(5)发电状态,5,2025-07-08 11:10:28,2025-07-09 01:44:09,52421,14.56
1857,L01,#9,GW252/13600,(4)启机状态,4,2025-07-08 11:08:14,2025-07-08 11:10:28,134,0.04
1858,L01,#9,GW252/13600,(3)待机状态,3,2025-07-08 11:07:22,2025-07-08 11:08:14,52,0.01
1859,L01,#9,GW252/13600,(2)停机状态,2,2025-07-08 11:07:20,2025-07-08 11:07:22,2,0
1860,L01,#9,GW252/13600,(1)停机过程,1,2025-07-08 11:06:49,2025-07-08 11:07:20,31,0.01
1861,L01,#9,GW252/13600,(4)启机状态,4,2025-07-08 11:01:49,2025-07-08 11:06:49,300,0.08
1862,L01,#9,GW252/13600,(3)待机状态,3,2025-07-08 11:00:53,2025-07-08 11:01:49,56,0.02
1863,L01,#9,GW252/13600,(2)停机状态,2,2025-07-08 11:00:52,2025-07-08 11:00:53,1,0
1864,L01,#9,GW252/13600,(1)停机过程,1,2025-07-08 11:00:20,2025-07-08 11:00:52,32,0.01
1865,L01,#9,GW252/13600,(4)启机状态,4,2025-07-08 10:55:20,2025-07-08 11:00:20,300,0.08
1866,L01,#9,GW252/13600,(3)待机状态,3,2025-07-08 10:54:21,2025-07-08 10:55:20,59,0.02
1867,L01,#9,GW252/13600,(2)停机状态,2,2025-07-08 10:50:00,2025-07-08 10:54:21,261,0.07
1868,L01,#9,GW252/13600,(1)停机过程,1,2025-07-08 10:49:02,2025-07-08 10:50:00,58,0.02
1869,L01,#9,GW252/13600,(5)发电状态,5,2025-07-07 15:16:35,2025-07-08 10:49:02,70347,19.54
1870,L01,#9,GW252/13600,(4)启机状态,4,2025-07-07 15:13:27,2025-07-07 15:16:35,188,0.05
1871,L01,#9,GW252/13600,(3)待机状态,3,2025-07-07 15:12:35,2025-07-07 15:13:27,52,0.01
1872,L01,#9,GW252/13600,(2)停机状态,2,2025-07-07 15:12:32,2025-07-07 15:12:35,3,0
1873,L01,#9,GW252/13600,(1)停机过程,1,2025-07-07 15:12:01,2025-07-07 15:12:32,31,0.01
1874,L01,#9,GW252/13600,(4)启机状态,4,2025-07-07 15:07:00,2025-07-07 15:12:01,301,0.08
1875,L01,#9,GW252/13600,(3)待机状态,3,2025-07-07 15:06:05,2025-07-07 15:07:00,55,0.02
1876,L01,#9,GW252/13600,(2)停机状态,2,2025-07-07 15:06:03,2025-07-07 15:06:05,2,0
1877,L01,#9,GW252/13600,(1)停机过程,1,2025-07-07 15:05:32,2025-07-07 15:06:03,31,0.01
1878,L01,#9,GW252/13600,(4)启机状态,4,2025-07-07 15:00:32,2025-07-07 15:05:32,300,0.08
1879,L01,#9,GW252/13600,(3)待机状态,3,2025-07-07 14:59:35,2025-07-07 15:00:32,57,0.02
1880,L01,#9,GW252/13600,(2)停机状态,2,2025-07-07 14:57:48,2025-07-07 14:59:35,107,0.03
1881,L01,#9,GW252/13600,(1)停机过程,1,2025-07-07 14:57:17,2025-07-07 14:57:48,31,0.01
1882,L01,#9,GW252/13600,(4)启机状态,4,2025-07-07 14:52:18,2025-07-07 14:57:17,299,0.08
1883,L01,#9,GW252/13600,(3)待机状态,3,2025-07-07 14:51:09,2025-07-07 14:52:18,69,0.02
1884,L01,#9,GW252/13600,(1)停机过程,1,2025-07-07 14:50:37,2025-07-07 14:51:09,32,0.01
1885,L01,#9,GW252/13600,(4)启机状态,4,2025-07-07 14:45:37,2025-07-07 14:50:37,300,0.08
1886,L01,#9,GW252/13600,(3)待机状态,3,2025-07-07 14:44:43,2025-07-07 14:45:37,54,0.02
1887,L01,#9,GW252/13600,(2)停机状态,2,2025-07-07 14:44:41,2025-07-07 14:44:43,2,0
1888,L01,#9,GW252/13600,(1)停机过程,1,2025-07-07 14:44:08,2025-07-07 14:44:41,33,0.01
1889,L01,#9,GW252/13600,(4)启机状态,4,2025-07-07 14:39:08,2025-07-07 14:44:08,300,0.08
1890,L01,#9,GW252/13600,(3)待机状态,3,2025-07-07 14:38:08,2025-07-07 14:39:08,60,0.02
1891,L01,#9,GW252/13600,(1)停机过程,1,2025-07-07 14:37:37,2025-07-07 14:38:08,31,0.01
1892,L01,#9,GW252/13600,(4)启机状态,4,2025-07-07 14:32:37,2025-07-07 14:37:37,300,0.08
1893,L01,#9,GW252/13600,(3)待机状态,3,2025-07-07 14:31:34,2025-07-07 14:32:37,63,0.02
1894,L01,#9,GW252/13600,(2)停机状态,2,2025-07-07 14:27:29,2025-07-07 14:31:34,245,0.07
1895,L01,#9,GW252/13600,(1)停机过程,1,2025-07-07 14:26:58,2025-07-07 14:27:29,31,0.01
1896,L01,#9,GW252/13600,(4)启机状态,4,2025-07-07 14:21:58,2025-07-07 14:26:58,300,0.08
1897,L01,#9,GW252/13600,(3)待机状态,3,2025-07-07 14:20:42,2025-07-07 14:21:58,76,0.02
1898,L01,#9,GW252/13600,(2)停机状态,2,2025-07-07 14:19:43,2025-07-07 14:20:42,59,0.02
1899,L01,#9,GW252/13600,(1)停机过程,1,2025-07-07 14:19:10,2025-07-07 14:19:43,33,0.01
1900,L01,#9,GW252/13600,(4)启机状态,4,2025-07-07 14:14:10,2025-07-07 14:19:10,300,0.08
1901,L01,#9,GW252/13600,(3)待机状态,3,2025-07-07 14:12:06,2025-07-07 14:14:10,124,0.03
1902,L01,#9,GW252/13600,(2)停机状态,2,2025-07-07 14:09:39,2025-07-07 14:12:06,147,0.04
1903,L01,#9,GW252/13600,(1)停机过程,1,2025-07-07 14:09:06,2025-07-07 14:09:39,33,0.01
1904,L01,#9,GW252/13600,(4)启机状态,4,2025-07-07 14:04:06,2025-07-07 14:09:06,300,0.08
1905,L01,#9,GW252/13600,(3)待机状态,3,2025-07-07 12:47:52,2025-07-07 14:04:06,4574,1.27
1906,L01,#9,GW252/13600,(2)停机状态,2,2025-07-07 12:42:15,2025-07-07 12:47:52,337,0.09
1907,L01,#9,GW252/13600,(1)停机过程,1,2025-07-07 12:41:43,2025-07-07 12:42:15,32,0.01
1908,L01,#9,GW252/13600,(4)启机状态,4,2025-07-07 12:36:43,2025-07-07 12:41:43,300,0.08
1909,L01,#9,GW252/13600,(3)待机状态,3,2025-07-07 12:33:00,2025-07-07 12:36:43,223,0.06
1910,L01,#9,GW252/13600,(2)停机状态,2,2025-07-07 12:27:23,2025-07-07 12:33:00,337,0.09
1911,L01,#9,GW252/13600,(1)停机过程,1,2025-07-07 12:26:51,2025-07-07 12:27:23,32,0.01
1912,L01,#9,GW252/13600,(4)启机状态,4,2025-07-07 12:21:51,2025-07-07 12:26:51,300,0.08
1913,L01,#9,GW252/13600,(3)待机状态,3,2025-07-07 12:20:39,2025-07-07 12:21:51,72,0.02
1914,L01,#9,GW252/13600,(2)停机状态,2,2025-07-07 12:20:38,2025-07-07 12:20:39,1,0
1915,L01,#9,GW252/13600,(1)停机过程,1,2025-07-07 12:20:07,2025-07-07 12:20:38,31,0.01
1916,L01,#9,GW252/13600,(4)启机状态,4,2025-07-07 12:15:07,2025-07-07 12:20:07,300,0.08
1917,L01,#9,GW252/13600,(3)待机状态,3,2025-07-07 12:14:02,2025-07-07 12:15:07,65,0.02
1918,L01,#9,GW252/13600,(2)停机状态,2,2025-07-07 12:10:51,2025-07-07 12:14:02,191,0.05
1919,L01,#9,GW252/13600,(1)停机过程,1,2025-07-07 12:09:54,2025-07-07 12:10:51,57,0.02
1920,L01,#9,GW252/13600,(5)发电状态,5,2025-07-07 09:42:57,2025-07-07 12:09:54,8817,2.45
1921,L01,#9,GW252/13600,(4)启机状态,4,2025-07-07 09:41:05,2025-07-07 09:42:57,112,0.03
1922,L01,#9,GW252/13600,(3)待机状态,3,2025-07-07 09:40:18,2025-07-07 09:41:05,47,0.01
1923,L01,#9,GW252/13600,(2)停机状态,2,2025-07-07 09:40:16,2025-07-07 09:40:18,2,0
1924,L01,#9,GW252/13600,(1)停机过程,1,2025-07-07 09:39:24,2025-07-07 09:40:16,52,0.01
1925,L01,#9,GW252/13600,(4)启机状态,4,2025-07-07 09:34:24,2025-07-07 09:39:24,300,0.08
1926,L01,#9,GW252/13600,(3)待机状态,3,2025-07-07 09:33:33,2025-07-07 09:34:24,51,0.01
1927,L01,#9,GW252/13600,(2)停机状态,2,2025-07-07 09:33:31,2025-07-07 09:33:33,2,0
1928,L01,#9,GW252/13600,(1)停机过程,1,2025-07-07 09:32:58,2025-07-07 09:33:31,33,0.01
1929,L01,#9,GW252/13600,(4)启机状态,4,2025-07-07 09:27:58,2025-07-07 09:32:58,300,0.08
1930,L01,#9,GW252/13600,(3)待机状态,3,2025-07-07 09:27:00,2025-07-07 09:27:58,58,0.02
1931,L01,#9,GW252/13600,(2)停机状态,2,2025-07-07 09:26:59,2025-07-07 09:27:00,1,0
1932,L01,#9,GW252/13600,(1)停机过程,1,2025-07-07 09:26:26,2025-07-07 09:26:59,33,0.01
1933,L01,#9,GW252/13600,(4)启机状态,4,2025-07-07 09:21:27,2025-07-07 09:26:26,299,0.08
1934,L01,#9,GW252/13600,(3)待机状态,3,2025-07-07 09:20:27,2025-07-07 09:21:27,60,0.02
1935,L01,#9,GW252/13600,(2)停机状态,2,2025-07-07 09:19:26,2025-07-07 09:20:27,61,0.02
1936,L01,#9,GW252/13600,(1)停机过程,1,2025-07-07 09:18:54,2025-07-07 09:19:26,32,0.01
1937,L01,#9,GW252/13600,(4)启机状态,4,2025-07-07 09:13:55,2025-07-07 09:18:54,299,0.08
1938,L01,#9,GW252/13600,(3)待机状态,3,2025-07-07 09:12:52,2025-07-07 09:13:55,63,0.02
1939,L01,#9,GW252/13600,(2)停机状态,2,2025-07-07 09:12:44,2025-07-07 09:12:52,8,0
1940,L01,#9,GW252/13600,(1)停机过程,1,2025-07-07 09:12:11,2025-07-07 09:12:44,33,0.01
1941,L01,#9,GW252/13600,(4)启机状态,4,2025-07-07 09:07:11,2025-07-07 09:12:11,300,0.08
1942,L01,#9,GW252/13600,(3)待机状态,3,2025-07-07 09:06:10,2025-07-07 09:07:11,61,0.02
1943,L01,#9,GW252/13600,(1)停机过程,1,2025-07-07 09:05:39,2025-07-07 09:06:10,31,0.01
1944,L01,#9,GW252/13600,(4)启机状态,4,2025-07-07 09:00:39,2025-07-07 09:05:39,300,0.08
1945,L01,#9,GW252/13600,(3)待机状态,3,2025-07-07 08:59:29,2025-07-07 09:00:39,70,0.02
1946,L01,#9,GW252/13600,(2)停机状态,2,2025-07-07 08:59:01,2025-07-07 08:59:29,28,0.01
1947,L01,#9,GW252/13600,(1)停机过程,1,2025-07-07 08:58:31,2025-07-07 08:59:01,30,0.01
1948,L01,#9,GW252/13600,(4)启机状态,4,2025-07-07 08:53:31,2025-07-07 08:58:31,300,0.08
1949,L01,#9,GW252/13600,(3)待机状态,3,2025-07-07 08:52:08,2025-07-07 08:53:31,83,0.02
1950,L01,#9,GW252/13600,(2)停机状态,2,2025-07-07 08:48:48,2025-07-07 08:52:08,200,0.06
1951,L01,#9,GW252/13600,(1)停机过程,1,2025-07-07 08:48:16,2025-07-07 08:48:48,32,0.01
1952,L01,#9,GW252/13600,(4)启机状态,4,2025-07-07 08:43:15,2025-07-07 08:48:16,301,0.08
1953,L01,#9,GW252/13600,(3)待机状态,3,2025-07-07 08:39:22,2025-07-07 08:43:15,233,0.06
1954,L01,#9,GW252/13600,(2)停机状态,2,2025-07-07 08:37:22,2025-07-07 08:39:22,120,0.03
1955,L01,#9,GW252/13600,(1)停机过程,1,2025-07-07 08:36:51,2025-07-07 08:37:22,31,0.01
1956,L01,#9,GW252/13600,(4)启机状态,4,2025-07-07 08:31:51,2025-07-07 08:36:51,300,0.08
1957,L01,#9,GW252/13600,(3)待机状态,3,2025-07-07 08:30:34,2025-07-07 08:31:51,77,0.02
1958,L01,#9,GW252/13600,(2)停机状态,2,2025-07-07 08:30:32,2025-07-07 08:30:34,2,0
1959,L01,#9,GW252/13600,(1)停机过程,1,2025-07-07 08:30:00,2025-07-07 08:30:32,32,0.01
1960,L01,#9,GW252/13600,(4)启机状态,4,2025-07-07 08:24:59,2025-07-07 08:30:00,301,0.08
1961,L01,#9,GW252/13600,(3)待机状态,3,2025-07-07 08:23:49,2025-07-07 08:24:59,70,0.02
1962,L01,#9,GW252/13600,(2)停机状态,2,2025-07-07 08:23:42,2025-07-07 08:23:49,7,0
1963,L01,#9,GW252/13600,(1)停机过程,1,2025-07-07 08:23:12,2025-07-07 08:23:42,30,0.01
1964,L01,#9,GW252/13600,(4)启机状态,4,2025-07-07 08:18:11,2025-07-07 08:23:12,301,0.08
1965,L01,#9,GW252/13600,(3)待机状态,3,2025-07-07 08:16:59,2025-07-07 08:18:11,72,0.02
1966,L01,#9,GW252/13600,(2)停机状态,2,2025-07-07 08:11:21,2025-07-07 08:16:59,338,0.09
1967,L01,#9,GW252/13600,(1)停机过程,1,2025-07-07 08:10:50,2025-07-07 08:11:21,31,0.01
1968,L01,#9,GW252/13600,(4)启机状态,4,2025-07-07 08:05:50,2025-07-07 08:10:50,300,0.08
1969,L01,#9,GW252/13600,(3)待机状态,3,2025-07-07 08:01:35,2025-07-07 08:05:50,255,0.07
1970,L01,#9,GW252/13600,(2)停机状态,2,2025-07-07 07:55:57,2025-07-07 08:01:35,338,0.09
1971,L01,#9,GW252/13600,(1)停机过程,1,2025-07-07 07:55:27,2025-07-07 07:55:57,30,0.01
1972,L01,#9,GW252/13600,(4)启机状态,4,2025-07-07 07:50:27,2025-07-07 07:55:27,300,0.08
1973,L01,#9,GW252/13600,(3)待机状态,3,2025-07-07 07:45:56,2025-07-07 07:50:27,271,0.08
1974,L01,#9,GW252/13600,(2)停机状态,2,2025-07-07 07:40:19,2025-07-07 07:45:56,337,0.09
1975,L01,#9,GW252/13600,(1)停机过程,1,2025-07-07 07:39:47,2025-07-07 07:40:19,32,0.01
1976,L01,#9,GW252/13600,(4)启机状态,4,2025-07-07 07:34:47,2025-07-07 07:39:47,300,0.08
1977,L01,#9,GW252/13600,(3)待机状态,3,2025-07-07 07:25:24,2025-07-07 07:34:47,563,0.16
1978,L01,#9,GW252/13600,(2)停机状态,2,2025-07-07 07:19:47,2025-07-07 07:25:24,337,0.09
1979,L01,#9,GW252/13600,(1)停机过程,1,2025-07-07 07:19:15,2025-07-07 07:19:47,32,0.01
1980,L01,#9,GW252/13600,(4)启机状态,4,2025-07-07 07:14:15,2025-07-07 07:19:15,300,0.08
1981,L01,#9,GW252/13600,(3)待机状态,3,2025-07-07 07:12:59,2025-07-07 07:14:15,76,0.02
1982,L01,#9,GW252/13600,(2)停机状态,2,2025-07-07 07:07:22,2025-07-07 07:12:59,337,0.09
1983,L01,#9,GW252/13600,(1)停机过程,1,2025-07-07 07:06:51,2025-07-07 07:07:22,31,0.01
1984,L01,#9,GW252/13600,(4)启机状态,4,2025-07-07 07:01:51,2025-07-07 07:06:51,300,0.08
1985,L01,#9,GW252/13600,(3)待机状态,3,2025-07-07 07:00:31,2025-07-07 07:01:51,80,0.02
1986,L01,#9,GW252/13600,(2)停机状态,2,2025-07-07 06:54:54,2025-07-07 07:00:31,337,0.09
1987,L01,#9,GW252/13600,(1)停机过程,1,2025-07-07 06:53:57,2025-07-07 06:54:54,57,0.02
1988,L01,#9,GW252/13600,(5)发电状态,5,2025-07-06 21:40:15,2025-07-07 06:53:57,33222,9.23
1989,L01,#9,GW252/13600,(4)启机状态,4,2025-07-06 21:38:37,2025-07-06 21:40:15,98,0.03
1990,L01,#9,GW252/13600,(3)待机状态,3,2025-07-06 21:37:46,2025-07-06 21:38:37,51,0.01
1991,L01,#9,GW252/13600,(2)停机状态,2,2025-07-06 21:37:45,2025-07-06 21:37:46,1,0
1992,L01,#9,GW252/13600,(1)停机过程,1,2025-07-06 21:36:49,2025-07-06 21:37:45,56,0.02
1993,L01,#9,GW252/13600,(4)启机状态,4,2025-07-06 21:31:49,2025-07-06 21:36:49,300,0.08
1994,L01,#9,GW252/13600,(3)待机状态,3,2025-07-06 21:30:56,2025-07-06 21:31:49,53,0.01
1995,L01,#9,GW252/13600,(2)停机状态,2,2025-07-06 21:30:54,2025-07-06 21:30:56,2,0
1996,L01,#9,GW252/13600,(1)停机过程,1,2025-07-06 21:30:22,2025-07-06 21:30:54,32,0.01
1997,L01,#9,GW252/13600,(4)启机状态,4,2025-07-06 21:25:22,2025-07-06 21:30:22,300,0.08
1998,L01,#9,GW252/13600,(3)待机状态,3,2025-07-06 21:24:30,2025-07-06 21:25:22,52,0.01
1999,L01,#9,GW252/13600,(2)停机状态,2,2025-07-06 21:24:29,2025-07-06 21:24:30,1,0
2000,L01,#9,GW252/13600,(1)停机过程,1,2025-07-06 21:23:58,2025-07-06 21:24:29,31,0.01
2001,L01,#9,GW252/13600,(4)启机状态,4,2025-07-06 21:18:57,2025-07-06 21:23:58,301,0.08
2002,L01,#9,GW252/13600,(3)待机状态,3,2025-07-06 21:18:04,2025-07-06 21:18:57,53,0.01
2003,L01,#9,GW252/13600,(2)停机状态,2,2025-07-06 21:17:38,2025-07-06 21:18:04,26,0.01
2004,L01,#9,GW252/13600,(1)停机过程,1,2025-07-06 21:17:08,2025-07-06 21:17:38,30,0.01
2005,L01,#9,GW252/13600,(4)启机状态,4,2025-07-06 21:12:09,2025-07-06 21:17:08,299,0.08
2006,L01,#9,GW252/13600,(3)待机状态,3,2025-07-06 21:11:05,2025-07-06 21:12:09,64,0.02
2007,L01,#9,GW252/13600,(2)停机状态,2,2025-07-06 21:11:04,2025-07-06 21:11:05,1,0
2008,L01,#9,GW252/13600,(1)停机过程,1,2025-07-06 21:10:32,2025-07-06 21:11:04,32,0.01
2009,L01,#9,GW252/13600,(4)启机状态,4,2025-07-06 21:05:32,2025-07-06 21:10:32,300,0.08
2010,L01,#9,GW252/13600,(3)待机状态,3,2025-07-06 21:04:37,2025-07-06 21:05:32,55,0.02
2011,L01,#9,GW252/13600,(1)停机过程,1,2025-07-06 21:04:05,2025-07-06 21:04:37,32,0.01
2012,L01,#9,GW252/13600,(4)启机状态,4,2025-07-06 20:59:05,2025-07-06 21:04:05,300,0.08
2013,L01,#9,GW252/13600,(3)待机状态,3,2025-07-06 20:57:57,2025-07-06 20:59:05,68,0.02
2014,L01,#9,GW252/13600,(2)停机状态,2,2025-07-06 20:57:00,2025-07-06 20:57:57,57,0.02
2015,L01,#9,GW252/13600,(1)停机过程,1,2025-07-06 20:56:29,2025-07-06 20:57:00,31,0.01
2016,L01,#9,GW252/13600,(4)启机状态,4,2025-07-06 20:51:29,2025-07-06 20:56:29,300,0.08
2017,L01,#9,GW252/13600,(3)待机状态,3,2025-07-06 20:50:01,2025-07-06 20:51:29,88,0.02
2018,L01,#9,GW252/13600,(2)停机状态,2,2025-07-06 20:50:00,2025-07-06 20:50:01,1,0
2019,L01,#9,GW252/13600,(1)停机过程,1,2025-07-06 20:49:29,2025-07-06 20:50:00,31,0.01
2020,L01,#9,GW252/13600,(4)启机状态,4,2025-07-06 20:44:29,2025-07-06 20:49:29,300,0.08
2021,L01,#9,GW252/13600,(3)待机状态,3,2025-07-06 20:43:13,2025-07-06 20:44:29,76,0.02
2022,L01,#9,GW252/13600,(2)停机状态,2,2025-07-06 20:43:06,2025-07-06 20:43:13,7,0
2023,L01,#9,GW252/13600,(1)停机过程,1,2025-07-06 20:42:33,2025-07-06 20:43:06,33,0.01
2024,L01,#9,GW252/13600,(4)启机状态,4,2025-07-06 20:37:33,2025-07-06 20:42:33,300,0.08
2025,L01,#9,GW252/13600,(3)待机状态,3,2025-07-06 20:36:24,2025-07-06 20:37:33,69,0.02
2026,L01,#9,GW252/13600,(2)停机状态,2,2025-07-06 20:35:48,2025-07-06 20:36:24,36,0.01
2027,L01,#9,GW252/13600,(1)停机过程,1,2025-07-06 20:35:16,2025-07-06 20:35:48,32,0.01
2028,L01,#9,GW252/13600,(4)启机状态,4,2025-07-06 20:30:16,2025-07-06 20:35:16,300,0.08
2029,L01,#9,GW252/13600,(3)待机状态,3,2025-07-06 20:29:10,2025-07-06 20:30:16,66,0.02
2030,L01,#9,GW252/13600,(2)停机状态,2,2025-07-06 20:28:15,2025-07-06 20:29:10,55,0.02
2031,L01,#9,GW252/13600,(1)停机过程,1,2025-07-06 20:27:19,2025-07-06 20:28:15,56,0.02
2032,L01,#9,GW252/13600,(5)发电状态,5,2025-07-06 18:43:19,2025-07-06 20:27:19,6240,1.73
2033,L01,#9,GW252/13600,(4)启机状态,4,2025-07-06 18:41:27,2025-07-06 18:43:19,112,0.03
2034,L01,#9,GW252/13600,(3)待机状态,3,2025-07-06 18:40:39,2025-07-06 18:41:27,48,0.01
2035,L01,#9,GW252/13600,(2)停机状态,2,2025-07-06 18:40:37,2025-07-06 18:40:39,2,0
2036,L01,#9,GW252/13600,(1)停机过程,1,2025-07-06 18:40:06,2025-07-06 18:40:37,31,0.01
2037,L01,#9,GW252/13600,(4)启机状态,4,2025-07-06 18:35:06,2025-07-06 18:40:06,300,0.08
2038,L01,#9,GW252/13600,(3)待机状态,3,2025-07-06 18:33:49,2025-07-06 18:35:06,77,0.02
2039,L01,#9,GW252/13600,(2)停机状态,2,2025-07-06 18:33:47,2025-07-06 18:33:49,2,0
2040,L01,#9,GW252/13600,(1)停机过程,1,2025-07-06 18:33:16,2025-07-06 18:33:47,31,0.01
2041,L01,#9,GW252/13600,(4)启机状态,4,2025-07-06 18:28:14,2025-07-06 18:33:16,302,0.08
2042,L01,#9,GW252/13600,(3)待机状态,3,2025-07-06 18:27:22,2025-07-06 18:28:14,52,0.01
2043,L01,#9,GW252/13600,(2)停机状态,2,2025-07-06 18:27:20,2025-07-06 18:27:22,2,0
2044,L01,#9,GW252/13600,(1)停机过程,1,2025-07-06 18:26:48,2025-07-06 18:27:20,32,0.01
2045,L01,#9,GW252/13600,(4)启机状态,4,2025-07-06 18:21:47,2025-07-06 18:26:48,301,0.08
2046,L01,#9,GW252/13600,(3)待机状态,3,2025-07-06 18:20:46,2025-07-06 18:21:47,61,0.02
2047,L01,#9,GW252/13600,(2)停机状态,2,2025-07-06 18:20:44,2025-07-06 18:20:46,2,0
2048,L01,#9,GW252/13600,(1)停机过程,1,2025-07-06 18:20:12,2025-07-06 18:20:44,32,0.01
2049,L01,#9,GW252/13600,(4)启机状态,4,2025-07-06 18:15:12,2025-07-06 18:20:12,300,0.08
2050,L01,#9,GW252/13600,(3)待机状态,3,2025-07-06 18:12:05,2025-07-06 18:15:12,187,0.05
2051,L01,#9,GW252/13600,(2)停机状态,2,2025-07-06 18:10:42,2025-07-06 18:12:05,83,0.02
2052,L01,#9,GW252/13600,(1)停机过程,1,2025-07-06 18:10:11,2025-07-06 18:10:42,31,0.01
2053,L01,#9,GW252/13600,(4)启机状态,4,2025-07-06 18:05:10,2025-07-06 18:10:11,301,0.08
2054,L01,#9,GW252/13600,(3)待机状态,3,2025-07-06 18:03:16,2025-07-06 18:05:10,114,0.03
2055,L01,#9,GW252/13600,(2)停机状态,2,2025-07-06 17:57:39,2025-07-06 18:03:16,337,0.09
2056,L01,#9,GW252/13600,(1)停机过程,1,2025-07-06 17:57:08,2025-07-06 17:57:39,31,0.01
2057,L01,#9,GW252/13600,(4)启机状态,4,2025-07-06 17:52:08,2025-07-06 17:57:08,300,0.08
2058,L01,#9,GW252/13600,(3)待机状态,3,2025-07-06 16:22:13,2025-07-06 17:52:08,5395,1.5
2059,L01,#9,GW252/13600,(2)停机状态,2,2025-07-06 16:16:36,2025-07-06 16:22:13,337,0.09
2060,L01,#9,GW252/13600,(1)停机过程,1,2025-07-06 16:16:04,2025-07-06 16:16:36,32,0.01
2061,L01,#9,GW252/13600,(4)启机状态,4,2025-07-06 16:11:04,2025-07-06 16:16:04,300,0.08
2062,L01,#9,GW252/13600,(3)待机状态,3,2025-07-06 16:05:53,2025-07-06 16:11:04,311,0.09
2063,L01,#9,GW252/13600,(2)停机状态,2,2025-07-06 16:00:16,2025-07-06 16:05:53,337,0.09
2064,L01,#9,GW252/13600,(1)停机过程,1,2025-07-06 15:59:45,2025-07-06 16:00:16,31,0.01
2065,L01,#9,GW252/13600,(4)启机状态,4,2025-07-06 15:54:45,2025-07-06 15:59:45,300,0.08
2066,L01,#9,GW252/13600,(3)待机状态,3,2025-07-06 15:53:38,2025-07-06 15:54:45,67,0.02
2067,L01,#9,GW252/13600,(2)停机状态,2,2025-07-06 15:48:01,2025-07-06 15:53:38,337,0.09
2068,L01,#9,GW252/13600,(1)停机过程,1,2025-07-06 15:47:30,2025-07-06 15:48:01,31,0.01
2069,L01,#9,GW252/13600,(4)启机状态,4,2025-07-06 15:42:30,2025-07-06 15:47:30,300,0.08
2070,L01,#9,GW252/13600,(3)待机状态,3,2025-07-06 15:41:31,2025-07-06 15:42:30,59,0.02
2071,L01,#9,GW252/13600,(2)停机状态,2,2025-07-06 15:41:30,2025-07-06 15:41:31,1,0
2072,L01,#9,GW252/13600,(1)停机过程,1,2025-07-06 15:40:58,2025-07-06 15:41:30,32,0.01
2073,L01,#9,GW252/13600,(4)启机状态,4,2025-07-06 15:35:57,2025-07-06 15:40:58,301,0.08
2074,L01,#9,GW252/13600,(3)待机状态,3,2025-07-06 15:35:09,2025-07-06 15:35:57,48,0.01
2075,L01,#9,GW252/13600,(2)停机状态,2,2025-07-06 15:35:07,2025-07-06 15:35:09,2,0
2076,L01,#9,GW252/13600,(1)停机过程,1,2025-07-06 15:34:14,2025-07-06 15:35:07,53,0.01
2077,L01,#9,GW252/13600,(4)启机状态,4,2025-07-06 15:29:14,2025-07-06 15:34:14,300,0.08
2078,L01,#9,GW252/13600,(3)待机状态,3,2025-07-06 15:28:19,2025-07-06 15:29:14,55,0.02
2079,L01,#9,GW252/13600,(1)停机过程,1,2025-07-06 15:27:48,2025-07-06 15:28:19,31,0.01
2080,L01,#9,GW252/13600,(4)启机状态,4,2025-07-06 15:22:47,2025-07-06 15:27:48,301,0.08
2081,L01,#9,GW252/13600,(3)待机状态,3,2025-07-06 15:21:55,2025-07-06 15:22:47,52,0.01
2082,L01,#9,GW252/13600,(2)停机状态,2,2025-07-06 15:21:54,2025-07-06 15:21:55,1,0
2083,L01,#9,GW252/13600,(1)停机过程,1,2025-07-06 15:21:21,2025-07-06 15:21:54,33,0.01
2084,L01,#9,GW252/13600,(4)启机状态,4,2025-07-06 15:16:21,2025-07-06 15:21:21,300,0.08
2085,L01,#9,GW252/13600,(3)待机状态,3,2025-07-06 15:15:22,2025-07-06 15:16:21,59,0.02
2086,L01,#9,GW252/13600,(2)停机状态,2,2025-07-06 15:15:21,2025-07-06 15:15:22,1,0
2087,L01,#9,GW252/13600,(1)停机过程,1,2025-07-06 15:14:50,2025-07-06 15:15:21,31,0.01
2088,L01,#9,GW252/13600,(4)启机状态,4,2025-07-06 15:09:51,2025-07-06 15:14:50,299,0.08
2089,L01,#9,GW252/13600,(3)待机状态,3,2025-07-06 15:08:54,2025-07-06 15:09:51,57,0.02
2090,L01,#9,GW252/13600,(2)停机状态,2,2025-07-06 15:08:52,2025-07-06 15:08:54,2,0
2091,L01,#9,GW252/13600,(1)停机过程,1,2025-07-06 15:08:21,2025-07-06 15:08:52,31,0.01
2092,L01,#9,GW252/13600,(4)启机状态,4,2025-07-06 15:03:20,2025-07-06 15:08:21,301,0.08
2093,L01,#9,GW252/13600,(3)待机状态,3,2025-07-06 15:02:21,2025-07-06 15:03:20,59,0.02
2094,L01,#9,GW252/13600,(2)停机状态,2,2025-07-06 15:02:19,2025-07-06 15:02:21,2,0
2095,L01,#9,GW252/13600,(1)停机过程,1,2025-07-06 15:01:47,2025-07-06 15:02:19,32,0.01
2096,L01,#9,GW252/13600,(4)启机状态,4,2025-07-06 14:56:47,2025-07-06 15:01:47,300,0.08
2097,L01,#9,GW252/13600,(3)待机状态,3,2025-07-06 14:55:51,2025-07-06 14:56:47,56,0.02
2098,L01,#9,GW252/13600,(2)停机状态,2,2025-07-06 14:55:50,2025-07-06 14:55:51,1,0
2099,L01,#9,GW252/13600,(1)停机过程,1,2025-07-06 14:55:19,2025-07-06 14:55:50,31,0.01
2100,L01,#9,GW252/13600,(4)启机状态,4,2025-07-06 14:50:19,2025-07-06 14:55:19,300,0.08
2101,L01,#9,GW252/13600,(3)待机状态,3,2025-07-06 14:49:26,2025-07-06 14:50:19,53,0.01
2102,L01,#9,GW252/13600,(2)停机状态,2,2025-07-06 14:49:25,2025-07-06 14:49:26,1,0
2103,L01,#9,GW252/13600,(1)停机过程,1,2025-07-06 14:48:52,2025-07-06 14:49:25,33,0.01
2104,L01,#9,GW252/13600,(4)启机状态,4,2025-07-06 14:43:52,2025-07-06 14:48:52,300,0.08
2105,L01,#9,GW252/13600,(3)待机状态,3,2025-07-06 14:42:59,2025-07-06 14:43:52,53,0.01
2106,L01,#9,GW252/13600,(2)停机状态,2,2025-07-06 14:42:57,2025-07-06 14:42:59,2,0
2107,L01,#9,GW252/13600,(1)停机过程,1,2025-07-06 14:42:24,2025-07-06 14:42:57,33,0.01
2108,L01,#9,GW252/13600,(4)启机状态,4,2025-07-06 14:37:24,2025-07-06 14:42:24,300,0.08
2109,L01,#9,GW252/13600,(3)待机状态,3,2025-07-06 14:36:30,2025-07-06 14:37:24,54,0.02
2110,L01,#9,GW252/13600,(2)停机状态,2,2025-07-06 14:36:28,2025-07-06 14:36:30,2,0
2111,L01,#9,GW252/13600,(1)停机过程,1,2025-07-06 14:35:58,2025-07-06 14:36:28,30,0.01
2112,L01,#9,GW252/13600,(4)启机状态,4,2025-07-06 14:30:58,2025-07-06 14:35:58,300,0.08
2113,L01,#9,GW252/13600,(3)待机状态,3,2025-07-06 14:30:06,2025-07-06 14:30:58,52,0.01
2114,L01,#9,GW252/13600,(2)停机状态,2,2025-07-06 14:30:05,2025-07-06 14:30:06,1,0
2115,L01,#9,GW252/13600,(1)停机过程,1,2025-07-06 14:29:33,2025-07-06 14:30:05,32,0.01
2116,L01,#9,GW252/13600,(4)启机状态,4,2025-07-06 14:24:32,2025-07-06 14:29:33,301,0.08
2117,L01,#9,GW252/13600,(3)待机状态,3,2025-07-06 14:23:36,2025-07-06 14:24:32,56,0.02
2118,L01,#9,GW252/13600,(2)停机状态,2,2025-07-06 14:23:34,2025-07-06 14:23:36,2,0
2119,L01,#9,GW252/13600,(1)停机过程,1,2025-07-06 14:23:01,2025-07-06 14:23:34,33,0.01
2120,L01,#9,GW252/13600,(4)启机状态,4,2025-07-06 14:18:02,2025-07-06 14:23:01,299,0.08
2121,L01,#9,GW252/13600,(3)待机状态,3,2025-07-06 14:17:04,2025-07-06 14:18:02,58,0.02
2122,L01,#9,GW252/13600,(2)停机状态,2,2025-07-06 14:17:03,2025-07-06 14:17:04,1,0
2123,L01,#9,GW252/13600,(1)停机过程,1,2025-07-06 14:16:33,2025-07-06 14:17:03,30,0.01
2124,L01,#9,GW252/13600,(4)启机状态,4,2025-07-06 14:11:33,2025-07-06 14:16:33,300,0.08
2125,L01,#9,GW252/13600,(3)待机状态,3,2025-07-06 14:10:34,2025-07-06 14:11:33,59,0.02
2126,L01,#9,GW252/13600,(1)停机过程,1,2025-07-06 14:10:01,2025-07-06 14:10:34,33,0.01
2127,L01,#9,GW252/13600,(4)启机状态,4,2025-07-06 14:05:01,2025-07-06 14:10:01,300,0.08
2128,L01,#9,GW252/13600,(3)待机状态,3,2025-07-06 14:03:56,2025-07-06 14:05:01,65,0.02
2129,L01,#9,GW252/13600,(2)停机状态,2,2025-07-06 14:03:55,2025-07-06 14:03:56,1,0
2130,L01,#9,GW252/13600,(1)停机过程,1,2025-07-06 14:03:25,2025-07-06 14:03:55,30,0.01
2131,L01,#9,GW252/13600,(4)启机状态,4,2025-07-06 13:58:25,2025-07-06 14:03:25,300,0.08
2132,L01,#9,GW252/13600,(3)待机状态,3,2025-07-06 13:57:28,2025-07-06 13:58:25,57,0.02
2133,L01,#9,GW252/13600,(2)停机状态,2,2025-07-06 13:57:26,2025-07-06 13:57:28,2,0
2134,L01,#9,GW252/13600,(1)停机过程,1,2025-07-06 13:56:54,2025-07-06 13:57:26,32,0.01
2135,L01,#9,GW252/13600,(4)启机状态,4,2025-07-06 13:51:53,2025-07-06 13:56:54,301,0.08
2136,L01,#9,GW252/13600,(3)待机状态,3,2025-07-06 13:50:48,2025-07-06 13:51:53,65,0.02
2137,L01,#9,GW252/13600,(2)停机状态,2,2025-07-06 13:50:42,2025-07-06 13:50:48,6,0
2138,L01,#9,GW252/13600,(1)停机过程,1,2025-07-06 13:50:10,2025-07-06 13:50:42,32,0.01
2139,L01,#9,GW252/13600,(4)启机状态,4,2025-07-06 13:45:10,2025-07-06 13:50:10,300,0.08
2140,L01,#9,GW252/13600,(3)待机状态,3,2025-07-06 13:44:09,2025-07-06 13:45:10,61,0.02
2141,L01,#9,GW252/13600,(2)停机状态,2,2025-07-06 13:44:08,2025-07-06 13:44:09,1,0
2142,L01,#9,GW252/13600,(1)停机过程,1,2025-07-06 13:43:36,2025-07-06 13:44:08,32,0.01
2143,L01,#9,GW252/13600,(4)启机状态,4,2025-07-06 13:38:36,2025-07-06 13:43:36,300,0.08
2144,L01,#9,GW252/13600,(3)待机状态,3,2025-07-06 13:37:41,2025-07-06 13:38:36,55,0.02
2145,L01,#9,GW252/13600,(2)停机状态,2,2025-07-06 13:37:40,2025-07-06 13:37:41,1,0
2146,L01,#9,GW252/13600,(1)停机过程,1,2025-07-06 13:37:07,2025-07-06 13:37:40,33,0.01
2147,L01,#9,GW252/13600,(4)启机状态,4,2025-07-06 13:32:08,2025-07-06 13:37:07,299,0.08
2148,L01,#9,GW252/13600,(3)待机状态,3,2025-07-06 13:30:48,2025-07-06 13:32:08,80,0.02
2149,L01,#9,GW252/13600,(2)停机状态,2,2025-07-06 13:30:47,2025-07-06 13:30:48,1,0
2150,L01,#9,GW252/13600,(1)停机过程,1,2025-07-06 13:30:16,2025-07-06 13:30:47,31,0.01
2151,L01,#9,GW252/13600,(4)启机状态,4,2025-07-06 13:25:16,2025-07-06 13:30:16,300,0.08
2152,L01,#9,GW252/13600,(3)待机状态,3,2025-07-06 13:24:16,2025-07-06 13:25:16,60,0.02
2153,L01,#9,GW252/13600,(2)停机状态,2,2025-07-06 13:24:15,2025-07-06 13:24:16,1,0
2154,L01,#9,GW252/13600,(1)停机过程,1,2025-07-06 13:23:43,2025-07-06 13:24:15,32,0.01
2155,L01,#9,GW252/13600,(4)启机状态,4,2025-07-06 13:18:43,2025-07-06 13:23:43,300,0.08
2156,L01,#9,GW252/13600,(3)待机状态,3,2025-07-06 13:17:39,2025-07-06 13:18:43,64,0.02
2157,L01,#9,GW252/13600,(2)停机状态,2,2025-07-06 13:17:37,2025-07-06 13:17:39,2,0
2158,L01,#9,GW252/13600,(1)停机过程,1,2025-07-06 13:17:06,2025-07-06 13:17:37,31,0.01
2159,L01,#9,GW252/13600,(4)启机状态,4,2025-07-06 13:12:05,2025-07-06 13:17:06,301,0.08
2160,L01,#9,GW252/13600,(3)待机状态,3,2025-07-06 13:11:02,2025-07-06 13:12:05,63,0.02
2161,L01,#9,GW252/13600,(2)停机状态,2,2025-07-06 13:11:01,2025-07-06 13:11:02,1,0
2162,L01,#9,GW252/13600,(1)停机过程,1,2025-07-06 13:10:28,2025-07-06 13:11:01,33,0.01
2163,L01,#9,GW252/13600,(4)启机状态,4,2025-07-06 13:05:29,2025-07-06 13:10:28,299,0.08
2164,L01,#9,GW252/13600,(3)待机状态,3,2025-07-06 13:04:01,2025-07-06 13:05:29,88,0.02
2165,L01,#9,GW252/13600,(2)停机状态,2,2025-07-06 13:03:13,2025-07-06 13:04:01,48,0.01
2166,L01,#9,GW252/13600,(1)停机过程,1,2025-07-06 13:02:42,2025-07-06 13:03:13,31,0.01
2167,L01,#9,GW252/13600,(4)启机状态,4,2025-07-06 12:57:42,2025-07-06 13:02:42,300,0.08
2168,L01,#9,GW252/13600,(3)待机状态,3,2025-07-06 12:56:35,2025-07-06 12:57:42,67,0.02
2169,L01,#9,GW252/13600,(2)停机状态,2,2025-07-06 12:56:30,2025-07-06 12:56:35,5,0
2170,L01,#9,GW252/13600,(1)停机过程,1,2025-07-06 12:55:58,2025-07-06 12:56:30,32,0.01
2171,L01,#9,GW252/13600,(4)启机状态,4,2025-07-06 12:50:58,2025-07-06 12:55:58,300,0.08
2172,L01,#9,GW252/13600,(3)待机状态,3,2025-07-06 12:49:31,2025-07-06 12:50:58,87,0.02
2173,L01,#9,GW252/13600,(1)停机过程,1,2025-07-06 12:48:59,2025-07-06 12:49:31,32,0.01
2174,L01,#9,GW252/13600,(4)启机状态,4,2025-07-06 12:43:58,2025-07-06 12:48:59,301,0.08
2175,L01,#9,GW252/13600,(3)待机状态,3,2025-07-06 12:41:14,2025-07-06 12:43:58,164,0.05
2176,L01,#9,GW252/13600,(2)停机状态,2,2025-07-06 12:41:12,2025-07-06 12:41:14,2,0
2177,L01,#9,GW252/13600,(1)停机过程,1,2025-07-06 12:40:41,2025-07-06 12:41:12,31,0.01
2178,L01,#9,GW252/13600,(4)启机状态,4,2025-07-06 12:35:41,2025-07-06 12:40:41,300,0.08
2179,L01,#9,GW252/13600,(3)待机状态,3,2025-07-06 09:06:14,2025-07-06 12:35:41,12567,3.49
2180,L01,#9,GW252/13600,(2)停机状态,2,2025-07-06 09:01:26,2025-07-06 09:06:14,288,0.08
2181,L01,#9,GW252/13600,(1)停机过程,1,2025-07-06 09:00:29,2025-07-06 09:01:26,57,0.02
2182,L01,#9,GW252/13600,(5)发电状态,5,2025-07-06 08:21:14,2025-07-06 09:00:29,2355,0.65
2183,L01,#9,GW252/13600,(4)启机状态,4,2025-07-06 08:19:36,2025-07-06 08:21:14,98,0.03
2184,L01,#9,GW252/13600,(3)待机状态,3,2025-07-06 08:18:49,2025-07-06 08:19:36,47,0.01
2185,L01,#9,GW252/13600,(2)停机状态,2,2025-07-06 08:18:47,2025-07-06 08:18:49,2,0
2186,L01,#9,GW252/13600,(1)停机过程,1,2025-07-06 08:18:05,2025-07-06 08:18:47,42,0.01
2187,L01,#9,GW252/13600,(4)启机状态,4,2025-07-06 08:13:05,2025-07-06 08:18:05,300,0.08
2188,L01,#9,GW252/13600,(3)待机状态,3,2025-07-06 08:11:53,2025-07-06 08:13:05,72,0.02
2189,L01,#9,GW252/13600,(2)停机状态,2,2025-07-06 08:11:50,2025-07-06 08:11:53,3,0
2190,L01,#9,GW252/13600,(1)停机过程,1,2025-07-06 08:10:53,2025-07-06 08:11:50,57,0.02
2191,L01,#9,GW252/13600,(5)发电状态,5,2025-07-06 07:33:23,2025-07-06 08:10:53,2250,0.63
2192,L01,#9,GW252/13600,(4)启机状态,4,2025-07-06 07:31:02,2025-07-06 07:33:23,141,0.04
2193,L01,#9,GW252/13600,(3)待机状态,3,2025-07-06 07:29:29,2025-07-06 07:31:02,93,0.03
2194,L01,#9,GW252/13600,(2)停机状态,2,2025-07-06 07:29:28,2025-07-06 07:29:29,1,0
2195,L01,#9,GW252/13600,(1)停机过程,1,2025-07-06 07:28:56,2025-07-06 07:29:28,32,0.01
2196,L01,#9,GW252/13600,(4)启机状态,4,2025-07-06 07:23:57,2025-07-06 07:28:56,299,0.08
2197,L01,#9,GW252/13600,(3)待机状态,3,2025-07-06 07:22:29,2025-07-06 07:23:57,88,0.02
2198,L01,#9,GW252/13600,(2)停机状态,2,2025-07-06 07:22:24,2025-07-06 07:22:29,5,0
2199,L01,#9,GW252/13600,(1)停机过程,1,2025-07-06 07:21:53,2025-07-06 07:22:24,31,0.01
2200,L01,#9,GW252/13600,(4)启机状态,4,2025-07-06 07:16:53,2025-07-06 07:21:53,300,0.08
2201,L01,#9,GW252/13600,(3)待机状态,3,2025-07-06 07:15:46,2025-07-06 07:16:53,67,0.02
2202,L01,#9,GW252/13600,(2)停机状态,2,2025-07-06 07:12:12,2025-07-06 07:15:46,214,0.06
2203,L01,#9,GW252/13600,(1)停机过程,1,2025-07-06 07:11:14,2025-07-06 07:12:12,58,0.02
2204,L01,#9,GW252/13600,(5)发电状态,5,2025-07-06 06:52:19,2025-07-06 07:11:14,1135,0.32
2205,L01,#9,GW252/13600,(4)启机状态,4,2025-07-06 06:50:11,2025-07-06 06:52:19,128,0.04
2206,L01,#9,GW252/13600,(3)待机状态,3,2025-07-06 06:49:06,2025-07-06 06:50:11,65,0.02
2207,L01,#9,GW252/13600,(2)停机状态,2,2025-07-06 06:49:05,2025-07-06 06:49:06,1,0
2208,L01,#9,GW252/13600,(1)停机过程,1,2025-07-06 06:48:34,2025-07-06 06:49:05,31,0.01
2209,L01,#9,GW252/13600,(4)启机状态,4,2025-07-06 06:43:34,2025-07-06 06:48:34,300,0.08
2210,L01,#9,GW252/13600,(3)待机状态,3,2025-07-06 06:42:12,2025-07-06 06:43:34,82,0.02
2211,L01,#9,GW252/13600,(2)停机状态,2,2025-07-06 06:42:11,2025-07-06 06:42:12,1,0
2212,L01,#9,GW252/13600,(1)停机过程,1,2025-07-06 06:41:40,2025-07-06 06:42:11,31,0.01
2213,L01,#9,GW252/13600,(4)启机状态,4,2025-07-06 06:36:40,2025-07-06 06:41:40,300,0.08
2214,L01,#9,GW252/13600,(3)待机状态,3,2025-07-06 06:35:55,2025-07-06 06:36:40,45,0.01
2215,L01,#9,GW252/13600,(2)停机状态,2,2025-07-06 06:35:54,2025-07-06 06:35:55,1,0
2216,L01,#9,GW252/13600,(1)停机过程,1,2025-07-06 06:35:07,2025-07-06 06:35:54,47,0.01
2217,L01,#9,GW252/13600,(4)启机状态,4,2025-07-06 06:30:07,2025-07-06 06:35:07,300,0.08
2218,L01,#9,GW252/13600,(3)待机状态,3,2025-07-06 06:25:04,2025-07-06 06:30:07,303,0.08
2219,L01,#9,GW252/13600,(2)停机状态,2,2025-07-06 06:23:21,2025-07-06 06:25:04,103,0.03
2220,L01,#9,GW252/13600,(1)停机过程,1,2025-07-06 06:22:48,2025-07-06 06:23:21,33,0.01
2221,L01,#9,GW252/13600,(4)启机状态,4,2025-07-06 06:17:48,2025-07-06 06:22:48,300,0.08
2222,L01,#9,GW252/13600,(3)待机状态,3,2025-07-06 03:39:04,2025-07-06 06:17:48,9524,2.65
2223,L01,#9,GW252/13600,(2)停机状态,2,2025-07-06 03:33:26,2025-07-06 03:39:04,338,0.09
2224,L01,#9,GW252/13600,(1)停机过程,1,2025-07-06 03:32:56,2025-07-06 03:33:26,30,0.01
2225,L01,#9,GW252/13600,(4)启机状态,4,2025-07-06 03:27:56,2025-07-06 03:32:56,300,0.08
2226,L01,#9,GW252/13600,(3)待机状态,3,2025-07-06 03:26:07,2025-07-06 03:27:56,109,0.03
2227,L01,#9,GW252/13600,(2)停机状态,2,2025-07-06 03:24:46,2025-07-06 03:26:07,81,0.02
2228,L01,#9,GW252/13600,(1)停机过程,1,2025-07-06 03:24:14,2025-07-06 03:24:46,32,0.01
2229,L01,#9,GW252/13600,(4)启机状态,4,2025-07-06 03:19:14,2025-07-06 03:24:14,300,0.08
2230,L01,#9,GW252/13600,(3)待机状态,3,2025-07-06 03:18:03,2025-07-06 03:19:14,71,0.02
2231,L01,#9,GW252/13600,(2)停机状态,2,2025-07-06 03:17:55,2025-07-06 03:18:03,8,0
2232,L01,#9,GW252/13600,(1)停机过程,1,2025-07-06 03:17:23,2025-07-06 03:17:55,32,0.01
2233,L01,#9,GW252/13600,(4)启机状态,4,2025-07-06 03:12:23,2025-07-06 03:17:23,300,0.08
2234,L01,#9,GW252/13600,(3)待机状态,3,2025-07-06 03:11:18,2025-07-06 03:12:23,65,0.02
2235,L01,#9,GW252/13600,(2)停机状态,2,2025-07-06 03:10:01,2025-07-06 03:11:18,77,0.02
2236,L01,#9,GW252/13600,(1)停机过程,1,2025-07-06 03:09:29,2025-07-06 03:10:01,32,0.01
2237,L01,#9,GW252/13600,(4)启机状态,4,2025-07-06 03:04:29,2025-07-06 03:09:29,300,0.08
2238,L01,#9,GW252/13600,(3)待机状态,3,2025-07-06 03:03:27,2025-07-06 03:04:29,62,0.02
2239,L01,#9,GW252/13600,(2)停机状态,2,2025-07-06 03:03:25,2025-07-06 03:03:27,2,0
2240,L01,#9,GW252/13600,(1)停机过程,1,2025-07-06 03:02:54,2025-07-06 03:03:25,31,0.01
2241,L01,#9,GW252/13600,(4)启机状态,4,2025-07-06 02:57:54,2025-07-06 03:02:54,300,0.08
2242,L01,#9,GW252/13600,(3)待机状态,3,2025-07-06 02:56:26,2025-07-06 02:57:54,88,0.02
2243,L01,#9,GW252/13600,(2)停机状态,2,2025-07-06 02:52:14,2025-07-06 02:56:26,252,0.07
2244,L01,#9,GW252/13600,(1)停机过程,1,2025-07-06 02:51:17,2025-07-06 02:52:14,57,0.02
2245,L01,#9,GW252/13600,(5)发电状态,5,2025-07-05 20:05:47,2025-07-06 02:51:17,24330,6.76
2246,L01,#9,GW252/13600,(4)启机状态,4,2025-07-05 20:03:29,2025-07-05 20:05:47,138,0.04
2247,L01,#9,GW252/13600,(3)待机状态,3,2025-07-05 20:02:40,2025-07-05 20:03:29,49,0.01
2248,L01,#9,GW252/13600,(2)停机状态,2,2025-07-05 20:02:39,2025-07-05 20:02:40,1,0
2249,L01,#9,GW252/13600,(1)停机过程,1,2025-07-05 20:02:07,2025-07-05 20:02:39,32,0.01
2250,L01,#9,GW252/13600,(4)启机状态,4,2025-07-05 19:57:07,2025-07-05 20:02:07,300,0.08
2251,L01,#9,GW252/13600,(3)待机状态,3,2025-07-05 19:56:09,2025-07-05 19:57:07,58,0.02
2252,L01,#9,GW252/13600,(2)停机状态,2,2025-07-05 19:56:06,2025-07-05 19:56:09,3,0
2253,L01,#9,GW252/13600,(1)停机过程,1,2025-07-05 19:55:37,2025-07-05 19:56:06,29,0.01
2254,L01,#9,GW252/13600,(4)启机状态,4,2025-07-05 19:50:37,2025-07-05 19:55:37,300,0.08
2255,L01,#9,GW252/13600,(3)待机状态,3,2025-07-05 19:49:17,2025-07-05 19:50:37,80,0.02
2256,L01,#9,GW252/13600,(2)停机状态,2,2025-07-05 19:49:16,2025-07-05 19:49:17,1,0
2257,L01,#9,GW252/13600,(1)停机过程,1,2025-07-05 19:48:44,2025-07-05 19:49:16,32,0.01
2258,L01,#9,GW252/13600,(4)启机状态,4,2025-07-05 19:43:43,2025-07-05 19:48:44,301,0.08
2259,L01,#9,GW252/13600,(3)待机状态,3,2025-07-05 19:42:40,2025-07-05 19:43:43,63,0.02
2260,L01,#9,GW252/13600,(2)停机状态,2,2025-07-05 19:42:38,2025-07-05 19:42:40,2,0
2261,L01,#9,GW252/13600,(1)停机过程,1,2025-07-05 19:42:08,2025-07-05 19:42:38,30,0.01
2262,L01,#9,GW252/13600,(4)启机状态,4,2025-07-05 19:37:08,2025-07-05 19:42:08,300,0.08
2263,L01,#9,GW252/13600,(3)待机状态,3,2025-07-05 19:36:00,2025-07-05 19:37:08,68,0.02
2264,L01,#9,GW252/13600,(2)停机状态,2,2025-07-05 19:35:58,2025-07-05 19:36:00,2,0
2265,L01,#9,GW252/13600,(1)停机过程,1,2025-07-05 19:35:26,2025-07-05 19:35:58,32,0.01
2266,L01,#9,GW252/13600,(4)启机状态,4,2025-07-05 19:30:26,2025-07-05 19:35:26,300,0.08
2267,L01,#9,GW252/13600,(3)待机状态,3,2025-07-05 19:29:10,2025-07-05 19:30:26,76,0.02
2268,L01,#9,GW252/13600,(2)停机状态,2,2025-07-05 19:29:08,2025-07-05 19:29:10,2,0
2269,L01,#9,GW252/13600,(1)停机过程,1,2025-07-05 19:28:37,2025-07-05 19:29:08,31,0.01
2270,L01,#9,GW252/13600,(4)启机状态,4,2025-07-05 19:23:37,2025-07-05 19:28:37,300,0.08
2271,L01,#9,GW252/13600,(3)待机状态,3,2025-07-05 19:22:29,2025-07-05 19:23:37,68,0.02
2272,L01,#9,GW252/13600,(2)停机状态,2,2025-07-05 19:22:27,2025-07-05 19:22:29,2,0
2273,L01,#9,GW252/13600,(1)停机过程,1,2025-07-05 19:21:55,2025-07-05 19:22:27,32,0.01
2274,L01,#9,GW252/13600,(4)启机状态,4,2025-07-05 19:16:56,2025-07-05 19:21:55,299,0.08
2275,L01,#9,GW252/13600,(3)待机状态,3,2025-07-05 19:13:20,2025-07-05 19:16:56,216,0.06
2276,L01,#9,GW252/13600,(2)停机状态,2,2025-07-05 19:11:37,2025-07-05 19:13:20,103,0.03
2277,L01,#9,GW252/13600,(1)停机过程,1,2025-07-05 19:11:05,2025-07-05 19:11:37,32,0.01
2278,L01,#9,GW252/13600,(4)启机状态,4,2025-07-05 19:06:06,2025-07-05 19:11:05,299,0.08
2279,L01,#9,GW252/13600,(3)待机状态,3,2025-07-05 19:03:01,2025-07-05 19:06:06,185,0.05
2280,L01,#9,GW252/13600,(2)停机状态,2,2025-07-05 19:01:00,2025-07-05 19:03:01,121,0.03
2281,L01,#9,GW252/13600,(1)停机过程,1,2025-07-05 19:00:27,2025-07-05 19:01:00,33,0.01
2282,L01,#9,GW252/13600,(4)启机状态,4,2025-07-05 18:55:27,2025-07-05 19:00:27,300,0.08
2283,L01,#9,GW252/13600,(3)待机状态,3,2025-07-05 18:52:21,2025-07-05 18:55:27,186,0.05
2284,L01,#9,GW252/13600,(2)停机状态,2,2025-07-05 18:51:17,2025-07-05 18:52:21,64,0.02
2285,L01,#9,GW252/13600,(1)停机过程,1,2025-07-05 18:50:45,2025-07-05 18:51:17,32,0.01
2286,L01,#9,GW252/13600,(4)启机状态,4,2025-07-05 18:45:45,2025-07-05 18:50:45,300,0.08
2287,L01,#9,GW252/13600,(3)待机状态,3,2025-07-05 18:42:38,2025-07-05 18:45:45,187,0.05
2288,L01,#9,GW252/13600,(2)停机状态,2,2025-07-05 18:40:07,2025-07-05 18:42:38,151,0.04
2289,L01,#9,GW252/13600,(1)停机过程,1,2025-07-05 18:39:35,2025-07-05 18:40:07,32,0.01
2290,L01,#9,GW252/13600,(4)启机状态,4,2025-07-05 18:34:35,2025-07-05 18:39:35,300,0.08
2291,L01,#9,GW252/13600,(3)待机状态,3,2025-07-05 14:38:09,2025-07-05 18:34:35,14186,3.94
2292,L01,#9,GW252/13600,(2)停机状态,2,2025-07-05 14:32:32,2025-07-05 14:38:09,337,0.09
2293,L01,#9,GW252/13600,(1)停机过程,1,2025-07-05 14:32:02,2025-07-05 14:32:32,30,0.01
2294,L01,#9,GW252/13600,(4)启机状态,4,2025-07-05 14:27:01,2025-07-05 14:32:02,301,0.08
2295,L01,#9,GW252/13600,(3)待机状态,3,2025-07-05 14:25:47,2025-07-05 14:27:01,74,0.02
2296,L01,#9,GW252/13600,(2)停机状态,2,2025-07-05 14:24:14,2025-07-05 14:25:47,93,0.03
2297,L01,#9,GW252/13600,(1)停机过程,1,2025-07-05 14:23:42,2025-07-05 14:24:14,32,0.01
2298,L01,#9,GW252/13600,(4)启机状态,4,2025-07-05 14:18:43,2025-07-05 14:23:42,299,0.08
2299,L01,#9,GW252/13600,(3)待机状态,3,2025-07-05 14:17:31,2025-07-05 14:18:43,72,0.02
2300,L01,#9,GW252/13600,(2)停机状态,2,2025-07-05 14:16:12,2025-07-05 14:17:31,79,0.02
2301,L01,#9,GW252/13600,(1)停机过程,1,2025-07-05 14:15:39,2025-07-05 14:16:12,33,0.01
2302,L01,#9,GW252/13600,(4)启机状态,4,2025-07-05 14:10:38,2025-07-05 14:15:39,301,0.08
2303,L01,#9,GW252/13600,(3)待机状态,3,2025-07-05 14:09:31,2025-07-05 14:10:38,67,0.02
2304,L01,#9,GW252/13600,(2)停机状态,2,2025-07-05 14:09:29,2025-07-05 14:09:31,2,0
2305,L01,#9,GW252/13600,(1)停机过程,1,2025-07-05 14:08:58,2025-07-05 14:09:29,31,0.01
2306,L01,#9,GW252/13600,(4)启机状态,4,2025-07-05 14:03:58,2025-07-05 14:08:58,300,0.08
2307,L01,#9,GW252/13600,(3)待机状态,3,2025-07-05 14:02:51,2025-07-05 14:03:58,67,0.02
2308,L01,#9,GW252/13600,(2)停机状态,2,2025-07-05 14:01:34,2025-07-05 14:02:51,77,0.02
2309,L01,#9,GW252/13600,(1)停机过程,1,2025-07-05 14:01:01,2025-07-05 14:01:34,33,0.01
2310,L01,#9,GW252/13600,(4)启机状态,4,2025-07-05 13:56:01,2025-07-05 14:01:01,300,0.08
2311,L01,#9,GW252/13600,(3)待机状态,3,2025-07-05 13:54:57,2025-07-05 13:56:01,64,0.02
2312,L01,#9,GW252/13600,(2)停机状态,2,2025-07-05 13:54:00,2025-07-05 13:54:57,57,0.02
2313,L01,#9,GW252/13600,(1)停机过程,1,2025-07-05 13:53:28,2025-07-05 13:54:00,32,0.01
2314,L01,#9,GW252/13600,(4)启机状态,4,2025-07-05 13:48:28,2025-07-05 13:53:28,300,0.08
2315,L01,#9,GW252/13600,(3)待机状态,3,2025-07-05 13:47:24,2025-07-05 13:48:28,64,0.02
2316,L01,#9,GW252/13600,(2)停机状态,2,2025-07-05 13:47:23,2025-07-05 13:47:24,1,0
2317,L01,#9,GW252/13600,(1)停机过程,1,2025-07-05 13:46:51,2025-07-05 13:47:23,32,0.01
2318,L01,#9,GW252/13600,(4)启机状态,4,2025-07-05 13:41:51,2025-07-05 13:46:51,300,0.08
2319,L01,#9,GW252/13600,(3)待机状态,3,2025-07-05 13:40:50,2025-07-05 13:41:51,61,0.02
2320,L01,#9,GW252/13600,(2)停机状态,2,2025-07-05 13:40:49,2025-07-05 13:40:50,1,0
2321,L01,#9,GW252/13600,(1)停机过程,1,2025-07-05 13:40:17,2025-07-05 13:40:49,32,0.01
2322,L01,#9,GW252/13600,(4)启机状态,4,2025-07-05 13:35:18,2025-07-05 13:40:17,299,0.08
2323,L01,#9,GW252/13600,(3)待机状态,3,2025-07-05 13:34:15,2025-07-05 13:35:18,63,0.02
2324,L01,#9,GW252/13600,(2)停机状态,2,2025-07-05 13:34:13,2025-07-05 13:34:15,2,0
2325,L01,#9,GW252/13600,(1)停机过程,1,2025-07-05 13:33:42,2025-07-05 13:34:13,31,0.01
2326,L01,#9,GW252/13600,(4)启机状态,4,2025-07-05 13:28:42,2025-07-05 13:33:42,300,0.08
2327,L01,#9,GW252/13600,(3)待机状态,3,2025-07-05 13:27:28,2025-07-05 13:28:42,74,0.02
2328,L01,#9,GW252/13600,(2)停机状态,2,2025-07-05 13:27:27,2025-07-05 13:27:28,1,0
2329,L01,#9,GW252/13600,(1)停机过程,1,2025-07-05 13:26:55,2025-07-05 13:27:27,32,0.01
2330,L01,#9,GW252/13600,(4)启机状态,4,2025-07-05 13:21:56,2025-07-05 13:26:55,299,0.08
2331,L01,#9,GW252/13600,(3)待机状态,3,2025-07-05 13:16:25,2025-07-05 13:21:56,331,0.09
2332,L01,#9,GW252/13600,(2)停机状态,2,2025-07-05 13:13:53,2025-07-05 13:16:25,152,0.04
2333,L01,#9,GW252/13600,(1)停机过程,1,2025-07-05 13:13:21,2025-07-05 13:13:53,32,0.01
2334,L01,#9,GW252/13600,(4)启机状态,4,2025-07-05 13:08:21,2025-07-05 13:13:21,300,0.08
2335,L01,#9,GW252/13600,(3)待机状态,3,2025-07-05 13:06:38,2025-07-05 13:08:21,103,0.03
2336,L01,#9,GW252/13600,(2)停机状态,2,2025-07-05 13:05:26,2025-07-05 13:06:38,72,0.02
2337,L01,#9,GW252/13600,(1)停机过程,1,2025-07-05 13:04:54,2025-07-05 13:05:26,32,0.01
2338,L01,#9,GW252/13600,(4)启机状态,4,2025-07-05 12:59:54,2025-07-05 13:04:54,300,0.08
2339,L01,#9,GW252/13600,(3)待机状态,3,2025-07-05 12:58:33,2025-07-05 12:59:54,81,0.02
2340,L01,#9,GW252/13600,(2)停机状态,2,2025-07-05 12:58:31,2025-07-05 12:58:33,2,0
2341,L01,#9,GW252/13600,(1)停机过程,1,2025-07-05 12:57:58,2025-07-05 12:58:31,33,0.01
2342,L01,#9,GW252/13600,(4)启机状态,4,2025-07-05 12:52:59,2025-07-05 12:57:58,299,0.08
2343,L01,#9,GW252/13600,(3)待机状态,3,2025-07-05 12:51:57,2025-07-05 12:52:59,62,0.02
2344,L01,#9,GW252/13600,(2)停机状态,2,2025-07-05 12:51:54,2025-07-05 12:51:57,3,0
2345,L01,#9,GW252/13600,(1)停机过程,1,2025-07-05 12:51:24,2025-07-05 12:51:54,30,0.01
2346,L01,#9,GW252/13600,(4)启机状态,4,2025-07-05 12:46:24,2025-07-05 12:51:24,300,0.08
2347,L01,#9,GW252/13600,(3)待机状态,3,2025-07-05 12:45:04,2025-07-05 12:46:24,80,0.02
2348,L01,#9,GW252/13600,(2)停机状态,2,2025-07-05 12:45:02,2025-07-05 12:45:04,2,0
2349,L01,#9,GW252/13600,(1)停机过程,1,2025-07-05 12:44:30,2025-07-05 12:45:02,32,0.01
2350,L01,#9,GW252/13600,(4)启机状态,4,2025-07-05 12:39:30,2025-07-05 12:44:30,300,0.08
2351,L01,#9,GW252/13600,(3)待机状态,3,2025-07-05 12:38:17,2025-07-05 12:39:30,73,0.02
2352,L01,#9,GW252/13600,(2)停机状态,2,2025-07-05 12:38:15,2025-07-05 12:38:17,2,0
2353,L01,#9,GW252/13600,(1)停机过程,1,2025-07-05 12:37:43,2025-07-05 12:38:15,32,0.01
2354,L01,#9,GW252/13600,(4)启机状态,4,2025-07-05 12:32:43,2025-07-05 12:37:43,300,0.08
2355,L01,#9,GW252/13600,(3)待机状态,3,2025-07-05 12:31:20,2025-07-05 12:32:43,83,0.02
2356,L01,#9,GW252/13600,(2)停机状态,2,2025-07-05 12:31:14,2025-07-05 12:31:20,6,0
2357,L01,#9,GW252/13600,(1)停机过程,1,2025-07-05 12:30:42,2025-07-05 12:31:14,32,0.01
2358,L01,#9,GW252/13600,(4)启机状态,4,2025-07-05 12:25:42,2025-07-05 12:30:42,300,0.08
2359,L01,#9,GW252/13600,(3)待机状态,3,2025-07-05 12:23:45,2025-07-05 12:25:42,117,0.03
2360,L01,#9,GW252/13600,(2)停机状态,2,2025-07-05 12:21:56,2025-07-05 12:23:45,109,0.03
2361,L01,#9,GW252/13600,(1)停机过程,1,2025-07-05 12:21:24,2025-07-05 12:21:56,32,0.01
2362,L01,#9,GW252/13600,(4)启机状态,4,2025-07-05 12:16:24,2025-07-05 12:21:24,300,0.08
2363,L01,#9,GW252/13600,(3)待机状态,3,2025-07-05 12:14:50,2025-07-05 12:16:24,94,0.03
2364,L01,#9,GW252/13600,(2)停机状态,2,2025-07-05 12:10:46,2025-07-05 12:14:50,244,0.07
2365,L01,#9,GW252/13600,(1)停机过程,1,2025-07-05 12:10:13,2025-07-05 12:10:46,33,0.01
2366,L01,#9,GW252/13600,(4)启机状态,4,2025-07-05 12:05:13,2025-07-05 12:10:13,300,0.08
2367,L01,#9,GW252/13600,(3)待机状态,3,2025-07-05 12:02:59,2025-07-05 12:05:13,134,0.04
2368,L01,#9,GW252/13600,(2)停机状态,2,2025-07-05 12:00:08,2025-07-05 12:02:59,171,0.05
2369,L01,#9,GW252/13600,(1)停机过程,1,2025-07-05 11:59:37,2025-07-05 12:00:08,31,0.01
2370,L01,#9,GW252/13600,(4)启机状态,4,2025-07-05 11:54:37,2025-07-05 11:59:37,300,0.08
2371,L01,#9,GW252/13600,(3)待机状态,3,2025-07-05 11:53:11,2025-07-05 11:54:37,86,0.02
2372,L01,#9,GW252/13600,(2)停机状态,2,2025-07-05 11:51:48,2025-07-05 11:53:11,83,0.02
2373,L01,#9,GW252/13600,(1)停机过程,1,2025-07-05 11:51:17,2025-07-05 11:51:48,31,0.01
2374,L01,#9,GW252/13600,(4)启机状态,4,2025-07-05 11:46:17,2025-07-05 11:51:17,300,0.08
2375,L01,#9,GW252/13600,(3)待机状态,3,2025-07-05 11:43:18,2025-07-05 11:46:17,179,0.05
2376,L01,#9,GW252/13600,(2)停机状态,2,2025-07-05 11:38:26,2025-07-05 11:43:18,292,0.08
2377,L01,#9,GW252/13600,(1)停机过程,1,2025-07-05 11:37:54,2025-07-05 11:38:26,32,0.01
2378,L01,#9,GW252/13600,(4)启机状态,4,2025-07-05 11:32:55,2025-07-05 11:37:54,299,0.08
2379,L01,#9,GW252/13600,(3)待机状态,3,2025-07-05 11:28:02,2025-07-05 11:32:55,293,0.08
2380,L01,#9,GW252/13600,(2)停机状态,2,2025-07-05 11:22:27,2025-07-05 11:28:02,335,0.09
2381,L01,#9,GW252/13600,(1)停机过程,1,2025-07-05 11:21:54,2025-07-05 11:22:27,33,0.01
2382,L01,#9,GW252/13600,(4)启机状态,4,2025-07-05 11:16:54,2025-07-05 11:21:54,300,0.08
2383,L01,#9,GW252/13600,(3)待机状态,3,2025-07-05 11:06:56,2025-07-05 11:16:54,598,0.17
2384,L01,#9,GW252/13600,(2)停机状态,2,2025-07-05 11:01:19,2025-07-05 11:06:56,337,0.09
2385,L01,#9,GW252/13600,(1)停机过程,1,2025-07-05 11:00:48,2025-07-05 11:01:19,31,0.01
2386,L01,#9,GW252/13600,(4)启机状态,4,2025-07-05 10:55:48,2025-07-05 11:00:48,300,0.08
2387,L01,#9,GW252/13600,(3)待机状态,3,2025-07-05 10:54:20,2025-07-05 10:55:48,88,0.02
2388,L01,#9,GW252/13600,(2)停机状态,2,2025-07-05 10:51:09,2025-07-05 10:54:20,191,0.05
2389,L01,#9,GW252/13600,(1)停机过程,1,2025-07-05 10:50:12,2025-07-05 10:51:09,57,0.02
2390,L01,#9,GW252/13600,(5)发电状态,5,2025-07-05 07:44:12,2025-07-05 10:50:12,11160,3.1
2391,L01,#9,GW252/13600,(4)启机状态,4,2025-07-05 07:41:38,2025-07-05 07:44:12,154,0.04
2392,L01,#9,GW252/13600,(3)待机状态,3,2025-07-05 07:40:44,2025-07-05 07:41:38,54,0.02
2393,L01,#9,GW252/13600,(1)停机过程,1,2025-07-05 07:40:12,2025-07-05 07:40:44,32,0.01
2394,L01,#9,GW252/13600,(4)启机状态,4,2025-07-05 07:35:12,2025-07-05 07:40:12,300,0.08
2395,L01,#9,GW252/13600,(3)待机状态,3,2025-07-05 07:34:18,2025-07-05 07:35:12,54,0.02
2396,L01,#9,GW252/13600,(1)停机过程,1,2025-07-05 07:33:45,2025-07-05 07:34:18,33,0.01
2397,L01,#9,GW252/13600,(4)启机状态,4,2025-07-05 07:28:45,2025-07-05 07:33:45,300,0.08
2398,L01,#9,GW252/13600,(3)待机状态,3,2025-07-05 07:27:43,2025-07-05 07:28:45,62,0.02
2399,L01,#9,GW252/13600,(2)停机状态,2,2025-07-05 07:27:15,2025-07-05 07:27:43,28,0.01
2400,L01,#9,GW252/13600,(1)停机过程,1,2025-07-05 07:26:44,2025-07-05 07:27:15,31,0.01
2401,L01,#9,GW252/13600,(4)启机状态,4,2025-07-05 07:21:44,2025-07-05 07:26:44,300,0.08
2402,L01,#9,GW252/13600,(3)待机状态,3,2025-07-05 07:20:47,2025-07-05 07:21:44,57,0.02
2403,L01,#9,GW252/13600,(2)停机状态,2,2025-07-05 07:20:45,2025-07-05 07:20:47,2,0
2404,L01,#9,GW252/13600,(1)停机过程,1,2025-07-05 07:20:13,2025-07-05 07:20:45,32,0.01
2405,L01,#9,GW252/13600,(4)启机状态,4,2025-07-05 07:15:13,2025-07-05 07:20:13,300,0.08
2406,L01,#9,GW252/13600,(3)待机状态,3,2025-07-05 07:14:14,2025-07-05 07:15:13,59,0.02
2407,L01,#9,GW252/13600,(2)停机状态,2,2025-07-05 07:14:12,2025-07-05 07:14:14,2,0
2408,L01,#9,GW252/13600,(1)停机过程,1,2025-07-05 07:13:41,2025-07-05 07:14:12,31,0.01
2409,L01,#9,GW252/13600,(4)启机状态,4,2025-07-05 07:08:40,2025-07-05 07:13:41,301,0.08
2410,L01,#9,GW252/13600,(3)待机状态,3,2025-07-05 07:07:45,2025-07-05 07:08:40,55,0.02
2411,L01,#9,GW252/13600,(2)停机状态,2,2025-07-05 07:07:44,2025-07-05 07:07:45,1,0
2412,L01,#9,GW252/13600,(1)停机过程,1,2025-07-05 07:07:12,2025-07-05 07:07:44,32,0.01
2413,L01,#9,GW252/13600,(4)启机状态,4,2025-07-05 07:02:12,2025-07-05 07:07:12,300,0.08
2414,L01,#9,GW252/13600,(3)待机状态,3,2025-07-05 07:01:11,2025-07-05 07:02:12,61,0.02
2415,L01,#9,GW252/13600,(2)停机状态,2,2025-07-05 07:01:09,2025-07-05 07:01:11,2,0
2416,L01,#9,GW252/13600,(1)停机过程,1,2025-07-05 07:00:37,2025-07-05 07:01:09,32,0.01
2417,L01,#9,GW252/13600,(4)启机状态,4,2025-07-05 06:55:38,2025-07-05 07:00:37,299,0.08
2418,L01,#9,GW252/13600,(3)待机状态,3,2025-07-05 06:54:40,2025-07-05 06:55:38,58,0.02
2419,L01,#9,GW252/13600,(2)停机状态,2,2025-07-05 06:54:39,2025-07-05 06:54:40,1,0
2420,L01,#9,GW252/13600,(1)停机过程,1,2025-07-05 06:54:08,2025-07-05 06:54:39,31,0.01
2421,L01,#9,GW252/13600,(4)启机状态,4,2025-07-05 06:49:08,2025-07-05 06:54:08,300,0.08
2422,L01,#9,GW252/13600,(3)待机状态,3,2025-07-05 06:48:11,2025-07-05 06:49:08,57,0.02
2423,L01,#9,GW252/13600,(2)停机状态,2,2025-07-05 06:48:10,2025-07-05 06:48:11,1,0
2424,L01,#9,GW252/13600,(1)停机过程,1,2025-07-05 06:47:38,2025-07-05 06:48:10,32,0.01
2425,L01,#9,GW252/13600,(4)启机状态,4,2025-07-05 06:42:38,2025-07-05 06:47:38,300,0.08
2426,L01,#9,GW252/13600,(3)待机状态,3,2025-07-05 06:41:26,2025-07-05 06:42:38,72,0.02
2427,L01,#9,GW252/13600,(2)停机状态,2,2025-07-05 06:41:25,2025-07-05 06:41:26,1,0
2428,L01,#9,GW252/13600,(1)停机过程,1,2025-07-05 06:40:54,2025-07-05 06:41:25,31,0.01
2429,L01,#9,GW252/13600,(4)启机状态,4,2025-07-05 06:35:53,2025-07-05 06:40:54,301,0.08
2430,L01,#9,GW252/13600,(3)待机状态,3,2025-07-05 06:33:58,2025-07-05 06:35:53,115,0.03
2431,L01,#9,GW252/13600,(2)停机状态,2,2025-07-05 06:32:07,2025-07-05 06:33:58,111,0.03
2432,L01,#9,GW252/13600,(1)停机过程,1,2025-07-05 06:31:36,2025-07-05 06:32:07,31,0.01
2433,L01,#9,GW252/13600,(4)启机状态,4,2025-07-05 06:26:37,2025-07-05 06:31:36,299,0.08
2434,L01,#9,GW252/13600,(3)待机状态,3,2025-07-05 06:24:46,2025-07-05 06:26:37,111,0.03
2435,L01,#9,GW252/13600,(2)停机状态,2,2025-07-05 06:23:44,2025-07-05 06:24:46,62,0.02
2436,L01,#9,GW252/13600,(1)停机过程,1,2025-07-05 06:23:12,2025-07-05 06:23:44,32,0.01
2437,L01,#9,GW252/13600,(4)启机状态,4,2025-07-05 06:18:13,2025-07-05 06:23:12,299,0.08
2438,L01,#9,GW252/13600,(3)待机状态,3,2025-07-05 06:17:02,2025-07-05 06:18:13,71,0.02
2439,L01,#9,GW252/13600,(2)停机状态,2,2025-07-05 06:17:00,2025-07-05 06:17:02,2,0
2440,L01,#9,GW252/13600,(1)停机过程,1,2025-07-05 06:16:28,2025-07-05 06:17:00,32,0.01
2441,L01,#9,GW252/13600,(4)启机状态,4,2025-07-05 06:11:28,2025-07-05 06:16:28,300,0.08
2442,L01,#9,GW252/13600,(3)待机状态,3,2025-07-05 06:10:13,2025-07-05 06:11:28,75,0.02
2443,L01,#9,GW252/13600,(1)停机过程,1,2025-07-05 06:09:42,2025-07-05 06:10:13,31,0.01
2444,L01,#9,GW252/13600,(4)启机状态,4,2025-07-05 06:04:41,2025-07-05 06:09:42,301,0.08
2445,L01,#9,GW252/13600,(3)待机状态,3,2025-07-05 06:03:29,2025-07-05 06:04:41,72,0.02
2446,L01,#9,GW252/13600,(2)停机状态,2,2025-07-05 06:02:55,2025-07-05 06:03:29,34,0.01
2447,L01,#9,GW252/13600,(1)停机过程,1,2025-07-05 06:02:24,2025-07-05 06:02:55,31,0.01
2448,L01,#9,GW252/13600,(4)启机状态,4,2025-07-05 05:57:24,2025-07-05 06:02:24,300,0.08
2449,L01,#9,GW252/13600,(3)待机状态,3,2025-07-05 05:56:07,2025-07-05 05:57:24,77,0.02
2450,L01,#9,GW252/13600,(2)停机状态,2,2025-07-05 05:55:13,2025-07-05 05:56:07,54,0.02
2451,L01,#9,GW252/13600,(1)停机过程,1,2025-07-05 05:54:40,2025-07-05 05:55:13,33,0.01
2452,L01,#9,GW252/13600,(4)启机状态,4,2025-07-05 05:49:40,2025-07-05 05:54:40,300,0.08
2453,L01,#9,GW252/13600,(3)待机状态,3,2025-07-05 05:47:55,2025-07-05 05:49:40,105,0.03
2454,L01,#9,GW252/13600,(2)停机状态,2,2025-07-05 05:42:17,2025-07-05 05:47:55,338,0.09
2455,L01,#9,GW252/13600,(1)停机过程,1,2025-07-05 05:41:47,2025-07-05 05:42:17,30,0.01
2456,L01,#9,GW252/13600,(4)启机状态,4,2025-07-05 05:36:47,2025-07-05 05:41:47,300,0.08
2457,L01,#9,GW252/13600,(3)待机状态,3,2025-07-05 05:34:38,2025-07-05 05:36:47,129,0.04
2458,L01,#9,GW252/13600,(2)停机状态,2,2025-07-05 05:29:00,2025-07-05 05:34:38,338,0.09
2459,L01,#9,GW252/13600,(1)停机过程,1,2025-07-05 05:28:30,2025-07-05 05:29:00,30,0.01
2460,L01,#9,GW252/13600,(4)启机状态,4,2025-07-05 05:23:30,2025-07-05 05:28:30,300,0.08
2461,L01,#9,GW252/13600,(3)待机状态,3,2025-07-05 05:19:50,2025-07-05 05:23:30,220,0.06
2462,L01,#9,GW252/13600,(2)停机状态,2,2025-07-05 05:15:43,2025-07-05 05:19:50,247,0.07
2463,L01,#9,GW252/13600,(1)停机过程,1,2025-07-05 05:15:13,2025-07-05 05:15:43,30,0.01
2464,L01,#9,GW252/13600,(4)启机状态,4,2025-07-05 05:10:12,2025-07-05 05:15:13,301,0.08
2465,L01,#9,GW252/13600,(3)待机状态,3,2025-07-05 01:46:00,2025-07-05 05:10:12,12252,3.4
2466,L01,#9,GW252/13600,(2)停机状态,2,2025-07-05 01:40:24,2025-07-05 01:46:00,336,0.09
2467,L01,#9,GW252/13600,(1)停机过程,1,2025-07-05 01:39:52,2025-07-05 01:40:24,32,0.01
2468,L01,#9,GW252/13600,(4)启机状态,4,2025-07-05 01:34:52,2025-07-05 01:39:52,300,0.08
2469,L01,#9,GW252/13600,(3)待机状态,3,2025-07-05 01:26:05,2025-07-05 01:34:52,527,0.15
2470,L01,#9,GW252/13600,(2)停机状态,2,2025-07-05 01:20:28,2025-07-05 01:26:05,337,0.09
2471,L01,#9,GW252/13600,(1)停机过程,1,2025-07-05 01:19:58,2025-07-05 01:20:28,30,0.01
2472,L01,#9,GW252/13600,(4)启机状态,4,2025-07-05 01:14:58,2025-07-05 01:19:58,300,0.08
2473,L01,#9,GW252/13600,(3)待机状态,3,2025-07-05 01:09:20,2025-07-05 01:14:58,338,0.09
2474,L01,#9,GW252/13600,(2)停机状态,2,2025-07-05 01:03:43,2025-07-05 01:09:20,337,0.09
2475,L01,#9,GW252/13600,(1)停机过程,1,2025-07-05 01:02:47,2025-07-05 01:03:43,56,0.02
2476,L01,#9,GW252/13600,(5)发电状态,5,2025-07-04 22:24:59,2025-07-05 01:02:47,9468,2.63
2477,L01,#9,GW252/13600,(4)启机状态,4,2025-07-04 22:22:56,2025-07-04 22:24:59,123,0.03
2478,L01,#9,GW252/13600,(3)待机状态,3,2025-07-04 22:22:04,2025-07-04 22:22:56,52,0.01
2479,L01,#9,GW252/13600,(2)停机状态,2,2025-07-04 22:22:02,2025-07-04 22:22:04,2,0
2480,L01,#9,GW252/13600,(1)停机过程,1,2025-07-04 22:21:30,2025-07-04 22:22:02,32,0.01
2481,L01,#9,GW252/13600,(4)启机状态,4,2025-07-04 22:16:31,2025-07-04 22:21:30,299,0.08
2482,L01,#9,GW252/13600,(3)待机状态,3,2025-07-04 22:15:39,2025-07-04 22:16:31,52,0.01
2483,L01,#9,GW252/13600,(2)停机状态,2,2025-07-04 22:15:36,2025-07-04 22:15:39,3,0
2484,L01,#9,GW252/13600,(1)停机过程,1,2025-07-04 22:15:05,2025-07-04 22:15:36,31,0.01
2485,L01,#9,GW252/13600,(4)启机状态,4,2025-07-04 22:10:05,2025-07-04 22:15:05,300,0.08
2486,L01,#9,GW252/13600,(3)待机状态,3,2025-07-04 22:09:10,2025-07-04 22:10:05,55,0.02
2487,L01,#9,GW252/13600,(2)停机状态,2,2025-07-04 22:09:07,2025-07-04 22:09:10,3,0
2488,L01,#9,GW252/13600,(1)停机过程,1,2025-07-04 22:08:35,2025-07-04 22:09:07,32,0.01
2489,L01,#9,GW252/13600,(4)启机状态,4,2025-07-04 22:03:35,2025-07-04 22:08:35,300,0.08
2490,L01,#9,GW252/13600,(3)待机状态,3,2025-07-04 22:02:16,2025-07-04 22:03:35,79,0.02
2491,L01,#9,GW252/13600,(2)停机状态,2,2025-07-04 22:00:37,2025-07-04 22:02:16,99,0.03
2492,L01,#9,GW252/13600,(1)停机过程,1,2025-07-04 22:00:05,2025-07-04 22:00:37,32,0.01
2493,L01,#9,GW252/13600,(4)启机状态,4,2025-07-04 21:55:05,2025-07-04 22:00:05,300,0.08
2494,L01,#9,GW252/13600,(3)待机状态,3,2025-07-04 21:53:59,2025-07-04 21:55:05,66,0.02
2495,L01,#9,GW252/13600,(2)停机状态,2,2025-07-04 21:53:57,2025-07-04 21:53:59,2,0
2496,L01,#9,GW252/13600,(1)停机过程,1,2025-07-04 21:53:26,2025-07-04 21:53:57,31,0.01
2497,L01,#9,GW252/13600,(4)启机状态,4,2025-07-04 21:48:25,2025-07-04 21:53:26,301,0.08
2498,L01,#9,GW252/13600,(3)待机状态,3,2025-07-04 21:47:34,2025-07-04 21:48:25,51,0.01
2499,L01,#9,GW252/13600,(2)停机状态,2,2025-07-04 21:47:32,2025-07-04 21:47:34,2,0
2500,L01,#9,GW252/13600,(1)停机过程,1,2025-07-04 21:47:01,2025-07-04 21:47:32,31,0.01
2501,L01,#9,GW252/13600,(4)启机状态,4,2025-07-04 21:42:01,2025-07-04 21:47:01,300,0.08
2502,L01,#9,GW252/13600,(3)待机状态,3,2025-07-04 21:41:03,2025-07-04 21:42:01,58,0.02
2503,L01,#9,GW252/13600,(2)停机状态,2,2025-07-04 21:41:02,2025-07-04 21:41:03,1,0
2504,L01,#9,GW252/13600,(1)停机过程,1,2025-07-04 21:40:31,2025-07-04 21:41:02,31,0.01
2505,L01,#9,GW252/13600,(4)启机状态,4,2025-07-04 21:35:30,2025-07-04 21:40:31,301,0.08
2506,L01,#9,GW252/13600,(3)待机状态,3,2025-07-04 21:34:34,2025-07-04 21:35:30,56,0.02
2507,L01,#9,GW252/13600,(2)停机状态,2,2025-07-04 21:34:32,2025-07-04 21:34:34,2,0
2508,L01,#9,GW252/13600,(1)停机过程,1,2025-07-04 21:34:01,2025-07-04 21:34:32,31,0.01
2509,L01,#9,GW252/13600,(4)启机状态,4,2025-07-04 21:29:00,2025-07-04 21:34:01,301,0.08
2510,L01,#9,GW252/13600,(3)待机状态,3,2025-07-04 21:28:01,2025-07-04 21:29:00,59,0.02
2511,L01,#9,GW252/13600,(2)停机状态,2,2025-07-04 21:27:59,2025-07-04 21:28:01,2,0
2512,L01,#9,GW252/13600,(1)停机过程,1,2025-07-04 21:27:27,2025-07-04 21:27:59,32,0.01
2513,L01,#9,GW252/13600,(4)启机状态,4,2025-07-04 21:22:27,2025-07-04 21:27:27,300,0.08
2514,L01,#9,GW252/13600,(3)待机状态,3,2025-07-04 21:21:30,2025-07-04 21:22:27,57,0.02
2515,L01,#9,GW252/13600,(2)停机状态,2,2025-07-04 21:21:28,2025-07-04 21:21:30,2,0
2516,L01,#9,GW252/13600,(1)停机过程,1,2025-07-04 21:20:57,2025-07-04 21:21:28,31,0.01
2517,L01,#9,GW252/13600,(4)启机状态,4,2025-07-04 21:15:58,2025-07-04 21:20:57,299,0.08
2518,L01,#9,GW252/13600,(3)待机状态,3,2025-07-04 21:14:56,2025-07-04 21:15:58,62,0.02
2519,L01,#9,GW252/13600,(2)停机状态,2,2025-07-04 21:12:45,2025-07-04 21:14:56,131,0.04
2520,L01,#9,GW252/13600,(1)停机过程,1,2025-07-04 21:12:14,2025-07-04 21:12:45,31,0.01
2521,L01,#9,GW252/13600,(4)启机状态,4,2025-07-04 21:07:13,2025-07-04 21:12:14,301,0.08
2522,L01,#9,GW252/13600,(3)待机状态,3,2025-07-04 21:04:57,2025-07-04 21:07:13,136,0.04
2523,L01,#9,GW252/13600,(2)停机状态,2,2025-07-04 21:03:58,2025-07-04 21:04:57,59,0.02
2524,L01,#9,GW252/13600,(1)停机过程,1,2025-07-04 21:03:25,2025-07-04 21:03:58,33,0.01
2525,L01,#9,GW252/13600,(4)启机状态,4,2025-07-04 20:58:25,2025-07-04 21:03:25,300,0.08
2526,L01,#9,GW252/13600,(3)待机状态,3,2025-07-04 20:57:00,2025-07-04 20:58:25,85,0.02
2527,L01,#9,GW252/13600,(2)停机状态,2,2025-07-04 20:54:19,2025-07-04 20:57:00,161,0.04
2528,L01,#9,GW252/13600,(1)停机过程,1,2025-07-04 20:53:20,2025-07-04 20:54:19,59,0.02
2529,L01,#9,GW252/13600,(5)发电状态,5,2025-07-04 07:36:07,2025-07-04 20:53:20,47833,13.29
2530,L01,#9,GW252/13600,(4)启机状态,4,2025-07-04 07:34:38,2025-07-04 07:36:07,89,0.02
2531,L01,#9,GW252/13600,(3)待机状态,3,2025-07-04 07:28:35,2025-07-04 07:34:38,363,0.1
2532,L01,#9,GW252/13600,(2)停机状态,2,2025-07-04 06:51:32,2025-07-04 07:28:35,2223,0.62
2533,L01,#9,GW252/13600,(1)停机过程,1,2025-07-04 06:50:34,2025-07-04 06:51:32,58,0.02
2534,L01,#9,GW252/13600,(5)发电状态,5,2025-07-01 05:55:30,2025-07-04 06:50:34,262504,72.92
2535,L01,#9,GW252/13600,(4)启机状态,4,2025-07-01 05:53:12,2025-07-01 05:55:30,138,0.04
2536,L01,#9,GW252/13600,(3)待机状态,3,2025-07-01 05:52:18,2025-07-01 05:53:12,54,0.02
2537,L01,#9,GW252/13600,(2)停机状态,2,2025-07-01 05:52:17,2025-07-01 05:52:18,1,0
2538,L01,#9,GW252/13600,(1)停机过程,1,2025-07-01 05:51:20,2025-07-01 05:52:17,57,0.02
2539,L01,#9,GW252/13600,(4)启机状态,4,2025-07-01 05:46:20,2025-07-01 05:51:20,300,0.08
2540,L01,#9,GW252/13600,(3)待机状态,3,2025-07-01 05:45:27,2025-07-01 05:46:20,53,0.01
2541,L01,#9,GW252/13600,(2)停机状态,2,2025-07-01 05:45:26,2025-07-01 05:45:27,1,0
2542,L01,#9,GW252/13600,(1)停机过程,1,2025-07-01 05:44:55,2025-07-01 05:45:26,31,0.01
2543,L01,#9,GW252/13600,(4)启机状态,4,2025-07-01 05:39:55,2025-07-01 05:44:55,300,0.08
2544,L01,#9,GW252/13600,(3)待机状态,3,2025-07-01 05:38:38,2025-07-01 05:39:55,77,0.02
2545,L01,#9,GW252/13600,(2)停机状态,2,2025-07-01 05:38:36,2025-07-01 05:38:38,2,0
2546,L01,#9,GW252/13600,(1)停机过程,1,2025-07-01 05:38:04,2025-07-01 05:38:36,32,0.01
2547,L01,#9,GW252/13600,(4)启机状态,4,2025-07-01 05:33:03,2025-07-01 05:38:04,301,0.08
2548,L01,#9,GW252/13600,(3)待机状态,3,2025-07-01 05:32:10,2025-07-01 05:33:03,53,0.01
2549,L01,#9,GW252/13600,(2)停机状态,2,2025-07-01 05:29:15,2025-07-01 05:32:10,175,0.05
2550,L01,#9,GW252/13600,(1)停机过程,1,2025-07-01 05:28:44,2025-07-01 05:29:15,31,0.01
2551,L01,#9,GW252/13600,(4)启机状态,4,2025-07-01 05:23:43,2025-07-01 05:28:44,301,0.08
2552,L01,#9,GW252/13600,(3)待机状态,3,2025-07-01 05:22:54,2025-07-01 05:23:43,49,0.01
2553,L01,#9,GW252/13600,(2)停机状态,2,2025-07-01 05:21:06,2025-07-01 05:22:54,108,0.03
2554,L01,#9,GW252/13600,(1)停机过程,1,2025-07-01 05:20:10,2025-07-01 05:21:06,56,0.02
2555,L01,#9,GW252/13600,(5)发电状态,5,2025-07-01 04:44:55,2025-07-01 05:20:10,2115,0.59
2556,L01,#9,GW252/13600,(4)启机状态,4,2025-07-01 04:40:13,2025-07-01 04:44:55,282,0.08
2557,L01,#9,GW252/13600,(3)待机状态,3,2025-07-01 04:38:12,2025-07-01 04:40:13,121,0.03
2558,L01,#9,GW252/13600,(2)停机状态,2,2025-07-01 04:38:06,2025-07-01 04:38:12,6,0
2559,L01,#9,GW252/13600,(1)停机过程,1,2025-07-01 04:37:33,2025-07-01 04:38:06,33,0.01
2560,L01,#9,GW252/13600,(4)启机状态,4,2025-07-01 04:32:33,2025-07-01 04:37:33,300,0.08
2561,L01,#9,GW252/13600,(3)待机状态,3,2025-07-01 04:22:12,2025-07-01 04:32:33,621,0.17
2562,L01,#9,GW252/13600,(2)停机状态,2,2025-07-01 04:19:33,2025-07-01 04:22:12,159,0.04
2563,L01,#9,GW252/13600,(1)停机过程,1,2025-07-01 04:18:36,2025-07-01 04:19:33,57,0.02
2564,L01,#9,GW252/13600,(5)发电状态,5,2025-06-30 14:08:32,2025-07-01 04:18:36,51004,14.17
2565,L01,#9,GW252/13600,(4)启机状态,4,2025-06-30 14:04:25,2025-06-30 14:08:32,247,0.07
2566,L01,#9,GW252/13600,(3)待机状态,3,2025-06-30 14:03:34,2025-06-30 14:04:25,51,0.01
2567,L01,#9,GW252/13600,(2)停机状态,2,2025-06-30 14:03:32,2025-06-30 14:03:34,2,0
2568,L01,#9,GW252/13600,(1)停机过程,1,2025-06-30 14:03:00,2025-06-30 14:03:32,32,0.01
2569,L01,#9,GW252/13600,(4)启机状态,4,2025-06-30 13:58:00,2025-06-30 14:03:00,300,0.08
2570,L01,#9,GW252/13600,(3)待机状态,3,2025-06-30 13:57:02,2025-06-30 13:58:00,58,0.02
2571,L01,#9,GW252/13600,(2)停机状态,2,2025-06-30 13:56:21,2025-06-30 13:57:02,41,0.01
2572,L01,#9,GW252/13600,(1)停机过程,1,2025-06-30 13:55:24,2025-06-30 13:56:21,57,0.02
2573,L01,#9,GW252/13600,(5)发电状态,5,2025-06-29 18:27:26,2025-06-30 13:55:24,70078,19.47
2574,L01,#9,GW252/13600,(4)启机状态,4,2025-06-29 18:25:32,2025-06-29 18:27:26,114,0.03
2575,L01,#9,GW252/13600,(3)待机状态,3,2025-06-29 18:24:43,2025-06-29 18:25:32,49,0.01
2576,L01,#9,GW252/13600,(2)停机状态,2,2025-06-29 18:24:41,2025-06-29 18:24:43,2,0
2577,L01,#9,GW252/13600,(1)停机过程,1,2025-06-29 18:24:09,2025-06-29 18:24:41,32,0.01
2578,L01,#9,GW252/13600,(4)启机状态,4,2025-06-29 18:19:09,2025-06-29 18:24:09,300,0.08
2579,L01,#9,GW252/13600,(3)待机状态,3,2025-06-29 18:18:16,2025-06-29 18:19:09,53,0.01
2580,L01,#9,GW252/13600,(2)停机状态,2,2025-06-29 18:18:14,2025-06-29 18:18:16,2,0
2581,L01,#9,GW252/13600,(1)停机过程,1,2025-06-29 18:17:42,2025-06-29 18:18:14,32,0.01
2582,L01,#9,GW252/13600,(4)启机状态,4,2025-06-29 18:12:42,2025-06-29 18:17:42,300,0.08
2583,L01,#9,GW252/13600,(3)待机状态,3,2025-06-29 18:11:44,2025-06-29 18:12:42,58,0.02
2584,L01,#9,GW252/13600,(2)停机状态,2,2025-06-29 18:11:43,2025-06-29 18:11:44,1,0
2585,L01,#9,GW252/13600,(1)停机过程,1,2025-06-29 18:11:12,2025-06-29 18:11:43,31,0.01
2586,L01,#9,GW252/13600,(4)启机状态,4,2025-06-29 18:06:11,2025-06-29 18:11:12,301,0.08
2587,L01,#9,GW252/13600,(3)待机状态,3,2025-06-29 18:05:11,2025-06-29 18:06:11,60,0.02
2588,L01,#9,GW252/13600,(2)停机状态,2,2025-06-29 18:05:10,2025-06-29 18:05:11,1,0
2589,L01,#9,GW252/13600,(1)停机过程,1,2025-06-29 18:04:38,2025-06-29 18:05:10,32,0.01
2590,L01,#9,GW252/13600,(4)启机状态,4,2025-06-29 17:59:38,2025-06-29 18:04:38,300,0.08
2591,L01,#9,GW252/13600,(3)待机状态,3,2025-06-29 17:58:47,2025-06-29 17:59:38,51,0.01
2592,L01,#9,GW252/13600,(2)停机状态,2,2025-06-29 17:58:46,2025-06-29 17:58:47,1,0
2593,L01,#9,GW252/13600,(1)停机过程,1,2025-06-29 17:57:50,2025-06-29 17:58:46,56,0.02
2594,L01,#9,GW252/13600,(4)启机状态,4,2025-06-29 17:52:49,2025-06-29 17:57:50,301,0.08
2595,L01,#9,GW252/13600,(3)待机状态,3,2025-06-29 17:52:00,2025-06-29 17:52:49,49,0.01
2596,L01,#9,GW252/13600,(2)停机状态,2,2025-06-29 17:51:58,2025-06-29 17:52:00,2,0
2597,L01,#9,GW252/13600,(1)停机过程,1,2025-06-29 17:51:25,2025-06-29 17:51:58,33,0.01
2598,L01,#9,GW252/13600,(4)启机状态,4,2025-06-29 17:46:25,2025-06-29 17:51:25,300,0.08
2599,L01,#9,GW252/13600,(3)待机状态,3,2025-06-29 17:45:29,2025-06-29 17:46:25,56,0.02
2600,L01,#9,GW252/13600,(2)停机状态,2,2025-06-29 17:45:27,2025-06-29 17:45:29,2,0
2601,L01,#9,GW252/13600,(1)停机过程,1,2025-06-29 17:44:55,2025-06-29 17:45:27,32,0.01
2602,L01,#9,GW252/13600,(4)启机状态,4,2025-06-29 17:39:56,2025-06-29 17:44:55,299,0.08
2603,L01,#9,GW252/13600,(3)待机状态,3,2025-06-29 17:38:57,2025-06-29 17:39:56,59,0.02
2604,L01,#9,GW252/13600,(2)停机状态,2,2025-06-29 17:38:55,2025-06-29 17:38:57,2,0
2605,L01,#9,GW252/13600,(1)停机过程,1,2025-06-29 17:38:25,2025-06-29 17:38:55,30,0.01
2606,L01,#9,GW252/13600,(4)启机状态,4,2025-06-29 17:33:24,2025-06-29 17:38:25,301,0.08
2607,L01,#9,GW252/13600,(3)待机状态,3,2025-06-29 17:32:31,2025-06-29 17:33:24,53,0.01
2608,L01,#9,GW252/13600,(2)停机状态,2,2025-06-29 17:32:29,2025-06-29 17:32:31,2,0
2609,L01,#9,GW252/13600,(1)停机过程,1,2025-06-29 17:31:56,2025-06-29 17:32:29,33,0.01
2610,L01,#9,GW252/13600,(4)启机状态,4,2025-06-29 17:26:56,2025-06-29 17:31:56,300,0.08
2611,L01,#9,GW252/13600,(3)待机状态,3,2025-06-29 17:25:54,2025-06-29 17:26:56,62,0.02
2612,L01,#9,GW252/13600,(2)停机状态,2,2025-06-29 17:21:46,2025-06-29 17:25:54,248,0.07
2613,L01,#9,GW252/13600,(1)停机过程,1,2025-06-29 17:20:48,2025-06-29 17:21:46,58,0.02
2614,L01,#9,GW252/13600,(5)发电状态,5,2025-06-28 17:33:01,2025-06-29 17:20:48,85667,23.8
2615,L01,#9,GW252/13600,(4)启机状态,4,2025-06-28 17:28:31,2025-06-28 17:33:01,270,0.08
2616,L01,#9,GW252/13600,(3)待机状态,3,2025-06-28 17:27:15,2025-06-28 17:28:31,76,0.02
2617,L01,#9,GW252/13600,(2)停机状态,2,2025-06-28 17:27:13,2025-06-28 17:27:15,2,0
2618,L01,#9,GW252/13600,(1)停机过程,1,2025-06-28 17:26:41,2025-06-28 17:27:13,32,0.01
2619,L01,#9,GW252/13600,(4)启机状态,4,2025-06-28 17:21:40,2025-06-28 17:26:41,301,0.08
2620,L01,#9,GW252/13600,(3)待机状态,3,2025-06-28 17:20:33,2025-06-28 17:21:40,67,0.02
2621,L01,#9,GW252/13600,(2)停机状态,2,2025-06-28 17:18:15,2025-06-28 17:20:33,138,0.04
2622,L01,#9,GW252/13600,(1)停机过程,1,2025-06-28 17:17:44,2025-06-28 17:18:15,31,0.01
2623,L01,#9,GW252/13600,(4)启机状态,4,2025-06-28 17:12:43,2025-06-28 17:17:44,301,0.08
2624,L01,#9,GW252/13600,(3)待机状态,3,2025-06-28 17:11:45,2025-06-28 17:12:43,58,0.02
2625,L01,#9,GW252/13600,(2)停机状态,2,2025-06-28 17:11:44,2025-06-28 17:11:45,1,0
2626,L01,#9,GW252/13600,(1)停机过程,1,2025-06-28 17:10:46,2025-06-28 17:11:44,58,0.02
2627,L01,#9,GW252/13600,(5)发电状态,5,2025-06-28 15:52:00,2025-06-28 17:10:46,4726,1.31
2628,L01,#9,GW252/13600,(4)启机状态,4,2025-06-28 15:48:32,2025-06-28 15:52:00,208,0.06
2629,L01,#9,GW252/13600,(3)待机状态,3,2025-06-28 15:47:39,2025-06-28 15:48:32,53,0.01
2630,L01,#9,GW252/13600,(2)停机状态,2,2025-06-28 15:47:37,2025-06-28 15:47:39,2,0
2631,L01,#9,GW252/13600,(1)停机过程,1,2025-06-28 15:47:05,2025-06-28 15:47:37,32,0.01
2632,L01,#9,GW252/13600,(4)启机状态,4,2025-06-28 15:42:05,2025-06-28 15:47:05,300,0.08
2633,L01,#9,GW252/13600,(3)待机状态,3,2025-06-28 15:41:11,2025-06-28 15:42:05,54,0.02
2634,L01,#9,GW252/13600,(2)停机状态,2,2025-06-28 15:41:08,2025-06-28 15:41:11,3,0
2635,L01,#9,GW252/13600,(1)停机过程,1,2025-06-28 15:40:37,2025-06-28 15:41:08,31,0.01
2636,L01,#9,GW252/13600,(4)启机状态,4,2025-06-28 15:35:37,2025-06-28 15:40:37,300,0.08
2637,L01,#9,GW252/13600,(3)待机状态,3,2025-06-28 15:34:34,2025-06-28 15:35:37,63,0.02
2638,L01,#9,GW252/13600,(1)停机过程,1,2025-06-28 15:34:03,2025-06-28 15:34:34,31,0.01
2639,L01,#9,GW252/13600,(4)启机状态,4,2025-06-28 15:29:02,2025-06-28 15:34:03,301,0.08
2640,L01,#9,GW252/13600,(3)待机状态,3,2025-06-28 15:28:03,2025-06-28 15:29:02,59,0.02
2641,L01,#9,GW252/13600,(2)停机状态,2,2025-06-28 15:28:02,2025-06-28 15:28:03,1,0
2642,L01,#9,GW252/13600,(1)停机过程,1,2025-06-28 15:27:29,2025-06-28 15:28:02,33,0.01
2643,L01,#9,GW252/13600,(4)启机状态,4,2025-06-28 15:22:30,2025-06-28 15:27:29,299,0.08
2644,L01,#9,GW252/13600,(3)待机状态,3,2025-06-28 15:21:35,2025-06-28 15:22:30,55,0.02
2645,L01,#9,GW252/13600,(2)停机状态,2,2025-06-28 15:21:33,2025-06-28 15:21:35,2,0
2646,L01,#9,GW252/13600,(1)停机过程,1,2025-06-28 15:21:01,2025-06-28 15:21:33,32,0.01
2647,L01,#9,GW252/13600,(4)启机状态,4,2025-06-28 15:16:01,2025-06-28 15:21:01,300,0.08
2648,L01,#9,GW252/13600,(3)待机状态,3,2025-06-28 15:12:25,2025-06-28 15:16:01,216,0.06
2649,L01,#9,GW252/13600,(2)停机状态,2,2025-06-28 15:10:32,2025-06-28 15:12:25,113,0.03
2650,L01,#9,GW252/13600,(1)停机过程,1,2025-06-28 15:10:00,2025-06-28 15:10:32,32,0.01
2651,L01,#9,GW252/13600,(4)启机状态,4,2025-06-28 15:05:01,2025-06-28 15:10:00,299,0.08
2652,L01,#9,GW252/13600,(3)待机状态,3,2025-06-28 15:03:55,2025-06-28 15:05:01,66,0.02
2653,L01,#9,GW252/13600,(2)停机状态,2,2025-06-28 15:03:53,2025-06-28 15:03:55,2,0
2654,L01,#9,GW252/13600,(1)停机过程,1,2025-06-28 15:03:21,2025-06-28 15:03:53,32,0.01
2655,L01,#9,GW252/13600,(4)启机状态,4,2025-06-28 14:58:21,2025-06-28 15:03:21,300,0.08
2656,L01,#9,GW252/13600,(3)待机状态,3,2025-06-28 14:57:20,2025-06-28 14:58:21,61,0.02
2657,L01,#9,GW252/13600,(2)停机状态,2,2025-06-28 14:56:32,2025-06-28 14:57:20,48,0.01
2658,L01,#9,GW252/13600,(1)停机过程,1,2025-06-28 14:55:59,2025-06-28 14:56:32,33,0.01
2659,L01,#9,GW252/13600,(4)启机状态,4,2025-06-28 14:51:00,2025-06-28 14:55:59,299,0.08
2660,L01,#9,GW252/13600,(3)待机状态,3,2025-06-28 14:50:03,2025-06-28 14:51:00,57,0.02
2661,L01,#9,GW252/13600,(1)停机过程,1,2025-06-28 14:49:31,2025-06-28 14:50:03,32,0.01
2662,L01,#9,GW252/13600,(4)启机状态,4,2025-06-28 14:44:32,2025-06-28 14:49:31,299,0.08
2663,L01,#9,GW252/13600,(3)待机状态,3,2025-06-28 14:43:35,2025-06-28 14:44:32,57,0.02
2664,L01,#9,GW252/13600,(2)停机状态,2,2025-06-28 14:43:29,2025-06-28 14:43:35,6,0
2665,L01,#9,GW252/13600,(1)停机过程,1,2025-06-28 14:42:57,2025-06-28 14:43:29,32,0.01
2666,L01,#9,GW252/13600,(4)启机状态,4,2025-06-28 14:37:57,2025-06-28 14:42:57,300,0.08
2667,L01,#9,GW252/13600,(3)待机状态,3,2025-06-28 14:36:13,2025-06-28 14:37:57,104,0.03
2668,L01,#9,GW252/13600,(2)停机状态,2,2025-06-28 14:34:22,2025-06-28 14:36:13,111,0.03
2669,L01,#9,GW252/13600,(1)停机过程,1,2025-06-28 14:33:26,2025-06-28 14:34:22,56,0.02
2670,L01,#9,GW252/13600,(5)发电状态,5,2025-06-28 13:29:18,2025-06-28 14:33:26,3848,1.07
2671,L01,#9,GW252/13600,(4)启机状态,4,2025-06-28 13:27:53,2025-06-28 13:29:18,85,0.02
2672,L01,#9,GW252/13600,(3)待机状态,3,2025-06-28 13:27:05,2025-06-28 13:27:53,48,0.01
2673,L01,#9,GW252/13600,(2)停机状态,2,2025-06-28 13:27:04,2025-06-28 13:27:05,1,0
2674,L01,#9,GW252/13600,(1)停机过程,1,2025-06-28 13:26:31,2025-06-28 13:27:04,33,0.01
2675,L01,#9,GW252/13600,(4)启机状态,4,2025-06-28 13:21:31,2025-06-28 13:26:31,300,0.08
2676,L01,#9,GW252/13600,(3)待机状态,3,2025-06-28 13:20:27,2025-06-28 13:21:31,64,0.02
2677,L01,#9,GW252/13600,(2)停机状态,2,2025-06-28 13:15:48,2025-06-28 13:20:27,279,0.08
2678,L01,#9,GW252/13600,(1)停机过程,1,2025-06-28 13:15:15,2025-06-28 13:15:48,33,0.01
2679,L01,#9,GW252/13600,(4)启机状态,4,2025-06-28 13:10:16,2025-06-28 13:15:15,299,0.08
2680,L01,#9,GW252/13600,(3)待机状态,3,2025-06-28 13:09:01,2025-06-28 13:10:16,75,0.02
2681,L01,#9,GW252/13600,(2)停机状态,2,2025-06-28 13:07:59,2025-06-28 13:09:01,62,0.02
2682,L01,#9,GW252/13600,(1)停机过程,1,2025-06-28 13:07:29,2025-06-28 13:07:59,30,0.01
2683,L01,#9,GW252/13600,(4)启机状态,4,2025-06-28 13:02:29,2025-06-28 13:07:29,300,0.08
2684,L01,#9,GW252/13600,(3)待机状态,3,2025-06-28 12:59:47,2025-06-28 13:02:29,162,0.05
2685,L01,#9,GW252/13600,(2)停机状态,2,2025-06-28 12:54:11,2025-06-28 12:59:47,336,0.09
2686,L01,#9,GW252/13600,(1)停机过程,1,2025-06-28 12:53:14,2025-06-28 12:54:11,57,0.02
2687,L01,#9,GW252/13600,(5)发电状态,5,2025-06-28 11:13:14,2025-06-28 12:53:14,6000,1.67
2688,L01,#9,GW252/13600,(4)启机状态,4,2025-06-28 11:10:31,2025-06-28 11:13:14,163,0.05
2689,L01,#9,GW252/13600,(3)待机状态,3,2025-06-28 11:09:36,2025-06-28 11:10:31,55,0.02
2690,L01,#9,GW252/13600,(2)停机状态,2,2025-06-28 11:09:08,2025-06-28 11:09:36,28,0.01
2691,L01,#9,GW252/13600,(1)停机过程,1,2025-06-28 11:08:36,2025-06-28 11:09:08,32,0.01
2692,L01,#9,GW252/13600,(4)启机状态,4,2025-06-28 11:03:36,2025-06-28 11:08:36,300,0.08
2693,L01,#9,GW252/13600,(3)待机状态,3,2025-06-28 11:02:22,2025-06-28 11:03:36,74,0.02
2694,L01,#9,GW252/13600,(2)停机状态,2,2025-06-28 11:00:24,2025-06-28 11:02:22,118,0.03
2695,L01,#9,GW252/13600,(1)停机过程,1,2025-06-28 10:59:54,2025-06-28 11:00:24,30,0.01
2696,L01,#9,GW252/13600,(4)启机状态,4,2025-06-28 10:54:53,2025-06-28 10:59:54,301,0.08
2697,L01,#9,GW252/13600,(3)待机状态,3,2025-06-28 10:54:02,2025-06-28 10:54:53,51,0.01
2698,L01,#9,GW252/13600,(2)停机状态,2,2025-06-28 10:54:01,2025-06-28 10:54:02,1,0
2699,L01,#9,GW252/13600,(1)停机过程,1,2025-06-28 10:53:29,2025-06-28 10:54:01,32,0.01
2700,L01,#9,GW252/13600,(4)启机状态,4,2025-06-28 10:48:29,2025-06-28 10:53:29,300,0.08
2701,L01,#9,GW252/13600,(3)待机状态,3,2025-06-28 10:47:33,2025-06-28 10:48:29,56,0.02
2702,L01,#9,GW252/13600,(2)停机状态,2,2025-06-28 10:47:31,2025-06-28 10:47:33,2,0
2703,L01,#9,GW252/13600,(1)停机过程,1,2025-06-28 10:46:59,2025-06-28 10:47:31,32,0.01
2704,L01,#9,GW252/13600,(4)启机状态,4,2025-06-28 10:41:59,2025-06-28 10:46:59,300,0.08
2705,L01,#9,GW252/13600,(3)待机状态,3,2025-06-28 10:41:07,2025-06-28 10:41:59,52,0.01
2706,L01,#9,GW252/13600,(2)停机状态,2,2025-06-28 10:41:06,2025-06-28 10:41:07,1,0
2707,L01,#9,GW252/13600,(1)停机过程,1,2025-06-28 10:40:31,2025-06-28 10:41:06,35,0.01
2708,L01,#9,GW252/13600,(4)启机状态,4,2025-06-28 10:35:30,2025-06-28 10:40:31,301,0.08
2709,L01,#9,GW252/13600,(3)待机状态,3,2025-06-28 10:34:37,2025-06-28 10:35:30,53,0.01
2710,L01,#9,GW252/13600,(2)停机状态,2,2025-06-28 10:34:36,2025-06-28 10:34:37,1,0
2711,L01,#9,GW252/13600,(1)停机过程,1,2025-06-28 10:34:04,2025-06-28 10:34:36,32,0.01
2712,L01,#9,GW252/13600,(4)启机状态,4,2025-06-28 10:29:04,2025-06-28 10:34:04,300,0.08
2713,L01,#9,GW252/13600,(3)待机状态,3,2025-06-28 10:28:12,2025-06-28 10:29:04,52,0.01
2714,L01,#9,GW252/13600,(1)停机过程,1,2025-06-28 10:27:40,2025-06-28 10:28:12,32,0.01
2715,L01,#9,GW252/13600,(4)启机状态,4,2025-06-28 10:22:40,2025-06-28 10:27:40,300,0.08
2716,L01,#9,GW252/13600,(3)待机状态,3,2025-06-28 10:21:44,2025-06-28 10:22:40,56,0.02
2717,L01,#9,GW252/13600,(2)停机状态,2,2025-06-28 10:21:42,2025-06-28 10:21:44,2,0
2718,L01,#9,GW252/13600,(1)停机过程,1,2025-06-28 10:21:12,2025-06-28 10:21:42,30,0.01
2719,L01,#9,GW252/13600,(4)启机状态,4,2025-06-28 10:16:12,2025-06-28 10:21:12,300,0.08
2720,L01,#9,GW252/13600,(3)待机状态,3,2025-06-28 10:15:11,2025-06-28 10:16:12,61,0.02
2721,L01,#9,GW252/13600,(2)停机状态,2,2025-06-28 10:15:10,2025-06-28 10:15:11,1,0
2722,L01,#9,GW252/13600,(1)停机过程,1,2025-06-28 10:14:38,2025-06-28 10:15:10,32,0.01
2723,L01,#9,GW252/13600,(4)启机状态,4,2025-06-28 10:09:38,2025-06-28 10:14:38,300,0.08
2724,L01,#9,GW252/13600,(3)待机状态,3,2025-06-28 10:08:30,2025-06-28 10:09:38,68,0.02
2725,L01,#9,GW252/13600,(2)停机状态,2,2025-06-28 10:07:46,2025-06-28 10:08:30,44,0.01
2726,L01,#9,GW252/13600,(1)停机过程,1,2025-06-28 10:07:13,2025-06-28 10:07:46,33,0.01
2727,L01,#9,GW252/13600,(4)启机状态,4,2025-06-28 10:02:13,2025-06-28 10:07:13,300,0.08
2728,L01,#9,GW252/13600,(3)待机状态,3,2025-06-28 10:00:15,2025-06-28 10:02:13,118,0.03
2729,L01,#9,GW252/13600,(2)停机状态,2,2025-06-28 09:54:39,2025-06-28 10:00:15,336,0.09
2730,L01,#9,GW252/13600,(1)停机过程,1,2025-06-28 09:53:40,2025-06-28 09:54:39,59,0.02
2731,L01,#9,GW252/13600,(5)发电状态,5,2025-06-28 04:49:54,2025-06-28 09:53:40,18226,5.06
2732,L01,#9,GW252/13600,(4)启机状态,4,2025-06-28 04:45:39,2025-06-28 04:49:54,255,0.07
2733,L01,#9,GW252/13600,(3)待机状态,3,2025-06-28 04:44:43,2025-06-28 04:45:39,56,0.02
2734,L01,#9,GW252/13600,(2)停机状态,2,2025-06-28 04:44:42,2025-06-28 04:44:43,1,0
2735,L01,#9,GW252/13600,(1)停机过程,1,2025-06-28 04:44:11,2025-06-28 04:44:42,31,0.01
2736,L01,#9,GW252/13600,(4)启机状态,4,2025-06-28 04:39:11,2025-06-28 04:44:11,300,0.08
2737,L01,#9,GW252/13600,(3)待机状态,3,2025-06-28 04:38:11,2025-06-28 04:39:11,60,0.02
2738,L01,#9,GW252/13600,(2)停机状态,2,2025-06-28 04:38:09,2025-06-28 04:38:11,2,0
2739,L01,#9,GW252/13600,(1)停机过程,1,2025-06-28 04:37:37,2025-06-28 04:38:09,32,0.01
2740,L01,#9,GW252/13600,(4)启机状态,4,2025-06-28 04:32:37,2025-06-28 04:37:37,300,0.08
2741,L01,#9,GW252/13600,(3)待机状态,3,2025-06-28 04:31:41,2025-06-28 04:32:37,56,0.02
2742,L01,#9,GW252/13600,(2)停机状态,2,2025-06-28 04:31:36,2025-06-28 04:31:41,5,0
2743,L01,#9,GW252/13600,(1)停机过程,1,2025-06-28 04:31:05,2025-06-28 04:31:36,31,0.01
2744,L01,#9,GW252/13600,(4)启机状态,4,2025-06-28 04:26:05,2025-06-28 04:31:05,300,0.08
2745,L01,#9,GW252/13600,(3)待机状态,3,2025-06-28 04:25:06,2025-06-28 04:26:05,59,0.02
2746,L01,#9,GW252/13600,(2)停机状态,2,2025-06-28 04:25:00,2025-06-28 04:25:06,6,0
2747,L01,#9,GW252/13600,(1)停机过程,1,2025-06-28 04:24:28,2025-06-28 04:25:00,32,0.01
2748,L01,#9,GW252/13600,(4)启机状态,4,2025-06-28 04:19:27,2025-06-28 04:24:28,301,0.08
2749,L01,#9,GW252/13600,(3)待机状态,3,2025-06-28 04:18:22,2025-06-28 04:19:27,65,0.02
2750,L01,#9,GW252/13600,(2)停机状态,2,2025-06-28 04:17:41,2025-06-28 04:18:22,41,0.01
2751,L01,#9,GW252/13600,(1)停机过程,1,2025-06-28 04:17:08,2025-06-28 04:17:41,33,0.01
2752,L01,#9,GW252/13600,(4)启机状态,4,2025-06-28 04:12:08,2025-06-28 04:17:08,300,0.08
2753,L01,#9,GW252/13600,(3)待机状态,3,2025-06-28 04:11:10,2025-06-28 04:12:08,58,0.02
2754,L01,#9,GW252/13600,(2)停机状态,2,2025-06-28 04:09:40,2025-06-28 04:11:10,90,0.03
2755,L01,#9,GW252/13600,(1)停机过程,1,2025-06-28 04:09:09,2025-06-28 04:09:40,31,0.01
2756,L01,#9,GW252/13600,(4)启机状态,4,2025-06-28 04:04:09,2025-06-28 04:09:09,300,0.08
2757,L01,#9,GW252/13600,(3)待机状态,3,2025-06-28 04:03:06,2025-06-28 04:04:09,63,0.02
2758,L01,#9,GW252/13600,(1)停机过程,1,2025-06-28 04:02:33,2025-06-28 04:03:06,33,0.01
2759,L01,#9,GW252/13600,(4)启机状态,4,2025-06-28 03:57:33,2025-06-28 04:02:33,300,0.08
2760,L01,#9,GW252/13600,(3)待机状态,3,2025-06-28 03:56:27,2025-06-28 03:57:33,66,0.02
2761,L01,#9,GW252/13600,(2)停机状态,2,2025-06-28 03:56:00,2025-06-28 03:56:27,27,0.01
2762,L01,#9,GW252/13600,(1)停机过程,1,2025-06-28 03:55:03,2025-06-28 03:56:00,57,0.02
2763,L01,#9,GW252/13600,(5)发电状态,5,2025-06-28 02:23:37,2025-06-28 03:55:03,5486,1.52
2764,L01,#9,GW252/13600,(4)启机状态,4,2025-06-28 02:19:36,2025-06-28 02:23:37,241,0.07
2765,L01,#9,GW252/13600,(3)待机状态,3,2025-06-28 02:18:40,2025-06-28 02:19:36,56,0.02
2766,L01,#9,GW252/13600,(2)停机状态,2,2025-06-28 02:18:39,2025-06-28 02:18:40,1,0
2767,L01,#9,GW252/13600,(1)停机过程,1,2025-06-28 02:18:07,2025-06-28 02:18:39,32,0.01
2768,L01,#9,GW252/13600,(4)启机状态,4,2025-06-28 02:13:07,2025-06-28 02:18:07,300,0.08
2769,L01,#9,GW252/13600,(3)待机状态,3,2025-06-28 02:12:14,2025-06-28 02:13:07,53,0.01
2770,L01,#9,GW252/13600,(2)停机状态,2,2025-06-28 02:12:12,2025-06-28 02:12:14,2,0
2771,L01,#9,GW252/13600,(1)停机过程,1,2025-06-28 02:11:41,2025-06-28 02:12:12,31,0.01
2772,L01,#9,GW252/13600,(4)启机状态,4,2025-06-28 02:06:41,2025-06-28 02:11:41,300,0.08
2773,L01,#9,GW252/13600,(3)待机状态,3,2025-06-28 02:05:46,2025-06-28 02:06:41,55,0.02
2774,L01,#9,GW252/13600,(2)停机状态,2,2025-06-28 02:05:45,2025-06-28 02:05:46,1,0
2775,L01,#9,GW252/13600,(1)停机过程,1,2025-06-28 02:05:13,2025-06-28 02:05:45,32,0.01
2776,L01,#9,GW252/13600,(4)启机状态,4,2025-06-28 02:00:14,2025-06-28 02:05:13,299,0.08
2777,L01,#9,GW252/13600,(3)待机状态,3,2025-06-28 01:59:16,2025-06-28 02:00:14,58,0.02
2778,L01,#9,GW252/13600,(2)停机状态,2,2025-06-28 01:59:15,2025-06-28 01:59:16,1,0
2779,L01,#9,GW252/13600,(1)停机过程,1,2025-06-28 01:58:43,2025-06-28 01:59:15,32,0.01
2780,L01,#9,GW252/13600,(4)启机状态,4,2025-06-28 01:53:43,2025-06-28 01:58:43,300,0.08
2781,L01,#9,GW252/13600,(3)待机状态,3,2025-06-28 01:52:43,2025-06-28 01:53:43,60,0.02
2782,L01,#9,GW252/13600,(2)停机状态,2,2025-06-28 01:52:40,2025-06-28 01:52:43,3,0
2783,L01,#9,GW252/13600,(1)停机过程,1,2025-06-28 01:52:09,2025-06-28 01:52:40,31,0.01
2784,L01,#9,GW252/13600,(4)启机状态,4,2025-06-28 01:47:09,2025-06-28 01:52:09,300,0.08
2785,L01,#9,GW252/13600,(3)待机状态,3,2025-06-28 01:46:14,2025-06-28 01:47:09,55,0.02
2786,L01,#9,GW252/13600,(2)停机状态,2,2025-06-28 01:46:13,2025-06-28 01:46:14,1,0
2787,L01,#9,GW252/13600,(1)停机过程,1,2025-06-28 01:45:42,2025-06-28 01:46:13,31,0.01
2788,L01,#9,GW252/13600,(4)启机状态,4,2025-06-28 01:40:41,2025-06-28 01:45:42,301,0.08
2789,L01,#9,GW252/13600,(3)待机状态,3,2025-06-28 01:39:46,2025-06-28 01:40:41,55,0.02
2790,L01,#9,GW252/13600,(2)停机状态,2,2025-06-28 01:39:45,2025-06-28 01:39:46,1,0
2791,L01,#9,GW252/13600,(1)停机过程,1,2025-06-28 01:39:13,2025-06-28 01:39:45,32,0.01
2792,L01,#9,GW252/13600,(4)启机状态,4,2025-06-28 01:34:13,2025-06-28 01:39:13,300,0.08
2793,L01,#9,GW252/13600,(3)待机状态,3,2025-06-28 01:33:00,2025-06-28 01:34:13,73,0.02
2794,L01,#9,GW252/13600,(2)停机状态,2,2025-06-28 01:32:58,2025-06-28 01:33:00,2,0
2795,L01,#9,GW252/13600,(1)停机过程,1,2025-06-28 01:32:28,2025-06-28 01:32:58,30,0.01
2796,L01,#9,GW252/13600,(4)启机状态,4,2025-06-28 01:27:28,2025-06-28 01:32:28,300,0.08
2797,L01,#9,GW252/13600,(3)待机状态,3,2025-06-28 01:26:27,2025-06-28 01:27:28,61,0.02
2798,L01,#9,GW252/13600,(1)停机过程,1,2025-06-28 01:25:55,2025-06-28 01:26:27,32,0.01
2799,L01,#9,GW252/13600,(4)启机状态,4,2025-06-28 01:20:55,2025-06-28 01:25:55,300,0.08
2800,L01,#9,GW252/13600,(3)待机状态,3,2025-06-28 01:19:45,2025-06-28 01:20:55,70,0.02
2801,L01,#9,GW252/13600,(2)停机状态,2,2025-06-28 00:42:44,2025-06-28 01:19:45,2221,0.62
2802,L01,#9,GW252/13600,(1)停机过程,1,2025-06-28 00:42:11,2025-06-28 00:42:44,33,0.01
2803,L01,#9,GW252/13600,(4)启机状态,4,2025-06-28 00:37:11,2025-06-28 00:42:11,300,0.08
2804,L01,#9,GW252/13600,(3)待机状态,3,2025-06-28 00:35:59,2025-06-28 00:37:11,72,0.02
2805,L01,#9,GW252/13600,(2)停机状态,2,2025-06-28 00:32:56,2025-06-28 00:35:59,183,0.05
2806,L01,#9,GW252/13600,(1)停机过程,1,2025-06-28 00:31:58,2025-06-28 00:32:56,58,0.02
2807,L01,#9,GW252/13600,(5)发电状态,5,2025-06-25 17:50:07,2025-06-28 00:31:58,196911,54.7
2808,L01,#9,GW252/13600,(4)启机状态,4,2025-06-25 17:49:08,2025-06-25 17:50:07,59,0.02
2809,L01,#9,GW252/13600,(3)待机状态,3,2025-06-25 17:48:25,2025-06-25 17:49:08,43,0.01
2810,L01,#9,GW252/13600,(2)停机状态,2,2025-06-25 17:47:05,2025-06-25 17:48:25,80,0.02
2811,L01,#9,GW252/13600,(1)停机过程,1,2025-06-25 17:46:55,2025-06-25 17:47:05,10,0
2812,L01,#9,GW252/13600,(9)维护状态,9,2025-06-25 17:46:19,2025-06-25 17:46:55,36,0.01
2813,L01,#9,GW252/13600,(2)停机状态,2,2025-06-25 17:45:29,2025-06-25 17:46:19,50,0.01
2814,L01,#9,GW252/13600,(1)停机过程,1,2025-06-25 17:45:24,2025-06-25 17:45:29,5,0
2815,L01,#9,GW252/13600,(2)停机状态,2,2025-06-25 17:41:53,2025-06-25 17:45:24,211,0.06
2816,L01,#9,GW252/13600,(1)停机过程,1,2025-06-25 17:41:48,2025-06-25 17:41:53,5,0
2817,L01,#9,GW252/13600,(9)维护状态,9,2025-06-25 07:33:25,2025-06-25 17:41:48,36503,10.14
2818,L01,#9,GW252/13600,(2)停机状态,2,2025-06-25 07:32:37,2025-06-25 07:33:25,48,0.01
2819,L01,#9,GW252/13600,(1)停机过程,1,2025-06-25 07:32:06,2025-06-25 07:32:37,31,0.01
2820,L01,#9,GW252/13600,(4)启机状态,4,2025-06-25 07:27:47,2025-06-25 07:32:06,259,0.07
2821,L01,#9,GW252/13600,(3)待机状态,3,2025-06-25 07:26:39,2025-06-25 07:27:47,68,0.02
2822,L01,#9,GW252/13600,(2)停机状态,2,2025-06-25 07:26:38,2025-06-25 07:26:39,1,0
2823,L01,#9,GW252/13600,(1)停机过程,1,2025-06-25 07:26:07,2025-06-25 07:26:38,31,0.01
2824,L01,#9,GW252/13600,(4)启机状态,4,2025-06-25 07:21:07,2025-06-25 07:26:07,300,0.08
2825,L01,#9,GW252/13600,(3)待机状态,3,2025-06-25 07:19:59,2025-06-25 07:21:07,68,0.02
2826,L01,#9,GW252/13600,(2)停机状态,2,2025-06-25 07:19:06,2025-06-25 07:19:59,53,0.01
2827,L01,#9,GW252/13600,(1)停机过程,1,2025-06-25 07:18:34,2025-06-25 07:19:06,32,0.01
2828,L01,#9,GW252/13600,(4)启机状态,4,2025-06-25 07:13:33,2025-06-25 07:18:34,301,0.08
2829,L01,#9,GW252/13600,(3)待机状态,3,2025-06-25 07:12:30,2025-06-25 07:13:33,63,0.02
2830,L01,#9,GW252/13600,(2)停机状态,2,2025-06-25 07:12:29,2025-06-25 07:12:30,1,0
2831,L01,#9,GW252/13600,(1)停机过程,1,2025-06-25 07:11:57,2025-06-25 07:12:29,32,0.01
2832,L01,#9,GW252/13600,(4)启机状态,4,2025-06-25 07:06:58,2025-06-25 07:11:57,299,0.08
2833,L01,#9,GW252/13600,(3)待机状态,3,2025-06-25 07:05:56,2025-06-25 07:06:58,62,0.02
2834,L01,#9,GW252/13600,(2)停机状态,2,2025-06-25 07:05:54,2025-06-25 07:05:56,2,0
2835,L01,#9,GW252/13600,(1)停机过程,1,2025-06-25 07:05:24,2025-06-25 07:05:54,30,0.01
2836,L01,#9,GW252/13600,(4)启机状态,4,2025-06-25 07:00:24,2025-06-25 07:05:24,300,0.08
2837,L01,#9,GW252/13600,(3)待机状态,3,2025-06-25 06:59:22,2025-06-25 07:00:24,62,0.02
2838,L01,#9,GW252/13600,(2)停机状态,2,2025-06-25 06:21:21,2025-06-25 06:59:22,2281,0.63
2839,L01,#9,GW252/13600,(1)停机过程,1,2025-06-25 06:20:50,2025-06-25 06:21:21,31,0.01
2840,L01,#9,GW252/13600,(4)启机状态,4,2025-06-25 06:15:50,2025-06-25 06:20:50,300,0.08
2841,L01,#9,GW252/13600,(3)待机状态,3,2025-06-25 06:14:36,2025-06-25 06:15:50,74,0.02
2842,L01,#9,GW252/13600,(2)停机状态,2,2025-06-25 06:13:01,2025-06-25 06:14:36,95,0.03
2843,L01,#9,GW252/13600,(1)停机过程,1,2025-06-25 06:12:30,2025-06-25 06:13:01,31,0.01
2844,L01,#9,GW252/13600,(4)启机状态,4,2025-06-25 06:07:30,2025-06-25 06:12:30,300,0.08
2845,L01,#9,GW252/13600,(3)待机状态,3,2025-06-25 06:06:19,2025-06-25 06:07:30,71,0.02
2846,L01,#9,GW252/13600,(2)停机状态,2,2025-06-25 06:06:17,2025-06-25 06:06:19,2,0
2847,L01,#9,GW252/13600,(1)停机过程,1,2025-06-25 06:05:44,2025-06-25 06:06:17,33,0.01
2848,L01,#9,GW252/13600,(4)启机状态,4,2025-06-25 06:00:44,2025-06-25 06:05:44,300,0.08
2849,L01,#9,GW252/13600,(3)待机状态,3,2025-06-25 05:59:28,2025-06-25 06:00:44,76,0.02
2850,L01,#9,GW252/13600,(2)停机状态,2,2025-06-25 05:57:43,2025-06-25 05:59:28,105,0.03
2851,L01,#9,GW252/13600,(1)停机过程,1,2025-06-25 05:57:11,2025-06-25 05:57:43,32,0.01
2852,L01,#9,GW252/13600,(4)启机状态,4,2025-06-25 05:52:12,2025-06-25 05:57:11,299,0.08
2853,L01,#9,GW252/13600,(3)待机状态,3,2025-06-25 05:50:59,2025-06-25 05:52:12,73,0.02
2854,L01,#9,GW252/13600,(1)停机过程,1,2025-06-25 05:50:27,2025-06-25 05:50:59,32,0.01
2855,L01,#9,GW252/13600,(4)启机状态,4,2025-06-25 05:45:27,2025-06-25 05:50:27,300,0.08
2856,L01,#9,GW252/13600,(3)待机状态,3,2025-06-25 05:43:32,2025-06-25 05:45:27,115,0.03
2857,L01,#9,GW252/13600,(2)停机状态,2,2025-06-25 05:39:44,2025-06-25 05:43:32,228,0.06
2858,L01,#9,GW252/13600,(1)停机过程,1,2025-06-25 05:39:13,2025-06-25 05:39:44,31,0.01
2859,L01,#9,GW252/13600,(4)启机状态,4,2025-06-25 05:34:12,2025-06-25 05:39:13,301,0.08
2860,L01,#9,GW252/13600,(3)待机状态,3,2025-06-25 05:28:58,2025-06-25 05:34:12,314,0.09
2861,L01,#9,GW252/13600,(2)停机状态,2,2025-06-25 05:23:21,2025-06-25 05:28:58,337,0.09
2862,L01,#9,GW252/13600,(1)停机过程,1,2025-06-25 05:22:49,2025-06-25 05:23:21,32,0.01
2863,L01,#9,GW252/13600,(4)启机状态,4,2025-06-25 05:17:49,2025-06-25 05:22:49,300,0.08
2864,L01,#9,GW252/13600,(3)待机状态,3,2025-06-25 05:15:20,2025-06-25 05:17:49,149,0.04
2865,L01,#9,GW252/13600,(2)停机状态,2,2025-06-25 05:13:12,2025-06-25 05:15:20,128,0.04
2866,L01,#9,GW252/13600,(1)停机过程,1,2025-06-25 05:12:41,2025-06-25 05:13:12,31,0.01
2867,L01,#9,GW252/13600,(4)启机状态,4,2025-06-25 05:07:41,2025-06-25 05:12:41,300,0.08
2868,L01,#9,GW252/13600,(3)待机状态,3,2025-06-25 04:54:11,2025-06-25 05:07:41,810,0.23
2869,L01,#9,GW252/13600,(2)停机状态,2,2025-06-25 04:48:34,2025-06-25 04:54:11,337,0.09
2870,L01,#9,GW252/13600,(1)停机过程,1,2025-06-25 04:48:03,2025-06-25 04:48:34,31,0.01
2871,L01,#9,GW252/13600,(4)启机状态,4,2025-06-25 04:43:03,2025-06-25 04:48:03,300,0.08
2872,L01,#9,GW252/13600,(3)待机状态,3,2025-06-25 04:24:10,2025-06-25 04:43:03,1133,0.31
2873,L01,#9,GW252/13600,(2)停机状态,2,2025-06-25 03:46:11,2025-06-25 04:24:10,2279,0.63
2874,L01,#9,GW252/13600,(1)停机过程,1,2025-06-25 03:45:15,2025-06-25 03:46:11,56,0.02
2875,L01,#9,GW252/13600,(5)发电状态,5,2025-06-22 11:07:26,2025-06-25 03:45:15,232669,64.63
2876,L01,#9,GW252/13600,(4)启机状态,4,2025-06-22 11:06:33,2025-06-22 11:07:26,53,0.01
2877,L01,#9,GW252/13600,(3)待机状态,3,2025-06-22 11:05:53,2025-06-22 11:06:33,40,0.01
2878,L01,#9,GW252/13600,(2)停机状态,2,2025-06-22 11:05:52,2025-06-22 11:05:53,1,0
2879,L01,#9,GW252/13600,(1)停机过程,1,2025-06-22 11:04:45,2025-06-22 11:05:52,67,0.02
2880,L01,#9,GW252/13600,(5)发电状态,5,2025-06-15 11:04:36,2025-06-22 11:04:45,604809,168
2881,L01,#9,GW252/13600,(4)启机状态,4,2025-06-15 11:03:57,2025-06-15 11:04:36,39,0.01
2882,L01,#9,GW252/13600,(3)待机状态,3,2025-06-15 11:03:22,2025-06-15 11:03:57,35,0.01
2883,L01,#9,GW252/13600,(2)停机状态,2,2025-06-15 11:01:45,2025-06-15 11:03:22,97,0.03
2884,L01,#9,GW252/13600,(1)停机过程,1,2025-06-15 11:01:35,2025-06-15 11:01:45,10,0
2885,L01,#9,GW252/13600,(9)维护状态,9,2025-06-15 10:59:45,2025-06-15 11:01:35,110,0.03
2886,L01,#9,GW252/13600,(2)停机状态,2,2025-06-15 10:55:48,2025-06-15 10:59:45,237,0.07
2887,L01,#9,GW252/13600,(1)停机过程,1,2025-06-15 10:54:53,2025-06-15 10:55:48,55,0.02
2888,L01,#9,GW252/13600,(5)发电状态,5,2025-06-14 21:59:37,2025-06-15 10:54:53,46516,12.92
2889,L01,#9,GW252/13600,(4)启机状态,4,2025-06-14 21:59:04,2025-06-14 21:59:37,33,0.01
2890,L01,#9,GW252/13600,(3)待机状态,3,2025-06-14 21:58:33,2025-06-14 21:59:04,31,0.01
2891,L01,#9,GW252/13600,(2)停机状态,2,2025-06-14 21:58:26,2025-06-14 21:58:33,7,0
2892,L01,#9,GW252/13600,(1)停机过程,1,2025-06-14 21:58:16,2025-06-14 21:58:26,10,0
2893,L01,#9,GW252/13600,(9)维护状态,9,2025-06-14 21:57:52,2025-06-14 21:58:16,24,0.01
2894,L01,#9,GW252/13600,(2)停机状态,2,2025-06-14 13:07:39,2025-06-14 21:57:52,31813,8.84
2895,L01,#9,GW252/13600,(1)停机过程,1,2025-06-14 13:06:18,2025-06-14 13:07:39,81,0.02
2896,L01,#9,GW252/13600,(5)发电状态,5,2025-06-14 08:20:16,2025-06-14 13:06:18,17162,4.77
2897,L01,#9,GW252/13600,(4)启机状态,4,2025-06-14 08:19:44,2025-06-14 08:20:16,32,0.01
2898,L01,#9,GW252/13600,(3)待机状态,3,2025-06-14 08:19:13,2025-06-14 08:19:44,31,0.01
2899,L01,#9,GW252/13600,(2)停机状态,2,2025-06-14 07:45:46,2025-06-14 08:19:13,2007,0.56
2900,L01,#9,GW252/13600,(1)停机过程,1,2025-06-14 07:44:25,2025-06-14 07:45:46,81,0.02
2901,L01,#9,GW252/13600,(5)发电状态,5,2025-06-10 23:15:11,2025-06-14 07:44:25,289754,80.49
2902,L01,#9,GW252/13600,(4)启机状态,4,2025-06-10 23:14:28,2025-06-10 23:15:11,43,0.01
2903,L01,#9,GW252/13600,(3)待机状态,3,2025-06-10 23:13:47,2025-06-10 23:14:28,41,0.01
2904,L01,#9,GW252/13600,(2)停机状态,2,2025-06-10 23:13:42,2025-06-10 23:13:47,5,0
2905,L01,#9,GW252/13600,(1)停机过程,1,2025-06-10 23:13:31,2025-06-10 23:13:42,11,0
2906,L01,#9,GW252/13600,(9)维护状态,9,2025-06-10 21:23:02,2025-06-10 23:13:31,6629,1.84
2907,L01,#9,GW252/13600,(2)停机状态,2,2025-06-10 21:22:11,2025-06-10 21:23:02,51,0.01
2908,L01,#9,GW252/13600,(0)初始化,0,2025-06-10 21:20:59,2025-06-10 21:22:11,72,0.02
2909,L01,#9,GW252/13600,(9)维护状态,9,2025-01-01 00:00:00,2025-06-10 21:20:59,13900859,3861.35
